ISO-10303-21;
HEADER;
/*Generated by software containing ST-Developer
 * from STEP Tools, Inc. (www.steptools.com) 
 */
/*OPTION: using custom renumber hook */
/*description */
/*implementation_level */
FILE_DESCRIPTION(('STEP AP242 Edition 2','STEP AP242 Edition 2''CAx-IF Rec.Pracs.---Representation and Presentation of Product Manufa
cturing Information (PMI)---4.0---2014-10-13','STEP AP242 Edition 2''CAx-IF Rec.Pracs.---Representation and Presentation of Product Manufa
cturing Information (PMI)---4.0---2014-10-13''CAx-IF Rec.Pracs.---3D Tessellated Geometry---0.4---2014-09-14','STEP AP242 Edition 2''CAx-IF Rec.Pracs.---Representation and Presentation of Product Manufa
cturing Information (PMI)---4.0---2014-10-13''CAx-IF Rec.Pracs.---3D Tessellated Geometry---0.4---2014-09-14''2;1','STEP AP242 Edition 2''CAx-IF Rec.Pracs.---Representation and Presentation of Product Manufa
cturing Information (PMI)---4.0---2014-10-13''CAx-IF Rec.Pracs.---3D Tessellated Geometry---0.4---2014-09-14''2;1''CAx-IF Rec.Pracs.---User Defined Attributes---1.5---2016-08-15'),'2;1');
/*name */
/*time_stamp */
/*author */
/*organization */
/*preprocessor_version */
/*originating_system */
/*authorisation */
FILE_NAME('/vol/tmp/translate-5820981662713976124/3 parts - Part 11.step','2026-03-24T16:14:04',(''),(''),'ST-DEVELOPER v20','ONSHAPE BY PTC INC, 1.212','  ');
FILE_SCHEMA(('AP242_MANAGED_MODEL_BASED_3D_ENGINEERING_MIM_LF { 1 0 10303 442 3 1 4 }'));
ENDSEC;
DATA;
#10=SHAPE_REPRESENTATION_RELATIONSHIP('','',#3155,#11);
#11=ADVANCED_BREP_SHAPE_REPRESENTATION('',(#3153),#5327);
#12=B_SPLINE_CURVE_WITH_KNOTS('',3,(#5041,#5042,#5043,#5044),.UNSPECIFIED.,.F.,.F.,(4,4),(0.,1.),.UNSPECIFIED.);
#13=B_SPLINE_CURVE_WITH_KNOTS('',3,(#5182,#5183,#5184,#5185),.UNSPECIFIED.,.F.,.F.,(4,4),(0.,1.),.UNSPECIFIED.);
#14=B_SPLINE_CURVE_WITH_KNOTS('',3,(#5187,#5188,#5189,#5190),.UNSPECIFIED.,.F.,.F.,(4,4),(0.,1.),.UNSPECIFIED.);
#15=B_SPLINE_CURVE_WITH_KNOTS('',3,(#5192,#5193,#5194,#5195),.UNSPECIFIED.,.F.,.F.,(4,4),(0.,1.),.UNSPECIFIED.);
#16=CIRCLE('',#3159,0.0438354);
#17=CIRCLE('',#3160,0.0438354);
#18=CIRCLE('',#3162,0.001524);
#19=CIRCLE('',#3163,0.001524);
#20=CIRCLE('',#3164,0.0438354);
#21=CIRCLE('',#3165,0.00261463798932782);
#22=CIRCLE('',#3166,0.00174331982914652);
#23=CIRCLE('',#3167,0.0488354000000034);
#24=CIRCLE('',#3168,0.00475002266045661);
#25=CIRCLE('',#3169,0.00475002266045661);
#26=CIRCLE('',#3170,0.0488354000000034);
#27=CIRCLE('',#3171,0.00174331982914652);
#28=CIRCLE('',#3172,0.00261463798932782);
#29=CIRCLE('',#3173,0.045);
#30=CIRCLE('',#3174,0.047);
#31=CIRCLE('',#3175,0.0374395993630918);
#32=CIRCLE('',#3176,0.0374395993630918);
#33=CIRCLE('',#3177,0.047);
#34=CIRCLE('',#3178,0.045);
#35=CIRCLE('',#3179,0.047);
#36=CIRCLE('',#3180,0.0374395993630918);
#37=CIRCLE('',#3181,0.0374395993630918);
#38=CIRCLE('',#3182,0.047);
#39=CIRCLE('',#3183,0.000393689396845749);
#40=CIRCLE('',#3184,0.00100965189198746);
#41=CIRCLE('',#3185,0.00100965189198746);
#42=CIRCLE('',#3186,0.00254);
#43=CIRCLE('',#3187,0.045207);
#44=CIRCLE('',#3188,0.045207);
#45=CIRCLE('',#3189,0.00174331982914653);
#46=CIRCLE('',#3190,0.00261463798932774);
#47=CIRCLE('',#3191,0.0438354);
#48=CIRCLE('',#3192,0.00148048877351159);
#49=CIRCLE('',#3193,0.00475002266045659);
#50=CIRCLE('',#3194,0.0488354000000076);
#51=CIRCLE('',#3195,0.0023527011077349);
#52=CIRCLE('',#3196,0.0023527011077349);
#53=CIRCLE('',#3197,0.0023527011077349);
#54=CIRCLE('',#3198,0.04);
#55=CIRCLE('',#3199,0.04);
#56=CIRCLE('',#3200,0.0023527011077349);
#57=CIRCLE('',#3201,0.0023527011077349);
#58=CIRCLE('',#3202,0.00235270110773491);
#59=CIRCLE('',#3203,0.0023527011077349);
#60=CIRCLE('',#3204,0.00235270110773491);
#61=CIRCLE('',#3205,0.0023527011077349);
#62=CIRCLE('',#3206,0.00600946039945911);
#63=CIRCLE('',#3207,0.00600946039945911);
#64=CIRCLE('',#3208,0.00600946039945911);
#65=CIRCLE('',#3209,0.00600946039945911);
#66=CIRCLE('',#3210,0.045207);
#67=CIRCLE('',#3211,0.045207);
#68=CIRCLE('',#3212,0.00174331982914653);
#69=CIRCLE('',#3213,0.0488354000000076);
#70=CIRCLE('',#3214,0.00475002266045659);
#71=CIRCLE('',#3215,0.00148048877351159);
#72=CIRCLE('',#3216,0.0438354);
#73=CIRCLE('',#3217,0.00261463798932774);
#74=CIRCLE('',#3218,0.0023527011077349);
#75=CIRCLE('',#3219,0.0023527011077349);
#76=CIRCLE('',#3220,0.0023527011077349);
#77=CIRCLE('',#3221,0.04);
#78=CIRCLE('',#3222,0.04);
#79=CIRCLE('',#3223,0.0023527011077349);
#80=CIRCLE('',#3224,0.00235270110773491);
#81=CIRCLE('',#3225,0.0023527011077349);
#82=CIRCLE('',#3226,0.0023527011077349);
#83=CIRCLE('',#3227,0.0023527011077349);
#84=CIRCLE('',#3228,0.00235270110773491);
#85=CIRCLE('',#3229,0.001143);
#86=CIRCLE('',#3230,0.001143);
#87=CIRCLE('',#3231,0.001143);
#88=CIRCLE('',#3232,0.001143);
#89=CIRCLE('',#3233,0.001143);
#90=CIRCLE('',#3234,0.001143);
#91=CIRCLE('',#3235,0.001143);
#92=CIRCLE('',#3236,0.001143);
#93=CIRCLE('',#3237,0.001143);
#94=CIRCLE('',#3238,0.001143);
#95=CIRCLE('',#3239,0.001143);
#96=CIRCLE('',#3240,0.001143);
#97=CIRCLE('',#3241,0.001143);
#98=CIRCLE('',#3242,0.001143);
#99=CIRCLE('',#3243,0.001143);
#100=CIRCLE('',#3244,0.001143);
#101=CIRCLE('',#3245,0.0009198102);
#102=CIRCLE('',#3246,0.0009198102);
#103=CIRCLE('',#3247,0.0009198102);
#104=CIRCLE('',#3248,0.0009198102);
#105=CIRCLE('',#3249,0.004754);
#106=CIRCLE('',#3250,0.004754);
#107=CIRCLE('',#3252,0.001524);
#108=CIRCLE('',#3253,0.001524);
#109=CIRCLE('',#3254,0.0438354);
#110=CIRCLE('',#3255,0.00475002266045661);
#111=CIRCLE('',#3256,0.0488354000000034);
#112=CIRCLE('',#3257,0.00174331982914652);
#113=CIRCLE('',#3258,0.00261463798932782);
#114=CIRCLE('',#3259,0.045);
#115=CIRCLE('',#3260,0.047);
#116=CIRCLE('',#3261,0.0374395993630918);
#117=CIRCLE('',#3262,0.0374395993630918);
#118=CIRCLE('',#3263,0.047);
#119=CIRCLE('',#3264,0.045);
#120=CIRCLE('',#3265,0.047);
#121=CIRCLE('',#3266,0.0374395993630918);
#122=CIRCLE('',#3267,0.0374395993630918);
#123=CIRCLE('',#3268,0.047);
#124=CIRCLE('',#3269,0.00600946039945911);
#125=CIRCLE('',#3270,0.00600946039945911);
#126=CIRCLE('',#3271,0.00600946039945911);
#127=CIRCLE('',#3272,0.00600946039945911);
#128=CIRCLE('',#3273,0.00254);
#129=CIRCLE('',#3274,0.045207);
#130=CIRCLE('',#3275,0.045207);
#131=CIRCLE('',#3276,0.0488354000000076);
#132=CIRCLE('',#3277,0.00475002266045659);
#133=CIRCLE('',#3278,0.00148048877351159);
#134=CIRCLE('',#3279,0.0438354);
#135=CIRCLE('',#3280,0.00261463798932774);
#136=CIRCLE('',#3281,0.00174331982914653);
#137=CIRCLE('',#3282,0.0023527011077349);
#138=CIRCLE('',#3283,0.0023527011077349);
#139=CIRCLE('',#3284,0.0023527011077349);
#140=CIRCLE('',#3285,0.0023527011077349);
#141=CIRCLE('',#3286,0.00235270110773491);
#142=CIRCLE('',#3287,0.0023527011077349);
#143=CIRCLE('',#3288,0.04);
#144=CIRCLE('',#3289,0.04);
#145=CIRCLE('',#3290,0.0023527011077349);
#146=CIRCLE('',#3291,0.0023527011077349);
#147=CIRCLE('',#3292,0.00235270110773491);
#148=CIRCLE('',#3293,0.00100965189198746);
#149=CIRCLE('',#3294,0.00100965189198746);
#150=CIRCLE('',#3295,0.000393689396845749);
#151=CIRCLE('',#3296,0.00261463798932782);
#152=CIRCLE('',#3297,0.00174331982914652);
#153=CIRCLE('',#3298,0.0488354000000034);
#154=CIRCLE('',#3299,0.00475002266045661);
#155=CIRCLE('',#3300,0.045207);
#156=CIRCLE('',#3301,0.045207);
#157=CIRCLE('',#3302,0.0488354000000076);
#158=CIRCLE('',#3303,0.00174331982914653);
#159=CIRCLE('',#3304,0.00261463798932774);
#160=CIRCLE('',#3305,0.0438354);
#161=CIRCLE('',#3306,0.00148048877351159);
#162=CIRCLE('',#3307,0.00475002266045659);
#163=CIRCLE('',#3308,0.0023527011077349);
#164=CIRCLE('',#3309,0.0023527011077349);
#165=CIRCLE('',#3310,0.0023527011077349);
#166=CIRCLE('',#3311,0.0023527011077349);
#167=CIRCLE('',#3312,0.00235270110773491);
#168=CIRCLE('',#3313,0.0023527011077349);
#169=CIRCLE('',#3314,0.04);
#170=CIRCLE('',#3315,0.04);
#171=CIRCLE('',#3316,0.00235270110773491);
#172=CIRCLE('',#3317,0.0023527011077349);
#173=CIRCLE('',#3318,0.0023527011077349);
#174=CIRCLE('',#3319,0.001143);
#175=CIRCLE('',#3320,0.001143);
#176=CIRCLE('',#3321,0.001143);
#177=CIRCLE('',#3322,0.001143);
#178=CIRCLE('',#3323,0.001143);
#179=CIRCLE('',#3324,0.001143);
#180=CIRCLE('',#3325,0.001143);
#181=CIRCLE('',#3326,0.001143);
#182=CIRCLE('',#3327,0.001143);
#183=CIRCLE('',#3328,0.001143);
#184=CIRCLE('',#3329,0.001143);
#185=CIRCLE('',#3330,0.001143);
#186=CIRCLE('',#3331,0.001143);
#187=CIRCLE('',#3332,0.001143);
#188=CIRCLE('',#3333,0.001143);
#189=CIRCLE('',#3334,0.001143);
#190=CIRCLE('',#3335,0.004754);
#191=CIRCLE('',#3336,0.004754);
#192=CIRCLE('',#3337,0.0009198102);
#193=CIRCLE('',#3338,0.0009198102);
#194=CIRCLE('',#3339,0.0009198102);
#195=CIRCLE('',#3340,0.0009198102);
#196=CYLINDRICAL_SURFACE('',#3158,0.0438354);
#197=CYLINDRICAL_SURFACE('',#3342,0.045);
#198=CYLINDRICAL_SURFACE('',#3343,0.00100965189198746);
#199=CYLINDRICAL_SURFACE('',#3344,0.000393689396845749);
#200=CYLINDRICAL_SURFACE('',#3345,0.0374395993630918);
#201=CYLINDRICAL_SURFACE('',#3347,0.047);
#202=CYLINDRICAL_SURFACE('',#3349,0.045);
#203=CYLINDRICAL_SURFACE('',#3350,0.04);
#204=CYLINDRICAL_SURFACE('',#3353,0.047);
#205=CYLINDRICAL_SURFACE('',#3355,0.00600946039945911);
#206=CYLINDRICAL_SURFACE('',#3358,0.00600946039945911);
#207=CYLINDRICAL_SURFACE('',#3360,0.04);
#208=CYLINDRICAL_SURFACE('',#3361,0.0374395993630918);
#209=CYLINDRICAL_SURFACE('',#3363,0.0023527011077349);
#210=CYLINDRICAL_SURFACE('',#3365,0.00235270110773491);
#211=CYLINDRICAL_SURFACE('',#3367,0.0023527011077349);
#212=CYLINDRICAL_SURFACE('',#3369,0.00254);
#213=CYLINDRICAL_SURFACE('',#3371,0.0023527011077349);
#214=CYLINDRICAL_SURFACE('',#3373,0.0023527011077349);
#215=CYLINDRICAL_SURFACE('',#3375,0.0023527011077349);
#216=CYLINDRICAL_SURFACE('',#3376,0.0023527011077349);
#217=CYLINDRICAL_SURFACE('',#3378,0.0023527011077349);
#218=CYLINDRICAL_SURFACE('',#3380,0.00235270110773491);
#219=CYLINDRICAL_SURFACE('',#3382,0.0488354000000076);
#220=CYLINDRICAL_SURFACE('',#3383,0.00475002266045659);
#221=CYLINDRICAL_SURFACE('',#3385,0.00148048877351159);
#222=CYLINDRICAL_SURFACE('',#3386,0.0438354);
#223=CYLINDRICAL_SURFACE('',#3387,0.00261463798932774);
#224=CYLINDRICAL_SURFACE('',#3389,0.00174331982914653);
#225=CYLINDRICAL_SURFACE('',#3393,0.045207);
#226=CYLINDRICAL_SURFACE('',#3396,0.045207);
#227=CYLINDRICAL_SURFACE('',#3398,0.0438354);
#228=CYLINDRICAL_SURFACE('',#3399,0.00261463798932782);
#229=CYLINDRICAL_SURFACE('',#3401,0.00475002266045661);
#230=CYLINDRICAL_SURFACE('',#3402,0.0488354000000034);
#231=CYLINDRICAL_SURFACE('',#3403,0.00174331982914652);
#232=CYLINDRICAL_SURFACE('',#3405,0.00100965189198746);
#233=CYLINDRICAL_SURFACE('',#3406,0.0374395993630918);
#234=CYLINDRICAL_SURFACE('',#3408,0.047);
#235=CYLINDRICAL_SURFACE('',#3410,0.04);
#236=CYLINDRICAL_SURFACE('',#3413,0.047);
#237=CYLINDRICAL_SURFACE('',#3415,0.00600946039945911);
#238=CYLINDRICAL_SURFACE('',#3416,0.00600946039945911);
#239=CYLINDRICAL_SURFACE('',#3418,0.04);
#240=CYLINDRICAL_SURFACE('',#3419,0.0374395993630918);
#241=CYLINDRICAL_SURFACE('',#3421,0.0023527011077349);
#242=CYLINDRICAL_SURFACE('',#3423,0.00235270110773491);
#243=CYLINDRICAL_SURFACE('',#3425,0.0023527011077349);
#244=CYLINDRICAL_SURFACE('',#3428,0.0023527011077349);
#245=CYLINDRICAL_SURFACE('',#3430,0.0023527011077349);
#246=CYLINDRICAL_SURFACE('',#3432,0.0023527011077349);
#247=CYLINDRICAL_SURFACE('',#3433,0.0023527011077349);
#248=CYLINDRICAL_SURFACE('',#3435,0.0023527011077349);
#249=CYLINDRICAL_SURFACE('',#3437,0.00235270110773491);
#250=CYLINDRICAL_SURFACE('',#3439,0.00174331982914653);
#251=CYLINDRICAL_SURFACE('',#3441,0.00261463798932774);
#252=CYLINDRICAL_SURFACE('',#3442,0.0438354);
#253=CYLINDRICAL_SURFACE('',#3443,0.00148048877351159);
#254=CYLINDRICAL_SURFACE('',#3445,0.00475002266045659);
#255=CYLINDRICAL_SURFACE('',#3446,0.0488354000000076);
#256=CYLINDRICAL_SURFACE('',#3447,0.045207);
#257=CYLINDRICAL_SURFACE('',#3452,0.045207);
#258=CYLINDRICAL_SURFACE('',#3456,0.00174331982914652);
#259=CYLINDRICAL_SURFACE('',#3457,0.0488354000000034);
#260=CYLINDRICAL_SURFACE('',#3458,0.00475002266045661);
#261=CYLINDRICAL_SURFACE('',#3459,0.00261463798932782);
#262=CYLINDRICAL_SURFACE('',#3462,0.001524);
#263=CYLINDRICAL_SURFACE('',#3463,0.001524);
#264=CYLINDRICAL_SURFACE('',#3464,0.001143);
#265=CYLINDRICAL_SURFACE('',#3465,0.001143);
#266=CYLINDRICAL_SURFACE('',#3466,0.001143);
#267=CYLINDRICAL_SURFACE('',#3467,0.001143);
#268=CYLINDRICAL_SURFACE('',#3468,0.001143);
#269=CYLINDRICAL_SURFACE('',#3469,0.001143);
#270=CYLINDRICAL_SURFACE('',#3470,0.001143);
#271=CYLINDRICAL_SURFACE('',#3471,0.001143);
#272=CYLINDRICAL_SURFACE('',#3472,0.001143);
#273=CYLINDRICAL_SURFACE('',#3473,0.001143);
#274=CYLINDRICAL_SURFACE('',#3474,0.001143);
#275=CYLINDRICAL_SURFACE('',#3475,0.001143);
#276=CYLINDRICAL_SURFACE('',#3476,0.001143);
#277=CYLINDRICAL_SURFACE('',#3477,0.001143);
#278=CYLINDRICAL_SURFACE('',#3478,0.001143);
#279=CYLINDRICAL_SURFACE('',#3479,0.001143);
#280=CYLINDRICAL_SURFACE('',#3480,0.0009198102);
#281=CYLINDRICAL_SURFACE('',#3482,0.0009198102);
#282=CYLINDRICAL_SURFACE('',#3484,0.0009198102);
#283=CYLINDRICAL_SURFACE('',#3486,0.0009198102);
#284=CYLINDRICAL_SURFACE('',#3487,0.004754);
#285=CYLINDRICAL_SURFACE('',#3489,0.004754);
#286=ORIENTED_EDGE('',*,*,#1158,.F.);
#287=ORIENTED_EDGE('',*,*,#1159,.F.);
#288=ORIENTED_EDGE('',*,*,#1160,.T.);
#289=ORIENTED_EDGE('',*,*,#1161,.F.);
#290=ORIENTED_EDGE('',*,*,#1162,.T.);
#291=ORIENTED_EDGE('',*,*,#1163,.T.);
#292=ORIENTED_EDGE('',*,*,#1164,.T.);
#293=ORIENTED_EDGE('',*,*,#1165,.F.);
#294=ORIENTED_EDGE('',*,*,#1166,.F.);
#295=ORIENTED_EDGE('',*,*,#1167,.F.);
#296=ORIENTED_EDGE('',*,*,#1168,.F.);
#297=ORIENTED_EDGE('',*,*,#1169,.F.);
#298=ORIENTED_EDGE('',*,*,#1170,.T.);
#299=ORIENTED_EDGE('',*,*,#1171,.F.);
#300=ORIENTED_EDGE('',*,*,#1172,.F.);
#301=ORIENTED_EDGE('',*,*,#1173,.F.);
#302=ORIENTED_EDGE('',*,*,#1174,.T.);
#303=ORIENTED_EDGE('',*,*,#1175,.F.);
#304=ORIENTED_EDGE('',*,*,#1164,.F.);
#305=ORIENTED_EDGE('',*,*,#1176,.T.);
#306=ORIENTED_EDGE('',*,*,#1161,.T.);
#307=ORIENTED_EDGE('',*,*,#1177,.T.);
#308=ORIENTED_EDGE('',*,*,#1178,.F.);
#309=ORIENTED_EDGE('',*,*,#1179,.T.);
#310=ORIENTED_EDGE('',*,*,#1180,.T.);
#311=ORIENTED_EDGE('',*,*,#1181,.T.);
#312=ORIENTED_EDGE('',*,*,#1182,.F.);
#313=ORIENTED_EDGE('',*,*,#1183,.T.);
#314=ORIENTED_EDGE('',*,*,#1184,.T.);
#315=ORIENTED_EDGE('',*,*,#1185,.T.);
#316=ORIENTED_EDGE('',*,*,#1186,.T.);
#317=ORIENTED_EDGE('',*,*,#1187,.F.);
#318=ORIENTED_EDGE('',*,*,#1188,.F.);
#319=ORIENTED_EDGE('',*,*,#1189,.F.);
#320=ORIENTED_EDGE('',*,*,#1190,.F.);
#321=ORIENTED_EDGE('',*,*,#1191,.F.);
#322=ORIENTED_EDGE('',*,*,#1192,.F.);
#323=ORIENTED_EDGE('',*,*,#1193,.T.);
#324=ORIENTED_EDGE('',*,*,#1194,.T.);
#325=ORIENTED_EDGE('',*,*,#1195,.T.);
#326=ORIENTED_EDGE('',*,*,#1196,.T.);
#327=ORIENTED_EDGE('',*,*,#1197,.T.);
#328=ORIENTED_EDGE('',*,*,#1198,.T.);
#329=ORIENTED_EDGE('',*,*,#1199,.T.);
#330=ORIENTED_EDGE('',*,*,#1200,.F.);
#331=ORIENTED_EDGE('',*,*,#1201,.F.);
#332=ORIENTED_EDGE('',*,*,#1202,.F.);
#333=ORIENTED_EDGE('',*,*,#1203,.F.);
#334=ORIENTED_EDGE('',*,*,#1204,.T.);
#335=ORIENTED_EDGE('',*,*,#1205,.F.);
#336=ORIENTED_EDGE('',*,*,#1206,.F.);
#337=ORIENTED_EDGE('',*,*,#1207,.T.);
#338=ORIENTED_EDGE('',*,*,#1208,.F.);
#339=ORIENTED_EDGE('',*,*,#1209,.T.);
#340=ORIENTED_EDGE('',*,*,#1210,.T.);
#341=ORIENTED_EDGE('',*,*,#1211,.F.);
#342=ORIENTED_EDGE('',*,*,#1212,.T.);
#343=ORIENTED_EDGE('',*,*,#1213,.T.);
#344=ORIENTED_EDGE('',*,*,#1214,.T.);
#345=ORIENTED_EDGE('',*,*,#1215,.F.);
#346=ORIENTED_EDGE('',*,*,#1216,.F.);
#347=ORIENTED_EDGE('',*,*,#1217,.F.);
#348=ORIENTED_EDGE('',*,*,#1218,.T.);
#349=ORIENTED_EDGE('',*,*,#1219,.F.);
#350=ORIENTED_EDGE('',*,*,#1220,.T.);
#351=ORIENTED_EDGE('',*,*,#1221,.F.);
#352=ORIENTED_EDGE('',*,*,#1222,.T.);
#353=ORIENTED_EDGE('',*,*,#1223,.F.);
#354=ORIENTED_EDGE('',*,*,#1224,.T.);
#355=ORIENTED_EDGE('',*,*,#1225,.F.);
#356=ORIENTED_EDGE('',*,*,#1226,.T.);
#357=ORIENTED_EDGE('',*,*,#1227,.F.);
#358=ORIENTED_EDGE('',*,*,#1228,.F.);
#359=ORIENTED_EDGE('',*,*,#1229,.F.);
#360=ORIENTED_EDGE('',*,*,#1230,.F.);
#361=ORIENTED_EDGE('',*,*,#1231,.T.);
#362=ORIENTED_EDGE('',*,*,#1232,.T.);
#363=ORIENTED_EDGE('',*,*,#1233,.F.);
#364=ORIENTED_EDGE('',*,*,#1234,.F.);
#365=ORIENTED_EDGE('',*,*,#1235,.F.);
#366=ORIENTED_EDGE('',*,*,#1236,.T.);
#367=ORIENTED_EDGE('',*,*,#1237,.F.);
#368=ORIENTED_EDGE('',*,*,#1238,.F.);
#369=ORIENTED_EDGE('',*,*,#1239,.F.);
#370=ORIENTED_EDGE('',*,*,#1240,.F.);
#371=ORIENTED_EDGE('',*,*,#1241,.F.);
#372=ORIENTED_EDGE('',*,*,#1242,.T.);
#373=ORIENTED_EDGE('',*,*,#1243,.F.);
#374=ORIENTED_EDGE('',*,*,#1244,.F.);
#375=ORIENTED_EDGE('',*,*,#1245,.T.);
#376=ORIENTED_EDGE('',*,*,#1246,.F.);
#377=ORIENTED_EDGE('',*,*,#1247,.T.);
#378=ORIENTED_EDGE('',*,*,#1248,.F.);
#379=ORIENTED_EDGE('',*,*,#1249,.F.);
#380=ORIENTED_EDGE('',*,*,#1250,.T.);
#381=ORIENTED_EDGE('',*,*,#1251,.F.);
#382=ORIENTED_EDGE('',*,*,#1252,.T.);
#383=ORIENTED_EDGE('',*,*,#1253,.F.);
#384=ORIENTED_EDGE('',*,*,#1254,.F.);
#385=ORIENTED_EDGE('',*,*,#1255,.T.);
#386=ORIENTED_EDGE('',*,*,#1256,.F.);
#387=ORIENTED_EDGE('',*,*,#1257,.F.);
#388=ORIENTED_EDGE('',*,*,#1258,.T.);
#389=ORIENTED_EDGE('',*,*,#1259,.T.);
#390=ORIENTED_EDGE('',*,*,#1260,.F.);
#391=ORIENTED_EDGE('',*,*,#1261,.T.);
#392=ORIENTED_EDGE('',*,*,#1262,.F.);
#393=ORIENTED_EDGE('',*,*,#1263,.T.);
#394=ORIENTED_EDGE('',*,*,#1264,.F.);
#395=ORIENTED_EDGE('',*,*,#1265,.T.);
#396=ORIENTED_EDGE('',*,*,#1266,.F.);
#397=ORIENTED_EDGE('',*,*,#1267,.T.);
#398=ORIENTED_EDGE('',*,*,#1268,.F.);
#399=ORIENTED_EDGE('',*,*,#1269,.T.);
#400=ORIENTED_EDGE('',*,*,#1270,.T.);
#401=ORIENTED_EDGE('',*,*,#1271,.T.);
#402=ORIENTED_EDGE('',*,*,#1272,.T.);
#403=ORIENTED_EDGE('',*,*,#1273,.T.);
#404=ORIENTED_EDGE('',*,*,#1274,.F.);
#405=ORIENTED_EDGE('',*,*,#1275,.F.);
#406=ORIENTED_EDGE('',*,*,#1276,.F.);
#407=ORIENTED_EDGE('',*,*,#1277,.T.);
#408=ORIENTED_EDGE('',*,*,#1278,.T.);
#409=ORIENTED_EDGE('',*,*,#1279,.T.);
#410=ORIENTED_EDGE('',*,*,#1280,.F.);
#411=ORIENTED_EDGE('',*,*,#1281,.T.);
#412=ORIENTED_EDGE('',*,*,#1282,.T.);
#413=ORIENTED_EDGE('',*,*,#1283,.T.);
#414=ORIENTED_EDGE('',*,*,#1284,.T.);
#415=ORIENTED_EDGE('',*,*,#1285,.T.);
#416=ORIENTED_EDGE('',*,*,#1286,.F.);
#417=ORIENTED_EDGE('',*,*,#1287,.T.);
#418=ORIENTED_EDGE('',*,*,#1288,.T.);
#419=ORIENTED_EDGE('',*,*,#1289,.F.);
#420=ORIENTED_EDGE('',*,*,#1290,.T.);
#421=ORIENTED_EDGE('',*,*,#1291,.T.);
#422=ORIENTED_EDGE('',*,*,#1292,.T.);
#423=ORIENTED_EDGE('',*,*,#1293,.T.);
#424=ORIENTED_EDGE('',*,*,#1294,.T.);
#425=ORIENTED_EDGE('',*,*,#1295,.T.);
#426=ORIENTED_EDGE('',*,*,#1296,.T.);
#427=ORIENTED_EDGE('',*,*,#1297,.T.);
#428=ORIENTED_EDGE('',*,*,#1298,.F.);
#429=ORIENTED_EDGE('',*,*,#1299,.F.);
#430=ORIENTED_EDGE('',*,*,#1300,.F.);
#431=ORIENTED_EDGE('',*,*,#1301,.F.);
#432=ORIENTED_EDGE('',*,*,#1302,.F.);
#433=ORIENTED_EDGE('',*,*,#1303,.F.);
#434=ORIENTED_EDGE('',*,*,#1304,.F.);
#435=ORIENTED_EDGE('',*,*,#1305,.T.);
#436=ORIENTED_EDGE('',*,*,#1306,.T.);
#437=ORIENTED_EDGE('',*,*,#1307,.T.);
#438=ORIENTED_EDGE('',*,*,#1308,.T.);
#439=ORIENTED_EDGE('',*,*,#1309,.T.);
#440=ORIENTED_EDGE('',*,*,#1310,.T.);
#441=ORIENTED_EDGE('',*,*,#1311,.T.);
#442=ORIENTED_EDGE('',*,*,#1312,.T.);
#443=ORIENTED_EDGE('',*,*,#1313,.T.);
#444=ORIENTED_EDGE('',*,*,#1314,.T.);
#445=ORIENTED_EDGE('',*,*,#1315,.T.);
#446=ORIENTED_EDGE('',*,*,#1316,.T.);
#447=ORIENTED_EDGE('',*,*,#1317,.F.);
#448=ORIENTED_EDGE('',*,*,#1318,.F.);
#449=ORIENTED_EDGE('',*,*,#1319,.T.);
#450=ORIENTED_EDGE('',*,*,#1320,.F.);
#451=ORIENTED_EDGE('',*,*,#1321,.F.);
#452=ORIENTED_EDGE('',*,*,#1322,.F.);
#453=ORIENTED_EDGE('',*,*,#1323,.T.);
#454=ORIENTED_EDGE('',*,*,#1324,.F.);
#455=ORIENTED_EDGE('',*,*,#1325,.F.);
#456=ORIENTED_EDGE('',*,*,#1326,.F.);
#457=ORIENTED_EDGE('',*,*,#1327,.F.);
#458=ORIENTED_EDGE('',*,*,#1328,.T.);
#459=ORIENTED_EDGE('',*,*,#1329,.T.);
#460=ORIENTED_EDGE('',*,*,#1330,.T.);
#461=ORIENTED_EDGE('',*,*,#1331,.F.);
#462=ORIENTED_EDGE('',*,*,#1332,.F.);
#463=ORIENTED_EDGE('',*,*,#1333,.F.);
#464=ORIENTED_EDGE('',*,*,#1334,.F.);
#465=ORIENTED_EDGE('',*,*,#1335,.F.);
#466=ORIENTED_EDGE('',*,*,#1336,.F.);
#467=ORIENTED_EDGE('',*,*,#1337,.F.);
#468=ORIENTED_EDGE('',*,*,#1338,.T.);
#469=ORIENTED_EDGE('',*,*,#1339,.T.);
#470=ORIENTED_EDGE('',*,*,#1340,.T.);
#471=ORIENTED_EDGE('',*,*,#1341,.T.);
#472=ORIENTED_EDGE('',*,*,#1342,.T.);
#473=ORIENTED_EDGE('',*,*,#1343,.T.);
#474=ORIENTED_EDGE('',*,*,#1344,.F.);
#475=ORIENTED_EDGE('',*,*,#1345,.F.);
#476=ORIENTED_EDGE('',*,*,#1346,.F.);
#477=ORIENTED_EDGE('',*,*,#1347,.T.);
#478=ORIENTED_EDGE('',*,*,#1348,.T.);
#479=ORIENTED_EDGE('',*,*,#1349,.F.);
#480=ORIENTED_EDGE('',*,*,#1350,.T.);
#481=ORIENTED_EDGE('',*,*,#1351,.F.);
#482=ORIENTED_EDGE('',*,*,#1352,.F.);
#483=ORIENTED_EDGE('',*,*,#1353,.T.);
#484=ORIENTED_EDGE('',*,*,#1354,.F.);
#485=ORIENTED_EDGE('',*,*,#1355,.T.);
#486=ORIENTED_EDGE('',*,*,#1356,.T.);
#487=ORIENTED_EDGE('',*,*,#1357,.T.);
#488=ORIENTED_EDGE('',*,*,#1358,.F.);
#489=ORIENTED_EDGE('',*,*,#1359,.T.);
#490=ORIENTED_EDGE('',*,*,#1360,.T.);
#491=ORIENTED_EDGE('',*,*,#1361,.F.);
#492=ORIENTED_EDGE('',*,*,#1362,.F.);
#493=ORIENTED_EDGE('',*,*,#1363,.T.);
#494=ORIENTED_EDGE('',*,*,#1364,.T.);
#495=ORIENTED_EDGE('',*,*,#1365,.F.);
#496=ORIENTED_EDGE('',*,*,#1366,.T.);
#497=ORIENTED_EDGE('',*,*,#1367,.F.);
#498=ORIENTED_EDGE('',*,*,#1368,.T.);
#499=ORIENTED_EDGE('',*,*,#1369,.F.);
#500=ORIENTED_EDGE('',*,*,#1370,.T.);
#501=ORIENTED_EDGE('',*,*,#1371,.F.);
#502=ORIENTED_EDGE('',*,*,#1372,.F.);
#503=ORIENTED_EDGE('',*,*,#1373,.T.);
#504=ORIENTED_EDGE('',*,*,#1374,.T.);
#505=ORIENTED_EDGE('',*,*,#1375,.T.);
#506=ORIENTED_EDGE('',*,*,#1376,.T.);
#507=ORIENTED_EDGE('',*,*,#1377,.T.);
#508=ORIENTED_EDGE('',*,*,#1378,.T.);
#509=ORIENTED_EDGE('',*,*,#1379,.T.);
#510=ORIENTED_EDGE('',*,*,#1380,.T.);
#511=ORIENTED_EDGE('',*,*,#1381,.T.);
#512=ORIENTED_EDGE('',*,*,#1382,.F.);
#513=ORIENTED_EDGE('',*,*,#1383,.T.);
#514=ORIENTED_EDGE('',*,*,#1384,.F.);
#515=ORIENTED_EDGE('',*,*,#1385,.F.);
#516=ORIENTED_EDGE('',*,*,#1386,.T.);
#517=ORIENTED_EDGE('',*,*,#1387,.T.);
#518=ORIENTED_EDGE('',*,*,#1388,.T.);
#519=ORIENTED_EDGE('',*,*,#1389,.T.);
#520=ORIENTED_EDGE('',*,*,#1390,.F.);
#521=ORIENTED_EDGE('',*,*,#1391,.T.);
#522=ORIENTED_EDGE('',*,*,#1392,.F.);
#523=ORIENTED_EDGE('',*,*,#1393,.T.);
#524=ORIENTED_EDGE('',*,*,#1394,.T.);
#525=ORIENTED_EDGE('',*,*,#1395,.F.);
#526=ORIENTED_EDGE('',*,*,#1396,.T.);
#527=ORIENTED_EDGE('',*,*,#1397,.T.);
#528=ORIENTED_EDGE('',*,*,#1162,.F.);
#529=ORIENTED_EDGE('',*,*,#1398,.T.);
#530=ORIENTED_EDGE('',*,*,#1399,.T.);
#531=ORIENTED_EDGE('',*,*,#1400,.T.);
#532=ORIENTED_EDGE('',*,*,#1401,.F.);
#533=ORIENTED_EDGE('',*,*,#1402,.T.);
#534=ORIENTED_EDGE('',*,*,#1159,.T.);
#535=ORIENTED_EDGE('',*,*,#1403,.T.);
#536=ORIENTED_EDGE('',*,*,#1404,.F.);
#537=ORIENTED_EDGE('',*,*,#1405,.F.);
#538=ORIENTED_EDGE('',*,*,#1406,.T.);
#539=ORIENTED_EDGE('',*,*,#1407,.F.);
#540=ORIENTED_EDGE('',*,*,#1408,.F.);
#541=ORIENTED_EDGE('',*,*,#1409,.F.);
#542=ORIENTED_EDGE('',*,*,#1410,.T.);
#543=ORIENTED_EDGE('',*,*,#1411,.T.);
#544=ORIENTED_EDGE('',*,*,#1412,.F.);
#545=ORIENTED_EDGE('',*,*,#1413,.T.);
#546=ORIENTED_EDGE('',*,*,#1414,.F.);
#547=ORIENTED_EDGE('',*,*,#1415,.T.);
#548=ORIENTED_EDGE('',*,*,#1416,.F.);
#549=ORIENTED_EDGE('',*,*,#1417,.T.);
#550=ORIENTED_EDGE('',*,*,#1418,.F.);
#551=ORIENTED_EDGE('',*,*,#1419,.T.);
#552=ORIENTED_EDGE('',*,*,#1420,.T.);
#553=ORIENTED_EDGE('',*,*,#1421,.F.);
#554=ORIENTED_EDGE('',*,*,#1422,.F.);
#555=ORIENTED_EDGE('',*,*,#1423,.F.);
#556=ORIENTED_EDGE('',*,*,#1424,.F.);
#557=ORIENTED_EDGE('',*,*,#1425,.F.);
#558=ORIENTED_EDGE('',*,*,#1426,.F.);
#559=ORIENTED_EDGE('',*,*,#1427,.F.);
#560=ORIENTED_EDGE('',*,*,#1428,.T.);
#561=ORIENTED_EDGE('',*,*,#1429,.F.);
#562=ORIENTED_EDGE('',*,*,#1430,.F.);
#563=ORIENTED_EDGE('',*,*,#1431,.F.);
#564=ORIENTED_EDGE('',*,*,#1432,.T.);
#565=ORIENTED_EDGE('',*,*,#1433,.T.);
#566=ORIENTED_EDGE('',*,*,#1434,.F.);
#567=ORIENTED_EDGE('',*,*,#1435,.F.);
#568=ORIENTED_EDGE('',*,*,#1436,.T.);
#569=ORIENTED_EDGE('',*,*,#1437,.F.);
#570=ORIENTED_EDGE('',*,*,#1438,.F.);
#571=ORIENTED_EDGE('',*,*,#1439,.F.);
#572=ORIENTED_EDGE('',*,*,#1440,.F.);
#573=ORIENTED_EDGE('',*,*,#1441,.T.);
#574=ORIENTED_EDGE('',*,*,#1442,.T.);
#575=ORIENTED_EDGE('',*,*,#1443,.T.);
#576=ORIENTED_EDGE('',*,*,#1444,.T.);
#577=ORIENTED_EDGE('',*,*,#1445,.T.);
#578=ORIENTED_EDGE('',*,*,#1446,.T.);
#579=ORIENTED_EDGE('',*,*,#1447,.T.);
#580=ORIENTED_EDGE('',*,*,#1448,.T.);
#581=ORIENTED_EDGE('',*,*,#1449,.F.);
#582=ORIENTED_EDGE('',*,*,#1450,.F.);
#583=ORIENTED_EDGE('',*,*,#1451,.F.);
#584=ORIENTED_EDGE('',*,*,#1452,.F.);
#585=ORIENTED_EDGE('',*,*,#1453,.F.);
#586=ORIENTED_EDGE('',*,*,#1454,.F.);
#587=ORIENTED_EDGE('',*,*,#1455,.F.);
#588=ORIENTED_EDGE('',*,*,#1456,.F.);
#589=ORIENTED_EDGE('',*,*,#1457,.F.);
#590=ORIENTED_EDGE('',*,*,#1458,.F.);
#591=ORIENTED_EDGE('',*,*,#1459,.F.);
#592=ORIENTED_EDGE('',*,*,#1460,.F.);
#593=ORIENTED_EDGE('',*,*,#1461,.F.);
#594=ORIENTED_EDGE('',*,*,#1462,.F.);
#595=ORIENTED_EDGE('',*,*,#1463,.F.);
#596=ORIENTED_EDGE('',*,*,#1464,.F.);
#597=ORIENTED_EDGE('',*,*,#1465,.F.);
#598=ORIENTED_EDGE('',*,*,#1466,.F.);
#599=ORIENTED_EDGE('',*,*,#1467,.F.);
#600=ORIENTED_EDGE('',*,*,#1393,.F.);
#601=ORIENTED_EDGE('',*,*,#1468,.F.);
#602=ORIENTED_EDGE('',*,*,#1206,.T.);
#603=ORIENTED_EDGE('',*,*,#1469,.T.);
#604=ORIENTED_EDGE('',*,*,#1183,.F.);
#605=ORIENTED_EDGE('',*,*,#1470,.T.);
#606=ORIENTED_EDGE('',*,*,#1327,.T.);
#607=ORIENTED_EDGE('',*,*,#1471,.F.);
#608=ORIENTED_EDGE('',*,*,#1394,.F.);
#609=ORIENTED_EDGE('',*,*,#1469,.F.);
#610=ORIENTED_EDGE('',*,*,#1205,.T.);
#611=ORIENTED_EDGE('',*,*,#1472,.T.);
#612=ORIENTED_EDGE('',*,*,#1203,.T.);
#613=ORIENTED_EDGE('',*,*,#1473,.T.);
#614=ORIENTED_EDGE('',*,*,#1396,.F.);
#615=ORIENTED_EDGE('',*,*,#1474,.F.);
#616=ORIENTED_EDGE('',*,*,#1475,.F.);
#617=ORIENTED_EDGE('',*,*,#1341,.F.);
#618=ORIENTED_EDGE('',*,*,#1476,.F.);
#619=ORIENTED_EDGE('',*,*,#1189,.T.);
#620=ORIENTED_EDGE('',*,*,#1340,.F.);
#621=ORIENTED_EDGE('',*,*,#1477,.F.);
#622=ORIENTED_EDGE('',*,*,#1190,.T.);
#623=ORIENTED_EDGE('',*,*,#1476,.T.);
#624=ORIENTED_EDGE('',*,*,#1339,.F.);
#625=ORIENTED_EDGE('',*,*,#1478,.F.);
#626=ORIENTED_EDGE('',*,*,#1191,.T.);
#627=ORIENTED_EDGE('',*,*,#1477,.T.);
#628=ORIENTED_EDGE('',*,*,#1338,.F.);
#629=ORIENTED_EDGE('',*,*,#1479,.F.);
#630=ORIENTED_EDGE('',*,*,#1192,.T.);
#631=ORIENTED_EDGE('',*,*,#1478,.T.);
#632=ORIENTED_EDGE('',*,*,#1337,.T.);
#633=ORIENTED_EDGE('',*,*,#1480,.F.);
#634=ORIENTED_EDGE('',*,*,#1193,.F.);
#635=ORIENTED_EDGE('',*,*,#1479,.T.);
#636=ORIENTED_EDGE('',*,*,#1232,.F.);
#637=ORIENTED_EDGE('',*,*,#1385,.T.);
#638=ORIENTED_EDGE('',*,*,#1395,.T.);
#639=ORIENTED_EDGE('',*,*,#1472,.F.);
#640=ORIENTED_EDGE('',*,*,#1204,.F.);
#641=ORIENTED_EDGE('',*,*,#1474,.T.);
#642=ORIENTED_EDGE('',*,*,#1346,.T.);
#643=ORIENTED_EDGE('',*,*,#1481,.F.);
#644=ORIENTED_EDGE('',*,*,#1184,.F.);
#645=ORIENTED_EDGE('',*,*,#1471,.T.);
#646=ORIENTED_EDGE('',*,*,#1345,.T.);
#647=ORIENTED_EDGE('',*,*,#1482,.F.);
#648=ORIENTED_EDGE('',*,*,#1185,.F.);
#649=ORIENTED_EDGE('',*,*,#1481,.T.);
#650=ORIENTED_EDGE('',*,*,#1344,.T.);
#651=ORIENTED_EDGE('',*,*,#1483,.F.);
#652=ORIENTED_EDGE('',*,*,#1186,.F.);
#653=ORIENTED_EDGE('',*,*,#1482,.T.);
#654=ORIENTED_EDGE('',*,*,#1352,.T.);
#655=ORIENTED_EDGE('',*,*,#1484,.F.);
#656=ORIENTED_EDGE('',*,*,#1252,.F.);
#657=ORIENTED_EDGE('',*,*,#1485,.T.);
#658=ORIENTED_EDGE('',*,*,#1351,.T.);
#659=ORIENTED_EDGE('',*,*,#1486,.F.);
#660=ORIENTED_EDGE('',*,*,#1245,.F.);
#661=ORIENTED_EDGE('',*,*,#1484,.T.);
#662=ORIENTED_EDGE('',*,*,#1249,.T.);
#663=ORIENTED_EDGE('',*,*,#1487,.T.);
#664=ORIENTED_EDGE('',*,*,#1347,.F.);
#665=ORIENTED_EDGE('',*,*,#1488,.F.);
#666=ORIENTED_EDGE('',*,*,#1354,.T.);
#667=ORIENTED_EDGE('',*,*,#1489,.F.);
#668=ORIENTED_EDGE('',*,*,#1250,.F.);
#669=ORIENTED_EDGE('',*,*,#1488,.T.);
#670=ORIENTED_EDGE('',*,*,#1353,.F.);
#671=ORIENTED_EDGE('',*,*,#1485,.F.);
#672=ORIENTED_EDGE('',*,*,#1251,.T.);
#673=ORIENTED_EDGE('',*,*,#1489,.T.);
#674=ORIENTED_EDGE('',*,*,#1231,.F.);
#675=ORIENTED_EDGE('',*,*,#1384,.T.);
#676=ORIENTED_EDGE('',*,*,#1343,.F.);
#677=ORIENTED_EDGE('',*,*,#1490,.T.);
#678=ORIENTED_EDGE('',*,*,#1187,.T.);
#679=ORIENTED_EDGE('',*,*,#1483,.T.);
#680=ORIENTED_EDGE('',*,*,#1342,.F.);
#681=ORIENTED_EDGE('',*,*,#1475,.T.);
#682=ORIENTED_EDGE('',*,*,#1188,.T.);
#683=ORIENTED_EDGE('',*,*,#1490,.F.);
#684=ORIENTED_EDGE('',*,*,#1491,.T.);
#685=ORIENTED_EDGE('',*,*,#1233,.T.);
#686=ORIENTED_EDGE('',*,*,#1492,.F.);
#687=ORIENTED_EDGE('',*,*,#1379,.F.);
#688=ORIENTED_EDGE('',*,*,#1492,.T.);
#689=ORIENTED_EDGE('',*,*,#1238,.T.);
#690=ORIENTED_EDGE('',*,*,#1493,.F.);
#691=ORIENTED_EDGE('',*,*,#1380,.F.);
#692=ORIENTED_EDGE('',*,*,#1493,.T.);
#693=ORIENTED_EDGE('',*,*,#1237,.T.);
#694=ORIENTED_EDGE('',*,*,#1494,.F.);
#695=ORIENTED_EDGE('',*,*,#1381,.F.);
#696=ORIENTED_EDGE('',*,*,#1382,.T.);
#697=ORIENTED_EDGE('',*,*,#1494,.T.);
#698=ORIENTED_EDGE('',*,*,#1236,.F.);
#699=ORIENTED_EDGE('',*,*,#1495,.F.);
#700=ORIENTED_EDGE('',*,*,#1495,.T.);
#701=ORIENTED_EDGE('',*,*,#1235,.T.);
#702=ORIENTED_EDGE('',*,*,#1496,.F.);
#703=ORIENTED_EDGE('',*,*,#1383,.F.);
#704=ORIENTED_EDGE('',*,*,#1496,.T.);
#705=ORIENTED_EDGE('',*,*,#1234,.T.);
#706=ORIENTED_EDGE('',*,*,#1491,.F.);
#707=ORIENTED_EDGE('',*,*,#1378,.F.);
#708=ORIENTED_EDGE('',*,*,#1208,.T.);
#709=ORIENTED_EDGE('',*,*,#1355,.F.);
#710=ORIENTED_EDGE('',*,*,#1372,.T.);
#711=ORIENTED_EDGE('',*,*,#1497,.T.);
#712=ORIENTED_EDGE('',*,*,#1226,.F.);
#713=ORIENTED_EDGE('',*,*,#1498,.F.);
#714=ORIENTED_EDGE('',*,*,#1498,.T.);
#715=ORIENTED_EDGE('',*,*,#1225,.T.);
#716=ORIENTED_EDGE('',*,*,#1499,.F.);
#717=ORIENTED_EDGE('',*,*,#1373,.F.);
#718=ORIENTED_EDGE('',*,*,#1499,.T.);
#719=ORIENTED_EDGE('',*,*,#1230,.T.);
#720=ORIENTED_EDGE('',*,*,#1500,.F.);
#721=ORIENTED_EDGE('',*,*,#1374,.F.);
#722=ORIENTED_EDGE('',*,*,#1500,.T.);
#723=ORIENTED_EDGE('',*,*,#1229,.T.);
#724=ORIENTED_EDGE('',*,*,#1501,.F.);
#725=ORIENTED_EDGE('',*,*,#1375,.F.);
#726=ORIENTED_EDGE('',*,*,#1501,.T.);
#727=ORIENTED_EDGE('',*,*,#1228,.T.);
#728=ORIENTED_EDGE('',*,*,#1502,.F.);
#729=ORIENTED_EDGE('',*,*,#1376,.F.);
#730=ORIENTED_EDGE('',*,*,#1502,.T.);
#731=ORIENTED_EDGE('',*,*,#1227,.T.);
#732=ORIENTED_EDGE('',*,*,#1497,.F.);
#733=ORIENTED_EDGE('',*,*,#1377,.F.);
#734=ORIENTED_EDGE('',*,*,#1503,.T.);
#735=ORIENTED_EDGE('',*,*,#1239,.T.);
#736=ORIENTED_EDGE('',*,*,#1504,.F.);
#737=ORIENTED_EDGE('',*,*,#1387,.F.);
#738=ORIENTED_EDGE('',*,*,#1504,.T.);
#739=ORIENTED_EDGE('',*,*,#1244,.T.);
#740=ORIENTED_EDGE('',*,*,#1505,.F.);
#741=ORIENTED_EDGE('',*,*,#1388,.F.);
#742=ORIENTED_EDGE('',*,*,#1505,.T.);
#743=ORIENTED_EDGE('',*,*,#1243,.T.);
#744=ORIENTED_EDGE('',*,*,#1506,.F.);
#745=ORIENTED_EDGE('',*,*,#1389,.F.);
#746=ORIENTED_EDGE('',*,*,#1390,.T.);
#747=ORIENTED_EDGE('',*,*,#1506,.T.);
#748=ORIENTED_EDGE('',*,*,#1242,.F.);
#749=ORIENTED_EDGE('',*,*,#1507,.F.);
#750=ORIENTED_EDGE('',*,*,#1507,.T.);
#751=ORIENTED_EDGE('',*,*,#1241,.T.);
#752=ORIENTED_EDGE('',*,*,#1508,.F.);
#753=ORIENTED_EDGE('',*,*,#1391,.F.);
#754=ORIENTED_EDGE('',*,*,#1508,.T.);
#755=ORIENTED_EDGE('',*,*,#1240,.T.);
#756=ORIENTED_EDGE('',*,*,#1503,.F.);
#757=ORIENTED_EDGE('',*,*,#1386,.F.);
#758=ORIENTED_EDGE('',*,*,#1364,.F.);
#759=ORIENTED_EDGE('',*,*,#1509,.T.);
#760=ORIENTED_EDGE('',*,*,#1224,.F.);
#761=ORIENTED_EDGE('',*,*,#1510,.F.);
#762=ORIENTED_EDGE('',*,*,#1511,.F.);
#763=ORIENTED_EDGE('',*,*,#1365,.T.);
#764=ORIENTED_EDGE('',*,*,#1510,.T.);
#765=ORIENTED_EDGE('',*,*,#1223,.T.);
#766=ORIENTED_EDGE('',*,*,#1366,.F.);
#767=ORIENTED_EDGE('',*,*,#1511,.T.);
#768=ORIENTED_EDGE('',*,*,#1222,.F.);
#769=ORIENTED_EDGE('',*,*,#1512,.F.);
#770=ORIENTED_EDGE('',*,*,#1513,.F.);
#771=ORIENTED_EDGE('',*,*,#1367,.T.);
#772=ORIENTED_EDGE('',*,*,#1512,.T.);
#773=ORIENTED_EDGE('',*,*,#1221,.T.);
#774=ORIENTED_EDGE('',*,*,#1368,.F.);
#775=ORIENTED_EDGE('',*,*,#1513,.T.);
#776=ORIENTED_EDGE('',*,*,#1220,.F.);
#777=ORIENTED_EDGE('',*,*,#1514,.F.);
#778=ORIENTED_EDGE('',*,*,#1515,.F.);
#779=ORIENTED_EDGE('',*,*,#1369,.T.);
#780=ORIENTED_EDGE('',*,*,#1514,.T.);
#781=ORIENTED_EDGE('',*,*,#1219,.T.);
#782=ORIENTED_EDGE('',*,*,#1370,.F.);
#783=ORIENTED_EDGE('',*,*,#1515,.T.);
#784=ORIENTED_EDGE('',*,*,#1218,.F.);
#785=ORIENTED_EDGE('',*,*,#1516,.F.);
#786=ORIENTED_EDGE('',*,*,#1509,.F.);
#787=ORIENTED_EDGE('',*,*,#1371,.T.);
#788=ORIENTED_EDGE('',*,*,#1516,.T.);
#789=ORIENTED_EDGE('',*,*,#1217,.T.);
#790=ORIENTED_EDGE('',*,*,#1517,.F.);
#791=ORIENTED_EDGE('',*,*,#1361,.T.);
#792=ORIENTED_EDGE('',*,*,#1518,.T.);
#793=ORIENTED_EDGE('',*,*,#1216,.T.);
#794=ORIENTED_EDGE('',*,*,#1519,.F.);
#795=ORIENTED_EDGE('',*,*,#1362,.T.);
#796=ORIENTED_EDGE('',*,*,#1517,.T.);
#797=ORIENTED_EDGE('',*,*,#1215,.T.);
#798=ORIENTED_EDGE('',*,*,#1360,.F.);
#799=ORIENTED_EDGE('',*,*,#1520,.T.);
#800=ORIENTED_EDGE('',*,*,#1213,.F.);
#801=ORIENTED_EDGE('',*,*,#1518,.F.);
#802=ORIENTED_EDGE('',*,*,#1363,.F.);
#803=ORIENTED_EDGE('',*,*,#1519,.T.);
#804=ORIENTED_EDGE('',*,*,#1214,.F.);
#805=ORIENTED_EDGE('',*,*,#1520,.F.);
#806=ORIENTED_EDGE('',*,*,#1357,.F.);
#807=ORIENTED_EDGE('',*,*,#1521,.T.);
#808=ORIENTED_EDGE('',*,*,#1212,.F.);
#809=ORIENTED_EDGE('',*,*,#1522,.F.);
#810=ORIENTED_EDGE('',*,*,#1523,.F.);
#811=ORIENTED_EDGE('',*,*,#1358,.T.);
#812=ORIENTED_EDGE('',*,*,#1522,.T.);
#813=ORIENTED_EDGE('',*,*,#1211,.T.);
#814=ORIENTED_EDGE('',*,*,#1359,.F.);
#815=ORIENTED_EDGE('',*,*,#1523,.T.);
#816=ORIENTED_EDGE('',*,*,#1210,.F.);
#817=ORIENTED_EDGE('',*,*,#1524,.F.);
#818=ORIENTED_EDGE('',*,*,#1356,.F.);
#819=ORIENTED_EDGE('',*,*,#1524,.T.);
#820=ORIENTED_EDGE('',*,*,#1209,.F.);
#821=ORIENTED_EDGE('',*,*,#1521,.F.);
#822=ORIENTED_EDGE('',*,*,#1525,.F.);
#823=ORIENTED_EDGE('',*,*,#1319,.F.);
#824=ORIENTED_EDGE('',*,*,#1526,.T.);
#825=ORIENTED_EDGE('',*,*,#1170,.F.);
#826=ORIENTED_EDGE('',*,*,#1526,.F.);
#827=ORIENTED_EDGE('',*,*,#1326,.T.);
#828=ORIENTED_EDGE('',*,*,#1527,.T.);
#829=ORIENTED_EDGE('',*,*,#1171,.T.);
#830=ORIENTED_EDGE('',*,*,#1321,.T.);
#831=ORIENTED_EDGE('',*,*,#1528,.T.);
#832=ORIENTED_EDGE('',*,*,#1168,.T.);
#833=ORIENTED_EDGE('',*,*,#1529,.F.);
#834=ORIENTED_EDGE('',*,*,#1530,.F.);
#835=ORIENTED_EDGE('',*,*,#1322,.T.);
#836=ORIENTED_EDGE('',*,*,#1529,.T.);
#837=ORIENTED_EDGE('',*,*,#1175,.T.);
#838=ORIENTED_EDGE('',*,*,#1323,.F.);
#839=ORIENTED_EDGE('',*,*,#1530,.T.);
#840=ORIENTED_EDGE('',*,*,#1174,.F.);
#841=ORIENTED_EDGE('',*,*,#1531,.F.);
#842=ORIENTED_EDGE('',*,*,#1532,.F.);
#843=ORIENTED_EDGE('',*,*,#1324,.T.);
#844=ORIENTED_EDGE('',*,*,#1531,.T.);
#845=ORIENTED_EDGE('',*,*,#1173,.T.);
#846=ORIENTED_EDGE('',*,*,#1527,.F.);
#847=ORIENTED_EDGE('',*,*,#1325,.T.);
#848=ORIENTED_EDGE('',*,*,#1532,.T.);
#849=ORIENTED_EDGE('',*,*,#1172,.T.);
#850=ORIENTED_EDGE('',*,*,#1392,.T.);
#851=ORIENTED_EDGE('',*,*,#1533,.F.);
#852=ORIENTED_EDGE('',*,*,#1207,.F.);
#853=ORIENTED_EDGE('',*,*,#1468,.T.);
#854=ORIENTED_EDGE('',*,*,#1534,.T.);
#855=ORIENTED_EDGE('',*,*,#1197,.F.);
#856=ORIENTED_EDGE('',*,*,#1535,.T.);
#857=ORIENTED_EDGE('',*,*,#1333,.T.);
#858=ORIENTED_EDGE('',*,*,#1334,.T.);
#859=ORIENTED_EDGE('',*,*,#1535,.F.);
#860=ORIENTED_EDGE('',*,*,#1196,.F.);
#861=ORIENTED_EDGE('',*,*,#1536,.T.);
#862=ORIENTED_EDGE('',*,*,#1335,.T.);
#863=ORIENTED_EDGE('',*,*,#1536,.F.);
#864=ORIENTED_EDGE('',*,*,#1195,.F.);
#865=ORIENTED_EDGE('',*,*,#1537,.T.);
#866=ORIENTED_EDGE('',*,*,#1336,.T.);
#867=ORIENTED_EDGE('',*,*,#1537,.F.);
#868=ORIENTED_EDGE('',*,*,#1194,.F.);
#869=ORIENTED_EDGE('',*,*,#1480,.T.);
#870=ORIENTED_EDGE('',*,*,#1276,.T.);
#871=ORIENTED_EDGE('',*,*,#1433,.F.);
#872=ORIENTED_EDGE('',*,*,#1397,.F.);
#873=ORIENTED_EDGE('',*,*,#1473,.F.);
#874=ORIENTED_EDGE('',*,*,#1202,.T.);
#875=ORIENTED_EDGE('',*,*,#1533,.T.);
#876=ORIENTED_EDGE('',*,*,#1328,.F.);
#877=ORIENTED_EDGE('',*,*,#1470,.F.);
#878=ORIENTED_EDGE('',*,*,#1182,.T.);
#879=ORIENTED_EDGE('',*,*,#1538,.T.);
#880=ORIENTED_EDGE('',*,*,#1329,.F.);
#881=ORIENTED_EDGE('',*,*,#1538,.F.);
#882=ORIENTED_EDGE('',*,*,#1201,.T.);
#883=ORIENTED_EDGE('',*,*,#1539,.T.);
#884=ORIENTED_EDGE('',*,*,#1330,.F.);
#885=ORIENTED_EDGE('',*,*,#1539,.F.);
#886=ORIENTED_EDGE('',*,*,#1200,.T.);
#887=ORIENTED_EDGE('',*,*,#1540,.T.);
#888=ORIENTED_EDGE('',*,*,#1350,.F.);
#889=ORIENTED_EDGE('',*,*,#1541,.F.);
#890=ORIENTED_EDGE('',*,*,#1246,.T.);
#891=ORIENTED_EDGE('',*,*,#1486,.T.);
#892=ORIENTED_EDGE('',*,*,#1348,.F.);
#893=ORIENTED_EDGE('',*,*,#1487,.F.);
#894=ORIENTED_EDGE('',*,*,#1248,.T.);
#895=ORIENTED_EDGE('',*,*,#1542,.T.);
#896=ORIENTED_EDGE('',*,*,#1349,.T.);
#897=ORIENTED_EDGE('',*,*,#1542,.F.);
#898=ORIENTED_EDGE('',*,*,#1247,.F.);
#899=ORIENTED_EDGE('',*,*,#1541,.T.);
#900=ORIENTED_EDGE('',*,*,#1275,.T.);
#901=ORIENTED_EDGE('',*,*,#1432,.F.);
#902=ORIENTED_EDGE('',*,*,#1331,.T.);
#903=ORIENTED_EDGE('',*,*,#1540,.F.);
#904=ORIENTED_EDGE('',*,*,#1199,.F.);
#905=ORIENTED_EDGE('',*,*,#1543,.F.);
#906=ORIENTED_EDGE('',*,*,#1332,.T.);
#907=ORIENTED_EDGE('',*,*,#1543,.T.);
#908=ORIENTED_EDGE('',*,*,#1198,.F.);
#909=ORIENTED_EDGE('',*,*,#1534,.F.);
#910=ORIENTED_EDGE('',*,*,#1544,.F.);
#911=ORIENTED_EDGE('',*,*,#1431,.T.);
#912=ORIENTED_EDGE('',*,*,#1545,.T.);
#913=ORIENTED_EDGE('',*,*,#1277,.F.);
#914=ORIENTED_EDGE('',*,*,#1545,.F.);
#915=ORIENTED_EDGE('',*,*,#1430,.T.);
#916=ORIENTED_EDGE('',*,*,#1546,.T.);
#917=ORIENTED_EDGE('',*,*,#1278,.F.);
#918=ORIENTED_EDGE('',*,*,#1546,.F.);
#919=ORIENTED_EDGE('',*,*,#1429,.T.);
#920=ORIENTED_EDGE('',*,*,#1547,.T.);
#921=ORIENTED_EDGE('',*,*,#1279,.F.);
#922=ORIENTED_EDGE('',*,*,#1428,.F.);
#923=ORIENTED_EDGE('',*,*,#1548,.T.);
#924=ORIENTED_EDGE('',*,*,#1280,.T.);
#925=ORIENTED_EDGE('',*,*,#1547,.F.);
#926=ORIENTED_EDGE('',*,*,#1548,.F.);
#927=ORIENTED_EDGE('',*,*,#1427,.T.);
#928=ORIENTED_EDGE('',*,*,#1549,.T.);
#929=ORIENTED_EDGE('',*,*,#1281,.F.);
#930=ORIENTED_EDGE('',*,*,#1549,.F.);
#931=ORIENTED_EDGE('',*,*,#1426,.T.);
#932=ORIENTED_EDGE('',*,*,#1544,.T.);
#933=ORIENTED_EDGE('',*,*,#1282,.F.);
#934=ORIENTED_EDGE('',*,*,#1420,.F.);
#935=ORIENTED_EDGE('',*,*,#1550,.T.);
#936=ORIENTED_EDGE('',*,*,#1274,.T.);
#937=ORIENTED_EDGE('',*,*,#1551,.F.);
#938=ORIENTED_EDGE('',*,*,#1550,.F.);
#939=ORIENTED_EDGE('',*,*,#1425,.T.);
#940=ORIENTED_EDGE('',*,*,#1552,.T.);
#941=ORIENTED_EDGE('',*,*,#1269,.F.);
#942=ORIENTED_EDGE('',*,*,#1552,.F.);
#943=ORIENTED_EDGE('',*,*,#1424,.T.);
#944=ORIENTED_EDGE('',*,*,#1553,.T.);
#945=ORIENTED_EDGE('',*,*,#1270,.F.);
#946=ORIENTED_EDGE('',*,*,#1553,.F.);
#947=ORIENTED_EDGE('',*,*,#1423,.T.);
#948=ORIENTED_EDGE('',*,*,#1554,.T.);
#949=ORIENTED_EDGE('',*,*,#1271,.F.);
#950=ORIENTED_EDGE('',*,*,#1554,.F.);
#951=ORIENTED_EDGE('',*,*,#1422,.T.);
#952=ORIENTED_EDGE('',*,*,#1555,.T.);
#953=ORIENTED_EDGE('',*,*,#1272,.F.);
#954=ORIENTED_EDGE('',*,*,#1555,.F.);
#955=ORIENTED_EDGE('',*,*,#1421,.T.);
#956=ORIENTED_EDGE('',*,*,#1551,.T.);
#957=ORIENTED_EDGE('',*,*,#1273,.F.);
#958=ORIENTED_EDGE('',*,*,#1556,.F.);
#959=ORIENTED_EDGE('',*,*,#1439,.T.);
#960=ORIENTED_EDGE('',*,*,#1557,.T.);
#961=ORIENTED_EDGE('',*,*,#1283,.F.);
#962=ORIENTED_EDGE('',*,*,#1557,.F.);
#963=ORIENTED_EDGE('',*,*,#1438,.T.);
#964=ORIENTED_EDGE('',*,*,#1558,.T.);
#965=ORIENTED_EDGE('',*,*,#1284,.F.);
#966=ORIENTED_EDGE('',*,*,#1558,.F.);
#967=ORIENTED_EDGE('',*,*,#1437,.T.);
#968=ORIENTED_EDGE('',*,*,#1559,.T.);
#969=ORIENTED_EDGE('',*,*,#1285,.F.);
#970=ORIENTED_EDGE('',*,*,#1436,.F.);
#971=ORIENTED_EDGE('',*,*,#1560,.T.);
#972=ORIENTED_EDGE('',*,*,#1286,.T.);
#973=ORIENTED_EDGE('',*,*,#1559,.F.);
#974=ORIENTED_EDGE('',*,*,#1560,.F.);
#975=ORIENTED_EDGE('',*,*,#1435,.T.);
#976=ORIENTED_EDGE('',*,*,#1561,.T.);
#977=ORIENTED_EDGE('',*,*,#1287,.F.);
#978=ORIENTED_EDGE('',*,*,#1561,.F.);
#979=ORIENTED_EDGE('',*,*,#1434,.T.);
#980=ORIENTED_EDGE('',*,*,#1556,.T.);
#981=ORIENTED_EDGE('',*,*,#1288,.F.);
#982=ORIENTED_EDGE('',*,*,#1562,.T.);
#983=ORIENTED_EDGE('',*,*,#1261,.F.);
#984=ORIENTED_EDGE('',*,*,#1563,.F.);
#985=ORIENTED_EDGE('',*,*,#1413,.F.);
#986=ORIENTED_EDGE('',*,*,#1414,.T.);
#987=ORIENTED_EDGE('',*,*,#1563,.T.);
#988=ORIENTED_EDGE('',*,*,#1268,.T.);
#989=ORIENTED_EDGE('',*,*,#1564,.F.);
#990=ORIENTED_EDGE('',*,*,#1564,.T.);
#991=ORIENTED_EDGE('',*,*,#1267,.F.);
#992=ORIENTED_EDGE('',*,*,#1565,.F.);
#993=ORIENTED_EDGE('',*,*,#1415,.F.);
#994=ORIENTED_EDGE('',*,*,#1416,.T.);
#995=ORIENTED_EDGE('',*,*,#1565,.T.);
#996=ORIENTED_EDGE('',*,*,#1266,.T.);
#997=ORIENTED_EDGE('',*,*,#1566,.F.);
#998=ORIENTED_EDGE('',*,*,#1566,.T.);
#999=ORIENTED_EDGE('',*,*,#1265,.F.);
#1000=ORIENTED_EDGE('',*,*,#1567,.F.);
#1001=ORIENTED_EDGE('',*,*,#1417,.F.);
#1002=ORIENTED_EDGE('',*,*,#1418,.T.);
#1003=ORIENTED_EDGE('',*,*,#1567,.T.);
#1004=ORIENTED_EDGE('',*,*,#1264,.T.);
#1005=ORIENTED_EDGE('',*,*,#1568,.F.);
#1006=ORIENTED_EDGE('',*,*,#1568,.T.);
#1007=ORIENTED_EDGE('',*,*,#1263,.F.);
#1008=ORIENTED_EDGE('',*,*,#1569,.F.);
#1009=ORIENTED_EDGE('',*,*,#1419,.F.);
#1010=ORIENTED_EDGE('',*,*,#1412,.T.);
#1011=ORIENTED_EDGE('',*,*,#1569,.T.);
#1012=ORIENTED_EDGE('',*,*,#1262,.T.);
#1013=ORIENTED_EDGE('',*,*,#1562,.F.);
#1014=ORIENTED_EDGE('',*,*,#1409,.T.);
#1015=ORIENTED_EDGE('',*,*,#1570,.T.);
#1016=ORIENTED_EDGE('',*,*,#1260,.T.);
#1017=ORIENTED_EDGE('',*,*,#1571,.F.);
#1018=ORIENTED_EDGE('',*,*,#1408,.T.);
#1019=ORIENTED_EDGE('',*,*,#1572,.T.);
#1020=ORIENTED_EDGE('',*,*,#1257,.T.);
#1021=ORIENTED_EDGE('',*,*,#1570,.F.);
#1022=ORIENTED_EDGE('',*,*,#1571,.T.);
#1023=ORIENTED_EDGE('',*,*,#1259,.F.);
#1024=ORIENTED_EDGE('',*,*,#1573,.F.);
#1025=ORIENTED_EDGE('',*,*,#1410,.F.);
#1026=ORIENTED_EDGE('',*,*,#1573,.T.);
#1027=ORIENTED_EDGE('',*,*,#1258,.F.);
#1028=ORIENTED_EDGE('',*,*,#1572,.F.);
#1029=ORIENTED_EDGE('',*,*,#1411,.F.);
#1030=ORIENTED_EDGE('',*,*,#1404,.T.);
#1031=ORIENTED_EDGE('',*,*,#1574,.T.);
#1032=ORIENTED_EDGE('',*,*,#1253,.T.);
#1033=ORIENTED_EDGE('',*,*,#1575,.F.);
#1034=ORIENTED_EDGE('',*,*,#1405,.T.);
#1035=ORIENTED_EDGE('',*,*,#1575,.T.);
#1036=ORIENTED_EDGE('',*,*,#1256,.T.);
#1037=ORIENTED_EDGE('',*,*,#1576,.F.);
#1038=ORIENTED_EDGE('',*,*,#1576,.T.);
#1039=ORIENTED_EDGE('',*,*,#1255,.F.);
#1040=ORIENTED_EDGE('',*,*,#1577,.F.);
#1041=ORIENTED_EDGE('',*,*,#1406,.F.);
#1042=ORIENTED_EDGE('',*,*,#1407,.T.);
#1043=ORIENTED_EDGE('',*,*,#1577,.T.);
#1044=ORIENTED_EDGE('',*,*,#1254,.T.);
#1045=ORIENTED_EDGE('',*,*,#1574,.F.);
#1046=ORIENTED_EDGE('',*,*,#1578,.T.);
#1047=ORIENTED_EDGE('',*,*,#1180,.F.);
#1048=ORIENTED_EDGE('',*,*,#1579,.F.);
#1049=ORIENTED_EDGE('',*,*,#1399,.F.);
#1050=ORIENTED_EDGE('',*,*,#1579,.T.);
#1051=ORIENTED_EDGE('',*,*,#1179,.F.);
#1052=ORIENTED_EDGE('',*,*,#1580,.F.);
#1053=ORIENTED_EDGE('',*,*,#1400,.F.);
#1054=ORIENTED_EDGE('',*,*,#1401,.T.);
#1055=ORIENTED_EDGE('',*,*,#1580,.T.);
#1056=ORIENTED_EDGE('',*,*,#1178,.T.);
#1057=ORIENTED_EDGE('',*,*,#1581,.F.);
#1058=ORIENTED_EDGE('',*,*,#1581,.T.);
#1059=ORIENTED_EDGE('',*,*,#1177,.F.);
#1060=ORIENTED_EDGE('',*,*,#1160,.F.);
#1061=ORIENTED_EDGE('',*,*,#1402,.F.);
#1062=ORIENTED_EDGE('',*,*,#1165,.T.);
#1063=ORIENTED_EDGE('',*,*,#1181,.F.);
#1064=ORIENTED_EDGE('',*,*,#1578,.F.);
#1065=ORIENTED_EDGE('',*,*,#1398,.F.);
#1066=ORIENTED_EDGE('',*,*,#1403,.F.);
#1067=ORIENTED_EDGE('',*,*,#1158,.T.);
#1068=ORIENTED_EDGE('',*,*,#1176,.F.);
#1069=ORIENTED_EDGE('',*,*,#1163,.F.);
#1070=ORIENTED_EDGE('',*,*,#1528,.F.);
#1071=ORIENTED_EDGE('',*,*,#1320,.T.);
#1072=ORIENTED_EDGE('',*,*,#1525,.T.);
#1073=ORIENTED_EDGE('',*,*,#1169,.T.);
#1074=ORIENTED_EDGE('',*,*,#1167,.T.);
#1075=ORIENTED_EDGE('',*,*,#1318,.T.);
#1076=ORIENTED_EDGE('',*,*,#1166,.T.);
#1077=ORIENTED_EDGE('',*,*,#1317,.T.);
#1078=ORIENTED_EDGE('',*,*,#1440,.T.);
#1079=ORIENTED_EDGE('',*,*,#1289,.T.);
#1080=ORIENTED_EDGE('',*,*,#1441,.F.);
#1081=ORIENTED_EDGE('',*,*,#1290,.F.);
#1082=ORIENTED_EDGE('',*,*,#1442,.F.);
#1083=ORIENTED_EDGE('',*,*,#1291,.F.);
#1084=ORIENTED_EDGE('',*,*,#1443,.F.);
#1085=ORIENTED_EDGE('',*,*,#1292,.F.);
#1086=ORIENTED_EDGE('',*,*,#1444,.F.);
#1087=ORIENTED_EDGE('',*,*,#1293,.F.);
#1088=ORIENTED_EDGE('',*,*,#1445,.F.);
#1089=ORIENTED_EDGE('',*,*,#1294,.F.);
#1090=ORIENTED_EDGE('',*,*,#1446,.F.);
#1091=ORIENTED_EDGE('',*,*,#1295,.F.);
#1092=ORIENTED_EDGE('',*,*,#1447,.F.);
#1093=ORIENTED_EDGE('',*,*,#1296,.F.);
#1094=ORIENTED_EDGE('',*,*,#1448,.F.);
#1095=ORIENTED_EDGE('',*,*,#1297,.F.);
#1096=ORIENTED_EDGE('',*,*,#1449,.T.);
#1097=ORIENTED_EDGE('',*,*,#1298,.T.);
#1098=ORIENTED_EDGE('',*,*,#1450,.T.);
#1099=ORIENTED_EDGE('',*,*,#1299,.T.);
#1100=ORIENTED_EDGE('',*,*,#1451,.T.);
#1101=ORIENTED_EDGE('',*,*,#1300,.T.);
#1102=ORIENTED_EDGE('',*,*,#1452,.T.);
#1103=ORIENTED_EDGE('',*,*,#1301,.T.);
#1104=ORIENTED_EDGE('',*,*,#1453,.T.);
#1105=ORIENTED_EDGE('',*,*,#1302,.T.);
#1106=ORIENTED_EDGE('',*,*,#1454,.T.);
#1107=ORIENTED_EDGE('',*,*,#1303,.T.);
#1108=ORIENTED_EDGE('',*,*,#1455,.T.);
#1109=ORIENTED_EDGE('',*,*,#1304,.T.);
#1110=ORIENTED_EDGE('',*,*,#1306,.F.);
#1111=ORIENTED_EDGE('',*,*,#1582,.T.);
#1112=ORIENTED_EDGE('',*,*,#1460,.T.);
#1113=ORIENTED_EDGE('',*,*,#1583,.F.);
#1114=ORIENTED_EDGE('',*,*,#1305,.F.);
#1115=ORIENTED_EDGE('',*,*,#1584,.T.);
#1116=ORIENTED_EDGE('',*,*,#1461,.T.);
#1117=ORIENTED_EDGE('',*,*,#1582,.F.);
#1118=ORIENTED_EDGE('',*,*,#1312,.F.);
#1119=ORIENTED_EDGE('',*,*,#1585,.T.);
#1120=ORIENTED_EDGE('',*,*,#1462,.T.);
#1121=ORIENTED_EDGE('',*,*,#1584,.F.);
#1122=ORIENTED_EDGE('',*,*,#1311,.F.);
#1123=ORIENTED_EDGE('',*,*,#1586,.T.);
#1124=ORIENTED_EDGE('',*,*,#1463,.T.);
#1125=ORIENTED_EDGE('',*,*,#1585,.F.);
#1126=ORIENTED_EDGE('',*,*,#1310,.F.);
#1127=ORIENTED_EDGE('',*,*,#1587,.T.);
#1128=ORIENTED_EDGE('',*,*,#1464,.T.);
#1129=ORIENTED_EDGE('',*,*,#1586,.F.);
#1130=ORIENTED_EDGE('',*,*,#1309,.F.);
#1131=ORIENTED_EDGE('',*,*,#1588,.T.);
#1132=ORIENTED_EDGE('',*,*,#1465,.T.);
#1133=ORIENTED_EDGE('',*,*,#1587,.F.);
#1134=ORIENTED_EDGE('',*,*,#1308,.F.);
#1135=ORIENTED_EDGE('',*,*,#1589,.T.);
#1136=ORIENTED_EDGE('',*,*,#1466,.T.);
#1137=ORIENTED_EDGE('',*,*,#1588,.F.);
#1138=ORIENTED_EDGE('',*,*,#1314,.F.);
#1139=ORIENTED_EDGE('',*,*,#1590,.T.);
#1140=ORIENTED_EDGE('',*,*,#1456,.T.);
#1141=ORIENTED_EDGE('',*,*,#1591,.F.);
#1142=ORIENTED_EDGE('',*,*,#1313,.F.);
#1143=ORIENTED_EDGE('',*,*,#1592,.T.);
#1144=ORIENTED_EDGE('',*,*,#1457,.T.);
#1145=ORIENTED_EDGE('',*,*,#1590,.F.);
#1146=ORIENTED_EDGE('',*,*,#1316,.F.);
#1147=ORIENTED_EDGE('',*,*,#1593,.T.);
#1148=ORIENTED_EDGE('',*,*,#1458,.T.);
#1149=ORIENTED_EDGE('',*,*,#1592,.F.);
#1150=ORIENTED_EDGE('',*,*,#1307,.F.);
#1151=ORIENTED_EDGE('',*,*,#1583,.T.);
#1152=ORIENTED_EDGE('',*,*,#1467,.T.);
#1153=ORIENTED_EDGE('',*,*,#1589,.F.);
#1154=ORIENTED_EDGE('',*,*,#1315,.F.);
#1155=ORIENTED_EDGE('',*,*,#1591,.T.);
#1156=ORIENTED_EDGE('',*,*,#1459,.T.);
#1157=ORIENTED_EDGE('',*,*,#1593,.F.);
#1158=EDGE_CURVE('',#1594,#1595,#1900,.T.);
#1159=EDGE_CURVE('',#1596,#1594,#1901,.T.);
#1160=EDGE_CURVE('',#1596,#1597,#1902,.T.);
#1161=EDGE_CURVE('',#1595,#1597,#1903,.T.);
#1162=EDGE_CURVE('',#1598,#1599,#16,.F.);
#1163=EDGE_CURVE('',#1599,#1600,#1904,.T.);
#1164=EDGE_CURVE('',#1600,#1601,#17,.T.);
#1165=EDGE_CURVE('',#1598,#1601,#1905,.T.);
#1166=EDGE_CURVE('',#1602,#1602,#18,.T.);
#1167=EDGE_CURVE('',#1603,#1603,#19,.T.);
#1168=EDGE_CURVE('',#1604,#1605,#1906,.T.);
#1169=EDGE_CURVE('',#1606,#1604,#1907,.T.);
#1170=EDGE_CURVE('',#1606,#1607,#20,.T.);
#1171=EDGE_CURVE('',#1608,#1607,#21,.T.);
#1172=EDGE_CURVE('',#1609,#1608,#1908,.T.);
#1173=EDGE_CURVE('',#1610,#1609,#22,.T.);
#1174=EDGE_CURVE('',#1610,#1611,#23,.T.);
#1175=EDGE_CURVE('',#1605,#1611,#24,.T.);
#1176=EDGE_CURVE('',#1600,#1595,#1909,.T.);
#1177=EDGE_CURVE('',#1597,#1612,#25,.T.);
#1178=EDGE_CURVE('',#1613,#1612,#26,.T.);
#1179=EDGE_CURVE('',#1613,#1614,#27,.T.);
#1180=EDGE_CURVE('',#1614,#1615,#1910,.T.);
#1181=EDGE_CURVE('',#1615,#1601,#28,.T.);
#1182=EDGE_CURVE('',#1616,#1617,#1911,.T.);
#1183=EDGE_CURVE('',#1616,#1618,#29,.T.);
#1184=EDGE_CURVE('',#1618,#1619,#1912,.T.);
#1185=EDGE_CURVE('',#1619,#1620,#30,.T.);
#1186=EDGE_CURVE('',#1620,#1621,#1913,.T.);
#1187=EDGE_CURVE('',#1622,#1621,#31,.T.);
#1188=EDGE_CURVE('',#1623,#1622,#1914,.T.);
#1189=EDGE_CURVE('',#1624,#1623,#32,.T.);
#1190=EDGE_CURVE('',#1625,#1624,#1915,.T.);
#1191=EDGE_CURVE('',#1626,#1625,#33,.T.);
#1192=EDGE_CURVE('',#1627,#1626,#1916,.T.);
#1193=EDGE_CURVE('',#1627,#1628,#34,.T.);
#1194=EDGE_CURVE('',#1628,#1629,#1917,.T.);
#1195=EDGE_CURVE('',#1629,#1630,#35,.T.);
#1196=EDGE_CURVE('',#1630,#1631,#1918,.T.);
#1197=EDGE_CURVE('',#1631,#1632,#36,.T.);
#1198=EDGE_CURVE('',#1632,#1633,#1919,.T.);
#1199=EDGE_CURVE('',#1633,#1634,#37,.T.);
#1200=EDGE_CURVE('',#1635,#1634,#1920,.T.);
#1201=EDGE_CURVE('',#1617,#1635,#38,.T.);
#1202=EDGE_CURVE('',#1636,#1637,#1921,.T.);
#1203=EDGE_CURVE('',#1638,#1636,#39,.T.);
#1204=EDGE_CURVE('',#1638,#1639,#1922,.T.);
#1205=EDGE_CURVE('',#1640,#1639,#40,.T.);
#1206=EDGE_CURVE('',#1641,#1640,#1923,.T.);
#1207=EDGE_CURVE('',#1641,#1637,#41,.T.);
#1208=EDGE_CURVE('',#1642,#1642,#42,.T.);
#1209=EDGE_CURVE('',#1643,#1644,#1924,.T.);
#1210=EDGE_CURVE('',#1644,#1645,#43,.T.);
#1211=EDGE_CURVE('',#1646,#1645,#1925,.T.);
#1212=EDGE_CURVE('',#1646,#1643,#1926,.T.);
#1213=EDGE_CURVE('',#1647,#1648,#1927,.T.);
#1214=EDGE_CURVE('',#1648,#1649,#44,.T.);
#1215=EDGE_CURVE('',#1650,#1649,#1928,.T.);
#1216=EDGE_CURVE('',#1647,#1650,#1929,.T.);
#1217=EDGE_CURVE('',#1651,#1652,#45,.T.);
#1218=EDGE_CURVE('',#1651,#1653,#1930,.T.);
#1219=EDGE_CURVE('',#1654,#1653,#46,.T.);
#1220=EDGE_CURVE('',#1654,#1655,#47,.T.);
#1221=EDGE_CURVE('',#1656,#1655,#48,.T.);
#1222=EDGE_CURVE('',#1656,#1657,#1931,.T.);
#1223=EDGE_CURVE('',#1658,#1657,#49,.T.);
#1224=EDGE_CURVE('',#1658,#1652,#50,.T.);
#1225=EDGE_CURVE('',#1659,#1660,#51,.T.);
#1226=EDGE_CURVE('',#1659,#1661,#1932,.T.);
#1227=EDGE_CURVE('',#1662,#1661,#52,.T.);
#1228=EDGE_CURVE('',#1663,#1662,#1933,.T.);
#1229=EDGE_CURVE('',#1664,#1663,#53,.T.);
#1230=EDGE_CURVE('',#1660,#1664,#1934,.T.);
#1231=EDGE_CURVE('',#1665,#1665,#54,.T.);
#1232=EDGE_CURVE('',#1666,#1666,#55,.T.);
#1233=EDGE_CURVE('',#1667,#1668,#56,.T.);
#1234=EDGE_CURVE('',#1669,#1667,#1935,.T.);
#1235=EDGE_CURVE('',#1670,#1669,#57,.T.);
#1236=EDGE_CURVE('',#1670,#1671,#1936,.T.);
#1237=EDGE_CURVE('',#1672,#1671,#58,.T.);
#1238=EDGE_CURVE('',#1668,#1672,#1937,.T.);
#1239=EDGE_CURVE('',#1673,#1674,#59,.T.);
#1240=EDGE_CURVE('',#1675,#1673,#1938,.T.);
#1241=EDGE_CURVE('',#1676,#1675,#60,.T.);
#1242=EDGE_CURVE('',#1676,#1677,#1939,.T.);
#1243=EDGE_CURVE('',#1678,#1677,#61,.T.);
#1244=EDGE_CURVE('',#1674,#1678,#1940,.T.);
#1245=EDGE_CURVE('',#1679,#1680,#1941,.T.);
#1246=EDGE_CURVE('',#1681,#1680,#62,.F.);
#1247=EDGE_CURVE('',#1681,#1682,#1942,.T.);
#1248=EDGE_CURVE('',#1683,#1682,#63,.F.);
#1249=EDGE_CURVE('',#1684,#1683,#1943,.T.);
#1250=EDGE_CURVE('',#1684,#1685,#64,.F.);
#1251=EDGE_CURVE('',#1686,#1685,#1944,.T.);
#1252=EDGE_CURVE('',#1686,#1679,#65,.F.);
#1253=EDGE_CURVE('',#1687,#1688,#1945,.T.);
#1254=EDGE_CURVE('',#1689,#1687,#1946,.T.);
#1255=EDGE_CURVE('',#1689,#1690,#1947,.T.);
#1256=EDGE_CURVE('',#1688,#1690,#66,.T.);
#1257=EDGE_CURVE('',#1691,#1692,#1948,.T.);
#1258=EDGE_CURVE('',#1691,#1693,#1949,.T.);
#1259=EDGE_CURVE('',#1693,#1694,#1950,.T.);
#1260=EDGE_CURVE('',#1692,#1694,#67,.T.);
#1261=EDGE_CURVE('',#1695,#1696,#68,.T.);
#1262=EDGE_CURVE('',#1697,#1696,#69,.T.);
#1263=EDGE_CURVE('',#1697,#1698,#70,.T.);
#1264=EDGE_CURVE('',#1699,#1698,#1951,.T.);
#1265=EDGE_CURVE('',#1699,#1700,#71,.T.);
#1266=EDGE_CURVE('',#1701,#1700,#72,.T.);
#1267=EDGE_CURVE('',#1701,#1702,#73,.T.);
#1268=EDGE_CURVE('',#1695,#1702,#1952,.T.);
#1269=EDGE_CURVE('',#1703,#1704,#74,.T.);
#1270=EDGE_CURVE('',#1704,#1705,#1953,.T.);
#1271=EDGE_CURVE('',#1705,#1706,#75,.T.);
#1272=EDGE_CURVE('',#1706,#1707,#1954,.T.);
#1273=EDGE_CURVE('',#1707,#1708,#76,.T.);
#1274=EDGE_CURVE('',#1703,#1708,#1955,.T.);
#1275=EDGE_CURVE('',#1709,#1709,#77,.T.);
#1276=EDGE_CURVE('',#1710,#1710,#78,.T.);
#1277=EDGE_CURVE('',#1711,#1712,#79,.T.);
#1278=EDGE_CURVE('',#1712,#1713,#1956,.T.);
#1279=EDGE_CURVE('',#1713,#1714,#80,.T.);
#1280=EDGE_CURVE('',#1715,#1714,#1957,.T.);
#1281=EDGE_CURVE('',#1715,#1716,#81,.T.);
#1282=EDGE_CURVE('',#1716,#1711,#1958,.T.);
#1283=EDGE_CURVE('',#1717,#1718,#82,.T.);
#1284=EDGE_CURVE('',#1718,#1719,#1959,.T.);
#1285=EDGE_CURVE('',#1719,#1720,#83,.T.);
#1286=EDGE_CURVE('',#1721,#1720,#1960,.T.);
#1287=EDGE_CURVE('',#1721,#1722,#84,.T.);
#1288=EDGE_CURVE('',#1722,#1717,#1961,.T.);
#1289=EDGE_CURVE('',#1723,#1723,#85,.T.);
#1290=EDGE_CURVE('',#1724,#1724,#86,.T.);
#1291=EDGE_CURVE('',#1725,#1725,#87,.T.);
#1292=EDGE_CURVE('',#1726,#1726,#88,.T.);
#1293=EDGE_CURVE('',#1727,#1727,#89,.T.);
#1294=EDGE_CURVE('',#1728,#1728,#90,.T.);
#1295=EDGE_CURVE('',#1729,#1729,#91,.T.);
#1296=EDGE_CURVE('',#1730,#1730,#92,.T.);
#1297=EDGE_CURVE('',#1731,#1731,#93,.T.);
#1298=EDGE_CURVE('',#1732,#1732,#94,.T.);
#1299=EDGE_CURVE('',#1733,#1733,#95,.T.);
#1300=EDGE_CURVE('',#1734,#1734,#96,.T.);
#1301=EDGE_CURVE('',#1735,#1735,#97,.T.);
#1302=EDGE_CURVE('',#1736,#1736,#98,.T.);
#1303=EDGE_CURVE('',#1737,#1737,#99,.T.);
#1304=EDGE_CURVE('',#1738,#1738,#100,.T.);
#1305=EDGE_CURVE('',#1739,#1740,#1962,.T.);
#1306=EDGE_CURVE('',#1740,#1741,#101,.F.);
#1307=EDGE_CURVE('',#1741,#1742,#1963,.T.);
#1308=EDGE_CURVE('',#1742,#1743,#102,.F.);
#1309=EDGE_CURVE('',#1743,#1744,#1964,.T.);
#1310=EDGE_CURVE('',#1744,#1745,#103,.F.);
#1311=EDGE_CURVE('',#1745,#1746,#1965,.T.);
#1312=EDGE_CURVE('',#1746,#1739,#104,.F.);
#1313=EDGE_CURVE('',#1747,#1748,#1966,.T.);
#1314=EDGE_CURVE('',#1748,#1749,#105,.F.);
#1315=EDGE_CURVE('',#1749,#1750,#1967,.T.);
#1316=EDGE_CURVE('',#1750,#1747,#106,.F.);
#1317=EDGE_CURVE('',#1751,#1751,#107,.T.);
#1318=EDGE_CURVE('',#1752,#1752,#108,.T.);
#1319=EDGE_CURVE('',#1753,#1754,#109,.F.);
#1320=EDGE_CURVE('',#1755,#1754,#1968,.T.);
#1321=EDGE_CURVE('',#1756,#1755,#1969,.T.);
#1322=EDGE_CURVE('',#1757,#1756,#110,.F.);
#1323=EDGE_CURVE('',#1757,#1758,#111,.F.);
#1324=EDGE_CURVE('',#1759,#1758,#112,.F.);
#1325=EDGE_CURVE('',#1760,#1759,#1970,.T.);
#1326=EDGE_CURVE('',#1753,#1760,#113,.F.);
#1327=EDGE_CURVE('',#1761,#1762,#114,.T.);
#1328=EDGE_CURVE('',#1761,#1763,#1971,.T.);
#1329=EDGE_CURVE('',#1763,#1764,#115,.T.);
#1330=EDGE_CURVE('',#1764,#1765,#1972,.T.);
#1331=EDGE_CURVE('',#1766,#1765,#116,.T.);
#1332=EDGE_CURVE('',#1767,#1766,#1973,.T.);
#1333=EDGE_CURVE('',#1768,#1767,#117,.T.);
#1334=EDGE_CURVE('',#1769,#1768,#1974,.T.);
#1335=EDGE_CURVE('',#1770,#1769,#118,.T.);
#1336=EDGE_CURVE('',#1771,#1770,#1975,.T.);
#1337=EDGE_CURVE('',#1772,#1771,#119,.T.);
#1338=EDGE_CURVE('',#1772,#1773,#1976,.T.);
#1339=EDGE_CURVE('',#1773,#1774,#120,.T.);
#1340=EDGE_CURVE('',#1774,#1775,#1977,.T.);
#1341=EDGE_CURVE('',#1775,#1776,#121,.T.);
#1342=EDGE_CURVE('',#1776,#1777,#1978,.T.);
#1343=EDGE_CURVE('',#1777,#1778,#122,.T.);
#1344=EDGE_CURVE('',#1779,#1778,#1979,.T.);
#1345=EDGE_CURVE('',#1780,#1779,#123,.T.);
#1346=EDGE_CURVE('',#1762,#1780,#1980,.T.);
#1347=EDGE_CURVE('',#1781,#1782,#1981,.T.);
#1348=EDGE_CURVE('',#1782,#1783,#124,.F.);
#1349=EDGE_CURVE('',#1784,#1783,#1982,.T.);
#1350=EDGE_CURVE('',#1784,#1785,#125,.F.);
#1351=EDGE_CURVE('',#1786,#1785,#1983,.T.);
#1352=EDGE_CURVE('',#1787,#1786,#126,.F.);
#1353=EDGE_CURVE('',#1787,#1788,#1984,.T.);
#1354=EDGE_CURVE('',#1781,#1788,#127,.F.);
#1355=EDGE_CURVE('',#1789,#1789,#128,.T.);
#1356=EDGE_CURVE('',#1790,#1791,#1985,.T.);
#1357=EDGE_CURVE('',#1791,#1792,#1986,.T.);
#1358=EDGE_CURVE('',#1793,#1792,#1987,.T.);
#1359=EDGE_CURVE('',#1793,#1790,#129,.F.);
#1360=EDGE_CURVE('',#1794,#1795,#1988,.T.);
#1361=EDGE_CURVE('',#1796,#1795,#1989,.T.);
#1362=EDGE_CURVE('',#1797,#1796,#1990,.T.);
#1363=EDGE_CURVE('',#1797,#1794,#130,.F.);
#1364=EDGE_CURVE('',#1798,#1799,#131,.F.);
#1365=EDGE_CURVE('',#1800,#1799,#132,.F.);
#1366=EDGE_CURVE('',#1800,#1801,#1991,.T.);
#1367=EDGE_CURVE('',#1802,#1801,#133,.F.);
#1368=EDGE_CURVE('',#1802,#1803,#134,.F.);
#1369=EDGE_CURVE('',#1804,#1803,#135,.F.);
#1370=EDGE_CURVE('',#1804,#1805,#1992,.T.);
#1371=EDGE_CURVE('',#1798,#1805,#136,.F.);
#1372=EDGE_CURVE('',#1806,#1807,#1993,.T.);
#1373=EDGE_CURVE('',#1806,#1808,#137,.T.);
#1374=EDGE_CURVE('',#1808,#1809,#1994,.T.);
#1375=EDGE_CURVE('',#1809,#1810,#138,.T.);
#1376=EDGE_CURVE('',#1810,#1811,#1995,.T.);
#1377=EDGE_CURVE('',#1811,#1807,#139,.T.);
#1378=EDGE_CURVE('',#1812,#1813,#1996,.T.);
#1379=EDGE_CURVE('',#1813,#1814,#140,.T.);
#1380=EDGE_CURVE('',#1814,#1815,#1997,.T.);
#1381=EDGE_CURVE('',#1815,#1816,#141,.T.);
#1382=EDGE_CURVE('',#1817,#1816,#1998,.T.);
#1383=EDGE_CURVE('',#1817,#1812,#142,.T.);
#1384=EDGE_CURVE('',#1818,#1818,#143,.T.);
#1385=EDGE_CURVE('',#1819,#1819,#144,.T.);
#1386=EDGE_CURVE('',#1820,#1821,#1999,.T.);
#1387=EDGE_CURVE('',#1821,#1822,#145,.T.);
#1388=EDGE_CURVE('',#1822,#1823,#2000,.T.);
#1389=EDGE_CURVE('',#1823,#1824,#146,.T.);
#1390=EDGE_CURVE('',#1825,#1824,#2001,.T.);
#1391=EDGE_CURVE('',#1825,#1820,#147,.T.);
#1392=EDGE_CURVE('',#1826,#1827,#148,.T.);
#1393=EDGE_CURVE('',#1826,#1828,#2002,.T.);
#1394=EDGE_CURVE('',#1828,#1829,#149,.T.);
#1395=EDGE_CURVE('',#1830,#1829,#2003,.T.);
#1396=EDGE_CURVE('',#1830,#1831,#150,.T.);
#1397=EDGE_CURVE('',#1831,#1827,#2004,.T.);
#1398=EDGE_CURVE('',#1598,#1832,#151,.F.);
#1399=EDGE_CURVE('',#1832,#1833,#2005,.T.);
#1400=EDGE_CURVE('',#1833,#1834,#152,.F.);
#1401=EDGE_CURVE('',#1835,#1834,#153,.F.);
#1402=EDGE_CURVE('',#1835,#1596,#154,.F.);
#1403=EDGE_CURVE('',#1594,#1599,#2006,.T.);
#1404=EDGE_CURVE('',#1836,#1837,#2007,.T.);
#1405=EDGE_CURVE('',#1838,#1836,#155,.F.);
#1406=EDGE_CURVE('',#1838,#1839,#2008,.T.);
#1407=EDGE_CURVE('',#1837,#1839,#2009,.T.);
#1408=EDGE_CURVE('',#1840,#1841,#2010,.T.);
#1409=EDGE_CURVE('',#1842,#1840,#156,.F.);
#1410=EDGE_CURVE('',#1842,#1843,#2011,.T.);
#1411=EDGE_CURVE('',#1843,#1841,#2012,.T.);
#1412=EDGE_CURVE('',#1844,#1845,#157,.F.);
#1413=EDGE_CURVE('',#1844,#1846,#158,.F.);
#1414=EDGE_CURVE('',#1847,#1846,#2013,.T.);
#1415=EDGE_CURVE('',#1847,#1848,#159,.F.);
#1416=EDGE_CURVE('',#1849,#1848,#160,.F.);
#1417=EDGE_CURVE('',#1849,#1850,#161,.F.);
#1418=EDGE_CURVE('',#1851,#1850,#2014,.T.);
#1419=EDGE_CURVE('',#1851,#1845,#162,.F.);
#1420=EDGE_CURVE('',#1852,#1853,#2015,.T.);
#1421=EDGE_CURVE('',#1854,#1853,#163,.T.);
#1422=EDGE_CURVE('',#1855,#1854,#2016,.T.);
#1423=EDGE_CURVE('',#1856,#1855,#164,.T.);
#1424=EDGE_CURVE('',#1857,#1856,#2017,.T.);
#1425=EDGE_CURVE('',#1852,#1857,#165,.T.);
#1426=EDGE_CURVE('',#1858,#1859,#2018,.T.);
#1427=EDGE_CURVE('',#1860,#1858,#166,.T.);
#1428=EDGE_CURVE('',#1860,#1861,#2019,.T.);
#1429=EDGE_CURVE('',#1862,#1861,#167,.T.);
#1430=EDGE_CURVE('',#1863,#1862,#2020,.T.);
#1431=EDGE_CURVE('',#1859,#1863,#168,.T.);
#1432=EDGE_CURVE('',#1864,#1864,#169,.T.);
#1433=EDGE_CURVE('',#1865,#1865,#170,.T.);
#1434=EDGE_CURVE('',#1866,#1867,#2021,.T.);
#1435=EDGE_CURVE('',#1868,#1866,#171,.T.);
#1436=EDGE_CURVE('',#1868,#1869,#2022,.T.);
#1437=EDGE_CURVE('',#1870,#1869,#172,.T.);
#1438=EDGE_CURVE('',#1871,#1870,#2023,.T.);
#1439=EDGE_CURVE('',#1867,#1871,#173,.T.);
#1440=EDGE_CURVE('',#1872,#1872,#174,.F.);
#1441=EDGE_CURVE('',#1873,#1873,#175,.T.);
#1442=EDGE_CURVE('',#1874,#1874,#176,.T.);
#1443=EDGE_CURVE('',#1875,#1875,#177,.T.);
#1444=EDGE_CURVE('',#1876,#1876,#178,.T.);
#1445=EDGE_CURVE('',#1877,#1877,#179,.T.);
#1446=EDGE_CURVE('',#1878,#1878,#180,.T.);
#1447=EDGE_CURVE('',#1879,#1879,#181,.T.);
#1448=EDGE_CURVE('',#1880,#1880,#182,.T.);
#1449=EDGE_CURVE('',#1881,#1881,#183,.F.);
#1450=EDGE_CURVE('',#1882,#1882,#184,.F.);
#1451=EDGE_CURVE('',#1883,#1883,#185,.F.);
#1452=EDGE_CURVE('',#1884,#1884,#186,.F.);
#1453=EDGE_CURVE('',#1885,#1885,#187,.F.);
#1454=EDGE_CURVE('',#1886,#1886,#188,.F.);
#1455=EDGE_CURVE('',#1887,#1887,#189,.F.);
#1456=EDGE_CURVE('',#1888,#1889,#190,.T.);
#1457=EDGE_CURVE('',#1890,#1888,#2024,.T.);
#1458=EDGE_CURVE('',#1891,#1890,#191,.T.);
#1459=EDGE_CURVE('',#1889,#1891,#2025,.T.);
#1460=EDGE_CURVE('',#1892,#1893,#192,.T.);
#1461=EDGE_CURVE('',#1894,#1892,#2026,.T.);
#1462=EDGE_CURVE('',#1895,#1894,#193,.T.);
#1463=EDGE_CURVE('',#1896,#1895,#2027,.T.);
#1464=EDGE_CURVE('',#1897,#1896,#194,.T.);
#1465=EDGE_CURVE('',#1898,#1897,#2028,.T.);
#1466=EDGE_CURVE('',#1899,#1898,#195,.T.);
#1467=EDGE_CURVE('',#1893,#1899,#2029,.T.);
#1468=EDGE_CURVE('',#1641,#1826,#2030,.T.);
#1469=EDGE_CURVE('',#1640,#1828,#2031,.T.);
#1470=EDGE_CURVE('',#1616,#1761,#12,.T.);
#1471=EDGE_CURVE('',#1618,#1762,#2032,.T.);
#1472=EDGE_CURVE('',#1639,#1829,#2033,.T.);
#1473=EDGE_CURVE('',#1636,#1831,#2034,.T.);
#1474=EDGE_CURVE('',#1638,#1830,#2035,.T.);
#1475=EDGE_CURVE('',#1776,#1623,#2036,.T.);
#1476=EDGE_CURVE('',#1624,#1775,#2037,.T.);
#1477=EDGE_CURVE('',#1625,#1774,#2038,.T.);
#1478=EDGE_CURVE('',#1626,#1773,#2039,.T.);
#1479=EDGE_CURVE('',#1627,#1772,#2040,.T.);
#1480=EDGE_CURVE('',#1628,#1771,#2041,.T.);
#1481=EDGE_CURVE('',#1619,#1780,#2042,.T.);
#1482=EDGE_CURVE('',#1620,#1779,#2043,.T.);
#1483=EDGE_CURVE('',#1621,#1778,#2044,.T.);
#1484=EDGE_CURVE('',#1679,#1786,#2045,.T.);
#1485=EDGE_CURVE('',#1686,#1787,#2046,.T.);
#1486=EDGE_CURVE('',#1680,#1785,#2047,.T.);
#1487=EDGE_CURVE('',#1683,#1782,#2048,.T.);
#1488=EDGE_CURVE('',#1684,#1781,#2049,.T.);
#1489=EDGE_CURVE('',#1685,#1788,#2050,.T.);
#1490=EDGE_CURVE('',#1777,#1622,#2051,.T.);
#1491=EDGE_CURVE('',#1813,#1667,#2052,.T.);
#1492=EDGE_CURVE('',#1814,#1668,#2053,.T.);
#1493=EDGE_CURVE('',#1815,#1672,#2054,.T.);
#1494=EDGE_CURVE('',#1816,#1671,#2055,.T.);
#1495=EDGE_CURVE('',#1817,#1670,#2056,.T.);
#1496=EDGE_CURVE('',#1812,#1669,#2057,.T.);
#1497=EDGE_CURVE('',#1807,#1661,#2058,.T.);
#1498=EDGE_CURVE('',#1806,#1659,#2059,.T.);
#1499=EDGE_CURVE('',#1808,#1660,#2060,.T.);
#1500=EDGE_CURVE('',#1809,#1664,#2061,.T.);
#1501=EDGE_CURVE('',#1810,#1663,#2062,.T.);
#1502=EDGE_CURVE('',#1811,#1662,#2063,.T.);
#1503=EDGE_CURVE('',#1821,#1673,#2064,.T.);
#1504=EDGE_CURVE('',#1822,#1674,#2065,.T.);
#1505=EDGE_CURVE('',#1823,#1678,#2066,.T.);
#1506=EDGE_CURVE('',#1824,#1677,#2067,.T.);
#1507=EDGE_CURVE('',#1825,#1676,#2068,.T.);
#1508=EDGE_CURVE('',#1820,#1675,#2069,.T.);
#1509=EDGE_CURVE('',#1798,#1652,#2070,.T.);
#1510=EDGE_CURVE('',#1799,#1658,#2071,.T.);
#1511=EDGE_CURVE('',#1800,#1657,#2072,.T.);
#1512=EDGE_CURVE('',#1801,#1656,#2073,.T.);
#1513=EDGE_CURVE('',#1802,#1655,#2074,.T.);
#1514=EDGE_CURVE('',#1803,#1654,#2075,.T.);
#1515=EDGE_CURVE('',#1804,#1653,#2076,.T.);
#1516=EDGE_CURVE('',#1805,#1651,#2077,.T.);
#1517=EDGE_CURVE('',#1796,#1650,#2078,.T.);
#1518=EDGE_CURVE('',#1795,#1647,#2079,.T.);
#1519=EDGE_CURVE('',#1797,#1649,#2080,.T.);
#1520=EDGE_CURVE('',#1794,#1648,#2081,.T.);
#1521=EDGE_CURVE('',#1791,#1643,#2082,.T.);
#1522=EDGE_CURVE('',#1792,#1646,#2083,.T.);
#1523=EDGE_CURVE('',#1793,#1645,#2084,.T.);
#1524=EDGE_CURVE('',#1790,#1644,#2085,.T.);
#1525=EDGE_CURVE('',#1754,#1606,#2086,.T.);
#1526=EDGE_CURVE('',#1753,#1607,#2087,.T.);
#1527=EDGE_CURVE('',#1760,#1608,#2088,.T.);
#1528=EDGE_CURVE('',#1755,#1604,#2089,.T.);
#1529=EDGE_CURVE('',#1756,#1605,#2090,.T.);
#1530=EDGE_CURVE('',#1757,#1611,#2091,.T.);
#1531=EDGE_CURVE('',#1758,#1610,#2092,.T.);
#1532=EDGE_CURVE('',#1759,#1609,#2093,.T.);
#1533=EDGE_CURVE('',#1637,#1827,#2094,.T.);
#1534=EDGE_CURVE('',#1767,#1632,#2095,.T.);
#1535=EDGE_CURVE('',#1631,#1768,#2096,.T.);
#1536=EDGE_CURVE('',#1630,#1769,#2097,.T.);
#1537=EDGE_CURVE('',#1629,#1770,#2098,.T.);
#1538=EDGE_CURVE('',#1617,#1763,#13,.F.);
#1539=EDGE_CURVE('',#1635,#1764,#14,.T.);
#1540=EDGE_CURVE('',#1634,#1765,#15,.F.);
#1541=EDGE_CURVE('',#1681,#1784,#2099,.T.);
#1542=EDGE_CURVE('',#1682,#1783,#2100,.T.);
#1543=EDGE_CURVE('',#1766,#1633,#2101,.T.);
#1544=EDGE_CURVE('',#1859,#1711,#2102,.T.);
#1545=EDGE_CURVE('',#1863,#1712,#2103,.T.);
#1546=EDGE_CURVE('',#1862,#1713,#2104,.T.);
#1547=EDGE_CURVE('',#1861,#1714,#2105,.T.);
#1548=EDGE_CURVE('',#1860,#1715,#2106,.T.);
#1549=EDGE_CURVE('',#1858,#1716,#2107,.T.);
#1550=EDGE_CURVE('',#1852,#1703,#2108,.T.);
#1551=EDGE_CURVE('',#1853,#1708,#2109,.T.);
#1552=EDGE_CURVE('',#1857,#1704,#2110,.T.);
#1553=EDGE_CURVE('',#1856,#1705,#2111,.T.);
#1554=EDGE_CURVE('',#1855,#1706,#2112,.T.);
#1555=EDGE_CURVE('',#1854,#1707,#2113,.T.);
#1556=EDGE_CURVE('',#1867,#1717,#2114,.T.);
#1557=EDGE_CURVE('',#1871,#1718,#2115,.T.);
#1558=EDGE_CURVE('',#1870,#1719,#2116,.T.);
#1559=EDGE_CURVE('',#1869,#1720,#2117,.T.);
#1560=EDGE_CURVE('',#1868,#1721,#2118,.T.);
#1561=EDGE_CURVE('',#1866,#1722,#2119,.T.);
#1562=EDGE_CURVE('',#1844,#1696,#2120,.T.);
#1563=EDGE_CURVE('',#1846,#1695,#2121,.T.);
#1564=EDGE_CURVE('',#1847,#1702,#2122,.T.);
#1565=EDGE_CURVE('',#1848,#1701,#2123,.T.);
#1566=EDGE_CURVE('',#1849,#1700,#2124,.T.);
#1567=EDGE_CURVE('',#1850,#1699,#2125,.T.);
#1568=EDGE_CURVE('',#1851,#1698,#2126,.T.);
#1569=EDGE_CURVE('',#1845,#1697,#2127,.T.);
#1570=EDGE_CURVE('',#1840,#1692,#2128,.T.);
#1571=EDGE_CURVE('',#1842,#1694,#2129,.T.);
#1572=EDGE_CURVE('',#1841,#1691,#2130,.T.);
#1573=EDGE_CURVE('',#1843,#1693,#2131,.T.);
#1574=EDGE_CURVE('',#1837,#1687,#2132,.T.);
#1575=EDGE_CURVE('',#1836,#1688,#2133,.T.);
#1576=EDGE_CURVE('',#1838,#1690,#2134,.T.);
#1577=EDGE_CURVE('',#1839,#1689,#2135,.T.);
#1578=EDGE_CURVE('',#1832,#1615,#2136,.T.);
#1579=EDGE_CURVE('',#1833,#1614,#2137,.T.);
#1580=EDGE_CURVE('',#1834,#1613,#2138,.T.);
#1581=EDGE_CURVE('',#1835,#1612,#2139,.T.);
#1582=EDGE_CURVE('',#1740,#1892,#2140,.T.);
#1583=EDGE_CURVE('',#1741,#1893,#2141,.T.);
#1584=EDGE_CURVE('',#1739,#1894,#2142,.T.);
#1585=EDGE_CURVE('',#1746,#1895,#2143,.T.);
#1586=EDGE_CURVE('',#1745,#1896,#2144,.T.);
#1587=EDGE_CURVE('',#1744,#1897,#2145,.T.);
#1588=EDGE_CURVE('',#1743,#1898,#2146,.T.);
#1589=EDGE_CURVE('',#1742,#1899,#2147,.T.);
#1590=EDGE_CURVE('',#1748,#1888,#2148,.T.);
#1591=EDGE_CURVE('',#1749,#1889,#2149,.T.);
#1592=EDGE_CURVE('',#1747,#1890,#2150,.T.);
#1593=EDGE_CURVE('',#1750,#1891,#2151,.T.);
#1594=VERTEX_POINT('',#4419);
#1595=VERTEX_POINT('',#4420);
#1596=VERTEX_POINT('',#4422);
#1597=VERTEX_POINT('',#4424);
#1598=VERTEX_POINT('',#4428);
#1599=VERTEX_POINT('',#4429);
#1600=VERTEX_POINT('',#4431);
#1601=VERTEX_POINT('',#4433);
#1602=VERTEX_POINT('',#4437);
#1603=VERTEX_POINT('',#4439);
#1604=VERTEX_POINT('',#4441);
#1605=VERTEX_POINT('',#4442);
#1606=VERTEX_POINT('',#4444);
#1607=VERTEX_POINT('',#4446);
#1608=VERTEX_POINT('',#4448);
#1609=VERTEX_POINT('',#4450);
#1610=VERTEX_POINT('',#4452);
#1611=VERTEX_POINT('',#4454);
#1612=VERTEX_POINT('',#4458);
#1613=VERTEX_POINT('',#4460);
#1614=VERTEX_POINT('',#4462);
#1615=VERTEX_POINT('',#4464);
#1616=VERTEX_POINT('',#4467);
#1617=VERTEX_POINT('',#4468);
#1618=VERTEX_POINT('',#4470);
#1619=VERTEX_POINT('',#4472);
#1620=VERTEX_POINT('',#4474);
#1621=VERTEX_POINT('',#4476);
#1622=VERTEX_POINT('',#4478);
#1623=VERTEX_POINT('',#4480);
#1624=VERTEX_POINT('',#4482);
#1625=VERTEX_POINT('',#4484);
#1626=VERTEX_POINT('',#4486);
#1627=VERTEX_POINT('',#4488);
#1628=VERTEX_POINT('',#4490);
#1629=VERTEX_POINT('',#4492);
#1630=VERTEX_POINT('',#4494);
#1631=VERTEX_POINT('',#4496);
#1632=VERTEX_POINT('',#4498);
#1633=VERTEX_POINT('',#4500);
#1634=VERTEX_POINT('',#4502);
#1635=VERTEX_POINT('',#4504);
#1636=VERTEX_POINT('',#4507);
#1637=VERTEX_POINT('',#4508);
#1638=VERTEX_POINT('',#4510);
#1639=VERTEX_POINT('',#4512);
#1640=VERTEX_POINT('',#4514);
#1641=VERTEX_POINT('',#4516);
#1642=VERTEX_POINT('',#4519);
#1643=VERTEX_POINT('',#4521);
#1644=VERTEX_POINT('',#4522);
#1645=VERTEX_POINT('',#4524);
#1646=VERTEX_POINT('',#4526);
#1647=VERTEX_POINT('',#4529);
#1648=VERTEX_POINT('',#4530);
#1649=VERTEX_POINT('',#4532);
#1650=VERTEX_POINT('',#4534);
#1651=VERTEX_POINT('',#4537);
#1652=VERTEX_POINT('',#4538);
#1653=VERTEX_POINT('',#4540);
#1654=VERTEX_POINT('',#4542);
#1655=VERTEX_POINT('',#4544);
#1656=VERTEX_POINT('',#4546);
#1657=VERTEX_POINT('',#4548);
#1658=VERTEX_POINT('',#4550);
#1659=VERTEX_POINT('',#4553);
#1660=VERTEX_POINT('',#4554);
#1661=VERTEX_POINT('',#4556);
#1662=VERTEX_POINT('',#4558);
#1663=VERTEX_POINT('',#4560);
#1664=VERTEX_POINT('',#4562);
#1665=VERTEX_POINT('',#4565);
#1666=VERTEX_POINT('',#4567);
#1667=VERTEX_POINT('',#4569);
#1668=VERTEX_POINT('',#4570);
#1669=VERTEX_POINT('',#4572);
#1670=VERTEX_POINT('',#4574);
#1671=VERTEX_POINT('',#4576);
#1672=VERTEX_POINT('',#4578);
#1673=VERTEX_POINT('',#4581);
#1674=VERTEX_POINT('',#4582);
#1675=VERTEX_POINT('',#4584);
#1676=VERTEX_POINT('',#4586);
#1677=VERTEX_POINT('',#4588);
#1678=VERTEX_POINT('',#4590);
#1679=VERTEX_POINT('',#4593);
#1680=VERTEX_POINT('',#4594);
#1681=VERTEX_POINT('',#4596);
#1682=VERTEX_POINT('',#4598);
#1683=VERTEX_POINT('',#4600);
#1684=VERTEX_POINT('',#4602);
#1685=VERTEX_POINT('',#4604);
#1686=VERTEX_POINT('',#4606);
#1687=VERTEX_POINT('',#4609);
#1688=VERTEX_POINT('',#4610);
#1689=VERTEX_POINT('',#4612);
#1690=VERTEX_POINT('',#4614);
#1691=VERTEX_POINT('',#4617);
#1692=VERTEX_POINT('',#4618);
#1693=VERTEX_POINT('',#4620);
#1694=VERTEX_POINT('',#4622);
#1695=VERTEX_POINT('',#4625);
#1696=VERTEX_POINT('',#4626);
#1697=VERTEX_POINT('',#4628);
#1698=VERTEX_POINT('',#4630);
#1699=VERTEX_POINT('',#4632);
#1700=VERTEX_POINT('',#4634);
#1701=VERTEX_POINT('',#4636);
#1702=VERTEX_POINT('',#4638);
#1703=VERTEX_POINT('',#4641);
#1704=VERTEX_POINT('',#4642);
#1705=VERTEX_POINT('',#4644);
#1706=VERTEX_POINT('',#4646);
#1707=VERTEX_POINT('',#4648);
#1708=VERTEX_POINT('',#4650);
#1709=VERTEX_POINT('',#4653);
#1710=VERTEX_POINT('',#4655);
#1711=VERTEX_POINT('',#4657);
#1712=VERTEX_POINT('',#4658);
#1713=VERTEX_POINT('',#4660);
#1714=VERTEX_POINT('',#4662);
#1715=VERTEX_POINT('',#4664);
#1716=VERTEX_POINT('',#4666);
#1717=VERTEX_POINT('',#4669);
#1718=VERTEX_POINT('',#4670);
#1719=VERTEX_POINT('',#4672);
#1720=VERTEX_POINT('',#4674);
#1721=VERTEX_POINT('',#4676);
#1722=VERTEX_POINT('',#4678);
#1723=VERTEX_POINT('',#4681);
#1724=VERTEX_POINT('',#4683);
#1725=VERTEX_POINT('',#4685);
#1726=VERTEX_POINT('',#4687);
#1727=VERTEX_POINT('',#4689);
#1728=VERTEX_POINT('',#4691);
#1729=VERTEX_POINT('',#4693);
#1730=VERTEX_POINT('',#4695);
#1731=VERTEX_POINT('',#4697);
#1732=VERTEX_POINT('',#4699);
#1733=VERTEX_POINT('',#4701);
#1734=VERTEX_POINT('',#4703);
#1735=VERTEX_POINT('',#4705);
#1736=VERTEX_POINT('',#4707);
#1737=VERTEX_POINT('',#4709);
#1738=VERTEX_POINT('',#4711);
#1739=VERTEX_POINT('',#4713);
#1740=VERTEX_POINT('',#4714);
#1741=VERTEX_POINT('',#4716);
#1742=VERTEX_POINT('',#4718);
#1743=VERTEX_POINT('',#4720);
#1744=VERTEX_POINT('',#4722);
#1745=VERTEX_POINT('',#4724);
#1746=VERTEX_POINT('',#4726);
#1747=VERTEX_POINT('',#4729);
#1748=VERTEX_POINT('',#4730);
#1749=VERTEX_POINT('',#4732);
#1750=VERTEX_POINT('',#4734);
#1751=VERTEX_POINT('',#4738);
#1752=VERTEX_POINT('',#4740);
#1753=VERTEX_POINT('',#4742);
#1754=VERTEX_POINT('',#4743);
#1755=VERTEX_POINT('',#4745);
#1756=VERTEX_POINT('',#4747);
#1757=VERTEX_POINT('',#4749);
#1758=VERTEX_POINT('',#4751);
#1759=VERTEX_POINT('',#4753);
#1760=VERTEX_POINT('',#4755);
#1761=VERTEX_POINT('',#4758);
#1762=VERTEX_POINT('',#4759);
#1763=VERTEX_POINT('',#4761);
#1764=VERTEX_POINT('',#4763);
#1765=VERTEX_POINT('',#4765);
#1766=VERTEX_POINT('',#4767);
#1767=VERTEX_POINT('',#4769);
#1768=VERTEX_POINT('',#4771);
#1769=VERTEX_POINT('',#4773);
#1770=VERTEX_POINT('',#4775);
#1771=VERTEX_POINT('',#4777);
#1772=VERTEX_POINT('',#4779);
#1773=VERTEX_POINT('',#4781);
#1774=VERTEX_POINT('',#4783);
#1775=VERTEX_POINT('',#4785);
#1776=VERTEX_POINT('',#4787);
#1777=VERTEX_POINT('',#4789);
#1778=VERTEX_POINT('',#4791);
#1779=VERTEX_POINT('',#4793);
#1780=VERTEX_POINT('',#4795);
#1781=VERTEX_POINT('',#4798);
#1782=VERTEX_POINT('',#4799);
#1783=VERTEX_POINT('',#4801);
#1784=VERTEX_POINT('',#4803);
#1785=VERTEX_POINT('',#4805);
#1786=VERTEX_POINT('',#4807);
#1787=VERTEX_POINT('',#4809);
#1788=VERTEX_POINT('',#4811);
#1789=VERTEX_POINT('',#4814);
#1790=VERTEX_POINT('',#4816);
#1791=VERTEX_POINT('',#4817);
#1792=VERTEX_POINT('',#4819);
#1793=VERTEX_POINT('',#4821);
#1794=VERTEX_POINT('',#4824);
#1795=VERTEX_POINT('',#4825);
#1796=VERTEX_POINT('',#4827);
#1797=VERTEX_POINT('',#4829);
#1798=VERTEX_POINT('',#4832);
#1799=VERTEX_POINT('',#4833);
#1800=VERTEX_POINT('',#4835);
#1801=VERTEX_POINT('',#4837);
#1802=VERTEX_POINT('',#4839);
#1803=VERTEX_POINT('',#4841);
#1804=VERTEX_POINT('',#4843);
#1805=VERTEX_POINT('',#4845);
#1806=VERTEX_POINT('',#4848);
#1807=VERTEX_POINT('',#4849);
#1808=VERTEX_POINT('',#4851);
#1809=VERTEX_POINT('',#4853);
#1810=VERTEX_POINT('',#4855);
#1811=VERTEX_POINT('',#4857);
#1812=VERTEX_POINT('',#4860);
#1813=VERTEX_POINT('',#4861);
#1814=VERTEX_POINT('',#4863);
#1815=VERTEX_POINT('',#4865);
#1816=VERTEX_POINT('',#4867);
#1817=VERTEX_POINT('',#4869);
#1818=VERTEX_POINT('',#4872);
#1819=VERTEX_POINT('',#4874);
#1820=VERTEX_POINT('',#4876);
#1821=VERTEX_POINT('',#4877);
#1822=VERTEX_POINT('',#4879);
#1823=VERTEX_POINT('',#4881);
#1824=VERTEX_POINT('',#4883);
#1825=VERTEX_POINT('',#4885);
#1826=VERTEX_POINT('',#4888);
#1827=VERTEX_POINT('',#4889);
#1828=VERTEX_POINT('',#4891);
#1829=VERTEX_POINT('',#4893);
#1830=VERTEX_POINT('',#4895);
#1831=VERTEX_POINT('',#4897);
#1832=VERTEX_POINT('',#4900);
#1833=VERTEX_POINT('',#4902);
#1834=VERTEX_POINT('',#4904);
#1835=VERTEX_POINT('',#4906);
#1836=VERTEX_POINT('',#4910);
#1837=VERTEX_POINT('',#4911);
#1838=VERTEX_POINT('',#4913);
#1839=VERTEX_POINT('',#4915);
#1840=VERTEX_POINT('',#4918);
#1841=VERTEX_POINT('',#4919);
#1842=VERTEX_POINT('',#4921);
#1843=VERTEX_POINT('',#4923);
#1844=VERTEX_POINT('',#4926);
#1845=VERTEX_POINT('',#4927);
#1846=VERTEX_POINT('',#4929);
#1847=VERTEX_POINT('',#4931);
#1848=VERTEX_POINT('',#4933);
#1849=VERTEX_POINT('',#4935);
#1850=VERTEX_POINT('',#4937);
#1851=VERTEX_POINT('',#4939);
#1852=VERTEX_POINT('',#4942);
#1853=VERTEX_POINT('',#4943);
#1854=VERTEX_POINT('',#4945);
#1855=VERTEX_POINT('',#4947);
#1856=VERTEX_POINT('',#4949);
#1857=VERTEX_POINT('',#4951);
#1858=VERTEX_POINT('',#4954);
#1859=VERTEX_POINT('',#4955);
#1860=VERTEX_POINT('',#4957);
#1861=VERTEX_POINT('',#4959);
#1862=VERTEX_POINT('',#4961);
#1863=VERTEX_POINT('',#4963);
#1864=VERTEX_POINT('',#4966);
#1865=VERTEX_POINT('',#4968);
#1866=VERTEX_POINT('',#4970);
#1867=VERTEX_POINT('',#4971);
#1868=VERTEX_POINT('',#4973);
#1869=VERTEX_POINT('',#4975);
#1870=VERTEX_POINT('',#4977);
#1871=VERTEX_POINT('',#4979);
#1872=VERTEX_POINT('',#4982);
#1873=VERTEX_POINT('',#4984);
#1874=VERTEX_POINT('',#4986);
#1875=VERTEX_POINT('',#4988);
#1876=VERTEX_POINT('',#4990);
#1877=VERTEX_POINT('',#4992);
#1878=VERTEX_POINT('',#4994);
#1879=VERTEX_POINT('',#4996);
#1880=VERTEX_POINT('',#4998);
#1881=VERTEX_POINT('',#5000);
#1882=VERTEX_POINT('',#5002);
#1883=VERTEX_POINT('',#5004);
#1884=VERTEX_POINT('',#5006);
#1885=VERTEX_POINT('',#5008);
#1886=VERTEX_POINT('',#5010);
#1887=VERTEX_POINT('',#5012);
#1888=VERTEX_POINT('',#5014);
#1889=VERTEX_POINT('',#5015);
#1890=VERTEX_POINT('',#5017);
#1891=VERTEX_POINT('',#5019);
#1892=VERTEX_POINT('',#5022);
#1893=VERTEX_POINT('',#5023);
#1894=VERTEX_POINT('',#5025);
#1895=VERTEX_POINT('',#5027);
#1896=VERTEX_POINT('',#5029);
#1897=VERTEX_POINT('',#5031);
#1898=VERTEX_POINT('',#5033);
#1899=VERTEX_POINT('',#5035);
#1900=LINE('',#4418,#2152);
#1901=LINE('',#4421,#2153);
#1902=LINE('',#4423,#2154);
#1903=LINE('',#4425,#2155);
#1904=LINE('',#4430,#2156);
#1905=LINE('',#4434,#2157);
#1906=LINE('',#4440,#2158);
#1907=LINE('',#4443,#2159);
#1908=LINE('',#4449,#2160);
#1909=LINE('',#4456,#2161);
#1910=LINE('',#4463,#2162);
#1911=LINE('',#4466,#2163);
#1912=LINE('',#4471,#2164);
#1913=LINE('',#4475,#2165);
#1914=LINE('',#4479,#2166);
#1915=LINE('',#4483,#2167);
#1916=LINE('',#4487,#2168);
#1917=LINE('',#4491,#2169);
#1918=LINE('',#4495,#2170);
#1919=LINE('',#4499,#2171);
#1920=LINE('',#4503,#2172);
#1921=LINE('',#4506,#2173);
#1922=LINE('',#4511,#2174);
#1923=LINE('',#4515,#2175);
#1924=LINE('',#4520,#2176);
#1925=LINE('',#4525,#2177);
#1926=LINE('',#4527,#2178);
#1927=LINE('',#4528,#2179);
#1928=LINE('',#4533,#2180);
#1929=LINE('',#4535,#2181);
#1930=LINE('',#4539,#2182);
#1931=LINE('',#4547,#2183);
#1932=LINE('',#4555,#2184);
#1933=LINE('',#4559,#2185);
#1934=LINE('',#4563,#2186);
#1935=LINE('',#4571,#2187);
#1936=LINE('',#4575,#2188);
#1937=LINE('',#4579,#2189);
#1938=LINE('',#4583,#2190);
#1939=LINE('',#4587,#2191);
#1940=LINE('',#4591,#2192);
#1941=LINE('',#4592,#2193);
#1942=LINE('',#4597,#2194);
#1943=LINE('',#4601,#2195);
#1944=LINE('',#4605,#2196);
#1945=LINE('',#4608,#2197);
#1946=LINE('',#4611,#2198);
#1947=LINE('',#4613,#2199);
#1948=LINE('',#4616,#2200);
#1949=LINE('',#4619,#2201);
#1950=LINE('',#4621,#2202);
#1951=LINE('',#4631,#2203);
#1952=LINE('',#4639,#2204);
#1953=LINE('',#4643,#2205);
#1954=LINE('',#4647,#2206);
#1955=LINE('',#4651,#2207);
#1956=LINE('',#4659,#2208);
#1957=LINE('',#4663,#2209);
#1958=LINE('',#4667,#2210);
#1959=LINE('',#4671,#2211);
#1960=LINE('',#4675,#2212);
#1961=LINE('',#4679,#2213);
#1962=LINE('',#4712,#2214);
#1963=LINE('',#4717,#2215);
#1964=LINE('',#4721,#2216);
#1965=LINE('',#4725,#2217);
#1966=LINE('',#4728,#2218);
#1967=LINE('',#4733,#2219);
#1968=LINE('',#4744,#2220);
#1969=LINE('',#4746,#2221);
#1970=LINE('',#4754,#2222);
#1971=LINE('',#4760,#2223);
#1972=LINE('',#4764,#2224);
#1973=LINE('',#4768,#2225);
#1974=LINE('',#4772,#2226);
#1975=LINE('',#4776,#2227);
#1976=LINE('',#4780,#2228);
#1977=LINE('',#4784,#2229);
#1978=LINE('',#4788,#2230);
#1979=LINE('',#4792,#2231);
#1980=LINE('',#4796,#2232);
#1981=LINE('',#4797,#2233);
#1982=LINE('',#4802,#2234);
#1983=LINE('',#4806,#2235);
#1984=LINE('',#4810,#2236);
#1985=LINE('',#4815,#2237);
#1986=LINE('',#4818,#2238);
#1987=LINE('',#4820,#2239);
#1988=LINE('',#4823,#2240);
#1989=LINE('',#4826,#2241);
#1990=LINE('',#4828,#2242);
#1991=LINE('',#4836,#2243);
#1992=LINE('',#4844,#2244);
#1993=LINE('',#4847,#2245);
#1994=LINE('',#4852,#2246);
#1995=LINE('',#4856,#2247);
#1996=LINE('',#4859,#2248);
#1997=LINE('',#4864,#2249);
#1998=LINE('',#4868,#2250);
#1999=LINE('',#4875,#2251);
#2000=LINE('',#4880,#2252);
#2001=LINE('',#4884,#2253);
#2002=LINE('',#4890,#2254);
#2003=LINE('',#4894,#2255);
#2004=LINE('',#4898,#2256);
#2005=LINE('',#4901,#2257);
#2006=LINE('',#4908,#2258);
#2007=LINE('',#4909,#2259);
#2008=LINE('',#4914,#2260);
#2009=LINE('',#4916,#2261);
#2010=LINE('',#4917,#2262);
#2011=LINE('',#4922,#2263);
#2012=LINE('',#4924,#2264);
#2013=LINE('',#4930,#2265);
#2014=LINE('',#4938,#2266);
#2015=LINE('',#4941,#2267);
#2016=LINE('',#4946,#2268);
#2017=LINE('',#4950,#2269);
#2018=LINE('',#4953,#2270);
#2019=LINE('',#4958,#2271);
#2020=LINE('',#4962,#2272);
#2021=LINE('',#4969,#2273);
#2022=LINE('',#4974,#2274);
#2023=LINE('',#4978,#2275);
#2024=LINE('',#5016,#2276);
#2025=LINE('',#5020,#2277);
#2026=LINE('',#5024,#2278);
#2027=LINE('',#5028,#2279);
#2028=LINE('',#5032,#2280);
#2029=LINE('',#5036,#2281);
#2030=LINE('',#5038,#2282);
#2031=LINE('',#5039,#2283);
#2032=LINE('',#5045,#2284);
#2033=LINE('',#5047,#2285);
#2034=LINE('',#5049,#2286);
#2035=LINE('',#5050,#2287);
#2036=LINE('',#5052,#2288);
#2037=LINE('',#5053,#2289);
#2038=LINE('',#5055,#2290);
#2039=LINE('',#5057,#2291);
#2040=LINE('',#5059,#2292);
#2041=LINE('',#5061,#2293);
#2042=LINE('',#5065,#2294);
#2043=LINE('',#5067,#2295);
#2044=LINE('',#5069,#2296);
#2045=LINE('',#5071,#2297);
#2046=LINE('',#5072,#2298);
#2047=LINE('',#5074,#2299);
#2048=LINE('',#5076,#2300);
#2049=LINE('',#5077,#2301);
#2050=LINE('',#5079,#2302);
#2051=LINE('',#5083,#2303);
#2052=LINE('',#5086,#2304);
#2053=LINE('',#5087,#2305);
#2054=LINE('',#5089,#2306);
#2055=LINE('',#5091,#2307);
#2056=LINE('',#5093,#2308);
#2057=LINE('',#5095,#2309);
#2058=LINE('',#5099,#2310);
#2059=LINE('',#5100,#2311);
#2060=LINE('',#5102,#2312);
#2061=LINE('',#5104,#2313);
#2062=LINE('',#5106,#2314);
#2063=LINE('',#5108,#2315);
#2064=LINE('',#5111,#2316);
#2065=LINE('',#5112,#2317);
#2066=LINE('',#5114,#2318);
#2067=LINE('',#5116,#2319);
#2068=LINE('',#5118,#2320);
#2069=LINE('',#5120,#2321);
#2070=LINE('',#5123,#2322);
#2071=LINE('',#5124,#2323);
#2072=LINE('',#5126,#2324);
#2073=LINE('',#5128,#2325);
#2074=LINE('',#5130,#2326);
#2075=LINE('',#5132,#2327);
#2076=LINE('',#5134,#2328);
#2077=LINE('',#5136,#2329);
#2078=LINE('',#5139,#2330);
#2079=LINE('',#5140,#2331);
#2080=LINE('',#5142,#2332);
#2081=LINE('',#5144,#2333);
#2082=LINE('',#5147,#2334);
#2083=LINE('',#5148,#2335);
#2084=LINE('',#5150,#2336);
#2085=LINE('',#5152,#2337);
#2086=LINE('',#5155,#2338);
#2087=LINE('',#5156,#2339);
#2088=LINE('',#5158,#2340);
#2089=LINE('',#5160,#2341);
#2090=LINE('',#5161,#2342);
#2091=LINE('',#5163,#2343);
#2092=LINE('',#5165,#2344);
#2093=LINE('',#5167,#2345);
#2094=LINE('',#5170,#2346);
#2095=LINE('',#5172,#2347);
#2096=LINE('',#5173,#2348);
#2097=LINE('',#5175,#2349);
#2098=LINE('',#5177,#2350);
#2099=LINE('',#5197,#2351);
#2100=LINE('',#5199,#2352);
#2101=LINE('',#5203,#2353);
#2102=LINE('',#5206,#2354);
#2103=LINE('',#5207,#2355);
#2104=LINE('',#5209,#2356);
#2105=LINE('',#5211,#2357);
#2106=LINE('',#5213,#2358);
#2107=LINE('',#5215,#2359);
#2108=LINE('',#5218,#2360);
#2109=LINE('',#5219,#2361);
#2110=LINE('',#5221,#2362);
#2111=LINE('',#5223,#2363);
#2112=LINE('',#5225,#2364);
#2113=LINE('',#5227,#2365);
#2114=LINE('',#5230,#2366);
#2115=LINE('',#5231,#2367);
#2116=LINE('',#5233,#2368);
#2117=LINE('',#5235,#2369);
#2118=LINE('',#5237,#2370);
#2119=LINE('',#5239,#2371);
#2120=LINE('',#5242,#2372);
#2121=LINE('',#5243,#2373);
#2122=LINE('',#5245,#2374);
#2123=LINE('',#5247,#2375);
#2124=LINE('',#5249,#2376);
#2125=LINE('',#5251,#2377);
#2126=LINE('',#5253,#2378);
#2127=LINE('',#5255,#2379);
#2128=LINE('',#5258,#2380);
#2129=LINE('',#5259,#2381);
#2130=LINE('',#5261,#2382);
#2131=LINE('',#5263,#2383);
#2132=LINE('',#5266,#2384);
#2133=LINE('',#5267,#2385);
#2134=LINE('',#5269,#2386);
#2135=LINE('',#5271,#2387);
#2136=LINE('',#5274,#2388);
#2137=LINE('',#5275,#2389);
#2138=LINE('',#5277,#2390);
#2139=LINE('',#5279,#2391);
#2140=LINE('',#5303,#2392);
#2141=LINE('',#5304,#2393);
#2142=LINE('',#5306,#2394);
#2143=LINE('',#5308,#2395);
#2144=LINE('',#5310,#2396);
#2145=LINE('',#5312,#2397);
#2146=LINE('',#5314,#2398);
#2147=LINE('',#5316,#2399);
#2148=LINE('',#5318,#2400);
#2149=LINE('',#5319,#2401);
#2150=LINE('',#5321,#2402);
#2151=LINE('',#5323,#2403);
#2152=VECTOR('',#3496,1.);
#2153=VECTOR('',#3497,1.);
#2154=VECTOR('',#3498,1.);
#2155=VECTOR('',#3499,1.);
#2156=VECTOR('',#3504,1.);
#2157=VECTOR('',#3507,1.);
#2158=VECTOR('',#3514,1.);
#2159=VECTOR('',#3515,1.);
#2160=VECTOR('',#3520,1.);
#2161=VECTOR('',#3527,1.);
#2162=VECTOR('',#3534,1.);
#2163=VECTOR('',#3537,1.);
#2164=VECTOR('',#3540,1.);
#2165=VECTOR('',#3543,1.);
#2166=VECTOR('',#3546,1.);
#2167=VECTOR('',#3549,1.);
#2168=VECTOR('',#3552,1.);
#2169=VECTOR('',#3555,1.);
#2170=VECTOR('',#3558,1.);
#2171=VECTOR('',#3561,1.);
#2172=VECTOR('',#3564,1.);
#2173=VECTOR('',#3567,1.);
#2174=VECTOR('',#3570,1.);
#2175=VECTOR('',#3573,1.);
#2176=VECTOR('',#3578,1.);
#2177=VECTOR('',#3581,1.);
#2178=VECTOR('',#3582,1.);
#2179=VECTOR('',#3583,1.);
#2180=VECTOR('',#3586,1.);
#2181=VECTOR('',#3587,1.);
#2182=VECTOR('',#3590,1.);
#2183=VECTOR('',#3597,1.);
#2184=VECTOR('',#3604,1.);
#2185=VECTOR('',#3607,1.);
#2186=VECTOR('',#3610,1.);
#2187=VECTOR('',#3617,1.);
#2188=VECTOR('',#3620,1.);
#2189=VECTOR('',#3623,1.);
#2190=VECTOR('',#3626,1.);
#2191=VECTOR('',#3629,1.);
#2192=VECTOR('',#3632,1.);
#2193=VECTOR('',#3633,1.);
#2194=VECTOR('',#3636,1.);
#2195=VECTOR('',#3639,1.);
#2196=VECTOR('',#3642,1.);
#2197=VECTOR('',#3645,1.);
#2198=VECTOR('',#3646,1.);
#2199=VECTOR('',#3647,1.);
#2200=VECTOR('',#3650,1.);
#2201=VECTOR('',#3651,1.);
#2202=VECTOR('',#3652,1.);
#2203=VECTOR('',#3661,1.);
#2204=VECTOR('',#3668,1.);
#2205=VECTOR('',#3671,1.);
#2206=VECTOR('',#3674,1.);
#2207=VECTOR('',#3677,1.);
#2208=VECTOR('',#3684,1.);
#2209=VECTOR('',#3687,1.);
#2210=VECTOR('',#3690,1.);
#2211=VECTOR('',#3693,1.);
#2212=VECTOR('',#3696,1.);
#2213=VECTOR('',#3699,1.);
#2214=VECTOR('',#3732,1.);
#2215=VECTOR('',#3735,1.);
#2216=VECTOR('',#3738,1.);
#2217=VECTOR('',#3741,1.);
#2218=VECTOR('',#3744,1.);
#2219=VECTOR('',#3747,1.);
#2220=VECTOR('',#3758,1.);
#2221=VECTOR('',#3759,1.);
#2222=VECTOR('',#3766,1.);
#2223=VECTOR('',#3771,1.);
#2224=VECTOR('',#3774,1.);
#2225=VECTOR('',#3777,1.);
#2226=VECTOR('',#3780,1.);
#2227=VECTOR('',#3783,1.);
#2228=VECTOR('',#3786,1.);
#2229=VECTOR('',#3789,1.);
#2230=VECTOR('',#3792,1.);
#2231=VECTOR('',#3795,1.);
#2232=VECTOR('',#3798,1.);
#2233=VECTOR('',#3799,1.);
#2234=VECTOR('',#3802,1.);
#2235=VECTOR('',#3805,1.);
#2236=VECTOR('',#3808,1.);
#2237=VECTOR('',#3813,1.);
#2238=VECTOR('',#3814,1.);
#2239=VECTOR('',#3815,1.);
#2240=VECTOR('',#3818,1.);
#2241=VECTOR('',#3819,1.);
#2242=VECTOR('',#3820,1.);
#2243=VECTOR('',#3827,1.);
#2244=VECTOR('',#3834,1.);
#2245=VECTOR('',#3837,1.);
#2246=VECTOR('',#3840,1.);
#2247=VECTOR('',#3843,1.);
#2248=VECTOR('',#3846,1.);
#2249=VECTOR('',#3849,1.);
#2250=VECTOR('',#3852,1.);
#2251=VECTOR('',#3859,1.);
#2252=VECTOR('',#3862,1.);
#2253=VECTOR('',#3865,1.);
#2254=VECTOR('',#3870,1.);
#2255=VECTOR('',#3873,1.);
#2256=VECTOR('',#3876,1.);
#2257=VECTOR('',#3879,1.);
#2258=VECTOR('',#3886,1.);
#2259=VECTOR('',#3887,1.);
#2260=VECTOR('',#3890,1.);
#2261=VECTOR('',#3891,1.);
#2262=VECTOR('',#3892,1.);
#2263=VECTOR('',#3895,1.);
#2264=VECTOR('',#3896,1.);
#2265=VECTOR('',#3901,1.);
#2266=VECTOR('',#3908,1.);
#2267=VECTOR('',#3911,1.);
#2268=VECTOR('',#3914,1.);
#2269=VECTOR('',#3917,1.);
#2270=VECTOR('',#3920,1.);
#2271=VECTOR('',#3923,1.);
#2272=VECTOR('',#3926,1.);
#2273=VECTOR('',#3933,1.);
#2274=VECTOR('',#3936,1.);
#2275=VECTOR('',#3939,1.);
#2276=VECTOR('',#3976,1.);
#2277=VECTOR('',#3979,1.);
#2278=VECTOR('',#3982,1.);
#2279=VECTOR('',#3985,1.);
#2280=VECTOR('',#3988,1.);
#2281=VECTOR('',#3991,1.);
#2282=VECTOR('',#3994,1.);
#2283=VECTOR('',#3995,1.);
#2284=VECTOR('',#3998,1.);
#2285=VECTOR('',#4001,1.);
#2286=VECTOR('',#4004,1.);
#2287=VECTOR('',#4005,1.);
#2288=VECTOR('',#4008,1.);
#2289=VECTOR('',#4009,1.);
#2290=VECTOR('',#4012,1.);
#2291=VECTOR('',#4015,1.);
#2292=VECTOR('',#4018,1.);
#2293=VECTOR('',#4021,1.);
#2294=VECTOR('',#4028,1.);
#2295=VECTOR('',#4031,1.);
#2296=VECTOR('',#4034,1.);
#2297=VECTOR('',#4037,1.);
#2298=VECTOR('',#4038,1.);
#2299=VECTOR('',#4041,1.);
#2300=VECTOR('',#4044,1.);
#2301=VECTOR('',#4045,1.);
#2302=VECTOR('',#4048,1.);
#2303=VECTOR('',#4055,1.);
#2304=VECTOR('',#4060,1.);
#2305=VECTOR('',#4061,1.);
#2306=VECTOR('',#4064,1.);
#2307=VECTOR('',#4067,1.);
#2308=VECTOR('',#4070,1.);
#2309=VECTOR('',#4073,1.);
#2310=VECTOR('',#4080,1.);
#2311=VECTOR('',#4081,1.);
#2312=VECTOR('',#4084,1.);
#2313=VECTOR('',#4087,1.);
#2314=VECTOR('',#4090,1.);
#2315=VECTOR('',#4093,1.);
#2316=VECTOR('',#4098,1.);
#2317=VECTOR('',#4099,1.);
#2318=VECTOR('',#4102,1.);
#2319=VECTOR('',#4105,1.);
#2320=VECTOR('',#4108,1.);
#2321=VECTOR('',#4111,1.);
#2322=VECTOR('',#4116,1.);
#2323=VECTOR('',#4117,1.);
#2324=VECTOR('',#4120,1.);
#2325=VECTOR('',#4123,1.);
#2326=VECTOR('',#4126,1.);
#2327=VECTOR('',#4129,1.);
#2328=VECTOR('',#4132,1.);
#2329=VECTOR('',#4135,1.);
#2330=VECTOR('',#4140,1.);
#2331=VECTOR('',#4141,1.);
#2332=VECTOR('',#4144,1.);
#2333=VECTOR('',#4147,1.);
#2334=VECTOR('',#4152,1.);
#2335=VECTOR('',#4153,1.);
#2336=VECTOR('',#4156,1.);
#2337=VECTOR('',#4159,1.);
#2338=VECTOR('',#4164,1.);
#2339=VECTOR('',#4165,1.);
#2340=VECTOR('',#4168,1.);
#2341=VECTOR('',#4171,1.);
#2342=VECTOR('',#4172,1.);
#2343=VECTOR('',#4175,1.);
#2344=VECTOR('',#4178,1.);
#2345=VECTOR('',#4181,1.);
#2346=VECTOR('',#4186,1.);
#2347=VECTOR('',#4189,1.);
#2348=VECTOR('',#4190,1.);
#2349=VECTOR('',#4193,1.);
#2350=VECTOR('',#4196,1.);
#2351=VECTOR('',#4211,1.);
#2352=VECTOR('',#4214,1.);
#2353=VECTOR('',#4221,1.);
#2354=VECTOR('',#4226,1.);
#2355=VECTOR('',#4227,1.);
#2356=VECTOR('',#4230,1.);
#2357=VECTOR('',#4233,1.);
#2358=VECTOR('',#4236,1.);
#2359=VECTOR('',#4239,1.);
#2360=VECTOR('',#4244,1.);
#2361=VECTOR('',#4245,1.);
#2362=VECTOR('',#4248,1.);
#2363=VECTOR('',#4251,1.);
#2364=VECTOR('',#4254,1.);
#2365=VECTOR('',#4257,1.);
#2366=VECTOR('',#4262,1.);
#2367=VECTOR('',#4263,1.);
#2368=VECTOR('',#4266,1.);
#2369=VECTOR('',#4269,1.);
#2370=VECTOR('',#4272,1.);
#2371=VECTOR('',#4275,1.);
#2372=VECTOR('',#4280,1.);
#2373=VECTOR('',#4281,1.);
#2374=VECTOR('',#4284,1.);
#2375=VECTOR('',#4287,1.);
#2376=VECTOR('',#4290,1.);
#2377=VECTOR('',#4293,1.);
#2378=VECTOR('',#4296,1.);
#2379=VECTOR('',#4299,1.);
#2380=VECTOR('',#4304,1.);
#2381=VECTOR('',#4305,1.);
#2382=VECTOR('',#4308,1.);
#2383=VECTOR('',#4311,1.);
#2384=VECTOR('',#4316,1.);
#2385=VECTOR('',#4317,1.);
#2386=VECTOR('',#4320,1.);
#2387=VECTOR('',#4323,1.);
#2388=VECTOR('',#4328,1.);
#2389=VECTOR('',#4329,1.);
#2390=VECTOR('',#4332,1.);
#2391=VECTOR('',#4335,1.);
#2392=VECTOR('',#4382,1.);
#2393=VECTOR('',#4383,1.);
#2394=VECTOR('',#4386,1.);
#2395=VECTOR('',#4389,1.);
#2396=VECTOR('',#4392,1.);
#2397=VECTOR('',#4395,1.);
#2398=VECTOR('',#4398,1.);
#2399=VECTOR('',#4401,1.);
#2400=VECTOR('',#4404,1.);
#2401=VECTOR('',#4405,1.);
#2402=VECTOR('',#4408,1.);
#2403=VECTOR('',#4411,1.);
#2404=EDGE_LOOP('',(#286,#287,#288,#289));
#2405=EDGE_LOOP('',(#290,#291,#292,#293));
#2406=EDGE_LOOP('',(#294));
#2407=EDGE_LOOP('',(#295));
#2408=EDGE_LOOP('',(#296,#297,#298,#299,#300,#301,#302,#303));
#2409=EDGE_LOOP('',(#304,#305,#306,#307,#308,#309,#310,#311));
#2410=EDGE_LOOP('',(#312,#313,#314,#315,#316,#317,#318,#319,#320,#321,#322,#323,#324,#325,#326,#327,#328,#329,#330,#331));
#2411=EDGE_LOOP('',(#332,#333,#334,#335,#336,#337));
#2412=EDGE_LOOP('',(#338));
#2413=EDGE_LOOP('',(#339,#340,#341,#342));
#2414=EDGE_LOOP('',(#343,#344,#345,#346));
#2415=EDGE_LOOP('',(#347,#348,#349,#350,#351,#352,#353,#354));
#2416=EDGE_LOOP('',(#355,#356,#357,#358,#359,#360));
#2417=EDGE_LOOP('',(#361));
#2418=EDGE_LOOP('',(#362));
#2419=EDGE_LOOP('',(#363,#364,#365,#366,#367,#368));
#2420=EDGE_LOOP('',(#369,#370,#371,#372,#373,#374));
#2421=EDGE_LOOP('',(#375,#376,#377,#378,#379,#380,#381,#382));
#2422=EDGE_LOOP('',(#383,#384,#385,#386));
#2423=EDGE_LOOP('',(#387,#388,#389,#390));
#2424=EDGE_LOOP('',(#391,#392,#393,#394,#395,#396,#397,#398));
#2425=EDGE_LOOP('',(#399,#400,#401,#402,#403,#404));
#2426=EDGE_LOOP('',(#405));
#2427=EDGE_LOOP('',(#406));
#2428=EDGE_LOOP('',(#407,#408,#409,#410,#411,#412));
#2429=EDGE_LOOP('',(#413,#414,#415,#416,#417,#418));
#2430=EDGE_LOOP('',(#419));
#2431=EDGE_LOOP('',(#420));
#2432=EDGE_LOOP('',(#421));
#2433=EDGE_LOOP('',(#422));
#2434=EDGE_LOOP('',(#423));
#2435=EDGE_LOOP('',(#424));
#2436=EDGE_LOOP('',(#425));
#2437=EDGE_LOOP('',(#426));
#2438=EDGE_LOOP('',(#427));
#2439=EDGE_LOOP('',(#428));
#2440=EDGE_LOOP('',(#429));
#2441=EDGE_LOOP('',(#430));
#2442=EDGE_LOOP('',(#431));
#2443=EDGE_LOOP('',(#432));
#2444=EDGE_LOOP('',(#433));
#2445=EDGE_LOOP('',(#434));
#2446=EDGE_LOOP('',(#435,#436,#437,#438,#439,#440,#441,#442));
#2447=EDGE_LOOP('',(#443,#444,#445,#446));
#2448=EDGE_LOOP('',(#447));
#2449=EDGE_LOOP('',(#448));
#2450=EDGE_LOOP('',(#449,#450,#451,#452,#453,#454,#455,#456));
#2451=EDGE_LOOP('',(#457,#458,#459,#460,#461,#462,#463,#464,#465,#466,#467,#468,#469,#470,#471,#472,#473,#474,#475,#476));
#2452=EDGE_LOOP('',(#477,#478,#479,#480,#481,#482,#483,#484));
#2453=EDGE_LOOP('',(#485));
#2454=EDGE_LOOP('',(#486,#487,#488,#489));
#2455=EDGE_LOOP('',(#490,#491,#492,#493));
#2456=EDGE_LOOP('',(#494,#495,#496,#497,#498,#499,#500,#501));
#2457=EDGE_LOOP('',(#502,#503,#504,#505,#506,#507));
#2458=EDGE_LOOP('',(#508,#509,#510,#511,#512,#513));
#2459=EDGE_LOOP('',(#514));
#2460=EDGE_LOOP('',(#515));
#2461=EDGE_LOOP('',(#516,#517,#518,#519,#520,#521));
#2462=EDGE_LOOP('',(#522,#523,#524,#525,#526,#527));
#2463=EDGE_LOOP('',(#528,#529,#530,#531,#532,#533,#534,#535));
#2464=EDGE_LOOP('',(#536,#537,#538,#539));
#2465=EDGE_LOOP('',(#540,#541,#542,#543));
#2466=EDGE_LOOP('',(#544,#545,#546,#547,#548,#549,#550,#551));
#2467=EDGE_LOOP('',(#552,#553,#554,#555,#556,#557));
#2468=EDGE_LOOP('',(#558,#559,#560,#561,#562,#563));
#2469=EDGE_LOOP('',(#564));
#2470=EDGE_LOOP('',(#565));
#2471=EDGE_LOOP('',(#566,#567,#568,#569,#570,#571));
#2472=EDGE_LOOP('',(#572));
#2473=EDGE_LOOP('',(#573));
#2474=EDGE_LOOP('',(#574));
#2475=EDGE_LOOP('',(#575));
#2476=EDGE_LOOP('',(#576));
#2477=EDGE_LOOP('',(#577));
#2478=EDGE_LOOP('',(#578));
#2479=EDGE_LOOP('',(#579));
#2480=EDGE_LOOP('',(#580));
#2481=EDGE_LOOP('',(#581));
#2482=EDGE_LOOP('',(#582));
#2483=EDGE_LOOP('',(#583));
#2484=EDGE_LOOP('',(#584));
#2485=EDGE_LOOP('',(#585));
#2486=EDGE_LOOP('',(#586));
#2487=EDGE_LOOP('',(#587));
#2488=EDGE_LOOP('',(#588,#589,#590,#591));
#2489=EDGE_LOOP('',(#592,#593,#594,#595,#596,#597,#598,#599));
#2490=EDGE_LOOP('',(#600,#601,#602,#603));
#2491=EDGE_LOOP('',(#604,#605,#606,#607));
#2492=EDGE_LOOP('',(#608,#609,#610,#611));
#2493=EDGE_LOOP('',(#612,#613,#614,#615));
#2494=EDGE_LOOP('',(#616,#617,#618,#619));
#2495=EDGE_LOOP('',(#620,#621,#622,#623));
#2496=EDGE_LOOP('',(#624,#625,#626,#627));
#2497=EDGE_LOOP('',(#628,#629,#630,#631));
#2498=EDGE_LOOP('',(#632,#633,#634,#635));
#2499=EDGE_LOOP('',(#636));
#2500=EDGE_LOOP('',(#637));
#2501=EDGE_LOOP('',(#638,#639,#640,#641));
#2502=EDGE_LOOP('',(#642,#643,#644,#645));
#2503=EDGE_LOOP('',(#646,#647,#648,#649));
#2504=EDGE_LOOP('',(#650,#651,#652,#653));
#2505=EDGE_LOOP('',(#654,#655,#656,#657));
#2506=EDGE_LOOP('',(#658,#659,#660,#661));
#2507=EDGE_LOOP('',(#662,#663,#664,#665));
#2508=EDGE_LOOP('',(#666,#667,#668,#669));
#2509=EDGE_LOOP('',(#670,#671,#672,#673));
#2510=EDGE_LOOP('',(#674));
#2511=EDGE_LOOP('',(#675));
#2512=EDGE_LOOP('',(#676,#677,#678,#679));
#2513=EDGE_LOOP('',(#680,#681,#682,#683));
#2514=EDGE_LOOP('',(#684,#685,#686,#687));
#2515=EDGE_LOOP('',(#688,#689,#690,#691));
#2516=EDGE_LOOP('',(#692,#693,#694,#695));
#2517=EDGE_LOOP('',(#696,#697,#698,#699));
#2518=EDGE_LOOP('',(#700,#701,#702,#703));
#2519=EDGE_LOOP('',(#704,#705,#706,#707));
#2520=EDGE_LOOP('',(#708));
#2521=EDGE_LOOP('',(#709));
#2522=EDGE_LOOP('',(#710,#711,#712,#713));
#2523=EDGE_LOOP('',(#714,#715,#716,#717));
#2524=EDGE_LOOP('',(#718,#719,#720,#721));
#2525=EDGE_LOOP('',(#722,#723,#724,#725));
#2526=EDGE_LOOP('',(#726,#727,#728,#729));
#2527=EDGE_LOOP('',(#730,#731,#732,#733));
#2528=EDGE_LOOP('',(#734,#735,#736,#737));
#2529=EDGE_LOOP('',(#738,#739,#740,#741));
#2530=EDGE_LOOP('',(#742,#743,#744,#745));
#2531=EDGE_LOOP('',(#746,#747,#748,#749));
#2532=EDGE_LOOP('',(#750,#751,#752,#753));
#2533=EDGE_LOOP('',(#754,#755,#756,#757));
#2534=EDGE_LOOP('',(#758,#759,#760,#761));
#2535=EDGE_LOOP('',(#762,#763,#764,#765));
#2536=EDGE_LOOP('',(#766,#767,#768,#769));
#2537=EDGE_LOOP('',(#770,#771,#772,#773));
#2538=EDGE_LOOP('',(#774,#775,#776,#777));
#2539=EDGE_LOOP('',(#778,#779,#780,#781));
#2540=EDGE_LOOP('',(#782,#783,#784,#785));
#2541=EDGE_LOOP('',(#786,#787,#788,#789));
#2542=EDGE_LOOP('',(#790,#791,#792,#793));
#2543=EDGE_LOOP('',(#794,#795,#796,#797));
#2544=EDGE_LOOP('',(#798,#799,#800,#801));
#2545=EDGE_LOOP('',(#802,#803,#804,#805));
#2546=EDGE_LOOP('',(#806,#807,#808,#809));
#2547=EDGE_LOOP('',(#810,#811,#812,#813));
#2548=EDGE_LOOP('',(#814,#815,#816,#817));
#2549=EDGE_LOOP('',(#818,#819,#820,#821));
#2550=EDGE_LOOP('',(#822,#823,#824,#825));
#2551=EDGE_LOOP('',(#826,#827,#828,#829));
#2552=EDGE_LOOP('',(#830,#831,#832,#833));
#2553=EDGE_LOOP('',(#834,#835,#836,#837));
#2554=EDGE_LOOP('',(#838,#839,#840,#841));
#2555=EDGE_LOOP('',(#842,#843,#844,#845));
#2556=EDGE_LOOP('',(#846,#847,#848,#849));
#2557=EDGE_LOOP('',(#850,#851,#852,#853));
#2558=EDGE_LOOP('',(#854,#855,#856,#857));
#2559=EDGE_LOOP('',(#858,#859,#860,#861));
#2560=EDGE_LOOP('',(#862,#863,#864,#865));
#2561=EDGE_LOOP('',(#866,#867,#868,#869));
#2562=EDGE_LOOP('',(#870));
#2563=EDGE_LOOP('',(#871));
#2564=EDGE_LOOP('',(#872,#873,#874,#875));
#2565=EDGE_LOOP('',(#876,#877,#878,#879));
#2566=EDGE_LOOP('',(#880,#881,#882,#883));
#2567=EDGE_LOOP('',(#884,#885,#886,#887));
#2568=EDGE_LOOP('',(#888,#889,#890,#891));
#2569=EDGE_LOOP('',(#892,#893,#894,#895));
#2570=EDGE_LOOP('',(#896,#897,#898,#899));
#2571=EDGE_LOOP('',(#900));
#2572=EDGE_LOOP('',(#901));
#2573=EDGE_LOOP('',(#902,#903,#904,#905));
#2574=EDGE_LOOP('',(#906,#907,#908,#909));
#2575=EDGE_LOOP('',(#910,#911,#912,#913));
#2576=EDGE_LOOP('',(#914,#915,#916,#917));
#2577=EDGE_LOOP('',(#918,#919,#920,#921));
#2578=EDGE_LOOP('',(#922,#923,#924,#925));
#2579=EDGE_LOOP('',(#926,#927,#928,#929));
#2580=EDGE_LOOP('',(#930,#931,#932,#933));
#2581=EDGE_LOOP('',(#934,#935,#936,#937));
#2582=EDGE_LOOP('',(#938,#939,#940,#941));
#2583=EDGE_LOOP('',(#942,#943,#944,#945));
#2584=EDGE_LOOP('',(#946,#947,#948,#949));
#2585=EDGE_LOOP('',(#950,#951,#952,#953));
#2586=EDGE_LOOP('',(#954,#955,#956,#957));
#2587=EDGE_LOOP('',(#958,#959,#960,#961));
#2588=EDGE_LOOP('',(#962,#963,#964,#965));
#2589=EDGE_LOOP('',(#966,#967,#968,#969));
#2590=EDGE_LOOP('',(#970,#971,#972,#973));
#2591=EDGE_LOOP('',(#974,#975,#976,#977));
#2592=EDGE_LOOP('',(#978,#979,#980,#981));
#2593=EDGE_LOOP('',(#982,#983,#984,#985));
#2594=EDGE_LOOP('',(#986,#987,#988,#989));
#2595=EDGE_LOOP('',(#990,#991,#992,#993));
#2596=EDGE_LOOP('',(#994,#995,#996,#997));
#2597=EDGE_LOOP('',(#998,#999,#1000,#1001));
#2598=EDGE_LOOP('',(#1002,#1003,#1004,#1005));
#2599=EDGE_LOOP('',(#1006,#1007,#1008,#1009));
#2600=EDGE_LOOP('',(#1010,#1011,#1012,#1013));
#2601=EDGE_LOOP('',(#1014,#1015,#1016,#1017));
#2602=EDGE_LOOP('',(#1018,#1019,#1020,#1021));
#2603=EDGE_LOOP('',(#1022,#1023,#1024,#1025));
#2604=EDGE_LOOP('',(#1026,#1027,#1028,#1029));
#2605=EDGE_LOOP('',(#1030,#1031,#1032,#1033));
#2606=EDGE_LOOP('',(#1034,#1035,#1036,#1037));
#2607=EDGE_LOOP('',(#1038,#1039,#1040,#1041));
#2608=EDGE_LOOP('',(#1042,#1043,#1044,#1045));
#2609=EDGE_LOOP('',(#1046,#1047,#1048,#1049));
#2610=EDGE_LOOP('',(#1050,#1051,#1052,#1053));
#2611=EDGE_LOOP('',(#1054,#1055,#1056,#1057));
#2612=EDGE_LOOP('',(#1058,#1059,#1060,#1061));
#2613=EDGE_LOOP('',(#1062,#1063,#1064,#1065));
#2614=EDGE_LOOP('',(#1066,#1067,#1068,#1069));
#2615=EDGE_LOOP('',(#1070,#1071,#1072,#1073));
#2616=EDGE_LOOP('',(#1074));
#2617=EDGE_LOOP('',(#1075));
#2618=EDGE_LOOP('',(#1076));
#2619=EDGE_LOOP('',(#1077));
#2620=EDGE_LOOP('',(#1078));
#2621=EDGE_LOOP('',(#1079));
#2622=EDGE_LOOP('',(#1080));
#2623=EDGE_LOOP('',(#1081));
#2624=EDGE_LOOP('',(#1082));
#2625=EDGE_LOOP('',(#1083));
#2626=EDGE_LOOP('',(#1084));
#2627=EDGE_LOOP('',(#1085));
#2628=EDGE_LOOP('',(#1086));
#2629=EDGE_LOOP('',(#1087));
#2630=EDGE_LOOP('',(#1088));
#2631=EDGE_LOOP('',(#1089));
#2632=EDGE_LOOP('',(#1090));
#2633=EDGE_LOOP('',(#1091));
#2634=EDGE_LOOP('',(#1092));
#2635=EDGE_LOOP('',(#1093));
#2636=EDGE_LOOP('',(#1094));
#2637=EDGE_LOOP('',(#1095));
#2638=EDGE_LOOP('',(#1096));
#2639=EDGE_LOOP('',(#1097));
#2640=EDGE_LOOP('',(#1098));
#2641=EDGE_LOOP('',(#1099));
#2642=EDGE_LOOP('',(#1100));
#2643=EDGE_LOOP('',(#1101));
#2644=EDGE_LOOP('',(#1102));
#2645=EDGE_LOOP('',(#1103));
#2646=EDGE_LOOP('',(#1104));
#2647=EDGE_LOOP('',(#1105));
#2648=EDGE_LOOP('',(#1106));
#2649=EDGE_LOOP('',(#1107));
#2650=EDGE_LOOP('',(#1108));
#2651=EDGE_LOOP('',(#1109));
#2652=EDGE_LOOP('',(#1110,#1111,#1112,#1113));
#2653=EDGE_LOOP('',(#1114,#1115,#1116,#1117));
#2654=EDGE_LOOP('',(#1118,#1119,#1120,#1121));
#2655=EDGE_LOOP('',(#1122,#1123,#1124,#1125));
#2656=EDGE_LOOP('',(#1126,#1127,#1128,#1129));
#2657=EDGE_LOOP('',(#1130,#1131,#1132,#1133));
#2658=EDGE_LOOP('',(#1134,#1135,#1136,#1137));
#2659=EDGE_LOOP('',(#1138,#1139,#1140,#1141));
#2660=EDGE_LOOP('',(#1142,#1143,#1144,#1145));
#2661=EDGE_LOOP('',(#1146,#1147,#1148,#1149));
#2662=EDGE_LOOP('',(#1150,#1151,#1152,#1153));
#2663=EDGE_LOOP('',(#1154,#1155,#1156,#1157));
#2664=FACE_BOUND('',#2404,.T.);
#2665=FACE_BOUND('',#2405,.T.);
#2666=FACE_BOUND('',#2406,.T.);
#2667=FACE_BOUND('',#2407,.T.);
#2668=FACE_BOUND('',#2408,.T.);
#2669=FACE_BOUND('',#2409,.T.);
#2670=FACE_BOUND('',#2410,.T.);
#2671=FACE_BOUND('',#2411,.T.);
#2672=FACE_BOUND('',#2412,.T.);
#2673=FACE_BOUND('',#2413,.T.);
#2674=FACE_BOUND('',#2414,.T.);
#2675=FACE_BOUND('',#2415,.T.);
#2676=FACE_BOUND('',#2416,.T.);
#2677=FACE_BOUND('',#2417,.T.);
#2678=FACE_BOUND('',#2418,.T.);
#2679=FACE_BOUND('',#2419,.T.);
#2680=FACE_BOUND('',#2420,.T.);
#2681=FACE_BOUND('',#2421,.T.);
#2682=FACE_BOUND('',#2422,.T.);
#2683=FACE_BOUND('',#2423,.T.);
#2684=FACE_BOUND('',#2424,.T.);
#2685=FACE_BOUND('',#2425,.T.);
#2686=FACE_BOUND('',#2426,.T.);
#2687=FACE_BOUND('',#2427,.T.);
#2688=FACE_BOUND('',#2428,.T.);
#2689=FACE_BOUND('',#2429,.T.);
#2690=FACE_BOUND('',#2430,.T.);
#2691=FACE_BOUND('',#2431,.T.);
#2692=FACE_BOUND('',#2432,.T.);
#2693=FACE_BOUND('',#2433,.T.);
#2694=FACE_BOUND('',#2434,.T.);
#2695=FACE_BOUND('',#2435,.T.);
#2696=FACE_BOUND('',#2436,.T.);
#2697=FACE_BOUND('',#2437,.T.);
#2698=FACE_BOUND('',#2438,.T.);
#2699=FACE_BOUND('',#2439,.T.);
#2700=FACE_BOUND('',#2440,.T.);
#2701=FACE_BOUND('',#2441,.T.);
#2702=FACE_BOUND('',#2442,.T.);
#2703=FACE_BOUND('',#2443,.T.);
#2704=FACE_BOUND('',#2444,.T.);
#2705=FACE_BOUND('',#2445,.T.);
#2706=FACE_BOUND('',#2446,.T.);
#2707=FACE_BOUND('',#2447,.T.);
#2708=FACE_BOUND('',#2448,.T.);
#2709=FACE_BOUND('',#2449,.T.);
#2710=FACE_BOUND('',#2450,.T.);
#2711=FACE_BOUND('',#2451,.T.);
#2712=FACE_BOUND('',#2452,.T.);
#2713=FACE_BOUND('',#2453,.T.);
#2714=FACE_BOUND('',#2454,.T.);
#2715=FACE_BOUND('',#2455,.T.);
#2716=FACE_BOUND('',#2456,.T.);
#2717=FACE_BOUND('',#2457,.T.);
#2718=FACE_BOUND('',#2458,.T.);
#2719=FACE_BOUND('',#2459,.T.);
#2720=FACE_BOUND('',#2460,.T.);
#2721=FACE_BOUND('',#2461,.T.);
#2722=FACE_BOUND('',#2462,.T.);
#2723=FACE_BOUND('',#2463,.T.);
#2724=FACE_BOUND('',#2464,.T.);
#2725=FACE_BOUND('',#2465,.T.);
#2726=FACE_BOUND('',#2466,.T.);
#2727=FACE_BOUND('',#2467,.T.);
#2728=FACE_BOUND('',#2468,.T.);
#2729=FACE_BOUND('',#2469,.T.);
#2730=FACE_BOUND('',#2470,.T.);
#2731=FACE_BOUND('',#2471,.T.);
#2732=FACE_BOUND('',#2472,.T.);
#2733=FACE_BOUND('',#2473,.T.);
#2734=FACE_BOUND('',#2474,.T.);
#2735=FACE_BOUND('',#2475,.T.);
#2736=FACE_BOUND('',#2476,.T.);
#2737=FACE_BOUND('',#2477,.T.);
#2738=FACE_BOUND('',#2478,.T.);
#2739=FACE_BOUND('',#2479,.T.);
#2740=FACE_BOUND('',#2480,.T.);
#2741=FACE_BOUND('',#2481,.T.);
#2742=FACE_BOUND('',#2482,.T.);
#2743=FACE_BOUND('',#2483,.T.);
#2744=FACE_BOUND('',#2484,.T.);
#2745=FACE_BOUND('',#2485,.T.);
#2746=FACE_BOUND('',#2486,.T.);
#2747=FACE_BOUND('',#2487,.T.);
#2748=FACE_BOUND('',#2488,.T.);
#2749=FACE_BOUND('',#2489,.T.);
#2750=FACE_BOUND('',#2490,.T.);
#2751=FACE_BOUND('',#2491,.T.);
#2752=FACE_BOUND('',#2492,.T.);
#2753=FACE_BOUND('',#2493,.T.);
#2754=FACE_BOUND('',#2494,.T.);
#2755=FACE_BOUND('',#2495,.T.);
#2756=FACE_BOUND('',#2496,.T.);
#2757=FACE_BOUND('',#2497,.T.);
#2758=FACE_BOUND('',#2498,.T.);
#2759=FACE_BOUND('',#2499,.T.);
#2760=FACE_BOUND('',#2500,.T.);
#2761=FACE_BOUND('',#2501,.T.);
#2762=FACE_BOUND('',#2502,.T.);
#2763=FACE_BOUND('',#2503,.T.);
#2764=FACE_BOUND('',#2504,.T.);
#2765=FACE_BOUND('',#2505,.T.);
#2766=FACE_BOUND('',#2506,.T.);
#2767=FACE_BOUND('',#2507,.T.);
#2768=FACE_BOUND('',#2508,.T.);
#2769=FACE_BOUND('',#2509,.T.);
#2770=FACE_BOUND('',#2510,.T.);
#2771=FACE_BOUND('',#2511,.T.);
#2772=FACE_BOUND('',#2512,.T.);
#2773=FACE_BOUND('',#2513,.T.);
#2774=FACE_BOUND('',#2514,.T.);
#2775=FACE_BOUND('',#2515,.T.);
#2776=FACE_BOUND('',#2516,.T.);
#2777=FACE_BOUND('',#2517,.T.);
#2778=FACE_BOUND('',#2518,.T.);
#2779=FACE_BOUND('',#2519,.T.);
#2780=FACE_BOUND('',#2520,.T.);
#2781=FACE_BOUND('',#2521,.T.);
#2782=FACE_BOUND('',#2522,.T.);
#2783=FACE_BOUND('',#2523,.T.);
#2784=FACE_BOUND('',#2524,.T.);
#2785=FACE_BOUND('',#2525,.T.);
#2786=FACE_BOUND('',#2526,.T.);
#2787=FACE_BOUND('',#2527,.T.);
#2788=FACE_BOUND('',#2528,.T.);
#2789=FACE_BOUND('',#2529,.T.);
#2790=FACE_BOUND('',#2530,.T.);
#2791=FACE_BOUND('',#2531,.T.);
#2792=FACE_BOUND('',#2532,.T.);
#2793=FACE_BOUND('',#2533,.T.);
#2794=FACE_BOUND('',#2534,.T.);
#2795=FACE_BOUND('',#2535,.T.);
#2796=FACE_BOUND('',#2536,.T.);
#2797=FACE_BOUND('',#2537,.T.);
#2798=FACE_BOUND('',#2538,.T.);
#2799=FACE_BOUND('',#2539,.T.);
#2800=FACE_BOUND('',#2540,.T.);
#2801=FACE_BOUND('',#2541,.T.);
#2802=FACE_BOUND('',#2542,.T.);
#2803=FACE_BOUND('',#2543,.T.);
#2804=FACE_BOUND('',#2544,.T.);
#2805=FACE_BOUND('',#2545,.T.);
#2806=FACE_BOUND('',#2546,.T.);
#2807=FACE_BOUND('',#2547,.T.);
#2808=FACE_BOUND('',#2548,.T.);
#2809=FACE_BOUND('',#2549,.T.);
#2810=FACE_BOUND('',#2550,.T.);
#2811=FACE_BOUND('',#2551,.T.);
#2812=FACE_BOUND('',#2552,.T.);
#2813=FACE_BOUND('',#2553,.T.);
#2814=FACE_BOUND('',#2554,.T.);
#2815=FACE_BOUND('',#2555,.T.);
#2816=FACE_BOUND('',#2556,.T.);
#2817=FACE_BOUND('',#2557,.T.);
#2818=FACE_BOUND('',#2558,.T.);
#2819=FACE_BOUND('',#2559,.T.);
#2820=FACE_BOUND('',#2560,.T.);
#2821=FACE_BOUND('',#2561,.T.);
#2822=FACE_BOUND('',#2562,.T.);
#2823=FACE_BOUND('',#2563,.T.);
#2824=FACE_BOUND('',#2564,.T.);
#2825=FACE_BOUND('',#2565,.T.);
#2826=FACE_BOUND('',#2566,.T.);
#2827=FACE_BOUND('',#2567,.T.);
#2828=FACE_BOUND('',#2568,.T.);
#2829=FACE_BOUND('',#2569,.T.);
#2830=FACE_BOUND('',#2570,.T.);
#2831=FACE_BOUND('',#2571,.T.);
#2832=FACE_BOUND('',#2572,.T.);
#2833=FACE_BOUND('',#2573,.T.);
#2834=FACE_BOUND('',#2574,.T.);
#2835=FACE_BOUND('',#2575,.T.);
#2836=FACE_BOUND('',#2576,.T.);
#2837=FACE_BOUND('',#2577,.T.);
#2838=FACE_BOUND('',#2578,.T.);
#2839=FACE_BOUND('',#2579,.T.);
#2840=FACE_BOUND('',#2580,.T.);
#2841=FACE_BOUND('',#2581,.T.);
#2842=FACE_BOUND('',#2582,.T.);
#2843=FACE_BOUND('',#2583,.T.);
#2844=FACE_BOUND('',#2584,.T.);
#2845=FACE_BOUND('',#2585,.T.);
#2846=FACE_BOUND('',#2586,.T.);
#2847=FACE_BOUND('',#2587,.T.);
#2848=FACE_BOUND('',#2588,.T.);
#2849=FACE_BOUND('',#2589,.T.);
#2850=FACE_BOUND('',#2590,.T.);
#2851=FACE_BOUND('',#2591,.T.);
#2852=FACE_BOUND('',#2592,.T.);
#2853=FACE_BOUND('',#2593,.T.);
#2854=FACE_BOUND('',#2594,.T.);
#2855=FACE_BOUND('',#2595,.T.);
#2856=FACE_BOUND('',#2596,.T.);
#2857=FACE_BOUND('',#2597,.T.);
#2858=FACE_BOUND('',#2598,.T.);
#2859=FACE_BOUND('',#2599,.T.);
#2860=FACE_BOUND('',#2600,.T.);
#2861=FACE_BOUND('',#2601,.T.);
#2862=FACE_BOUND('',#2602,.T.);
#2863=FACE_BOUND('',#2603,.T.);
#2864=FACE_BOUND('',#2604,.T.);
#2865=FACE_BOUND('',#2605,.T.);
#2866=FACE_BOUND('',#2606,.T.);
#2867=FACE_BOUND('',#2607,.T.);
#2868=FACE_BOUND('',#2608,.T.);
#2869=FACE_BOUND('',#2609,.T.);
#2870=FACE_BOUND('',#2610,.T.);
#2871=FACE_BOUND('',#2611,.T.);
#2872=FACE_BOUND('',#2612,.T.);
#2873=FACE_BOUND('',#2613,.T.);
#2874=FACE_BOUND('',#2614,.T.);
#2875=FACE_BOUND('',#2615,.T.);
#2876=FACE_BOUND('',#2616,.T.);
#2877=FACE_BOUND('',#2617,.T.);
#2878=FACE_BOUND('',#2618,.T.);
#2879=FACE_BOUND('',#2619,.T.);
#2880=FACE_BOUND('',#2620,.T.);
#2881=FACE_BOUND('',#2621,.T.);
#2882=FACE_BOUND('',#2622,.T.);
#2883=FACE_BOUND('',#2623,.T.);
#2884=FACE_BOUND('',#2624,.T.);
#2885=FACE_BOUND('',#2625,.T.);
#2886=FACE_BOUND('',#2626,.T.);
#2887=FACE_BOUND('',#2627,.T.);
#2888=FACE_BOUND('',#2628,.T.);
#2889=FACE_BOUND('',#2629,.T.);
#2890=FACE_BOUND('',#2630,.T.);
#2891=FACE_BOUND('',#2631,.T.);
#2892=FACE_BOUND('',#2632,.T.);
#2893=FACE_BOUND('',#2633,.T.);
#2894=FACE_BOUND('',#2634,.T.);
#2895=FACE_BOUND('',#2635,.T.);
#2896=FACE_BOUND('',#2636,.T.);
#2897=FACE_BOUND('',#2637,.T.);
#2898=FACE_BOUND('',#2638,.T.);
#2899=FACE_BOUND('',#2639,.T.);
#2900=FACE_BOUND('',#2640,.T.);
#2901=FACE_BOUND('',#2641,.T.);
#2902=FACE_BOUND('',#2642,.T.);
#2903=FACE_BOUND('',#2643,.T.);
#2904=FACE_BOUND('',#2644,.T.);
#2905=FACE_BOUND('',#2645,.T.);
#2906=FACE_BOUND('',#2646,.T.);
#2907=FACE_BOUND('',#2647,.T.);
#2908=FACE_BOUND('',#2648,.T.);
#2909=FACE_BOUND('',#2649,.T.);
#2910=FACE_BOUND('',#2650,.T.);
#2911=FACE_BOUND('',#2651,.T.);
#2912=FACE_BOUND('',#2652,.T.);
#2913=FACE_BOUND('',#2653,.T.);
#2914=FACE_BOUND('',#2654,.T.);
#2915=FACE_BOUND('',#2655,.T.);
#2916=FACE_BOUND('',#2656,.T.);
#2917=FACE_BOUND('',#2657,.T.);
#2918=FACE_BOUND('',#2658,.T.);
#2919=FACE_BOUND('',#2659,.T.);
#2920=FACE_BOUND('',#2660,.T.);
#2921=FACE_BOUND('',#2661,.T.);
#2922=FACE_BOUND('',#2662,.T.);
#2923=FACE_BOUND('',#2663,.T.);
#2924=PLANE('',#3157);
#2925=PLANE('',#3161);
#2926=PLANE('',#3251);
#2927=PLANE('',#3341);
#2928=PLANE('',#3346);
#2929=PLANE('',#3348);
#2930=PLANE('',#3351);
#2931=PLANE('',#3352);
#2932=PLANE('',#3354);
#2933=PLANE('',#3356);
#2934=PLANE('',#3357);
#2935=PLANE('',#3359);
#2936=PLANE('',#3362);
#2937=PLANE('',#3364);
#2938=PLANE('',#3366);
#2939=PLANE('',#3368);
#2940=PLANE('',#3370);
#2941=PLANE('',#3372);
#2942=PLANE('',#3374);
#2943=PLANE('',#3377);
#2944=PLANE('',#3379);
#2945=PLANE('',#3381);
#2946=PLANE('',#3384);
#2947=PLANE('',#3388);
#2948=PLANE('',#3390);
#2949=PLANE('',#3391);
#2950=PLANE('',#3392);
#2951=PLANE('',#3394);
#2952=PLANE('',#3395);
#2953=PLANE('',#3397);
#2954=PLANE('',#3400);
#2955=PLANE('',#3404);
#2956=PLANE('',#3407);
#2957=PLANE('',#3409);
#2958=PLANE('',#3411);
#2959=PLANE('',#3412);
#2960=PLANE('',#3414);
#2961=PLANE('',#3417);
#2962=PLANE('',#3420);
#2963=PLANE('',#3422);
#2964=PLANE('',#3424);
#2965=PLANE('',#3426);
#2966=PLANE('',#3427);
#2967=PLANE('',#3429);
#2968=PLANE('',#3431);
#2969=PLANE('',#3434);
#2970=PLANE('',#3436);
#2971=PLANE('',#3438);
#2972=PLANE('',#3440);
#2973=PLANE('',#3444);
#2974=PLANE('',#3448);
#2975=PLANE('',#3449);
#2976=PLANE('',#3450);
#2977=PLANE('',#3451);
#2978=PLANE('',#3453);
#2979=PLANE('',#3454);
#2980=PLANE('',#3455);
#2981=PLANE('',#3460);
#2982=PLANE('',#3461);
#2983=PLANE('',#3481);
#2984=PLANE('',#3483);
#2985=PLANE('',#3485);
#2986=PLANE('',#3488);
#2987=PLANE('',#3490);
#2988=PLANE('',#3491);
#2989=ADVANCED_FACE('',(#2664),#2924,.F.);
#2990=ADVANCED_FACE('',(#2665),#196,.T.);
#2991=ADVANCED_FACE('',(#2666,#2667,#2668,#2669,#2670,#2671,#2672,#2673,#2674,#2675,#2676,#2677,#2678,#2679,#2680,#2681,#2682,#2683,#2684,#2685,#2686,#2687,#2688,#2689,#2690,#2691,#2692,#2693,#2694,#2695,#2696,#2697,#2698,#2699,#2700,#2701,#2702,#2703,#2704,#2705,#2706,#2707),#2925,.T.);
#2992=ADVANCED_FACE('',(#2708,#2709,#2710,#2711,#2712,#2713,#2714,#2715,#2716,#2717,#2718,#2719,#2720,#2721,#2722,#2723,#2724,#2725,#2726,#2727,#2728,#2729,#2730,#2731,#2732,#2733,#2734,#2735,#2736,#2737,#2738,#2739,#2740,#2741,#2742,#2743,#2744,#2745,#2746,#2747,#2748,#2749),#2926,.F.);
#2993=ADVANCED_FACE('',(#2750),#2927,.T.);
#2994=ADVANCED_FACE('',(#2751),#197,.F.);
#2995=ADVANCED_FACE('',(#2752),#198,.F.);
#2996=ADVANCED_FACE('',(#2753),#199,.F.);
#2997=ADVANCED_FACE('',(#2754),#200,.F.);
#2998=ADVANCED_FACE('',(#2755),#2928,.T.);
#2999=ADVANCED_FACE('',(#2756),#201,.T.);
#3000=ADVANCED_FACE('',(#2757),#2929,.T.);
#3001=ADVANCED_FACE('',(#2758),#202,.F.);
#3002=ADVANCED_FACE('',(#2759,#2760),#203,.F.);
#3003=ADVANCED_FACE('',(#2761),#2930,.F.);
#3004=ADVANCED_FACE('',(#2762),#2931,.F.);
#3005=ADVANCED_FACE('',(#2763),#204,.T.);
#3006=ADVANCED_FACE('',(#2764),#2932,.F.);
#3007=ADVANCED_FACE('',(#2765),#205,.F.);
#3008=ADVANCED_FACE('',(#2766),#2933,.F.);
#3009=ADVANCED_FACE('',(#2767),#2934,.T.);
#3010=ADVANCED_FACE('',(#2768),#206,.F.);
#3011=ADVANCED_FACE('',(#2769),#2935,.T.);
#3012=ADVANCED_FACE('',(#2770,#2771),#207,.F.);
#3013=ADVANCED_FACE('',(#2772),#208,.F.);
#3014=ADVANCED_FACE('',(#2773),#2936,.T.);
#3015=ADVANCED_FACE('',(#2774),#209,.F.);
#3016=ADVANCED_FACE('',(#2775),#2937,.F.);
#3017=ADVANCED_FACE('',(#2776),#210,.F.);
#3018=ADVANCED_FACE('',(#2777),#2938,.T.);
#3019=ADVANCED_FACE('',(#2778),#211,.F.);
#3020=ADVANCED_FACE('',(#2779),#2939,.F.);
#3021=ADVANCED_FACE('',(#2780,#2781),#212,.F.);
#3022=ADVANCED_FACE('',(#2782),#2940,.T.);
#3023=ADVANCED_FACE('',(#2783),#213,.F.);
#3024=ADVANCED_FACE('',(#2784),#2941,.F.);
#3025=ADVANCED_FACE('',(#2785),#214,.F.);
#3026=ADVANCED_FACE('',(#2786),#2942,.F.);
#3027=ADVANCED_FACE('',(#2787),#215,.F.);
#3028=ADVANCED_FACE('',(#2788),#216,.F.);
#3029=ADVANCED_FACE('',(#2789),#2943,.F.);
#3030=ADVANCED_FACE('',(#2790),#217,.F.);
#3031=ADVANCED_FACE('',(#2791),#2944,.T.);
#3032=ADVANCED_FACE('',(#2792),#218,.F.);
#3033=ADVANCED_FACE('',(#2793),#2945,.F.);
#3034=ADVANCED_FACE('',(#2794),#219,.T.);
#3035=ADVANCED_FACE('',(#2795),#220,.F.);
#3036=ADVANCED_FACE('',(#2796),#2946,.T.);
#3037=ADVANCED_FACE('',(#2797),#221,.F.);
#3038=ADVANCED_FACE('',(#2798),#222,.T.);
#3039=ADVANCED_FACE('',(#2799),#223,.F.);
#3040=ADVANCED_FACE('',(#2800),#2947,.T.);
#3041=ADVANCED_FACE('',(#2801),#224,.F.);
#3042=ADVANCED_FACE('',(#2802),#2948,.F.);
#3043=ADVANCED_FACE('',(#2803),#2949,.F.);
#3044=ADVANCED_FACE('',(#2804),#2950,.T.);
#3045=ADVANCED_FACE('',(#2805),#225,.T.);
#3046=ADVANCED_FACE('',(#2806),#2951,.T.);
#3047=ADVANCED_FACE('',(#2807),#2952,.F.);
#3048=ADVANCED_FACE('',(#2808),#226,.T.);
#3049=ADVANCED_FACE('',(#2809),#2953,.T.);
#3050=ADVANCED_FACE('',(#2810),#227,.T.);
#3051=ADVANCED_FACE('',(#2811),#228,.F.);
#3052=ADVANCED_FACE('',(#2812),#2954,.F.);
#3053=ADVANCED_FACE('',(#2813),#229,.F.);
#3054=ADVANCED_FACE('',(#2814),#230,.T.);
#3055=ADVANCED_FACE('',(#2815),#231,.F.);
#3056=ADVANCED_FACE('',(#2816),#2955,.F.);
#3057=ADVANCED_FACE('',(#2817),#232,.F.);
#3058=ADVANCED_FACE('',(#2818),#233,.F.);
#3059=ADVANCED_FACE('',(#2819),#2956,.T.);
#3060=ADVANCED_FACE('',(#2820),#234,.T.);
#3061=ADVANCED_FACE('',(#2821),#2957,.T.);
#3062=ADVANCED_FACE('',(#2822,#2823),#235,.F.);
#3063=ADVANCED_FACE('',(#2824),#2958,.F.);
#3064=ADVANCED_FACE('',(#2825),#2959,.F.);
#3065=ADVANCED_FACE('',(#2826),#236,.T.);
#3066=ADVANCED_FACE('',(#2827),#2960,.F.);
#3067=ADVANCED_FACE('',(#2828),#237,.F.);
#3068=ADVANCED_FACE('',(#2829),#238,.F.);
#3069=ADVANCED_FACE('',(#2830),#2961,.T.);
#3070=ADVANCED_FACE('',(#2831,#2832),#239,.F.);
#3071=ADVANCED_FACE('',(#2833),#240,.F.);
#3072=ADVANCED_FACE('',(#2834),#2962,.T.);
#3073=ADVANCED_FACE('',(#2835),#241,.F.);
#3074=ADVANCED_FACE('',(#2836),#2963,.F.);
#3075=ADVANCED_FACE('',(#2837),#242,.F.);
#3076=ADVANCED_FACE('',(#2838),#2964,.T.);
#3077=ADVANCED_FACE('',(#2839),#243,.F.);
#3078=ADVANCED_FACE('',(#2840),#2965,.F.);
#3079=ADVANCED_FACE('',(#2841),#2966,.T.);
#3080=ADVANCED_FACE('',(#2842),#244,.F.);
#3081=ADVANCED_FACE('',(#2843),#2967,.F.);
#3082=ADVANCED_FACE('',(#2844),#245,.F.);
#3083=ADVANCED_FACE('',(#2845),#2968,.F.);
#3084=ADVANCED_FACE('',(#2846),#246,.F.);
#3085=ADVANCED_FACE('',(#2847),#247,.F.);
#3086=ADVANCED_FACE('',(#2848),#2969,.F.);
#3087=ADVANCED_FACE('',(#2849),#248,.F.);
#3088=ADVANCED_FACE('',(#2850),#2970,.T.);
#3089=ADVANCED_FACE('',(#2851),#249,.F.);
#3090=ADVANCED_FACE('',(#2852),#2971,.F.);
#3091=ADVANCED_FACE('',(#2853),#250,.F.);
#3092=ADVANCED_FACE('',(#2854),#2972,.T.);
#3093=ADVANCED_FACE('',(#2855),#251,.F.);
#3094=ADVANCED_FACE('',(#2856),#252,.T.);
#3095=ADVANCED_FACE('',(#2857),#253,.F.);
#3096=ADVANCED_FACE('',(#2858),#2973,.T.);
#3097=ADVANCED_FACE('',(#2859),#254,.F.);
#3098=ADVANCED_FACE('',(#2860),#255,.T.);
#3099=ADVANCED_FACE('',(#2861),#256,.T.);
#3100=ADVANCED_FACE('',(#2862),#2974,.T.);
#3101=ADVANCED_FACE('',(#2863),#2975,.F.);
#3102=ADVANCED_FACE('',(#2864),#2976,.F.);
#3103=ADVANCED_FACE('',(#2865),#2977,.T.);
#3104=ADVANCED_FACE('',(#2866),#257,.T.);
#3105=ADVANCED_FACE('',(#2867),#2978,.F.);
#3106=ADVANCED_FACE('',(#2868),#2979,.T.);
#3107=ADVANCED_FACE('',(#2869),#2980,.F.);
#3108=ADVANCED_FACE('',(#2870),#258,.F.);
#3109=ADVANCED_FACE('',(#2871),#259,.T.);
#3110=ADVANCED_FACE('',(#2872),#260,.F.);
#3111=ADVANCED_FACE('',(#2873),#261,.F.);
#3112=ADVANCED_FACE('',(#2874),#2981,.T.);
#3113=ADVANCED_FACE('',(#2875),#2982,.F.);
#3114=ADVANCED_FACE('',(#2876,#2877),#262,.F.);
#3115=ADVANCED_FACE('',(#2878,#2879),#263,.F.);
#3116=ADVANCED_FACE('',(#2880,#2881),#264,.F.);
#3117=ADVANCED_FACE('',(#2882,#2883),#265,.F.);
#3118=ADVANCED_FACE('',(#2884,#2885),#266,.F.);
#3119=ADVANCED_FACE('',(#2886,#2887),#267,.F.);
#3120=ADVANCED_FACE('',(#2888,#2889),#268,.F.);
#3121=ADVANCED_FACE('',(#2890,#2891),#269,.F.);
#3122=ADVANCED_FACE('',(#2892,#2893),#270,.F.);
#3123=ADVANCED_FACE('',(#2894,#2895),#271,.F.);
#3124=ADVANCED_FACE('',(#2896,#2897),#272,.F.);
#3125=ADVANCED_FACE('',(#2898,#2899),#273,.F.);
#3126=ADVANCED_FACE('',(#2900,#2901),#274,.F.);
#3127=ADVANCED_FACE('',(#2902,#2903),#275,.F.);
#3128=ADVANCED_FACE('',(#2904,#2905),#276,.F.);
#3129=ADVANCED_FACE('',(#2906,#2907),#277,.F.);
#3130=ADVANCED_FACE('',(#2908,#2909),#278,.F.);
#3131=ADVANCED_FACE('',(#2910,#2911),#279,.F.);
#3132=ADVANCED_FACE('',(#2912),#280,.F.);
#3133=ADVANCED_FACE('',(#2913),#2983,.F.);
#3134=ADVANCED_FACE('',(#2914),#281,.F.);
#3135=ADVANCED_FACE('',(#2915),#2984,.F.);
#3136=ADVANCED_FACE('',(#2916),#282,.F.);
#3137=ADVANCED_FACE('',(#2917),#2985,.F.);
#3138=ADVANCED_FACE('',(#2918),#283,.F.);
#3139=ADVANCED_FACE('',(#2919),#284,.F.);
#3140=ADVANCED_FACE('',(#2920),#2986,.F.);
#3141=ADVANCED_FACE('',(#2921),#285,.F.);
#3142=ADVANCED_FACE('',(#2922),#2987,.F.);
#3143=ADVANCED_FACE('',(#2923),#2988,.F.);
#3144=CLOSED_SHELL('',(#2989,#2990,#2991,#2992,#2993,#2994,#2995,#2996,#2997,#2998,#2999,#3000,#3001,#3002,#3003,#3004,#3005,#3006,#3007,#3008,#3009,#3010,#3011,#3012,#3013,#3014,#3015,#3016,#3017,#3018,#3019,#3020,#3021,#3022,#3023,#3024,#3025,#3026,#3027,#3028,#3029,#3030,#3031,#3032,#3033,#3034,#3035,#3036,#3037,#3038,#3039,#3040,#3041,#3042,#3043,#3044,#3045,#3046,#3047,#3048,#3049,#3050,#3051,#3052,#3053,#3054,#3055,#3056,#3057,#3058,#3059,#3060,#3061,#3062,#3063,#3064,#3065,#3066,#3067,#3068,#3069,#3070,#3071,#3072,#3073,#3074,#3075,#3076,#3077,#3078,#3079,#3080,#3081,#3082,#3083,#3084,#3085,#3086,#3087,#3088,#3089,#3090,#3091,#3092,#3093,#3094,#3095,#3096,#3097,#3098,#3099,#3100,#3101,#3102,#3103,#3104,#3105,#3106,#3107,#3108,#3109,#3110,#3111,#3112,#3113,#3114,#3115,#3116,#3117,#3118,#3119,#3120,#3121,#3122,#3123,#3124,#3125,#3126,#3127,#3128,#3129,#3130,#3131,#3132,#3133,#3134,#3135,#3136,#3137,#3138,#3139,#3140,#3141,#3142,#3143));
#3145=STYLED_ITEM('',(#3146),#3153);
#3146=PRESENTATION_STYLE_ASSIGNMENT((#3147));
#3147=SURFACE_STYLE_USAGE(.BOTH.,#3148);
#3148=SURFACE_SIDE_STYLE('',(#3149));
#3149=SURFACE_STYLE_FILL_AREA(#3150);
#3150=FILL_AREA_STYLE('',(#3151));
#3151=FILL_AREA_STYLE_COLOUR('',#3152);
#3152=COLOUR_RGB('',0.615686274509804,0.811764705882353,0.929411764705882);
#3153=MANIFOLD_SOLID_BREP('Part 11',#3144);
#3154=SHAPE_DEFINITION_REPRESENTATION(#5332,#3155);
#3155=SHAPE_REPRESENTATION('Part 11',(#3156),#5327);
#3156=AXIS2_PLACEMENT_3D('',#4416,#3492,#3493);
#3157=AXIS2_PLACEMENT_3D('',#4417,#3494,#3495);
#3158=AXIS2_PLACEMENT_3D('',#4426,#3500,#3501);
#3159=AXIS2_PLACEMENT_3D('',#4427,#3502,#3503);
#3160=AXIS2_PLACEMENT_3D('',#4432,#3505,#3506);
#3161=AXIS2_PLACEMENT_3D('',#4435,#3508,#3509);
#3162=AXIS2_PLACEMENT_3D('',#4436,#3510,#3511);
#3163=AXIS2_PLACEMENT_3D('',#4438,#3512,#3513);
#3164=AXIS2_PLACEMENT_3D('',#4445,#3516,#3517);
#3165=AXIS2_PLACEMENT_3D('',#4447,#3518,#3519);
#3166=AXIS2_PLACEMENT_3D('',#4451,#3521,#3522);
#3167=AXIS2_PLACEMENT_3D('',#4453,#3523,#3524);
#3168=AXIS2_PLACEMENT_3D('',#4455,#3525,#3526);
#3169=AXIS2_PLACEMENT_3D('',#4457,#3528,#3529);
#3170=AXIS2_PLACEMENT_3D('',#4459,#3530,#3531);
#3171=AXIS2_PLACEMENT_3D('',#4461,#3532,#3533);
#3172=AXIS2_PLACEMENT_3D('',#4465,#3535,#3536);
#3173=AXIS2_PLACEMENT_3D('',#4469,#3538,#3539);
#3174=AXIS2_PLACEMENT_3D('',#4473,#3541,#3542);
#3175=AXIS2_PLACEMENT_3D('',#4477,#3544,#3545);
#3176=AXIS2_PLACEMENT_3D('',#4481,#3547,#3548);
#3177=AXIS2_PLACEMENT_3D('',#4485,#3550,#3551);
#3178=AXIS2_PLACEMENT_3D('',#4489,#3553,#3554);
#3179=AXIS2_PLACEMENT_3D('',#4493,#3556,#3557);
#3180=AXIS2_PLACEMENT_3D('',#4497,#3559,#3560);
#3181=AXIS2_PLACEMENT_3D('',#4501,#3562,#3563);
#3182=AXIS2_PLACEMENT_3D('',#4505,#3565,#3566);
#3183=AXIS2_PLACEMENT_3D('',#4509,#3568,#3569);
#3184=AXIS2_PLACEMENT_3D('',#4513,#3571,#3572);
#3185=AXIS2_PLACEMENT_3D('',#4517,#3574,#3575);
#3186=AXIS2_PLACEMENT_3D('',#4518,#3576,#3577);
#3187=AXIS2_PLACEMENT_3D('',#4523,#3579,#3580);
#3188=AXIS2_PLACEMENT_3D('',#4531,#3584,#3585);
#3189=AXIS2_PLACEMENT_3D('',#4536,#3588,#3589);
#3190=AXIS2_PLACEMENT_3D('',#4541,#3591,#3592);
#3191=AXIS2_PLACEMENT_3D('',#4543,#3593,#3594);
#3192=AXIS2_PLACEMENT_3D('',#4545,#3595,#3596);
#3193=AXIS2_PLACEMENT_3D('',#4549,#3598,#3599);
#3194=AXIS2_PLACEMENT_3D('',#4551,#3600,#3601);
#3195=AXIS2_PLACEMENT_3D('',#4552,#3602,#3603);
#3196=AXIS2_PLACEMENT_3D('',#4557,#3605,#3606);
#3197=AXIS2_PLACEMENT_3D('',#4561,#3608,#3609);
#3198=AXIS2_PLACEMENT_3D('',#4564,#3611,#3612);
#3199=AXIS2_PLACEMENT_3D('',#4566,#3613,#3614);
#3200=AXIS2_PLACEMENT_3D('',#4568,#3615,#3616);
#3201=AXIS2_PLACEMENT_3D('',#4573,#3618,#3619);
#3202=AXIS2_PLACEMENT_3D('',#4577,#3621,#3622);
#3203=AXIS2_PLACEMENT_3D('',#4580,#3624,#3625);
#3204=AXIS2_PLACEMENT_3D('',#4585,#3627,#3628);
#3205=AXIS2_PLACEMENT_3D('',#4589,#3630,#3631);
#3206=AXIS2_PLACEMENT_3D('',#4595,#3634,#3635);
#3207=AXIS2_PLACEMENT_3D('',#4599,#3637,#3638);
#3208=AXIS2_PLACEMENT_3D('',#4603,#3640,#3641);
#3209=AXIS2_PLACEMENT_3D('',#4607,#3643,#3644);
#3210=AXIS2_PLACEMENT_3D('',#4615,#3648,#3649);
#3211=AXIS2_PLACEMENT_3D('',#4623,#3653,#3654);
#3212=AXIS2_PLACEMENT_3D('',#4624,#3655,#3656);
#3213=AXIS2_PLACEMENT_3D('',#4627,#3657,#3658);
#3214=AXIS2_PLACEMENT_3D('',#4629,#3659,#3660);
#3215=AXIS2_PLACEMENT_3D('',#4633,#3662,#3663);
#3216=AXIS2_PLACEMENT_3D('',#4635,#3664,#3665);
#3217=AXIS2_PLACEMENT_3D('',#4637,#3666,#3667);
#3218=AXIS2_PLACEMENT_3D('',#4640,#3669,#3670);
#3219=AXIS2_PLACEMENT_3D('',#4645,#3672,#3673);
#3220=AXIS2_PLACEMENT_3D('',#4649,#3675,#3676);
#3221=AXIS2_PLACEMENT_3D('',#4652,#3678,#3679);
#3222=AXIS2_PLACEMENT_3D('',#4654,#3680,#3681);
#3223=AXIS2_PLACEMENT_3D('',#4656,#3682,#3683);
#3224=AXIS2_PLACEMENT_3D('',#4661,#3685,#3686);
#3225=AXIS2_PLACEMENT_3D('',#4665,#3688,#3689);
#3226=AXIS2_PLACEMENT_3D('',#4668,#3691,#3692);
#3227=AXIS2_PLACEMENT_3D('',#4673,#3694,#3695);
#3228=AXIS2_PLACEMENT_3D('',#4677,#3697,#3698);
#3229=AXIS2_PLACEMENT_3D('',#4680,#3700,#3701);
#3230=AXIS2_PLACEMENT_3D('',#4682,#3702,#3703);
#3231=AXIS2_PLACEMENT_3D('',#4684,#3704,#3705);
#3232=AXIS2_PLACEMENT_3D('',#4686,#3706,#3707);
#3233=AXIS2_PLACEMENT_3D('',#4688,#3708,#3709);
#3234=AXIS2_PLACEMENT_3D('',#4690,#3710,#3711);
#3235=AXIS2_PLACEMENT_3D('',#4692,#3712,#3713);
#3236=AXIS2_PLACEMENT_3D('',#4694,#3714,#3715);
#3237=AXIS2_PLACEMENT_3D('',#4696,#3716,#3717);
#3238=AXIS2_PLACEMENT_3D('',#4698,#3718,#3719);
#3239=AXIS2_PLACEMENT_3D('',#4700,#3720,#3721);
#3240=AXIS2_PLACEMENT_3D('',#4702,#3722,#3723);
#3241=AXIS2_PLACEMENT_3D('',#4704,#3724,#3725);
#3242=AXIS2_PLACEMENT_3D('',#4706,#3726,#3727);
#3243=AXIS2_PLACEMENT_3D('',#4708,#3728,#3729);
#3244=AXIS2_PLACEMENT_3D('',#4710,#3730,#3731);
#3245=AXIS2_PLACEMENT_3D('',#4715,#3733,#3734);
#3246=AXIS2_PLACEMENT_3D('',#4719,#3736,#3737);
#3247=AXIS2_PLACEMENT_3D('',#4723,#3739,#3740);
#3248=AXIS2_PLACEMENT_3D('',#4727,#3742,#3743);
#3249=AXIS2_PLACEMENT_3D('',#4731,#3745,#3746);
#3250=AXIS2_PLACEMENT_3D('',#4735,#3748,#3749);
#3251=AXIS2_PLACEMENT_3D('',#4736,#3750,#3751);
#3252=AXIS2_PLACEMENT_3D('',#4737,#3752,#3753);
#3253=AXIS2_PLACEMENT_3D('',#4739,#3754,#3755);
#3254=AXIS2_PLACEMENT_3D('',#4741,#3756,#3757);
#3255=AXIS2_PLACEMENT_3D('',#4748,#3760,#3761);
#3256=AXIS2_PLACEMENT_3D('',#4750,#3762,#3763);
#3257=AXIS2_PLACEMENT_3D('',#4752,#3764,#3765);
#3258=AXIS2_PLACEMENT_3D('',#4756,#3767,#3768);
#3259=AXIS2_PLACEMENT_3D('',#4757,#3769,#3770);
#3260=AXIS2_PLACEMENT_3D('',#4762,#3772,#3773);
#3261=AXIS2_PLACEMENT_3D('',#4766,#3775,#3776);
#3262=AXIS2_PLACEMENT_3D('',#4770,#3778,#3779);
#3263=AXIS2_PLACEMENT_3D('',#4774,#3781,#3782);
#3264=AXIS2_PLACEMENT_3D('',#4778,#3784,#3785);
#3265=AXIS2_PLACEMENT_3D('',#4782,#3787,#3788);
#3266=AXIS2_PLACEMENT_3D('',#4786,#3790,#3791);
#3267=AXIS2_PLACEMENT_3D('',#4790,#3793,#3794);
#3268=AXIS2_PLACEMENT_3D('',#4794,#3796,#3797);
#3269=AXIS2_PLACEMENT_3D('',#4800,#3800,#3801);
#3270=AXIS2_PLACEMENT_3D('',#4804,#3803,#3804);
#3271=AXIS2_PLACEMENT_3D('',#4808,#3806,#3807);
#3272=AXIS2_PLACEMENT_3D('',#4812,#3809,#3810);
#3273=AXIS2_PLACEMENT_3D('',#4813,#3811,#3812);
#3274=AXIS2_PLACEMENT_3D('',#4822,#3816,#3817);
#3275=AXIS2_PLACEMENT_3D('',#4830,#3821,#3822);
#3276=AXIS2_PLACEMENT_3D('',#4831,#3823,#3824);
#3277=AXIS2_PLACEMENT_3D('',#4834,#3825,#3826);
#3278=AXIS2_PLACEMENT_3D('',#4838,#3828,#3829);
#3279=AXIS2_PLACEMENT_3D('',#4840,#3830,#3831);
#3280=AXIS2_PLACEMENT_3D('',#4842,#3832,#3833);
#3281=AXIS2_PLACEMENT_3D('',#4846,#3835,#3836);
#3282=AXIS2_PLACEMENT_3D('',#4850,#3838,#3839);
#3283=AXIS2_PLACEMENT_3D('',#4854,#3841,#3842);
#3284=AXIS2_PLACEMENT_3D('',#4858,#3844,#3845);
#3285=AXIS2_PLACEMENT_3D('',#4862,#3847,#3848);
#3286=AXIS2_PLACEMENT_3D('',#4866,#3850,#3851);
#3287=AXIS2_PLACEMENT_3D('',#4870,#3853,#3854);
#3288=AXIS2_PLACEMENT_3D('',#4871,#3855,#3856);
#3289=AXIS2_PLACEMENT_3D('',#4873,#3857,#3858);
#3290=AXIS2_PLACEMENT_3D('',#4878,#3860,#3861);
#3291=AXIS2_PLACEMENT_3D('',#4882,#3863,#3864);
#3292=AXIS2_PLACEMENT_3D('',#4886,#3866,#3867);
#3293=AXIS2_PLACEMENT_3D('',#4887,#3868,#3869);
#3294=AXIS2_PLACEMENT_3D('',#4892,#3871,#3872);
#3295=AXIS2_PLACEMENT_3D('',#4896,#3874,#3875);
#3296=AXIS2_PLACEMENT_3D('',#4899,#3877,#3878);
#3297=AXIS2_PLACEMENT_3D('',#4903,#3880,#3881);
#3298=AXIS2_PLACEMENT_3D('',#4905,#3882,#3883);
#3299=AXIS2_PLACEMENT_3D('',#4907,#3884,#3885);
#3300=AXIS2_PLACEMENT_3D('',#4912,#3888,#3889);
#3301=AXIS2_PLACEMENT_3D('',#4920,#3893,#3894);
#3302=AXIS2_PLACEMENT_3D('',#4925,#3897,#3898);
#3303=AXIS2_PLACEMENT_3D('',#4928,#3899,#3900);
#3304=AXIS2_PLACEMENT_3D('',#4932,#3902,#3903);
#3305=AXIS2_PLACEMENT_3D('',#4934,#3904,#3905);
#3306=AXIS2_PLACEMENT_3D('',#4936,#3906,#3907);
#3307=AXIS2_PLACEMENT_3D('',#4940,#3909,#3910);
#3308=AXIS2_PLACEMENT_3D('',#4944,#3912,#3913);
#3309=AXIS2_PLACEMENT_3D('',#4948,#3915,#3916);
#3310=AXIS2_PLACEMENT_3D('',#4952,#3918,#3919);
#3311=AXIS2_PLACEMENT_3D('',#4956,#3921,#3922);
#3312=AXIS2_PLACEMENT_3D('',#4960,#3924,#3925);
#3313=AXIS2_PLACEMENT_3D('',#4964,#3927,#3928);
#3314=AXIS2_PLACEMENT_3D('',#4965,#3929,#3930);
#3315=AXIS2_PLACEMENT_3D('',#4967,#3931,#3932);
#3316=AXIS2_PLACEMENT_3D('',#4972,#3934,#3935);
#3317=AXIS2_PLACEMENT_3D('',#4976,#3937,#3938);
#3318=AXIS2_PLACEMENT_3D('',#4980,#3940,#3941);
#3319=AXIS2_PLACEMENT_3D('',#4981,#3942,#3943);
#3320=AXIS2_PLACEMENT_3D('',#4983,#3944,#3945);
#3321=AXIS2_PLACEMENT_3D('',#4985,#3946,#3947);
#3322=AXIS2_PLACEMENT_3D('',#4987,#3948,#3949);
#3323=AXIS2_PLACEMENT_3D('',#4989,#3950,#3951);
#3324=AXIS2_PLACEMENT_3D('',#4991,#3952,#3953);
#3325=AXIS2_PLACEMENT_3D('',#4993,#3954,#3955);
#3326=AXIS2_PLACEMENT_3D('',#4995,#3956,#3957);
#3327=AXIS2_PLACEMENT_3D('',#4997,#3958,#3959);
#3328=AXIS2_PLACEMENT_3D('',#4999,#3960,#3961);
#3329=AXIS2_PLACEMENT_3D('',#5001,#3962,#3963);
#3330=AXIS2_PLACEMENT_3D('',#5003,#3964,#3965);
#3331=AXIS2_PLACEMENT_3D('',#5005,#3966,#3967);
#3332=AXIS2_PLACEMENT_3D('',#5007,#3968,#3969);
#3333=AXIS2_PLACEMENT_3D('',#5009,#3970,#3971);
#3334=AXIS2_PLACEMENT_3D('',#5011,#3972,#3973);
#3335=AXIS2_PLACEMENT_3D('',#5013,#3974,#3975);
#3336=AXIS2_PLACEMENT_3D('',#5018,#3977,#3978);
#3337=AXIS2_PLACEMENT_3D('',#5021,#3980,#3981);
#3338=AXIS2_PLACEMENT_3D('',#5026,#3983,#3984);
#3339=AXIS2_PLACEMENT_3D('',#5030,#3986,#3987);
#3340=AXIS2_PLACEMENT_3D('',#5034,#3989,#3990);
#3341=AXIS2_PLACEMENT_3D('',#5037,#3992,#3993);
#3342=AXIS2_PLACEMENT_3D('',#5040,#3996,#3997);
#3343=AXIS2_PLACEMENT_3D('',#5046,#3999,#4000);
#3344=AXIS2_PLACEMENT_3D('',#5048,#4002,#4003);
#3345=AXIS2_PLACEMENT_3D('',#5051,#4006,#4007);
#3346=AXIS2_PLACEMENT_3D('',#5054,#4010,#4011);
#3347=AXIS2_PLACEMENT_3D('',#5056,#4013,#4014);
#3348=AXIS2_PLACEMENT_3D('',#5058,#4016,#4017);
#3349=AXIS2_PLACEMENT_3D('',#5060,#4019,#4020);
#3350=AXIS2_PLACEMENT_3D('',#5062,#4022,#4023);
#3351=AXIS2_PLACEMENT_3D('',#5063,#4024,#4025);
#3352=AXIS2_PLACEMENT_3D('',#5064,#4026,#4027);
#3353=AXIS2_PLACEMENT_3D('',#5066,#4029,#4030);
#3354=AXIS2_PLACEMENT_3D('',#5068,#4032,#4033);
#3355=AXIS2_PLACEMENT_3D('',#5070,#4035,#4036);
#3356=AXIS2_PLACEMENT_3D('',#5073,#4039,#4040);
#3357=AXIS2_PLACEMENT_3D('',#5075,#4042,#4043);
#3358=AXIS2_PLACEMENT_3D('',#5078,#4046,#4047);
#3359=AXIS2_PLACEMENT_3D('',#5080,#4049,#4050);
#3360=AXIS2_PLACEMENT_3D('',#5081,#4051,#4052);
#3361=AXIS2_PLACEMENT_3D('',#5082,#4053,#4054);
#3362=AXIS2_PLACEMENT_3D('',#5084,#4056,#4057);
#3363=AXIS2_PLACEMENT_3D('',#5085,#4058,#4059);
#3364=AXIS2_PLACEMENT_3D('',#5088,#4062,#4063);
#3365=AXIS2_PLACEMENT_3D('',#5090,#4065,#4066);
#3366=AXIS2_PLACEMENT_3D('',#5092,#4068,#4069);
#3367=AXIS2_PLACEMENT_3D('',#5094,#4071,#4072);
#3368=AXIS2_PLACEMENT_3D('',#5096,#4074,#4075);
#3369=AXIS2_PLACEMENT_3D('',#5097,#4076,#4077);
#3370=AXIS2_PLACEMENT_3D('',#5098,#4078,#4079);
#3371=AXIS2_PLACEMENT_3D('',#5101,#4082,#4083);
#3372=AXIS2_PLACEMENT_3D('',#5103,#4085,#4086);
#3373=AXIS2_PLACEMENT_3D('',#5105,#4088,#4089);
#3374=AXIS2_PLACEMENT_3D('',#5107,#4091,#4092);
#3375=AXIS2_PLACEMENT_3D('',#5109,#4094,#4095);
#3376=AXIS2_PLACEMENT_3D('',#5110,#4096,#4097);
#3377=AXIS2_PLACEMENT_3D('',#5113,#4100,#4101);
#3378=AXIS2_PLACEMENT_3D('',#5115,#4103,#4104);
#3379=AXIS2_PLACEMENT_3D('',#5117,#4106,#4107);
#3380=AXIS2_PLACEMENT_3D('',#5119,#4109,#4110);
#3381=AXIS2_PLACEMENT_3D('',#5121,#4112,#4113);
#3382=AXIS2_PLACEMENT_3D('',#5122,#4114,#4115);
#3383=AXIS2_PLACEMENT_3D('',#5125,#4118,#4119);
#3384=AXIS2_PLACEMENT_3D('',#5127,#4121,#4122);
#3385=AXIS2_PLACEMENT_3D('',#5129,#4124,#4125);
#3386=AXIS2_PLACEMENT_3D('',#5131,#4127,#4128);
#3387=AXIS2_PLACEMENT_3D('',#5133,#4130,#4131);
#3388=AXIS2_PLACEMENT_3D('',#5135,#4133,#4134);
#3389=AXIS2_PLACEMENT_3D('',#5137,#4136,#4137);
#3390=AXIS2_PLACEMENT_3D('',#5138,#4138,#4139);
#3391=AXIS2_PLACEMENT_3D('',#5141,#4142,#4143);
#3392=AXIS2_PLACEMENT_3D('',#5143,#4145,#4146);
#3393=AXIS2_PLACEMENT_3D('',#5145,#4148,#4149);
#3394=AXIS2_PLACEMENT_3D('',#5146,#4150,#4151);
#3395=AXIS2_PLACEMENT_3D('',#5149,#4154,#4155);
#3396=AXIS2_PLACEMENT_3D('',#5151,#4157,#4158);
#3397=AXIS2_PLACEMENT_3D('',#5153,#4160,#4161);
#3398=AXIS2_PLACEMENT_3D('',#5154,#4162,#4163);
#3399=AXIS2_PLACEMENT_3D('',#5157,#4166,#4167);
#3400=AXIS2_PLACEMENT_3D('',#5159,#4169,#4170);
#3401=AXIS2_PLACEMENT_3D('',#5162,#4173,#4174);
#3402=AXIS2_PLACEMENT_3D('',#5164,#4176,#4177);
#3403=AXIS2_PLACEMENT_3D('',#5166,#4179,#4180);
#3404=AXIS2_PLACEMENT_3D('',#5168,#4182,#4183);
#3405=AXIS2_PLACEMENT_3D('',#5169,#4184,#4185);
#3406=AXIS2_PLACEMENT_3D('',#5171,#4187,#4188);
#3407=AXIS2_PLACEMENT_3D('',#5174,#4191,#4192);
#3408=AXIS2_PLACEMENT_3D('',#5176,#4194,#4195);
#3409=AXIS2_PLACEMENT_3D('',#5178,#4197,#4198);
#3410=AXIS2_PLACEMENT_3D('',#5179,#4199,#4200);
#3411=AXIS2_PLACEMENT_3D('',#5180,#4201,#4202);
#3412=AXIS2_PLACEMENT_3D('',#5181,#4203,#4204);
#3413=AXIS2_PLACEMENT_3D('',#5186,#4205,#4206);
#3414=AXIS2_PLACEMENT_3D('',#5191,#4207,#4208);
#3415=AXIS2_PLACEMENT_3D('',#5196,#4209,#4210);
#3416=AXIS2_PLACEMENT_3D('',#5198,#4212,#4213);
#3417=AXIS2_PLACEMENT_3D('',#5200,#4215,#4216);
#3418=AXIS2_PLACEMENT_3D('',#5201,#4217,#4218);
#3419=AXIS2_PLACEMENT_3D('',#5202,#4219,#4220);
#3420=AXIS2_PLACEMENT_3D('',#5204,#4222,#4223);
#3421=AXIS2_PLACEMENT_3D('',#5205,#4224,#4225);
#3422=AXIS2_PLACEMENT_3D('',#5208,#4228,#4229);
#3423=AXIS2_PLACEMENT_3D('',#5210,#4231,#4232);
#3424=AXIS2_PLACEMENT_3D('',#5212,#4234,#4235);
#3425=AXIS2_PLACEMENT_3D('',#5214,#4237,#4238);
#3426=AXIS2_PLACEMENT_3D('',#5216,#4240,#4241);
#3427=AXIS2_PLACEMENT_3D('',#5217,#4242,#4243);
#3428=AXIS2_PLACEMENT_3D('',#5220,#4246,#4247);
#3429=AXIS2_PLACEMENT_3D('',#5222,#4249,#4250);
#3430=AXIS2_PLACEMENT_3D('',#5224,#4252,#4253);
#3431=AXIS2_PLACEMENT_3D('',#5226,#4255,#4256);
#3432=AXIS2_PLACEMENT_3D('',#5228,#4258,#4259);
#3433=AXIS2_PLACEMENT_3D('',#5229,#4260,#4261);
#3434=AXIS2_PLACEMENT_3D('',#5232,#4264,#4265);
#3435=AXIS2_PLACEMENT_3D('',#5234,#4267,#4268);
#3436=AXIS2_PLACEMENT_3D('',#5236,#4270,#4271);
#3437=AXIS2_PLACEMENT_3D('',#5238,#4273,#4274);
#3438=AXIS2_PLACEMENT_3D('',#5240,#4276,#4277);
#3439=AXIS2_PLACEMENT_3D('',#5241,#4278,#4279);
#3440=AXIS2_PLACEMENT_3D('',#5244,#4282,#4283);
#3441=AXIS2_PLACEMENT_3D('',#5246,#4285,#4286);
#3442=AXIS2_PLACEMENT_3D('',#5248,#4288,#4289);
#3443=AXIS2_PLACEMENT_3D('',#5250,#4291,#4292);
#3444=AXIS2_PLACEMENT_3D('',#5252,#4294,#4295);
#3445=AXIS2_PLACEMENT_3D('',#5254,#4297,#4298);
#3446=AXIS2_PLACEMENT_3D('',#5256,#4300,#4301);
#3447=AXIS2_PLACEMENT_3D('',#5257,#4302,#4303);
#3448=AXIS2_PLACEMENT_3D('',#5260,#4306,#4307);
#3449=AXIS2_PLACEMENT_3D('',#5262,#4309,#4310);
#3450=AXIS2_PLACEMENT_3D('',#5264,#4312,#4313);
#3451=AXIS2_PLACEMENT_3D('',#5265,#4314,#4315);
#3452=AXIS2_PLACEMENT_3D('',#5268,#4318,#4319);
#3453=AXIS2_PLACEMENT_3D('',#5270,#4321,#4322);
#3454=AXIS2_PLACEMENT_3D('',#5272,#4324,#4325);
#3455=AXIS2_PLACEMENT_3D('',#5273,#4326,#4327);
#3456=AXIS2_PLACEMENT_3D('',#5276,#4330,#4331);
#3457=AXIS2_PLACEMENT_3D('',#5278,#4333,#4334);
#3458=AXIS2_PLACEMENT_3D('',#5280,#4336,#4337);
#3459=AXIS2_PLACEMENT_3D('',#5281,#4338,#4339);
#3460=AXIS2_PLACEMENT_3D('',#5282,#4340,#4341);
#3461=AXIS2_PLACEMENT_3D('',#5283,#4342,#4343);
#3462=AXIS2_PLACEMENT_3D('',#5284,#4344,#4345);
#3463=AXIS2_PLACEMENT_3D('',#5285,#4346,#4347);
#3464=AXIS2_PLACEMENT_3D('',#5286,#4348,#4349);
#3465=AXIS2_PLACEMENT_3D('',#5287,#4350,#4351);
#3466=AXIS2_PLACEMENT_3D('',#5288,#4352,#4353);
#3467=AXIS2_PLACEMENT_3D('',#5289,#4354,#4355);
#3468=AXIS2_PLACEMENT_3D('',#5290,#4356,#4357);
#3469=AXIS2_PLACEMENT_3D('',#5291,#4358,#4359);
#3470=AXIS2_PLACEMENT_3D('',#5292,#4360,#4361);
#3471=AXIS2_PLACEMENT_3D('',#5293,#4362,#4363);
#3472=AXIS2_PLACEMENT_3D('',#5294,#4364,#4365);
#3473=AXIS2_PLACEMENT_3D('',#5295,#4366,#4367);
#3474=AXIS2_PLACEMENT_3D('',#5296,#4368,#4369);
#3475=AXIS2_PLACEMENT_3D('',#5297,#4370,#4371);
#3476=AXIS2_PLACEMENT_3D('',#5298,#4372,#4373);
#3477=AXIS2_PLACEMENT_3D('',#5299,#4374,#4375);
#3478=AXIS2_PLACEMENT_3D('',#5300,#4376,#4377);
#3479=AXIS2_PLACEMENT_3D('',#5301,#4378,#4379);
#3480=AXIS2_PLACEMENT_3D('',#5302,#4380,#4381);
#3481=AXIS2_PLACEMENT_3D('',#5305,#4384,#4385);
#3482=AXIS2_PLACEMENT_3D('',#5307,#4387,#4388);
#3483=AXIS2_PLACEMENT_3D('',#5309,#4390,#4391);
#3484=AXIS2_PLACEMENT_3D('',#5311,#4393,#4394);
#3485=AXIS2_PLACEMENT_3D('',#5313,#4396,#4397);
#3486=AXIS2_PLACEMENT_3D('',#5315,#4399,#4400);
#3487=AXIS2_PLACEMENT_3D('',#5317,#4402,#4403);
#3488=AXIS2_PLACEMENT_3D('',#5320,#4406,#4407);
#3489=AXIS2_PLACEMENT_3D('',#5322,#4409,#4410);
#3490=AXIS2_PLACEMENT_3D('',#5324,#4412,#4413);
#3491=AXIS2_PLACEMENT_3D('',#5325,#4414,#4415);
#3492=DIRECTION('',(0.,0.,1.));
#3493=DIRECTION('',(1.,0.,0.));
#3494=DIRECTION('',(-0.182938042149744,0.983124444175008,0.));
#3495=DIRECTION('',(0.983124444175008,0.182938042149744,0.));
#3496=DIRECTION('',(0.,0.,1.));
#3497=DIRECTION('',(-0.983124444175008,-0.182938042149744,0.));
#3498=DIRECTION('',(0.,0.,1.));
#3499=DIRECTION('',(0.983124444175008,0.182938042149744,0.));
#3500=DIRECTION('',(0.,0.,1.));
#3501=DIRECTION('',(1.,4.03622265664422E-14,0.));
#3502=DIRECTION('',(0.,0.,-1.));
#3503=DIRECTION('',(1.,4.03622265664422E-14,0.));
#3504=DIRECTION('',(0.,0.,1.));
#3505=DIRECTION('',(0.,0.,-1.));
#3506=DIRECTION('',(1.,4.03622265664422E-14,0.));
#3507=DIRECTION('',(0.,0.,1.));
#3508=DIRECTION('',(0.,0.,1.));
#3509=DIRECTION('',(1.,0.,0.));
#3510=DIRECTION('',(0.,0.,1.));
#3511=DIRECTION('',(1.,0.,0.));
#3512=DIRECTION('',(0.,0.,1.));
#3513=DIRECTION('',(1.,0.,0.));
#3514=DIRECTION('',(0.983124444175015,-0.182938042149704,0.));
#3515=DIRECTION('',(0.,-1.,0.));
#3516=DIRECTION('',(0.,0.,1.));
#3517=DIRECTION('',(1.,0.,0.));
#3518=DIRECTION('',(0.,0.,1.));
#3519=DIRECTION('',(1.,0.,0.));
#3520=DIRECTION('',(-0.797864635833351,0.602836646933906,0.));
#3521=DIRECTION('',(0.,0.,1.));
#3522=DIRECTION('',(1.,0.,0.));
#3523=DIRECTION('',(0.,0.,1.));
#3524=DIRECTION('',(1.,0.,0.));
#3525=DIRECTION('',(0.,0.,1.));
#3526=DIRECTION('',(1.,0.,0.));
#3527=DIRECTION('',(0.,1.,0.));
#3528=DIRECTION('',(0.,0.,-1.));
#3529=DIRECTION('',(1.,4.03622265664422E-14,0.));
#3530=DIRECTION('',(0.,0.,-1.));
#3531=DIRECTION('',(1.,4.03622265664422E-14,0.));
#3532=DIRECTION('',(0.,0.,-1.));
#3533=DIRECTION('',(1.,4.03622265664422E-14,0.));
#3534=DIRECTION('',(-0.797864635833327,-0.602836646933938,0.));
#3535=DIRECTION('',(0.,0.,-1.));
#3536=DIRECTION('',(1.,4.03622265664422E-14,0.));
#3537=DIRECTION('',(0.503941547938633,-0.863737758964615,0.));
#3538=DIRECTION('',(0.,0.,-1.));
#3539=DIRECTION('',(-0.863737758964639,0.503941547938591,0.));
#3540=DIRECTION('',(0.503941547938598,0.863737758964635,0.));
#3541=DIRECTION('',(0.,0.,1.));
#3542=DIRECTION('',(-1.8897413185109E-16,-1.,0.));
#3543=DIRECTION('',(-0.863737758964619,-0.503941547938626,0.));
#3544=DIRECTION('',(0.,0.,1.));
#3545=DIRECTION('',(1.,0.,0.));
#3546=DIRECTION('',(1.,0.,0.));
#3547=DIRECTION('',(0.,0.,1.));
#3548=DIRECTION('',(1.,0.,0.));
#3549=DIRECTION('',(0.863737758964619,-0.503941547938625,0.));
#3550=DIRECTION('',(0.,0.,-1.));
#3551=DIRECTION('',(1.,0.,0.));
#3552=DIRECTION('',(-0.503941547938598,0.863737758964635,0.));
#3553=DIRECTION('',(0.,0.,-1.));
#3554=DIRECTION('',(1.,0.,0.));
#3555=DIRECTION('',(-0.503941547938563,-0.863737758964656,0.));
#3556=DIRECTION('',(0.,0.,1.));
#3557=DIRECTION('',(1.,4.03622265664422E-14,0.));
#3558=DIRECTION('',(0.863737758964599,0.50394154793866,0.));
#3559=DIRECTION('',(0.,0.,-1.));
#3560=DIRECTION('',(1.,4.03622265664422E-14,0.));
#3561=DIRECTION('',(1.,4.03622265664422E-14,0.));
#3562=DIRECTION('',(0.,0.,-1.));
#3563=DIRECTION('',(1.,4.03622265664422E-14,0.));
#3564=DIRECTION('',(-0.863737758964639,0.503941547938591,0.));
#3565=DIRECTION('',(0.,0.,-1.));
#3566=DIRECTION('',(-4.05512006982933E-14,1.,0.));
#3567=DIRECTION('',(0.893396684867498,-0.449268698517674,0.));
#3568=DIRECTION('',(0.,0.,1.));
#3569=DIRECTION('',(1.,0.,0.));
#3570=DIRECTION('',(0.89339668486748,0.44926869851771,0.));
#3571=DIRECTION('',(0.,0.,1.));
#3572=DIRECTION('',(1.,0.,0.));
#3573=DIRECTION('',(0.,1.,0.));
#3574=DIRECTION('',(0.,0.,-1.));
#3575=DIRECTION('',(1.,4.03622265664422E-14,0.));
#3576=DIRECTION('',(0.,0.,1.));
#3577=DIRECTION('',(1.,0.,0.));
#3578=DIRECTION('',(-1.,0.,0.));
#3579=DIRECTION('',(0.,0.,1.));
#3580=DIRECTION('',(1.,0.,0.));
#3581=DIRECTION('',(-1.,0.,0.));
#3582=DIRECTION('',(-6.46317784513328E-16,-1.,0.));
#3583=DIRECTION('',(1.,0.,0.));
#3584=DIRECTION('',(0.,0.,1.));
#3585=DIRECTION('',(1.,0.,0.));
#3586=DIRECTION('',(1.,0.,0.));
#3587=DIRECTION('',(8.0789723064166E-17,-1.,0.));
#3588=DIRECTION('',(0.,0.,1.));
#3589=DIRECTION('',(1.,0.,0.));
#3590=DIRECTION('',(0.797864635833356,0.6028366469339,0.));
#3591=DIRECTION('',(0.,0.,1.));
#3592=DIRECTION('',(1.,0.,0.));
#3593=DIRECTION('',(0.,0.,1.));
#3594=DIRECTION('',(1.,0.,0.));
#3595=DIRECTION('',(0.,0.,1.));
#3596=DIRECTION('',(1.,0.,0.));
#3597=DIRECTION('',(-0.983124444175015,-0.182938042149704,0.));
#3598=DIRECTION('',(0.,0.,1.));
#3599=DIRECTION('',(1.,0.,0.));
#3600=DIRECTION('',(0.,0.,1.));
#3601=DIRECTION('',(1.,0.,0.));
#3602=DIRECTION('',(0.,0.,1.));
#3603=DIRECTION('',(1.,0.,0.));
#3604=DIRECTION('',(1.,0.,0.));
#3605=DIRECTION('',(0.,0.,1.));
#3606=DIRECTION('',(1.,0.,0.));
#3607=DIRECTION('',(0.507335067060951,0.861748878577895,0.));
#3608=DIRECTION('',(0.,0.,1.));
#3609=DIRECTION('',(1.,0.,0.));
#3610=DIRECTION('',(0.507335067060951,-0.861748878577895,0.));
#3611=DIRECTION('',(0.,0.,-1.));
#3612=DIRECTION('',(-2.22044604925031E-16,-1.,0.));
#3613=DIRECTION('',(0.,0.,-1.));
#3614=DIRECTION('',(1.,0.,0.));
#3615=DIRECTION('',(0.,0.,1.));
#3616=DIRECTION('',(1.,0.,0.));
#3617=DIRECTION('',(-0.48522225946052,0.874390850206032,0.));
#3618=DIRECTION('',(0.,0.,1.));
#3619=DIRECTION('',(1.,0.,0.));
#3620=DIRECTION('',(-0.99967560214669,0.0254694026756217,0.));
#3621=DIRECTION('',(0.,0.,1.));
#3622=DIRECTION('',(1.,0.,0.));
#3623=DIRECTION('',(-0.507335067060951,-0.861748878577896,0.));
#3624=DIRECTION('',(0.,0.,1.));
#3625=DIRECTION('',(1.,0.,0.));
#3626=DIRECTION('',(0.99967560214669,0.0254694026756226,0.));
#3627=DIRECTION('',(0.,0.,1.));
#3628=DIRECTION('',(1.,0.,0.));
#3629=DIRECTION('',(0.485222259460521,0.874390850206032,0.));
#3630=DIRECTION('',(0.,0.,1.));
#3631=DIRECTION('',(1.,0.,0.));
#3632=DIRECTION('',(-0.507335067060951,0.861748878577895,0.));
#3633=DIRECTION('',(0.,-1.,0.));
#3634=DIRECTION('',(0.,0.,-1.));
#3635=DIRECTION('',(1.,4.03622265664422E-14,0.));
#3636=DIRECTION('',(-1.,-4.03622265664422E-14,0.));
#3637=DIRECTION('',(0.,0.,-1.));
#3638=DIRECTION('',(1.,4.03622265664422E-14,0.));
#3639=DIRECTION('',(0.,-1.,0.));
#3640=DIRECTION('',(0.,0.,1.));
#3641=DIRECTION('',(1.,0.,0.));
#3642=DIRECTION('',(-1.,0.,0.));
#3643=DIRECTION('',(0.,0.,1.));
#3644=DIRECTION('',(1.,0.,0.));
#3645=DIRECTION('',(-1.,-4.03622265664422E-14,0.));
#3646=DIRECTION('',(-4.10085443509555E-14,1.,0.));
#3647=DIRECTION('',(-1.,-4.03622265664422E-14,0.));
#3648=DIRECTION('',(0.,0.,-1.));
#3649=DIRECTION('',(1.,4.03622265664422E-14,0.));
#3650=DIRECTION('',(1.,4.03622265664422E-14,0.));
#3651=DIRECTION('',(-4.0281436843378E-14,1.,0.));
#3652=DIRECTION('',(1.,4.03622265664422E-14,0.));
#3653=DIRECTION('',(0.,0.,-1.));
#3654=DIRECTION('',(1.,4.03622265664422E-14,0.));
#3655=DIRECTION('',(0.,0.,-1.));
#3656=DIRECTION('',(1.,4.03622265664422E-14,0.));
#3657=DIRECTION('',(0.,0.,-1.));
#3658=DIRECTION('',(1.,4.03622265664422E-14,0.));
#3659=DIRECTION('',(0.,0.,-1.));
#3660=DIRECTION('',(1.,4.03622265664422E-14,0.));
#3661=DIRECTION('',(-0.983124444175023,0.182938042149664,0.));
#3662=DIRECTION('',(0.,0.,-1.));
#3663=DIRECTION('',(1.,4.03622265664422E-14,0.));
#3664=DIRECTION('',(0.,0.,-1.));
#3665=DIRECTION('',(1.,4.03622265664422E-14,0.));
#3666=DIRECTION('',(0.,0.,-1.));
#3667=DIRECTION('',(1.,4.03622265664422E-14,0.));
#3668=DIRECTION('',(0.79786463583338,-0.602836646933867,0.));
#3669=DIRECTION('',(0.,0.,-1.));
#3670=DIRECTION('',(1.,4.03622265664422E-14,0.));
#3671=DIRECTION('',(0.507335067060916,0.861748878577916,0.));
#3672=DIRECTION('',(0.,0.,-1.));
#3673=DIRECTION('',(1.,4.03622265664422E-14,0.));
#3674=DIRECTION('',(0.507335067060986,-0.861748878577875,0.));
#3675=DIRECTION('',(0.,0.,-1.));
#3676=DIRECTION('',(1.,4.03622265664422E-14,0.));
#3677=DIRECTION('',(1.,4.03622265664422E-14,0.));
#3678=DIRECTION('',(0.,0.,1.));
#3679=DIRECTION('',(-4.05842711713672E-14,1.,0.));
#3680=DIRECTION('',(0.,0.,1.));
#3681=DIRECTION('',(1.,4.03622265664422E-14,0.));
#3682=DIRECTION('',(0.,0.,-1.));
#3683=DIRECTION('',(1.,4.03622265664422E-14,0.));
#3684=DIRECTION('',(-0.507335067060986,0.861748878577875,0.));
#3685=DIRECTION('',(0.,0.,-1.));
#3686=DIRECTION('',(1.,4.03622265664422E-14,0.));
#3687=DIRECTION('',(-0.999675602146689,-0.025469402675662,0.));
#3688=DIRECTION('',(0.,0.,-1.));
#3689=DIRECTION('',(1.,4.03622265664422E-14,0.));
#3690=DIRECTION('',(-0.485222259460485,-0.874390850206052,0.));
#3691=DIRECTION('',(0.,0.,-1.));
#3692=DIRECTION('',(1.,4.03622265664422E-14,0.));
#3693=DIRECTION('',(-0.507335067060916,-0.861748878577916,0.));
#3694=DIRECTION('',(0.,0.,-1.));
#3695=DIRECTION('',(1.,4.03622265664422E-14,0.));
#3696=DIRECTION('',(0.485222259460556,-0.874390850206013,0.));
#3697=DIRECTION('',(0.,0.,-1.));
#3698=DIRECTION('',(1.,4.03622265664422E-14,0.));
#3699=DIRECTION('',(0.999675602146691,-0.0254694026755822,0.));
#3700=DIRECTION('',(0.,0.,1.));
#3701=DIRECTION('',(1.,0.,0.));
#3702=DIRECTION('',(0.,0.,-1.));
#3703=DIRECTION('',(1.,0.,0.));
#3704=DIRECTION('',(0.,0.,-1.));
#3705=DIRECTION('',(1.,0.,0.));
#3706=DIRECTION('',(0.,0.,-1.));
#3707=DIRECTION('',(1.,0.,0.));
#3708=DIRECTION('',(0.,0.,-1.));
#3709=DIRECTION('',(1.,0.,0.));
#3710=DIRECTION('',(0.,0.,-1.));
#3711=DIRECTION('',(1.,0.,0.));
#3712=DIRECTION('',(0.,0.,-1.));
#3713=DIRECTION('',(1.,0.,0.));
#3714=DIRECTION('',(0.,0.,-1.));
#3715=DIRECTION('',(1.,0.,0.));
#3716=DIRECTION('',(0.,0.,-1.));
#3717=DIRECTION('',(1.,0.,0.));
#3718=DIRECTION('',(0.,0.,1.));
#3719=DIRECTION('',(1.,0.,0.));
#3720=DIRECTION('',(0.,0.,1.));
#3721=DIRECTION('',(1.,0.,0.));
#3722=DIRECTION('',(0.,0.,1.));
#3723=DIRECTION('',(1.,0.,0.));
#3724=DIRECTION('',(0.,0.,1.));
#3725=DIRECTION('',(1.,0.,0.));
#3726=DIRECTION('',(0.,0.,1.));
#3727=DIRECTION('',(1.,0.,0.));
#3728=DIRECTION('',(0.,0.,1.));
#3729=DIRECTION('',(1.,0.,0.));
#3730=DIRECTION('',(0.,0.,1.));
#3731=DIRECTION('',(1.,0.,0.));
#3732=DIRECTION('',(0.,-1.,0.));
#3733=DIRECTION('',(0.,0.,1.));
#3734=DIRECTION('',(1.,0.,0.));
#3735=DIRECTION('',(-1.,0.,0.));
#3736=DIRECTION('',(0.,0.,1.));
#3737=DIRECTION('',(1.,0.,0.));
#3738=DIRECTION('',(0.,1.,0.));
#3739=DIRECTION('',(0.,0.,1.));
#3740=DIRECTION('',(1.,0.,0.));
#3741=DIRECTION('',(1.,0.,0.));
#3742=DIRECTION('',(0.,0.,1.));
#3743=DIRECTION('',(1.,0.,0.));
#3744=DIRECTION('',(0.,1.,0.));
#3745=DIRECTION('',(0.,0.,1.));
#3746=DIRECTION('',(1.,0.,0.));
#3747=DIRECTION('',(0.,-1.,0.));
#3748=DIRECTION('',(0.,0.,1.));
#3749=DIRECTION('',(1.,0.,0.));
#3750=DIRECTION('',(0.,0.,1.));
#3751=DIRECTION('',(1.,0.,0.));
#3752=DIRECTION('',(0.,0.,-1.));
#3753=DIRECTION('',(-1.,0.,0.));
#3754=DIRECTION('',(0.,0.,-1.));
#3755=DIRECTION('',(-1.,0.,0.));
#3756=DIRECTION('',(0.,0.,1.));
#3757=DIRECTION('',(1.,0.,0.));
#3758=DIRECTION('',(0.,1.,0.));
#3759=DIRECTION('',(-0.983124444175016,0.182938042149704,0.));
#3760=DIRECTION('',(0.,0.,1.));
#3761=DIRECTION('',(1.,0.,0.));
#3762=DIRECTION('',(0.,0.,1.));
#3763=DIRECTION('',(1.,0.,0.));
#3764=DIRECTION('',(0.,0.,1.));
#3765=DIRECTION('',(1.,0.,0.));
#3766=DIRECTION('',(0.797864635833351,-0.602836646933906,0.));
#3767=DIRECTION('',(0.,0.,1.));
#3768=DIRECTION('',(1.,0.,0.));
#3769=DIRECTION('',(0.,0.,-1.));
#3770=DIRECTION('',(-0.863737758964639,0.503941547938591,0.));
#3771=DIRECTION('',(0.503941547938633,-0.863737758964615,0.));
#3772=DIRECTION('',(0.,0.,-1.));
#3773=DIRECTION('',(-4.05512006982933E-14,1.,0.));
#3774=DIRECTION('',(-0.863737758964639,0.503941547938591,0.));
#3775=DIRECTION('',(0.,0.,-1.));
#3776=DIRECTION('',(1.,4.03622265664422E-14,0.));
#3777=DIRECTION('',(1.,4.03622265664422E-14,0.));
#3778=DIRECTION('',(0.,0.,-1.));
#3779=DIRECTION('',(1.,4.03622265664422E-14,0.));
#3780=DIRECTION('',(0.863737758964599,0.50394154793866,0.));
#3781=DIRECTION('',(0.,0.,1.));
#3782=DIRECTION('',(1.,4.03622265664422E-14,0.));
#3783=DIRECTION('',(-0.503941547938563,-0.863737758964656,0.));
#3784=DIRECTION('',(0.,0.,-1.));
#3785=DIRECTION('',(1.,0.,0.));
#3786=DIRECTION('',(-0.503941547938598,0.863737758964635,0.));
#3787=DIRECTION('',(0.,0.,-1.));
#3788=DIRECTION('',(1.,0.,0.));
#3789=DIRECTION('',(0.863737758964619,-0.503941547938625,0.));
#3790=DIRECTION('',(0.,0.,1.));
#3791=DIRECTION('',(1.,0.,0.));
#3792=DIRECTION('',(1.,0.,0.));
#3793=DIRECTION('',(0.,0.,1.));
#3794=DIRECTION('',(1.,0.,0.));
#3795=DIRECTION('',(-0.863737758964619,-0.503941547938626,0.));
#3796=DIRECTION('',(0.,0.,1.));
#3797=DIRECTION('',(-1.8897413185109E-16,-1.,0.));
#3798=DIRECTION('',(0.503941547938598,0.863737758964635,0.));
#3799=DIRECTION('',(0.,-1.,0.));
#3800=DIRECTION('',(0.,0.,-1.));
#3801=DIRECTION('',(1.,4.03622265664422E-14,0.));
#3802=DIRECTION('',(-1.,-4.03622265664422E-14,0.));
#3803=DIRECTION('',(0.,0.,-1.));
#3804=DIRECTION('',(1.,4.03622265664422E-14,0.));
#3805=DIRECTION('',(0.,-1.,0.));
#3806=DIRECTION('',(0.,0.,1.));
#3807=DIRECTION('',(1.,0.,0.));
#3808=DIRECTION('',(-1.,0.,0.));
#3809=DIRECTION('',(0.,0.,1.));
#3810=DIRECTION('',(1.,0.,0.));
#3811=DIRECTION('',(0.,0.,1.));
#3812=DIRECTION('',(1.,0.,0.));
#3813=DIRECTION('',(1.,0.,0.));
#3814=DIRECTION('',(6.46317784513328E-16,1.,0.));
#3815=DIRECTION('',(1.,0.,0.));
#3816=DIRECTION('',(0.,0.,1.));
#3817=DIRECTION('',(1.,0.,0.));
#3818=DIRECTION('',(-1.,0.,0.));
#3819=DIRECTION('',(-8.0789723064166E-17,1.,0.));
#3820=DIRECTION('',(-1.,0.,0.));
#3821=DIRECTION('',(0.,0.,1.));
#3822=DIRECTION('',(1.,0.,0.));
#3823=DIRECTION('',(0.,0.,1.));
#3824=DIRECTION('',(1.,0.,0.));
#3825=DIRECTION('',(0.,0.,1.));
#3826=DIRECTION('',(1.,0.,0.));
#3827=DIRECTION('',(0.983124444175016,0.182938042149704,0.));
#3828=DIRECTION('',(0.,0.,1.));
#3829=DIRECTION('',(1.,0.,0.));
#3830=DIRECTION('',(0.,0.,1.));
#3831=DIRECTION('',(1.,0.,0.));
#3832=DIRECTION('',(0.,0.,1.));
#3833=DIRECTION('',(1.,0.,0.));
#3834=DIRECTION('',(-0.797864635833355,-0.6028366469339,0.));
#3835=DIRECTION('',(0.,0.,1.));
#3836=DIRECTION('',(1.,0.,0.));
#3837=DIRECTION('',(1.,0.,0.));
#3838=DIRECTION('',(0.,0.,1.));
#3839=DIRECTION('',(1.,0.,0.));
#3840=DIRECTION('',(0.507335067060951,-0.861748878577895,0.));
#3841=DIRECTION('',(0.,0.,1.));
#3842=DIRECTION('',(1.,0.,0.));
#3843=DIRECTION('',(0.507335067060951,0.861748878577895,0.));
#3844=DIRECTION('',(0.,0.,1.));
#3845=DIRECTION('',(1.,0.,0.));
#3846=DIRECTION('',(-0.48522225946052,0.874390850206032,0.));
#3847=DIRECTION('',(0.,0.,1.));
#3848=DIRECTION('',(1.,0.,0.));
#3849=DIRECTION('',(-0.507335067060951,-0.861748878577895,0.));
#3850=DIRECTION('',(0.,0.,1.));
#3851=DIRECTION('',(1.,0.,0.));
#3852=DIRECTION('',(-0.99967560214669,0.0254694026756217,0.));
#3853=DIRECTION('',(0.,0.,1.));
#3854=DIRECTION('',(1.,0.,0.));
#3855=DIRECTION('',(0.,0.,-1.));
#3856=DIRECTION('',(-2.22044604925031E-16,-1.,0.));
#3857=DIRECTION('',(0.,0.,-1.));
#3858=DIRECTION('',(1.,0.,0.));
#3859=DIRECTION('',(0.99967560214669,0.0254694026756226,0.));
#3860=DIRECTION('',(0.,0.,1.));
#3861=DIRECTION('',(1.,0.,0.));
#3862=DIRECTION('',(-0.507335067060951,0.861748878577895,0.));
#3863=DIRECTION('',(0.,0.,1.));
#3864=DIRECTION('',(1.,0.,0.));
#3865=DIRECTION('',(0.485222259460521,0.874390850206032,0.));
#3866=DIRECTION('',(0.,0.,1.));
#3867=DIRECTION('',(1.,0.,0.));
#3868=DIRECTION('',(0.,0.,-1.));
#3869=DIRECTION('',(1.,4.03622265664422E-14,0.));
#3870=DIRECTION('',(0.,1.,0.));
#3871=DIRECTION('',(0.,0.,1.));
#3872=DIRECTION('',(1.,0.,0.));
#3873=DIRECTION('',(0.89339668486748,0.44926869851771,0.));
#3874=DIRECTION('',(0.,0.,1.));
#3875=DIRECTION('',(1.,0.,0.));
#3876=DIRECTION('',(0.893396684867498,-0.449268698517674,0.));
#3877=DIRECTION('',(0.,0.,-1.));
#3878=DIRECTION('',(1.,4.03622265664422E-14,0.));
#3879=DIRECTION('',(0.797864635833327,0.602836646933938,0.));
#3880=DIRECTION('',(0.,0.,-1.));
#3881=DIRECTION('',(1.,4.03622265664422E-14,0.));
#3882=DIRECTION('',(0.,0.,-1.));
#3883=DIRECTION('',(1.,4.03622265664422E-14,0.));
#3884=DIRECTION('',(0.,0.,-1.));
#3885=DIRECTION('',(1.,4.03622265664422E-14,0.));
#3886=DIRECTION('',(0.,-1.,0.));
#3887=DIRECTION('',(1.,4.03622265664422E-14,0.));
#3888=DIRECTION('',(0.,0.,-1.));
#3889=DIRECTION('',(1.,4.03622265664422E-14,0.));
#3890=DIRECTION('',(1.,4.03622265664422E-14,0.));
#3891=DIRECTION('',(4.10085443509555E-14,-1.,0.));
#3892=DIRECTION('',(-1.,-4.03622265664422E-14,0.));
#3893=DIRECTION('',(0.,0.,-1.));
#3894=DIRECTION('',(1.,4.03622265664422E-14,0.));
#3895=DIRECTION('',(-1.,-4.03622265664422E-14,0.));
#3896=DIRECTION('',(4.0281436843378E-14,-1.,0.));
#3897=DIRECTION('',(0.,0.,-1.));
#3898=DIRECTION('',(1.,4.03622265664422E-14,0.));
#3899=DIRECTION('',(0.,0.,-1.));
#3900=DIRECTION('',(1.,4.03622265664422E-14,0.));
#3901=DIRECTION('',(-0.79786463583338,0.602836646933867,0.));
#3902=DIRECTION('',(0.,0.,-1.));
#3903=DIRECTION('',(1.,4.03622265664422E-14,0.));
#3904=DIRECTION('',(0.,0.,-1.));
#3905=DIRECTION('',(1.,4.03622265664422E-14,0.));
#3906=DIRECTION('',(0.,0.,-1.));
#3907=DIRECTION('',(1.,4.03622265664422E-14,0.));
#3908=DIRECTION('',(0.983124444175023,-0.182938042149664,0.));
#3909=DIRECTION('',(0.,0.,-1.));
#3910=DIRECTION('',(1.,4.03622265664422E-14,0.));
#3911=DIRECTION('',(1.,4.03622265664422E-14,0.));
#3912=DIRECTION('',(0.,0.,-1.));
#3913=DIRECTION('',(1.,4.03622265664422E-14,0.));
#3914=DIRECTION('',(0.507335067060986,-0.861748878577875,0.));
#3915=DIRECTION('',(0.,0.,-1.));
#3916=DIRECTION('',(1.,4.03622265664422E-14,0.));
#3917=DIRECTION('',(0.507335067060916,0.861748878577916,0.));
#3918=DIRECTION('',(0.,0.,-1.));
#3919=DIRECTION('',(1.,4.03622265664422E-14,0.));
#3920=DIRECTION('',(-0.485222259460485,-0.874390850206052,0.));
#3921=DIRECTION('',(0.,0.,-1.));
#3922=DIRECTION('',(1.,4.03622265664422E-14,0.));
#3923=DIRECTION('',(-0.999675602146689,-0.025469402675662,0.));
#3924=DIRECTION('',(0.,0.,-1.));
#3925=DIRECTION('',(1.,4.03622265664422E-14,0.));
#3926=DIRECTION('',(-0.507335067060986,0.861748878577875,0.));
#3927=DIRECTION('',(0.,0.,-1.));
#3928=DIRECTION('',(1.,4.03622265664422E-14,0.));
#3929=DIRECTION('',(0.,0.,1.));
#3930=DIRECTION('',(-4.05842711713672E-14,1.,0.));
#3931=DIRECTION('',(0.,0.,1.));
#3932=DIRECTION('',(1.,4.03622265664422E-14,0.));
#3933=DIRECTION('',(0.999675602146691,-0.0254694026755822,0.));
#3934=DIRECTION('',(0.,0.,-1.));
#3935=DIRECTION('',(1.,4.03622265664422E-14,0.));
#3936=DIRECTION('',(0.485222259460556,-0.874390850206013,0.));
#3937=DIRECTION('',(0.,0.,-1.));
#3938=DIRECTION('',(1.,4.03622265664422E-14,0.));
#3939=DIRECTION('',(-0.507335067060916,-0.861748878577916,0.));
#3940=DIRECTION('',(0.,0.,-1.));
#3941=DIRECTION('',(1.,4.03622265664422E-14,0.));
#3942=DIRECTION('',(0.,0.,1.));
#3943=DIRECTION('',(1.,0.,0.));
#3944=DIRECTION('',(0.,0.,1.));
#3945=DIRECTION('',(1.,0.,0.));
#3946=DIRECTION('',(0.,0.,1.));
#3947=DIRECTION('',(1.,0.,0.));
#3948=DIRECTION('',(0.,0.,1.));
#3949=DIRECTION('',(1.,0.,0.));
#3950=DIRECTION('',(0.,0.,1.));
#3951=DIRECTION('',(1.,0.,0.));
#3952=DIRECTION('',(0.,0.,1.));
#3953=DIRECTION('',(1.,0.,0.));
#3954=DIRECTION('',(0.,0.,1.));
#3955=DIRECTION('',(1.,0.,0.));
#3956=DIRECTION('',(0.,0.,1.));
#3957=DIRECTION('',(1.,0.,0.));
#3958=DIRECTION('',(0.,0.,1.));
#3959=DIRECTION('',(1.,0.,0.));
#3960=DIRECTION('',(0.,0.,1.));
#3961=DIRECTION('',(1.,0.,0.));
#3962=DIRECTION('',(0.,0.,1.));
#3963=DIRECTION('',(1.,0.,0.));
#3964=DIRECTION('',(0.,0.,1.));
#3965=DIRECTION('',(1.,0.,0.));
#3966=DIRECTION('',(0.,0.,1.));
#3967=DIRECTION('',(1.,0.,0.));
#3968=DIRECTION('',(0.,0.,1.));
#3969=DIRECTION('',(1.,0.,0.));
#3970=DIRECTION('',(0.,0.,1.));
#3971=DIRECTION('',(1.,0.,0.));
#3972=DIRECTION('',(0.,0.,1.));
#3973=DIRECTION('',(1.,0.,0.));
#3974=DIRECTION('',(0.,0.,-1.));
#3975=DIRECTION('',(-1.,0.,0.));
#3976=DIRECTION('',(0.,1.,0.));
#3977=DIRECTION('',(0.,0.,-1.));
#3978=DIRECTION('',(-1.,0.,0.));
#3979=DIRECTION('',(0.,-1.,0.));
#3980=DIRECTION('',(0.,0.,-1.));
#3981=DIRECTION('',(-1.,0.,0.));
#3982=DIRECTION('',(0.,-1.,0.));
#3983=DIRECTION('',(0.,0.,-1.));
#3984=DIRECTION('',(-1.,0.,0.));
#3985=DIRECTION('',(1.,0.,0.));
#3986=DIRECTION('',(0.,0.,-1.));
#3987=DIRECTION('',(-1.,0.,0.));
#3988=DIRECTION('',(0.,1.,0.));
#3989=DIRECTION('',(0.,0.,-1.));
#3990=DIRECTION('',(-1.,0.,0.));
#3991=DIRECTION('',(-1.,0.,0.));
#3992=DIRECTION('',(-1.,0.,0.));
#3993=DIRECTION('',(0.,0.,1.));
#3994=DIRECTION('',(0.,0.,-1.));
#3995=DIRECTION('',(0.,0.,-1.));
#3996=DIRECTION('',(0.,0.,-1.));
#3997=DIRECTION('',(-1.,0.,0.));
#3998=DIRECTION('',(0.,0.,-1.));
#3999=DIRECTION('',(0.,0.,-1.));
#4000=DIRECTION('',(-1.,0.,0.));
#4001=DIRECTION('',(0.,0.,-1.));
#4002=DIRECTION('',(0.,0.,-1.));
#4003=DIRECTION('',(-1.,0.,0.));
#4004=DIRECTION('',(0.,0.,-1.));
#4005=DIRECTION('',(0.,0.,-1.));
#4006=DIRECTION('',(0.,0.,-1.));
#4007=DIRECTION('',(-1.,0.,0.));
#4008=DIRECTION('',(0.,0.,1.));
#4009=DIRECTION('',(0.,0.,-1.));
#4010=DIRECTION('',(0.503941547938625,0.863737758964619,0.));
#4011=DIRECTION('',(-0.863737758964619,0.503941547938625,0.));
#4012=DIRECTION('',(0.,0.,-1.));
#4013=DIRECTION('',(0.,0.,-1.));
#4014=DIRECTION('',(-1.,0.,0.));
#4015=DIRECTION('',(0.,0.,-1.));
#4016=DIRECTION('',(-0.863737758964635,-0.503941547938598,0.));
#4017=DIRECTION('',(0.503941547938598,-0.863737758964635,0.));
#4018=DIRECTION('',(0.,0.,-1.));
#4019=DIRECTION('',(0.,0.,-1.));
#4020=DIRECTION('',(-1.,0.,0.));
#4021=DIRECTION('',(0.,0.,-1.));
#4022=DIRECTION('',(0.,0.,-1.));
#4023=DIRECTION('',(-1.,0.,0.));
#4024=DIRECTION('',(-0.44926869851771,0.89339668486748,0.));
#4025=DIRECTION('',(-0.89339668486748,-0.44926869851771,0.));
#4026=DIRECTION('',(-0.863737758964635,0.503941547938598,0.));
#4027=DIRECTION('',(-0.503941547938598,-0.863737758964635,0.));
#4028=DIRECTION('',(0.,0.,-1.));
#4029=DIRECTION('',(0.,0.,-1.));
#4030=DIRECTION('',(-1.,0.,0.));
#4031=DIRECTION('',(0.,0.,-1.));
#4032=DIRECTION('',(0.503941547938626,-0.863737758964619,0.));
#4033=DIRECTION('',(0.863737758964619,0.503941547938626,0.));
#4034=DIRECTION('',(0.,0.,-1.));
#4035=DIRECTION('',(0.,0.,-1.));
#4036=DIRECTION('',(-1.,0.,0.));
#4037=DIRECTION('',(0.,0.,-1.));
#4038=DIRECTION('',(0.,0.,-1.));
#4039=DIRECTION('',(1.,0.,0.));
#4040=DIRECTION('',(0.,0.,-1.));
#4041=DIRECTION('',(0.,0.,-1.));
#4042=DIRECTION('',(1.,0.,0.));
#4043=DIRECTION('',(0.,0.,-1.));
#4044=DIRECTION('',(0.,0.,-1.));
#4045=DIRECTION('',(0.,0.,-1.));
#4046=DIRECTION('',(0.,0.,-1.));
#4047=DIRECTION('',(-1.,0.,0.));
#4048=DIRECTION('',(0.,0.,-1.));
#4049=DIRECTION('',(0.,-1.,0.));
#4050=DIRECTION('',(0.,0.,-1.));
#4051=DIRECTION('',(0.,0.,-1.));
#4052=DIRECTION('',(-1.,0.,0.));
#4053=DIRECTION('',(0.,0.,-1.));
#4054=DIRECTION('',(-1.,0.,0.));
#4055=DIRECTION('',(0.,0.,1.));
#4056=DIRECTION('',(0.,1.,0.));
#4057=DIRECTION('',(0.,0.,1.));
#4058=DIRECTION('',(0.,0.,1.));
#4059=DIRECTION('',(1.,0.,0.));
#4060=DIRECTION('',(0.,0.,1.));
#4061=DIRECTION('',(0.,0.,1.));
#4062=DIRECTION('',(-0.861748878577895,0.507335067060951,0.));
#4063=DIRECTION('',(-0.507335067060951,-0.861748878577895,0.));
#4064=DIRECTION('',(0.,0.,1.));
#4065=DIRECTION('',(0.,0.,1.));
#4066=DIRECTION('',(1.,0.,0.));
#4067=DIRECTION('',(0.,0.,1.));
#4068=DIRECTION('',(0.0254694026756217,0.99967560214669,0.));
#4069=DIRECTION('',(-0.99967560214669,0.0254694026756217,0.));
#4070=DIRECTION('',(0.,0.,1.));
#4071=DIRECTION('',(0.,0.,1.));
#4072=DIRECTION('',(1.,0.,0.));
#4073=DIRECTION('',(0.,0.,1.));
#4074=DIRECTION('',(0.874390850206032,0.48522225946052,0.));
#4075=DIRECTION('',(-0.48522225946052,0.874390850206032,0.));
#4076=DIRECTION('',(0.,0.,1.));
#4077=DIRECTION('',(1.,0.,0.));
#4078=DIRECTION('',(0.,-1.,0.));
#4079=DIRECTION('',(0.,0.,-1.));
#4080=DIRECTION('',(0.,0.,1.));
#4081=DIRECTION('',(0.,0.,1.));
#4082=DIRECTION('',(0.,0.,1.));
#4083=DIRECTION('',(1.,0.,0.));
#4084=DIRECTION('',(0.,0.,1.));
#4085=DIRECTION('',(-0.861748878577895,-0.507335067060951,0.));
#4086=DIRECTION('',(0.507335067060951,-0.861748878577895,0.));
#4087=DIRECTION('',(0.,0.,1.));
#4088=DIRECTION('',(0.,0.,1.));
#4089=DIRECTION('',(1.,0.,0.));
#4090=DIRECTION('',(0.,0.,1.));
#4091=DIRECTION('',(0.861748878577895,-0.507335067060951,0.));
#4092=DIRECTION('',(0.507335067060951,0.861748878577895,0.));
#4093=DIRECTION('',(0.,0.,1.));
#4094=DIRECTION('',(0.,0.,1.));
#4095=DIRECTION('',(1.,0.,0.));
#4096=DIRECTION('',(0.,0.,1.));
#4097=DIRECTION('',(1.,0.,0.));
#4098=DIRECTION('',(0.,0.,1.));
#4099=DIRECTION('',(0.,0.,1.));
#4100=DIRECTION('',(0.861748878577895,0.507335067060951,0.));
#4101=DIRECTION('',(-0.507335067060951,0.861748878577895,0.));
#4102=DIRECTION('',(0.,0.,1.));
#4103=DIRECTION('',(0.,0.,1.));
#4104=DIRECTION('',(1.,0.,0.));
#4105=DIRECTION('',(0.,0.,1.));
#4106=DIRECTION('',(0.874390850206032,-0.485222259460521,0.));
#4107=DIRECTION('',(0.485222259460521,0.874390850206032,0.));
#4108=DIRECTION('',(0.,0.,1.));
#4109=DIRECTION('',(0.,0.,1.));
#4110=DIRECTION('',(1.,0.,0.));
#4111=DIRECTION('',(0.,0.,1.));
#4112=DIRECTION('',(0.0254694026756226,-0.99967560214669,0.));
#4113=DIRECTION('',(0.99967560214669,0.0254694026756226,0.));
#4114=DIRECTION('',(0.,0.,1.));
#4115=DIRECTION('',(1.,0.,0.));
#4116=DIRECTION('',(0.,0.,1.));
#4117=DIRECTION('',(0.,0.,1.));
#4118=DIRECTION('',(0.,0.,1.));
#4119=DIRECTION('',(1.,0.,0.));
#4120=DIRECTION('',(0.,0.,1.));
#4121=DIRECTION('',(-0.182938042149704,0.983124444175016,0.));
#4122=DIRECTION('',(-0.983124444175016,-0.182938042149704,0.));
#4123=DIRECTION('',(0.,0.,1.));
#4124=DIRECTION('',(0.,0.,1.));
#4125=DIRECTION('',(1.,0.,0.));
#4126=DIRECTION('',(0.,0.,1.));
#4127=DIRECTION('',(0.,0.,1.));
#4128=DIRECTION('',(1.,0.,0.));
#4129=DIRECTION('',(0.,0.,1.));
#4130=DIRECTION('',(0.,0.,1.));
#4131=DIRECTION('',(1.,0.,0.));
#4132=DIRECTION('',(0.,0.,1.));
#4133=DIRECTION('',(0.6028366469339,-0.797864635833355,0.));
#4134=DIRECTION('',(0.797864635833355,0.6028366469339,0.));
#4135=DIRECTION('',(0.,0.,1.));
#4136=DIRECTION('',(0.,0.,1.));
#4137=DIRECTION('',(1.,0.,0.));
#4138=DIRECTION('',(-1.,-8.0789723064166E-17,0.));
#4139=DIRECTION('',(8.0789723064166E-17,-1.,0.));
#4140=DIRECTION('',(0.,0.,1.));
#4141=DIRECTION('',(0.,0.,1.));
#4142=DIRECTION('',(0.,-1.,0.));
#4143=DIRECTION('',(0.,0.,-1.));
#4144=DIRECTION('',(0.,0.,1.));
#4145=DIRECTION('',(0.,-1.,0.));
#4146=DIRECTION('',(0.,0.,-1.));
#4147=DIRECTION('',(0.,0.,1.));
#4148=DIRECTION('',(0.,0.,1.));
#4149=DIRECTION('',(1.,0.,0.));
#4150=DIRECTION('',(-1.,6.46317784513328E-16,0.));
#4151=DIRECTION('',(-6.46317784513328E-16,-1.,0.));
#4152=DIRECTION('',(0.,0.,1.));
#4153=DIRECTION('',(0.,0.,1.));
#4154=DIRECTION('',(0.,1.,0.));
#4155=DIRECTION('',(0.,0.,1.));
#4156=DIRECTION('',(0.,0.,1.));
#4157=DIRECTION('',(0.,0.,1.));
#4158=DIRECTION('',(1.,0.,0.));
#4159=DIRECTION('',(0.,0.,1.));
#4160=DIRECTION('',(0.,1.,0.));
#4161=DIRECTION('',(0.,0.,1.));
#4162=DIRECTION('',(0.,0.,1.));
#4163=DIRECTION('',(1.,0.,0.));
#4164=DIRECTION('',(0.,0.,1.));
#4165=DIRECTION('',(0.,0.,1.));
#4166=DIRECTION('',(0.,0.,1.));
#4167=DIRECTION('',(1.,0.,0.));
#4168=DIRECTION('',(0.,0.,1.));
#4169=DIRECTION('',(-0.182938042149704,-0.983124444175016,0.));
#4170=DIRECTION('',(0.983124444175016,-0.182938042149704,0.));
#4171=DIRECTION('',(0.,0.,1.));
#4172=DIRECTION('',(0.,0.,1.));
#4173=DIRECTION('',(0.,0.,1.));
#4174=DIRECTION('',(1.,0.,0.));
#4175=DIRECTION('',(0.,0.,1.));
#4176=DIRECTION('',(0.,0.,1.));
#4177=DIRECTION('',(1.,0.,0.));
#4178=DIRECTION('',(0.,0.,1.));
#4179=DIRECTION('',(0.,0.,1.));
#4180=DIRECTION('',(1.,0.,0.));
#4181=DIRECTION('',(0.,0.,1.));
#4182=DIRECTION('',(0.602836646933906,0.797864635833351,0.));
#4183=DIRECTION('',(-0.797864635833351,0.602836646933906,0.));
#4184=DIRECTION('',(0.,0.,-1.));
#4185=DIRECTION('',(-1.,-4.03622265664422E-14,0.));
#4186=DIRECTION('',(0.,0.,-1.));
#4187=DIRECTION('',(0.,0.,-1.));
#4188=DIRECTION('',(-1.,-4.03622265664422E-14,0.));
#4189=DIRECTION('',(0.,0.,1.));
#4190=DIRECTION('',(0.,0.,-1.));
#4191=DIRECTION('',(0.50394154793866,-0.863737758964599,0.));
#4192=DIRECTION('',(-0.863737758964599,-0.50394154793866,0.));
#4193=DIRECTION('',(0.,0.,-1.));
#4194=DIRECTION('',(0.,0.,-1.));
#4195=DIRECTION('',(-1.,-4.03622265664422E-14,0.));
#4196=DIRECTION('',(0.,0.,-1.));
#4197=DIRECTION('',(-0.863737758964655,0.503941547938563,0.));
#4198=DIRECTION('',(0.503941547938563,0.863737758964655,0.));
#4199=DIRECTION('',(0.,0.,-1.));
#4200=DIRECTION('',(-1.,-4.03622265664422E-14,0.));
#4201=DIRECTION('',(-0.449268698517674,-0.893396684867498,0.));
#4202=DIRECTION('',(-0.893396684867498,0.449268698517674,0.));
#4203=DIRECTION('',(-0.863737758964615,-0.503941547938633,0.));
#4204=DIRECTION('',(-0.503941547938633,0.863737758964615,0.));
#4205=DIRECTION('',(0.,0.,-1.));
#4206=DIRECTION('',(-1.,-4.03622265664422E-14,0.));
#4207=DIRECTION('',(0.503941547938591,0.863737758964639,0.));
#4208=DIRECTION('',(0.863737758964639,-0.503941547938591,0.));
#4209=DIRECTION('',(0.,0.,-1.));
#4210=DIRECTION('',(-1.,-4.03622265664422E-14,0.));
#4211=DIRECTION('',(0.,0.,-1.));
#4212=DIRECTION('',(0.,0.,-1.));
#4213=DIRECTION('',(-1.,-4.03622265664422E-14,0.));
#4214=DIRECTION('',(0.,0.,-1.));
#4215=DIRECTION('',(-4.03622265664422E-14,1.,0.));
#4216=DIRECTION('',(0.,0.,-1.));
#4217=DIRECTION('',(0.,0.,-1.));
#4218=DIRECTION('',(-1.,-4.03622265664422E-14,0.));
#4219=DIRECTION('',(0.,0.,-1.));
#4220=DIRECTION('',(-1.,-4.03622265664422E-14,0.));
#4221=DIRECTION('',(0.,0.,1.));
#4222=DIRECTION('',(4.03622265664422E-14,-1.,0.));
#4223=DIRECTION('',(0.,0.,1.));
#4224=DIRECTION('',(0.,0.,1.));
#4225=DIRECTION('',(1.,4.03622265664422E-14,0.));
#4226=DIRECTION('',(0.,0.,1.));
#4227=DIRECTION('',(0.,0.,1.));
#4228=DIRECTION('',(-0.861748878577875,-0.507335067060986,0.));
#4229=DIRECTION('',(-0.507335067060986,0.861748878577875,0.));
#4230=DIRECTION('',(0.,0.,1.));
#4231=DIRECTION('',(0.,0.,1.));
#4232=DIRECTION('',(1.,4.03622265664422E-14,0.));
#4233=DIRECTION('',(0.,0.,1.));
#4234=DIRECTION('',(0.025469402675662,-0.999675602146689,0.));
#4235=DIRECTION('',(-0.999675602146689,-0.025469402675662,0.));
#4236=DIRECTION('',(0.,0.,1.));
#4237=DIRECTION('',(0.,0.,1.));
#4238=DIRECTION('',(1.,4.03622265664422E-14,0.));
#4239=DIRECTION('',(0.,0.,1.));
#4240=DIRECTION('',(0.874390850206052,-0.485222259460485,0.));
#4241=DIRECTION('',(-0.485222259460485,-0.874390850206052,0.));
#4242=DIRECTION('',(-4.03622265664422E-14,1.,0.));
#4243=DIRECTION('',(0.,0.,-1.));
#4244=DIRECTION('',(0.,0.,1.));
#4245=DIRECTION('',(0.,0.,1.));
#4246=DIRECTION('',(0.,0.,1.));
#4247=DIRECTION('',(1.,4.03622265664422E-14,0.));
#4248=DIRECTION('',(0.,0.,1.));
#4249=DIRECTION('',(-0.861748878577916,0.507335067060916,0.));
#4250=DIRECTION('',(0.507335067060916,0.861748878577916,0.));
#4251=DIRECTION('',(0.,0.,1.));
#4252=DIRECTION('',(0.,0.,1.));
#4253=DIRECTION('',(1.,4.03622265664422E-14,0.));
#4254=DIRECTION('',(0.,0.,1.));
#4255=DIRECTION('',(0.861748878577875,0.507335067060986,0.));
#4256=DIRECTION('',(0.507335067060986,-0.861748878577875,0.));
#4257=DIRECTION('',(0.,0.,1.));
#4258=DIRECTION('',(0.,0.,1.));
#4259=DIRECTION('',(1.,4.03622265664422E-14,0.));
#4260=DIRECTION('',(0.,0.,1.));
#4261=DIRECTION('',(1.,4.03622265664422E-14,0.));
#4262=DIRECTION('',(0.,0.,1.));
#4263=DIRECTION('',(0.,0.,1.));
#4264=DIRECTION('',(0.861748878577916,-0.507335067060916,0.));
#4265=DIRECTION('',(-0.507335067060916,-0.861748878577916,0.));
#4266=DIRECTION('',(0.,0.,1.));
#4267=DIRECTION('',(0.,0.,1.));
#4268=DIRECTION('',(1.,4.03622265664422E-14,0.));
#4269=DIRECTION('',(0.,0.,1.));
#4270=DIRECTION('',(0.874390850206013,0.485222259460556,0.));
#4271=DIRECTION('',(0.485222259460556,-0.874390850206013,0.));
#4272=DIRECTION('',(0.,0.,1.));
#4273=DIRECTION('',(0.,0.,1.));
#4274=DIRECTION('',(1.,4.03622265664422E-14,0.));
#4275=DIRECTION('',(0.,0.,1.));
#4276=DIRECTION('',(0.0254694026755822,0.999675602146691,0.));
#4277=DIRECTION('',(0.999675602146691,-0.0254694026755822,0.));
#4278=DIRECTION('',(0.,0.,1.));
#4279=DIRECTION('',(1.,4.03622265664422E-14,0.));
#4280=DIRECTION('',(0.,0.,1.));
#4281=DIRECTION('',(0.,0.,1.));
#4282=DIRECTION('',(0.602836646933867,0.79786463583338,0.));
#4283=DIRECTION('',(0.79786463583338,-0.602836646933867,0.));
#4284=DIRECTION('',(0.,0.,1.));
#4285=DIRECTION('',(0.,0.,1.));
#4286=DIRECTION('',(1.,4.03622265664422E-14,0.));
#4287=DIRECTION('',(0.,0.,1.));
#4288=DIRECTION('',(0.,0.,1.));
#4289=DIRECTION('',(1.,4.03622265664422E-14,0.));
#4290=DIRECTION('',(0.,0.,1.));
#4291=DIRECTION('',(0.,0.,1.));
#4292=DIRECTION('',(1.,4.03622265664422E-14,0.));
#4293=DIRECTION('',(0.,0.,1.));
#4294=DIRECTION('',(-0.182938042149664,-0.983124444175023,0.));
#4295=DIRECTION('',(-0.983124444175023,0.182938042149664,0.));
#4296=DIRECTION('',(0.,0.,1.));
#4297=DIRECTION('',(0.,0.,1.));
#4298=DIRECTION('',(1.,4.03622265664422E-14,0.));
#4299=DIRECTION('',(0.,0.,1.));
#4300=DIRECTION('',(0.,0.,1.));
#4301=DIRECTION('',(1.,4.03622265664422E-14,0.));
#4302=DIRECTION('',(0.,0.,1.));
#4303=DIRECTION('',(1.,4.03622265664422E-14,0.));
#4304=DIRECTION('',(0.,0.,1.));
#4305=DIRECTION('',(0.,0.,1.));
#4306=DIRECTION('',(-4.03622265664422E-14,1.,0.));
#4307=DIRECTION('',(0.,0.,-1.));
#4308=DIRECTION('',(0.,0.,1.));
#4309=DIRECTION('',(-4.03622265664422E-14,1.,0.));
#4310=DIRECTION('',(0.,0.,-1.));
#4311=DIRECTION('',(0.,0.,1.));
#4312=DIRECTION('',(-1.,-4.0281436843378E-14,0.));
#4313=DIRECTION('',(-4.0281436843378E-14,1.,0.));
#4314=DIRECTION('',(4.03622265664422E-14,-1.,0.));
#4315=DIRECTION('',(0.,0.,1.));
#4316=DIRECTION('',(0.,0.,1.));
#4317=DIRECTION('',(0.,0.,1.));
#4318=DIRECTION('',(0.,0.,1.));
#4319=DIRECTION('',(1.,4.03622265664422E-14,0.));
#4320=DIRECTION('',(0.,0.,1.));
#4321=DIRECTION('',(4.03622265664422E-14,-1.,0.));
#4322=DIRECTION('',(0.,0.,1.));
#4323=DIRECTION('',(0.,0.,1.));
#4324=DIRECTION('',(-1.,-4.10085443509555E-14,0.));
#4325=DIRECTION('',(-4.10085443509555E-14,1.,0.));
#4326=DIRECTION('',(0.602836646933938,-0.797864635833327,0.));
#4327=DIRECTION('',(-0.797864635833327,-0.602836646933938,0.));
#4328=DIRECTION('',(0.,0.,1.));
#4329=DIRECTION('',(0.,0.,1.));
#4330=DIRECTION('',(0.,0.,1.));
#4331=DIRECTION('',(1.,4.03622265664422E-14,0.));
#4332=DIRECTION('',(0.,0.,1.));
#4333=DIRECTION('',(0.,0.,1.));
#4334=DIRECTION('',(1.,4.03622265664422E-14,0.));
#4335=DIRECTION('',(0.,0.,1.));
#4336=DIRECTION('',(0.,0.,1.));
#4337=DIRECTION('',(1.,4.03622265664422E-14,0.));
#4338=DIRECTION('',(0.,0.,1.));
#4339=DIRECTION('',(1.,4.03622265664422E-14,0.));
#4340=DIRECTION('',(1.,0.,0.));
#4341=DIRECTION('',(0.,0.,-1.));
#4342=DIRECTION('',(-1.,0.,0.));
#4343=DIRECTION('',(0.,0.,1.));
#4344=DIRECTION('',(0.,0.,-1.));
#4345=DIRECTION('',(-1.,0.,0.));
#4346=DIRECTION('',(0.,0.,-1.));
#4347=DIRECTION('',(-1.,0.,0.));
#4348=DIRECTION('',(0.,0.,1.));
#4349=DIRECTION('',(1.,0.,0.));
#4350=DIRECTION('',(0.,0.,1.));
#4351=DIRECTION('',(1.,0.,0.));
#4352=DIRECTION('',(0.,0.,1.));
#4353=DIRECTION('',(1.,0.,0.));
#4354=DIRECTION('',(0.,0.,1.));
#4355=DIRECTION('',(1.,0.,0.));
#4356=DIRECTION('',(0.,0.,1.));
#4357=DIRECTION('',(1.,0.,0.));
#4358=DIRECTION('',(0.,0.,1.));
#4359=DIRECTION('',(1.,0.,0.));
#4360=DIRECTION('',(0.,0.,1.));
#4361=DIRECTION('',(1.,0.,0.));
#4362=DIRECTION('',(0.,0.,1.));
#4363=DIRECTION('',(1.,0.,0.));
#4364=DIRECTION('',(0.,0.,1.));
#4365=DIRECTION('',(1.,0.,0.));
#4366=DIRECTION('',(0.,0.,1.));
#4367=DIRECTION('',(1.,0.,0.));
#4368=DIRECTION('',(0.,0.,1.));
#4369=DIRECTION('',(1.,0.,0.));
#4370=DIRECTION('',(0.,0.,1.));
#4371=DIRECTION('',(1.,0.,0.));
#4372=DIRECTION('',(0.,0.,1.));
#4373=DIRECTION('',(1.,0.,0.));
#4374=DIRECTION('',(0.,0.,1.));
#4375=DIRECTION('',(1.,0.,0.));
#4376=DIRECTION('',(0.,0.,1.));
#4377=DIRECTION('',(1.,0.,0.));
#4378=DIRECTION('',(0.,0.,1.));
#4379=DIRECTION('',(1.,0.,0.));
#4380=DIRECTION('',(0.,0.,-1.));
#4381=DIRECTION('',(-1.,0.,0.));
#4382=DIRECTION('',(0.,0.,-1.));
#4383=DIRECTION('',(0.,0.,-1.));
#4384=DIRECTION('',(1.,0.,0.));
#4385=DIRECTION('',(0.,0.,-1.));
#4386=DIRECTION('',(0.,0.,-1.));
#4387=DIRECTION('',(0.,0.,-1.));
#4388=DIRECTION('',(-1.,0.,0.));
#4389=DIRECTION('',(0.,0.,-1.));
#4390=DIRECTION('',(0.,1.,0.));
#4391=DIRECTION('',(0.,0.,1.));
#4392=DIRECTION('',(0.,0.,-1.));
#4393=DIRECTION('',(0.,0.,-1.));
#4394=DIRECTION('',(-1.,0.,0.));
#4395=DIRECTION('',(0.,0.,-1.));
#4396=DIRECTION('',(-1.,0.,0.));
#4397=DIRECTION('',(0.,0.,1.));
#4398=DIRECTION('',(0.,0.,-1.));
#4399=DIRECTION('',(0.,0.,-1.));
#4400=DIRECTION('',(-1.,0.,0.));
#4401=DIRECTION('',(0.,0.,-1.));
#4402=DIRECTION('',(0.,0.,-1.));
#4403=DIRECTION('',(-1.,0.,0.));
#4404=DIRECTION('',(0.,0.,-1.));
#4405=DIRECTION('',(0.,0.,-1.));
#4406=DIRECTION('',(-1.,0.,0.));
#4407=DIRECTION('',(0.,0.,1.));
#4408=DIRECTION('',(0.,0.,-1.));
#4409=DIRECTION('',(0.,0.,-1.));
#4410=DIRECTION('',(-1.,0.,0.));
#4411=DIRECTION('',(0.,0.,-1.));
#4412=DIRECTION('',(0.,-1.,0.));
#4413=DIRECTION('',(0.,0.,-1.));
#4414=DIRECTION('',(1.,0.,0.));
#4415=DIRECTION('',(0.,0.,-1.));
#4416=CARTESIAN_POINT('',(0.,0.,0.));
#4417=CARTESIAN_POINT('',(0.0436696932508946,0.076789193692381,0.126398));
#4418=CARTESIAN_POINT('',(0.0369964574594933,0.0755474498849559,0.126398));
#4419=CARTESIAN_POINT('',(0.0369964574594933,0.0755474498849559,0.1264));
#4420=CARTESIAN_POINT('',(0.0369964574594933,0.0755474498849559,0.12894));
#4421=CARTESIAN_POINT('',(0.0436696932508946,0.076789193692381,0.1264));
#4422=CARTESIAN_POINT('',(0.0539338200076784,0.0786991240825652,0.1264));
#4423=CARTESIAN_POINT('',(0.0539338200076784,0.0786991240825652,0.126398));
#4424=CARTESIAN_POINT('',(0.0539338200076784,0.0786991240825652,0.12894));
#4425=CARTESIAN_POINT('',(0.0436696932508946,0.076789193692381,0.12894));
#4426=CARTESIAN_POINT('',(0.0326641449816168,0.030759144981612,0.126398));
#4427=CARTESIAN_POINT('',(0.0326641449816168,0.030759144981612,0.1264));
#4428=CARTESIAN_POINT('',(0.056450883952026,0.0675794293682598,0.1264));
#4429=CARTESIAN_POINT('',(0.0369964574594933,0.0743799354576458,0.1264));
#4430=CARTESIAN_POINT('',(0.0369964574594933,0.0743799354576458,0.126398));
#4431=CARTESIAN_POINT('',(0.0369964574594933,0.0743799354576458,0.12894));
#4432=CARTESIAN_POINT('',(0.0326641449816168,0.030759144981612,0.12894));
#4433=CARTESIAN_POINT('',(0.056450883952026,0.0675794293682598,0.12894));
#4434=CARTESIAN_POINT('',(0.056450883952026,0.0675794293682598,0.126398));
#4435=CARTESIAN_POINT('',(0.0288541449816146,0.140759144981615,0.12894));
#4436=CARTESIAN_POINT('',(-0.0819323006463051,0.08572875,0.12894));
#4437=CARTESIAN_POINT('',(-0.0804083006463051,0.08572875,0.12894));
#4438=CARTESIAN_POINT('',(-0.0476076993536949,0.08572875,0.12894));
#4439=CARTESIAN_POINT('',(-0.0460836993536949,0.08572875,0.12894));
#4440=CARTESIAN_POINT('',(0.0436696932508942,0.0947290962708467,0.12894));
#4441=CARTESIAN_POINT('',(0.0369964574594933,0.0959708400782714,0.12894));
#4442=CARTESIAN_POINT('',(0.0539338200076781,0.0928191658806629,0.12894));
#4443=CARTESIAN_POINT('',(0.0369964574594933,0.0965545972919265,0.12894));
#4444=CARTESIAN_POINT('',(0.0369964574594933,0.0971383545055817,0.12894));
#4445=CARTESIAN_POINT('',(0.0326641449816146,0.140759144981615,0.12894));
#4446=CARTESIAN_POINT('',(0.0564508839520252,0.103938860594968,0.12894));
#4447=CARTESIAN_POINT('',(0.0578696849976244,0.101742651267913,0.12894));
#4448=CARTESIAN_POINT('',(0.0594458845960568,0.103828778455105,0.12894));
#4449=CARTESIAN_POINT('',(0.0598208209262331,0.103545490601569,0.12894));
#4450=CARTESIAN_POINT('',(0.0601957572564093,0.103262202748033,0.12894));
#4451=CARTESIAN_POINT('',(0.0591448201760732,0.10187126950741,0.12894));
#4452=CARTESIAN_POINT('',(0.0607973204396939,0.101315925555045,0.12894));
#4453=CARTESIAN_POINT('',(0.107088603326977,0.0857591449816143,0.12894));
#4454=CARTESIAN_POINT('',(0.059437600929485,0.096449246182003,0.12894));
#4455=CARTESIAN_POINT('',(0.0548027798533487,0.097489029268543,0.12894));
#4456=CARTESIAN_POINT('',(0.0369964574594933,0.0749636926713037,0.12894));
#4457=CARTESIAN_POINT('',(0.0548027798533492,0.0740292606946851,0.12894));
#4458=CARTESIAN_POINT('',(0.0594376009294854,0.0750690437812253,0.12894));
#4459=CARTESIAN_POINT('',(0.107088603326977,0.085759144981616,0.12894));
#4460=CARTESIAN_POINT('',(0.0607973204396945,0.0702023644081832,0.12894));
#4461=CARTESIAN_POINT('',(0.0591448201760738,0.0696470204558178,0.12894));
#4462=CARTESIAN_POINT('',(0.06019575725641,0.0682560872151949,0.12894));
#4463=CARTESIAN_POINT('',(0.0598208209262338,0.0679727993616593,0.12894));
#4464=CARTESIAN_POINT('',(0.0594458845960576,0.0676895115081237,0.12894));
#4465=CARTESIAN_POINT('',(0.0578696849976251,0.0697756386953147,0.12894));
#4466=CARTESIAN_POINT('',(0.0682204041735656,0.0630817753243771,0.12894));
#4467=CARTESIAN_POINT('',(0.0682204041735659,0.0630817753243767,0.12894));
#4468=CARTESIAN_POINT('',(0.0732598196529538,0.0544443977347278,0.12894));
#4469=CARTESIAN_POINT('',(0.107088603326974,0.0857591449816151,0.12894));
#4470=CARTESIAN_POINT('',(0.068220404173565,0.108436514638852,0.12894));
#4471=CARTESIAN_POINT('',(0.0682204041735647,0.108436514638852,0.12894));
#4472=CARTESIAN_POINT('',(0.0732598196529525,0.117073892228501,0.12894));
#4473=CARTESIAN_POINT('',(0.0326641449816146,0.140759144981615,0.12894));
#4474=CARTESIAN_POINT('',(0.00897889222849922,0.181354819652952,0.12894));
#4475=CARTESIAN_POINT('',(0.0089788922284992,0.181354819652952,0.12894));
#4476=CARTESIAN_POINT('',(0.000341514638853055,0.176315404173566,0.12894));
#4477=CARTESIAN_POINT('',(-0.0185258550183855,0.208653399823976,0.12894));
#4478=CARTESIAN_POINT('',(-0.0166208550183854,0.171262296932127,0.12894));
#4479=CARTESIAN_POINT('',(-0.0242428550183855,0.171262296932127,0.12894));
#4480=CARTESIAN_POINT('',(-0.0242408550183854,0.171262296932127,0.12894));
#4481=CARTESIAN_POINT('',(-0.0223358550183855,0.208653399823976,0.12894));
#4482=CARTESIAN_POINT('',(-0.0412032246756239,0.176315404173566,0.12894));
#4483=CARTESIAN_POINT('',(-0.045521913470447,0.178835111913259,0.12894));
#4484=CARTESIAN_POINT('',(-0.0498406022652701,0.181354819652952,0.12894));
#4485=CARTESIAN_POINT('',(-0.0735258550183855,0.140759144981615,0.12894));
#4486=CARTESIAN_POINT('',(-0.114121529689723,0.117073892228501,0.12894));
#4487=CARTESIAN_POINT('',(-0.111601821950029,0.112755203433676,0.12894));
#4488=CARTESIAN_POINT('',(-0.109082114210336,0.108436514638852,0.12894));
#4489=CARTESIAN_POINT('',(-0.147950313363744,0.0857591449816151,0.12894));
#4490=CARTESIAN_POINT('',(-0.109082114210335,0.0630817753243698,0.12894));
#4491=CARTESIAN_POINT('',(-0.111601821950028,0.058763086529545,0.12894));
#4492=CARTESIAN_POINT('',(-0.114121529689722,0.0544443977347202,0.12894));
#4493=CARTESIAN_POINT('',(-0.0735258550183833,0.0307591449816078,0.12894));
#4494=CARTESIAN_POINT('',(-0.0498406022652662,-0.0098365296897284,0.12894));
#4495=CARTESIAN_POINT('',(-0.0455219134704432,-0.007316821950035,0.12894));
#4496=CARTESIAN_POINT('',(-0.0412032246756203,-0.00479711421034171,0.12894));
#4497=CARTESIAN_POINT('',(-0.0223358550183805,-0.037135109860751,0.12894));
#4498=CARTESIAN_POINT('',(-0.024240855018382,0.000255993031097746,0.12894));
#4499=CARTESIAN_POINT('',(-0.024242855018382,0.000255993031097746,0.12894));
#4500=CARTESIAN_POINT('',(-0.016620855018382,0.00025599303109805,0.12894));
#4501=CARTESIAN_POINT('',(-0.0185258550183805,-0.0371351098607509,0.12894));
#4502=CARTESIAN_POINT('',(0.000341514638856697,-0.00479711421034002,0.12894));
#4503=CARTESIAN_POINT('',(0.00897889222850306,-0.00983652968972593,0.12894));
#4504=CARTESIAN_POINT('',(0.00897889222850307,-0.00983652968972597,0.12894));
#4505=CARTESIAN_POINT('',(0.0326641449816168,0.0307591449816121,0.12894));
#4506=CARTESIAN_POINT('',(0.0260348616768999,0.0251528377395387,0.12894));
#4507=CARTESIAN_POINT('',(-0.0937848541217357,0.0854074241795975,0.12894));
#4508=CARTESIAN_POINT('',(-0.0871083895472158,0.0820499833015414,0.12894));
#4509=CARTESIAN_POINT('',(-0.0936079817987946,0.0857591449816152,0.12894));
#4510=CARTESIAN_POINT('',(-0.0937848541217357,0.0861108657836246,0.12894));
#4511=CARTESIAN_POINT('',(0.0260348616768974,0.146365452223688,0.12894));
#4512=CARTESIAN_POINT('',(-0.087108389547216,0.089468306661681,0.12894));
#4513=CARTESIAN_POINT('',(-0.0866547845557467,0.0885662870085092,0.12894));
#4514=CARTESIAN_POINT('',(-0.0856451326637593,0.0885662870085092,0.12894));
#4515=CARTESIAN_POINT('',(-0.0856451326637593,0.140759144981615,0.12894));
#4516=CARTESIAN_POINT('',(-0.0856451326637592,0.0829520029547133,0.12894));
#4517=CARTESIAN_POINT('',(-0.0866547845557466,0.0829520029547132,0.12894));
#4518=CARTESIAN_POINT('',(-0.0204308550183854,0.0857591449816152,0.12894));
#4519=CARTESIAN_POINT('',(-0.0178908550183854,0.0857591449816152,0.12894));
#4520=CARTESIAN_POINT('',(-0.0299542245948784,0.119971861127131,0.12894));
#4521=CARTESIAN_POINT('',(-0.0265268550183854,0.119971861127131,0.12894));
#4522=CARTESIAN_POINT('',(-0.0333815941713713,0.119971861127131,0.12894));
#4523=CARTESIAN_POINT('',(-0.0735258550183854,0.140759144981615,0.12894));
#4524=CARTESIAN_POINT('',(-0.0341209619005646,0.162916023086915,0.12894));
#4525=CARTESIAN_POINT('',(-0.030323908459475,0.162916023086915,0.12894));
#4526=CARTESIAN_POINT('',(-0.0265268550183854,0.162916023086915,0.12894));
#4527=CARTESIAN_POINT('',(-0.0265268550183854,0.141443942107023,0.12894));
#4528=CARTESIAN_POINT('',(-0.0105378015772958,0.162916023086915,0.12894));
#4529=CARTESIAN_POINT('',(-0.0143348550183854,0.162916023086915,0.12894));
#4530=CARTESIAN_POINT('',(-0.00674074813620622,0.162916023086915,0.12894));
#4531=CARTESIAN_POINT('',(0.0326641449816146,0.140759144981615,0.12894));
#4532=CARTESIAN_POINT('',(-0.00748011586539959,0.119971861127131,0.12894));
#4533=CARTESIAN_POINT('',(-0.0109074854418925,0.119971861127131,0.12894));
#4534=CARTESIAN_POINT('',(-0.0143348550183854,0.119971861127131,0.12894));
#4535=CARTESIAN_POINT('',(-0.0143348550183854,0.141443942107023,0.12894));
#4536=CARTESIAN_POINT('',(-0.100006530212844,0.101871269507411,0.12894));
#4537=CARTESIAN_POINT('',(-0.10105746729318,0.103262202748033,0.12894));
#4538=CARTESIAN_POINT('',(-0.101659030476465,0.101315925555045,0.12894));
#4539=CARTESIAN_POINT('',(-0.100682530963004,0.103545490601569,0.12894));
#4540=CARTESIAN_POINT('',(-0.100307594632828,0.103828778455105,0.12894));
#4541=CARTESIAN_POINT('',(-0.0987313950343952,0.101742651267914,0.12894));
#4542=CARTESIAN_POINT('',(-0.0973125939887961,0.103938860594968,0.12894));
#4543=CARTESIAN_POINT('',(-0.0735258550183855,0.140759144981615,0.12894));
#4544=CARTESIAN_POINT('',(-0.0816623203512772,0.0976854845259881,0.12894));
#4545=CARTESIAN_POINT('',(-0.0826522464141859,0.0965846242267367,0.12894));
#4546=CARTESIAN_POINT('',(-0.0823703024376945,0.0951312300604438,0.12894));
#4547=CARTESIAN_POINT('',(-0.0885829162410718,0.0939751979705533,0.12894));
#4548=CARTESIAN_POINT('',(-0.0947955300444491,0.0928191658806629,0.12894));
#4549=CARTESIAN_POINT('',(-0.0956644898901196,0.0974890292685431,0.12894));
#4550=CARTESIAN_POINT('',(-0.100299310966256,0.0964492461820031,0.12894));
#4551=CARTESIAN_POINT('',(-0.147950313363752,0.0857591449816132,0.12894));
#4552=CARTESIAN_POINT('',(-0.0278533911823619,0.108010836331563,0.12894));
#4553=CARTESIAN_POINT('',(-0.0278533911823619,0.110363537439298,0.12894));
#4554=CARTESIAN_POINT('',(-0.0298808287235814,0.106817228557296,0.12894));
#4555=CARTESIAN_POINT('',(-0.0204308550183854,0.110363537439298,0.12894));
#4556=CARTESIAN_POINT('',(-0.013008318854409,0.110363537439298,0.12894));
#4557=CARTESIAN_POINT('',(-0.0130083188544089,0.108010836331563,0.12894));
#4558=CARTESIAN_POINT('',(-0.0109808813131894,0.106817228557296,0.12894));
#4559=CARTESIAN_POINT('',(-0.0146921493951777,0.10051334515676,0.12894));
#4560=CARTESIAN_POINT('',(-0.0184034174771659,0.0942094617562244,0.12894));
#4561=CARTESIAN_POINT('',(-0.0204308550183854,0.0954030695304915,0.12894));
#4562=CARTESIAN_POINT('',(-0.022458292559605,0.0942094617562244,0.12894));
#4563=CARTESIAN_POINT('',(-0.0261695606415932,0.10051334515676,0.12894));
#4564=CARTESIAN_POINT('',(0.0326641449816146,0.140759144981615,0.12894));
#4565=CARTESIAN_POINT('',(0.0326641449816146,0.100759144981615,0.12894));
#4566=CARTESIAN_POINT('',(-0.0735258550183855,0.140759144981615,0.12894));
#4567=CARTESIAN_POINT('',(-0.0335258550183855,0.140759144981615,0.12894));
#4568=CARTESIAN_POINT('',(-0.00457575946879421,0.10304635864236,0.12894));
#4569=CARTESIAN_POINT('',(-0.0025185791469212,0.10418794158969,0.12894));
#4570=CARTESIAN_POINT('',(-0.00660319701001372,0.104239966416627,0.12894));
#4571=CARTESIAN_POINT('',(0.00108300062149088,0.0976977438825855,0.12894));
#4572=CARTESIAN_POINT('',(0.00468458038990297,0.0912075461754811,0.12894));
#4573=CARTESIAN_POINT('',(0.00262740006803,0.0900659632281508,0.12894));
#4574=CARTESIAN_POINT('',(0.0025674781761417,0.0877140253316047,0.12894));
#4575=CARTESIAN_POINT('',(-0.00474536967425863,0.0879003396381732,0.12894));
#4576=CARTESIAN_POINT('',(-0.012058217524659,0.0880866539447417,0.12894));
#4577=CARTESIAN_POINT('',(-0.0119982956327707,0.0904385918412877,0.12894));
#4578=CARTESIAN_POINT('',(-0.0140257331739902,0.0916321996155548,0.12894));
#4579=CARTESIAN_POINT('',(-0.010314465092002,0.0979360830160907,0.12894));
#4580=CARTESIAN_POINT('',(-0.0288634144040002,0.0904385918412877,0.12894));
#4581=CARTESIAN_POINT('',(-0.028803492512112,0.0880866539447416,0.12894));
#4582=CARTESIAN_POINT('',(-0.0268359768627806,0.0916321996155548,0.12894));
#4583=CARTESIAN_POINT('',(-0.0361163403625123,0.0879003396381731,0.12894));
#4584=CARTESIAN_POINT('',(-0.0434291882129126,0.0877140253316046,0.12894));
#4585=CARTESIAN_POINT('',(-0.0434891101048008,0.0900659632281507,0.12894));
#4586=CARTESIAN_POINT('',(-0.0455462904266738,0.0912075461754811,0.12894));
#4587=CARTESIAN_POINT('',(-0.0419447106582617,0.0976977438825855,0.12894));
#4588=CARTESIAN_POINT('',(-0.0383431308898496,0.10418794158969,0.12894));
#4589=CARTESIAN_POINT('',(-0.0362859505679766,0.10304635864236,0.12894));
#4590=CARTESIAN_POINT('',(-0.0342585130267571,0.104239966416627,0.12894));
#4591=CARTESIAN_POINT('',(-0.0305472449447689,0.0979360830160907,0.12894));
#4592=CARTESIAN_POINT('',(0.0292691652662012,0.0857591449816152,0.12894));
#4593=CARTESIAN_POINT('',(0.0292691652662012,0.0916246798821561,0.12894));
#4594=CARTESIAN_POINT('',(0.0292691652662014,0.079893610081071,0.12894));
#4595=CARTESIAN_POINT('',(0.0232597048667424,0.0798936100810707,0.12894));
#4596=CARTESIAN_POINT('',(0.0232597048667426,0.0738841496816116,0.12894));
#4597=CARTESIAN_POINT('',(0.0202691705662017,0.0738841496816115,0.12894));
#4598=CARTESIAN_POINT('',(0.0172786362656608,0.0738841496816114,0.12894));
#4599=CARTESIAN_POINT('',(0.0172786362656605,0.0798936100810705,0.12894));
#4600=CARTESIAN_POINT('',(0.0112691758662014,0.0798936100810703,0.12894));
#4601=CARTESIAN_POINT('',(0.0112691758662012,0.0857591449816152,0.12894));
#4602=CARTESIAN_POINT('',(0.0112691758662012,0.0916246798821561,0.12894));
#4603=CARTESIAN_POINT('',(0.0172786362656603,0.0916246798821561,0.12894));
#4604=CARTESIAN_POINT('',(0.0172786362656603,0.0976341402816152,0.12894));
#4605=CARTESIAN_POINT('',(0.0202691705662012,0.0976341402816152,0.12894));
#4606=CARTESIAN_POINT('',(0.0232597048667421,0.0976341402816152,0.12894));
#4607=CARTESIAN_POINT('',(0.0232597048667421,0.0916246798821561,0.12894));
#4608=CARTESIAN_POINT('',(-0.029954224594877,0.0515464288360935,0.12894));
#4609=CARTESIAN_POINT('',(-0.026526855018384,0.0515464288360936,0.12894));
#4610=CARTESIAN_POINT('',(-0.0333815941713699,0.0515464288360933,0.12894));
#4611=CARTESIAN_POINT('',(-0.0265268550183831,0.0300743478562018,0.12894));
#4612=CARTESIAN_POINT('',(-0.0265268550183823,0.00860226687630994,0.12894));
#4613=CARTESIAN_POINT('',(-0.0303239084594718,0.0086022668763098,0.12894));
#4614=CARTESIAN_POINT('',(-0.0341209619005615,0.00860226687630963,0.12894));
#4615=CARTESIAN_POINT('',(-0.0735258550183832,0.0307591449816078,0.12894));
#4616=CARTESIAN_POINT('',(-0.0105378015772927,0.00860226687631061,0.12894));
#4617=CARTESIAN_POINT('',(-0.0143348550183823,0.00860226687631044,0.12894));
#4618=CARTESIAN_POINT('',(-0.00674074813620311,0.00860226687631074,0.12894));
#4619=CARTESIAN_POINT('',(-0.0143348550183832,0.0300743478562023,0.12894));
#4620=CARTESIAN_POINT('',(-0.014334855018384,0.0515464288360941,0.12894));
#4621=CARTESIAN_POINT('',(-0.0109074854418911,0.0515464288360943,0.12894));
#4622=CARTESIAN_POINT('',(-0.00748011586539821,0.0515464288360944,0.12894));
#4623=CARTESIAN_POINT('',(0.0326641449816168,0.0307591449816123,0.12894));
#4624=CARTESIAN_POINT('',(-0.100006530212843,0.0696470204558113,0.12894));
#4625=CARTESIAN_POINT('',(-0.101057467293179,0.0682560872151884,0.12894));
#4626=CARTESIAN_POINT('',(-0.101659030476464,0.0702023644081766,0.12894));
#4627=CARTESIAN_POINT('',(-0.147950313363752,0.0857591449816067,0.12894));
#4628=CARTESIAN_POINT('',(-0.100299310966255,0.0750690437812188,0.12894));
#4629=CARTESIAN_POINT('',(-0.0956644898901191,0.074029260694679,0.12894));
#4630=CARTESIAN_POINT('',(-0.0947955300444488,0.0786991240825592,0.12894));
#4631=CARTESIAN_POINT('',(-0.0885829162410715,0.077543091992669,0.12894));
#4632=CARTESIAN_POINT('',(-0.0823703024376941,0.0763870599027787,0.12894));
#4633=CARTESIAN_POINT('',(-0.0826522464141855,0.0749336657364859,0.12894));
#4634=CARTESIAN_POINT('',(-0.0816623203512767,0.0738328054372345,0.12894));
#4635=CARTESIAN_POINT('',(-0.0735258550183832,0.0307591449816078,0.12894));
#4636=CARTESIAN_POINT('',(-0.0973125939887954,0.0675794293682536,0.12894));
#4637=CARTESIAN_POINT('',(-0.0987313950343946,0.0697756386953083,0.12894));
#4638=CARTESIAN_POINT('',(-0.100307594632827,0.0676895115081173,0.12894));
#4639=CARTESIAN_POINT('',(-0.100682530963003,0.0679727993616528,0.12894));
#4640=CARTESIAN_POINT('',(-0.027853391182361,0.0635074536316615,0.12894));
#4641=CARTESIAN_POINT('',(-0.0278533911823609,0.0611547525239266,0.12894));
#4642=CARTESIAN_POINT('',(-0.0298808287235806,0.0647010614059285,0.12894));
#4643=CARTESIAN_POINT('',(-0.0261695606415926,0.0710049448064645,0.12894));
#4644=CARTESIAN_POINT('',(-0.0224582925596046,0.0773088282070006,0.12894));
#4645=CARTESIAN_POINT('',(-0.020430855018385,0.0761152204327336,0.12894));
#4646=CARTESIAN_POINT('',(-0.0184034174771655,0.0773088282070007,0.12894));
#4647=CARTESIAN_POINT('',(-0.0146921493951771,0.071004944806465,0.12894));
#4648=CARTESIAN_POINT('',(-0.0109808813131886,0.0647010614059292,0.12894));
#4649=CARTESIAN_POINT('',(-0.013008318854408,0.0635074536316621,0.12894));
#4650=CARTESIAN_POINT('',(-0.013008318854408,0.0611547525239272,0.12894));
#4651=CARTESIAN_POINT('',(-0.0204308550183844,0.0611547525239269,0.12894));
#4652=CARTESIAN_POINT('',(0.0326641449816168,0.0307591449816121,0.12894));
#4653=CARTESIAN_POINT('',(0.0326641449816152,0.0707591449816121,0.12894));
#4654=CARTESIAN_POINT('',(-0.0735258550183833,0.0307591449816077,0.12894));
#4655=CARTESIAN_POINT('',(-0.0335258550183833,0.0307591449816093,0.12894));
#4656=CARTESIAN_POINT('',(-0.00457575946879352,0.0684719313208662,0.12894));
#4657=CARTESIAN_POINT('',(-0.00251857914692046,0.0673303483735359,0.12894));
#4658=CARTESIAN_POINT('',(-0.00660319701001298,0.067278323546599,0.12894));
#4659=CARTESIAN_POINT('',(-0.0103144650920015,0.0735822069471348,0.12894));
#4660=CARTESIAN_POINT('',(-0.01402573317399,0.0798860903476706,0.12894));
#4661=CARTESIAN_POINT('',(-0.0119982956327705,0.0810796981219377,0.12894));
#4662=CARTESIAN_POINT('',(-0.0120582175246589,0.0834316360184838,0.12894));
#4663=CARTESIAN_POINT('',(-0.00474536967425855,0.0836179503250526,0.12894));
#4664=CARTESIAN_POINT('',(0.00256747817614177,0.0838042646316213,0.12894));
#4665=CARTESIAN_POINT('',(0.00262740006803018,0.0814523267350753,0.12894));
#4666=CARTESIAN_POINT('',(0.00468458038990319,0.080310743787745,0.12894));
#4667=CARTESIAN_POINT('',(0.00108300062149136,0.0738205460806404,0.12894));
#4668=CARTESIAN_POINT('',(-0.028863414404,0.081079698121937,0.12894));
#4669=CARTESIAN_POINT('',(-0.0288034925121118,0.0834316360184831,0.12894));
#4670=CARTESIAN_POINT('',(-0.0268359768627804,0.07988609034767,0.12894));
#4671=CARTESIAN_POINT('',(-0.0305472449447684,0.073582206947134,0.12894));
#4672=CARTESIAN_POINT('',(-0.0342585130267564,0.0672783235465979,0.12894));
#4673=CARTESIAN_POINT('',(-0.036285950567976,0.0684719313208649,0.12894));
#4674=CARTESIAN_POINT('',(-0.0383431308898489,0.0673303483735344,0.12894));
#4675=CARTESIAN_POINT('',(-0.0419447106582612,0.0738205460806387,0.12894));
#4676=CARTESIAN_POINT('',(-0.0455462904266736,0.080310743787743,0.12894));
#4677=CARTESIAN_POINT('',(-0.0434891101048007,0.0814523267350735,0.12894));
#4678=CARTESIAN_POINT('',(-0.0434291882129125,0.0838042646316195,0.12894));
#4679=CARTESIAN_POINT('',(-0.0361163403625123,0.0836179503250513,0.12894));
#4680=CARTESIAN_POINT('',(0.0019050000000001,6.99885645712712E-20,0.12894));
#4681=CARTESIAN_POINT('',(0.0030480000000001,6.99885645712712E-20,0.12894));
#4682=CARTESIAN_POINT('',(-0.0427667100367709,6.99885645712712E-20,0.12894));
#4683=CARTESIAN_POINT('',(-0.0416237100367709,6.99885645712712E-20,0.12894));
#4684=CARTESIAN_POINT('',(-0.104285,5.96814864300593E-16,0.12894));
#4685=CARTESIAN_POINT('',(-0.103142,5.96814864300593E-16,0.12894));
#4686=CARTESIAN_POINT('',(-0.0366208550183844,0.11325914498161,0.12894));
#4687=CARTESIAN_POINT('',(-0.0354778550183844,0.11325914498161,0.12894));
#4688=CARTESIAN_POINT('',(-0.0427667100367675,0.171518289963226,0.12894));
#4689=CARTESIAN_POINT('',(-0.0416237100367675,0.171518289963226,0.12894));
#4690=CARTESIAN_POINT('',(-0.104285,0.0615182899632302,0.12894));
#4691=CARTESIAN_POINT('',(-0.103142,0.0615182899632302,0.12894));
#4692=CARTESIAN_POINT('',(-0.104285,0.109999999999998,0.12894));
#4693=CARTESIAN_POINT('',(-0.103142,0.109999999999998,0.12894));
#4694=CARTESIAN_POINT('',(-0.104284999999997,0.171518289963228,0.12894));
#4695=CARTESIAN_POINT('',(-0.103141999999997,0.171518289963228,0.12894));
#4696=CARTESIAN_POINT('',(-0.0366208550183855,0.0582591449816152,0.12894));
#4697=CARTESIAN_POINT('',(-0.0354778550183855,0.0582591449816152,0.12894));
#4698=CARTESIAN_POINT('',(-0.0042408550183854,0.0582591449816152,0.12894));
#4699=CARTESIAN_POINT('',(-0.0030978550183854,0.0582591449816152,0.12894));
#4700=CARTESIAN_POINT('',(-0.0042408550183865,0.11325914498161,0.12894));
#4701=CARTESIAN_POINT('',(-0.00309785501838651,0.11325914498161,0.12894));
#4702=CARTESIAN_POINT('',(0.00190499999999667,0.171518289963226,0.12894));
#4703=CARTESIAN_POINT('',(0.00304799999999666,0.171518289963226,0.12894));
#4704=CARTESIAN_POINT('',(0.0634232899632263,0.171518289963228,0.12894));
#4705=CARTESIAN_POINT('',(0.0645662899632263,0.171518289963228,0.12894));
#4706=CARTESIAN_POINT('',(0.0634232899632281,0.109999999999998,0.12894));
#4707=CARTESIAN_POINT('',(0.0645662899632281,0.109999999999998,0.12894));
#4708=CARTESIAN_POINT('',(0.0634232899632291,0.0615182899632302,0.12894));
#4709=CARTESIAN_POINT('',(0.0645662899632291,0.0615182899632302,0.12894));
#4710=CARTESIAN_POINT('',(0.0634232899632297,5.96814864300593E-16,0.12894));
#4711=CARTESIAN_POINT('',(0.0645662899632297,5.96814864300593E-16,0.12894));
#4712=CARTESIAN_POINT('',(-0.06602,0.08572875,0.12894));
#4713=CARTESIAN_POINT('',(-0.06602,0.0888089398,0.12894));
#4714=CARTESIAN_POINT('',(-0.06602,0.0826485602,0.12894));
#4715=CARTESIAN_POINT('',(-0.0669398102,0.0826485602,0.12894));
#4716=CARTESIAN_POINT('',(-0.0669398102,0.08172875,0.12894));
#4717=CARTESIAN_POINT('',(-0.07002,0.08172875,0.12894));
#4718=CARTESIAN_POINT('',(-0.0731001898,0.08172875,0.12894));
#4719=CARTESIAN_POINT('',(-0.0731001898,0.0826485602,0.12894));
#4720=CARTESIAN_POINT('',(-0.07402,0.0826485602,0.12894));
#4721=CARTESIAN_POINT('',(-0.07402,0.08572875,0.12894));
#4722=CARTESIAN_POINT('',(-0.07402,0.0888089398,0.12894));
#4723=CARTESIAN_POINT('',(-0.0731001898,0.0888089398,0.12894));
#4724=CARTESIAN_POINT('',(-0.0731001898,0.08972875,0.12894));
#4725=CARTESIAN_POINT('',(-0.07002,0.08972875,0.12894));
#4726=CARTESIAN_POINT('',(-0.0669398102,0.08972875,0.12894));
#4727=CARTESIAN_POINT('',(-0.0669398102,0.0888089398,0.12894));
#4728=CARTESIAN_POINT('',(-0.06302,0.08572875,0.12894));
#4729=CARTESIAN_POINT('',(-0.0630199999999984,0.0810337730782888,0.12894));
#4730=CARTESIAN_POINT('',(-0.06302,0.0904237269217113,0.12894));
#4731=CARTESIAN_POINT('',(-0.05827,0.09022875,0.12894));
#4732=CARTESIAN_POINT('',(-0.053516,0.09022875,0.12894));
#4733=CARTESIAN_POINT('',(-0.053516,0.08572875,0.12894));
#4734=CARTESIAN_POINT('',(-0.053516,0.08122875,0.12894));
#4735=CARTESIAN_POINT('',(-0.0582699999999988,0.08122875,0.12894));
#4736=CARTESIAN_POINT('',(0.0288541449816146,0.140759144981615,0.1264));
#4737=CARTESIAN_POINT('',(-0.0819323006463051,0.08572875,0.1264));
#4738=CARTESIAN_POINT('',(-0.0834563006463051,0.08572875,0.1264));
#4739=CARTESIAN_POINT('',(-0.0476076993536949,0.08572875,0.1264));
#4740=CARTESIAN_POINT('',(-0.0491316993536949,0.08572875,0.1264));
#4741=CARTESIAN_POINT('',(0.0326641449816146,0.140759144981615,0.1264));
#4742=CARTESIAN_POINT('',(0.0564508839520252,0.103938860594968,0.1264));
#4743=CARTESIAN_POINT('',(0.0369964574594933,0.0971383545055817,0.1264));
#4744=CARTESIAN_POINT('',(0.0369964574594933,0.0965545972919265,0.1264));
#4745=CARTESIAN_POINT('',(0.0369964574594933,0.0959708400782714,0.1264));
#4746=CARTESIAN_POINT('',(0.0436696932508942,0.0947290962708467,0.1264));
#4747=CARTESIAN_POINT('',(0.0539338200076781,0.0928191658806629,0.1264));
#4748=CARTESIAN_POINT('',(0.0548027798533487,0.097489029268543,0.1264));
#4749=CARTESIAN_POINT('',(0.059437600929485,0.096449246182003,0.1264));
#4750=CARTESIAN_POINT('',(0.107088603326977,0.0857591449816143,0.1264));
#4751=CARTESIAN_POINT('',(0.0607973204396939,0.101315925555045,0.1264));
#4752=CARTESIAN_POINT('',(0.0591448201760732,0.10187126950741,0.1264));
#4753=CARTESIAN_POINT('',(0.0601957572564093,0.103262202748033,0.1264));
#4754=CARTESIAN_POINT('',(0.0598208209262331,0.103545490601569,0.1264));
#4755=CARTESIAN_POINT('',(0.0594458845960568,0.103828778455105,0.1264));
#4756=CARTESIAN_POINT('',(0.0578696849976244,0.101742651267913,0.1264));
#4757=CARTESIAN_POINT('',(0.107088603326974,0.0857591449816151,0.1264));
#4758=CARTESIAN_POINT('',(0.0682204041735659,0.0630817753243767,0.1264));
#4759=CARTESIAN_POINT('',(0.068220404173565,0.108436514638852,0.1264));
#4760=CARTESIAN_POINT('',(0.0682204041735656,0.0630817753243771,0.1264));
#4761=CARTESIAN_POINT('',(0.0732598196529538,0.0544443977347278,0.1264));
#4762=CARTESIAN_POINT('',(0.0326641449816168,0.0307591449816121,0.1264));
#4763=CARTESIAN_POINT('',(0.00897889222850307,-0.00983652968972597,0.1264));
#4764=CARTESIAN_POINT('',(0.00897889222850306,-0.00983652968972593,0.1264));
#4765=CARTESIAN_POINT('',(0.000341514638856697,-0.00479711421034002,0.1264));
#4766=CARTESIAN_POINT('',(-0.0185258550183805,-0.0371351098607509,0.1264));
#4767=CARTESIAN_POINT('',(-0.016620855018382,0.00025599303109805,0.1264));
#4768=CARTESIAN_POINT('',(-0.024242855018382,0.000255993031097746,0.1264));
#4769=CARTESIAN_POINT('',(-0.024240855018382,0.000255993031097746,0.1264));
#4770=CARTESIAN_POINT('',(-0.0223358550183805,-0.037135109860751,0.1264));
#4771=CARTESIAN_POINT('',(-0.0412032246756203,-0.00479711421034171,0.1264));
#4772=CARTESIAN_POINT('',(-0.0455219134704432,-0.007316821950035,0.1264));
#4773=CARTESIAN_POINT('',(-0.0498406022652662,-0.0098365296897284,0.1264));
#4774=CARTESIAN_POINT('',(-0.0735258550183833,0.0307591449816078,0.1264));
#4775=CARTESIAN_POINT('',(-0.114121529689722,0.0544443977347202,0.1264));
#4776=CARTESIAN_POINT('',(-0.111601821950028,0.058763086529545,0.1264));
#4777=CARTESIAN_POINT('',(-0.109082114210335,0.0630817753243698,0.1264));
#4778=CARTESIAN_POINT('',(-0.147950313363744,0.0857591449816151,0.1264));
#4779=CARTESIAN_POINT('',(-0.109082114210336,0.108436514638852,0.1264));
#4780=CARTESIAN_POINT('',(-0.111601821950029,0.112755203433676,0.1264));
#4781=CARTESIAN_POINT('',(-0.114121529689723,0.117073892228501,0.1264));
#4782=CARTESIAN_POINT('',(-0.0735258550183855,0.140759144981615,0.1264));
#4783=CARTESIAN_POINT('',(-0.0498406022652701,0.181354819652952,0.1264));
#4784=CARTESIAN_POINT('',(-0.045521913470447,0.178835111913259,0.1264));
#4785=CARTESIAN_POINT('',(-0.0412032246756239,0.176315404173566,0.1264));
#4786=CARTESIAN_POINT('',(-0.0223358550183855,0.208653399823976,0.1264));
#4787=CARTESIAN_POINT('',(-0.0242408550183854,0.171262296932127,0.1264));
#4788=CARTESIAN_POINT('',(-0.0242428550183855,0.171262296932127,0.1264));
#4789=CARTESIAN_POINT('',(-0.0166208550183854,0.171262296932127,0.1264));
#4790=CARTESIAN_POINT('',(-0.0185258550183855,0.208653399823976,0.1264));
#4791=CARTESIAN_POINT('',(0.000341514638853055,0.176315404173566,0.1264));
#4792=CARTESIAN_POINT('',(0.0089788922284992,0.181354819652952,0.1264));
#4793=CARTESIAN_POINT('',(0.00897889222849922,0.181354819652952,0.1264));
#4794=CARTESIAN_POINT('',(0.0326641449816146,0.140759144981615,0.1264));
#4795=CARTESIAN_POINT('',(0.0732598196529525,0.117073892228501,0.1264));
#4796=CARTESIAN_POINT('',(0.0682204041735647,0.108436514638852,0.1264));
#4797=CARTESIAN_POINT('',(0.0112691758662012,0.0857591449816152,0.1264));
#4798=CARTESIAN_POINT('',(0.0112691758662012,0.0916246798821561,0.1264));
#4799=CARTESIAN_POINT('',(0.0112691758662014,0.0798936100810703,0.1264));
#4800=CARTESIAN_POINT('',(0.0172786362656605,0.0798936100810705,0.1264));
#4801=CARTESIAN_POINT('',(0.0172786362656608,0.0738841496816114,0.1264));
#4802=CARTESIAN_POINT('',(0.0202691705662017,0.0738841496816115,0.1264));
#4803=CARTESIAN_POINT('',(0.0232597048667426,0.0738841496816116,0.1264));
#4804=CARTESIAN_POINT('',(0.0232597048667424,0.0798936100810707,0.1264));
#4805=CARTESIAN_POINT('',(0.0292691652662014,0.079893610081071,0.1264));
#4806=CARTESIAN_POINT('',(0.0292691652662012,0.0857591449816152,0.1264));
#4807=CARTESIAN_POINT('',(0.0292691652662012,0.0916246798821561,0.1264));
#4808=CARTESIAN_POINT('',(0.0232597048667421,0.0916246798821561,0.1264));
#4809=CARTESIAN_POINT('',(0.0232597048667421,0.0976341402816152,0.1264));
#4810=CARTESIAN_POINT('',(0.0202691705662012,0.0976341402816152,0.1264));
#4811=CARTESIAN_POINT('',(0.0172786362656603,0.0976341402816152,0.1264));
#4812=CARTESIAN_POINT('',(0.0172786362656603,0.0916246798821561,0.1264));
#4813=CARTESIAN_POINT('',(-0.0204308550183854,0.0857591449816152,0.1264));
#4814=CARTESIAN_POINT('',(-0.0178908550183854,0.0857591449816152,0.1264));
#4815=CARTESIAN_POINT('',(-0.0299542245948784,0.119971861127131,0.1264));
#4816=CARTESIAN_POINT('',(-0.0333815941713713,0.119971861127131,0.1264));
#4817=CARTESIAN_POINT('',(-0.0265268550183854,0.119971861127131,0.1264));
#4818=CARTESIAN_POINT('',(-0.0265268550183854,0.141443942107023,0.1264));
#4819=CARTESIAN_POINT('',(-0.0265268550183854,0.162916023086915,0.1264));
#4820=CARTESIAN_POINT('',(-0.030323908459475,0.162916023086915,0.1264));
#4821=CARTESIAN_POINT('',(-0.0341209619005646,0.162916023086915,0.1264));
#4822=CARTESIAN_POINT('',(-0.0735258550183854,0.140759144981615,0.1264));
#4823=CARTESIAN_POINT('',(-0.0105378015772958,0.162916023086915,0.1264));
#4824=CARTESIAN_POINT('',(-0.00674074813620622,0.162916023086915,0.1264));
#4825=CARTESIAN_POINT('',(-0.0143348550183854,0.162916023086915,0.1264));
#4826=CARTESIAN_POINT('',(-0.0143348550183854,0.141443942107023,0.1264));
#4827=CARTESIAN_POINT('',(-0.0143348550183854,0.119971861127131,0.1264));
#4828=CARTESIAN_POINT('',(-0.0109074854418925,0.119971861127131,0.1264));
#4829=CARTESIAN_POINT('',(-0.00748011586539959,0.119971861127131,0.1264));
#4830=CARTESIAN_POINT('',(0.0326641449816146,0.140759144981615,0.1264));
#4831=CARTESIAN_POINT('',(-0.147950313363752,0.0857591449816132,0.1264));
#4832=CARTESIAN_POINT('',(-0.101659030476465,0.101315925555045,0.1264));
#4833=CARTESIAN_POINT('',(-0.100299310966256,0.0964492461820031,0.1264));
#4834=CARTESIAN_POINT('',(-0.0956644898901196,0.0974890292685431,0.1264));
#4835=CARTESIAN_POINT('',(-0.0947955300444491,0.0928191658806629,0.1264));
#4836=CARTESIAN_POINT('',(-0.0885829162410718,0.0939751979705533,0.1264));
#4837=CARTESIAN_POINT('',(-0.0823703024376945,0.0951312300604438,0.1264));
#4838=CARTESIAN_POINT('',(-0.0826522464141859,0.0965846242267367,0.1264));
#4839=CARTESIAN_POINT('',(-0.0816623203512772,0.0976854845259881,0.1264));
#4840=CARTESIAN_POINT('',(-0.0735258550183855,0.140759144981615,0.1264));
#4841=CARTESIAN_POINT('',(-0.0973125939887961,0.103938860594968,0.1264));
#4842=CARTESIAN_POINT('',(-0.0987313950343952,0.101742651267914,0.1264));
#4843=CARTESIAN_POINT('',(-0.100307594632828,0.103828778455105,0.1264));
#4844=CARTESIAN_POINT('',(-0.100682530963004,0.103545490601569,0.1264));
#4845=CARTESIAN_POINT('',(-0.10105746729318,0.103262202748033,0.1264));
#4846=CARTESIAN_POINT('',(-0.100006530212844,0.101871269507411,0.1264));
#4847=CARTESIAN_POINT('',(0.0288541449816146,0.110363537439298,0.1264));
#4848=CARTESIAN_POINT('',(-0.0278533911823619,0.110363537439298,0.1264));
#4849=CARTESIAN_POINT('',(-0.013008318854409,0.110363537439298,0.1264));
#4850=CARTESIAN_POINT('',(-0.0278533911823619,0.108010836331563,0.1264));
#4851=CARTESIAN_POINT('',(-0.0298808287235814,0.106817228557296,0.1264));
#4852=CARTESIAN_POINT('',(-0.0296023507762193,0.106344211660912,0.1264));
#4853=CARTESIAN_POINT('',(-0.022458292559605,0.0942094617562244,0.1264));
#4854=CARTESIAN_POINT('',(-0.0204308550183854,0.0954030695304915,0.1264));
#4855=CARTESIAN_POINT('',(-0.0184034174771659,0.0942094617562244,0.1264));
#4856=CARTESIAN_POINT('',(0.0141114616819367,0.149438564713316,0.1264));
#4857=CARTESIAN_POINT('',(-0.0109808813131894,0.106817228557296,0.1264));
#4858=CARTESIAN_POINT('',(-0.0130083188544089,0.108010836331563,0.1264));
#4859=CARTESIAN_POINT('',(-0.0106483721024515,0.11883816926533,0.1264));
#4860=CARTESIAN_POINT('',(0.00468458038990297,0.0912075461754811,0.1264));
#4861=CARTESIAN_POINT('',(-0.0025185791469212,0.10418794158969,0.1264));
#4862=CARTESIAN_POINT('',(-0.00457575946879421,0.10304635864236,0.1264));
#4863=CARTESIAN_POINT('',(-0.00660319701001372,0.104239966416627,0.1264));
#4864=CARTESIAN_POINT('',(0.0184891459851124,0.146861302572647,0.1264));
#4865=CARTESIAN_POINT('',(-0.0140257331739902,0.0916321996155548,0.1264));
#4866=CARTESIAN_POINT('',(-0.0119982956327707,0.0904385918412877,0.1264));
#4867=CARTESIAN_POINT('',(-0.012058217524659,0.0880866539447417,0.1264));
#4868=CARTESIAN_POINT('',(0.0274865038293822,0.0870791466796863,0.1264));
#4869=CARTESIAN_POINT('',(0.0025674781761417,0.0877140253316047,0.1264));
#4870=CARTESIAN_POINT('',(0.00262740006803,0.0900659632281508,0.1264));
#4871=CARTESIAN_POINT('',(0.0326641449816146,0.140759144981615,0.1264));
#4872=CARTESIAN_POINT('',(0.0326641449816146,0.100759144981615,0.1264));
#4873=CARTESIAN_POINT('',(-0.0735258550183855,0.140759144981615,0.1264));
#4874=CARTESIAN_POINT('',(-0.0335258550183855,0.140759144981615,0.1264));
#4875=CARTESIAN_POINT('',(0.0301578447139576,0.0895888512944411,0.1264));
#4876=CARTESIAN_POINT('',(-0.0434291882129126,0.0877140253316046,0.1264));
#4877=CARTESIAN_POINT('',(-0.028803492512112,0.0880866539447416,0.1264));
#4878=CARTESIAN_POINT('',(-0.0288634144040002,0.0904385918412877,0.1264));
#4879=CARTESIAN_POINT('',(-0.0268359768627806,0.0916321996155548,0.1264));
#4880=CARTESIAN_POINT('',(-0.0339800350793951,0.103766949520243,0.1264));
#4881=CARTESIAN_POINT('',(-0.0342585130267571,0.104239966416627,0.1264));
#4882=CARTESIAN_POINT('',(-0.0362859505679766,0.10304635864236,0.1264));
#4883=CARTESIAN_POINT('',(-0.0383431308898496,0.10418794158969,0.1264));
#4884=CARTESIAN_POINT('',(-0.00700595394346072,0.160658847981484,0.1264));
#4885=CARTESIAN_POINT('',(-0.0455462904266738,0.0912075461754811,0.1264));
#4886=CARTESIAN_POINT('',(-0.0434891101048008,0.0900659632281507,0.1264));
#4887=CARTESIAN_POINT('',(-0.0866547845557466,0.0829520029547132,0.1264));
#4888=CARTESIAN_POINT('',(-0.0856451326637592,0.0829520029547133,0.1264));
#4889=CARTESIAN_POINT('',(-0.0871083895472158,0.0820499833015414,0.1264));
#4890=CARTESIAN_POINT('',(-0.0856451326637593,0.140759144981615,0.1264));
#4891=CARTESIAN_POINT('',(-0.0856451326637593,0.0885662870085092,0.1264));
#4892=CARTESIAN_POINT('',(-0.0866547845557467,0.0885662870085092,0.1264));
#4893=CARTESIAN_POINT('',(-0.087108389547216,0.089468306661681,0.1264));
#4894=CARTESIAN_POINT('',(0.0260348616768974,0.146365452223688,0.1264));
#4895=CARTESIAN_POINT('',(-0.0937848541217357,0.0861108657836246,0.1264));
#4896=CARTESIAN_POINT('',(-0.0936079817987946,0.0857591449816152,0.1264));
#4897=CARTESIAN_POINT('',(-0.0937848541217357,0.0854074241795975,0.1264));
#4898=CARTESIAN_POINT('',(0.0260348616768999,0.0251528377395387,0.1264));
#4899=CARTESIAN_POINT('',(0.0578696849976251,0.0697756386953147,0.1264));
#4900=CARTESIAN_POINT('',(0.0594458845960576,0.0676895115081237,0.1264));
#4901=CARTESIAN_POINT('',(0.0598208209262338,0.0679727993616593,0.1264));
#4902=CARTESIAN_POINT('',(0.06019575725641,0.0682560872151949,0.1264));
#4903=CARTESIAN_POINT('',(0.0591448201760738,0.0696470204558178,0.1264));
#4904=CARTESIAN_POINT('',(0.0607973204396945,0.0702023644081832,0.1264));
#4905=CARTESIAN_POINT('',(0.107088603326977,0.085759144981616,0.1264));
#4906=CARTESIAN_POINT('',(0.0594376009294854,0.0750690437812253,0.1264));
#4907=CARTESIAN_POINT('',(0.0548027798533492,0.0740292606946851,0.1264));
#4908=CARTESIAN_POINT('',(0.0369964574594933,0.0749636926713037,0.1264));
#4909=CARTESIAN_POINT('',(-0.029954224594877,0.0515464288360935,0.1264));
#4910=CARTESIAN_POINT('',(-0.0333815941713699,0.0515464288360933,0.1264));
#4911=CARTESIAN_POINT('',(-0.026526855018384,0.0515464288360936,0.1264));
#4912=CARTESIAN_POINT('',(-0.0735258550183832,0.0307591449816078,0.1264));
#4913=CARTESIAN_POINT('',(-0.0341209619005615,0.00860226687630963,0.1264));
#4914=CARTESIAN_POINT('',(-0.0303239084594718,0.0086022668763098,0.1264));
#4915=CARTESIAN_POINT('',(-0.0265268550183823,0.00860226687630994,0.1264));
#4916=CARTESIAN_POINT('',(-0.0265268550183831,0.0300743478562018,0.1264));
#4917=CARTESIAN_POINT('',(-0.0105378015772927,0.00860226687631061,0.1264));
#4918=CARTESIAN_POINT('',(-0.00674074813620311,0.00860226687631074,0.1264));
#4919=CARTESIAN_POINT('',(-0.0143348550183823,0.00860226687631044,0.1264));
#4920=CARTESIAN_POINT('',(0.0326641449816168,0.0307591449816123,0.1264));
#4921=CARTESIAN_POINT('',(-0.00748011586539821,0.0515464288360944,0.1264));
#4922=CARTESIAN_POINT('',(-0.0109074854418911,0.0515464288360943,0.1264));
#4923=CARTESIAN_POINT('',(-0.014334855018384,0.0515464288360941,0.1264));
#4924=CARTESIAN_POINT('',(-0.0143348550183832,0.0300743478562023,0.1264));
#4925=CARTESIAN_POINT('',(-0.147950313363752,0.0857591449816067,0.1264));
#4926=CARTESIAN_POINT('',(-0.101659030476464,0.0702023644081766,0.1264));
#4927=CARTESIAN_POINT('',(-0.100299310966255,0.0750690437812188,0.1264));
#4928=CARTESIAN_POINT('',(-0.100006530212843,0.0696470204558113,0.1264));
#4929=CARTESIAN_POINT('',(-0.101057467293179,0.0682560872151884,0.1264));
#4930=CARTESIAN_POINT('',(-0.100682530963003,0.0679727993616528,0.1264));
#4931=CARTESIAN_POINT('',(-0.100307594632827,0.0676895115081173,0.1264));
#4932=CARTESIAN_POINT('',(-0.0987313950343946,0.0697756386953083,0.1264));
#4933=CARTESIAN_POINT('',(-0.0973125939887954,0.0675794293682536,0.1264));
#4934=CARTESIAN_POINT('',(-0.0735258550183832,0.0307591449816078,0.1264));
#4935=CARTESIAN_POINT('',(-0.0816623203512767,0.0738328054372345,0.1264));
#4936=CARTESIAN_POINT('',(-0.0826522464141855,0.0749336657364859,0.1264));
#4937=CARTESIAN_POINT('',(-0.0823703024376941,0.0763870599027787,0.1264));
#4938=CARTESIAN_POINT('',(-0.0885829162410715,0.077543091992669,0.1264));
#4939=CARTESIAN_POINT('',(-0.0947955300444488,0.0786991240825592,0.1264));
#4940=CARTESIAN_POINT('',(-0.0956644898901191,0.074029260694679,0.1264));
#4941=CARTESIAN_POINT('',(0.0288541449816156,0.0611547525239289,0.1264));
#4942=CARTESIAN_POINT('',(-0.0278533911823609,0.0611547525239266,0.1264));
#4943=CARTESIAN_POINT('',(-0.013008318854408,0.0611547525239272,0.1264));
#4944=CARTESIAN_POINT('',(-0.013008318854408,0.0635074536316621,0.1264));
#4945=CARTESIAN_POINT('',(-0.0109808813131886,0.0647010614059292,0.1264));
#4946=CARTESIAN_POINT('',(0.0141114616819393,0.02207972524991,0.1264));
#4947=CARTESIAN_POINT('',(-0.0184034174771655,0.0773088282070007,0.1264));
#4948=CARTESIAN_POINT('',(-0.020430855018385,0.0761152204327336,0.1264));
#4949=CARTESIAN_POINT('',(-0.0224582925596046,0.0773088282070006,0.1264));
#4950=CARTESIAN_POINT('',(-0.0296023507762185,0.0651740783023125,0.1264));
#4951=CARTESIAN_POINT('',(-0.0298808287235806,0.0647010614059285,0.1264));
#4952=CARTESIAN_POINT('',(-0.027853391182361,0.0635074536316615,0.1264));
#4953=CARTESIAN_POINT('',(-0.0106483721024502,0.0526801206978954,0.1264));
#4954=CARTESIAN_POINT('',(0.00468458038990319,0.080310743787745,0.1264));
#4955=CARTESIAN_POINT('',(-0.00251857914692046,0.0673303483735359,0.1264));
#4956=CARTESIAN_POINT('',(0.00262740006803018,0.0814523267350753,0.1264));
#4957=CARTESIAN_POINT('',(0.00256747817614177,0.0838042646316213,0.1264));
#4958=CARTESIAN_POINT('',(0.0274865038293822,0.0844391432835407,0.1264));
#4959=CARTESIAN_POINT('',(-0.0120582175246589,0.0834316360184838,0.1264));
#4960=CARTESIAN_POINT('',(-0.0119982956327705,0.0810796981219377,0.1264));
#4961=CARTESIAN_POINT('',(-0.01402573317399,0.0798860903476706,0.1264));
#4962=CARTESIAN_POINT('',(0.0184891459851149,0.0246569873905798,0.1264));
#4963=CARTESIAN_POINT('',(-0.00660319701001298,0.067278323546599,0.1264));
#4964=CARTESIAN_POINT('',(-0.00457575946879352,0.0684719313208662,0.1264));
#4965=CARTESIAN_POINT('',(0.0326641449816168,0.0307591449816121,0.1264));
#4966=CARTESIAN_POINT('',(0.0326641449816152,0.0707591449816121,0.1264));
#4967=CARTESIAN_POINT('',(-0.0735258550183833,0.0307591449816077,0.1264));
#4968=CARTESIAN_POINT('',(-0.0335258550183833,0.0307591449816093,0.1264));
#4969=CARTESIAN_POINT('',(0.0301578447139578,0.0819294386687861,0.1264));
#4970=CARTESIAN_POINT('',(-0.0434291882129125,0.0838042646316195,0.1264));
#4971=CARTESIAN_POINT('',(-0.0288034925121118,0.0834316360184831,0.1264));
#4972=CARTESIAN_POINT('',(-0.0434891101048007,0.0814523267350735,0.1264));
#4973=CARTESIAN_POINT('',(-0.0455462904266736,0.080310743787743,0.1264));
#4974=CARTESIAN_POINT('',(-0.00700595394345769,0.0108594419817416,0.1264));
#4975=CARTESIAN_POINT('',(-0.0383431308898489,0.0673303483735344,0.1264));
#4976=CARTESIAN_POINT('',(-0.036285950567976,0.0684719313208649,0.1264));
#4977=CARTESIAN_POINT('',(-0.0342585130267564,0.0672783235465979,0.1264));
#4978=CARTESIAN_POINT('',(-0.0339800350793943,0.067751340442982,0.1264));
#4979=CARTESIAN_POINT('',(-0.0268359768627804,0.07988609034767,0.1264));
#4980=CARTESIAN_POINT('',(-0.028863414404,0.081079698121937,0.1264));
#4981=CARTESIAN_POINT('',(0.0019050000000001,6.99885645712712E-20,0.1264));
#4982=CARTESIAN_POINT('',(0.0030480000000001,6.99885645712712E-20,0.1264));
#4983=CARTESIAN_POINT('',(-0.0427667100367709,6.99885645712712E-20,0.1264));
#4984=CARTESIAN_POINT('',(-0.0416237100367709,6.99885645712712E-20,0.1264));
#4985=CARTESIAN_POINT('',(-0.104285,5.96814864300593E-16,0.1264));
#4986=CARTESIAN_POINT('',(-0.103142,5.96814864300593E-16,0.1264));
#4987=CARTESIAN_POINT('',(-0.0366208550183844,0.11325914498161,0.1264));
#4988=CARTESIAN_POINT('',(-0.0354778550183844,0.11325914498161,0.1264));
#4989=CARTESIAN_POINT('',(-0.0427667100367675,0.171518289963226,0.1264));
#4990=CARTESIAN_POINT('',(-0.0416237100367675,0.171518289963226,0.1264));
#4991=CARTESIAN_POINT('',(-0.104285,0.0615182899632302,0.1264));
#4992=CARTESIAN_POINT('',(-0.103142,0.0615182899632302,0.1264));
#4993=CARTESIAN_POINT('',(-0.104285,0.109999999999998,0.1264));
#4994=CARTESIAN_POINT('',(-0.103142,0.109999999999998,0.1264));
#4995=CARTESIAN_POINT('',(-0.104284999999997,0.171518289963228,0.1264));
#4996=CARTESIAN_POINT('',(-0.103141999999997,0.171518289963228,0.1264));
#4997=CARTESIAN_POINT('',(-0.0366208550183855,0.0582591449816152,0.1264));
#4998=CARTESIAN_POINT('',(-0.0354778550183855,0.0582591449816152,0.1264));
#4999=CARTESIAN_POINT('',(-0.0042408550183854,0.0582591449816152,0.1264));
#5000=CARTESIAN_POINT('',(-0.0030978550183854,0.0582591449816152,0.1264));
#5001=CARTESIAN_POINT('',(-0.0042408550183865,0.11325914498161,0.1264));
#5002=CARTESIAN_POINT('',(-0.00309785501838651,0.11325914498161,0.1264));
#5003=CARTESIAN_POINT('',(0.00190499999999667,0.171518289963226,0.1264));
#5004=CARTESIAN_POINT('',(0.00304799999999666,0.171518289963226,0.1264));
#5005=CARTESIAN_POINT('',(0.0634232899632263,0.171518289963228,0.1264));
#5006=CARTESIAN_POINT('',(0.0645662899632263,0.171518289963228,0.1264));
#5007=CARTESIAN_POINT('',(0.0634232899632281,0.109999999999998,0.1264));
#5008=CARTESIAN_POINT('',(0.0645662899632281,0.109999999999998,0.1264));
#5009=CARTESIAN_POINT('',(0.0634232899632291,0.0615182899632302,0.1264));
#5010=CARTESIAN_POINT('',(0.0645662899632291,0.0615182899632302,0.1264));
#5011=CARTESIAN_POINT('',(0.0634232899632297,5.96814864300593E-16,0.1264));
#5012=CARTESIAN_POINT('',(0.0645662899632297,5.96814864300593E-16,0.1264));
#5013=CARTESIAN_POINT('',(-0.05827,0.09022875,0.1264));
#5014=CARTESIAN_POINT('',(-0.06302,0.0904237269217113,0.1264));
#5015=CARTESIAN_POINT('',(-0.053516,0.09022875,0.1264));
#5016=CARTESIAN_POINT('',(-0.06302,0.08572875,0.1264));
#5017=CARTESIAN_POINT('',(-0.0630199999999984,0.0810337730782888,0.1264));
#5018=CARTESIAN_POINT('',(-0.0582699999999988,0.08122875,0.1264));
#5019=CARTESIAN_POINT('',(-0.053516,0.08122875,0.1264));
#5020=CARTESIAN_POINT('',(-0.053516,0.08572875,0.1264));
#5021=CARTESIAN_POINT('',(-0.0669398102,0.0826485602,0.1264));
#5022=CARTESIAN_POINT('',(-0.06602,0.0826485602,0.1264));
#5023=CARTESIAN_POINT('',(-0.0669398102,0.08172875,0.1264));
#5024=CARTESIAN_POINT('',(-0.06602,0.08572875,0.1264));
#5025=CARTESIAN_POINT('',(-0.06602,0.0888089398,0.1264));
#5026=CARTESIAN_POINT('',(-0.0669398102,0.0888089398,0.1264));
#5027=CARTESIAN_POINT('',(-0.0669398102,0.08972875,0.1264));
#5028=CARTESIAN_POINT('',(-0.07002,0.08972875,0.1264));
#5029=CARTESIAN_POINT('',(-0.0731001898,0.08972875,0.1264));
#5030=CARTESIAN_POINT('',(-0.0731001898,0.0888089398,0.1264));
#5031=CARTESIAN_POINT('',(-0.07402,0.0888089398,0.1264));
#5032=CARTESIAN_POINT('',(-0.07402,0.08572875,0.1264));
#5033=CARTESIAN_POINT('',(-0.07402,0.0826485602,0.1264));
#5034=CARTESIAN_POINT('',(-0.0731001898,0.0826485602,0.1264));
#5035=CARTESIAN_POINT('',(-0.0731001898,0.08172875,0.1264));
#5036=CARTESIAN_POINT('',(-0.07002,0.08172875,0.1264));
#5037=CARTESIAN_POINT('',(-0.0856451326637593,0.140759144981615,0.12894));
#5038=CARTESIAN_POINT('',(-0.0856451326637592,0.0829520029547133,0.12894));
#5039=CARTESIAN_POINT('',(-0.0856451326637593,0.0885662870085092,0.12894));
#5040=CARTESIAN_POINT('',(0.107088603326974,0.0857591449816151,0.12894));
#5041=CARTESIAN_POINT('',(0.0682204041735659,0.0630817753243766,0.12894));
#5042=CARTESIAN_POINT('',(0.0682204041735659,0.0630817753243766,0.128093333333333));
#5043=CARTESIAN_POINT('',(0.0682204041735659,0.0630817753243766,0.127246666666667));
#5044=CARTESIAN_POINT('',(0.0682204041735659,0.0630817753243766,0.1264));
#5045=CARTESIAN_POINT('',(0.068220404173565,0.108436514638852,0.12894));
#5046=CARTESIAN_POINT('',(-0.0866547845557467,0.0885662870085092,0.12894));
#5047=CARTESIAN_POINT('',(-0.087108389547216,0.089468306661681,0.12894));
#5048=CARTESIAN_POINT('',(-0.0936079817987946,0.0857591449816152,0.12894));
#5049=CARTESIAN_POINT('',(-0.0937848541217357,0.0854074241795975,0.12894));
#5050=CARTESIAN_POINT('',(-0.0937848541217357,0.0861108657836246,0.12894));
#5051=CARTESIAN_POINT('',(-0.0223358550183855,0.208653399823976,0.12894));
#5052=CARTESIAN_POINT('',(-0.0242408550183854,0.171262296932127,0.10354));
#5053=CARTESIAN_POINT('',(-0.0412032246756239,0.176315404173566,0.12894));
#5054=CARTESIAN_POINT('',(-0.045521913470447,0.178835111913259,0.12894));
#5055=CARTESIAN_POINT('',(-0.0498406022652701,0.181354819652952,0.12894));
#5056=CARTESIAN_POINT('',(-0.0735258550183855,0.140759144981615,0.12894));
#5057=CARTESIAN_POINT('',(-0.114121529689723,0.117073892228501,0.12894));
#5058=CARTESIAN_POINT('',(-0.111601821950029,0.112755203433676,0.12894));
#5059=CARTESIAN_POINT('',(-0.109082114210336,0.108436514638852,0.12894));
#5060=CARTESIAN_POINT('',(-0.147950313363744,0.0857591449816151,0.12894));
#5061=CARTESIAN_POINT('',(-0.109082114210335,0.0630817753243698,0.12894));
#5062=CARTESIAN_POINT('',(-0.0735258550183855,0.140759144981615,0.12894));
#5063=CARTESIAN_POINT('',(0.0260348616768974,0.146365452223688,0.12894));
#5064=CARTESIAN_POINT('',(0.0682204041735647,0.108436514638852,0.12894));
#5065=CARTESIAN_POINT('',(0.0732598196529525,0.117073892228501,0.12894));
#5066=CARTESIAN_POINT('',(0.0326641449816146,0.140759144981615,0.12894));
#5067=CARTESIAN_POINT('',(0.00897889222849922,0.181354819652952,0.12894));
#5068=CARTESIAN_POINT('',(0.0089788922284992,0.181354819652952,0.12894));
#5069=CARTESIAN_POINT('',(0.000341514638853055,0.176315404173566,0.12894));
#5070=CARTESIAN_POINT('',(0.0232597048667421,0.0916246798821561,0.12894));
#5071=CARTESIAN_POINT('',(0.0292691652662012,0.0916246798821561,0.12894));
#5072=CARTESIAN_POINT('',(0.0232597048667421,0.0976341402816152,0.12894));
#5073=CARTESIAN_POINT('',(0.0292691652662012,0.0857591449816152,0.12894));
#5074=CARTESIAN_POINT('',(0.0292691652662014,0.079893610081071,0.12894));
#5075=CARTESIAN_POINT('',(0.0112691758662012,0.0857591449816152,0.12894));
#5076=CARTESIAN_POINT('',(0.0112691758662014,0.0798936100810703,0.12894));
#5077=CARTESIAN_POINT('',(0.0112691758662012,0.0916246798821561,0.12894));
#5078=CARTESIAN_POINT('',(0.0172786362656603,0.0916246798821561,0.12894));
#5079=CARTESIAN_POINT('',(0.0172786362656603,0.0976341402816152,0.12894));
#5080=CARTESIAN_POINT('',(0.0202691705662012,0.0976341402816152,0.12894));
#5081=CARTESIAN_POINT('',(0.0326641449816146,0.140759144981615,0.12894));
#5082=CARTESIAN_POINT('',(-0.0185258550183855,0.208653399823976,0.12894));
#5083=CARTESIAN_POINT('',(-0.0166208550183854,0.171262296932127,0.10354));
#5084=CARTESIAN_POINT('',(-0.0242428550183855,0.171262296932127,0.10354));
#5085=CARTESIAN_POINT('',(-0.00457575946879421,0.10304635864236,0.10354));
#5086=CARTESIAN_POINT('',(-0.0025185791469212,0.10418794158969,0.10354));
#5087=CARTESIAN_POINT('',(-0.00660319701001372,0.104239966416627,0.10354));
#5088=CARTESIAN_POINT('',(-0.010314465092002,0.0979360830160907,0.10354));
#5089=CARTESIAN_POINT('',(-0.0140257331739902,0.0916321996155548,0.10354));
#5090=CARTESIAN_POINT('',(-0.0119982956327707,0.0904385918412877,0.10354));
#5091=CARTESIAN_POINT('',(-0.012058217524659,0.0880866539447417,0.10354));
#5092=CARTESIAN_POINT('',(-0.00474536967425863,0.0879003396381732,0.10354));
#5093=CARTESIAN_POINT('',(0.0025674781761417,0.0877140253316047,0.10354));
#5094=CARTESIAN_POINT('',(0.00262740006803,0.0900659632281508,0.10354));
#5095=CARTESIAN_POINT('',(0.00468458038990297,0.0912075461754811,0.10354));
#5096=CARTESIAN_POINT('',(0.00108300062149088,0.0976977438825855,0.10354));
#5097=CARTESIAN_POINT('',(-0.0204308550183854,0.0857591449816152,0.10354));
#5098=CARTESIAN_POINT('',(-0.0204308550183854,0.110363537439298,0.10354));
#5099=CARTESIAN_POINT('',(-0.013008318854409,0.110363537439298,0.10354));
#5100=CARTESIAN_POINT('',(-0.0278533911823619,0.110363537439298,0.10354));
#5101=CARTESIAN_POINT('',(-0.0278533911823619,0.108010836331563,0.10354));
#5102=CARTESIAN_POINT('',(-0.0298808287235814,0.106817228557296,0.10354));
#5103=CARTESIAN_POINT('',(-0.0261695606415932,0.10051334515676,0.10354));
#5104=CARTESIAN_POINT('',(-0.022458292559605,0.0942094617562244,0.10354));
#5105=CARTESIAN_POINT('',(-0.0204308550183854,0.0954030695304915,0.10354));
#5106=CARTESIAN_POINT('',(-0.0184034174771659,0.0942094617562244,0.10354));
#5107=CARTESIAN_POINT('',(-0.0146921493951777,0.10051334515676,0.10354));
#5108=CARTESIAN_POINT('',(-0.0109808813131894,0.106817228557296,0.10354));
#5109=CARTESIAN_POINT('',(-0.0130083188544089,0.108010836331563,0.10354));
#5110=CARTESIAN_POINT('',(-0.0288634144040002,0.0904385918412877,0.10354));
#5111=CARTESIAN_POINT('',(-0.028803492512112,0.0880866539447416,0.10354));
#5112=CARTESIAN_POINT('',(-0.0268359768627806,0.0916321996155548,0.10354));
#5113=CARTESIAN_POINT('',(-0.0305472449447689,0.0979360830160907,0.10354));
#5114=CARTESIAN_POINT('',(-0.0342585130267571,0.104239966416627,0.10354));
#5115=CARTESIAN_POINT('',(-0.0362859505679766,0.10304635864236,0.10354));
#5116=CARTESIAN_POINT('',(-0.0383431308898496,0.10418794158969,0.10354));
#5117=CARTESIAN_POINT('',(-0.0419447106582617,0.0976977438825855,0.10354));
#5118=CARTESIAN_POINT('',(-0.0455462904266738,0.0912075461754811,0.10354));
#5119=CARTESIAN_POINT('',(-0.0434891101048008,0.0900659632281507,0.10354));
#5120=CARTESIAN_POINT('',(-0.0434291882129126,0.0877140253316046,0.10354));
#5121=CARTESIAN_POINT('',(-0.0361163403625123,0.0879003396381731,0.10354));
#5122=CARTESIAN_POINT('',(-0.147950313363752,0.0857591449816132,0.126398));
#5123=CARTESIAN_POINT('',(-0.101659030476465,0.101315925555045,0.126398));
#5124=CARTESIAN_POINT('',(-0.100299310966256,0.0964492461820031,0.126398));
#5125=CARTESIAN_POINT('',(-0.0956644898901196,0.0974890292685431,0.126398));
#5126=CARTESIAN_POINT('',(-0.0947955300444491,0.0928191658806629,0.126398));
#5127=CARTESIAN_POINT('',(-0.0885829162410718,0.0939751979705533,0.126398));
#5128=CARTESIAN_POINT('',(-0.0823703024376945,0.0951312300604438,0.126398));
#5129=CARTESIAN_POINT('',(-0.0826522464141859,0.0965846242267367,0.126398));
#5130=CARTESIAN_POINT('',(-0.0816623203512772,0.0976854845259881,0.126398));
#5131=CARTESIAN_POINT('',(-0.0735258550183855,0.140759144981615,0.126398));
#5132=CARTESIAN_POINT('',(-0.0973125939887961,0.103938860594968,0.126398));
#5133=CARTESIAN_POINT('',(-0.0987313950343952,0.101742651267914,0.126398));
#5134=CARTESIAN_POINT('',(-0.100307594632828,0.103828778455105,0.126398));
#5135=CARTESIAN_POINT('',(-0.100682530963004,0.103545490601569,0.126398));
#5136=CARTESIAN_POINT('',(-0.10105746729318,0.103262202748033,0.126398));
#5137=CARTESIAN_POINT('',(-0.100006530212844,0.101871269507411,0.126398));
#5138=CARTESIAN_POINT('',(-0.0143348550183854,0.141443942107023,0.126398));
#5139=CARTESIAN_POINT('',(-0.0143348550183854,0.119971861127131,0.126398));
#5140=CARTESIAN_POINT('',(-0.0143348550183854,0.162916023086915,0.126398));
#5141=CARTESIAN_POINT('',(-0.0109074854418925,0.119971861127131,0.126398));
#5142=CARTESIAN_POINT('',(-0.00748011586539959,0.119971861127131,0.126398));
#5143=CARTESIAN_POINT('',(-0.0105378015772958,0.162916023086915,0.126398));
#5144=CARTESIAN_POINT('',(-0.00674074813620622,0.162916023086915,0.126398));
#5145=CARTESIAN_POINT('',(0.0326641449816146,0.140759144981615,0.126398));
#5146=CARTESIAN_POINT('',(-0.0265268550183854,0.141443942107023,0.126398));
#5147=CARTESIAN_POINT('',(-0.0265268550183854,0.119971861127131,0.126398));
#5148=CARTESIAN_POINT('',(-0.0265268550183854,0.162916023086915,0.126398));
#5149=CARTESIAN_POINT('',(-0.030323908459475,0.162916023086915,0.126398));
#5150=CARTESIAN_POINT('',(-0.0341209619005646,0.162916023086915,0.126398));
#5151=CARTESIAN_POINT('',(-0.0735258550183854,0.140759144981615,0.126398));
#5152=CARTESIAN_POINT('',(-0.0333815941713713,0.119971861127131,0.126398));
#5153=CARTESIAN_POINT('',(-0.0299542245948784,0.119971861127131,0.126398));
#5154=CARTESIAN_POINT('',(0.0326641449816146,0.140759144981615,0.126398));
#5155=CARTESIAN_POINT('',(0.0369964574594933,0.0971383545055817,0.126398));
#5156=CARTESIAN_POINT('',(0.0564508839520252,0.103938860594968,0.126398));
#5157=CARTESIAN_POINT('',(0.0578696849976244,0.101742651267913,0.126398));
#5158=CARTESIAN_POINT('',(0.0594458845960568,0.103828778455105,0.126398));
#5159=CARTESIAN_POINT('',(0.0436696932508942,0.0947290962708467,0.126398));
#5160=CARTESIAN_POINT('',(0.0369964574594934,0.0959708400782714,0.126398));
#5161=CARTESIAN_POINT('',(0.0539338200076781,0.0928191658806629,0.126398));
#5162=CARTESIAN_POINT('',(0.0548027798533487,0.097489029268543,0.126398));
#5163=CARTESIAN_POINT('',(0.059437600929485,0.096449246182003,0.126398));
#5164=CARTESIAN_POINT('',(0.107088603326977,0.0857591449816143,0.126398));
#5165=CARTESIAN_POINT('',(0.0607973204396939,0.101315925555045,0.126398));
#5166=CARTESIAN_POINT('',(0.0591448201760732,0.10187126950741,0.126398));
#5167=CARTESIAN_POINT('',(0.0601957572564093,0.103262202748033,0.126398));
#5168=CARTESIAN_POINT('',(0.0598208209262331,0.103545490601569,0.126398));
#5169=CARTESIAN_POINT('',(-0.0866547845557466,0.0829520029547132,0.12894));
#5170=CARTESIAN_POINT('',(-0.0871083895472158,0.0820499833015414,0.12894));
#5171=CARTESIAN_POINT('',(-0.0223358550183805,-0.037135109860751,0.12894));
#5172=CARTESIAN_POINT('',(-0.024240855018382,0.000255993031097746,0.10354));
#5173=CARTESIAN_POINT('',(-0.0412032246756203,-0.00479711421034171,0.12894));
#5174=CARTESIAN_POINT('',(-0.0455219134704432,-0.007316821950035,0.12894));
#5175=CARTESIAN_POINT('',(-0.0498406022652662,-0.0098365296897284,0.12894));
#5176=CARTESIAN_POINT('',(-0.0735258550183833,0.0307591449816078,0.12894));
#5177=CARTESIAN_POINT('',(-0.114121529689722,0.0544443977347202,0.12894));
#5178=CARTESIAN_POINT('',(-0.111601821950028,0.058763086529545,0.12894));
#5179=CARTESIAN_POINT('',(-0.0735258550183833,0.0307591449816077,0.12894));
#5180=CARTESIAN_POINT('',(0.0260348616768999,0.0251528377395387,0.12894));
#5181=CARTESIAN_POINT('',(0.0682204041735656,0.0630817753243771,0.12894));
#5182=CARTESIAN_POINT('',(0.0732598196529538,0.0544443977347278,0.1264));
#5183=CARTESIAN_POINT('',(0.0732598196529538,0.0544443977347278,0.127246666666667));
#5184=CARTESIAN_POINT('',(0.0732598196529538,0.0544443977347278,0.128093333333333));
#5185=CARTESIAN_POINT('',(0.0732598196529538,0.0544443977347278,0.12894));
#5186=CARTESIAN_POINT('',(0.0326641449816168,0.0307591449816121,0.12894));
#5187=CARTESIAN_POINT('',(0.00897889222850309,-0.00983652968972595,0.12894));
#5188=CARTESIAN_POINT('',(0.00897889222850309,-0.00983652968972595,0.128093333333333));
#5189=CARTESIAN_POINT('',(0.00897889222850309,-0.00983652968972595,0.127246666666667));
#5190=CARTESIAN_POINT('',(0.00897889222850309,-0.00983652968972595,0.1264));
#5191=CARTESIAN_POINT('',(0.00897889222850306,-0.00983652968972593,0.12894));
#5192=CARTESIAN_POINT('',(0.000341514638856668,-0.00479711421034002,0.1264));
#5193=CARTESIAN_POINT('',(0.000341514638856668,-0.00479711421034002,0.127246666666667));
#5194=CARTESIAN_POINT('',(0.000341514638856668,-0.00479711421034002,0.128093333333333));
#5195=CARTESIAN_POINT('',(0.000341514638856668,-0.00479711421034002,0.12894));
#5196=CARTESIAN_POINT('',(0.0232597048667424,0.0798936100810707,0.12894));
#5197=CARTESIAN_POINT('',(0.0232597048667426,0.0738841496816116,0.12894));
#5198=CARTESIAN_POINT('',(0.0172786362656605,0.0798936100810705,0.12894));
#5199=CARTESIAN_POINT('',(0.0172786362656608,0.0738841496816114,0.12894));
#5200=CARTESIAN_POINT('',(0.0202691705662017,0.0738841496816115,0.12894));
#5201=CARTESIAN_POINT('',(0.0326641449816168,0.0307591449816121,0.12894));
#5202=CARTESIAN_POINT('',(-0.0185258550183805,-0.0371351098607509,0.12894));
#5203=CARTESIAN_POINT('',(-0.016620855018382,0.00025599303109805,0.10354));
#5204=CARTESIAN_POINT('',(-0.024242855018382,0.000255993031097746,0.10354));
#5205=CARTESIAN_POINT('',(-0.00457575946879352,0.0684719313208662,0.10354));
#5206=CARTESIAN_POINT('',(-0.00251857914692046,0.0673303483735359,0.10354));
#5207=CARTESIAN_POINT('',(-0.00660319701001298,0.067278323546599,0.10354));
#5208=CARTESIAN_POINT('',(-0.0103144650920015,0.0735822069471348,0.10354));
#5209=CARTESIAN_POINT('',(-0.01402573317399,0.0798860903476706,0.10354));
#5210=CARTESIAN_POINT('',(-0.0119982956327705,0.0810796981219377,0.10354));
#5211=CARTESIAN_POINT('',(-0.0120582175246589,0.0834316360184838,0.10354));
#5212=CARTESIAN_POINT('',(-0.00474536967425855,0.0836179503250526,0.10354));
#5213=CARTESIAN_POINT('',(0.00256747817614177,0.0838042646316213,0.10354));
#5214=CARTESIAN_POINT('',(0.00262740006803018,0.0814523267350753,0.10354));
#5215=CARTESIAN_POINT('',(0.00468458038990319,0.080310743787745,0.10354));
#5216=CARTESIAN_POINT('',(0.00108300062149136,0.0738205460806404,0.10354));
#5217=CARTESIAN_POINT('',(-0.0204308550183844,0.0611547525239269,0.10354));
#5218=CARTESIAN_POINT('',(-0.0278533911823609,0.0611547525239266,0.10354));
#5219=CARTESIAN_POINT('',(-0.013008318854408,0.0611547525239272,0.10354));
#5220=CARTESIAN_POINT('',(-0.027853391182361,0.0635074536316615,0.10354));
#5221=CARTESIAN_POINT('',(-0.0298808287235806,0.0647010614059285,0.10354));
#5222=CARTESIAN_POINT('',(-0.0261695606415926,0.0710049448064645,0.10354));
#5223=CARTESIAN_POINT('',(-0.0224582925596046,0.0773088282070006,0.10354));
#5224=CARTESIAN_POINT('',(-0.020430855018385,0.0761152204327336,0.10354));
#5225=CARTESIAN_POINT('',(-0.0184034174771655,0.0773088282070007,0.10354));
#5226=CARTESIAN_POINT('',(-0.0146921493951771,0.071004944806465,0.10354));
#5227=CARTESIAN_POINT('',(-0.0109808813131886,0.0647010614059292,0.10354));
#5228=CARTESIAN_POINT('',(-0.013008318854408,0.0635074536316621,0.10354));
#5229=CARTESIAN_POINT('',(-0.028863414404,0.081079698121937,0.10354));
#5230=CARTESIAN_POINT('',(-0.0288034925121118,0.0834316360184831,0.10354));
#5231=CARTESIAN_POINT('',(-0.0268359768627804,0.07988609034767,0.10354));
#5232=CARTESIAN_POINT('',(-0.0305472449447684,0.073582206947134,0.10354));
#5233=CARTESIAN_POINT('',(-0.0342585130267564,0.0672783235465979,0.10354));
#5234=CARTESIAN_POINT('',(-0.036285950567976,0.0684719313208649,0.10354));
#5235=CARTESIAN_POINT('',(-0.0383431308898489,0.0673303483735344,0.10354));
#5236=CARTESIAN_POINT('',(-0.0419447106582612,0.0738205460806387,0.10354));
#5237=CARTESIAN_POINT('',(-0.0455462904266736,0.080310743787743,0.10354));
#5238=CARTESIAN_POINT('',(-0.0434891101048007,0.0814523267350735,0.10354));
#5239=CARTESIAN_POINT('',(-0.0434291882129125,0.0838042646316195,0.10354));
#5240=CARTESIAN_POINT('',(-0.0361163403625123,0.0836179503250513,0.10354));
#5241=CARTESIAN_POINT('',(-0.100006530212843,0.0696470204558113,0.126398));
#5242=CARTESIAN_POINT('',(-0.101659030476464,0.0702023644081766,0.126398));
#5243=CARTESIAN_POINT('',(-0.101057467293179,0.0682560872151884,0.126398));
#5244=CARTESIAN_POINT('',(-0.100682530963003,0.0679727993616528,0.126398));
#5245=CARTESIAN_POINT('',(-0.100307594632827,0.0676895115081173,0.126398));
#5246=CARTESIAN_POINT('',(-0.0987313950343946,0.0697756386953083,0.126398));
#5247=CARTESIAN_POINT('',(-0.0973125939887954,0.0675794293682536,0.126398));
#5248=CARTESIAN_POINT('',(-0.0735258550183832,0.0307591449816078,0.126398));
#5249=CARTESIAN_POINT('',(-0.0816623203512767,0.0738328054372345,0.126398));
#5250=CARTESIAN_POINT('',(-0.0826522464141855,0.0749336657364859,0.126398));
#5251=CARTESIAN_POINT('',(-0.0823703024376941,0.0763870599027787,0.126398));
#5252=CARTESIAN_POINT('',(-0.0885829162410715,0.077543091992669,0.126398));
#5253=CARTESIAN_POINT('',(-0.0947955300444488,0.0786991240825592,0.126398));
#5254=CARTESIAN_POINT('',(-0.0956644898901191,0.074029260694679,0.126398));
#5255=CARTESIAN_POINT('',(-0.100299310966255,0.0750690437812188,0.126398));
#5256=CARTESIAN_POINT('',(-0.147950313363752,0.0857591449816067,0.126398));
#5257=CARTESIAN_POINT('',(0.0326641449816168,0.0307591449816123,0.126398));
#5258=CARTESIAN_POINT('',(-0.00674074813620311,0.00860226687631074,0.126398));
#5259=CARTESIAN_POINT('',(-0.00748011586539821,0.0515464288360944,0.126398));
#5260=CARTESIAN_POINT('',(-0.0105378015772927,0.00860226687631061,0.126398));
#5261=CARTESIAN_POINT('',(-0.0143348550183823,0.00860226687631044,0.126398));
#5262=CARTESIAN_POINT('',(-0.0109074854418911,0.0515464288360943,0.126398));
#5263=CARTESIAN_POINT('',(-0.014334855018384,0.0515464288360941,0.126398));
#5264=CARTESIAN_POINT('',(-0.0143348550183832,0.0300743478562023,0.126398));
#5265=CARTESIAN_POINT('',(-0.029954224594877,0.0515464288360935,0.126398));
#5266=CARTESIAN_POINT('',(-0.026526855018384,0.0515464288360936,0.126398));
#5267=CARTESIAN_POINT('',(-0.0333815941713699,0.0515464288360933,0.126398));
#5268=CARTESIAN_POINT('',(-0.0735258550183832,0.0307591449816078,0.126398));
#5269=CARTESIAN_POINT('',(-0.0341209619005615,0.00860226687630963,0.126398));
#5270=CARTESIAN_POINT('',(-0.0303239084594718,0.0086022668763098,0.126398));
#5271=CARTESIAN_POINT('',(-0.0265268550183823,0.00860226687630994,0.126398));
#5272=CARTESIAN_POINT('',(-0.0265268550183831,0.0300743478562018,0.126398));
#5273=CARTESIAN_POINT('',(0.0598208209262338,0.0679727993616593,0.126398));
#5274=CARTESIAN_POINT('',(0.0594458845960576,0.0676895115081237,0.126398));
#5275=CARTESIAN_POINT('',(0.06019575725641,0.0682560872151949,0.126398));
#5276=CARTESIAN_POINT('',(0.0591448201760738,0.0696470204558178,0.126398));
#5277=CARTESIAN_POINT('',(0.0607973204396945,0.0702023644081832,0.126398));
#5278=CARTESIAN_POINT('',(0.107088603326977,0.085759144981616,0.126398));
#5279=CARTESIAN_POINT('',(0.0594376009294854,0.0750690437812253,0.126398));
#5280=CARTESIAN_POINT('',(0.0548027798533492,0.0740292606946851,0.126398));
#5281=CARTESIAN_POINT('',(0.0578696849976251,0.0697756386953147,0.126398));
#5282=CARTESIAN_POINT('',(0.0369964574594933,0.0749636926713037,0.126398));
#5283=CARTESIAN_POINT('',(0.0369964574594933,0.0965545972919265,0.126398));
#5284=CARTESIAN_POINT('',(-0.0476076993536949,0.08572875,0.1518));
#5285=CARTESIAN_POINT('',(-0.0819323006463051,0.08572875,0.1518));
#5286=CARTESIAN_POINT('',(0.0019050000000001,6.99885645712712E-20,0.126398));
#5287=CARTESIAN_POINT('',(-0.0427667100367709,6.99885645712712E-20,0.126398));
#5288=CARTESIAN_POINT('',(-0.104285,5.96814864300593E-16,0.126398));
#5289=CARTESIAN_POINT('',(-0.0366208550183844,0.11325914498161,0.126398));
#5290=CARTESIAN_POINT('',(-0.0427667100367675,0.171518289963226,0.126398));
#5291=CARTESIAN_POINT('',(-0.104285,0.0615182899632302,0.126398));
#5292=CARTESIAN_POINT('',(-0.104285,0.109999999999998,0.126398));
#5293=CARTESIAN_POINT('',(-0.104284999999997,0.171518289963228,0.126398));
#5294=CARTESIAN_POINT('',(-0.0366208550183855,0.0582591449816152,0.126398));
#5295=CARTESIAN_POINT('',(-0.0042408550183854,0.0582591449816152,0.126398));
#5296=CARTESIAN_POINT('',(-0.0042408550183865,0.11325914498161,0.126398));
#5297=CARTESIAN_POINT('',(0.00190499999999667,0.171518289963226,0.126398));
#5298=CARTESIAN_POINT('',(0.0634232899632263,0.171518289963228,0.126398));
#5299=CARTESIAN_POINT('',(0.0634232899632281,0.109999999999998,0.126398));
#5300=CARTESIAN_POINT('',(0.0634232899632291,0.0615182899632302,0.126398));
#5301=CARTESIAN_POINT('',(0.0634232899632297,5.96814864300593E-16,0.126398));
#5302=CARTESIAN_POINT('',(-0.0669398102,0.0826485602,0.128942));
#5303=CARTESIAN_POINT('',(-0.06602,0.0826485602,0.128942));
#5304=CARTESIAN_POINT('',(-0.0669398102,0.08172875,0.128942));
#5305=CARTESIAN_POINT('',(-0.06602,0.08572875,0.128942));
#5306=CARTESIAN_POINT('',(-0.06602,0.0888089398,0.128942));
#5307=CARTESIAN_POINT('',(-0.0669398102,0.0888089398,0.128942));
#5308=CARTESIAN_POINT('',(-0.0669398102,0.08972875,0.128942));
#5309=CARTESIAN_POINT('',(-0.07002,0.08972875,0.128942));
#5310=CARTESIAN_POINT('',(-0.0731001898,0.08972875,0.128942));
#5311=CARTESIAN_POINT('',(-0.0731001898,0.0888089398,0.128942));
#5312=CARTESIAN_POINT('',(-0.07402,0.0888089398,0.128942));
#5313=CARTESIAN_POINT('',(-0.07402,0.08572875,0.128942));
#5314=CARTESIAN_POINT('',(-0.07402,0.0826485602,0.128942));
#5315=CARTESIAN_POINT('',(-0.0731001898,0.0826485602,0.128942));
#5316=CARTESIAN_POINT('',(-0.0731001898,0.08172875,0.128942));
#5317=CARTESIAN_POINT('',(-0.05827,0.09022875,0.128942));
#5318=CARTESIAN_POINT('',(-0.06302,0.0904237269217113,0.128942));
#5319=CARTESIAN_POINT('',(-0.053516,0.09022875,0.128942));
#5320=CARTESIAN_POINT('',(-0.06302,0.08572875,0.128942));
#5321=CARTESIAN_POINT('',(-0.0630199999999984,0.0810337730782888,0.128942));
#5322=CARTESIAN_POINT('',(-0.0582699999999988,0.08122875,0.128942));
#5323=CARTESIAN_POINT('',(-0.053516,0.08122875,0.128942));
#5324=CARTESIAN_POINT('',(-0.07002,0.08172875,0.128942));
#5325=CARTESIAN_POINT('',(-0.053516,0.08572875,0.128942));
#5326=MECHANICAL_DESIGN_GEOMETRIC_PRESENTATION_REPRESENTATION('',(#3145),#5327);
#5327=(
GEOMETRIC_REPRESENTATION_CONTEXT(3)
GLOBAL_UNCERTAINTY_ASSIGNED_CONTEXT((#5328))
GLOBAL_UNIT_ASSIGNED_CONTEXT((#5331,#5330,#5329))
REPRESENTATION_CONTEXT('Part 11','TOP_LEVEL_ASSEMBLY_PART')
);
#5328=UNCERTAINTY_MEASURE_WITH_UNIT(LENGTH_MEASURE(2.E-05),#5331,'DISTANCE_ACCURACY_VALUE','Maximum Tolerance applied to model');
#5329=(
NAMED_UNIT(*)
SI_UNIT($,.STERADIAN.)
SOLID_ANGLE_UNIT()
);
#5330=(
NAMED_UNIT(*)
PLANE_ANGLE_UNIT()
SI_UNIT($,.RADIAN.)
);
#5331=(
LENGTH_UNIT()
NAMED_UNIT(*)
SI_UNIT($,.METRE.)
);
#5332=PRODUCT_DEFINITION_SHAPE('','',#5333);
#5333=PRODUCT_DEFINITION('','',#5335,#5334);
#5334=PRODUCT_DEFINITION_CONTEXT('',#5341,'design');
#5335=PRODUCT_DEFINITION_FORMATION_WITH_SPECIFIED_SOURCE('','',#5337,.NOT_KNOWN.);
#5336=PRODUCT_RELATED_PRODUCT_CATEGORY('','',(#5337));
#5337=PRODUCT('Part 11','Part 11','Part 11',(#5339));
#5338=PRODUCT_CATEGORY('','');
#5339=PRODUCT_CONTEXT('',#5341,'mechanical');
#5340=APPLICATION_PROTOCOL_DEFINITION('international standard','ap242_managed_model_based_3d_engineering',2020,#5341);
#5341=APPLICATION_CONTEXT('managed model based 3d engineering');
ENDSEC;
END-ISO-10303-21;
