ISO-10303-21;
HEADER;
/*Generated by software containing ST-Developer
 * from STEP Tools, Inc. (www.steptools.com) 
 */
/*OPTION: using custom renumber hook */
/*description */
/*implementation_level */
FILE_DESCRIPTION(('STEP AP242 Edition 2','STEP AP242 Edition 2''CAx-IF Rec.Pracs.---Representation and Presentation of Product Manufa
cturing Information (PMI)---4.0---2014-10-13','STEP AP242 Edition 2''CAx-IF Rec.Pracs.---Representation and Presentation of Product Manufa
cturing Information (PMI)---4.0---2014-10-13''CAx-IF Rec.Pracs.---3D Tessellated Geometry---0.4---2014-09-14','STEP AP242 Edition 2''CAx-IF Rec.Pracs.---Representation and Presentation of Product Manufa
cturing Information (PMI)---4.0---2014-10-13''CAx-IF Rec.Pracs.---3D Tessellated Geometry---0.4---2014-09-14''2;1','STEP AP242 Edition 2''CAx-IF Rec.Pracs.---Representation and Presentation of Product Manufa
cturing Information (PMI)---4.0---2014-10-13''CAx-IF Rec.Pracs.---3D Tessellated Geometry---0.4---2014-09-14''2;1''CAx-IF Rec.Pracs.---User Defined Attributes---1.5---2016-08-15'),'2;1');
/*name */
/*time_stamp */
/*author */
/*organization */
/*preprocessor_version */
/*originating_system */
/*authorisation */
FILE_NAME('/vol/tmp/translate-12689253868205018229/3 parts - Part 3.step','2026-03-24T16:18:19',(''),(''),'ST-DEVELOPER v20','ONSHAPE BY PTC INC, 1.212','  ');
FILE_SCHEMA(('AP242_MANAGED_MODEL_BASED_3D_ENGINEERING_MIM_LF { 1 0 10303 442 3 1 4 }'));
ENDSEC;
DATA;
#10=SHAPE_REPRESENTATION_RELATIONSHIP('','',#1861,#11);
#11=ADVANCED_BREP_SHAPE_REPRESENTATION('',(#1859),#3137);
#12=TOROIDAL_SURFACE('',#1977,0.00423115068941509,0.000490568195874213);
#13=TOROIDAL_SURFACE('',#1983,0.00521228708116351,0.000490568195874213);
#14=TOROIDAL_SURFACE('',#1985,0.00423115068941509,0.000490568195874213);
#15=TOROIDAL_SURFACE('',#1989,0.00423115068941509,0.000490568195874213);
#16=TOROIDAL_SURFACE('',#1990,0.00521228708116351,0.000490568195874213);
#17=TOROIDAL_SURFACE('',#1997,0.00423115068941509,0.000490568195874213);
#18=ELLIPSE('',#1976,0.000517540086988311,0.000490568195874213);
#19=ELLIPSE('',#1979,0.000517540086988311,0.000490568195874213);
#20=ELLIPSE('',#1993,0.000517540086988311,0.000490568195874213);
#21=ELLIPSE('',#1996,0.000517540086988311,0.000490568195874213);
#22=ELLIPSE('',#2000,0.000693768195874213,0.000490568195874213);
#23=ELLIPSE('',#2002,0.000693768195874213,0.000490568195874213);
#24=B_SPLINE_SURFACE_WITH_KNOTS('',3,1,((#2848,#2849),(#2850,#2851),(#2852,
#2853),(#2854,#2855)),.SURF_OF_LINEAR_EXTRUSION.,.F.,.F.,.F.,(4,4),(2,2),(0.,1.),(0.,1.),.PIECEWISE_BEZIER_KNOTS.);
#25=B_SPLINE_SURFACE_WITH_KNOTS('',3,1,((#2868,#2869),(#2870,#2871),(#2872,
#2873),(#2874,#2875)),.SURF_OF_LINEAR_EXTRUSION.,.F.,.F.,.F.,(4,4),(2,2),(0.,1.),(0.,1.),.PIECEWISE_BEZIER_KNOTS.);
#26=B_SPLINE_SURFACE_WITH_KNOTS('',3,1,((#2885,#2886),(#2887,#2888),(#2889,
#2890),(#2891,#2892)),.SURF_OF_LINEAR_EXTRUSION.,.F.,.F.,.F.,(4,4),(2,2),(0.,1.),(0.,1.),.PIECEWISE_BEZIER_KNOTS.);
#27=B_SPLINE_SURFACE_WITH_KNOTS('',3,1,((#2934,#2935),(#2936,#2937),(#2938,
#2939),(#2940,#2941)),.SURF_OF_LINEAR_EXTRUSION.,.F.,.F.,.F.,(4,4),(2,2),(0.,1.),(0.,1.),.PIECEWISE_BEZIER_KNOTS.);
#28=B_SPLINE_SURFACE_WITH_KNOTS('',3,1,((#2947,#2948),(#2949,#2950),(#2951,
#2952),(#2953,#2954)),.SURF_OF_LINEAR_EXTRUSION.,.F.,.F.,.F.,(4,4),(2,2),(0.,1.),(0.,1.),.PIECEWISE_BEZIER_KNOTS.);
#29=B_SPLINE_SURFACE_WITH_KNOTS('',3,1,((#2960,#2961),(#2962,#2963),(#2964,
#2965),(#2966,#2967)),.SURF_OF_LINEAR_EXTRUSION.,.F.,.F.,.F.,(4,4),(2,2),(0.,1.),(0.,1.),.PIECEWISE_BEZIER_KNOTS.);
#30=B_SPLINE_SURFACE_WITH_KNOTS('',3,1,((#2973,#2974),(#2975,#2976),(#2977,
#2978),(#2979,#2980)),.SURF_OF_LINEAR_EXTRUSION.,.F.,.F.,.F.,(4,4),(2,2),(0.,1.),(0.,1.),.PIECEWISE_BEZIER_KNOTS.);
#31=B_SPLINE_SURFACE_WITH_KNOTS('',3,1,((#3004,#3005),(#3006,#3007),(#3008,
#3009),(#3010,#3011)),.SURF_OF_LINEAR_EXTRUSION.,.F.,.F.,.F.,(4,4),(2,2),(0.,1.),(0.,1.),.PIECEWISE_BEZIER_KNOTS.);
#32=CYLINDRICAL_SURFACE('',#1871,0.00395971888528933);
#33=CYLINDRICAL_SURFACE('',#1877,0.00395971888528924);
#34=CYLINDRICAL_SURFACE('',#1881,0.00548371888528929);
#35=CYLINDRICAL_SURFACE('',#1885,0.00395971888528924);
#36=CYLINDRICAL_SURFACE('',#1891,0.00395971888528929);
#37=CYLINDRICAL_SURFACE('',#1902,0.0047217188852893);
#38=CYLINDRICAL_SURFACE('',#1906,0.0047217188852893);
#39=CYLINDRICAL_SURFACE('',#1909,0.0047217188852893);
#40=CYLINDRICAL_SURFACE('',#1914,0.0047217188852893);
#41=CYLINDRICAL_SURFACE('',#1918,0.0047217188852893);
#42=CYLINDRICAL_SURFACE('',#1922,0.0047217188852893);
#43=CYLINDRICAL_SURFACE('',#1937,0.002286);
#44=CYLINDRICAL_SURFACE('',#1942,0.002286);
#45=CYLINDRICAL_SURFACE('',#1945,0.0047217188852893);
#46=CYLINDRICAL_SURFACE('',#1975,0.000490568195874213);
#47=CYLINDRICAL_SURFACE('',#1978,0.000490568195874213);
#48=CYLINDRICAL_SURFACE('',#1980,0.000490568195874213);
#49=CYLINDRICAL_SURFACE('',#1982,0.000490568195874213);
#50=CYLINDRICAL_SURFACE('',#1986,0.000490568195874213);
#51=CYLINDRICAL_SURFACE('',#1987,0.000490568195874213);
#52=CYLINDRICAL_SURFACE('',#1992,0.000490568195874213);
#53=CYLINDRICAL_SURFACE('',#1994,0.000490568195874213);
#54=CYLINDRICAL_SURFACE('',#1995,0.000490568195874213);
#55=CYLINDRICAL_SURFACE('',#1998,0.000490568195874213);
#56=CYLINDRICAL_SURFACE('',#1999,0.000490568195874213);
#57=CYLINDRICAL_SURFACE('',#2001,0.000490568195874213);
#58=CYLINDRICAL_SURFACE('',#2003,0.000490568195874213);
#59=CYLINDRICAL_SURFACE('',#2004,0.001143);
#60=CYLINDRICAL_SURFACE('',#2005,0.001143);
#61=B_SPLINE_CURVE_WITH_KNOTS('',2,(#2533,#2534,#2535),.UNSPECIFIED.,.F.,.F.,(3,3),(0.,1.),.PIECEWISE_BEZIER_KNOTS.);
#62=B_SPLINE_CURVE_WITH_KNOTS('',2,(#2537,#2538,#2539),.UNSPECIFIED.,.F.,.F.,(3,3),(0.,1.),.PIECEWISE_BEZIER_KNOTS.);
#63=B_SPLINE_CURVE_WITH_KNOTS('',2,(#2541,#2542,#2543),.UNSPECIFIED.,.F.,.F.,(3,3),(0.,1.),.PIECEWISE_BEZIER_KNOTS.);
#64=B_SPLINE_CURVE_WITH_KNOTS('',2,(#2545,#2546,#2547),.UNSPECIFIED.,.F.,.F.,(3,3),(0.,1.),.PIECEWISE_BEZIER_KNOTS.);
#65=B_SPLINE_CURVE_WITH_KNOTS('',2,(#2856,#2857,#2858),.UNSPECIFIED.,.F.,.F.,(3,3),(0.,1.),.PIECEWISE_BEZIER_KNOTS.);
#66=B_SPLINE_CURVE_WITH_KNOTS('',2,(#2863,#2864,#2865),.UNSPECIFIED.,.F.,.F.,(3,3),(0.,1.),.PIECEWISE_BEZIER_KNOTS.);
#67=B_SPLINE_CURVE_WITH_KNOTS('',2,(#2876,#2877,#2878),.UNSPECIFIED.,.F.,.F.,(3,3),(0.,1.),.PIECEWISE_BEZIER_KNOTS.);
#68=B_SPLINE_CURVE_WITH_KNOTS('',2,(#2882,#2883,#2884),.UNSPECIFIED.,.F.,.F.,(3,3),(0.,1.),.PIECEWISE_BEZIER_KNOTS.);
#69=B_SPLINE_CURVE_WITH_KNOTS('',2,(#2893,#2894,#2895),.UNSPECIFIED.,.F.,.F.,(3,3),(0.,1.),.PIECEWISE_BEZIER_KNOTS.);
#70=B_SPLINE_CURVE_WITH_KNOTS('',2,(#2899,#2900,#2901),.UNSPECIFIED.,.F.,.F.,(3,3),(0.,1.),.PIECEWISE_BEZIER_KNOTS.);
#71=B_SPLINE_CURVE_WITH_KNOTS('',2,(#2944,#2945,#2946),.UNSPECIFIED.,.F.,.F.,(3,3),(0.,1.),.PIECEWISE_BEZIER_KNOTS.);
#72=B_SPLINE_CURVE_WITH_KNOTS('',2,(#2957,#2958,#2959),.UNSPECIFIED.,.F.,.F.,(3,3),(0.,1.),.PIECEWISE_BEZIER_KNOTS.);
#73=B_SPLINE_CURVE_WITH_KNOTS('',2,(#2970,#2971,#2972),.UNSPECIFIED.,.F.,.F.,(3,3),(0.,1.),.PIECEWISE_BEZIER_KNOTS.);
#74=B_SPLINE_CURVE_WITH_KNOTS('',2,(#2983,#2984,#2985),.UNSPECIFIED.,.F.,.F.,(3,3),(0.,1.),.PIECEWISE_BEZIER_KNOTS.);
#75=B_SPLINE_CURVE_WITH_KNOTS('',2,(#3012,#3013,#3014),.UNSPECIFIED.,.F.,.F.,(3,3),(0.,1.),.PIECEWISE_BEZIER_KNOTS.);
#76=B_SPLINE_CURVE_WITH_KNOTS('',2,(#3015,#3016,#3017),.UNSPECIFIED.,.F.,.F.,(3,3),(0.,1.),.PIECEWISE_BEZIER_KNOTS.);
#77=B_SPLINE_CURVE_WITH_KNOTS('',3,(#3071,#3072,#3073,#3074),.UNSPECIFIED.,.F.,.F.,(4,4),(0.,0.000797489635855037),.UNSPECIFIED.);
#78=B_SPLINE_CURVE_WITH_KNOTS('',3,(#3076,#3077,#3078,#3079,#3080),.UNSPECIFIED.,.F.,.F.,(4,1,4),(0.,0.000430093530391912,0.000860187060783824),.UNSPECIFIED.);
#79=B_SPLINE_CURVE_WITH_KNOTS('',3,(#3086,#3087,#3088,#3089),.UNSPECIFIED.,.F.,.F.,(4,4),(0.,0.000797489635855016),.UNSPECIFIED.);
#80=B_SPLINE_CURVE_WITH_KNOTS('',3,(#3093,#3094,#3095,#3096,#3097),.UNSPECIFIED.,.F.,.F.,(4,1,4),(0.,0.000430093530391901,0.000860187060783802),.UNSPECIFIED.);
#81=B_SPLINE_CURVE_WITH_KNOTS('',3,(#3099,#3100,#3101,#3102,#3103),.UNSPECIFIED.,.F.,.F.,(4,1,4),(0.,0.000430093530391921,0.000860187060783842),.UNSPECIFIED.);
#82=B_SPLINE_CURVE_WITH_KNOTS('',3,(#3107,#3108,#3109,#3110),.UNSPECIFIED.,.F.,.F.,(4,4),(0.,0.000797489635854989),.UNSPECIFIED.);
#83=B_SPLINE_CURVE_WITH_KNOTS('',3,(#3116,#3117,#3118,#3119,#3120),.UNSPECIFIED.,.F.,.F.,(4,1,4),(0.,0.000430093530391913,0.000860187060783826),.UNSPECIFIED.);
#84=B_SPLINE_CURVE_WITH_KNOTS('',3,(#3124,#3125,#3126,#3127),.UNSPECIFIED.,.F.,.F.,(4,4),(0.,0.000797489635855),.UNSPECIFIED.);
#85=CIRCLE('',#1864,0.00423115068941509);
#86=CIRCLE('',#1865,0.00521228708116351);
#87=CIRCLE('',#1866,0.00423115068941509);
#88=CIRCLE('',#1867,0.00423115068941509);
#89=CIRCLE('',#1868,0.00521228708116351);
#90=CIRCLE('',#1869,0.00423115068941509);
#91=CIRCLE('',#1872,0.00395971888528933);
#92=CIRCLE('',#1873,0.00395971888528933);
#93=CIRCLE('',#1878,0.00395971888528924);
#94=CIRCLE('',#1879,0.00395971888528924);
#95=CIRCLE('',#1882,0.00548371888528929);
#96=CIRCLE('',#1883,0.00548371888528929);
#97=CIRCLE('',#1886,0.00395971888528924);
#98=CIRCLE('',#1887,0.00395971888528924);
#99=CIRCLE('',#1892,0.00395971888528929);
#100=CIRCLE('',#1893,0.00395971888528929);
#101=CIRCLE('',#1896,0.002286);
#102=CIRCLE('',#1897,0.001143);
#103=CIRCLE('',#1899,0.0047217188852893);
#104=CIRCLE('',#1903,0.0047217188852893);
#105=CIRCLE('',#1904,0.0047217188852893);
#106=CIRCLE('',#1907,0.0047217188852893);
#107=CIRCLE('',#1910,0.0047217188852893);
#108=CIRCLE('',#1911,0.0047217188852893);
#109=CIRCLE('',#1915,0.0047217188852893);
#110=CIRCLE('',#1916,0.0047217188852893);
#111=CIRCLE('',#1919,0.0047217188852893);
#112=CIRCLE('',#1920,0.0047217188852893);
#113=CIRCLE('',#1923,0.0047217188852893);
#114=CIRCLE('',#1924,0.0047217188852893);
#115=CIRCLE('',#1926,0.002286);
#116=CIRCLE('',#1927,0.001143);
#117=CIRCLE('',#1929,0.000490568195874213);
#118=CIRCLE('',#1930,0.002286);
#119=CIRCLE('',#1931,0.000490568195874213);
#120=CIRCLE('',#1932,0.002286);
#121=CIRCLE('',#1933,0.001143);
#122=CIRCLE('',#1934,0.001143);
#123=CIRCLE('',#1946,0.0047217188852893);
#124=CIRCLE('',#1947,0.0047217188852893);
#125=CIRCLE('',#1981,0.000490568195874213);
#126=CIRCLE('',#1984,0.000490568195874213);
#127=CIRCLE('',#1988,0.000490568195874213);
#128=CIRCLE('',#1991,0.000490568195874213);
#129=ORIENTED_EDGE('',*,*,#657,.T.);
#130=ORIENTED_EDGE('',*,*,#658,.T.);
#131=ORIENTED_EDGE('',*,*,#659,.T.);
#132=ORIENTED_EDGE('',*,*,#660,.T.);
#133=ORIENTED_EDGE('',*,*,#661,.T.);
#134=ORIENTED_EDGE('',*,*,#662,.T.);
#135=ORIENTED_EDGE('',*,*,#663,.T.);
#136=ORIENTED_EDGE('',*,*,#664,.T.);
#137=ORIENTED_EDGE('',*,*,#665,.T.);
#138=ORIENTED_EDGE('',*,*,#666,.T.);
#139=ORIENTED_EDGE('',*,*,#667,.T.);
#140=ORIENTED_EDGE('',*,*,#668,.T.);
#141=ORIENTED_EDGE('',*,*,#669,.T.);
#142=ORIENTED_EDGE('',*,*,#670,.T.);
#143=ORIENTED_EDGE('',*,*,#671,.T.);
#144=ORIENTED_EDGE('',*,*,#672,.T.);
#145=ORIENTED_EDGE('',*,*,#673,.T.);
#146=ORIENTED_EDGE('',*,*,#674,.T.);
#147=ORIENTED_EDGE('',*,*,#675,.T.);
#148=ORIENTED_EDGE('',*,*,#676,.T.);
#149=ORIENTED_EDGE('',*,*,#677,.T.);
#150=ORIENTED_EDGE('',*,*,#678,.T.);
#151=ORIENTED_EDGE('',*,*,#679,.T.);
#152=ORIENTED_EDGE('',*,*,#680,.T.);
#153=ORIENTED_EDGE('',*,*,#681,.T.);
#154=ORIENTED_EDGE('',*,*,#682,.T.);
#155=ORIENTED_EDGE('',*,*,#683,.T.);
#156=ORIENTED_EDGE('',*,*,#684,.T.);
#157=ORIENTED_EDGE('',*,*,#685,.T.);
#158=ORIENTED_EDGE('',*,*,#686,.T.);
#159=ORIENTED_EDGE('',*,*,#687,.T.);
#160=ORIENTED_EDGE('',*,*,#688,.T.);
#161=ORIENTED_EDGE('',*,*,#689,.T.);
#162=ORIENTED_EDGE('',*,*,#690,.T.);
#163=ORIENTED_EDGE('',*,*,#691,.T.);
#164=ORIENTED_EDGE('',*,*,#692,.T.);
#165=ORIENTED_EDGE('',*,*,#693,.T.);
#166=ORIENTED_EDGE('',*,*,#694,.T.);
#167=ORIENTED_EDGE('',*,*,#695,.T.);
#168=ORIENTED_EDGE('',*,*,#696,.T.);
#169=ORIENTED_EDGE('',*,*,#697,.F.);
#170=ORIENTED_EDGE('',*,*,#698,.T.);
#171=ORIENTED_EDGE('',*,*,#699,.T.);
#172=ORIENTED_EDGE('',*,*,#700,.F.);
#173=ORIENTED_EDGE('',*,*,#701,.F.);
#174=ORIENTED_EDGE('',*,*,#700,.T.);
#175=ORIENTED_EDGE('',*,*,#702,.T.);
#176=ORIENTED_EDGE('',*,*,#703,.F.);
#177=ORIENTED_EDGE('',*,*,#704,.F.);
#178=ORIENTED_EDGE('',*,*,#703,.T.);
#179=ORIENTED_EDGE('',*,*,#705,.T.);
#180=ORIENTED_EDGE('',*,*,#706,.F.);
#181=ORIENTED_EDGE('',*,*,#707,.F.);
#182=ORIENTED_EDGE('',*,*,#708,.T.);
#183=ORIENTED_EDGE('',*,*,#706,.T.);
#184=ORIENTED_EDGE('',*,*,#709,.F.);
#185=ORIENTED_EDGE('',*,*,#710,.F.);
#186=ORIENTED_EDGE('',*,*,#711,.T.);
#187=ORIENTED_EDGE('',*,*,#707,.T.);
#188=ORIENTED_EDGE('',*,*,#712,.F.);
#189=ORIENTED_EDGE('',*,*,#713,.F.);
#190=ORIENTED_EDGE('',*,*,#710,.T.);
#191=ORIENTED_EDGE('',*,*,#714,.T.);
#192=ORIENTED_EDGE('',*,*,#715,.F.);
#193=ORIENTED_EDGE('',*,*,#716,.F.);
#194=ORIENTED_EDGE('',*,*,#715,.T.);
#195=ORIENTED_EDGE('',*,*,#717,.T.);
#196=ORIENTED_EDGE('',*,*,#718,.F.);
#197=ORIENTED_EDGE('',*,*,#719,.F.);
#198=ORIENTED_EDGE('',*,*,#718,.T.);
#199=ORIENTED_EDGE('',*,*,#720,.T.);
#200=ORIENTED_EDGE('',*,*,#721,.F.);
#201=ORIENTED_EDGE('',*,*,#722,.F.);
#202=ORIENTED_EDGE('',*,*,#721,.T.);
#203=ORIENTED_EDGE('',*,*,#723,.T.);
#204=ORIENTED_EDGE('',*,*,#724,.F.);
#205=ORIENTED_EDGE('',*,*,#725,.F.);
#206=ORIENTED_EDGE('',*,*,#724,.T.);
#207=ORIENTED_EDGE('',*,*,#726,.T.);
#208=ORIENTED_EDGE('',*,*,#727,.F.);
#209=ORIENTED_EDGE('',*,*,#728,.F.);
#210=ORIENTED_EDGE('',*,*,#729,.T.);
#211=ORIENTED_EDGE('',*,*,#727,.T.);
#212=ORIENTED_EDGE('',*,*,#730,.F.);
#213=ORIENTED_EDGE('',*,*,#731,.F.);
#214=ORIENTED_EDGE('',*,*,#728,.T.);
#215=ORIENTED_EDGE('',*,*,#732,.T.);
#216=ORIENTED_EDGE('',*,*,#733,.F.);
#217=ORIENTED_EDGE('',*,*,#734,.F.);
#218=ORIENTED_EDGE('',*,*,#733,.T.);
#219=ORIENTED_EDGE('',*,*,#735,.T.);
#220=ORIENTED_EDGE('',*,*,#736,.F.);
#221=ORIENTED_EDGE('',*,*,#737,.F.);
#222=ORIENTED_EDGE('',*,*,#736,.T.);
#223=ORIENTED_EDGE('',*,*,#738,.T.);
#224=ORIENTED_EDGE('',*,*,#739,.F.);
#225=ORIENTED_EDGE('',*,*,#740,.F.);
#226=ORIENTED_EDGE('',*,*,#741,.T.);
#227=ORIENTED_EDGE('',*,*,#739,.T.);
#228=ORIENTED_EDGE('',*,*,#742,.F.);
#229=ORIENTED_EDGE('',*,*,#743,.F.);
#230=ORIENTED_EDGE('',*,*,#744,.T.);
#231=ORIENTED_EDGE('',*,*,#745,.T.);
#232=ORIENTED_EDGE('',*,*,#746,.T.);
#233=ORIENTED_EDGE('',*,*,#747,.T.);
#234=ORIENTED_EDGE('',*,*,#748,.T.);
#235=ORIENTED_EDGE('',*,*,#742,.T.);
#236=ORIENTED_EDGE('',*,*,#738,.F.);
#237=ORIENTED_EDGE('',*,*,#735,.F.);
#238=ORIENTED_EDGE('',*,*,#732,.F.);
#239=ORIENTED_EDGE('',*,*,#730,.T.);
#240=ORIENTED_EDGE('',*,*,#726,.F.);
#241=ORIENTED_EDGE('',*,*,#723,.F.);
#242=ORIENTED_EDGE('',*,*,#720,.F.);
#243=ORIENTED_EDGE('',*,*,#717,.F.);
#244=ORIENTED_EDGE('',*,*,#714,.F.);
#245=ORIENTED_EDGE('',*,*,#712,.T.);
#246=ORIENTED_EDGE('',*,*,#709,.T.);
#247=ORIENTED_EDGE('',*,*,#705,.F.);
#248=ORIENTED_EDGE('',*,*,#702,.F.);
#249=ORIENTED_EDGE('',*,*,#699,.F.);
#250=ORIENTED_EDGE('',*,*,#749,.T.);
#251=ORIENTED_EDGE('',*,*,#750,.F.);
#252=ORIENTED_EDGE('',*,*,#751,.F.);
#253=ORIENTED_EDGE('',*,*,#752,.T.);
#254=ORIENTED_EDGE('',*,*,#753,.T.);
#255=ORIENTED_EDGE('',*,*,#754,.F.);
#256=ORIENTED_EDGE('',*,*,#755,.F.);
#257=ORIENTED_EDGE('',*,*,#756,.T.);
#258=ORIENTED_EDGE('',*,*,#757,.T.);
#259=ORIENTED_EDGE('',*,*,#758,.T.);
#260=ORIENTED_EDGE('',*,*,#759,.F.);
#261=ORIENTED_EDGE('',*,*,#760,.T.);
#262=ORIENTED_EDGE('',*,*,#751,.T.);
#263=ORIENTED_EDGE('',*,*,#761,.F.);
#264=ORIENTED_EDGE('',*,*,#762,.F.);
#265=ORIENTED_EDGE('',*,*,#698,.F.);
#266=ORIENTED_EDGE('',*,*,#763,.T.);
#267=ORIENTED_EDGE('',*,*,#764,.F.);
#268=ORIENTED_EDGE('',*,*,#749,.F.);
#269=ORIENTED_EDGE('',*,*,#762,.T.);
#270=ORIENTED_EDGE('',*,*,#765,.F.);
#271=ORIENTED_EDGE('',*,*,#766,.F.);
#272=ORIENTED_EDGE('',*,*,#750,.T.);
#273=ORIENTED_EDGE('',*,*,#764,.T.);
#274=ORIENTED_EDGE('',*,*,#767,.T.);
#275=ORIENTED_EDGE('',*,*,#768,.F.);
#276=ORIENTED_EDGE('',*,*,#748,.F.);
#277=ORIENTED_EDGE('',*,*,#766,.T.);
#278=ORIENTED_EDGE('',*,*,#769,.F.);
#279=ORIENTED_EDGE('',*,*,#770,.T.);
#280=ORIENTED_EDGE('',*,*,#771,.T.);
#281=ORIENTED_EDGE('',*,*,#740,.T.);
#282=ORIENTED_EDGE('',*,*,#768,.T.);
#283=ORIENTED_EDGE('',*,*,#772,.F.);
#284=ORIENTED_EDGE('',*,*,#773,.F.);
#285=ORIENTED_EDGE('',*,*,#774,.T.);
#286=ORIENTED_EDGE('',*,*,#769,.T.);
#287=ORIENTED_EDGE('',*,*,#775,.F.);
#288=ORIENTED_EDGE('',*,*,#776,.F.);
#289=ORIENTED_EDGE('',*,*,#777,.T.);
#290=ORIENTED_EDGE('',*,*,#778,.T.);
#291=ORIENTED_EDGE('',*,*,#779,.T.);
#292=ORIENTED_EDGE('',*,*,#780,.F.);
#293=ORIENTED_EDGE('',*,*,#781,.T.);
#294=ORIENTED_EDGE('',*,*,#776,.T.);
#295=ORIENTED_EDGE('',*,*,#782,.F.);
#296=ORIENTED_EDGE('',*,*,#783,.F.);
#297=ORIENTED_EDGE('',*,*,#784,.T.);
#298=ORIENTED_EDGE('',*,*,#780,.T.);
#299=ORIENTED_EDGE('',*,*,#785,.F.);
#300=ORIENTED_EDGE('',*,*,#786,.F.);
#301=ORIENTED_EDGE('',*,*,#787,.T.);
#302=ORIENTED_EDGE('',*,*,#783,.T.);
#303=ORIENTED_EDGE('',*,*,#788,.F.);
#304=ORIENTED_EDGE('',*,*,#789,.F.);
#305=ORIENTED_EDGE('',*,*,#790,.T.);
#306=ORIENTED_EDGE('',*,*,#786,.T.);
#307=ORIENTED_EDGE('',*,*,#791,.F.);
#308=ORIENTED_EDGE('',*,*,#757,.F.);
#309=ORIENTED_EDGE('',*,*,#792,.T.);
#310=ORIENTED_EDGE('',*,*,#789,.T.);
#311=ORIENTED_EDGE('',*,*,#793,.F.);
#312=ORIENTED_EDGE('',*,*,#794,.F.);
#313=ORIENTED_EDGE('',*,*,#795,.T.);
#314=ORIENTED_EDGE('',*,*,#796,.F.);
#315=ORIENTED_EDGE('',*,*,#797,.F.);
#316=ORIENTED_EDGE('',*,*,#798,.T.);
#317=ORIENTED_EDGE('',*,*,#799,.F.);
#318=ORIENTED_EDGE('',*,*,#800,.T.);
#319=ORIENTED_EDGE('',*,*,#801,.T.);
#320=ORIENTED_EDGE('',*,*,#775,.T.);
#321=ORIENTED_EDGE('',*,*,#772,.T.);
#322=ORIENTED_EDGE('',*,*,#767,.F.);
#323=ORIENTED_EDGE('',*,*,#765,.T.);
#324=ORIENTED_EDGE('',*,*,#763,.F.);
#325=ORIENTED_EDGE('',*,*,#761,.T.);
#326=ORIENTED_EDGE('',*,*,#754,.T.);
#327=ORIENTED_EDGE('',*,*,#802,.F.);
#328=ORIENTED_EDGE('',*,*,#803,.T.);
#329=ORIENTED_EDGE('',*,*,#804,.T.);
#330=ORIENTED_EDGE('',*,*,#805,.F.);
#331=ORIENTED_EDGE('',*,*,#806,.F.);
#332=ORIENTED_EDGE('',*,*,#758,.F.);
#333=ORIENTED_EDGE('',*,*,#793,.T.);
#334=ORIENTED_EDGE('',*,*,#791,.T.);
#335=ORIENTED_EDGE('',*,*,#788,.T.);
#336=ORIENTED_EDGE('',*,*,#785,.T.);
#337=ORIENTED_EDGE('',*,*,#782,.T.);
#338=ORIENTED_EDGE('',*,*,#779,.F.);
#339=ORIENTED_EDGE('',*,*,#807,.T.);
#340=ORIENTED_EDGE('',*,*,#808,.T.);
#341=ORIENTED_EDGE('',*,*,#809,.T.);
#342=ORIENTED_EDGE('',*,*,#810,.F.);
#343=ORIENTED_EDGE('',*,*,#811,.F.);
#344=ORIENTED_EDGE('',*,*,#812,.F.);
#345=ORIENTED_EDGE('',*,*,#753,.F.);
#346=ORIENTED_EDGE('',*,*,#813,.T.);
#347=ORIENTED_EDGE('',*,*,#755,.T.);
#348=ORIENTED_EDGE('',*,*,#806,.T.);
#349=ORIENTED_EDGE('',*,*,#814,.F.);
#350=ORIENTED_EDGE('',*,*,#794,.T.);
#351=ORIENTED_EDGE('',*,*,#815,.T.);
#352=ORIENTED_EDGE('',*,*,#802,.T.);
#353=ORIENTED_EDGE('',*,*,#805,.T.);
#354=ORIENTED_EDGE('',*,*,#816,.F.);
#355=ORIENTED_EDGE('',*,*,#795,.F.);
#356=ORIENTED_EDGE('',*,*,#814,.T.);
#357=ORIENTED_EDGE('',*,*,#804,.F.);
#358=ORIENTED_EDGE('',*,*,#817,.F.);
#359=ORIENTED_EDGE('',*,*,#796,.T.);
#360=ORIENTED_EDGE('',*,*,#816,.T.);
#361=ORIENTED_EDGE('',*,*,#803,.F.);
#362=ORIENTED_EDGE('',*,*,#815,.F.);
#363=ORIENTED_EDGE('',*,*,#797,.T.);
#364=ORIENTED_EDGE('',*,*,#817,.T.);
#365=ORIENTED_EDGE('',*,*,#809,.F.);
#366=ORIENTED_EDGE('',*,*,#818,.T.);
#367=ORIENTED_EDGE('',*,*,#743,.T.);
#368=ORIENTED_EDGE('',*,*,#819,.T.);
#369=ORIENTED_EDGE('',*,*,#820,.T.);
#370=ORIENTED_EDGE('',*,*,#821,.T.);
#371=ORIENTED_EDGE('',*,*,#807,.F.);
#372=ORIENTED_EDGE('',*,*,#778,.F.);
#373=ORIENTED_EDGE('',*,*,#822,.T.);
#374=ORIENTED_EDGE('',*,*,#773,.T.);
#375=ORIENTED_EDGE('',*,*,#801,.F.);
#376=ORIENTED_EDGE('',*,*,#823,.T.);
#377=ORIENTED_EDGE('',*,*,#745,.F.);
#378=ORIENTED_EDGE('',*,*,#824,.T.);
#379=ORIENTED_EDGE('',*,*,#799,.T.);
#380=ORIENTED_EDGE('',*,*,#825,.F.);
#381=ORIENTED_EDGE('',*,*,#810,.T.);
#382=ORIENTED_EDGE('',*,*,#819,.F.);
#383=ORIENTED_EDGE('',*,*,#746,.F.);
#384=ORIENTED_EDGE('',*,*,#825,.T.);
#385=ORIENTED_EDGE('',*,*,#771,.F.);
#386=ORIENTED_EDGE('',*,*,#826,.T.);
#387=ORIENTED_EDGE('',*,*,#827,.F.);
#388=ORIENTED_EDGE('',*,*,#828,.T.);
#389=ORIENTED_EDGE('',*,*,#829,.T.);
#390=ORIENTED_EDGE('',*,*,#830,.T.);
#391=ORIENTED_EDGE('',*,*,#759,.T.);
#392=ORIENTED_EDGE('',*,*,#831,.T.);
#393=ORIENTED_EDGE('',*,*,#827,.T.);
#394=ORIENTED_EDGE('',*,*,#832,.T.);
#395=ORIENTED_EDGE('',*,*,#829,.F.);
#396=ORIENTED_EDGE('',*,*,#833,.F.);
#397=ORIENTED_EDGE('',*,*,#828,.F.);
#398=ORIENTED_EDGE('',*,*,#833,.T.);
#399=ORIENTED_EDGE('',*,*,#831,.F.);
#400=ORIENTED_EDGE('',*,*,#697,.T.);
#401=ORIENTED_EDGE('',*,*,#701,.T.);
#402=ORIENTED_EDGE('',*,*,#704,.T.);
#403=ORIENTED_EDGE('',*,*,#708,.F.);
#404=ORIENTED_EDGE('',*,*,#711,.F.);
#405=ORIENTED_EDGE('',*,*,#713,.T.);
#406=ORIENTED_EDGE('',*,*,#716,.T.);
#407=ORIENTED_EDGE('',*,*,#719,.T.);
#408=ORIENTED_EDGE('',*,*,#722,.T.);
#409=ORIENTED_EDGE('',*,*,#725,.T.);
#410=ORIENTED_EDGE('',*,*,#729,.F.);
#411=ORIENTED_EDGE('',*,*,#731,.T.);
#412=ORIENTED_EDGE('',*,*,#734,.T.);
#413=ORIENTED_EDGE('',*,*,#737,.T.);
#414=ORIENTED_EDGE('',*,*,#741,.F.);
#415=ORIENTED_EDGE('',*,*,#834,.F.);
#416=ORIENTED_EDGE('',*,*,#835,.F.);
#417=ORIENTED_EDGE('',*,*,#836,.T.);
#418=ORIENTED_EDGE('',*,*,#837,.T.);
#419=ORIENTED_EDGE('',*,*,#838,.F.);
#420=ORIENTED_EDGE('',*,*,#839,.F.);
#421=ORIENTED_EDGE('',*,*,#840,.T.);
#422=ORIENTED_EDGE('',*,*,#835,.T.);
#423=ORIENTED_EDGE('',*,*,#841,.F.);
#424=ORIENTED_EDGE('',*,*,#842,.F.);
#425=ORIENTED_EDGE('',*,*,#843,.T.);
#426=ORIENTED_EDGE('',*,*,#839,.T.);
#427=ORIENTED_EDGE('',*,*,#844,.F.);
#428=ORIENTED_EDGE('',*,*,#845,.F.);
#429=ORIENTED_EDGE('',*,*,#846,.T.);
#430=ORIENTED_EDGE('',*,*,#842,.T.);
#431=ORIENTED_EDGE('',*,*,#847,.F.);
#432=ORIENTED_EDGE('',*,*,#848,.F.);
#433=ORIENTED_EDGE('',*,*,#849,.T.);
#434=ORIENTED_EDGE('',*,*,#845,.T.);
#435=ORIENTED_EDGE('',*,*,#850,.F.);
#436=ORIENTED_EDGE('',*,*,#851,.F.);
#437=ORIENTED_EDGE('',*,*,#852,.T.);
#438=ORIENTED_EDGE('',*,*,#848,.T.);
#439=ORIENTED_EDGE('',*,*,#674,.F.);
#440=ORIENTED_EDGE('',*,*,#853,.F.);
#441=ORIENTED_EDGE('',*,*,#854,.T.);
#442=ORIENTED_EDGE('',*,*,#855,.T.);
#443=ORIENTED_EDGE('',*,*,#673,.F.);
#444=ORIENTED_EDGE('',*,*,#856,.F.);
#445=ORIENTED_EDGE('',*,*,#857,.T.);
#446=ORIENTED_EDGE('',*,*,#853,.T.);
#447=ORIENTED_EDGE('',*,*,#684,.F.);
#448=ORIENTED_EDGE('',*,*,#858,.F.);
#449=ORIENTED_EDGE('',*,*,#859,.T.);
#450=ORIENTED_EDGE('',*,*,#856,.T.);
#451=ORIENTED_EDGE('',*,*,#683,.F.);
#452=ORIENTED_EDGE('',*,*,#860,.F.);
#453=ORIENTED_EDGE('',*,*,#861,.T.);
#454=ORIENTED_EDGE('',*,*,#858,.T.);
#455=ORIENTED_EDGE('',*,*,#682,.F.);
#456=ORIENTED_EDGE('',*,*,#862,.F.);
#457=ORIENTED_EDGE('',*,*,#863,.T.);
#458=ORIENTED_EDGE('',*,*,#860,.T.);
#459=ORIENTED_EDGE('',*,*,#681,.F.);
#460=ORIENTED_EDGE('',*,*,#864,.F.);
#461=ORIENTED_EDGE('',*,*,#865,.T.);
#462=ORIENTED_EDGE('',*,*,#862,.T.);
#463=ORIENTED_EDGE('',*,*,#680,.F.);
#464=ORIENTED_EDGE('',*,*,#866,.F.);
#465=ORIENTED_EDGE('',*,*,#867,.T.);
#466=ORIENTED_EDGE('',*,*,#864,.T.);
#467=ORIENTED_EDGE('',*,*,#679,.F.);
#468=ORIENTED_EDGE('',*,*,#868,.F.);
#469=ORIENTED_EDGE('',*,*,#869,.T.);
#470=ORIENTED_EDGE('',*,*,#866,.T.);
#471=ORIENTED_EDGE('',*,*,#678,.F.);
#472=ORIENTED_EDGE('',*,*,#870,.F.);
#473=ORIENTED_EDGE('',*,*,#871,.T.);
#474=ORIENTED_EDGE('',*,*,#868,.T.);
#475=ORIENTED_EDGE('',*,*,#677,.F.);
#476=ORIENTED_EDGE('',*,*,#872,.F.);
#477=ORIENTED_EDGE('',*,*,#873,.T.);
#478=ORIENTED_EDGE('',*,*,#870,.T.);
#479=ORIENTED_EDGE('',*,*,#676,.F.);
#480=ORIENTED_EDGE('',*,*,#874,.F.);
#481=ORIENTED_EDGE('',*,*,#875,.T.);
#482=ORIENTED_EDGE('',*,*,#872,.T.);
#483=ORIENTED_EDGE('',*,*,#675,.F.);
#484=ORIENTED_EDGE('',*,*,#855,.F.);
#485=ORIENTED_EDGE('',*,*,#876,.T.);
#486=ORIENTED_EDGE('',*,*,#874,.T.);
#487=ORIENTED_EDGE('',*,*,#877,.F.);
#488=ORIENTED_EDGE('',*,*,#837,.F.);
#489=ORIENTED_EDGE('',*,*,#878,.T.);
#490=ORIENTED_EDGE('',*,*,#851,.T.);
#491=ORIENTED_EDGE('',*,*,#854,.F.);
#492=ORIENTED_EDGE('',*,*,#857,.F.);
#493=ORIENTED_EDGE('',*,*,#859,.F.);
#494=ORIENTED_EDGE('',*,*,#861,.F.);
#495=ORIENTED_EDGE('',*,*,#863,.F.);
#496=ORIENTED_EDGE('',*,*,#865,.F.);
#497=ORIENTED_EDGE('',*,*,#867,.F.);
#498=ORIENTED_EDGE('',*,*,#869,.F.);
#499=ORIENTED_EDGE('',*,*,#871,.F.);
#500=ORIENTED_EDGE('',*,*,#873,.F.);
#501=ORIENTED_EDGE('',*,*,#875,.F.);
#502=ORIENTED_EDGE('',*,*,#876,.F.);
#503=ORIENTED_EDGE('',*,*,#836,.F.);
#504=ORIENTED_EDGE('',*,*,#840,.F.);
#505=ORIENTED_EDGE('',*,*,#843,.F.);
#506=ORIENTED_EDGE('',*,*,#846,.F.);
#507=ORIENTED_EDGE('',*,*,#849,.F.);
#508=ORIENTED_EDGE('',*,*,#852,.F.);
#509=ORIENTED_EDGE('',*,*,#878,.F.);
#510=ORIENTED_EDGE('',*,*,#686,.F.);
#511=ORIENTED_EDGE('',*,*,#879,.F.);
#512=ORIENTED_EDGE('',*,*,#880,.T.);
#513=ORIENTED_EDGE('',*,*,#881,.T.);
#514=ORIENTED_EDGE('',*,*,#685,.F.);
#515=ORIENTED_EDGE('',*,*,#882,.F.);
#516=ORIENTED_EDGE('',*,*,#883,.T.);
#517=ORIENTED_EDGE('',*,*,#879,.T.);
#518=ORIENTED_EDGE('',*,*,#696,.F.);
#519=ORIENTED_EDGE('',*,*,#884,.F.);
#520=ORIENTED_EDGE('',*,*,#885,.T.);
#521=ORIENTED_EDGE('',*,*,#882,.T.);
#522=ORIENTED_EDGE('',*,*,#695,.F.);
#523=ORIENTED_EDGE('',*,*,#886,.F.);
#524=ORIENTED_EDGE('',*,*,#887,.T.);
#525=ORIENTED_EDGE('',*,*,#884,.T.);
#526=ORIENTED_EDGE('',*,*,#694,.F.);
#527=ORIENTED_EDGE('',*,*,#888,.F.);
#528=ORIENTED_EDGE('',*,*,#889,.T.);
#529=ORIENTED_EDGE('',*,*,#886,.T.);
#530=ORIENTED_EDGE('',*,*,#693,.F.);
#531=ORIENTED_EDGE('',*,*,#890,.F.);
#532=ORIENTED_EDGE('',*,*,#891,.T.);
#533=ORIENTED_EDGE('',*,*,#888,.T.);
#534=ORIENTED_EDGE('',*,*,#692,.F.);
#535=ORIENTED_EDGE('',*,*,#892,.F.);
#536=ORIENTED_EDGE('',*,*,#893,.T.);
#537=ORIENTED_EDGE('',*,*,#890,.T.);
#538=ORIENTED_EDGE('',*,*,#691,.F.);
#539=ORIENTED_EDGE('',*,*,#894,.F.);
#540=ORIENTED_EDGE('',*,*,#895,.T.);
#541=ORIENTED_EDGE('',*,*,#892,.T.);
#542=ORIENTED_EDGE('',*,*,#690,.F.);
#543=ORIENTED_EDGE('',*,*,#896,.F.);
#544=ORIENTED_EDGE('',*,*,#897,.T.);
#545=ORIENTED_EDGE('',*,*,#894,.T.);
#546=ORIENTED_EDGE('',*,*,#689,.F.);
#547=ORIENTED_EDGE('',*,*,#898,.F.);
#548=ORIENTED_EDGE('',*,*,#899,.T.);
#549=ORIENTED_EDGE('',*,*,#896,.T.);
#550=ORIENTED_EDGE('',*,*,#688,.F.);
#551=ORIENTED_EDGE('',*,*,#900,.F.);
#552=ORIENTED_EDGE('',*,*,#901,.T.);
#553=ORIENTED_EDGE('',*,*,#898,.T.);
#554=ORIENTED_EDGE('',*,*,#687,.F.);
#555=ORIENTED_EDGE('',*,*,#881,.F.);
#556=ORIENTED_EDGE('',*,*,#902,.T.);
#557=ORIENTED_EDGE('',*,*,#900,.T.);
#558=ORIENTED_EDGE('',*,*,#880,.F.);
#559=ORIENTED_EDGE('',*,*,#883,.F.);
#560=ORIENTED_EDGE('',*,*,#885,.F.);
#561=ORIENTED_EDGE('',*,*,#887,.F.);
#562=ORIENTED_EDGE('',*,*,#889,.F.);
#563=ORIENTED_EDGE('',*,*,#891,.F.);
#564=ORIENTED_EDGE('',*,*,#893,.F.);
#565=ORIENTED_EDGE('',*,*,#895,.F.);
#566=ORIENTED_EDGE('',*,*,#897,.F.);
#567=ORIENTED_EDGE('',*,*,#899,.F.);
#568=ORIENTED_EDGE('',*,*,#901,.F.);
#569=ORIENTED_EDGE('',*,*,#902,.F.);
#570=ORIENTED_EDGE('',*,*,#838,.T.);
#571=ORIENTED_EDGE('',*,*,#834,.T.);
#572=ORIENTED_EDGE('',*,*,#877,.T.);
#573=ORIENTED_EDGE('',*,*,#850,.T.);
#574=ORIENTED_EDGE('',*,*,#847,.T.);
#575=ORIENTED_EDGE('',*,*,#844,.T.);
#576=ORIENTED_EDGE('',*,*,#841,.T.);
#577=ORIENTED_EDGE('',*,*,#903,.F.);
#578=ORIENTED_EDGE('',*,*,#657,.F.);
#579=ORIENTED_EDGE('',*,*,#904,.F.);
#580=ORIENTED_EDGE('',*,*,#756,.F.);
#581=ORIENTED_EDGE('',*,*,#904,.T.);
#582=ORIENTED_EDGE('',*,*,#672,.F.);
#583=ORIENTED_EDGE('',*,*,#905,.F.);
#584=ORIENTED_EDGE('',*,*,#792,.F.);
#585=ORIENTED_EDGE('',*,*,#903,.T.);
#586=ORIENTED_EDGE('',*,*,#813,.F.);
#587=ORIENTED_EDGE('',*,*,#906,.F.);
#588=ORIENTED_EDGE('',*,*,#658,.F.);
#589=ORIENTED_EDGE('',*,*,#905,.T.);
#590=ORIENTED_EDGE('',*,*,#671,.F.);
#591=ORIENTED_EDGE('',*,*,#907,.F.);
#592=ORIENTED_EDGE('',*,*,#790,.F.);
#593=ORIENTED_EDGE('',*,*,#906,.T.);
#594=ORIENTED_EDGE('',*,*,#752,.F.);
#595=ORIENTED_EDGE('',*,*,#908,.F.);
#596=ORIENTED_EDGE('',*,*,#659,.F.);
#597=ORIENTED_EDGE('',*,*,#907,.T.);
#598=ORIENTED_EDGE('',*,*,#670,.F.);
#599=ORIENTED_EDGE('',*,*,#909,.F.);
#600=ORIENTED_EDGE('',*,*,#787,.F.);
#601=ORIENTED_EDGE('',*,*,#908,.T.);
#602=ORIENTED_EDGE('',*,*,#760,.F.);
#603=ORIENTED_EDGE('',*,*,#910,.F.);
#604=ORIENTED_EDGE('',*,*,#660,.F.);
#605=ORIENTED_EDGE('',*,*,#909,.T.);
#606=ORIENTED_EDGE('',*,*,#669,.F.);
#607=ORIENTED_EDGE('',*,*,#911,.F.);
#608=ORIENTED_EDGE('',*,*,#784,.F.);
#609=ORIENTED_EDGE('',*,*,#910,.T.);
#610=ORIENTED_EDGE('',*,*,#830,.F.);
#611=ORIENTED_EDGE('',*,*,#912,.F.);
#612=ORIENTED_EDGE('',*,*,#661,.F.);
#613=ORIENTED_EDGE('',*,*,#911,.T.);
#614=ORIENTED_EDGE('',*,*,#668,.F.);
#615=ORIENTED_EDGE('',*,*,#913,.F.);
#616=ORIENTED_EDGE('',*,*,#781,.F.);
#617=ORIENTED_EDGE('',*,*,#912,.T.);
#618=ORIENTED_EDGE('',*,*,#832,.F.);
#619=ORIENTED_EDGE('',*,*,#914,.F.);
#620=ORIENTED_EDGE('',*,*,#662,.F.);
#621=ORIENTED_EDGE('',*,*,#913,.T.);
#622=ORIENTED_EDGE('',*,*,#667,.F.);
#623=ORIENTED_EDGE('',*,*,#915,.F.);
#624=ORIENTED_EDGE('',*,*,#777,.F.);
#625=ORIENTED_EDGE('',*,*,#914,.T.);
#626=ORIENTED_EDGE('',*,*,#826,.F.);
#627=ORIENTED_EDGE('',*,*,#916,.F.);
#628=ORIENTED_EDGE('',*,*,#663,.F.);
#629=ORIENTED_EDGE('',*,*,#915,.T.);
#630=ORIENTED_EDGE('',*,*,#666,.F.);
#631=ORIENTED_EDGE('',*,*,#917,.F.);
#632=ORIENTED_EDGE('',*,*,#822,.F.);
#633=ORIENTED_EDGE('',*,*,#916,.T.);
#634=ORIENTED_EDGE('',*,*,#770,.F.);
#635=ORIENTED_EDGE('',*,*,#918,.F.);
#636=ORIENTED_EDGE('',*,*,#664,.F.);
#637=ORIENTED_EDGE('',*,*,#917,.T.);
#638=ORIENTED_EDGE('',*,*,#665,.F.);
#639=ORIENTED_EDGE('',*,*,#918,.T.);
#640=ORIENTED_EDGE('',*,*,#774,.F.);
#641=ORIENTED_EDGE('',*,*,#800,.F.);
#642=ORIENTED_EDGE('',*,*,#824,.F.);
#643=ORIENTED_EDGE('',*,*,#919,.F.);
#644=ORIENTED_EDGE('',*,*,#823,.F.);
#645=ORIENTED_EDGE('',*,*,#919,.T.);
#646=ORIENTED_EDGE('',*,*,#744,.F.);
#647=ORIENTED_EDGE('',*,*,#920,.F.);
#648=ORIENTED_EDGE('',*,*,#820,.F.);
#649=ORIENTED_EDGE('',*,*,#920,.T.);
#650=ORIENTED_EDGE('',*,*,#818,.F.);
#651=ORIENTED_EDGE('',*,*,#808,.F.);
#652=ORIENTED_EDGE('',*,*,#821,.F.);
#653=ORIENTED_EDGE('',*,*,#811,.T.);
#654=ORIENTED_EDGE('',*,*,#747,.F.);
#655=ORIENTED_EDGE('',*,*,#812,.T.);
#656=ORIENTED_EDGE('',*,*,#798,.F.);
#657=EDGE_CURVE('',#921,#922,#1091,.T.);
#658=EDGE_CURVE('',#922,#923,#1092,.T.);
#659=EDGE_CURVE('',#923,#924,#1093,.F.);
#660=EDGE_CURVE('',#924,#925,#85,.T.);
#661=EDGE_CURVE('',#925,#926,#1094,.T.);
#662=EDGE_CURVE('',#926,#927,#86,.F.);
#663=EDGE_CURVE('',#927,#928,#1095,.T.);
#664=EDGE_CURVE('',#928,#929,#87,.T.);
#665=EDGE_CURVE('',#929,#930,#1096,.F.);
#666=EDGE_CURVE('',#930,#931,#1097,.F.);
#667=EDGE_CURVE('',#931,#932,#1098,.T.);
#668=EDGE_CURVE('',#932,#933,#88,.T.);
#669=EDGE_CURVE('',#933,#934,#1099,.F.);
#670=EDGE_CURVE('',#934,#935,#89,.F.);
#671=EDGE_CURVE('',#935,#936,#1100,.F.);
#672=EDGE_CURVE('',#936,#921,#90,.T.);
#673=EDGE_CURVE('',#937,#938,#1101,.T.);
#674=EDGE_CURVE('',#938,#939,#1102,.T.);
#675=EDGE_CURVE('',#939,#940,#1103,.T.);
#676=EDGE_CURVE('',#940,#941,#1104,.T.);
#677=EDGE_CURVE('',#941,#942,#1105,.T.);
#678=EDGE_CURVE('',#942,#943,#1106,.T.);
#679=EDGE_CURVE('',#943,#944,#1107,.T.);
#680=EDGE_CURVE('',#944,#945,#61,.T.);
#681=EDGE_CURVE('',#945,#946,#62,.T.);
#682=EDGE_CURVE('',#946,#947,#63,.T.);
#683=EDGE_CURVE('',#947,#948,#64,.T.);
#684=EDGE_CURVE('',#948,#937,#1108,.T.);
#685=EDGE_CURVE('',#949,#950,#1109,.T.);
#686=EDGE_CURVE('',#950,#951,#1110,.T.);
#687=EDGE_CURVE('',#951,#952,#1111,.T.);
#688=EDGE_CURVE('',#952,#953,#1112,.T.);
#689=EDGE_CURVE('',#953,#954,#1113,.T.);
#690=EDGE_CURVE('',#954,#955,#1114,.T.);
#691=EDGE_CURVE('',#955,#956,#1115,.T.);
#692=EDGE_CURVE('',#956,#957,#1116,.T.);
#693=EDGE_CURVE('',#957,#958,#1117,.T.);
#694=EDGE_CURVE('',#958,#959,#1118,.T.);
#695=EDGE_CURVE('',#959,#960,#1119,.T.);
#696=EDGE_CURVE('',#960,#949,#1120,.T.);
#697=EDGE_CURVE('',#961,#962,#1121,.T.);
#698=EDGE_CURVE('',#961,#963,#1122,.T.);
#699=EDGE_CURVE('',#963,#964,#1123,.T.);
#700=EDGE_CURVE('',#962,#964,#1124,.T.);
#701=EDGE_CURVE('',#962,#965,#91,.T.);
#702=EDGE_CURVE('',#964,#966,#92,.T.);
#703=EDGE_CURVE('',#965,#966,#1125,.T.);
#704=EDGE_CURVE('',#965,#967,#1126,.T.);
#705=EDGE_CURVE('',#966,#968,#1127,.T.);
#706=EDGE_CURVE('',#967,#968,#1128,.T.);
#707=EDGE_CURVE('',#969,#970,#1129,.T.);
#708=EDGE_CURVE('',#969,#967,#1130,.T.);
#709=EDGE_CURVE('',#970,#968,#1131,.T.);
#710=EDGE_CURVE('',#971,#972,#1132,.T.);
#711=EDGE_CURVE('',#971,#969,#1133,.T.);
#712=EDGE_CURVE('',#972,#970,#1134,.T.);
#713=EDGE_CURVE('',#971,#973,#93,.T.);
#714=EDGE_CURVE('',#972,#974,#94,.T.);
#715=EDGE_CURVE('',#973,#974,#1135,.T.);
#716=EDGE_CURVE('',#973,#975,#1136,.T.);
#717=EDGE_CURVE('',#974,#976,#1137,.T.);
#718=EDGE_CURVE('',#975,#976,#1138,.T.);
#719=EDGE_CURVE('',#975,#977,#95,.T.);
#720=EDGE_CURVE('',#976,#978,#96,.T.);
#721=EDGE_CURVE('',#977,#978,#1139,.T.);
#722=EDGE_CURVE('',#977,#979,#1140,.T.);
#723=EDGE_CURVE('',#978,#980,#1141,.T.);
#724=EDGE_CURVE('',#979,#980,#1142,.T.);
#725=EDGE_CURVE('',#979,#981,#97,.T.);
#726=EDGE_CURVE('',#980,#982,#98,.T.);
#727=EDGE_CURVE('',#981,#982,#1143,.T.);
#728=EDGE_CURVE('',#983,#984,#1144,.T.);
#729=EDGE_CURVE('',#983,#981,#1145,.T.);
#730=EDGE_CURVE('',#984,#982,#1146,.T.);
#731=EDGE_CURVE('',#983,#985,#1147,.T.);
#732=EDGE_CURVE('',#984,#986,#1148,.T.);
#733=EDGE_CURVE('',#985,#986,#1149,.T.);
#734=EDGE_CURVE('',#985,#987,#1150,.T.);
#735=EDGE_CURVE('',#986,#988,#1151,.T.);
#736=EDGE_CURVE('',#987,#988,#1152,.T.);
#737=EDGE_CURVE('',#987,#989,#99,.T.);
#738=EDGE_CURVE('',#988,#990,#100,.T.);
#739=EDGE_CURVE('',#989,#990,#1153,.T.);
#740=EDGE_CURVE('',#991,#992,#1154,.T.);
#741=EDGE_CURVE('',#991,#989,#1155,.T.);
#742=EDGE_CURVE('',#992,#990,#1156,.T.);
#743=EDGE_CURVE('',#993,#994,#1157,.T.);
#744=EDGE_CURVE('',#993,#995,#1158,.T.);
#745=EDGE_CURVE('',#995,#996,#1159,.T.);
#746=EDGE_CURVE('',#996,#994,#101,.T.);
#747=EDGE_CURVE('',#997,#997,#102,.F.);
#748=EDGE_CURVE('',#998,#992,#1160,.T.);
#749=EDGE_CURVE('',#963,#999,#1161,.T.);
#750=EDGE_CURVE('',#998,#999,#103,.F.);
#751=EDGE_CURVE('',#1000,#1001,#1162,.T.);
#752=EDGE_CURVE('',#1000,#1002,#1163,.T.);
#753=EDGE_CURVE('',#1002,#1003,#1164,.T.);
#754=EDGE_CURVE('',#1001,#1003,#1165,.T.);
#755=EDGE_CURVE('',#1004,#1005,#1166,.T.);
#756=EDGE_CURVE('',#1004,#1006,#1167,.F.);
#757=EDGE_CURVE('',#1006,#1007,#1168,.T.);
#758=EDGE_CURVE('',#1007,#1005,#1169,.T.);
#759=EDGE_CURVE('',#1008,#961,#1170,.T.);
#760=EDGE_CURVE('',#1008,#1000,#104,.F.);
#761=EDGE_CURVE('',#1009,#1001,#105,.T.);
#762=EDGE_CURVE('',#963,#1009,#1171,.T.);
#763=EDGE_CURVE('',#1009,#1010,#1172,.T.);
#764=EDGE_CURVE('',#999,#1010,#1173,.T.);
#765=EDGE_CURVE('',#1011,#1010,#106,.F.);
#766=EDGE_CURVE('',#998,#1011,#1174,.T.);
#767=EDGE_CURVE('',#1011,#1012,#1175,.T.);
#768=EDGE_CURVE('',#992,#1012,#1176,.T.);
#769=EDGE_CURVE('',#1013,#1014,#1177,.T.);
#770=EDGE_CURVE('',#1013,#1015,#107,.F.);
#771=EDGE_CURVE('',#1015,#991,#1178,.T.);
#772=EDGE_CURVE('',#1014,#1012,#108,.T.);
#773=EDGE_CURVE('',#1016,#1017,#1179,.T.);
#774=EDGE_CURVE('',#1016,#1013,#1180,.T.);
#775=EDGE_CURVE('',#1017,#1014,#1181,.T.);
#776=EDGE_CURVE('',#1018,#1019,#1182,.T.);
#777=EDGE_CURVE('',#1018,#1020,#1183,.F.);
#778=EDGE_CURVE('',#1020,#1021,#1184,.T.);
#779=EDGE_CURVE('',#1021,#1019,#1185,.T.);
#780=EDGE_CURVE('',#1022,#1023,#1186,.T.);
#781=EDGE_CURVE('',#1022,#1018,#109,.F.);
#782=EDGE_CURVE('',#1023,#1019,#110,.T.);
#783=EDGE_CURVE('',#1024,#1025,#1187,.T.);
#784=EDGE_CURVE('',#1024,#1022,#1188,.T.);
#785=EDGE_CURVE('',#1025,#1023,#1189,.T.);
#786=EDGE_CURVE('',#1026,#1027,#1190,.T.);
#787=EDGE_CURVE('',#1026,#1024,#111,.T.);
#788=EDGE_CURVE('',#1027,#1025,#112,.F.);
#789=EDGE_CURVE('',#1028,#1029,#1191,.T.);
#790=EDGE_CURVE('',#1028,#1026,#1192,.T.);
#791=EDGE_CURVE('',#1029,#1027,#1193,.T.);
#792=EDGE_CURVE('',#1006,#1028,#113,.F.);
#793=EDGE_CURVE('',#1007,#1029,#114,.T.);
#794=EDGE_CURVE('',#1030,#1031,#1194,.T.);
#795=EDGE_CURVE('',#1030,#1032,#1195,.T.);
#796=EDGE_CURVE('',#1033,#1032,#115,.T.);
#797=EDGE_CURVE('',#1031,#1033,#1196,.T.);
#798=EDGE_CURVE('',#1034,#1034,#116,.F.);
#799=EDGE_CURVE('',#1035,#1036,#1197,.T.);
#800=EDGE_CURVE('',#1035,#1037,#117,.T.);
#801=EDGE_CURVE('',#1037,#1017,#1198,.T.);
#802=EDGE_CURVE('',#1038,#1003,#1199,.T.);
#803=EDGE_CURVE('',#1038,#1039,#1200,.T.);
#804=EDGE_CURVE('',#1039,#1040,#118,.T.);
#805=EDGE_CURVE('',#1041,#1040,#1201,.T.);
#806=EDGE_CURVE('',#1005,#1041,#1202,.T.);
#807=EDGE_CURVE('',#1021,#1042,#1203,.T.);
#808=EDGE_CURVE('',#1042,#1043,#119,.T.);
#809=EDGE_CURVE('',#1043,#1044,#1204,.T.);
#810=EDGE_CURVE('',#1036,#1044,#120,.T.);
#811=EDGE_CURVE('',#1045,#1045,#121,.T.);
#812=EDGE_CURVE('',#1046,#1046,#122,.T.);
#813=EDGE_CURVE('',#1002,#1004,#1205,.F.);
#814=EDGE_CURVE('',#1030,#1041,#1206,.T.);
#815=EDGE_CURVE('',#1031,#1038,#1207,.T.);
#816=EDGE_CURVE('',#1032,#1040,#1208,.T.);
#817=EDGE_CURVE('',#1033,#1039,#1209,.T.);
#818=EDGE_CURVE('',#1043,#993,#1210,.F.);
#819=EDGE_CURVE('',#994,#1044,#1211,.T.);
#820=EDGE_CURVE('',#1047,#1048,#1212,.F.);
#821=EDGE_CURVE('',#1048,#1042,#1213,.T.);
#822=EDGE_CURVE('',#1020,#1016,#1214,.T.);
#823=EDGE_CURVE('',#1037,#1047,#1215,.F.);
#824=EDGE_CURVE('',#995,#1035,#1216,.T.);
#825=EDGE_CURVE('',#996,#1036,#1217,.T.);
#826=EDGE_CURVE('',#1015,#1049,#1218,.F.);
#827=EDGE_CURVE('',#1050,#1049,#1219,.T.);
#828=EDGE_CURVE('',#1050,#991,#1220,.T.);
#829=EDGE_CURVE('',#1051,#1052,#1221,.T.);
#830=EDGE_CURVE('',#1052,#1008,#1222,.F.);
#831=EDGE_CURVE('',#961,#1051,#1223,.T.);
#832=EDGE_CURVE('',#1049,#1052,#123,.T.);
#833=EDGE_CURVE('',#1050,#1051,#124,.F.);
#834=EDGE_CURVE('',#1053,#1054,#65,.T.);
#835=EDGE_CURVE('',#1055,#1053,#1224,.T.);
#836=EDGE_CURVE('',#1055,#1056,#66,.T.);
#837=EDGE_CURVE('',#1056,#1054,#1225,.T.);
#838=EDGE_CURVE('',#1057,#1053,#67,.T.);
#839=EDGE_CURVE('',#1058,#1057,#1226,.T.);
#840=EDGE_CURVE('',#1058,#1055,#68,.T.);
#841=EDGE_CURVE('',#1059,#1057,#69,.T.);
#842=EDGE_CURVE('',#1060,#1059,#1227,.T.);
#843=EDGE_CURVE('',#1060,#1058,#70,.T.);
#844=EDGE_CURVE('',#1061,#1059,#1228,.T.);
#845=EDGE_CURVE('',#1062,#1061,#1229,.T.);
#846=EDGE_CURVE('',#1062,#1060,#1230,.T.);
#847=EDGE_CURVE('',#1063,#1061,#1231,.T.);
#848=EDGE_CURVE('',#1064,#1063,#1232,.T.);
#849=EDGE_CURVE('',#1064,#1062,#1233,.T.);
#850=EDGE_CURVE('',#1065,#1063,#1234,.T.);
#851=EDGE_CURVE('',#1066,#1065,#1235,.T.);
#852=EDGE_CURVE('',#1066,#1064,#1236,.T.);
#853=EDGE_CURVE('',#1067,#938,#1237,.T.);
#854=EDGE_CURVE('',#1067,#1068,#1238,.T.);
#855=EDGE_CURVE('',#1068,#939,#1239,.T.);
#856=EDGE_CURVE('',#1069,#937,#1240,.T.);
#857=EDGE_CURVE('',#1069,#1067,#1241,.T.);
#858=EDGE_CURVE('',#1070,#948,#1242,.T.);
#859=EDGE_CURVE('',#1070,#1069,#1243,.T.);
#860=EDGE_CURVE('',#1071,#947,#1244,.T.);
#861=EDGE_CURVE('',#1071,#1070,#71,.T.);
#862=EDGE_CURVE('',#1072,#946,#1245,.T.);
#863=EDGE_CURVE('',#1072,#1071,#72,.T.);
#864=EDGE_CURVE('',#1073,#945,#1246,.T.);
#865=EDGE_CURVE('',#1073,#1072,#73,.T.);
#866=EDGE_CURVE('',#1074,#944,#1247,.T.);
#867=EDGE_CURVE('',#1074,#1073,#74,.T.);
#868=EDGE_CURVE('',#1075,#943,#1248,.T.);
#869=EDGE_CURVE('',#1075,#1074,#1249,.T.);
#870=EDGE_CURVE('',#1076,#942,#1250,.T.);
#871=EDGE_CURVE('',#1076,#1075,#1251,.T.);
#872=EDGE_CURVE('',#1077,#941,#1252,.T.);
#873=EDGE_CURVE('',#1077,#1076,#1253,.T.);
#874=EDGE_CURVE('',#1078,#940,#1254,.T.);
#875=EDGE_CURVE('',#1078,#1077,#1255,.T.);
#876=EDGE_CURVE('',#1068,#1078,#1256,.T.);
#877=EDGE_CURVE('',#1054,#1065,#75,.T.);
#878=EDGE_CURVE('',#1056,#1066,#76,.T.);
#879=EDGE_CURVE('',#1079,#950,#1257,.T.);
#880=EDGE_CURVE('',#1079,#1080,#1258,.T.);
#881=EDGE_CURVE('',#1080,#951,#1259,.T.);
#882=EDGE_CURVE('',#1081,#949,#1260,.T.);
#883=EDGE_CURVE('',#1081,#1079,#1261,.T.);
#884=EDGE_CURVE('',#1082,#960,#1262,.T.);
#885=EDGE_CURVE('',#1082,#1081,#1263,.T.);
#886=EDGE_CURVE('',#1083,#959,#1264,.T.);
#887=EDGE_CURVE('',#1083,#1082,#1265,.T.);
#888=EDGE_CURVE('',#1084,#958,#1266,.T.);
#889=EDGE_CURVE('',#1084,#1083,#1267,.T.);
#890=EDGE_CURVE('',#1085,#957,#1268,.T.);
#891=EDGE_CURVE('',#1085,#1084,#1269,.T.);
#892=EDGE_CURVE('',#1086,#956,#1270,.T.);
#893=EDGE_CURVE('',#1086,#1085,#1271,.T.);
#894=EDGE_CURVE('',#1087,#955,#1272,.T.);
#895=EDGE_CURVE('',#1087,#1086,#1273,.T.);
#896=EDGE_CURVE('',#1088,#954,#1274,.T.);
#897=EDGE_CURVE('',#1088,#1087,#1275,.T.);
#898=EDGE_CURVE('',#1089,#953,#1276,.T.);
#899=EDGE_CURVE('',#1089,#1088,#1277,.T.);
#900=EDGE_CURVE('',#1090,#952,#1278,.T.);
#901=EDGE_CURVE('',#1090,#1089,#1279,.T.);
#902=EDGE_CURVE('',#1080,#1090,#1280,.T.);
#903=EDGE_CURVE('',#922,#1004,#18,.F.);
#904=EDGE_CURVE('',#1006,#921,#77,.T.);
#905=EDGE_CURVE('',#1028,#936,#78,.T.);
#906=EDGE_CURVE('',#923,#1002,#19,.F.);
#907=EDGE_CURVE('',#1026,#935,#125,.T.);
#908=EDGE_CURVE('',#924,#1000,#79,.F.);
#909=EDGE_CURVE('',#1024,#934,#126,.T.);
#910=EDGE_CURVE('',#925,#1008,#80,.F.);
#911=EDGE_CURVE('',#1022,#933,#81,.T.);
#912=EDGE_CURVE('',#926,#1052,#127,.T.);
#913=EDGE_CURVE('',#1018,#932,#82,.T.);
#914=EDGE_CURVE('',#927,#1049,#128,.T.);
#915=EDGE_CURVE('',#1020,#931,#20,.T.);
#916=EDGE_CURVE('',#928,#1015,#83,.F.);
#917=EDGE_CURVE('',#1016,#930,#21,.T.);
#918=EDGE_CURVE('',#929,#1013,#84,.F.);
#919=EDGE_CURVE('',#1047,#995,#22,.F.);
#920=EDGE_CURVE('',#1048,#993,#23,.F.);
#921=VERTEX_POINT('',#2487);
#922=VERTEX_POINT('',#2488);
#923=VERTEX_POINT('',#2490);
#924=VERTEX_POINT('',#2492);
#925=VERTEX_POINT('',#2494);
#926=VERTEX_POINT('',#2496);
#927=VERTEX_POINT('',#2498);
#928=VERTEX_POINT('',#2500);
#929=VERTEX_POINT('',#2502);
#930=VERTEX_POINT('',#2504);
#931=VERTEX_POINT('',#2506);
#932=VERTEX_POINT('',#2508);
#933=VERTEX_POINT('',#2510);
#934=VERTEX_POINT('',#2512);
#935=VERTEX_POINT('',#2514);
#936=VERTEX_POINT('',#2516);
#937=VERTEX_POINT('',#2519);
#938=VERTEX_POINT('',#2520);
#939=VERTEX_POINT('',#2522);
#940=VERTEX_POINT('',#2524);
#941=VERTEX_POINT('',#2526);
#942=VERTEX_POINT('',#2528);
#943=VERTEX_POINT('',#2530);
#944=VERTEX_POINT('',#2532);
#945=VERTEX_POINT('',#2536);
#946=VERTEX_POINT('',#2540);
#947=VERTEX_POINT('',#2544);
#948=VERTEX_POINT('',#2548);
#949=VERTEX_POINT('',#2551);
#950=VERTEX_POINT('',#2552);
#951=VERTEX_POINT('',#2554);
#952=VERTEX_POINT('',#2556);
#953=VERTEX_POINT('',#2558);
#954=VERTEX_POINT('',#2560);
#955=VERTEX_POINT('',#2562);
#956=VERTEX_POINT('',#2564);
#957=VERTEX_POINT('',#2566);
#958=VERTEX_POINT('',#2568);
#959=VERTEX_POINT('',#2570);
#960=VERTEX_POINT('',#2572);
#961=VERTEX_POINT('',#2576);
#962=VERTEX_POINT('',#2577);
#963=VERTEX_POINT('',#2579);
#964=VERTEX_POINT('',#2581);
#965=VERTEX_POINT('',#2585);
#966=VERTEX_POINT('',#2587);
#967=VERTEX_POINT('',#2591);
#968=VERTEX_POINT('',#2593);
#969=VERTEX_POINT('',#2597);
#970=VERTEX_POINT('',#2598);
#971=VERTEX_POINT('',#2603);
#972=VERTEX_POINT('',#2604);
#973=VERTEX_POINT('',#2609);
#974=VERTEX_POINT('',#2611);
#975=VERTEX_POINT('',#2615);
#976=VERTEX_POINT('',#2617);
#977=VERTEX_POINT('',#2621);
#978=VERTEX_POINT('',#2623);
#979=VERTEX_POINT('',#2627);
#980=VERTEX_POINT('',#2629);
#981=VERTEX_POINT('',#2633);
#982=VERTEX_POINT('',#2635);
#983=VERTEX_POINT('',#2639);
#984=VERTEX_POINT('',#2640);
#985=VERTEX_POINT('',#2645);
#986=VERTEX_POINT('',#2647);
#987=VERTEX_POINT('',#2651);
#988=VERTEX_POINT('',#2653);
#989=VERTEX_POINT('',#2657);
#990=VERTEX_POINT('',#2659);
#991=VERTEX_POINT('',#2663);
#992=VERTEX_POINT('',#2664);
#993=VERTEX_POINT('',#2669);
#994=VERTEX_POINT('',#2670);
#995=VERTEX_POINT('',#2672);
#996=VERTEX_POINT('',#2674);
#997=VERTEX_POINT('',#2677);
#998=VERTEX_POINT('',#2680);
#999=VERTEX_POINT('',#2682);
#1000=VERTEX_POINT('',#2686);
#1001=VERTEX_POINT('',#2687);
#1002=VERTEX_POINT('',#2689);
#1003=VERTEX_POINT('',#2691);
#1004=VERTEX_POINT('',#2695);
#1005=VERTEX_POINT('',#2696);
#1006=VERTEX_POINT('',#2698);
#1007=VERTEX_POINT('',#2700);
#1008=VERTEX_POINT('',#2704);
#1009=VERTEX_POINT('',#2707);
#1010=VERTEX_POINT('',#2711);
#1011=VERTEX_POINT('',#2715);
#1012=VERTEX_POINT('',#2719);
#1013=VERTEX_POINT('',#2723);
#1014=VERTEX_POINT('',#2724);
#1015=VERTEX_POINT('',#2726);
#1016=VERTEX_POINT('',#2731);
#1017=VERTEX_POINT('',#2732);
#1018=VERTEX_POINT('',#2737);
#1019=VERTEX_POINT('',#2738);
#1020=VERTEX_POINT('',#2740);
#1021=VERTEX_POINT('',#2742);
#1022=VERTEX_POINT('',#2746);
#1023=VERTEX_POINT('',#2747);
#1024=VERTEX_POINT('',#2752);
#1025=VERTEX_POINT('',#2753);
#1026=VERTEX_POINT('',#2758);
#1027=VERTEX_POINT('',#2759);
#1028=VERTEX_POINT('',#2764);
#1029=VERTEX_POINT('',#2765);
#1030=VERTEX_POINT('',#2773);
#1031=VERTEX_POINT('',#2774);
#1032=VERTEX_POINT('',#2776);
#1033=VERTEX_POINT('',#2778);
#1034=VERTEX_POINT('',#2781);
#1035=VERTEX_POINT('',#2784);
#1036=VERTEX_POINT('',#2785);
#1037=VERTEX_POINT('',#2787);
#1038=VERTEX_POINT('',#2790);
#1039=VERTEX_POINT('',#2792);
#1040=VERTEX_POINT('',#2794);
#1041=VERTEX_POINT('',#2796);
#1042=VERTEX_POINT('',#2799);
#1043=VERTEX_POINT('',#2801);
#1044=VERTEX_POINT('',#2803);
#1045=VERTEX_POINT('',#2806);
#1046=VERTEX_POINT('',#2808);
#1047=VERTEX_POINT('',#2823);
#1048=VERTEX_POINT('',#2824);
#1049=VERTEX_POINT('',#2834);
#1050=VERTEX_POINT('',#2836);
#1051=VERTEX_POINT('',#2840);
#1052=VERTEX_POINT('',#2841);
#1053=VERTEX_POINT('',#2859);
#1054=VERTEX_POINT('',#2860);
#1055=VERTEX_POINT('',#2862);
#1056=VERTEX_POINT('',#2866);
#1057=VERTEX_POINT('',#2879);
#1058=VERTEX_POINT('',#2881);
#1059=VERTEX_POINT('',#2896);
#1060=VERTEX_POINT('',#2898);
#1061=VERTEX_POINT('',#2904);
#1062=VERTEX_POINT('',#2906);
#1063=VERTEX_POINT('',#2910);
#1064=VERTEX_POINT('',#2912);
#1065=VERTEX_POINT('',#2916);
#1066=VERTEX_POINT('',#2918);
#1067=VERTEX_POINT('',#2922);
#1068=VERTEX_POINT('',#2924);
#1069=VERTEX_POINT('',#2928);
#1070=VERTEX_POINT('',#2932);
#1071=VERTEX_POINT('',#2943);
#1072=VERTEX_POINT('',#2956);
#1073=VERTEX_POINT('',#2969);
#1074=VERTEX_POINT('',#2982);
#1075=VERTEX_POINT('',#2988);
#1076=VERTEX_POINT('',#2992);
#1077=VERTEX_POINT('',#2996);
#1078=VERTEX_POINT('',#3000);
#1079=VERTEX_POINT('',#3021);
#1080=VERTEX_POINT('',#3023);
#1081=VERTEX_POINT('',#3027);
#1082=VERTEX_POINT('',#3031);
#1083=VERTEX_POINT('',#3035);
#1084=VERTEX_POINT('',#3039);
#1085=VERTEX_POINT('',#3043);
#1086=VERTEX_POINT('',#3047);
#1087=VERTEX_POINT('',#3051);
#1088=VERTEX_POINT('',#3055);
#1089=VERTEX_POINT('',#3059);
#1090=VERTEX_POINT('',#3063);
#1091=LINE('',#2486,#1281);
#1092=LINE('',#2489,#1282);
#1093=LINE('',#2491,#1283);
#1094=LINE('',#2495,#1284);
#1095=LINE('',#2499,#1285);
#1096=LINE('',#2503,#1286);
#1097=LINE('',#2505,#1287);
#1098=LINE('',#2507,#1288);
#1099=LINE('',#2511,#1289);
#1100=LINE('',#2515,#1290);
#1101=LINE('',#2518,#1291);
#1102=LINE('',#2521,#1292);
#1103=LINE('',#2523,#1293);
#1104=LINE('',#2525,#1294);
#1105=LINE('',#2527,#1295);
#1106=LINE('',#2529,#1296);
#1107=LINE('',#2531,#1297);
#1108=LINE('',#2549,#1298);
#1109=LINE('',#2550,#1299);
#1110=LINE('',#2553,#1300);
#1111=LINE('',#2555,#1301);
#1112=LINE('',#2557,#1302);
#1113=LINE('',#2559,#1303);
#1114=LINE('',#2561,#1304);
#1115=LINE('',#2563,#1305);
#1116=LINE('',#2565,#1306);
#1117=LINE('',#2567,#1307);
#1118=LINE('',#2569,#1308);
#1119=LINE('',#2571,#1309);
#1120=LINE('',#2573,#1310);
#1121=LINE('',#2575,#1311);
#1122=LINE('',#2578,#1312);
#1123=LINE('',#2580,#1313);
#1124=LINE('',#2582,#1314);
#1125=LINE('',#2588,#1315);
#1126=LINE('',#2590,#1316);
#1127=LINE('',#2592,#1317);
#1128=LINE('',#2594,#1318);
#1129=LINE('',#2596,#1319);
#1130=LINE('',#2599,#1320);
#1131=LINE('',#2600,#1321);
#1132=LINE('',#2602,#1322);
#1133=LINE('',#2605,#1323);
#1134=LINE('',#2606,#1324);
#1135=LINE('',#2612,#1325);
#1136=LINE('',#2614,#1326);
#1137=LINE('',#2616,#1327);
#1138=LINE('',#2618,#1328);
#1139=LINE('',#2624,#1329);
#1140=LINE('',#2626,#1330);
#1141=LINE('',#2628,#1331);
#1142=LINE('',#2630,#1332);
#1143=LINE('',#2636,#1333);
#1144=LINE('',#2638,#1334);
#1145=LINE('',#2641,#1335);
#1146=LINE('',#2642,#1336);
#1147=LINE('',#2644,#1337);
#1148=LINE('',#2646,#1338);
#1149=LINE('',#2648,#1339);
#1150=LINE('',#2650,#1340);
#1151=LINE('',#2652,#1341);
#1152=LINE('',#2654,#1342);
#1153=LINE('',#2660,#1343);
#1154=LINE('',#2662,#1344);
#1155=LINE('',#2665,#1345);
#1156=LINE('',#2666,#1346);
#1157=LINE('',#2668,#1347);
#1158=LINE('',#2671,#1348);
#1159=LINE('',#2673,#1349);
#1160=LINE('',#2679,#1350);
#1161=LINE('',#2681,#1351);
#1162=LINE('',#2685,#1352);
#1163=LINE('',#2688,#1353);
#1164=LINE('',#2690,#1354);
#1165=LINE('',#2692,#1355);
#1166=LINE('',#2694,#1356);
#1167=LINE('',#2697,#1357);
#1168=LINE('',#2699,#1358);
#1169=LINE('',#2701,#1359);
#1170=LINE('',#2703,#1360);
#1171=LINE('',#2708,#1361);
#1172=LINE('',#2710,#1362);
#1173=LINE('',#2712,#1363);
#1174=LINE('',#2716,#1364);
#1175=LINE('',#2718,#1365);
#1176=LINE('',#2720,#1366);
#1177=LINE('',#2722,#1367);
#1178=LINE('',#2727,#1368);
#1179=LINE('',#2730,#1369);
#1180=LINE('',#2733,#1370);
#1181=LINE('',#2734,#1371);
#1182=LINE('',#2736,#1372);
#1183=LINE('',#2739,#1373);
#1184=LINE('',#2741,#1374);
#1185=LINE('',#2743,#1375);
#1186=LINE('',#2745,#1376);
#1187=LINE('',#2751,#1377);
#1188=LINE('',#2754,#1378);
#1189=LINE('',#2755,#1379);
#1190=LINE('',#2757,#1380);
#1191=LINE('',#2763,#1381);
#1192=LINE('',#2766,#1382);
#1193=LINE('',#2767,#1383);
#1194=LINE('',#2772,#1384);
#1195=LINE('',#2775,#1385);
#1196=LINE('',#2779,#1386);
#1197=LINE('',#2783,#1387);
#1198=LINE('',#2788,#1388);
#1199=LINE('',#2789,#1389);
#1200=LINE('',#2791,#1390);
#1201=LINE('',#2795,#1391);
#1202=LINE('',#2797,#1392);
#1203=LINE('',#2798,#1393);
#1204=LINE('',#2802,#1394);
#1205=LINE('',#2810,#1395);
#1206=LINE('',#2811,#1396);
#1207=LINE('',#2812,#1397);
#1208=LINE('',#2814,#1398);
#1209=LINE('',#2816,#1399);
#1210=LINE('',#2819,#1400);
#1211=LINE('',#2820,#1401);
#1212=LINE('',#2822,#1402);
#1213=LINE('',#2825,#1403);
#1214=LINE('',#2826,#1404);
#1215=LINE('',#2827,#1405);
#1216=LINE('',#2829,#1406);
#1217=LINE('',#2830,#1407);
#1218=LINE('',#2833,#1408);
#1219=LINE('',#2835,#1409);
#1220=LINE('',#2837,#1410);
#1221=LINE('',#2839,#1411);
#1222=LINE('',#2842,#1412);
#1223=LINE('',#2843,#1413);
#1224=LINE('',#2861,#1414);
#1225=LINE('',#2867,#1415);
#1226=LINE('',#2880,#1416);
#1227=LINE('',#2897,#1417);
#1228=LINE('',#2903,#1418);
#1229=LINE('',#2905,#1419);
#1230=LINE('',#2907,#1420);
#1231=LINE('',#2909,#1421);
#1232=LINE('',#2911,#1422);
#1233=LINE('',#2913,#1423);
#1234=LINE('',#2915,#1424);
#1235=LINE('',#2917,#1425);
#1236=LINE('',#2919,#1426);
#1237=LINE('',#2921,#1427);
#1238=LINE('',#2923,#1428);
#1239=LINE('',#2925,#1429);
#1240=LINE('',#2927,#1430);
#1241=LINE('',#2929,#1431);
#1242=LINE('',#2931,#1432);
#1243=LINE('',#2933,#1433);
#1244=LINE('',#2942,#1434);
#1245=LINE('',#2955,#1435);
#1246=LINE('',#2968,#1436);
#1247=LINE('',#2981,#1437);
#1248=LINE('',#2987,#1438);
#1249=LINE('',#2989,#1439);
#1250=LINE('',#2991,#1440);
#1251=LINE('',#2993,#1441);
#1252=LINE('',#2995,#1442);
#1253=LINE('',#2997,#1443);
#1254=LINE('',#2999,#1444);
#1255=LINE('',#3001,#1445);
#1256=LINE('',#3003,#1446);
#1257=LINE('',#3020,#1447);
#1258=LINE('',#3022,#1448);
#1259=LINE('',#3024,#1449);
#1260=LINE('',#3026,#1450);
#1261=LINE('',#3028,#1451);
#1262=LINE('',#3030,#1452);
#1263=LINE('',#3032,#1453);
#1264=LINE('',#3034,#1454);
#1265=LINE('',#3036,#1455);
#1266=LINE('',#3038,#1456);
#1267=LINE('',#3040,#1457);
#1268=LINE('',#3042,#1458);
#1269=LINE('',#3044,#1459);
#1270=LINE('',#3046,#1460);
#1271=LINE('',#3048,#1461);
#1272=LINE('',#3050,#1462);
#1273=LINE('',#3052,#1463);
#1274=LINE('',#3054,#1464);
#1275=LINE('',#3056,#1465);
#1276=LINE('',#3058,#1466);
#1277=LINE('',#3060,#1467);
#1278=LINE('',#3062,#1468);
#1279=LINE('',#3064,#1469);
#1280=LINE('',#3066,#1470);
#1281=VECTOR('',#2010,1.);
#1282=VECTOR('',#2011,1.);
#1283=VECTOR('',#2012,1.);
#1284=VECTOR('',#2015,1.);
#1285=VECTOR('',#2018,1.);
#1286=VECTOR('',#2021,1.);
#1287=VECTOR('',#2022,1.);
#1288=VECTOR('',#2023,1.);
#1289=VECTOR('',#2026,1.);
#1290=VECTOR('',#2029,1.);
#1291=VECTOR('',#2032,1.);
#1292=VECTOR('',#2033,1.);
#1293=VECTOR('',#2034,1.);
#1294=VECTOR('',#2035,1.);
#1295=VECTOR('',#2036,1.);
#1296=VECTOR('',#2037,1.);
#1297=VECTOR('',#2038,1.);
#1298=VECTOR('',#2039,1.);
#1299=VECTOR('',#2040,1.);
#1300=VECTOR('',#2041,1.);
#1301=VECTOR('',#2042,1.);
#1302=VECTOR('',#2043,1.);
#1303=VECTOR('',#2044,1.);
#1304=VECTOR('',#2045,1.);
#1305=VECTOR('',#2046,1.);
#1306=VECTOR('',#2047,1.);
#1307=VECTOR('',#2048,1.);
#1308=VECTOR('',#2049,1.);
#1309=VECTOR('',#2050,1.);
#1310=VECTOR('',#2051,1.);
#1311=VECTOR('',#2054,1.);
#1312=VECTOR('',#2055,1.);
#1313=VECTOR('',#2056,1.);
#1314=VECTOR('',#2057,1.);
#1315=VECTOR('',#2064,1.);
#1316=VECTOR('',#2067,1.);
#1317=VECTOR('',#2068,1.);
#1318=VECTOR('',#2069,1.);
#1319=VECTOR('',#2072,1.);
#1320=VECTOR('',#2073,1.);
#1321=VECTOR('',#2074,1.);
#1322=VECTOR('',#2077,1.);
#1323=VECTOR('',#2078,1.);
#1324=VECTOR('',#2079,1.);
#1325=VECTOR('',#2086,1.);
#1326=VECTOR('',#2089,1.);
#1327=VECTOR('',#2090,1.);
#1328=VECTOR('',#2091,1.);
#1329=VECTOR('',#2098,1.);
#1330=VECTOR('',#2101,1.);
#1331=VECTOR('',#2102,1.);
#1332=VECTOR('',#2103,1.);
#1333=VECTOR('',#2110,1.);
#1334=VECTOR('',#2113,1.);
#1335=VECTOR('',#2114,1.);
#1336=VECTOR('',#2115,1.);
#1337=VECTOR('',#2118,1.);
#1338=VECTOR('',#2119,1.);
#1339=VECTOR('',#2120,1.);
#1340=VECTOR('',#2123,1.);
#1341=VECTOR('',#2124,1.);
#1342=VECTOR('',#2125,1.);
#1343=VECTOR('',#2132,1.);
#1344=VECTOR('',#2135,1.);
#1345=VECTOR('',#2136,1.);
#1346=VECTOR('',#2137,1.);
#1347=VECTOR('',#2140,1.);
#1348=VECTOR('',#2141,1.);
#1349=VECTOR('',#2142,1.);
#1350=VECTOR('',#2149,1.);
#1351=VECTOR('',#2150,1.);
#1352=VECTOR('',#2155,1.);
#1353=VECTOR('',#2156,1.);
#1354=VECTOR('',#2157,1.);
#1355=VECTOR('',#2158,1.);
#1356=VECTOR('',#2161,1.);
#1357=VECTOR('',#2162,1.);
#1358=VECTOR('',#2163,1.);
#1359=VECTOR('',#2164,1.);
#1360=VECTOR('',#2167,1.);
#1361=VECTOR('',#2172,1.);
#1362=VECTOR('',#2175,1.);
#1363=VECTOR('',#2176,1.);
#1364=VECTOR('',#2181,1.);
#1365=VECTOR('',#2184,1.);
#1366=VECTOR('',#2185,1.);
#1367=VECTOR('',#2188,1.);
#1368=VECTOR('',#2191,1.);
#1369=VECTOR('',#2196,1.);
#1370=VECTOR('',#2197,1.);
#1371=VECTOR('',#2198,1.);
#1372=VECTOR('',#2201,1.);
#1373=VECTOR('',#2202,1.);
#1374=VECTOR('',#2203,1.);
#1375=VECTOR('',#2204,1.);
#1376=VECTOR('',#2207,1.);
#1377=VECTOR('',#2214,1.);
#1378=VECTOR('',#2215,1.);
#1379=VECTOR('',#2216,1.);
#1380=VECTOR('',#2219,1.);
#1381=VECTOR('',#2226,1.);
#1382=VECTOR('',#2227,1.);
#1383=VECTOR('',#2228,1.);
#1384=VECTOR('',#2237,1.);
#1385=VECTOR('',#2238,1.);
#1386=VECTOR('',#2241,1.);
#1387=VECTOR('',#2246,1.);
#1388=VECTOR('',#2249,1.);
#1389=VECTOR('',#2250,1.);
#1390=VECTOR('',#2251,1.);
#1391=VECTOR('',#2254,1.);
#1392=VECTOR('',#2255,1.);
#1393=VECTOR('',#2256,1.);
#1394=VECTOR('',#2259,1.);
#1395=VECTOR('',#2268,1.);
#1396=VECTOR('',#2269,1.);
#1397=VECTOR('',#2270,1.);
#1398=VECTOR('',#2273,1.);
#1399=VECTOR('',#2276,1.);
#1400=VECTOR('',#2281,1.);
#1401=VECTOR('',#2282,1.);
#1402=VECTOR('',#2285,1.);
#1403=VECTOR('',#2286,1.);
#1404=VECTOR('',#2287,1.);
#1405=VECTOR('',#2288,1.);
#1406=VECTOR('',#2291,1.);
#1407=VECTOR('',#2292,1.);
#1408=VECTOR('',#2297,1.);
#1409=VECTOR('',#2298,1.);
#1410=VECTOR('',#2299,1.);
#1411=VECTOR('',#2302,1.);
#1412=VECTOR('',#2303,1.);
#1413=VECTOR('',#2304,1.);
#1414=VECTOR('',#2313,1.);
#1415=VECTOR('',#2314,1.);
#1416=VECTOR('',#2315,1.);
#1417=VECTOR('',#2316,1.);
#1418=VECTOR('',#2319,1.);
#1419=VECTOR('',#2320,1.);
#1420=VECTOR('',#2321,1.);
#1421=VECTOR('',#2324,1.);
#1422=VECTOR('',#2325,1.);
#1423=VECTOR('',#2326,1.);
#1424=VECTOR('',#2329,1.);
#1425=VECTOR('',#2330,1.);
#1426=VECTOR('',#2331,1.);
#1427=VECTOR('',#2334,1.);
#1428=VECTOR('',#2335,1.);
#1429=VECTOR('',#2336,1.);
#1430=VECTOR('',#2339,1.);
#1431=VECTOR('',#2340,1.);
#1432=VECTOR('',#2343,1.);
#1433=VECTOR('',#2344,1.);
#1434=VECTOR('',#2345,1.);
#1435=VECTOR('',#2346,1.);
#1436=VECTOR('',#2347,1.);
#1437=VECTOR('',#2348,1.);
#1438=VECTOR('',#2351,1.);
#1439=VECTOR('',#2352,1.);
#1440=VECTOR('',#2355,1.);
#1441=VECTOR('',#2356,1.);
#1442=VECTOR('',#2359,1.);
#1443=VECTOR('',#2360,1.);
#1444=VECTOR('',#2363,1.);
#1445=VECTOR('',#2364,1.);
#1446=VECTOR('',#2367,1.);
#1447=VECTOR('',#2372,1.);
#1448=VECTOR('',#2373,1.);
#1449=VECTOR('',#2374,1.);
#1450=VECTOR('',#2377,1.);
#1451=VECTOR('',#2378,1.);
#1452=VECTOR('',#2381,1.);
#1453=VECTOR('',#2382,1.);
#1454=VECTOR('',#2385,1.);
#1455=VECTOR('',#2386,1.);
#1456=VECTOR('',#2389,1.);
#1457=VECTOR('',#2390,1.);
#1458=VECTOR('',#2393,1.);
#1459=VECTOR('',#2394,1.);
#1460=VECTOR('',#2397,1.);
#1461=VECTOR('',#2398,1.);
#1462=VECTOR('',#2401,1.);
#1463=VECTOR('',#2402,1.);
#1464=VECTOR('',#2405,1.);
#1465=VECTOR('',#2406,1.);
#1466=VECTOR('',#2409,1.);
#1467=VECTOR('',#2410,1.);
#1468=VECTOR('',#2413,1.);
#1469=VECTOR('',#2414,1.);
#1470=VECTOR('',#2417,1.);
#1471=EDGE_LOOP('',(#129,#130,#131,#132,#133,#134,#135,#136,#137,#138,#139,#140,#141,#142,#143,#144));
#1472=EDGE_LOOP('',(#145,#146,#147,#148,#149,#150,#151,#152,#153,#154,#155,#156));
#1473=EDGE_LOOP('',(#157,#158,#159,#160,#161,#162,#163,#164,#165,#166,#167,#168));
#1474=EDGE_LOOP('',(#169,#170,#171,#172));
#1475=EDGE_LOOP('',(#173,#174,#175,#176));
#1476=EDGE_LOOP('',(#177,#178,#179,#180));
#1477=EDGE_LOOP('',(#181,#182,#183,#184));
#1478=EDGE_LOOP('',(#185,#186,#187,#188));
#1479=EDGE_LOOP('',(#189,#190,#191,#192));
#1480=EDGE_LOOP('',(#193,#194,#195,#196));
#1481=EDGE_LOOP('',(#197,#198,#199,#200));
#1482=EDGE_LOOP('',(#201,#202,#203,#204));
#1483=EDGE_LOOP('',(#205,#206,#207,#208));
#1484=EDGE_LOOP('',(#209,#210,#211,#212));
#1485=EDGE_LOOP('',(#213,#214,#215,#216));
#1486=EDGE_LOOP('',(#217,#218,#219,#220));
#1487=EDGE_LOOP('',(#221,#222,#223,#224));
#1488=EDGE_LOOP('',(#225,#226,#227,#228));
#1489=EDGE_LOOP('',(#229,#230,#231,#232));
#1490=EDGE_LOOP('',(#233));
#1491=EDGE_LOOP('',(#234,#235,#236,#237,#238,#239,#240,#241,#242,#243,#244,#245,#246,#247,#248,#249,#250,#251));
#1492=EDGE_LOOP('',(#252,#253,#254,#255));
#1493=EDGE_LOOP('',(#256,#257,#258,#259));
#1494=EDGE_LOOP('',(#260,#261,#262,#263,#264,#265));
#1495=EDGE_LOOP('',(#266,#267,#268,#269));
#1496=EDGE_LOOP('',(#270,#271,#272,#273));
#1497=EDGE_LOOP('',(#274,#275,#276,#277));
#1498=EDGE_LOOP('',(#278,#279,#280,#281,#282,#283));
#1499=EDGE_LOOP('',(#284,#285,#286,#287));
#1500=EDGE_LOOP('',(#288,#289,#290,#291));
#1501=EDGE_LOOP('',(#292,#293,#294,#295));
#1502=EDGE_LOOP('',(#296,#297,#298,#299));
#1503=EDGE_LOOP('',(#300,#301,#302,#303));
#1504=EDGE_LOOP('',(#304,#305,#306,#307));
#1505=EDGE_LOOP('',(#308,#309,#310,#311));
#1506=EDGE_LOOP('',(#312,#313,#314,#315));
#1507=EDGE_LOOP('',(#316));
#1508=EDGE_LOOP('',(#317,#318,#319,#320,#321,#322,#323,#324,#325,#326,#327,#328,#329,#330,#331,#332,#333,#334,#335,#336,#337,#338,#339,#340,#341,#342));
#1509=EDGE_LOOP('',(#343));
#1510=EDGE_LOOP('',(#344));
#1511=EDGE_LOOP('',(#345,#346,#347,#348,#349,#350,#351,#352));
#1512=EDGE_LOOP('',(#353,#354,#355,#356));
#1513=EDGE_LOOP('',(#357,#358,#359,#360));
#1514=EDGE_LOOP('',(#361,#362,#363,#364));
#1515=EDGE_LOOP('',(#365,#366,#367,#368));
#1516=EDGE_LOOP('',(#369,#370,#371,#372,#373,#374,#375,#376));
#1517=EDGE_LOOP('',(#377,#378,#379,#380));
#1518=EDGE_LOOP('',(#381,#382,#383,#384));
#1519=EDGE_LOOP('',(#385,#386,#387,#388));
#1520=EDGE_LOOP('',(#389,#390,#391,#392));
#1521=EDGE_LOOP('',(#393,#394,#395,#396));
#1522=EDGE_LOOP('',(#397,#398,#399,#400,#401,#402,#403,#404,#405,#406,#407,#408,#409,#410,#411,#412,#413,#414));
#1523=EDGE_LOOP('',(#415,#416,#417,#418));
#1524=EDGE_LOOP('',(#419,#420,#421,#422));
#1525=EDGE_LOOP('',(#423,#424,#425,#426));
#1526=EDGE_LOOP('',(#427,#428,#429,#430));
#1527=EDGE_LOOP('',(#431,#432,#433,#434));
#1528=EDGE_LOOP('',(#435,#436,#437,#438));
#1529=EDGE_LOOP('',(#439,#440,#441,#442));
#1530=EDGE_LOOP('',(#443,#444,#445,#446));
#1531=EDGE_LOOP('',(#447,#448,#449,#450));
#1532=EDGE_LOOP('',(#451,#452,#453,#454));
#1533=EDGE_LOOP('',(#455,#456,#457,#458));
#1534=EDGE_LOOP('',(#459,#460,#461,#462));
#1535=EDGE_LOOP('',(#463,#464,#465,#466));
#1536=EDGE_LOOP('',(#467,#468,#469,#470));
#1537=EDGE_LOOP('',(#471,#472,#473,#474));
#1538=EDGE_LOOP('',(#475,#476,#477,#478));
#1539=EDGE_LOOP('',(#479,#480,#481,#482));
#1540=EDGE_LOOP('',(#483,#484,#485,#486));
#1541=EDGE_LOOP('',(#487,#488,#489,#490));
#1542=EDGE_LOOP('',(#491,#492,#493,#494,#495,#496,#497,#498,#499,#500,#501,#502));
#1543=EDGE_LOOP('',(#503,#504,#505,#506,#507,#508,#509));
#1544=EDGE_LOOP('',(#510,#511,#512,#513));
#1545=EDGE_LOOP('',(#514,#515,#516,#517));
#1546=EDGE_LOOP('',(#518,#519,#520,#521));
#1547=EDGE_LOOP('',(#522,#523,#524,#525));
#1548=EDGE_LOOP('',(#526,#527,#528,#529));
#1549=EDGE_LOOP('',(#530,#531,#532,#533));
#1550=EDGE_LOOP('',(#534,#535,#536,#537));
#1551=EDGE_LOOP('',(#538,#539,#540,#541));
#1552=EDGE_LOOP('',(#542,#543,#544,#545));
#1553=EDGE_LOOP('',(#546,#547,#548,#549));
#1554=EDGE_LOOP('',(#550,#551,#552,#553));
#1555=EDGE_LOOP('',(#554,#555,#556,#557));
#1556=EDGE_LOOP('',(#558,#559,#560,#561,#562,#563,#564,#565,#566,#567,#568,#569));
#1557=EDGE_LOOP('',(#570,#571,#572,#573,#574,#575,#576));
#1558=EDGE_LOOP('',(#577,#578,#579,#580));
#1559=EDGE_LOOP('',(#581,#582,#583,#584));
#1560=EDGE_LOOP('',(#585,#586,#587,#588));
#1561=EDGE_LOOP('',(#589,#590,#591,#592));
#1562=EDGE_LOOP('',(#593,#594,#595,#596));
#1563=EDGE_LOOP('',(#597,#598,#599,#600));
#1564=EDGE_LOOP('',(#601,#602,#603,#604));
#1565=EDGE_LOOP('',(#605,#606,#607,#608));
#1566=EDGE_LOOP('',(#609,#610,#611,#612));
#1567=EDGE_LOOP('',(#613,#614,#615,#616));
#1568=EDGE_LOOP('',(#617,#618,#619,#620));
#1569=EDGE_LOOP('',(#621,#622,#623,#624));
#1570=EDGE_LOOP('',(#625,#626,#627,#628));
#1571=EDGE_LOOP('',(#629,#630,#631,#632));
#1572=EDGE_LOOP('',(#633,#634,#635,#636));
#1573=EDGE_LOOP('',(#637,#638,#639,#640));
#1574=EDGE_LOOP('',(#641,#642,#643,#644));
#1575=EDGE_LOOP('',(#645,#646,#647,#648));
#1576=EDGE_LOOP('',(#649,#650,#651,#652));
#1577=EDGE_LOOP('',(#653));
#1578=EDGE_LOOP('',(#654));
#1579=EDGE_LOOP('',(#655));
#1580=EDGE_LOOP('',(#656));
#1581=FACE_BOUND('',#1471,.T.);
#1582=FACE_BOUND('',#1472,.T.);
#1583=FACE_BOUND('',#1473,.T.);
#1584=FACE_BOUND('',#1474,.T.);
#1585=FACE_BOUND('',#1475,.T.);
#1586=FACE_BOUND('',#1476,.T.);
#1587=FACE_BOUND('',#1477,.T.);
#1588=FACE_BOUND('',#1478,.T.);
#1589=FACE_BOUND('',#1479,.T.);
#1590=FACE_BOUND('',#1480,.T.);
#1591=FACE_BOUND('',#1481,.T.);
#1592=FACE_BOUND('',#1482,.T.);
#1593=FACE_BOUND('',#1483,.T.);
#1594=FACE_BOUND('',#1484,.T.);
#1595=FACE_BOUND('',#1485,.T.);
#1596=FACE_BOUND('',#1486,.T.);
#1597=FACE_BOUND('',#1487,.T.);
#1598=FACE_BOUND('',#1488,.T.);
#1599=FACE_BOUND('',#1489,.T.);
#1600=FACE_BOUND('',#1490,.T.);
#1601=FACE_BOUND('',#1491,.T.);
#1602=FACE_BOUND('',#1492,.T.);
#1603=FACE_BOUND('',#1493,.T.);
#1604=FACE_BOUND('',#1494,.T.);
#1605=FACE_BOUND('',#1495,.T.);
#1606=FACE_BOUND('',#1496,.T.);
#1607=FACE_BOUND('',#1497,.T.);
#1608=FACE_BOUND('',#1498,.T.);
#1609=FACE_BOUND('',#1499,.T.);
#1610=FACE_BOUND('',#1500,.T.);
#1611=FACE_BOUND('',#1501,.T.);
#1612=FACE_BOUND('',#1502,.T.);
#1613=FACE_BOUND('',#1503,.T.);
#1614=FACE_BOUND('',#1504,.T.);
#1615=FACE_BOUND('',#1505,.T.);
#1616=FACE_BOUND('',#1506,.T.);
#1617=FACE_BOUND('',#1507,.T.);
#1618=FACE_BOUND('',#1508,.T.);
#1619=FACE_BOUND('',#1509,.T.);
#1620=FACE_BOUND('',#1510,.T.);
#1621=FACE_BOUND('',#1511,.T.);
#1622=FACE_BOUND('',#1512,.T.);
#1623=FACE_BOUND('',#1513,.T.);
#1624=FACE_BOUND('',#1514,.T.);
#1625=FACE_BOUND('',#1515,.T.);
#1626=FACE_BOUND('',#1516,.T.);
#1627=FACE_BOUND('',#1517,.T.);
#1628=FACE_BOUND('',#1518,.T.);
#1629=FACE_BOUND('',#1519,.T.);
#1630=FACE_BOUND('',#1520,.T.);
#1631=FACE_BOUND('',#1521,.T.);
#1632=FACE_BOUND('',#1522,.T.);
#1633=FACE_BOUND('',#1523,.T.);
#1634=FACE_BOUND('',#1524,.T.);
#1635=FACE_BOUND('',#1525,.T.);
#1636=FACE_BOUND('',#1526,.T.);
#1637=FACE_BOUND('',#1527,.T.);
#1638=FACE_BOUND('',#1528,.T.);
#1639=FACE_BOUND('',#1529,.T.);
#1640=FACE_BOUND('',#1530,.T.);
#1641=FACE_BOUND('',#1531,.T.);
#1642=FACE_BOUND('',#1532,.T.);
#1643=FACE_BOUND('',#1533,.T.);
#1644=FACE_BOUND('',#1534,.T.);
#1645=FACE_BOUND('',#1535,.T.);
#1646=FACE_BOUND('',#1536,.T.);
#1647=FACE_BOUND('',#1537,.T.);
#1648=FACE_BOUND('',#1538,.T.);
#1649=FACE_BOUND('',#1539,.T.);
#1650=FACE_BOUND('',#1540,.T.);
#1651=FACE_BOUND('',#1541,.T.);
#1652=FACE_BOUND('',#1542,.T.);
#1653=FACE_BOUND('',#1543,.T.);
#1654=FACE_BOUND('',#1544,.T.);
#1655=FACE_BOUND('',#1545,.T.);
#1656=FACE_BOUND('',#1546,.T.);
#1657=FACE_BOUND('',#1547,.T.);
#1658=FACE_BOUND('',#1548,.T.);
#1659=FACE_BOUND('',#1549,.T.);
#1660=FACE_BOUND('',#1550,.T.);
#1661=FACE_BOUND('',#1551,.T.);
#1662=FACE_BOUND('',#1552,.T.);
#1663=FACE_BOUND('',#1553,.T.);
#1664=FACE_BOUND('',#1554,.T.);
#1665=FACE_BOUND('',#1555,.T.);
#1666=FACE_BOUND('',#1556,.T.);
#1667=FACE_BOUND('',#1557,.T.);
#1668=FACE_BOUND('',#1558,.T.);
#1669=FACE_BOUND('',#1559,.T.);
#1670=FACE_BOUND('',#1560,.T.);
#1671=FACE_BOUND('',#1561,.T.);
#1672=FACE_BOUND('',#1562,.T.);
#1673=FACE_BOUND('',#1563,.T.);
#1674=FACE_BOUND('',#1564,.T.);
#1675=FACE_BOUND('',#1565,.T.);
#1676=FACE_BOUND('',#1566,.T.);
#1677=FACE_BOUND('',#1567,.T.);
#1678=FACE_BOUND('',#1568,.T.);
#1679=FACE_BOUND('',#1569,.T.);
#1680=FACE_BOUND('',#1570,.T.);
#1681=FACE_BOUND('',#1571,.T.);
#1682=FACE_BOUND('',#1572,.T.);
#1683=FACE_BOUND('',#1573,.T.);
#1684=FACE_BOUND('',#1574,.T.);
#1685=FACE_BOUND('',#1575,.T.);
#1686=FACE_BOUND('',#1576,.T.);
#1687=FACE_BOUND('',#1577,.T.);
#1688=FACE_BOUND('',#1578,.T.);
#1689=FACE_BOUND('',#1579,.T.);
#1690=FACE_BOUND('',#1580,.T.);
#1691=PLANE('',#1863);
#1692=PLANE('',#1870);
#1693=PLANE('',#1874);
#1694=PLANE('',#1875);
#1695=PLANE('',#1876);
#1696=PLANE('',#1880);
#1697=PLANE('',#1884);
#1698=PLANE('',#1888);
#1699=PLANE('',#1889);
#1700=PLANE('',#1890);
#1701=PLANE('',#1894);
#1702=PLANE('',#1895);
#1703=PLANE('',#1898);
#1704=PLANE('',#1900);
#1705=PLANE('',#1901);
#1706=PLANE('',#1905);
#1707=PLANE('',#1908);
#1708=PLANE('',#1912);
#1709=PLANE('',#1913);
#1710=PLANE('',#1917);
#1711=PLANE('',#1921);
#1712=PLANE('',#1925);
#1713=PLANE('',#1928);
#1714=PLANE('',#1935);
#1715=PLANE('',#1936);
#1716=PLANE('',#1938);
#1717=PLANE('',#1939);
#1718=PLANE('',#1940);
#1719=PLANE('',#1941);
#1720=PLANE('',#1943);
#1721=PLANE('',#1944);
#1722=PLANE('',#1948);
#1723=PLANE('',#1949);
#1724=PLANE('',#1950);
#1725=PLANE('',#1951);
#1726=PLANE('',#1952);
#1727=PLANE('',#1953);
#1728=PLANE('',#1954);
#1729=PLANE('',#1955);
#1730=PLANE('',#1956);
#1731=PLANE('',#1957);
#1732=PLANE('',#1958);
#1733=PLANE('',#1959);
#1734=PLANE('',#1960);
#1735=PLANE('',#1961);
#1736=PLANE('',#1962);
#1737=PLANE('',#1963);
#1738=PLANE('',#1964);
#1739=PLANE('',#1965);
#1740=PLANE('',#1966);
#1741=PLANE('',#1967);
#1742=PLANE('',#1968);
#1743=PLANE('',#1969);
#1744=PLANE('',#1970);
#1745=PLANE('',#1971);
#1746=PLANE('',#1972);
#1747=PLANE('',#1973);
#1748=PLANE('',#1974);
#1749=ADVANCED_FACE('',(#1581,#1582,#1583),#1691,.T.);
#1750=ADVANCED_FACE('',(#1584),#1692,.F.);
#1751=ADVANCED_FACE('',(#1585),#32,.F.);
#1752=ADVANCED_FACE('',(#1586),#1693,.F.);
#1753=ADVANCED_FACE('',(#1587),#1694,.T.);
#1754=ADVANCED_FACE('',(#1588),#1695,.T.);
#1755=ADVANCED_FACE('',(#1589),#33,.F.);
#1756=ADVANCED_FACE('',(#1590),#1696,.F.);
#1757=ADVANCED_FACE('',(#1591),#34,.T.);
#1758=ADVANCED_FACE('',(#1592),#1697,.F.);
#1759=ADVANCED_FACE('',(#1593),#35,.F.);
#1760=ADVANCED_FACE('',(#1594),#1698,.T.);
#1761=ADVANCED_FACE('',(#1595),#1699,.F.);
#1762=ADVANCED_FACE('',(#1596),#1700,.F.);
#1763=ADVANCED_FACE('',(#1597),#36,.F.);
#1764=ADVANCED_FACE('',(#1598),#1701,.T.);
#1765=ADVANCED_FACE('',(#1599,#1600),#1702,.T.);
#1766=ADVANCED_FACE('',(#1601),#1703,.T.);
#1767=ADVANCED_FACE('',(#1602),#1704,.T.);
#1768=ADVANCED_FACE('',(#1603),#1705,.F.);
#1769=ADVANCED_FACE('',(#1604),#37,.T.);
#1770=ADVANCED_FACE('',(#1605),#1706,.F.);
#1771=ADVANCED_FACE('',(#1606),#38,.F.);
#1772=ADVANCED_FACE('',(#1607),#1707,.F.);
#1773=ADVANCED_FACE('',(#1608),#39,.T.);
#1774=ADVANCED_FACE('',(#1609),#1708,.T.);
#1775=ADVANCED_FACE('',(#1610),#1709,.F.);
#1776=ADVANCED_FACE('',(#1611),#40,.T.);
#1777=ADVANCED_FACE('',(#1612),#1710,.T.);
#1778=ADVANCED_FACE('',(#1613),#41,.F.);
#1779=ADVANCED_FACE('',(#1614),#1711,.T.);
#1780=ADVANCED_FACE('',(#1615),#42,.T.);
#1781=ADVANCED_FACE('',(#1616,#1617),#1712,.T.);
#1782=ADVANCED_FACE('',(#1618,#1619,#1620),#1713,.F.);
#1783=ADVANCED_FACE('',(#1621),#1714,.F.);
#1784=ADVANCED_FACE('',(#1622),#1715,.F.);
#1785=ADVANCED_FACE('',(#1623),#43,.T.);
#1786=ADVANCED_FACE('',(#1624),#1716,.T.);
#1787=ADVANCED_FACE('',(#1625),#1717,.T.);
#1788=ADVANCED_FACE('',(#1626),#1718,.T.);
#1789=ADVANCED_FACE('',(#1627),#1719,.F.);
#1790=ADVANCED_FACE('',(#1628),#44,.T.);
#1791=ADVANCED_FACE('',(#1629),#1720,.T.);
#1792=ADVANCED_FACE('',(#1630),#1721,.T.);
#1793=ADVANCED_FACE('',(#1631),#45,.F.);
#1794=ADVANCED_FACE('',(#1632),#1722,.F.);
#1795=ADVANCED_FACE('',(#1633),#24,.T.);
#1796=ADVANCED_FACE('',(#1634),#25,.T.);
#1797=ADVANCED_FACE('',(#1635),#26,.T.);
#1798=ADVANCED_FACE('',(#1636),#1723,.T.);
#1799=ADVANCED_FACE('',(#1637),#1724,.T.);
#1800=ADVANCED_FACE('',(#1638),#1725,.T.);
#1801=ADVANCED_FACE('',(#1639),#1726,.T.);
#1802=ADVANCED_FACE('',(#1640),#1727,.T.);
#1803=ADVANCED_FACE('',(#1641),#1728,.T.);
#1804=ADVANCED_FACE('',(#1642),#27,.T.);
#1805=ADVANCED_FACE('',(#1643),#28,.T.);
#1806=ADVANCED_FACE('',(#1644),#29,.T.);
#1807=ADVANCED_FACE('',(#1645),#30,.T.);
#1808=ADVANCED_FACE('',(#1646),#1729,.T.);
#1809=ADVANCED_FACE('',(#1647),#1730,.T.);
#1810=ADVANCED_FACE('',(#1648),#1731,.T.);
#1811=ADVANCED_FACE('',(#1649),#1732,.T.);
#1812=ADVANCED_FACE('',(#1650),#1733,.T.);
#1813=ADVANCED_FACE('',(#1651),#31,.T.);
#1814=ADVANCED_FACE('',(#1652,#1653),#1734,.T.);
#1815=ADVANCED_FACE('',(#1654),#1735,.T.);
#1816=ADVANCED_FACE('',(#1655),#1736,.T.);
#1817=ADVANCED_FACE('',(#1656),#1737,.T.);
#1818=ADVANCED_FACE('',(#1657),#1738,.T.);
#1819=ADVANCED_FACE('',(#1658),#1739,.T.);
#1820=ADVANCED_FACE('',(#1659),#1740,.T.);
#1821=ADVANCED_FACE('',(#1660),#1741,.T.);
#1822=ADVANCED_FACE('',(#1661),#1742,.T.);
#1823=ADVANCED_FACE('',(#1662),#1743,.T.);
#1824=ADVANCED_FACE('',(#1663),#1744,.T.);
#1825=ADVANCED_FACE('',(#1664),#1745,.T.);
#1826=ADVANCED_FACE('',(#1665),#1746,.T.);
#1827=ADVANCED_FACE('',(#1666),#1747,.T.);
#1828=ADVANCED_FACE('',(#1667),#1748,.T.);
#1829=ADVANCED_FACE('',(#1668),#46,.T.);
#1830=ADVANCED_FACE('',(#1669),#12,.T.);
#1831=ADVANCED_FACE('',(#1670),#47,.T.);
#1832=ADVANCED_FACE('',(#1671),#48,.T.);
#1833=ADVANCED_FACE('',(#1672),#49,.T.);
#1834=ADVANCED_FACE('',(#1673),#13,.T.);
#1835=ADVANCED_FACE('',(#1674),#14,.T.);
#1836=ADVANCED_FACE('',(#1675),#50,.T.);
#1837=ADVANCED_FACE('',(#1676),#51,.T.);
#1838=ADVANCED_FACE('',(#1677),#15,.T.);
#1839=ADVANCED_FACE('',(#1678),#16,.T.);
#1840=ADVANCED_FACE('',(#1679),#52,.T.);
#1841=ADVANCED_FACE('',(#1680),#53,.T.);
#1842=ADVANCED_FACE('',(#1681),#54,.T.);
#1843=ADVANCED_FACE('',(#1682),#17,.T.);
#1844=ADVANCED_FACE('',(#1683),#55,.T.);
#1845=ADVANCED_FACE('',(#1684),#56,.F.);
#1846=ADVANCED_FACE('',(#1685),#57,.F.);
#1847=ADVANCED_FACE('',(#1686),#58,.F.);
#1848=ADVANCED_FACE('',(#1687,#1688),#59,.F.);
#1849=ADVANCED_FACE('',(#1689,#1690),#60,.F.);
#1850=CLOSED_SHELL('',(#1749,#1750,#1751,#1752,#1753,#1754,#1755,#1756,#1757,#1758,#1759,#1760,#1761,#1762,#1763,#1764,#1765,#1766,#1767,#1768,#1769,#1770,#1771,#1772,#1773,#1774,#1775,#1776,#1777,#1778,#1779,#1780,#1781,#1782,#1783,#1784,#1785,#1786,#1787,#1788,#1789,#1790,#1791,#1792,#1793,#1794,#1795,#1796,#1797,#1798,#1799,#1800,#1801,#1802,#1803,#1804,#1805,#1806,#1807,#1808,#1809,#1810,#1811,#1812,#1813,#1814,#1815,#1816,#1817,#1818,#1819,#1820,#1821,#1822,#1823,#1824,#1825,#1826,#1827,#1828,#1829,#1830,#1831,#1832,#1833,#1834,#1835,#1836,#1837,#1838,#1839,#1840,#1841,#1842,#1843,#1844,#1845,#1846,#1847,#1848,#1849));
#1851=STYLED_ITEM('',(#1852),#1859);
#1852=PRESENTATION_STYLE_ASSIGNMENT((#1853));
#1853=SURFACE_STYLE_USAGE(.BOTH.,#1854);
#1854=SURFACE_SIDE_STYLE('',(#1855));
#1855=SURFACE_STYLE_FILL_AREA(#1856);
#1856=FILL_AREA_STYLE('',(#1857));
#1857=FILL_AREA_STYLE_COLOUR('',#1858);
#1858=COLOUR_RGB('',0.0745098039215686,0.588235294117647,0.945098039215686);
#1859=MANIFOLD_SOLID_BREP('Part 3',#1850);
#1860=SHAPE_DEFINITION_REPRESENTATION(#3142,#1861);
#1861=SHAPE_REPRESENTATION('Part 3',(#1862),#3137);
#1862=AXIS2_PLACEMENT_3D('',#2484,#2006,#2007);
#1863=AXIS2_PLACEMENT_3D('',#2485,#2008,#2009);
#1864=AXIS2_PLACEMENT_3D('',#2493,#2013,#2014);
#1865=AXIS2_PLACEMENT_3D('',#2497,#2016,#2017);
#1866=AXIS2_PLACEMENT_3D('',#2501,#2019,#2020);
#1867=AXIS2_PLACEMENT_3D('',#2509,#2024,#2025);
#1868=AXIS2_PLACEMENT_3D('',#2513,#2027,#2028);
#1869=AXIS2_PLACEMENT_3D('',#2517,#2030,#2031);
#1870=AXIS2_PLACEMENT_3D('',#2574,#2052,#2053);
#1871=AXIS2_PLACEMENT_3D('',#2583,#2058,#2059);
#1872=AXIS2_PLACEMENT_3D('',#2584,#2060,#2061);
#1873=AXIS2_PLACEMENT_3D('',#2586,#2062,#2063);
#1874=AXIS2_PLACEMENT_3D('',#2589,#2065,#2066);
#1875=AXIS2_PLACEMENT_3D('',#2595,#2070,#2071);
#1876=AXIS2_PLACEMENT_3D('',#2601,#2075,#2076);
#1877=AXIS2_PLACEMENT_3D('',#2607,#2080,#2081);
#1878=AXIS2_PLACEMENT_3D('',#2608,#2082,#2083);
#1879=AXIS2_PLACEMENT_3D('',#2610,#2084,#2085);
#1880=AXIS2_PLACEMENT_3D('',#2613,#2087,#2088);
#1881=AXIS2_PLACEMENT_3D('',#2619,#2092,#2093);
#1882=AXIS2_PLACEMENT_3D('',#2620,#2094,#2095);
#1883=AXIS2_PLACEMENT_3D('',#2622,#2096,#2097);
#1884=AXIS2_PLACEMENT_3D('',#2625,#2099,#2100);
#1885=AXIS2_PLACEMENT_3D('',#2631,#2104,#2105);
#1886=AXIS2_PLACEMENT_3D('',#2632,#2106,#2107);
#1887=AXIS2_PLACEMENT_3D('',#2634,#2108,#2109);
#1888=AXIS2_PLACEMENT_3D('',#2637,#2111,#2112);
#1889=AXIS2_PLACEMENT_3D('',#2643,#2116,#2117);
#1890=AXIS2_PLACEMENT_3D('',#2649,#2121,#2122);
#1891=AXIS2_PLACEMENT_3D('',#2655,#2126,#2127);
#1892=AXIS2_PLACEMENT_3D('',#2656,#2128,#2129);
#1893=AXIS2_PLACEMENT_3D('',#2658,#2130,#2131);
#1894=AXIS2_PLACEMENT_3D('',#2661,#2133,#2134);
#1895=AXIS2_PLACEMENT_3D('',#2667,#2138,#2139);
#1896=AXIS2_PLACEMENT_3D('',#2675,#2143,#2144);
#1897=AXIS2_PLACEMENT_3D('',#2676,#2145,#2146);
#1898=AXIS2_PLACEMENT_3D('',#2678,#2147,#2148);
#1899=AXIS2_PLACEMENT_3D('',#2683,#2151,#2152);
#1900=AXIS2_PLACEMENT_3D('',#2684,#2153,#2154);
#1901=AXIS2_PLACEMENT_3D('',#2693,#2159,#2160);
#1902=AXIS2_PLACEMENT_3D('',#2702,#2165,#2166);
#1903=AXIS2_PLACEMENT_3D('',#2705,#2168,#2169);
#1904=AXIS2_PLACEMENT_3D('',#2706,#2170,#2171);
#1905=AXIS2_PLACEMENT_3D('',#2709,#2173,#2174);
#1906=AXIS2_PLACEMENT_3D('',#2713,#2177,#2178);
#1907=AXIS2_PLACEMENT_3D('',#2714,#2179,#2180);
#1908=AXIS2_PLACEMENT_3D('',#2717,#2182,#2183);
#1909=AXIS2_PLACEMENT_3D('',#2721,#2186,#2187);
#1910=AXIS2_PLACEMENT_3D('',#2725,#2189,#2190);
#1911=AXIS2_PLACEMENT_3D('',#2728,#2192,#2193);
#1912=AXIS2_PLACEMENT_3D('',#2729,#2194,#2195);
#1913=AXIS2_PLACEMENT_3D('',#2735,#2199,#2200);
#1914=AXIS2_PLACEMENT_3D('',#2744,#2205,#2206);
#1915=AXIS2_PLACEMENT_3D('',#2748,#2208,#2209);
#1916=AXIS2_PLACEMENT_3D('',#2749,#2210,#2211);
#1917=AXIS2_PLACEMENT_3D('',#2750,#2212,#2213);
#1918=AXIS2_PLACEMENT_3D('',#2756,#2217,#2218);
#1919=AXIS2_PLACEMENT_3D('',#2760,#2220,#2221);
#1920=AXIS2_PLACEMENT_3D('',#2761,#2222,#2223);
#1921=AXIS2_PLACEMENT_3D('',#2762,#2224,#2225);
#1922=AXIS2_PLACEMENT_3D('',#2768,#2229,#2230);
#1923=AXIS2_PLACEMENT_3D('',#2769,#2231,#2232);
#1924=AXIS2_PLACEMENT_3D('',#2770,#2233,#2234);
#1925=AXIS2_PLACEMENT_3D('',#2771,#2235,#2236);
#1926=AXIS2_PLACEMENT_3D('',#2777,#2239,#2240);
#1927=AXIS2_PLACEMENT_3D('',#2780,#2242,#2243);
#1928=AXIS2_PLACEMENT_3D('',#2782,#2244,#2245);
#1929=AXIS2_PLACEMENT_3D('',#2786,#2247,#2248);
#1930=AXIS2_PLACEMENT_3D('',#2793,#2252,#2253);
#1931=AXIS2_PLACEMENT_3D('',#2800,#2257,#2258);
#1932=AXIS2_PLACEMENT_3D('',#2804,#2260,#2261);
#1933=AXIS2_PLACEMENT_3D('',#2805,#2262,#2263);
#1934=AXIS2_PLACEMENT_3D('',#2807,#2264,#2265);
#1935=AXIS2_PLACEMENT_3D('',#2809,#2266,#2267);
#1936=AXIS2_PLACEMENT_3D('',#2813,#2271,#2272);
#1937=AXIS2_PLACEMENT_3D('',#2815,#2274,#2275);
#1938=AXIS2_PLACEMENT_3D('',#2817,#2277,#2278);
#1939=AXIS2_PLACEMENT_3D('',#2818,#2279,#2280);
#1940=AXIS2_PLACEMENT_3D('',#2821,#2283,#2284);
#1941=AXIS2_PLACEMENT_3D('',#2828,#2289,#2290);
#1942=AXIS2_PLACEMENT_3D('',#2831,#2293,#2294);
#1943=AXIS2_PLACEMENT_3D('',#2832,#2295,#2296);
#1944=AXIS2_PLACEMENT_3D('',#2838,#2300,#2301);
#1945=AXIS2_PLACEMENT_3D('',#2844,#2305,#2306);
#1946=AXIS2_PLACEMENT_3D('',#2845,#2307,#2308);
#1947=AXIS2_PLACEMENT_3D('',#2846,#2309,#2310);
#1948=AXIS2_PLACEMENT_3D('',#2847,#2311,#2312);
#1949=AXIS2_PLACEMENT_3D('',#2902,#2317,#2318);
#1950=AXIS2_PLACEMENT_3D('',#2908,#2322,#2323);
#1951=AXIS2_PLACEMENT_3D('',#2914,#2327,#2328);
#1952=AXIS2_PLACEMENT_3D('',#2920,#2332,#2333);
#1953=AXIS2_PLACEMENT_3D('',#2926,#2337,#2338);
#1954=AXIS2_PLACEMENT_3D('',#2930,#2341,#2342);
#1955=AXIS2_PLACEMENT_3D('',#2986,#2349,#2350);
#1956=AXIS2_PLACEMENT_3D('',#2990,#2353,#2354);
#1957=AXIS2_PLACEMENT_3D('',#2994,#2357,#2358);
#1958=AXIS2_PLACEMENT_3D('',#2998,#2361,#2362);
#1959=AXIS2_PLACEMENT_3D('',#3002,#2365,#2366);
#1960=AXIS2_PLACEMENT_3D('',#3018,#2368,#2369);
#1961=AXIS2_PLACEMENT_3D('',#3019,#2370,#2371);
#1962=AXIS2_PLACEMENT_3D('',#3025,#2375,#2376);
#1963=AXIS2_PLACEMENT_3D('',#3029,#2379,#2380);
#1964=AXIS2_PLACEMENT_3D('',#3033,#2383,#2384);
#1965=AXIS2_PLACEMENT_3D('',#3037,#2387,#2388);
#1966=AXIS2_PLACEMENT_3D('',#3041,#2391,#2392);
#1967=AXIS2_PLACEMENT_3D('',#3045,#2395,#2396);
#1968=AXIS2_PLACEMENT_3D('',#3049,#2399,#2400);
#1969=AXIS2_PLACEMENT_3D('',#3053,#2403,#2404);
#1970=AXIS2_PLACEMENT_3D('',#3057,#2407,#2408);
#1971=AXIS2_PLACEMENT_3D('',#3061,#2411,#2412);
#1972=AXIS2_PLACEMENT_3D('',#3065,#2415,#2416);
#1973=AXIS2_PLACEMENT_3D('',#3067,#2418,#2419);
#1974=AXIS2_PLACEMENT_3D('',#3068,#2420,#2421);
#1975=AXIS2_PLACEMENT_3D('',#3069,#2422,#2423);
#1976=AXIS2_PLACEMENT_3D('',#3070,#2424,#2425);
#1977=AXIS2_PLACEMENT_3D('',#3075,#2426,#2427);
#1978=AXIS2_PLACEMENT_3D('',#3081,#2428,#2429);
#1979=AXIS2_PLACEMENT_3D('',#3082,#2430,#2431);
#1980=AXIS2_PLACEMENT_3D('',#3083,#2432,#2433);
#1981=AXIS2_PLACEMENT_3D('',#3084,#2434,#2435);
#1982=AXIS2_PLACEMENT_3D('',#3085,#2436,#2437);
#1983=AXIS2_PLACEMENT_3D('',#3090,#2438,#2439);
#1984=AXIS2_PLACEMENT_3D('',#3091,#2440,#2441);
#1985=AXIS2_PLACEMENT_3D('',#3092,#2442,#2443);
#1986=AXIS2_PLACEMENT_3D('',#3098,#2444,#2445);
#1987=AXIS2_PLACEMENT_3D('',#3104,#2446,#2447);
#1988=AXIS2_PLACEMENT_3D('',#3105,#2448,#2449);
#1989=AXIS2_PLACEMENT_3D('',#3106,#2450,#2451);
#1990=AXIS2_PLACEMENT_3D('',#3111,#2452,#2453);
#1991=AXIS2_PLACEMENT_3D('',#3112,#2454,#2455);
#1992=AXIS2_PLACEMENT_3D('',#3113,#2456,#2457);
#1993=AXIS2_PLACEMENT_3D('',#3114,#2458,#2459);
#1994=AXIS2_PLACEMENT_3D('',#3115,#2460,#2461);
#1995=AXIS2_PLACEMENT_3D('',#3121,#2462,#2463);
#1996=AXIS2_PLACEMENT_3D('',#3122,#2464,#2465);
#1997=AXIS2_PLACEMENT_3D('',#3123,#2466,#2467);
#1998=AXIS2_PLACEMENT_3D('',#3128,#2468,#2469);
#1999=AXIS2_PLACEMENT_3D('',#3129,#2470,#2471);
#2000=AXIS2_PLACEMENT_3D('',#3130,#2472,#2473);
#2001=AXIS2_PLACEMENT_3D('',#3131,#2474,#2475);
#2002=AXIS2_PLACEMENT_3D('',#3132,#2476,#2477);
#2003=AXIS2_PLACEMENT_3D('',#3133,#2478,#2479);
#2004=AXIS2_PLACEMENT_3D('',#3134,#2480,#2481);
#2005=AXIS2_PLACEMENT_3D('',#3135,#2482,#2483);
#2006=DIRECTION('',(0.,0.,1.));
#2007=DIRECTION('',(1.,0.,0.));
#2008=DIRECTION('',(0.,0.,-1.));
#2009=DIRECTION('',(1.,0.,0.));
#2010=DIRECTION('',(0.604019119678045,0.796969825691889,0.));
#2011=DIRECTION('',(0.,1.,0.));
#2012=DIRECTION('',(0.604019119678045,-0.796969825691889,0.));
#2013=DIRECTION('',(0.,0.,-1.));
#2014=DIRECTION('',(-1.,0.,0.));
#2015=DIRECTION('',(0.604019119678045,-0.796969825691889,0.));
#2016=DIRECTION('',(0.,0.,-1.));
#2017=DIRECTION('',(-1.,0.,0.));
#2018=DIRECTION('',(0.604019119678045,0.796969825691889,0.));
#2019=DIRECTION('',(0.,0.,-1.));
#2020=DIRECTION('',(-1.,0.,0.));
#2021=DIRECTION('',(0.604019119678046,0.796969825691889,0.));
#2022=DIRECTION('',(2.34538826858337E-15,1.,0.));
#2023=DIRECTION('',(0.604019119678045,-0.796969825691889,0.));
#2024=DIRECTION('',(0.,0.,-1.));
#2025=DIRECTION('',(-1.,0.,0.));
#2026=DIRECTION('',(0.604019119678046,-0.796969825691889,0.));
#2027=DIRECTION('',(0.,0.,-1.));
#2028=DIRECTION('',(-1.,0.,0.));
#2029=DIRECTION('',(0.604019119678045,0.796969825691889,0.));
#2030=DIRECTION('',(0.,0.,-1.));
#2031=DIRECTION('',(-1.,0.,0.));
#2032=DIRECTION('',(0.,1.,0.));
#2033=DIRECTION('',(-0.847685534277085,0.530499043333137,0.));
#2034=DIRECTION('',(0.,1.,0.));
#2035=DIRECTION('',(1.,0.,0.));
#2036=DIRECTION('',(0.,1.,0.));
#2037=DIRECTION('',(-1.,0.,0.));
#2038=DIRECTION('',(0.,-1.,0.));
#2039=DIRECTION('',(0.835017957405312,-0.550222692017206,0.));
#2040=DIRECTION('',(0.,1.,0.));
#2041=DIRECTION('',(-0.824329193271064,0.566110749872388,0.));
#2042=DIRECTION('',(0.818732078241233,0.574175743182166,0.));
#2043=DIRECTION('',(0.,1.,0.));
#2044=DIRECTION('',(-0.806886832895149,-0.590706051179803,0.));
#2045=DIRECTION('',(-0.807132335996206,0.590370554981621,0.));
#2046=DIRECTION('',(0.,-1.,0.));
#2047=DIRECTION('',(0.815801738631828,-0.57833167235185,0.));
#2048=DIRECTION('',(-0.823374014292509,-0.567499103600913,0.));
#2049=DIRECTION('',(0.,-1.,0.));
#2050=DIRECTION('',(0.811843080494291,0.58387568253314,0.));
#2051=DIRECTION('',(0.816281469892237,-0.57765436197658,0.));
#2052=DIRECTION('',(-0.960626356119179,0.277843488189285,0.));
#2053=DIRECTION('',(-0.277843488189285,-0.960626356119179,0.));
#2054=DIRECTION('',(-0.277843488189285,-0.960626356119179,0.));
#2055=DIRECTION('',(0.,0.,1.));
#2056=DIRECTION('',(-0.277843488189285,-0.960626356119179,0.));
#2057=DIRECTION('',(0.,0.,1.));
#2058=DIRECTION('',(0.,0.,1.));
#2059=DIRECTION('',(1.,0.,0.));
#2060=DIRECTION('',(0.,0.,1.));
#2061=DIRECTION('',(-1.,0.,0.));
#2062=DIRECTION('',(0.,0.,1.));
#2063=DIRECTION('',(-1.,0.,0.));
#2064=DIRECTION('',(0.,0.,1.));
#2065=DIRECTION('',(-0.796969825691887,-0.604019119678047,0.));
#2066=DIRECTION('',(0.604019119678047,-0.796969825691887,0.));
#2067=DIRECTION('',(0.604019119678047,-0.796969825691887,0.));
#2068=DIRECTION('',(0.604019119678047,-0.796969825691887,0.));
#2069=DIRECTION('',(0.,0.,1.));
#2070=DIRECTION('',(1.,0.,0.));
#2071=DIRECTION('',(0.,0.,-1.));
#2072=DIRECTION('',(0.,0.,1.));
#2073=DIRECTION('',(0.,1.,0.));
#2074=DIRECTION('',(0.,1.,0.));
#2075=DIRECTION('',(0.796969825691889,-0.604019119678045,0.));
#2076=DIRECTION('',(0.604019119678045,0.796969825691889,0.));
#2077=DIRECTION('',(0.,0.,1.));
#2078=DIRECTION('',(0.604019119678045,0.796969825691889,0.));
#2079=DIRECTION('',(0.604019119678045,0.796969825691889,0.));
#2080=DIRECTION('',(0.,0.,1.));
#2081=DIRECTION('',(1.,0.,0.));
#2082=DIRECTION('',(0.,0.,1.));
#2083=DIRECTION('',(-1.,0.,0.));
#2084=DIRECTION('',(0.,0.,1.));
#2085=DIRECTION('',(-1.,0.,0.));
#2086=DIRECTION('',(0.,0.,1.));
#2087=DIRECTION('',(0.79696982569189,-0.604019119678044,0.));
#2088=DIRECTION('',(0.604019119678044,0.79696982569189,0.));
#2089=DIRECTION('',(0.604019119678044,0.79696982569189,0.));
#2090=DIRECTION('',(0.604019119678044,0.79696982569189,0.));
#2091=DIRECTION('',(0.,0.,1.));
#2092=DIRECTION('',(0.,0.,1.));
#2093=DIRECTION('',(1.,0.,0.));
#2094=DIRECTION('',(0.,0.,-1.));
#2095=DIRECTION('',(-1.,0.,0.));
#2096=DIRECTION('',(0.,0.,-1.));
#2097=DIRECTION('',(-1.,0.,0.));
#2098=DIRECTION('',(0.,0.,1.));
#2099=DIRECTION('',(-0.79696982569189,-0.604019119678044,0.));
#2100=DIRECTION('',(0.604019119678044,-0.79696982569189,0.));
#2101=DIRECTION('',(0.604019119678044,-0.79696982569189,0.));
#2102=DIRECTION('',(0.604019119678044,-0.79696982569189,0.));
#2103=DIRECTION('',(0.,0.,1.));
#2104=DIRECTION('',(0.,0.,1.));
#2105=DIRECTION('',(1.,0.,0.));
#2106=DIRECTION('',(0.,0.,1.));
#2107=DIRECTION('',(-1.,0.,0.));
#2108=DIRECTION('',(0.,0.,1.));
#2109=DIRECTION('',(-1.,0.,0.));
#2110=DIRECTION('',(0.,0.,1.));
#2111=DIRECTION('',(-0.796969825691889,-0.604019119678045,0.));
#2112=DIRECTION('',(0.604019119678045,-0.796969825691889,0.));
#2113=DIRECTION('',(0.,0.,1.));
#2114=DIRECTION('',(0.604019119678045,-0.796969825691889,0.));
#2115=DIRECTION('',(0.604019119678045,-0.796969825691889,0.));
#2116=DIRECTION('',(1.,-2.15851608375283E-15,0.));
#2117=DIRECTION('',(2.15851608375283E-15,1.,0.));
#2118=DIRECTION('',(2.15851608375283E-15,1.,0.));
#2119=DIRECTION('',(2.15851608375283E-15,1.,0.));
#2120=DIRECTION('',(0.,0.,1.));
#2121=DIRECTION('',(0.79696982569189,-0.604019119678043,0.));
#2122=DIRECTION('',(0.604019119678043,0.79696982569189,0.));
#2123=DIRECTION('',(0.604019119678043,0.79696982569189,0.));
#2124=DIRECTION('',(0.604019119678043,0.79696982569189,0.));
#2125=DIRECTION('',(0.,0.,1.));
#2126=DIRECTION('',(0.,0.,1.));
#2127=DIRECTION('',(1.,0.,0.));
#2128=DIRECTION('',(0.,0.,1.));
#2129=DIRECTION('',(-1.,0.,0.));
#2130=DIRECTION('',(0.,0.,1.));
#2131=DIRECTION('',(-1.,0.,0.));
#2132=DIRECTION('',(0.,0.,1.));
#2133=DIRECTION('',(-0.960626356119182,-0.277843488189274,0.));
#2134=DIRECTION('',(0.277843488189274,-0.960626356119182,0.));
#2135=DIRECTION('',(0.,0.,1.));
#2136=DIRECTION('',(0.277843488189274,-0.960626356119182,0.));
#2137=DIRECTION('',(0.277843488189274,-0.960626356119182,0.));
#2138=DIRECTION('',(0.,0.,-1.));
#2139=DIRECTION('',(1.,0.,0.));
#2140=DIRECTION('',(1.,-3.46919818712584E-15,0.));
#2141=DIRECTION('',(2.34538826858337E-15,1.,0.));
#2142=DIRECTION('',(1.,-3.46919818712584E-15,0.));
#2143=DIRECTION('',(0.,0.,-1.));
#2144=DIRECTION('',(-1.,0.,0.));
#2145=DIRECTION('',(0.,0.,-1.));
#2146=DIRECTION('',(-1.,0.,0.));
#2147=DIRECTION('',(0.,0.,-1.));
#2148=DIRECTION('',(1.,0.,0.));
#2149=DIRECTION('',(0.604019119678045,0.796969825691889,0.));
#2150=DIRECTION('',(0.604019119678045,-0.796969825691889,0.));
#2151=DIRECTION('',(0.,0.,1.));
#2152=DIRECTION('',(1.,0.,0.));
#2153=DIRECTION('',(-0.796969825691889,-0.604019119678045,0.));
#2154=DIRECTION('',(0.604019119678045,-0.796969825691889,0.));
#2155=DIRECTION('',(0.,0.,1.));
#2156=DIRECTION('',(0.604019119678045,-0.796969825691889,0.));
#2157=DIRECTION('',(0.,0.,1.));
#2158=DIRECTION('',(0.604019119678045,-0.796969825691889,0.));
#2159=DIRECTION('',(0.796969825691889,-0.604019119678045,0.));
#2160=DIRECTION('',(0.604019119678045,0.796969825691889,0.));
#2161=DIRECTION('',(0.,0.,1.));
#2162=DIRECTION('',(0.604019119678045,0.796969825691889,0.));
#2163=DIRECTION('',(0.,0.,1.));
#2164=DIRECTION('',(0.604019119678045,0.796969825691889,0.));
#2165=DIRECTION('',(0.,0.,1.));
#2166=DIRECTION('',(1.,0.,0.));
#2167=DIRECTION('',(0.,0.,1.));
#2168=DIRECTION('',(0.,0.,-1.));
#2169=DIRECTION('',(-1.,0.,0.));
#2170=DIRECTION('',(0.,0.,1.));
#2171=DIRECTION('',(1.,0.,0.));
#2172=DIRECTION('',(0.,0.,1.));
#2173=DIRECTION('',(-0.796969825691889,-0.604019119678045,0.));
#2174=DIRECTION('',(0.604019119678045,-0.796969825691889,0.));
#2175=DIRECTION('',(0.604019119678045,-0.796969825691889,0.));
#2176=DIRECTION('',(0.,0.,1.));
#2177=DIRECTION('',(0.,0.,1.));
#2178=DIRECTION('',(1.,0.,0.));
#2179=DIRECTION('',(0.,0.,1.));
#2180=DIRECTION('',(1.,0.,0.));
#2181=DIRECTION('',(0.,0.,1.));
#2182=DIRECTION('',(0.796969825691889,-0.604019119678045,0.));
#2183=DIRECTION('',(0.604019119678045,0.796969825691889,0.));
#2184=DIRECTION('',(0.604019119678045,0.796969825691889,0.));
#2185=DIRECTION('',(0.,0.,1.));
#2186=DIRECTION('',(0.,0.,1.));
#2187=DIRECTION('',(1.,0.,0.));
#2188=DIRECTION('',(0.,0.,1.));
#2189=DIRECTION('',(0.,0.,-1.));
#2190=DIRECTION('',(-1.,0.,0.));
#2191=DIRECTION('',(0.,0.,1.));
#2192=DIRECTION('',(0.,0.,1.));
#2193=DIRECTION('',(1.,0.,0.));
#2194=DIRECTION('',(0.796969825691888,-0.604019119678045,0.));
#2195=DIRECTION('',(0.604019119678046,0.796969825691889,0.));
#2196=DIRECTION('',(0.,0.,1.));
#2197=DIRECTION('',(0.604019119678046,0.796969825691889,0.));
#2198=DIRECTION('',(0.604019119678046,0.796969825691889,0.));
#2199=DIRECTION('',(-0.796969825691889,-0.604019119678045,0.));
#2200=DIRECTION('',(0.604019119678045,-0.796969825691889,0.));
#2201=DIRECTION('',(0.,0.,1.));
#2202=DIRECTION('',(0.604019119678045,-0.796969825691889,0.));
#2203=DIRECTION('',(0.,0.,1.));
#2204=DIRECTION('',(0.604019119678045,-0.796969825691889,0.));
#2205=DIRECTION('',(0.,0.,1.));
#2206=DIRECTION('',(1.,0.,0.));
#2207=DIRECTION('',(0.,0.,1.));
#2208=DIRECTION('',(0.,0.,-1.));
#2209=DIRECTION('',(-1.,0.,0.));
#2210=DIRECTION('',(0.,0.,1.));
#2211=DIRECTION('',(1.,0.,0.));
#2212=DIRECTION('',(-0.796969825691888,-0.604019119678045,0.));
#2213=DIRECTION('',(0.604019119678046,-0.796969825691889,0.));
#2214=DIRECTION('',(0.,0.,1.));
#2215=DIRECTION('',(0.604019119678046,-0.796969825691889,0.));
#2216=DIRECTION('',(0.604019119678046,-0.796969825691889,0.));
#2217=DIRECTION('',(0.,0.,1.));
#2218=DIRECTION('',(1.,0.,0.));
#2219=DIRECTION('',(0.,0.,1.));
#2220=DIRECTION('',(0.,0.,-1.));
#2221=DIRECTION('',(-1.,0.,0.));
#2222=DIRECTION('',(0.,0.,1.));
#2223=DIRECTION('',(1.,0.,0.));
#2224=DIRECTION('',(0.796969825691889,-0.604019119678045,0.));
#2225=DIRECTION('',(0.604019119678045,0.796969825691889,0.));
#2226=DIRECTION('',(0.,0.,1.));
#2227=DIRECTION('',(0.604019119678045,0.796969825691889,0.));
#2228=DIRECTION('',(0.604019119678045,0.796969825691889,0.));
#2229=DIRECTION('',(0.,0.,1.));
#2230=DIRECTION('',(1.,0.,0.));
#2231=DIRECTION('',(0.,0.,-1.));
#2232=DIRECTION('',(-1.,0.,0.));
#2233=DIRECTION('',(0.,0.,1.));
#2234=DIRECTION('',(1.,0.,0.));
#2235=DIRECTION('',(0.,0.,-1.));
#2236=DIRECTION('',(1.,0.,0.));
#2237=DIRECTION('',(0.,1.,0.));
#2238=DIRECTION('',(-1.,0.,0.));
#2239=DIRECTION('',(0.,0.,1.));
#2240=DIRECTION('',(-1.,0.,0.));
#2241=DIRECTION('',(-1.,0.,0.));
#2242=DIRECTION('',(0.,0.,-1.));
#2243=DIRECTION('',(-1.,0.,0.));
#2244=DIRECTION('',(0.,0.,-1.));
#2245=DIRECTION('',(1.,0.,0.));
#2246=DIRECTION('',(1.,-3.46919818712584E-15,0.));
#2247=DIRECTION('',(0.,0.,-1.));
#2248=DIRECTION('',(-1.,0.,0.));
#2249=DIRECTION('',(0.,1.,0.));
#2250=DIRECTION('',(0.,1.,0.));
#2251=DIRECTION('',(-1.,0.,0.));
#2252=DIRECTION('',(0.,0.,1.));
#2253=DIRECTION('',(-1.,0.,0.));
#2254=DIRECTION('',(-1.,0.,0.));
#2255=DIRECTION('',(0.,1.,0.));
#2256=DIRECTION('',(2.34538826858337E-15,1.,0.));
#2257=DIRECTION('',(0.,0.,-1.));
#2258=DIRECTION('',(-1.,0.,0.));
#2259=DIRECTION('',(1.,-3.46919818712584E-15,0.));
#2260=DIRECTION('',(0.,0.,-1.));
#2261=DIRECTION('',(-1.,0.,0.));
#2262=DIRECTION('',(0.,0.,1.));
#2263=DIRECTION('',(1.,0.,0.));
#2264=DIRECTION('',(0.,0.,1.));
#2265=DIRECTION('',(1.,0.,0.));
#2266=DIRECTION('',(1.,0.,0.));
#2267=DIRECTION('',(0.,0.,-1.));
#2268=DIRECTION('',(0.,1.,0.));
#2269=DIRECTION('',(0.,0.,1.));
#2270=DIRECTION('',(0.,0.,1.));
#2271=DIRECTION('',(0.,1.,0.));
#2272=DIRECTION('',(0.,0.,1.));
#2273=DIRECTION('',(0.,0.,1.));
#2274=DIRECTION('',(0.,0.,1.));
#2275=DIRECTION('',(1.,0.,0.));
#2276=DIRECTION('',(0.,0.,1.));
#2277=DIRECTION('',(0.,1.,0.));
#2278=DIRECTION('',(0.,0.,1.));
#2279=DIRECTION('',(-3.46919818712584E-15,-1.,0.));
#2280=DIRECTION('',(1.,-3.46919818712584E-15,0.));
#2281=DIRECTION('',(0.,0.,1.));
#2282=DIRECTION('',(0.,0.,1.));
#2283=DIRECTION('',(1.,-2.34538826858337E-15,0.));
#2284=DIRECTION('',(2.34538826858337E-15,1.,0.));
#2285=DIRECTION('',(2.34538826858337E-15,1.,0.));
#2286=DIRECTION('',(0.,0.,1.));
#2287=DIRECTION('',(2.34538826858337E-15,1.,0.));
#2288=DIRECTION('',(0.,0.,1.));
#2289=DIRECTION('',(-3.46919818712584E-15,-1.,0.));
#2290=DIRECTION('',(1.,-3.46919818712584E-15,0.));
#2291=DIRECTION('',(0.,0.,1.));
#2292=DIRECTION('',(0.,0.,1.));
#2293=DIRECTION('',(0.,0.,1.));
#2294=DIRECTION('',(1.,0.,0.));
#2295=DIRECTION('',(-0.796969825691889,0.604019119678045,0.));
#2296=DIRECTION('',(-0.604019119678045,-0.796969825691889,0.));
#2297=DIRECTION('',(0.604019119678045,0.796969825691889,0.));
#2298=DIRECTION('',(0.,0.,-1.));
#2299=DIRECTION('',(0.604019119678045,0.796969825691889,0.));
#2300=DIRECTION('',(0.796969825691889,0.604019119678045,0.));
#2301=DIRECTION('',(-0.604019119678045,0.796969825691889,0.));
#2302=DIRECTION('',(0.,0.,-1.));
#2303=DIRECTION('',(0.604019119678045,-0.796969825691889,0.));
#2304=DIRECTION('',(0.604019119678045,-0.796969825691889,0.));
#2305=DIRECTION('',(0.,0.,-1.));
#2306=DIRECTION('',(-1.,0.,0.));
#2307=DIRECTION('',(0.,0.,-1.));
#2308=DIRECTION('',(-1.,0.,0.));
#2309=DIRECTION('',(0.,0.,1.));
#2310=DIRECTION('',(1.,0.,0.));
#2311=DIRECTION('',(0.,0.,-1.));
#2312=DIRECTION('',(1.,0.,0.));
#2313=DIRECTION('',(0.,0.,-1.));
#2314=DIRECTION('',(0.,0.,-1.));
#2315=DIRECTION('',(0.,0.,-1.));
#2316=DIRECTION('',(0.,0.,-1.));
#2317=DIRECTION('',(1.,0.,0.));
#2318=DIRECTION('',(0.,0.,-1.));
#2319=DIRECTION('',(0.,-1.,0.));
#2320=DIRECTION('',(0.,0.,-1.));
#2321=DIRECTION('',(0.,-1.,0.));
#2322=DIRECTION('',(0.,1.,0.));
#2323=DIRECTION('',(0.,0.,1.));
#2324=DIRECTION('',(1.,0.,0.));
#2325=DIRECTION('',(0.,0.,-1.));
#2326=DIRECTION('',(1.,0.,0.));
#2327=DIRECTION('',(-1.,0.,0.));
#2328=DIRECTION('',(0.,0.,1.));
#2329=DIRECTION('',(0.,1.,0.));
#2330=DIRECTION('',(0.,0.,-1.));
#2331=DIRECTION('',(0.,1.,0.));
#2332=DIRECTION('',(-0.530499043333137,-0.847685534277085,0.));
#2333=DIRECTION('',(0.847685534277085,-0.530499043333137,0.));
#2334=DIRECTION('',(0.,0.,-1.));
#2335=DIRECTION('',(-0.847685534277085,0.530499043333137,0.));
#2336=DIRECTION('',(0.,0.,-1.));
#2337=DIRECTION('',(-1.,0.,0.));
#2338=DIRECTION('',(0.,0.,1.));
#2339=DIRECTION('',(0.,0.,-1.));
#2340=DIRECTION('',(0.,1.,0.));
#2341=DIRECTION('',(0.550222692017206,0.835017957405312,0.));
#2342=DIRECTION('',(-0.835017957405312,0.550222692017206,0.));
#2343=DIRECTION('',(0.,0.,-1.));
#2344=DIRECTION('',(0.835017957405312,-0.550222692017206,0.));
#2345=DIRECTION('',(0.,0.,-1.));
#2346=DIRECTION('',(0.,0.,-1.));
#2347=DIRECTION('',(0.,0.,-1.));
#2348=DIRECTION('',(0.,0.,-1.));
#2349=DIRECTION('',(1.,0.,0.));
#2350=DIRECTION('',(0.,0.,-1.));
#2351=DIRECTION('',(0.,0.,-1.));
#2352=DIRECTION('',(0.,-1.,0.));
#2353=DIRECTION('',(0.,-1.,0.));
#2354=DIRECTION('',(0.,0.,-1.));
#2355=DIRECTION('',(0.,0.,-1.));
#2356=DIRECTION('',(-1.,0.,0.));
#2357=DIRECTION('',(-1.,0.,0.));
#2358=DIRECTION('',(0.,0.,1.));
#2359=DIRECTION('',(0.,0.,-1.));
#2360=DIRECTION('',(0.,1.,0.));
#2361=DIRECTION('',(0.,1.,0.));
#2362=DIRECTION('',(0.,0.,1.));
#2363=DIRECTION('',(0.,0.,-1.));
#2364=DIRECTION('',(1.,0.,0.));
#2365=DIRECTION('',(-1.,0.,0.));
#2366=DIRECTION('',(0.,0.,1.));
#2367=DIRECTION('',(0.,1.,0.));
#2368=DIRECTION('',(0.,0.,-1.));
#2369=DIRECTION('',(1.,0.,0.));
#2370=DIRECTION('',(-0.566110749872388,-0.824329193271064,0.));
#2371=DIRECTION('',(0.824329193271064,-0.566110749872388,0.));
#2372=DIRECTION('',(0.,0.,-1.));
#2373=DIRECTION('',(-0.824329193271064,0.566110749872388,0.));
#2374=DIRECTION('',(0.,0.,-1.));
#2375=DIRECTION('',(-1.,0.,0.));
#2376=DIRECTION('',(0.,0.,1.));
#2377=DIRECTION('',(0.,0.,-1.));
#2378=DIRECTION('',(0.,1.,0.));
#2379=DIRECTION('',(0.57765436197658,0.816281469892237,0.));
#2380=DIRECTION('',(-0.816281469892237,0.57765436197658,0.));
#2381=DIRECTION('',(0.,0.,-1.));
#2382=DIRECTION('',(0.816281469892237,-0.57765436197658,0.));
#2383=DIRECTION('',(-0.58387568253314,0.811843080494291,0.));
#2384=DIRECTION('',(-0.811843080494291,-0.58387568253314,0.));
#2385=DIRECTION('',(0.,0.,-1.));
#2386=DIRECTION('',(0.811843080494291,0.58387568253314,0.));
#2387=DIRECTION('',(1.,0.,0.));
#2388=DIRECTION('',(0.,0.,-1.));
#2389=DIRECTION('',(0.,0.,-1.));
#2390=DIRECTION('',(0.,-1.,0.));
#2391=DIRECTION('',(0.567499103600913,-0.823374014292509,0.));
#2392=DIRECTION('',(0.823374014292509,0.567499103600913,0.));
#2393=DIRECTION('',(0.,0.,-1.));
#2394=DIRECTION('',(-0.823374014292509,-0.567499103600913,0.));
#2395=DIRECTION('',(0.57833167235185,0.815801738631828,0.));
#2396=DIRECTION('',(-0.815801738631828,0.57833167235185,0.));
#2397=DIRECTION('',(0.,0.,-1.));
#2398=DIRECTION('',(0.815801738631828,-0.57833167235185,0.));
#2399=DIRECTION('',(1.,0.,0.));
#2400=DIRECTION('',(0.,0.,-1.));
#2401=DIRECTION('',(0.,0.,-1.));
#2402=DIRECTION('',(0.,-1.,0.));
#2403=DIRECTION('',(-0.590370554981621,-0.807132335996206,0.));
#2404=DIRECTION('',(0.807132335996206,-0.590370554981621,0.));
#2405=DIRECTION('',(0.,0.,-1.));
#2406=DIRECTION('',(-0.807132335996206,0.590370554981621,0.));
#2407=DIRECTION('',(0.590706051179803,-0.806886832895149,0.));
#2408=DIRECTION('',(0.806886832895149,0.590706051179803,0.));
#2409=DIRECTION('',(0.,0.,-1.));
#2410=DIRECTION('',(-0.806886832895149,-0.590706051179803,0.));
#2411=DIRECTION('',(-1.,0.,0.));
#2412=DIRECTION('',(0.,0.,1.));
#2413=DIRECTION('',(0.,0.,-1.));
#2414=DIRECTION('',(0.,1.,0.));
#2415=DIRECTION('',(-0.574175743182166,0.818732078241233,0.));
#2416=DIRECTION('',(-0.818732078241233,-0.574175743182166,0.));
#2417=DIRECTION('',(0.818732078241233,0.574175743182166,0.));
#2418=DIRECTION('',(0.,0.,-1.));
#2419=DIRECTION('',(1.,0.,0.));
#2420=DIRECTION('',(0.,0.,-1.));
#2421=DIRECTION('',(1.,0.,0.));
#2422=DIRECTION('',(-0.604019119678045,-0.796969825691889,0.));
#2423=DIRECTION('',(0.796969825691889,-0.604019119678045,0.));
#2424=DIRECTION('',(-0.318614323523058,-0.947884440660329,0.));
#2425=DIRECTION('',(0.947884440660329,-0.318614323523058,0.));
#2426=DIRECTION('',(0.,0.,-1.));
#2427=DIRECTION('',(-1.,0.,0.));
#2428=DIRECTION('',(0.,-1.,0.));
#2429=DIRECTION('',(0.,0.,-1.));
#2430=DIRECTION('',(0.318614323523057,-0.947884440660329,0.));
#2431=DIRECTION('',(0.947884440660329,0.318614323523057,0.));
#2432=DIRECTION('',(0.604019119678045,0.796969825691889,0.));
#2433=DIRECTION('',(-0.796969825691889,0.604019119678045,0.));
#2434=DIRECTION('',(0.604019119678057,0.79696982569188,0.));
#2435=DIRECTION('',(-0.79696982569188,0.604019119678057,0.));
#2436=DIRECTION('',(0.604019119678045,-0.796969825691889,0.));
#2437=DIRECTION('',(0.796969825691889,0.604019119678045,0.));
#2438=DIRECTION('',(0.,0.,-1.));
#2439=DIRECTION('',(-1.,0.,0.));
#2440=DIRECTION('',(0.604019119678057,-0.79696982569188,0.));
#2441=DIRECTION('',(0.79696982569188,0.604019119678057,0.));
#2442=DIRECTION('',(0.,0.,-1.));
#2443=DIRECTION('',(-1.,0.,0.));
#2444=DIRECTION('',(0.604019119678046,-0.796969825691889,0.));
#2445=DIRECTION('',(0.796969825691888,0.604019119678045,0.));
#2446=DIRECTION('',(0.604019119678045,-0.796969825691889,0.));
#2447=DIRECTION('',(0.796969825691889,0.604019119678045,0.));
#2448=DIRECTION('',(0.604019119678044,-0.79696982569189,0.));
#2449=DIRECTION('',(0.79696982569189,0.604019119678044,0.));
#2450=DIRECTION('',(0.,0.,-1.));
#2451=DIRECTION('',(-1.,0.,0.));
#2452=DIRECTION('',(0.,0.,-1.));
#2453=DIRECTION('',(-1.,0.,0.));
#2454=DIRECTION('',(0.604019119678057,0.79696982569188,0.));
#2455=DIRECTION('',(-0.79696982569188,0.604019119678057,0.));
#2456=DIRECTION('',(-0.604019119678045,0.796969825691889,0.));
#2457=DIRECTION('',(-0.796969825691889,-0.604019119678045,0.));
#2458=DIRECTION('',(-0.318614323523056,0.947884440660329,0.));
#2459=DIRECTION('',(-0.947884440660329,-0.318614323523056,0.));
#2460=DIRECTION('',(0.604019119678045,0.796969825691889,0.));
#2461=DIRECTION('',(-0.796969825691889,0.604019119678045,0.));
#2462=DIRECTION('',(2.34538826858337E-15,1.,0.));
#2463=DIRECTION('',(-1.,2.34538826858337E-15,0.));
#2464=DIRECTION('',(0.318614323523059,0.947884440660328,0.));
#2465=DIRECTION('',(0.947884440660329,-0.318614323523059,0.));
#2466=DIRECTION('',(0.,0.,-1.));
#2467=DIRECTION('',(-1.,0.,0.));
#2468=DIRECTION('',(0.604019119678046,0.796969825691889,0.));
#2469=DIRECTION('',(-0.796969825691888,0.604019119678045,0.));
#2470=DIRECTION('',(0.,0.,1.));
#2471=DIRECTION('',(1.,0.,0.));
#2472=DIRECTION('',(-1.65843994923068E-15,-0.707106781186548,-0.707106781186548));
#2473=DIRECTION('',(-1.65843994923068E-15,-0.707106781186548,0.707106781186548));
#2474=DIRECTION('',(-2.34538826858337E-15,-1.,0.));
#2475=DIRECTION('',(1.,-2.34538826858337E-15,0.));
#2476=DIRECTION('',(-1.65843994923068E-15,-0.707106781186548,0.707106781186548));
#2477=DIRECTION('',(-1.65843994923068E-15,-0.707106781186548,-0.707106781186548));
#2478=DIRECTION('',(0.,0.,-1.));
#2479=DIRECTION('',(-1.,0.,0.));
#2480=DIRECTION('',(0.,0.,1.));
#2481=DIRECTION('',(1.,0.,0.));
#2482=DIRECTION('',(0.,0.,1.));
#2483=DIRECTION('',(1.,0.,0.));
#2484=CARTESIAN_POINT('',(0.,0.,0.));
#2485=CARTESIAN_POINT('',(-0.0675947964191437,0.0857591449816152,0.05274));
#2486=CARTESIAN_POINT('',(-0.0743656985427023,0.0802183056736683,0.05274));
#2487=CARTESIAN_POINT('',(-0.0760584040446187,0.0779848743718091,0.05274));
#2488=CARTESIAN_POINT('',(-0.074266098396384,0.0803497225587704,0.05274));
#2489=CARTESIAN_POINT('',(-0.074266098396384,0.0910036717197481,0.05274));
#2490=CARTESIAN_POINT('',(-0.074266098396384,0.09116856740446,0.05274));
#2491=CARTESIAN_POINT('',(-0.0692281317268452,0.084521248987447,0.05274));
#2492=CARTESIAN_POINT('',(-0.0760584040446187,0.0935334155914213,0.05274));
#2493=CARTESIAN_POINT('',(-0.0718730722338544,0.0929124213963259,0.05274));
#2494=CARTESIAN_POINT('',(-0.0734272842589202,0.0968477817531012,0.05274));
#2495=CARTESIAN_POINT('',(-0.0659614611114421,0.0869970409757834,0.05274));
#2496=CARTESIAN_POINT('',(-0.0717488319456746,0.0946331567454814,0.05274));
#2497=CARTESIAN_POINT('',(-0.0675947964191437,0.097781477799755,0.05274));
#2498=CARTESIAN_POINT('',(-0.0634407608926127,0.0946331567454814,0.05274));
#2499=CARTESIAN_POINT('',(-0.0692281317268452,0.0869970409757834,0.05274));
#2500=CARTESIAN_POINT('',(-0.0617623085793671,0.0968477817531012,0.05274));
#2501=CARTESIAN_POINT('',(-0.063316520604433,0.0929124213963259,0.05274));
#2502=CARTESIAN_POINT('',(-0.0591311887936687,0.0935334155914213,0.05274));
#2503=CARTESIAN_POINT('',(-0.0659614611114422,0.084521248987447,0.05274));
#2504=CARTESIAN_POINT('',(-0.0609234944419033,0.09116856740446,0.05274));
#2505=CARTESIAN_POINT('',(-0.0609234944419034,0.0857591449816152,0.05274));
#2506=CARTESIAN_POINT('',(-0.0609234944419034,0.0803497225587704,0.05274));
#2507=CARTESIAN_POINT('',(-0.0590106176534702,0.077825787419995,0.05274));
#2508=CARTESIAN_POINT('',(-0.0591311887936684,0.0779848743718094,0.05274));
#2509=CARTESIAN_POINT('',(-0.063316520604433,0.0786058685669045,0.05274));
#2510=CARTESIAN_POINT('',(-0.0617623085793671,0.0746705082101292,0.05274));
#2511=CARTESIAN_POINT('',(-0.0692281317268452,0.084521248987447,0.05274));
#2512=CARTESIAN_POINT('',(-0.0634407608926127,0.076885133217749,0.05274));
#2513=CARTESIAN_POINT('',(-0.0675947964191437,0.0737368121634754,0.05274));
#2514=CARTESIAN_POINT('',(-0.0717488319456746,0.076885133217749,0.05274));
#2515=CARTESIAN_POINT('',(-0.0659614611114421,0.084521248987447,0.05274));
#2516=CARTESIAN_POINT('',(-0.0734272842589202,0.0746705082101292,0.05274));
#2517=CARTESIAN_POINT('',(-0.0718730722338544,0.0786058685669045,0.05274));
#2518=CARTESIAN_POINT('',(-0.0649216664325265,0.0864767365166511,0.05274));
#2519=CARTESIAN_POINT('',(-0.0649216664325265,0.0860782034652609,0.05274));
#2520=CARTESIAN_POINT('',(-0.0649216664325265,0.0868752695680413,0.05274));
#2521=CARTESIAN_POINT('',(-0.0659821008108981,0.0875389112140244,0.05274));
#2522=CARTESIAN_POINT('',(-0.0670425351892696,0.0882025528600075,0.05274));
#2523=CARTESIAN_POINT('',(-0.0670425351892696,0.0889984587501201,0.05274));
#2524=CARTESIAN_POINT('',(-0.0670425351892696,0.0897943646402327,0.05274));
#2525=CARTESIAN_POINT('',(-0.0659821008108981,0.0897943646402327,0.05274));
#2526=CARTESIAN_POINT('',(-0.0649216664325265,0.0897943646402327,0.05274));
#2527=CARTESIAN_POINT('',(-0.0649216664325265,0.0901406881215718,0.05274));
#2528=CARTESIAN_POINT('',(-0.0649216664325265,0.0904870116029109,0.05274));
#2529=CARTESIAN_POINT('',(-0.0674758746206939,0.0904870116029109,0.05274));
#2530=CARTESIAN_POINT('',(-0.0700300828088614,0.0904870116029109,0.05274));
#2531=CARTESIAN_POINT('',(-0.0700300828088614,0.0892850312790674,0.05274));
#2532=CARTESIAN_POINT('',(-0.0700300828088614,0.0880830509552239,0.05274));
#2533=CARTESIAN_POINT('',(-0.0700300828088614,0.0880830509552239,0.05274));
#2534=CARTESIAN_POINT('',(-0.0700300828088614,0.0872198527303787,0.05274));
#2535=CARTESIAN_POINT('',(-0.069644312096817,0.0867505467062526,0.05274));
#2536=CARTESIAN_POINT('',(-0.069644312096817,0.0867505467062526,0.05274));
#2537=CARTESIAN_POINT('',(-0.069644312096817,0.0867505467062526,0.05274));
#2538=CARTESIAN_POINT('',(-0.0692585413847726,0.0862812406821264,0.05274));
#2539=CARTESIAN_POINT('',(-0.0685693750600979,0.0862812406821264,0.05274));
#2540=CARTESIAN_POINT('',(-0.0685693750600979,0.0862812406821264,0.05274));
#2541=CARTESIAN_POINT('',(-0.0685693750600979,0.0862812406821264,0.05274));
#2542=CARTESIAN_POINT('',(-0.0679997106402068,0.0862812406821264,0.05274));
#2543=CARTESIAN_POINT('',(-0.0676116195028268,0.086613061505118,0.05274));
#2544=CARTESIAN_POINT('',(-0.0676116195028268,0.086613061505118,0.05274));
#2545=CARTESIAN_POINT('',(-0.0676116195028268,0.086613061505118,0.05274));
#2546=CARTESIAN_POINT('',(-0.0672235283654469,0.0869448823281095,0.05274));
#2547=CARTESIAN_POINT('',(-0.067122589863348,0.0875284693000142,0.05274));
#2548=CARTESIAN_POINT('',(-0.067122589863348,0.0875284693000142,0.05274));
#2549=CARTESIAN_POINT('',(-0.0660221281479373,0.0868033363826376,0.05274));
#2550=CARTESIAN_POINT('',(-0.0649216664325265,0.0813195912082685,0.05274));
#2551=CARTESIAN_POINT('',(-0.0649216664325265,0.0809373011342276,0.05274));
#2552=CARTESIAN_POINT('',(-0.0649216664325265,0.0817018812823095,0.05274));
#2553=CARTESIAN_POINT('',(-0.0660383711252865,0.082468781855727,0.05274));
#2554=CARTESIAN_POINT('',(-0.0671550758180465,0.0832356824291445,0.05274));
#2555=CARTESIAN_POINT('',(-0.0660383711252865,0.0840188259799113,0.05274));
#2556=CARTESIAN_POINT('',(-0.0649216664325265,0.0848019695306781,0.05274));
#2557=CARTESIAN_POINT('',(-0.0649216664325265,0.085184259604719,0.05274));
#2558=CARTESIAN_POINT('',(-0.0649216664325265,0.08556654967876,0.05274));
#2559=CARTESIAN_POINT('',(-0.0662489497244927,0.0845948715694753,0.05274));
#2560=CARTESIAN_POINT('',(-0.0675762330164589,0.0836231934601906,0.05274));
#2561=CARTESIAN_POINT('',(-0.0688031579126601,0.0845206179587359,0.05274));
#2562=CARTESIAN_POINT('',(-0.0700300828088614,0.0854180424572813,0.05274));
#2563=CARTESIAN_POINT('',(-0.0700300828088614,0.0850357523832403,0.05274));
#2564=CARTESIAN_POINT('',(-0.0700300828088614,0.0846534623091993,0.05274));
#2565=CARTESIAN_POINT('',(-0.0690276590638799,0.0839428320501702,0.05274));
#2566=CARTESIAN_POINT('',(-0.0680252353188985,0.0832322017911411,0.05274));
#2567=CARTESIAN_POINT('',(-0.0690276590638799,0.0825412951474647,0.05274));
#2568=CARTESIAN_POINT('',(-0.0700300828088614,0.0818503885037882,0.05274));
#2569=CARTESIAN_POINT('',(-0.0700300828088614,0.0814680984297472,0.05274));
#2570=CARTESIAN_POINT('',(-0.0700300828088614,0.0810858083557063,0.05274));
#2571=CARTESIAN_POINT('',(-0.0688153401456721,0.0819594484945617,0.05274));
#2572=CARTESIAN_POINT('',(-0.0676005974824827,0.082833088633417,0.05274));
#2573=CARTESIAN_POINT('',(-0.0662611319575046,0.0818851948838223,0.05274));
#2574=CARTESIAN_POINT('',(-0.0733838171548376,0.0969718278686448,0.05274));
#2575=CARTESIAN_POINT('',(-0.0733838171548376,0.0969718278686448,0.05401));
#2576=CARTESIAN_POINT('',(-0.0732517697702587,0.0974283733817671,0.05401));
#2577=CARTESIAN_POINT('',(-0.0735158645394164,0.0965152823555225,0.05401));
#2578=CARTESIAN_POINT('',(-0.0732517697702587,0.0974283733817671,0.05274));
#2579=CARTESIAN_POINT('',(-0.0732517697702587,0.0974283733817671,0.06036));
#2580=CARTESIAN_POINT('',(-0.0733838171548376,0.0969718278686448,0.06036));
#2581=CARTESIAN_POINT('',(-0.0735158645394164,0.0965152823555225,0.06036));
#2582=CARTESIAN_POINT('',(-0.0735158645394164,0.0965152823555225,0.05274));
#2583=CARTESIAN_POINT('',(-0.0718730722338544,0.0929124213963259,0.05274));
#2584=CARTESIAN_POINT('',(-0.0718730722338544,0.0929124213963259,0.05401));
#2585=CARTESIAN_POINT('',(-0.0757718143123541,0.0936046524674665,0.05401));
#2586=CARTESIAN_POINT('',(-0.0718730722338544,0.0929124213963259,0.06036));
#2587=CARTESIAN_POINT('',(-0.0757718143123541,0.0936046524674665,0.06036));
#2588=CARTESIAN_POINT('',(-0.0757718143123541,0.0936046524674665,0.05274));
#2589=CARTESIAN_POINT('',(-0.0748832404523062,0.0924322283979531,0.05274));
#2590=CARTESIAN_POINT('',(-0.0748832404523062,0.0924322283979531,0.05401));
#2591=CARTESIAN_POINT('',(-0.0739946665922582,0.0912598043284398,0.05401));
#2592=CARTESIAN_POINT('',(-0.0748832404523062,0.0924322283979531,0.06036));
#2593=CARTESIAN_POINT('',(-0.0739946665922582,0.0912598043284398,0.06036));
#2594=CARTESIAN_POINT('',(-0.0739946665922582,0.0912598043284398,0.05274));
#2595=CARTESIAN_POINT('',(-0.0739946665922582,0.0896524746550275,0.05274));
#2596=CARTESIAN_POINT('',(-0.0739946665922582,0.0802584856347906,0.05274));
#2597=CARTESIAN_POINT('',(-0.0739946665922582,0.0802584856347906,0.05401));
#2598=CARTESIAN_POINT('',(-0.0739946665922582,0.0802584856347906,0.06036));
#2599=CARTESIAN_POINT('',(-0.0739946665922582,0.0896524746550275,0.05401));
#2600=CARTESIAN_POINT('',(-0.0739946665922582,0.0896524746550275,0.06036));
#2601=CARTESIAN_POINT('',(-0.0748832404523062,0.0790860615652773,0.05274));
#2602=CARTESIAN_POINT('',(-0.0757718143123541,0.0779136374957639,0.05274));
#2603=CARTESIAN_POINT('',(-0.0757718143123541,0.0779136374957639,0.05401));
#2604=CARTESIAN_POINT('',(-0.0757718143123541,0.0779136374957639,0.06036));
#2605=CARTESIAN_POINT('',(-0.0748832404523062,0.0790860615652773,0.05401));
#2606=CARTESIAN_POINT('',(-0.0748832404523062,0.0790860615652773,0.06036));
#2607=CARTESIAN_POINT('',(-0.0718730722338544,0.0786058685669044,0.05274));
#2608=CARTESIAN_POINT('',(-0.0718730722338544,0.0786058685669044,0.05401));
#2609=CARTESIAN_POINT('',(-0.0735158645394164,0.0750030076077079,0.05401));
#2610=CARTESIAN_POINT('',(-0.0718730722338544,0.0786058685669044,0.06036));
#2611=CARTESIAN_POINT('',(-0.0735158645394164,0.0750030076077079,0.06036));
#2612=CARTESIAN_POINT('',(-0.0735158645394164,0.0750030076077079,0.05274));
#2613=CARTESIAN_POINT('',(-0.0727405097213562,0.0760260454124188,0.05274));
#2614=CARTESIAN_POINT('',(-0.0727405097213562,0.0760260454124188,0.05401));
#2615=CARTESIAN_POINT('',(-0.071965154903296,0.0770490832171297,0.05401));
#2616=CARTESIAN_POINT('',(-0.0727405097213562,0.0760260454124188,0.06036));
#2617=CARTESIAN_POINT('',(-0.071965154903296,0.0770490832171297,0.06036));
#2618=CARTESIAN_POINT('',(-0.071965154903296,0.0770490832171297,0.05274));
#2619=CARTESIAN_POINT('',(-0.0675947964191437,0.0737368121634754,0.05274));
#2620=CARTESIAN_POINT('',(-0.0675947964191437,0.0737368121634754,0.05401));
#2621=CARTESIAN_POINT('',(-0.0632244379349913,0.0770490832171297,0.05401));
#2622=CARTESIAN_POINT('',(-0.0675947964191437,0.0737368121634754,0.06036));
#2623=CARTESIAN_POINT('',(-0.0632244379349913,0.0770490832171297,0.06036));
#2624=CARTESIAN_POINT('',(-0.0632244379349913,0.0770490832171297,0.05274));
#2625=CARTESIAN_POINT('',(-0.0624490831169311,0.0760260454124188,0.05274));
#2626=CARTESIAN_POINT('',(-0.0624490831169311,0.0760260454124188,0.05401));
#2627=CARTESIAN_POINT('',(-0.0616737282988709,0.075003007607708,0.05401));
#2628=CARTESIAN_POINT('',(-0.0624490831169311,0.0760260454124188,0.06036));
#2629=CARTESIAN_POINT('',(-0.0616737282988709,0.075003007607708,0.06036));
#2630=CARTESIAN_POINT('',(-0.0616737282988709,0.075003007607708,0.05274));
#2631=CARTESIAN_POINT('',(-0.0633165206044329,0.0786058685669045,0.05274));
#2632=CARTESIAN_POINT('',(-0.0633165206044329,0.0786058685669045,0.05401));
#2633=CARTESIAN_POINT('',(-0.0594177785259333,0.077913637495764,0.05401));
#2634=CARTESIAN_POINT('',(-0.0633165206044329,0.0786058685669045,0.06036));
#2635=CARTESIAN_POINT('',(-0.0594177785259333,0.077913637495764,0.06036));
#2636=CARTESIAN_POINT('',(-0.0594177785259333,0.077913637495764,0.05274));
#2637=CARTESIAN_POINT('',(-0.0603063523859812,0.0790860615652773,0.05274));
#2638=CARTESIAN_POINT('',(-0.0611949262460292,0.0802584856347906,0.05274));
#2639=CARTESIAN_POINT('',(-0.0611949262460292,0.0802584856347906,0.05401));
#2640=CARTESIAN_POINT('',(-0.0611949262460292,0.0802584856347906,0.06036));
#2641=CARTESIAN_POINT('',(-0.0603063523859812,0.0790860615652773,0.05401));
#2642=CARTESIAN_POINT('',(-0.0603063523859812,0.0790860615652773,0.06036));
#2643=CARTESIAN_POINT('',(-0.0611949262460292,0.0818658153082029,0.05274));
#2644=CARTESIAN_POINT('',(-0.0611949262460292,0.0818658153082029,0.05401));
#2645=CARTESIAN_POINT('',(-0.0611949262460292,0.0912598043284398,0.05401));
#2646=CARTESIAN_POINT('',(-0.0611949262460292,0.0818658153082029,0.06036));
#2647=CARTESIAN_POINT('',(-0.0611949262460292,0.0912598043284398,0.06036));
#2648=CARTESIAN_POINT('',(-0.0611949262460292,0.0912598043284398,0.05274));
#2649=CARTESIAN_POINT('',(-0.0603063523859812,0.0924322283979531,0.05274));
#2650=CARTESIAN_POINT('',(-0.0603063523859812,0.0924322283979531,0.05401));
#2651=CARTESIAN_POINT('',(-0.0594177785259333,0.0936046524674665,0.05401));
#2652=CARTESIAN_POINT('',(-0.0603063523859812,0.0924322283979531,0.06036));
#2653=CARTESIAN_POINT('',(-0.0594177785259333,0.0936046524674665,0.06036));
#2654=CARTESIAN_POINT('',(-0.0594177785259333,0.0936046524674665,0.05274));
#2655=CARTESIAN_POINT('',(-0.063316520604433,0.0929124213963259,0.05274));
#2656=CARTESIAN_POINT('',(-0.063316520604433,0.0929124213963259,0.05401));
#2657=CARTESIAN_POINT('',(-0.0616737282988709,0.0965152823555225,0.05401));
#2658=CARTESIAN_POINT('',(-0.063316520604433,0.0929124213963259,0.06036));
#2659=CARTESIAN_POINT('',(-0.0616737282988709,0.0965152823555225,0.06036));
#2660=CARTESIAN_POINT('',(-0.0616737282988709,0.0965152823555225,0.05274));
#2661=CARTESIAN_POINT('',(-0.0618057756834498,0.0969718278686448,0.05274));
#2662=CARTESIAN_POINT('',(-0.0619378230680286,0.0974283733817671,0.05274));
#2663=CARTESIAN_POINT('',(-0.0619378230680286,0.0974283733817671,0.05401));
#2664=CARTESIAN_POINT('',(-0.0619378230680286,0.0974283733817671,0.06036));
#2665=CARTESIAN_POINT('',(-0.0618057756834498,0.0969718278686448,0.05401));
#2666=CARTESIAN_POINT('',(-0.0618057756834498,0.0969718278686448,0.06036));
#2667=CARTESIAN_POINT('',(-0.0204308425183855,0.0857591449816152,0.06036));
#2668=CARTESIAN_POINT('',(-0.0584327828325864,0.0834731449816152,0.06036));
#2669=CARTESIAN_POINT('',(-0.0599423580501549,0.0834731449816152,0.06036));
#2670=CARTESIAN_POINT('',(-0.0564326394191437,0.0834731449816152,0.06036));
#2671=CARTESIAN_POINT('',(-0.0599423580501549,0.0880451449816152,0.06036));
#2672=CARTESIAN_POINT('',(-0.0599423580501549,0.0880451449816152,0.06036));
#2673=CARTESIAN_POINT('',(-0.0584327828325864,0.0880451449816152,0.06036));
#2674=CARTESIAN_POINT('',(-0.0564326394191437,0.0880451449816152,0.06036));
#2675=CARTESIAN_POINT('',(-0.0564326394191437,0.0857591449816152,0.06036));
#2676=CARTESIAN_POINT('',(-0.0564326394191437,0.0857591449816152,0.06036));
#2677=CARTESIAN_POINT('',(-0.0575756394191437,0.0857591449816152,0.06036));
#2678=CARTESIAN_POINT('',(-0.0204308425183855,0.0857591449816152,0.06036));
#2679=CARTESIAN_POINT('',(-0.0646883349334375,0.0937992250807882,0.06036));
#2680=CARTESIAN_POINT('',(-0.0638317289421686,0.0949294693152954,0.06036));
#2681=CARTESIAN_POINT('',(-0.0705012579048499,0.0937992250807882,0.06036));
#2682=CARTESIAN_POINT('',(-0.0713578638961188,0.0949294693152954,0.06036));
#2683=CARTESIAN_POINT('',(-0.0675947964191437,0.097781477799755,0.06036));
#2684=CARTESIAN_POINT('',(-0.0736883296334375,0.0895940601824422,0.06036));
#2685=CARTESIAN_POINT('',(-0.076569943234373,0.0933961899734215,0.06036));
#2686=CARTESIAN_POINT('',(-0.076569943234373,0.0933961899734215,0.0532305681958742));
#2687=CARTESIAN_POINT('',(-0.076569943234373,0.0933961899734215,0.06163));
#2688=CARTESIAN_POINT('',(-0.0736883296334375,0.0895940601824422,0.0532305681958742));
#2689=CARTESIAN_POINT('',(-0.0747566665922582,0.0910036717197481,0.0532305681958742));
#2690=CARTESIAN_POINT('',(-0.0747566665922582,0.0910036717197481,0.06036));
#2691=CARTESIAN_POINT('',(-0.0747566665922582,0.0910036717197481,0.06163));
#2692=CARTESIAN_POINT('',(-0.0736883296334375,0.0895940601824422,0.06163));
#2693=CARTESIAN_POINT('',(-0.0736883296334375,0.0819242297807882,0.06036));
#2694=CARTESIAN_POINT('',(-0.0747566665922582,0.0805146182434823,0.06036));
#2695=CARTESIAN_POINT('',(-0.0747566665922582,0.0805146182434823,0.0532305681958742));
#2696=CARTESIAN_POINT('',(-0.0747566665922582,0.0805146182434823,0.06163));
#2697=CARTESIAN_POINT('',(-0.076569943234373,0.078122099989809,0.0532305681958742));
#2698=CARTESIAN_POINT('',(-0.076569943234373,0.078122099989809,0.0532305681958742));
#2699=CARTESIAN_POINT('',(-0.076569943234373,0.078122099989809,0.06036));
#2700=CARTESIAN_POINT('',(-0.076569943234373,0.078122099989809,0.06163));
#2701=CARTESIAN_POINT('',(-0.0736883296334375,0.0819242297807882,0.06163));
#2702=CARTESIAN_POINT('',(-0.0718730722338544,0.0929124213963259,0.06036));
#2703=CARTESIAN_POINT('',(-0.0732517697702587,0.0974283733817671,0.05274));
#2704=CARTESIAN_POINT('',(-0.0732517697702587,0.0974283733817671,0.0532305681958742));
#2705=CARTESIAN_POINT('',(-0.0718730722338544,0.0929124213963259,0.0532305681958742));
#2706=CARTESIAN_POINT('',(-0.0718730722338544,0.0929124213963259,0.06163));
#2707=CARTESIAN_POINT('',(-0.0732517697702587,0.0974283733817671,0.06163));
#2708=CARTESIAN_POINT('',(-0.0732517697702587,0.0974283733817671,0.06036));
#2709=CARTESIAN_POINT('',(-0.0705012579048499,0.0937992250807882,0.06036));
#2710=CARTESIAN_POINT('',(-0.0705012579048499,0.0937992250807882,0.06163));
#2711=CARTESIAN_POINT('',(-0.0713578638961188,0.0949294693152954,0.06163));
#2712=CARTESIAN_POINT('',(-0.0713578638961188,0.0949294693152954,0.06036));
#2713=CARTESIAN_POINT('',(-0.0675947964191437,0.097781477799755,0.06036));
#2714=CARTESIAN_POINT('',(-0.0675947964191437,0.097781477799755,0.06163));
#2715=CARTESIAN_POINT('',(-0.0638317289421686,0.0949294693152954,0.06163));
#2716=CARTESIAN_POINT('',(-0.0638317289421686,0.0949294693152954,0.06036));
#2717=CARTESIAN_POINT('',(-0.0646883349334375,0.0937992250807882,0.06036));
#2718=CARTESIAN_POINT('',(-0.0646883349334375,0.0937992250807882,0.06163));
#2719=CARTESIAN_POINT('',(-0.0619378230680286,0.0974283733817671,0.06163));
#2720=CARTESIAN_POINT('',(-0.0619378230680286,0.0974283733817671,0.06036));
#2721=CARTESIAN_POINT('',(-0.063316520604433,0.0929124213963259,0.06036));
#2722=CARTESIAN_POINT('',(-0.0586196496039144,0.0933961899734214,0.06036));
#2723=CARTESIAN_POINT('',(-0.0586196496039144,0.0933961899734214,0.0532305681958742));
#2724=CARTESIAN_POINT('',(-0.0586196496039144,0.0933961899734214,0.06163));
#2725=CARTESIAN_POINT('',(-0.063316520604433,0.0929124213963259,0.0532305681958742));
#2726=CARTESIAN_POINT('',(-0.0619378230680286,0.0974283733817671,0.0532305681958742));
#2727=CARTESIAN_POINT('',(-0.0619378230680286,0.0974283733817671,0.05274));
#2728=CARTESIAN_POINT('',(-0.063316520604433,0.0929124213963259,0.06163));
#2729=CARTESIAN_POINT('',(-0.0615012632048499,0.0895940601824422,0.06036));
#2730=CARTESIAN_POINT('',(-0.0604329262460292,0.0910036717197481,0.06036));
#2731=CARTESIAN_POINT('',(-0.0604329262460292,0.0910036717197481,0.0532305681958742));
#2732=CARTESIAN_POINT('',(-0.0604329262460292,0.0910036717197481,0.06163));
#2733=CARTESIAN_POINT('',(-0.0615012632048499,0.0895940601824422,0.0532305681958742));
#2734=CARTESIAN_POINT('',(-0.0615012632048499,0.0895940601824422,0.06163));
#2735=CARTESIAN_POINT('',(-0.0615012632048499,0.0819242297807882,0.06036));
#2736=CARTESIAN_POINT('',(-0.0586196496039144,0.078122099989809,0.06036));
#2737=CARTESIAN_POINT('',(-0.0586196496039144,0.078122099989809,0.0532305681958742));
#2738=CARTESIAN_POINT('',(-0.0586196496039144,0.078122099989809,0.06163));
#2739=CARTESIAN_POINT('',(-0.0604329262460292,0.0805146182434823,0.0532305681958742));
#2740=CARTESIAN_POINT('',(-0.0604329262460292,0.0805146182434823,0.0532305681958742));
#2741=CARTESIAN_POINT('',(-0.0604329262460292,0.0805146182434823,0.06036));
#2742=CARTESIAN_POINT('',(-0.0604329262460292,0.0805146182434823,0.06163));
#2743=CARTESIAN_POINT('',(-0.0615012632048499,0.0819242297807882,0.06163));
#2744=CARTESIAN_POINT('',(-0.063316520604433,0.0786058685669045,0.06036));
#2745=CARTESIAN_POINT('',(-0.0619378230680286,0.0740899165814633,0.06036));
#2746=CARTESIAN_POINT('',(-0.0619378230680286,0.0740899165814633,0.0532305681958742));
#2747=CARTESIAN_POINT('',(-0.0619378230680286,0.0740899165814633,0.06163));
#2748=CARTESIAN_POINT('',(-0.063316520604433,0.0786058685669045,0.0532305681958742));
#2749=CARTESIAN_POINT('',(-0.063316520604433,0.0786058685669045,0.06163));
#2750=CARTESIAN_POINT('',(-0.0646883349334375,0.0777190648824422,0.06036));
#2751=CARTESIAN_POINT('',(-0.0638317289421686,0.076588820647935,0.06036));
#2752=CARTESIAN_POINT('',(-0.0638317289421686,0.076588820647935,0.0532305681958742));
#2753=CARTESIAN_POINT('',(-0.0638317289421686,0.076588820647935,0.06163));
#2754=CARTESIAN_POINT('',(-0.0646883349334375,0.0777190648824422,0.0532305681958742));
#2755=CARTESIAN_POINT('',(-0.0646883349334375,0.0777190648824422,0.06163));
#2756=CARTESIAN_POINT('',(-0.0675947964191437,0.0737368121634754,0.06036));
#2757=CARTESIAN_POINT('',(-0.0713578638961188,0.076588820647935,0.06036));
#2758=CARTESIAN_POINT('',(-0.0713578638961188,0.076588820647935,0.0532305681958742));
#2759=CARTESIAN_POINT('',(-0.0713578638961188,0.076588820647935,0.06163));
#2760=CARTESIAN_POINT('',(-0.0675947964191437,0.0737368121634754,0.0532305681958742));
#2761=CARTESIAN_POINT('',(-0.0675947964191437,0.0737368121634754,0.06163));
#2762=CARTESIAN_POINT('',(-0.0705012579048499,0.0777190648824422,0.06036));
#2763=CARTESIAN_POINT('',(-0.0732517697702587,0.0740899165814633,0.06036));
#2764=CARTESIAN_POINT('',(-0.0732517697702587,0.0740899165814633,0.0532305681958742));
#2765=CARTESIAN_POINT('',(-0.0732517697702587,0.0740899165814633,0.06163));
#2766=CARTESIAN_POINT('',(-0.0705012579048499,0.0777190648824422,0.0532305681958742));
#2767=CARTESIAN_POINT('',(-0.0705012579048499,0.0777190648824422,0.06163));
#2768=CARTESIAN_POINT('',(-0.0718730722338544,0.0786058685669045,0.06036));
#2769=CARTESIAN_POINT('',(-0.0718730722338544,0.0786058685669045,0.0532305681958742));
#2770=CARTESIAN_POINT('',(-0.0718730722338544,0.0786058685669045,0.06163));
#2771=CARTESIAN_POINT('',(-0.0204308425183855,0.0857591449816152,0.06036));
#2772=CARTESIAN_POINT('',(-0.0747566665922582,0.0819938816125487,0.06036));
#2773=CARTESIAN_POINT('',(-0.0747566665922582,0.0834731449816152,0.06036));
#2774=CARTESIAN_POINT('',(-0.0747566665922582,0.0880451449816152,0.06036));
#2775=CARTESIAN_POINT('',(-0.0767568100057009,0.0834731449816152,0.06036));
#2776=CARTESIAN_POINT('',(-0.0787569534191436,0.0834731449816152,0.06036));
#2777=CARTESIAN_POINT('',(-0.0787569534191437,0.0857591449816152,0.06036));
#2778=CARTESIAN_POINT('',(-0.0787569534191437,0.0880451449816152,0.06036));
#2779=CARTESIAN_POINT('',(-0.0767568100057009,0.0880451449816152,0.06036));
#2780=CARTESIAN_POINT('',(-0.0787569534191437,0.0857591449816152,0.06036));
#2781=CARTESIAN_POINT('',(-0.0798999534191437,0.0857591449816152,0.06036));
#2782=CARTESIAN_POINT('',(-0.0204308425183855,0.0857591449816152,0.06163));
#2783=CARTESIAN_POINT('',(-0.0584327828325864,0.0880451449816152,0.06163));
#2784=CARTESIAN_POINT('',(-0.0599423580501549,0.0880451449816152,0.06163));
#2785=CARTESIAN_POINT('',(-0.0564326394191437,0.0880451449816152,0.06163));
#2786=CARTESIAN_POINT('',(-0.0599423580501549,0.0885357131774894,0.06163));
#2787=CARTESIAN_POINT('',(-0.0604329262460292,0.0885357131774894,0.06163));
#2788=CARTESIAN_POINT('',(-0.0604329262460292,0.0895244083506817,0.06163));
#2789=CARTESIAN_POINT('',(-0.0747566665922582,0.0895244083506817,0.06163));
#2790=CARTESIAN_POINT('',(-0.0747566665922582,0.0880451449816152,0.06163));
#2791=CARTESIAN_POINT('',(-0.0767568100057009,0.0880451449816152,0.06163));
#2792=CARTESIAN_POINT('',(-0.0787569534191437,0.0880451449816152,0.06163));
#2793=CARTESIAN_POINT('',(-0.0787569534191437,0.0857591449816152,0.06163));
#2794=CARTESIAN_POINT('',(-0.0787569534191436,0.0834731449816152,0.06163));
#2795=CARTESIAN_POINT('',(-0.0767568100057009,0.0834731449816152,0.06163));
#2796=CARTESIAN_POINT('',(-0.0747566665922582,0.0834731449816152,0.06163));
#2797=CARTESIAN_POINT('',(-0.0747566665922582,0.0819938816125487,0.06163));
#2798=CARTESIAN_POINT('',(-0.0604329262460292,0.0819938816125488,0.06163));
#2799=CARTESIAN_POINT('',(-0.0604329262460292,0.082982576785741,0.06163));
#2800=CARTESIAN_POINT('',(-0.0599423580501549,0.082982576785741,0.06163));
#2801=CARTESIAN_POINT('',(-0.0599423580501549,0.0834731449816152,0.06163));
#2802=CARTESIAN_POINT('',(-0.0584327828325864,0.0834731449816152,0.06163));
#2803=CARTESIAN_POINT('',(-0.0564326394191437,0.0834731449816152,0.06163));
#2804=CARTESIAN_POINT('',(-0.0564326394191437,0.0857591449816152,0.06163));
#2805=CARTESIAN_POINT('',(-0.0564326394191437,0.0857591449816152,0.06163));
#2806=CARTESIAN_POINT('',(-0.0552896394191437,0.0857591449816152,0.06163));
#2807=CARTESIAN_POINT('',(-0.0787569534191437,0.0857591449816152,0.06163));
#2808=CARTESIAN_POINT('',(-0.0776139534191437,0.0857591449816152,0.06163));
#2809=CARTESIAN_POINT('',(-0.0747566665922582,0.0819938816125487,0.06036));
#2810=CARTESIAN_POINT('',(-0.0747566665922582,0.0805146182434823,0.0532305681958742));
#2811=CARTESIAN_POINT('',(-0.0747566665922582,0.0834731449816152,0.06036));
#2812=CARTESIAN_POINT('',(-0.0747566665922582,0.0880451449816152,0.06036));
#2813=CARTESIAN_POINT('',(-0.0767568100057009,0.0834731449816152,0.06036));
#2814=CARTESIAN_POINT('',(-0.0787569534191436,0.0834731449816152,0.06036));
#2815=CARTESIAN_POINT('',(-0.0787569534191437,0.0857591449816152,0.06036));
#2816=CARTESIAN_POINT('',(-0.0787569534191437,0.0880451449816152,0.06036));
#2817=CARTESIAN_POINT('',(-0.0767568100057009,0.0880451449816152,0.06036));
#2818=CARTESIAN_POINT('',(-0.0584327828325864,0.0834731449816152,0.06036));
#2819=CARTESIAN_POINT('',(-0.0599423580501549,0.0834731449816152,0.06036));
#2820=CARTESIAN_POINT('',(-0.0564326394191437,0.0834731449816152,0.06036));
#2821=CARTESIAN_POINT('',(-0.0604329262460292,0.0819938816125488,0.06036));
#2822=CARTESIAN_POINT('',(-0.0604329262460292,0.0834731449816152,0.0598694318041258));
#2823=CARTESIAN_POINT('',(-0.0604329262460291,0.0885357131774894,0.0598694318041258));
#2824=CARTESIAN_POINT('',(-0.0604329262460292,0.082982576785741,0.0598694318041258));
#2825=CARTESIAN_POINT('',(-0.0604329262460292,0.082982576785741,0.06163));
#2826=CARTESIAN_POINT('',(-0.0604329262460292,0.0819938816125488,0.0532305681958742));
#2827=CARTESIAN_POINT('',(-0.0604329262460291,0.0885357131774894,0.06036));
#2828=CARTESIAN_POINT('',(-0.0584327828325864,0.0880451449816152,0.06036));
#2829=CARTESIAN_POINT('',(-0.0599423580501549,0.0880451449816152,0.06036));
#2830=CARTESIAN_POINT('',(-0.0564326394191437,0.0880451449816152,0.06036));
#2831=CARTESIAN_POINT('',(-0.0564326394191437,0.0857591449816152,0.06036));
#2832=CARTESIAN_POINT('',(-0.0646883349334375,0.0937992250807882,0.05401));
#2833=CARTESIAN_POINT('',(-0.0646883349334375,0.0937992250807882,0.0532305681958742));
#2834=CARTESIAN_POINT('',(-0.0638317289421686,0.0949294693152954,0.0532305681958742));
#2835=CARTESIAN_POINT('',(-0.0638317289421686,0.0949294693152954,0.05401));
#2836=CARTESIAN_POINT('',(-0.0638317289421686,0.0949294693152954,0.05401));
#2837=CARTESIAN_POINT('',(-0.0646883349334375,0.0937992250807882,0.05401));
#2838=CARTESIAN_POINT('',(-0.0705012579048499,0.0937992250807882,0.05401));
#2839=CARTESIAN_POINT('',(-0.0713578638961188,0.0949294693152954,0.05401));
#2840=CARTESIAN_POINT('',(-0.0713578638961188,0.0949294693152954,0.05401));
#2841=CARTESIAN_POINT('',(-0.0713578638961188,0.0949294693152954,0.0532305681958742));
#2842=CARTESIAN_POINT('',(-0.0705012579048499,0.0937992250807882,0.0532305681958742));
#2843=CARTESIAN_POINT('',(-0.0705012579048499,0.0937992250807882,0.05401));
#2844=CARTESIAN_POINT('',(-0.0675947964191437,0.097781477799755,0.05401));
#2845=CARTESIAN_POINT('',(-0.0675947964191437,0.097781477799755,0.0532305681958742));
#2846=CARTESIAN_POINT('',(-0.0675947964191437,0.097781477799755,0.05401));
#2847=CARTESIAN_POINT('',(-0.0204308425183855,0.0857591449816152,0.05401));
#2848=CARTESIAN_POINT('',(-0.0685624137840911,0.086977368282808,0.053121));
#2849=CARTESIAN_POINT('',(-0.0685624137840911,0.086977368282808,0.05274));
#2850=CARTESIAN_POINT('',(-0.0688594282270486,0.086977368282808,0.053121));
#2851=CARTESIAN_POINT('',(-0.0688594282270486,0.086977368282808,0.05274));
#2852=CARTESIAN_POINT('',(-0.069085863066048,0.0870783067849068,0.053121));
#2853=CARTESIAN_POINT('',(-0.069085863066048,0.0870783067849068,0.05274));
#2854=CARTESIAN_POINT('',(-0.0692417183010895,0.0872801837891045,0.053121));
#2855=CARTESIAN_POINT('',(-0.0692417183010895,0.0872801837891045,0.05274));
#2856=CARTESIAN_POINT('',(-0.0685624137840911,0.086977368282808,0.05274));
#2857=CARTESIAN_POINT('',(-0.0690079354485273,0.086977368282808,0.05274));
#2858=CARTESIAN_POINT('',(-0.0692417183010895,0.0872801837891045,0.05274));
#2859=CARTESIAN_POINT('',(-0.0685624137840911,0.086977368282808,0.05274));
#2860=CARTESIAN_POINT('',(-0.0692417183010895,0.0872801837891045,0.05274));
#2861=CARTESIAN_POINT('',(-0.0685624137840911,0.086977368282808,0.053121));
#2862=CARTESIAN_POINT('',(-0.0685624137840911,0.086977368282808,0.053121));
#2863=CARTESIAN_POINT('',(-0.0685624137840911,0.086977368282808,0.053121));
#2864=CARTESIAN_POINT('',(-0.0690079354485273,0.086977368282808,0.053121));
#2865=CARTESIAN_POINT('',(-0.0692417183010895,0.0872801837891045,0.053121));
#2866=CARTESIAN_POINT('',(-0.0692417183010895,0.0872801837891045,0.053121));
#2867=CARTESIAN_POINT('',(-0.0692417183010895,0.0872801837891045,0.053121));
#2868=CARTESIAN_POINT('',(-0.067845982461723,0.0872767031511011,0.053121));
#2869=CARTESIAN_POINT('',(-0.067845982461723,0.0872767031511011,0.05274));
#2870=CARTESIAN_POINT('',(-0.0680165337238899,0.087077146572239,0.053121));
#2871=CARTESIAN_POINT('',(-0.0680165337238899,0.087077146572239,0.05274));
#2872=CARTESIAN_POINT('',(-0.0682553441646793,0.086977368282808,0.053121));
#2873=CARTESIAN_POINT('',(-0.0682553441646793,0.086977368282808,0.05274));
#2874=CARTESIAN_POINT('',(-0.0685624137840911,0.086977368282808,0.053121));
#2875=CARTESIAN_POINT('',(-0.0685624137840911,0.086977368282808,0.05274));
#2876=CARTESIAN_POINT('',(-0.067845982461723,0.0872767031511011,0.05274));
#2877=CARTESIAN_POINT('',(-0.0681018093549734,0.086977368282808,0.05274));
#2878=CARTESIAN_POINT('',(-0.0685624137840911,0.086977368282808,0.05274));
#2879=CARTESIAN_POINT('',(-0.067845982461723,0.0872767031511011,0.05274));
#2880=CARTESIAN_POINT('',(-0.067845982461723,0.0872767031511011,0.053121));
#2881=CARTESIAN_POINT('',(-0.067845982461723,0.0872767031511011,0.053121));
#2882=CARTESIAN_POINT('',(-0.067845982461723,0.0872767031511011,0.053121));
#2883=CARTESIAN_POINT('',(-0.0681018093549734,0.086977368282808,0.053121));
#2884=CARTESIAN_POINT('',(-0.0685624137840911,0.086977368282808,0.053121));
#2885=CARTESIAN_POINT('',(-0.0675901555684725,0.0881224981859292,0.053121));
#2886=CARTESIAN_POINT('',(-0.0675901555684725,0.0881224981859292,0.05274));
#2887=CARTESIAN_POINT('',(-0.0675901555684725,0.0877581914082391,0.053121));
#2888=CARTESIAN_POINT('',(-0.0675901555684725,0.0877581914082391,0.05274));
#2889=CARTESIAN_POINT('',(-0.067675431199556,0.0874762597299631,0.053121));
#2890=CARTESIAN_POINT('',(-0.067675431199556,0.0874762597299631,0.05274));
#2891=CARTESIAN_POINT('',(-0.067845982461723,0.0872767031511011,0.053121));
#2892=CARTESIAN_POINT('',(-0.067845982461723,0.0872767031511011,0.05274));
#2893=CARTESIAN_POINT('',(-0.0675901555684725,0.0881224981859292,0.05274));
#2894=CARTESIAN_POINT('',(-0.0675901555684725,0.0875760380193941,0.05274));
#2895=CARTESIAN_POINT('',(-0.067845982461723,0.0872767031511011,0.05274));
#2896=CARTESIAN_POINT('',(-0.0675901555684725,0.0881224981859292,0.05274));
#2897=CARTESIAN_POINT('',(-0.0675901555684725,0.0881224981859292,0.053121));
#2898=CARTESIAN_POINT('',(-0.0675901555684725,0.0881224981859292,0.053121));
#2899=CARTESIAN_POINT('',(-0.0675901555684725,0.0881224981859292,0.053121));
#2900=CARTESIAN_POINT('',(-0.0675901555684725,0.0875760380193941,0.053121));
#2901=CARTESIAN_POINT('',(-0.067845982461723,0.0872767031511011,0.053121));
#2902=CARTESIAN_POINT('',(-0.0675901555684725,0.0889584314130809,0.053121));
#2903=CARTESIAN_POINT('',(-0.0675901555684725,0.0889584314130809,0.05274));
#2904=CARTESIAN_POINT('',(-0.0675901555684725,0.0897943646402327,0.05274));
#2905=CARTESIAN_POINT('',(-0.0675901555684725,0.0897943646402327,0.053121));
#2906=CARTESIAN_POINT('',(-0.0675901555684725,0.0897943646402327,0.053121));
#2907=CARTESIAN_POINT('',(-0.0675901555684725,0.0889584314130809,0.053121));
#2908=CARTESIAN_POINT('',(-0.0685328283610621,0.0897943646402327,0.053121));
#2909=CARTESIAN_POINT('',(-0.0685328283610621,0.0897943646402327,0.05274));
#2910=CARTESIAN_POINT('',(-0.0694755011536517,0.0897943646402327,0.05274));
#2911=CARTESIAN_POINT('',(-0.0694755011536517,0.0897943646402327,0.053121));
#2912=CARTESIAN_POINT('',(-0.0694755011536517,0.0897943646402327,0.053121));
#2913=CARTESIAN_POINT('',(-0.0685328283610621,0.0897943646402327,0.053121));
#2914=CARTESIAN_POINT('',(-0.0694755011536517,0.0889729340714285,0.053121));
#2915=CARTESIAN_POINT('',(-0.0694755011536517,0.0889729340714285,0.05274));
#2916=CARTESIAN_POINT('',(-0.0694755011536517,0.0881515035026242,0.05274));
#2917=CARTESIAN_POINT('',(-0.0694755011536517,0.0881515035026242,0.053121));
#2918=CARTESIAN_POINT('',(-0.0694755011536517,0.0881515035026242,0.053121));
#2919=CARTESIAN_POINT('',(-0.0694755011536517,0.0889729340714285,0.053121));
#2920=CARTESIAN_POINT('',(-0.0659821008108981,0.0875389112140244,0.053121));
#2921=CARTESIAN_POINT('',(-0.0649216664325265,0.0868752695680413,0.053121));
#2922=CARTESIAN_POINT('',(-0.0649216664325265,0.0868752695680413,0.053121));
#2923=CARTESIAN_POINT('',(-0.0659821008108981,0.0875389112140244,0.053121));
#2924=CARTESIAN_POINT('',(-0.0670425351892696,0.0882025528600075,0.053121));
#2925=CARTESIAN_POINT('',(-0.0670425351892696,0.0882025528600075,0.053121));
#2926=CARTESIAN_POINT('',(-0.0649216664325265,0.0864767365166511,0.053121));
#2927=CARTESIAN_POINT('',(-0.0649216664325265,0.0860782034652609,0.053121));
#2928=CARTESIAN_POINT('',(-0.0649216664325265,0.0860782034652609,0.053121));
#2929=CARTESIAN_POINT('',(-0.0649216664325265,0.0864767365166511,0.053121));
#2930=CARTESIAN_POINT('',(-0.0660221281479373,0.0868033363826376,0.053121));
#2931=CARTESIAN_POINT('',(-0.067122589863348,0.0875284693000142,0.053121));
#2932=CARTESIAN_POINT('',(-0.067122589863348,0.0875284693000142,0.053121));
#2933=CARTESIAN_POINT('',(-0.0660221281479373,0.0868033363826376,0.053121));
#2934=CARTESIAN_POINT('',(-0.0676116195028268,0.086613061505118,0.053121));
#2935=CARTESIAN_POINT('',(-0.0676116195028268,0.086613061505118,0.05274));
#2936=CARTESIAN_POINT('',(-0.0673528920779069,0.0868342753871123,0.053121));
#2937=CARTESIAN_POINT('',(-0.0673528920779069,0.0868342753871123,0.05274));
#2938=CARTESIAN_POINT('',(-0.0671898821980806,0.0871394113187444,0.053121));
#2939=CARTESIAN_POINT('',(-0.0671898821980806,0.0871394113187444,0.05274));
#2940=CARTESIAN_POINT('',(-0.067122589863348,0.0875284693000142,0.053121));
#2941=CARTESIAN_POINT('',(-0.067122589863348,0.0875284693000142,0.05274));
#2942=CARTESIAN_POINT('',(-0.0676116195028268,0.086613061505118,0.053121));
#2943=CARTESIAN_POINT('',(-0.0676116195028268,0.086613061505118,0.053121));
#2944=CARTESIAN_POINT('',(-0.0676116195028268,0.086613061505118,0.053121));
#2945=CARTESIAN_POINT('',(-0.0672235283654469,0.0869448823281095,0.053121));
#2946=CARTESIAN_POINT('',(-0.067122589863348,0.0875284693000142,0.053121));
#2947=CARTESIAN_POINT('',(-0.0685693750600979,0.0862812406821264,0.053121));
#2948=CARTESIAN_POINT('',(-0.0685693750600979,0.0862812406821264,0.05274));
#2949=CARTESIAN_POINT('',(-0.0681895987801705,0.0862812406821264,0.053121));
#2950=CARTESIAN_POINT('',(-0.0681895987801705,0.0862812406821264,0.05274));
#2951=CARTESIAN_POINT('',(-0.0678703469277468,0.0863918476231236,0.053121));
#2952=CARTESIAN_POINT('',(-0.0678703469277468,0.0863918476231236,0.05274));
#2953=CARTESIAN_POINT('',(-0.0676116195028268,0.086613061505118,0.053121));
#2954=CARTESIAN_POINT('',(-0.0676116195028268,0.086613061505118,0.05274));
#2955=CARTESIAN_POINT('',(-0.0685693750600979,0.0862812406821264,0.053121));
#2956=CARTESIAN_POINT('',(-0.0685693750600979,0.0862812406821264,0.053121));
#2957=CARTESIAN_POINT('',(-0.0685693750600979,0.0862812406821264,0.053121));
#2958=CARTESIAN_POINT('',(-0.0679997106402068,0.0862812406821264,0.053121));
#2959=CARTESIAN_POINT('',(-0.0676116195028268,0.086613061505118,0.053121));
#2960=CARTESIAN_POINT('',(-0.069644312096817,0.0867505467062526,0.053121));
#2961=CARTESIAN_POINT('',(-0.069644312096817,0.0867505467062526,0.05274));
#2962=CARTESIAN_POINT('',(-0.0693871316221207,0.0864376760235018,0.053121));
#2963=CARTESIAN_POINT('',(-0.0693871316221207,0.0864376760235018,0.05274));
#2964=CARTESIAN_POINT('',(-0.0690288192765477,0.0862812406821264,0.053121));
#2965=CARTESIAN_POINT('',(-0.0690288192765477,0.0862812406821264,0.05274));
#2966=CARTESIAN_POINT('',(-0.0685693750600979,0.0862812406821264,0.053121));
#2967=CARTESIAN_POINT('',(-0.0685693750600979,0.0862812406821264,0.05274));
#2968=CARTESIAN_POINT('',(-0.069644312096817,0.0867505467062526,0.053121));
#2969=CARTESIAN_POINT('',(-0.069644312096817,0.0867505467062526,0.053121));
#2970=CARTESIAN_POINT('',(-0.069644312096817,0.0867505467062526,0.053121));
#2971=CARTESIAN_POINT('',(-0.0692585413847726,0.0862812406821264,0.053121));
#2972=CARTESIAN_POINT('',(-0.0685693750600979,0.0862812406821264,0.053121));
#2973=CARTESIAN_POINT('',(-0.0700300828088614,0.0880830509552239,0.053121));
#2974=CARTESIAN_POINT('',(-0.0700300828088614,0.0880830509552239,0.05274));
#2975=CARTESIAN_POINT('',(-0.0700300828088614,0.0875075854719938,0.053121));
#2976=CARTESIAN_POINT('',(-0.0700300828088614,0.0875075854719938,0.05274));
#2977=CARTESIAN_POINT('',(-0.0699014925715133,0.0870634173890033,0.053121));
#2978=CARTESIAN_POINT('',(-0.0699014925715133,0.0870634173890033,0.05274));
#2979=CARTESIAN_POINT('',(-0.069644312096817,0.0867505467062526,0.053121));
#2980=CARTESIAN_POINT('',(-0.069644312096817,0.0867505467062526,0.05274));
#2981=CARTESIAN_POINT('',(-0.0700300828088614,0.0880830509552239,0.053121));
#2982=CARTESIAN_POINT('',(-0.0700300828088614,0.0880830509552239,0.053121));
#2983=CARTESIAN_POINT('',(-0.0700300828088614,0.0880830509552239,0.053121));
#2984=CARTESIAN_POINT('',(-0.0700300828088614,0.0872198527303787,0.053121));
#2985=CARTESIAN_POINT('',(-0.069644312096817,0.0867505467062526,0.053121));
#2986=CARTESIAN_POINT('',(-0.0700300828088614,0.0892850312790674,0.053121));
#2987=CARTESIAN_POINT('',(-0.0700300828088614,0.0904870116029109,0.053121));
#2988=CARTESIAN_POINT('',(-0.0700300828088614,0.0904870116029109,0.053121));
#2989=CARTESIAN_POINT('',(-0.0700300828088614,0.0892850312790674,0.053121));
#2990=CARTESIAN_POINT('',(-0.0674758746206939,0.0904870116029109,0.053121));
#2991=CARTESIAN_POINT('',(-0.0649216664325265,0.0904870116029109,0.053121));
#2992=CARTESIAN_POINT('',(-0.0649216664325265,0.0904870116029109,0.053121));
#2993=CARTESIAN_POINT('',(-0.0674758746206939,0.0904870116029109,0.053121));
#2994=CARTESIAN_POINT('',(-0.0649216664325265,0.0901406881215718,0.053121));
#2995=CARTESIAN_POINT('',(-0.0649216664325265,0.0897943646402327,0.053121));
#2996=CARTESIAN_POINT('',(-0.0649216664325265,0.0897943646402327,0.053121));
#2997=CARTESIAN_POINT('',(-0.0649216664325265,0.0901406881215718,0.053121));
#2998=CARTESIAN_POINT('',(-0.0659821008108981,0.0897943646402327,0.053121));
#2999=CARTESIAN_POINT('',(-0.0670425351892697,0.0897943646402327,0.053121));
#3000=CARTESIAN_POINT('',(-0.0670425351892697,0.0897943646402327,0.053121));
#3001=CARTESIAN_POINT('',(-0.0659821008108981,0.0897943646402327,0.053121));
#3002=CARTESIAN_POINT('',(-0.0670425351892696,0.0889984587501201,0.053121));
#3003=CARTESIAN_POINT('',(-0.0670425351892696,0.0889984587501201,0.053121));
#3004=CARTESIAN_POINT('',(-0.0692417183010895,0.0872801837891045,0.053121));
#3005=CARTESIAN_POINT('',(-0.0692417183010895,0.0872801837891045,0.05274));
#3006=CARTESIAN_POINT('',(-0.069397573536131,0.0874820607933021,0.053121));
#3007=CARTESIAN_POINT('',(-0.069397573536131,0.0874820607933021,0.05274));
#3008=CARTESIAN_POINT('',(-0.0694755011536517,0.0877725006978087,0.053121));
#3009=CARTESIAN_POINT('',(-0.0694755011536517,0.0877725006978087,0.05274));
#3010=CARTESIAN_POINT('',(-0.0694755011536517,0.0881515035026242,0.053121));
#3011=CARTESIAN_POINT('',(-0.0694755011536517,0.0881515035026242,0.05274));
#3012=CARTESIAN_POINT('',(-0.0692417183010895,0.0872801837891045,0.05274));
#3013=CARTESIAN_POINT('',(-0.0694755011536517,0.0875829992954009,0.05274));
#3014=CARTESIAN_POINT('',(-0.0694755011536517,0.0881515035026242,0.05274));
#3015=CARTESIAN_POINT('',(-0.0692417183010895,0.0872801837891045,0.053121));
#3016=CARTESIAN_POINT('',(-0.0694755011536517,0.0875829992954009,0.053121));
#3017=CARTESIAN_POINT('',(-0.0694755011536517,0.0881515035026242,0.053121));
#3018=CARTESIAN_POINT('',(-0.0675947964191437,0.0857591449816152,0.053121));
#3019=CARTESIAN_POINT('',(-0.0660383711252865,0.082468781855727,0.053121));
#3020=CARTESIAN_POINT('',(-0.0649216664325265,0.0817018812823095,0.053121));
#3021=CARTESIAN_POINT('',(-0.0649216664325265,0.0817018812823095,0.053121));
#3022=CARTESIAN_POINT('',(-0.0660383711252865,0.082468781855727,0.053121));
#3023=CARTESIAN_POINT('',(-0.0671550758180465,0.0832356824291445,0.053121));
#3024=CARTESIAN_POINT('',(-0.0671550758180465,0.0832356824291445,0.053121));
#3025=CARTESIAN_POINT('',(-0.0649216664325265,0.0813195912082685,0.053121));
#3026=CARTESIAN_POINT('',(-0.0649216664325265,0.0809373011342276,0.053121));
#3027=CARTESIAN_POINT('',(-0.0649216664325265,0.0809373011342276,0.053121));
#3028=CARTESIAN_POINT('',(-0.0649216664325265,0.0813195912082685,0.053121));
#3029=CARTESIAN_POINT('',(-0.0662611319575046,0.0818851948838223,0.053121));
#3030=CARTESIAN_POINT('',(-0.0676005974824827,0.082833088633417,0.053121));
#3031=CARTESIAN_POINT('',(-0.0676005974824827,0.082833088633417,0.053121));
#3032=CARTESIAN_POINT('',(-0.0662611319575046,0.0818851948838223,0.053121));
#3033=CARTESIAN_POINT('',(-0.0688153401456721,0.0819594484945617,0.053121));
#3034=CARTESIAN_POINT('',(-0.0700300828088614,0.0810858083557063,0.053121));
#3035=CARTESIAN_POINT('',(-0.0700300828088614,0.0810858083557063,0.053121));
#3036=CARTESIAN_POINT('',(-0.0688153401456721,0.0819594484945617,0.053121));
#3037=CARTESIAN_POINT('',(-0.0700300828088614,0.0814680984297472,0.053121));
#3038=CARTESIAN_POINT('',(-0.0700300828088614,0.0818503885037882,0.053121));
#3039=CARTESIAN_POINT('',(-0.0700300828088614,0.0818503885037882,0.053121));
#3040=CARTESIAN_POINT('',(-0.0700300828088614,0.0814680984297472,0.053121));
#3041=CARTESIAN_POINT('',(-0.0690276590638799,0.0825412951474647,0.053121));
#3042=CARTESIAN_POINT('',(-0.0680252353188985,0.0832322017911411,0.053121));
#3043=CARTESIAN_POINT('',(-0.0680252353188985,0.0832322017911411,0.053121));
#3044=CARTESIAN_POINT('',(-0.0690276590638799,0.0825412951474647,0.053121));
#3045=CARTESIAN_POINT('',(-0.0690276590638799,0.0839428320501702,0.053121));
#3046=CARTESIAN_POINT('',(-0.0700300828088614,0.0846534623091993,0.053121));
#3047=CARTESIAN_POINT('',(-0.0700300828088614,0.0846534623091993,0.053121));
#3048=CARTESIAN_POINT('',(-0.0690276590638799,0.0839428320501702,0.053121));
#3049=CARTESIAN_POINT('',(-0.0700300828088614,0.0850357523832403,0.053121));
#3050=CARTESIAN_POINT('',(-0.0700300828088614,0.0854180424572813,0.053121));
#3051=CARTESIAN_POINT('',(-0.0700300828088614,0.0854180424572813,0.053121));
#3052=CARTESIAN_POINT('',(-0.0700300828088614,0.0850357523832403,0.053121));
#3053=CARTESIAN_POINT('',(-0.0688031579126601,0.0845206179587359,0.053121));
#3054=CARTESIAN_POINT('',(-0.0675762330164589,0.0836231934601906,0.053121));
#3055=CARTESIAN_POINT('',(-0.0675762330164589,0.0836231934601906,0.053121));
#3056=CARTESIAN_POINT('',(-0.0688031579126601,0.0845206179587359,0.053121));
#3057=CARTESIAN_POINT('',(-0.0662489497244927,0.0845948715694753,0.053121));
#3058=CARTESIAN_POINT('',(-0.0649216664325265,0.08556654967876,0.053121));
#3059=CARTESIAN_POINT('',(-0.0649216664325265,0.08556654967876,0.053121));
#3060=CARTESIAN_POINT('',(-0.0662489497244927,0.0845948715694753,0.053121));
#3061=CARTESIAN_POINT('',(-0.0649216664325265,0.085184259604719,0.053121));
#3062=CARTESIAN_POINT('',(-0.0649216664325265,0.0848019695306781,0.053121));
#3063=CARTESIAN_POINT('',(-0.0649216664325265,0.0848019695306781,0.053121));
#3064=CARTESIAN_POINT('',(-0.0649216664325265,0.085184259604719,0.053121));
#3065=CARTESIAN_POINT('',(-0.0660383711252865,0.0840188259799113,0.053121));
#3066=CARTESIAN_POINT('',(-0.0660383711252865,0.0840188259799113,0.053121));
#3067=CARTESIAN_POINT('',(-0.0675947964191437,0.0857591449816152,0.053121));
#3068=CARTESIAN_POINT('',(-0.0675947964191437,0.0857591449816152,0.05274));
#3069=CARTESIAN_POINT('',(-0.0692281317268452,0.0869970409757834,0.0532305681958742));
#3070=CARTESIAN_POINT('',(-0.074266098396384,0.0803497225587704,0.0532305681958742));
#3071=CARTESIAN_POINT('',(-0.076569943234373,0.078122099989809,0.0532305681958742));
#3072=CARTESIAN_POINT('',(-0.076569943234373,0.078122099989809,0.0529607918185794));
#3073=CARTESIAN_POINT('',(-0.0763159239939838,0.078050832362958,0.05274));
#3074=CARTESIAN_POINT('',(-0.0760584040446188,0.0779848743718096,0.05274));
#3075=CARTESIAN_POINT('',(-0.0718730722338544,0.0786058685669045,0.0532305681958742));
#3076=CARTESIAN_POINT('',(-0.0732517697702587,0.0740899165814633,0.0532305681958742));
#3077=CARTESIAN_POINT('',(-0.0732517697702587,0.0740899165814633,0.0530849317598971));
#3078=CARTESIAN_POINT('',(-0.0733041650787094,0.0742499724040529,0.0528177632403476));
#3079=CARTESIAN_POINT('',(-0.0733885987593888,0.0745324611524815,0.05274));
#3080=CARTESIAN_POINT('',(-0.0734272842589202,0.0746705082101292,0.05274));
#3081=CARTESIAN_POINT('',(-0.074266098396384,0.0857591449816152,0.0532305681958742));
#3082=CARTESIAN_POINT('',(-0.074266098396384,0.09116856740446,0.0532305681958742));
#3083=CARTESIAN_POINT('',(-0.0708922259544057,0.0780153774522562,0.0532305681958742));
#3084=CARTESIAN_POINT('',(-0.0717488319456746,0.076885133217749,0.0532305681958742));
#3085=CARTESIAN_POINT('',(-0.0732973615838816,0.0898903727522562,0.0532305681958742));
#3086=CARTESIAN_POINT('',(-0.076569943234373,0.0933961899734215,0.0532305681958742));
#3087=CARTESIAN_POINT('',(-0.076569943234373,0.0933961899734215,0.0529607918185794));
#3088=CARTESIAN_POINT('',(-0.0763159239939837,0.0934674576002717,0.05274));
#3089=CARTESIAN_POINT('',(-0.0760584040446188,0.0935334155914208,0.05274));
#3090=CARTESIAN_POINT('',(-0.0675947964191437,0.0737368121634754,0.0532305681958742));
#3091=CARTESIAN_POINT('',(-0.0634407608926127,0.076885133217749,0.0532305681958742));
#3092=CARTESIAN_POINT('',(-0.0718730722338544,0.0929124213963259,0.0532305681958742));
#3093=CARTESIAN_POINT('',(-0.0732517697702587,0.0974283733817671,0.0532305681958742));
#3094=CARTESIAN_POINT('',(-0.0732517697702587,0.0974283733817671,0.0530849317598971));
#3095=CARTESIAN_POINT('',(-0.0733041650787094,0.0972683175591775,0.0528177632403477));
#3096=CARTESIAN_POINT('',(-0.0733885987593888,0.0969858288107489,0.05274));
#3097=CARTESIAN_POINT('',(-0.0734272842589202,0.0968477817531012,0.05274));
#3098=CARTESIAN_POINT('',(-0.0642973668838816,0.0780153774522562,0.0532305681958742));
#3099=CARTESIAN_POINT('',(-0.0619378230680286,0.0740899165814633,0.0532305681958742));
#3100=CARTESIAN_POINT('',(-0.0619378230680286,0.0740899165814633,0.0530849317598971));
#3101=CARTESIAN_POINT('',(-0.0618854277595765,0.0742499724040525,0.0528177632403477));
#3102=CARTESIAN_POINT('',(-0.0618009940789014,0.0745324611524823,0.05274));
#3103=CARTESIAN_POINT('',(-0.0617623085793671,0.0746705082101292,0.05274));
#3104=CARTESIAN_POINT('',(-0.0659614611114421,0.0869970409757834,0.0532305681958742));
#3105=CARTESIAN_POINT('',(-0.0717488319456746,0.0946331567454814,0.0532305681958742));
#3106=CARTESIAN_POINT('',(-0.063316520604433,0.0786058685669045,0.0532305681958742));
#3107=CARTESIAN_POINT('',(-0.0586196496039144,0.078122099989809,0.0532305681958742));
#3108=CARTESIAN_POINT('',(-0.0586196496039144,0.078122099989809,0.0529607918185794));
#3109=CARTESIAN_POINT('',(-0.0588736688443033,0.078050832362957,0.05274));
#3110=CARTESIAN_POINT('',(-0.0591311887936686,0.0779848743718097,0.05274));
#3111=CARTESIAN_POINT('',(-0.0675947964191437,0.097781477799755,0.0532305681958742));
#3112=CARTESIAN_POINT('',(-0.0634407608926127,0.0946331567454814,0.0532305681958742));
#3113=CARTESIAN_POINT('',(-0.0659614611114421,0.0869970409757834,0.0532305681958742));
#3114=CARTESIAN_POINT('',(-0.0609234944419034,0.0803497225587704,0.0532305681958742));
#3115=CARTESIAN_POINT('',(-0.0692281317268452,0.0869970409757834,0.0532305681958742));
#3116=CARTESIAN_POINT('',(-0.0619378230680286,0.0974283733817671,0.0532305681958742));
#3117=CARTESIAN_POINT('',(-0.0619378230680286,0.0974283733817671,0.0530849317598971));
#3118=CARTESIAN_POINT('',(-0.0618854277595765,0.0972683175591779,0.0528177632403477));
#3119=CARTESIAN_POINT('',(-0.0618009940789014,0.0969858288107481,0.05274));
#3120=CARTESIAN_POINT('',(-0.0617623085793671,0.0968477817531012,0.05274));
#3121=CARTESIAN_POINT('',(-0.0609234944419034,0.0819938816125488,0.0532305681958742));
#3122=CARTESIAN_POINT('',(-0.0609234944419034,0.09116856740446,0.0532305681958742));
#3123=CARTESIAN_POINT('',(-0.063316520604433,0.0929124213963259,0.0532305681958742));
#3124=CARTESIAN_POINT('',(-0.0586196496039144,0.0933961899734214,0.0532305681958742));
#3125=CARTESIAN_POINT('',(-0.0586196496039144,0.0933961899734214,0.0529607918185794));
#3126=CARTESIAN_POINT('',(-0.0588736688443034,0.0934674576002729,0.05274));
#3127=CARTESIAN_POINT('',(-0.0591311887936686,0.0935334155914208,0.05274));
#3128=CARTESIAN_POINT('',(-0.0618922312544057,0.0898903727522562,0.0532305681958742));
#3129=CARTESIAN_POINT('',(-0.0599423580501549,0.0885357131774894,0.06036));
#3130=CARTESIAN_POINT('',(-0.0599423580501549,0.0885357131774894,0.0598694318041258));
#3131=CARTESIAN_POINT('',(-0.0599423580501549,0.0857591449816153,0.0598694318041258));
#3132=CARTESIAN_POINT('',(-0.0599423580501549,0.082982576785741,0.0598694318041258));
#3133=CARTESIAN_POINT('',(-0.0599423580501549,0.082982576785741,0.06036));
#3134=CARTESIAN_POINT('',(-0.0564326394191437,0.0857591449816152,0.060358));
#3135=CARTESIAN_POINT('',(-0.0787569534191437,0.0857591449816152,0.060358));
#3136=MECHANICAL_DESIGN_GEOMETRIC_PRESENTATION_REPRESENTATION('',(#1851),#3137);
#3137=(
GEOMETRIC_REPRESENTATION_CONTEXT(3)
GLOBAL_UNCERTAINTY_ASSIGNED_CONTEXT((#3138))
GLOBAL_UNIT_ASSIGNED_CONTEXT((#3141,#3140,#3139))
REPRESENTATION_CONTEXT('Part 3','TOP_LEVEL_ASSEMBLY_PART')
);
#3138=UNCERTAINTY_MEASURE_WITH_UNIT(LENGTH_MEASURE(2.E-05),#3141,'DISTANCE_ACCURACY_VALUE','Maximum Tolerance applied to model');
#3139=(
NAMED_UNIT(*)
SI_UNIT($,.STERADIAN.)
SOLID_ANGLE_UNIT()
);
#3140=(
NAMED_UNIT(*)
PLANE_ANGLE_UNIT()
SI_UNIT($,.RADIAN.)
);
#3141=(
LENGTH_UNIT()
NAMED_UNIT(*)
SI_UNIT($,.METRE.)
);
#3142=PRODUCT_DEFINITION_SHAPE('','',#3143);
#3143=PRODUCT_DEFINITION('','',#3145,#3144);
#3144=PRODUCT_DEFINITION_CONTEXT('',#3151,'design');
#3145=PRODUCT_DEFINITION_FORMATION_WITH_SPECIFIED_SOURCE('','',#3147,.NOT_KNOWN.);
#3146=PRODUCT_RELATED_PRODUCT_CATEGORY('','',(#3147));
#3147=PRODUCT('Part 3','Part 3','Part 3',(#3149));
#3148=PRODUCT_CATEGORY('','');
#3149=PRODUCT_CONTEXT('',#3151,'mechanical');
#3150=APPLICATION_PROTOCOL_DEFINITION('international standard','ap242_managed_model_based_3d_engineering',2020,#3151);
#3151=APPLICATION_CONTEXT('managed model based 3d engineering');
ENDSEC;
END-ISO-10303-21;
