ISO-10303-21;
HEADER;
/* Generated by software containing ST-Developer
 * from STEP Tools, Inc. (www.steptools.com) 
 */
/* OPTION: using custom renumber hook */

FILE_DESCRIPTION(
/* description */ ('STEP AP242 Edition 2',
'CAx-IF Rec.Pracs.---Representation and Presentation of Product Manufa
cturing Information (PMI)---4.0---2014-10-13',
'CAx-IF Rec.Pracs.---3D Tessellated Geometry---0.4---2014-09-14','2;1',
'CAx-IF Rec.Pracs.---User Defined Attributes---1.5---2016-08-15'),
/* implementation_level */ '2;1');

FILE_NAME(
/* name */ 'dexi parts - Part 4',
/* time_stamp */ '2026-05-05T21:17:59Z',
/* author */ (''),
/* organization */ (''),
/* preprocessor_version */ 'ST-DEVELOPER v20',
/* originating_system */ 'ONSHAPE BY PTC INC, 1.214',
/* authorisation */ '  ');

FILE_SCHEMA (('AP242_MANAGED_MODEL_BASED_3D_ENGINEERING_MIM_LF { 1 0 10303 442 3 1 4 }'));
ENDSEC;

DATA;
#10=SHAPE_REPRESENTATION_RELATIONSHIP('','',#2295,#11);
#11=ADVANCED_BREP_SHAPE_REPRESENTATION('',(#2293),#4127);
#12=ELLIPSE('',#2471,0.00147425741623269,0.0010424574162327);
#13=ELLIPSE('',#2472,0.00147425741623271,0.0010424574162327);
#14=ELLIPSE('',#2474,0.0014742574162327,0.0010424574162327);
#15=ELLIPSE('',#2476,0.0014742574162327,0.0010424574162327);
#16=(
BOUNDED_SURFACE()
B_SPLINE_SURFACE(3,2,((#3933,#3934,#3935),(#3936,#3937,#3938),(#3939,#3940,
#3941),(#3942,#3943,#3944),(#3945,#3946,#3947),(#3948,#3949,#3950),(#3951,
#3952,#3953)),.UNSPECIFIED.,.F.,.F.,.F.)
B_SPLINE_SURFACE_WITH_KNOTS((4,1,1,1,4),(3,3),(0.0152150297323401,0.0160240247718754,
0.0168330198114106,0.0176420148509459,0.0184510098904811),(0.,1.),
 .UNSPECIFIED.)
GEOMETRIC_REPRESENTATION_ITEM()
RATIONAL_B_SPLINE_SURFACE(((1.,0.538438451809073,1.),(1.,0.538438453736273,
1.),(1.,0.559887838039859,1.),(1.,0.630536075115243,1.),(1.,0.699081192045485,
1.),(1.,0.72231655321922,1.),(1.,0.724882419027873,1.)))
REPRESENTATION_ITEM('')
SURFACE()
);
#17=(
BOUNDED_SURFACE()
B_SPLINE_SURFACE(3,2,((#3957,#3958,#3959),(#3960,#3961,#3962),(#3963,#3964,
#3965),(#3966,#3967,#3968),(#3969,#3970,#3971),(#3972,#3973,#3974),(#3975,
#3976,#3977)),.UNSPECIFIED.,.F.,.F.,.F.)
B_SPLINE_SURFACE_WITH_KNOTS((4,1,1,1,4),(3,3),(0.0152150297323402,0.0160240247718754,
0.0168330198114107,0.0176420148509459,0.0184510098904812),(0.,1.),
 .UNSPECIFIED.)
GEOMETRIC_REPRESENTATION_ITEM()
RATIONAL_B_SPLINE_SURFACE(((1.,0.538438451809078,1.),(1.,0.538438453732459,
1.),(1.,0.559887838041662,1.),(1.,0.630536075114666,1.),(1.,0.699081192046034,
1.),(1.,0.722316553218342,1.),(1.,0.724882419027873,1.)))
REPRESENTATION_ITEM('')
SURFACE()
);
#18=(
BOUNDED_SURFACE()
B_SPLINE_SURFACE(3,2,((#3978,#3979,#3980),(#3981,#3982,#3983),(#3984,#3985,
#3986),(#3987,#3988,#3989),(#3990,#3991,#3992),(#3993,#3994,#3995),(#3996,
#3997,#3998)),.UNSPECIFIED.,.F.,.F.,.F.)
B_SPLINE_SURFACE_WITH_KNOTS((4,1,1,1,4),(3,3),(0.0152150297323401,0.0160240247718754,
0.0168330198114106,0.0176420148509459,0.0184510098904811),(0.,1.),
 .UNSPECIFIED.)
GEOMETRIC_REPRESENTATION_ITEM()
RATIONAL_B_SPLINE_SURFACE(((1.,0.538438451809078,1.),(1.,0.538438453733966,
1.),(1.,0.55988783804088,1.),(1.,0.630536075115128,1.),(1.,0.699081192044925,
1.),(1.,0.722316553220591,1.),(1.,0.724882419027869,1.)))
REPRESENTATION_ITEM('')
SURFACE()
);
#19=(
BOUNDED_SURFACE()
B_SPLINE_SURFACE(3,2,((#4002,#4003,#4004),(#4005,#4006,#4007),(#4008,#4009,
#4010),(#4011,#4012,#4013),(#4014,#4015,#4016),(#4017,#4018,#4019),(#4020,
#4021,#4022)),.UNSPECIFIED.,.F.,.F.,.F.)
B_SPLINE_SURFACE_WITH_KNOTS((4,1,1,1,4),(3,3),(0.01521502973234,0.0160240247718753,
0.0168330198114106,0.0176420148509459,0.0184510098904812),(0.,1.),
 .UNSPECIFIED.)
GEOMETRIC_REPRESENTATION_ITEM()
RATIONAL_B_SPLINE_SURFACE(((1.,0.538438451809078,1.),(1.,0.538438453733966,
1.),(1.,0.559887838040917,1.),(1.,0.630536075115032,1.),(1.,0.69908119204533,
1.),(1.,0.722316553219765,1.),(1.,0.724882419027875,1.)))
REPRESENTATION_ITEM('')
SURFACE()
);
#20=(
BOUNDED_SURFACE()
B_SPLINE_SURFACE(3,2,((#4023,#4024,#4025),(#4026,#4027,#4028),(#4029,#4030,
#4031),(#4032,#4033,#4034),(#4035,#4036,#4037)),.UNSPECIFIED.,.F.,.F.,.F.)
B_SPLINE_SURFACE_WITH_KNOTS((4,1,4),(3,3),(1.16985414411186E-16,0.0016423262693339,
0.00328465253866769),(0.,1.),.UNSPECIFIED.)
GEOMETRIC_REPRESENTATION_ITEM()
RATIONAL_B_SPLINE_SURFACE(((1.,0.93113259229311,1.),(1.,0.931132589295439,
1.),(1.,0.885701024863458,1.),(1.,0.805843587536567,1.),(1.,0.768995135117656,
1.)))
REPRESENTATION_ITEM('')
SURFACE()
);
#21=(
BOUNDED_SURFACE()
B_SPLINE_SURFACE(3,2,((#4041,#4042,#4043),(#4044,#4045,#4046),(#4047,#4048,
#4049),(#4050,#4051,#4052),(#4053,#4054,#4055)),.UNSPECIFIED.,.F.,.F.,.F.)
B_SPLINE_SURFACE_WITH_KNOTS((4,1,4),(3,3),(-5.42101086242752E-18,0.00164232626933381,
0.00328465253866762),(0.,1.),.UNSPECIFIED.)
GEOMETRIC_REPRESENTATION_ITEM()
RATIONAL_B_SPLINE_SURFACE(((1.,0.93113259229311,1.),(1.,0.931132589295439,
1.),(1.,0.885701024861332,1.),(1.,0.805843587540806,1.),(1.,0.768995135117645,
1.)))
REPRESENTATION_ITEM('')
SURFACE()
);
#22=(
BOUNDED_SURFACE()
B_SPLINE_SURFACE(3,2,((#4056,#4057,#4058),(#4059,#4060,#4061),(#4062,#4063,
#4064),(#4065,#4066,#4067),(#4068,#4069,#4070)),.UNSPECIFIED.,.F.,.F.,.F.)
B_SPLINE_SURFACE_WITH_KNOTS((4,1,4),(3,3),(-3.14418630020796E-18,0.00164232626933379,
0.00328465253866759),(0.,1.),.UNSPECIFIED.)
GEOMETRIC_REPRESENTATION_ITEM()
RATIONAL_B_SPLINE_SURFACE(((1.,0.931132592293109,1.),(1.,0.931132589296243,
1.),(1.,0.885701024860714,1.),(1.,0.805843587541233,1.),(1.,0.768995135117644,
1.)))
REPRESENTATION_ITEM('')
SURFACE()
);
#23=(
BOUNDED_SURFACE()
B_SPLINE_SURFACE(3,2,((#4074,#4075,#4076),(#4077,#4078,#4079),(#4080,#4081,
#4082),(#4083,#4084,#4085),(#4086,#4087,#4088)),.UNSPECIFIED.,.F.,.F.,.F.)
B_SPLINE_SURFACE_WITH_KNOTS((4,1,4),(3,3),(1.19479079407903E-16,0.0016423262693339,
0.00328465253866769),(0.,1.),.UNSPECIFIED.)
GEOMETRIC_REPRESENTATION_ITEM()
RATIONAL_B_SPLINE_SURFACE(((1.,0.931132592293109,1.),(1.,0.931132589296243,
1.),(1.,0.885701024860442,1.),(1.,0.805843587541789,1.),(1.,0.768995135117649,
1.)))
REPRESENTATION_ITEM('')
SURFACE()
);
#24=SPHERICAL_SURFACE('',#2415,0.0042926);
#25=SPHERICAL_SURFACE('',#2419,0.0042926);
#26=SPHERICAL_SURFACE('',#2424,0.0042926);
#27=SPHERICAL_SURFACE('',#2428,0.0042926);
#28=B_SPLINE_SURFACE_WITH_KNOTS('',3,1,((#3551,#3552),(#3553,#3554),(#3555,
#3556),(#3557,#3558)),.SURF_OF_LINEAR_EXTRUSION.,.F.,.F.,.F.,(4,4),(2,2),
(0.,1.),(0.,1.),.PIECEWISE_BEZIER_KNOTS.);
#29=B_SPLINE_SURFACE_WITH_KNOTS('',3,1,((#3571,#3572),(#3573,#3574),(#3575,
#3576),(#3577,#3578)),.SURF_OF_LINEAR_EXTRUSION.,.F.,.F.,.F.,(4,4),(2,2),
(0.,1.),(0.,1.),.PIECEWISE_BEZIER_KNOTS.);
#30=B_SPLINE_SURFACE_WITH_KNOTS('',3,1,((#3588,#3589),(#3590,#3591),(#3592,
#3593),(#3594,#3595)),.SURF_OF_LINEAR_EXTRUSION.,.F.,.F.,.F.,(4,4),(2,2),
(0.,1.),(0.,1.),.PIECEWISE_BEZIER_KNOTS.);
#31=B_SPLINE_SURFACE_WITH_KNOTS('',3,1,((#3605,#3606),(#3607,#3608),(#3609,
#3610),(#3611,#3612)),.SURF_OF_LINEAR_EXTRUSION.,.F.,.F.,.F.,(4,4),(2,2),
(0.,1.),(0.,1.),.PIECEWISE_BEZIER_KNOTS.);
#32=B_SPLINE_SURFACE_WITH_KNOTS('',3,1,((#3640,#3641),(#3642,#3643),(#3644,
#3645),(#3646,#3647)),.SURF_OF_LINEAR_EXTRUSION.,.F.,.F.,.F.,(4,4),(2,2),
(0.,1.),(0.,1.),.PIECEWISE_BEZIER_KNOTS.);
#33=B_SPLINE_SURFACE_WITH_KNOTS('',3,1,((#3655,#3656),(#3657,#3658),(#3659,
#3660),(#3661,#3662)),.SURF_OF_LINEAR_EXTRUSION.,.F.,.F.,.F.,(4,4),(2,2),
(0.,1.),(0.,1.),.PIECEWISE_BEZIER_KNOTS.);
#34=B_SPLINE_SURFACE_WITH_KNOTS('',3,1,((#3668,#3669),(#3670,#3671),(#3672,
#3673),(#3674,#3675)),.SURF_OF_LINEAR_EXTRUSION.,.F.,.F.,.F.,(4,4),(2,2),
(0.,1.),(0.,1.),.PIECEWISE_BEZIER_KNOTS.);
#35=B_SPLINE_SURFACE_WITH_KNOTS('',3,1,((#3693,#3694),(#3695,#3696),(#3697,
#3698),(#3699,#3700)),.SURF_OF_LINEAR_EXTRUSION.,.F.,.F.,.F.,(4,4),(2,2),
(0.,1.),(0.,1.),.PIECEWISE_BEZIER_KNOTS.);
#36=B_SPLINE_SURFACE_WITH_KNOTS('',3,1,((#3706,#3707),(#3708,#3709),(#3710,
#3711),(#3712,#3713)),.SURF_OF_LINEAR_EXTRUSION.,.F.,.F.,.F.,(4,4),(2,2),
(0.,1.),(0.,1.),.PIECEWISE_BEZIER_KNOTS.);
#37=B_SPLINE_SURFACE_WITH_KNOTS('',3,1,((#3717,#3718),(#3719,#3720),(#3721,
#3722),(#3723,#3724)),.SURF_OF_LINEAR_EXTRUSION.,.F.,.F.,.F.,(4,4),(2,2),
(0.,1.),(0.,1.),.PIECEWISE_BEZIER_KNOTS.);
#38=TOROIDAL_SURFACE('',#2349,0.0058981502795529,0.000674531269327043);
#39=TOROIDAL_SURFACE('',#2353,0.00589815027955317,0.000674531269327043);
#40=TOROIDAL_SURFACE('',#2357,0.0058981502795529,0.000674531269327043);
#41=TOROIDAL_SURFACE('',#2361,0.00589815027955317,0.000674531269327043);
#42=TOROIDAL_SURFACE('',#2449,0.00169053126932704,0.001016);
#43=TOROIDAL_SURFACE('',#2453,0.00169053126932704,0.001016);
#44=TOROIDAL_SURFACE('',#2454,0.00169053126932704,0.001016);
#45=TOROIDAL_SURFACE('',#2458,0.00169053126932704,0.001016);
#46=TOROIDAL_SURFACE('',#2461,0.001524,0.001016);
#47=TOROIDAL_SURFACE('',#2466,0.001524,0.001016);
#48=CYLINDRICAL_SURFACE('',#2311,0.00151362646044);
#49=CYLINDRICAL_SURFACE('',#2314,0.001397);
#50=CYLINDRICAL_SURFACE('',#2331,0.00254);
#51=CYLINDRICAL_SURFACE('',#2336,0.00254);
#52=CYLINDRICAL_SURFACE('',#2339,0.00522361901022586);
#53=CYLINDRICAL_SURFACE('',#2342,0.00522361901022613);
#54=CYLINDRICAL_SURFACE('',#2346,0.000674531269327043);
#55=CYLINDRICAL_SURFACE('',#2350,0.000674531269327043);
#56=CYLINDRICAL_SURFACE('',#2354,0.000674531269327043);
#57=CYLINDRICAL_SURFACE('',#2358,0.000674531269327043);
#58=CYLINDRICAL_SURFACE('',#2405,0.0042926);
#59=CYLINDRICAL_SURFACE('',#2407,0.0042926);
#60=CYLINDRICAL_SURFACE('',#2409,0.0042926);
#61=CYLINDRICAL_SURFACE('',#2411,0.0042926);
#62=CYLINDRICAL_SURFACE('',#2413,0.0042926);
#63=CYLINDRICAL_SURFACE('',#2417,0.0042926);
#64=CYLINDRICAL_SURFACE('',#2421,0.0042926);
#65=CYLINDRICAL_SURFACE('',#2422,0.0042926);
#66=CYLINDRICAL_SURFACE('',#2426,0.0042926);
#67=CYLINDRICAL_SURFACE('',#2430,0.0042926);
#68=CYLINDRICAL_SURFACE('',#2433,0.00127);
#69=CYLINDRICAL_SURFACE('',#2434,0.00127);
#70=CYLINDRICAL_SURFACE('',#2435,0.00127);
#71=CYLINDRICAL_SURFACE('',#2436,0.00127);
#72=CYLINDRICAL_SURFACE('',#2438,0.00127);
#73=CYLINDRICAL_SURFACE('',#2441,0.00127);
#74=CYLINDRICAL_SURFACE('',#2444,0.00127);
#75=CYLINDRICAL_SURFACE('',#2447,0.00127);
#76=CYLINDRICAL_SURFACE('',#2451,0.001016);
#77=CYLINDRICAL_SURFACE('',#2456,0.001016);
#78=CYLINDRICAL_SURFACE('',#2459,0.001016);
#79=CYLINDRICAL_SURFACE('',#2463,0.001016);
#80=CYLINDRICAL_SURFACE('',#2464,0.001016);
#81=CYLINDRICAL_SURFACE('',#2468,0.001016);
#82=CYLINDRICAL_SURFACE('',#2470,0.0010424574162327);
#83=CYLINDRICAL_SURFACE('',#2473,0.0010424574162327);
#84=CYLINDRICAL_SURFACE('',#2475,0.0010424574162327);
#85=CYLINDRICAL_SURFACE('',#2477,0.0010424574162327);
#86=B_SPLINE_CURVE_WITH_KNOTS('',3,(#3099,#3100,#3101,#3102),
 .UNSPECIFIED.,.F.,.F.,(4,4),(0.,0.00167824366812549),.UNSPECIFIED.);
#87=B_SPLINE_CURVE_WITH_KNOTS('',3,(#3108,#3109,#3110,#3111,#3112),
 .UNSPECIFIED.,.F.,.F.,(4,1,4),(0.,0.000565412428580487,0.00113082485716097),
 .UNSPECIFIED.);
#88=B_SPLINE_CURVE_WITH_KNOTS('',3,(#3116,#3117,#3118,#3119,#3120),
 .UNSPECIFIED.,.F.,.F.,(4,1,4),(0.,0.000907378749428128,0.00181475749885626),
 .UNSPECIFIED.);
#89=B_SPLINE_CURVE_WITH_KNOTS('',3,(#3125,#3126,#3127,#3128),
 .UNSPECIFIED.,.F.,.F.,(4,4),(0.,0.00167935812896392),.UNSPECIFIED.);
#90=B_SPLINE_CURVE_WITH_KNOTS('',3,(#3132,#3133,#3134,#3135,#3136),
 .UNSPECIFIED.,.F.,.F.,(4,1,4),(0.,0.000906236936234414,0.00181247387246883),
 .UNSPECIFIED.);
#91=B_SPLINE_CURVE_WITH_KNOTS('',3,(#3140,#3141,#3142,#3143,#3144),
 .UNSPECIFIED.,.F.,.F.,(4,1,4),(0.,0.000565285666884944,0.00113057133376989),
 .UNSPECIFIED.);
#92=B_SPLINE_CURVE_WITH_KNOTS('',2,(#3247,#3248,#3249),.UNSPECIFIED.,.F.,
 .F.,(3,3),(0.,1.),.PIECEWISE_BEZIER_KNOTS.);
#93=B_SPLINE_CURVE_WITH_KNOTS('',2,(#3252,#3253,#3254),.UNSPECIFIED.,.F.,
 .F.,(3,3),(0.,1.),.PIECEWISE_BEZIER_KNOTS.);
#94=B_SPLINE_CURVE_WITH_KNOTS('',2,(#3256,#3257,#3258),.UNSPECIFIED.,.F.,
 .F.,(3,3),(0.,1.),.PIECEWISE_BEZIER_KNOTS.);
#95=B_SPLINE_CURVE_WITH_KNOTS('',2,(#3260,#3261,#3262),.UNSPECIFIED.,.F.,
 .F.,(3,3),(0.,1.),.PIECEWISE_BEZIER_KNOTS.);
#96=B_SPLINE_CURVE_WITH_KNOTS('',2,(#3270,#3271,#3272),.UNSPECIFIED.,.F.,
 .F.,(3,3),(0.,1.),.PIECEWISE_BEZIER_KNOTS.);
#97=B_SPLINE_CURVE_WITH_KNOTS('',3,(#3277,#3278,#3279,#3280),
 .UNSPECIFIED.,.F.,.F.,(4,4),(0.,0.00167935812896389),.UNSPECIFIED.);
#98=B_SPLINE_CURVE_WITH_KNOTS('',3,(#3284,#3285,#3286,#3287,#3288),
 .UNSPECIFIED.,.F.,.F.,(4,1,4),(0.,0.000906236936234464,0.00181247387246893),
 .UNSPECIFIED.);
#99=B_SPLINE_CURVE_WITH_KNOTS('',3,(#3292,#3293,#3294,#3295,#3296),
 .UNSPECIFIED.,.F.,.F.,(4,1,4),(0.,0.000565285666884934,0.00113057133376987),
 .UNSPECIFIED.);
#100=B_SPLINE_CURVE_WITH_KNOTS('',3,(#3333,#3334,#3335,#3336),
 .UNSPECIFIED.,.F.,.F.,(4,4),(0.,0.00167824366812552),.UNSPECIFIED.);
#101=B_SPLINE_CURVE_WITH_KNOTS('',3,(#3339,#3340,#3341,#3342,#3343),
 .UNSPECIFIED.,.F.,.F.,(4,1,4),(0.,0.000565412428580473,0.00113082485716095),
 .UNSPECIFIED.);
#102=B_SPLINE_CURVE_WITH_KNOTS('',3,(#3347,#3348,#3349,#3350,#3351),
 .UNSPECIFIED.,.F.,.F.,(4,1,4),(9.81773054888046E-17,0.000907378749428164,
0.00181475749885623),.UNSPECIFIED.);
#103=B_SPLINE_CURVE_WITH_KNOTS('',3,(#3356,#3357,#3358,#3359),
 .UNSPECIFIED.,.F.,.F.,(4,4),(5.7219584981528E-17,0.0028287657207903),
 .UNSPECIFIED.);
#104=B_SPLINE_CURVE_WITH_KNOTS('',3,(#3363,#3364,#3365,#3366),
 .UNSPECIFIED.,.F.,.F.,(4,4),(0.,0.00281309290993763),.UNSPECIFIED.);
#105=B_SPLINE_CURVE_WITH_KNOTS('',3,(#3373,#3374,#3375,#3376),
 .UNSPECIFIED.,.F.,.F.,(4,4),(6.50521303491303E-19,0.00282876572079035),
 .UNSPECIFIED.);
#106=B_SPLINE_CURVE_WITH_KNOTS('',3,(#3380,#3381,#3382,#3383),
 .UNSPECIFIED.,.F.,.F.,(4,4),(0.,0.00281309290993754),.UNSPECIFIED.);
#107=B_SPLINE_CURVE_WITH_KNOTS('',3,(#3399,#3400,#3401,#3402),
 .UNSPECIFIED.,.F.,.F.,(4,4),(0.,0.00519320883047173),.UNSPECIFIED.);
#108=B_SPLINE_CURVE_WITH_KNOTS('',3,(#3410,#3411,#3412,#3413),
 .UNSPECIFIED.,.F.,.F.,(4,4),(0.,0.00519320883047186),.UNSPECIFIED.);
#109=B_SPLINE_CURVE_WITH_KNOTS('',3,(#3421,#3422,#3423,#3424),
 .UNSPECIFIED.,.F.,.F.,(4,4),(0.,0.00519320883047179),.UNSPECIFIED.);
#110=B_SPLINE_CURVE_WITH_KNOTS('',3,(#3432,#3433,#3434,#3435),
 .UNSPECIFIED.,.F.,.F.,(4,4),(0.,0.00519320883047192),.UNSPECIFIED.);
#111=B_SPLINE_CURVE_WITH_KNOTS('',2,(#3559,#3560,#3561),.UNSPECIFIED.,.F.,
 .F.,(3,3),(0.,1.),.PIECEWISE_BEZIER_KNOTS.);
#112=B_SPLINE_CURVE_WITH_KNOTS('',2,(#3566,#3567,#3568),.UNSPECIFIED.,.F.,
 .F.,(3,3),(0.,1.),.PIECEWISE_BEZIER_KNOTS.);
#113=B_SPLINE_CURVE_WITH_KNOTS('',2,(#3579,#3580,#3581),.UNSPECIFIED.,.F.,
 .F.,(3,3),(0.,1.),.PIECEWISE_BEZIER_KNOTS.);
#114=B_SPLINE_CURVE_WITH_KNOTS('',2,(#3585,#3586,#3587),.UNSPECIFIED.,.F.,
 .F.,(3,3),(0.,1.),.PIECEWISE_BEZIER_KNOTS.);
#115=B_SPLINE_CURVE_WITH_KNOTS('',2,(#3596,#3597,#3598),.UNSPECIFIED.,.F.,
 .F.,(3,3),(0.,1.),.PIECEWISE_BEZIER_KNOTS.);
#116=B_SPLINE_CURVE_WITH_KNOTS('',2,(#3602,#3603,#3604),.UNSPECIFIED.,.F.,
 .F.,(3,3),(0.,1.),.PIECEWISE_BEZIER_KNOTS.);
#117=B_SPLINE_CURVE_WITH_KNOTS('',2,(#3613,#3614,#3615),.UNSPECIFIED.,.F.,
 .F.,(3,3),(0.,1.),.PIECEWISE_BEZIER_KNOTS.);
#118=B_SPLINE_CURVE_WITH_KNOTS('',2,(#3619,#3620,#3621),.UNSPECIFIED.,.F.,
 .F.,(3,3),(0.,1.),.PIECEWISE_BEZIER_KNOTS.);
#119=B_SPLINE_CURVE_WITH_KNOTS('',2,(#3650,#3651,#3652),.UNSPECIFIED.,.F.,
 .F.,(3,3),(0.,1.),.PIECEWISE_BEZIER_KNOTS.);
#120=B_SPLINE_CURVE_WITH_KNOTS('',2,(#3665,#3666,#3667),.UNSPECIFIED.,.F.,
 .F.,(3,3),(0.,1.),.PIECEWISE_BEZIER_KNOTS.);
#121=B_SPLINE_CURVE_WITH_KNOTS('',2,(#3678,#3679,#3680),.UNSPECIFIED.,.F.,
 .F.,(3,3),(0.,1.),.PIECEWISE_BEZIER_KNOTS.);
#122=B_SPLINE_CURVE_WITH_KNOTS('',2,(#3703,#3704,#3705),.UNSPECIFIED.,.F.,
 .F.,(3,3),(0.,1.),.PIECEWISE_BEZIER_KNOTS.);
#123=B_SPLINE_CURVE_WITH_KNOTS('',2,(#3714,#3715,#3716),.UNSPECIFIED.,.F.,
 .F.,(3,3),(0.,1.),.PIECEWISE_BEZIER_KNOTS.);
#124=B_SPLINE_CURVE_WITH_KNOTS('',2,(#3725,#3726,#3727),.UNSPECIFIED.,.F.,
 .F.,(3,3),(0.,1.),.PIECEWISE_BEZIER_KNOTS.);
#125=B_SPLINE_CURVE_WITH_KNOTS('',2,(#3728,#3729,#3730),.UNSPECIFIED.,.F.,
 .F.,(3,3),(0.,1.),.PIECEWISE_BEZIER_KNOTS.);
#126=B_SPLINE_CURVE_WITH_KNOTS('',3,(#3744,#3745,#3746,#3747),
 .UNSPECIFIED.,.F.,.F.,(4,4),(0.,0.000857277501080879),.UNSPECIFIED.);
#127=B_SPLINE_CURVE_WITH_KNOTS('',3,(#3749,#3750,#3751,#3752),
 .UNSPECIFIED.,.F.,.F.,(4,4),(0.,0.000857277501080713),.UNSPECIFIED.);
#128=B_SPLINE_CURVE_WITH_KNOTS('',3,(#3756,#3757,#3758,#3759),
 .UNSPECIFIED.,.F.,.F.,(4,4),(0.,0.000857277501081516),.UNSPECIFIED.);
#129=B_SPLINE_CURVE_WITH_KNOTS('',3,(#3765,#3766,#3767,#3768),
 .UNSPECIFIED.,.F.,.F.,(4,4),(0.,0.000857277501081686),.UNSPECIFIED.);
#130=B_SPLINE_CURVE_WITH_KNOTS('',3,(#3771,#3772,#3773,#3774,#3775),
 .UNSPECIFIED.,.F.,.F.,(4,1,4),(1.65990467397649E-16,0.000796075447521451,
0.00159215089504274),.UNSPECIFIED.);
#131=B_SPLINE_CURVE_WITH_KNOTS('',3,(#3776,#3777,#3778,#3779,#3780),
 .UNSPECIFIED.,.F.,.F.,(4,1,4),(0.,0.00160011371945126,0.00320022743890252),
 .UNSPECIFIED.);
#132=B_SPLINE_CURVE_WITH_KNOTS('',3,(#3784,#3785,#3786,#3787),
 .UNSPECIFIED.,.F.,.F.,(4,4),(0.,0.00145531566588144),.UNSPECIFIED.);
#133=B_SPLINE_CURVE_WITH_KNOTS('',3,(#3792,#3793,#3794,#3795),
 .UNSPECIFIED.,.F.,.F.,(4,4),(0.,0.00138802924454275),.UNSPECIFIED.);
#134=B_SPLINE_CURVE_WITH_KNOTS('',3,(#3798,#3799,#3800,#3801),
 .UNSPECIFIED.,.F.,.F.,(4,4),(0.,0.00139873376608487),.UNSPECIFIED.);
#135=B_SPLINE_CURVE_WITH_KNOTS('',3,(#3803,#3804,#3805,#3806),
 .UNSPECIFIED.,.F.,.F.,(4,4),(0.,0.00145531566588137),.UNSPECIFIED.);
#136=B_SPLINE_CURVE_WITH_KNOTS('',3,(#3809,#3810,#3811,#3812,#3813),
 .UNSPECIFIED.,.F.,.F.,(4,1,4),(0.,0.00160011371945125,0.00320022743890251),
 .UNSPECIFIED.);
#137=B_SPLINE_CURVE_WITH_KNOTS('',3,(#3814,#3815,#3816,#3817,#3818),
 .UNSPECIFIED.,.F.,.F.,(4,1,4),(0.,0.000796164804216191,0.00159232960843238),
 .UNSPECIFIED.);
#138=B_SPLINE_CURVE_WITH_KNOTS('',3,(#3821,#3822,#3823,#3824,#3825),
 .UNSPECIFIED.,.F.,.F.,(4,1,4),(0.,0.00160011371945126,0.00320022743890251),
 .UNSPECIFIED.);
#139=B_SPLINE_CURVE_WITH_KNOTS('',3,(#3826,#3827,#3828,#3829,#3830),
 .UNSPECIFIED.,.F.,.F.,(4,1,4),(0.,0.00079616480421621,0.00159232960843242),
 .UNSPECIFIED.);
#140=B_SPLINE_CURVE_WITH_KNOTS('',3,(#3832,#3833,#3834,#3835),
 .UNSPECIFIED.,.F.,.F.,(4,4),(0.,0.00145531566588208),.UNSPECIFIED.);
#141=B_SPLINE_CURVE_WITH_KNOTS('',3,(#3842,#3843,#3844,#3845),
 .UNSPECIFIED.,.F.,.F.,(4,4),(0.,0.00138802924454277),.UNSPECIFIED.);
#142=B_SPLINE_CURVE_WITH_KNOTS('',3,(#3848,#3849,#3850,#3851),
 .UNSPECIFIED.,.F.,.F.,(4,4),(0.,0.00139873376608477),.UNSPECIFIED.);
#143=B_SPLINE_CURVE_WITH_KNOTS('',3,(#3853,#3854,#3855,#3856),
 .UNSPECIFIED.,.F.,.F.,(4,4),(0.,0.00145531566588208),.UNSPECIFIED.);
#144=B_SPLINE_CURVE_WITH_KNOTS('',3,(#3859,#3860,#3861,#3862,#3863),
 .UNSPECIFIED.,.F.,.F.,(4,1,4),(1.65990467397649E-16,0.000796075447521456,
0.00159215089504275),.UNSPECIFIED.);
#145=B_SPLINE_CURVE_WITH_KNOTS('',3,(#3864,#3865,#3866,#3867,#3868),
 .UNSPECIFIED.,.F.,.F.,(4,1,4),(0.,0.00160011371945125,0.0032002274389025),
 .UNSPECIFIED.);
#146=B_SPLINE_CURVE_WITH_KNOTS('',3,(#3888,#3889,#3890,#3891),
 .UNSPECIFIED.,.F.,.F.,(4,4),(0.,0.00153339227104091),.UNSPECIFIED.);
#147=B_SPLINE_CURVE_WITH_KNOTS('',3,(#3892,#3893,#3894,#3895,#3896,#3897),
 .UNSPECIFIED.,.F.,.F.,(4,1,1,4),(0.,0.000498036468337338,0.000996072936674676,
0.00199214587334935),.UNSPECIFIED.);
#148=B_SPLINE_CURVE_WITH_KNOTS('',3,(#3899,#3900,#3901,#3902,#3903),
 .UNSPECIFIED.,.F.,.F.,(4,1,4),(0.,0.000761198593423731,0.00152239718684746),
 .UNSPECIFIED.);
#149=B_SPLINE_CURVE_WITH_KNOTS('',3,(#3904,#3905,#3906,#3907,#3908,#3909),
 .UNSPECIFIED.,.F.,.F.,(4,1,1,4),(0.,0.000995420420411525,0.00149313063061729,
0.00199084084082305),.UNSPECIFIED.);
#150=B_SPLINE_CURVE_WITH_KNOTS('',3,(#3911,#3912,#3913,#3914),
 .UNSPECIFIED.,.F.,.F.,(4,4),(0.,0.00153339227104107),.UNSPECIFIED.);
#151=B_SPLINE_CURVE_WITH_KNOTS('',3,(#3915,#3916,#3917,#3918,#3919,#3920),
 .UNSPECIFIED.,.F.,.F.,(4,1,1,4),(0.,0.000498036468337325,0.00099607293667465,
0.0019921458733493),.UNSPECIFIED.);
#152=B_SPLINE_CURVE_WITH_KNOTS('',3,(#3922,#3923,#3924,#3925,#3926),
 .UNSPECIFIED.,.F.,.F.,(4,1,4),(0.,0.000761198593423692,0.00152239718684738),
 .UNSPECIFIED.);
#153=B_SPLINE_CURVE_WITH_KNOTS('',3,(#3927,#3928,#3929,#3930,#3931,#3932),
 .UNSPECIFIED.,.F.,.F.,(4,1,1,4),(0.,0.000995420420411443,0.00149313063061716,
0.00199084084082289),.UNSPECIFIED.);
#154=CIRCLE('',#2298,0.0042926);
#155=CIRCLE('',#2299,0.00169053126932704);
#156=CIRCLE('',#2300,0.00169053126932704);
#157=CIRCLE('',#2301,0.0042926);
#158=CIRCLE('',#2303,0.0042926);
#159=CIRCLE('',#2304,0.00169053126932704);
#160=CIRCLE('',#2305,0.00169053126932704);
#161=CIRCLE('',#2306,0.0042926);
#162=CIRCLE('',#2308,0.0042926);
#163=CIRCLE('',#2310,0.0042926);
#164=CIRCLE('',#2312,0.00151362646044);
#165=CIRCLE('',#2313,0.00151362646044);
#166=CIRCLE('',#2315,0.001397);
#167=CIRCLE('',#2316,0.001397);
#168=CIRCLE('',#2319,0.001524);
#169=CIRCLE('',#2320,0.001524);
#170=CIRCLE('',#2322,0.0042926);
#171=CIRCLE('',#2324,0.0058981502795529);
#172=CIRCLE('',#2326,0.0058981502795529);
#173=CIRCLE('',#2328,0.00589815027955317);
#174=CIRCLE('',#2330,0.00589815027955317);
#175=CIRCLE('',#2332,0.00254);
#176=CIRCLE('',#2333,0.00254);
#177=CIRCLE('',#2335,0.0042926);
#178=CIRCLE('',#2337,0.00254);
#179=CIRCLE('',#2338,0.00254);
#180=CIRCLE('',#2340,0.00522361901022586);
#181=CIRCLE('',#2341,0.00522361901022586);
#182=CIRCLE('',#2343,0.00522361901022613);
#183=CIRCLE('',#2344,0.00522361901022613);
#184=CIRCLE('',#2347,0.000674531269327043);
#185=CIRCLE('',#2348,0.000674531269327043);
#186=CIRCLE('',#2351,0.000674531269327043);
#187=CIRCLE('',#2352,0.000674531269327043);
#188=CIRCLE('',#2355,0.000674531269327043);
#189=CIRCLE('',#2356,0.000674531269327043);
#190=CIRCLE('',#2359,0.000674531269327043);
#191=CIRCLE('',#2360,0.000674531269327043);
#192=CIRCLE('',#2406,0.0042926);
#193=CIRCLE('',#2408,0.0042926);
#194=CIRCLE('',#2410,0.0042926);
#195=CIRCLE('',#2412,0.0042926);
#196=CIRCLE('',#2414,0.0042926);
#197=CIRCLE('',#2416,0.0042926);
#198=CIRCLE('',#2418,0.0042926);
#199=CIRCLE('',#2420,0.0042926);
#200=CIRCLE('',#2423,0.0042926);
#201=CIRCLE('',#2425,0.0042926);
#202=CIRCLE('',#2427,0.0042926);
#203=CIRCLE('',#2429,0.0042926);
#204=CIRCLE('',#2437,0.00127);
#205=CIRCLE('',#2439,0.00127);
#206=CIRCLE('',#2440,0.00127);
#207=CIRCLE('',#2442,0.00127);
#208=CIRCLE('',#2443,0.00127);
#209=CIRCLE('',#2445,0.00127);
#210=CIRCLE('',#2446,0.00127);
#211=CIRCLE('',#2448,0.00127);
#212=CIRCLE('',#2450,0.001016);
#213=CIRCLE('',#2452,0.001016);
#214=CIRCLE('',#2455,0.001016);
#215=CIRCLE('',#2457,0.001016);
#216=CIRCLE('',#2460,0.001016);
#217=CIRCLE('',#2462,0.001016);
#218=CIRCLE('',#2465,0.001016);
#219=CIRCLE('',#2467,0.001016);
#220=ORIENTED_EDGE('',*,*,#884,.T.);
#221=ORIENTED_EDGE('',*,*,#885,.T.);
#222=ORIENTED_EDGE('',*,*,#886,.F.);
#223=ORIENTED_EDGE('',*,*,#887,.T.);
#224=ORIENTED_EDGE('',*,*,#888,.F.);
#225=ORIENTED_EDGE('',*,*,#889,.T.);
#226=ORIENTED_EDGE('',*,*,#890,.T.);
#227=ORIENTED_EDGE('',*,*,#891,.T.);
#228=ORIENTED_EDGE('',*,*,#892,.T.);
#229=ORIENTED_EDGE('',*,*,#893,.T.);
#230=ORIENTED_EDGE('',*,*,#894,.T.);
#231=ORIENTED_EDGE('',*,*,#895,.T.);
#232=ORIENTED_EDGE('',*,*,#896,.T.);
#233=ORIENTED_EDGE('',*,*,#897,.T.);
#234=ORIENTED_EDGE('',*,*,#898,.T.);
#235=ORIENTED_EDGE('',*,*,#899,.T.);
#236=ORIENTED_EDGE('',*,*,#900,.F.);
#237=ORIENTED_EDGE('',*,*,#901,.F.);
#238=ORIENTED_EDGE('',*,*,#902,.F.);
#239=ORIENTED_EDGE('',*,*,#903,.T.);
#240=ORIENTED_EDGE('',*,*,#904,.T.);
#241=ORIENTED_EDGE('',*,*,#905,.T.);
#242=ORIENTED_EDGE('',*,*,#906,.T.);
#243=ORIENTED_EDGE('',*,*,#907,.T.);
#244=ORIENTED_EDGE('',*,*,#908,.T.);
#245=ORIENTED_EDGE('',*,*,#909,.T.);
#246=ORIENTED_EDGE('',*,*,#910,.T.);
#247=ORIENTED_EDGE('',*,*,#911,.F.);
#248=ORIENTED_EDGE('',*,*,#912,.T.);
#249=ORIENTED_EDGE('',*,*,#913,.T.);
#250=ORIENTED_EDGE('',*,*,#914,.T.);
#251=ORIENTED_EDGE('',*,*,#915,.F.);
#252=ORIENTED_EDGE('',*,*,#916,.T.);
#253=ORIENTED_EDGE('',*,*,#917,.T.);
#254=ORIENTED_EDGE('',*,*,#918,.T.);
#255=ORIENTED_EDGE('',*,*,#919,.T.);
#256=ORIENTED_EDGE('',*,*,#920,.T.);
#257=ORIENTED_EDGE('',*,*,#921,.T.);
#258=ORIENTED_EDGE('',*,*,#922,.T.);
#259=ORIENTED_EDGE('',*,*,#923,.T.);
#260=ORIENTED_EDGE('',*,*,#924,.T.);
#261=ORIENTED_EDGE('',*,*,#925,.F.);
#262=ORIENTED_EDGE('',*,*,#926,.T.);
#263=ORIENTED_EDGE('',*,*,#927,.T.);
#264=ORIENTED_EDGE('',*,*,#928,.F.);
#265=ORIENTED_EDGE('',*,*,#929,.F.);
#266=ORIENTED_EDGE('',*,*,#930,.T.);
#267=ORIENTED_EDGE('',*,*,#931,.T.);
#268=ORIENTED_EDGE('',*,*,#932,.T.);
#269=ORIENTED_EDGE('',*,*,#933,.T.);
#270=ORIENTED_EDGE('',*,*,#934,.T.);
#271=ORIENTED_EDGE('',*,*,#935,.T.);
#272=ORIENTED_EDGE('',*,*,#936,.T.);
#273=ORIENTED_EDGE('',*,*,#937,.T.);
#274=ORIENTED_EDGE('',*,*,#938,.T.);
#275=ORIENTED_EDGE('',*,*,#939,.T.);
#276=ORIENTED_EDGE('',*,*,#940,.T.);
#277=ORIENTED_EDGE('',*,*,#941,.T.);
#278=ORIENTED_EDGE('',*,*,#942,.T.);
#279=ORIENTED_EDGE('',*,*,#943,.T.);
#280=ORIENTED_EDGE('',*,*,#944,.T.);
#281=ORIENTED_EDGE('',*,*,#945,.T.);
#282=ORIENTED_EDGE('',*,*,#946,.T.);
#283=ORIENTED_EDGE('',*,*,#947,.T.);
#284=ORIENTED_EDGE('',*,*,#948,.T.);
#285=ORIENTED_EDGE('',*,*,#949,.T.);
#286=ORIENTED_EDGE('',*,*,#950,.T.);
#287=ORIENTED_EDGE('',*,*,#951,.T.);
#288=ORIENTED_EDGE('',*,*,#952,.T.);
#289=ORIENTED_EDGE('',*,*,#953,.T.);
#290=ORIENTED_EDGE('',*,*,#954,.T.);
#291=ORIENTED_EDGE('',*,*,#955,.T.);
#292=ORIENTED_EDGE('',*,*,#956,.T.);
#293=ORIENTED_EDGE('',*,*,#957,.T.);
#294=ORIENTED_EDGE('',*,*,#958,.T.);
#295=ORIENTED_EDGE('',*,*,#959,.T.);
#296=ORIENTED_EDGE('',*,*,#960,.T.);
#297=ORIENTED_EDGE('',*,*,#961,.T.);
#298=ORIENTED_EDGE('',*,*,#962,.T.);
#299=ORIENTED_EDGE('',*,*,#963,.T.);
#300=ORIENTED_EDGE('',*,*,#964,.T.);
#301=ORIENTED_EDGE('',*,*,#965,.T.);
#302=ORIENTED_EDGE('',*,*,#966,.T.);
#303=ORIENTED_EDGE('',*,*,#967,.T.);
#304=ORIENTED_EDGE('',*,*,#968,.T.);
#305=ORIENTED_EDGE('',*,*,#969,.T.);
#306=ORIENTED_EDGE('',*,*,#970,.T.);
#307=ORIENTED_EDGE('',*,*,#971,.T.);
#308=ORIENTED_EDGE('',*,*,#972,.T.);
#309=ORIENTED_EDGE('',*,*,#973,.T.);
#310=ORIENTED_EDGE('',*,*,#926,.F.);
#311=ORIENTED_EDGE('',*,*,#928,.T.);
#312=ORIENTED_EDGE('',*,*,#974,.T.);
#313=ORIENTED_EDGE('',*,*,#975,.T.);
#314=ORIENTED_EDGE('',*,*,#976,.T.);
#315=ORIENTED_EDGE('',*,*,#977,.T.);
#316=ORIENTED_EDGE('',*,*,#978,.T.);
#317=ORIENTED_EDGE('',*,*,#979,.T.);
#318=ORIENTED_EDGE('',*,*,#980,.T.);
#319=ORIENTED_EDGE('',*,*,#981,.T.);
#320=ORIENTED_EDGE('',*,*,#982,.T.);
#321=ORIENTED_EDGE('',*,*,#983,.T.);
#322=ORIENTED_EDGE('',*,*,#984,.T.);
#323=ORIENTED_EDGE('',*,*,#985,.T.);
#324=ORIENTED_EDGE('',*,*,#986,.T.);
#325=ORIENTED_EDGE('',*,*,#987,.T.);
#326=ORIENTED_EDGE('',*,*,#988,.T.);
#327=ORIENTED_EDGE('',*,*,#989,.T.);
#328=ORIENTED_EDGE('',*,*,#990,.T.);
#329=ORIENTED_EDGE('',*,*,#991,.T.);
#330=ORIENTED_EDGE('',*,*,#915,.T.);
#331=ORIENTED_EDGE('',*,*,#992,.T.);
#332=ORIENTED_EDGE('',*,*,#993,.T.);
#333=ORIENTED_EDGE('',*,*,#994,.T.);
#334=ORIENTED_EDGE('',*,*,#988,.F.);
#335=ORIENTED_EDGE('',*,*,#995,.T.);
#336=ORIENTED_EDGE('',*,*,#996,.T.);
#337=ORIENTED_EDGE('',*,*,#997,.T.);
#338=ORIENTED_EDGE('',*,*,#998,.F.);
#339=ORIENTED_EDGE('',*,*,#999,.T.);
#340=ORIENTED_EDGE('',*,*,#1000,.T.);
#341=ORIENTED_EDGE('',*,*,#1001,.T.);
#342=ORIENTED_EDGE('',*,*,#925,.T.);
#343=ORIENTED_EDGE('',*,*,#910,.F.);
#344=ORIENTED_EDGE('',*,*,#1002,.T.);
#345=ORIENTED_EDGE('',*,*,#888,.T.);
#346=ORIENTED_EDGE('',*,*,#1003,.T.);
#347=ORIENTED_EDGE('',*,*,#1004,.T.);
#348=ORIENTED_EDGE('',*,*,#1005,.T.);
#349=ORIENTED_EDGE('',*,*,#1006,.T.);
#350=ORIENTED_EDGE('',*,*,#998,.T.);
#351=ORIENTED_EDGE('',*,*,#1007,.T.);
#352=ORIENTED_EDGE('',*,*,#1008,.T.);
#353=ORIENTED_EDGE('',*,*,#1009,.T.);
#354=ORIENTED_EDGE('',*,*,#896,.F.);
#355=ORIENTED_EDGE('',*,*,#1010,.T.);
#356=ORIENTED_EDGE('',*,*,#902,.T.);
#357=ORIENTED_EDGE('',*,*,#1011,.F.);
#358=ORIENTED_EDGE('',*,*,#986,.F.);
#359=ORIENTED_EDGE('',*,*,#1012,.T.);
#360=ORIENTED_EDGE('',*,*,#1013,.T.);
#361=ORIENTED_EDGE('',*,*,#1014,.T.);
#362=ORIENTED_EDGE('',*,*,#917,.F.);
#363=ORIENTED_EDGE('',*,*,#1015,.T.);
#364=ORIENTED_EDGE('',*,*,#1016,.T.);
#365=ORIENTED_EDGE('',*,*,#1017,.T.);
#366=ORIENTED_EDGE('',*,*,#923,.F.);
#367=ORIENTED_EDGE('',*,*,#1018,.T.);
#368=ORIENTED_EDGE('',*,*,#1019,.T.);
#369=ORIENTED_EDGE('',*,*,#1020,.T.);
#370=ORIENTED_EDGE('',*,*,#1008,.F.);
#371=ORIENTED_EDGE('',*,*,#1021,.T.);
#372=ORIENTED_EDGE('',*,*,#933,.F.);
#373=ORIENTED_EDGE('',*,*,#1022,.T.);
#374=ORIENTED_EDGE('',*,*,#1023,.T.);
#375=ORIENTED_EDGE('',*,*,#1024,.T.);
#376=ORIENTED_EDGE('',*,*,#1025,.T.);
#377=ORIENTED_EDGE('',*,*,#1016,.F.);
#378=ORIENTED_EDGE('',*,*,#1026,.T.);
#379=ORIENTED_EDGE('',*,*,#1027,.T.);
#380=ORIENTED_EDGE('',*,*,#1023,.F.);
#381=ORIENTED_EDGE('',*,*,#1028,.F.);
#382=ORIENTED_EDGE('',*,*,#991,.F.);
#383=ORIENTED_EDGE('',*,*,#1029,.T.);
#384=ORIENTED_EDGE('',*,*,#1028,.T.);
#385=ORIENTED_EDGE('',*,*,#1015,.F.);
#386=ORIENTED_EDGE('',*,*,#916,.F.);
#387=ORIENTED_EDGE('',*,*,#932,.F.);
#388=ORIENTED_EDGE('',*,*,#1030,.T.);
#389=ORIENTED_EDGE('',*,*,#1031,.T.);
#390=ORIENTED_EDGE('',*,*,#1032,.F.);
#391=ORIENTED_EDGE('',*,*,#1032,.T.);
#392=ORIENTED_EDGE('',*,*,#1033,.T.);
#393=ORIENTED_EDGE('',*,*,#999,.F.);
#394=ORIENTED_EDGE('',*,*,#924,.F.);
#395=ORIENTED_EDGE('',*,*,#1022,.F.);
#396=ORIENTED_EDGE('',*,*,#1025,.F.);
#397=ORIENTED_EDGE('',*,*,#1034,.T.);
#398=ORIENTED_EDGE('',*,*,#1035,.T.);
#399=ORIENTED_EDGE('',*,*,#1036,.F.);
#400=ORIENTED_EDGE('',*,*,#1036,.T.);
#401=ORIENTED_EDGE('',*,*,#1037,.T.);
#402=ORIENTED_EDGE('',*,*,#992,.F.);
#403=ORIENTED_EDGE('',*,*,#987,.F.);
#404=ORIENTED_EDGE('',*,*,#1017,.F.);
#405=ORIENTED_EDGE('',*,*,#1038,.T.);
#406=ORIENTED_EDGE('',*,*,#1039,.T.);
#407=ORIENTED_EDGE('',*,*,#930,.F.);
#408=ORIENTED_EDGE('',*,*,#1040,.F.);
#409=ORIENTED_EDGE('',*,*,#997,.F.);
#410=ORIENTED_EDGE('',*,*,#1041,.T.);
#411=ORIENTED_EDGE('',*,*,#1040,.T.);
#412=ORIENTED_EDGE('',*,*,#1021,.F.);
#413=ORIENTED_EDGE('',*,*,#1007,.F.);
#414=ORIENTED_EDGE('',*,*,#963,.F.);
#415=ORIENTED_EDGE('',*,*,#1042,.F.);
#416=ORIENTED_EDGE('',*,*,#1043,.T.);
#417=ORIENTED_EDGE('',*,*,#1044,.T.);
#418=ORIENTED_EDGE('',*,*,#962,.F.);
#419=ORIENTED_EDGE('',*,*,#1045,.F.);
#420=ORIENTED_EDGE('',*,*,#1046,.T.);
#421=ORIENTED_EDGE('',*,*,#1042,.T.);
#422=ORIENTED_EDGE('',*,*,#973,.F.);
#423=ORIENTED_EDGE('',*,*,#1047,.F.);
#424=ORIENTED_EDGE('',*,*,#1048,.T.);
#425=ORIENTED_EDGE('',*,*,#1045,.T.);
#426=ORIENTED_EDGE('',*,*,#972,.F.);
#427=ORIENTED_EDGE('',*,*,#1049,.F.);
#428=ORIENTED_EDGE('',*,*,#1050,.T.);
#429=ORIENTED_EDGE('',*,*,#1047,.T.);
#430=ORIENTED_EDGE('',*,*,#971,.F.);
#431=ORIENTED_EDGE('',*,*,#1051,.F.);
#432=ORIENTED_EDGE('',*,*,#1052,.T.);
#433=ORIENTED_EDGE('',*,*,#1049,.T.);
#434=ORIENTED_EDGE('',*,*,#970,.F.);
#435=ORIENTED_EDGE('',*,*,#1053,.F.);
#436=ORIENTED_EDGE('',*,*,#1054,.T.);
#437=ORIENTED_EDGE('',*,*,#1051,.T.);
#438=ORIENTED_EDGE('',*,*,#969,.F.);
#439=ORIENTED_EDGE('',*,*,#1055,.F.);
#440=ORIENTED_EDGE('',*,*,#1056,.T.);
#441=ORIENTED_EDGE('',*,*,#1053,.T.);
#442=ORIENTED_EDGE('',*,*,#968,.F.);
#443=ORIENTED_EDGE('',*,*,#1057,.F.);
#444=ORIENTED_EDGE('',*,*,#1058,.T.);
#445=ORIENTED_EDGE('',*,*,#1055,.T.);
#446=ORIENTED_EDGE('',*,*,#967,.F.);
#447=ORIENTED_EDGE('',*,*,#1059,.F.);
#448=ORIENTED_EDGE('',*,*,#1060,.T.);
#449=ORIENTED_EDGE('',*,*,#1057,.T.);
#450=ORIENTED_EDGE('',*,*,#966,.F.);
#451=ORIENTED_EDGE('',*,*,#1061,.F.);
#452=ORIENTED_EDGE('',*,*,#1062,.T.);
#453=ORIENTED_EDGE('',*,*,#1059,.T.);
#454=ORIENTED_EDGE('',*,*,#965,.F.);
#455=ORIENTED_EDGE('',*,*,#1063,.F.);
#456=ORIENTED_EDGE('',*,*,#1064,.T.);
#457=ORIENTED_EDGE('',*,*,#1061,.T.);
#458=ORIENTED_EDGE('',*,*,#964,.F.);
#459=ORIENTED_EDGE('',*,*,#1044,.F.);
#460=ORIENTED_EDGE('',*,*,#1065,.T.);
#461=ORIENTED_EDGE('',*,*,#1063,.T.);
#462=ORIENTED_EDGE('',*,*,#1043,.F.);
#463=ORIENTED_EDGE('',*,*,#1046,.F.);
#464=ORIENTED_EDGE('',*,*,#1048,.F.);
#465=ORIENTED_EDGE('',*,*,#1050,.F.);
#466=ORIENTED_EDGE('',*,*,#1052,.F.);
#467=ORIENTED_EDGE('',*,*,#1054,.F.);
#468=ORIENTED_EDGE('',*,*,#1056,.F.);
#469=ORIENTED_EDGE('',*,*,#1058,.F.);
#470=ORIENTED_EDGE('',*,*,#1060,.F.);
#471=ORIENTED_EDGE('',*,*,#1062,.F.);
#472=ORIENTED_EDGE('',*,*,#1064,.F.);
#473=ORIENTED_EDGE('',*,*,#1065,.F.);
#474=ORIENTED_EDGE('',*,*,#951,.F.);
#475=ORIENTED_EDGE('',*,*,#1066,.F.);
#476=ORIENTED_EDGE('',*,*,#1067,.T.);
#477=ORIENTED_EDGE('',*,*,#1068,.T.);
#478=ORIENTED_EDGE('',*,*,#950,.F.);
#479=ORIENTED_EDGE('',*,*,#1069,.F.);
#480=ORIENTED_EDGE('',*,*,#1070,.T.);
#481=ORIENTED_EDGE('',*,*,#1066,.T.);
#482=ORIENTED_EDGE('',*,*,#961,.F.);
#483=ORIENTED_EDGE('',*,*,#1071,.F.);
#484=ORIENTED_EDGE('',*,*,#1072,.T.);
#485=ORIENTED_EDGE('',*,*,#1069,.T.);
#486=ORIENTED_EDGE('',*,*,#960,.F.);
#487=ORIENTED_EDGE('',*,*,#1073,.F.);
#488=ORIENTED_EDGE('',*,*,#1074,.T.);
#489=ORIENTED_EDGE('',*,*,#1071,.T.);
#490=ORIENTED_EDGE('',*,*,#959,.F.);
#491=ORIENTED_EDGE('',*,*,#1075,.F.);
#492=ORIENTED_EDGE('',*,*,#1076,.T.);
#493=ORIENTED_EDGE('',*,*,#1073,.T.);
#494=ORIENTED_EDGE('',*,*,#958,.F.);
#495=ORIENTED_EDGE('',*,*,#1077,.F.);
#496=ORIENTED_EDGE('',*,*,#1078,.T.);
#497=ORIENTED_EDGE('',*,*,#1075,.T.);
#498=ORIENTED_EDGE('',*,*,#957,.F.);
#499=ORIENTED_EDGE('',*,*,#1079,.F.);
#500=ORIENTED_EDGE('',*,*,#1080,.T.);
#501=ORIENTED_EDGE('',*,*,#1077,.T.);
#502=ORIENTED_EDGE('',*,*,#956,.F.);
#503=ORIENTED_EDGE('',*,*,#1081,.F.);
#504=ORIENTED_EDGE('',*,*,#1082,.T.);
#505=ORIENTED_EDGE('',*,*,#1079,.T.);
#506=ORIENTED_EDGE('',*,*,#955,.F.);
#507=ORIENTED_EDGE('',*,*,#1083,.F.);
#508=ORIENTED_EDGE('',*,*,#1084,.T.);
#509=ORIENTED_EDGE('',*,*,#1081,.T.);
#510=ORIENTED_EDGE('',*,*,#954,.F.);
#511=ORIENTED_EDGE('',*,*,#1085,.F.);
#512=ORIENTED_EDGE('',*,*,#1086,.T.);
#513=ORIENTED_EDGE('',*,*,#1083,.T.);
#514=ORIENTED_EDGE('',*,*,#953,.F.);
#515=ORIENTED_EDGE('',*,*,#1087,.F.);
#516=ORIENTED_EDGE('',*,*,#1088,.T.);
#517=ORIENTED_EDGE('',*,*,#1085,.T.);
#518=ORIENTED_EDGE('',*,*,#952,.F.);
#519=ORIENTED_EDGE('',*,*,#1068,.F.);
#520=ORIENTED_EDGE('',*,*,#1089,.T.);
#521=ORIENTED_EDGE('',*,*,#1087,.T.);
#522=ORIENTED_EDGE('',*,*,#1067,.F.);
#523=ORIENTED_EDGE('',*,*,#1070,.F.);
#524=ORIENTED_EDGE('',*,*,#1072,.F.);
#525=ORIENTED_EDGE('',*,*,#1074,.F.);
#526=ORIENTED_EDGE('',*,*,#1076,.F.);
#527=ORIENTED_EDGE('',*,*,#1078,.F.);
#528=ORIENTED_EDGE('',*,*,#1080,.F.);
#529=ORIENTED_EDGE('',*,*,#1082,.F.);
#530=ORIENTED_EDGE('',*,*,#1084,.F.);
#531=ORIENTED_EDGE('',*,*,#1086,.F.);
#532=ORIENTED_EDGE('',*,*,#1088,.F.);
#533=ORIENTED_EDGE('',*,*,#1089,.F.);
#534=ORIENTED_EDGE('',*,*,#947,.F.);
#535=ORIENTED_EDGE('',*,*,#1090,.F.);
#536=ORIENTED_EDGE('',*,*,#1091,.T.);
#537=ORIENTED_EDGE('',*,*,#1092,.T.);
#538=ORIENTED_EDGE('',*,*,#946,.F.);
#539=ORIENTED_EDGE('',*,*,#1093,.F.);
#540=ORIENTED_EDGE('',*,*,#1094,.T.);
#541=ORIENTED_EDGE('',*,*,#1090,.T.);
#542=ORIENTED_EDGE('',*,*,#949,.F.);
#543=ORIENTED_EDGE('',*,*,#1095,.F.);
#544=ORIENTED_EDGE('',*,*,#1096,.T.);
#545=ORIENTED_EDGE('',*,*,#1093,.T.);
#546=ORIENTED_EDGE('',*,*,#948,.F.);
#547=ORIENTED_EDGE('',*,*,#1092,.F.);
#548=ORIENTED_EDGE('',*,*,#1097,.T.);
#549=ORIENTED_EDGE('',*,*,#1095,.T.);
#550=ORIENTED_EDGE('',*,*,#1091,.F.);
#551=ORIENTED_EDGE('',*,*,#1094,.F.);
#552=ORIENTED_EDGE('',*,*,#1096,.F.);
#553=ORIENTED_EDGE('',*,*,#1097,.F.);
#554=ORIENTED_EDGE('',*,*,#1098,.F.);
#555=ORIENTED_EDGE('',*,*,#1099,.F.);
#556=ORIENTED_EDGE('',*,*,#1100,.T.);
#557=ORIENTED_EDGE('',*,*,#1101,.T.);
#558=ORIENTED_EDGE('',*,*,#1102,.F.);
#559=ORIENTED_EDGE('',*,*,#1103,.F.);
#560=ORIENTED_EDGE('',*,*,#1104,.T.);
#561=ORIENTED_EDGE('',*,*,#1099,.T.);
#562=ORIENTED_EDGE('',*,*,#1105,.F.);
#563=ORIENTED_EDGE('',*,*,#1106,.F.);
#564=ORIENTED_EDGE('',*,*,#1107,.T.);
#565=ORIENTED_EDGE('',*,*,#1103,.T.);
#566=ORIENTED_EDGE('',*,*,#1108,.F.);
#567=ORIENTED_EDGE('',*,*,#1109,.F.);
#568=ORIENTED_EDGE('',*,*,#1110,.T.);
#569=ORIENTED_EDGE('',*,*,#1106,.T.);
#570=ORIENTED_EDGE('',*,*,#1111,.F.);
#571=ORIENTED_EDGE('',*,*,#1112,.F.);
#572=ORIENTED_EDGE('',*,*,#1113,.T.);
#573=ORIENTED_EDGE('',*,*,#1109,.T.);
#574=ORIENTED_EDGE('',*,*,#1114,.F.);
#575=ORIENTED_EDGE('',*,*,#1115,.F.);
#576=ORIENTED_EDGE('',*,*,#1116,.T.);
#577=ORIENTED_EDGE('',*,*,#1112,.T.);
#578=ORIENTED_EDGE('',*,*,#1117,.F.);
#579=ORIENTED_EDGE('',*,*,#1118,.F.);
#580=ORIENTED_EDGE('',*,*,#1119,.T.);
#581=ORIENTED_EDGE('',*,*,#1115,.T.);
#582=ORIENTED_EDGE('',*,*,#975,.F.);
#583=ORIENTED_EDGE('',*,*,#1120,.F.);
#584=ORIENTED_EDGE('',*,*,#1121,.T.);
#585=ORIENTED_EDGE('',*,*,#1122,.T.);
#586=ORIENTED_EDGE('',*,*,#974,.F.);
#587=ORIENTED_EDGE('',*,*,#1123,.F.);
#588=ORIENTED_EDGE('',*,*,#1124,.T.);
#589=ORIENTED_EDGE('',*,*,#1120,.T.);
#590=ORIENTED_EDGE('',*,*,#981,.F.);
#591=ORIENTED_EDGE('',*,*,#1125,.F.);
#592=ORIENTED_EDGE('',*,*,#1126,.T.);
#593=ORIENTED_EDGE('',*,*,#1123,.T.);
#594=ORIENTED_EDGE('',*,*,#980,.F.);
#595=ORIENTED_EDGE('',*,*,#1127,.F.);
#596=ORIENTED_EDGE('',*,*,#1128,.T.);
#597=ORIENTED_EDGE('',*,*,#1125,.T.);
#598=ORIENTED_EDGE('',*,*,#979,.F.);
#599=ORIENTED_EDGE('',*,*,#1129,.F.);
#600=ORIENTED_EDGE('',*,*,#1130,.T.);
#601=ORIENTED_EDGE('',*,*,#1127,.T.);
#602=ORIENTED_EDGE('',*,*,#978,.F.);
#603=ORIENTED_EDGE('',*,*,#1131,.F.);
#604=ORIENTED_EDGE('',*,*,#1132,.T.);
#605=ORIENTED_EDGE('',*,*,#1129,.T.);
#606=ORIENTED_EDGE('',*,*,#977,.F.);
#607=ORIENTED_EDGE('',*,*,#1133,.F.);
#608=ORIENTED_EDGE('',*,*,#1134,.T.);
#609=ORIENTED_EDGE('',*,*,#1131,.T.);
#610=ORIENTED_EDGE('',*,*,#976,.F.);
#611=ORIENTED_EDGE('',*,*,#1122,.F.);
#612=ORIENTED_EDGE('',*,*,#1135,.T.);
#613=ORIENTED_EDGE('',*,*,#1133,.T.);
#614=ORIENTED_EDGE('',*,*,#1136,.F.);
#615=ORIENTED_EDGE('',*,*,#1101,.F.);
#616=ORIENTED_EDGE('',*,*,#1137,.T.);
#617=ORIENTED_EDGE('',*,*,#1118,.T.);
#618=ORIENTED_EDGE('',*,*,#1121,.F.);
#619=ORIENTED_EDGE('',*,*,#1124,.F.);
#620=ORIENTED_EDGE('',*,*,#1126,.F.);
#621=ORIENTED_EDGE('',*,*,#1128,.F.);
#622=ORIENTED_EDGE('',*,*,#1130,.F.);
#623=ORIENTED_EDGE('',*,*,#1132,.F.);
#624=ORIENTED_EDGE('',*,*,#1134,.F.);
#625=ORIENTED_EDGE('',*,*,#1135,.F.);
#626=ORIENTED_EDGE('',*,*,#1100,.F.);
#627=ORIENTED_EDGE('',*,*,#1104,.F.);
#628=ORIENTED_EDGE('',*,*,#1107,.F.);
#629=ORIENTED_EDGE('',*,*,#1110,.F.);
#630=ORIENTED_EDGE('',*,*,#1113,.F.);
#631=ORIENTED_EDGE('',*,*,#1116,.F.);
#632=ORIENTED_EDGE('',*,*,#1119,.F.);
#633=ORIENTED_EDGE('',*,*,#1137,.F.);
#634=ORIENTED_EDGE('',*,*,#1102,.T.);
#635=ORIENTED_EDGE('',*,*,#1098,.T.);
#636=ORIENTED_EDGE('',*,*,#1136,.T.);
#637=ORIENTED_EDGE('',*,*,#1117,.T.);
#638=ORIENTED_EDGE('',*,*,#1114,.T.);
#639=ORIENTED_EDGE('',*,*,#1111,.T.);
#640=ORIENTED_EDGE('',*,*,#1108,.T.);
#641=ORIENTED_EDGE('',*,*,#1105,.T.);
#642=ORIENTED_EDGE('',*,*,#1138,.F.);
#643=ORIENTED_EDGE('',*,*,#897,.F.);
#644=ORIENTED_EDGE('',*,*,#1011,.T.);
#645=ORIENTED_EDGE('',*,*,#901,.T.);
#646=ORIENTED_EDGE('',*,*,#929,.T.);
#647=ORIENTED_EDGE('',*,*,#900,.T.);
#648=ORIENTED_EDGE('',*,*,#1139,.T.);
#649=ORIENTED_EDGE('',*,*,#884,.F.);
#650=ORIENTED_EDGE('',*,*,#1138,.T.);
#651=ORIENTED_EDGE('',*,*,#886,.T.);
#652=ORIENTED_EDGE('',*,*,#1140,.T.);
#653=ORIENTED_EDGE('',*,*,#898,.F.);
#654=ORIENTED_EDGE('',*,*,#1141,.F.);
#655=ORIENTED_EDGE('',*,*,#927,.F.);
#656=ORIENTED_EDGE('',*,*,#887,.F.);
#657=ORIENTED_EDGE('',*,*,#1141,.T.);
#658=ORIENTED_EDGE('',*,*,#911,.T.);
#659=ORIENTED_EDGE('',*,*,#1003,.F.);
#660=ORIENTED_EDGE('',*,*,#1142,.T.);
#661=ORIENTED_EDGE('',*,*,#1143,.T.);
#662=ORIENTED_EDGE('',*,*,#919,.F.);
#663=ORIENTED_EDGE('',*,*,#1001,.F.);
#664=ORIENTED_EDGE('',*,*,#1006,.F.);
#665=ORIENTED_EDGE('',*,*,#1144,.T.);
#666=ORIENTED_EDGE('',*,*,#1145,.T.);
#667=ORIENTED_EDGE('',*,*,#995,.F.);
#668=ORIENTED_EDGE('',*,*,#914,.F.);
#669=ORIENTED_EDGE('',*,*,#1146,.T.);
#670=ORIENTED_EDGE('',*,*,#1147,.T.);
#671=ORIENTED_EDGE('',*,*,#989,.F.);
#672=ORIENTED_EDGE('',*,*,#1148,.T.);
#673=ORIENTED_EDGE('',*,*,#1149,.T.);
#674=ORIENTED_EDGE('',*,*,#982,.F.);
#675=ORIENTED_EDGE('',*,*,#994,.F.);
#676=ORIENTED_EDGE('',*,*,#1150,.F.);
#677=ORIENTED_EDGE('',*,*,#993,.F.);
#678=ORIENTED_EDGE('',*,*,#1037,.F.);
#679=ORIENTED_EDGE('',*,*,#1035,.F.);
#680=ORIENTED_EDGE('',*,*,#1151,.T.);
#681=ORIENTED_EDGE('',*,*,#904,.F.);
#682=ORIENTED_EDGE('',*,*,#1152,.T.);
#683=ORIENTED_EDGE('',*,*,#943,.F.);
#684=ORIENTED_EDGE('',*,*,#1153,.F.);
#685=ORIENTED_EDGE('',*,*,#1154,.T.);
#686=ORIENTED_EDGE('',*,*,#1148,.F.);
#687=ORIENTED_EDGE('',*,*,#1150,.T.);
#688=ORIENTED_EDGE('',*,*,#1155,.T.);
#689=ORIENTED_EDGE('',*,*,#1156,.T.);
#690=ORIENTED_EDGE('',*,*,#1153,.T.);
#691=ORIENTED_EDGE('',*,*,#942,.F.);
#692=ORIENTED_EDGE('',*,*,#1157,.F.);
#693=ORIENTED_EDGE('',*,*,#1158,.T.);
#694=ORIENTED_EDGE('',*,*,#1147,.F.);
#695=ORIENTED_EDGE('',*,*,#1159,.T.);
#696=ORIENTED_EDGE('',*,*,#1157,.T.);
#697=ORIENTED_EDGE('',*,*,#1160,.F.);
#698=ORIENTED_EDGE('',*,*,#1029,.F.);
#699=ORIENTED_EDGE('',*,*,#990,.F.);
#700=ORIENTED_EDGE('',*,*,#1160,.T.);
#701=ORIENTED_EDGE('',*,*,#941,.F.);
#702=ORIENTED_EDGE('',*,*,#1161,.T.);
#703=ORIENTED_EDGE('',*,*,#908,.F.);
#704=ORIENTED_EDGE('',*,*,#1162,.T.);
#705=ORIENTED_EDGE('',*,*,#1026,.F.);
#706=ORIENTED_EDGE('',*,*,#1041,.F.);
#707=ORIENTED_EDGE('',*,*,#996,.F.);
#708=ORIENTED_EDGE('',*,*,#1163,.F.);
#709=ORIENTED_EDGE('',*,*,#935,.F.);
#710=ORIENTED_EDGE('',*,*,#1164,.T.);
#711=ORIENTED_EDGE('',*,*,#894,.F.);
#712=ORIENTED_EDGE('',*,*,#1165,.T.);
#713=ORIENTED_EDGE('',*,*,#1038,.F.);
#714=ORIENTED_EDGE('',*,*,#1145,.F.);
#715=ORIENTED_EDGE('',*,*,#1166,.T.);
#716=ORIENTED_EDGE('',*,*,#1167,.F.);
#717=ORIENTED_EDGE('',*,*,#1163,.T.);
#718=ORIENTED_EDGE('',*,*,#1168,.T.);
#719=ORIENTED_EDGE('',*,*,#1169,.T.);
#720=ORIENTED_EDGE('',*,*,#1170,.F.);
#721=ORIENTED_EDGE('',*,*,#936,.F.);
#722=ORIENTED_EDGE('',*,*,#1167,.T.);
#723=ORIENTED_EDGE('',*,*,#1171,.T.);
#724=ORIENTED_EDGE('',*,*,#1170,.T.);
#725=ORIENTED_EDGE('',*,*,#1172,.T.);
#726=ORIENTED_EDGE('',*,*,#1142,.F.);
#727=ORIENTED_EDGE('',*,*,#1173,.F.);
#728=ORIENTED_EDGE('',*,*,#1173,.T.);
#729=ORIENTED_EDGE('',*,*,#1000,.F.);
#730=ORIENTED_EDGE('',*,*,#1033,.F.);
#731=ORIENTED_EDGE('',*,*,#1031,.F.);
#732=ORIENTED_EDGE('',*,*,#1174,.T.);
#733=ORIENTED_EDGE('',*,*,#890,.F.);
#734=ORIENTED_EDGE('',*,*,#1175,.T.);
#735=ORIENTED_EDGE('',*,*,#937,.F.);
#736=ORIENTED_EDGE('',*,*,#1176,.T.);
#737=ORIENTED_EDGE('',*,*,#1177,.T.);
#738=ORIENTED_EDGE('',*,*,#1178,.T.);
#739=ORIENTED_EDGE('',*,*,#1179,.T.);
#740=ORIENTED_EDGE('',*,*,#1180,.T.);
#741=ORIENTED_EDGE('',*,*,#1181,.T.);
#742=ORIENTED_EDGE('',*,*,#1182,.T.);
#743=ORIENTED_EDGE('',*,*,#1183,.T.);
#744=ORIENTED_EDGE('',*,*,#984,.F.);
#745=ORIENTED_EDGE('',*,*,#1184,.T.);
#746=ORIENTED_EDGE('',*,*,#1176,.F.);
#747=ORIENTED_EDGE('',*,*,#1185,.T.);
#748=ORIENTED_EDGE('',*,*,#1178,.F.);
#749=ORIENTED_EDGE('',*,*,#1186,.T.);
#750=ORIENTED_EDGE('',*,*,#912,.F.);
#751=ORIENTED_EDGE('',*,*,#1187,.T.);
#752=ORIENTED_EDGE('',*,*,#921,.F.);
#753=ORIENTED_EDGE('',*,*,#1188,.T.);
#754=ORIENTED_EDGE('',*,*,#1180,.F.);
#755=ORIENTED_EDGE('',*,*,#1189,.T.);
#756=ORIENTED_EDGE('',*,*,#1182,.F.);
#757=ORIENTED_EDGE('',*,*,#1190,.T.);
#758=ORIENTED_EDGE('',*,*,#1004,.F.);
#759=ORIENTED_EDGE('',*,*,#1191,.T.);
#760=ORIENTED_EDGE('',*,*,#913,.F.);
#761=ORIENTED_EDGE('',*,*,#1186,.F.);
#762=ORIENTED_EDGE('',*,*,#1192,.F.);
#763=ORIENTED_EDGE('',*,*,#1158,.F.);
#764=ORIENTED_EDGE('',*,*,#1159,.F.);
#765=ORIENTED_EDGE('',*,*,#1146,.F.);
#766=ORIENTED_EDGE('',*,*,#1192,.T.);
#767=ORIENTED_EDGE('',*,*,#1177,.F.);
#768=ORIENTED_EDGE('',*,*,#1193,.F.);
#769=ORIENTED_EDGE('',*,*,#1155,.F.);
#770=ORIENTED_EDGE('',*,*,#1193,.T.);
#771=ORIENTED_EDGE('',*,*,#1184,.F.);
#772=ORIENTED_EDGE('',*,*,#983,.F.);
#773=ORIENTED_EDGE('',*,*,#1149,.F.);
#774=ORIENTED_EDGE('',*,*,#1154,.F.);
#775=ORIENTED_EDGE('',*,*,#1156,.F.);
#776=ORIENTED_EDGE('',*,*,#1005,.F.);
#777=ORIENTED_EDGE('',*,*,#1190,.F.);
#778=ORIENTED_EDGE('',*,*,#1194,.F.);
#779=ORIENTED_EDGE('',*,*,#1171,.F.);
#780=ORIENTED_EDGE('',*,*,#1166,.F.);
#781=ORIENTED_EDGE('',*,*,#1144,.F.);
#782=ORIENTED_EDGE('',*,*,#1194,.T.);
#783=ORIENTED_EDGE('',*,*,#1181,.F.);
#784=ORIENTED_EDGE('',*,*,#1195,.F.);
#785=ORIENTED_EDGE('',*,*,#1168,.F.);
#786=ORIENTED_EDGE('',*,*,#1195,.T.);
#787=ORIENTED_EDGE('',*,*,#1188,.F.);
#788=ORIENTED_EDGE('',*,*,#920,.F.);
#789=ORIENTED_EDGE('',*,*,#1143,.F.);
#790=ORIENTED_EDGE('',*,*,#1172,.F.);
#791=ORIENTED_EDGE('',*,*,#1169,.F.);
#792=ORIENTED_EDGE('',*,*,#1009,.F.);
#793=ORIENTED_EDGE('',*,*,#1020,.F.);
#794=ORIENTED_EDGE('',*,*,#1196,.F.);
#795=ORIENTED_EDGE('',*,*,#1191,.F.);
#796=ORIENTED_EDGE('',*,*,#1196,.T.);
#797=ORIENTED_EDGE('',*,*,#1019,.F.);
#798=ORIENTED_EDGE('',*,*,#1197,.F.);
#799=ORIENTED_EDGE('',*,*,#1183,.F.);
#800=ORIENTED_EDGE('',*,*,#922,.F.);
#801=ORIENTED_EDGE('',*,*,#1189,.F.);
#802=ORIENTED_EDGE('',*,*,#1197,.T.);
#803=ORIENTED_EDGE('',*,*,#1018,.F.);
#804=ORIENTED_EDGE('',*,*,#918,.F.);
#805=ORIENTED_EDGE('',*,*,#1014,.F.);
#806=ORIENTED_EDGE('',*,*,#1198,.F.);
#807=ORIENTED_EDGE('',*,*,#1187,.F.);
#808=ORIENTED_EDGE('',*,*,#1198,.T.);
#809=ORIENTED_EDGE('',*,*,#1013,.F.);
#810=ORIENTED_EDGE('',*,*,#1199,.F.);
#811=ORIENTED_EDGE('',*,*,#1179,.F.);
#812=ORIENTED_EDGE('',*,*,#985,.F.);
#813=ORIENTED_EDGE('',*,*,#1185,.F.);
#814=ORIENTED_EDGE('',*,*,#1199,.T.);
#815=ORIENTED_EDGE('',*,*,#1012,.F.);
#816=ORIENTED_EDGE('',*,*,#1162,.F.);
#817=ORIENTED_EDGE('',*,*,#907,.F.);
#818=ORIENTED_EDGE('',*,*,#1200,.F.);
#819=ORIENTED_EDGE('',*,*,#1027,.F.);
#820=ORIENTED_EDGE('',*,*,#1200,.T.);
#821=ORIENTED_EDGE('',*,*,#906,.F.);
#822=ORIENTED_EDGE('',*,*,#1201,.F.);
#823=ORIENTED_EDGE('',*,*,#1024,.F.);
#824=ORIENTED_EDGE('',*,*,#1151,.F.);
#825=ORIENTED_EDGE('',*,*,#1034,.F.);
#826=ORIENTED_EDGE('',*,*,#1201,.T.);
#827=ORIENTED_EDGE('',*,*,#905,.F.);
#828=ORIENTED_EDGE('',*,*,#1174,.F.);
#829=ORIENTED_EDGE('',*,*,#1030,.F.);
#830=ORIENTED_EDGE('',*,*,#1202,.F.);
#831=ORIENTED_EDGE('',*,*,#891,.F.);
#832=ORIENTED_EDGE('',*,*,#1202,.T.);
#833=ORIENTED_EDGE('',*,*,#931,.F.);
#834=ORIENTED_EDGE('',*,*,#1203,.F.);
#835=ORIENTED_EDGE('',*,*,#892,.F.);
#836=ORIENTED_EDGE('',*,*,#1203,.T.);
#837=ORIENTED_EDGE('',*,*,#1039,.F.);
#838=ORIENTED_EDGE('',*,*,#1165,.F.);
#839=ORIENTED_EDGE('',*,*,#893,.F.);
#840=ORIENTED_EDGE('',*,*,#1152,.F.);
#841=ORIENTED_EDGE('',*,*,#903,.F.);
#842=ORIENTED_EDGE('',*,*,#1204,.F.);
#843=ORIENTED_EDGE('',*,*,#944,.F.);
#844=ORIENTED_EDGE('',*,*,#1204,.T.);
#845=ORIENTED_EDGE('',*,*,#1010,.F.);
#846=ORIENTED_EDGE('',*,*,#1205,.F.);
#847=ORIENTED_EDGE('',*,*,#945,.F.);
#848=ORIENTED_EDGE('',*,*,#1205,.T.);
#849=ORIENTED_EDGE('',*,*,#895,.F.);
#850=ORIENTED_EDGE('',*,*,#1164,.F.);
#851=ORIENTED_EDGE('',*,*,#934,.F.);
#852=ORIENTED_EDGE('',*,*,#1161,.F.);
#853=ORIENTED_EDGE('',*,*,#940,.F.);
#854=ORIENTED_EDGE('',*,*,#1206,.F.);
#855=ORIENTED_EDGE('',*,*,#909,.F.);
#856=ORIENTED_EDGE('',*,*,#1206,.T.);
#857=ORIENTED_EDGE('',*,*,#939,.F.);
#858=ORIENTED_EDGE('',*,*,#1207,.F.);
#859=ORIENTED_EDGE('',*,*,#1002,.F.);
#860=ORIENTED_EDGE('',*,*,#1207,.T.);
#861=ORIENTED_EDGE('',*,*,#938,.F.);
#862=ORIENTED_EDGE('',*,*,#1175,.F.);
#863=ORIENTED_EDGE('',*,*,#889,.F.);
#864=ORIENTED_EDGE('',*,*,#1208,.T.);
#865=ORIENTED_EDGE('',*,*,#1209,.T.);
#866=ORIENTED_EDGE('',*,*,#1210,.T.);
#867=ORIENTED_EDGE('',*,*,#1211,.T.);
#868=ORIENTED_EDGE('',*,*,#1212,.F.);
#869=ORIENTED_EDGE('',*,*,#1140,.F.);
#870=ORIENTED_EDGE('',*,*,#1213,.F.);
#871=ORIENTED_EDGE('',*,*,#1211,.F.);
#872=ORIENTED_EDGE('',*,*,#1213,.T.);
#873=ORIENTED_EDGE('',*,*,#885,.F.);
#874=ORIENTED_EDGE('',*,*,#1214,.F.);
#875=ORIENTED_EDGE('',*,*,#1208,.F.);
#876=ORIENTED_EDGE('',*,*,#1212,.T.);
#877=ORIENTED_EDGE('',*,*,#1210,.F.);
#878=ORIENTED_EDGE('',*,*,#1215,.F.);
#879=ORIENTED_EDGE('',*,*,#899,.F.);
#880=ORIENTED_EDGE('',*,*,#1214,.T.);
#881=ORIENTED_EDGE('',*,*,#1139,.F.);
#882=ORIENTED_EDGE('',*,*,#1215,.T.);
#883=ORIENTED_EDGE('',*,*,#1209,.F.);
#884=EDGE_CURVE('',#1216,#1217,#1428,.T.);
#885=EDGE_CURVE('',#1217,#1218,#1429,.T.);
#886=EDGE_CURVE('',#1219,#1218,#1430,.T.);
#887=EDGE_CURVE('',#1219,#1220,#1431,.T.);
#888=EDGE_CURVE('',#1221,#1220,#1432,.T.);
#889=EDGE_CURVE('',#1221,#1222,#1433,.T.);
#890=EDGE_CURVE('',#1222,#1223,#154,.F.);
#891=EDGE_CURVE('',#1223,#1224,#155,.F.);
#892=EDGE_CURVE('',#1224,#1225,#1434,.F.);
#893=EDGE_CURVE('',#1225,#1226,#156,.F.);
#894=EDGE_CURVE('',#1226,#1227,#157,.F.);
#895=EDGE_CURVE('',#1227,#1228,#1435,.F.);
#896=EDGE_CURVE('',#1228,#1229,#1436,.T.);
#897=EDGE_CURVE('',#1229,#1216,#1437,.T.);
#898=EDGE_CURVE('',#1230,#1231,#1438,.T.);
#899=EDGE_CURVE('',#1231,#1232,#1439,.F.);
#900=EDGE_CURVE('',#1233,#1232,#1440,.T.);
#901=EDGE_CURVE('',#1234,#1233,#1441,.T.);
#902=EDGE_CURVE('',#1235,#1234,#1442,.T.);
#903=EDGE_CURVE('',#1235,#1236,#1443,.T.);
#904=EDGE_CURVE('',#1236,#1237,#158,.T.);
#905=EDGE_CURVE('',#1237,#1238,#159,.T.);
#906=EDGE_CURVE('',#1238,#1239,#1444,.T.);
#907=EDGE_CURVE('',#1239,#1240,#160,.T.);
#908=EDGE_CURVE('',#1240,#1241,#161,.T.);
#909=EDGE_CURVE('',#1241,#1242,#1445,.F.);
#910=EDGE_CURVE('',#1242,#1243,#1446,.T.);
#911=EDGE_CURVE('',#1230,#1243,#1447,.T.);
#912=EDGE_CURVE('',#1244,#1245,#1448,.T.);
#913=EDGE_CURVE('',#1245,#1246,#86,.T.);
#914=EDGE_CURVE('',#1246,#1247,#162,.F.);
#915=EDGE_CURVE('',#1248,#1247,#1449,.T.);
#916=EDGE_CURVE('',#1248,#1249,#87,.T.);
#917=EDGE_CURVE('',#1249,#1250,#1450,.T.);
#918=EDGE_CURVE('',#1250,#1244,#88,.T.);
#919=EDGE_CURVE('',#1251,#1252,#163,.F.);
#920=EDGE_CURVE('',#1252,#1253,#89,.T.);
#921=EDGE_CURVE('',#1253,#1254,#1451,.T.);
#922=EDGE_CURVE('',#1254,#1255,#90,.T.);
#923=EDGE_CURVE('',#1255,#1256,#1452,.F.);
#924=EDGE_CURVE('',#1256,#1257,#91,.T.);
#925=EDGE_CURVE('',#1251,#1257,#1453,.T.);
#926=EDGE_CURVE('',#1258,#1258,#164,.T.);
#927=EDGE_CURVE('',#1259,#1259,#165,.T.);
#928=EDGE_CURVE('',#1260,#1260,#166,.T.);
#929=EDGE_CURVE('',#1261,#1261,#167,.F.);
#930=EDGE_CURVE('',#1262,#1263,#1454,.F.);
#931=EDGE_CURVE('',#1263,#1264,#1455,.T.);
#932=EDGE_CURVE('',#1264,#1265,#1456,.T.);
#933=EDGE_CURVE('',#1265,#1262,#1457,.T.);
#934=EDGE_CURVE('',#1266,#1267,#1458,.T.);
#935=EDGE_CURVE('',#1267,#1268,#1459,.F.);
#936=EDGE_CURVE('',#1268,#1269,#1460,.F.);
#937=EDGE_CURVE('',#1269,#1270,#1461,.T.);
#938=EDGE_CURVE('',#1270,#1271,#1462,.F.);
#939=EDGE_CURVE('',#1271,#1272,#168,.T.);
#940=EDGE_CURVE('',#1272,#1273,#1463,.T.);
#941=EDGE_CURVE('',#1273,#1274,#1464,.T.);
#942=EDGE_CURVE('',#1274,#1275,#1465,.F.);
#943=EDGE_CURVE('',#1275,#1276,#1466,.F.);
#944=EDGE_CURVE('',#1276,#1277,#1467,.F.);
#945=EDGE_CURVE('',#1277,#1266,#169,.T.);
#946=EDGE_CURVE('',#1278,#1279,#1468,.T.);
#947=EDGE_CURVE('',#1279,#1280,#1469,.T.);
#948=EDGE_CURVE('',#1280,#1281,#1470,.T.);
#949=EDGE_CURVE('',#1281,#1278,#1471,.T.);
#950=EDGE_CURVE('',#1282,#1283,#1472,.T.);
#951=EDGE_CURVE('',#1283,#1284,#1473,.T.);
#952=EDGE_CURVE('',#1284,#1285,#1474,.T.);
#953=EDGE_CURVE('',#1285,#1286,#1475,.T.);
#954=EDGE_CURVE('',#1286,#1287,#1476,.T.);
#955=EDGE_CURVE('',#1287,#1288,#1477,.T.);
#956=EDGE_CURVE('',#1288,#1289,#1478,.T.);
#957=EDGE_CURVE('',#1289,#1290,#1479,.T.);
#958=EDGE_CURVE('',#1290,#1291,#1480,.T.);
#959=EDGE_CURVE('',#1291,#1292,#1481,.T.);
#960=EDGE_CURVE('',#1292,#1293,#1482,.T.);
#961=EDGE_CURVE('',#1293,#1282,#1483,.T.);
#962=EDGE_CURVE('',#1294,#1295,#1484,.T.);
#963=EDGE_CURVE('',#1295,#1296,#1485,.T.);
#964=EDGE_CURVE('',#1296,#1297,#1486,.T.);
#965=EDGE_CURVE('',#1297,#1298,#1487,.T.);
#966=EDGE_CURVE('',#1298,#1299,#1488,.T.);
#967=EDGE_CURVE('',#1299,#1300,#1489,.T.);
#968=EDGE_CURVE('',#1300,#1301,#1490,.T.);
#969=EDGE_CURVE('',#1301,#1302,#1491,.T.);
#970=EDGE_CURVE('',#1302,#1303,#1492,.T.);
#971=EDGE_CURVE('',#1303,#1304,#1493,.T.);
#972=EDGE_CURVE('',#1304,#1305,#1494,.T.);
#973=EDGE_CURVE('',#1305,#1294,#1495,.T.);
#974=EDGE_CURVE('',#1306,#1307,#92,.T.);
#975=EDGE_CURVE('',#1307,#1308,#93,.T.);
#976=EDGE_CURVE('',#1308,#1309,#94,.T.);
#977=EDGE_CURVE('',#1309,#1310,#95,.T.);
#978=EDGE_CURVE('',#1310,#1311,#1496,.T.);
#979=EDGE_CURVE('',#1311,#1312,#1497,.T.);
#980=EDGE_CURVE('',#1312,#1313,#1498,.T.);
#981=EDGE_CURVE('',#1313,#1306,#96,.T.);
#982=EDGE_CURVE('',#1314,#1315,#170,.F.);
#983=EDGE_CURVE('',#1315,#1316,#97,.T.);
#984=EDGE_CURVE('',#1316,#1317,#1499,.F.);
#985=EDGE_CURVE('',#1317,#1318,#98,.T.);
#986=EDGE_CURVE('',#1318,#1319,#1500,.T.);
#987=EDGE_CURVE('',#1319,#1320,#99,.T.);
#988=EDGE_CURVE('',#1320,#1314,#1501,.T.);
#989=EDGE_CURVE('',#1247,#1321,#1502,.F.);
#990=EDGE_CURVE('',#1321,#1322,#1503,.F.);
#991=EDGE_CURVE('',#1322,#1248,#171,.T.);
#992=EDGE_CURVE('',#1320,#1323,#172,.F.);
#993=EDGE_CURVE('',#1323,#1324,#1504,.T.);
#994=EDGE_CURVE('',#1324,#1314,#1505,.T.);
#995=EDGE_CURVE('',#1325,#1326,#1506,.F.);
#996=EDGE_CURVE('',#1326,#1327,#1507,.T.);
#997=EDGE_CURVE('',#1327,#1328,#173,.F.);
#998=EDGE_CURVE('',#1325,#1328,#1508,.T.);
#999=EDGE_CURVE('',#1257,#1329,#174,.T.);
#1000=EDGE_CURVE('',#1329,#1330,#1509,.F.);
#1001=EDGE_CURVE('',#1330,#1251,#1510,.T.);
#1002=EDGE_CURVE('',#1242,#1221,#175,.F.);
#1003=EDGE_CURVE('',#1220,#1243,#176,.T.);
#1004=EDGE_CURVE('',#1331,#1332,#1511,.F.);
#1005=EDGE_CURVE('',#1332,#1333,#100,.T.);
#1006=EDGE_CURVE('',#1333,#1325,#177,.F.);
#1007=EDGE_CURVE('',#1328,#1334,#101,.T.);
#1008=EDGE_CURVE('',#1334,#1335,#1512,.F.);
#1009=EDGE_CURVE('',#1335,#1331,#102,.T.);
#1010=EDGE_CURVE('',#1228,#1235,#178,.F.);
#1011=EDGE_CURVE('',#1229,#1234,#179,.T.);
#1012=EDGE_CURVE('',#1318,#1336,#103,.T.);
#1013=EDGE_CURVE('',#1336,#1337,#1513,.F.);
#1014=EDGE_CURVE('',#1337,#1250,#104,.T.);
#1015=EDGE_CURVE('',#1249,#1338,#180,.F.);
#1016=EDGE_CURVE('',#1338,#1339,#1514,.T.);
#1017=EDGE_CURVE('',#1339,#1319,#181,.T.);
#1018=EDGE_CURVE('',#1255,#1340,#105,.T.);
#1019=EDGE_CURVE('',#1340,#1341,#1515,.T.);
#1020=EDGE_CURVE('',#1341,#1335,#106,.T.);
#1021=EDGE_CURVE('',#1334,#1262,#182,.T.);
#1022=EDGE_CURVE('',#1265,#1256,#183,.F.);
#1023=EDGE_CURVE('',#1338,#1342,#1516,.T.);
#1024=EDGE_CURVE('',#1342,#1343,#1517,.F.);
#1025=EDGE_CURVE('',#1343,#1339,#1518,.F.);
#1026=EDGE_CURVE('',#1344,#1345,#1519,.T.);
#1027=EDGE_CURVE('',#1345,#1342,#184,.F.);
#1028=EDGE_CURVE('',#1344,#1338,#185,.T.);
#1029=EDGE_CURVE('',#1322,#1344,#107,.F.);
#1030=EDGE_CURVE('',#1264,#1346,#186,.T.);
#1031=EDGE_CURVE('',#1346,#1347,#1520,.T.);
#1032=EDGE_CURVE('',#1265,#1347,#187,.T.);
#1033=EDGE_CURVE('',#1347,#1329,#108,.T.);
#1034=EDGE_CURVE('',#1343,#1348,#188,.F.);
#1035=EDGE_CURVE('',#1348,#1349,#1521,.T.);
#1036=EDGE_CURVE('',#1339,#1349,#189,.T.);
#1037=EDGE_CURVE('',#1349,#1323,#109,.T.);
#1038=EDGE_CURVE('',#1350,#1351,#1522,.T.);
#1039=EDGE_CURVE('',#1351,#1263,#190,.T.);
#1040=EDGE_CURVE('',#1350,#1262,#191,.T.);
#1041=EDGE_CURVE('',#1327,#1350,#110,.F.);
#1042=EDGE_CURVE('',#1352,#1295,#1523,.T.);
#1043=EDGE_CURVE('',#1352,#1353,#1524,.T.);
#1044=EDGE_CURVE('',#1353,#1296,#1525,.T.);
#1045=EDGE_CURVE('',#1354,#1294,#1526,.T.);
#1046=EDGE_CURVE('',#1354,#1352,#1527,.T.);
#1047=EDGE_CURVE('',#1355,#1305,#1528,.T.);
#1048=EDGE_CURVE('',#1355,#1354,#1529,.T.);
#1049=EDGE_CURVE('',#1356,#1304,#1530,.T.);
#1050=EDGE_CURVE('',#1356,#1355,#1531,.T.);
#1051=EDGE_CURVE('',#1357,#1303,#1532,.T.);
#1052=EDGE_CURVE('',#1357,#1356,#1533,.T.);
#1053=EDGE_CURVE('',#1358,#1302,#1534,.T.);
#1054=EDGE_CURVE('',#1358,#1357,#1535,.T.);
#1055=EDGE_CURVE('',#1359,#1301,#1536,.T.);
#1056=EDGE_CURVE('',#1359,#1358,#1537,.T.);
#1057=EDGE_CURVE('',#1360,#1300,#1538,.T.);
#1058=EDGE_CURVE('',#1360,#1359,#1539,.T.);
#1059=EDGE_CURVE('',#1361,#1299,#1540,.T.);
#1060=EDGE_CURVE('',#1361,#1360,#1541,.T.);
#1061=EDGE_CURVE('',#1362,#1298,#1542,.T.);
#1062=EDGE_CURVE('',#1362,#1361,#1543,.T.);
#1063=EDGE_CURVE('',#1363,#1297,#1544,.T.);
#1064=EDGE_CURVE('',#1363,#1362,#1545,.T.);
#1065=EDGE_CURVE('',#1353,#1363,#1546,.T.);
#1066=EDGE_CURVE('',#1364,#1283,#1547,.T.);
#1067=EDGE_CURVE('',#1364,#1365,#1548,.T.);
#1068=EDGE_CURVE('',#1365,#1284,#1549,.T.);
#1069=EDGE_CURVE('',#1366,#1282,#1550,.T.);
#1070=EDGE_CURVE('',#1366,#1364,#1551,.T.);
#1071=EDGE_CURVE('',#1367,#1293,#1552,.T.);
#1072=EDGE_CURVE('',#1367,#1366,#1553,.T.);
#1073=EDGE_CURVE('',#1368,#1292,#1554,.T.);
#1074=EDGE_CURVE('',#1368,#1367,#1555,.T.);
#1075=EDGE_CURVE('',#1369,#1291,#1556,.T.);
#1076=EDGE_CURVE('',#1369,#1368,#1557,.T.);
#1077=EDGE_CURVE('',#1370,#1290,#1558,.T.);
#1078=EDGE_CURVE('',#1370,#1369,#1559,.T.);
#1079=EDGE_CURVE('',#1371,#1289,#1560,.T.);
#1080=EDGE_CURVE('',#1371,#1370,#1561,.T.);
#1081=EDGE_CURVE('',#1372,#1288,#1562,.T.);
#1082=EDGE_CURVE('',#1372,#1371,#1563,.T.);
#1083=EDGE_CURVE('',#1373,#1287,#1564,.T.);
#1084=EDGE_CURVE('',#1373,#1372,#1565,.T.);
#1085=EDGE_CURVE('',#1374,#1286,#1566,.T.);
#1086=EDGE_CURVE('',#1374,#1373,#1567,.T.);
#1087=EDGE_CURVE('',#1375,#1285,#1568,.T.);
#1088=EDGE_CURVE('',#1375,#1374,#1569,.T.);
#1089=EDGE_CURVE('',#1365,#1375,#1570,.T.);
#1090=EDGE_CURVE('',#1376,#1279,#1571,.T.);
#1091=EDGE_CURVE('',#1376,#1377,#1572,.T.);
#1092=EDGE_CURVE('',#1377,#1280,#1573,.T.);
#1093=EDGE_CURVE('',#1378,#1278,#1574,.T.);
#1094=EDGE_CURVE('',#1378,#1376,#1575,.T.);
#1095=EDGE_CURVE('',#1379,#1281,#1576,.T.);
#1096=EDGE_CURVE('',#1379,#1378,#1577,.T.);
#1097=EDGE_CURVE('',#1377,#1379,#1578,.T.);
#1098=EDGE_CURVE('',#1380,#1381,#111,.T.);
#1099=EDGE_CURVE('',#1382,#1380,#1579,.T.);
#1100=EDGE_CURVE('',#1382,#1383,#112,.T.);
#1101=EDGE_CURVE('',#1383,#1381,#1580,.T.);
#1102=EDGE_CURVE('',#1384,#1380,#113,.T.);
#1103=EDGE_CURVE('',#1385,#1384,#1581,.T.);
#1104=EDGE_CURVE('',#1385,#1382,#114,.T.);
#1105=EDGE_CURVE('',#1386,#1384,#115,.T.);
#1106=EDGE_CURVE('',#1387,#1386,#1582,.T.);
#1107=EDGE_CURVE('',#1387,#1385,#116,.T.);
#1108=EDGE_CURVE('',#1388,#1386,#117,.T.);
#1109=EDGE_CURVE('',#1389,#1388,#1583,.T.);
#1110=EDGE_CURVE('',#1389,#1387,#118,.T.);
#1111=EDGE_CURVE('',#1390,#1388,#1584,.T.);
#1112=EDGE_CURVE('',#1391,#1390,#1585,.T.);
#1113=EDGE_CURVE('',#1391,#1389,#1586,.T.);
#1114=EDGE_CURVE('',#1392,#1390,#1587,.T.);
#1115=EDGE_CURVE('',#1393,#1392,#1588,.T.);
#1116=EDGE_CURVE('',#1393,#1391,#1589,.T.);
#1117=EDGE_CURVE('',#1394,#1392,#1590,.T.);
#1118=EDGE_CURVE('',#1395,#1394,#1591,.T.);
#1119=EDGE_CURVE('',#1395,#1393,#1592,.T.);
#1120=EDGE_CURVE('',#1396,#1307,#1593,.T.);
#1121=EDGE_CURVE('',#1396,#1397,#119,.T.);
#1122=EDGE_CURVE('',#1397,#1308,#1594,.T.);
#1123=EDGE_CURVE('',#1398,#1306,#1595,.T.);
#1124=EDGE_CURVE('',#1398,#1396,#120,.T.);
#1125=EDGE_CURVE('',#1399,#1313,#1596,.T.);
#1126=EDGE_CURVE('',#1399,#1398,#121,.T.);
#1127=EDGE_CURVE('',#1400,#1312,#1597,.T.);
#1128=EDGE_CURVE('',#1400,#1399,#1598,.T.);
#1129=EDGE_CURVE('',#1401,#1311,#1599,.T.);
#1130=EDGE_CURVE('',#1401,#1400,#1600,.T.);
#1131=EDGE_CURVE('',#1402,#1310,#1601,.T.);
#1132=EDGE_CURVE('',#1402,#1401,#1602,.T.);
#1133=EDGE_CURVE('',#1403,#1309,#1603,.T.);
#1134=EDGE_CURVE('',#1403,#1402,#122,.T.);
#1135=EDGE_CURVE('',#1397,#1403,#123,.T.);
#1136=EDGE_CURVE('',#1381,#1394,#124,.T.);
#1137=EDGE_CURVE('',#1383,#1395,#125,.T.);
#1138=EDGE_CURVE('',#1216,#1233,#1604,.T.);
#1139=EDGE_CURVE('',#1232,#1217,#1605,.F.);
#1140=EDGE_CURVE('',#1218,#1231,#1606,.T.);
#1141=EDGE_CURVE('',#1219,#1230,#1607,.T.);
#1142=EDGE_CURVE('',#1330,#1404,#192,.F.);
#1143=EDGE_CURVE('',#1404,#1252,#126,.T.);
#1144=EDGE_CURVE('',#1333,#1405,#127,.T.);
#1145=EDGE_CURVE('',#1405,#1326,#193,.T.);
#1146=EDGE_CURVE('',#1246,#1406,#128,.T.);
#1147=EDGE_CURVE('',#1406,#1321,#194,.F.);
#1148=EDGE_CURVE('',#1324,#1407,#195,.T.);
#1149=EDGE_CURVE('',#1407,#1315,#129,.T.);
#1150=EDGE_CURVE('',#1324,#1275,#196,.T.);
#1151=EDGE_CURVE('',#1348,#1237,#130,.T.);
#1152=EDGE_CURVE('',#1236,#1276,#131,.T.);
#1153=EDGE_CURVE('',#1408,#1275,#197,.T.);
#1154=EDGE_CURVE('',#1408,#1407,#132,.F.);
#1155=EDGE_CURVE('',#1409,#1410,#1608,.F.);
#1156=EDGE_CURVE('',#1410,#1408,#133,.T.);
#1157=EDGE_CURVE('',#1411,#1274,#198,.T.);
#1158=EDGE_CURVE('',#1411,#1409,#134,.T.);
#1159=EDGE_CURVE('',#1406,#1411,#135,.T.);
#1160=EDGE_CURVE('',#1321,#1274,#199,.T.);
#1161=EDGE_CURVE('',#1273,#1241,#136,.F.);
#1162=EDGE_CURVE('',#1240,#1345,#137,.T.);
#1163=EDGE_CURVE('',#1268,#1326,#200,.T.);
#1164=EDGE_CURVE('',#1267,#1227,#138,.F.);
#1165=EDGE_CURVE('',#1226,#1351,#139,.T.);
#1166=EDGE_CURVE('',#1405,#1412,#140,.T.);
#1167=EDGE_CURVE('',#1268,#1412,#201,.T.);
#1168=EDGE_CURVE('',#1413,#1414,#1609,.F.);
#1169=EDGE_CURVE('',#1414,#1415,#141,.T.);
#1170=EDGE_CURVE('',#1269,#1415,#202,.T.);
#1171=EDGE_CURVE('',#1412,#1413,#142,.T.);
#1172=EDGE_CURVE('',#1415,#1404,#143,.F.);
#1173=EDGE_CURVE('',#1269,#1330,#203,.T.);
#1174=EDGE_CURVE('',#1346,#1223,#144,.T.);
#1175=EDGE_CURVE('',#1222,#1270,#145,.T.);
#1176=EDGE_CURVE('',#1416,#1417,#1610,.F.);
#1177=EDGE_CURVE('',#1417,#1418,#1611,.F.);
#1178=EDGE_CURVE('',#1418,#1419,#1612,.T.);
#1179=EDGE_CURVE('',#1419,#1416,#1613,.T.);
#1180=EDGE_CURVE('',#1420,#1421,#1614,.T.);
#1181=EDGE_CURVE('',#1421,#1422,#1615,.F.);
#1182=EDGE_CURVE('',#1422,#1423,#1616,.F.);
#1183=EDGE_CURVE('',#1423,#1420,#1617,.F.);
#1184=EDGE_CURVE('',#1316,#1417,#146,.T.);
#1185=EDGE_CURVE('',#1416,#1317,#147,.T.);
#1186=EDGE_CURVE('',#1418,#1245,#148,.T.);
#1187=EDGE_CURVE('',#1244,#1419,#149,.T.);
#1188=EDGE_CURVE('',#1253,#1421,#150,.T.);
#1189=EDGE_CURVE('',#1420,#1254,#151,.T.);
#1190=EDGE_CURVE('',#1422,#1332,#152,.T.);
#1191=EDGE_CURVE('',#1331,#1423,#153,.T.);
#1192=EDGE_CURVE('',#1409,#1418,#204,.T.);
#1193=EDGE_CURVE('',#1410,#1417,#205,.T.);
#1194=EDGE_CURVE('',#1413,#1422,#206,.T.);
#1195=EDGE_CURVE('',#1414,#1421,#207,.T.);
#1196=EDGE_CURVE('',#1423,#1341,#208,.T.);
#1197=EDGE_CURVE('',#1420,#1340,#209,.T.);
#1198=EDGE_CURVE('',#1419,#1337,#210,.T.);
#1199=EDGE_CURVE('',#1416,#1336,#211,.T.);
#1200=EDGE_CURVE('',#1342,#1239,#212,.T.);
#1201=EDGE_CURVE('',#1343,#1238,#213,.T.);
#1202=EDGE_CURVE('',#1224,#1264,#214,.T.);
#1203=EDGE_CURVE('',#1225,#1263,#215,.T.);
#1204=EDGE_CURVE('',#1277,#1235,#216,.T.);
#1205=EDGE_CURVE('',#1266,#1228,#217,.T.);
#1206=EDGE_CURVE('',#1242,#1272,#218,.T.);
#1207=EDGE_CURVE('',#1221,#1271,#219,.T.);
#1208=EDGE_CURVE('',#1424,#1425,#1618,.F.);
#1209=EDGE_CURVE('',#1425,#1426,#1619,.T.);
#1210=EDGE_CURVE('',#1426,#1427,#1620,.T.);
#1211=EDGE_CURVE('',#1427,#1424,#1621,.F.);
#1212=EDGE_CURVE('',#1231,#1427,#12,.T.);
#1213=EDGE_CURVE('',#1424,#1218,#13,.F.);
#1214=EDGE_CURVE('',#1425,#1217,#14,.T.);
#1215=EDGE_CURVE('',#1232,#1426,#15,.F.);
#1216=VERTEX_POINT('',#3039);
#1217=VERTEX_POINT('',#3040);
#1218=VERTEX_POINT('',#3042);
#1219=VERTEX_POINT('',#3044);
#1220=VERTEX_POINT('',#3046);
#1221=VERTEX_POINT('',#3048);
#1222=VERTEX_POINT('',#3050);
#1223=VERTEX_POINT('',#3052);
#1224=VERTEX_POINT('',#3054);
#1225=VERTEX_POINT('',#3056);
#1226=VERTEX_POINT('',#3058);
#1227=VERTEX_POINT('',#3060);
#1228=VERTEX_POINT('',#3062);
#1229=VERTEX_POINT('',#3064);
#1230=VERTEX_POINT('',#3068);
#1231=VERTEX_POINT('',#3069);
#1232=VERTEX_POINT('',#3071);
#1233=VERTEX_POINT('',#3073);
#1234=VERTEX_POINT('',#3075);
#1235=VERTEX_POINT('',#3077);
#1236=VERTEX_POINT('',#3079);
#1237=VERTEX_POINT('',#3081);
#1238=VERTEX_POINT('',#3083);
#1239=VERTEX_POINT('',#3085);
#1240=VERTEX_POINT('',#3087);
#1241=VERTEX_POINT('',#3089);
#1242=VERTEX_POINT('',#3091);
#1243=VERTEX_POINT('',#3093);
#1244=VERTEX_POINT('',#3097);
#1245=VERTEX_POINT('',#3098);
#1246=VERTEX_POINT('',#3103);
#1247=VERTEX_POINT('',#3105);
#1248=VERTEX_POINT('',#3107);
#1249=VERTEX_POINT('',#3113);
#1250=VERTEX_POINT('',#3115);
#1251=VERTEX_POINT('',#3123);
#1252=VERTEX_POINT('',#3124);
#1253=VERTEX_POINT('',#3129);
#1254=VERTEX_POINT('',#3131);
#1255=VERTEX_POINT('',#3137);
#1256=VERTEX_POINT('',#3139);
#1257=VERTEX_POINT('',#3145);
#1258=VERTEX_POINT('',#3149);
#1259=VERTEX_POINT('',#3151);
#1260=VERTEX_POINT('',#3154);
#1261=VERTEX_POINT('',#3156);
#1262=VERTEX_POINT('',#3159);
#1263=VERTEX_POINT('',#3160);
#1264=VERTEX_POINT('',#3162);
#1265=VERTEX_POINT('',#3164);
#1266=VERTEX_POINT('',#3168);
#1267=VERTEX_POINT('',#3169);
#1268=VERTEX_POINT('',#3171);
#1269=VERTEX_POINT('',#3173);
#1270=VERTEX_POINT('',#3175);
#1271=VERTEX_POINT('',#3177);
#1272=VERTEX_POINT('',#3179);
#1273=VERTEX_POINT('',#3181);
#1274=VERTEX_POINT('',#3183);
#1275=VERTEX_POINT('',#3185);
#1276=VERTEX_POINT('',#3187);
#1277=VERTEX_POINT('',#3189);
#1278=VERTEX_POINT('',#3192);
#1279=VERTEX_POINT('',#3193);
#1280=VERTEX_POINT('',#3195);
#1281=VERTEX_POINT('',#3197);
#1282=VERTEX_POINT('',#3200);
#1283=VERTEX_POINT('',#3201);
#1284=VERTEX_POINT('',#3203);
#1285=VERTEX_POINT('',#3205);
#1286=VERTEX_POINT('',#3207);
#1287=VERTEX_POINT('',#3209);
#1288=VERTEX_POINT('',#3211);
#1289=VERTEX_POINT('',#3213);
#1290=VERTEX_POINT('',#3215);
#1291=VERTEX_POINT('',#3217);
#1292=VERTEX_POINT('',#3219);
#1293=VERTEX_POINT('',#3221);
#1294=VERTEX_POINT('',#3224);
#1295=VERTEX_POINT('',#3225);
#1296=VERTEX_POINT('',#3227);
#1297=VERTEX_POINT('',#3229);
#1298=VERTEX_POINT('',#3231);
#1299=VERTEX_POINT('',#3233);
#1300=VERTEX_POINT('',#3235);
#1301=VERTEX_POINT('',#3237);
#1302=VERTEX_POINT('',#3239);
#1303=VERTEX_POINT('',#3241);
#1304=VERTEX_POINT('',#3243);
#1305=VERTEX_POINT('',#3245);
#1306=VERTEX_POINT('',#3250);
#1307=VERTEX_POINT('',#3251);
#1308=VERTEX_POINT('',#3255);
#1309=VERTEX_POINT('',#3259);
#1310=VERTEX_POINT('',#3263);
#1311=VERTEX_POINT('',#3265);
#1312=VERTEX_POINT('',#3267);
#1313=VERTEX_POINT('',#3269);
#1314=VERTEX_POINT('',#3275);
#1315=VERTEX_POINT('',#3276);
#1316=VERTEX_POINT('',#3281);
#1317=VERTEX_POINT('',#3283);
#1318=VERTEX_POINT('',#3289);
#1319=VERTEX_POINT('',#3291);
#1320=VERTEX_POINT('',#3297);
#1321=VERTEX_POINT('',#3301);
#1322=VERTEX_POINT('',#3303);
#1323=VERTEX_POINT('',#3307);
#1324=VERTEX_POINT('',#3309);
#1325=VERTEX_POINT('',#3313);
#1326=VERTEX_POINT('',#3314);
#1327=VERTEX_POINT('',#3316);
#1328=VERTEX_POINT('',#3318);
#1329=VERTEX_POINT('',#3322);
#1330=VERTEX_POINT('',#3324);
#1331=VERTEX_POINT('',#3331);
#1332=VERTEX_POINT('',#3332);
#1333=VERTEX_POINT('',#3337);
#1334=VERTEX_POINT('',#3344);
#1335=VERTEX_POINT('',#3346);
#1336=VERTEX_POINT('',#3360);
#1337=VERTEX_POINT('',#3362);
#1338=VERTEX_POINT('',#3368);
#1339=VERTEX_POINT('',#3370);
#1340=VERTEX_POINT('',#3377);
#1341=VERTEX_POINT('',#3379);
#1342=VERTEX_POINT('',#3388);
#1343=VERTEX_POINT('',#3390);
#1344=VERTEX_POINT('',#3394);
#1345=VERTEX_POINT('',#3395);
#1346=VERTEX_POINT('',#3405);
#1347=VERTEX_POINT('',#3407);
#1348=VERTEX_POINT('',#3416);
#1349=VERTEX_POINT('',#3418);
#1350=VERTEX_POINT('',#3427);
#1351=VERTEX_POINT('',#3428);
#1352=VERTEX_POINT('',#3438);
#1353=VERTEX_POINT('',#3440);
#1354=VERTEX_POINT('',#3444);
#1355=VERTEX_POINT('',#3448);
#1356=VERTEX_POINT('',#3452);
#1357=VERTEX_POINT('',#3456);
#1358=VERTEX_POINT('',#3460);
#1359=VERTEX_POINT('',#3464);
#1360=VERTEX_POINT('',#3468);
#1361=VERTEX_POINT('',#3472);
#1362=VERTEX_POINT('',#3476);
#1363=VERTEX_POINT('',#3480);
#1364=VERTEX_POINT('',#3487);
#1365=VERTEX_POINT('',#3489);
#1366=VERTEX_POINT('',#3493);
#1367=VERTEX_POINT('',#3497);
#1368=VERTEX_POINT('',#3501);
#1369=VERTEX_POINT('',#3505);
#1370=VERTEX_POINT('',#3509);
#1371=VERTEX_POINT('',#3513);
#1372=VERTEX_POINT('',#3517);
#1373=VERTEX_POINT('',#3521);
#1374=VERTEX_POINT('',#3525);
#1375=VERTEX_POINT('',#3529);
#1376=VERTEX_POINT('',#3536);
#1377=VERTEX_POINT('',#3538);
#1378=VERTEX_POINT('',#3542);
#1379=VERTEX_POINT('',#3546);
#1380=VERTEX_POINT('',#3562);
#1381=VERTEX_POINT('',#3563);
#1382=VERTEX_POINT('',#3565);
#1383=VERTEX_POINT('',#3569);
#1384=VERTEX_POINT('',#3582);
#1385=VERTEX_POINT('',#3584);
#1386=VERTEX_POINT('',#3599);
#1387=VERTEX_POINT('',#3601);
#1388=VERTEX_POINT('',#3616);
#1389=VERTEX_POINT('',#3618);
#1390=VERTEX_POINT('',#3624);
#1391=VERTEX_POINT('',#3626);
#1392=VERTEX_POINT('',#3630);
#1393=VERTEX_POINT('',#3632);
#1394=VERTEX_POINT('',#3636);
#1395=VERTEX_POINT('',#3638);
#1396=VERTEX_POINT('',#3649);
#1397=VERTEX_POINT('',#3653);
#1398=VERTEX_POINT('',#3664);
#1399=VERTEX_POINT('',#3677);
#1400=VERTEX_POINT('',#3683);
#1401=VERTEX_POINT('',#3687);
#1402=VERTEX_POINT('',#3691);
#1403=VERTEX_POINT('',#3702);
#1404=VERTEX_POINT('',#3743);
#1405=VERTEX_POINT('',#3753);
#1406=VERTEX_POINT('',#3760);
#1407=VERTEX_POINT('',#3764);
#1408=VERTEX_POINT('',#3783);
#1409=VERTEX_POINT('',#3790);
#1410=VERTEX_POINT('',#3791);
#1411=VERTEX_POINT('',#3797);
#1412=VERTEX_POINT('',#3836);
#1413=VERTEX_POINT('',#3840);
#1414=VERTEX_POINT('',#3841);
#1415=VERTEX_POINT('',#3846);
#1416=VERTEX_POINT('',#3871);
#1417=VERTEX_POINT('',#3872);
#1418=VERTEX_POINT('',#3874);
#1419=VERTEX_POINT('',#3876);
#1420=VERTEX_POINT('',#3880);
#1421=VERTEX_POINT('',#3881);
#1422=VERTEX_POINT('',#3883);
#1423=VERTEX_POINT('',#3885);
#1424=VERTEX_POINT('',#4111);
#1425=VERTEX_POINT('',#4112);
#1426=VERTEX_POINT('',#4114);
#1427=VERTEX_POINT('',#4116);
#1428=LINE('',#3038,#1622);
#1429=LINE('',#3041,#1623);
#1430=LINE('',#3043,#1624);
#1431=LINE('',#3045,#1625);
#1432=LINE('',#3047,#1626);
#1433=LINE('',#3049,#1627);
#1434=LINE('',#3055,#1628);
#1435=LINE('',#3061,#1629);
#1436=LINE('',#3063,#1630);
#1437=LINE('',#3065,#1631);
#1438=LINE('',#3067,#1632);
#1439=LINE('',#3070,#1633);
#1440=LINE('',#3072,#1634);
#1441=LINE('',#3074,#1635);
#1442=LINE('',#3076,#1636);
#1443=LINE('',#3078,#1637);
#1444=LINE('',#3084,#1638);
#1445=LINE('',#3090,#1639);
#1446=LINE('',#3092,#1640);
#1447=LINE('',#3094,#1641);
#1448=LINE('',#3096,#1642);
#1449=LINE('',#3106,#1643);
#1450=LINE('',#3114,#1644);
#1451=LINE('',#3130,#1645);
#1452=LINE('',#3138,#1646);
#1453=LINE('',#3146,#1647);
#1454=LINE('',#3158,#1648);
#1455=LINE('',#3161,#1649);
#1456=LINE('',#3163,#1650);
#1457=LINE('',#3165,#1651);
#1458=LINE('',#3167,#1652);
#1459=LINE('',#3170,#1653);
#1460=LINE('',#3172,#1654);
#1461=LINE('',#3174,#1655);
#1462=LINE('',#3176,#1656);
#1463=LINE('',#3180,#1657);
#1464=LINE('',#3182,#1658);
#1465=LINE('',#3184,#1659);
#1466=LINE('',#3186,#1660);
#1467=LINE('',#3188,#1661);
#1468=LINE('',#3191,#1662);
#1469=LINE('',#3194,#1663);
#1470=LINE('',#3196,#1664);
#1471=LINE('',#3198,#1665);
#1472=LINE('',#3199,#1666);
#1473=LINE('',#3202,#1667);
#1474=LINE('',#3204,#1668);
#1475=LINE('',#3206,#1669);
#1476=LINE('',#3208,#1670);
#1477=LINE('',#3210,#1671);
#1478=LINE('',#3212,#1672);
#1479=LINE('',#3214,#1673);
#1480=LINE('',#3216,#1674);
#1481=LINE('',#3218,#1675);
#1482=LINE('',#3220,#1676);
#1483=LINE('',#3222,#1677);
#1484=LINE('',#3223,#1678);
#1485=LINE('',#3226,#1679);
#1486=LINE('',#3228,#1680);
#1487=LINE('',#3230,#1681);
#1488=LINE('',#3232,#1682);
#1489=LINE('',#3234,#1683);
#1490=LINE('',#3236,#1684);
#1491=LINE('',#3238,#1685);
#1492=LINE('',#3240,#1686);
#1493=LINE('',#3242,#1687);
#1494=LINE('',#3244,#1688);
#1495=LINE('',#3246,#1689);
#1496=LINE('',#3264,#1690);
#1497=LINE('',#3266,#1691);
#1498=LINE('',#3268,#1692);
#1499=LINE('',#3282,#1693);
#1500=LINE('',#3290,#1694);
#1501=LINE('',#3298,#1695);
#1502=LINE('',#3300,#1696);
#1503=LINE('',#3302,#1697);
#1504=LINE('',#3308,#1698);
#1505=LINE('',#3310,#1699);
#1506=LINE('',#3312,#1700);
#1507=LINE('',#3315,#1701);
#1508=LINE('',#3319,#1702);
#1509=LINE('',#3323,#1703);
#1510=LINE('',#3325,#1704);
#1511=LINE('',#3330,#1705);
#1512=LINE('',#3345,#1706);
#1513=LINE('',#3361,#1707);
#1514=LINE('',#3369,#1708);
#1515=LINE('',#3378,#1709);
#1516=LINE('',#3387,#1710);
#1517=LINE('',#3389,#1711);
#1518=LINE('',#3391,#1712);
#1519=LINE('',#3393,#1713);
#1520=LINE('',#3406,#1714);
#1521=LINE('',#3417,#1715);
#1522=LINE('',#3426,#1716);
#1523=LINE('',#3437,#1717);
#1524=LINE('',#3439,#1718);
#1525=LINE('',#3441,#1719);
#1526=LINE('',#3443,#1720);
#1527=LINE('',#3445,#1721);
#1528=LINE('',#3447,#1722);
#1529=LINE('',#3449,#1723);
#1530=LINE('',#3451,#1724);
#1531=LINE('',#3453,#1725);
#1532=LINE('',#3455,#1726);
#1533=LINE('',#3457,#1727);
#1534=LINE('',#3459,#1728);
#1535=LINE('',#3461,#1729);
#1536=LINE('',#3463,#1730);
#1537=LINE('',#3465,#1731);
#1538=LINE('',#3467,#1732);
#1539=LINE('',#3469,#1733);
#1540=LINE('',#3471,#1734);
#1541=LINE('',#3473,#1735);
#1542=LINE('',#3475,#1736);
#1543=LINE('',#3477,#1737);
#1544=LINE('',#3479,#1738);
#1545=LINE('',#3481,#1739);
#1546=LINE('',#3483,#1740);
#1547=LINE('',#3486,#1741);
#1548=LINE('',#3488,#1742);
#1549=LINE('',#3490,#1743);
#1550=LINE('',#3492,#1744);
#1551=LINE('',#3494,#1745);
#1552=LINE('',#3496,#1746);
#1553=LINE('',#3498,#1747);
#1554=LINE('',#3500,#1748);
#1555=LINE('',#3502,#1749);
#1556=LINE('',#3504,#1750);
#1557=LINE('',#3506,#1751);
#1558=LINE('',#3508,#1752);
#1559=LINE('',#3510,#1753);
#1560=LINE('',#3512,#1754);
#1561=LINE('',#3514,#1755);
#1562=LINE('',#3516,#1756);
#1563=LINE('',#3518,#1757);
#1564=LINE('',#3520,#1758);
#1565=LINE('',#3522,#1759);
#1566=LINE('',#3524,#1760);
#1567=LINE('',#3526,#1761);
#1568=LINE('',#3528,#1762);
#1569=LINE('',#3530,#1763);
#1570=LINE('',#3532,#1764);
#1571=LINE('',#3535,#1765);
#1572=LINE('',#3537,#1766);
#1573=LINE('',#3539,#1767);
#1574=LINE('',#3541,#1768);
#1575=LINE('',#3543,#1769);
#1576=LINE('',#3545,#1770);
#1577=LINE('',#3547,#1771);
#1578=LINE('',#3549,#1772);
#1579=LINE('',#3564,#1773);
#1580=LINE('',#3570,#1774);
#1581=LINE('',#3583,#1775);
#1582=LINE('',#3600,#1776);
#1583=LINE('',#3617,#1777);
#1584=LINE('',#3623,#1778);
#1585=LINE('',#3625,#1779);
#1586=LINE('',#3627,#1780);
#1587=LINE('',#3629,#1781);
#1588=LINE('',#3631,#1782);
#1589=LINE('',#3633,#1783);
#1590=LINE('',#3635,#1784);
#1591=LINE('',#3637,#1785);
#1592=LINE('',#3639,#1786);
#1593=LINE('',#3648,#1787);
#1594=LINE('',#3654,#1788);
#1595=LINE('',#3663,#1789);
#1596=LINE('',#3676,#1790);
#1597=LINE('',#3682,#1791);
#1598=LINE('',#3684,#1792);
#1599=LINE('',#3686,#1793);
#1600=LINE('',#3688,#1794);
#1601=LINE('',#3690,#1795);
#1602=LINE('',#3692,#1796);
#1603=LINE('',#3701,#1797);
#1604=LINE('',#3734,#1798);
#1605=LINE('',#3736,#1799);
#1606=LINE('',#3738,#1800);
#1607=LINE('',#3739,#1801);
#1608=LINE('',#3789,#1802);
#1609=LINE('',#3839,#1803);
#1610=LINE('',#3870,#1804);
#1611=LINE('',#3873,#1805);
#1612=LINE('',#3875,#1806);
#1613=LINE('',#3877,#1807);
#1614=LINE('',#3879,#1808);
#1615=LINE('',#3882,#1809);
#1616=LINE('',#3884,#1810);
#1617=LINE('',#3886,#1811);
#1618=LINE('',#4110,#1812);
#1619=LINE('',#4113,#1813);
#1620=LINE('',#4115,#1814);
#1621=LINE('',#4117,#1815);
#1622=VECTOR('',#2482,1.);
#1623=VECTOR('',#2483,1.);
#1624=VECTOR('',#2484,1.);
#1625=VECTOR('',#2485,1.);
#1626=VECTOR('',#2486,1.);
#1627=VECTOR('',#2487,1.);
#1628=VECTOR('',#2492,1.);
#1629=VECTOR('',#2497,1.);
#1630=VECTOR('',#2498,1.);
#1631=VECTOR('',#2499,1.);
#1632=VECTOR('',#2502,1.);
#1633=VECTOR('',#2503,1.);
#1634=VECTOR('',#2504,1.);
#1635=VECTOR('',#2505,1.);
#1636=VECTOR('',#2506,1.);
#1637=VECTOR('',#2507,1.);
#1638=VECTOR('',#2512,1.);
#1639=VECTOR('',#2517,1.);
#1640=VECTOR('',#2518,1.);
#1641=VECTOR('',#2519,1.);
#1642=VECTOR('',#2522,1.);
#1643=VECTOR('',#2525,1.);
#1644=VECTOR('',#2526,1.);
#1645=VECTOR('',#2531,1.);
#1646=VECTOR('',#2532,1.);
#1647=VECTOR('',#2533,1.);
#1648=VECTOR('',#2548,1.);
#1649=VECTOR('',#2549,1.);
#1650=VECTOR('',#2550,1.);
#1651=VECTOR('',#2551,1.);
#1652=VECTOR('',#2554,1.);
#1653=VECTOR('',#2555,1.);
#1654=VECTOR('',#2556,1.);
#1655=VECTOR('',#2557,1.);
#1656=VECTOR('',#2558,1.);
#1657=VECTOR('',#2561,1.);
#1658=VECTOR('',#2562,1.);
#1659=VECTOR('',#2563,1.);
#1660=VECTOR('',#2564,1.);
#1661=VECTOR('',#2565,1.);
#1662=VECTOR('',#2568,1.);
#1663=VECTOR('',#2569,1.);
#1664=VECTOR('',#2570,1.);
#1665=VECTOR('',#2571,1.);
#1666=VECTOR('',#2572,1.);
#1667=VECTOR('',#2573,1.);
#1668=VECTOR('',#2574,1.);
#1669=VECTOR('',#2575,1.);
#1670=VECTOR('',#2576,1.);
#1671=VECTOR('',#2577,1.);
#1672=VECTOR('',#2578,1.);
#1673=VECTOR('',#2579,1.);
#1674=VECTOR('',#2580,1.);
#1675=VECTOR('',#2581,1.);
#1676=VECTOR('',#2582,1.);
#1677=VECTOR('',#2583,1.);
#1678=VECTOR('',#2584,1.);
#1679=VECTOR('',#2585,1.);
#1680=VECTOR('',#2586,1.);
#1681=VECTOR('',#2587,1.);
#1682=VECTOR('',#2588,1.);
#1683=VECTOR('',#2589,1.);
#1684=VECTOR('',#2590,1.);
#1685=VECTOR('',#2591,1.);
#1686=VECTOR('',#2592,1.);
#1687=VECTOR('',#2593,1.);
#1688=VECTOR('',#2594,1.);
#1689=VECTOR('',#2595,1.);
#1690=VECTOR('',#2596,1.);
#1691=VECTOR('',#2597,1.);
#1692=VECTOR('',#2598,1.);
#1693=VECTOR('',#2603,1.);
#1694=VECTOR('',#2604,1.);
#1695=VECTOR('',#2605,1.);
#1696=VECTOR('',#2608,1.);
#1697=VECTOR('',#2609,1.);
#1698=VECTOR('',#2616,1.);
#1699=VECTOR('',#2617,1.);
#1700=VECTOR('',#2620,1.);
#1701=VECTOR('',#2621,1.);
#1702=VECTOR('',#2624,1.);
#1703=VECTOR('',#2629,1.);
#1704=VECTOR('',#2630,1.);
#1705=VECTOR('',#2639,1.);
#1706=VECTOR('',#2642,1.);
#1707=VECTOR('',#2651,1.);
#1708=VECTOR('',#2654,1.);
#1709=VECTOR('',#2659,1.);
#1710=VECTOR('',#2666,1.);
#1711=VECTOR('',#2667,1.);
#1712=VECTOR('',#2668,1.);
#1713=VECTOR('',#2671,1.);
#1714=VECTOR('',#2682,1.);
#1715=VECTOR('',#2691,1.);
#1716=VECTOR('',#2698,1.);
#1717=VECTOR('',#2707,1.);
#1718=VECTOR('',#2708,1.);
#1719=VECTOR('',#2709,1.);
#1720=VECTOR('',#2712,1.);
#1721=VECTOR('',#2713,1.);
#1722=VECTOR('',#2716,1.);
#1723=VECTOR('',#2717,1.);
#1724=VECTOR('',#2720,1.);
#1725=VECTOR('',#2721,1.);
#1726=VECTOR('',#2724,1.);
#1727=VECTOR('',#2725,1.);
#1728=VECTOR('',#2728,1.);
#1729=VECTOR('',#2729,1.);
#1730=VECTOR('',#2732,1.);
#1731=VECTOR('',#2733,1.);
#1732=VECTOR('',#2736,1.);
#1733=VECTOR('',#2737,1.);
#1734=VECTOR('',#2740,1.);
#1735=VECTOR('',#2741,1.);
#1736=VECTOR('',#2744,1.);
#1737=VECTOR('',#2745,1.);
#1738=VECTOR('',#2748,1.);
#1739=VECTOR('',#2749,1.);
#1740=VECTOR('',#2752,1.);
#1741=VECTOR('',#2757,1.);
#1742=VECTOR('',#2758,1.);
#1743=VECTOR('',#2759,1.);
#1744=VECTOR('',#2762,1.);
#1745=VECTOR('',#2763,1.);
#1746=VECTOR('',#2766,1.);
#1747=VECTOR('',#2767,1.);
#1748=VECTOR('',#2770,1.);
#1749=VECTOR('',#2771,1.);
#1750=VECTOR('',#2774,1.);
#1751=VECTOR('',#2775,1.);
#1752=VECTOR('',#2778,1.);
#1753=VECTOR('',#2779,1.);
#1754=VECTOR('',#2782,1.);
#1755=VECTOR('',#2783,1.);
#1756=VECTOR('',#2786,1.);
#1757=VECTOR('',#2787,1.);
#1758=VECTOR('',#2790,1.);
#1759=VECTOR('',#2791,1.);
#1760=VECTOR('',#2794,1.);
#1761=VECTOR('',#2795,1.);
#1762=VECTOR('',#2798,1.);
#1763=VECTOR('',#2799,1.);
#1764=VECTOR('',#2802,1.);
#1765=VECTOR('',#2807,1.);
#1766=VECTOR('',#2808,1.);
#1767=VECTOR('',#2809,1.);
#1768=VECTOR('',#2812,1.);
#1769=VECTOR('',#2813,1.);
#1770=VECTOR('',#2816,1.);
#1771=VECTOR('',#2817,1.);
#1772=VECTOR('',#2820,1.);
#1773=VECTOR('',#2823,1.);
#1774=VECTOR('',#2824,1.);
#1775=VECTOR('',#2825,1.);
#1776=VECTOR('',#2826,1.);
#1777=VECTOR('',#2827,1.);
#1778=VECTOR('',#2830,1.);
#1779=VECTOR('',#2831,1.);
#1780=VECTOR('',#2832,1.);
#1781=VECTOR('',#2835,1.);
#1782=VECTOR('',#2836,1.);
#1783=VECTOR('',#2837,1.);
#1784=VECTOR('',#2840,1.);
#1785=VECTOR('',#2841,1.);
#1786=VECTOR('',#2842,1.);
#1787=VECTOR('',#2843,1.);
#1788=VECTOR('',#2844,1.);
#1789=VECTOR('',#2845,1.);
#1790=VECTOR('',#2846,1.);
#1791=VECTOR('',#2849,1.);
#1792=VECTOR('',#2850,1.);
#1793=VECTOR('',#2853,1.);
#1794=VECTOR('',#2854,1.);
#1795=VECTOR('',#2857,1.);
#1796=VECTOR('',#2858,1.);
#1797=VECTOR('',#2859,1.);
#1798=VECTOR('',#2866,1.);
#1799=VECTOR('',#2869,1.);
#1800=VECTOR('',#2872,1.);
#1801=VECTOR('',#2873,1.);
#1802=VECTOR('',#2902,1.);
#1803=VECTOR('',#2921,1.);
#1804=VECTOR('',#2932,1.);
#1805=VECTOR('',#2933,1.);
#1806=VECTOR('',#2934,1.);
#1807=VECTOR('',#2935,1.);
#1808=VECTOR('',#2938,1.);
#1809=VECTOR('',#2939,1.);
#1810=VECTOR('',#2940,1.);
#1811=VECTOR('',#2941,1.);
#1812=VECTOR('',#3016,1.);
#1813=VECTOR('',#3017,1.);
#1814=VECTOR('',#3018,1.);
#1815=VECTOR('',#3019,1.);
#1816=EDGE_LOOP('',(#220,#221,#222,#223,#224,#225,#226,#227,#228,#229,#230,
#231,#232,#233));
#1817=EDGE_LOOP('',(#234,#235,#236,#237,#238,#239,#240,#241,#242,#243,#244,
#245,#246,#247));
#1818=EDGE_LOOP('',(#248,#249,#250,#251,#252,#253,#254));
#1819=EDGE_LOOP('',(#255,#256,#257,#258,#259,#260,#261));
#1820=EDGE_LOOP('',(#262));
#1821=EDGE_LOOP('',(#263));
#1822=EDGE_LOOP('',(#264));
#1823=EDGE_LOOP('',(#265));
#1824=EDGE_LOOP('',(#266,#267,#268,#269));
#1825=EDGE_LOOP('',(#270,#271,#272,#273,#274,#275,#276,#277,#278,#279,#280,
#281));
#1826=EDGE_LOOP('',(#282,#283,#284,#285));
#1827=EDGE_LOOP('',(#286,#287,#288,#289,#290,#291,#292,#293,#294,#295,#296,
#297));
#1828=EDGE_LOOP('',(#298,#299,#300,#301,#302,#303,#304,#305,#306,#307,#308,
#309));
#1829=EDGE_LOOP('',(#310));
#1830=EDGE_LOOP('',(#311));
#1831=EDGE_LOOP('',(#312,#313,#314,#315,#316,#317,#318,#319));
#1832=EDGE_LOOP('',(#320,#321,#322,#323,#324,#325,#326));
#1833=EDGE_LOOP('',(#327,#328,#329,#330));
#1834=EDGE_LOOP('',(#331,#332,#333,#334));
#1835=EDGE_LOOP('',(#335,#336,#337,#338));
#1836=EDGE_LOOP('',(#339,#340,#341,#342));
#1837=EDGE_LOOP('',(#343,#344,#345,#346));
#1838=EDGE_LOOP('',(#347,#348,#349,#350,#351,#352,#353));
#1839=EDGE_LOOP('',(#354,#355,#356,#357));
#1840=EDGE_LOOP('',(#358,#359,#360,#361,#362,#363,#364,#365));
#1841=EDGE_LOOP('',(#366,#367,#368,#369,#370,#371,#372,#373));
#1842=EDGE_LOOP('',(#374,#375,#376,#377));
#1843=EDGE_LOOP('',(#378,#379,#380,#381));
#1844=EDGE_LOOP('',(#382,#383,#384,#385,#386));
#1845=EDGE_LOOP('',(#387,#388,#389,#390));
#1846=EDGE_LOOP('',(#391,#392,#393,#394,#395));
#1847=EDGE_LOOP('',(#396,#397,#398,#399));
#1848=EDGE_LOOP('',(#400,#401,#402,#403,#404));
#1849=EDGE_LOOP('',(#405,#406,#407,#408));
#1850=EDGE_LOOP('',(#409,#410,#411,#412,#413));
#1851=EDGE_LOOP('',(#414,#415,#416,#417));
#1852=EDGE_LOOP('',(#418,#419,#420,#421));
#1853=EDGE_LOOP('',(#422,#423,#424,#425));
#1854=EDGE_LOOP('',(#426,#427,#428,#429));
#1855=EDGE_LOOP('',(#430,#431,#432,#433));
#1856=EDGE_LOOP('',(#434,#435,#436,#437));
#1857=EDGE_LOOP('',(#438,#439,#440,#441));
#1858=EDGE_LOOP('',(#442,#443,#444,#445));
#1859=EDGE_LOOP('',(#446,#447,#448,#449));
#1860=EDGE_LOOP('',(#450,#451,#452,#453));
#1861=EDGE_LOOP('',(#454,#455,#456,#457));
#1862=EDGE_LOOP('',(#458,#459,#460,#461));
#1863=EDGE_LOOP('',(#462,#463,#464,#465,#466,#467,#468,#469,#470,#471,#472,
#473));
#1864=EDGE_LOOP('',(#474,#475,#476,#477));
#1865=EDGE_LOOP('',(#478,#479,#480,#481));
#1866=EDGE_LOOP('',(#482,#483,#484,#485));
#1867=EDGE_LOOP('',(#486,#487,#488,#489));
#1868=EDGE_LOOP('',(#490,#491,#492,#493));
#1869=EDGE_LOOP('',(#494,#495,#496,#497));
#1870=EDGE_LOOP('',(#498,#499,#500,#501));
#1871=EDGE_LOOP('',(#502,#503,#504,#505));
#1872=EDGE_LOOP('',(#506,#507,#508,#509));
#1873=EDGE_LOOP('',(#510,#511,#512,#513));
#1874=EDGE_LOOP('',(#514,#515,#516,#517));
#1875=EDGE_LOOP('',(#518,#519,#520,#521));
#1876=EDGE_LOOP('',(#522,#523,#524,#525,#526,#527,#528,#529,#530,#531,#532,
#533));
#1877=EDGE_LOOP('',(#534,#535,#536,#537));
#1878=EDGE_LOOP('',(#538,#539,#540,#541));
#1879=EDGE_LOOP('',(#542,#543,#544,#545));
#1880=EDGE_LOOP('',(#546,#547,#548,#549));
#1881=EDGE_LOOP('',(#550,#551,#552,#553));
#1882=EDGE_LOOP('',(#554,#555,#556,#557));
#1883=EDGE_LOOP('',(#558,#559,#560,#561));
#1884=EDGE_LOOP('',(#562,#563,#564,#565));
#1885=EDGE_LOOP('',(#566,#567,#568,#569));
#1886=EDGE_LOOP('',(#570,#571,#572,#573));
#1887=EDGE_LOOP('',(#574,#575,#576,#577));
#1888=EDGE_LOOP('',(#578,#579,#580,#581));
#1889=EDGE_LOOP('',(#582,#583,#584,#585));
#1890=EDGE_LOOP('',(#586,#587,#588,#589));
#1891=EDGE_LOOP('',(#590,#591,#592,#593));
#1892=EDGE_LOOP('',(#594,#595,#596,#597));
#1893=EDGE_LOOP('',(#598,#599,#600,#601));
#1894=EDGE_LOOP('',(#602,#603,#604,#605));
#1895=EDGE_LOOP('',(#606,#607,#608,#609));
#1896=EDGE_LOOP('',(#610,#611,#612,#613));
#1897=EDGE_LOOP('',(#614,#615,#616,#617));
#1898=EDGE_LOOP('',(#618,#619,#620,#621,#622,#623,#624,#625));
#1899=EDGE_LOOP('',(#626,#627,#628,#629,#630,#631,#632,#633));
#1900=EDGE_LOOP('',(#634,#635,#636,#637,#638,#639,#640,#641));
#1901=EDGE_LOOP('',(#642,#643,#644,#645));
#1902=EDGE_LOOP('',(#646));
#1903=EDGE_LOOP('',(#647,#648,#649,#650));
#1904=EDGE_LOOP('',(#651,#652,#653,#654));
#1905=EDGE_LOOP('',(#655));
#1906=EDGE_LOOP('',(#656,#657,#658,#659));
#1907=EDGE_LOOP('',(#660,#661,#662,#663));
#1908=EDGE_LOOP('',(#664,#665,#666,#667));
#1909=EDGE_LOOP('',(#668,#669,#670,#671));
#1910=EDGE_LOOP('',(#672,#673,#674,#675));
#1911=EDGE_LOOP('',(#676,#677,#678,#679,#680,#681,#682,#683));
#1912=EDGE_LOOP('',(#684,#685,#686,#687));
#1913=EDGE_LOOP('',(#688,#689,#690,#691,#692,#693));
#1914=EDGE_LOOP('',(#694,#695,#696,#697));
#1915=EDGE_LOOP('',(#698,#699,#700,#701,#702,#703,#704,#705));
#1916=EDGE_LOOP('',(#706,#707,#708,#709,#710,#711,#712,#713));
#1917=EDGE_LOOP('',(#714,#715,#716,#717));
#1918=EDGE_LOOP('',(#718,#719,#720,#721,#722,#723));
#1919=EDGE_LOOP('',(#724,#725,#726,#727));
#1920=EDGE_LOOP('',(#728,#729,#730,#731,#732,#733,#734,#735));
#1921=EDGE_LOOP('',(#736,#737,#738,#739));
#1922=EDGE_LOOP('',(#740,#741,#742,#743));
#1923=EDGE_LOOP('',(#744,#745,#746,#747));
#1924=EDGE_LOOP('',(#748,#749,#750,#751));
#1925=EDGE_LOOP('',(#752,#753,#754,#755));
#1926=EDGE_LOOP('',(#756,#757,#758,#759));
#1927=EDGE_LOOP('',(#760,#761,#762,#763,#764,#765));
#1928=EDGE_LOOP('',(#766,#767,#768,#769));
#1929=EDGE_LOOP('',(#770,#771,#772,#773,#774,#775));
#1930=EDGE_LOOP('',(#776,#777,#778,#779,#780,#781));
#1931=EDGE_LOOP('',(#782,#783,#784,#785));
#1932=EDGE_LOOP('',(#786,#787,#788,#789,#790,#791));
#1933=EDGE_LOOP('',(#792,#793,#794,#795));
#1934=EDGE_LOOP('',(#796,#797,#798,#799));
#1935=EDGE_LOOP('',(#800,#801,#802,#803));
#1936=EDGE_LOOP('',(#804,#805,#806,#807));
#1937=EDGE_LOOP('',(#808,#809,#810,#811));
#1938=EDGE_LOOP('',(#812,#813,#814,#815));
#1939=EDGE_LOOP('',(#816,#817,#818,#819));
#1940=EDGE_LOOP('',(#820,#821,#822,#823));
#1941=EDGE_LOOP('',(#824,#825,#826,#827));
#1942=EDGE_LOOP('',(#828,#829,#830,#831));
#1943=EDGE_LOOP('',(#832,#833,#834,#835));
#1944=EDGE_LOOP('',(#836,#837,#838,#839));
#1945=EDGE_LOOP('',(#840,#841,#842,#843));
#1946=EDGE_LOOP('',(#844,#845,#846,#847));
#1947=EDGE_LOOP('',(#848,#849,#850,#851));
#1948=EDGE_LOOP('',(#852,#853,#854,#855));
#1949=EDGE_LOOP('',(#856,#857,#858,#859));
#1950=EDGE_LOOP('',(#860,#861,#862,#863));
#1951=EDGE_LOOP('',(#864,#865,#866,#867));
#1952=EDGE_LOOP('',(#868,#869,#870,#871));
#1953=EDGE_LOOP('',(#872,#873,#874,#875));
#1954=EDGE_LOOP('',(#876,#877,#878,#879));
#1955=EDGE_LOOP('',(#880,#881,#882,#883));
#1956=FACE_BOUND('',#1816,.T.);
#1957=FACE_BOUND('',#1817,.T.);
#1958=FACE_BOUND('',#1818,.T.);
#1959=FACE_BOUND('',#1819,.T.);
#1960=FACE_BOUND('',#1820,.T.);
#1961=FACE_BOUND('',#1821,.T.);
#1962=FACE_BOUND('',#1822,.T.);
#1963=FACE_BOUND('',#1823,.T.);
#1964=FACE_BOUND('',#1824,.T.);
#1965=FACE_BOUND('',#1825,.T.);
#1966=FACE_BOUND('',#1826,.T.);
#1967=FACE_BOUND('',#1827,.T.);
#1968=FACE_BOUND('',#1828,.T.);
#1969=FACE_BOUND('',#1829,.T.);
#1970=FACE_BOUND('',#1830,.T.);
#1971=FACE_BOUND('',#1831,.T.);
#1972=FACE_BOUND('',#1832,.T.);
#1973=FACE_BOUND('',#1833,.T.);
#1974=FACE_BOUND('',#1834,.T.);
#1975=FACE_BOUND('',#1835,.T.);
#1976=FACE_BOUND('',#1836,.T.);
#1977=FACE_BOUND('',#1837,.T.);
#1978=FACE_BOUND('',#1838,.T.);
#1979=FACE_BOUND('',#1839,.T.);
#1980=FACE_BOUND('',#1840,.T.);
#1981=FACE_BOUND('',#1841,.T.);
#1982=FACE_BOUND('',#1842,.T.);
#1983=FACE_BOUND('',#1843,.T.);
#1984=FACE_BOUND('',#1844,.T.);
#1985=FACE_BOUND('',#1845,.T.);
#1986=FACE_BOUND('',#1846,.T.);
#1987=FACE_BOUND('',#1847,.T.);
#1988=FACE_BOUND('',#1848,.T.);
#1989=FACE_BOUND('',#1849,.T.);
#1990=FACE_BOUND('',#1850,.T.);
#1991=FACE_BOUND('',#1851,.T.);
#1992=FACE_BOUND('',#1852,.T.);
#1993=FACE_BOUND('',#1853,.T.);
#1994=FACE_BOUND('',#1854,.T.);
#1995=FACE_BOUND('',#1855,.T.);
#1996=FACE_BOUND('',#1856,.T.);
#1997=FACE_BOUND('',#1857,.T.);
#1998=FACE_BOUND('',#1858,.T.);
#1999=FACE_BOUND('',#1859,.T.);
#2000=FACE_BOUND('',#1860,.T.);
#2001=FACE_BOUND('',#1861,.T.);
#2002=FACE_BOUND('',#1862,.T.);
#2003=FACE_BOUND('',#1863,.T.);
#2004=FACE_BOUND('',#1864,.T.);
#2005=FACE_BOUND('',#1865,.T.);
#2006=FACE_BOUND('',#1866,.T.);
#2007=FACE_BOUND('',#1867,.T.);
#2008=FACE_BOUND('',#1868,.T.);
#2009=FACE_BOUND('',#1869,.T.);
#2010=FACE_BOUND('',#1870,.T.);
#2011=FACE_BOUND('',#1871,.T.);
#2012=FACE_BOUND('',#1872,.T.);
#2013=FACE_BOUND('',#1873,.T.);
#2014=FACE_BOUND('',#1874,.T.);
#2015=FACE_BOUND('',#1875,.T.);
#2016=FACE_BOUND('',#1876,.T.);
#2017=FACE_BOUND('',#1877,.T.);
#2018=FACE_BOUND('',#1878,.T.);
#2019=FACE_BOUND('',#1879,.T.);
#2020=FACE_BOUND('',#1880,.T.);
#2021=FACE_BOUND('',#1881,.T.);
#2022=FACE_BOUND('',#1882,.T.);
#2023=FACE_BOUND('',#1883,.T.);
#2024=FACE_BOUND('',#1884,.T.);
#2025=FACE_BOUND('',#1885,.T.);
#2026=FACE_BOUND('',#1886,.T.);
#2027=FACE_BOUND('',#1887,.T.);
#2028=FACE_BOUND('',#1888,.T.);
#2029=FACE_BOUND('',#1889,.T.);
#2030=FACE_BOUND('',#1890,.T.);
#2031=FACE_BOUND('',#1891,.T.);
#2032=FACE_BOUND('',#1892,.T.);
#2033=FACE_BOUND('',#1893,.T.);
#2034=FACE_BOUND('',#1894,.T.);
#2035=FACE_BOUND('',#1895,.T.);
#2036=FACE_BOUND('',#1896,.T.);
#2037=FACE_BOUND('',#1897,.T.);
#2038=FACE_BOUND('',#1898,.T.);
#2039=FACE_BOUND('',#1899,.T.);
#2040=FACE_BOUND('',#1900,.T.);
#2041=FACE_BOUND('',#1901,.T.);
#2042=FACE_BOUND('',#1902,.T.);
#2043=FACE_BOUND('',#1903,.T.);
#2044=FACE_BOUND('',#1904,.T.);
#2045=FACE_BOUND('',#1905,.T.);
#2046=FACE_BOUND('',#1906,.T.);
#2047=FACE_BOUND('',#1907,.T.);
#2048=FACE_BOUND('',#1908,.T.);
#2049=FACE_BOUND('',#1909,.T.);
#2050=FACE_BOUND('',#1910,.T.);
#2051=FACE_BOUND('',#1911,.T.);
#2052=FACE_BOUND('',#1912,.T.);
#2053=FACE_BOUND('',#1913,.T.);
#2054=FACE_BOUND('',#1914,.T.);
#2055=FACE_BOUND('',#1915,.T.);
#2056=FACE_BOUND('',#1916,.T.);
#2057=FACE_BOUND('',#1917,.T.);
#2058=FACE_BOUND('',#1918,.T.);
#2059=FACE_BOUND('',#1919,.T.);
#2060=FACE_BOUND('',#1920,.T.);
#2061=FACE_BOUND('',#1921,.T.);
#2062=FACE_BOUND('',#1922,.T.);
#2063=FACE_BOUND('',#1923,.T.);
#2064=FACE_BOUND('',#1924,.T.);
#2065=FACE_BOUND('',#1925,.T.);
#2066=FACE_BOUND('',#1926,.T.);
#2067=FACE_BOUND('',#1927,.T.);
#2068=FACE_BOUND('',#1928,.T.);
#2069=FACE_BOUND('',#1929,.T.);
#2070=FACE_BOUND('',#1930,.T.);
#2071=FACE_BOUND('',#1931,.T.);
#2072=FACE_BOUND('',#1932,.T.);
#2073=FACE_BOUND('',#1933,.T.);
#2074=FACE_BOUND('',#1934,.T.);
#2075=FACE_BOUND('',#1935,.T.);
#2076=FACE_BOUND('',#1936,.T.);
#2077=FACE_BOUND('',#1937,.T.);
#2078=FACE_BOUND('',#1938,.T.);
#2079=FACE_BOUND('',#1939,.T.);
#2080=FACE_BOUND('',#1940,.T.);
#2081=FACE_BOUND('',#1941,.T.);
#2082=FACE_BOUND('',#1942,.T.);
#2083=FACE_BOUND('',#1943,.T.);
#2084=FACE_BOUND('',#1944,.T.);
#2085=FACE_BOUND('',#1945,.T.);
#2086=FACE_BOUND('',#1946,.T.);
#2087=FACE_BOUND('',#1947,.T.);
#2088=FACE_BOUND('',#1948,.T.);
#2089=FACE_BOUND('',#1949,.T.);
#2090=FACE_BOUND('',#1950,.T.);
#2091=FACE_BOUND('',#1951,.T.);
#2092=FACE_BOUND('',#1952,.T.);
#2093=FACE_BOUND('',#1953,.T.);
#2094=FACE_BOUND('',#1954,.T.);
#2095=FACE_BOUND('',#1955,.T.);
#2096=PLANE('',#2297);
#2097=PLANE('',#2302);
#2098=PLANE('',#2307);
#2099=PLANE('',#2309);
#2100=PLANE('',#2317);
#2101=PLANE('',#2318);
#2102=PLANE('',#2321);
#2103=PLANE('',#2323);
#2104=PLANE('',#2325);
#2105=PLANE('',#2327);
#2106=PLANE('',#2329);
#2107=PLANE('',#2334);
#2108=PLANE('',#2345);
#2109=PLANE('',#2362);
#2110=PLANE('',#2363);
#2111=PLANE('',#2364);
#2112=PLANE('',#2365);
#2113=PLANE('',#2366);
#2114=PLANE('',#2367);
#2115=PLANE('',#2368);
#2116=PLANE('',#2369);
#2117=PLANE('',#2370);
#2118=PLANE('',#2371);
#2119=PLANE('',#2372);
#2120=PLANE('',#2373);
#2121=PLANE('',#2374);
#2122=PLANE('',#2375);
#2123=PLANE('',#2376);
#2124=PLANE('',#2377);
#2125=PLANE('',#2378);
#2126=PLANE('',#2379);
#2127=PLANE('',#2380);
#2128=PLANE('',#2381);
#2129=PLANE('',#2382);
#2130=PLANE('',#2383);
#2131=PLANE('',#2384);
#2132=PLANE('',#2385);
#2133=PLANE('',#2386);
#2134=PLANE('',#2387);
#2135=PLANE('',#2388);
#2136=PLANE('',#2389);
#2137=PLANE('',#2390);
#2138=PLANE('',#2391);
#2139=PLANE('',#2392);
#2140=PLANE('',#2393);
#2141=PLANE('',#2394);
#2142=PLANE('',#2395);
#2143=PLANE('',#2396);
#2144=PLANE('',#2397);
#2145=PLANE('',#2398);
#2146=PLANE('',#2399);
#2147=PLANE('',#2400);
#2148=PLANE('',#2401);
#2149=PLANE('',#2402);
#2150=PLANE('',#2403);
#2151=PLANE('',#2404);
#2152=PLANE('',#2431);
#2153=PLANE('',#2432);
#2154=PLANE('',#2469);
#2155=ADVANCED_FACE('',(#1956),#2096,.T.);
#2156=ADVANCED_FACE('',(#1957),#2097,.F.);
#2157=ADVANCED_FACE('',(#1958),#2098,.F.);
#2158=ADVANCED_FACE('',(#1959),#2099,.F.);
#2159=ADVANCED_FACE('',(#1960,#1961),#48,.F.);
#2160=ADVANCED_FACE('',(#1962,#1963),#49,.F.);
#2161=ADVANCED_FACE('',(#1964),#2100,.T.);
#2162=ADVANCED_FACE('',(#1965,#1966,#1967,#1968,#1969,#1970,#1971),#2101,
 .T.);
#2163=ADVANCED_FACE('',(#1972),#2102,.F.);
#2164=ADVANCED_FACE('',(#1973),#2103,.F.);
#2165=ADVANCED_FACE('',(#1974),#2104,.T.);
#2166=ADVANCED_FACE('',(#1975),#2105,.T.);
#2167=ADVANCED_FACE('',(#1976),#2106,.F.);
#2168=ADVANCED_FACE('',(#1977),#50,.T.);
#2169=ADVANCED_FACE('',(#1978),#2107,.F.);
#2170=ADVANCED_FACE('',(#1979),#51,.T.);
#2171=ADVANCED_FACE('',(#1980),#52,.F.);
#2172=ADVANCED_FACE('',(#1981),#53,.F.);
#2173=ADVANCED_FACE('',(#1982),#2108,.T.);
#2174=ADVANCED_FACE('',(#1983),#54,.T.);
#2175=ADVANCED_FACE('',(#1984),#38,.T.);
#2176=ADVANCED_FACE('',(#1985),#55,.T.);
#2177=ADVANCED_FACE('',(#1986),#39,.T.);
#2178=ADVANCED_FACE('',(#1987),#56,.T.);
#2179=ADVANCED_FACE('',(#1988),#40,.T.);
#2180=ADVANCED_FACE('',(#1989),#57,.T.);
#2181=ADVANCED_FACE('',(#1990),#41,.T.);
#2182=ADVANCED_FACE('',(#1991),#2109,.T.);
#2183=ADVANCED_FACE('',(#1992),#2110,.T.);
#2184=ADVANCED_FACE('',(#1993),#2111,.T.);
#2185=ADVANCED_FACE('',(#1994),#2112,.T.);
#2186=ADVANCED_FACE('',(#1995),#2113,.T.);
#2187=ADVANCED_FACE('',(#1996),#2114,.T.);
#2188=ADVANCED_FACE('',(#1997),#2115,.T.);
#2189=ADVANCED_FACE('',(#1998),#2116,.T.);
#2190=ADVANCED_FACE('',(#1999),#2117,.T.);
#2191=ADVANCED_FACE('',(#2000),#2118,.T.);
#2192=ADVANCED_FACE('',(#2001),#2119,.T.);
#2193=ADVANCED_FACE('',(#2002),#2120,.T.);
#2194=ADVANCED_FACE('',(#2003),#2121,.T.);
#2195=ADVANCED_FACE('',(#2004),#2122,.T.);
#2196=ADVANCED_FACE('',(#2005),#2123,.T.);
#2197=ADVANCED_FACE('',(#2006),#2124,.T.);
#2198=ADVANCED_FACE('',(#2007),#2125,.T.);
#2199=ADVANCED_FACE('',(#2008),#2126,.T.);
#2200=ADVANCED_FACE('',(#2009),#2127,.T.);
#2201=ADVANCED_FACE('',(#2010),#2128,.T.);
#2202=ADVANCED_FACE('',(#2011),#2129,.T.);
#2203=ADVANCED_FACE('',(#2012),#2130,.T.);
#2204=ADVANCED_FACE('',(#2013),#2131,.T.);
#2205=ADVANCED_FACE('',(#2014),#2132,.T.);
#2206=ADVANCED_FACE('',(#2015),#2133,.T.);
#2207=ADVANCED_FACE('',(#2016),#2134,.T.);
#2208=ADVANCED_FACE('',(#2017),#2135,.T.);
#2209=ADVANCED_FACE('',(#2018),#2136,.T.);
#2210=ADVANCED_FACE('',(#2019),#2137,.T.);
#2211=ADVANCED_FACE('',(#2020),#2138,.T.);
#2212=ADVANCED_FACE('',(#2021),#2139,.T.);
#2213=ADVANCED_FACE('',(#2022),#28,.T.);
#2214=ADVANCED_FACE('',(#2023),#29,.T.);
#2215=ADVANCED_FACE('',(#2024),#30,.T.);
#2216=ADVANCED_FACE('',(#2025),#31,.T.);
#2217=ADVANCED_FACE('',(#2026),#2140,.T.);
#2218=ADVANCED_FACE('',(#2027),#2141,.T.);
#2219=ADVANCED_FACE('',(#2028),#2142,.T.);
#2220=ADVANCED_FACE('',(#2029),#32,.T.);
#2221=ADVANCED_FACE('',(#2030),#33,.T.);
#2222=ADVANCED_FACE('',(#2031),#34,.T.);
#2223=ADVANCED_FACE('',(#2032),#2143,.T.);
#2224=ADVANCED_FACE('',(#2033),#2144,.T.);
#2225=ADVANCED_FACE('',(#2034),#2145,.T.);
#2226=ADVANCED_FACE('',(#2035),#35,.T.);
#2227=ADVANCED_FACE('',(#2036),#36,.T.);
#2228=ADVANCED_FACE('',(#2037),#37,.T.);
#2229=ADVANCED_FACE('',(#2038,#2039),#2146,.T.);
#2230=ADVANCED_FACE('',(#2040),#2147,.T.);
#2231=ADVANCED_FACE('',(#2041,#2042),#2148,.T.);
#2232=ADVANCED_FACE('',(#2043),#2149,.T.);
#2233=ADVANCED_FACE('',(#2044),#2150,.F.);
#2234=ADVANCED_FACE('',(#2045,#2046),#2151,.T.);
#2235=ADVANCED_FACE('',(#2047),#58,.T.);
#2236=ADVANCED_FACE('',(#2048),#59,.T.);
#2237=ADVANCED_FACE('',(#2049),#60,.T.);
#2238=ADVANCED_FACE('',(#2050),#61,.T.);
#2239=ADVANCED_FACE('',(#2051),#62,.T.);
#2240=ADVANCED_FACE('',(#2052),#24,.T.);
#2241=ADVANCED_FACE('',(#2053),#63,.T.);
#2242=ADVANCED_FACE('',(#2054),#25,.T.);
#2243=ADVANCED_FACE('',(#2055),#64,.T.);
#2244=ADVANCED_FACE('',(#2056),#65,.T.);
#2245=ADVANCED_FACE('',(#2057),#26,.T.);
#2246=ADVANCED_FACE('',(#2058),#66,.T.);
#2247=ADVANCED_FACE('',(#2059),#27,.T.);
#2248=ADVANCED_FACE('',(#2060),#67,.T.);
#2249=ADVANCED_FACE('',(#2061),#2152,.F.);
#2250=ADVANCED_FACE('',(#2062),#2153,.F.);
#2251=ADVANCED_FACE('',(#2063),#68,.F.);
#2252=ADVANCED_FACE('',(#2064),#69,.F.);
#2253=ADVANCED_FACE('',(#2065),#70,.F.);
#2254=ADVANCED_FACE('',(#2066),#71,.F.);
#2255=ADVANCED_FACE('',(#2067),#16,.T.);
#2256=ADVANCED_FACE('',(#2068),#72,.T.);
#2257=ADVANCED_FACE('',(#2069),#17,.T.);
#2258=ADVANCED_FACE('',(#2070),#18,.T.);
#2259=ADVANCED_FACE('',(#2071),#73,.T.);
#2260=ADVANCED_FACE('',(#2072),#19,.T.);
#2261=ADVANCED_FACE('',(#2073),#20,.T.);
#2262=ADVANCED_FACE('',(#2074),#74,.T.);
#2263=ADVANCED_FACE('',(#2075),#21,.T.);
#2264=ADVANCED_FACE('',(#2076),#22,.T.);
#2265=ADVANCED_FACE('',(#2077),#75,.T.);
#2266=ADVANCED_FACE('',(#2078),#23,.T.);
#2267=ADVANCED_FACE('',(#2079),#42,.F.);
#2268=ADVANCED_FACE('',(#2080),#76,.F.);
#2269=ADVANCED_FACE('',(#2081),#43,.F.);
#2270=ADVANCED_FACE('',(#2082),#44,.F.);
#2271=ADVANCED_FACE('',(#2083),#77,.F.);
#2272=ADVANCED_FACE('',(#2084),#45,.F.);
#2273=ADVANCED_FACE('',(#2085),#78,.T.);
#2274=ADVANCED_FACE('',(#2086),#46,.T.);
#2275=ADVANCED_FACE('',(#2087),#79,.T.);
#2276=ADVANCED_FACE('',(#2088),#80,.T.);
#2277=ADVANCED_FACE('',(#2089),#47,.T.);
#2278=ADVANCED_FACE('',(#2090),#81,.T.);
#2279=ADVANCED_FACE('',(#2091),#2154,.F.);
#2280=ADVANCED_FACE('',(#2092),#82,.T.);
#2281=ADVANCED_FACE('',(#2093),#83,.T.);
#2282=ADVANCED_FACE('',(#2094),#84,.T.);
#2283=ADVANCED_FACE('',(#2095),#85,.T.);
#2284=CLOSED_SHELL('',(#2155,#2156,#2157,#2158,#2159,#2160,#2161,#2162,
#2163,#2164,#2165,#2166,#2167,#2168,#2169,#2170,#2171,#2172,#2173,#2174,
#2175,#2176,#2177,#2178,#2179,#2180,#2181,#2182,#2183,#2184,#2185,#2186,
#2187,#2188,#2189,#2190,#2191,#2192,#2193,#2194,#2195,#2196,#2197,#2198,
#2199,#2200,#2201,#2202,#2203,#2204,#2205,#2206,#2207,#2208,#2209,#2210,
#2211,#2212,#2213,#2214,#2215,#2216,#2217,#2218,#2219,#2220,#2221,#2222,
#2223,#2224,#2225,#2226,#2227,#2228,#2229,#2230,#2231,#2232,#2233,#2234,
#2235,#2236,#2237,#2238,#2239,#2240,#2241,#2242,#2243,#2244,#2245,#2246,
#2247,#2248,#2249,#2250,#2251,#2252,#2253,#2254,#2255,#2256,#2257,#2258,
#2259,#2260,#2261,#2262,#2263,#2264,#2265,#2266,#2267,#2268,#2269,#2270,
#2271,#2272,#2273,#2274,#2275,#2276,#2277,#2278,#2279,#2280,#2281,#2282,
#2283));
#2285=STYLED_ITEM('',(#2286),#2293);
#2286=PRESENTATION_STYLE_ASSIGNMENT((#2287));
#2287=SURFACE_STYLE_USAGE(.BOTH.,#2288);
#2288=SURFACE_SIDE_STYLE('',(#2289));
#2289=SURFACE_STYLE_FILL_AREA(#2290);
#2290=FILL_AREA_STYLE('',(#2291));
#2291=FILL_AREA_STYLE_COLOUR('',#2292);
#2292=COLOUR_RGB('',0.0745098039215686,0.588235294117647,0.945098039215686);
#2293=MANIFOLD_SOLID_BREP('Part 4',#2284);
#2294=SHAPE_DEFINITION_REPRESENTATION(#4132,#2295);
#2295=SHAPE_REPRESENTATION('Part 4',(#2296),#4127);
#2296=AXIS2_PLACEMENT_3D('',#3036,#2478,#2479);
#2297=AXIS2_PLACEMENT_3D('',#3037,#2480,#2481);
#2298=AXIS2_PLACEMENT_3D('',#3051,#2488,#2489);
#2299=AXIS2_PLACEMENT_3D('',#3053,#2490,#2491);
#2300=AXIS2_PLACEMENT_3D('',#3057,#2493,#2494);
#2301=AXIS2_PLACEMENT_3D('',#3059,#2495,#2496);
#2302=AXIS2_PLACEMENT_3D('',#3066,#2500,#2501);
#2303=AXIS2_PLACEMENT_3D('',#3080,#2508,#2509);
#2304=AXIS2_PLACEMENT_3D('',#3082,#2510,#2511);
#2305=AXIS2_PLACEMENT_3D('',#3086,#2513,#2514);
#2306=AXIS2_PLACEMENT_3D('',#3088,#2515,#2516);
#2307=AXIS2_PLACEMENT_3D('',#3095,#2520,#2521);
#2308=AXIS2_PLACEMENT_3D('',#3104,#2523,#2524);
#2309=AXIS2_PLACEMENT_3D('',#3121,#2527,#2528);
#2310=AXIS2_PLACEMENT_3D('',#3122,#2529,#2530);
#2311=AXIS2_PLACEMENT_3D('',#3147,#2534,#2535);
#2312=AXIS2_PLACEMENT_3D('',#3148,#2536,#2537);
#2313=AXIS2_PLACEMENT_3D('',#3150,#2538,#2539);
#2314=AXIS2_PLACEMENT_3D('',#3152,#2540,#2541);
#2315=AXIS2_PLACEMENT_3D('',#3153,#2542,#2543);
#2316=AXIS2_PLACEMENT_3D('',#3155,#2544,#2545);
#2317=AXIS2_PLACEMENT_3D('',#3157,#2546,#2547);
#2318=AXIS2_PLACEMENT_3D('',#3166,#2552,#2553);
#2319=AXIS2_PLACEMENT_3D('',#3178,#2559,#2560);
#2320=AXIS2_PLACEMENT_3D('',#3190,#2566,#2567);
#2321=AXIS2_PLACEMENT_3D('',#3273,#2599,#2600);
#2322=AXIS2_PLACEMENT_3D('',#3274,#2601,#2602);
#2323=AXIS2_PLACEMENT_3D('',#3299,#2606,#2607);
#2324=AXIS2_PLACEMENT_3D('',#3304,#2610,#2611);
#2325=AXIS2_PLACEMENT_3D('',#3305,#2612,#2613);
#2326=AXIS2_PLACEMENT_3D('',#3306,#2614,#2615);
#2327=AXIS2_PLACEMENT_3D('',#3311,#2618,#2619);
#2328=AXIS2_PLACEMENT_3D('',#3317,#2622,#2623);
#2329=AXIS2_PLACEMENT_3D('',#3320,#2625,#2626);
#2330=AXIS2_PLACEMENT_3D('',#3321,#2627,#2628);
#2331=AXIS2_PLACEMENT_3D('',#3326,#2631,#2632);
#2332=AXIS2_PLACEMENT_3D('',#3327,#2633,#2634);
#2333=AXIS2_PLACEMENT_3D('',#3328,#2635,#2636);
#2334=AXIS2_PLACEMENT_3D('',#3329,#2637,#2638);
#2335=AXIS2_PLACEMENT_3D('',#3338,#2640,#2641);
#2336=AXIS2_PLACEMENT_3D('',#3352,#2643,#2644);
#2337=AXIS2_PLACEMENT_3D('',#3353,#2645,#2646);
#2338=AXIS2_PLACEMENT_3D('',#3354,#2647,#2648);
#2339=AXIS2_PLACEMENT_3D('',#3355,#2649,#2650);
#2340=AXIS2_PLACEMENT_3D('',#3367,#2652,#2653);
#2341=AXIS2_PLACEMENT_3D('',#3371,#2655,#2656);
#2342=AXIS2_PLACEMENT_3D('',#3372,#2657,#2658);
#2343=AXIS2_PLACEMENT_3D('',#3384,#2660,#2661);
#2344=AXIS2_PLACEMENT_3D('',#3385,#2662,#2663);
#2345=AXIS2_PLACEMENT_3D('',#3386,#2664,#2665);
#2346=AXIS2_PLACEMENT_3D('',#3392,#2669,#2670);
#2347=AXIS2_PLACEMENT_3D('',#3396,#2672,#2673);
#2348=AXIS2_PLACEMENT_3D('',#3397,#2674,#2675);
#2349=AXIS2_PLACEMENT_3D('',#3398,#2676,#2677);
#2350=AXIS2_PLACEMENT_3D('',#3403,#2678,#2679);
#2351=AXIS2_PLACEMENT_3D('',#3404,#2680,#2681);
#2352=AXIS2_PLACEMENT_3D('',#3408,#2683,#2684);
#2353=AXIS2_PLACEMENT_3D('',#3409,#2685,#2686);
#2354=AXIS2_PLACEMENT_3D('',#3414,#2687,#2688);
#2355=AXIS2_PLACEMENT_3D('',#3415,#2689,#2690);
#2356=AXIS2_PLACEMENT_3D('',#3419,#2692,#2693);
#2357=AXIS2_PLACEMENT_3D('',#3420,#2694,#2695);
#2358=AXIS2_PLACEMENT_3D('',#3425,#2696,#2697);
#2359=AXIS2_PLACEMENT_3D('',#3429,#2699,#2700);
#2360=AXIS2_PLACEMENT_3D('',#3430,#2701,#2702);
#2361=AXIS2_PLACEMENT_3D('',#3431,#2703,#2704);
#2362=AXIS2_PLACEMENT_3D('',#3436,#2705,#2706);
#2363=AXIS2_PLACEMENT_3D('',#3442,#2710,#2711);
#2364=AXIS2_PLACEMENT_3D('',#3446,#2714,#2715);
#2365=AXIS2_PLACEMENT_3D('',#3450,#2718,#2719);
#2366=AXIS2_PLACEMENT_3D('',#3454,#2722,#2723);
#2367=AXIS2_PLACEMENT_3D('',#3458,#2726,#2727);
#2368=AXIS2_PLACEMENT_3D('',#3462,#2730,#2731);
#2369=AXIS2_PLACEMENT_3D('',#3466,#2734,#2735);
#2370=AXIS2_PLACEMENT_3D('',#3470,#2738,#2739);
#2371=AXIS2_PLACEMENT_3D('',#3474,#2742,#2743);
#2372=AXIS2_PLACEMENT_3D('',#3478,#2746,#2747);
#2373=AXIS2_PLACEMENT_3D('',#3482,#2750,#2751);
#2374=AXIS2_PLACEMENT_3D('',#3484,#2753,#2754);
#2375=AXIS2_PLACEMENT_3D('',#3485,#2755,#2756);
#2376=AXIS2_PLACEMENT_3D('',#3491,#2760,#2761);
#2377=AXIS2_PLACEMENT_3D('',#3495,#2764,#2765);
#2378=AXIS2_PLACEMENT_3D('',#3499,#2768,#2769);
#2379=AXIS2_PLACEMENT_3D('',#3503,#2772,#2773);
#2380=AXIS2_PLACEMENT_3D('',#3507,#2776,#2777);
#2381=AXIS2_PLACEMENT_3D('',#3511,#2780,#2781);
#2382=AXIS2_PLACEMENT_3D('',#3515,#2784,#2785);
#2383=AXIS2_PLACEMENT_3D('',#3519,#2788,#2789);
#2384=AXIS2_PLACEMENT_3D('',#3523,#2792,#2793);
#2385=AXIS2_PLACEMENT_3D('',#3527,#2796,#2797);
#2386=AXIS2_PLACEMENT_3D('',#3531,#2800,#2801);
#2387=AXIS2_PLACEMENT_3D('',#3533,#2803,#2804);
#2388=AXIS2_PLACEMENT_3D('',#3534,#2805,#2806);
#2389=AXIS2_PLACEMENT_3D('',#3540,#2810,#2811);
#2390=AXIS2_PLACEMENT_3D('',#3544,#2814,#2815);
#2391=AXIS2_PLACEMENT_3D('',#3548,#2818,#2819);
#2392=AXIS2_PLACEMENT_3D('',#3550,#2821,#2822);
#2393=AXIS2_PLACEMENT_3D('',#3622,#2828,#2829);
#2394=AXIS2_PLACEMENT_3D('',#3628,#2833,#2834);
#2395=AXIS2_PLACEMENT_3D('',#3634,#2838,#2839);
#2396=AXIS2_PLACEMENT_3D('',#3681,#2847,#2848);
#2397=AXIS2_PLACEMENT_3D('',#3685,#2851,#2852);
#2398=AXIS2_PLACEMENT_3D('',#3689,#2855,#2856);
#2399=AXIS2_PLACEMENT_3D('',#3731,#2860,#2861);
#2400=AXIS2_PLACEMENT_3D('',#3732,#2862,#2863);
#2401=AXIS2_PLACEMENT_3D('',#3733,#2864,#2865);
#2402=AXIS2_PLACEMENT_3D('',#3735,#2867,#2868);
#2403=AXIS2_PLACEMENT_3D('',#3737,#2870,#2871);
#2404=AXIS2_PLACEMENT_3D('',#3740,#2874,#2875);
#2405=AXIS2_PLACEMENT_3D('',#3741,#2876,#2877);
#2406=AXIS2_PLACEMENT_3D('',#3742,#2878,#2879);
#2407=AXIS2_PLACEMENT_3D('',#3748,#2880,#2881);
#2408=AXIS2_PLACEMENT_3D('',#3754,#2882,#2883);
#2409=AXIS2_PLACEMENT_3D('',#3755,#2884,#2885);
#2410=AXIS2_PLACEMENT_3D('',#3761,#2886,#2887);
#2411=AXIS2_PLACEMENT_3D('',#3762,#2888,#2889);
#2412=AXIS2_PLACEMENT_3D('',#3763,#2890,#2891);
#2413=AXIS2_PLACEMENT_3D('',#3769,#2892,#2893);
#2414=AXIS2_PLACEMENT_3D('',#3770,#2894,#2895);
#2415=AXIS2_PLACEMENT_3D('',#3781,#2896,#2897);
#2416=AXIS2_PLACEMENT_3D('',#3782,#2898,#2899);
#2417=AXIS2_PLACEMENT_3D('',#3788,#2900,#2901);
#2418=AXIS2_PLACEMENT_3D('',#3796,#2903,#2904);
#2419=AXIS2_PLACEMENT_3D('',#3802,#2905,#2906);
#2420=AXIS2_PLACEMENT_3D('',#3807,#2907,#2908);
#2421=AXIS2_PLACEMENT_3D('',#3808,#2909,#2910);
#2422=AXIS2_PLACEMENT_3D('',#3819,#2911,#2912);
#2423=AXIS2_PLACEMENT_3D('',#3820,#2913,#2914);
#2424=AXIS2_PLACEMENT_3D('',#3831,#2915,#2916);
#2425=AXIS2_PLACEMENT_3D('',#3837,#2917,#2918);
#2426=AXIS2_PLACEMENT_3D('',#3838,#2919,#2920);
#2427=AXIS2_PLACEMENT_3D('',#3847,#2922,#2923);
#2428=AXIS2_PLACEMENT_3D('',#3852,#2924,#2925);
#2429=AXIS2_PLACEMENT_3D('',#3857,#2926,#2927);
#2430=AXIS2_PLACEMENT_3D('',#3858,#2928,#2929);
#2431=AXIS2_PLACEMENT_3D('',#3869,#2930,#2931);
#2432=AXIS2_PLACEMENT_3D('',#3878,#2936,#2937);
#2433=AXIS2_PLACEMENT_3D('',#3887,#2942,#2943);
#2434=AXIS2_PLACEMENT_3D('',#3898,#2944,#2945);
#2435=AXIS2_PLACEMENT_3D('',#3910,#2946,#2947);
#2436=AXIS2_PLACEMENT_3D('',#3921,#2948,#2949);
#2437=AXIS2_PLACEMENT_3D('',#3954,#2950,#2951);
#2438=AXIS2_PLACEMENT_3D('',#3955,#2952,#2953);
#2439=AXIS2_PLACEMENT_3D('',#3956,#2954,#2955);
#2440=AXIS2_PLACEMENT_3D('',#3999,#2956,#2957);
#2441=AXIS2_PLACEMENT_3D('',#4000,#2958,#2959);
#2442=AXIS2_PLACEMENT_3D('',#4001,#2960,#2961);
#2443=AXIS2_PLACEMENT_3D('',#4038,#2962,#2963);
#2444=AXIS2_PLACEMENT_3D('',#4039,#2964,#2965);
#2445=AXIS2_PLACEMENT_3D('',#4040,#2966,#2967);
#2446=AXIS2_PLACEMENT_3D('',#4071,#2968,#2969);
#2447=AXIS2_PLACEMENT_3D('',#4072,#2970,#2971);
#2448=AXIS2_PLACEMENT_3D('',#4073,#2972,#2973);
#2449=AXIS2_PLACEMENT_3D('',#4089,#2974,#2975);
#2450=AXIS2_PLACEMENT_3D('',#4090,#2976,#2977);
#2451=AXIS2_PLACEMENT_3D('',#4091,#2978,#2979);
#2452=AXIS2_PLACEMENT_3D('',#4092,#2980,#2981);
#2453=AXIS2_PLACEMENT_3D('',#4093,#2982,#2983);
#2454=AXIS2_PLACEMENT_3D('',#4094,#2984,#2985);
#2455=AXIS2_PLACEMENT_3D('',#4095,#2986,#2987);
#2456=AXIS2_PLACEMENT_3D('',#4096,#2988,#2989);
#2457=AXIS2_PLACEMENT_3D('',#4097,#2990,#2991);
#2458=AXIS2_PLACEMENT_3D('',#4098,#2992,#2993);
#2459=AXIS2_PLACEMENT_3D('',#4099,#2994,#2995);
#2460=AXIS2_PLACEMENT_3D('',#4100,#2996,#2997);
#2461=AXIS2_PLACEMENT_3D('',#4101,#2998,#2999);
#2462=AXIS2_PLACEMENT_3D('',#4102,#3000,#3001);
#2463=AXIS2_PLACEMENT_3D('',#4103,#3002,#3003);
#2464=AXIS2_PLACEMENT_3D('',#4104,#3004,#3005);
#2465=AXIS2_PLACEMENT_3D('',#4105,#3006,#3007);
#2466=AXIS2_PLACEMENT_3D('',#4106,#3008,#3009);
#2467=AXIS2_PLACEMENT_3D('',#4107,#3010,#3011);
#2468=AXIS2_PLACEMENT_3D('',#4108,#3012,#3013);
#2469=AXIS2_PLACEMENT_3D('',#4109,#3014,#3015);
#2470=AXIS2_PLACEMENT_3D('',#4118,#3020,#3021);
#2471=AXIS2_PLACEMENT_3D('',#4119,#3022,#3023);
#2472=AXIS2_PLACEMENT_3D('',#4120,#3024,#3025);
#2473=AXIS2_PLACEMENT_3D('',#4121,#3026,#3027);
#2474=AXIS2_PLACEMENT_3D('',#4122,#3028,#3029);
#2475=AXIS2_PLACEMENT_3D('',#4123,#3030,#3031);
#2476=AXIS2_PLACEMENT_3D('',#4124,#3032,#3033);
#2477=AXIS2_PLACEMENT_3D('',#4125,#3034,#3035);
#2478=DIRECTION('',(0.,0.,1.));
#2479=DIRECTION('',(1.,0.,0.));
#2480=DIRECTION('',(1.,0.,0.));
#2481=DIRECTION('',(0.,0.,-1.));
#2482=DIRECTION('',(0.,0.,1.));
#2483=DIRECTION('',(0.,-1.,0.));
#2484=DIRECTION('',(0.,0.,1.));
#2485=DIRECTION('',(-5.60880454934561E-15,-1.,0.));
#2486=DIRECTION('',(0.,0.,1.));
#2487=DIRECTION('',(0.,1.,0.));
#2488=DIRECTION('',(1.,0.,0.));
#2489=DIRECTION('',(0.,0.,-1.));
#2490=DIRECTION('',(1.,0.,0.));
#2491=DIRECTION('',(0.,0.,-1.));
#2492=DIRECTION('',(0.,-1.,0.));
#2493=DIRECTION('',(1.,0.,0.));
#2494=DIRECTION('',(0.,0.,-1.));
#2495=DIRECTION('',(1.,0.,0.));
#2496=DIRECTION('',(0.,0.,-1.));
#2497=DIRECTION('',(0.,-1.,0.));
#2498=DIRECTION('',(0.,0.,1.));
#2499=DIRECTION('',(-5.60880454934561E-15,-1.,0.));
#2500=DIRECTION('',(1.,0.,0.));
#2501=DIRECTION('',(0.,0.,-1.));
#2502=DIRECTION('',(0.,0.,1.));
#2503=DIRECTION('',(0.,-1.,0.));
#2504=DIRECTION('',(0.,0.,1.));
#2505=DIRECTION('',(-5.60880454934561E-15,-1.,0.));
#2506=DIRECTION('',(0.,0.,1.));
#2507=DIRECTION('',(0.,-1.,0.));
#2508=DIRECTION('',(1.,0.,0.));
#2509=DIRECTION('',(0.,0.,-1.));
#2510=DIRECTION('',(1.,0.,0.));
#2511=DIRECTION('',(0.,0.,-1.));
#2512=DIRECTION('',(0.,-1.,0.));
#2513=DIRECTION('',(1.,0.,0.));
#2514=DIRECTION('',(0.,0.,-1.));
#2515=DIRECTION('',(1.,0.,0.));
#2516=DIRECTION('',(0.,0.,-1.));
#2517=DIRECTION('',(0.,1.,0.));
#2518=DIRECTION('',(0.,0.,1.));
#2519=DIRECTION('',(-5.60880454934561E-15,-1.,0.));
#2520=DIRECTION('',(0.,0.,-1.));
#2521=DIRECTION('',(1.,0.,0.));
#2522=DIRECTION('',(-1.,0.,0.));
#2523=DIRECTION('',(0.,0.,-1.));
#2524=DIRECTION('',(-1.,0.,0.));
#2525=DIRECTION('',(-1.,0.,0.));
#2526=DIRECTION('',(0.,1.,0.));
#2527=DIRECTION('',(0.,0.,-1.));
#2528=DIRECTION('',(1.,0.,0.));
#2529=DIRECTION('',(0.,0.,-1.));
#2530=DIRECTION('',(-1.,0.,0.));
#2531=DIRECTION('',(-1.,0.,0.));
#2532=DIRECTION('',(0.,1.,0.));
#2533=DIRECTION('',(-1.,0.,0.));
#2534=DIRECTION('',(0.,0.,1.));
#2535=DIRECTION('',(1.,0.,0.));
#2536=DIRECTION('',(0.,0.,-1.));
#2537=DIRECTION('',(-1.,0.,0.));
#2538=DIRECTION('',(0.,0.,1.));
#2539=DIRECTION('',(1.,0.,0.));
#2540=DIRECTION('',(0.,0.,1.));
#2541=DIRECTION('',(1.,0.,0.));
#2542=DIRECTION('',(0.,0.,1.));
#2543=DIRECTION('',(1.,0.,0.));
#2544=DIRECTION('',(0.,0.,1.));
#2545=DIRECTION('',(1.,0.,0.));
#2546=DIRECTION('',(0.,0.,1.));
#2547=DIRECTION('',(1.,0.,0.));
#2548=DIRECTION('',(1.,0.,0.));
#2549=DIRECTION('',(0.,-1.,0.));
#2550=DIRECTION('',(1.,0.,0.));
#2551=DIRECTION('',(0.,1.,0.));
#2552=DIRECTION('',(0.,0.,-1.));
#2553=DIRECTION('',(1.,0.,0.));
#2554=DIRECTION('',(0.,-1.,0.));
#2555=DIRECTION('',(-1.,0.,0.));
#2556=DIRECTION('',(0.,1.,0.));
#2557=DIRECTION('',(-1.,0.,0.));
#2558=DIRECTION('',(0.,1.,0.));
#2559=DIRECTION('',(0.,0.,-1.));
#2560=DIRECTION('',(-1.,0.,0.));
#2561=DIRECTION('',(0.,1.,0.));
#2562=DIRECTION('',(-1.,0.,0.));
#2563=DIRECTION('',(-3.82458719112997E-15,-1.,0.));
#2564=DIRECTION('',(-1.,0.,0.));
#2565=DIRECTION('',(0.,-1.,0.));
#2566=DIRECTION('',(0.,0.,-1.));
#2567=DIRECTION('',(-1.,0.,0.));
#2568=DIRECTION('',(-1.,0.,0.));
#2569=DIRECTION('',(0.,-1.,0.));
#2570=DIRECTION('',(1.,0.,0.));
#2571=DIRECTION('',(0.,1.,0.));
#2572=DIRECTION('',(-1.,0.,0.));
#2573=DIRECTION('',(-0.566110749872388,-0.824329193271064,0.));
#2574=DIRECTION('',(-0.574175743182164,0.818732078241234,0.));
#2575=DIRECTION('',(-1.,0.,0.));
#2576=DIRECTION('',(0.590706051179799,-0.806886832895152,0.));
#2577=DIRECTION('',(-0.590370554981622,-0.807132335996206,0.));
#2578=DIRECTION('',(1.,0.,0.));
#2579=DIRECTION('',(0.578331672351847,0.81580173863183,0.));
#2580=DIRECTION('',(0.567499103600913,-0.823374014292509,0.));
#2581=DIRECTION('',(1.,0.,0.));
#2582=DIRECTION('',(-0.583875682533142,0.81184308049429,0.));
#2583=DIRECTION('',(0.577654361976577,0.816281469892239,0.));
#2584=DIRECTION('',(-1.,0.,0.));
#2585=DIRECTION('',(0.,-1.,0.));
#2586=DIRECTION('',(1.,0.,0.));
#2587=DIRECTION('',(0.,1.,0.));
#2588=DIRECTION('',(-1.,0.,0.));
#2589=DIRECTION('',(0.,1.,0.));
#2590=DIRECTION('',(1.,0.,0.));
#2591=DIRECTION('',(0.,1.,0.));
#2592=DIRECTION('',(-1.,0.,0.));
#2593=DIRECTION('',(0.,1.,0.));
#2594=DIRECTION('',(1.,0.,0.));
#2595=DIRECTION('',(0.,1.,0.));
#2596=DIRECTION('',(-1.,0.,0.));
#2597=DIRECTION('',(0.,-1.,0.));
#2598=DIRECTION('',(1.,0.,0.));
#2599=DIRECTION('',(0.,0.,-1.));
#2600=DIRECTION('',(1.,0.,0.));
#2601=DIRECTION('',(0.,0.,-1.));
#2602=DIRECTION('',(-1.,0.,0.));
#2603=DIRECTION('',(-1.,0.,0.));
#2604=DIRECTION('',(0.,1.,0.));
#2605=DIRECTION('',(-1.,0.,0.));
#2606=DIRECTION('',(0.,1.,0.));
#2607=DIRECTION('',(0.,0.,1.));
#2608=DIRECTION('',(0.,0.,1.));
#2609=DIRECTION('',(-1.,0.,0.));
#2610=DIRECTION('',(0.,1.,0.));
#2611=DIRECTION('',(0.,0.,1.));
#2612=DIRECTION('',(0.,1.,0.));
#2613=DIRECTION('',(0.,0.,1.));
#2614=DIRECTION('',(0.,1.,0.));
#2615=DIRECTION('',(0.,0.,1.));
#2616=DIRECTION('',(-1.,0.,0.));
#2617=DIRECTION('',(0.,0.,1.));
#2618=DIRECTION('',(0.,1.,0.));
#2619=DIRECTION('',(0.,0.,1.));
#2620=DIRECTION('',(0.,0.,1.));
#2621=DIRECTION('',(-1.,0.,0.));
#2622=DIRECTION('',(0.,1.,0.));
#2623=DIRECTION('',(0.,0.,1.));
#2624=DIRECTION('',(-1.,0.,0.));
#2625=DIRECTION('',(0.,1.,0.));
#2626=DIRECTION('',(0.,0.,1.));
#2627=DIRECTION('',(0.,1.,0.));
#2628=DIRECTION('',(0.,0.,1.));
#2629=DIRECTION('',(-1.,0.,0.));
#2630=DIRECTION('',(0.,0.,1.));
#2631=DIRECTION('',(0.,0.,1.));
#2632=DIRECTION('',(1.,0.,0.));
#2633=DIRECTION('',(0.,0.,-1.));
#2634=DIRECTION('',(-1.,0.,0.));
#2635=DIRECTION('',(0.,0.,-1.));
#2636=DIRECTION('',(-1.,0.,0.));
#2637=DIRECTION('',(0.,0.,-1.));
#2638=DIRECTION('',(1.,0.,0.));
#2639=DIRECTION('',(-1.,0.,0.));
#2640=DIRECTION('',(0.,0.,-1.));
#2641=DIRECTION('',(-1.,0.,0.));
#2642=DIRECTION('',(0.,1.,0.));
#2643=DIRECTION('',(0.,0.,1.));
#2644=DIRECTION('',(1.,0.,0.));
#2645=DIRECTION('',(0.,0.,-1.));
#2646=DIRECTION('',(-1.,0.,0.));
#2647=DIRECTION('',(0.,0.,1.));
#2648=DIRECTION('',(-1.,0.,0.));
#2649=DIRECTION('',(0.,1.,0.));
#2650=DIRECTION('',(0.,0.,1.));
#2651=DIRECTION('',(0.,1.,0.));
#2652=DIRECTION('',(0.,1.,0.));
#2653=DIRECTION('',(0.,0.,1.));
#2654=DIRECTION('',(0.,1.,0.));
#2655=DIRECTION('',(0.,1.,0.));
#2656=DIRECTION('',(0.,0.,1.));
#2657=DIRECTION('',(0.,1.,0.));
#2658=DIRECTION('',(0.,0.,1.));
#2659=DIRECTION('',(0.,1.,0.));
#2660=DIRECTION('',(0.,1.,0.));
#2661=DIRECTION('',(0.,0.,1.));
#2662=DIRECTION('',(0.,1.,0.));
#2663=DIRECTION('',(0.,0.,1.));
#2664=DIRECTION('',(0.,0.,1.));
#2665=DIRECTION('',(1.,0.,0.));
#2666=DIRECTION('',(1.,0.,0.));
#2667=DIRECTION('',(0.,-1.,0.));
#2668=DIRECTION('',(1.,0.,0.));
#2669=DIRECTION('',(-1.,0.,0.));
#2670=DIRECTION('',(0.,0.,1.));
#2671=DIRECTION('',(1.,0.,0.));
#2672=DIRECTION('',(1.,0.,0.));
#2673=DIRECTION('',(0.,0.,-1.));
#2674=DIRECTION('',(-1.,0.,0.));
#2675=DIRECTION('',(0.,0.,1.));
#2676=DIRECTION('',(0.,1.,0.));
#2677=DIRECTION('',(0.,0.,1.));
#2678=DIRECTION('',(-1.,0.,0.));
#2679=DIRECTION('',(0.,0.,1.));
#2680=DIRECTION('',(1.,0.,0.));
#2681=DIRECTION('',(0.,0.,-1.));
#2682=DIRECTION('',(1.,0.,0.));
#2683=DIRECTION('',(1.,3.85761984994593E-15,0.));
#2684=DIRECTION('',(-3.85761984994593E-15,1.,0.));
#2685=DIRECTION('',(0.,1.,0.));
#2686=DIRECTION('',(0.,0.,1.));
#2687=DIRECTION('',(1.,0.,0.));
#2688=DIRECTION('',(0.,0.,-1.));
#2689=DIRECTION('',(1.,0.,0.));
#2690=DIRECTION('',(0.,0.,-1.));
#2691=DIRECTION('',(-1.,0.,0.));
#2692=DIRECTION('',(-1.,0.,0.));
#2693=DIRECTION('',(0.,0.,1.));
#2694=DIRECTION('',(0.,1.,0.));
#2695=DIRECTION('',(0.,0.,1.));
#2696=DIRECTION('',(1.,0.,0.));
#2697=DIRECTION('',(0.,0.,-1.));
#2698=DIRECTION('',(-1.,0.,0.));
#2699=DIRECTION('',(1.,0.,0.));
#2700=DIRECTION('',(0.,0.,-1.));
#2701=DIRECTION('',(1.,0.,3.8576198499459E-15));
#2702=DIRECTION('',(3.8576198499459E-15,0.,-1.));
#2703=DIRECTION('',(0.,1.,0.));
#2704=DIRECTION('',(0.,0.,1.));
#2705=DIRECTION('',(1.,0.,0.));
#2706=DIRECTION('',(0.,0.,-1.));
#2707=DIRECTION('',(0.,0.,-1.));
#2708=DIRECTION('',(0.,-1.,0.));
#2709=DIRECTION('',(0.,0.,-1.));
#2710=DIRECTION('',(0.,-1.,0.));
#2711=DIRECTION('',(0.,0.,-1.));
#2712=DIRECTION('',(0.,0.,-1.));
#2713=DIRECTION('',(-1.,0.,0.));
#2714=DIRECTION('',(-1.,0.,0.));
#2715=DIRECTION('',(0.,0.,1.));
#2716=DIRECTION('',(0.,0.,-1.));
#2717=DIRECTION('',(0.,1.,0.));
#2718=DIRECTION('',(0.,1.,0.));
#2719=DIRECTION('',(0.,0.,1.));
#2720=DIRECTION('',(0.,0.,-1.));
#2721=DIRECTION('',(1.,0.,0.));
#2722=DIRECTION('',(-1.,0.,0.));
#2723=DIRECTION('',(0.,0.,1.));
#2724=DIRECTION('',(0.,0.,-1.));
#2725=DIRECTION('',(0.,1.,0.));
#2726=DIRECTION('',(0.,-1.,0.));
#2727=DIRECTION('',(0.,0.,-1.));
#2728=DIRECTION('',(0.,0.,-1.));
#2729=DIRECTION('',(-1.,0.,0.));
#2730=DIRECTION('',(-1.,0.,0.));
#2731=DIRECTION('',(0.,0.,1.));
#2732=DIRECTION('',(0.,0.,-1.));
#2733=DIRECTION('',(0.,1.,0.));
#2734=DIRECTION('',(0.,1.,0.));
#2735=DIRECTION('',(0.,0.,1.));
#2736=DIRECTION('',(0.,0.,-1.));
#2737=DIRECTION('',(1.,0.,0.));
#2738=DIRECTION('',(-1.,0.,0.));
#2739=DIRECTION('',(0.,0.,1.));
#2740=DIRECTION('',(0.,0.,-1.));
#2741=DIRECTION('',(0.,1.,0.));
#2742=DIRECTION('',(0.,-1.,0.));
#2743=DIRECTION('',(0.,0.,-1.));
#2744=DIRECTION('',(0.,0.,-1.));
#2745=DIRECTION('',(-1.,0.,0.));
#2746=DIRECTION('',(-1.,0.,0.));
#2747=DIRECTION('',(0.,0.,1.));
#2748=DIRECTION('',(0.,0.,-1.));
#2749=DIRECTION('',(0.,1.,0.));
#2750=DIRECTION('',(0.,1.,0.));
#2751=DIRECTION('',(0.,0.,1.));
#2752=DIRECTION('',(1.,0.,0.));
#2753=DIRECTION('',(0.,0.,-1.));
#2754=DIRECTION('',(1.,0.,0.));
#2755=DIRECTION('',(0.824329193271064,-0.566110749872388,0.));
#2756=DIRECTION('',(0.566110749872388,0.824329193271064,0.));
#2757=DIRECTION('',(0.,0.,-1.));
#2758=DIRECTION('',(-0.566110749872388,-0.824329193271064,0.));
#2759=DIRECTION('',(0.,0.,-1.));
#2760=DIRECTION('',(0.,-1.,0.));
#2761=DIRECTION('',(0.,0.,-1.));
#2762=DIRECTION('',(0.,0.,-1.));
#2763=DIRECTION('',(-1.,0.,0.));
#2764=DIRECTION('',(-0.816281469892239,0.577654361976577,0.));
#2765=DIRECTION('',(-0.577654361976577,-0.816281469892239,0.));
#2766=DIRECTION('',(0.,0.,-1.));
#2767=DIRECTION('',(0.577654361976577,0.816281469892239,0.));
#2768=DIRECTION('',(-0.811843080494289,-0.583875682533142,0.));
#2769=DIRECTION('',(0.583875682533142,-0.81184308049429,0.));
#2770=DIRECTION('',(0.,0.,-1.));
#2771=DIRECTION('',(-0.583875682533142,0.81184308049429,0.));
#2772=DIRECTION('',(0.,1.,0.));
#2773=DIRECTION('',(0.,0.,1.));
#2774=DIRECTION('',(0.,0.,-1.));
#2775=DIRECTION('',(1.,0.,0.));
#2776=DIRECTION('',(0.823374014292509,0.567499103600913,0.));
#2777=DIRECTION('',(-0.567499103600913,0.823374014292509,0.));
#2778=DIRECTION('',(0.,0.,-1.));
#2779=DIRECTION('',(0.567499103600913,-0.823374014292509,0.));
#2780=DIRECTION('',(-0.81580173863183,0.578331672351847,0.));
#2781=DIRECTION('',(-0.578331672351847,-0.81580173863183,0.));
#2782=DIRECTION('',(0.,0.,-1.));
#2783=DIRECTION('',(0.578331672351847,0.81580173863183,0.));
#2784=DIRECTION('',(0.,1.,0.));
#2785=DIRECTION('',(0.,0.,1.));
#2786=DIRECTION('',(0.,0.,-1.));
#2787=DIRECTION('',(1.,0.,0.));
#2788=DIRECTION('',(0.807132335996206,-0.590370554981622,0.));
#2789=DIRECTION('',(0.590370554981622,0.807132335996206,0.));
#2790=DIRECTION('',(0.,0.,-1.));
#2791=DIRECTION('',(-0.590370554981622,-0.807132335996206,0.));
#2792=DIRECTION('',(0.806886832895152,0.590706051179799,0.));
#2793=DIRECTION('',(-0.590706051179799,0.806886832895152,0.));
#2794=DIRECTION('',(0.,0.,-1.));
#2795=DIRECTION('',(0.590706051179799,-0.806886832895152,0.));
#2796=DIRECTION('',(0.,-1.,0.));
#2797=DIRECTION('',(0.,0.,-1.));
#2798=DIRECTION('',(0.,0.,-1.));
#2799=DIRECTION('',(-1.,0.,0.));
#2800=DIRECTION('',(-0.818732078241234,-0.574175743182164,0.));
#2801=DIRECTION('',(0.574175743182164,-0.818732078241234,0.));
#2802=DIRECTION('',(-0.574175743182164,0.818732078241234,0.));
#2803=DIRECTION('',(0.,0.,-1.));
#2804=DIRECTION('',(1.,0.,0.));
#2805=DIRECTION('',(1.,0.,0.));
#2806=DIRECTION('',(0.,0.,-1.));
#2807=DIRECTION('',(0.,0.,-1.));
#2808=DIRECTION('',(0.,-1.,0.));
#2809=DIRECTION('',(0.,0.,-1.));
#2810=DIRECTION('',(0.,-1.,0.));
#2811=DIRECTION('',(0.,0.,-1.));
#2812=DIRECTION('',(0.,0.,-1.));
#2813=DIRECTION('',(-1.,0.,0.));
#2814=DIRECTION('',(-1.,0.,0.));
#2815=DIRECTION('',(0.,0.,1.));
#2816=DIRECTION('',(0.,0.,-1.));
#2817=DIRECTION('',(0.,1.,0.));
#2818=DIRECTION('',(0.,1.,0.));
#2819=DIRECTION('',(0.,0.,1.));
#2820=DIRECTION('',(1.,0.,0.));
#2821=DIRECTION('',(0.,0.,-1.));
#2822=DIRECTION('',(1.,0.,0.));
#2823=DIRECTION('',(0.,0.,-1.));
#2824=DIRECTION('',(0.,0.,-1.));
#2825=DIRECTION('',(0.,0.,-1.));
#2826=DIRECTION('',(0.,0.,-1.));
#2827=DIRECTION('',(0.,0.,-1.));
#2828=DIRECTION('',(0.,1.,0.));
#2829=DIRECTION('',(0.,0.,1.));
#2830=DIRECTION('',(1.,0.,0.));
#2831=DIRECTION('',(0.,0.,-1.));
#2832=DIRECTION('',(1.,0.,0.));
#2833=DIRECTION('',(-1.,0.,0.));
#2834=DIRECTION('',(0.,0.,1.));
#2835=DIRECTION('',(0.,1.,0.));
#2836=DIRECTION('',(0.,0.,-1.));
#2837=DIRECTION('',(0.,1.,0.));
#2838=DIRECTION('',(0.,-1.,0.));
#2839=DIRECTION('',(0.,0.,-1.));
#2840=DIRECTION('',(-1.,0.,0.));
#2841=DIRECTION('',(0.,0.,-1.));
#2842=DIRECTION('',(-1.,0.,0.));
#2843=DIRECTION('',(0.,0.,-1.));
#2844=DIRECTION('',(0.,0.,-1.));
#2845=DIRECTION('',(0.,0.,-1.));
#2846=DIRECTION('',(0.,0.,-1.));
#2847=DIRECTION('',(0.,1.,0.));
#2848=DIRECTION('',(0.,0.,1.));
#2849=DIRECTION('',(0.,0.,-1.));
#2850=DIRECTION('',(1.,0.,0.));
#2851=DIRECTION('',(1.,0.,0.));
#2852=DIRECTION('',(0.,0.,-1.));
#2853=DIRECTION('',(0.,0.,-1.));
#2854=DIRECTION('',(0.,-1.,0.));
#2855=DIRECTION('',(0.,-1.,0.));
#2856=DIRECTION('',(0.,0.,-1.));
#2857=DIRECTION('',(0.,0.,-1.));
#2858=DIRECTION('',(-1.,0.,0.));
#2859=DIRECTION('',(0.,0.,-1.));
#2860=DIRECTION('',(0.,0.,-1.));
#2861=DIRECTION('',(1.,0.,0.));
#2862=DIRECTION('',(0.,0.,-1.));
#2863=DIRECTION('',(1.,0.,0.));
#2864=DIRECTION('',(0.,0.,1.));
#2865=DIRECTION('',(1.,0.,0.));
#2866=DIRECTION('',(-1.,0.,0.));
#2867=DIRECTION('',(0.,1.,0.));
#2868=DIRECTION('',(0.,0.,1.));
#2869=DIRECTION('',(-1.,0.,0.));
#2870=DIRECTION('',(1.09273919746567E-14,1.,0.));
#2871=DIRECTION('',(-1.,1.09273919746567E-14,0.));
#2872=DIRECTION('',(-1.,1.09273919746567E-14,0.));
#2873=DIRECTION('',(-1.,1.09273919746567E-14,0.));
#2874=DIRECTION('',(0.,0.,1.));
#2875=DIRECTION('',(1.,0.,0.));
#2876=DIRECTION('',(0.,0.,-1.));
#2877=DIRECTION('',(-1.,0.,0.));
#2878=DIRECTION('',(0.,0.,-1.));
#2879=DIRECTION('',(-1.,0.,0.));
#2880=DIRECTION('',(0.,0.,1.));
#2881=DIRECTION('',(1.,0.,0.));
#2882=DIRECTION('',(0.,0.,1.));
#2883=DIRECTION('',(1.,0.,0.));
#2884=DIRECTION('',(0.,0.,-1.));
#2885=DIRECTION('',(-1.,0.,0.));
#2886=DIRECTION('',(0.,0.,-1.));
#2887=DIRECTION('',(-1.,0.,0.));
#2888=DIRECTION('',(0.,0.,1.));
#2889=DIRECTION('',(1.,0.,0.));
#2890=DIRECTION('',(0.,0.,1.));
#2891=DIRECTION('',(1.,0.,0.));
#2892=DIRECTION('',(-1.,0.,0.));
#2893=DIRECTION('',(0.,0.,1.));
#2894=DIRECTION('',(-1.,0.,0.));
#2895=DIRECTION('',(0.,0.,1.));
#2896=DIRECTION('',(0.,0.,-1.));
#2897=DIRECTION('',(-1.,0.,0.));
#2898=DIRECTION('',(-3.23295620551984E-15,-1.,0.));
#2899=DIRECTION('',(1.,-3.23295620551984E-15,0.));
#2900=DIRECTION('',(-3.82458719112997E-15,-1.,0.));
#2901=DIRECTION('',(1.,-3.82458719112997E-15,0.));
#2902=DIRECTION('',(-3.82458719112997E-15,-1.,0.));
#2903=DIRECTION('',(-3.23295620551984E-15,-1.,-5.22600291340461E-30));
#2904=DIRECTION('',(1.,-3.23295620551984E-15,0.));
#2905=DIRECTION('',(0.,0.,-1.));
#2906=DIRECTION('',(-1.,0.,0.));
#2907=DIRECTION('',(1.,0.,0.));
#2908=DIRECTION('',(0.,0.,-1.));
#2909=DIRECTION('',(1.,0.,0.));
#2910=DIRECTION('',(0.,0.,-1.));
#2911=DIRECTION('',(-1.,0.,0.));
#2912=DIRECTION('',(0.,0.,1.));
#2913=DIRECTION('',(1.,-4.04119525689979E-16,0.));
#2914=DIRECTION('',(4.04119525689979E-16,1.,0.));
#2915=DIRECTION('',(0.,0.,-1.));
#2916=DIRECTION('',(-1.,0.,0.));
#2917=DIRECTION('',(0.,-1.,0.));
#2918=DIRECTION('',(0.,0.,-1.));
#2919=DIRECTION('',(0.,1.,0.));
#2920=DIRECTION('',(0.,0.,1.));
#2921=DIRECTION('',(0.,1.,0.));
#2922=DIRECTION('',(0.,-1.,0.));
#2923=DIRECTION('',(0.,0.,-1.));
#2924=DIRECTION('',(0.,0.,-1.));
#2925=DIRECTION('',(-1.,0.,0.));
#2926=DIRECTION('',(-1.,0.,0.));
#2927=DIRECTION('',(0.,0.,1.));
#2928=DIRECTION('',(1.,0.,0.));
#2929=DIRECTION('',(0.,0.,-1.));
#2930=DIRECTION('',(0.,0.,-1.));
#2931=DIRECTION('',(-1.,0.,0.));
#2932=DIRECTION('',(1.,0.,0.));
#2933=DIRECTION('',(3.82458719112997E-15,1.,0.));
#2934=DIRECTION('',(1.,0.,0.));
#2935=DIRECTION('',(0.,1.,0.));
#2936=DIRECTION('',(0.,0.,-1.));
#2937=DIRECTION('',(-1.,0.,0.));
#2938=DIRECTION('',(1.,0.,0.));
#2939=DIRECTION('',(0.,-1.,0.));
#2940=DIRECTION('',(1.,0.,0.));
#2941=DIRECTION('',(0.,1.,0.));
#2942=DIRECTION('',(-1.,0.,0.));
#2943=DIRECTION('',(0.,0.,1.));
#2944=DIRECTION('',(-1.,0.,0.));
#2945=DIRECTION('',(0.,0.,1.));
#2946=DIRECTION('',(-1.,0.,0.));
#2947=DIRECTION('',(0.,0.,1.));
#2948=DIRECTION('',(-1.,0.,0.));
#2949=DIRECTION('',(0.,0.,1.));
#2950=DIRECTION('',(0.,1.,0.));
#2951=DIRECTION('',(0.,0.,1.));
#2952=DIRECTION('',(-3.82458719112997E-15,-1.,0.));
#2953=DIRECTION('',(1.,-3.82458719112997E-15,0.));
#2954=DIRECTION('',(0.,1.,0.));
#2955=DIRECTION('',(0.,0.,1.));
#2956=DIRECTION('',(0.,-1.,0.));
#2957=DIRECTION('',(0.,0.,-1.));
#2958=DIRECTION('',(0.,1.,0.));
#2959=DIRECTION('',(0.,0.,1.));
#2960=DIRECTION('',(0.,-1.,0.));
#2961=DIRECTION('',(0.,0.,-1.));
#2962=DIRECTION('',(0.,-1.,0.));
#2963=DIRECTION('',(0.,0.,-1.));
#2964=DIRECTION('',(0.,1.,0.));
#2965=DIRECTION('',(0.,0.,1.));
#2966=DIRECTION('',(0.,-1.,0.));
#2967=DIRECTION('',(0.,0.,-1.));
#2968=DIRECTION('',(0.,1.,0.));
#2969=DIRECTION('',(0.,0.,1.));
#2970=DIRECTION('',(0.,1.,0.));
#2971=DIRECTION('',(0.,0.,1.));
#2972=DIRECTION('',(0.,1.,0.));
#2973=DIRECTION('',(0.,0.,1.));
#2974=DIRECTION('',(1.,0.,0.));
#2975=DIRECTION('',(0.,0.,-1.));
#2976=DIRECTION('',(0.,-1.,0.));
#2977=DIRECTION('',(0.,0.,-1.));
#2978=DIRECTION('',(0.,-1.,0.));
#2979=DIRECTION('',(0.,0.,-1.));
#2980=DIRECTION('',(-4.0977719904964E-14,-1.,0.));
#2981=DIRECTION('',(1.,-4.0977719904964E-14,0.));
#2982=DIRECTION('',(1.,0.,0.));
#2983=DIRECTION('',(0.,0.,-1.));
#2984=DIRECTION('',(1.,0.,0.));
#2985=DIRECTION('',(0.,0.,-1.));
#2986=DIRECTION('',(0.,-1.,0.));
#2987=DIRECTION('',(0.,0.,-1.));
#2988=DIRECTION('',(0.,1.,0.));
#2989=DIRECTION('',(0.,0.,1.));
#2990=DIRECTION('',(0.,-1.,-4.09777199049638E-14));
#2991=DIRECTION('',(0.,4.09777199049638E-14,-1.));
#2992=DIRECTION('',(1.,0.,0.));
#2993=DIRECTION('',(0.,0.,-1.));
#2994=DIRECTION('',(0.,1.,0.));
#2995=DIRECTION('',(0.,0.,1.));
#2996=DIRECTION('',(0.,1.,0.));
#2997=DIRECTION('',(0.,0.,1.));
#2998=DIRECTION('',(0.,0.,-1.));
#2999=DIRECTION('',(-1.,0.,0.));
#3000=DIRECTION('',(0.,-1.,0.));
#3001=DIRECTION('',(0.,0.,-1.));
#3002=DIRECTION('',(0.,-1.,0.));
#3003=DIRECTION('',(0.,0.,-1.));
#3004=DIRECTION('',(0.,-1.,0.));
#3005=DIRECTION('',(0.,0.,-1.));
#3006=DIRECTION('',(0.,-1.,0.));
#3007=DIRECTION('',(0.,0.,-1.));
#3008=DIRECTION('',(0.,0.,-1.));
#3009=DIRECTION('',(-1.,0.,0.));
#3010=DIRECTION('',(0.,1.,0.));
#3011=DIRECTION('',(0.,0.,1.));
#3012=DIRECTION('',(0.,1.,0.));
#3013=DIRECTION('',(0.,0.,1.));
#3014=DIRECTION('',(0.,0.,-1.));
#3015=DIRECTION('',(1.,0.,0.));
#3016=DIRECTION('',(0.,-1.,0.));
#3017=DIRECTION('',(-1.,0.,0.));
#3018=DIRECTION('',(0.,-1.,0.));
#3019=DIRECTION('',(-1.,1.09273919746567E-14,0.));
#3020=DIRECTION('',(-1.,1.09273919746567E-14,0.));
#3021=DIRECTION('',(-1.09273919746567E-14,-1.,0.));
#3022=DIRECTION('',(-0.707106781186544,0.707106781186551,0.));
#3023=DIRECTION('',(-0.707106781186551,-0.707106781186544,0.));
#3024=DIRECTION('',(-0.707106781186551,-0.707106781186544,0.));
#3025=DIRECTION('',(-0.707106781186544,0.707106781186551,0.));
#3026=DIRECTION('',(0.,1.,0.));
#3027=DIRECTION('',(0.,0.,1.));
#3028=DIRECTION('',(-0.707106781186548,0.707106781186548,0.));
#3029=DIRECTION('',(0.707106781186548,0.707106781186548,0.));
#3030=DIRECTION('',(0.,-1.,0.));
#3031=DIRECTION('',(0.,0.,-1.));
#3032=DIRECTION('',(-0.707106781186548,-0.707106781186548,0.));
#3033=DIRECTION('',(0.707106781186548,-0.707106781186548,0.));
#3034=DIRECTION('',(1.,0.,0.));
#3035=DIRECTION('',(0.,0.,-1.));
#3036=CARTESIAN_POINT('',(0.,0.,0.));
#3037=CARTESIAN_POINT('',(-0.0178908550183854,0.0695836409467082,0.0577946));
#3038=CARTESIAN_POINT('',(-0.0178908550183854,0.100961349781615,0.0610000038));
#3039=CARTESIAN_POINT('',(-0.0178908550183854,0.100961349781615,0.0610000038));
#3040=CARTESIAN_POINT('',(-0.0178908550183854,0.100961349781615,0.0614765425837673));
#3041=CARTESIAN_POINT('',(-0.0178908550183854,0.0705569401816152,0.0614765425837673));
#3042=CARTESIAN_POINT('',(-0.0178908550183855,0.0705569401816152,0.0614765425837673));
#3043=CARTESIAN_POINT('',(-0.0178908550183855,0.0705569401816152,0.0610000038));
#3044=CARTESIAN_POINT('',(-0.0178908550183855,0.0705569401816152,0.0610000038));
#3045=CARTESIAN_POINT('',(-0.0178908550183854,0.101934649016522,0.0610000038));
#3046=CARTESIAN_POINT('',(-0.0178908550183854,0.0677279262816152,0.0610000038));
#3047=CARTESIAN_POINT('',(-0.0178908550183854,0.0677279262816152,0.0577946));
#3048=CARTESIAN_POINT('',(-0.0178908550183854,0.0677279262816152,0.0588106));
#3049=CARTESIAN_POINT('',(-0.0178908550183854,0.0695836409467082,0.0588106));
#3050=CARTESIAN_POINT('',(-0.0178908550183854,0.0729588152980053,0.0588106));
#3051=CARTESIAN_POINT('',(-0.0178908550183854,0.0757319556118012,0.0620872));
#3052=CARTESIAN_POINT('',(-0.0178908550183854,0.0715183227743571,0.0612676189660484));
#3053=CARTESIAN_POINT('',(-0.0178908550183854,0.0721138868811282,0.059685468730673));
#3054=CARTESIAN_POINT('',(-0.0178908550183854,0.0721138868811282,0.061376));
#3055=CARTESIAN_POINT('',(-0.0178908550183854,0.0994044030821022,0.061376));
#3056=CARTESIAN_POINT('',(-0.0178908550183854,0.0994044030821021,0.061376));
#3057=CARTESIAN_POINT('',(-0.0178908550183854,0.0994044030821022,0.059685468730673));
#3058=CARTESIAN_POINT('',(-0.0178908550183854,0.0999999671888733,0.0612676189660484));
#3059=CARTESIAN_POINT('',(-0.0178908550183854,0.0957863343514292,0.0620872));
#3060=CARTESIAN_POINT('',(-0.0178908550183854,0.0985594746652251,0.0588106));
#3061=CARTESIAN_POINT('',(-0.0178908550183854,0.0695836409467082,0.0588106));
#3062=CARTESIAN_POINT('',(-0.0178908550183854,0.103790363681615,0.0588106));
#3063=CARTESIAN_POINT('',(-0.0178908550183854,0.103790363681615,0.0577946));
#3064=CARTESIAN_POINT('',(-0.0178908550183854,0.103790363681615,0.0610000038));
#3065=CARTESIAN_POINT('',(-0.0178908550183854,0.101934649016522,0.0610000038));
#3066=CARTESIAN_POINT('',(-0.0229708550183854,0.0695836409467082,0.0577946));
#3067=CARTESIAN_POINT('',(-0.0229708550183855,0.0705569401816152,0.0610000038));
#3068=CARTESIAN_POINT('',(-0.0229708550183855,0.0705569401816152,0.0610000038));
#3069=CARTESIAN_POINT('',(-0.0229708550183855,0.0705569401816152,0.0614765425837673));
#3070=CARTESIAN_POINT('',(-0.0229708550183854,0.0695836409467082,0.0614765425837673));
#3071=CARTESIAN_POINT('',(-0.0229708550183853,0.100961349781615,0.0614765425837673));
#3072=CARTESIAN_POINT('',(-0.0229708550183853,0.100961349781615,0.0610000038));
#3073=CARTESIAN_POINT('',(-0.0229708550183853,0.100961349781615,0.0610000038));
#3074=CARTESIAN_POINT('',(-0.0229708550183853,0.101934649016522,0.0610000038));
#3075=CARTESIAN_POINT('',(-0.0229708550183853,0.103790363681615,0.0610000038));
#3076=CARTESIAN_POINT('',(-0.0229708550183853,0.103790363681615,0.0577946));
#3077=CARTESIAN_POINT('',(-0.0229708550183853,0.103790363681615,0.0588106));
#3078=CARTESIAN_POINT('',(-0.0229708550183854,0.0957863343514292,0.0588106));
#3079=CARTESIAN_POINT('',(-0.0229708550183854,0.0985594746652251,0.0588106));
#3080=CARTESIAN_POINT('',(-0.0229708550183854,0.0957863343514292,0.0620872));
#3081=CARTESIAN_POINT('',(-0.0229708550183854,0.0999999671888733,0.0612676189660484));
#3082=CARTESIAN_POINT('',(-0.0229708550183854,0.0994044030821022,0.059685468730673));
#3083=CARTESIAN_POINT('',(-0.0229708550183854,0.0994044030821021,0.061376));
#3084=CARTESIAN_POINT('',(-0.0229708550183854,0.0695836409467082,0.061376));
#3085=CARTESIAN_POINT('',(-0.0229708550183854,0.0721138868811282,0.061376));
#3086=CARTESIAN_POINT('',(-0.0229708550183854,0.0721138868811282,0.059685468730673));
#3087=CARTESIAN_POINT('',(-0.0229708550183854,0.0715183227743571,0.0612676189660484));
#3088=CARTESIAN_POINT('',(-0.0229708550183854,0.0757319556118012,0.0620872));
#3089=CARTESIAN_POINT('',(-0.0229708550183854,0.0729588152980053,0.0588106));
#3090=CARTESIAN_POINT('',(-0.0229708550183854,0.0677279262816152,0.0588106));
#3091=CARTESIAN_POINT('',(-0.0229708550183854,0.0677279262816152,0.0588106));
#3092=CARTESIAN_POINT('',(-0.0229708550183854,0.0677279262816152,0.0577946));
#3093=CARTESIAN_POINT('',(-0.0229708550183854,0.0677279262816152,0.0610000038));
#3094=CARTESIAN_POINT('',(-0.0229708550183853,0.101934649016522,0.0610000038));
#3095=CARTESIAN_POINT('',(-0.0204308425183855,0.0857591449816152,0.0628746));
#3096=CARTESIAN_POINT('',(-0.0486229408041058,0.0758272227740887,0.0628746));
#3097=CARTESIAN_POINT('',(-0.042595999220219,0.0758272227740887,0.0628746));
#3098=CARTESIAN_POINT('',(-0.0545544240135924,0.0758272227740887,0.0628746));
#3099=CARTESIAN_POINT('',(-0.0545544240135924,0.0758272227740887,0.0628746));
#3100=CARTESIAN_POINT('',(-0.0551219131163509,0.0758272227740888,0.0628746));
#3101=CARTESIAN_POINT('',(-0.0556317146428248,0.0753767175391648,0.0628746));
#3102=CARTESIAN_POINT('',(-0.0557419495229472,0.0748204984247014,0.0628746));
#3103=CARTESIAN_POINT('',(-0.0557419495229473,0.0748204984247014,0.0628746));
#3104=CARTESIAN_POINT('',(-0.0515472313493289,0.0757319556118012,0.0628746));
#3105=CARTESIAN_POINT('',(-0.0515472313493289,0.0714393556118012,0.0628746));
#3106=CARTESIAN_POINT('',(-0.0321966352715533,0.0714393556118012,0.0628746));
#3107=CARTESIAN_POINT('',(-0.0421800718226822,0.0714393556118012,0.0628746));
#3108=CARTESIAN_POINT('',(-0.0421800718226822,0.0714393556118012,0.0628746));
#3109=CARTESIAN_POINT('',(-0.0419889179899982,0.0714393556118012,0.0628746));
#3110=CARTESIAN_POINT('',(-0.0416100449655869,0.0715640601960328,0.0628746));
#3111=CARTESIAN_POINT('',(-0.0414071075376937,0.0719218012837804,0.0628746));
#3112=CARTESIAN_POINT('',(-0.0414071075376937,0.0721138868811282,0.0628746));
#3113=CARTESIAN_POINT('',(-0.0414071075376937,0.0721138868811282,0.0628746));
#3114=CARTESIAN_POINT('',(-0.0414071075376937,-0.282365266406437,0.0628746));
#3115=CARTESIAN_POINT('',(-0.0414071075376937,0.0747327741527371,0.0628746));
#3116=CARTESIAN_POINT('',(-0.0414071075376937,0.0747327741527371,0.0628746));
#3117=CARTESIAN_POINT('',(-0.0414071075376938,0.0750387303100489,0.0628746));
#3118=CARTESIAN_POINT('',(-0.0416474856415166,0.0756615551379503,0.0628746));
#3119=CARTESIAN_POINT('',(-0.0422902605121054,0.0758272227740887,0.0628746));
#3120=CARTESIAN_POINT('',(-0.042595999220219,0.0758272227740887,0.0628746));
#3121=CARTESIAN_POINT('',(-0.0204308425183855,0.0857591449816152,0.0628746));
#3122=CARTESIAN_POINT('',(0.010685521312558,0.0757319556118012,0.0628746));
#3123=CARTESIAN_POINT('',(0.010685521312558,0.0714393556118012,0.0628746));
#3124=CARTESIAN_POINT('',(0.0148802394861763,0.074820498424701,0.0628746));
#3125=CARTESIAN_POINT('',(0.0148802394861763,0.074820498424701,0.0628746));
#3126=CARTESIAN_POINT('',(0.0147698871998601,0.075377309943031,0.0628746));
#3127=CARTESIAN_POINT('',(0.0142608933643213,0.0758272227740887,0.0628746));
#3128=CARTESIAN_POINT('',(0.0136927139768215,0.0758272227740887,0.0628746));
#3129=CARTESIAN_POINT('',(0.0136927139768214,0.0758272227740887,0.0628746));
#3130=CARTESIAN_POINT('',(0.00776123076733498,0.0758272227740887,0.0628746));
#3131=CARTESIAN_POINT('',(0.00173428918344827,0.0758272227740887,0.0628746));
#3132=CARTESIAN_POINT('',(0.00173428918344827,0.0758272227740887,0.0628746));
#3133=CARTESIAN_POINT('',(0.00142898357252674,0.0758272227740887,0.0628746));
#3134=CARTESIAN_POINT('',(0.0007882103972995,0.0756637281675154,0.0628746));
#3135=CARTESIAN_POINT('',(0.000545397500923032,0.0750390562324797,0.0628746));
#3136=CARTESIAN_POINT('',(0.000545397500923036,0.0747327741527371,0.0628746));
#3137=CARTESIAN_POINT('',(0.000545397500923034,0.0747327741527371,0.0628746));
#3138=CARTESIAN_POINT('',(0.000545397500923034,-0.282365266406437,0.0628746));
#3139=CARTESIAN_POINT('',(0.000545397500923034,0.0721138868811282,0.0628746));
#3140=CARTESIAN_POINT('',(0.000545397500923034,0.0721138868811282,0.0628746));
#3141=CARTESIAN_POINT('',(0.000545397500923034,0.0719225129441604,0.0628746));
#3142=CARTESIAN_POINT('',(0.000747602545044585,0.0715641399570843,0.0628746));
#3143=CARTESIAN_POINT('',(0.00112760384822064,0.0714393556118012,0.0628746));
#3144=CARTESIAN_POINT('',(0.00131836178591142,0.0714393556118012,0.0628746));
#3145=CARTESIAN_POINT('',(0.00131836178591142,0.0714393556118012,0.0628746));
#3146=CARTESIAN_POINT('',(0.00928225289391843,0.0714393556118012,0.0628746));
#3147=CARTESIAN_POINT('',(-0.0204308550183854,0.0677279262816152,0.0577946));
#3148=CARTESIAN_POINT('',(-0.0204308550183854,0.0677279262816152,0.0577946));
#3149=CARTESIAN_POINT('',(-0.0219444814788254,0.0677279262816152,0.0577946));
#3150=CARTESIAN_POINT('',(-0.0204308550183854,0.0677279262816152,0.0610000038));
#3151=CARTESIAN_POINT('',(-0.0189172285579454,0.0677279262816152,0.0610000038));
#3152=CARTESIAN_POINT('',(-0.0204308550183854,0.103790363681615,0.0577946));
#3153=CARTESIAN_POINT('',(-0.0204308550183854,0.103790363681615,0.0577946));
#3154=CARTESIAN_POINT('',(-0.0190338550183854,0.103790363681615,0.0577946));
#3155=CARTESIAN_POINT('',(-0.0204308550183854,0.103790363681615,0.0610000038));
#3156=CARTESIAN_POINT('',(-0.0190338550183854,0.103790363681615,0.0610000038));
#3157=CARTESIAN_POINT('',(-0.0204308550183854,-0.282365266406437,0.06036));
#3158=CARTESIAN_POINT('',(-0.0204308550183854,0.0994044030821022,0.06036));
#3159=CARTESIAN_POINT('',(-0.00392085501838543,0.0994044030821022,0.06036));
#3160=CARTESIAN_POINT('',(-0.0168748550183854,0.0994044030821022,0.06036));
#3161=CARTESIAN_POINT('',(-0.0168748550183854,0.0721138868811282,0.06036));
#3162=CARTESIAN_POINT('',(-0.0168748550183854,0.0721138868811282,0.06036));
#3163=CARTESIAN_POINT('',(-0.00392085501838543,0.0721138868811282,0.06036));
#3164=CARTESIAN_POINT('',(-0.00392085501838543,0.0721138868811282,0.06036));
#3165=CARTESIAN_POINT('',(-0.00392085501838543,-0.282365266406437,0.06036));
#3166=CARTESIAN_POINT('',(-0.0204308425183855,0.0857591449816152,0.0577946));
#3167=CARTESIAN_POINT('',(-0.0189068550183854,0.0857591449816152,0.0577946));
#3168=CARTESIAN_POINT('',(-0.0189068550183854,0.103790363681615,0.0577946));
#3169=CARTESIAN_POINT('',(-0.0189068550183854,0.0957863343514292,0.0577946));
#3170=CARTESIAN_POINT('',(-0.0204308425183855,0.0957863343514292,0.0577946));
#3171=CARTESIAN_POINT('',(0.010685521312558,0.0957863343514292,0.0577946));
#3172=CARTESIAN_POINT('',(0.010685521312558,0.0857591449816152,0.0577946));
#3173=CARTESIAN_POINT('',(0.010685521312558,0.0757319556118012,0.0577946));
#3174=CARTESIAN_POINT('',(-0.0178908550183854,0.0757319556118012,0.0577946));
#3175=CARTESIAN_POINT('',(-0.0189068550183854,0.0757319556118012,0.0577946));
#3176=CARTESIAN_POINT('',(-0.0189068550183854,0.0857591449816152,0.0577946));
#3177=CARTESIAN_POINT('',(-0.0189068550183854,0.0677279262816152,0.0577946));
#3178=CARTESIAN_POINT('',(-0.0204308550183854,0.0677279262816152,0.0577946));
#3179=CARTESIAN_POINT('',(-0.0219548550183854,0.0677279262816152,0.0577946));
#3180=CARTESIAN_POINT('',(-0.0219548550183854,0.0757319556118012,0.0577946));
#3181=CARTESIAN_POINT('',(-0.0219548550183854,0.0757319556118012,0.0577946));
#3182=CARTESIAN_POINT('',(-0.0515472313493289,0.0757319556118012,0.0577946));
#3183=CARTESIAN_POINT('',(-0.0515472313493289,0.0757319556118012,0.0577946));
#3184=CARTESIAN_POINT('',(-0.0515472313493289,0.0857591449816153,0.0577946));
#3185=CARTESIAN_POINT('',(-0.0515472313493288,0.0957863343514292,0.0577946));
#3186=CARTESIAN_POINT('',(-0.0204308425183855,0.0957863343514292,0.0577946));
#3187=CARTESIAN_POINT('',(-0.0219548550183854,0.0957863343514292,0.0577946));
#3188=CARTESIAN_POINT('',(-0.0219548550183854,0.103790363681615,0.0577946));
#3189=CARTESIAN_POINT('',(-0.0219548550183854,0.103790363681615,0.0577946));
#3190=CARTESIAN_POINT('',(-0.0204308550183854,0.103790363681615,0.0577946));
#3191=CARTESIAN_POINT('',(0.00138513084390458,0.0933136698823015,0.0577946));
#3192=CARTESIAN_POINT('',(0.00236387462986589,0.0933136698823015,0.0577946));
#3193=CARTESIAN_POINT('',(0.000406387057943277,0.0933136698823015,0.0577946));
#3194=CARTESIAN_POINT('',(0.000406387057943277,0.0860952295312334,0.0577946));
#3195=CARTESIAN_POINT('',(0.000406387057943277,0.0788767891801653,0.0577946));
#3196=CARTESIAN_POINT('',(0.00138513084390458,0.0788767891801653,0.0577946));
#3197=CARTESIAN_POINT('',(0.00236387462986589,0.0788767891801653,0.0577946));
#3198=CARTESIAN_POINT('',(0.00236387462986589,0.0860952295312334,0.0577946));
#3199=CARTESIAN_POINT('',(-0.00305446408471053,0.0933136698823015,0.0577946));
#3200=CARTESIAN_POINT('',(-0.00197407521545006,0.0933136698823015,0.0577946));
#3201=CARTESIAN_POINT('',(-0.00413485295397101,0.0933136698823015,0.0577946));
#3202=CARTESIAN_POINT('',(-0.00630218843980158,0.0901577539895452,0.0577946));
#3203=CARTESIAN_POINT('',(-0.00846952392563215,0.0870018380967889,0.0577946));
#3204=CARTESIAN_POINT('',(-0.0106827636426301,0.0901577539895452,0.0577946));
#3205=CARTESIAN_POINT('',(-0.012896003359628,0.0933136698823015,0.0577946));
#3206=CARTESIAN_POINT('',(-0.0139763922288885,0.0933136698823015,0.0577946));
#3207=CARTESIAN_POINT('',(-0.015056781098149,0.0933136698823015,0.0577946));
#3208=CARTESIAN_POINT('',(-0.0123107244122441,0.0895626384211968,0.0577946));
#3209=CARTESIAN_POINT('',(-0.00956466772633928,0.0858116069600922,0.0577946));
#3210=CARTESIAN_POINT('',(-0.0121008764983362,0.0823441980701288,0.0577946));
#3211=CARTESIAN_POINT('',(-0.0146370852703331,0.0788767891801653,0.0577946));
#3212=CARTESIAN_POINT('',(-0.0135566964010726,0.0788767891801653,0.0577946));
#3213=CARTESIAN_POINT('',(-0.0124763075318121,0.0788767891801653,0.0577946));
#3214=CARTESIAN_POINT('',(-0.0104679974182399,0.0817097360179227,0.0577946));
#3215=CARTESIAN_POINT('',(-0.00845968730466771,0.08454268285568,0.0577946));
#3216=CARTESIAN_POINT('',(-0.00650711804322731,0.0817097360179227,0.0577946));
#3217=CARTESIAN_POINT('',(-0.00455454878178691,0.0788767891801653,0.0577946));
#3218=CARTESIAN_POINT('',(-0.00347415991252644,0.0788767891801653,0.0577946));
#3219=CARTESIAN_POINT('',(-0.00239377104326597,0.0788767891801653,0.0577946));
#3220=CARTESIAN_POINT('',(-0.00486276290533921,0.0823097698967532,0.0577946));
#3221=CARTESIAN_POINT('',(-0.00733175476741246,0.0857427506133412,0.0577946));
#3222=CARTESIAN_POINT('',(-0.00465291499143126,0.0895282102478213,0.0577946));
#3223=CARTESIAN_POINT('',(-0.022117835513786,0.0933136698823015,0.0577946));
#3224=CARTESIAN_POINT('',(-0.0164306291595151,0.0933136698823015,0.0577946));
#3225=CARTESIAN_POINT('',(-0.027805041868057,0.0933136698823015,0.0577946));
#3226=CARTESIAN_POINT('',(-0.027805041868057,0.0860952295312334,0.0577946));
#3227=CARTESIAN_POINT('',(-0.027805041868057,0.0788767891801653,0.0577946));
#3228=CARTESIAN_POINT('',(-0.022327683427694,0.0788767891801653,0.0577946));
#3229=CARTESIAN_POINT('',(-0.016850324987331,0.0788767891801653,0.0577946));
#3230=CARTESIAN_POINT('',(-0.016850324987331,0.079675194915112,0.0577946));
#3231=CARTESIAN_POINT('',(-0.016850324987331,0.0804736006500587,0.0577946));
#3232=CARTESIAN_POINT('',(-0.0213489396417327,0.0804736006500587,0.0577946));
#3233=CARTESIAN_POINT('',(-0.0258475542961345,0.0804736006500587,0.0577946));
#3234=CARTESIAN_POINT('',(-0.0258475542961345,0.0827901248871832,0.0577946));
#3235=CARTESIAN_POINT('',(-0.0258475542961345,0.0851066491243077,0.0577946));
#3236=CARTESIAN_POINT('',(-0.021657153765285,0.0851066491243077,0.0577946));
#3237=CARTESIAN_POINT('',(-0.0174667532344356,0.0851066491243077,0.0577946));
#3238=CARTESIAN_POINT('',(-0.0174667532344356,0.0858952182382899,0.0577946));
#3239=CARTESIAN_POINT('',(-0.0174667532344356,0.0866837873522721,0.0577946));
#3240=CARTESIAN_POINT('',(-0.021657153765285,0.0866837873522721,0.0577946));
#3241=CARTESIAN_POINT('',(-0.0258475542961345,0.0866837873522721,0.0577946));
#3242=CARTESIAN_POINT('',(-0.0258475542961345,0.0891986834455127,0.0577946));
#3243=CARTESIAN_POINT('',(-0.0258475542961345,0.0917135795387534,0.0577946));
#3244=CARTESIAN_POINT('',(-0.0211390917278248,0.0917135795387534,0.0577946));
#3245=CARTESIAN_POINT('',(-0.0164306291595151,0.0917135795387534,0.0577946));
#3246=CARTESIAN_POINT('',(-0.0164306291595151,0.0925136247105274,0.0577946));
#3247=CARTESIAN_POINT('',(-0.0325233410573312,0.0807162373005147,0.0577946));
#3248=CARTESIAN_POINT('',(-0.0305297858752057,0.0825556854208641,0.0577946));
#3249=CARTESIAN_POINT('',(-0.0305297858752057,0.0859460407799395,0.0577946));
#3250=CARTESIAN_POINT('',(-0.0325233410573312,0.0807162373005147,0.0577946));
#3251=CARTESIAN_POINT('',(-0.0305297858752057,0.0859460407799395,0.0577946));
#3252=CARTESIAN_POINT('',(-0.0305297858752057,0.0859460407799395,0.0577946));
#3253=CARTESIAN_POINT('',(-0.0305297858752057,0.0881789537388663,0.0577946));
#3254=CARTESIAN_POINT('',(-0.0314019662673855,0.0898544581764751,0.0577946));
#3255=CARTESIAN_POINT('',(-0.0314019662673855,0.0898544581764751,0.0577946));
#3256=CARTESIAN_POINT('',(-0.0314019662673855,0.0898544581764751,0.0577946));
#3257=CARTESIAN_POINT('',(-0.0322741466595655,0.0915299626140839,0.0577946));
#3258=CARTESIAN_POINT('',(-0.0338725975662862,0.0924218162481927,0.0577946));
#3259=CARTESIAN_POINT('',(-0.0338725975662862,0.0924218162481927,0.0577946));
#3260=CARTESIAN_POINT('',(-0.0338725975662862,0.0924218162481927,0.0577946));
#3261=CARTESIAN_POINT('',(-0.035471048473007,0.0933136698823015,0.0577946));
#3262=CARTESIAN_POINT('',(-0.037559690991122,0.0933136698823015,0.0577946));
#3263=CARTESIAN_POINT('',(-0.037559690991122,0.0933136698823015,0.0577946));
#3264=CARTESIAN_POINT('',(-0.0402598434458595,0.0933136698823015,0.0577946));
#3265=CARTESIAN_POINT('',(-0.042959995900597,0.0933136698823015,0.0577946));
#3266=CARTESIAN_POINT('',(-0.042959995900597,0.0860952295312334,0.0577946));
#3267=CARTESIAN_POINT('',(-0.042959995900597,0.0788767891801653,0.0577946));
#3268=CARTESIAN_POINT('',(-0.0405729758798941,0.0788767891801653,0.0577946));
#3269=CARTESIAN_POINT('',(-0.0381859558591911,0.0788767891801653,0.0577946));
#3270=CARTESIAN_POINT('',(-0.0381859558591911,0.0788767891801653,0.0577946));
#3271=CARTESIAN_POINT('',(-0.0345168962394568,0.0788767891801653,0.0577946));
#3272=CARTESIAN_POINT('',(-0.0325233410573312,0.0807162373005147,0.0577946));
#3273=CARTESIAN_POINT('',(-0.0204308425183855,0.0857591449816152,0.0628746));
#3274=CARTESIAN_POINT('',(-0.0515472313493288,0.0957863343514292,0.0628746));
#3275=CARTESIAN_POINT('',(-0.0515472313493288,0.100078934351429,0.0628746));
#3276=CARTESIAN_POINT('',(-0.0557419495229471,0.0966977915385294,0.0628746));
#3277=CARTESIAN_POINT('',(-0.0557419495229471,0.0966977915385294,0.0628746));
#3278=CARTESIAN_POINT('',(-0.0556315972366309,0.0961409800201995,0.0628746));
#3279=CARTESIAN_POINT('',(-0.0551226034010921,0.0956910671891417,0.0628746));
#3280=CARTESIAN_POINT('',(-0.0545544240135923,0.0956910671891417,0.0628746));
#3281=CARTESIAN_POINT('',(-0.0545544240135923,0.0956910671891417,0.0628746));
#3282=CARTESIAN_POINT('',(-0.0486229408041057,0.0956910671891417,0.0628746));
#3283=CARTESIAN_POINT('',(-0.042595999220219,0.0956910671891417,0.0628746));
#3284=CARTESIAN_POINT('',(-0.042595999220219,0.0956910671891417,0.0628746));
#3285=CARTESIAN_POINT('',(-0.0422906936092975,0.0956910671891417,0.0628746));
#3286=CARTESIAN_POINT('',(-0.0416499204340703,0.095854561795715,0.0628746));
#3287=CARTESIAN_POINT('',(-0.0414071075376937,0.0964792337307509,0.0628746));
#3288=CARTESIAN_POINT('',(-0.0414071075376937,0.0967855158104934,0.0628746));
#3289=CARTESIAN_POINT('',(-0.0414071075376937,0.0967855158104933,0.0628746));
#3290=CARTESIAN_POINT('',(-0.0414071075376937,-0.282365266406437,0.0628746));
#3291=CARTESIAN_POINT('',(-0.0414071075376937,0.0994044030821022,0.0628746));
#3292=CARTESIAN_POINT('',(-0.0414071075376937,0.0994044030821022,0.0628746));
#3293=CARTESIAN_POINT('',(-0.0414071075376937,0.09959577701907,0.0628746));
#3294=CARTESIAN_POINT('',(-0.0416093125818153,0.0999541500061462,0.0628746));
#3295=CARTESIAN_POINT('',(-0.0419893138849914,0.100078934351429,0.0628746));
#3296=CARTESIAN_POINT('',(-0.0421800718226822,0.100078934351429,0.0628746));
#3297=CARTESIAN_POINT('',(-0.0421800718226822,0.100078934351429,0.0628746));
#3298=CARTESIAN_POINT('',(-0.0501439629306893,0.100078934351429,0.0628746));
#3299=CARTESIAN_POINT('',(-0.0321966352715533,0.0714393556118012,0.0577946));
#3300=CARTESIAN_POINT('',(-0.0515472313493289,0.0714393556118012,0.0577946));
#3301=CARTESIAN_POINT('',(-0.0515472313493289,0.0714393556118012,0.0620872));
#3302=CARTESIAN_POINT('',(-0.0229708550183854,0.0714393556118012,0.0620872));
#3303=CARTESIAN_POINT('',(-0.0416909319467226,0.0714393556118012,0.0620872));
#3304=CARTESIAN_POINT('',(-0.0369408550183855,0.0714393556118012,0.0655836190102259));
#3305=CARTESIAN_POINT('',(-0.0501439629306893,0.100078934351429,0.0577946));
#3306=CARTESIAN_POINT('',(-0.0369408550183855,0.100078934351429,0.0655836190102259));
#3307=CARTESIAN_POINT('',(-0.0416909319467226,0.100078934351429,0.0620872));
#3308=CARTESIAN_POINT('',(-0.0501439629306893,0.100078934351429,0.0620872));
#3309=CARTESIAN_POINT('',(-0.0515472313493288,0.100078934351429,0.0620872));
#3310=CARTESIAN_POINT('',(-0.0515472313493288,0.100078934351429,0.0577946));
#3311=CARTESIAN_POINT('',(-0.00866507476521749,0.100078934351429,0.0577946));
#3312=CARTESIAN_POINT('',(0.010685521312558,0.100078934351429,0.0577946));
#3313=CARTESIAN_POINT('',(0.010685521312558,0.100078934351429,0.0628746));
#3314=CARTESIAN_POINT('',(0.010685521312558,0.100078934351429,0.0620872));
#3315=CARTESIAN_POINT('',(-0.00866507476521749,0.100078934351429,0.0620872));
#3316=CARTESIAN_POINT('',(0.000829221909951885,0.100078934351429,0.0620872));
#3317=CARTESIAN_POINT('',(-0.00392085501838544,0.100078934351429,0.0655836190102261));
#3318=CARTESIAN_POINT('',(0.00131836178591142,0.100078934351429,0.0628746));
#3319=CARTESIAN_POINT('',(-0.00866507476521749,0.100078934351429,0.0628746));
#3320=CARTESIAN_POINT('',(0.00928225289391843,0.0714393556118012,0.0577946));
#3321=CARTESIAN_POINT('',(-0.00392085501838544,0.0714393556118012,0.0655836190102261));
#3322=CARTESIAN_POINT('',(0.000829221909951885,0.0714393556118012,0.0620872));
#3323=CARTESIAN_POINT('',(0.010685521312558,0.0714393556118012,0.0620872));
#3324=CARTESIAN_POINT('',(0.010685521312558,0.0714393556118012,0.0620872));
#3325=CARTESIAN_POINT('',(0.010685521312558,0.0714393556118012,0.0628746));
#3326=CARTESIAN_POINT('',(-0.0204308550183854,0.0677279262816152,0.0577946));
#3327=CARTESIAN_POINT('',(-0.0204308550183854,0.0677279262816152,0.0588106));
#3328=CARTESIAN_POINT('',(-0.0204308550183854,0.0677279262816152,0.0610000038));
#3329=CARTESIAN_POINT('',(-0.0204308425183855,0.0857591449816152,0.0628746));
#3330=CARTESIAN_POINT('',(0.00776123076733498,0.0956910671891417,0.0628746));
#3331=CARTESIAN_POINT('',(0.00173428918344827,0.0956910671891417,0.0628746));
#3332=CARTESIAN_POINT('',(0.0136927139768214,0.0956910671891417,0.0628746));
#3333=CARTESIAN_POINT('',(0.0136927139768214,0.0956910671891417,0.0628746));
#3334=CARTESIAN_POINT('',(0.01426020307958,0.0956910671891416,0.0628746));
#3335=CARTESIAN_POINT('',(0.0147700046060538,0.0961415724240657,0.0628746));
#3336=CARTESIAN_POINT('',(0.0148802394861763,0.096697791538529,0.0628746));
#3337=CARTESIAN_POINT('',(0.0148802394861763,0.096697791538529,0.0628746));
#3338=CARTESIAN_POINT('',(0.010685521312558,0.0957863343514292,0.0628746));
#3339=CARTESIAN_POINT('',(0.00131836178591142,0.100078934351429,0.0628746));
#3340=CARTESIAN_POINT('',(0.00112720795322746,0.100078934351429,0.0628746));
#3341=CARTESIAN_POINT('',(0.000748334928816254,0.0999542297671976,0.0628746));
#3342=CARTESIAN_POINT('',(0.000545397500923036,0.09959648867945,0.0628746));
#3343=CARTESIAN_POINT('',(0.000545397500923036,0.0994044030821022,0.0628746));
#3344=CARTESIAN_POINT('',(0.000545397500923034,0.0994044030821022,0.0628746));
#3345=CARTESIAN_POINT('',(0.000545397500923034,-0.282365266406437,0.0628746));
#3346=CARTESIAN_POINT('',(0.000545397500923034,0.0967855158104933,0.0628746));
#3347=CARTESIAN_POINT('',(0.000545397500923044,0.0967855158104934,0.0628746));
#3348=CARTESIAN_POINT('',(0.000545397500923044,0.0964795596531816,0.0628746));
#3349=CARTESIAN_POINT('',(0.000785775604745933,0.0958567348252803,0.0628746));
#3350=CARTESIAN_POINT('',(0.00142855047533462,0.0956910671891417,0.0628746));
#3351=CARTESIAN_POINT('',(0.00173428918344828,0.0956910671891417,0.0628746));
#3352=CARTESIAN_POINT('',(-0.0204308550183854,0.103790363681615,0.0577946));
#3353=CARTESIAN_POINT('',(-0.0204308550183854,0.103790363681615,0.0588106));
#3354=CARTESIAN_POINT('',(-0.0204308550183854,0.103790363681615,0.0610000038));
#3355=CARTESIAN_POINT('',(-0.0369408550183855,-0.282365266406437,0.0655836190102259));
#3356=CARTESIAN_POINT('',(-0.0414071075376937,0.0967855158104934,0.0628746));
#3357=CARTESIAN_POINT('',(-0.0409733637321683,0.0963384356786758,0.0621595037393795));
#3358=CARTESIAN_POINT('',(-0.0404883838396959,0.0954658535985552,0.0617494000772534));
#3359=CARTESIAN_POINT('',(-0.0404883838396959,0.0945163343514293,0.0617494000772534));
#3360=CARTESIAN_POINT('',(-0.0404883838396959,0.0945163343514293,0.0617494000772534));
#3361=CARTESIAN_POINT('',(-0.0404883838396959,-0.282365266406437,0.0617494000772534));
#3362=CARTESIAN_POINT('',(-0.0404883838396959,0.0770019556118012,0.0617494000772534));
#3363=CARTESIAN_POINT('',(-0.0404883838396959,0.0770019556118012,0.0617494000772534));
#3364=CARTESIAN_POINT('',(-0.0404883838396959,0.0760524363646753,0.0617494000772534));
#3365=CARTESIAN_POINT('',(-0.0409733637321683,0.0751798542845547,0.0621595037393795));
#3366=CARTESIAN_POINT('',(-0.0414071075376937,0.0747327741527371,0.0628746));
#3367=CARTESIAN_POINT('',(-0.0369408550183855,0.0721138868811282,0.0655836190102259));
#3368=CARTESIAN_POINT('',(-0.0369408550183855,0.0721138868811282,0.06036));
#3369=CARTESIAN_POINT('',(-0.0369408550183855,-0.282365266406437,0.06036));
#3370=CARTESIAN_POINT('',(-0.0369408550183855,0.0994044030821022,0.06036));
#3371=CARTESIAN_POINT('',(-0.0369408550183855,0.0994044030821022,0.0655836190102259));
#3372=CARTESIAN_POINT('',(-0.00392085501838544,-0.282365266406437,0.0655836190102261));
#3373=CARTESIAN_POINT('',(0.000545397500923037,0.0747327741527371,0.0628746));
#3374=CARTESIAN_POINT('',(0.000111653695397564,0.0751798542845548,0.0621595037393795));
#3375=CARTESIAN_POINT('',(-0.000373326197074774,0.0760524363646752,0.0617494000772535));
#3376=CARTESIAN_POINT('',(-0.000373326197074806,0.0770019556118011,0.0617494000772535));
#3377=CARTESIAN_POINT('',(-0.000373326197074808,0.0770019556118012,0.0617494000772535));
#3378=CARTESIAN_POINT('',(-0.000373326197074808,-0.282365266406437,0.0617494000772535));
#3379=CARTESIAN_POINT('',(-0.000373326197074808,0.0945163343514293,0.0617494000772535));
#3380=CARTESIAN_POINT('',(-0.000373326197074809,0.0945163343514293,0.0617494000772535));
#3381=CARTESIAN_POINT('',(-0.000373326197074809,0.0954658535985551,0.0617494000772535));
#3382=CARTESIAN_POINT('',(0.000111653695397586,0.0963384356786758,0.0621595037393795));
#3383=CARTESIAN_POINT('',(0.000545397500923046,0.0967855158104934,0.0628746));
#3384=CARTESIAN_POINT('',(-0.00392085501838544,0.0994044030821022,0.0655836190102261));
#3385=CARTESIAN_POINT('',(-0.00392085501838544,0.0721138868811282,0.0655836190102261));
#3386=CARTESIAN_POINT('',(-0.0204308550183854,-0.282365266406437,0.06036));
#3387=CARTESIAN_POINT('',(-0.0229708550183854,0.0721138868811282,0.06036));
#3388=CARTESIAN_POINT('',(-0.0239868550183854,0.0721138868811282,0.06036));
#3389=CARTESIAN_POINT('',(-0.0239868550183854,-0.282365266406437,0.06036));
#3390=CARTESIAN_POINT('',(-0.0239868550183854,0.0994044030821022,0.06036));
#3391=CARTESIAN_POINT('',(-0.0204308550183854,0.0994044030821022,0.06036));
#3392=CARTESIAN_POINT('',(-0.0204308550183854,0.0721138868811282,0.059685468730673));
#3393=CARTESIAN_POINT('',(-0.0369408550183855,0.0718302536110846,0.0602974692220325));
#3394=CARTESIAN_POINT('',(-0.0369408550183855,0.0718302536110846,0.0602974692220325));
#3395=CARTESIAN_POINT('',(-0.0239868550183854,0.0718302536110846,0.0602974692220325));
#3396=CARTESIAN_POINT('',(-0.0239868550183854,0.0721138868811282,0.059685468730673));
#3397=CARTESIAN_POINT('',(-0.0369408550183855,0.0721138868811282,0.059685468730673));
#3398=CARTESIAN_POINT('',(-0.0369408550183855,0.0721138868811282,0.0655836190102259));
#3399=CARTESIAN_POINT('',(-0.0369408550183855,0.0718302536110846,0.0602974692220325));
#3400=CARTESIAN_POINT('',(-0.0386832002459578,0.0718302536110846,0.0602974692220325));
#3401=CARTESIAN_POINT('',(-0.0403474226183297,0.0714393556118012,0.0609956019527534));
#3402=CARTESIAN_POINT('',(-0.0416909319467226,0.0714393556118012,0.0620872));
#3403=CARTESIAN_POINT('',(-0.0204308550183854,0.0721138868811282,0.059685468730673));
#3404=CARTESIAN_POINT('',(-0.0168748550183854,0.0721138868811282,0.059685468730673));
#3405=CARTESIAN_POINT('',(-0.0168748550183854,0.0718302536110842,0.0602974692220334));
#3406=CARTESIAN_POINT('',(-0.0178908550183854,0.0718302536110842,0.0602974692220334));
#3407=CARTESIAN_POINT('',(-0.00392085501838542,0.0718302536110846,0.0602974692220325));
#3408=CARTESIAN_POINT('',(-0.00392085501838543,0.0721138868811282,0.059685468730673));
#3409=CARTESIAN_POINT('',(-0.00392085501838544,0.0721138868811282,0.0655836190102261));
#3410=CARTESIAN_POINT('',(-0.00392085501838542,0.0718302536110846,0.0602974692220325));
#3411=CARTESIAN_POINT('',(-0.00217850979081299,0.0718302536110846,0.0602974692220325));
#3412=CARTESIAN_POINT('',(-0.00051428741844143,0.0714393556118012,0.0609956019527539));
#3413=CARTESIAN_POINT('',(0.000829221909951885,0.0714393556118012,0.0620872));
#3414=CARTESIAN_POINT('',(-0.0501439629306893,0.0994044030821022,0.059685468730673));
#3415=CARTESIAN_POINT('',(-0.0239868550183854,0.0994044030821022,0.059685468730673));
#3416=CARTESIAN_POINT('',(-0.0239868550183854,0.0996880363521462,0.0602974692220334));
#3417=CARTESIAN_POINT('',(-0.0229708550183854,0.0996880363521462,0.0602974692220334));
#3418=CARTESIAN_POINT('',(-0.0369408550183855,0.0996880363521458,0.0602974692220325));
#3419=CARTESIAN_POINT('',(-0.0369408550183855,0.0994044030821022,0.059685468730673));
#3420=CARTESIAN_POINT('',(-0.0369408550183855,0.0994044030821022,0.0655836190102259));
#3421=CARTESIAN_POINT('',(-0.0369408550183855,0.0996880363521458,0.0602974692220325));
#3422=CARTESIAN_POINT('',(-0.0386832002459579,0.0996880363521458,0.0602974692220325));
#3423=CARTESIAN_POINT('',(-0.0403474226185808,0.100078934351429,0.0609956019524443));
#3424=CARTESIAN_POINT('',(-0.0416909319467226,0.100078934351429,0.0620872));
#3425=CARTESIAN_POINT('',(-0.00866507476521749,0.0994044030821022,0.059685468730673));
#3426=CARTESIAN_POINT('',(-0.00392085501838543,0.0996880363521458,0.0602974692220325));
#3427=CARTESIAN_POINT('',(-0.00392085501838543,0.0996880363521458,0.0602974692220325));
#3428=CARTESIAN_POINT('',(-0.0168748550183854,0.0996880363521458,0.0602974692220325));
#3429=CARTESIAN_POINT('',(-0.0168748550183854,0.0994044030821022,0.059685468730673));
#3430=CARTESIAN_POINT('',(-0.00392085501838542,0.0994044030821022,0.059685468730673));
#3431=CARTESIAN_POINT('',(-0.00392085501838544,0.0994044030821022,0.0655836190102261));
#3432=CARTESIAN_POINT('',(-0.00392085501838543,0.0996880363521458,0.0602974692220325));
#3433=CARTESIAN_POINT('',(-0.00217850979081298,0.0996880363521458,0.0602974692220325));
#3434=CARTESIAN_POINT('',(-0.00051428741818543,0.100078934351429,0.0609956019524387));
#3435=CARTESIAN_POINT('',(0.000829221909951885,0.100078934351429,0.0620872));
#3436=CARTESIAN_POINT('',(-0.027805041868057,0.0860952295312334,0.0580486));
#3437=CARTESIAN_POINT('',(-0.027805041868057,0.0933136698823015,0.0580486));
#3438=CARTESIAN_POINT('',(-0.027805041868057,0.0933136698823015,0.0580486));
#3439=CARTESIAN_POINT('',(-0.027805041868057,0.0860952295312334,0.0580486));
#3440=CARTESIAN_POINT('',(-0.027805041868057,0.0788767891801653,0.0580486));
#3441=CARTESIAN_POINT('',(-0.027805041868057,0.0788767891801653,0.0580486));
#3442=CARTESIAN_POINT('',(-0.022117835513786,0.0933136698823015,0.0580486));
#3443=CARTESIAN_POINT('',(-0.0164306291595151,0.0933136698823015,0.0580486));
#3444=CARTESIAN_POINT('',(-0.0164306291595151,0.0933136698823015,0.0580486));
#3445=CARTESIAN_POINT('',(-0.022117835513786,0.0933136698823015,0.0580486));
#3446=CARTESIAN_POINT('',(-0.0164306291595151,0.0925136247105274,0.0580486));
#3447=CARTESIAN_POINT('',(-0.0164306291595151,0.0917135795387534,0.0580486));
#3448=CARTESIAN_POINT('',(-0.0164306291595151,0.0917135795387534,0.0580486));
#3449=CARTESIAN_POINT('',(-0.0164306291595151,0.0925136247105274,0.0580486));
#3450=CARTESIAN_POINT('',(-0.0211390917278248,0.0917135795387534,0.0580486));
#3451=CARTESIAN_POINT('',(-0.0258475542961345,0.0917135795387534,0.0580486));
#3452=CARTESIAN_POINT('',(-0.0258475542961345,0.0917135795387534,0.0580486));
#3453=CARTESIAN_POINT('',(-0.0211390917278248,0.0917135795387534,0.0580486));
#3454=CARTESIAN_POINT('',(-0.0258475542961345,0.0891986834455127,0.0580486));
#3455=CARTESIAN_POINT('',(-0.0258475542961345,0.0866837873522721,0.0580486));
#3456=CARTESIAN_POINT('',(-0.0258475542961345,0.0866837873522721,0.0580486));
#3457=CARTESIAN_POINT('',(-0.0258475542961345,0.0891986834455127,0.0580486));
#3458=CARTESIAN_POINT('',(-0.021657153765285,0.0866837873522721,0.0580486));
#3459=CARTESIAN_POINT('',(-0.0174667532344356,0.0866837873522721,0.0580486));
#3460=CARTESIAN_POINT('',(-0.0174667532344356,0.0866837873522721,0.0580486));
#3461=CARTESIAN_POINT('',(-0.021657153765285,0.0866837873522721,0.0580486));
#3462=CARTESIAN_POINT('',(-0.0174667532344356,0.0858952182382899,0.0580486));
#3463=CARTESIAN_POINT('',(-0.0174667532344356,0.0851066491243077,0.0580486));
#3464=CARTESIAN_POINT('',(-0.0174667532344356,0.0851066491243077,0.0580486));
#3465=CARTESIAN_POINT('',(-0.0174667532344356,0.0858952182382899,0.0580486));
#3466=CARTESIAN_POINT('',(-0.021657153765285,0.0851066491243077,0.0580486));
#3467=CARTESIAN_POINT('',(-0.0258475542961345,0.0851066491243077,0.0580486));
#3468=CARTESIAN_POINT('',(-0.0258475542961345,0.0851066491243077,0.0580486));
#3469=CARTESIAN_POINT('',(-0.021657153765285,0.0851066491243077,0.0580486));
#3470=CARTESIAN_POINT('',(-0.0258475542961345,0.0827901248871832,0.0580486));
#3471=CARTESIAN_POINT('',(-0.0258475542961345,0.0804736006500587,0.0580486));
#3472=CARTESIAN_POINT('',(-0.0258475542961345,0.0804736006500587,0.0580486));
#3473=CARTESIAN_POINT('',(-0.0258475542961345,0.0827901248871832,0.0580486));
#3474=CARTESIAN_POINT('',(-0.0213489396417327,0.0804736006500587,0.0580486));
#3475=CARTESIAN_POINT('',(-0.016850324987331,0.0804736006500587,0.0580486));
#3476=CARTESIAN_POINT('',(-0.016850324987331,0.0804736006500587,0.0580486));
#3477=CARTESIAN_POINT('',(-0.0213489396417327,0.0804736006500587,0.0580486));
#3478=CARTESIAN_POINT('',(-0.016850324987331,0.079675194915112,0.0580486));
#3479=CARTESIAN_POINT('',(-0.016850324987331,0.0788767891801653,0.0580486));
#3480=CARTESIAN_POINT('',(-0.016850324987331,0.0788767891801653,0.0580486));
#3481=CARTESIAN_POINT('',(-0.016850324987331,0.079675194915112,0.0580486));
#3482=CARTESIAN_POINT('',(-0.022327683427694,0.0788767891801653,0.0580486));
#3483=CARTESIAN_POINT('',(-0.022327683427694,0.0788767891801653,0.0580486));
#3484=CARTESIAN_POINT('',(-0.0204308550183854,0.0857591449816152,0.0580486));
#3485=CARTESIAN_POINT('',(-0.00630218843980158,0.0901577539895452,0.0580486));
#3486=CARTESIAN_POINT('',(-0.00413485295397101,0.0933136698823015,0.0580486));
#3487=CARTESIAN_POINT('',(-0.00413485295397101,0.0933136698823015,0.0580486));
#3488=CARTESIAN_POINT('',(-0.00630218843980158,0.0901577539895452,0.0580486));
#3489=CARTESIAN_POINT('',(-0.00846952392563215,0.0870018380967889,0.0580486));
#3490=CARTESIAN_POINT('',(-0.00846952392563215,0.0870018380967889,0.0580486));
#3491=CARTESIAN_POINT('',(-0.00305446408471053,0.0933136698823015,0.0580486));
#3492=CARTESIAN_POINT('',(-0.00197407521545006,0.0933136698823015,0.0580486));
#3493=CARTESIAN_POINT('',(-0.00197407521545006,0.0933136698823015,0.0580486));
#3494=CARTESIAN_POINT('',(-0.00305446408471053,0.0933136698823015,0.0580486));
#3495=CARTESIAN_POINT('',(-0.00465291499143126,0.0895282102478213,0.0580486));
#3496=CARTESIAN_POINT('',(-0.00733175476741246,0.0857427506133412,0.0580486));
#3497=CARTESIAN_POINT('',(-0.00733175476741246,0.0857427506133412,0.0580486));
#3498=CARTESIAN_POINT('',(-0.00465291499143126,0.0895282102478213,0.0580486));
#3499=CARTESIAN_POINT('',(-0.00486276290533921,0.0823097698967532,0.0580486));
#3500=CARTESIAN_POINT('',(-0.00239377104326597,0.0788767891801653,0.0580486));
#3501=CARTESIAN_POINT('',(-0.00239377104326597,0.0788767891801653,0.0580486));
#3502=CARTESIAN_POINT('',(-0.00486276290533921,0.0823097698967532,0.0580486));
#3503=CARTESIAN_POINT('',(-0.00347415991252644,0.0788767891801653,0.0580486));
#3504=CARTESIAN_POINT('',(-0.00455454878178691,0.0788767891801653,0.0580486));
#3505=CARTESIAN_POINT('',(-0.00455454878178691,0.0788767891801653,0.0580486));
#3506=CARTESIAN_POINT('',(-0.00347415991252644,0.0788767891801653,0.0580486));
#3507=CARTESIAN_POINT('',(-0.00650711804322731,0.0817097360179227,0.0580486));
#3508=CARTESIAN_POINT('',(-0.00845968730466771,0.08454268285568,0.0580486));
#3509=CARTESIAN_POINT('',(-0.00845968730466771,0.08454268285568,0.0580486));
#3510=CARTESIAN_POINT('',(-0.00650711804322731,0.0817097360179227,0.0580486));
#3511=CARTESIAN_POINT('',(-0.0104679974182399,0.0817097360179227,0.0580486));
#3512=CARTESIAN_POINT('',(-0.0124763075318121,0.0788767891801653,0.0580486));
#3513=CARTESIAN_POINT('',(-0.0124763075318121,0.0788767891801653,0.0580486));
#3514=CARTESIAN_POINT('',(-0.0104679974182399,0.0817097360179227,0.0580486));
#3515=CARTESIAN_POINT('',(-0.0135566964010726,0.0788767891801653,0.0580486));
#3516=CARTESIAN_POINT('',(-0.0146370852703331,0.0788767891801653,0.0580486));
#3517=CARTESIAN_POINT('',(-0.0146370852703331,0.0788767891801653,0.0580486));
#3518=CARTESIAN_POINT('',(-0.0135566964010726,0.0788767891801653,0.0580486));
#3519=CARTESIAN_POINT('',(-0.0121008764983362,0.0823441980701288,0.0580486));
#3520=CARTESIAN_POINT('',(-0.00956466772633928,0.0858116069600922,0.0580486));
#3521=CARTESIAN_POINT('',(-0.00956466772633928,0.0858116069600922,0.0580486));
#3522=CARTESIAN_POINT('',(-0.0121008764983362,0.0823441980701288,0.0580486));
#3523=CARTESIAN_POINT('',(-0.0123107244122441,0.0895626384211968,0.0580486));
#3524=CARTESIAN_POINT('',(-0.015056781098149,0.0933136698823015,0.0580486));
#3525=CARTESIAN_POINT('',(-0.015056781098149,0.0933136698823015,0.0580486));
#3526=CARTESIAN_POINT('',(-0.0123107244122441,0.0895626384211968,0.0580486));
#3527=CARTESIAN_POINT('',(-0.0139763922288885,0.0933136698823015,0.0580486));
#3528=CARTESIAN_POINT('',(-0.012896003359628,0.0933136698823015,0.0580486));
#3529=CARTESIAN_POINT('',(-0.012896003359628,0.0933136698823015,0.0580486));
#3530=CARTESIAN_POINT('',(-0.0139763922288885,0.0933136698823015,0.0580486));
#3531=CARTESIAN_POINT('',(-0.0106827636426301,0.0901577539895452,0.0580486));
#3532=CARTESIAN_POINT('',(-0.0106827636426301,0.0901577539895452,0.0580486));
#3533=CARTESIAN_POINT('',(-0.0204308550183854,0.0857591449816152,0.0580486));
#3534=CARTESIAN_POINT('',(0.000406387057943277,0.0860952295312334,0.0580486));
#3535=CARTESIAN_POINT('',(0.000406387057943277,0.0933136698823015,0.0580486));
#3536=CARTESIAN_POINT('',(0.000406387057943277,0.0933136698823015,0.0580486));
#3537=CARTESIAN_POINT('',(0.000406387057943277,0.0860952295312334,0.0580486));
#3538=CARTESIAN_POINT('',(0.000406387057943277,0.0788767891801653,0.0580486));
#3539=CARTESIAN_POINT('',(0.000406387057943277,0.0788767891801653,0.0580486));
#3540=CARTESIAN_POINT('',(0.00138513084390458,0.0933136698823015,0.0580486));
#3541=CARTESIAN_POINT('',(0.00236387462986589,0.0933136698823015,0.0580486));
#3542=CARTESIAN_POINT('',(0.00236387462986589,0.0933136698823015,0.0580486));
#3543=CARTESIAN_POINT('',(0.00138513084390458,0.0933136698823015,0.0580486));
#3544=CARTESIAN_POINT('',(0.00236387462986589,0.0860952295312334,0.0580486));
#3545=CARTESIAN_POINT('',(0.00236387462986589,0.0788767891801653,0.0580486));
#3546=CARTESIAN_POINT('',(0.00236387462986589,0.0788767891801653,0.0580486));
#3547=CARTESIAN_POINT('',(0.00236387462986589,0.0860952295312334,0.0580486));
#3548=CARTESIAN_POINT('',(0.00138513084390458,0.0788767891801653,0.0580486));
#3549=CARTESIAN_POINT('',(0.00138513084390458,0.0788767891801653,0.0580486));
#3550=CARTESIAN_POINT('',(-0.0204308550183854,0.0857591449816152,0.0580486));
#3551=CARTESIAN_POINT('',(-0.0324971100680927,0.0859460407799395,0.0580486));
#3552=CARTESIAN_POINT('',(-0.0324971100680927,0.0859460407799395,0.0577946));
#3553=CARTESIAN_POINT('',(-0.0324971100680927,0.0841557757644122,0.0580486));
#3554=CARTESIAN_POINT('',(-0.0324971100680927,0.0841557757644122,0.0577946));
#3555=CARTESIAN_POINT('',(-0.0329873016794871,0.0827912178450681,0.0580486));
#3556=CARTESIAN_POINT('',(-0.0329873016794871,0.0827912178450681,0.0577946));
#3557=CARTESIAN_POINT('',(-0.0339676849022758,0.081852367021907,0.0580486));
#3558=CARTESIAN_POINT('',(-0.0339676849022758,0.081852367021907,0.0577946));
#3559=CARTESIAN_POINT('',(-0.0324971100680927,0.0859460407799395,0.0577946));
#3560=CARTESIAN_POINT('',(-0.0324971100680927,0.0832606432566486,0.0577946));
#3561=CARTESIAN_POINT('',(-0.0339676849022758,0.081852367021907,0.0577946));
#3562=CARTESIAN_POINT('',(-0.0324971100680927,0.0859460407799395,0.0577946));
#3563=CARTESIAN_POINT('',(-0.0339676849022758,0.081852367021907,0.0577946));
#3564=CARTESIAN_POINT('',(-0.0324971100680927,0.0859460407799395,0.0580486));
#3565=CARTESIAN_POINT('',(-0.0324971100680927,0.0859460407799395,0.0580486));
#3566=CARTESIAN_POINT('',(-0.0324971100680927,0.0859460407799395,0.0580486));
#3567=CARTESIAN_POINT('',(-0.0324971100680927,0.0832606432566486,0.0580486));
#3568=CARTESIAN_POINT('',(-0.0339676849022758,0.081852367021907,0.0580486));
#3569=CARTESIAN_POINT('',(-0.0339676849022758,0.081852367021907,0.0580486));
#3570=CARTESIAN_POINT('',(-0.0339676849022758,0.081852367021907,0.0580486));
#3571=CARTESIAN_POINT('',(-0.0331430481780906,0.0890412975100818,0.0580486));
#3572=CARTESIAN_POINT('',(-0.0331430481780906,0.0890412975100818,0.0577946));
#3573=CARTESIAN_POINT('',(-0.0327124227714253,0.088166931202132,0.0580486));
#3574=CARTESIAN_POINT('',(-0.0327124227714253,0.088166931202132,0.0577946));
#3575=CARTESIAN_POINT('',(-0.0324971100680927,0.0871351789587512,0.0580486));
#3576=CARTESIAN_POINT('',(-0.0324971100680927,0.0871351789587512,0.0577946));
#3577=CARTESIAN_POINT('',(-0.0324971100680927,0.0859460407799395,0.0580486));
#3578=CARTESIAN_POINT('',(-0.0324971100680927,0.0859460407799395,0.0577946));
#3579=CARTESIAN_POINT('',(-0.0331430481780906,0.0890412975100818,0.0577946));
#3580=CARTESIAN_POINT('',(-0.0324971100680927,0.0877297480481571,0.0577946));
#3581=CARTESIAN_POINT('',(-0.0324971100680927,0.0859460407799395,0.0577946));
#3582=CARTESIAN_POINT('',(-0.0331430481780906,0.0890412975100818,0.0577946));
#3583=CARTESIAN_POINT('',(-0.0331430481780906,0.0890412975100818,0.0580486));
#3584=CARTESIAN_POINT('',(-0.0331430481780906,0.0890412975100818,0.0580486));
#3585=CARTESIAN_POINT('',(-0.0331430481780906,0.0890412975100818,0.0580486));
#3586=CARTESIAN_POINT('',(-0.0324971100680927,0.0877297480481571,0.0580486));
#3587=CARTESIAN_POINT('',(-0.0324971100680927,0.0859460407799395,0.0580486));
#3588=CARTESIAN_POINT('',(-0.0349923329194044,0.091049607623654,0.0580486));
#3589=CARTESIAN_POINT('',(-0.0349923329194044,0.091049607623654,0.0577946));
#3590=CARTESIAN_POINT('',(-0.0341901018318605,0.0905851005225557,0.0580486));
#3591=CARTESIAN_POINT('',(-0.0341901018318605,0.0905851005225557,0.0577946));
#3592=CARTESIAN_POINT('',(-0.0335736735847559,0.0899156638180316,0.0580486));
#3593=CARTESIAN_POINT('',(-0.0335736735847559,0.0899156638180316,0.0577946));
#3594=CARTESIAN_POINT('',(-0.0331430481780906,0.0890412975100818,0.0580486));
#3595=CARTESIAN_POINT('',(-0.0331430481780906,0.0890412975100818,0.0577946));
#3596=CARTESIAN_POINT('',(-0.0349923329194044,0.091049607623654,0.0577946));
#3597=CARTESIAN_POINT('',(-0.0337889862880885,0.0903528469720065,0.0577946));
#3598=CARTESIAN_POINT('',(-0.0331430481780906,0.0890412975100818,0.0577946));
#3599=CARTESIAN_POINT('',(-0.0349923329194044,0.091049607623654,0.0577946));
#3600=CARTESIAN_POINT('',(-0.0349923329194044,0.091049607623654,0.0580486));
#3601=CARTESIAN_POINT('',(-0.0349923329194044,0.091049607623654,0.0580486));
#3602=CARTESIAN_POINT('',(-0.0349923329194044,0.091049607623654,0.0580486));
#3603=CARTESIAN_POINT('',(-0.0337889862880885,0.0903528469720065,0.0580486));
#3604=CARTESIAN_POINT('',(-0.0331430481780906,0.0890412975100818,0.0580486));
#3605=CARTESIAN_POINT('',(-0.0377859332733041,0.0917463682753015,0.0580486));
#3606=CARTESIAN_POINT('',(-0.0377859332733041,0.0917463682753015,0.0577946));
#3607=CARTESIAN_POINT('',(-0.0367257641249149,0.0917463682753015,0.0580486));
#3608=CARTESIAN_POINT('',(-0.0367257641249149,0.0917463682753015,0.0577946));
#3609=CARTESIAN_POINT('',(-0.0357945640069484,0.0915141147247523,0.0580486));
#3610=CARTESIAN_POINT('',(-0.0357945640069484,0.0915141147247523,0.0577946));
#3611=CARTESIAN_POINT('',(-0.0349923329194044,0.091049607623654,0.0580486));
#3612=CARTESIAN_POINT('',(-0.0349923329194044,0.091049607623654,0.0577946));
#3613=CARTESIAN_POINT('',(-0.0377859332733041,0.0917463682753015,0.0577946));
#3614=CARTESIAN_POINT('',(-0.0361956795507204,0.0917463682753015,0.0577946));
#3615=CARTESIAN_POINT('',(-0.0349923329194044,0.091049607623654,0.0577946));
#3616=CARTESIAN_POINT('',(-0.0377859332733041,0.0917463682753015,0.0577946));
#3617=CARTESIAN_POINT('',(-0.0377859332733041,0.0917463682753015,0.0580486));
#3618=CARTESIAN_POINT('',(-0.0377859332733041,0.0917463682753015,0.0580486));
#3619=CARTESIAN_POINT('',(-0.0377859332733041,0.0917463682753015,0.0580486));
#3620=CARTESIAN_POINT('',(-0.0361956795507204,0.0917463682753015,0.0580486));
#3621=CARTESIAN_POINT('',(-0.0349923329194044,0.091049607623654,0.0580486));
#3622=CARTESIAN_POINT('',(-0.0393942208009892,0.0917463682753015,0.0580486));
#3623=CARTESIAN_POINT('',(-0.0393942208009892,0.0917463682753015,0.0577946));
#3624=CARTESIAN_POINT('',(-0.0410025083286743,0.0917463682753015,0.0577946));
#3625=CARTESIAN_POINT('',(-0.0410025083286743,0.0917463682753015,0.0580486));
#3626=CARTESIAN_POINT('',(-0.0410025083286743,0.0917463682753015,0.0580486));
#3627=CARTESIAN_POINT('',(-0.0393942208009892,0.0917463682753015,0.0580486));
#3628=CARTESIAN_POINT('',(-0.0410025083286743,0.0860952295312334,0.0580486));
#3629=CARTESIAN_POINT('',(-0.0410025083286743,0.0860952295312334,0.0577946));
#3630=CARTESIAN_POINT('',(-0.0410025083286743,0.0804440907871654,0.0577946));
#3631=CARTESIAN_POINT('',(-0.0410025083286743,0.0804440907871654,0.0580486));
#3632=CARTESIAN_POINT('',(-0.0410025083286743,0.0804440907871654,0.0580486));
#3633=CARTESIAN_POINT('',(-0.0410025083286743,0.0860952295312334,0.0580486));
#3634=CARTESIAN_POINT('',(-0.0396139053358616,0.0804440907871653,0.0580486));
#3635=CARTESIAN_POINT('',(-0.0396139053358616,0.0804440907871653,0.0577946));
#3636=CARTESIAN_POINT('',(-0.0382253023430488,0.0804440907871653,0.0577946));
#3637=CARTESIAN_POINT('',(-0.0382253023430488,0.0804440907871653,0.0580486));
#3638=CARTESIAN_POINT('',(-0.0382253023430488,0.0804440907871653,0.0580486));
#3639=CARTESIAN_POINT('',(-0.0396139053358616,0.0804440907871653,0.0580486));
#3640=CARTESIAN_POINT('',(-0.0305297858752057,0.0859460407799395,0.0580486));
#3641=CARTESIAN_POINT('',(-0.0305297858752057,0.0859460407799395,0.0577946));
#3642=CARTESIAN_POINT('',(-0.0305297858752057,0.087434649419224,0.0580486));
#3643=CARTESIAN_POINT('',(-0.0305297858752057,0.087434649419224,0.0577946));
#3644=CARTESIAN_POINT('',(-0.030820512672599,0.0887374552180692,0.0580486));
#3645=CARTESIAN_POINT('',(-0.030820512672599,0.0887374552180692,0.0577946));
#3646=CARTESIAN_POINT('',(-0.0314019662673855,0.0898544581764751,0.0580486));
#3647=CARTESIAN_POINT('',(-0.0314019662673855,0.0898544581764751,0.0577946));
#3648=CARTESIAN_POINT('',(-0.0305297858752057,0.0859460407799395,0.0580486));
#3649=CARTESIAN_POINT('',(-0.0305297858752057,0.0859460407799395,0.0580486));
#3650=CARTESIAN_POINT('',(-0.0305297858752057,0.0859460407799395,0.0580486));
#3651=CARTESIAN_POINT('',(-0.0305297858752057,0.0881789537388663,0.0580486));
#3652=CARTESIAN_POINT('',(-0.0314019662673855,0.0898544581764751,0.0580486));
#3653=CARTESIAN_POINT('',(-0.0314019662673855,0.0898544581764751,0.0580486));
#3654=CARTESIAN_POINT('',(-0.0314019662673855,0.0898544581764751,0.0580486));
#3655=CARTESIAN_POINT('',(-0.0325233410573312,0.0807162373005147,0.0580486));
#3656=CARTESIAN_POINT('',(-0.0325233410573312,0.0807162373005147,0.0577946));
#3657=CARTESIAN_POINT('',(-0.0311943042692475,0.0819425360474143,0.0580486));
#3658=CARTESIAN_POINT('',(-0.0311943042692475,0.0819425360474143,0.0577946));
#3659=CARTESIAN_POINT('',(-0.0305297858752057,0.0836858038738892,0.0580486));
#3660=CARTESIAN_POINT('',(-0.0305297858752057,0.0836858038738892,0.0577946));
#3661=CARTESIAN_POINT('',(-0.0305297858752057,0.0859460407799395,0.0580486));
#3662=CARTESIAN_POINT('',(-0.0305297858752057,0.0859460407799395,0.0577946));
#3663=CARTESIAN_POINT('',(-0.0325233410573312,0.0807162373005147,0.0580486));
#3664=CARTESIAN_POINT('',(-0.0325233410573312,0.0807162373005147,0.0580486));
#3665=CARTESIAN_POINT('',(-0.0325233410573312,0.0807162373005147,0.0580486));
#3666=CARTESIAN_POINT('',(-0.0305297858752057,0.0825556854208641,0.0580486));
#3667=CARTESIAN_POINT('',(-0.0305297858752057,0.0859460407799395,0.0580486));
#3668=CARTESIAN_POINT('',(-0.0381859558591911,0.0788767891801653,0.0580486));
#3669=CARTESIAN_POINT('',(-0.0381859558591911,0.0788767891801653,0.0577946));
#3670=CARTESIAN_POINT('',(-0.0357399161127015,0.0788767891801653,0.0580486));
#3671=CARTESIAN_POINT('',(-0.0357399161127015,0.0788767891801653,0.0577946));
#3672=CARTESIAN_POINT('',(-0.0338523778454149,0.0794899385536151,0.0580486));
#3673=CARTESIAN_POINT('',(-0.0338523778454149,0.0794899385536151,0.0577946));
#3674=CARTESIAN_POINT('',(-0.0325233410573312,0.0807162373005147,0.0580486));
#3675=CARTESIAN_POINT('',(-0.0325233410573312,0.0807162373005147,0.0577946));
#3676=CARTESIAN_POINT('',(-0.0381859558591911,0.0788767891801653,0.0580486));
#3677=CARTESIAN_POINT('',(-0.0381859558591911,0.0788767891801653,0.0580486));
#3678=CARTESIAN_POINT('',(-0.0381859558591911,0.0788767891801653,0.0580486));
#3679=CARTESIAN_POINT('',(-0.0345168962394568,0.0788767891801653,0.0580486));
#3680=CARTESIAN_POINT('',(-0.0325233410573312,0.0807162373005147,0.0580486));
#3681=CARTESIAN_POINT('',(-0.0405729758798941,0.0788767891801653,0.0580486));
#3682=CARTESIAN_POINT('',(-0.042959995900597,0.0788767891801653,0.0580486));
#3683=CARTESIAN_POINT('',(-0.042959995900597,0.0788767891801653,0.0580486));
#3684=CARTESIAN_POINT('',(-0.0405729758798941,0.0788767891801653,0.0580486));
#3685=CARTESIAN_POINT('',(-0.042959995900597,0.0860952295312334,0.0580486));
#3686=CARTESIAN_POINT('',(-0.042959995900597,0.0933136698823015,0.0580486));
#3687=CARTESIAN_POINT('',(-0.042959995900597,0.0933136698823015,0.0580486));
#3688=CARTESIAN_POINT('',(-0.042959995900597,0.0860952295312334,0.0580486));
#3689=CARTESIAN_POINT('',(-0.0402598434458595,0.0933136698823015,0.0580486));
#3690=CARTESIAN_POINT('',(-0.037559690991122,0.0933136698823015,0.0580486));
#3691=CARTESIAN_POINT('',(-0.037559690991122,0.0933136698823015,0.0580486));
#3692=CARTESIAN_POINT('',(-0.0402598434458595,0.0933136698823015,0.0580486));
#3693=CARTESIAN_POINT('',(-0.0338725975662862,0.0924218162481927,0.0580486));
#3694=CARTESIAN_POINT('',(-0.0338725975662862,0.0924218162481927,0.0577946));
#3695=CARTESIAN_POINT('',(-0.0349382315041,0.0930163853375986,0.0580486));
#3696=CARTESIAN_POINT('',(-0.0349382315041,0.0930163853375986,0.0577946));
#3697=CARTESIAN_POINT('',(-0.036167262645712,0.0933136698823015,0.0580486));
#3698=CARTESIAN_POINT('',(-0.036167262645712,0.0933136698823015,0.0577946));
#3699=CARTESIAN_POINT('',(-0.037559690991122,0.0933136698823015,0.0580486));
#3700=CARTESIAN_POINT('',(-0.037559690991122,0.0933136698823015,0.0577946));
#3701=CARTESIAN_POINT('',(-0.0338725975662862,0.0924218162481927,0.0580486));
#3702=CARTESIAN_POINT('',(-0.0338725975662862,0.0924218162481927,0.0580486));
#3703=CARTESIAN_POINT('',(-0.0338725975662862,0.0924218162481927,0.0580486));
#3704=CARTESIAN_POINT('',(-0.035471048473007,0.0933136698823015,0.0580486));
#3705=CARTESIAN_POINT('',(-0.037559690991122,0.0933136698823015,0.0580486));
#3706=CARTESIAN_POINT('',(-0.0314019662673855,0.0898544581764751,0.0580486));
#3707=CARTESIAN_POINT('',(-0.0314019662673855,0.0898544581764751,0.0577946));
#3708=CARTESIAN_POINT('',(-0.0319834198621722,0.090971461134881,0.0580486));
#3709=CARTESIAN_POINT('',(-0.0319834198621722,0.090971461134881,0.0577946));
#3710=CARTESIAN_POINT('',(-0.0328069636284724,0.0918272471587868,0.0580486));
#3711=CARTESIAN_POINT('',(-0.0328069636284724,0.0918272471587868,0.0577946));
#3712=CARTESIAN_POINT('',(-0.0338725975662862,0.0924218162481927,0.0580486));
#3713=CARTESIAN_POINT('',(-0.0338725975662862,0.0924218162481927,0.0577946));
#3714=CARTESIAN_POINT('',(-0.0314019662673855,0.0898544581764751,0.0580486));
#3715=CARTESIAN_POINT('',(-0.0322741466595655,0.0915299626140839,0.0580486));
#3716=CARTESIAN_POINT('',(-0.0338725975662862,0.0924218162481927,0.0580486));
#3717=CARTESIAN_POINT('',(-0.0339676849022758,0.081852367021907,0.0580486));
#3718=CARTESIAN_POINT('',(-0.0339676849022758,0.081852367021907,0.0577946));
#3719=CARTESIAN_POINT('',(-0.0349480681250645,0.0809135161987459,0.0580486));
#3720=CARTESIAN_POINT('',(-0.0349480681250645,0.0809135161987459,0.0577946));
#3721=CARTESIAN_POINT('',(-0.0363672739386555,0.0804440907871653,0.0580486));
#3722=CARTESIAN_POINT('',(-0.0363672739386555,0.0804440907871653,0.0577946));
#3723=CARTESIAN_POINT('',(-0.0382253023430488,0.0804440907871653,0.0580486));
#3724=CARTESIAN_POINT('',(-0.0382253023430488,0.0804440907871653,0.0577946));
#3725=CARTESIAN_POINT('',(-0.0339676849022758,0.081852367021907,0.0577946));
#3726=CARTESIAN_POINT('',(-0.0354382597364589,0.0804440907871653,0.0577946));
#3727=CARTESIAN_POINT('',(-0.0382253023430488,0.0804440907871653,0.0577946));
#3728=CARTESIAN_POINT('',(-0.0339676849022758,0.081852367021907,0.0580486));
#3729=CARTESIAN_POINT('',(-0.0354382597364589,0.0804440907871653,0.0580486));
#3730=CARTESIAN_POINT('',(-0.0382253023430488,0.0804440907871653,0.0580486));
#3731=CARTESIAN_POINT('',(-0.0204308550183854,0.0857591449816152,0.0580486));
#3732=CARTESIAN_POINT('',(-0.0204308425183855,0.0857591449816152,0.0577946));
#3733=CARTESIAN_POINT('',(-0.0204308550183855,0.0857591449816152,0.0610000038));
#3734=CARTESIAN_POINT('',(-0.0204308550183854,0.100961349781615,0.0610000038));
#3735=CARTESIAN_POINT('',(-0.0204308550183854,0.100961349781615,0.0610000038));
#3736=CARTESIAN_POINT('',(-0.0178908550183854,0.100961349781615,0.0614765425837673));
#3737=CARTESIAN_POINT('',(-0.0204308550183855,0.0705569401816152,0.0610000038));
#3738=CARTESIAN_POINT('',(-0.0204308550183855,0.0705569401816152,0.0614765425837673));
#3739=CARTESIAN_POINT('',(-0.0204308550183855,0.0705569401816152,0.0610000038));
#3740=CARTESIAN_POINT('',(-0.0204308550183855,0.0857591449816152,0.0610000038));
#3741=CARTESIAN_POINT('',(0.010685521312558,0.0757319556118012,0.0577946));
#3742=CARTESIAN_POINT('',(0.010685521312558,0.0757319556118012,0.0620872));
#3743=CARTESIAN_POINT('',(0.0149390842363164,0.0751543595473859,0.0620872));
#3744=CARTESIAN_POINT('',(0.0149390842363164,0.0751543595473859,0.0620872));
#3745=CARTESIAN_POINT('',(0.0149282002958155,0.0750742074677042,0.0623635205214027));
#3746=CARTESIAN_POINT('',(0.0149105561051623,0.0749600218981272,0.0626249054771761));
#3747=CARTESIAN_POINT('',(0.0148802394861763,0.0748204984247011,0.0628746));
#3748=CARTESIAN_POINT('',(0.010685521312558,0.0957863343514292,0.0577946));
#3749=CARTESIAN_POINT('',(0.0148802394861763,0.096697791538529,0.0628746));
#3750=CARTESIAN_POINT('',(0.0149105561051623,0.096558268065103,0.0626249054771761));
#3751=CARTESIAN_POINT('',(0.0149282002958157,0.0964440824955249,0.0623635205214035));
#3752=CARTESIAN_POINT('',(0.0149390842363166,0.0963639304158428,0.062087200000001));
#3753=CARTESIAN_POINT('',(0.0149390842363164,0.0963639304158445,0.0620872));
#3754=CARTESIAN_POINT('',(0.010685521312558,0.0957863343514292,0.0620872));
#3755=CARTESIAN_POINT('',(-0.0515472313493289,0.0757319556118012,0.0577946));
#3756=CARTESIAN_POINT('',(-0.0557419495229473,0.0748204984247014,0.0628746));
#3757=CARTESIAN_POINT('',(-0.0557722661419333,0.0749600218981275,0.0626249054771759));
#3758=CARTESIAN_POINT('',(-0.0557899103325867,0.0750742074677058,0.0623635205214028));
#3759=CARTESIAN_POINT('',(-0.0558007942730876,0.0751543595473879,0.0620872));
#3760=CARTESIAN_POINT('',(-0.0558007942730876,0.0751543595473879,0.0620872));
#3761=CARTESIAN_POINT('',(-0.0515472313493289,0.0757319556118012,0.0620872));
#3762=CARTESIAN_POINT('',(-0.0515472313493288,0.0957863343514292,0.0577946));
#3763=CARTESIAN_POINT('',(-0.0515472313493288,0.0957863343514292,0.0620872));
#3764=CARTESIAN_POINT('',(-0.0558007942730875,0.0963639304158425,0.0620872));
#3765=CARTESIAN_POINT('',(-0.0558007942730875,0.0963639304158425,0.0620872));
#3766=CARTESIAN_POINT('',(-0.0557899103325866,0.0964440824955246,0.0623635205214029));
#3767=CARTESIAN_POINT('',(-0.0557722661419332,0.0965582680651031,0.0626249054771759));
#3768=CARTESIAN_POINT('',(-0.0557419495229471,0.0966977915385293,0.0628746));
#3769=CARTESIAN_POINT('',(-0.0501439629306893,0.0957863343514292,0.0620872));
#3770=CARTESIAN_POINT('',(-0.0515472313493288,0.0957863343514292,0.0620872));
#3771=CARTESIAN_POINT('',(-0.0239868550183854,0.0996880363521458,0.0602974692220325));
#3772=CARTESIAN_POINT('',(-0.023717652451425,0.0996880363521458,0.0602974692220325));
#3773=CARTESIAN_POINT('',(-0.0231897204699131,0.0997881479988678,0.0604967740174712));
#3774=CARTESIAN_POINT('',(-0.0229708550183854,0.0999485651324802,0.0610033505364998));
#3775=CARTESIAN_POINT('',(-0.0229708550183854,0.0999999671888733,0.0612676189660484));
#3776=CARTESIAN_POINT('',(-0.0229708550183854,0.0985594746652251,0.0588106));
#3777=CARTESIAN_POINT('',(-0.0229708550183854,0.0981465964093759,0.0584611617603659));
#3778=CARTESIAN_POINT('',(-0.022655849490194,0.0972309267997596,0.0579533060849474));
#3779=CARTESIAN_POINT('',(-0.0221881931782631,0.0962659577619737,0.0577946));
#3780=CARTESIAN_POINT('',(-0.0219548550183854,0.0957863343514292,0.0577946));
#3781=CARTESIAN_POINT('',(-0.0515472313493288,0.0957863343514292,0.0620872));
#3782=CARTESIAN_POINT('',(-0.0515472313493288,0.0957863343514292,0.0620872));
#3783=CARTESIAN_POINT('',(-0.0556317295820958,0.0957863343514293,0.0607668633207689));
#3784=CARTESIAN_POINT('',(-0.0558007942730875,0.0963639304158425,0.0620872));
#3785=CARTESIAN_POINT('',(-0.0558192738969773,0.0962278418102136,0.0616180409387065));
#3786=CARTESIAN_POINT('',(-0.0557596995188038,0.0960357973227097,0.0611627418785284));
#3787=CARTESIAN_POINT('',(-0.0556317295820958,0.0957863343514292,0.0607668633207688));
#3788=CARTESIAN_POINT('',(-0.0515472313493289,0.0857591449816151,0.0620872));
#3789=CARTESIAN_POINT('',(-0.055442535355392,0.0857591449816151,0.0602835865546219));
#3790=CARTESIAN_POINT('',(-0.055442535355392,0.0770019556118012,0.0602835865546219));
#3791=CARTESIAN_POINT('',(-0.0554425353553919,0.0945163343514293,0.0602835865546219));
#3792=CARTESIAN_POINT('',(-0.0554425353553919,0.0945163343514293,0.0602835865546219));
#3793=CARTESIAN_POINT('',(-0.0554425353553919,0.0949881718087483,0.0602835865546219));
#3794=CARTESIAN_POINT('',(-0.0555373010608396,0.0954300653002938,0.06047474606442));
#3795=CARTESIAN_POINT('',(-0.0556317295820958,0.0957863343514293,0.0607668633207689));
#3796=CARTESIAN_POINT('',(-0.0515472313493289,0.0757319556118012,0.0620872));
#3797=CARTESIAN_POINT('',(-0.0556317295820959,0.0757319556118012,0.0607668633207688));
#3798=CARTESIAN_POINT('',(-0.0556317295820959,0.0757319556118012,0.0607668633207688));
#3799=CARTESIAN_POINT('',(-0.0555374931570018,0.0760874999039711,0.0604753403192391));
#3800=CARTESIAN_POINT('',(-0.055442535355392,0.0765311247673988,0.0602835865546219));
#3801=CARTESIAN_POINT('',(-0.055442535355392,0.0770019556118012,0.0602835865546219));
#3802=CARTESIAN_POINT('',(-0.0515472313493289,0.0757319556118012,0.0620872));
#3803=CARTESIAN_POINT('',(-0.0558007942730876,0.0751543595473879,0.0620872));
#3804=CARTESIAN_POINT('',(-0.0558192738969774,0.0752904481530168,0.0616180409387065));
#3805=CARTESIAN_POINT('',(-0.0557596995187934,0.0754824926404637,0.0611627418784959));
#3806=CARTESIAN_POINT('',(-0.0556317295820959,0.0757319556118012,0.0607668633207689));
#3807=CARTESIAN_POINT('',(-0.0515472313493289,0.0757319556118012,0.0620872));
#3808=CARTESIAN_POINT('',(-0.0204308425183855,0.0757319556118012,0.0620872));
#3809=CARTESIAN_POINT('',(-0.0229708550183854,0.0729588152980053,0.0588106));
#3810=CARTESIAN_POINT('',(-0.0229708550183854,0.0733716935538545,0.0584611617603659));
#3811=CARTESIAN_POINT('',(-0.022655849490194,0.0742873631634708,0.0579533060849474));
#3812=CARTESIAN_POINT('',(-0.0221881931782631,0.0752523322012567,0.0577946));
#3813=CARTESIAN_POINT('',(-0.0219548550183854,0.0757319556118012,0.0577946));
#3814=CARTESIAN_POINT('',(-0.0229708550183854,0.0715183227743571,0.0612676189660484));
#3815=CARTESIAN_POINT('',(-0.0229708550183854,0.0715697169937735,0.0610033908279915));
#3816=CARTESIAN_POINT('',(-0.023188644607717,0.0717297682717585,0.0604977561847236));
#3817=CARTESIAN_POINT('',(-0.0237176762782595,0.0718302536110846,0.0602974692220325));
#3818=CARTESIAN_POINT('',(-0.0239868550183854,0.0718302536110846,0.0602974692220325));
#3819=CARTESIAN_POINT('',(-0.00866507476521749,0.0957863343514292,0.0620872));
#3820=CARTESIAN_POINT('',(0.010685521312558,0.0957863343514292,0.0620872));
#3821=CARTESIAN_POINT('',(-0.0178908550183854,0.0985594746652251,0.0588106));
#3822=CARTESIAN_POINT('',(-0.0178908550183854,0.0981465964093759,0.0584611617603659));
#3823=CARTESIAN_POINT('',(-0.018205860546576,0.0972309267997592,0.0579533060849474));
#3824=CARTESIAN_POINT('',(-0.0186735168585093,0.0962659577619745,0.0577946));
#3825=CARTESIAN_POINT('',(-0.0189068550183854,0.0957863343514292,0.0577946));
#3826=CARTESIAN_POINT('',(-0.0178908550183854,0.0999999671888733,0.0612676189660484));
#3827=CARTESIAN_POINT('',(-0.0178908550183854,0.0999485729694569,0.0610033908279915));
#3828=CARTESIAN_POINT('',(-0.0176730654290538,0.0997885216914719,0.0604977561847236));
#3829=CARTESIAN_POINT('',(-0.0171440337585113,0.0996880363521458,0.0602974692220325));
#3830=CARTESIAN_POINT('',(-0.0168748550183854,0.0996880363521458,0.0602974692220325));
#3831=CARTESIAN_POINT('',(0.010685521312558,0.0957863343514292,0.0620872));
#3832=CARTESIAN_POINT('',(0.0149390842363164,0.0963639304158445,0.0620872));
#3833=CARTESIAN_POINT('',(0.0149575638602062,0.096227841810216,0.061618040938706));
#3834=CARTESIAN_POINT('',(0.0148979894820281,0.0960357973227368,0.0611627418785132));
#3835=CARTESIAN_POINT('',(0.014770019545325,0.0957863343514292,0.0607668633207689));
#3836=CARTESIAN_POINT('',(0.014770019545325,0.0957863343514292,0.0607668633207689));
#3837=CARTESIAN_POINT('',(0.010685521312558,0.0957863343514292,0.0620872));
#3838=CARTESIAN_POINT('',(0.010685521312558,0.0857591449816152,0.0620872));
#3839=CARTESIAN_POINT('',(0.0145808253186211,0.0857591449816152,0.0602835865546219));
#3840=CARTESIAN_POINT('',(0.0145808253186211,0.0945163343514293,0.0602835865546219));
#3841=CARTESIAN_POINT('',(0.0145808253186211,0.0770019556118012,0.0602835865546219));
#3842=CARTESIAN_POINT('',(0.0145808253186211,0.0770019556118012,0.0602835865546219));
#3843=CARTESIAN_POINT('',(0.0145808253186211,0.0765301181544822,0.0602835865546219));
#3844=CARTESIAN_POINT('',(0.0146755910240688,0.0760882246629367,0.06047474606442));
#3845=CARTESIAN_POINT('',(0.014770019545325,0.0757319556118012,0.0607668633207689));
#3846=CARTESIAN_POINT('',(0.014770019545325,0.0757319556118012,0.0607668633207689));
#3847=CARTESIAN_POINT('',(0.010685521312558,0.0757319556118012,0.0620872));
#3848=CARTESIAN_POINT('',(0.014770019545325,0.0957863343514292,0.0607668633207689));
#3849=CARTESIAN_POINT('',(0.0146757831202309,0.0954307900592593,0.0604753403192392));
#3850=CARTESIAN_POINT('',(0.0145808253186211,0.0949871651958317,0.0602835865546219));
#3851=CARTESIAN_POINT('',(0.0145808253186211,0.0945163343514293,0.0602835865546219));
#3852=CARTESIAN_POINT('',(0.010685521312558,0.0757319556118012,0.0620872));
#3853=CARTESIAN_POINT('',(0.0149390842363164,0.0751543595473859,0.0620872));
#3854=CARTESIAN_POINT('',(0.0149575638602062,0.0752904481530144,0.061618040938706));
#3855=CARTESIAN_POINT('',(0.0148979894820281,0.0754824926404939,0.0611627418785134));
#3856=CARTESIAN_POINT('',(0.014770019545325,0.0757319556118012,0.0607668633207689));
#3857=CARTESIAN_POINT('',(0.010685521312558,0.0757319556118012,0.0620872));
#3858=CARTESIAN_POINT('',(-0.0204308425183855,0.0757319556118012,0.0620872));
#3859=CARTESIAN_POINT('',(-0.0168748550183854,0.0718302536110846,0.0602974692220325));
#3860=CARTESIAN_POINT('',(-0.0171440575853458,0.0718302536110846,0.0602974692220325));
#3861=CARTESIAN_POINT('',(-0.0176719895668578,0.0717301419643626,0.0604967740174712));
#3862=CARTESIAN_POINT('',(-0.0178908550183854,0.0715697248307502,0.0610033505364998));
#3863=CARTESIAN_POINT('',(-0.0178908550183854,0.0715183227743571,0.0612676189660484));
#3864=CARTESIAN_POINT('',(-0.0178908550183854,0.0729588152980053,0.0588106));
#3865=CARTESIAN_POINT('',(-0.0178908550183854,0.0733716935538545,0.0584611617603659));
#3866=CARTESIAN_POINT('',(-0.018205860546576,0.0742873631634712,0.0579533060849474));
#3867=CARTESIAN_POINT('',(-0.0186735168585093,0.0752523322012559,0.0577946));
#3868=CARTESIAN_POINT('',(-0.0189068550183854,0.0757319556118012,0.0577946));
#3869=CARTESIAN_POINT('',(-0.298056556316179,0.0857591449816152,0.0620872));
#3870=CARTESIAN_POINT('',(-0.0558398313493288,0.0945163343514293,0.0620872));
#3871=CARTESIAN_POINT('',(-0.0413508819648932,0.0945163343514293,0.0620872));
#3872=CARTESIAN_POINT('',(-0.0542900785488644,0.0945163343514293,0.0620872));
#3873=CARTESIAN_POINT('',(-0.0542900785488644,0.0770019556118012,0.0620872));
#3874=CARTESIAN_POINT('',(-0.0542900785488644,0.0770019556118012,0.0620872));
#3875=CARTESIAN_POINT('',(-0.0408217376072979,0.0770019556118012,0.0620872));
#3876=CARTESIAN_POINT('',(-0.0413508819648932,0.0770019556118012,0.0620872));
#3877=CARTESIAN_POINT('',(-0.0413508819648932,0.0857591449816152,0.0620872));
#3878=CARTESIAN_POINT('',(-0.298056556316179,0.0857591449816152,0.0620872));
#3879=CARTESIAN_POINT('',(0.014978121312558,0.0770019556118012,0.0620872));
#3880=CARTESIAN_POINT('',(0.000489171928122395,0.0770019556118012,0.0620872));
#3881=CARTESIAN_POINT('',(0.0134283685120935,0.0770019556118012,0.0620872));
#3882=CARTESIAN_POINT('',(0.0134283685120935,0.0945163343514293,0.0620872));
#3883=CARTESIAN_POINT('',(0.0134283685120935,0.0945163343514293,0.0620872));
#3884=CARTESIAN_POINT('',(-3.99724294727899E-5,0.0945163343514293,0.0620872));
#3885=CARTESIAN_POINT('',(0.000489171928122396,0.0945163343514293,0.0620872));
#3886=CARTESIAN_POINT('',(0.000489171928122423,0.0857591449816152,0.0620872));
#3887=CARTESIAN_POINT('',(-0.298056556316179,0.0945163343514293,0.0633572));
#3888=CARTESIAN_POINT('',(-0.0545544240135923,0.0956910671891417,0.0628746));
#3889=CARTESIAN_POINT('',(-0.0546499367557821,0.0954975026412331,0.0624034300235286));
#3890=CARTESIAN_POINT('',(-0.0542900785488644,0.0950332913998599,0.0620872));
#3891=CARTESIAN_POINT('',(-0.0542900785488644,0.0945163343514293,0.0620872));
#3892=CARTESIAN_POINT('',(-0.0413508819648932,0.0945163343514293,0.0620872));
#3893=CARTESIAN_POINT('',(-0.0413508819648932,0.0946851800806098,0.0620872));
#3894=CARTESIAN_POINT('',(-0.04150373027039,0.0949940295629938,0.0621569486492411));
#3895=CARTESIAN_POINT('',(-0.0419704732324563,0.09540367754896,0.0624027661353155));
#3896=CARTESIAN_POINT('',(-0.0423549840664996,0.0956033478799434,0.0626610758536744));
#3897=CARTESIAN_POINT('',(-0.042595999220219,0.0956910671891417,0.0628746));
#3898=CARTESIAN_POINT('',(-0.298056556316179,0.0770019556118012,0.0633572));
#3899=CARTESIAN_POINT('',(-0.0542900785488644,0.0770019556118012,0.0620872));
#3900=CARTESIAN_POINT('',(-0.0542900785488644,0.0767433011078593,0.0620872));
#3901=CARTESIAN_POINT('',(-0.0544529880125259,0.076262659560605,0.0622368283399261));
#3902=CARTESIAN_POINT('',(-0.0546020890042781,0.0759238198580129,0.062639465796699));
#3903=CARTESIAN_POINT('',(-0.0545544240135924,0.0758272227740887,0.0628746));
#3904=CARTESIAN_POINT('',(-0.042595999220219,0.0758272227740887,0.0628746));
#3905=CARTESIAN_POINT('',(-0.0423550449189411,0.0759149199355754,0.0626611297650796));
#3906=CARTESIAN_POINT('',(-0.0419705921669697,0.0761146394345923,0.0624028502829265));
#3907=CARTESIAN_POINT('',(-0.0415040567323499,0.0765238110456925,0.0621571062925253));
#3908=CARTESIAN_POINT('',(-0.0413508819648932,0.0768330739627504,0.0620872));
#3909=CARTESIAN_POINT('',(-0.0413508819648932,0.0770019556118012,0.0620872));
#3910=CARTESIAN_POINT('',(-0.298056556316179,0.0770019556118012,0.0633572));
#3911=CARTESIAN_POINT('',(0.0136927139768214,0.0758272227740887,0.0628746));
#3912=CARTESIAN_POINT('',(0.0137882267190113,0.0760207873219972,0.0624034300235285));
#3913=CARTESIAN_POINT('',(0.0134283685120936,0.0764849985633706,0.0620872));
#3914=CARTESIAN_POINT('',(0.0134283685120936,0.0770019556118012,0.0620872));
#3915=CARTESIAN_POINT('',(0.000489171928122397,0.0770019556118012,0.0620872));
#3916=CARTESIAN_POINT('',(0.000489171928122397,0.0768331098826207,0.0620872));
#3917=CARTESIAN_POINT('',(0.000642020233619237,0.0765242604002368,0.0621569486492411));
#3918=CARTESIAN_POINT('',(0.00110876319568559,0.0761146124142704,0.0624027661353154));
#3919=CARTESIAN_POINT('',(0.00149327402972886,0.075914942083287,0.0626610758536744));
#3920=CARTESIAN_POINT('',(0.00173428918344827,0.0758272227740887,0.0628746));
#3921=CARTESIAN_POINT('',(-0.298056556316179,0.0945163343514293,0.0633572));
#3922=CARTESIAN_POINT('',(0.0134283685120935,0.0945163343514293,0.0620872));
#3923=CARTESIAN_POINT('',(0.0134283685120935,0.0947749888553712,0.0620872));
#3924=CARTESIAN_POINT('',(0.0135912779757549,0.0952556304026255,0.0622368283399261));
#3925=CARTESIAN_POINT('',(0.0137403789675071,0.0955944701052175,0.0626394657966991));
#3926=CARTESIAN_POINT('',(0.0136927139768214,0.0956910671891417,0.0628746));
#3927=CARTESIAN_POINT('',(0.00173428918344827,0.0956910671891417,0.0628746));
#3928=CARTESIAN_POINT('',(0.00149333488217041,0.095603370027655,0.0626611297650797));
#3929=CARTESIAN_POINT('',(0.00110888213019894,0.0954036505286382,0.0624028502829264));
#3930=CARTESIAN_POINT('',(0.00064234669557923,0.094994478917538,0.0621571062925253));
#3931=CARTESIAN_POINT('',(0.000489171928122397,0.0946852160004801,0.0620872));
#3932=CARTESIAN_POINT('',(0.000489171928122397,0.0945163343514293,0.0620872));
#3933=CARTESIAN_POINT('',(-0.0554425353553919,0.0770019556118012,0.0602835865546218));
#3934=CARTESIAN_POINT('',(-0.0562776489833105,0.0770019556118012,0.0620872));
#3935=CARTESIAN_POINT('',(-0.0542900785488644,0.0770019556118012,0.0620872));
#3936=CARTESIAN_POINT('',(-0.055442535360881,0.0767278762414228,0.0602835865664767));
#3937=CARTESIAN_POINT('',(-0.0562776489757684,0.0769642201324106,0.0620871999980461));
#3938=CARTESIAN_POINT('',(-0.0542900785527717,0.076864915926612,0.0620872));
#3939=CARTESIAN_POINT('',(-0.0555038800771053,0.076191036069879,0.0604085175434031));
#3940=CARTESIAN_POINT('',(-0.0561932022349462,0.0768836666006927,0.062055854274439));
#3941=CARTESIAN_POINT('',(-0.0543332739451858,0.076596495840883,0.0621311845808923));
#3942=CARTESIAN_POINT('',(-0.0557038667304685,0.075467620456411,0.0609401923449073));
#3943=CARTESIAN_POINT('',(-0.0560103796202863,0.0764708078162283,0.0621334335261186));
#3944=CARTESIAN_POINT('',(-0.0544740929470476,0.0762347880339559,0.0623183718603308));
#3945=CARTESIAN_POINT('',(-0.0558629523051121,0.0748956085017404,0.0617664133987684));
#3946=CARTESIAN_POINT('',(-0.0558893016175107,0.0759889365221403,0.0625085081995924));
#3947=CARTESIAN_POINT('',(-0.0545861117931654,0.0759487820573286,0.0626092603396017));
#3948=CARTESIAN_POINT('',(-0.0558390415982462,0.0746529580323607,0.0624664323869159));
#3949=CARTESIAN_POINT('',(-0.0557862108635978,0.0757789144675541,0.0629413546133877));
#3950=CARTESIAN_POINT('',(-0.0545692752362215,0.0758274568208796,0.0628557167261437));
#3951=CARTESIAN_POINT('',(-0.0557748960542865,0.0745740518555126,0.0628310184606855));
#3952=CARTESIAN_POINT('',(-0.0557143042843783,0.0757291964290845,0.0631754058355503));
#3953=CARTESIAN_POINT('',(-0.0545241076800387,0.0757880037336569,0.0629840769136733));
#3954=CARTESIAN_POINT('',(-0.0542900785488644,0.0770019556118012,0.0608172));
#3955=CARTESIAN_POINT('',(-0.0542900785488644,0.0857591449816151,0.0608172));
#3956=CARTESIAN_POINT('',(-0.0542900785488644,0.0945163343514293,0.0608172));
#3957=CARTESIAN_POINT('',(-0.0542900785488644,0.0945163343514293,0.0620872));
#3958=CARTESIAN_POINT('',(-0.0562776489833104,0.0945163343514293,0.0620872));
#3959=CARTESIAN_POINT('',(-0.0554425353553919,0.0945163343514293,0.0602835865546218));
#3960=CARTESIAN_POINT('',(-0.0542900785527422,0.0946533740366261,0.0620872));
#3961=CARTESIAN_POINT('',(-0.0562776489757569,0.0945540698308251,0.0620871999980485));
#3962=CARTESIAN_POINT('',(-0.0554425353608731,0.0947904137218153,0.0602835865664597));
#3963=CARTESIAN_POINT('',(-0.0543332739451994,0.0949217941223439,0.0621311845808922));
#3964=CARTESIAN_POINT('',(-0.0561932022349517,0.0946346233625348,0.0620558542744377));
#3965=CARTESIAN_POINT('',(-0.0555038800771089,0.0953272538933478,0.0604085175434106));
#3966=CARTESIAN_POINT('',(-0.0544740929470439,0.0952835019292757,0.0623183718603313));
#3967=CARTESIAN_POINT('',(-0.0560103796202842,0.0950474821470044,0.0621334335261198));
#3968=CARTESIAN_POINT('',(-0.0557038667304672,0.0960506695068212,0.0609401923449066));
#3969=CARTESIAN_POINT('',(-0.0545861117931664,0.0955695079059011,0.0626092603396));
#3970=CARTESIAN_POINT('',(-0.055889301617513,0.0955293534410856,0.0625085081995885));
#3971=CARTESIAN_POINT('',(-0.0558629523051133,0.0966226814614872,0.0617664133987637));
#3972=CARTESIAN_POINT('',(-0.0545692752362214,0.0956908331423521,0.0628557167261474));
#3973=CARTESIAN_POINT('',(-0.0557862108635935,0.0957393754956856,0.0629413546133961));
#3974=CARTESIAN_POINT('',(-0.055839041598244,0.0968653319308755,0.0624664323869275));
#3975=CARTESIAN_POINT('',(-0.0545241076800386,0.0957302862295736,0.0629840769136733));
#3976=CARTESIAN_POINT('',(-0.0557143042843782,0.095789093534146,0.0631754058355504));
#3977=CARTESIAN_POINT('',(-0.0557748960542864,0.0969442381077179,0.0628310184606856));
#3978=CARTESIAN_POINT('',(0.0145808253186211,0.0945163343514293,0.0602835865546218));
#3979=CARTESIAN_POINT('',(0.0154159389465396,0.0945163343514293,0.0620872));
#3980=CARTESIAN_POINT('',(0.0134283685120935,0.0945163343514293,0.0620872));
#3981=CARTESIAN_POINT('',(0.0145808253241016,0.0947904137218153,0.0602835865664582));
#3982=CARTESIAN_POINT('',(0.0154159389389751,0.0945540698308238,0.0620871999980496));
#3983=CARTESIAN_POINT('',(0.013428368515967,0.0946533740366261,0.0620872));
#3984=CARTESIAN_POINT('',(0.0146421700403384,0.095327253893348,0.0604085175434111));
#3985=CARTESIAN_POINT('',(0.0153314921981857,0.0946346233625354,0.0620558542744367));
#3986=CARTESIAN_POINT('',(0.0134715639084304,0.0949217941223439,0.0621311845808922));
#3987=CARTESIAN_POINT('',(0.0148421566936961,0.0960506695068204,0.0609401923449068));
#3988=CARTESIAN_POINT('',(0.015148669583512,0.0950474821470043,0.0621334335261213));
#3989=CARTESIAN_POINT('',(0.0136123829102726,0.0952835019292756,0.0623183718603313));
#3990=CARTESIAN_POINT('',(0.0150012422683427,0.0966226814614898,0.0617664133987622));
#3991=CARTESIAN_POINT('',(0.0150275915807433,0.0955293534410856,0.0625085081995848));
#3992=CARTESIAN_POINT('',(0.0137244017563953,0.0955695079059011,0.0626092603396));
#3993=CARTESIAN_POINT('',(0.0149773315614726,0.0968653319308698,0.0624664323869308));
#3994=CARTESIAN_POINT('',(0.0149245008268211,0.0957393754956853,0.0629413546134025));
#3995=CARTESIAN_POINT('',(0.0137075651994515,0.0956908331423521,0.0628557167261475));
#3996=CARTESIAN_POINT('',(0.0149131860175155,0.0969442381077179,0.0628310184606855));
#3997=CARTESIAN_POINT('',(0.0148525942476074,0.095789093534146,0.0631754058355503));
#3998=CARTESIAN_POINT('',(0.0136623976432677,0.0957302862295736,0.0629840769136733));
#3999=CARTESIAN_POINT('',(0.0134283685120935,0.0945163343514293,0.0608172));
#4000=CARTESIAN_POINT('',(0.0134283685120935,0.0857591449816152,0.0608172));
#4001=CARTESIAN_POINT('',(0.0134283685120935,0.0770019556118012,0.0608172));
#4002=CARTESIAN_POINT('',(0.0134283685120935,0.0770019556118012,0.0620872));
#4003=CARTESIAN_POINT('',(0.0154159389465396,0.0770019556118012,0.0620872));
#4004=CARTESIAN_POINT('',(0.0145808253186211,0.0770019556118012,0.0602835865546218));
#4005=CARTESIAN_POINT('',(0.013428368515967,0.0768649159266044,0.0620872));
#4006=CARTESIAN_POINT('',(0.0154159389389751,0.0769642201324073,0.0620871999980549));
#4007=CARTESIAN_POINT('',(0.0145808253241016,0.0767278762414152,0.0602835865664582));
#4008=CARTESIAN_POINT('',(0.0134715639084304,0.0765964958408866,0.0621311845808923));
#4009=CARTESIAN_POINT('',(0.0153314921981855,0.0768836666006945,0.0620558542744344));
#4010=CARTESIAN_POINT('',(0.0146421700403383,0.0761910360698825,0.0604085175434114));
#4011=CARTESIAN_POINT('',(0.0136123829102727,0.0762347880339549,0.0623183718603311));
#4012=CARTESIAN_POINT('',(0.0151486695835126,0.0764708078162271,0.0621334335261218));
#4013=CARTESIAN_POINT('',(0.0148421566936963,0.07546762045641,0.0609401923449059));
#4014=CARTESIAN_POINT('',(0.0137244017563948,0.0759487820573291,0.062609260339601));
#4015=CARTESIAN_POINT('',(0.0150275915807413,0.0759889365221421,0.0625085081995847));
#4016=CARTESIAN_POINT('',(0.0150012422683421,0.0748956085017406,0.0617664133987659));
#4017=CARTESIAN_POINT('',(0.0137075651994524,0.075827456820879,0.0628557167261455));
#4018=CARTESIAN_POINT('',(0.0149245008268252,0.0757789144675507,0.0629413546134032));
#4019=CARTESIAN_POINT('',(0.0149773315614739,0.0746529580323606,0.0624664323869234));
#4020=CARTESIAN_POINT('',(0.0136623976432677,0.0757880037336569,0.0629840769136734));
#4021=CARTESIAN_POINT('',(0.0148525942476073,0.0757291964290844,0.0631754058355505));
#4022=CARTESIAN_POINT('',(0.0149131860175155,0.0745740518555126,0.0628310184606858));
#4023=CARTESIAN_POINT('',(0.000489171928122396,0.0945163343514293,0.0620872));
#4024=CARTESIAN_POINT('',(-8.22730018322959E-6,0.0945163343514293,0.0620872));
#4025=CARTESIAN_POINT('',(-0.00037332619707481,0.0945163343514293,0.0617494000772534));
#4026=CARTESIAN_POINT('',(0.000489171955399794,0.094795370177172,0.0620872));
#4027=CARTESIAN_POINT('',(-8.22727915798995E-6,0.0949134871927011,0.0620872000232745));
#4028=CARTESIAN_POINT('',(-0.000373326175154635,0.0950744060029341,0.0617494000975346));
#4029=CARTESIAN_POINT('',(0.000910034482202445,0.0953076707451462,0.0622743738458018));
#4030=CARTESIAN_POINT('',(0.000345052660534344,0.0956641323345245,0.0624706272814851));
#4031=CARTESIAN_POINT('',(-3.47745186780208E-5,0.0960990071449599,0.0620505341058513));
#4032=CARTESIAN_POINT('',(0.00148928550776757,0.0956030709223198,0.0626560575350784));
#4033=CARTESIAN_POINT('',(0.00069000410112494,0.0958668624891316,0.0630716221640851));
#4034=CARTESIAN_POINT('',(0.000431188565147204,0.0966898074809974,0.0626646046894681));
#4035=CARTESIAN_POINT('',(0.0017433934505813,0.0956943593651337,0.0628826928166121));
#4036=CARTESIAN_POINT('',(0.000806733325327862,0.0958763431123398,0.0633344908373835));
#4037=CARTESIAN_POINT('',(0.000635598930413225,0.0968723843788381,0.0630292261319725));
#4038=CARTESIAN_POINT('',(0.000489171928122396,0.0945163343514293,0.0608172));
#4039=CARTESIAN_POINT('',(0.000489171928122396,-0.282365266406437,0.0608172));
#4040=CARTESIAN_POINT('',(0.000489171928122396,0.0770019556118012,0.0608172));
#4041=CARTESIAN_POINT('',(-0.000373326197074809,0.0770019556118012,0.0617494000772534));
#4042=CARTESIAN_POINT('',(-8.22730018322862E-6,0.0770019556118012,0.0620872));
#4043=CARTESIAN_POINT('',(0.000489171928122397,0.0770019556118012,0.0620872));
#4044=CARTESIAN_POINT('',(-0.000373326175154992,0.0764438839602965,0.0617494000975343));
#4045=CARTESIAN_POINT('',(-8.2272791588642E-6,0.0766048027705392,0.0620872000232745));
#4046=CARTESIAN_POINT('',(0.000489171955399038,0.0767229197860585,0.0620872));
#4047=CARTESIAN_POINT('',(-3.47745186741715E-5,0.0754192828182629,0.062050534105858));
#4048=CARTESIAN_POINT('',(0.000345052660530192,0.0758541576287024,0.0624706272814851));
#4049=CARTESIAN_POINT('',(0.000910034482205339,0.0762106192180856,0.0622743738457985));
#4050=CARTESIAN_POINT('',(0.00043118856513992,0.0748284824822483,0.0626646046894551));
#4051=CARTESIAN_POINT('',(0.000690004101133286,0.0756514274740964,0.0630716221640822));
#4052=CARTESIAN_POINT('',(0.00148928550776261,0.075915219040908,0.0626560575350849));
#4053=CARTESIAN_POINT('',(0.000635598930413271,0.0746459055843924,0.0630292261319726));
#4054=CARTESIAN_POINT('',(0.000806733325327884,0.0756419468508907,0.0633344908373835));
#4055=CARTESIAN_POINT('',(0.00174339345058136,0.0758239305980968,0.0628826928166121));
#4056=CARTESIAN_POINT('',(-0.0413508819648932,0.0770019556118012,0.0620872));
#4057=CARTESIAN_POINT('',(-0.0408534827365875,0.0770019556118012,0.0620872));
#4058=CARTESIAN_POINT('',(-0.0404883838396959,0.0770019556118012,0.0617494000772534));
#4059=CARTESIAN_POINT('',(-0.0413508819921316,0.076722919786043,0.0620872));
#4060=CARTESIAN_POINT('',(-0.0408534827575694,0.0766048027705187,0.0620872000232749));
#4061=CARTESIAN_POINT('',(-0.0404883838615993,0.0764438839602849,0.061749400097519));
#4062=CARTESIAN_POINT('',(-0.0417717445189961,0.0762106192180926,0.0622743738458005));
#4063=CARTESIAN_POINT('',(-0.0412067626973251,0.0758541576287129,0.0624706272814753));
#4064=CARTESIAN_POINT('',(-0.0408269355180994,0.0754192828182687,0.0620505341058562));
#4065=CARTESIAN_POINT('',(-0.0423509955445314,0.0759152190409096,0.062656057535081));
#4066=CARTESIAN_POINT('',(-0.0415517141379,0.0756514274740965,0.0630716221641032));
#4067=CARTESIAN_POINT('',(-0.0412928986019213,0.0748284824822483,0.0626646046894741));
#4068=CARTESIAN_POINT('',(-0.0426051034873521,0.0758239305980968,0.0628826928166121));
#4069=CARTESIAN_POINT('',(-0.0416684433620986,0.0756419468508907,0.0633344908373835));
#4070=CARTESIAN_POINT('',(-0.041497308967184,0.0746459055843924,0.0630292261319725));
#4071=CARTESIAN_POINT('',(-0.0413508819648932,0.0770019556118012,0.0608172));
#4072=CARTESIAN_POINT('',(-0.0413508819648932,-0.282365266406437,0.0608172));
#4073=CARTESIAN_POINT('',(-0.0413508819648932,0.0945163343514293,0.0608172));
#4074=CARTESIAN_POINT('',(-0.0404883838396959,0.0945163343514293,0.0617494000772534));
#4075=CARTESIAN_POINT('',(-0.0408534827365875,0.0945163343514293,0.0620872));
#4076=CARTESIAN_POINT('',(-0.0413508819648932,0.0945163343514293,0.0620872));
#4077=CARTESIAN_POINT('',(-0.0404883838615993,0.0950744060029457,0.061749400097519));
#4078=CARTESIAN_POINT('',(-0.0408534827575694,0.0949134871927313,0.0620872000232749));
#4079=CARTESIAN_POINT('',(-0.0413508819921316,0.0947953701771875,0.0620872));
#4080=CARTESIAN_POINT('',(-0.0408269355181014,0.0960990071449599,0.0620505341058597));
#4081=CARTESIAN_POINT('',(-0.0412067626973282,0.0956641323345066,0.0624706272814894));
#4082=CARTESIAN_POINT('',(-0.0417717445189951,0.0953076707451378,0.0622743738457999));
#4083=CARTESIAN_POINT('',(-0.0412928986019173,0.096689807480986,0.0626646046894669));
#4084=CARTESIAN_POINT('',(-0.0415517141378929,0.0958668624891357,0.0630716221640719));
#4085=CARTESIAN_POINT('',(-0.0423509955445333,0.0956030709223214,0.0626560575350823));
#4086=CARTESIAN_POINT('',(-0.0414973089671839,0.0968723843788381,0.0630292261319725));
#4087=CARTESIAN_POINT('',(-0.0416684433620986,0.0958763431123398,0.0633344908373835));
#4088=CARTESIAN_POINT('',(-0.042605103487352,0.0956943593651337,0.0628826928166121));
#4089=CARTESIAN_POINT('',(-0.0239868550183854,0.0721138868811282,0.059685468730673));
#4090=CARTESIAN_POINT('',(-0.0239868550183854,0.0721138868811282,0.061376));
#4091=CARTESIAN_POINT('',(-0.0239868550183854,0.0695836409467082,0.061376));
#4092=CARTESIAN_POINT('',(-0.0239868550183854,0.0994044030821022,0.061376));
#4093=CARTESIAN_POINT('',(-0.0239868550183854,0.0994044030821022,0.059685468730673));
#4094=CARTESIAN_POINT('',(-0.0168748550183854,0.0721138868811282,0.059685468730673));
#4095=CARTESIAN_POINT('',(-0.0168748550183854,0.0721138868811282,0.061376));
#4096=CARTESIAN_POINT('',(-0.0168748550183854,-0.282365266406437,0.061376));
#4097=CARTESIAN_POINT('',(-0.0168748550183854,0.0994044030821021,0.061376));
#4098=CARTESIAN_POINT('',(-0.0168748550183854,0.0994044030821022,0.059685468730673));
#4099=CARTESIAN_POINT('',(-0.0219548550183854,0.0695836409467082,0.0588106));
#4100=CARTESIAN_POINT('',(-0.0219548550183854,0.103790363681615,0.0588106));
#4101=CARTESIAN_POINT('',(-0.0204308550183854,0.103790363681615,0.0588106));
#4102=CARTESIAN_POINT('',(-0.0189068550183854,0.103790363681615,0.0588106));
#4103=CARTESIAN_POINT('',(-0.0189068550183854,0.0857591449816152,0.0588106));
#4104=CARTESIAN_POINT('',(-0.0219548550183854,0.0857591449816152,0.0588106));
#4105=CARTESIAN_POINT('',(-0.0219548550183854,0.0677279262816152,0.0588106));
#4106=CARTESIAN_POINT('',(-0.0204308550183854,0.0677279262816152,0.0588106));
#4107=CARTESIAN_POINT('',(-0.0189068550183854,0.0677279262816152,0.0588106));
#4108=CARTESIAN_POINT('',(-0.0189068550183854,0.0695836409467082,0.0588106));
#4109=CARTESIAN_POINT('',(-0.0204308425183855,0.0857591449816152,0.062519));
#4110=CARTESIAN_POINT('',(-0.0189333124346181,0.100961349781615,0.062519));
#4111=CARTESIAN_POINT('',(-0.0189333124346181,0.0715993975978479,0.062519));
#4112=CARTESIAN_POINT('',(-0.0189333124346181,0.0999188923653825,0.062519));
#4113=CARTESIAN_POINT('',(-0.0229708550183853,0.0999188923653825,0.062519));
#4114=CARTESIAN_POINT('',(-0.0219283976021527,0.0999188923653825,0.062519));
#4115=CARTESIAN_POINT('',(-0.0219283976021527,0.0857591449816152,0.062519));
#4116=CARTESIAN_POINT('',(-0.0219283976021527,0.0715993975978479,0.062519));
#4117=CARTESIAN_POINT('',(-0.0204308425183856,0.0715993975978479,0.062519));
#4118=CARTESIAN_POINT('',(-0.0204308550183855,0.0715993975978479,0.0614765425837673));
#4119=CARTESIAN_POINT('',(-0.0219283976021527,0.0715993975978479,0.0614765425837673));
#4120=CARTESIAN_POINT('',(-0.0189333124346181,0.0715993975978479,0.0614765425837673));
#4121=CARTESIAN_POINT('',(-0.0189333124346181,0.0695836409467082,0.0614765425837673));
#4122=CARTESIAN_POINT('',(-0.0189333124346181,0.0999188923653825,0.0614765425837673));
#4123=CARTESIAN_POINT('',(-0.0219283976021527,0.0857591449816152,0.0614765425837673));
#4124=CARTESIAN_POINT('',(-0.0219283976021527,0.0999188923653825,0.0614765425837673));
#4125=CARTESIAN_POINT('',(-0.0204308425183855,0.0999188923653825,0.0614765425837673));
#4126=MECHANICAL_DESIGN_GEOMETRIC_PRESENTATION_REPRESENTATION('',(#2285),
#4127);
#4127=(
GEOMETRIC_REPRESENTATION_CONTEXT(3)
GLOBAL_UNCERTAINTY_ASSIGNED_CONTEXT((#4128))
GLOBAL_UNIT_ASSIGNED_CONTEXT((#4131,#4130,#4129))
REPRESENTATION_CONTEXT('Part 4','TOP_LEVEL_ASSEMBLY_PART')
);
#4128=UNCERTAINTY_MEASURE_WITH_UNIT(LENGTH_MEASURE(2.E-5),#4131,
'DISTANCE_ACCURACY_VALUE','Maximum Tolerance applied to model');
#4129=(
NAMED_UNIT(*)
SI_UNIT($,.STERADIAN.)
SOLID_ANGLE_UNIT()
);
#4130=(
NAMED_UNIT(*)
PLANE_ANGLE_UNIT()
SI_UNIT($,.RADIAN.)
);
#4131=(
LENGTH_UNIT()
NAMED_UNIT(*)
SI_UNIT($,.METRE.)
);
#4132=PRODUCT_DEFINITION_SHAPE('','',#4133);
#4133=PRODUCT_DEFINITION('','',#4135,#4134);
#4134=PRODUCT_DEFINITION_CONTEXT('',#4141,'design');
#4135=PRODUCT_DEFINITION_FORMATION_WITH_SPECIFIED_SOURCE('','',#4137,
 .NOT_KNOWN.);
#4136=PRODUCT_RELATED_PRODUCT_CATEGORY('','',(#4137));
#4137=PRODUCT('Part 4','Part 4','Part 4',(#4139));
#4138=PRODUCT_CATEGORY('','');
#4139=PRODUCT_CONTEXT('',#4141,'mechanical');
#4140=APPLICATION_PROTOCOL_DEFINITION('international standard',
'ap242_managed_model_based_3d_engineering',2020,#4141);
#4141=APPLICATION_CONTEXT('managed model based 3d engineering');
ENDSEC;
END-ISO-10303-21;
