ISO-10303-21;
HEADER;
/* Generated by software containing ST-Developer
 * from STEP Tools, Inc. (www.steptools.com) 
 */
/* OPTION: using custom renumber hook */

FILE_DESCRIPTION(
/* description */ ('STEP AP242 Edition 2',
'CAx-IF Rec.Pracs.---Representation and Presentation of Product Manufa
cturing Information (PMI)---4.0---2014-10-13',
'CAx-IF Rec.Pracs.---3D Tessellated Geometry---0.4---2014-09-14','2;1',
'CAx-IF Rec.Pracs.---User Defined Attributes---1.5---2016-08-15'),
/* implementation_level */ '2;1');

FILE_NAME(
/* name */ 'Gimbal Tilt (3) - Gimbal Tilt',
/* time_stamp */ '2026-09-04T01:30:09Z',
/* author */ (''),
/* organization */ (''),
/* preprocessor_version */ 'ST-DEVELOPER v20',
/* originating_system */ 'ONSHAPE BY PTC INC, 1.220',
/* authorisation */ '  ');

FILE_SCHEMA (('AP242_MANAGED_MODEL_BASED_3D_ENGINEERING_MIM_LF { 1 0 10303 442 3 1 4 }'));
ENDSEC;

DATA;
#10=SHAPE_REPRESENTATION_RELATIONSHIP('','',#2710,#11);
#11=ADVANCED_BREP_SHAPE_REPRESENTATION('',(#2708),#4822);
#12=SPHERICAL_SURFACE('',#2846,0.00254);
#13=SPHERICAL_SURFACE('',#2857,0.00254);
#14=SPHERICAL_SURFACE('',#2955,0.00254);
#15=SPHERICAL_SURFACE('',#2959,0.00254);
#16=DEGENERATE_TOROIDAL_SURFACE('',#2832,0.000657261632224389,0.00254,.T.);
#17=TOROIDAL_SURFACE('',#2788,0.004572,0.002286);
#18=TOROIDAL_SURFACE('',#2794,0.004572,0.002286);
#19=TOROIDAL_SURFACE('',#2804,0.004572,0.002286);
#20=TOROIDAL_SURFACE('',#2810,0.004572,0.002286);
#21=TOROIDAL_SURFACE('',#2816,0.004826,0.002286);
#22=TOROIDAL_SURFACE('',#2823,0.004826,0.002286);
#23=TOROIDAL_SURFACE('',#2842,0.00508,0.00254);
#24=TOROIDAL_SURFACE('',#2864,0.00508,0.00254);
#25=TOROIDAL_SURFACE('',#2951,0.00508,0.00254);
#26=TOROIDAL_SURFACE('',#2963,0.00508,0.00254);
#27=TOROIDAL_SURFACE('',#2978,0.250876526363299,0.247008504048095);
#28=(
BOUNDED_SURFACE()
B_SPLINE_SURFACE(3,2,((#4168,#4169,#4170),(#4171,#4172,#4173),(#4174,#4175,
#4176),(#4177,#4178,#4179),(#4180,#4181,#4182),(#4183,#4184,#4185),(#4186,
#4187,#4188),(#4189,#4190,#4191),(#4192,#4193,#4194)),.UNSPECIFIED.,.F.,
 .F.,.F.)
B_SPLINE_SURFACE_WITH_KNOTS((4,1,1,1,1,1,4),(3,3),(-1.22514845490862E-17,
0.00092040197942042,0.00184080395884085,0.00368160791768172,0.00552241187652258,
0.00644281385594302,0.00736321583536345),(0.,1.),.UNSPECIFIED.)
GEOMETRIC_REPRESENTATION_ITEM()
RATIONAL_B_SPLINE_SURFACE(((1.,0.985811797151118,1.),(1.,0.983262894991316,
1.),(1.,0.97248843242618,1.),(1.,0.935611856995018,1.),(1.,0.865408823350063,
1.),(1.,0.77530577385695,1.),(1.,0.720586834175265,1.),(1.,0.708325928925844,
1.),(1.,0.707106781186547,1.)))
REPRESENTATION_ITEM('')
SURFACE()
);
#29=(
BOUNDED_SURFACE()
B_SPLINE_SURFACE(3,2,((#4292,#4293,#4294),(#4295,#4296,#4297),(#4298,#4299,
#4300),(#4301,#4302,#4303),(#4304,#4305,#4306),(#4307,#4308,#4309),(#4310,
#4311,#4312),(#4313,#4314,#4315),(#4316,#4317,#4318)),.UNSPECIFIED.,.F.,
 .F.,.F.)
B_SPLINE_SURFACE_WITH_KNOTS((4,1,1,1,1,1,4),(3,3),(-3.25260651745651E-18,
0.000920073839358418,0.00184014767871684,0.00368029535743368,0.00552044303615052,
0.00644051687550895,0.00736059071486737),(0.,1.),.UNSPECIFIED.)
GEOMETRIC_REPRESENTATION_ITEM()
RATIONAL_B_SPLINE_SURFACE(((1.,0.707106781186547,1.),(1.,0.708326196112374,
1.),(1.,0.720536628248909,1.),(1.,0.775306778101891,1.),(1.,0.86544296965201,
1.),(1.,0.935635538357641,1.),(1.,0.972371951940541,1.),(1.,0.983268511571013,
1.),(1.,0.985811797151118,1.)))
REPRESENTATION_ITEM('')
SURFACE()
);
#30=B_SPLINE_SURFACE_WITH_KNOTS('',3,3,((#4141,#4142,#4143,#4144),(#4145,
#4146,#4147,#4148),(#4149,#4150,#4151,#4152),(#4153,#4154,#4155,#4156)),
 .UNSPECIFIED.,.F.,.F.,.F.,(4,4),(4,4),(-7.58941520739853E-18,0.000361166733323063),
(-0.00600002771094026,1.),.UNSPECIFIED.);
#31=B_SPLINE_CURVE_WITH_KNOTS('',3,(#3817,#3818,#3819,#3820),
 .UNSPECIFIED.,.F.,.F.,(4,4),(4.96749206466014E-17,0.00138108142321741),
 .UNSPECIFIED.);
#32=B_SPLINE_CURVE_WITH_KNOTS('',3,(#3889,#3890,#3891,#3892,#3893,#3894,
#3895,#3896),.UNSPECIFIED.,.F.,.F.,(4,1,1,1,1,4),(5.31926867360851E-17,
0.00105144314640766,0.00210288629281526,0.00315432943922286,0.00368005101242666,
0.00420577258563046),.UNSPECIFIED.);
#33=B_SPLINE_CURVE_WITH_KNOTS('',3,(#3916,#3917,#3918,#3919,#3920,#3921,
#3922,#3923),.UNSPECIFIED.,.F.,.F.,(4,1,1,1,1,4),(2.24845860624929E-17,
0.000524758377058826,0.00104951675411763,0.00209903350823524,0.00314855026235284,
0.00419806701647045),.UNSPECIFIED.);
#34=B_SPLINE_CURVE_WITH_KNOTS('',3,(#3960,#3961,#3962,#3963),
 .UNSPECIFIED.,.F.,.F.,(4,4),(6.53132603638805E-17,0.00146487535053188),
 .UNSPECIFIED.);
#35=B_SPLINE_CURVE_WITH_KNOTS('',3,(#3966,#3967,#3968,#3969,#3970,#3971,
#3972),.UNSPECIFIED.,.F.,.F.,(4,1,1,1,4),(0.,0.00113746400039394,0.00227492800078788,
0.00341239200118182,0.00454985600157575),.UNSPECIFIED.);
#36=B_SPLINE_CURVE_WITH_KNOTS('',3,(#3976,#3977,#3978,#3979),
 .UNSPECIFIED.,.F.,.F.,(4,4),(9.11802805843143E-13,0.00194262256418748),
 .UNSPECIFIED.);
#37=B_SPLINE_CURVE_WITH_KNOTS('',3,(#3984,#3985,#3986,#3987,#3988,#3989,
#3990),.UNSPECIFIED.,.F.,.F.,(4,1,1,1,4),(1.04173719559164E-17,0.00113750382925529,
0.00227500765851057,0.00341251148776586,0.00455001531702114),
 .UNSPECIFIED.);
#38=B_SPLINE_CURVE_WITH_KNOTS('',3,(#3992,#3993,#3994,#3995),
 .UNSPECIFIED.,.F.,.F.,(4,4),(1.68805502658493E-13,0.00146670533605673),
 .UNSPECIFIED.);
#39=B_SPLINE_CURVE_WITH_KNOTS('',3,(#3997,#3998,#3999,#4000),
 .UNSPECIFIED.,.F.,.F.,(4,4),(0.,0.00194026945696748),.UNSPECIFIED.);
#40=B_SPLINE_CURVE_WITH_KNOTS('',3,(#4010,#4011,#4012,#4013,#4014,#4015,
#4016),.UNSPECIFIED.,.F.,.F.,(4,1,1,1,4),(0.,0.000922394230298005,0.00184478846059601,
0.00276718269089402,0.00368957692119202),.UNSPECIFIED.);
#41=B_SPLINE_CURVE_WITH_KNOTS('',3,(#4018,#4019,#4020,#4021,#4022,#4023,
#4024),.UNSPECIFIED.,.F.,.F.,(4,1,1,1,4),(0.,0.00092239423029801,0.00184478846059602,
0.00276718269089403,0.00368957692119204),.UNSPECIFIED.);
#42=B_SPLINE_CURVE_WITH_KNOTS('',3,(#4034,#4035,#4036,#4037,#4038,#4039,
#4040),.UNSPECIFIED.,.F.,.F.,(4,1,1,1,4),(1.50294043279836E-17,0.00190872860759697,
0.00381745721519392,0.00572618582279087,0.00763491443038782),
 .UNSPECIFIED.);
#43=B_SPLINE_CURVE_WITH_KNOTS('',3,(#4157,#4158,#4159,#4160),
 .UNSPECIFIED.,.F.,.F.,(4,4),(0.,0.000354145476962098),.UNSPECIFIED.);
#44=B_SPLINE_CURVE_WITH_KNOTS('',3,(#4162,#4163,#4164,#4165),
 .UNSPECIFIED.,.F.,.F.,(4,4),(0.,1.),.UNSPECIFIED.);
#45=B_SPLINE_CURVE_WITH_KNOTS('',3,(#4198,#4199,#4200,#4201,#4202,#4203,
#4204,#4205,#4206,#4207,#4208,#4209,#4210,#4211),.UNSPECIFIED.,.F.,.F.,
(4,1,1,1,1,1,1,1,1,1,1,4),(0.,0.0625,0.125,0.15625,0.1875,0.25,0.375,0.5,
0.625,0.75,0.875,1.),.UNSPECIFIED.);
#46=B_SPLINE_CURVE_WITH_KNOTS('',3,(#4212,#4213,#4214,#4215,#4216,#4217,
#4218,#4219,#4220,#4221,#4222,#4223,#4224,#4225,#4226,#4227,#4228,#4229,
#4230,#4231,#4232,#4233,#4234,#4235,#4236,#4237),.UNSPECIFIED.,.F.,.F.,
(4,1,1,1,1,1,1,1,1,1,1,1,1,1,1,1,1,1,1,1,1,1,1,4),(0.,0.125,0.25,0.3125,
0.375,0.4375,0.46875,0.484375,0.5,0.515625,0.53125,0.5625,0.625,0.6875,
0.71875,0.734375,0.75,0.765625,0.78125,0.8125,0.84375,0.875,0.9375,1.),
 .UNSPECIFIED.);
#47=B_SPLINE_CURVE_WITH_KNOTS('',3,(#4319,#4320,#4321,#4322),
 .UNSPECIFIED.,.F.,.F.,(4,4),(0.,1.),.UNSPECIFIED.);
#48=B_SPLINE_CURVE_WITH_KNOTS('',3,(#4325,#4326,#4327,#4328,#4329,#4330,
#4331,#4332,#4333,#4334,#4335,#4336,#4337,#4338),.UNSPECIFIED.,.F.,.F.,
(4,1,1,1,1,1,1,1,1,1,1,4),(0.,0.1249998519401,0.2499997038802,0.3749995558203,
0.4999994077604,0.6249992597005,0.7499991116406,0.81249903761065,0.843749000595675,
0.8749989635807,0.93749888955075,0.9999988155208),.UNSPECIFIED.);
#49=B_SPLINE_CURVE_WITH_KNOTS('',3,(#4339,#4340,#4341,#4342,#4343,#4344,
#4345,#4346,#4347,#4348,#4349,#4350,#4351,#4352,#4353,#4354,#4355),
 .UNSPECIFIED.,.F.,.F.,(4,1,1,1,1,1,1,1,1,1,1,1,1,1,4),(0.,0.0625,0.125,
0.140625,0.15625,0.1875,0.25,0.375,0.5,0.625,0.6875,0.75,0.8125,0.875,1.),
 .UNSPECIFIED.);
#50=B_SPLINE_CURVE_WITH_KNOTS('',3,(#4357,#4358,#4359,#4360),
 .UNSPECIFIED.,.F.,.F.,(4,4),(0.,1.),.UNSPECIFIED.);
#51=B_SPLINE_CURVE_WITH_KNOTS('',3,(#4361,#4362,#4363,#4364),
 .UNSPECIFIED.,.F.,.F.,(4,4),(6.64792976761306E-7,1.),.UNSPECIFIED.);
#52=B_SPLINE_CURVE_WITH_KNOTS('',3,(#4408,#4409,#4410,#4411),
 .UNSPECIFIED.,.F.,.F.,(4,4),(1.66614749014063E-17,0.00138108177215637),
 .UNSPECIFIED.);
#53=B_SPLINE_CURVE_WITH_KNOTS('',3,(#4464,#4465,#4466,#4467),
 .UNSPECIFIED.,.F.,.F.,(4,4),(0.,0.00120891697746712),.UNSPECIFIED.);
#54=B_SPLINE_CURVE_WITH_KNOTS('',3,(#4471,#4472,#4473,#4474),
 .UNSPECIFIED.,.F.,.F.,(4,4),(0.,0.0012089242657513),.UNSPECIFIED.);
#55=B_SPLINE_CURVE_WITH_KNOTS('',3,(#4648,#4649,#4650,#4651,#4652,#4653,
#4654,#4655,#4656,#4657,#4658),.UNSPECIFIED.,.T.,.F.,(1,1,1,1,1,1,1,1,1,
1,1,1,1,1,1),(-0.00909530571229723,-0.00606353714153149,-0.00303176857076574,
0.,0.00303176857076574,0.00606353714153149,0.00909530571229723,0.012127074283063,
0.0151588428538287,0.0181906114245945,0.0212223799953602,0.024254148566126,
0.0272859171368917,0.0303176857076574,0.0333494542784232),.UNSPECIFIED.);
#56=B_SPLINE_CURVE_WITH_KNOTS('',3,(#4667,#4668,#4669,#4670),
 .UNSPECIFIED.,.F.,.F.,(4,4),(0.,1.),.UNSPECIFIED.);
#57=B_SPLINE_CURVE_WITH_KNOTS('',3,(#4672,#4673,#4674,#4675),
 .UNSPECIFIED.,.F.,.F.,(4,4),(0.,1.),.UNSPECIFIED.);
#58=B_SPLINE_CURVE_WITH_KNOTS('',3,(#4679,#4680,#4681,#4682,#4683,#4684,
#4685),.UNSPECIFIED.,.F.,.F.,(4,1,1,1,4),(5.37864833149091E-15,0.00278601128146879,
0.00557202256293221,0.00835803384439563,0.011144045125859),
 .UNSPECIFIED.);
#59=B_SPLINE_CURVE_WITH_KNOTS('',3,(#4691,#4692,#4693,#4694),
 .UNSPECIFIED.,.F.,.F.,(4,4),(0.,1.),.UNSPECIFIED.);
#60=B_SPLINE_CURVE_WITH_KNOTS('',3,(#4696,#4697,#4698,#4699),
 .UNSPECIFIED.,.F.,.F.,(4,4),(0.,1.),.UNSPECIFIED.);
#61=B_SPLINE_CURVE_WITH_KNOTS('',3,(#4794,#4795,#4796,#4797),
 .UNSPECIFIED.,.F.,.F.,(4,4),(5.54372373419595E-11,0.00196959759968036),
 .UNSPECIFIED.);
#62=B_SPLINE_CURVE_WITH_KNOTS('',3,(#4799,#4800,#4801,#4802),
 .UNSPECIFIED.,.F.,.F.,(4,4),(0.,0.00196974187125464),.UNSPECIFIED.);
#63=B_SPLINE_CURVE_WITH_KNOTS('',3,(#4810,#4811,#4812,#4813),
 .UNSPECIFIED.,.F.,.F.,(4,4),(0.,0.00166096237993087),.UNSPECIFIED.);
#64=B_SPLINE_CURVE_WITH_KNOTS('',3,(#4815,#4816,#4817,#4818,#4819),
 .UNSPECIFIED.,.F.,.F.,(4,1,4),(0.,0.00115212870806783,0.00230425741613565),
 .UNSPECIFIED.);
#65=ELLIPSE('',#2721,0.00281572128617208,0.00254);
#66=ELLIPSE('',#2722,0.00588544423032611,0.00254);
#67=ELLIPSE('',#2724,0.00281572128617208,0.00254);
#68=ELLIPSE('',#2727,0.00260456116391938,0.00254);
#69=ELLIPSE('',#2737,0.00359210244842766,0.00254);
#70=ELLIPSE('',#2743,0.00359210244842767,0.00254);
#71=ELLIPSE('',#2779,0.00323289220358489,0.002286);
#72=ELLIPSE('',#2780,0.00323289220358489,0.002286);
#73=ELLIPSE('',#2782,0.00323289220358489,0.002286);
#74=ELLIPSE('',#2784,0.00323289220358489,0.002286);
#75=ELLIPSE('',#2799,0.00323289220358489,0.002286);
#76=ELLIPSE('',#2801,0.00323289220358489,0.002286);
#77=ELLIPSE('',#2819,0.00323289220358489,0.002286);
#78=ELLIPSE('',#2822,0.00323289220358489,0.002286);
#79=ELLIPSE('',#2828,0.00323289220358489,0.002286);
#80=ELLIPSE('',#2831,0.00323289220358489,0.002286);
#81=ELLIPSE('',#2942,0.004572,0.002286);
#82=ELLIPSE('',#2944,0.004572,0.002286);
#83=CYLINDRICAL_SURFACE('',#2720,0.00254);
#84=CYLINDRICAL_SURFACE('',#2725,0.00254);
#85=CYLINDRICAL_SURFACE('',#2735,0.00254);
#86=CYLINDRICAL_SURFACE('',#2739,0.00254);
#87=CYLINDRICAL_SURFACE('',#2751,0.002286);
#88=CYLINDRICAL_SURFACE('',#2752,0.002286);
#89=CYLINDRICAL_SURFACE('',#2753,0.002286);
#90=CYLINDRICAL_SURFACE('',#2756,0.002286);
#91=CYLINDRICAL_SURFACE('',#2778,0.002286);
#92=CYLINDRICAL_SURFACE('',#2781,0.002286);
#93=CYLINDRICAL_SURFACE('',#2783,0.002286);
#94=CYLINDRICAL_SURFACE('',#2785,0.002286);
#95=CYLINDRICAL_SURFACE('',#2792,0.002286);
#96=CYLINDRICAL_SURFACE('',#2798,0.002286);
#97=CYLINDRICAL_SURFACE('',#2800,0.002286);
#98=CYLINDRICAL_SURFACE('',#2802,0.002286);
#99=CYLINDRICAL_SURFACE('',#2808,0.002286);
#100=CYLINDRICAL_SURFACE('',#2814,0.00227256320055082);
#101=CYLINDRICAL_SURFACE('',#2815,0.002286);
#102=CYLINDRICAL_SURFACE('',#2818,0.002286);
#103=CYLINDRICAL_SURFACE('',#2820,0.002286);
#104=CYLINDRICAL_SURFACE('',#2824,0.002286);
#105=CYLINDRICAL_SURFACE('',#2825,0.002286);
#106=CYLINDRICAL_SURFACE('',#2826,0.002286);
#107=CYLINDRICAL_SURFACE('',#2829,0.002286);
#108=CYLINDRICAL_SURFACE('',#2836,0.00254);
#109=CYLINDRICAL_SURFACE('',#2839,0.00254);
#110=CYLINDRICAL_SURFACE('',#2849,0.00254);
#111=CYLINDRICAL_SURFACE('',#2851,0.00254);
#112=CYLINDRICAL_SURFACE('',#2855,0.00254);
#113=CYLINDRICAL_SURFACE('',#2860,0.00254);
#114=CYLINDRICAL_SURFACE('',#2862,0.00254);
#115=CYLINDRICAL_SURFACE('',#2868,0.00254);
#116=CYLINDRICAL_SURFACE('',#2871,0.00254);
#117=CYLINDRICAL_SURFACE('',#2873,0.00254);
#118=CYLINDRICAL_SURFACE('',#2875,0.00254);
#119=CYLINDRICAL_SURFACE('',#2877,0.00254);
#120=CYLINDRICAL_SURFACE('',#2890,0.00319726163222439);
#121=CYLINDRICAL_SURFACE('',#2895,0.000999999259923481);
#122=CYLINDRICAL_SURFACE('',#2898,0.000700001963188249);
#123=CYLINDRICAL_SURFACE('',#2905,0.000700001963188249);
#124=CYLINDRICAL_SURFACE('',#2908,0.000999998024657006);
#125=CYLINDRICAL_SURFACE('',#2919,0.00187499977344829);
#126=CYLINDRICAL_SURFACE('',#2920,0.0017);
#127=CYLINDRICAL_SURFACE('',#2947,0.002286);
#128=CYLINDRICAL_SURFACE('',#2948,0.002286);
#129=CYLINDRICAL_SURFACE('',#2949,0.00254);
#130=CYLINDRICAL_SURFACE('',#2953,0.00254);
#131=CYLINDRICAL_SURFACE('',#2957,0.00254);
#132=CYLINDRICAL_SURFACE('',#2961,0.00254);
#133=CYLINDRICAL_SURFACE('',#2965,0.00254);
#134=CYLINDRICAL_SURFACE('',#2966,0.000762);
#135=CYLINDRICAL_SURFACE('',#2967,0.000762);
#136=CYLINDRICAL_SURFACE('',#2968,0.000762);
#137=CYLINDRICAL_SURFACE('',#2969,0.000762);
#138=CYLINDRICAL_SURFACE('',#2975,0.00388212552963869);
#139=CYLINDRICAL_SURFACE('',#2976,0.00388212552963869);
#140=CYLINDRICAL_SURFACE('',#2977,0.002286);
#141=CYLINDRICAL_SURFACE('',#2982,0.00312737224869811);
#142=CYLINDRICAL_SURFACE('',#2983,0.00073585229381132);
#143=CYLINDRICAL_SURFACE('',#2984,0.00306605122421383);
#144=CIRCLE('',#2713,0.00254);
#145=CIRCLE('',#2714,0.00254);
#146=CIRCLE('',#2715,0.00073585229381132);
#147=CIRCLE('',#2717,0.00254);
#148=CIRCLE('',#2718,0.00306605122421383);
#149=CIRCLE('',#2719,0.00312737224869811);
#150=CIRCLE('',#2723,0.00254);
#151=CIRCLE('',#2726,0.00254);
#152=CIRCLE('',#2729,0.000999998024657006);
#153=CIRCLE('',#2730,0.000700001963188249);
#154=CIRCLE('',#2731,0.000700001963188249);
#155=CIRCLE('',#2732,0.000999999259923481);
#156=CIRCLE('',#2733,0.0017);
#157=CIRCLE('',#2734,0.00319726163222439);
#158=CIRCLE('',#2736,0.00254);
#159=CIRCLE('',#2738,0.00254);
#160=CIRCLE('',#2740,0.00254);
#161=CIRCLE('',#2741,0.00254);
#162=CIRCLE('',#2742,0.00254);
#163=CIRCLE('',#2744,0.00254);
#164=CIRCLE('',#2746,0.00254);
#165=CIRCLE('',#2747,0.00254);
#166=CIRCLE('',#2748,0.00254);
#167=CIRCLE('',#2749,0.00254);
#168=CIRCLE('',#2754,0.002286);
#169=CIRCLE('',#2755,0.00349606716313783);
#170=CIRCLE('',#2757,0.0034960672490275);
#171=CIRCLE('',#2758,0.002286);
#172=CIRCLE('',#2761,0.00187499977344829);
#173=CIRCLE('',#2763,0.00388212552963869);
#174=CIRCLE('',#2764,0.00388212552963869);
#175=CIRCLE('',#2770,0.000762);
#176=CIRCLE('',#2771,0.000762);
#177=CIRCLE('',#2772,0.000762);
#178=CIRCLE('',#2773,0.000762);
#179=CIRCLE('',#2774,0.00288029547438753);
#180=CIRCLE('',#2775,0.00219970452561247);
#181=CIRCLE('',#2776,0.00219970452561247);
#182=CIRCLE('',#2777,0.00288029547438753);
#183=CIRCLE('',#2786,0.002286);
#184=CIRCLE('',#2787,0.002286);
#185=CIRCLE('',#2789,0.002286);
#186=CIRCLE('',#2790,0.004572);
#187=CIRCLE('',#2791,0.002286);
#188=CIRCLE('',#2793,0.002286);
#189=CIRCLE('',#2795,0.002286);
#190=CIRCLE('',#2796,0.002286);
#191=CIRCLE('',#2797,0.004572);
#192=CIRCLE('',#2803,0.002286);
#193=CIRCLE('',#2805,0.002286);
#194=CIRCLE('',#2806,0.002286);
#195=CIRCLE('',#2807,0.004572);
#196=CIRCLE('',#2809,0.002286);
#197=CIRCLE('',#2811,0.002286);
#198=CIRCLE('',#2812,0.004572);
#199=CIRCLE('',#2813,0.002286);
#200=CIRCLE('',#2817,0.002286);
#201=CIRCLE('',#2821,0.002286);
#202=CIRCLE('',#2827,0.002286);
#203=CIRCLE('',#2830,0.002286);
#204=CIRCLE('',#2833,0.00254);
#205=CIRCLE('',#2834,0.000657261632224389);
#206=CIRCLE('',#2835,0.00319726163222439);
#207=CIRCLE('',#2840,0.00254);
#208=CIRCLE('',#2841,0.00254);
#209=CIRCLE('',#2843,0.163723407526639);
#210=CIRCLE('',#2844,0.00508);
#211=CIRCLE('',#2845,0.00254);
#212=CIRCLE('',#2847,0.00254);
#213=CIRCLE('',#2848,0.00254);
#214=CIRCLE('',#2850,0.00254);
#215=CIRCLE('',#2852,0.00254);
#216=CIRCLE('',#2853,0.00254);
#217=CIRCLE('',#2854,0.00254);
#218=CIRCLE('',#2856,0.00254);
#219=CIRCLE('',#2858,0.00254);
#220=CIRCLE('',#2859,0.00254);
#221=CIRCLE('',#2861,0.00254);
#222=CIRCLE('',#2863,0.00254);
#223=CIRCLE('',#2865,0.00508);
#224=CIRCLE('',#2866,0.163723407420053);
#225=CIRCLE('',#2867,0.00254);
#226=CIRCLE('',#2869,0.00254);
#227=CIRCLE('',#2872,0.00254);
#228=CIRCLE('',#2874,0.00254);
#229=CIRCLE('',#2876,0.00254);
#230=CIRCLE('',#2878,0.00254);
#231=CIRCLE('',#2896,0.000999999259923481);
#232=CIRCLE('',#2899,0.000700001963188249);
#233=CIRCLE('',#2906,0.000700001963188249);
#234=CIRCLE('',#2909,0.000999998024657006);
#235=CIRCLE('',#2917,0.00187499977344829);
#236=CIRCLE('',#2921,0.0017);
#237=CIRCLE('',#2922,0.0017);
#238=CIRCLE('',#2926,0.00254);
#239=CIRCLE('',#2928,0.00254);
#240=CIRCLE('',#2931,0.000762);
#241=CIRCLE('',#2932,0.000762);
#242=CIRCLE('',#2939,0.00312737224869811);
#243=CIRCLE('',#2940,0.00306605122421383);
#244=CIRCLE('',#2941,0.002286);
#245=CIRCLE('',#2943,0.002286);
#246=CIRCLE('',#2950,0.00254);
#247=CIRCLE('',#2952,0.00254);
#248=CIRCLE('',#2954,0.00254);
#249=CIRCLE('',#2956,0.00254);
#250=CIRCLE('',#2958,0.00254);
#251=CIRCLE('',#2960,0.00254);
#252=CIRCLE('',#2962,0.00254);
#253=CIRCLE('',#2964,0.00254);
#254=ORIENTED_EDGE('',*,*,#1046,.T.);
#255=ORIENTED_EDGE('',*,*,#1047,.F.);
#256=ORIENTED_EDGE('',*,*,#1048,.T.);
#257=ORIENTED_EDGE('',*,*,#1049,.T.);
#258=ORIENTED_EDGE('',*,*,#1050,.T.);
#259=ORIENTED_EDGE('',*,*,#1051,.T.);
#260=ORIENTED_EDGE('',*,*,#1052,.T.);
#261=ORIENTED_EDGE('',*,*,#1053,.T.);
#262=ORIENTED_EDGE('',*,*,#1054,.F.);
#263=ORIENTED_EDGE('',*,*,#1055,.T.);
#264=ORIENTED_EDGE('',*,*,#1056,.F.);
#265=ORIENTED_EDGE('',*,*,#1057,.T.);
#266=ORIENTED_EDGE('',*,*,#1058,.T.);
#267=ORIENTED_EDGE('',*,*,#1059,.T.);
#268=ORIENTED_EDGE('',*,*,#1060,.T.);
#269=ORIENTED_EDGE('',*,*,#1054,.T.);
#270=ORIENTED_EDGE('',*,*,#1061,.T.);
#271=ORIENTED_EDGE('',*,*,#1062,.T.);
#272=ORIENTED_EDGE('',*,*,#1063,.F.);
#273=ORIENTED_EDGE('',*,*,#1064,.T.);
#274=ORIENTED_EDGE('',*,*,#1065,.F.);
#275=ORIENTED_EDGE('',*,*,#1066,.F.);
#276=ORIENTED_EDGE('',*,*,#1067,.T.);
#277=ORIENTED_EDGE('',*,*,#1068,.T.);
#278=ORIENTED_EDGE('',*,*,#1069,.F.);
#279=ORIENTED_EDGE('',*,*,#1070,.T.);
#280=ORIENTED_EDGE('',*,*,#1071,.F.);
#281=ORIENTED_EDGE('',*,*,#1072,.T.);
#282=ORIENTED_EDGE('',*,*,#1057,.F.);
#283=ORIENTED_EDGE('',*,*,#1073,.T.);
#284=ORIENTED_EDGE('',*,*,#1074,.F.);
#285=ORIENTED_EDGE('',*,*,#1075,.F.);
#286=ORIENTED_EDGE('',*,*,#1076,.T.);
#287=ORIENTED_EDGE('',*,*,#1077,.F.);
#288=ORIENTED_EDGE('',*,*,#1078,.F.);
#289=ORIENTED_EDGE('',*,*,#1079,.F.);
#290=ORIENTED_EDGE('',*,*,#1080,.F.);
#291=ORIENTED_EDGE('',*,*,#1081,.F.);
#292=ORIENTED_EDGE('',*,*,#1082,.F.);
#293=ORIENTED_EDGE('',*,*,#1083,.F.);
#294=ORIENTED_EDGE('',*,*,#1084,.F.);
#295=ORIENTED_EDGE('',*,*,#1085,.F.);
#296=ORIENTED_EDGE('',*,*,#1086,.F.);
#297=ORIENTED_EDGE('',*,*,#1087,.F.);
#298=ORIENTED_EDGE('',*,*,#1088,.F.);
#299=ORIENTED_EDGE('',*,*,#1089,.F.);
#300=ORIENTED_EDGE('',*,*,#1090,.F.);
#301=ORIENTED_EDGE('',*,*,#1091,.F.);
#302=ORIENTED_EDGE('',*,*,#1092,.T.);
#303=ORIENTED_EDGE('',*,*,#1093,.T.);
#304=ORIENTED_EDGE('',*,*,#1094,.F.);
#305=ORIENTED_EDGE('',*,*,#1095,.F.);
#306=ORIENTED_EDGE('',*,*,#1096,.T.);
#307=ORIENTED_EDGE('',*,*,#1097,.T.);
#308=ORIENTED_EDGE('',*,*,#1050,.F.);
#309=ORIENTED_EDGE('',*,*,#1098,.F.);
#310=ORIENTED_EDGE('',*,*,#1099,.F.);
#311=ORIENTED_EDGE('',*,*,#1100,.F.);
#312=ORIENTED_EDGE('',*,*,#1101,.F.);
#313=ORIENTED_EDGE('',*,*,#1102,.F.);
#314=ORIENTED_EDGE('',*,*,#1103,.F.);
#315=ORIENTED_EDGE('',*,*,#1104,.F.);
#316=ORIENTED_EDGE('',*,*,#1105,.T.);
#317=ORIENTED_EDGE('',*,*,#1106,.T.);
#318=ORIENTED_EDGE('',*,*,#1048,.F.);
#319=ORIENTED_EDGE('',*,*,#1107,.F.);
#320=ORIENTED_EDGE('',*,*,#1108,.F.);
#321=ORIENTED_EDGE('',*,*,#1109,.T.);
#322=ORIENTED_EDGE('',*,*,#1110,.T.);
#323=ORIENTED_EDGE('',*,*,#1111,.F.);
#324=ORIENTED_EDGE('',*,*,#1112,.F.);
#325=ORIENTED_EDGE('',*,*,#1113,.F.);
#326=ORIENTED_EDGE('',*,*,#1114,.T.);
#327=ORIENTED_EDGE('',*,*,#1115,.T.);
#328=ORIENTED_EDGE('',*,*,#1116,.F.);
#329=ORIENTED_EDGE('',*,*,#1117,.F.);
#330=ORIENTED_EDGE('',*,*,#1118,.T.);
#331=ORIENTED_EDGE('',*,*,#1119,.F.);
#332=ORIENTED_EDGE('',*,*,#1120,.F.);
#333=ORIENTED_EDGE('',*,*,#1121,.F.);
#334=ORIENTED_EDGE('',*,*,#1122,.F.);
#335=ORIENTED_EDGE('',*,*,#1123,.F.);
#336=ORIENTED_EDGE('',*,*,#1124,.F.);
#337=ORIENTED_EDGE('',*,*,#1125,.F.);
#338=ORIENTED_EDGE('',*,*,#1126,.T.);
#339=ORIENTED_EDGE('',*,*,#1127,.F.);
#340=ORIENTED_EDGE('',*,*,#1128,.T.);
#341=ORIENTED_EDGE('',*,*,#1129,.F.);
#342=ORIENTED_EDGE('',*,*,#1098,.T.);
#343=ORIENTED_EDGE('',*,*,#1049,.F.);
#344=ORIENTED_EDGE('',*,*,#1106,.F.);
#345=ORIENTED_EDGE('',*,*,#1130,.F.);
#346=ORIENTED_EDGE('',*,*,#1131,.F.);
#347=ORIENTED_EDGE('',*,*,#1132,.F.);
#348=ORIENTED_EDGE('',*,*,#1133,.F.);
#349=ORIENTED_EDGE('',*,*,#1134,.F.);
#350=ORIENTED_EDGE('',*,*,#1135,.F.);
#351=ORIENTED_EDGE('',*,*,#1136,.F.);
#352=ORIENTED_EDGE('',*,*,#1137,.F.);
#353=ORIENTED_EDGE('',*,*,#1138,.F.);
#354=ORIENTED_EDGE('',*,*,#1139,.F.);
#355=ORIENTED_EDGE('',*,*,#1140,.T.);
#356=ORIENTED_EDGE('',*,*,#1132,.T.);
#357=ORIENTED_EDGE('',*,*,#1141,.F.);
#358=ORIENTED_EDGE('',*,*,#1142,.F.);
#359=ORIENTED_EDGE('',*,*,#1143,.F.);
#360=ORIENTED_EDGE('',*,*,#1144,.F.);
#361=ORIENTED_EDGE('',*,*,#1145,.T.);
#362=ORIENTED_EDGE('',*,*,#1146,.F.);
#363=ORIENTED_EDGE('',*,*,#1136,.T.);
#364=ORIENTED_EDGE('',*,*,#1147,.T.);
#365=ORIENTED_EDGE('',*,*,#1148,.F.);
#366=ORIENTED_EDGE('',*,*,#1149,.T.);
#367=ORIENTED_EDGE('',*,*,#1145,.F.);
#368=ORIENTED_EDGE('',*,*,#1150,.F.);
#369=ORIENTED_EDGE('',*,*,#1142,.T.);
#370=ORIENTED_EDGE('',*,*,#1151,.F.);
#371=ORIENTED_EDGE('',*,*,#1152,.F.);
#372=ORIENTED_EDGE('',*,*,#1153,.F.);
#373=ORIENTED_EDGE('',*,*,#1154,.F.);
#374=ORIENTED_EDGE('',*,*,#1147,.F.);
#375=ORIENTED_EDGE('',*,*,#1135,.T.);
#376=ORIENTED_EDGE('',*,*,#1155,.T.);
#377=ORIENTED_EDGE('',*,*,#1156,.F.);
#378=ORIENTED_EDGE('',*,*,#1157,.T.);
#379=ORIENTED_EDGE('',*,*,#1158,.F.);
#380=ORIENTED_EDGE('',*,*,#1159,.T.);
#381=ORIENTED_EDGE('',*,*,#1133,.T.);
#382=ORIENTED_EDGE('',*,*,#1140,.F.);
#383=ORIENTED_EDGE('',*,*,#1160,.T.);
#384=ORIENTED_EDGE('',*,*,#1161,.F.);
#385=ORIENTED_EDGE('',*,*,#1162,.F.);
#386=ORIENTED_EDGE('',*,*,#1163,.T.);
#387=ORIENTED_EDGE('',*,*,#1164,.T.);
#388=ORIENTED_EDGE('',*,*,#1165,.T.);
#389=ORIENTED_EDGE('',*,*,#1166,.F.);
#390=ORIENTED_EDGE('',*,*,#1163,.F.);
#391=ORIENTED_EDGE('',*,*,#1167,.T.);
#392=ORIENTED_EDGE('',*,*,#1168,.F.);
#393=ORIENTED_EDGE('',*,*,#1169,.F.);
#394=ORIENTED_EDGE('',*,*,#1161,.T.);
#395=ORIENTED_EDGE('',*,*,#1170,.T.);
#396=ORIENTED_EDGE('',*,*,#1171,.T.);
#397=ORIENTED_EDGE('',*,*,#1148,.T.);
#398=ORIENTED_EDGE('',*,*,#1164,.F.);
#399=ORIENTED_EDGE('',*,*,#1166,.T.);
#400=ORIENTED_EDGE('',*,*,#1152,.T.);
#401=ORIENTED_EDGE('',*,*,#1172,.F.);
#402=ORIENTED_EDGE('',*,*,#1157,.F.);
#403=ORIENTED_EDGE('',*,*,#1173,.T.);
#404=ORIENTED_EDGE('',*,*,#1174,.F.);
#405=ORIENTED_EDGE('',*,*,#1175,.T.);
#406=ORIENTED_EDGE('',*,*,#1176,.F.);
#407=ORIENTED_EDGE('',*,*,#1177,.F.);
#408=ORIENTED_EDGE('',*,*,#1178,.F.);
#409=ORIENTED_EDGE('',*,*,#1179,.F.);
#410=ORIENTED_EDGE('',*,*,#1180,.F.);
#411=ORIENTED_EDGE('',*,*,#1181,.T.);
#412=ORIENTED_EDGE('',*,*,#1182,.T.);
#413=ORIENTED_EDGE('',*,*,#1183,.F.);
#414=ORIENTED_EDGE('',*,*,#1184,.F.);
#415=ORIENTED_EDGE('',*,*,#1185,.F.);
#416=ORIENTED_EDGE('',*,*,#1186,.T.);
#417=ORIENTED_EDGE('',*,*,#1187,.F.);
#418=ORIENTED_EDGE('',*,*,#1188,.T.);
#419=ORIENTED_EDGE('',*,*,#1189,.T.);
#420=ORIENTED_EDGE('',*,*,#1190,.T.);
#421=ORIENTED_EDGE('',*,*,#1191,.F.);
#422=ORIENTED_EDGE('',*,*,#1192,.T.);
#423=ORIENTED_EDGE('',*,*,#1193,.F.);
#424=ORIENTED_EDGE('',*,*,#1194,.F.);
#425=ORIENTED_EDGE('',*,*,#1120,.T.);
#426=ORIENTED_EDGE('',*,*,#1195,.T.);
#427=ORIENTED_EDGE('',*,*,#1196,.F.);
#428=ORIENTED_EDGE('',*,*,#1197,.T.);
#429=ORIENTED_EDGE('',*,*,#1121,.T.);
#430=ORIENTED_EDGE('',*,*,#1194,.T.);
#431=ORIENTED_EDGE('',*,*,#1198,.F.);
#432=ORIENTED_EDGE('',*,*,#1199,.F.);
#433=ORIENTED_EDGE('',*,*,#1118,.F.);
#434=ORIENTED_EDGE('',*,*,#1197,.F.);
#435=ORIENTED_EDGE('',*,*,#1200,.T.);
#436=ORIENTED_EDGE('',*,*,#1199,.T.);
#437=ORIENTED_EDGE('',*,*,#1046,.F.);
#438=ORIENTED_EDGE('',*,*,#1195,.F.);
#439=ORIENTED_EDGE('',*,*,#1119,.T.);
#440=ORIENTED_EDGE('',*,*,#1201,.T.);
#441=ORIENTED_EDGE('',*,*,#1202,.F.);
#442=ORIENTED_EDGE('',*,*,#1203,.T.);
#443=ORIENTED_EDGE('',*,*,#1204,.T.);
#444=ORIENTED_EDGE('',*,*,#1205,.F.);
#445=ORIENTED_EDGE('',*,*,#1203,.F.);
#446=ORIENTED_EDGE('',*,*,#1206,.F.);
#447=ORIENTED_EDGE('',*,*,#1207,.T.);
#448=ORIENTED_EDGE('',*,*,#1208,.F.);
#449=ORIENTED_EDGE('',*,*,#1204,.F.);
#450=ORIENTED_EDGE('',*,*,#1209,.T.);
#451=ORIENTED_EDGE('',*,*,#1210,.T.);
#452=ORIENTED_EDGE('',*,*,#1211,.F.);
#453=ORIENTED_EDGE('',*,*,#1207,.F.);
#454=ORIENTED_EDGE('',*,*,#1212,.T.);
#455=ORIENTED_EDGE('',*,*,#1213,.T.);
#456=ORIENTED_EDGE('',*,*,#1214,.T.);
#457=ORIENTED_EDGE('',*,*,#1210,.F.);
#458=ORIENTED_EDGE('',*,*,#1215,.F.);
#459=ORIENTED_EDGE('',*,*,#1216,.F.);
#460=ORIENTED_EDGE('',*,*,#1217,.F.);
#461=ORIENTED_EDGE('',*,*,#1213,.F.);
#462=ORIENTED_EDGE('',*,*,#1218,.T.);
#463=ORIENTED_EDGE('',*,*,#1219,.F.);
#464=ORIENTED_EDGE('',*,*,#1220,.F.);
#465=ORIENTED_EDGE('',*,*,#1216,.T.);
#466=ORIENTED_EDGE('',*,*,#1221,.T.);
#467=ORIENTED_EDGE('',*,*,#1222,.T.);
#468=ORIENTED_EDGE('',*,*,#1223,.F.);
#469=ORIENTED_EDGE('',*,*,#1219,.T.);
#470=ORIENTED_EDGE('',*,*,#1224,.T.);
#471=ORIENTED_EDGE('',*,*,#1225,.T.);
#472=ORIENTED_EDGE('',*,*,#1226,.F.);
#473=ORIENTED_EDGE('',*,*,#1222,.F.);
#474=ORIENTED_EDGE('',*,*,#1227,.T.);
#475=ORIENTED_EDGE('',*,*,#1228,.T.);
#476=ORIENTED_EDGE('',*,*,#1229,.T.);
#477=ORIENTED_EDGE('',*,*,#1225,.F.);
#478=ORIENTED_EDGE('',*,*,#1230,.F.);
#479=ORIENTED_EDGE('',*,*,#1231,.T.);
#480=ORIENTED_EDGE('',*,*,#1232,.F.);
#481=ORIENTED_EDGE('',*,*,#1228,.F.);
#482=ORIENTED_EDGE('',*,*,#1233,.T.);
#483=ORIENTED_EDGE('',*,*,#1234,.T.);
#484=ORIENTED_EDGE('',*,*,#1235,.F.);
#485=ORIENTED_EDGE('',*,*,#1231,.F.);
#486=ORIENTED_EDGE('',*,*,#1236,.F.);
#487=ORIENTED_EDGE('',*,*,#1237,.T.);
#488=ORIENTED_EDGE('',*,*,#1238,.F.);
#489=ORIENTED_EDGE('',*,*,#1234,.F.);
#490=ORIENTED_EDGE('',*,*,#1109,.F.);
#491=ORIENTED_EDGE('',*,*,#1201,.F.);
#492=ORIENTED_EDGE('',*,*,#1205,.T.);
#493=ORIENTED_EDGE('',*,*,#1239,.T.);
#494=ORIENTED_EDGE('',*,*,#1235,.T.);
#495=ORIENTED_EDGE('',*,*,#1238,.T.);
#496=ORIENTED_EDGE('',*,*,#1240,.T.);
#497=ORIENTED_EDGE('',*,*,#1202,.T.);
#498=ORIENTED_EDGE('',*,*,#1108,.T.);
#499=ORIENTED_EDGE('',*,*,#1209,.F.);
#500=ORIENTED_EDGE('',*,*,#1206,.T.);
#501=ORIENTED_EDGE('',*,*,#1240,.F.);
#502=ORIENTED_EDGE('',*,*,#1241,.F.);
#503=ORIENTED_EDGE('',*,*,#1242,.F.);
#504=ORIENTED_EDGE('',*,*,#1243,.T.);
#505=ORIENTED_EDGE('',*,*,#1244,.T.);
#506=ORIENTED_EDGE('',*,*,#1236,.T.);
#507=ORIENTED_EDGE('',*,*,#1233,.F.);
#508=ORIENTED_EDGE('',*,*,#1245,.F.);
#509=ORIENTED_EDGE('',*,*,#1246,.F.);
#510=ORIENTED_EDGE('',*,*,#1247,.T.);
#511=ORIENTED_EDGE('',*,*,#1110,.F.);
#512=ORIENTED_EDGE('',*,*,#1237,.F.);
#513=ORIENTED_EDGE('',*,*,#1244,.F.);
#514=ORIENTED_EDGE('',*,*,#1242,.T.);
#515=ORIENTED_EDGE('',*,*,#1248,.F.);
#516=ORIENTED_EDGE('',*,*,#1246,.T.);
#517=ORIENTED_EDGE('',*,*,#1249,.T.);
#518=ORIENTED_EDGE('',*,*,#1250,.T.);
#519=ORIENTED_EDGE('',*,*,#1214,.F.);
#520=ORIENTED_EDGE('',*,*,#1251,.F.);
#521=ORIENTED_EDGE('',*,*,#1226,.T.);
#522=ORIENTED_EDGE('',*,*,#1252,.F.);
#523=ORIENTED_EDGE('',*,*,#1168,.T.);
#524=ORIENTED_EDGE('',*,*,#1253,.T.);
#525=ORIENTED_EDGE('',*,*,#1254,.F.);
#526=ORIENTED_EDGE('',*,*,#1255,.F.);
#527=ORIENTED_EDGE('',*,*,#1256,.T.);
#528=ORIENTED_EDGE('',*,*,#1257,.F.);
#529=ORIENTED_EDGE('',*,*,#1165,.F.);
#530=ORIENTED_EDGE('',*,*,#1258,.T.);
#531=ORIENTED_EDGE('',*,*,#1259,.T.);
#532=ORIENTED_EDGE('',*,*,#1067,.F.);
#533=ORIENTED_EDGE('',*,*,#1260,.F.);
#534=ORIENTED_EDGE('',*,*,#1261,.F.);
#535=ORIENTED_EDGE('',*,*,#1262,.F.);
#536=ORIENTED_EDGE('',*,*,#1258,.F.);
#537=ORIENTED_EDGE('',*,*,#1263,.T.);
#538=ORIENTED_EDGE('',*,*,#1076,.F.);
#539=ORIENTED_EDGE('',*,*,#1264,.F.);
#540=ORIENTED_EDGE('',*,*,#1265,.T.);
#541=ORIENTED_EDGE('',*,*,#1266,.T.);
#542=ORIENTED_EDGE('',*,*,#1058,.F.);
#543=ORIENTED_EDGE('',*,*,#1072,.F.);
#544=ORIENTED_EDGE('',*,*,#1267,.T.);
#545=ORIENTED_EDGE('',*,*,#1094,.T.);
#546=ORIENTED_EDGE('',*,*,#1062,.F.);
#547=ORIENTED_EDGE('',*,*,#1268,.T.);
#548=ORIENTED_EDGE('',*,*,#1269,.T.);
#549=ORIENTED_EDGE('',*,*,#1092,.F.);
#550=ORIENTED_EDGE('',*,*,#1270,.T.);
#551=ORIENTED_EDGE('',*,*,#1065,.T.);
#552=ORIENTED_EDGE('',*,*,#1271,.T.);
#553=ORIENTED_EDGE('',*,*,#1272,.F.);
#554=ORIENTED_EDGE('',*,*,#1273,.F.);
#555=ORIENTED_EDGE('',*,*,#1274,.F.);
#556=ORIENTED_EDGE('',*,*,#1275,.T.);
#557=ORIENTED_EDGE('',*,*,#1276,.T.);
#558=ORIENTED_EDGE('',*,*,#1277,.F.);
#559=ORIENTED_EDGE('',*,*,#1278,.F.);
#560=ORIENTED_EDGE('',*,*,#1113,.T.);
#561=ORIENTED_EDGE('',*,*,#1279,.T.);
#562=ORIENTED_EDGE('',*,*,#1276,.F.);
#563=ORIENTED_EDGE('',*,*,#1280,.F.);
#564=ORIENTED_EDGE('',*,*,#1281,.T.);
#565=ORIENTED_EDGE('',*,*,#1282,.T.);
#566=ORIENTED_EDGE('',*,*,#1274,.T.);
#567=ORIENTED_EDGE('',*,*,#1283,.F.);
#568=ORIENTED_EDGE('',*,*,#1284,.F.);
#569=ORIENTED_EDGE('',*,*,#1285,.T.);
#570=ORIENTED_EDGE('',*,*,#1280,.T.);
#571=ORIENTED_EDGE('',*,*,#1286,.F.);
#572=ORIENTED_EDGE('',*,*,#1287,.F.);
#573=ORIENTED_EDGE('',*,*,#1281,.F.);
#574=ORIENTED_EDGE('',*,*,#1288,.T.);
#575=ORIENTED_EDGE('',*,*,#1289,.F.);
#576=ORIENTED_EDGE('',*,*,#1290,.F.);
#577=ORIENTED_EDGE('',*,*,#1291,.T.);
#578=ORIENTED_EDGE('',*,*,#1292,.F.);
#579=ORIENTED_EDGE('',*,*,#1293,.T.);
#580=ORIENTED_EDGE('',*,*,#1294,.T.);
#581=ORIENTED_EDGE('',*,*,#1295,.F.);
#582=ORIENTED_EDGE('',*,*,#1296,.F.);
#583=ORIENTED_EDGE('',*,*,#1297,.T.);
#584=ORIENTED_EDGE('',*,*,#1282,.F.);
#585=ORIENTED_EDGE('',*,*,#1298,.T.);
#586=ORIENTED_EDGE('',*,*,#1299,.T.);
#587=ORIENTED_EDGE('',*,*,#1286,.T.);
#588=ORIENTED_EDGE('',*,*,#1300,.T.);
#589=ORIENTED_EDGE('',*,*,#1301,.F.);
#590=ORIENTED_EDGE('',*,*,#1298,.F.);
#591=ORIENTED_EDGE('',*,*,#1302,.T.);
#592=ORIENTED_EDGE('',*,*,#1303,.F.);
#593=ORIENTED_EDGE('',*,*,#1304,.T.);
#594=ORIENTED_EDGE('',*,*,#1305,.T.);
#595=ORIENTED_EDGE('',*,*,#1299,.F.);
#596=ORIENTED_EDGE('',*,*,#1306,.T.);
#597=ORIENTED_EDGE('',*,*,#1103,.T.);
#598=ORIENTED_EDGE('',*,*,#1307,.T.);
#599=ORIENTED_EDGE('',*,*,#1308,.F.);
#600=ORIENTED_EDGE('',*,*,#1300,.F.);
#601=ORIENTED_EDGE('',*,*,#1309,.F.);
#602=ORIENTED_EDGE('',*,*,#1310,.F.);
#603=ORIENTED_EDGE('',*,*,#1311,.T.);
#604=ORIENTED_EDGE('',*,*,#1308,.T.);
#605=ORIENTED_EDGE('',*,*,#1305,.F.);
#606=ORIENTED_EDGE('',*,*,#1312,.T.);
#607=ORIENTED_EDGE('',*,*,#1295,.T.);
#608=ORIENTED_EDGE('',*,*,#1287,.T.);
#609=ORIENTED_EDGE('',*,*,#1313,.F.);
#610=ORIENTED_EDGE('',*,*,#1314,.T.);
#611=ORIENTED_EDGE('',*,*,#1127,.T.);
#612=ORIENTED_EDGE('',*,*,#1315,.F.);
#613=ORIENTED_EDGE('',*,*,#1316,.F.);
#614=ORIENTED_EDGE('',*,*,#1317,.T.);
#615=ORIENTED_EDGE('',*,*,#1125,.T.);
#616=ORIENTED_EDGE('',*,*,#1318,.F.);
#617=ORIENTED_EDGE('',*,*,#1319,.F.);
#618=ORIENTED_EDGE('',*,*,#1320,.T.);
#619=ORIENTED_EDGE('',*,*,#1123,.T.);
#620=ORIENTED_EDGE('',*,*,#1321,.F.);
#621=ORIENTED_EDGE('',*,*,#1322,.F.);
#622=ORIENTED_EDGE('',*,*,#1323,.T.);
#623=ORIENTED_EDGE('',*,*,#1129,.T.);
#624=ORIENTED_EDGE('',*,*,#1324,.F.);
#625=ORIENTED_EDGE('',*,*,#1325,.T.);
#626=ORIENTED_EDGE('',*,*,#1324,.T.);
#627=ORIENTED_EDGE('',*,*,#1128,.F.);
#628=ORIENTED_EDGE('',*,*,#1314,.F.);
#629=ORIENTED_EDGE('',*,*,#1126,.F.);
#630=ORIENTED_EDGE('',*,*,#1317,.F.);
#631=ORIENTED_EDGE('',*,*,#1326,.T.);
#632=ORIENTED_EDGE('',*,*,#1315,.T.);
#633=ORIENTED_EDGE('',*,*,#1124,.T.);
#634=ORIENTED_EDGE('',*,*,#1320,.F.);
#635=ORIENTED_EDGE('',*,*,#1327,.F.);
#636=ORIENTED_EDGE('',*,*,#1318,.T.);
#637=ORIENTED_EDGE('',*,*,#1122,.T.);
#638=ORIENTED_EDGE('',*,*,#1323,.F.);
#639=ORIENTED_EDGE('',*,*,#1328,.F.);
#640=ORIENTED_EDGE('',*,*,#1321,.T.);
#641=ORIENTED_EDGE('',*,*,#1327,.T.);
#642=ORIENTED_EDGE('',*,*,#1319,.T.);
#643=ORIENTED_EDGE('',*,*,#1328,.T.);
#644=ORIENTED_EDGE('',*,*,#1322,.T.);
#645=ORIENTED_EDGE('',*,*,#1325,.F.);
#646=ORIENTED_EDGE('',*,*,#1313,.T.);
#647=ORIENTED_EDGE('',*,*,#1326,.F.);
#648=ORIENTED_EDGE('',*,*,#1316,.T.);
#649=ORIENTED_EDGE('',*,*,#1329,.F.);
#650=ORIENTED_EDGE('',*,*,#1330,.F.);
#651=ORIENTED_EDGE('',*,*,#1331,.T.);
#652=ORIENTED_EDGE('',*,*,#1332,.T.);
#653=ORIENTED_EDGE('',*,*,#1333,.T.);
#654=ORIENTED_EDGE('',*,*,#1334,.F.);
#655=ORIENTED_EDGE('',*,*,#1335,.T.);
#656=ORIENTED_EDGE('',*,*,#1183,.T.);
#657=ORIENTED_EDGE('',*,*,#1336,.F.);
#658=ORIENTED_EDGE('',*,*,#1337,.T.);
#659=ORIENTED_EDGE('',*,*,#1338,.F.);
#660=ORIENTED_EDGE('',*,*,#1339,.F.);
#661=ORIENTED_EDGE('',*,*,#1332,.F.);
#662=ORIENTED_EDGE('',*,*,#1340,.F.);
#663=ORIENTED_EDGE('',*,*,#1339,.T.);
#664=ORIENTED_EDGE('',*,*,#1341,.T.);
#665=ORIENTED_EDGE('',*,*,#1342,.T.);
#666=ORIENTED_EDGE('',*,*,#1114,.F.);
#667=ORIENTED_EDGE('',*,*,#1278,.T.);
#668=ORIENTED_EDGE('',*,*,#1285,.F.);
#669=ORIENTED_EDGE('',*,*,#1047,.T.);
#670=ORIENTED_EDGE('',*,*,#1200,.F.);
#671=ORIENTED_EDGE('',*,*,#1343,.F.);
#672=ORIENTED_EDGE('',*,*,#1111,.T.);
#673=ORIENTED_EDGE('',*,*,#1247,.F.);
#674=ORIENTED_EDGE('',*,*,#1248,.T.);
#675=ORIENTED_EDGE('',*,*,#1241,.T.);
#676=ORIENTED_EDGE('',*,*,#1107,.T.);
#677=ORIENTED_EDGE('',*,*,#1344,.T.);
#678=ORIENTED_EDGE('',*,*,#1345,.T.);
#679=ORIENTED_EDGE('',*,*,#1051,.F.);
#680=ORIENTED_EDGE('',*,*,#1105,.F.);
#681=ORIENTED_EDGE('',*,*,#1346,.T.);
#682=ORIENTED_EDGE('',*,*,#1196,.T.);
#683=ORIENTED_EDGE('',*,*,#1055,.F.);
#684=ORIENTED_EDGE('',*,*,#1060,.F.);
#685=ORIENTED_EDGE('',*,*,#1347,.F.);
#686=ORIENTED_EDGE('',*,*,#1066,.T.);
#687=ORIENTED_EDGE('',*,*,#1270,.F.);
#688=ORIENTED_EDGE('',*,*,#1097,.F.);
#689=ORIENTED_EDGE('',*,*,#1348,.T.);
#690=ORIENTED_EDGE('',*,*,#1260,.T.);
#691=ORIENTED_EDGE('',*,*,#1347,.T.);
#692=ORIENTED_EDGE('',*,*,#1096,.F.);
#693=ORIENTED_EDGE('',*,*,#1267,.F.);
#694=ORIENTED_EDGE('',*,*,#1263,.F.);
#695=ORIENTED_EDGE('',*,*,#1348,.F.);
#696=ORIENTED_EDGE('',*,*,#1095,.T.);
#697=ORIENTED_EDGE('',*,*,#1349,.T.);
#698=ORIENTED_EDGE('',*,*,#1084,.T.);
#699=ORIENTED_EDGE('',*,*,#1350,.F.);
#700=ORIENTED_EDGE('',*,*,#1351,.T.);
#701=ORIENTED_EDGE('',*,*,#1350,.T.);
#702=ORIENTED_EDGE('',*,*,#1090,.T.);
#703=ORIENTED_EDGE('',*,*,#1352,.T.);
#704=ORIENTED_EDGE('',*,*,#1353,.T.);
#705=ORIENTED_EDGE('',*,*,#1352,.F.);
#706=ORIENTED_EDGE('',*,*,#1089,.T.);
#707=ORIENTED_EDGE('',*,*,#1354,.F.);
#708=ORIENTED_EDGE('',*,*,#1355,.F.);
#709=ORIENTED_EDGE('',*,*,#1354,.T.);
#710=ORIENTED_EDGE('',*,*,#1088,.T.);
#711=ORIENTED_EDGE('',*,*,#1356,.T.);
#712=ORIENTED_EDGE('',*,*,#1357,.T.);
#713=ORIENTED_EDGE('',*,*,#1087,.T.);
#714=ORIENTED_EDGE('',*,*,#1358,.F.);
#715=ORIENTED_EDGE('',*,*,#1359,.F.);
#716=ORIENTED_EDGE('',*,*,#1356,.F.);
#717=ORIENTED_EDGE('',*,*,#1086,.T.);
#718=ORIENTED_EDGE('',*,*,#1360,.T.);
#719=ORIENTED_EDGE('',*,*,#1361,.T.);
#720=ORIENTED_EDGE('',*,*,#1358,.T.);
#721=ORIENTED_EDGE('',*,*,#1085,.T.);
#722=ORIENTED_EDGE('',*,*,#1349,.F.);
#723=ORIENTED_EDGE('',*,*,#1362,.F.);
#724=ORIENTED_EDGE('',*,*,#1360,.F.);
#725=ORIENTED_EDGE('',*,*,#1363,.F.);
#726=ORIENTED_EDGE('',*,*,#1077,.T.);
#727=ORIENTED_EDGE('',*,*,#1364,.F.);
#728=ORIENTED_EDGE('',*,*,#1365,.F.);
#729=ORIENTED_EDGE('',*,*,#1364,.T.);
#730=ORIENTED_EDGE('',*,*,#1083,.T.);
#731=ORIENTED_EDGE('',*,*,#1366,.F.);
#732=ORIENTED_EDGE('',*,*,#1367,.T.);
#733=ORIENTED_EDGE('',*,*,#1366,.T.);
#734=ORIENTED_EDGE('',*,*,#1082,.T.);
#735=ORIENTED_EDGE('',*,*,#1368,.T.);
#736=ORIENTED_EDGE('',*,*,#1369,.T.);
#737=ORIENTED_EDGE('',*,*,#1368,.F.);
#738=ORIENTED_EDGE('',*,*,#1081,.T.);
#739=ORIENTED_EDGE('',*,*,#1370,.F.);
#740=ORIENTED_EDGE('',*,*,#1371,.F.);
#741=ORIENTED_EDGE('',*,*,#1080,.T.);
#742=ORIENTED_EDGE('',*,*,#1372,.T.);
#743=ORIENTED_EDGE('',*,*,#1373,.T.);
#744=ORIENTED_EDGE('',*,*,#1370,.T.);
#745=ORIENTED_EDGE('',*,*,#1079,.T.);
#746=ORIENTED_EDGE('',*,*,#1374,.F.);
#747=ORIENTED_EDGE('',*,*,#1375,.F.);
#748=ORIENTED_EDGE('',*,*,#1372,.F.);
#749=ORIENTED_EDGE('',*,*,#1374,.T.);
#750=ORIENTED_EDGE('',*,*,#1078,.T.);
#751=ORIENTED_EDGE('',*,*,#1363,.T.);
#752=ORIENTED_EDGE('',*,*,#1376,.T.);
#753=ORIENTED_EDGE('',*,*,#1377,.F.);
#754=ORIENTED_EDGE('',*,*,#1255,.T.);
#755=ORIENTED_EDGE('',*,*,#1167,.F.);
#756=ORIENTED_EDGE('',*,*,#1162,.T.);
#757=ORIENTED_EDGE('',*,*,#1169,.T.);
#758=ORIENTED_EDGE('',*,*,#1252,.T.);
#759=ORIENTED_EDGE('',*,*,#1378,.T.);
#760=ORIENTED_EDGE('',*,*,#1249,.F.);
#761=ORIENTED_EDGE('',*,*,#1245,.T.);
#762=ORIENTED_EDGE('',*,*,#1230,.T.);
#763=ORIENTED_EDGE('',*,*,#1227,.F.);
#764=ORIENTED_EDGE('',*,*,#1224,.F.);
#765=ORIENTED_EDGE('',*,*,#1379,.T.);
#766=ORIENTED_EDGE('',*,*,#1256,.F.);
#767=ORIENTED_EDGE('',*,*,#1377,.T.);
#768=ORIENTED_EDGE('',*,*,#1380,.T.);
#769=ORIENTED_EDGE('',*,*,#1251,.T.);
#770=ORIENTED_EDGE('',*,*,#1217,.T.);
#771=ORIENTED_EDGE('',*,*,#1220,.T.);
#772=ORIENTED_EDGE('',*,*,#1223,.T.);
#773=ORIENTED_EDGE('',*,*,#1215,.T.);
#774=ORIENTED_EDGE('',*,*,#1212,.F.);
#775=ORIENTED_EDGE('',*,*,#1243,.F.);
#776=ORIENTED_EDGE('',*,*,#1378,.F.);
#777=ORIENTED_EDGE('',*,*,#1254,.T.);
#778=ORIENTED_EDGE('',*,*,#1381,.F.);
#779=ORIENTED_EDGE('',*,*,#1218,.F.);
#780=ORIENTED_EDGE('',*,*,#1379,.F.);
#781=ORIENTED_EDGE('',*,*,#1221,.F.);
#782=ORIENTED_EDGE('',*,*,#1381,.T.);
#783=ORIENTED_EDGE('',*,*,#1382,.F.);
#784=ORIENTED_EDGE('',*,*,#1383,.F.);
#785=ORIENTED_EDGE('',*,*,#1153,.T.);
#786=ORIENTED_EDGE('',*,*,#1173,.F.);
#787=ORIENTED_EDGE('',*,*,#1156,.T.);
#788=ORIENTED_EDGE('',*,*,#1384,.T.);
#789=ORIENTED_EDGE('',*,*,#1385,.F.);
#790=ORIENTED_EDGE('',*,*,#1386,.F.);
#791=ORIENTED_EDGE('',*,*,#1387,.F.);
#792=ORIENTED_EDGE('',*,*,#1388,.T.);
#793=ORIENTED_EDGE('',*,*,#1389,.F.);
#794=ORIENTED_EDGE('',*,*,#1386,.T.);
#795=ORIENTED_EDGE('',*,*,#1390,.F.);
#796=ORIENTED_EDGE('',*,*,#1391,.F.);
#797=ORIENTED_EDGE('',*,*,#1158,.T.);
#798=ORIENTED_EDGE('',*,*,#1172,.T.);
#799=ORIENTED_EDGE('',*,*,#1151,.T.);
#800=ORIENTED_EDGE('',*,*,#1392,.F.);
#801=ORIENTED_EDGE('',*,*,#1388,.F.);
#802=ORIENTED_EDGE('',*,*,#1392,.T.);
#803=ORIENTED_EDGE('',*,*,#1154,.T.);
#804=ORIENTED_EDGE('',*,*,#1383,.T.);
#805=ORIENTED_EDGE('',*,*,#1389,.T.);
#806=ORIENTED_EDGE('',*,*,#1091,.T.);
#807=ORIENTED_EDGE('',*,*,#1393,.T.);
#808=ORIENTED_EDGE('',*,*,#1069,.T.);
#809=ORIENTED_EDGE('',*,*,#1394,.T.);
#810=ORIENTED_EDGE('',*,*,#1261,.T.);
#811=ORIENTED_EDGE('',*,*,#1395,.T.);
#812=ORIENTED_EDGE('',*,*,#1333,.F.);
#813=ORIENTED_EDGE('',*,*,#1341,.F.);
#814=ORIENTED_EDGE('',*,*,#1338,.T.);
#815=ORIENTED_EDGE('',*,*,#1340,.T.);
#816=ORIENTED_EDGE('',*,*,#1331,.F.);
#817=ORIENTED_EDGE('',*,*,#1396,.F.);
#818=ORIENTED_EDGE('',*,*,#1336,.T.);
#819=ORIENTED_EDGE('',*,*,#1116,.T.);
#820=ORIENTED_EDGE('',*,*,#1397,.T.);
#821=ORIENTED_EDGE('',*,*,#1184,.T.);
#822=ORIENTED_EDGE('',*,*,#1335,.F.);
#823=ORIENTED_EDGE('',*,*,#1398,.F.);
#824=ORIENTED_EDGE('',*,*,#1182,.F.);
#825=ORIENTED_EDGE('',*,*,#1399,.F.);
#826=ORIENTED_EDGE('',*,*,#1100,.T.);
#827=ORIENTED_EDGE('',*,*,#1400,.T.);
#828=ORIENTED_EDGE('',*,*,#1329,.T.);
#829=ORIENTED_EDGE('',*,*,#1130,.T.);
#830=ORIENTED_EDGE('',*,*,#1117,.T.);
#831=ORIENTED_EDGE('',*,*,#1398,.T.);
#832=ORIENTED_EDGE('',*,*,#1334,.T.);
#833=ORIENTED_EDGE('',*,*,#1395,.F.);
#834=ORIENTED_EDGE('',*,*,#1337,.F.);
#835=ORIENTED_EDGE('',*,*,#1396,.T.);
#836=ORIENTED_EDGE('',*,*,#1330,.T.);
#837=ORIENTED_EDGE('',*,*,#1400,.F.);
#838=ORIENTED_EDGE('',*,*,#1099,.T.);
#839=ORIENTED_EDGE('',*,*,#1343,.T.);
#840=ORIENTED_EDGE('',*,*,#1198,.T.);
#841=ORIENTED_EDGE('',*,*,#1346,.F.);
#842=ORIENTED_EDGE('',*,*,#1104,.T.);
#843=ORIENTED_EDGE('',*,*,#1306,.F.);
#844=ORIENTED_EDGE('',*,*,#1302,.F.);
#845=ORIENTED_EDGE('',*,*,#1294,.F.);
#846=ORIENTED_EDGE('',*,*,#1401,.T.);
#847=ORIENTED_EDGE('',*,*,#1402,.F.);
#848=ORIENTED_EDGE('',*,*,#1403,.T.);
#849=ORIENTED_EDGE('',*,*,#1404,.F.);
#850=ORIENTED_EDGE('',*,*,#1405,.F.);
#851=ORIENTED_EDGE('',*,*,#1288,.F.);
#852=ORIENTED_EDGE('',*,*,#1277,.T.);
#853=ORIENTED_EDGE('',*,*,#1279,.F.);
#854=ORIENTED_EDGE('',*,*,#1112,.T.);
#855=ORIENTED_EDGE('',*,*,#1311,.F.);
#856=ORIENTED_EDGE('',*,*,#1406,.F.);
#857=ORIENTED_EDGE('',*,*,#1303,.T.);
#858=ORIENTED_EDGE('',*,*,#1301,.T.);
#859=ORIENTED_EDGE('',*,*,#1297,.F.);
#860=ORIENTED_EDGE('',*,*,#1407,.T.);
#861=ORIENTED_EDGE('',*,*,#1283,.T.);
#862=ORIENTED_EDGE('',*,*,#1275,.F.);
#863=ORIENTED_EDGE('',*,*,#1307,.F.);
#864=ORIENTED_EDGE('',*,*,#1102,.T.);
#865=ORIENTED_EDGE('',*,*,#1408,.T.);
#866=ORIENTED_EDGE('',*,*,#1309,.T.);
#867=ORIENTED_EDGE('',*,*,#1239,.F.);
#868=ORIENTED_EDGE('',*,*,#1208,.T.);
#869=ORIENTED_EDGE('',*,*,#1211,.T.);
#870=ORIENTED_EDGE('',*,*,#1250,.F.);
#871=ORIENTED_EDGE('',*,*,#1229,.F.);
#872=ORIENTED_EDGE('',*,*,#1232,.T.);
#873=ORIENTED_EDGE('',*,*,#1394,.F.);
#874=ORIENTED_EDGE('',*,*,#1068,.F.);
#875=ORIENTED_EDGE('',*,*,#1259,.F.);
#876=ORIENTED_EDGE('',*,*,#1262,.T.);
#877=ORIENTED_EDGE('',*,*,#1409,.T.);
#878=ORIENTED_EDGE('',*,*,#1410,.T.);
#879=ORIENTED_EDGE('',*,*,#1411,.T.);
#880=ORIENTED_EDGE('',*,*,#1265,.F.);
#881=ORIENTED_EDGE('',*,*,#1093,.F.);
#882=ORIENTED_EDGE('',*,*,#1269,.F.);
#883=ORIENTED_EDGE('',*,*,#1412,.T.);
#884=ORIENTED_EDGE('',*,*,#1413,.T.);
#885=ORIENTED_EDGE('',*,*,#1414,.F.);
#886=ORIENTED_EDGE('',*,*,#1415,.F.);
#887=ORIENTED_EDGE('',*,*,#1416,.T.);
#888=ORIENTED_EDGE('',*,*,#1417,.F.);
#889=ORIENTED_EDGE('',*,*,#1418,.F.);
#890=ORIENTED_EDGE('',*,*,#1071,.T.);
#891=ORIENTED_EDGE('',*,*,#1419,.F.);
#892=ORIENTED_EDGE('',*,*,#1074,.T.);
#893=ORIENTED_EDGE('',*,*,#1419,.T.);
#894=ORIENTED_EDGE('',*,*,#1070,.F.);
#895=ORIENTED_EDGE('',*,*,#1393,.F.);
#896=ORIENTED_EDGE('',*,*,#1264,.T.);
#897=ORIENTED_EDGE('',*,*,#1075,.T.);
#898=ORIENTED_EDGE('',*,*,#1362,.T.);
#899=ORIENTED_EDGE('',*,*,#1351,.F.);
#900=ORIENTED_EDGE('',*,*,#1353,.F.);
#901=ORIENTED_EDGE('',*,*,#1355,.T.);
#902=ORIENTED_EDGE('',*,*,#1357,.F.);
#903=ORIENTED_EDGE('',*,*,#1359,.T.);
#904=ORIENTED_EDGE('',*,*,#1361,.F.);
#905=ORIENTED_EDGE('',*,*,#1375,.T.);
#906=ORIENTED_EDGE('',*,*,#1376,.F.);
#907=ORIENTED_EDGE('',*,*,#1365,.T.);
#908=ORIENTED_EDGE('',*,*,#1367,.F.);
#909=ORIENTED_EDGE('',*,*,#1369,.F.);
#910=ORIENTED_EDGE('',*,*,#1371,.T.);
#911=ORIENTED_EDGE('',*,*,#1373,.F.);
#912=ORIENTED_EDGE('',*,*,#1417,.T.);
#913=ORIENTED_EDGE('',*,*,#1416,.F.);
#914=ORIENTED_EDGE('',*,*,#1415,.T.);
#915=ORIENTED_EDGE('',*,*,#1412,.F.);
#916=ORIENTED_EDGE('',*,*,#1414,.T.);
#917=ORIENTED_EDGE('',*,*,#1413,.F.);
#918=ORIENTED_EDGE('',*,*,#1420,.T.);
#919=ORIENTED_EDGE('',*,*,#1185,.T.);
#920=ORIENTED_EDGE('',*,*,#1397,.F.);
#921=ORIENTED_EDGE('',*,*,#1115,.F.);
#922=ORIENTED_EDGE('',*,*,#1342,.F.);
#923=ORIENTED_EDGE('',*,*,#1421,.T.);
#924=ORIENTED_EDGE('',*,*,#1186,.F.);
#925=ORIENTED_EDGE('',*,*,#1420,.F.);
#926=ORIENTED_EDGE('',*,*,#1284,.T.);
#927=ORIENTED_EDGE('',*,*,#1422,.T.);
#928=ORIENTED_EDGE('',*,*,#1187,.T.);
#929=ORIENTED_EDGE('',*,*,#1421,.F.);
#930=ORIENTED_EDGE('',*,*,#1407,.F.);
#931=ORIENTED_EDGE('',*,*,#1423,.T.);
#932=ORIENTED_EDGE('',*,*,#1188,.F.);
#933=ORIENTED_EDGE('',*,*,#1422,.F.);
#934=ORIENTED_EDGE('',*,*,#1296,.T.);
#935=ORIENTED_EDGE('',*,*,#1424,.T.);
#936=ORIENTED_EDGE('',*,*,#1189,.F.);
#937=ORIENTED_EDGE('',*,*,#1423,.F.);
#938=ORIENTED_EDGE('',*,*,#1312,.F.);
#939=ORIENTED_EDGE('',*,*,#1425,.T.);
#940=ORIENTED_EDGE('',*,*,#1190,.F.);
#941=ORIENTED_EDGE('',*,*,#1424,.F.);
#942=ORIENTED_EDGE('',*,*,#1304,.F.);
#943=ORIENTED_EDGE('',*,*,#1426,.T.);
#944=ORIENTED_EDGE('',*,*,#1191,.T.);
#945=ORIENTED_EDGE('',*,*,#1425,.F.);
#946=ORIENTED_EDGE('',*,*,#1406,.T.);
#947=ORIENTED_EDGE('',*,*,#1427,.T.);
#948=ORIENTED_EDGE('',*,*,#1192,.F.);
#949=ORIENTED_EDGE('',*,*,#1426,.F.);
#950=ORIENTED_EDGE('',*,*,#1310,.T.);
#951=ORIENTED_EDGE('',*,*,#1399,.T.);
#952=ORIENTED_EDGE('',*,*,#1193,.T.);
#953=ORIENTED_EDGE('',*,*,#1427,.F.);
#954=ORIENTED_EDGE('',*,*,#1408,.F.);
#955=ORIENTED_EDGE('',*,*,#1101,.T.);
#956=ORIENTED_EDGE('',*,*,#1178,.T.);
#957=ORIENTED_EDGE('',*,*,#1428,.T.);
#958=ORIENTED_EDGE('',*,*,#1404,.T.);
#959=ORIENTED_EDGE('',*,*,#1429,.F.);
#960=ORIENTED_EDGE('',*,*,#1176,.T.);
#961=ORIENTED_EDGE('',*,*,#1430,.T.);
#962=ORIENTED_EDGE('',*,*,#1290,.T.);
#963=ORIENTED_EDGE('',*,*,#1431,.F.);
#964=ORIENTED_EDGE('',*,*,#1174,.T.);
#965=ORIENTED_EDGE('',*,*,#1432,.T.);
#966=ORIENTED_EDGE('',*,*,#1292,.T.);
#967=ORIENTED_EDGE('',*,*,#1433,.F.);
#968=ORIENTED_EDGE('',*,*,#1180,.T.);
#969=ORIENTED_EDGE('',*,*,#1434,.T.);
#970=ORIENTED_EDGE('',*,*,#1402,.T.);
#971=ORIENTED_EDGE('',*,*,#1435,.F.);
#972=ORIENTED_EDGE('',*,*,#1175,.F.);
#973=ORIENTED_EDGE('',*,*,#1433,.T.);
#974=ORIENTED_EDGE('',*,*,#1291,.F.);
#975=ORIENTED_EDGE('',*,*,#1430,.F.);
#976=ORIENTED_EDGE('',*,*,#1434,.F.);
#977=ORIENTED_EDGE('',*,*,#1179,.T.);
#978=ORIENTED_EDGE('',*,*,#1429,.T.);
#979=ORIENTED_EDGE('',*,*,#1403,.F.);
#980=ORIENTED_EDGE('',*,*,#1181,.F.);
#981=ORIENTED_EDGE('',*,*,#1435,.T.);
#982=ORIENTED_EDGE('',*,*,#1401,.F.);
#983=ORIENTED_EDGE('',*,*,#1293,.F.);
#984=ORIENTED_EDGE('',*,*,#1432,.F.);
#985=ORIENTED_EDGE('',*,*,#1428,.F.);
#986=ORIENTED_EDGE('',*,*,#1177,.T.);
#987=ORIENTED_EDGE('',*,*,#1431,.T.);
#988=ORIENTED_EDGE('',*,*,#1289,.T.);
#989=ORIENTED_EDGE('',*,*,#1405,.T.);
#990=ORIENTED_EDGE('',*,*,#1160,.F.);
#991=ORIENTED_EDGE('',*,*,#1139,.T.);
#992=ORIENTED_EDGE('',*,*,#1436,.T.);
#993=ORIENTED_EDGE('',*,*,#1170,.F.);
#994=ORIENTED_EDGE('',*,*,#1437,.F.);
#995=ORIENTED_EDGE('',*,*,#1134,.T.);
#996=ORIENTED_EDGE('',*,*,#1159,.F.);
#997=ORIENTED_EDGE('',*,*,#1391,.T.);
#998=ORIENTED_EDGE('',*,*,#1155,.F.);
#999=ORIENTED_EDGE('',*,*,#1138,.T.);
#1000=ORIENTED_EDGE('',*,*,#1438,.F.);
#1001=ORIENTED_EDGE('',*,*,#1384,.F.);
#1002=ORIENTED_EDGE('',*,*,#1436,.F.);
#1003=ORIENTED_EDGE('',*,*,#1143,.T.);
#1004=ORIENTED_EDGE('',*,*,#1150,.T.);
#1005=ORIENTED_EDGE('',*,*,#1144,.T.);
#1006=ORIENTED_EDGE('',*,*,#1171,.F.);
#1007=ORIENTED_EDGE('',*,*,#1257,.T.);
#1008=ORIENTED_EDGE('',*,*,#1382,.T.);
#1009=ORIENTED_EDGE('',*,*,#1253,.F.);
#1010=ORIENTED_EDGE('',*,*,#1137,.T.);
#1011=ORIENTED_EDGE('',*,*,#1146,.T.);
#1012=ORIENTED_EDGE('',*,*,#1149,.F.);
#1013=ORIENTED_EDGE('',*,*,#1141,.T.);
#1014=ORIENTED_EDGE('',*,*,#1131,.T.);
#1015=ORIENTED_EDGE('',*,*,#1437,.T.);
#1016=ORIENTED_EDGE('',*,*,#1390,.T.);
#1017=ORIENTED_EDGE('',*,*,#1387,.T.);
#1018=ORIENTED_EDGE('',*,*,#1385,.T.);
#1019=ORIENTED_EDGE('',*,*,#1438,.T.);
#1020=ORIENTED_EDGE('',*,*,#1380,.F.);
#1021=ORIENTED_EDGE('',*,*,#1073,.F.);
#1022=ORIENTED_EDGE('',*,*,#1056,.T.);
#1023=ORIENTED_EDGE('',*,*,#1273,.T.);
#1024=ORIENTED_EDGE('',*,*,#1418,.T.);
#1025=ORIENTED_EDGE('',*,*,#1064,.F.);
#1026=ORIENTED_EDGE('',*,*,#1439,.T.);
#1027=ORIENTED_EDGE('',*,*,#1271,.F.);
#1028=ORIENTED_EDGE('',*,*,#1439,.F.);
#1029=ORIENTED_EDGE('',*,*,#1063,.T.);
#1030=ORIENTED_EDGE('',*,*,#1272,.T.);
#1031=ORIENTED_EDGE('',*,*,#1061,.F.);
#1032=ORIENTED_EDGE('',*,*,#1053,.F.);
#1033=ORIENTED_EDGE('',*,*,#1440,.T.);
#1034=ORIENTED_EDGE('',*,*,#1409,.F.);
#1035=ORIENTED_EDGE('',*,*,#1268,.F.);
#1036=ORIENTED_EDGE('',*,*,#1345,.F.);
#1037=ORIENTED_EDGE('',*,*,#1441,.T.);
#1038=ORIENTED_EDGE('',*,*,#1410,.F.);
#1039=ORIENTED_EDGE('',*,*,#1440,.F.);
#1040=ORIENTED_EDGE('',*,*,#1052,.F.);
#1041=ORIENTED_EDGE('',*,*,#1059,.F.);
#1042=ORIENTED_EDGE('',*,*,#1266,.F.);
#1043=ORIENTED_EDGE('',*,*,#1411,.F.);
#1044=ORIENTED_EDGE('',*,*,#1441,.F.);
#1045=ORIENTED_EDGE('',*,*,#1344,.F.);
#1046=EDGE_CURVE('',#1442,#1443,#1693,.T.);
#1047=EDGE_CURVE('',#1444,#1443,#1694,.T.);
#1048=EDGE_CURVE('',#1444,#1445,#144,.T.);
#1049=EDGE_CURVE('',#1445,#1446,#1695,.T.);
#1050=EDGE_CURVE('',#1446,#1447,#145,.T.);
#1051=EDGE_CURVE('',#1447,#1448,#1696,.T.);
#1052=EDGE_CURVE('',#1448,#1449,#146,.F.);
#1053=EDGE_CURVE('',#1449,#1450,#1697,.F.);
#1054=EDGE_CURVE('',#1451,#1450,#1698,.F.);
#1055=EDGE_CURVE('',#1451,#1442,#1699,.T.);
#1056=EDGE_CURVE('',#1452,#1453,#1700,.T.);
#1057=EDGE_CURVE('',#1452,#1454,#147,.T.);
#1058=EDGE_CURVE('',#1454,#1455,#1701,.T.);
#1059=EDGE_CURVE('',#1455,#1456,#148,.F.);
#1060=EDGE_CURVE('',#1456,#1451,#1702,.T.);
#1061=EDGE_CURVE('',#1450,#1457,#149,.F.);
#1062=EDGE_CURVE('',#1457,#1453,#1703,.T.);
#1063=EDGE_CURVE('',#1458,#1459,#1704,.F.);
#1064=EDGE_CURVE('',#1458,#1460,#65,.F.);
#1065=EDGE_CURVE('',#1461,#1460,#66,.T.);
#1066=EDGE_CURVE('',#1462,#1461,#1705,.T.);
#1067=EDGE_CURVE('',#1462,#1463,#150,.T.);
#1068=EDGE_CURVE('',#1463,#1464,#1706,.T.);
#1069=EDGE_CURVE('',#1465,#1464,#31,.T.);
#1070=EDGE_CURVE('',#1465,#1466,#1707,.T.);
#1071=EDGE_CURVE('',#1459,#1466,#67,.T.);
#1072=EDGE_CURVE('',#1467,#1454,#1708,.T.);
#1073=EDGE_CURVE('',#1452,#1468,#1709,.T.);
#1074=EDGE_CURVE('',#1469,#1468,#151,.T.);
#1075=EDGE_CURVE('',#1470,#1469,#1710,.T.);
#1076=EDGE_CURVE('',#1470,#1467,#68,.T.);
#1077=EDGE_CURVE('',#1471,#1472,#1711,.T.);
#1078=EDGE_CURVE('',#1473,#1471,#152,.T.);
#1079=EDGE_CURVE('',#1474,#1473,#1712,.T.);
#1080=EDGE_CURVE('',#1475,#1474,#153,.T.);
#1081=EDGE_CURVE('',#1476,#1475,#1713,.T.);
#1082=EDGE_CURVE('',#1477,#1476,#1714,.T.);
#1083=EDGE_CURVE('',#1472,#1477,#1715,.T.);
#1084=EDGE_CURVE('',#1478,#1479,#1716,.T.);
#1085=EDGE_CURVE('',#1480,#1478,#1717,.T.);
#1086=EDGE_CURVE('',#1481,#1480,#154,.T.);
#1087=EDGE_CURVE('',#1482,#1481,#1718,.T.);
#1088=EDGE_CURVE('',#1483,#1482,#155,.T.);
#1089=EDGE_CURVE('',#1484,#1483,#1719,.T.);
#1090=EDGE_CURVE('',#1479,#1484,#1720,.T.);
#1091=EDGE_CURVE('',#1485,#1485,#156,.T.);
#1092=EDGE_CURVE('',#1486,#1487,#1721,.T.);
#1093=EDGE_CURVE('',#1487,#1488,#1722,.T.);
#1094=EDGE_CURVE('',#1489,#1488,#1723,.T.);
#1095=EDGE_CURVE('',#1490,#1489,#1724,.T.);
#1096=EDGE_CURVE('',#1490,#1491,#157,.T.);
#1097=EDGE_CURVE('',#1491,#1486,#1725,.T.);
#1098=EDGE_CURVE('',#1492,#1446,#1726,.T.);
#1099=EDGE_CURVE('',#1493,#1492,#158,.T.);
#1100=EDGE_CURVE('',#1494,#1493,#1727,.T.);
#1101=EDGE_CURVE('',#1495,#1494,#69,.T.);
#1102=EDGE_CURVE('',#1496,#1495,#1728,.T.);
#1103=EDGE_CURVE('',#1497,#1496,#32,.T.);
#1104=EDGE_CURVE('',#1498,#1497,#159,.T.);
#1105=EDGE_CURVE('',#1498,#1447,#1729,.T.);
#1106=EDGE_CURVE('',#1499,#1445,#1730,.T.);
#1107=EDGE_CURVE('',#1500,#1444,#1731,.T.);
#1108=EDGE_CURVE('',#1501,#1500,#160,.T.);
#1109=EDGE_CURVE('',#1501,#1502,#1732,.T.);
#1110=EDGE_CURVE('',#1502,#1503,#161,.T.);
#1111=EDGE_CURVE('',#1504,#1503,#1733,.T.);
#1112=EDGE_CURVE('',#1505,#1504,#162,.T.);
#1113=EDGE_CURVE('',#1506,#1505,#33,.T.);
#1114=EDGE_CURVE('',#1506,#1507,#1734,.T.);
#1115=EDGE_CURVE('',#1507,#1508,#70,.T.);
#1116=EDGE_CURVE('',#1509,#1508,#1735,.T.);
#1117=EDGE_CURVE('',#1499,#1509,#163,.T.);
#1118=EDGE_CURVE('',#1510,#1511,#1736,.T.);
#1119=EDGE_CURVE('',#1512,#1511,#1737,.T.);
#1120=EDGE_CURVE('',#1513,#1512,#1738,.T.);
#1121=EDGE_CURVE('',#1510,#1513,#1739,.T.);
#1122=EDGE_CURVE('',#1514,#1515,#1740,.T.);
#1123=EDGE_CURVE('',#1516,#1514,#164,.T.);
#1124=EDGE_CURVE('',#1517,#1516,#1741,.T.);
#1125=EDGE_CURVE('',#1518,#1517,#165,.T.);
#1126=EDGE_CURVE('',#1518,#1519,#1742,.T.);
#1127=EDGE_CURVE('',#1520,#1519,#166,.T.);
#1128=EDGE_CURVE('',#1520,#1521,#1743,.T.);
#1129=EDGE_CURVE('',#1515,#1521,#167,.T.);
#1130=EDGE_CURVE('',#1492,#1499,#1744,.T.);
#1131=EDGE_CURVE('',#1522,#1523,#34,.T.);
#1132=EDGE_CURVE('',#1524,#1522,#35,.T.);
#1133=EDGE_CURVE('',#1525,#1524,#1745,.T.);
#1134=EDGE_CURVE('',#1523,#1525,#36,.T.);
#1135=EDGE_CURVE('',#1526,#1527,#1746,.T.);
#1136=EDGE_CURVE('',#1528,#1526,#37,.T.);
#1137=EDGE_CURVE('',#1529,#1528,#38,.T.);
#1138=EDGE_CURVE('',#1527,#1529,#39,.T.);
#1139=EDGE_CURVE('',#1530,#1531,#168,.T.);
#1140=EDGE_CURVE('',#1530,#1524,#1747,.T.);
#1141=EDGE_CURVE('',#1532,#1522,#169,.T.);
#1142=EDGE_CURVE('',#1533,#1532,#1748,.T.);
#1143=EDGE_CURVE('',#1531,#1533,#40,.T.);
#1144=EDGE_CURVE('',#1534,#1535,#41,.T.);
#1145=EDGE_CURVE('',#1534,#1536,#1749,.T.);
#1146=EDGE_CURVE('',#1528,#1536,#170,.T.);
#1147=EDGE_CURVE('',#1526,#1537,#1750,.T.);
#1148=EDGE_CURVE('',#1535,#1537,#171,.T.);
#1149=EDGE_CURVE('',#1532,#1536,#42,.T.);
#1150=EDGE_CURVE('',#1533,#1534,#1751,.T.);
#1151=EDGE_CURVE('',#1538,#1539,#1752,.T.);
#1152=EDGE_CURVE('',#1540,#1538,#1753,.T.);
#1153=EDGE_CURVE('',#1541,#1540,#1754,.T.);
#1154=EDGE_CURVE('',#1539,#1541,#172,.T.);
#1155=EDGE_CURVE('',#1527,#1542,#173,.T.);
#1156=EDGE_CURVE('',#1543,#1542,#1755,.T.);
#1157=EDGE_CURVE('',#1543,#1544,#1756,.T.);
#1158=EDGE_CURVE('',#1545,#1544,#1757,.T.);
#1159=EDGE_CURVE('',#1545,#1525,#174,.T.);
#1160=EDGE_CURVE('',#1530,#1546,#1758,.T.);
#1161=EDGE_CURVE('',#1547,#1546,#1759,.T.);
#1162=EDGE_CURVE('',#1548,#1547,#1760,.T.);
#1163=EDGE_CURVE('',#1548,#1549,#1761,.T.);
#1164=EDGE_CURVE('',#1549,#1537,#1762,.T.);
#1165=EDGE_CURVE('',#1550,#1551,#1763,.T.);
#1166=EDGE_CURVE('',#1549,#1551,#1764,.T.);
#1167=EDGE_CURVE('',#1548,#1550,#1765,.T.);
#1168=EDGE_CURVE('',#1552,#1553,#1766,.T.);
#1169=EDGE_CURVE('',#1547,#1552,#1767,.T.);
#1170=EDGE_CURVE('',#1546,#1553,#1768,.T.);
#1171=EDGE_CURVE('',#1551,#1535,#1769,.T.);
#1172=EDGE_CURVE('',#1544,#1538,#1770,.T.);
#1173=EDGE_CURVE('',#1543,#1540,#1771,.T.);
#1174=EDGE_CURVE('',#1554,#1555,#175,.T.);
#1175=EDGE_CURVE('',#1554,#1556,#1772,.T.);
#1176=EDGE_CURVE('',#1557,#1556,#176,.T.);
#1177=EDGE_CURVE('',#1558,#1557,#1773,.T.);
#1178=EDGE_CURVE('',#1559,#1558,#177,.T.);
#1179=EDGE_CURVE('',#1560,#1559,#1774,.T.);
#1180=EDGE_CURVE('',#1561,#1560,#178,.T.);
#1181=EDGE_CURVE('',#1561,#1555,#1775,.T.);
#1182=EDGE_CURVE('',#1562,#1563,#1776,.T.);
#1183=EDGE_CURVE('',#1564,#1563,#1777,.T.);
#1184=EDGE_CURVE('',#1565,#1564,#1778,.T.);
#1185=EDGE_CURVE('',#1566,#1565,#1779,.T.);
#1186=EDGE_CURVE('',#1566,#1567,#179,.T.);
#1187=EDGE_CURVE('',#1568,#1567,#1780,.T.);
#1188=EDGE_CURVE('',#1568,#1569,#180,.T.);
#1189=EDGE_CURVE('',#1569,#1570,#1781,.T.);
#1190=EDGE_CURVE('',#1570,#1571,#181,.T.);
#1191=EDGE_CURVE('',#1572,#1571,#1782,.T.);
#1192=EDGE_CURVE('',#1572,#1573,#182,.T.);
#1193=EDGE_CURVE('',#1562,#1573,#1783,.T.);
#1194=EDGE_CURVE('',#1513,#1574,#71,.T.);
#1195=EDGE_CURVE('',#1512,#1442,#72,.T.);
#1196=EDGE_CURVE('',#1574,#1442,#1784,.T.);
#1197=EDGE_CURVE('',#1575,#1510,#73,.T.);
#1198=EDGE_CURVE('',#1575,#1574,#1785,.T.);
#1199=EDGE_CURVE('',#1511,#1443,#74,.T.);
#1200=EDGE_CURVE('',#1575,#1443,#1786,.T.);
#1201=EDGE_CURVE('',#1576,#1501,#43,.T.);
#1202=EDGE_CURVE('',#1577,#1501,#44,.T.);
#1203=EDGE_CURVE('',#1577,#1576,#183,.T.);
#1204=EDGE_CURVE('',#1578,#1579,#184,.T.);
#1205=EDGE_CURVE('',#1576,#1579,#45,.T.);
#1206=EDGE_CURVE('',#1578,#1577,#46,.T.);
#1207=EDGE_CURVE('',#1580,#1581,#185,.T.);
#1208=EDGE_CURVE('',#1579,#1581,#186,.T.);
#1209=EDGE_CURVE('',#1578,#1580,#187,.T.);
#1210=EDGE_CURVE('',#1582,#1583,#188,.T.);
#1211=EDGE_CURVE('',#1581,#1583,#1787,.T.);
#1212=EDGE_CURVE('',#1580,#1582,#1788,.T.);
#1213=EDGE_CURVE('',#1584,#1585,#189,.T.);
#1214=EDGE_CURVE('',#1585,#1583,#190,.T.);
#1215=EDGE_CURVE('',#1584,#1582,#191,.T.);
#1216=EDGE_CURVE('',#1586,#1587,#75,.T.);
#1217=EDGE_CURVE('',#1585,#1586,#1789,.T.);
#1218=EDGE_CURVE('',#1584,#1587,#1790,.T.);
#1219=EDGE_CURVE('',#1588,#1589,#76,.T.);
#1220=EDGE_CURVE('',#1586,#1588,#1791,.T.);
#1221=EDGE_CURVE('',#1587,#1589,#1792,.T.);
#1222=EDGE_CURVE('',#1590,#1591,#192,.T.);
#1223=EDGE_CURVE('',#1588,#1591,#1793,.T.);
#1224=EDGE_CURVE('',#1589,#1590,#1794,.T.);
#1225=EDGE_CURVE('',#1592,#1593,#193,.T.);
#1226=EDGE_CURVE('',#1591,#1593,#194,.T.);
#1227=EDGE_CURVE('',#1590,#1592,#195,.T.);
#1228=EDGE_CURVE('',#1594,#1595,#196,.T.);
#1229=EDGE_CURVE('',#1595,#1593,#1795,.T.);
#1230=EDGE_CURVE('',#1594,#1592,#1796,.T.);
#1231=EDGE_CURVE('',#1596,#1597,#197,.T.);
#1232=EDGE_CURVE('',#1595,#1597,#198,.T.);
#1233=EDGE_CURVE('',#1594,#1596,#199,.T.);
#1234=EDGE_CURVE('',#1598,#1599,#47,.F.);
#1235=EDGE_CURVE('',#1597,#1599,#48,.T.);
#1236=EDGE_CURVE('',#1598,#1596,#49,.T.);
#1237=EDGE_CURVE('',#1598,#1502,#50,.T.);
#1238=EDGE_CURVE('',#1599,#1502,#51,.F.);
#1239=EDGE_CURVE('',#1579,#1597,#1797,.T.);
#1240=EDGE_CURVE('',#1500,#1577,#200,.T.);
#1241=EDGE_CURVE('',#1600,#1500,#1798,.T.);
#1242=EDGE_CURVE('',#1601,#1600,#77,.T.);
#1243=EDGE_CURVE('',#1601,#1580,#1799,.T.);
#1244=EDGE_CURVE('',#1503,#1598,#201,.T.);
#1245=EDGE_CURVE('',#1602,#1594,#1800,.T.);
#1246=EDGE_CURVE('',#1603,#1602,#78,.T.);
#1247=EDGE_CURVE('',#1603,#1503,#1801,.T.);
#1248=EDGE_CURVE('',#1603,#1600,#1802,.T.);
#1249=EDGE_CURVE('',#1602,#1601,#1803,.T.);
#1250=EDGE_CURVE('',#1593,#1583,#1804,.T.);
#1251=EDGE_CURVE('',#1591,#1585,#1805,.T.);
#1252=EDGE_CURVE('',#1552,#1604,#202,.T.);
#1253=EDGE_CURVE('',#1553,#1605,#79,.T.);
#1254=EDGE_CURVE('',#1604,#1605,#1806,.T.);
#1255=EDGE_CURVE('',#1606,#1550,#203,.T.);
#1256=EDGE_CURVE('',#1606,#1607,#1807,.T.);
#1257=EDGE_CURVE('',#1551,#1607,#80,.T.);
#1258=EDGE_CURVE('',#1608,#1609,#204,.T.);
#1259=EDGE_CURVE('',#1609,#1463,#205,.T.);
#1260=EDGE_CURVE('',#1608,#1462,#206,.T.);
#1261=EDGE_CURVE('',#1610,#1611,#52,.T.);
#1262=EDGE_CURVE('',#1609,#1610,#1808,.T.);
#1263=EDGE_CURVE('',#1608,#1467,#1809,.T.);
#1264=EDGE_CURVE('',#1611,#1470,#1810,.T.);
#1265=EDGE_CURVE('',#1488,#1612,#1811,.T.);
#1266=EDGE_CURVE('',#1612,#1455,#1812,.F.);
#1267=EDGE_CURVE('',#1467,#1489,#1813,.T.);
#1268=EDGE_CURVE('',#1457,#1613,#1814,.T.);
#1269=EDGE_CURVE('',#1613,#1487,#1815,.T.);
#1270=EDGE_CURVE('',#1486,#1461,#1816,.T.);
#1271=EDGE_CURVE('',#1460,#1614,#1817,.T.);
#1272=EDGE_CURVE('',#1459,#1614,#1818,.T.);
#1273=EDGE_CURVE('',#1453,#1459,#1819,.T.);
#1274=EDGE_CURVE('',#1615,#1616,#207,.T.);
#1275=EDGE_CURVE('',#1615,#1617,#1820,.T.);
#1276=EDGE_CURVE('',#1617,#1618,#208,.T.);
#1277=EDGE_CURVE('',#1616,#1618,#1821,.T.);
#1278=EDGE_CURVE('',#1506,#1619,#209,.T.);
#1279=EDGE_CURVE('',#1505,#1618,#210,.T.);
#1280=EDGE_CURVE('',#1619,#1617,#211,.T.);
#1281=EDGE_CURVE('',#1616,#1620,#212,.T.);
#1282=EDGE_CURVE('',#1620,#1615,#213,.T.);
#1283=EDGE_CURVE('',#1621,#1617,#1822,.T.);
#1284=EDGE_CURVE('',#1622,#1621,#214,.T.);
#1285=EDGE_CURVE('',#1622,#1619,#1823,.T.);
#1286=EDGE_CURVE('',#1623,#1624,#215,.T.);
#1287=EDGE_CURVE('',#1620,#1623,#1824,.T.);
#1288=EDGE_CURVE('',#1616,#1625,#1825,.T.);
#1289=EDGE_CURVE('',#1626,#1625,#216,.T.);
#1290=EDGE_CURVE('',#1627,#1626,#53,.T.);
#1291=EDGE_CURVE('',#1627,#1628,#1826,.T.);
#1292=EDGE_CURVE('',#1629,#1628,#54,.T.);
#1293=EDGE_CURVE('',#1629,#1630,#217,.T.);
#1294=EDGE_CURVE('',#1630,#1624,#1827,.T.);
#1295=EDGE_CURVE('',#1631,#1620,#1828,.T.);
#1296=EDGE_CURVE('',#1632,#1631,#218,.T.);
#1297=EDGE_CURVE('',#1632,#1615,#1829,.T.);
#1298=EDGE_CURVE('',#1624,#1633,#219,.T.);
#1299=EDGE_CURVE('',#1633,#1623,#220,.T.);
#1300=EDGE_CURVE('',#1634,#1635,#221,.T.);
#1301=EDGE_CURVE('',#1633,#1635,#1830,.T.);
#1302=EDGE_CURVE('',#1624,#1634,#1831,.T.);
#1303=EDGE_CURVE('',#1636,#1633,#1832,.T.);
#1304=EDGE_CURVE('',#1636,#1637,#222,.T.);
#1305=EDGE_CURVE('',#1637,#1623,#1833,.T.);
#1306=EDGE_CURVE('',#1634,#1497,#223,.T.);
#1307=EDGE_CURVE('',#1496,#1638,#224,.T.);
#1308=EDGE_CURVE('',#1635,#1638,#225,.T.);
#1309=EDGE_CURVE('',#1639,#1638,#1834,.T.);
#1310=EDGE_CURVE('',#1640,#1639,#226,.T.);
#1311=EDGE_CURVE('',#1640,#1635,#1835,.T.);
#1312=EDGE_CURVE('',#1637,#1631,#1836,.T.);
#1313=EDGE_CURVE('',#1641,#1642,#227,.T.);
#1314=EDGE_CURVE('',#1641,#1520,#1837,.T.);
#1315=EDGE_CURVE('',#1642,#1519,#1838,.T.);
#1316=EDGE_CURVE('',#1643,#1644,#228,.T.);
#1317=EDGE_CURVE('',#1643,#1518,#1839,.T.);
#1318=EDGE_CURVE('',#1644,#1517,#1840,.T.);
#1319=EDGE_CURVE('',#1645,#1646,#229,.T.);
#1320=EDGE_CURVE('',#1645,#1516,#1841,.T.);
#1321=EDGE_CURVE('',#1646,#1514,#1842,.T.);
#1322=EDGE_CURVE('',#1647,#1648,#230,.T.);
#1323=EDGE_CURVE('',#1647,#1515,#1843,.T.);
#1324=EDGE_CURVE('',#1648,#1521,#1844,.T.);
#1325=EDGE_CURVE('',#1641,#1648,#1845,.T.);
#1326=EDGE_CURVE('',#1643,#1642,#1846,.T.);
#1327=EDGE_CURVE('',#1644,#1645,#1847,.T.);
#1328=EDGE_CURVE('',#1646,#1647,#1848,.T.);
#1329=EDGE_CURVE('',#1649,#1563,#1849,.T.);
#1330=EDGE_CURVE('',#1650,#1649,#1850,.T.);
#1331=EDGE_CURVE('',#1650,#1651,#1851,.T.);
#1332=EDGE_CURVE('',#1651,#1652,#1852,.T.);
#1333=EDGE_CURVE('',#1652,#1653,#1853,.T.);
#1334=EDGE_CURVE('',#1654,#1653,#1854,.T.);
#1335=EDGE_CURVE('',#1654,#1564,#1855,.T.);
#1336=EDGE_CURVE('',#1655,#1656,#1856,.T.);
#1337=EDGE_CURVE('',#1655,#1657,#1857,.T.);
#1338=EDGE_CURVE('',#1658,#1657,#1858,.T.);
#1339=EDGE_CURVE('',#1656,#1658,#1859,.T.);
#1340=EDGE_CURVE('',#1656,#1651,#1860,.T.);
#1341=EDGE_CURVE('',#1658,#1652,#1861,.T.);
#1342=EDGE_CURVE('',#1622,#1507,#1862,.T.);
#1343=EDGE_CURVE('',#1504,#1575,#1863,.T.);
#1344=EDGE_CURVE('',#1456,#1659,#1864,.T.);
#1345=EDGE_CURVE('',#1659,#1448,#1865,.T.);
#1346=EDGE_CURVE('',#1498,#1574,#1866,.T.);
#1347=EDGE_CURVE('',#1462,#1491,#1867,.T.);
#1348=EDGE_CURVE('',#1490,#1608,#1868,.T.);
#1349=EDGE_CURVE('',#1660,#1478,#1869,.T.);
#1350=EDGE_CURVE('',#1661,#1479,#1870,.T.);
#1351=EDGE_CURVE('',#1661,#1660,#1871,.T.);
#1352=EDGE_CURVE('',#1484,#1662,#1872,.T.);
#1353=EDGE_CURVE('',#1662,#1661,#1873,.T.);
#1354=EDGE_CURVE('',#1663,#1483,#1874,.T.);
#1355=EDGE_CURVE('',#1662,#1663,#1875,.T.);
#1356=EDGE_CURVE('',#1482,#1664,#1876,.T.);
#1357=EDGE_CURVE('',#1664,#1663,#231,.T.);
#1358=EDGE_CURVE('',#1665,#1481,#1877,.T.);
#1359=EDGE_CURVE('',#1664,#1665,#1878,.T.);
#1360=EDGE_CURVE('',#1480,#1666,#1879,.T.);
#1361=EDGE_CURVE('',#1666,#1665,#232,.T.);
#1362=EDGE_CURVE('',#1666,#1660,#1880,.T.);
#1363=EDGE_CURVE('',#1471,#1667,#1881,.T.);
#1364=EDGE_CURVE('',#1668,#1472,#1882,.T.);
#1365=EDGE_CURVE('',#1667,#1668,#1883,.T.);
#1366=EDGE_CURVE('',#1669,#1477,#1884,.T.);
#1367=EDGE_CURVE('',#1669,#1668,#1885,.T.);
#1368=EDGE_CURVE('',#1476,#1670,#1886,.T.);
#1369=EDGE_CURVE('',#1670,#1669,#1887,.T.);
#1370=EDGE_CURVE('',#1671,#1475,#1888,.T.);
#1371=EDGE_CURVE('',#1670,#1671,#1889,.T.);
#1372=EDGE_CURVE('',#1474,#1672,#1890,.T.);
#1373=EDGE_CURVE('',#1672,#1671,#233,.T.);
#1374=EDGE_CURVE('',#1673,#1473,#1891,.T.);
#1375=EDGE_CURVE('',#1672,#1673,#1892,.T.);
#1376=EDGE_CURVE('',#1667,#1673,#234,.T.);
#1377=EDGE_CURVE('',#1606,#1602,#1893,.T.);
#1378=EDGE_CURVE('',#1604,#1601,#1894,.T.);
#1379=EDGE_CURVE('',#1589,#1607,#1895,.T.);
#1380=EDGE_CURVE('',#1674,#1674,#55,.F.);
#1381=EDGE_CURVE('',#1587,#1605,#1896,.T.);
#1382=EDGE_CURVE('',#1607,#1605,#1897,.T.);
#1383=EDGE_CURVE('',#1541,#1675,#1898,.T.);
#1384=EDGE_CURVE('',#1542,#1676,#56,.T.);
#1385=EDGE_CURVE('',#1677,#1676,#57,.F.);
#1386=EDGE_CURVE('',#1675,#1677,#1899,.T.);
#1387=EDGE_CURVE('',#1678,#1677,#58,.T.);
#1388=EDGE_CURVE('',#1678,#1679,#1900,.T.);
#1389=EDGE_CURVE('',#1675,#1679,#235,.T.);
#1390=EDGE_CURVE('',#1680,#1678,#59,.F.);
#1391=EDGE_CURVE('',#1545,#1680,#60,.F.);
#1392=EDGE_CURVE('',#1679,#1539,#1901,.T.);
#1393=EDGE_CURVE('',#1611,#1465,#236,.T.);
#1394=EDGE_CURVE('',#1464,#1610,#237,.T.);
#1395=EDGE_CURVE('',#1657,#1653,#1902,.T.);
#1396=EDGE_CURVE('',#1655,#1650,#1903,.T.);
#1397=EDGE_CURVE('',#1508,#1565,#238,.T.);
#1398=EDGE_CURVE('',#1509,#1654,#1904,.T.);
#1399=EDGE_CURVE('',#1494,#1562,#239,.T.);
#1400=EDGE_CURVE('',#1493,#1649,#1905,.T.);
#1401=EDGE_CURVE('',#1630,#1681,#1906,.T.);
#1402=EDGE_CURVE('',#1682,#1681,#240,.T.);
#1403=EDGE_CURVE('',#1682,#1683,#1907,.T.);
#1404=EDGE_CURVE('',#1684,#1683,#241,.T.);
#1405=EDGE_CURVE('',#1625,#1684,#1908,.T.);
#1406=EDGE_CURVE('',#1636,#1640,#1909,.T.);
#1407=EDGE_CURVE('',#1632,#1621,#1910,.T.);
#1408=EDGE_CURVE('',#1495,#1639,#1911,.T.);
#1409=EDGE_CURVE('',#1613,#1685,#242,.T.);
#1410=EDGE_CURVE('',#1685,#1686,#1912,.F.);
#1411=EDGE_CURVE('',#1686,#1612,#243,.T.);
#1412=EDGE_CURVE('',#1687,#1688,#244,.T.);
#1413=EDGE_CURVE('',#1688,#1689,#1913,.T.);
#1414=EDGE_CURVE('',#1687,#1689,#81,.T.);
#1415=EDGE_CURVE('',#1690,#1691,#1914,.T.);
#1416=EDGE_CURVE('',#1690,#1692,#245,.T.);
#1417=EDGE_CURVE('',#1691,#1692,#82,.T.);
#1418=EDGE_CURVE('',#1459,#1468,#1915,.T.);
#1419=EDGE_CURVE('',#1469,#1466,#1916,.T.);
#1420=EDGE_CURVE('',#1622,#1566,#246,.T.);
#1421=EDGE_CURVE('',#1621,#1567,#247,.T.);
#1422=EDGE_CURVE('',#1632,#1568,#248,.T.);
#1423=EDGE_CURVE('',#1631,#1569,#249,.T.);
#1424=EDGE_CURVE('',#1637,#1570,#250,.T.);
#1425=EDGE_CURVE('',#1636,#1571,#251,.T.);
#1426=EDGE_CURVE('',#1640,#1572,#252,.T.);
#1427=EDGE_CURVE('',#1639,#1573,#253,.T.);
#1428=EDGE_CURVE('',#1558,#1684,#1917,.T.);
#1429=EDGE_CURVE('',#1559,#1683,#1918,.T.);
#1430=EDGE_CURVE('',#1556,#1627,#1919,.T.);
#1431=EDGE_CURVE('',#1557,#1626,#1920,.T.);
#1432=EDGE_CURVE('',#1555,#1629,#1921,.T.);
#1433=EDGE_CURVE('',#1554,#1628,#1922,.T.);
#1434=EDGE_CURVE('',#1560,#1682,#1923,.T.);
#1435=EDGE_CURVE('',#1561,#1681,#1924,.T.);
#1436=EDGE_CURVE('',#1531,#1553,#1925,.T.);
#1437=EDGE_CURVE('',#1523,#1680,#61,.T.);
#1438=EDGE_CURVE('',#1676,#1529,#62,.T.);
#1439=EDGE_CURVE('',#1458,#1614,#1926,.T.);
#1440=EDGE_CURVE('',#1449,#1685,#63,.T.);
#1441=EDGE_CURVE('',#1659,#1686,#64,.F.);
#1442=VERTEX_POINT('',#3770);
#1443=VERTEX_POINT('',#3771);
#1444=VERTEX_POINT('',#3773);
#1445=VERTEX_POINT('',#3775);
#1446=VERTEX_POINT('',#3777);
#1447=VERTEX_POINT('',#3779);
#1448=VERTEX_POINT('',#3781);
#1449=VERTEX_POINT('',#3783);
#1450=VERTEX_POINT('',#3785);
#1451=VERTEX_POINT('',#3787);
#1452=VERTEX_POINT('',#3791);
#1453=VERTEX_POINT('',#3792);
#1454=VERTEX_POINT('',#3794);
#1455=VERTEX_POINT('',#3796);
#1456=VERTEX_POINT('',#3798);
#1457=VERTEX_POINT('',#3801);
#1458=VERTEX_POINT('',#3805);
#1459=VERTEX_POINT('',#3806);
#1460=VERTEX_POINT('',#3808);
#1461=VERTEX_POINT('',#3810);
#1462=VERTEX_POINT('',#3812);
#1463=VERTEX_POINT('',#3814);
#1464=VERTEX_POINT('',#3816);
#1465=VERTEX_POINT('',#3821);
#1466=VERTEX_POINT('',#3823);
#1467=VERTEX_POINT('',#3827);
#1468=VERTEX_POINT('',#3829);
#1469=VERTEX_POINT('',#3831);
#1470=VERTEX_POINT('',#3833);
#1471=VERTEX_POINT('',#3837);
#1472=VERTEX_POINT('',#3838);
#1473=VERTEX_POINT('',#3840);
#1474=VERTEX_POINT('',#3842);
#1475=VERTEX_POINT('',#3844);
#1476=VERTEX_POINT('',#3846);
#1477=VERTEX_POINT('',#3848);
#1478=VERTEX_POINT('',#3851);
#1479=VERTEX_POINT('',#3852);
#1480=VERTEX_POINT('',#3854);
#1481=VERTEX_POINT('',#3856);
#1482=VERTEX_POINT('',#3858);
#1483=VERTEX_POINT('',#3860);
#1484=VERTEX_POINT('',#3862);
#1485=VERTEX_POINT('',#3865);
#1486=VERTEX_POINT('',#3867);
#1487=VERTEX_POINT('',#3868);
#1488=VERTEX_POINT('',#3870);
#1489=VERTEX_POINT('',#3872);
#1490=VERTEX_POINT('',#3874);
#1491=VERTEX_POINT('',#3876);
#1492=VERTEX_POINT('',#3880);
#1493=VERTEX_POINT('',#3882);
#1494=VERTEX_POINT('',#3884);
#1495=VERTEX_POINT('',#3886);
#1496=VERTEX_POINT('',#3888);
#1497=VERTEX_POINT('',#3897);
#1498=VERTEX_POINT('',#3899);
#1499=VERTEX_POINT('',#3903);
#1500=VERTEX_POINT('',#3905);
#1501=VERTEX_POINT('',#3907);
#1502=VERTEX_POINT('',#3909);
#1503=VERTEX_POINT('',#3911);
#1504=VERTEX_POINT('',#3913);
#1505=VERTEX_POINT('',#3915);
#1506=VERTEX_POINT('',#3924);
#1507=VERTEX_POINT('',#3926);
#1508=VERTEX_POINT('',#3928);
#1509=VERTEX_POINT('',#3930);
#1510=VERTEX_POINT('',#3934);
#1511=VERTEX_POINT('',#3935);
#1512=VERTEX_POINT('',#3937);
#1513=VERTEX_POINT('',#3939);
#1514=VERTEX_POINT('',#3942);
#1515=VERTEX_POINT('',#3943);
#1516=VERTEX_POINT('',#3945);
#1517=VERTEX_POINT('',#3947);
#1518=VERTEX_POINT('',#3949);
#1519=VERTEX_POINT('',#3951);
#1520=VERTEX_POINT('',#3953);
#1521=VERTEX_POINT('',#3955);
#1522=VERTEX_POINT('',#3964);
#1523=VERTEX_POINT('',#3965);
#1524=VERTEX_POINT('',#3973);
#1525=VERTEX_POINT('',#3975);
#1526=VERTEX_POINT('',#3982);
#1527=VERTEX_POINT('',#3983);
#1528=VERTEX_POINT('',#3991);
#1529=VERTEX_POINT('',#3996);
#1530=VERTEX_POINT('',#4003);
#1531=VERTEX_POINT('',#4004);
#1532=VERTEX_POINT('',#4007);
#1533=VERTEX_POINT('',#4009);
#1534=VERTEX_POINT('',#4025);
#1535=VERTEX_POINT('',#4026);
#1536=VERTEX_POINT('',#4028);
#1537=VERTEX_POINT('',#4031);
#1538=VERTEX_POINT('',#4044);
#1539=VERTEX_POINT('',#4045);
#1540=VERTEX_POINT('',#4047);
#1541=VERTEX_POINT('',#4049);
#1542=VERTEX_POINT('',#4053);
#1543=VERTEX_POINT('',#4055);
#1544=VERTEX_POINT('',#4057);
#1545=VERTEX_POINT('',#4059);
#1546=VERTEX_POINT('',#4062);
#1547=VERTEX_POINT('',#4064);
#1548=VERTEX_POINT('',#4066);
#1549=VERTEX_POINT('',#4068);
#1550=VERTEX_POINT('',#4072);
#1551=VERTEX_POINT('',#4073);
#1552=VERTEX_POINT('',#4078);
#1553=VERTEX_POINT('',#4079);
#1554=VERTEX_POINT('',#4089);
#1555=VERTEX_POINT('',#4090);
#1556=VERTEX_POINT('',#4092);
#1557=VERTEX_POINT('',#4094);
#1558=VERTEX_POINT('',#4096);
#1559=VERTEX_POINT('',#4098);
#1560=VERTEX_POINT('',#4100);
#1561=VERTEX_POINT('',#4102);
#1562=VERTEX_POINT('',#4105);
#1563=VERTEX_POINT('',#4106);
#1564=VERTEX_POINT('',#4108);
#1565=VERTEX_POINT('',#4110);
#1566=VERTEX_POINT('',#4112);
#1567=VERTEX_POINT('',#4114);
#1568=VERTEX_POINT('',#4116);
#1569=VERTEX_POINT('',#4118);
#1570=VERTEX_POINT('',#4120);
#1571=VERTEX_POINT('',#4122);
#1572=VERTEX_POINT('',#4124);
#1573=VERTEX_POINT('',#4126);
#1574=VERTEX_POINT('',#4130);
#1575=VERTEX_POINT('',#4135);
#1576=VERTEX_POINT('',#4161);
#1577=VERTEX_POINT('',#4166);
#1578=VERTEX_POINT('',#4196);
#1579=VERTEX_POINT('',#4197);
#1580=VERTEX_POINT('',#4240);
#1581=VERTEX_POINT('',#4241);
#1582=VERTEX_POINT('',#4246);
#1583=VERTEX_POINT('',#4247);
#1584=VERTEX_POINT('',#4252);
#1585=VERTEX_POINT('',#4253);
#1586=VERTEX_POINT('',#4258);
#1587=VERTEX_POINT('',#4259);
#1588=VERTEX_POINT('',#4264);
#1589=VERTEX_POINT('',#4265);
#1590=VERTEX_POINT('',#4270);
#1591=VERTEX_POINT('',#4271);
#1592=VERTEX_POINT('',#4276);
#1593=VERTEX_POINT('',#4277);
#1594=VERTEX_POINT('',#4282);
#1595=VERTEX_POINT('',#4283);
#1596=VERTEX_POINT('',#4288);
#1597=VERTEX_POINT('',#4289);
#1598=VERTEX_POINT('',#4323);
#1599=VERTEX_POINT('',#4324);
#1600=VERTEX_POINT('',#4371);
#1601=VERTEX_POINT('',#4373);
#1602=VERTEX_POINT('',#4378);
#1603=VERTEX_POINT('',#4380);
#1604=VERTEX_POINT('',#4391);
#1605=VERTEX_POINT('',#4393);
#1606=VERTEX_POINT('',#4397);
#1607=VERTEX_POINT('',#4399);
#1608=VERTEX_POINT('',#4403);
#1609=VERTEX_POINT('',#4404);
#1610=VERTEX_POINT('',#4412);
#1611=VERTEX_POINT('',#4413);
#1612=VERTEX_POINT('',#4419);
#1613=VERTEX_POINT('',#4424);
#1614=VERTEX_POINT('',#4428);
#1615=VERTEX_POINT('',#4433);
#1616=VERTEX_POINT('',#4434);
#1617=VERTEX_POINT('',#4436);
#1618=VERTEX_POINT('',#4438);
#1619=VERTEX_POINT('',#4442);
#1620=VERTEX_POINT('',#4447);
#1621=VERTEX_POINT('',#4451);
#1622=VERTEX_POINT('',#4453);
#1623=VERTEX_POINT('',#4457);
#1624=VERTEX_POINT('',#4458);
#1625=VERTEX_POINT('',#4461);
#1626=VERTEX_POINT('',#4463);
#1627=VERTEX_POINT('',#4468);
#1628=VERTEX_POINT('',#4470);
#1629=VERTEX_POINT('',#4475);
#1630=VERTEX_POINT('',#4477);
#1631=VERTEX_POINT('',#4481);
#1632=VERTEX_POINT('',#4483);
#1633=VERTEX_POINT('',#4487);
#1634=VERTEX_POINT('',#4491);
#1635=VERTEX_POINT('',#4492);
#1636=VERTEX_POINT('',#4497);
#1637=VERTEX_POINT('',#4499);
#1638=VERTEX_POINT('',#4504);
#1639=VERTEX_POINT('',#4508);
#1640=VERTEX_POINT('',#4510);
#1641=VERTEX_POINT('',#4516);
#1642=VERTEX_POINT('',#4517);
#1643=VERTEX_POINT('',#4522);
#1644=VERTEX_POINT('',#4523);
#1645=VERTEX_POINT('',#4528);
#1646=VERTEX_POINT('',#4529);
#1647=VERTEX_POINT('',#4534);
#1648=VERTEX_POINT('',#4535);
#1649=VERTEX_POINT('',#4548);
#1650=VERTEX_POINT('',#4550);
#1651=VERTEX_POINT('',#4552);
#1652=VERTEX_POINT('',#4554);
#1653=VERTEX_POINT('',#4556);
#1654=VERTEX_POINT('',#4558);
#1655=VERTEX_POINT('',#4562);
#1656=VERTEX_POINT('',#4563);
#1657=VERTEX_POINT('',#4565);
#1658=VERTEX_POINT('',#4567);
#1659=VERTEX_POINT('',#4578);
#1660=VERTEX_POINT('',#4588);
#1661=VERTEX_POINT('',#4590);
#1662=VERTEX_POINT('',#4594);
#1663=VERTEX_POINT('',#4598);
#1664=VERTEX_POINT('',#4602);
#1665=VERTEX_POINT('',#4606);
#1666=VERTEX_POINT('',#4610);
#1667=VERTEX_POINT('',#4616);
#1668=VERTEX_POINT('',#4618);
#1669=VERTEX_POINT('',#4622);
#1670=VERTEX_POINT('',#4626);
#1671=VERTEX_POINT('',#4630);
#1672=VERTEX_POINT('',#4634);
#1673=VERTEX_POINT('',#4638);
#1674=VERTEX_POINT('',#4659);
#1675=VERTEX_POINT('',#4666);
#1676=VERTEX_POINT('',#4671);
#1677=VERTEX_POINT('',#4676);
#1678=VERTEX_POINT('',#4686);
#1679=VERTEX_POINT('',#4688);
#1680=VERTEX_POINT('',#4695);
#1681=VERTEX_POINT('',#4718);
#1682=VERTEX_POINT('',#4720);
#1683=VERTEX_POINT('',#4722);
#1684=VERTEX_POINT('',#4724);
#1685=VERTEX_POINT('',#4736);
#1686=VERTEX_POINT('',#4738);
#1687=VERTEX_POINT('',#4741);
#1688=VERTEX_POINT('',#4742);
#1689=VERTEX_POINT('',#4744);
#1690=VERTEX_POINT('',#4747);
#1691=VERTEX_POINT('',#4748);
#1692=VERTEX_POINT('',#4750);
#1693=LINE('',#3769,#1927);
#1694=LINE('',#3772,#1928);
#1695=LINE('',#3776,#1929);
#1696=LINE('',#3780,#1930);
#1697=LINE('',#3784,#1931);
#1698=LINE('',#3786,#1932);
#1699=LINE('',#3788,#1933);
#1700=LINE('',#3790,#1934);
#1701=LINE('',#3795,#1935);
#1702=LINE('',#3799,#1936);
#1703=LINE('',#3802,#1937);
#1704=LINE('',#3804,#1938);
#1705=LINE('',#3811,#1939);
#1706=LINE('',#3815,#1940);
#1707=LINE('',#3822,#1941);
#1708=LINE('',#3826,#1942);
#1709=LINE('',#3828,#1943);
#1710=LINE('',#3832,#1944);
#1711=LINE('',#3836,#1945);
#1712=LINE('',#3841,#1946);
#1713=LINE('',#3845,#1947);
#1714=LINE('',#3847,#1948);
#1715=LINE('',#3849,#1949);
#1716=LINE('',#3850,#1950);
#1717=LINE('',#3853,#1951);
#1718=LINE('',#3857,#1952);
#1719=LINE('',#3861,#1953);
#1720=LINE('',#3863,#1954);
#1721=LINE('',#3866,#1955);
#1722=LINE('',#3869,#1956);
#1723=LINE('',#3871,#1957);
#1724=LINE('',#3873,#1958);
#1725=LINE('',#3877,#1959);
#1726=LINE('',#3879,#1960);
#1727=LINE('',#3883,#1961);
#1728=LINE('',#3887,#1962);
#1729=LINE('',#3900,#1963);
#1730=LINE('',#3902,#1964);
#1731=LINE('',#3904,#1965);
#1732=LINE('',#3908,#1966);
#1733=LINE('',#3912,#1967);
#1734=LINE('',#3925,#1968);
#1735=LINE('',#3929,#1969);
#1736=LINE('',#3933,#1970);
#1737=LINE('',#3936,#1971);
#1738=LINE('',#3938,#1972);
#1739=LINE('',#3940,#1973);
#1740=LINE('',#3941,#1974);
#1741=LINE('',#3946,#1975);
#1742=LINE('',#3950,#1976);
#1743=LINE('',#3954,#1977);
#1744=LINE('',#3958,#1978);
#1745=LINE('',#3974,#1979);
#1746=LINE('',#3981,#1980);
#1747=LINE('',#4005,#1981);
#1748=LINE('',#4008,#1982);
#1749=LINE('',#4027,#1983);
#1750=LINE('',#4030,#1984);
#1751=LINE('',#4041,#1985);
#1752=LINE('',#4043,#1986);
#1753=LINE('',#4046,#1987);
#1754=LINE('',#4048,#1988);
#1755=LINE('',#4054,#1989);
#1756=LINE('',#4056,#1990);
#1757=LINE('',#4058,#1991);
#1758=LINE('',#4061,#1992);
#1759=LINE('',#4063,#1993);
#1760=LINE('',#4065,#1994);
#1761=LINE('',#4067,#1995);
#1762=LINE('',#4069,#1996);
#1763=LINE('',#4071,#1997);
#1764=LINE('',#4074,#1998);
#1765=LINE('',#4075,#1999);
#1766=LINE('',#4077,#2000);
#1767=LINE('',#4080,#2001);
#1768=LINE('',#4081,#2002);
#1769=LINE('',#4083,#2003);
#1770=LINE('',#4085,#2004);
#1771=LINE('',#4086,#2005);
#1772=LINE('',#4091,#2006);
#1773=LINE('',#4095,#2007);
#1774=LINE('',#4099,#2008);
#1775=LINE('',#4103,#2009);
#1776=LINE('',#4104,#2010);
#1777=LINE('',#4107,#2011);
#1778=LINE('',#4109,#2012);
#1779=LINE('',#4111,#2013);
#1780=LINE('',#4115,#2014);
#1781=LINE('',#4119,#2015);
#1782=LINE('',#4123,#2016);
#1783=LINE('',#4127,#2017);
#1784=LINE('',#4132,#2018);
#1785=LINE('',#4136,#2019);
#1786=LINE('',#4139,#2020);
#1787=LINE('',#4248,#2021);
#1788=LINE('',#4249,#2022);
#1789=LINE('',#4260,#2023);
#1790=LINE('',#4261,#2024);
#1791=LINE('',#4266,#2025);
#1792=LINE('',#4267,#2026);
#1793=LINE('',#4272,#2027);
#1794=LINE('',#4273,#2028);
#1795=LINE('',#4284,#2029);
#1796=LINE('',#4285,#2030);
#1797=LINE('',#4366,#2031);
#1798=LINE('',#4370,#2032);
#1799=LINE('',#4374,#2033);
#1800=LINE('',#4377,#2034);
#1801=LINE('',#4381,#2035);
#1802=LINE('',#4384,#2036);
#1803=LINE('',#4385,#2037);
#1804=LINE('',#4387,#2038);
#1805=LINE('',#4388,#2039);
#1806=LINE('',#4394,#2040);
#1807=LINE('',#4398,#2041);
#1808=LINE('',#4414,#2042);
#1809=LINE('',#4415,#2043);
#1810=LINE('',#4416,#2044);
#1811=LINE('',#4418,#2045);
#1812=LINE('',#4420,#2046);
#1813=LINE('',#4421,#2047);
#1814=LINE('',#4423,#2048);
#1815=LINE('',#4425,#2049);
#1816=LINE('',#4426,#2050);
#1817=LINE('',#4427,#2051);
#1818=LINE('',#4429,#2052);
#1819=LINE('',#4430,#2053);
#1820=LINE('',#4435,#2054);
#1821=LINE('',#4439,#2055);
#1822=LINE('',#4450,#2056);
#1823=LINE('',#4454,#2057);
#1824=LINE('',#4459,#2058);
#1825=LINE('',#4460,#2059);
#1826=LINE('',#4469,#2060);
#1827=LINE('',#4478,#2061);
#1828=LINE('',#4480,#2062);
#1829=LINE('',#4484,#2063);
#1830=LINE('',#4493,#2064);
#1831=LINE('',#4494,#2065);
#1832=LINE('',#4496,#2066);
#1833=LINE('',#4500,#2067);
#1834=LINE('',#4507,#2068);
#1835=LINE('',#4511,#2069);
#1836=LINE('',#4513,#2070);
#1837=LINE('',#4518,#2071);
#1838=LINE('',#4519,#2072);
#1839=LINE('',#4524,#2073);
#1840=LINE('',#4525,#2074);
#1841=LINE('',#4530,#2075);
#1842=LINE('',#4531,#2076);
#1843=LINE('',#4536,#2077);
#1844=LINE('',#4537,#2078);
#1845=LINE('',#4539,#2079);
#1846=LINE('',#4541,#2080);
#1847=LINE('',#4543,#2081);
#1848=LINE('',#4545,#2082);
#1849=LINE('',#4547,#2083);
#1850=LINE('',#4549,#2084);
#1851=LINE('',#4551,#2085);
#1852=LINE('',#4553,#2086);
#1853=LINE('',#4555,#2087);
#1854=LINE('',#4557,#2088);
#1855=LINE('',#4559,#2089);
#1856=LINE('',#4561,#2090);
#1857=LINE('',#4564,#2091);
#1858=LINE('',#4566,#2092);
#1859=LINE('',#4568,#2093);
#1860=LINE('',#4570,#2094);
#1861=LINE('',#4571,#2095);
#1862=LINE('',#4573,#2096);
#1863=LINE('',#4575,#2097);
#1864=LINE('',#4577,#2098);
#1865=LINE('',#4579,#2099);
#1866=LINE('',#4580,#2100);
#1867=LINE('',#4582,#2101);
#1868=LINE('',#4584,#2102);
#1869=LINE('',#4587,#2103);
#1870=LINE('',#4589,#2104);
#1871=LINE('',#4591,#2105);
#1872=LINE('',#4593,#2106);
#1873=LINE('',#4595,#2107);
#1874=LINE('',#4597,#2108);
#1875=LINE('',#4599,#2109);
#1876=LINE('',#4601,#2110);
#1877=LINE('',#4605,#2111);
#1878=LINE('',#4607,#2112);
#1879=LINE('',#4609,#2113);
#1880=LINE('',#4613,#2114);
#1881=LINE('',#4615,#2115);
#1882=LINE('',#4617,#2116);
#1883=LINE('',#4619,#2117);
#1884=LINE('',#4621,#2118);
#1885=LINE('',#4623,#2119);
#1886=LINE('',#4625,#2120);
#1887=LINE('',#4627,#2121);
#1888=LINE('',#4629,#2122);
#1889=LINE('',#4631,#2123);
#1890=LINE('',#4633,#2124);
#1891=LINE('',#4637,#2125);
#1892=LINE('',#4639,#2126);
#1893=LINE('',#4643,#2127);
#1894=LINE('',#4644,#2128);
#1895=LINE('',#4646,#2129);
#1896=LINE('',#4661,#2130);
#1897=LINE('',#4663,#2131);
#1898=LINE('',#4665,#2132);
#1899=LINE('',#4677,#2133);
#1900=LINE('',#4687,#2134);
#1901=LINE('',#4700,#2135);
#1902=LINE('',#4706,#2136);
#1903=LINE('',#4708,#2137);
#1904=LINE('',#4711,#2138);
#1905=LINE('',#4714,#2139);
#1906=LINE('',#4717,#2140);
#1907=LINE('',#4721,#2141);
#1908=LINE('',#4725,#2142);
#1909=LINE('',#4727,#2143);
#1910=LINE('',#4729,#2144);
#1911=LINE('',#4731,#2145);
#1912=LINE('',#4737,#2146);
#1913=LINE('',#4743,#2147);
#1914=LINE('',#4746,#2148);
#1915=LINE('',#4753,#2149);
#1916=LINE('',#4754,#2150);
#1917=LINE('',#4776,#2151);
#1918=LINE('',#4777,#2152);
#1919=LINE('',#4779,#2153);
#1920=LINE('',#4780,#2154);
#1921=LINE('',#4782,#2155);
#1922=LINE('',#4783,#2156);
#1923=LINE('',#4785,#2157);
#1924=LINE('',#4786,#2158);
#1925=LINE('',#4792,#2159);
#1926=LINE('',#4807,#2160);
#1927=VECTOR('',#2989,1.);
#1928=VECTOR('',#2990,1.);
#1929=VECTOR('',#2993,1.);
#1930=VECTOR('',#2996,1.);
#1931=VECTOR('',#2999,1.);
#1932=VECTOR('',#3000,1.);
#1933=VECTOR('',#3001,1.);
#1934=VECTOR('',#3004,1.);
#1935=VECTOR('',#3007,1.);
#1936=VECTOR('',#3010,1.);
#1937=VECTOR('',#3013,1.);
#1938=VECTOR('',#3016,1.);
#1939=VECTOR('',#3021,1.);
#1940=VECTOR('',#3024,1.);
#1941=VECTOR('',#3025,1.);
#1942=VECTOR('',#3030,1.);
#1943=VECTOR('',#3031,1.);
#1944=VECTOR('',#3034,1.);
#1945=VECTOR('',#3039,1.);
#1946=VECTOR('',#3042,1.);
#1947=VECTOR('',#3045,1.);
#1948=VECTOR('',#3046,1.);
#1949=VECTOR('',#3047,1.);
#1950=VECTOR('',#3048,1.);
#1951=VECTOR('',#3049,1.);
#1952=VECTOR('',#3052,1.);
#1953=VECTOR('',#3055,1.);
#1954=VECTOR('',#3056,1.);
#1955=VECTOR('',#3059,1.);
#1956=VECTOR('',#3060,1.);
#1957=VECTOR('',#3061,1.);
#1958=VECTOR('',#3062,1.);
#1959=VECTOR('',#3065,1.);
#1960=VECTOR('',#3068,1.);
#1961=VECTOR('',#3071,1.);
#1962=VECTOR('',#3074,1.);
#1963=VECTOR('',#3077,1.);
#1964=VECTOR('',#3080,1.);
#1965=VECTOR('',#3081,1.);
#1966=VECTOR('',#3084,1.);
#1967=VECTOR('',#3087,1.);
#1968=VECTOR('',#3090,1.);
#1969=VECTOR('',#3093,1.);
#1970=VECTOR('',#3098,1.);
#1971=VECTOR('',#3099,1.);
#1972=VECTOR('',#3100,1.);
#1973=VECTOR('',#3101,1.);
#1974=VECTOR('',#3102,1.);
#1975=VECTOR('',#3105,1.);
#1976=VECTOR('',#3108,1.);
#1977=VECTOR('',#3111,1.);
#1978=VECTOR('',#3116,1.);
#1979=VECTOR('',#3119,1.);
#1980=VECTOR('',#3122,1.);
#1981=VECTOR('',#3127,1.);
#1982=VECTOR('',#3130,1.);
#1983=VECTOR('',#3133,1.);
#1984=VECTOR('',#3136,1.);
#1985=VECTOR('',#3141,1.);
#1986=VECTOR('',#3144,1.);
#1987=VECTOR('',#3145,1.);
#1988=VECTOR('',#3146,1.);
#1989=VECTOR('',#3153,1.);
#1990=VECTOR('',#3154,1.);
#1991=VECTOR('',#3155,1.);
#1992=VECTOR('',#3158,1.);
#1993=VECTOR('',#3159,1.);
#1994=VECTOR('',#3160,1.);
#1995=VECTOR('',#3161,1.);
#1996=VECTOR('',#3162,1.);
#1997=VECTOR('',#3165,1.);
#1998=VECTOR('',#3166,1.);
#1999=VECTOR('',#3167,1.);
#2000=VECTOR('',#3170,1.);
#2001=VECTOR('',#3171,1.);
#2002=VECTOR('',#3172,1.);
#2003=VECTOR('',#3175,1.);
#2004=VECTOR('',#3178,1.);
#2005=VECTOR('',#3179,1.);
#2006=VECTOR('',#3184,1.);
#2007=VECTOR('',#3187,1.);
#2008=VECTOR('',#3190,1.);
#2009=VECTOR('',#3193,1.);
#2010=VECTOR('',#3194,1.);
#2011=VECTOR('',#3195,1.);
#2012=VECTOR('',#3196,1.);
#2013=VECTOR('',#3197,1.);
#2014=VECTOR('',#3200,1.);
#2015=VECTOR('',#3203,1.);
#2016=VECTOR('',#3206,1.);
#2017=VECTOR('',#3209,1.);
#2018=VECTOR('',#3216,1.);
#2019=VECTOR('',#3221,1.);
#2020=VECTOR('',#3226,1.);
#2021=VECTOR('',#3245,1.);
#2022=VECTOR('',#3246,1.);
#2023=VECTOR('',#3259,1.);
#2024=VECTOR('',#3260,1.);
#2025=VECTOR('',#3265,1.);
#2026=VECTOR('',#3266,1.);
#2027=VECTOR('',#3271,1.);
#2028=VECTOR('',#3272,1.);
#2029=VECTOR('',#3285,1.);
#2030=VECTOR('',#3286,1.);
#2031=VECTOR('',#3299,1.);
#2032=VECTOR('',#3306,1.);
#2033=VECTOR('',#3309,1.);
#2034=VECTOR('',#3314,1.);
#2035=VECTOR('',#3317,1.);
#2036=VECTOR('',#3322,1.);
#2037=VECTOR('',#3323,1.);
#2038=VECTOR('',#3326,1.);
#2039=VECTOR('',#3327,1.);
#2040=VECTOR('',#3334,1.);
#2041=VECTOR('',#3339,1.);
#2042=VECTOR('',#3352,1.);
#2043=VECTOR('',#3353,1.);
#2044=VECTOR('',#3354,1.);
#2045=VECTOR('',#3357,1.);
#2046=VECTOR('',#3358,1.);
#2047=VECTOR('',#3359,1.);
#2048=VECTOR('',#3362,1.);
#2049=VECTOR('',#3363,1.);
#2050=VECTOR('',#3364,1.);
#2051=VECTOR('',#3365,1.);
#2052=VECTOR('',#3366,1.);
#2053=VECTOR('',#3367,1.);
#2054=VECTOR('',#3372,1.);
#2055=VECTOR('',#3375,1.);
#2056=VECTOR('',#3392,1.);
#2057=VECTOR('',#3395,1.);
#2058=VECTOR('',#3400,1.);
#2059=VECTOR('',#3401,1.);
#2060=VECTOR('',#3404,1.);
#2061=VECTOR('',#3407,1.);
#2062=VECTOR('',#3410,1.);
#2063=VECTOR('',#3413,1.);
#2064=VECTOR('',#3424,1.);
#2065=VECTOR('',#3425,1.);
#2066=VECTOR('',#3428,1.);
#2067=VECTOR('',#3431,1.);
#2068=VECTOR('',#3442,1.);
#2069=VECTOR('',#3445,1.);
#2070=VECTOR('',#3448,1.);
#2071=VECTOR('',#3453,1.);
#2072=VECTOR('',#3454,1.);
#2073=VECTOR('',#3459,1.);
#2074=VECTOR('',#3460,1.);
#2075=VECTOR('',#3465,1.);
#2076=VECTOR('',#3466,1.);
#2077=VECTOR('',#3471,1.);
#2078=VECTOR('',#3472,1.);
#2079=VECTOR('',#3475,1.);
#2080=VECTOR('',#3478,1.);
#2081=VECTOR('',#3481,1.);
#2082=VECTOR('',#3484,1.);
#2083=VECTOR('',#3487,1.);
#2084=VECTOR('',#3488,1.);
#2085=VECTOR('',#3489,1.);
#2086=VECTOR('',#3490,1.);
#2087=VECTOR('',#3491,1.);
#2088=VECTOR('',#3492,1.);
#2089=VECTOR('',#3493,1.);
#2090=VECTOR('',#3496,1.);
#2091=VECTOR('',#3497,1.);
#2092=VECTOR('',#3498,1.);
#2093=VECTOR('',#3499,1.);
#2094=VECTOR('',#3502,1.);
#2095=VECTOR('',#3503,1.);
#2096=VECTOR('',#3506,1.);
#2097=VECTOR('',#3509,1.);
#2098=VECTOR('',#3512,1.);
#2099=VECTOR('',#3513,1.);
#2100=VECTOR('',#3514,1.);
#2101=VECTOR('',#3517,1.);
#2102=VECTOR('',#3520,1.);
#2103=VECTOR('',#3525,1.);
#2104=VECTOR('',#3526,1.);
#2105=VECTOR('',#3527,1.);
#2106=VECTOR('',#3530,1.);
#2107=VECTOR('',#3531,1.);
#2108=VECTOR('',#3534,1.);
#2109=VECTOR('',#3535,1.);
#2110=VECTOR('',#3538,1.);
#2111=VECTOR('',#3543,1.);
#2112=VECTOR('',#3544,1.);
#2113=VECTOR('',#3547,1.);
#2114=VECTOR('',#3552,1.);
#2115=VECTOR('',#3555,1.);
#2116=VECTOR('',#3556,1.);
#2117=VECTOR('',#3557,1.);
#2118=VECTOR('',#3560,1.);
#2119=VECTOR('',#3561,1.);
#2120=VECTOR('',#3564,1.);
#2121=VECTOR('',#3565,1.);
#2122=VECTOR('',#3568,1.);
#2123=VECTOR('',#3569,1.);
#2124=VECTOR('',#3572,1.);
#2125=VECTOR('',#3577,1.);
#2126=VECTOR('',#3578,1.);
#2127=VECTOR('',#3585,1.);
#2128=VECTOR('',#3586,1.);
#2129=VECTOR('',#3589,1.);
#2130=VECTOR('',#3594,1.);
#2131=VECTOR('',#3597,1.);
#2132=VECTOR('',#3600,1.);
#2133=VECTOR('',#3601,1.);
#2134=VECTOR('',#3604,1.);
#2135=VECTOR('',#3609,1.);
#2136=VECTOR('',#3620,1.);
#2137=VECTOR('',#3623,1.);
#2138=VECTOR('',#3628,1.);
#2139=VECTOR('',#3633,1.);
#2140=VECTOR('',#3638,1.);
#2141=VECTOR('',#3641,1.);
#2142=VECTOR('',#3644,1.);
#2143=VECTOR('',#3647,1.);
#2144=VECTOR('',#3650,1.);
#2145=VECTOR('',#3653,1.);
#2146=VECTOR('',#3662,1.);
#2147=VECTOR('',#3667,1.);
#2148=VECTOR('',#3670,1.);
#2149=VECTOR('',#3677,1.);
#2150=VECTOR('',#3678,1.);
#2151=VECTOR('',#3721,1.);
#2152=VECTOR('',#3722,1.);
#2153=VECTOR('',#3725,1.);
#2154=VECTOR('',#3726,1.);
#2155=VECTOR('',#3729,1.);
#2156=VECTOR('',#3730,1.);
#2157=VECTOR('',#3733,1.);
#2158=VECTOR('',#3734,1.);
#2159=VECTOR('',#3745,1.);
#2160=VECTOR('',#3758,1.);
#2161=EDGE_LOOP('',(#254,#255,#256,#257,#258,#259,#260,#261,#262,#263));
#2162=EDGE_LOOP('',(#264,#265,#266,#267,#268,#269,#270,#271));
#2163=EDGE_LOOP('',(#272,#273,#274,#275,#276,#277,#278,#279,#280));
#2164=EDGE_LOOP('',(#281,#282,#283,#284,#285,#286));
#2165=EDGE_LOOP('',(#287,#288,#289,#290,#291,#292,#293));
#2166=EDGE_LOOP('',(#294,#295,#296,#297,#298,#299,#300));
#2167=EDGE_LOOP('',(#301));
#2168=EDGE_LOOP('',(#302,#303,#304,#305,#306,#307));
#2169=EDGE_LOOP('',(#308,#309,#310,#311,#312,#313,#314,#315,#316));
#2170=EDGE_LOOP('',(#317,#318,#319,#320,#321,#322,#323,#324,#325,#326,#327,
#328,#329));
#2171=EDGE_LOOP('',(#330,#331,#332,#333));
#2172=EDGE_LOOP('',(#334,#335,#336,#337,#338,#339,#340,#341));
#2173=EDGE_LOOP('',(#342,#343,#344,#345));
#2174=EDGE_LOOP('',(#346,#347,#348,#349));
#2175=EDGE_LOOP('',(#350,#351,#352,#353));
#2176=EDGE_LOOP('',(#354,#355,#356,#357,#358,#359));
#2177=EDGE_LOOP('',(#360,#361,#362,#363,#364,#365));
#2178=EDGE_LOOP('',(#366,#367,#368,#369));
#2179=EDGE_LOOP('',(#370,#371,#372,#373));
#2180=EDGE_LOOP('',(#374,#375,#376,#377,#378,#379,#380,#381,#382,#383,#384,
#385,#386,#387));
#2181=EDGE_LOOP('',(#388,#389,#390,#391));
#2182=EDGE_LOOP('',(#392,#393,#394,#395));
#2183=EDGE_LOOP('',(#396,#397,#398,#399));
#2184=EDGE_LOOP('',(#400,#401,#402,#403));
#2185=EDGE_LOOP('',(#404,#405,#406,#407,#408,#409,#410,#411));
#2186=EDGE_LOOP('',(#412,#413,#414,#415,#416,#417,#418,#419,#420,#421,#422,
#423));
#2187=EDGE_LOOP('',(#424,#425,#426,#427));
#2188=EDGE_LOOP('',(#428,#429,#430,#431));
#2189=EDGE_LOOP('',(#432,#433,#434,#435));
#2190=EDGE_LOOP('',(#436,#437,#438,#439));
#2191=EDGE_LOOP('',(#440,#441,#442));
#2192=EDGE_LOOP('',(#443,#444,#445,#446));
#2193=EDGE_LOOP('',(#447,#448,#449,#450));
#2194=EDGE_LOOP('',(#451,#452,#453,#454));
#2195=EDGE_LOOP('',(#455,#456,#457,#458));
#2196=EDGE_LOOP('',(#459,#460,#461,#462));
#2197=EDGE_LOOP('',(#463,#464,#465,#466));
#2198=EDGE_LOOP('',(#467,#468,#469,#470));
#2199=EDGE_LOOP('',(#471,#472,#473,#474));
#2200=EDGE_LOOP('',(#475,#476,#477,#478));
#2201=EDGE_LOOP('',(#479,#480,#481,#482));
#2202=EDGE_LOOP('',(#483,#484,#485,#486));
#2203=EDGE_LOOP('',(#487,#488,#489));
#2204=EDGE_LOOP('',(#490,#491,#492,#493,#494,#495));
#2205=EDGE_LOOP('',(#496,#497,#498));
#2206=EDGE_LOOP('',(#499,#500,#501,#502,#503,#504));
#2207=EDGE_LOOP('',(#505,#506,#507,#508,#509,#510));
#2208=EDGE_LOOP('',(#511,#512,#513));
#2209=EDGE_LOOP('',(#514,#515,#516,#517));
#2210=EDGE_LOOP('',(#518,#519,#520,#521));
#2211=EDGE_LOOP('',(#522,#523,#524,#525));
#2212=EDGE_LOOP('',(#526,#527,#528,#529));
#2213=EDGE_LOOP('',(#530,#531,#532,#533));
#2214=EDGE_LOOP('',(#534,#535,#536,#537,#538,#539));
#2215=EDGE_LOOP('',(#540,#541,#542,#543,#544,#545));
#2216=EDGE_LOOP('',(#546,#547,#548,#549,#550,#551,#552,#553,#554));
#2217=EDGE_LOOP('',(#555,#556,#557,#558));
#2218=EDGE_LOOP('',(#559,#560,#561,#562,#563));
#2219=EDGE_LOOP('',(#564,#565,#566));
#2220=EDGE_LOOP('',(#567,#568,#569,#570));
#2221=EDGE_LOOP('',(#571,#572,#573,#574,#575,#576,#577,#578,#579,#580));
#2222=EDGE_LOOP('',(#581,#582,#583,#584));
#2223=EDGE_LOOP('',(#585,#586,#587));
#2224=EDGE_LOOP('',(#588,#589,#590,#591));
#2225=EDGE_LOOP('',(#592,#593,#594,#595));
#2226=EDGE_LOOP('',(#596,#597,#598,#599,#600));
#2227=EDGE_LOOP('',(#601,#602,#603,#604));
#2228=EDGE_LOOP('',(#605,#606,#607,#608));
#2229=EDGE_LOOP('',(#609,#610,#611,#612));
#2230=EDGE_LOOP('',(#613,#614,#615,#616));
#2231=EDGE_LOOP('',(#617,#618,#619,#620));
#2232=EDGE_LOOP('',(#621,#622,#623,#624));
#2233=EDGE_LOOP('',(#625,#626,#627,#628));
#2234=EDGE_LOOP('',(#629,#630,#631,#632));
#2235=EDGE_LOOP('',(#633,#634,#635,#636));
#2236=EDGE_LOOP('',(#637,#638,#639,#640));
#2237=EDGE_LOOP('',(#641,#642,#643,#644,#645,#646,#647,#648));
#2238=EDGE_LOOP('',(#649,#650,#651,#652,#653,#654,#655,#656));
#2239=EDGE_LOOP('',(#657,#658,#659,#660));
#2240=EDGE_LOOP('',(#661,#662,#663,#664));
#2241=EDGE_LOOP('',(#665,#666,#667,#668));
#2242=EDGE_LOOP('',(#669,#670,#671,#672,#673,#674,#675,#676));
#2243=EDGE_LOOP('',(#677,#678,#679,#680,#681,#682,#683,#684));
#2244=EDGE_LOOP('',(#685,#686,#687,#688));
#2245=EDGE_LOOP('',(#689,#690,#691,#692));
#2246=EDGE_LOOP('',(#693,#694,#695,#696));
#2247=EDGE_LOOP('',(#697,#698,#699,#700));
#2248=EDGE_LOOP('',(#701,#702,#703,#704));
#2249=EDGE_LOOP('',(#705,#706,#707,#708));
#2250=EDGE_LOOP('',(#709,#710,#711,#712));
#2251=EDGE_LOOP('',(#713,#714,#715,#716));
#2252=EDGE_LOOP('',(#717,#718,#719,#720));
#2253=EDGE_LOOP('',(#721,#722,#723,#724));
#2254=EDGE_LOOP('',(#725,#726,#727,#728));
#2255=EDGE_LOOP('',(#729,#730,#731,#732));
#2256=EDGE_LOOP('',(#733,#734,#735,#736));
#2257=EDGE_LOOP('',(#737,#738,#739,#740));
#2258=EDGE_LOOP('',(#741,#742,#743,#744));
#2259=EDGE_LOOP('',(#745,#746,#747,#748));
#2260=EDGE_LOOP('',(#749,#750,#751,#752));
#2261=EDGE_LOOP('',(#753,#754,#755,#756,#757,#758,#759,#760));
#2262=EDGE_LOOP('',(#761,#762,#763,#764,#765,#766,#767));
#2263=EDGE_LOOP('',(#768));
#2264=EDGE_LOOP('',(#769,#770,#771,#772));
#2265=EDGE_LOOP('',(#773,#774,#775,#776,#777,#778,#779));
#2266=EDGE_LOOP('',(#780,#781,#782,#783));
#2267=EDGE_LOOP('',(#784,#785,#786,#787,#788,#789,#790));
#2268=EDGE_LOOP('',(#791,#792,#793,#794));
#2269=EDGE_LOOP('',(#795,#796,#797,#798,#799,#800,#801));
#2270=EDGE_LOOP('',(#802,#803,#804,#805));
#2271=EDGE_LOOP('',(#806));
#2272=EDGE_LOOP('',(#807,#808,#809,#810));
#2273=EDGE_LOOP('',(#811,#812,#813,#814));
#2274=EDGE_LOOP('',(#815,#816,#817,#818));
#2275=EDGE_LOOP('',(#819,#820,#821,#822,#823));
#2276=EDGE_LOOP('',(#824,#825,#826,#827,#828));
#2277=EDGE_LOOP('',(#829,#830,#831,#832,#833,#834,#835,#836,#837,#838));
#2278=EDGE_LOOP('',(#839,#840,#841,#842,#843,#844,#845,#846,#847,#848,#849,
#850,#851,#852,#853,#854));
#2279=EDGE_LOOP('',(#855,#856,#857,#858));
#2280=EDGE_LOOP('',(#859,#860,#861,#862));
#2281=EDGE_LOOP('',(#863,#864,#865,#866));
#2282=EDGE_LOOP('',(#867,#868,#869,#870,#871,#872));
#2283=EDGE_LOOP('',(#873,#874,#875,#876));
#2284=EDGE_LOOP('',(#877,#878,#879,#880,#881,#882));
#2285=EDGE_LOOP('',(#883,#884,#885));
#2286=EDGE_LOOP('',(#886,#887,#888));
#2287=EDGE_LOOP('',(#889,#890,#891,#892));
#2288=EDGE_LOOP('',(#893,#894,#895,#896,#897));
#2289=EDGE_LOOP('',(#898,#899,#900,#901,#902,#903,#904));
#2290=EDGE_LOOP('',(#905,#906,#907,#908,#909,#910,#911));
#2291=EDGE_LOOP('',(#912,#913,#914));
#2292=EDGE_LOOP('',(#915,#916,#917));
#2293=EDGE_LOOP('',(#918,#919,#920,#921,#922));
#2294=EDGE_LOOP('',(#923,#924,#925,#926));
#2295=EDGE_LOOP('',(#927,#928,#929,#930));
#2296=EDGE_LOOP('',(#931,#932,#933,#934));
#2297=EDGE_LOOP('',(#935,#936,#937,#938));
#2298=EDGE_LOOP('',(#939,#940,#941,#942));
#2299=EDGE_LOOP('',(#943,#944,#945,#946));
#2300=EDGE_LOOP('',(#947,#948,#949,#950));
#2301=EDGE_LOOP('',(#951,#952,#953,#954,#955));
#2302=EDGE_LOOP('',(#956,#957,#958,#959));
#2303=EDGE_LOOP('',(#960,#961,#962,#963));
#2304=EDGE_LOOP('',(#964,#965,#966,#967));
#2305=EDGE_LOOP('',(#968,#969,#970,#971));
#2306=EDGE_LOOP('',(#972,#973,#974,#975));
#2307=EDGE_LOOP('',(#976,#977,#978,#979));
#2308=EDGE_LOOP('',(#980,#981,#982,#983,#984));
#2309=EDGE_LOOP('',(#985,#986,#987,#988,#989));
#2310=EDGE_LOOP('',(#990,#991,#992,#993));
#2311=EDGE_LOOP('',(#994,#995,#996,#997));
#2312=EDGE_LOOP('',(#998,#999,#1000,#1001));
#2313=EDGE_LOOP('',(#1002,#1003,#1004,#1005,#1006,#1007,#1008,#1009));
#2314=EDGE_LOOP('',(#1010,#1011,#1012,#1013,#1014,#1015,#1016,#1017,#1018,
#1019));
#2315=EDGE_LOOP('',(#1020));
#2316=EDGE_LOOP('',(#1021,#1022,#1023,#1024));
#2317=EDGE_LOOP('',(#1025,#1026,#1027));
#2318=EDGE_LOOP('',(#1028,#1029,#1030));
#2319=EDGE_LOOP('',(#1031,#1032,#1033,#1034,#1035));
#2320=EDGE_LOOP('',(#1036,#1037,#1038,#1039,#1040));
#2321=EDGE_LOOP('',(#1041,#1042,#1043,#1044,#1045));
#2322=FACE_BOUND('',#2161,.T.);
#2323=FACE_BOUND('',#2162,.T.);
#2324=FACE_BOUND('',#2163,.T.);
#2325=FACE_BOUND('',#2164,.T.);
#2326=FACE_BOUND('',#2165,.T.);
#2327=FACE_BOUND('',#2166,.T.);
#2328=FACE_BOUND('',#2167,.T.);
#2329=FACE_BOUND('',#2168,.T.);
#2330=FACE_BOUND('',#2169,.T.);
#2331=FACE_BOUND('',#2170,.T.);
#2332=FACE_BOUND('',#2171,.T.);
#2333=FACE_BOUND('',#2172,.T.);
#2334=FACE_BOUND('',#2173,.T.);
#2335=FACE_BOUND('',#2174,.T.);
#2336=FACE_BOUND('',#2175,.T.);
#2337=FACE_BOUND('',#2176,.T.);
#2338=FACE_BOUND('',#2177,.T.);
#2339=FACE_BOUND('',#2178,.T.);
#2340=FACE_BOUND('',#2179,.T.);
#2341=FACE_BOUND('',#2180,.T.);
#2342=FACE_BOUND('',#2181,.T.);
#2343=FACE_BOUND('',#2182,.T.);
#2344=FACE_BOUND('',#2183,.T.);
#2345=FACE_BOUND('',#2184,.T.);
#2346=FACE_BOUND('',#2185,.T.);
#2347=FACE_BOUND('',#2186,.T.);
#2348=FACE_BOUND('',#2187,.T.);
#2349=FACE_BOUND('',#2188,.T.);
#2350=FACE_BOUND('',#2189,.T.);
#2351=FACE_BOUND('',#2190,.T.);
#2352=FACE_BOUND('',#2191,.T.);
#2353=FACE_BOUND('',#2192,.T.);
#2354=FACE_BOUND('',#2193,.T.);
#2355=FACE_BOUND('',#2194,.T.);
#2356=FACE_BOUND('',#2195,.T.);
#2357=FACE_BOUND('',#2196,.T.);
#2358=FACE_BOUND('',#2197,.T.);
#2359=FACE_BOUND('',#2198,.T.);
#2360=FACE_BOUND('',#2199,.T.);
#2361=FACE_BOUND('',#2200,.T.);
#2362=FACE_BOUND('',#2201,.T.);
#2363=FACE_BOUND('',#2202,.T.);
#2364=FACE_BOUND('',#2203,.T.);
#2365=FACE_BOUND('',#2204,.T.);
#2366=FACE_BOUND('',#2205,.T.);
#2367=FACE_BOUND('',#2206,.T.);
#2368=FACE_BOUND('',#2207,.T.);
#2369=FACE_BOUND('',#2208,.T.);
#2370=FACE_BOUND('',#2209,.T.);
#2371=FACE_BOUND('',#2210,.T.);
#2372=FACE_BOUND('',#2211,.T.);
#2373=FACE_BOUND('',#2212,.T.);
#2374=FACE_BOUND('',#2213,.T.);
#2375=FACE_BOUND('',#2214,.T.);
#2376=FACE_BOUND('',#2215,.T.);
#2377=FACE_BOUND('',#2216,.T.);
#2378=FACE_BOUND('',#2217,.T.);
#2379=FACE_BOUND('',#2218,.T.);
#2380=FACE_BOUND('',#2219,.T.);
#2381=FACE_BOUND('',#2220,.T.);
#2382=FACE_BOUND('',#2221,.T.);
#2383=FACE_BOUND('',#2222,.T.);
#2384=FACE_BOUND('',#2223,.T.);
#2385=FACE_BOUND('',#2224,.T.);
#2386=FACE_BOUND('',#2225,.T.);
#2387=FACE_BOUND('',#2226,.T.);
#2388=FACE_BOUND('',#2227,.T.);
#2389=FACE_BOUND('',#2228,.T.);
#2390=FACE_BOUND('',#2229,.T.);
#2391=FACE_BOUND('',#2230,.T.);
#2392=FACE_BOUND('',#2231,.T.);
#2393=FACE_BOUND('',#2232,.T.);
#2394=FACE_BOUND('',#2233,.T.);
#2395=FACE_BOUND('',#2234,.T.);
#2396=FACE_BOUND('',#2235,.T.);
#2397=FACE_BOUND('',#2236,.T.);
#2398=FACE_BOUND('',#2237,.T.);
#2399=FACE_BOUND('',#2238,.T.);
#2400=FACE_BOUND('',#2239,.T.);
#2401=FACE_BOUND('',#2240,.T.);
#2402=FACE_BOUND('',#2241,.T.);
#2403=FACE_BOUND('',#2242,.T.);
#2404=FACE_BOUND('',#2243,.T.);
#2405=FACE_BOUND('',#2244,.T.);
#2406=FACE_BOUND('',#2245,.T.);
#2407=FACE_BOUND('',#2246,.T.);
#2408=FACE_BOUND('',#2247,.T.);
#2409=FACE_BOUND('',#2248,.T.);
#2410=FACE_BOUND('',#2249,.T.);
#2411=FACE_BOUND('',#2250,.T.);
#2412=FACE_BOUND('',#2251,.T.);
#2413=FACE_BOUND('',#2252,.T.);
#2414=FACE_BOUND('',#2253,.T.);
#2415=FACE_BOUND('',#2254,.T.);
#2416=FACE_BOUND('',#2255,.T.);
#2417=FACE_BOUND('',#2256,.T.);
#2418=FACE_BOUND('',#2257,.T.);
#2419=FACE_BOUND('',#2258,.T.);
#2420=FACE_BOUND('',#2259,.T.);
#2421=FACE_BOUND('',#2260,.T.);
#2422=FACE_BOUND('',#2261,.T.);
#2423=FACE_BOUND('',#2262,.T.);
#2424=FACE_BOUND('',#2263,.T.);
#2425=FACE_BOUND('',#2264,.T.);
#2426=FACE_BOUND('',#2265,.T.);
#2427=FACE_BOUND('',#2266,.T.);
#2428=FACE_BOUND('',#2267,.T.);
#2429=FACE_BOUND('',#2268,.T.);
#2430=FACE_BOUND('',#2269,.T.);
#2431=FACE_BOUND('',#2270,.T.);
#2432=FACE_BOUND('',#2271,.T.);
#2433=FACE_BOUND('',#2272,.T.);
#2434=FACE_BOUND('',#2273,.T.);
#2435=FACE_BOUND('',#2274,.T.);
#2436=FACE_BOUND('',#2275,.T.);
#2437=FACE_BOUND('',#2276,.T.);
#2438=FACE_BOUND('',#2277,.T.);
#2439=FACE_BOUND('',#2278,.T.);
#2440=FACE_BOUND('',#2279,.T.);
#2441=FACE_BOUND('',#2280,.T.);
#2442=FACE_BOUND('',#2281,.T.);
#2443=FACE_BOUND('',#2282,.T.);
#2444=FACE_BOUND('',#2283,.T.);
#2445=FACE_BOUND('',#2284,.T.);
#2446=FACE_BOUND('',#2285,.T.);
#2447=FACE_BOUND('',#2286,.T.);
#2448=FACE_BOUND('',#2287,.T.);
#2449=FACE_BOUND('',#2288,.T.);
#2450=FACE_BOUND('',#2289,.T.);
#2451=FACE_BOUND('',#2290,.T.);
#2452=FACE_BOUND('',#2291,.T.);
#2453=FACE_BOUND('',#2292,.T.);
#2454=FACE_BOUND('',#2293,.T.);
#2455=FACE_BOUND('',#2294,.T.);
#2456=FACE_BOUND('',#2295,.T.);
#2457=FACE_BOUND('',#2296,.T.);
#2458=FACE_BOUND('',#2297,.T.);
#2459=FACE_BOUND('',#2298,.T.);
#2460=FACE_BOUND('',#2299,.T.);
#2461=FACE_BOUND('',#2300,.T.);
#2462=FACE_BOUND('',#2301,.T.);
#2463=FACE_BOUND('',#2302,.T.);
#2464=FACE_BOUND('',#2303,.T.);
#2465=FACE_BOUND('',#2304,.T.);
#2466=FACE_BOUND('',#2305,.T.);
#2467=FACE_BOUND('',#2306,.T.);
#2468=FACE_BOUND('',#2307,.T.);
#2469=FACE_BOUND('',#2308,.T.);
#2470=FACE_BOUND('',#2309,.T.);
#2471=FACE_BOUND('',#2310,.T.);
#2472=FACE_BOUND('',#2311,.T.);
#2473=FACE_BOUND('',#2312,.T.);
#2474=FACE_BOUND('',#2313,.T.);
#2475=FACE_BOUND('',#2314,.T.);
#2476=FACE_BOUND('',#2315,.T.);
#2477=FACE_BOUND('',#2316,.T.);
#2478=FACE_BOUND('',#2317,.T.);
#2479=FACE_BOUND('',#2318,.T.);
#2480=FACE_BOUND('',#2319,.T.);
#2481=FACE_BOUND('',#2320,.T.);
#2482=FACE_BOUND('',#2321,.T.);
#2483=PLANE('',#2712);
#2484=PLANE('',#2716);
#2485=PLANE('',#2728);
#2486=PLANE('',#2745);
#2487=PLANE('',#2750);
#2488=PLANE('',#2759);
#2489=PLANE('',#2760);
#2490=PLANE('',#2762);
#2491=PLANE('',#2765);
#2492=PLANE('',#2766);
#2493=PLANE('',#2767);
#2494=PLANE('',#2768);
#2495=PLANE('',#2769);
#2496=PLANE('',#2837);
#2497=PLANE('',#2838);
#2498=PLANE('',#2870);
#2499=PLANE('',#2879);
#2500=PLANE('',#2880);
#2501=PLANE('',#2881);
#2502=PLANE('',#2882);
#2503=PLANE('',#2883);
#2504=PLANE('',#2884);
#2505=PLANE('',#2885);
#2506=PLANE('',#2886);
#2507=PLANE('',#2887);
#2508=PLANE('',#2888);
#2509=PLANE('',#2889);
#2510=PLANE('',#2891);
#2511=PLANE('',#2892);
#2512=PLANE('',#2893);
#2513=PLANE('',#2894);
#2514=PLANE('',#2897);
#2515=PLANE('',#2900);
#2516=PLANE('',#2901);
#2517=PLANE('',#2902);
#2518=PLANE('',#2903);
#2519=PLANE('',#2904);
#2520=PLANE('',#2907);
#2521=PLANE('',#2910);
#2522=PLANE('',#2911);
#2523=PLANE('',#2912);
#2524=PLANE('',#2913);
#2525=PLANE('',#2914);
#2526=PLANE('',#2915);
#2527=PLANE('',#2916);
#2528=PLANE('',#2918);
#2529=PLANE('',#2923);
#2530=PLANE('',#2924);
#2531=PLANE('',#2925);
#2532=PLANE('',#2927);
#2533=PLANE('',#2929);
#2534=PLANE('',#2930);
#2535=PLANE('',#2933);
#2536=PLANE('',#2934);
#2537=PLANE('',#2935);
#2538=PLANE('',#2936);
#2539=PLANE('',#2937);
#2540=PLANE('',#2938);
#2541=PLANE('',#2945);
#2542=PLANE('',#2946);
#2543=PLANE('',#2970);
#2544=PLANE('',#2971);
#2545=PLANE('',#2972);
#2546=PLANE('',#2973);
#2547=PLANE('',#2974);
#2548=PLANE('',#2979);
#2549=PLANE('',#2980);
#2550=PLANE('',#2981);
#2551=ADVANCED_FACE('',(#2322),#2483,.T.);
#2552=ADVANCED_FACE('',(#2323),#2484,.T.);
#2553=ADVANCED_FACE('',(#2324),#83,.T.);
#2554=ADVANCED_FACE('',(#2325),#84,.T.);
#2555=ADVANCED_FACE('',(#2326,#2327,#2328,#2329),#2485,.T.);
#2556=ADVANCED_FACE('',(#2330),#85,.T.);
#2557=ADVANCED_FACE('',(#2331),#86,.T.);
#2558=ADVANCED_FACE('',(#2332,#2333),#2486,.T.);
#2559=ADVANCED_FACE('',(#2334),#2487,.F.);
#2560=ADVANCED_FACE('',(#2335),#87,.T.);
#2561=ADVANCED_FACE('',(#2336),#88,.T.);
#2562=ADVANCED_FACE('',(#2337),#89,.F.);
#2563=ADVANCED_FACE('',(#2338),#90,.F.);
#2564=ADVANCED_FACE('',(#2339),#2488,.F.);
#2565=ADVANCED_FACE('',(#2340),#2489,.F.);
#2566=ADVANCED_FACE('',(#2341),#2490,.T.);
#2567=ADVANCED_FACE('',(#2342),#2491,.F.);
#2568=ADVANCED_FACE('',(#2343),#2492,.F.);
#2569=ADVANCED_FACE('',(#2344),#2493,.F.);
#2570=ADVANCED_FACE('',(#2345),#2494,.F.);
#2571=ADVANCED_FACE('',(#2346,#2347),#2495,.T.);
#2572=ADVANCED_FACE('',(#2348),#91,.T.);
#2573=ADVANCED_FACE('',(#2349),#92,.T.);
#2574=ADVANCED_FACE('',(#2350),#93,.T.);
#2575=ADVANCED_FACE('',(#2351),#94,.T.);
#2576=ADVANCED_FACE('',(#2352),#30,.T.);
#2577=ADVANCED_FACE('',(#2353),#28,.T.);
#2578=ADVANCED_FACE('',(#2354),#17,.T.);
#2579=ADVANCED_FACE('',(#2355),#95,.T.);
#2580=ADVANCED_FACE('',(#2356),#18,.T.);
#2581=ADVANCED_FACE('',(#2357),#96,.T.);
#2582=ADVANCED_FACE('',(#2358),#97,.T.);
#2583=ADVANCED_FACE('',(#2359),#98,.T.);
#2584=ADVANCED_FACE('',(#2360),#19,.T.);
#2585=ADVANCED_FACE('',(#2361),#99,.T.);
#2586=ADVANCED_FACE('',(#2362),#20,.T.);
#2587=ADVANCED_FACE('',(#2363),#29,.T.);
#2588=ADVANCED_FACE('',(#2364),#100,.T.);
#2589=ADVANCED_FACE('',(#2365),#101,.F.);
#2590=ADVANCED_FACE('',(#2366),#21,.F.);
#2591=ADVANCED_FACE('',(#2367),#102,.F.);
#2592=ADVANCED_FACE('',(#2368),#103,.F.);
#2593=ADVANCED_FACE('',(#2369),#22,.F.);
#2594=ADVANCED_FACE('',(#2370),#104,.F.);
#2595=ADVANCED_FACE('',(#2371),#105,.F.);
#2596=ADVANCED_FACE('',(#2372),#106,.T.);
#2597=ADVANCED_FACE('',(#2373),#107,.T.);
#2598=ADVANCED_FACE('',(#2374),#16,.T.);
#2599=ADVANCED_FACE('',(#2375),#108,.T.);
#2600=ADVANCED_FACE('',(#2376),#2496,.F.);
#2601=ADVANCED_FACE('',(#2377),#2497,.T.);
#2602=ADVANCED_FACE('',(#2378),#109,.T.);
#2603=ADVANCED_FACE('',(#2379),#23,.T.);
#2604=ADVANCED_FACE('',(#2380),#12,.T.);
#2605=ADVANCED_FACE('',(#2381),#110,.F.);
#2606=ADVANCED_FACE('',(#2382),#111,.T.);
#2607=ADVANCED_FACE('',(#2383),#112,.T.);
#2608=ADVANCED_FACE('',(#2384),#13,.T.);
#2609=ADVANCED_FACE('',(#2385),#113,.T.);
#2610=ADVANCED_FACE('',(#2386),#114,.T.);
#2611=ADVANCED_FACE('',(#2387),#24,.T.);
#2612=ADVANCED_FACE('',(#2388),#115,.F.);
#2613=ADVANCED_FACE('',(#2389),#2498,.T.);
#2614=ADVANCED_FACE('',(#2390),#116,.F.);
#2615=ADVANCED_FACE('',(#2391),#117,.F.);
#2616=ADVANCED_FACE('',(#2392),#118,.F.);
#2617=ADVANCED_FACE('',(#2393),#119,.F.);
#2618=ADVANCED_FACE('',(#2394),#2499,.T.);
#2619=ADVANCED_FACE('',(#2395),#2500,.T.);
#2620=ADVANCED_FACE('',(#2396),#2501,.F.);
#2621=ADVANCED_FACE('',(#2397),#2502,.F.);
#2622=ADVANCED_FACE('',(#2398,#2399),#2503,.F.);
#2623=ADVANCED_FACE('',(#2400),#2504,.T.);
#2624=ADVANCED_FACE('',(#2401),#2505,.T.);
#2625=ADVANCED_FACE('',(#2402),#2506,.F.);
#2626=ADVANCED_FACE('',(#2403),#2507,.T.);
#2627=ADVANCED_FACE('',(#2404),#2508,.F.);
#2628=ADVANCED_FACE('',(#2405),#2509,.T.);
#2629=ADVANCED_FACE('',(#2406),#120,.T.);
#2630=ADVANCED_FACE('',(#2407),#2510,.F.);
#2631=ADVANCED_FACE('',(#2408),#2511,.F.);
#2632=ADVANCED_FACE('',(#2409),#2512,.F.);
#2633=ADVANCED_FACE('',(#2410),#2513,.F.);
#2634=ADVANCED_FACE('',(#2411),#121,.F.);
#2635=ADVANCED_FACE('',(#2412),#2514,.T.);
#2636=ADVANCED_FACE('',(#2413),#122,.F.);
#2637=ADVANCED_FACE('',(#2414),#2515,.T.);
#2638=ADVANCED_FACE('',(#2415),#2516,.F.);
#2639=ADVANCED_FACE('',(#2416),#2517,.F.);
#2640=ADVANCED_FACE('',(#2417),#2518,.T.);
#2641=ADVANCED_FACE('',(#2418),#2519,.F.);
#2642=ADVANCED_FACE('',(#2419),#123,.F.);
#2643=ADVANCED_FACE('',(#2420),#2520,.F.);
#2644=ADVANCED_FACE('',(#2421),#124,.F.);
#2645=ADVANCED_FACE('',(#2422),#2521,.T.);
#2646=ADVANCED_FACE('',(#2423),#2522,.T.);
#2647=ADVANCED_FACE('',(#2424,#2425),#2523,.F.);
#2648=ADVANCED_FACE('',(#2426),#2524,.F.);
#2649=ADVANCED_FACE('',(#2427),#2525,.F.);
#2650=ADVANCED_FACE('',(#2428),#2526,.T.);
#2651=ADVANCED_FACE('',(#2429),#2527,.T.);
#2652=ADVANCED_FACE('',(#2430),#2528,.F.);
#2653=ADVANCED_FACE('',(#2431),#125,.F.);
#2654=ADVANCED_FACE('',(#2432,#2433),#126,.F.);
#2655=ADVANCED_FACE('',(#2434),#2529,.F.);
#2656=ADVANCED_FACE('',(#2435),#2530,.T.);
#2657=ADVANCED_FACE('',(#2436),#2531,.F.);
#2658=ADVANCED_FACE('',(#2437),#2532,.T.);
#2659=ADVANCED_FACE('',(#2438),#2533,.T.);
#2660=ADVANCED_FACE('',(#2439),#2534,.T.);
#2661=ADVANCED_FACE('',(#2440),#2535,.T.);
#2662=ADVANCED_FACE('',(#2441),#2536,.F.);
#2663=ADVANCED_FACE('',(#2442),#2537,.F.);
#2664=ADVANCED_FACE('',(#2443),#2538,.F.);
#2665=ADVANCED_FACE('',(#2444),#2539,.F.);
#2666=ADVANCED_FACE('',(#2445,#2446,#2447),#2540,.F.);
#2667=ADVANCED_FACE('',(#2448),#2541,.T.);
#2668=ADVANCED_FACE('',(#2449,#2450,#2451),#2542,.F.);
#2669=ADVANCED_FACE('',(#2452),#127,.T.);
#2670=ADVANCED_FACE('',(#2453),#128,.T.);
#2671=ADVANCED_FACE('',(#2454),#129,.T.);
#2672=ADVANCED_FACE('',(#2455),#25,.T.);
#2673=ADVANCED_FACE('',(#2456),#130,.T.);
#2674=ADVANCED_FACE('',(#2457),#14,.T.);
#2675=ADVANCED_FACE('',(#2458),#131,.T.);
#2676=ADVANCED_FACE('',(#2459),#15,.T.);
#2677=ADVANCED_FACE('',(#2460),#132,.T.);
#2678=ADVANCED_FACE('',(#2461),#26,.T.);
#2679=ADVANCED_FACE('',(#2462),#133,.T.);
#2680=ADVANCED_FACE('',(#2463),#134,.F.);
#2681=ADVANCED_FACE('',(#2464),#135,.F.);
#2682=ADVANCED_FACE('',(#2465),#136,.F.);
#2683=ADVANCED_FACE('',(#2466),#137,.F.);
#2684=ADVANCED_FACE('',(#2467),#2543,.F.);
#2685=ADVANCED_FACE('',(#2468),#2544,.T.);
#2686=ADVANCED_FACE('',(#2469),#2545,.F.);
#2687=ADVANCED_FACE('',(#2470),#2546,.T.);
#2688=ADVANCED_FACE('',(#2471),#2547,.F.);
#2689=ADVANCED_FACE('',(#2472),#138,.F.);
#2690=ADVANCED_FACE('',(#2473),#139,.F.);
#2691=ADVANCED_FACE('',(#2474),#140,.T.);
#2692=ADVANCED_FACE('',(#2475,#2476),#27,.T.);
#2693=ADVANCED_FACE('',(#2477),#2548,.T.);
#2694=ADVANCED_FACE('',(#2478),#2549,.F.);
#2695=ADVANCED_FACE('',(#2479),#2550,.T.);
#2696=ADVANCED_FACE('',(#2480),#141,.F.);
#2697=ADVANCED_FACE('',(#2481),#142,.F.);
#2698=ADVANCED_FACE('',(#2482),#143,.F.);
#2699=CLOSED_SHELL('',(#2551,#2552,#2553,#2554,#2555,#2556,#2557,#2558,
#2559,#2560,#2561,#2562,#2563,#2564,#2565,#2566,#2567,#2568,#2569,#2570,
#2571,#2572,#2573,#2574,#2575,#2576,#2577,#2578,#2579,#2580,#2581,#2582,
#2583,#2584,#2585,#2586,#2587,#2588,#2589,#2590,#2591,#2592,#2593,#2594,
#2595,#2596,#2597,#2598,#2599,#2600,#2601,#2602,#2603,#2604,#2605,#2606,
#2607,#2608,#2609,#2610,#2611,#2612,#2613,#2614,#2615,#2616,#2617,#2618,
#2619,#2620,#2621,#2622,#2623,#2624,#2625,#2626,#2627,#2628,#2629,#2630,
#2631,#2632,#2633,#2634,#2635,#2636,#2637,#2638,#2639,#2640,#2641,#2642,
#2643,#2644,#2645,#2646,#2647,#2648,#2649,#2650,#2651,#2652,#2653,#2654,
#2655,#2656,#2657,#2658,#2659,#2660,#2661,#2662,#2663,#2664,#2665,#2666,
#2667,#2668,#2669,#2670,#2671,#2672,#2673,#2674,#2675,#2676,#2677,#2678,
#2679,#2680,#2681,#2682,#2683,#2684,#2685,#2686,#2687,#2688,#2689,#2690,
#2691,#2692,#2693,#2694,#2695,#2696,#2697,#2698));
#2700=STYLED_ITEM('',(#2701),#2708);
#2701=PRESENTATION_STYLE_ASSIGNMENT((#2702));
#2702=SURFACE_STYLE_USAGE(.BOTH.,#2703);
#2703=SURFACE_SIDE_STYLE('',(#2704));
#2704=SURFACE_STYLE_FILL_AREA(#2705);
#2705=FILL_AREA_STYLE('',(#2706));
#2706=FILL_AREA_STYLE_COLOUR('',#2707);
#2707=COLOUR_RGB('',0.627450980392157,0.627450980392157,0.627450980392157);
#2708=MANIFOLD_SOLID_BREP('Gimbal Tilt',#2699);
#2709=SHAPE_DEFINITION_REPRESENTATION(#4827,#2710);
#2710=SHAPE_REPRESENTATION('Gimbal Tilt',(#2711),#4822);
#2711=AXIS2_PLACEMENT_3D('',#3767,#2985,#2986);
#2712=AXIS2_PLACEMENT_3D('',#3768,#2987,#2988);
#2713=AXIS2_PLACEMENT_3D('',#3774,#2991,#2992);
#2714=AXIS2_PLACEMENT_3D('',#3778,#2994,#2995);
#2715=AXIS2_PLACEMENT_3D('',#3782,#2997,#2998);
#2716=AXIS2_PLACEMENT_3D('',#3789,#3002,#3003);
#2717=AXIS2_PLACEMENT_3D('',#3793,#3005,#3006);
#2718=AXIS2_PLACEMENT_3D('',#3797,#3008,#3009);
#2719=AXIS2_PLACEMENT_3D('',#3800,#3011,#3012);
#2720=AXIS2_PLACEMENT_3D('',#3803,#3014,#3015);
#2721=AXIS2_PLACEMENT_3D('',#3807,#3017,#3018);
#2722=AXIS2_PLACEMENT_3D('',#3809,#3019,#3020);
#2723=AXIS2_PLACEMENT_3D('',#3813,#3022,#3023);
#2724=AXIS2_PLACEMENT_3D('',#3824,#3026,#3027);
#2725=AXIS2_PLACEMENT_3D('',#3825,#3028,#3029);
#2726=AXIS2_PLACEMENT_3D('',#3830,#3032,#3033);
#2727=AXIS2_PLACEMENT_3D('',#3834,#3035,#3036);
#2728=AXIS2_PLACEMENT_3D('',#3835,#3037,#3038);
#2729=AXIS2_PLACEMENT_3D('',#3839,#3040,#3041);
#2730=AXIS2_PLACEMENT_3D('',#3843,#3043,#3044);
#2731=AXIS2_PLACEMENT_3D('',#3855,#3050,#3051);
#2732=AXIS2_PLACEMENT_3D('',#3859,#3053,#3054);
#2733=AXIS2_PLACEMENT_3D('',#3864,#3057,#3058);
#2734=AXIS2_PLACEMENT_3D('',#3875,#3063,#3064);
#2735=AXIS2_PLACEMENT_3D('',#3878,#3066,#3067);
#2736=AXIS2_PLACEMENT_3D('',#3881,#3069,#3070);
#2737=AXIS2_PLACEMENT_3D('',#3885,#3072,#3073);
#2738=AXIS2_PLACEMENT_3D('',#3898,#3075,#3076);
#2739=AXIS2_PLACEMENT_3D('',#3901,#3078,#3079);
#2740=AXIS2_PLACEMENT_3D('',#3906,#3082,#3083);
#2741=AXIS2_PLACEMENT_3D('',#3910,#3085,#3086);
#2742=AXIS2_PLACEMENT_3D('',#3914,#3088,#3089);
#2743=AXIS2_PLACEMENT_3D('',#3927,#3091,#3092);
#2744=AXIS2_PLACEMENT_3D('',#3931,#3094,#3095);
#2745=AXIS2_PLACEMENT_3D('',#3932,#3096,#3097);
#2746=AXIS2_PLACEMENT_3D('',#3944,#3103,#3104);
#2747=AXIS2_PLACEMENT_3D('',#3948,#3106,#3107);
#2748=AXIS2_PLACEMENT_3D('',#3952,#3109,#3110);
#2749=AXIS2_PLACEMENT_3D('',#3956,#3112,#3113);
#2750=AXIS2_PLACEMENT_3D('',#3957,#3114,#3115);
#2751=AXIS2_PLACEMENT_3D('',#3959,#3117,#3118);
#2752=AXIS2_PLACEMENT_3D('',#3980,#3120,#3121);
#2753=AXIS2_PLACEMENT_3D('',#4001,#3123,#3124);
#2754=AXIS2_PLACEMENT_3D('',#4002,#3125,#3126);
#2755=AXIS2_PLACEMENT_3D('',#4006,#3128,#3129);
#2756=AXIS2_PLACEMENT_3D('',#4017,#3131,#3132);
#2757=AXIS2_PLACEMENT_3D('',#4029,#3134,#3135);
#2758=AXIS2_PLACEMENT_3D('',#4032,#3137,#3138);
#2759=AXIS2_PLACEMENT_3D('',#4033,#3139,#3140);
#2760=AXIS2_PLACEMENT_3D('',#4042,#3142,#3143);
#2761=AXIS2_PLACEMENT_3D('',#4050,#3147,#3148);
#2762=AXIS2_PLACEMENT_3D('',#4051,#3149,#3150);
#2763=AXIS2_PLACEMENT_3D('',#4052,#3151,#3152);
#2764=AXIS2_PLACEMENT_3D('',#4060,#3156,#3157);
#2765=AXIS2_PLACEMENT_3D('',#4070,#3163,#3164);
#2766=AXIS2_PLACEMENT_3D('',#4076,#3168,#3169);
#2767=AXIS2_PLACEMENT_3D('',#4082,#3173,#3174);
#2768=AXIS2_PLACEMENT_3D('',#4084,#3176,#3177);
#2769=AXIS2_PLACEMENT_3D('',#4087,#3180,#3181);
#2770=AXIS2_PLACEMENT_3D('',#4088,#3182,#3183);
#2771=AXIS2_PLACEMENT_3D('',#4093,#3185,#3186);
#2772=AXIS2_PLACEMENT_3D('',#4097,#3188,#3189);
#2773=AXIS2_PLACEMENT_3D('',#4101,#3191,#3192);
#2774=AXIS2_PLACEMENT_3D('',#4113,#3198,#3199);
#2775=AXIS2_PLACEMENT_3D('',#4117,#3201,#3202);
#2776=AXIS2_PLACEMENT_3D('',#4121,#3204,#3205);
#2777=AXIS2_PLACEMENT_3D('',#4125,#3207,#3208);
#2778=AXIS2_PLACEMENT_3D('',#4128,#3210,#3211);
#2779=AXIS2_PLACEMENT_3D('',#4129,#3212,#3213);
#2780=AXIS2_PLACEMENT_3D('',#4131,#3214,#3215);
#2781=AXIS2_PLACEMENT_3D('',#4133,#3217,#3218);
#2782=AXIS2_PLACEMENT_3D('',#4134,#3219,#3220);
#2783=AXIS2_PLACEMENT_3D('',#4137,#3222,#3223);
#2784=AXIS2_PLACEMENT_3D('',#4138,#3224,#3225);
#2785=AXIS2_PLACEMENT_3D('',#4140,#3227,#3228);
#2786=AXIS2_PLACEMENT_3D('',#4167,#3229,#3230);
#2787=AXIS2_PLACEMENT_3D('',#4195,#3231,#3232);
#2788=AXIS2_PLACEMENT_3D('',#4238,#3233,#3234);
#2789=AXIS2_PLACEMENT_3D('',#4239,#3235,#3236);
#2790=AXIS2_PLACEMENT_3D('',#4242,#3237,#3238);
#2791=AXIS2_PLACEMENT_3D('',#4243,#3239,#3240);
#2792=AXIS2_PLACEMENT_3D('',#4244,#3241,#3242);
#2793=AXIS2_PLACEMENT_3D('',#4245,#3243,#3244);
#2794=AXIS2_PLACEMENT_3D('',#4250,#3247,#3248);
#2795=AXIS2_PLACEMENT_3D('',#4251,#3249,#3250);
#2796=AXIS2_PLACEMENT_3D('',#4254,#3251,#3252);
#2797=AXIS2_PLACEMENT_3D('',#4255,#3253,#3254);
#2798=AXIS2_PLACEMENT_3D('',#4256,#3255,#3256);
#2799=AXIS2_PLACEMENT_3D('',#4257,#3257,#3258);
#2800=AXIS2_PLACEMENT_3D('',#4262,#3261,#3262);
#2801=AXIS2_PLACEMENT_3D('',#4263,#3263,#3264);
#2802=AXIS2_PLACEMENT_3D('',#4268,#3267,#3268);
#2803=AXIS2_PLACEMENT_3D('',#4269,#3269,#3270);
#2804=AXIS2_PLACEMENT_3D('',#4274,#3273,#3274);
#2805=AXIS2_PLACEMENT_3D('',#4275,#3275,#3276);
#2806=AXIS2_PLACEMENT_3D('',#4278,#3277,#3278);
#2807=AXIS2_PLACEMENT_3D('',#4279,#3279,#3280);
#2808=AXIS2_PLACEMENT_3D('',#4280,#3281,#3282);
#2809=AXIS2_PLACEMENT_3D('',#4281,#3283,#3284);
#2810=AXIS2_PLACEMENT_3D('',#4286,#3287,#3288);
#2811=AXIS2_PLACEMENT_3D('',#4287,#3289,#3290);
#2812=AXIS2_PLACEMENT_3D('',#4290,#3291,#3292);
#2813=AXIS2_PLACEMENT_3D('',#4291,#3293,#3294);
#2814=AXIS2_PLACEMENT_3D('',#4356,#3295,#3296);
#2815=AXIS2_PLACEMENT_3D('',#4365,#3297,#3298);
#2816=AXIS2_PLACEMENT_3D('',#4367,#3300,#3301);
#2817=AXIS2_PLACEMENT_3D('',#4368,#3302,#3303);
#2818=AXIS2_PLACEMENT_3D('',#4369,#3304,#3305);
#2819=AXIS2_PLACEMENT_3D('',#4372,#3307,#3308);
#2820=AXIS2_PLACEMENT_3D('',#4375,#3310,#3311);
#2821=AXIS2_PLACEMENT_3D('',#4376,#3312,#3313);
#2822=AXIS2_PLACEMENT_3D('',#4379,#3315,#3316);
#2823=AXIS2_PLACEMENT_3D('',#4382,#3318,#3319);
#2824=AXIS2_PLACEMENT_3D('',#4383,#3320,#3321);
#2825=AXIS2_PLACEMENT_3D('',#4386,#3324,#3325);
#2826=AXIS2_PLACEMENT_3D('',#4389,#3328,#3329);
#2827=AXIS2_PLACEMENT_3D('',#4390,#3330,#3331);
#2828=AXIS2_PLACEMENT_3D('',#4392,#3332,#3333);
#2829=AXIS2_PLACEMENT_3D('',#4395,#3335,#3336);
#2830=AXIS2_PLACEMENT_3D('',#4396,#3337,#3338);
#2831=AXIS2_PLACEMENT_3D('',#4400,#3340,#3341);
#2832=AXIS2_PLACEMENT_3D('',#4401,#3342,#3343);
#2833=AXIS2_PLACEMENT_3D('',#4402,#3344,#3345);
#2834=AXIS2_PLACEMENT_3D('',#4405,#3346,#3347);
#2835=AXIS2_PLACEMENT_3D('',#4406,#3348,#3349);
#2836=AXIS2_PLACEMENT_3D('',#4407,#3350,#3351);
#2837=AXIS2_PLACEMENT_3D('',#4417,#3355,#3356);
#2838=AXIS2_PLACEMENT_3D('',#4422,#3360,#3361);
#2839=AXIS2_PLACEMENT_3D('',#4431,#3368,#3369);
#2840=AXIS2_PLACEMENT_3D('',#4432,#3370,#3371);
#2841=AXIS2_PLACEMENT_3D('',#4437,#3373,#3374);
#2842=AXIS2_PLACEMENT_3D('',#4440,#3376,#3377);
#2843=AXIS2_PLACEMENT_3D('',#4441,#3378,#3379);
#2844=AXIS2_PLACEMENT_3D('',#4443,#3380,#3381);
#2845=AXIS2_PLACEMENT_3D('',#4444,#3382,#3383);
#2846=AXIS2_PLACEMENT_3D('',#4445,#3384,#3385);
#2847=AXIS2_PLACEMENT_3D('',#4446,#3386,#3387);
#2848=AXIS2_PLACEMENT_3D('',#4448,#3388,#3389);
#2849=AXIS2_PLACEMENT_3D('',#4449,#3390,#3391);
#2850=AXIS2_PLACEMENT_3D('',#4452,#3393,#3394);
#2851=AXIS2_PLACEMENT_3D('',#4455,#3396,#3397);
#2852=AXIS2_PLACEMENT_3D('',#4456,#3398,#3399);
#2853=AXIS2_PLACEMENT_3D('',#4462,#3402,#3403);
#2854=AXIS2_PLACEMENT_3D('',#4476,#3405,#3406);
#2855=AXIS2_PLACEMENT_3D('',#4479,#3408,#3409);
#2856=AXIS2_PLACEMENT_3D('',#4482,#3411,#3412);
#2857=AXIS2_PLACEMENT_3D('',#4485,#3414,#3415);
#2858=AXIS2_PLACEMENT_3D('',#4486,#3416,#3417);
#2859=AXIS2_PLACEMENT_3D('',#4488,#3418,#3419);
#2860=AXIS2_PLACEMENT_3D('',#4489,#3420,#3421);
#2861=AXIS2_PLACEMENT_3D('',#4490,#3422,#3423);
#2862=AXIS2_PLACEMENT_3D('',#4495,#3426,#3427);
#2863=AXIS2_PLACEMENT_3D('',#4498,#3429,#3430);
#2864=AXIS2_PLACEMENT_3D('',#4501,#3432,#3433);
#2865=AXIS2_PLACEMENT_3D('',#4502,#3434,#3435);
#2866=AXIS2_PLACEMENT_3D('',#4503,#3436,#3437);
#2867=AXIS2_PLACEMENT_3D('',#4505,#3438,#3439);
#2868=AXIS2_PLACEMENT_3D('',#4506,#3440,#3441);
#2869=AXIS2_PLACEMENT_3D('',#4509,#3443,#3444);
#2870=AXIS2_PLACEMENT_3D('',#4512,#3446,#3447);
#2871=AXIS2_PLACEMENT_3D('',#4514,#3449,#3450);
#2872=AXIS2_PLACEMENT_3D('',#4515,#3451,#3452);
#2873=AXIS2_PLACEMENT_3D('',#4520,#3455,#3456);
#2874=AXIS2_PLACEMENT_3D('',#4521,#3457,#3458);
#2875=AXIS2_PLACEMENT_3D('',#4526,#3461,#3462);
#2876=AXIS2_PLACEMENT_3D('',#4527,#3463,#3464);
#2877=AXIS2_PLACEMENT_3D('',#4532,#3467,#3468);
#2878=AXIS2_PLACEMENT_3D('',#4533,#3469,#3470);
#2879=AXIS2_PLACEMENT_3D('',#4538,#3473,#3474);
#2880=AXIS2_PLACEMENT_3D('',#4540,#3476,#3477);
#2881=AXIS2_PLACEMENT_3D('',#4542,#3479,#3480);
#2882=AXIS2_PLACEMENT_3D('',#4544,#3482,#3483);
#2883=AXIS2_PLACEMENT_3D('',#4546,#3485,#3486);
#2884=AXIS2_PLACEMENT_3D('',#4560,#3494,#3495);
#2885=AXIS2_PLACEMENT_3D('',#4569,#3500,#3501);
#2886=AXIS2_PLACEMENT_3D('',#4572,#3504,#3505);
#2887=AXIS2_PLACEMENT_3D('',#4574,#3507,#3508);
#2888=AXIS2_PLACEMENT_3D('',#4576,#3510,#3511);
#2889=AXIS2_PLACEMENT_3D('',#4581,#3515,#3516);
#2890=AXIS2_PLACEMENT_3D('',#4583,#3518,#3519);
#2891=AXIS2_PLACEMENT_3D('',#4585,#3521,#3522);
#2892=AXIS2_PLACEMENT_3D('',#4586,#3523,#3524);
#2893=AXIS2_PLACEMENT_3D('',#4592,#3528,#3529);
#2894=AXIS2_PLACEMENT_3D('',#4596,#3532,#3533);
#2895=AXIS2_PLACEMENT_3D('',#4600,#3536,#3537);
#2896=AXIS2_PLACEMENT_3D('',#4603,#3539,#3540);
#2897=AXIS2_PLACEMENT_3D('',#4604,#3541,#3542);
#2898=AXIS2_PLACEMENT_3D('',#4608,#3545,#3546);
#2899=AXIS2_PLACEMENT_3D('',#4611,#3548,#3549);
#2900=AXIS2_PLACEMENT_3D('',#4612,#3550,#3551);
#2901=AXIS2_PLACEMENT_3D('',#4614,#3553,#3554);
#2902=AXIS2_PLACEMENT_3D('',#4620,#3558,#3559);
#2903=AXIS2_PLACEMENT_3D('',#4624,#3562,#3563);
#2904=AXIS2_PLACEMENT_3D('',#4628,#3566,#3567);
#2905=AXIS2_PLACEMENT_3D('',#4632,#3570,#3571);
#2906=AXIS2_PLACEMENT_3D('',#4635,#3573,#3574);
#2907=AXIS2_PLACEMENT_3D('',#4636,#3575,#3576);
#2908=AXIS2_PLACEMENT_3D('',#4640,#3579,#3580);
#2909=AXIS2_PLACEMENT_3D('',#4641,#3581,#3582);
#2910=AXIS2_PLACEMENT_3D('',#4642,#3583,#3584);
#2911=AXIS2_PLACEMENT_3D('',#4645,#3587,#3588);
#2912=AXIS2_PLACEMENT_3D('',#4647,#3590,#3591);
#2913=AXIS2_PLACEMENT_3D('',#4660,#3592,#3593);
#2914=AXIS2_PLACEMENT_3D('',#4662,#3595,#3596);
#2915=AXIS2_PLACEMENT_3D('',#4664,#3598,#3599);
#2916=AXIS2_PLACEMENT_3D('',#4678,#3602,#3603);
#2917=AXIS2_PLACEMENT_3D('',#4689,#3605,#3606);
#2918=AXIS2_PLACEMENT_3D('',#4690,#3607,#3608);
#2919=AXIS2_PLACEMENT_3D('',#4701,#3610,#3611);
#2920=AXIS2_PLACEMENT_3D('',#4702,#3612,#3613);
#2921=AXIS2_PLACEMENT_3D('',#4703,#3614,#3615);
#2922=AXIS2_PLACEMENT_3D('',#4704,#3616,#3617);
#2923=AXIS2_PLACEMENT_3D('',#4705,#3618,#3619);
#2924=AXIS2_PLACEMENT_3D('',#4707,#3621,#3622);
#2925=AXIS2_PLACEMENT_3D('',#4709,#3624,#3625);
#2926=AXIS2_PLACEMENT_3D('',#4710,#3626,#3627);
#2927=AXIS2_PLACEMENT_3D('',#4712,#3629,#3630);
#2928=AXIS2_PLACEMENT_3D('',#4713,#3631,#3632);
#2929=AXIS2_PLACEMENT_3D('',#4715,#3634,#3635);
#2930=AXIS2_PLACEMENT_3D('',#4716,#3636,#3637);
#2931=AXIS2_PLACEMENT_3D('',#4719,#3639,#3640);
#2932=AXIS2_PLACEMENT_3D('',#4723,#3642,#3643);
#2933=AXIS2_PLACEMENT_3D('',#4726,#3645,#3646);
#2934=AXIS2_PLACEMENT_3D('',#4728,#3648,#3649);
#2935=AXIS2_PLACEMENT_3D('',#4730,#3651,#3652);
#2936=AXIS2_PLACEMENT_3D('',#4732,#3654,#3655);
#2937=AXIS2_PLACEMENT_3D('',#4733,#3656,#3657);
#2938=AXIS2_PLACEMENT_3D('',#4734,#3658,#3659);
#2939=AXIS2_PLACEMENT_3D('',#4735,#3660,#3661);
#2940=AXIS2_PLACEMENT_3D('',#4739,#3663,#3664);
#2941=AXIS2_PLACEMENT_3D('',#4740,#3665,#3666);
#2942=AXIS2_PLACEMENT_3D('',#4745,#3668,#3669);
#2943=AXIS2_PLACEMENT_3D('',#4749,#3671,#3672);
#2944=AXIS2_PLACEMENT_3D('',#4751,#3673,#3674);
#2945=AXIS2_PLACEMENT_3D('',#4752,#3675,#3676);
#2946=AXIS2_PLACEMENT_3D('',#4755,#3679,#3680);
#2947=AXIS2_PLACEMENT_3D('',#4756,#3681,#3682);
#2948=AXIS2_PLACEMENT_3D('',#4757,#3683,#3684);
#2949=AXIS2_PLACEMENT_3D('',#4758,#3685,#3686);
#2950=AXIS2_PLACEMENT_3D('',#4759,#3687,#3688);
#2951=AXIS2_PLACEMENT_3D('',#4760,#3689,#3690);
#2952=AXIS2_PLACEMENT_3D('',#4761,#3691,#3692);
#2953=AXIS2_PLACEMENT_3D('',#4762,#3693,#3694);
#2954=AXIS2_PLACEMENT_3D('',#4763,#3695,#3696);
#2955=AXIS2_PLACEMENT_3D('',#4764,#3697,#3698);
#2956=AXIS2_PLACEMENT_3D('',#4765,#3699,#3700);
#2957=AXIS2_PLACEMENT_3D('',#4766,#3701,#3702);
#2958=AXIS2_PLACEMENT_3D('',#4767,#3703,#3704);
#2959=AXIS2_PLACEMENT_3D('',#4768,#3705,#3706);
#2960=AXIS2_PLACEMENT_3D('',#4769,#3707,#3708);
#2961=AXIS2_PLACEMENT_3D('',#4770,#3709,#3710);
#2962=AXIS2_PLACEMENT_3D('',#4771,#3711,#3712);
#2963=AXIS2_PLACEMENT_3D('',#4772,#3713,#3714);
#2964=AXIS2_PLACEMENT_3D('',#4773,#3715,#3716);
#2965=AXIS2_PLACEMENT_3D('',#4774,#3717,#3718);
#2966=AXIS2_PLACEMENT_3D('',#4775,#3719,#3720);
#2967=AXIS2_PLACEMENT_3D('',#4778,#3723,#3724);
#2968=AXIS2_PLACEMENT_3D('',#4781,#3727,#3728);
#2969=AXIS2_PLACEMENT_3D('',#4784,#3731,#3732);
#2970=AXIS2_PLACEMENT_3D('',#4787,#3735,#3736);
#2971=AXIS2_PLACEMENT_3D('',#4788,#3737,#3738);
#2972=AXIS2_PLACEMENT_3D('',#4789,#3739,#3740);
#2973=AXIS2_PLACEMENT_3D('',#4790,#3741,#3742);
#2974=AXIS2_PLACEMENT_3D('',#4791,#3743,#3744);
#2975=AXIS2_PLACEMENT_3D('',#4793,#3746,#3747);
#2976=AXIS2_PLACEMENT_3D('',#4798,#3748,#3749);
#2977=AXIS2_PLACEMENT_3D('',#4803,#3750,#3751);
#2978=AXIS2_PLACEMENT_3D('',#4804,#3752,#3753);
#2979=AXIS2_PLACEMENT_3D('',#4805,#3754,#3755);
#2980=AXIS2_PLACEMENT_3D('',#4806,#3756,#3757);
#2981=AXIS2_PLACEMENT_3D('',#4808,#3759,#3760);
#2982=AXIS2_PLACEMENT_3D('',#4809,#3761,#3762);
#2983=AXIS2_PLACEMENT_3D('',#4814,#3763,#3764);
#2984=AXIS2_PLACEMENT_3D('',#4820,#3765,#3766);
#2985=DIRECTION('',(0.,0.,1.));
#2986=DIRECTION('',(1.,0.,0.));
#2987=DIRECTION('',(0.,-1.,0.));
#2988=DIRECTION('',(0.,0.,-1.));
#2989=DIRECTION('',(-1.,0.,0.));
#2990=DIRECTION('',(0.,0.,1.));
#2991=DIRECTION('',(0.,-1.,0.));
#2992=DIRECTION('',(0.,0.,-1.));
#2993=DIRECTION('',(1.,0.,0.));
#2994=DIRECTION('',(0.,-1.,0.));
#2995=DIRECTION('',(0.,0.,-1.));
#2996=DIRECTION('',(0.,0.,1.));
#2997=DIRECTION('',(0.,-1.,0.));
#2998=DIRECTION('',(0.,0.,-1.));
#2999=DIRECTION('',(0.,0.,-1.));
#3000=DIRECTION('',(-1.,0.,0.));
#3001=DIRECTION('',(0.,0.,1.));
#3002=DIRECTION('',(0.,0.,1.));
#3003=DIRECTION('',(1.,0.,0.));
#3004=DIRECTION('',(0.,-1.,0.));
#3005=DIRECTION('',(0.,0.,1.));
#3006=DIRECTION('',(1.,0.,0.));
#3007=DIRECTION('',(-1.,6.82961998416056E-16,0.));
#3008=DIRECTION('',(0.,0.,1.));
#3009=DIRECTION('',(1.,0.,0.));
#3010=DIRECTION('',(-1.19636092939393E-16,-1.,0.));
#3011=DIRECTION('',(0.,0.,1.));
#3012=DIRECTION('',(1.,0.,0.));
#3013=DIRECTION('',(1.,0.,0.));
#3014=DIRECTION('',(0.,0.431573200016418,-0.902077919598739));
#3015=DIRECTION('',(0.,0.902077919598739,0.431573200016418));
#3016=DIRECTION('',(0.,0.431573200016418,-0.902077919598739));
#3017=DIRECTION('',(0.,0.,1.));
#3018=DIRECTION('',(0.,1.,0.));
#3019=DIRECTION('',(0.,-1.,0.));
#3020=DIRECTION('',(0.,0.,-1.));
#3021=DIRECTION('',(0.,-0.431573200016418,0.902077919598739));
#3022=DIRECTION('',(7.77531672316376E-15,-0.431573200016424,0.902077919598736));
#3023=DIRECTION('',(0.,-0.902077919598736,-0.431573200016424));
#3024=DIRECTION('',(0.,-0.431573200016418,0.902077919598739));
#3025=DIRECTION('',(0.,-0.431573200016418,0.902077919598739));
#3026=DIRECTION('',(0.,0.,1.));
#3027=DIRECTION('',(0.,1.,0.));
#3028=DIRECTION('',(0.,0.,1.));
#3029=DIRECTION('',(1.,0.,0.));
#3030=DIRECTION('',(0.,0.,1.));
#3031=DIRECTION('',(0.,0.,-1.));
#3032=DIRECTION('',(0.,0.,1.));
#3033=DIRECTION('',(1.,0.,0.));
#3034=DIRECTION('',(0.,0.,1.));
#3035=DIRECTION('',(0.,0.221271399418038,0.975212268072743));
#3036=DIRECTION('',(0.,-0.975212268072743,0.221271399418038));
#3037=DIRECTION('',(-1.,0.,0.));
#3038=DIRECTION('',(0.,0.,-1.));
#3039=DIRECTION('',(0.,1.,0.));
#3040=DIRECTION('',(-1.,0.,0.));
#3041=DIRECTION('',(2.3404071346175E-17,1.,0.));
#3042=DIRECTION('',(0.,-0.431573200016418,0.902077919598739));
#3043=DIRECTION('',(-1.,0.,0.));
#3044=DIRECTION('',(3.9735323646681E-14,1.,0.));
#3045=DIRECTION('',(0.,0.,-1.));
#3046=DIRECTION('',(0.,0.382682669911196,-0.923879848329662));
#3047=DIRECTION('',(0.,0.923880076425501,-0.382682119237379));
#3048=DIRECTION('',(0.,0.382682669911196,0.923879848329662));
#3049=DIRECTION('',(0.,0.,1.));
#3050=DIRECTION('',(-1.,0.,0.));
#3051=DIRECTION('',(-3.97366371730136E-14,1.,0.));
#3052=DIRECTION('',(0.,-0.431573166572189,-0.902077935599166));
#3053=DIRECTION('',(-1.,0.,0.));
#3054=DIRECTION('',(1.74816599812104E-16,1.,0.));
#3055=DIRECTION('',(0.,1.,0.));
#3056=DIRECTION('',(0.,0.923880076425501,0.382682119237379));
#3057=DIRECTION('',(-1.,0.,0.));
#3058=DIRECTION('',(0.,0.,1.));
#3059=DIRECTION('',(0.,0.,1.));
#3060=DIRECTION('',(0.,1.,0.));
#3061=DIRECTION('',(0.,0.,1.));
#3062=DIRECTION('',(0.,0.431573166572189,0.902077935599166));
#3063=DIRECTION('',(-1.,0.,0.));
#3064=DIRECTION('',(0.,-0.902077919598739,-0.431573200016418));
#3065=DIRECTION('',(0.,-0.431573200016418,0.902077919598739));
#3066=DIRECTION('',(0.,-1.,0.));
#3067=DIRECTION('',(1.,0.,0.));
#3068=DIRECTION('',(-1.19636092939393E-16,-1.,0.));
#3069=DIRECTION('',(0.,1.,0.));
#3070=DIRECTION('',(0.,0.,1.));
#3071=DIRECTION('',(-1.19636092939393E-16,-1.,0.));
#3072=DIRECTION('',(-0.707106781186548,-0.707106781186547,0.));
#3073=DIRECTION('',(-0.707106781186547,0.707106781186548,0.));
#3074=DIRECTION('',(-1.19636092939393E-16,-1.,0.));
#3075=DIRECTION('',(0.,1.,0.));
#3076=DIRECTION('',(0.,0.,1.));
#3077=DIRECTION('',(-1.19636092939393E-16,-1.,0.));
#3078=DIRECTION('',(0.,1.,0.));
#3079=DIRECTION('',(-1.,0.,0.));
#3080=DIRECTION('',(-2.39272185878787E-16,-1.,0.));
#3081=DIRECTION('',(-2.39272185878787E-16,-1.,0.));
#3082=DIRECTION('',(0.,1.,0.));
#3083=DIRECTION('',(0.,0.,1.));
#3084=DIRECTION('',(2.39272185878787E-16,1.,0.));
#3085=DIRECTION('',(0.,1.,0.));
#3086=DIRECTION('',(0.,0.,1.));
#3087=DIRECTION('',(-2.39272185878787E-16,-1.,0.));
#3088=DIRECTION('',(0.,1.,0.));
#3089=DIRECTION('',(0.,0.,1.));
#3090=DIRECTION('',(-2.39272185878787E-16,-1.,0.));
#3091=DIRECTION('',(-0.707106781186547,0.707106781186548,0.));
#3092=DIRECTION('',(-0.707106781186548,-0.707106781186547,0.));
#3093=DIRECTION('',(2.39272185878787E-16,1.,0.));
#3094=DIRECTION('',(0.,1.,0.));
#3095=DIRECTION('',(0.,0.,1.));
#3096=DIRECTION('',(0.,0.,1.));
#3097=DIRECTION('',(1.,0.,0.));
#3098=DIRECTION('',(-2.39272185878787E-16,-1.,0.));
#3099=DIRECTION('',(-1.,0.,0.));
#3100=DIRECTION('',(-1.19636092939393E-16,-1.,0.));
#3101=DIRECTION('',(1.,0.,0.));
#3102=DIRECTION('',(1.,0.,0.));
#3103=DIRECTION('',(0.,0.,1.));
#3104=DIRECTION('',(1.,0.,0.));
#3105=DIRECTION('',(0.,-1.,0.));
#3106=DIRECTION('',(0.,0.,1.));
#3107=DIRECTION('',(1.,0.,0.));
#3108=DIRECTION('',(1.,0.,0.));
#3109=DIRECTION('',(0.,0.,1.));
#3110=DIRECTION('',(1.,0.,0.));
#3111=DIRECTION('',(0.,-1.,0.));
#3112=DIRECTION('',(0.,0.,1.));
#3113=DIRECTION('',(1.,0.,0.));
#3114=DIRECTION('',(0.,0.,1.));
#3115=DIRECTION('',(1.,0.,0.));
#3116=DIRECTION('',(-1.,0.,0.));
#3117=DIRECTION('',(0.,-1.,0.));
#3118=DIRECTION('',(0.,0.,-1.));
#3119=DIRECTION('',(0.,-1.,0.));
#3120=DIRECTION('',(0.,-1.,0.));
#3121=DIRECTION('',(0.,0.,-1.));
#3122=DIRECTION('',(0.,-1.,0.));
#3123=DIRECTION('',(0.,0.,1.));
#3124=DIRECTION('',(1.,0.,0.));
#3125=DIRECTION('',(0.,0.,1.));
#3126=DIRECTION('',(1.,0.,0.));
#3127=DIRECTION('',(0.,0.,1.));
#3128=DIRECTION('',(-0.900936592779175,-0.362981466698088,-0.237818650709222));
#3129=DIRECTION('',(0.433950738560382,-0.753735392280484,-0.49352782588896));
#3130=DIRECTION('',(0.,0.,1.));
#3131=DIRECTION('',(0.,0.,-1.));
#3132=DIRECTION('',(-1.,0.,0.));
#3133=DIRECTION('',(0.,0.,1.));
#3134=DIRECTION('',(-0.900936636078162,0.362981460445061,-0.23781849622209));
#3135=DIRECTION('',(0.433792732547966,0.768105351947489,-0.470996850836812));
#3136=DIRECTION('',(0.,0.,-1.));
#3137=DIRECTION('',(0.,0.,1.));
#3138=DIRECTION('',(1.,0.,0.));
#3139=DIRECTION('',(1.,0.,0.));
#3140=DIRECTION('',(0.,0.,-1.));
#3141=DIRECTION('',(0.,1.,0.));
#3142=DIRECTION('',(-1.,0.,0.));
#3143=DIRECTION('',(0.,-1.,0.));
#3144=DIRECTION('',(0.,0.123076980753859,0.992397126562));
#3145=DIRECTION('',(0.,-1.,0.));
#3146=DIRECTION('',(0.,0.123076944352952,-0.992397131076436));
#3147=DIRECTION('',(-1.,0.,0.));
#3148=DIRECTION('',(4.44209653515844E-31,1.,0.));
#3149=DIRECTION('',(-1.,0.,0.));
#3150=DIRECTION('',(0.,-1.,0.));
#3151=DIRECTION('',(1.,0.,0.));
#3152=DIRECTION('',(0.,0.,-1.));
#3153=DIRECTION('',(0.,0.123076944352952,-0.992397131076436));
#3154=DIRECTION('',(0.,-1.,0.));
#3155=DIRECTION('',(0.,0.123076980753859,0.992397126562));
#3156=DIRECTION('',(1.,0.,0.));
#3157=DIRECTION('',(0.,0.,-1.));
#3158=DIRECTION('',(0.,-1.,0.));
#3159=DIRECTION('',(0.,0.,-1.));
#3160=DIRECTION('',(0.,-1.,0.));
#3161=DIRECTION('',(0.,0.,-1.));
#3162=DIRECTION('',(0.,-1.,0.));
#3163=DIRECTION('',(0.,-1.,0.));
#3164=DIRECTION('',(0.,0.,-1.));
#3165=DIRECTION('',(0.,0.,-1.));
#3166=DIRECTION('',(1.,0.,0.));
#3167=DIRECTION('',(1.,0.,0.));
#3168=DIRECTION('',(0.,1.,0.));
#3169=DIRECTION('',(0.,0.,1.));
#3170=DIRECTION('',(0.,0.,-1.));
#3171=DIRECTION('',(1.,0.,0.));
#3172=DIRECTION('',(1.,0.,0.));
#3173=DIRECTION('',(0.,0.,1.));
#3174=DIRECTION('',(1.,0.,0.));
#3175=DIRECTION('',(0.,-1.,0.));
#3176=DIRECTION('',(0.,0.,1.));
#3177=DIRECTION('',(1.,0.,0.));
#3178=DIRECTION('',(1.,0.,0.));
#3179=DIRECTION('',(1.,0.,0.));
#3180=DIRECTION('',(0.,-1.,0.));
#3181=DIRECTION('',(0.,0.,-1.));
#3182=DIRECTION('',(0.,-1.,0.));
#3183=DIRECTION('',(0.,0.,-1.));
#3184=DIRECTION('',(-1.,0.,0.));
#3185=DIRECTION('',(0.,-1.,0.));
#3186=DIRECTION('',(0.,0.,-1.));
#3187=DIRECTION('',(0.,0.,-1.));
#3188=DIRECTION('',(0.,-1.,0.));
#3189=DIRECTION('',(0.,0.,-1.));
#3190=DIRECTION('',(-1.,0.,0.));
#3191=DIRECTION('',(0.,-1.,0.));
#3192=DIRECTION('',(0.,0.,-1.));
#3193=DIRECTION('',(0.,0.,-1.));
#3194=DIRECTION('',(0.,0.,1.));
#3195=DIRECTION('',(1.,0.,0.));
#3196=DIRECTION('',(0.,0.,1.));
#3197=DIRECTION('',(-1.,1.19518349722812E-16,0.));
#3198=DIRECTION('',(0.,1.,0.));
#3199=DIRECTION('',(0.,0.,1.));
#3200=DIRECTION('',(0.,0.,1.));
#3201=DIRECTION('',(0.,-1.,0.));
#3202=DIRECTION('',(0.,0.,-1.));
#3203=DIRECTION('',(1.,-1.19518349722812E-16,0.));
#3204=DIRECTION('',(0.,-1.,0.));
#3205=DIRECTION('',(0.,0.,-1.));
#3206=DIRECTION('',(0.,0.,-1.));
#3207=DIRECTION('',(0.,1.,0.));
#3208=DIRECTION('',(0.,0.,1.));
#3209=DIRECTION('',(-1.,1.19518349722812E-16,0.));
#3210=DIRECTION('',(0.,1.,0.));
#3211=DIRECTION('',(-1.,0.,0.));
#3212=DIRECTION('',(-0.707106781186548,0.707106781186548,0.));
#3213=DIRECTION('',(0.707106781186548,0.707106781186548,0.));
#3214=DIRECTION('',(0.707106781186548,0.707106781186548,0.));
#3215=DIRECTION('',(-0.707106781186548,0.707106781186548,0.));
#3216=DIRECTION('',(-1.19636092939393E-16,-1.,0.));
#3217=DIRECTION('',(1.,0.,0.));
#3218=DIRECTION('',(0.,0.,-1.));
#3219=DIRECTION('',(0.707106781186548,0.707106781186548,0.));
#3220=DIRECTION('',(0.707106781186548,-0.707106781186548,0.));
#3221=DIRECTION('',(1.,0.,0.));
#3222=DIRECTION('',(0.,-1.,0.));
#3223=DIRECTION('',(1.,0.,0.));
#3224=DIRECTION('',(0.707106781186548,-0.707106781186548,0.));
#3225=DIRECTION('',(-0.707106781186548,-0.707106781186548,0.));
#3226=DIRECTION('',(-2.39272185878787E-16,-1.,0.));
#3227=DIRECTION('',(-1.,0.,0.));
#3228=DIRECTION('',(0.,0.,1.));
#3229=DIRECTION('',(0.0750551448973988,-0.972599273636599,-0.220039492241713));
#3230=DIRECTION('',(0.,0.22066189456276,-0.975350361812602));
#3231=DIRECTION('',(0.998720000584423,-0.0505802375701286,-1.5157506832383E-15));
#3232=DIRECTION('',(0.0505802375701286,0.998720000584423,0.));
#3233=DIRECTION('',(0.,0.,1.));
#3234=DIRECTION('',(1.,0.,0.));
#3235=DIRECTION('',(1.,0.,0.));
#3236=DIRECTION('',(0.,0.,-1.));
#3237=DIRECTION('',(0.,0.,1.));
#3238=DIRECTION('',(1.,0.,0.));
#3239=DIRECTION('',(0.,0.,1.));
#3240=DIRECTION('',(1.,0.,0.));
#3241=DIRECTION('',(-1.,0.,0.));
#3242=DIRECTION('',(0.,0.,1.));
#3243=DIRECTION('',(1.,0.,0.));
#3244=DIRECTION('',(0.,0.,-1.));
#3245=DIRECTION('',(-1.,0.,0.));
#3246=DIRECTION('',(-1.,0.,0.));
#3247=DIRECTION('',(0.,1.,0.));
#3248=DIRECTION('',(0.,0.,1.));
#3249=DIRECTION('',(0.,0.,1.));
#3250=DIRECTION('',(1.,0.,0.));
#3251=DIRECTION('',(0.,1.,0.));
#3252=DIRECTION('',(0.,0.,1.));
#3253=DIRECTION('',(0.,1.,0.));
#3254=DIRECTION('',(0.,0.,1.));
#3255=DIRECTION('',(0.,0.,-1.));
#3256=DIRECTION('',(-1.,0.,0.));
#3257=DIRECTION('',(0.,0.707106781186548,-0.707106781186548));
#3258=DIRECTION('',(0.,0.707106781186548,0.707106781186548));
#3259=DIRECTION('',(0.,0.,-1.));
#3260=DIRECTION('',(0.,0.,-1.));
#3261=DIRECTION('',(0.,1.,0.));
#3262=DIRECTION('',(0.,0.,1.));
#3263=DIRECTION('',(0.,0.707106781186548,0.707106781186548));
#3264=DIRECTION('',(0.,0.707106781186548,-0.707106781186548));
#3265=DIRECTION('',(0.,1.,0.));
#3266=DIRECTION('',(0.,1.,0.));
#3267=DIRECTION('',(0.,0.,-1.));
#3268=DIRECTION('',(-1.,0.,0.));
#3269=DIRECTION('',(0.,0.,-1.));
#3270=DIRECTION('',(-1.,0.,0.));
#3271=DIRECTION('',(0.,0.,1.));
#3272=DIRECTION('',(0.,0.,1.));
#3273=DIRECTION('',(0.,1.,0.));
#3274=DIRECTION('',(0.,0.,1.));
#3275=DIRECTION('',(-1.,0.,0.));
#3276=DIRECTION('',(0.,0.,1.));
#3277=DIRECTION('',(0.,1.,0.));
#3278=DIRECTION('',(0.,0.,1.));
#3279=DIRECTION('',(0.,1.,0.));
#3280=DIRECTION('',(0.,0.,1.));
#3281=DIRECTION('',(1.,0.,0.));
#3282=DIRECTION('',(0.,0.,-1.));
#3283=DIRECTION('',(-1.,0.,0.));
#3284=DIRECTION('',(0.,0.,1.));
#3285=DIRECTION('',(-1.,0.,0.));
#3286=DIRECTION('',(-1.,0.,0.));
#3287=DIRECTION('',(0.,0.,1.));
#3288=DIRECTION('',(1.,0.,0.));
#3289=DIRECTION('',(-0.998720000584423,-0.0505802375701255,-1.5157506832383E-15));
#3290=DIRECTION('',(0.0505802375701255,-0.998720000584423,0.));
#3291=DIRECTION('',(0.,0.,1.));
#3292=DIRECTION('',(1.,0.,0.));
#3293=DIRECTION('',(0.,0.,1.));
#3294=DIRECTION('',(1.,0.,0.));
#3295=DIRECTION('',(-0.0783957825363801,-0.967157416455215,0.241786337654098));
#3296=DIRECTION('',(0.,-0.242532777249801,-0.970143212087524));
#3297=DIRECTION('',(0.,1.,0.));
#3298=DIRECTION('',(-1.,0.,0.));
#3299=DIRECTION('',(2.39272185878787E-16,1.,0.));
#3300=DIRECTION('',(0.,1.,0.));
#3301=DIRECTION('',(0.,0.,1.));
#3302=DIRECTION('',(0.,0.,1.));
#3303=DIRECTION('',(1.,0.,0.));
#3304=DIRECTION('',(0.,0.,-1.));
#3305=DIRECTION('',(-1.,0.,0.));
#3306=DIRECTION('',(0.,0.,-1.));
#3307=DIRECTION('',(-1.69190985184218E-16,-0.707106781186548,-0.707106781186548));
#3308=DIRECTION('',(1.69190985184218E-16,0.707106781186548,-0.707106781186548));
#3309=DIRECTION('',(0.,0.,-1.));
#3310=DIRECTION('',(0.,0.,1.));
#3311=DIRECTION('',(1.,0.,0.));
#3312=DIRECTION('',(0.,0.,-1.));
#3313=DIRECTION('',(-1.,0.,0.));
#3314=DIRECTION('',(0.,0.,-1.));
#3315=DIRECTION('',(1.69190985184218E-16,0.707106781186548,-0.707106781186548));
#3316=DIRECTION('',(1.69190985184218E-16,0.707106781186548,0.707106781186548));
#3317=DIRECTION('',(0.,0.,-1.));
#3318=DIRECTION('',(0.,1.,0.));
#3319=DIRECTION('',(0.,0.,1.));
#3320=DIRECTION('',(0.,1.,0.));
#3321=DIRECTION('',(-1.,0.,0.));
#3322=DIRECTION('',(-2.39272185878787E-16,-1.,0.));
#3323=DIRECTION('',(-2.39272185878787E-16,-1.,0.));
#3324=DIRECTION('',(0.,1.,0.));
#3325=DIRECTION('',(0.,0.,1.));
#3326=DIRECTION('',(0.,-1.,0.));
#3327=DIRECTION('',(0.,-1.,0.));
#3328=DIRECTION('',(0.,0.,1.));
#3329=DIRECTION('',(1.,0.,0.));
#3330=DIRECTION('',(0.,0.,1.));
#3331=DIRECTION('',(1.,0.,0.));
#3332=DIRECTION('',(0.,-0.707106781186548,0.707106781186548));
#3333=DIRECTION('',(0.,0.707106781186548,0.707106781186548));
#3334=DIRECTION('',(0.,0.,-1.));
#3335=DIRECTION('',(0.,0.,-1.));
#3336=DIRECTION('',(-1.,0.,0.));
#3337=DIRECTION('',(0.,0.,1.));
#3338=DIRECTION('',(1.,0.,0.));
#3339=DIRECTION('',(0.,0.,-1.));
#3340=DIRECTION('',(0.,-0.707106781186548,-0.707106781186548));
#3341=DIRECTION('',(0.,0.707106781186548,-0.707106781186548));
#3342=DIRECTION('',(-1.,0.,0.));
#3343=DIRECTION('',(0.,0.,1.));
#3344=DIRECTION('',(1.05155985682767E-15,-0.43157316657219,-0.902077935599166));
#3345=DIRECTION('',(0.,0.902077935599166,-0.43157316657219));
#3346=DIRECTION('',(-1.,0.,0.));
#3347=DIRECTION('',(0.,0.,1.));
#3348=DIRECTION('',(-1.,0.,0.));
#3349=DIRECTION('',(0.,0.,1.));
#3350=DIRECTION('',(0.,0.431573166572189,0.902077935599166));
#3351=DIRECTION('',(0.,-0.902077935599166,0.431573166572189));
#3352=DIRECTION('',(0.,0.431573166572189,0.902077935599166));
#3353=DIRECTION('',(0.,0.431573166572189,0.902077935599166));
#3354=DIRECTION('',(0.,0.431573166572189,0.902077935599166));
#3355=DIRECTION('',(0.,-1.,0.));
#3356=DIRECTION('',(0.,0.,-1.));
#3357=DIRECTION('',(-1.,6.82961998416056E-16,0.));
#3358=DIRECTION('',(0.,0.,-1.));
#3359=DIRECTION('',(-1.,0.,0.));
#3360=DIRECTION('',(0.,-1.,0.));
#3361=DIRECTION('',(0.,0.,-1.));
#3362=DIRECTION('',(0.,0.,-1.));
#3363=DIRECTION('',(1.,0.,0.));
#3364=DIRECTION('',(1.,0.,0.));
#3365=DIRECTION('',(1.,0.,0.));
#3366=DIRECTION('',(0.,0.,-1.));
#3367=DIRECTION('',(0.,0.,-1.));
#3368=DIRECTION('',(0.,0.,-1.));
#3369=DIRECTION('',(-1.,0.,0.));
#3370=DIRECTION('',(0.,0.,-1.));
#3371=DIRECTION('',(-1.,0.,0.));
#3372=DIRECTION('',(0.,0.,1.));
#3373=DIRECTION('',(0.,0.,-1.));
#3374=DIRECTION('',(-1.,0.,0.));
#3375=DIRECTION('',(0.,0.,1.));
#3376=DIRECTION('',(0.,1.,0.));
#3377=DIRECTION('',(0.,0.,1.));
#3378=DIRECTION('',(-1.82691570058367E-12,-1.82848662856109E-12,-1.));
#3379=DIRECTION('',(0.706347662185633,0.707865086103907,-2.58476047107488E-12));
#3380=DIRECTION('',(0.,1.,0.));
#3381=DIRECTION('',(0.,0.,1.));
#3382=DIRECTION('',(0.,1.,0.));
#3383=DIRECTION('',(0.,0.,1.));
#3384=DIRECTION('',(0.,0.,-1.));
#3385=DIRECTION('',(-1.,0.,0.));
#3386=DIRECTION('',(-1.,0.,0.));
#3387=DIRECTION('',(0.,0.,1.));
#3388=DIRECTION('',(0.,1.,0.));
#3389=DIRECTION('',(0.,0.,1.));
#3390=DIRECTION('',(0.,-1.,0.));
#3391=DIRECTION('',(0.,0.,-1.));
#3392=DIRECTION('',(0.,1.,0.));
#3393=DIRECTION('',(1.19518349722811E-16,1.,0.));
#3394=DIRECTION('',(-1.,1.19518349722812E-16,0.));
#3395=DIRECTION('',(0.,1.,0.));
#3396=DIRECTION('',(1.,0.,0.));
#3397=DIRECTION('',(0.,0.,-1.));
#3398=DIRECTION('',(1.,0.,0.));
#3399=DIRECTION('',(0.,0.,-1.));
#3400=DIRECTION('',(1.,0.,0.));
#3401=DIRECTION('',(1.,0.,0.));
#3402=DIRECTION('',(1.,0.,0.));
#3403=DIRECTION('',(0.,0.,-1.));
#3404=DIRECTION('',(1.,0.,0.));
#3405=DIRECTION('',(1.,0.,0.));
#3406=DIRECTION('',(0.,0.,-1.));
#3407=DIRECTION('',(1.,0.,0.));
#3408=DIRECTION('',(0.,-1.,0.));
#3409=DIRECTION('',(0.,0.,-1.));
#3410=DIRECTION('',(0.,1.,0.));
#3411=DIRECTION('',(0.,-1.,0.));
#3412=DIRECTION('',(0.,0.,-1.));
#3413=DIRECTION('',(0.,1.,0.));
#3414=DIRECTION('',(1.,0.,0.));
#3415=DIRECTION('',(0.,0.,-1.));
#3416=DIRECTION('',(0.,0.,-1.));
#3417=DIRECTION('',(-1.,0.,0.));
#3418=DIRECTION('',(0.,1.,0.));
#3419=DIRECTION('',(0.,0.,1.));
#3420=DIRECTION('',(0.,0.,1.));
#3421=DIRECTION('',(1.,0.,0.));
#3422=DIRECTION('',(0.,0.,-1.));
#3423=DIRECTION('',(-1.,0.,0.));
#3424=DIRECTION('',(0.,0.,1.));
#3425=DIRECTION('',(0.,0.,1.));
#3426=DIRECTION('',(0.,1.,0.));
#3427=DIRECTION('',(0.,0.,1.));
#3428=DIRECTION('',(0.,1.,0.));
#3429=DIRECTION('',(0.,1.,0.));
#3430=DIRECTION('',(0.,0.,1.));
#3431=DIRECTION('',(0.,1.,0.));
#3432=DIRECTION('',(0.,1.,0.));
#3433=DIRECTION('',(0.,0.,1.));
#3434=DIRECTION('',(0.,1.,0.));
#3435=DIRECTION('',(0.,0.,1.));
#3436=DIRECTION('',(4.32791913614061E-17,-4.33164062654952E-17,1.));
#3437=DIRECTION('',(-0.706347662185217,0.707865086104322,6.35727109512016E-17));
#3438=DIRECTION('',(0.,1.,0.));
#3439=DIRECTION('',(0.,0.,1.));
#3440=DIRECTION('',(0.,1.,0.));
#3441=DIRECTION('',(0.,0.,1.));
#3442=DIRECTION('',(0.,1.,0.));
#3443=DIRECTION('',(1.19518349722811E-16,1.,0.));
#3444=DIRECTION('',(-1.,1.19518349722812E-16,0.));
#3445=DIRECTION('',(0.,1.,0.));
#3446=DIRECTION('',(0.,0.,-1.));
#3447=DIRECTION('',(1.,0.,0.));
#3448=DIRECTION('',(-1.,1.19518349722812E-16,0.));
#3449=DIRECTION('',(0.,0.,-1.));
#3450=DIRECTION('',(-1.,0.,0.));
#3451=DIRECTION('',(0.,0.,1.));
#3452=DIRECTION('',(1.,0.,0.));
#3453=DIRECTION('',(0.,0.,1.));
#3454=DIRECTION('',(0.,0.,1.));
#3455=DIRECTION('',(0.,0.,1.));
#3456=DIRECTION('',(1.,0.,0.));
#3457=DIRECTION('',(0.,0.,1.));
#3458=DIRECTION('',(1.,0.,0.));
#3459=DIRECTION('',(0.,0.,1.));
#3460=DIRECTION('',(0.,0.,1.));
#3461=DIRECTION('',(0.,0.,-1.));
#3462=DIRECTION('',(-1.,0.,0.));
#3463=DIRECTION('',(0.,0.,1.));
#3464=DIRECTION('',(1.,0.,0.));
#3465=DIRECTION('',(0.,0.,1.));
#3466=DIRECTION('',(0.,0.,1.));
#3467=DIRECTION('',(0.,0.,1.));
#3468=DIRECTION('',(1.,0.,0.));
#3469=DIRECTION('',(0.,0.,1.));
#3470=DIRECTION('',(1.,0.,0.));
#3471=DIRECTION('',(0.,0.,1.));
#3472=DIRECTION('',(0.,0.,1.));
#3473=DIRECTION('',(-1.,0.,0.));
#3474=DIRECTION('',(0.,0.,1.));
#3475=DIRECTION('',(0.,-1.,0.));
#3476=DIRECTION('',(0.,-1.,0.));
#3477=DIRECTION('',(0.,0.,-1.));
#3478=DIRECTION('',(1.,0.,0.));
#3479=DIRECTION('',(-1.,0.,0.));
#3480=DIRECTION('',(0.,0.,1.));
#3481=DIRECTION('',(0.,-1.,0.));
#3482=DIRECTION('',(0.,-1.,0.));
#3483=DIRECTION('',(0.,0.,-1.));
#3484=DIRECTION('',(1.,0.,0.));
#3485=DIRECTION('',(0.,0.,1.));
#3486=DIRECTION('',(1.,0.,0.));
#3487=DIRECTION('',(1.0244429976241E-16,1.,0.));
#3488=DIRECTION('',(1.,0.,0.));
#3489=DIRECTION('',(9.48558331133426E-17,-1.,0.));
#3490=DIRECTION('',(-1.,0.,0.));
#3491=DIRECTION('',(0.,1.,0.));
#3492=DIRECTION('',(1.,0.,0.));
#3493=DIRECTION('',(1.36592399683213E-16,1.,0.));
#3494=DIRECTION('',(0.,0.,1.));
#3495=DIRECTION('',(1.,0.,0.));
#3496=DIRECTION('',(9.48558331133426E-17,-1.,0.));
#3497=DIRECTION('',(-1.,0.,0.));
#3498=DIRECTION('',(0.,1.,0.));
#3499=DIRECTION('',(-1.,0.,0.));
#3500=DIRECTION('',(0.,1.,0.));
#3501=DIRECTION('',(0.,0.,1.));
#3502=DIRECTION('',(0.,0.,1.));
#3503=DIRECTION('',(0.,0.,1.));
#3504=DIRECTION('',(0.,0.,1.));
#3505=DIRECTION('',(1.,0.,0.));
#3506=DIRECTION('',(-1.,1.19518349722812E-16,0.));
#3507=DIRECTION('',(-1.,0.,0.));
#3508=DIRECTION('',(0.,-1.,0.));
#3509=DIRECTION('',(0.,0.,1.));
#3510=DIRECTION('',(-1.,0.,0.));
#3511=DIRECTION('',(0.,-1.,0.));
#3512=DIRECTION('',(0.,0.,-1.));
#3513=DIRECTION('',(0.,-1.,0.));
#3514=DIRECTION('',(0.,0.,1.));
#3515=DIRECTION('',(0.,-0.902077919598739,-0.431573200016418));
#3516=DIRECTION('',(0.,0.431573200016418,-0.902077919598739));
#3517=DIRECTION('',(-1.,0.,0.));
#3518=DIRECTION('',(1.,0.,0.));
#3519=DIRECTION('',(0.,-0.902077919598739,-0.431573200016418));
#3520=DIRECTION('',(1.,0.,0.));
#3521=DIRECTION('',(0.,-0.902077935599166,0.431573166572189));
#3522=DIRECTION('',(0.,-0.431573166572189,-0.902077935599166));
#3523=DIRECTION('',(0.,-0.923879848329662,0.382682669911196));
#3524=DIRECTION('',(0.,-0.382682669911196,-0.923879848329662));
#3525=DIRECTION('',(-1.,0.,0.));
#3526=DIRECTION('',(-1.,0.,0.));
#3527=DIRECTION('',(0.,-0.382682669911196,-0.923879848329662));
#3528=DIRECTION('',(0.,-0.382682119237379,0.923880076425501));
#3529=DIRECTION('',(-1.,0.,0.));
#3530=DIRECTION('',(1.,0.,0.));
#3531=DIRECTION('',(0.,-0.923880076425501,-0.382682119237379));
#3532=DIRECTION('',(0.,0.,1.));
#3533=DIRECTION('',(-1.,0.,0.));
#3534=DIRECTION('',(-1.,0.,0.));
#3535=DIRECTION('',(0.,1.,0.));
#3536=DIRECTION('',(1.,0.,0.));
#3537=DIRECTION('',(0.,1.,0.));
#3538=DIRECTION('',(1.,0.,0.));
#3539=DIRECTION('',(1.,0.,0.));
#3540=DIRECTION('',(1.74816599812104E-16,1.,0.));
#3541=DIRECTION('',(0.,-0.902077935599166,0.431573166572189));
#3542=DIRECTION('',(0.,-0.431573166572189,-0.902077935599166));
#3543=DIRECTION('',(-1.,0.,0.));
#3544=DIRECTION('',(0.,-0.431573166572189,-0.902077935599166));
#3545=DIRECTION('',(1.,0.,0.));
#3546=DIRECTION('',(0.,1.,0.));
#3547=DIRECTION('',(1.,0.,0.));
#3548=DIRECTION('',(1.,0.,0.));
#3549=DIRECTION('',(-3.97366371730136E-14,1.,0.));
#3550=DIRECTION('',(0.,1.,0.));
#3551=DIRECTION('',(0.,0.,1.));
#3552=DIRECTION('',(0.,0.,1.));
#3553=DIRECTION('',(0.,0.,1.));
#3554=DIRECTION('',(-1.,0.,0.));
#3555=DIRECTION('',(1.,0.,0.));
#3556=DIRECTION('',(-1.,0.,0.));
#3557=DIRECTION('',(0.,1.,0.));
#3558=DIRECTION('',(0.,0.382682119237379,0.923880076425501));
#3559=DIRECTION('',(-1.,0.,0.));
#3560=DIRECTION('',(-1.,0.,0.));
#3561=DIRECTION('',(0.,-0.923880076425501,0.382682119237379));
#3562=DIRECTION('',(0.,-0.923879848329662,-0.382682669911196));
#3563=DIRECTION('',(0.,0.382682669911196,-0.923879848329662));
#3564=DIRECTION('',(1.,0.,0.));
#3565=DIRECTION('',(0.,-0.382682669911196,0.923879848329662));
#3566=DIRECTION('',(0.,1.,0.));
#3567=DIRECTION('',(0.,0.,1.));
#3568=DIRECTION('',(-1.,0.,0.));
#3569=DIRECTION('',(0.,0.,-1.));
#3570=DIRECTION('',(1.,0.,0.));
#3571=DIRECTION('',(0.,1.,0.));
#3572=DIRECTION('',(1.,0.,0.));
#3573=DIRECTION('',(1.,0.,0.));
#3574=DIRECTION('',(3.9735323646681E-14,1.,0.));
#3575=DIRECTION('',(0.,-0.902077919598739,-0.431573200016418));
#3576=DIRECTION('',(0.,0.431573200016418,-0.902077919598739));
#3577=DIRECTION('',(-1.,2.3404071346175E-17,-1.84874865073825E-17));
#3578=DIRECTION('',(0.,-0.431573200016418,0.902077919598739));
#3579=DIRECTION('',(1.,-2.3404071346175E-17,1.84874865073825E-17));
#3580=DIRECTION('',(-2.96568095688157E-17,-0.846041529737287,0.533116994626688));
#3581=DIRECTION('',(1.,0.,0.));
#3582=DIRECTION('',(2.3404071346175E-17,1.,0.));
#3583=DIRECTION('',(0.,0.,1.));
#3584=DIRECTION('',(-1.,0.,0.));
#3585=DIRECTION('',(1.,0.,0.));
#3586=DIRECTION('',(1.,0.,0.));
#3587=DIRECTION('',(0.,1.,0.));
#3588=DIRECTION('',(0.,0.,1.));
#3589=DIRECTION('',(-1.,0.,0.));
#3590=DIRECTION('',(-1.,0.,0.));
#3591=DIRECTION('',(0.,0.,-1.));
#3592=DIRECTION('',(0.,1.,0.));
#3593=DIRECTION('',(0.,0.,1.));
#3594=DIRECTION('',(-1.,0.,0.));
#3595=DIRECTION('',(0.,0.,1.));
#3596=DIRECTION('',(-1.,0.,0.));
#3597=DIRECTION('',(0.,-1.,0.));
#3598=DIRECTION('',(0.,-0.992397131076436,-0.123076944352952));
#3599=DIRECTION('',(0.,0.123076944352952,-0.992397131076436));
#3600=DIRECTION('',(1.,0.,0.));
#3601=DIRECTION('',(0.,0.123076944352952,-0.992397131076436));
#3602=DIRECTION('',(-1.,0.,0.));
#3603=DIRECTION('',(0.,0.,-1.));
#3604=DIRECTION('',(0.,0.123076980753859,0.992397126562));
#3605=DIRECTION('',(1.,0.,0.));
#3606=DIRECTION('',(4.44209653515844E-31,1.,0.));
#3607=DIRECTION('',(0.,-0.992397126562,0.123076980753859));
#3608=DIRECTION('',(0.,-0.123076980753859,-0.992397126562));
#3609=DIRECTION('',(-1.,0.,0.));
#3610=DIRECTION('',(1.,-4.44209653515844E-31,-1.80015226813585E-17));
#3611=DIRECTION('',(4.44209653515844E-31,1.,0.));
#3612=DIRECTION('',(-1.,0.,0.));
#3613=DIRECTION('',(0.,0.,1.));
#3614=DIRECTION('',(1.,0.,0.));
#3615=DIRECTION('',(0.,0.,1.));
#3616=DIRECTION('',(1.,0.,0.));
#3617=DIRECTION('',(0.,0.,1.));
#3618=DIRECTION('',(-1.,0.,0.));
#3619=DIRECTION('',(0.,0.,1.));
#3620=DIRECTION('',(0.,0.,1.));
#3621=DIRECTION('',(-1.,0.,0.));
#3622=DIRECTION('',(0.,0.,1.));
#3623=DIRECTION('',(0.,0.,1.));
#3624=DIRECTION('',(-1.,0.,0.));
#3625=DIRECTION('',(0.,-1.,0.));
#3626=DIRECTION('',(-1.,1.36592399683213E-16,0.));
#3627=DIRECTION('',(-1.36592399683213E-16,-1.,0.));
#3628=DIRECTION('',(0.,0.,1.));
#3629=DIRECTION('',(-1.,0.,0.));
#3630=DIRECTION('',(0.,-1.,0.));
#3631=DIRECTION('',(-1.,1.0244429976241E-16,0.));
#3632=DIRECTION('',(-1.0244429976241E-16,-1.,0.));
#3633=DIRECTION('',(0.,0.,1.));
#3634=DIRECTION('',(0.,1.,0.));
#3635=DIRECTION('',(0.,0.,1.));
#3636=DIRECTION('',(0.,1.,0.));
#3637=DIRECTION('',(-1.,0.,0.));
#3638=DIRECTION('',(0.,0.,1.));
#3639=DIRECTION('',(0.,1.,0.));
#3640=DIRECTION('',(0.,0.,1.));
#3641=DIRECTION('',(-1.,0.,0.));
#3642=DIRECTION('',(0.,1.,0.));
#3643=DIRECTION('',(0.,0.,1.));
#3644=DIRECTION('',(0.,0.,1.));
#3645=DIRECTION('',(1.,0.,0.));
#3646=DIRECTION('',(0.,0.,-1.));
#3647=DIRECTION('',(0.,0.,1.));
#3648=DIRECTION('',(1.,0.,0.));
#3649=DIRECTION('',(0.,0.,-1.));
#3650=DIRECTION('',(0.,0.,1.));
#3651=DIRECTION('',(0.,0.,1.));
#3652=DIRECTION('',(1.,0.,0.));
#3653=DIRECTION('',(-1.,1.19518349722812E-16,0.));
#3654=DIRECTION('',(0.,0.,1.));
#3655=DIRECTION('',(-1.,0.,0.));
#3656=DIRECTION('',(-1.,0.,0.));
#3657=DIRECTION('',(0.,0.,-1.));
#3658=DIRECTION('',(0.,0.,1.));
#3659=DIRECTION('',(-1.,0.,0.));
#3660=DIRECTION('',(0.,0.,1.));
#3661=DIRECTION('',(1.,0.,0.));
#3662=DIRECTION('',(0.,-1.,0.));
#3663=DIRECTION('',(0.,0.,1.));
#3664=DIRECTION('',(1.,0.,0.));
#3665=DIRECTION('',(-1.,0.,0.));
#3666=DIRECTION('',(0.,0.,1.));
#3667=DIRECTION('',(1.,0.,0.));
#3668=DIRECTION('',(-0.5,-0.866025403784439,0.));
#3669=DIRECTION('',(0.866025403784439,-0.5,0.));
#3670=DIRECTION('',(1.,0.,0.));
#3671=DIRECTION('',(-1.,0.,0.));
#3672=DIRECTION('',(0.,0.,1.));
#3673=DIRECTION('',(-0.5,0.866025403784439,0.));
#3674=DIRECTION('',(-0.866025403784439,-0.5,0.));
#3675=DIRECTION('',(0.,0.,1.));
#3676=DIRECTION('',(-1.,0.,0.));
#3677=DIRECTION('',(0.,1.,0.));
#3678=DIRECTION('',(0.,-1.,0.));
#3679=DIRECTION('',(-1.,0.,0.));
#3680=DIRECTION('',(0.,0.,-1.));
#3681=DIRECTION('',(-1.,0.,0.));
#3682=DIRECTION('',(0.,0.,1.));
#3683=DIRECTION('',(1.,0.,0.));
#3684=DIRECTION('',(0.,0.,-1.));
#3685=DIRECTION('',(-1.,0.,0.));
#3686=DIRECTION('',(0.,-1.,0.));
#3687=DIRECTION('',(-1.,0.,0.));
#3688=DIRECTION('',(0.,0.,1.));
#3689=DIRECTION('',(0.,1.,0.));
#3690=DIRECTION('',(-1.,0.,0.));
#3691=DIRECTION('',(0.,0.,1.));
#3692=DIRECTION('',(1.,0.,0.));
#3693=DIRECTION('',(0.,0.,1.));
#3694=DIRECTION('',(1.,0.,0.));
#3695=DIRECTION('',(0.,0.,1.));
#3696=DIRECTION('',(1.,0.,0.));
#3697=DIRECTION('',(1.19518349722811E-16,1.,0.));
#3698=DIRECTION('',(-1.,1.19518349722812E-16,0.));
#3699=DIRECTION('',(-1.,0.,0.));
#3700=DIRECTION('',(0.,0.,1.));
#3701=DIRECTION('',(1.,0.,0.));
#3702=DIRECTION('',(0.,1.,0.));
#3703=DIRECTION('',(-1.,1.17384093477761E-16,0.));
#3704=DIRECTION('',(-1.17384093477761E-16,-1.,0.));
#3705=DIRECTION('',(1.19518349722811E-16,1.,0.));
#3706=DIRECTION('',(-1.,1.19518349722812E-16,0.));
#3707=DIRECTION('',(0.,0.,-1.));
#3708=DIRECTION('',(-1.,0.,0.));
#3709=DIRECTION('',(0.,0.,-1.));
#3710=DIRECTION('',(-1.,0.,0.));
#3711=DIRECTION('',(0.,0.,-1.));
#3712=DIRECTION('',(-1.,0.,0.));
#3713=DIRECTION('',(0.,1.,0.));
#3714=DIRECTION('',(-1.,0.,0.));
#3715=DIRECTION('',(-1.,0.,0.));
#3716=DIRECTION('',(0.,0.,1.));
#3717=DIRECTION('',(-1.,0.,0.));
#3718=DIRECTION('',(0.,-1.,0.));
#3719=DIRECTION('',(0.,-1.,0.));
#3720=DIRECTION('',(0.,0.,-1.));
#3721=DIRECTION('',(0.,1.,0.));
#3722=DIRECTION('',(0.,1.,0.));
#3723=DIRECTION('',(0.,1.,0.));
#3724=DIRECTION('',(0.,0.,1.));
#3725=DIRECTION('',(0.,1.,0.));
#3726=DIRECTION('',(0.,1.,0.));
#3727=DIRECTION('',(0.,-1.,0.));
#3728=DIRECTION('',(0.,0.,-1.));
#3729=DIRECTION('',(0.,1.,0.));
#3730=DIRECTION('',(0.,1.,0.));
#3731=DIRECTION('',(0.,1.,0.));
#3732=DIRECTION('',(0.,0.,1.));
#3733=DIRECTION('',(0.,1.,0.));
#3734=DIRECTION('',(0.,1.,0.));
#3735=DIRECTION('',(0.,0.,-1.));
#3736=DIRECTION('',(-1.,0.,0.));
#3737=DIRECTION('',(0.,0.,-1.));
#3738=DIRECTION('',(-1.,0.,0.));
#3739=DIRECTION('',(1.,0.,0.));
#3740=DIRECTION('',(0.,0.,-1.));
#3741=DIRECTION('',(1.,0.,0.));
#3742=DIRECTION('',(0.,0.,-1.));
#3743=DIRECTION('',(0.,0.,1.));
#3744=DIRECTION('',(1.,0.,0.));
#3745=DIRECTION('',(0.,-1.,0.));
#3746=DIRECTION('',(1.,0.,0.));
#3747=DIRECTION('',(0.,-0.000164543135591259,-0.999999986462778));
#3748=DIRECTION('',(1.,0.,0.));
#3749=DIRECTION('',(0.,-0.000164543135591259,-0.999999986462778));
#3750=DIRECTION('',(0.,1.,0.));
#3751=DIRECTION('',(0.,0.,1.));
#3752=DIRECTION('',(0.999998730287136,2.57592012650876E-8,-0.00159355706336478));
#3753=DIRECTION('',(0.00159355706336478,0.,0.999998730287137));
#3754=DIRECTION('',(1.,0.,0.));
#3755=DIRECTION('',(0.,0.,-1.));
#3756=DIRECTION('',(0.,0.,1.));
#3757=DIRECTION('',(-1.,0.,0.));
#3758=DIRECTION('',(0.,-1.,0.));
#3759=DIRECTION('',(1.,0.,0.));
#3760=DIRECTION('',(0.,0.,-1.));
#3761=DIRECTION('',(0.,0.,-1.));
#3762=DIRECTION('',(-1.,0.,0.));
#3763=DIRECTION('',(0.,1.,0.));
#3764=DIRECTION('',(0.,0.,1.));
#3765=DIRECTION('',(0.,0.,1.));
#3766=DIRECTION('',(1.,0.,0.));
#3767=CARTESIAN_POINT('',(0.,0.,0.));
#3768=CARTESIAN_POINT('',(-0.000565251350402832,-0.0305400019073486,0.0297999987602234));
#3769=CARTESIAN_POINT('',(-0.000565251350402832,-0.0305400019073486,0.0356639984741211));
#3770=CARTESIAN_POINT('',(0.00793474504959716,-0.0305400019073486,0.0356639984741211));
#3771=CARTESIAN_POINT('',(-0.0210652477504028,-0.0305400019073486,0.0356639984741211));
#3772=CARTESIAN_POINT('',(-0.0210652477504028,-0.0305400019073486,0.0252499984741211));
#3773=CARTESIAN_POINT('',(-0.0210652477504028,-0.0305400019073486,0.0277899984741211));
#3774=CARTESIAN_POINT('',(-0.0185252477504029,-0.0305400019073486,0.0277899984741211));
#3775=CARTESIAN_POINT('',(-0.018525247749582,-0.0305400019073486,0.0252499984741211));
#3776=CARTESIAN_POINT('',(-0.00956401199191835,-0.0305400019073486,0.0252499984741211));
#3777=CARTESIAN_POINT('',(0.00539474504959716,-0.0305400019073486,0.0252499984741211));
#3778=CARTESIAN_POINT('',(0.00539474504959716,-0.0305400019073486,0.0277899984741211));
#3779=CARTESIAN_POINT('',(0.00793474504959716,-0.0305400019073486,0.0277899984741211));
#3780=CARTESIAN_POINT('',(0.00793474504959716,-0.0305400019073486,0.0252499984741211));
#3781=CARTESIAN_POINT('',(0.00793474504959716,-0.0305400019073486,0.027864146657147));
#3782=CARTESIAN_POINT('',(0.00867059734340848,-0.0305400019073486,0.027864146657147));
#3783=CARTESIAN_POINT('',(0.00799039937124103,-0.0305400019073486,0.0281448766287686));
#3784=CARTESIAN_POINT('',(0.00799039937124103,-0.0305400019073486,0.0313699987125397));
#3785=CARTESIAN_POINT('',(0.00799039937124103,-0.0305400019073486,0.0341399984741211));
#3786=CARTESIAN_POINT('',(-0.000565251350402832,-0.0305400019073486,0.0341399984741211));
#3787=CARTESIAN_POINT('',(0.00793474504959716,-0.0305400019073486,0.0341399984741211));
#3788=CARTESIAN_POINT('',(0.00793474504959716,-0.0305400019073486,0.0252499984741211));
#3789=CARTESIAN_POINT('',(0.0171859978032715,-0.011595000834465,0.0341399984741211));
#3790=CARTESIAN_POINT('',(0.0264228797910727,-0.013500000834465,0.0341399984741211));
#3791=CARTESIAN_POINT('',(0.0264228797910727,-0.00129471915583991,0.0341399984741211));
#3792=CARTESIAN_POINT('',(0.0264228797910727,-0.028000001907349,0.0341399984741211));
#3793=CARTESIAN_POINT('',(0.0238947505569458,-0.00153999976158142,0.0341399984741211));
#3794=CARTESIAN_POINT('',(0.0238947505569458,0.00100000023841857,0.0341399984741211));
#3795=CARTESIAN_POINT('',(0.00920474504959718,0.00100000023841858,0.0341399984741211));
#3796=CARTESIAN_POINT('',(0.011000796273811,0.00100000023841858,0.0341399984741211));
#3797=CARTESIAN_POINT('',(0.011000796273811,0.00406605146263242,0.0341399984741211));
#3798=CARTESIAN_POINT('',(0.00793474504959716,0.00406605146263241,0.0341399984741211));
#3799=CARTESIAN_POINT('',(0.00793474504959716,-0.013500000834465,0.0341399984741211));
#3800=CARTESIAN_POINT('',(0.0110621172982953,-0.0311273741560467,0.0341399984741211));
#3801=CARTESIAN_POINT('',(0.0110621172982953,-0.0280000019073486,0.0341399984741211));
#3802=CARTESIAN_POINT('',(0.017178812420335,-0.0280000019073486,0.0341399984741211));
#3803=CARTESIAN_POINT('',(0.0238947505569458,-0.0203518516777071,0.0161821114460581));
#3804=CARTESIAN_POINT('',(0.0264228797910727,-0.0205731138962523,0.0160762549101362));
#3805=CARTESIAN_POINT('',(0.0264228797910727,-0.0265647385380442,0.0285999989509583));
#3806=CARTESIAN_POINT('',(0.0264228797910727,-0.0280000019073488,0.0315999984741211));
#3807=CARTESIAN_POINT('',(0.0238947505569458,-0.0262928323086459,0.0285999989509583));
#3808=CARTESIAN_POINT('',(0.0259146515446183,-0.0280000019073486,0.0285999989509583));
#3809=CARTESIAN_POINT('',(0.0238947505569458,-0.0280000019073486,0.0321683391535968));
#3810=CARTESIAN_POINT('',(0.0238947505569458,-0.0280000019073486,0.0262828949232708));
#3811=CARTESIAN_POINT('',(0.0238947505569458,-0.0280000019073487,0.0262828949232708));
#3812=CARTESIAN_POINT('',(0.0238947505569458,-0.0163841793600284,0.002003405285091));
#3813=CARTESIAN_POINT('',(0.0238947505569458,-0.0140929014442476,0.0030996012131327));
#3814=CARTESIAN_POINT('',(0.0264347505569458,-0.0140929014442476,0.00309960121313269));
#3815=CARTESIAN_POINT('',(0.0264347505569458,-0.0140929014442476,0.00309960121313269));
#3816=CARTESIAN_POINT('',(0.0264347505569458,-0.0146156833246633,0.00419232428090285));
#3817=CARTESIAN_POINT('',(0.0264347505569458,-0.0151988012984074,0.0054111623566121));
#3818=CARTESIAN_POINT('',(0.0264347505569458,-0.0151812655881762,0.00494449837272178));
#3819=CARTESIAN_POINT('',(0.0264347505569458,-0.0149680250319538,0.00449879485985891));
#3820=CARTESIAN_POINT('',(0.0264347505569458,-0.0146156833246634,0.00419232428090289));
#3821=CARTESIAN_POINT('',(0.0264347505569458,-0.0151988012984074,0.00541116235661215));
#3822=CARTESIAN_POINT('',(0.0264347505569458,-0.0140929014442476,0.00309960121313269));
#3823=CARTESIAN_POINT('',(0.0264347505569458,-0.0277280956779511,0.0315999984741211));
#3824=CARTESIAN_POINT('',(0.0238947505569458,-0.0277280956779511,0.0315999984741211));
#3825=CARTESIAN_POINT('',(0.0238947505569458,-0.00153999976158142,0.0157489208842433));
#3826=CARTESIAN_POINT('',(0.0238947505569458,0.00100000023841858,0.0061999984741211));
#3827=CARTESIAN_POINT('',(0.0238947505569458,0.00100000023841858,0.0262828947437097));
#3828=CARTESIAN_POINT('',(0.0264228797910727,-0.00129471915583991,0.0539999989509583));
#3829=CARTESIAN_POINT('',(0.0264228797910727,-0.00129471915583991,0.0315999984741211));
#3830=CARTESIAN_POINT('',(0.0238947505569458,-0.00153999976158142,0.0315999984741211));
#3831=CARTESIAN_POINT('',(0.0264347505569458,-0.00153999976158142,0.0315999984741211));
#3832=CARTESIAN_POINT('',(0.0264347505569458,-0.00153999976158142,0.0157489208842433));
#3833=CARTESIAN_POINT('',(0.0264347505569458,-0.00153999976158142,0.02685920963732));
#3834=CARTESIAN_POINT('',(0.0238947505569458,-0.00153999976158142,0.02685920963732));
#3835=CARTESIAN_POINT('',(0.0234347486495972,-0.0138500002861023,0.0185640718460083));
#3836=CARTESIAN_POINT('',(0.0234347486495972,-0.0166424353837967,0.0270999979972839));
#3837=CARTESIAN_POINT('',(0.0234347486495972,-0.0223697400093079,0.0270999979922984));
#3838=CARTESIAN_POINT('',(0.0234347486495972,-0.0165000009536743,0.0270999979972839));
#3839=CARTESIAN_POINT('',(0.0234347486495972,-0.0223697430207513,0.0260999999576748));
#3840=CARTESIAN_POINT('',(0.0234347486495972,-0.0232718188773581,0.0256684270573137));
#3841=CARTESIAN_POINT('',(0.0234347486495972,-0.0187511400603461,0.0162192626780387));
#3842=CARTESIAN_POINT('',(0.0234347486495979,-0.0168314573567717,0.0122067248093846));
#3843=CARTESIAN_POINT('',(0.0234347486495979,-0.0162000022020825,0.0125088263416972));
#3844=CARTESIAN_POINT('',(0.0234347486495975,-0.0155000007152557,0.0125088227224691));
#3845=CARTESIAN_POINT('',(0.0234347486495972,-0.0155000007152557,0.018934240436554));
#3846=CARTESIAN_POINT('',(0.0234347486495972,-0.0155000007152557,0.0260999989509583));
#3847=CARTESIAN_POINT('',(0.0234347486495972,-0.0141202317357323,0.0227689341921911));
#3848=CARTESIAN_POINT('',(0.0234347486495972,-0.0157928931713104,0.0268071055412292));
#3849=CARTESIAN_POINT('',(0.0234347486495972,-0.013683315622081,0.0259332934222818));
#3850=CARTESIAN_POINT('',(0.0234347486495972,-0.0129310248571356,0.0226451906928698));
#3851=CARTESIAN_POINT('',(0.0234347486495972,-0.0114999997615814,0.0260999989509583));
#3852=CARTESIAN_POINT('',(0.0234347486495972,-0.0112071073055267,0.0268071055412292));
#3853=CARTESIAN_POINT('',(0.0234347486495972,-0.0114999997615814,0.018934240436554));
#3854=CARTESIAN_POINT('',(0.0234347486495975,-0.0114999997615814,0.0125088227224691));
#3855=CARTESIAN_POINT('',(0.0234347486495979,-0.0107999982747547,0.0125088263416972));
#3856=CARTESIAN_POINT('',(0.0234347486495979,-0.0101685427398211,0.0122067246562372));
#3857=CARTESIAN_POINT('',(0.0234347486495972,-0.00837923878269923,0.0159467438165663));
#3858=CARTESIAN_POINT('',(0.0234347486495972,-0.00372818078767325,0.0256684255589386));
#3859=CARTESIAN_POINT('',(0.0234347486495972,-0.00463025886508954,0.0260999987933591));
#3860=CARTESIAN_POINT('',(0.0234347486495972,-0.00463025886508954,0.0270999980112836));
#3861=CARTESIAN_POINT('',(0.0234347486495972,-0.0138500002861023,0.0270999979972839));
#3862=CARTESIAN_POINT('',(0.0234347486495972,-0.0104999995231629,0.0270999979972839));
#3863=CARTESIAN_POINT('',(0.0234347486495972,-0.0136154289339224,0.0258095500704744));
#3864=CARTESIAN_POINT('',(0.0234347486495972,-0.0135000002384186,0.00547499775886496));
#3865=CARTESIAN_POINT('',(0.0234347486495972,-0.0135000002384186,0.00717499775886496));
#3866=CARTESIAN_POINT('',(0.0234347486495972,-0.0280000019073486,0.0185640718460083));
#3867=CARTESIAN_POINT('',(0.0234347486495972,-0.0280000019073486,0.0262828949232708));
#3868=CARTESIAN_POINT('',(0.0234347486495972,-0.0280000019073486,0.0285999989509583));
#3869=CARTESIAN_POINT('',(0.0234347486495972,-0.01351110937198,0.0285999989509583));
#3870=CARTESIAN_POINT('',(0.0234347486495972,0.00100000023841858,0.0285999989509583));
#3871=CARTESIAN_POINT('',(0.0234347486495972,0.00100000023841858,0.0185640718460083));
#3872=CARTESIAN_POINT('',(0.0234347486495972,0.00100000023841858,0.0262828947437097));
#3873=CARTESIAN_POINT('',(0.0234347486495972,-0.00456389961815312,0.0146531835261168));
#3874=CARTESIAN_POINT('',(0.0234347486495972,-0.0106158210656512,0.00200340539202095));
#3875=CARTESIAN_POINT('',(0.0234347486495972,-0.0135000002384186,0.0033832577189998));
#3876=CARTESIAN_POINT('',(0.0234347486495972,-0.0163841793600284,0.002003405285091));
#3877=CARTESIAN_POINT('',(0.0234347486495972,-0.022501290702981,0.0147894426803569));
#3878=CARTESIAN_POINT('',(0.00539474504959716,-0.013500000834465,0.0277899984741211));
#3879=CARTESIAN_POINT('',(0.00539474504959716,-0.013500000834465,0.0252499984741211));
#3880=CARTESIAN_POINT('',(0.00539474504959716,-0.026200000834465,0.0252499984741211));
#3881=CARTESIAN_POINT('',(0.00539474504959716,-0.026200000834465,0.0277899984741211));
#3882=CARTESIAN_POINT('',(0.00613474864959715,-0.026200000834465,0.0253601847627459));
#3883=CARTESIAN_POINT('',(0.00613474864959715,0.000999995565534996,0.0253601847627459));
#3884=CARTESIAN_POINT('',(0.00613474864959715,0.000999995565534967,0.0253601847627459));
#3885=CARTESIAN_POINT('',(0.00539474504959716,0.001739999165535,0.0277899984741211));
#3886=CARTESIAN_POINT('',(0.00539474504959716,0.001739999165535,0.0252499984741211));
#3887=CARTESIAN_POINT('',(0.00539474504959716,-0.013500000834465,0.0252499984741211));
#3888=CARTESIAN_POINT('',(0.00539474504959719,0.0049588686294905,0.0252499984741211));
#3889=CARTESIAN_POINT('',(0.00783386572432499,0.00735000023841858,0.0270812740325253));
#3890=CARTESIAN_POINT('',(0.00773451855669947,0.00735000023841858,0.026739364375811));
#3891=CARTESIAN_POINT('',(0.00738858045398355,0.00720145202755196,0.0261155173143428));
#3892=CARTESIAN_POINT('',(0.0066860920537285,0.00658958733527586,0.0255569593805863));
#3893=CARTESIAN_POINT('',(0.0061413124824045,0.00593385369658237,0.0253445736467861));
#3894=CARTESIAN_POINT('',(0.00571227077170239,0.00538084224586926,0.0252641271234847));
#3895=CARTESIAN_POINT('',(0.00552062609211261,0.00508442550162978,0.0252499984741211));
#3896=CARTESIAN_POINT('',(0.00539474504959734,0.00495886862949043,0.0252499984741211));
#3897=CARTESIAN_POINT('',(0.007833865724325,0.00735000023841858,0.0270812740325253));
#3898=CARTESIAN_POINT('',(0.00539474504959716,0.00735000023841858,0.0277899984741211));
#3899=CARTESIAN_POINT('',(0.00793474504959716,0.00735000023841858,0.0277899984741211));
#3900=CARTESIAN_POINT('',(0.00793474504959716,-0.013500000834465,0.0277899984741211));
#3901=CARTESIAN_POINT('',(-0.0185252477504029,-0.013500000834465,0.0277899984741211));
#3902=CARTESIAN_POINT('',(-0.0185252477504029,0.00694174300741148,0.0252499984741211));
#3903=CARTESIAN_POINT('',(-0.0185252477504029,-0.026200000834465,0.0252499984741211));
#3904=CARTESIAN_POINT('',(-0.0210652477504028,-0.0305400019073486,0.0277899984741211));
#3905=CARTESIAN_POINT('',(-0.0210652477504028,-0.0252859995231628,0.0277899984741211));
#3906=CARTESIAN_POINT('',(-0.0185252477504029,-0.0252859995231628,0.0277899984741211));
#3907=CARTESIAN_POINT('',(-0.0209435357261025,-0.0252859995231628,0.0270131566198249));
#3908=CARTESIAN_POINT('',(-0.0209435357261025,-0.013500000834465,0.0270131566198249));
#3909=CARTESIAN_POINT('',(-0.0209435780482553,-0.00171400052778522,0.0270131431808633));
#3910=CARTESIAN_POINT('',(-0.0185252477504029,-0.00171400035762787,0.0277899984741211));
#3911=CARTESIAN_POINT('',(-0.0210652477504028,-0.00171400035762787,0.0277899984741211));
#3912=CARTESIAN_POINT('',(-0.0210652477504028,-0.0305400019073486,0.0277899984741211));
#3913=CARTESIAN_POINT('',(-0.0210652477504028,0.00735000023841858,0.0277899984741211));
#3914=CARTESIAN_POINT('',(-0.0185252477504029,0.00735000023841858,0.0277899984741211));
#3915=CARTESIAN_POINT('',(-0.0209643684251308,0.00735000023841858,0.0270812740325253));
#3916=CARTESIAN_POINT('',(-0.0185252477504029,0.0049588686294905,0.0252499984741211));
#3917=CARTESIAN_POINT('',(-0.0186509825343636,0.00508427961972179,0.0252499984741211));
#3918=CARTESIAN_POINT('',(-0.0188423183768367,0.00538014655968776,0.0252641824888671));
#3919=CARTESIAN_POINT('',(-0.0192679408848491,0.00592895384230458,0.0253434712882396));
#3920=CARTESIAN_POINT('',(-0.0198175904667497,0.0065908809713413,0.025557212760312));
#3921=CARTESIAN_POINT('',(-0.0205183388039745,0.00720075756417176,0.0261149189167479));
#3922=CARTESIAN_POINT('',(-0.020864985480996,0.00735000023841858,0.0267392412486572));
#3923=CARTESIAN_POINT('',(-0.0209643684251308,0.00735000023841858,0.0270812740325253));
#3924=CARTESIAN_POINT('',(-0.0185252477504029,0.00495886862949051,0.0252499984741211));
#3925=CARTESIAN_POINT('',(-0.0185252477504029,0.00694174300741148,0.0252499984741211));
#3926=CARTESIAN_POINT('',(-0.0185252477504029,0.001739999165535,0.0252499984741211));
#3927=CARTESIAN_POINT('',(-0.0185252477504029,0.001739999165535,0.0277899984741211));
#3928=CARTESIAN_POINT('',(-0.0192652513504028,0.000999995565535018,0.0253601847627459));
#3929=CARTESIAN_POINT('',(-0.0192652513504028,-0.026200000834465,0.0253601847627459));
#3930=CARTESIAN_POINT('',(-0.0192652513504028,-0.026200000834465,0.0253601847627459));
#3931=CARTESIAN_POINT('',(-0.0185252477504029,-0.026200000834465,0.0277899984741211));
#3932=CARTESIAN_POINT('',(-0.00956401199191835,-0.013500000834465,0.0379499984741211));
#3933=CARTESIAN_POINT('',(-0.0187792477504028,-0.013500000834465,0.0379499984741211));
#3934=CARTESIAN_POINT('',(-0.0187792477504028,0.00506400023841858,0.0379499984741211));
#3935=CARTESIAN_POINT('',(-0.0187792477504028,-0.0282540019073486,0.0379499984741211));
#3936=CARTESIAN_POINT('',(-0.00956401199191835,-0.0282540019073486,0.0379499984741211));
#3937=CARTESIAN_POINT('',(0.00564874504959716,-0.0282540019073486,0.0379499984741211));
#3938=CARTESIAN_POINT('',(0.00564874504959716,0.00735000023841858,0.0379499984741211));
#3939=CARTESIAN_POINT('',(0.00564874504959716,0.00506400023841858,0.0379499984741211));
#3940=CARTESIAN_POINT('',(-0.00956401199191835,0.00506400023841858,0.0379499984741211));
#3941=CARTESIAN_POINT('',(-0.00655199913633754,-0.022390000834465,0.0379499984741211));
#3942=CARTESIAN_POINT('',(-0.0116187469222722,-0.022390000834465,0.0379499984741211));
#3943=CARTESIAN_POINT('',(-0.00148525135040285,-0.022390000834465,0.0379499984741211));
#3944=CARTESIAN_POINT('',(-0.0116187469222722,-0.019850000834465,0.0379499984741211));
#3945=CARTESIAN_POINT('',(-0.0141587469222722,-0.019850000834465,0.0379499984741211));
#3946=CARTESIAN_POINT('',(-0.0141587469222722,-0.013500000834465,0.0379499984741211));
#3947=CARTESIAN_POINT('',(-0.0141587469222722,-0.00715000083446501,0.0379499984741211));
#3948=CARTESIAN_POINT('',(-0.0116187469222722,-0.00715000083446501,0.0379499984741211));
#3949=CARTESIAN_POINT('',(-0.0116187469222722,-0.00461000083446501,0.0379499984741211));
#3950=CARTESIAN_POINT('',(-0.00655199913633754,-0.00461000083446501,0.0379499984741211));
#3951=CARTESIAN_POINT('',(-0.00148525135040285,-0.00461000083446501,0.0379499984741211));
#3952=CARTESIAN_POINT('',(-0.00148525135040285,-0.00715000083446501,0.0379499984741211));
#3953=CARTESIAN_POINT('',(0.00105474864959715,-0.00715000083446501,0.0379499984741211));
#3954=CARTESIAN_POINT('',(0.00105474864959715,-0.013500000834465,0.0379499984741211));
#3955=CARTESIAN_POINT('',(0.00105474864959715,-0.019850000834465,0.0379499984741211));
#3956=CARTESIAN_POINT('',(-0.00148525135040285,-0.019850000834465,0.0379499984741211));
#3957=CARTESIAN_POINT('',(-0.00956401199191835,-0.013500000834465,0.0252499984741211));
#3958=CARTESIAN_POINT('',(-0.00656525135040285,-0.026200000834465,0.0252499984741211));
#3959=CARTESIAN_POINT('',(-0.03204125182724,-0.0134999999403953,0.00571199895095825));
#3960=CARTESIAN_POINT('',(-0.0322697587374615,-0.0167892247400951,0.00343744831578192));
#3961=CARTESIAN_POINT('',(-0.0327626242720422,-0.016822632571614,0.00348696279073797));
#3962=CARTESIAN_POINT('',(-0.0332100362289134,-0.0169572930745616,0.00369035454096839));
#3963=CARTESIAN_POINT('',(-0.0335653747012629,-0.0170915843636609,0.0040082250619459));
#3964=CARTESIAN_POINT('',(-0.0322697587374615,-0.0167892247400951,0.00343744831578193));
#3965=CARTESIAN_POINT('',(-0.0335653324740361,-0.0170916267219053,0.00400825437246326));
#3966=CARTESIAN_POINT('',(-0.03432725182724,-0.0190135924384881,0.00571199895095825));
#3967=CARTESIAN_POINT('',(-0.03432725182724,-0.0190135924384881,0.00532755705406003));
#3968=CARTESIAN_POINT('',(-0.0341360435950165,-0.0190087061586136,0.00456967876296199));
#3969=CARTESIAN_POINT('',(-0.0333232554936129,-0.0187577079248366,0.00372170592574212));
#3970=CARTESIAN_POINT('',(-0.0324886289004357,-0.0179342246465545,0.00344460996451023));
#3971=CARTESIAN_POINT('',(-0.0322782147641358,-0.0171739072478279,0.00343829782886737));
#3972=CARTESIAN_POINT('',(-0.0322697587374616,-0.0167892247400951,0.00343744831578194));
#3973=CARTESIAN_POINT('',(-0.03432725182724,-0.0190135924384881,0.00571199895095825));
#3974=CARTESIAN_POINT('',(-0.03432725182724,-0.0134999999403953,0.00571199895095825));
#3975=CARTESIAN_POINT('',(-0.03432725182724,-0.0173752963572517,0.00571199895095825));
#3976=CARTESIAN_POINT('',(-0.0335653770529774,-0.0170915715713677,0.00400822716564583));
#3977=CARTESIAN_POINT('',(-0.0340369681008103,-0.0172646613370139,0.00443009341465302));
#3978=CARTESIAN_POINT('',(-0.0343272514191502,-0.0174142788546298,0.00505564979376475));
#3979=CARTESIAN_POINT('',(-0.0343272518272396,-0.0173752964416694,0.00571199752961993));
#3980=CARTESIAN_POINT('',(-0.03204125182724,-0.0134999999403953,0.00571199895095825));
#3981=CARTESIAN_POINT('',(-0.03432725182724,-0.0134999999403953,0.00571199895095825));
#3982=CARTESIAN_POINT('',(-0.03432725182724,-0.00798640744230266,0.00571199895095825));
#3983=CARTESIAN_POINT('',(-0.0343272518272396,-0.00962470356345789,0.00571199804425585));
#3984=CARTESIAN_POINT('',(-0.0322697587241793,-0.0102107757449404,0.00343744831444757));
#3985=CARTESIAN_POINT('',(-0.0322782070604253,-0.00982643846614512,0.00343829705488398));
#3986=CARTESIAN_POINT('',(-0.0324862397142814,-0.00907248360731275,0.00344476929093147));
#3987=CARTESIAN_POINT('',(-0.0333154536106445,-0.00824640700092229,0.0037172746932398));
#3988=CARTESIAN_POINT('',(-0.0341340179604138,-0.00799108787517912,0.00456329646418447));
#3989=CARTESIAN_POINT('',(-0.03432725182724,-0.00798640744230267,0.00532724104893752));
#3990=CARTESIAN_POINT('',(-0.03432725182724,-0.00798640744230267,0.00571199895095825));
#3991=CARTESIAN_POINT('',(-0.0322697587241794,-0.0102107757449404,0.00343744831444756));
#3992=CARTESIAN_POINT('',(-0.0335653022753057,-0.00990844355943519,0.00400816027556947));
#3993=CARTESIAN_POINT('',(-0.0332100139605395,-0.0100427113408999,0.00369036181076561));
#3994=CARTESIAN_POINT('',(-0.0327624812612413,-0.0101773776337953,0.00348694842061745));
#3995=CARTESIAN_POINT('',(-0.0322697587241792,-0.0102107757449404,0.00343744831444756));
#3996=CARTESIAN_POINT('',(-0.0335653325007582,-0.00990842881379109,0.00400812025429473));
#3997=CARTESIAN_POINT('',(-0.0343272518272393,-0.00962470350960606,0.00571199713755345));
#3998=CARTESIAN_POINT('',(-0.0343272513071187,-0.00958576139463672,0.00505632677903427));
#3999=CARTESIAN_POINT('',(-0.0340366857257618,-0.00973544820024568,0.00442980469351957));
#4000=CARTESIAN_POINT('',(-0.0335653045235191,-0.00990845502350525,0.00400816228655515));
#4001=CARTESIAN_POINT('',(-0.034555206638808,-0.0167389864058127,-0.0245140010490418));
#4002=CARTESIAN_POINT('',(-0.034555206638808,-0.0167389864058127,0.000885998950958249));
#4003=CARTESIAN_POINT('',(-0.03432725182724,-0.0190135924384881,0.00088599895095825));
#4004=CARTESIAN_POINT('',(-0.03356525182724,-0.018799516791673,0.00088599895095825));
#4005=CARTESIAN_POINT('',(-0.03432725182724,-0.0190135924384881,0.00215599895095825));
#4006=CARTESIAN_POINT('',(-0.0337863275663083,-0.0141038768511661,0.00508408467878545));
#4007=CARTESIAN_POINT('',(-0.032269206638808,-0.0167389864058127,0.00335867825260025));
#4008=CARTESIAN_POINT('',(-0.032269206638808,-0.0167389864058127,-0.0245140010490418));
#4009=CARTESIAN_POINT('',(-0.032269206638808,-0.0167389864058127,-0.00117453143490199));
#4010=CARTESIAN_POINT('',(-0.03356525182724,-0.018799516791673,0.00088599895095825));
#4011=CARTESIAN_POINT('',(-0.03356525182724,-0.018799516791673,0.000574379776734546));
#4012=CARTESIAN_POINT('',(-0.0334368806937451,-0.0187456734847598,-4.15883515745015E-5));
#4013=CARTESIAN_POINT('',(-0.0329198197569193,-0.0183995484609373,-0.000769581494962473));
#4014=CARTESIAN_POINT('',(-0.0323974724386488,-0.017668320030522,-0.00112128963371276));
#4015=CARTESIAN_POINT('',(-0.032269206638808,-0.0170507414578555,-0.00117453143490199));
#4016=CARTESIAN_POINT('',(-0.032269206638808,-0.0167389864058127,-0.00117453143490199));
#4017=CARTESIAN_POINT('',(-0.034555206638808,-0.010261013474978,-0.0245140010490418));
#4018=CARTESIAN_POINT('',(-0.032269206638808,-0.010261013474978,-0.00117453143490199));
#4019=CARTESIAN_POINT('',(-0.032269206638808,-0.0099493943007543,-0.00117453143490199));
#4020=CARTESIAN_POINT('',(-0.0323975777723029,-0.00933342617244525,-0.00112068812798885));
#4021=CARTESIAN_POINT('',(-0.0329146387091288,-0.00860543302905727,-0.000774563104166345));
#4022=CARTESIAN_POINT('',(-0.0334369860273992,-0.00825372489030699,-4.33346737510093E-5));
#4023=CARTESIAN_POINT('',(-0.03356525182724,-0.00820048308911776,0.000574243898915496));
#4024=CARTESIAN_POINT('',(-0.03356525182724,-0.00820048308911776,0.000885998950958248));
#4025=CARTESIAN_POINT('',(-0.032269206638808,-0.010261013474978,-0.00117453143490199));
#4026=CARTESIAN_POINT('',(-0.03356525182724,-0.00820048308911776,0.00088599895095825));
#4027=CARTESIAN_POINT('',(-0.032269206638808,-0.010261013474978,-0.00117453143490198));
#4028=CARTESIAN_POINT('',(-0.032269206638808,-0.0102610134749832,0.00335867917387519));
#4029=CARTESIAN_POINT('',(-0.0337863272893065,-0.0128961237096868,0.00508408497905323));
#4030=CARTESIAN_POINT('',(-0.03432725182724,-0.00798640744230264,0.00215599895095825));
#4031=CARTESIAN_POINT('',(-0.03432725182724,-0.00798640744230264,0.00088599895095825));
#4032=CARTESIAN_POINT('',(-0.034555206638808,-0.010261013474978,0.000885998950958249));
#4033=CARTESIAN_POINT('',(-0.032269206638808,-0.0134999999403953,-0.0245140010490418));
#4034=CARTESIAN_POINT('',(-0.032269206638808,-0.0167389864058127,0.00335867825260022));
#4035=CARTESIAN_POINT('',(-0.032269206638808,-0.0163854094506975,0.00281874408931526));
#4036=CARTESIAN_POINT('',(-0.032269206638808,-0.0154191662285286,0.00193432835924942));
#4037=CARTESIAN_POINT('',(-0.032269206638808,-0.0135025880392141,0.00144528350781031));
#4038=CARTESIAN_POINT('',(-0.032269206638808,-0.0115820759876136,0.00193285821970497));
#4039=CARTESIAN_POINT('',(-0.032269206638808,-0.0106145902774067,0.00281874490861213));
#4040=CARTESIAN_POINT('',(-0.032269206638808,-0.0102610134749885,0.00335867917387519));
#4041=CARTESIAN_POINT('',(-0.032269206638808,-0.0135000001248859,-0.00117453143490198));
#4042=CARTESIAN_POINT('',(-0.03356525182724,-0.0134999999403953,0.0162429987125397));
#4043=CARTESIAN_POINT('',(-0.03356525182724,-0.0165063239178241,0.0127187099368666));
#4044=CARTESIAN_POINT('',(-0.03356525182724,-0.0164170638617369,0.013438433662905));
#4045=CARTESIAN_POINT('',(-0.03356525182724,-0.0153607425314236,0.0219557857171149));
#4046=CARTESIAN_POINT('',(-0.03356525182724,-0.0134999999403953,0.013438433662905));
#4047=CARTESIAN_POINT('',(-0.03356525182724,-0.01058293693232,0.013438433662905));
#4048=CARTESIAN_POINT('',(-0.03356525182724,-0.010493676891178,0.0127187098412354));
#4049=CARTESIAN_POINT('',(-0.03356525182724,-0.0116392577614371,0.0219557857399333));
#4050=CARTESIAN_POINT('',(-0.03356525182724,-0.0135000002384186,0.0217249995185374));
#4051=CARTESIAN_POINT('',(-0.03432725182724,-0.0134999999403953,0.0162429987125397));
#4052=CARTESIAN_POINT('',(-0.03432725182724,-0.0134999999872807,0.00548183233139275));
#4053=CARTESIAN_POINT('',(-0.03432725182724,-0.009650510542027,0.00595240876024215));
#4054=CARTESIAN_POINT('',(-0.03432725182724,-0.010493676891178,0.0127187098412354));
#4055=CARTESIAN_POINT('',(-0.03432725182724,-0.01058293693232,0.013438433662905));
#4056=CARTESIAN_POINT('',(-0.03432725182724,-0.0134999999403953,0.013438433662905));
#4057=CARTESIAN_POINT('',(-0.03432725182724,-0.0164170638617369,0.013438433662905));
#4058=CARTESIAN_POINT('',(-0.03432725182724,-0.0165063239178241,0.0127187099368666));
#4059=CARTESIAN_POINT('',(-0.03432725182724,-0.0173494899897027,0.00595240869473501));
#4060=CARTESIAN_POINT('',(-0.03432725182724,-0.0134999999872807,0.00548183233139275));
#4061=CARTESIAN_POINT('',(-0.03432725182724,-0.0229999995231628,0.00088599895095825));
#4062=CARTESIAN_POINT('',(-0.03432725182724,-0.0207139995231628,0.00088599895095825));
#4063=CARTESIAN_POINT('',(-0.03432725182724,-0.0207139995231628,0.0285999897509583));
#4064=CARTESIAN_POINT('',(-0.03432725182724,-0.0207139995231628,0.0315999984741211));
#4065=CARTESIAN_POINT('',(-0.03432725182724,-0.0200000003973643,0.0315999984741211));
#4066=CARTESIAN_POINT('',(-0.03432725182724,-0.00628600035762787,0.0315999984741211));
#4067=CARTESIAN_POINT('',(-0.03432725182724,-0.00628600035762787,0.0110917159489223));
#4068=CARTESIAN_POINT('',(-0.03432725182724,-0.00628600035762787,0.00088599895095825));
#4069=CARTESIAN_POINT('',(-0.03432725182724,-0.0229999995231628,0.00088599895095825));
#4070=CARTESIAN_POINT('',(-0.03432725182724,-0.00628600035762787,0.0110917159489223));
#4071=CARTESIAN_POINT('',(-0.03356525182724,-0.00628600035762787,0.0110917159489223));
#4072=CARTESIAN_POINT('',(-0.03356525182724,-0.00628600035762787,0.0315999984741211));
#4073=CARTESIAN_POINT('',(-0.03356525182724,-0.00628600035762787,0.00088599895095825));
#4074=CARTESIAN_POINT('',(-0.03432725182724,-0.00628600035762787,0.00088599895095825));
#4075=CARTESIAN_POINT('',(-0.03432725182724,-0.00628600035762787,0.0315999984741211));
#4076=CARTESIAN_POINT('',(-0.03432725182724,-0.0207139995231628,0.0285999897509583));
#4077=CARTESIAN_POINT('',(-0.03356525182724,-0.0207139995231628,0.0285999897509583));
#4078=CARTESIAN_POINT('',(-0.03356525182724,-0.0207139995231628,0.0315999984741211));
#4079=CARTESIAN_POINT('',(-0.03356525182724,-0.0207139995231628,0.00088599895095825));
#4080=CARTESIAN_POINT('',(-0.03432725182724,-0.0207139995231628,0.0315999984741211));
#4081=CARTESIAN_POINT('',(-0.03432725182724,-0.0207139995231628,0.00088599895095825));
#4082=CARTESIAN_POINT('',(-0.03432725182724,-0.0229999995231628,0.00088599895095825));
#4083=CARTESIAN_POINT('',(-0.03356525182724,-0.0229999995231628,0.00088599895095825));
#4084=CARTESIAN_POINT('',(-0.03432725182724,-0.0134999999403953,0.013438433662905));
#4085=CARTESIAN_POINT('',(-0.03432725182724,-0.0164170638617369,0.013438433662905));
#4086=CARTESIAN_POINT('',(-0.03432725182724,-0.01058293693232,0.013438433662905));
#4087=CARTESIAN_POINT('',(-0.00656525135040285,0.000469999165534996,-0.0664705748967746));
#4088=CARTESIAN_POINT('',(-0.00186625135040284,0.000469999165534996,0.0206779984741211));
#4089=CARTESIAN_POINT('',(-0.00186625135040284,0.000469999165534996,0.0199159984741211));
#4090=CARTESIAN_POINT('',(-0.00110425135040284,0.000469999165534996,0.0206779984741211));
#4091=CARTESIAN_POINT('',(-0.00656525135040284,0.000469999165534996,0.0199159984741211));
#4092=CARTESIAN_POINT('',(-0.0112642513504028,0.000469999165534996,0.0199159984741211));
#4093=CARTESIAN_POINT('',(-0.0112642513504028,0.000469999165534996,0.0206779984741211));
#4094=CARTESIAN_POINT('',(-0.0120262513504028,0.000469999165534996,0.0206779984741211));
#4095=CARTESIAN_POINT('',(-0.0120262513504028,0.000469999165534996,0.0161059984741211));
#4096=CARTESIAN_POINT('',(-0.0120262513504028,0.000469999165534996,0.0257579984741211));
#4097=CARTESIAN_POINT('',(-0.0112642513504028,0.000469999165534996,0.0257579984741211));
#4098=CARTESIAN_POINT('',(-0.0112642513504028,0.000469999165534996,0.0265199984741211));
#4099=CARTESIAN_POINT('',(-0.00656525135040284,0.000469999165534996,0.0265199984741211));
#4100=CARTESIAN_POINT('',(-0.00186625135040284,0.000469999165534996,0.0265199984741211));
#4101=CARTESIAN_POINT('',(-0.00186625135040284,0.000469999165534996,0.0257579984741211));
#4102=CARTESIAN_POINT('',(-0.00110425135040284,0.000469999165534996,0.0257579984741211));
#4103=CARTESIAN_POINT('',(-0.00110425135040284,0.000469999165534996,0.0161059984741211));
#4104=CARTESIAN_POINT('',(0.00613474864959715,0.000469999165534996,-0.0664705748967746));
#4105=CARTESIAN_POINT('',(0.00613474864959715,0.000469999165534996,0.0255902939485087));
#4106=CARTESIAN_POINT('',(0.00613474864959715,0.000469999165534996,0.0366799984741211));
#4107=CARTESIAN_POINT('',(-0.00656525135040285,0.000469999165534996,0.0366799984741211));
#4108=CARTESIAN_POINT('',(-0.0192652513504028,0.000469999165534996,0.0366799984741211));
#4109=CARTESIAN_POINT('',(-0.0192652513504028,0.000469999165534996,-0.0664705748967746));
#4110=CARTESIAN_POINT('',(-0.0192652513504028,0.000469999165534996,0.0255902939485087));
#4111=CARTESIAN_POINT('',(-0.00956401199191835,0.000469999165534996,0.0255902939485087));
#4112=CARTESIAN_POINT('',(-0.0183762513504029,0.000469999165534986,0.0255902939485087));
#4113=CARTESIAN_POINT('',(-0.0183762513504029,0.000469999165534996,0.0227099984741211));
#4114=CARTESIAN_POINT('',(-0.0154959558760153,0.000469999165535,0.0227099984741211));
#4115=CARTESIAN_POINT('',(-0.0154959558760153,0.000469999165534996,0.0161059984741211));
#4116=CARTESIAN_POINT('',(-0.0154959558760153,0.000469999165534996,0.0209319984741211));
#4117=CARTESIAN_POINT('',(-0.0132962513504028,0.000469999165534996,0.0209319984741211));
#4118=CARTESIAN_POINT('',(-0.0132962513504028,0.000469999165534996,0.0187322939485086));
#4119=CARTESIAN_POINT('',(-0.00656525135040284,0.000469999165534996,0.0187322939485086));
#4120=CARTESIAN_POINT('',(0.000165748649597161,0.000469999165534996,0.0187322939485086));
#4121=CARTESIAN_POINT('',(0.000165748649597161,0.000469999165534996,0.0209319984741211));
#4122=CARTESIAN_POINT('',(0.00236545317520964,0.000469999165534996,0.0209319984741211));
#4123=CARTESIAN_POINT('',(0.00236545317520964,0.000469999165534996,0.0252499984741211));
#4124=CARTESIAN_POINT('',(0.00236545317520963,0.000469999165534996,0.0227099984741211));
#4125=CARTESIAN_POINT('',(0.00524574864959716,0.000469999165534996,0.0227099984741211));
#4126=CARTESIAN_POINT('',(0.00524574864959716,0.000469999165534995,0.0255902939485087));
#4127=CARTESIAN_POINT('',(-0.00956401199191835,0.000469999165534996,0.0255902939485087));
#4128=CARTESIAN_POINT('',(0.00564874504959716,-0.013500000834465,0.0356639984741211));
#4129=CARTESIAN_POINT('',(0.00564874504959716,0.00506400023841858,0.0356639984741211));
#4130=CARTESIAN_POINT('',(0.00793474504959716,0.00735000023841858,0.0356639984741211));
#4131=CARTESIAN_POINT('',(0.00564874504959716,-0.0282540019073486,0.0356639984741211));
#4132=CARTESIAN_POINT('',(0.00793474504959716,-0.0305400019073486,0.0356639984741211));
#4133=CARTESIAN_POINT('',(-0.00656525135040285,0.00506400023841858,0.0356639984741211));
#4134=CARTESIAN_POINT('',(-0.0187792477504028,0.00506400023841858,0.0356639984741211));
#4135=CARTESIAN_POINT('',(-0.0210652477504028,0.00735000023841858,0.0356639984741211));
#4136=CARTESIAN_POINT('',(-0.00656525135040285,0.00735000023841858,0.0356639984741211));
#4137=CARTESIAN_POINT('',(-0.0187792477504028,-0.013500000834465,0.0356639984741211));
#4138=CARTESIAN_POINT('',(-0.0187792477504028,-0.0282540019073486,0.0356639984741211));
#4139=CARTESIAN_POINT('',(-0.0210652477504028,-0.013500000834465,0.0356639984741211));
#4140=CARTESIAN_POINT('',(-0.000565251350402832,-0.0282540019073486,0.0356639984741211));
#4141=CARTESIAN_POINT('',(-0.0209549520248046,-0.0249331552503459,0.0270477600746277));
#4142=CARTESIAN_POINT('',(-0.021035755424535,-0.0249929848600317,0.0272846517503737));
#4143=CARTESIAN_POINT('',(-0.021076381100434,-0.0250536544450265,0.0275389607734339));
#4144=CARTESIAN_POINT('',(-0.0210720242410037,-0.0251101126441691,0.0277899984741211));
#4145=CARTESIAN_POINT('',(-0.0209509160206962,-0.0250506138917309,0.0270358427789514));
#4146=CARTESIAN_POINT('',(-0.0210047817963782,-0.02508997882965,0.0271985076487745));
#4147=CARTESIAN_POINT('',(-0.0210442232079199,-0.0251293756392028,0.0273660501094647));
#4148=CARTESIAN_POINT('',(-0.0210675062489116,-0.025168658874851,0.0275378380640634));
#4149=CARTESIAN_POINT('',(-0.020947183112894,-0.0251683070198705,0.0270245108411235));
#4150=CARTESIAN_POINT('',(-0.0209734120131646,-0.0251879810853548,0.0271061605134513));
#4151=CARTESIAN_POINT('',(-0.0209996408616889,-0.0252076551727489,0.0271878102159554));
#4152=CARTESIAN_POINT('',(-0.0210258696565817,-0.0252273292828512,0.0272694599497354));
#4153=CARTESIAN_POINT('',(-0.0209435357261025,-0.0252859995231628,0.0270131566198249));
#4154=CARTESIAN_POINT('',(-0.0209435357261025,-0.0252859995231628,0.0270131566198249));
#4155=CARTESIAN_POINT('',(-0.0209435357261025,-0.0252859995231628,0.0270131566198249));
#4156=CARTESIAN_POINT('',(-0.0209435357261025,-0.0252859995231628,0.027013156619825));
#4157=CARTESIAN_POINT('',(-0.0209563978179183,-0.0249342257651754,0.0270519987125397));
#4158=CARTESIAN_POINT('',(-0.0209518751164633,-0.0250514402787464,0.0270387394891634));
#4159=CARTESIAN_POINT('',(-0.0209476502799357,-0.0251687201156456,0.0270259651161813));
#4160=CARTESIAN_POINT('',(-0.0209435357261025,-0.0252859995231628,0.0270131566198249));
#4161=CARTESIAN_POINT('',(-0.0209563978179183,-0.0249342257651754,0.0270519987125397));
#4162=CARTESIAN_POINT('',(-0.0210720242410037,-0.0251101126441691,0.0277899984741211));
#4163=CARTESIAN_POINT('',(-0.0210689471045961,-0.0251499876006305,0.0276182559076734));
#4164=CARTESIAN_POINT('',(-0.0210521232424818,-0.0252086191129902,0.0273511866625148));
#4165=CARTESIAN_POINT('',(-0.0209435357261026,-0.0252859995231628,0.0270131566198249));
#4166=CARTESIAN_POINT('',(-0.0210720242410037,-0.0251101126441691,0.0277899984741211));
#4167=CARTESIAN_POINT('',(-0.0187928007316045,-0.0249342257651754,0.0277899984741211));
#4168=CARTESIAN_POINT('',(-0.0210720242410037,-0.0251101126441691,0.0277899984741211));
#4169=CARTESIAN_POINT('',(-0.0210786140496443,-0.0250247188566273,0.027410300566589));
#4170=CARTESIAN_POINT('',(-0.0209563978179184,-0.0249342257651754,0.0270519987125397));
#4171=CARTESIAN_POINT('',(-0.0210838465012969,-0.0249569143285883,0.0278593172948923));
#4172=CARTESIAN_POINT('',(-0.0211019743074831,-0.0247970213601617,0.0274599521582577));
#4173=CARTESIAN_POINT('',(-0.0209682200909833,-0.0246278291353433,0.0270866581215104));
#4174=CARTESIAN_POINT('',(-0.0211338252837844,-0.0246862161835193,0.0281383164110634));
#4175=CARTESIAN_POINT('',(-0.0212020294139705,-0.0243959865120817,0.0276608188808989));
#4176=CARTESIAN_POINT('',(-0.0210181988549226,-0.0240864328432659,0.0272261576816456));
#4177=CARTESIAN_POINT('',(-0.0213096145351709,-0.0242049419939398,0.0288357268316036));
#4178=CARTESIAN_POINT('',(-0.0215436293345373,-0.0237177225437457,0.0281340027825491));
#4179=CARTESIAN_POINT('',(-0.0211939881154248,-0.0231238844651076,0.027574862890937));
#4180=CARTESIAN_POINT('',(-0.0216621015029279,-0.0236818855113035,0.0297371801812239));
#4181=CARTESIAN_POINT('',(-0.0222113384453381,-0.0230828322132009,0.028653852401313));
#4182=CARTESIAN_POINT('',(-0.0215464750786727,-0.0220777714989771,0.028025589566013));
#4183=CARTESIAN_POINT('',(-0.0222131592267219,-0.0232655350510309,0.030473350249824));
#4184=CARTESIAN_POINT('',(-0.0229388402101783,-0.0228949568357751,0.0287708552278896));
#4185=CARTESIAN_POINT('',(-0.022097532803807,-0.0212450705799092,0.0283936746009694));
#4186=CARTESIAN_POINT('',(-0.0227767728505318,-0.0230577508928931,0.0308231061398822));
#4187=CARTESIAN_POINT('',(-0.0232222082847775,-0.0229696063344825,0.0286566845169255));
#4188=CARTESIAN_POINT('',(-0.0226611464273738,-0.0208295022608983,0.0285685525443951));
#4189=CARTESIAN_POINT('',(-0.0230797750541187,-0.0230108184461858,0.0308859989464106));
#4190=CARTESIAN_POINT('',(-0.0232352233315472,-0.0230029457547569,0.0286078681285484));
#4191=CARTESIAN_POINT('',(-0.0229641486311301,-0.0207356373730164,0.0285999989509583));
#4192=CARTESIAN_POINT('',(-0.0232356213273175,-0.0230029256018268,0.0308859989509583));
#4193=CARTESIAN_POINT('',(-0.0232356213273175,-0.0230029256018268,0.0285999989509583));
#4194=CARTESIAN_POINT('',(-0.0231199949042322,-0.0207198516804908,0.0285999989509583));
#4195=CARTESIAN_POINT('',(-0.0231199949042322,-0.0207198516804908,0.0308859989509583));
#4196=CARTESIAN_POINT('',(-0.0232356213273175,-0.0230029256018268,0.0308859989509583));
#4197=CARTESIAN_POINT('',(-0.0231199949042322,-0.0207198516804908,0.0285999989509583));
#4198=CARTESIAN_POINT('',(-0.0209563978179184,-0.0249342257651754,0.0270519987125397));
#4199=CARTESIAN_POINT('',(-0.0209618426374471,-0.0247931129398762,0.0270679613134526));
#4200=CARTESIAN_POINT('',(-0.0209809319073423,-0.0244884935225779,0.0271223367484882));
#4201=CARTESIAN_POINT('',(-0.0210156721650959,-0.0241801725202845,0.0272091244922195));
#4202=CARTESIAN_POINT('',(-0.0210544611591025,-0.0239133745393725,0.0272942135072942));
#4203=CARTESIAN_POINT('',(-0.0210921707549388,-0.0236888603351525,0.0273710892826415));
#4204=CARTESIAN_POINT('',(-0.021183844529287,-0.0232382343769742,0.0275380378559194));
#4205=CARTESIAN_POINT('',(-0.0213333891212233,-0.0227146091483311,0.0277516058571052));
#4206=CARTESIAN_POINT('',(-0.0215700316827112,-0.0221165800666843,0.0280101605336904));
#4207=CARTESIAN_POINT('',(-0.0219036195342316,-0.0215417940352693,0.0282621194360677));
#4208=CARTESIAN_POINT('',(-0.0222272241526372,-0.0211532209043455,0.0284321788761652));
#4209=CARTESIAN_POINT('',(-0.0226794848351414,-0.0208176895564093,0.0285737345379567));
#4210=CARTESIAN_POINT('',(-0.0229719219251071,-0.0207348500148962,0.0285999989509583));
#4211=CARTESIAN_POINT('',(-0.0231199949042322,-0.0207198516804908,0.0285999989509583));
#4212=CARTESIAN_POINT('',(-0.0232356213273175,-0.0230029256018268,0.0308859989509583));
#4213=CARTESIAN_POINT('',(-0.0230979588228223,-0.0230098975280702,0.0308859989509583));
#4214=CARTESIAN_POINT('',(-0.0228165012716164,-0.0230491454343204,0.0308313442171008));
#4215=CARTESIAN_POINT('',(-0.0224626765209699,-0.0231700799301275,0.030626043126426));
#4216=CARTESIAN_POINT('',(-0.0221889202484358,-0.0233128446380293,0.0303802351595509));
#4217=CARTESIAN_POINT('',(-0.0219904085134967,-0.0234441386847175,0.0301535393630358));
#4218=CARTESIAN_POINT('',(-0.0218358092582508,-0.0235707363439697,0.0299346170551217));
#4219=CARTESIAN_POINT('',(-0.0217295316631534,-0.0236741749517308,0.0297552220242015));
#4220=CARTESIAN_POINT('',(-0.0216770698287923,-0.0237287642585094,0.0296603870518831));
#4221=CARTESIAN_POINT('',(-0.0216208607651052,-0.023791840215769,0.0295506257431431));
#4222=CARTESIAN_POINT('',(-0.0216340474942982,-0.0237770731770988,0.0295761819025979));
#4223=CARTESIAN_POINT('',(-0.0216216193681018,-0.0237911955233939,0.029550863114432));
#4224=CARTESIAN_POINT('',(-0.0215998410301588,-0.0238165494110805,0.0295044638682571));
#4225=CARTESIAN_POINT('',(-0.0215297565620426,-0.0239014436810044,0.0293528734792451));
#4226=CARTESIAN_POINT('',(-0.021428447061561,-0.0240440308510898,0.0291118789775037));
#4227=CARTESIAN_POINT('',(-0.0213466279597761,-0.0241855604575181,0.0288864180165259));
#4228=CARTESIAN_POINT('',(-0.0213015199184439,-0.0242725048418711,0.028751332315391));
#4229=CARTESIAN_POINT('',(-0.0212612828931166,-0.0243588777754475,0.0286197975542085));
#4230=CARTESIAN_POINT('',(-0.0212467761976992,-0.0243930913473694,0.0285688090999785));
#4231=CARTESIAN_POINT('',(-0.0212214754094363,-0.0244540689418292,0.0284790152473563));
#4232=CARTESIAN_POINT('',(-0.0211956134350081,-0.0245241433757051,0.0283798065723882));
#4233=CARTESIAN_POINT('',(-0.0211738329914337,-0.0245875711902848,0.028291904624004));
#4234=CARTESIAN_POINT('',(-0.0211275634790292,-0.0247443372739138,0.0280892092497778));
#4235=CARTESIAN_POINT('',(-0.0210909589227804,-0.0249247600815464,0.0279024432818745));
#4236=CARTESIAN_POINT('',(-0.0210765411481482,-0.0250515804727388,0.0278164829464633));
#4237=CARTESIAN_POINT('',(-0.0210720242410036,-0.0251101126441691,0.0277899984741211));
#4238=CARTESIAN_POINT('',(-0.0233512477504028,-0.0252859995231628,0.0308859989509583));
#4239=CARTESIAN_POINT('',(-0.0233512477504028,-0.0207139995231628,0.0308859989509583));
#4240=CARTESIAN_POINT('',(-0.0233512477504028,-0.0229999995231628,0.0308859989509583));
#4241=CARTESIAN_POINT('',(-0.0233512477504028,-0.0207139995231628,0.0285999989509583));
#4242=CARTESIAN_POINT('',(-0.0233512477504028,-0.0252859995231628,0.0285999989509583));
#4243=CARTESIAN_POINT('',(-0.0233512477504028,-0.0252859995231628,0.0308859989509583));
#4244=CARTESIAN_POINT('',(-0.0137874785131878,-0.0207139995231628,0.0308859989509583));
#4245=CARTESIAN_POINT('',(-0.02627925182724,-0.0207139995231628,0.0308859989509583));
#4246=CARTESIAN_POINT('',(-0.02627925182724,-0.0229999995231628,0.0308859989509583));
#4247=CARTESIAN_POINT('',(-0.02627925182724,-0.0207139995231628,0.0285999989509583));
#4248=CARTESIAN_POINT('',(-0.0137874785131878,-0.0207139995231628,0.0285999989509583));
#4249=CARTESIAN_POINT('',(-0.0340652525424957,-0.0229999995231628,0.0308859989509583));
#4250=CARTESIAN_POINT('',(-0.02627925182724,-0.0207139995231628,0.0263139989509583));
#4251=CARTESIAN_POINT('',(-0.03085125182724,-0.0207139995231628,0.0263139989509583));
#4252=CARTESIAN_POINT('',(-0.03085125182724,-0.0229999995231628,0.0263139989509583));
#4253=CARTESIAN_POINT('',(-0.02856525182724,-0.0207139995231628,0.0263139989509583));
#4254=CARTESIAN_POINT('',(-0.02627925182724,-0.0207139995231628,0.0263139989509583));
#4255=CARTESIAN_POINT('',(-0.02627925182724,-0.0229999995231628,0.0263139989509583));
#4256=CARTESIAN_POINT('',(-0.03085125182724,-0.0207139995231628,0.00709999811649323));
#4257=CARTESIAN_POINT('',(-0.03085125182724,-0.0207139995231628,0.00088599895095825));
#4258=CARTESIAN_POINT('',(-0.02856525182724,-0.0207139995231628,0.00088599895095825));
#4259=CARTESIAN_POINT('',(-0.03085125182724,-0.0229999995231628,-0.00140000104904175));
#4260=CARTESIAN_POINT('',(-0.02856525182724,-0.0207139995231628,0.00709999811649323));
#4261=CARTESIAN_POINT('',(-0.03085125182724,-0.0229999995231628,0.0135999989509583));
#4262=CARTESIAN_POINT('',(-0.03085125182724,-0.0135000001192093,0.00088599895095825));
#4263=CARTESIAN_POINT('',(-0.03085125182724,-0.00628600035762787,0.00088599895095825));
#4264=CARTESIAN_POINT('',(-0.02856525182724,-0.00628600035762787,0.00088599895095825));
#4265=CARTESIAN_POINT('',(-0.03085125182724,-0.00400000035762787,-0.00140000104904175));
#4266=CARTESIAN_POINT('',(-0.02856525182724,-0.0135000001192093,0.00088599895095825));
#4267=CARTESIAN_POINT('',(-0.03085125182724,-0.0133333332339923,-0.00140000104904175));
#4268=CARTESIAN_POINT('',(-0.03085125182724,-0.00628600035762787,0.00709999811649323));
#4269=CARTESIAN_POINT('',(-0.03085125182724,-0.00628600035762787,0.0263139989509583));
#4270=CARTESIAN_POINT('',(-0.03085125182724,-0.00400000035762787,0.0263139989509583));
#4271=CARTESIAN_POINT('',(-0.02856525182724,-0.00628600035762787,0.0263139989509583));
#4272=CARTESIAN_POINT('',(-0.02856525182724,-0.00628600035762787,0.0263139989509583));
#4273=CARTESIAN_POINT('',(-0.03085125182724,-0.00400000035762787,-0.00140000104904175));
#4274=CARTESIAN_POINT('',(-0.02627925182724,-0.00628600035762787,0.0263139989509583));
#4275=CARTESIAN_POINT('',(-0.02627925182724,-0.00628600035762787,0.0308859989509583));
#4276=CARTESIAN_POINT('',(-0.02627925182724,-0.00400000035762787,0.0308859989509583));
#4277=CARTESIAN_POINT('',(-0.02627925182724,-0.00628600035762787,0.0285999989509583));
#4278=CARTESIAN_POINT('',(-0.02627925182724,-0.00628600035762787,0.0263139989509583));
#4279=CARTESIAN_POINT('',(-0.02627925182724,-0.00400000035762787,0.0263139989509583));
#4280=CARTESIAN_POINT('',(-0.0340652525424957,-0.00628600035762787,0.0308859989509583));
#4281=CARTESIAN_POINT('',(-0.0233512477504028,-0.00628600035762787,0.0308859989509583));
#4282=CARTESIAN_POINT('',(-0.0233512477504028,-0.00400000035762787,0.0308859989509583));
#4283=CARTESIAN_POINT('',(-0.0233512477504028,-0.00628600035762787,0.0285999989509583));
#4284=CARTESIAN_POINT('',(-0.0233512477504028,-0.00628600035762787,0.0285999989509583));
#4285=CARTESIAN_POINT('',(-0.02627925182724,-0.00400000035762787,0.0308859989509583));
#4286=CARTESIAN_POINT('',(-0.0233512477504028,-0.00171400035762787,0.0308859989509583));
#4287=CARTESIAN_POINT('',(-0.0231199949042322,-0.00628014820029985,0.0308859989509583));
#4288=CARTESIAN_POINT('',(-0.0232356213273175,-0.00399707427896386,0.0308859989509583));
#4289=CARTESIAN_POINT('',(-0.0231199949042322,-0.00628014820029985,0.0285999989509583));
#4290=CARTESIAN_POINT('',(-0.0233512477504028,-0.00171400035762787,0.0285999989509583));
#4291=CARTESIAN_POINT('',(-0.0233512477504028,-0.00171400035762787,0.0308859989509583));
#4292=CARTESIAN_POINT('',(-0.0232356213273175,-0.00399707427896386,0.0308859989509583));
#4293=CARTESIAN_POINT('',(-0.0232356213273175,-0.00399707427896386,0.0285999989509583));
#4294=CARTESIAN_POINT('',(-0.0231199949042322,-0.00628014820029985,0.0285999989509583));
#4295=CARTESIAN_POINT('',(-0.0230797409029198,-0.00398917970501525,0.0308859989462174));
#4296=CARTESIAN_POINT('',(-0.0232352232444574,-0.00399705412172898,0.0286078698500787));
#4297=CARTESIAN_POINT('',(-0.0229641144799335,-0.0062643590484092,0.0285999989509583));
#4298=CARTESIAN_POINT('',(-0.0227775719059507,-0.00394244302960545,0.0308234014670932));
#4299=CARTESIAN_POINT('',(-0.0232223932207627,-0.00403029767598769,0.0286565339326139));
#4300=CARTESIAN_POINT('',(-0.0226619454827927,-0.00617088570339198,0.0285687002079569));
#4301=CARTESIAN_POINT('',(-0.0222129275577814,-0.0037344476564824,0.0304733688828062));
#4302=CARTESIAN_POINT('',(-0.0229389442558665,-0.00410505883275684,0.0287709077706751));
#4303=CARTESIAN_POINT('',(-0.0220973011348612,-0.00575489495427898,0.0283936839174857));
#4304=CARTESIAN_POINT('',(-0.0216619753926419,-0.003318152632753,0.0297370068723776));
#4305=CARTESIAN_POINT('',(-0.0222110433203157,-0.00391744307744854,0.0286539063073405));
#4306=CARTESIAN_POINT('',(-0.021546348968433,-0.00492230490835476,0.0280255029115814));
#4307=CARTESIAN_POINT('',(-0.0213095054522474,-0.00279421083491636,0.0288349266659513));
#4308=CARTESIAN_POINT('',(-0.0215433614527317,-0.00328087640507481,0.0281333259674198));
#4309=CARTESIAN_POINT('',(-0.0211938790323676,-0.00387442131183289,0.027574462808111));
#4310=CARTESIAN_POINT('',(-0.021134374135982,-0.00231601195707057,0.0281408840357884));
#4311=CARTESIAN_POINT('',(-0.021203096506,-0.00260723643352351,0.0276626012390772));
#4312=CARTESIAN_POINT('',(-0.0210187477073515,-0.00291802355708748,0.0272274414940095));
#4313=CARTESIAN_POINT('',(-0.0210838204511134,-0.00204274798187802,0.0278591645490298));
#4314=CARTESIAN_POINT('',(-0.0211019226993432,-0.0022024754948119,0.0274598424666908));
#4315=CARTESIAN_POINT('',(-0.0209681940402883,-0.00237149560487862,0.0270865817485755));
#4316=CARTESIAN_POINT('',(-0.0210720242410037,-0.0018898872366216,0.0277899984741212));
#4317=CARTESIAN_POINT('',(-0.0210786140496443,-0.00197528102416341,0.027410300566589));
#4318=CARTESIAN_POINT('',(-0.0209563978179183,-0.00206577411561532,0.0270519987125397));
#4319=CARTESIAN_POINT('',(-0.0209559895473356,-0.00206577232966702,0.0270521382323543));
#4320=CARTESIAN_POINT('',(-0.0210370631010225,-0.00200607637219434,0.0272886159914697));
#4321=CARTESIAN_POINT('',(-0.0210764904963088,-0.00194621264382771,0.027539268017316));
#4322=CARTESIAN_POINT('',(-0.0210720676977162,-0.0018898837199813,0.0277899984506366));
#4323=CARTESIAN_POINT('',(-0.0210720242410036,-0.00188988723662161,0.0277899984741211));
#4324=CARTESIAN_POINT('',(-0.0209561940245486,-0.00206578205224304,0.0270520694717043));
#4325=CARTESIAN_POINT('',(-0.0231199949042322,-0.00628014820029985,0.0285999989509583));
#4326=CARTESIAN_POINT('',(-0.0229720400584459,-0.0062651618314624,0.0285999989509583));
#4327=CARTESIAN_POINT('',(-0.0226797405806729,-0.00618234079435531,0.0285737806622023));
#4328=CARTESIAN_POINT('',(-0.0222273858149733,-0.00584693426695675,0.0284322610052935));
#4329=CARTESIAN_POINT('',(-0.021903436710635,-0.00545824298814409,0.0282620414374426));
#4330=CARTESIAN_POINT('',(-0.0215697589218833,-0.00488276427157872,0.0280098599437636));
#4331=CARTESIAN_POINT('',(-0.0213338085136705,-0.00428619463550916,0.0277521129645332));
#4332=CARTESIAN_POINT('',(-0.0211837664128735,-0.00376144000883661,0.0275379461336993));
#4333=CARTESIAN_POINT('',(-0.0210924999303395,-0.00331272821443673,0.0273716164666368));
#4334=CARTESIAN_POINT('',(-0.021055645391835,-0.00309459454421838,0.0272967404070284));
#4335=CARTESIAN_POINT('',(-0.0210149530142285,-0.00281525061966179,0.0272075869224548));
#4336=CARTESIAN_POINT('',(-0.0209811309765996,-0.00251167111409897,0.0271227369881853));
#4337=CARTESIAN_POINT('',(-0.0209618028694016,-0.00220585323229239,0.0270678447037089));
#4338=CARTESIAN_POINT('',(-0.020956398125202,-0.0020657820793668,0.0270519996134038));
#4339=CARTESIAN_POINT('',(-0.0210720242410036,-0.00188988723662162,0.0277899984741211));
#4340=CARTESIAN_POINT('',(-0.0210766763775268,-0.0019501717728712,0.0278172758515693));
#4341=CARTESIAN_POINT('',(-0.0210922747681719,-0.00208238372742812,0.0279083537600407));
#4342=CARTESIAN_POINT('',(-0.0211237461849522,-0.00223782678540024,0.0280691462298696));
#4343=CARTESIAN_POINT('',(-0.0211597716866196,-0.00236530958688129,0.0282304543935201));
#4344=CARTESIAN_POINT('',(-0.0211739460606877,-0.00241103491689522,0.0282914803212746));
#4345=CARTESIAN_POINT('',(-0.0212039036341238,-0.00250220169934026,0.028415044726947));
#4346=CARTESIAN_POINT('',(-0.0212889505183691,-0.00271422285982637,0.0287260218260267));
#4347=CARTESIAN_POINT('',(-0.0214203492407984,-0.00295097549552674,0.0290977980571085));
#4348=CARTESIAN_POINT('',(-0.0216193736009334,-0.00322022973742317,0.0295690455616862));
#4349=CARTESIAN_POINT('',(-0.0218473398265076,-0.00344552962932617,0.0299762109084852));
#4350=CARTESIAN_POINT('',(-0.0220657549375201,-0.0036069427875721,0.0302504839436772));
#4351=CARTESIAN_POINT('',(-0.0222181924732686,-0.00370451640189109,0.0304172250255426));
#4352=CARTESIAN_POINT('',(-0.0224852256611608,-0.00383631936780368,0.0306424398629926));
#4353=CARTESIAN_POINT('',(-0.0228128628206738,-0.0039467208788386,0.0308255716689695));
#4354=CARTESIAN_POINT('',(-0.0230696694387221,-0.00398866963507423,0.0308859989509583));
#4355=CARTESIAN_POINT('',(-0.0232356213273175,-0.00399707427896386,0.0308859989509583));
#4356=CARTESIAN_POINT('',(-0.0188010504339751,-0.00200090522826235,0.0277731524135894));
#4357=CARTESIAN_POINT('',(-0.0210720676977162,-0.00188988371998131,0.0277899984506366));
#4358=CARTESIAN_POINT('',(-0.0210670127869396,-0.00182917337475084,0.0275271289368726));
#4359=CARTESIAN_POINT('',(-0.0210236390928187,-0.00177155409529499,0.0272643193264828));
#4360=CARTESIAN_POINT('',(-0.0209436203532713,-0.0017140002302312,0.0270131296902616));
#4361=CARTESIAN_POINT('',(-0.0209436203618397,-0.00171400046408697,0.0270131297160816));
#4362=CARTESIAN_POINT('',(-0.0209479166007578,-0.00183125782975374,0.0270260760960668));
#4363=CARTESIAN_POINT('',(-0.0209520392586751,-0.00194851545671024,0.0270390777120518));
#4364=CARTESIAN_POINT('',(-0.0209559895473356,-0.00206577232966702,0.0270521382323543));
#4365=CARTESIAN_POINT('',(-0.0231199949042322,-0.013500000834465,0.0263139989509583));
#4366=CARTESIAN_POINT('',(-0.0231199949042322,-0.01351110937198,0.0285999989509583));
#4367=CARTESIAN_POINT('',(-0.0185252477504029,-0.0252859995231628,0.0277899984741211));
#4368=CARTESIAN_POINT('',(-0.0233512477504028,-0.0252859995231628,0.0277899984741211));
#4369=CARTESIAN_POINT('',(-0.0233512477504028,-0.0252859995231628,0.0252499984741211));
#4370=CARTESIAN_POINT('',(-0.0210652477504028,-0.0252859995231628,0.0252499984741211));
#4371=CARTESIAN_POINT('',(-0.0210652477504028,-0.0252859995231628,0.0338859984741211));
#4372=CARTESIAN_POINT('',(-0.0233512477504028,-0.0252859995231628,0.0338859984741211));
#4373=CARTESIAN_POINT('',(-0.0233512477504028,-0.0229999995231628,0.0315999984741211));
#4374=CARTESIAN_POINT('',(-0.0233512477504028,-0.0229999995231628,0.0135999989509583));
#4375=CARTESIAN_POINT('',(-0.0233512477504028,-0.00171400035762787,0.0135999989509583));
#4376=CARTESIAN_POINT('',(-0.0233512477504028,-0.00171400035762787,0.0277899984741211));
#4377=CARTESIAN_POINT('',(-0.0233512477504028,-0.00400000035762787,0.0285999989509583));
#4378=CARTESIAN_POINT('',(-0.0233512477504028,-0.00400000035762787,0.0315999984741211));
#4379=CARTESIAN_POINT('',(-0.0233512477504028,-0.00171400035762787,0.0338859984741211));
#4380=CARTESIAN_POINT('',(-0.0210652477504028,-0.00171400035762787,0.0338859984741211));
#4381=CARTESIAN_POINT('',(-0.0210652477504028,-0.00171400035762787,0.0315999984741211));
#4382=CARTESIAN_POINT('',(-0.0185252477504029,-0.00171400035762787,0.0277899984741211));
#4383=CARTESIAN_POINT('',(-0.0233512477504028,-0.013500000834465,0.0338859984741211));
#4384=CARTESIAN_POINT('',(-0.0210652477504028,-0.0229999995231628,0.0338859984741211));
#4385=CARTESIAN_POINT('',(-0.0233512477504028,-0.00400000035762787,0.0315999984741211));
#4386=CARTESIAN_POINT('',(-0.02627925182724,-0.0135000001192093,0.0263139989509583));
#4387=CARTESIAN_POINT('',(-0.02627925182724,-0.00400000035762787,0.0285999989509583));
#4388=CARTESIAN_POINT('',(-0.02856525182724,-0.0229999995231628,0.0263139989509583));
#4389=CARTESIAN_POINT('',(-0.03127925182724,-0.0207139995231628,0.0135999989509583));
#4390=CARTESIAN_POINT('',(-0.03127925182724,-0.0207139995231628,0.0315999984741211));
#4391=CARTESIAN_POINT('',(-0.03127925182724,-0.0229999995231628,0.0315999984741211));
#4392=CARTESIAN_POINT('',(-0.03127925182724,-0.0207139995231628,0.00088599895095825));
#4393=CARTESIAN_POINT('',(-0.03127925182724,-0.0229999995231628,-0.00140000104904175));
#4394=CARTESIAN_POINT('',(-0.03127925182724,-0.0229999995231628,-0.00140000104904175));
#4395=CARTESIAN_POINT('',(-0.03127925182724,-0.00628600035762787,0.0110917159489223));
#4396=CARTESIAN_POINT('',(-0.03127925182724,-0.00628600035762787,0.0315999984741211));
#4397=CARTESIAN_POINT('',(-0.03127925182724,-0.00400000035762787,0.0315999984741211));
#4398=CARTESIAN_POINT('',(-0.03127925182724,-0.00400000035762787,0.0135999989509583));
#4399=CARTESIAN_POINT('',(-0.03127925182724,-0.00400000035762787,-0.00140000104904175));
#4400=CARTESIAN_POINT('',(-0.03127925182724,-0.00628600035762787,0.00088599895095825));
#4401=CARTESIAN_POINT('',(0.0238947505569458,-0.0135000002384186,0.0033832577189998));
#4402=CARTESIAN_POINT('',(0.0238947505569458,-0.012907099022073,0.00309960123511429));
#4403=CARTESIAN_POINT('',(0.0238947505569458,-0.0106158210656512,0.00200340539202095));
#4404=CARTESIAN_POINT('',(0.0264347505569458,-0.012907099022073,0.00309960123511429));
#4405=CARTESIAN_POINT('',(0.0264347505569458,-0.0135000002384186,0.0033832577189998));
#4406=CARTESIAN_POINT('',(0.0238947505569458,-0.0135000002384186,0.0033832577189998));
#4407=CARTESIAN_POINT('',(0.0238947505569458,-0.00809299016948321,0.0131620928630953));
#4408=CARTESIAN_POINT('',(0.0264347505569458,-0.012384317237442,0.00419232420673573));
#4409=CARTESIAN_POINT('',(0.0264347505569458,-0.0120319642072883,0.00449880459329438));
#4410=CARTESIAN_POINT('',(0.0264347505569458,-0.0118187342604263,0.00494451334259457));
#4411=CARTESIAN_POINT('',(0.0264347505569458,-0.0118011991694528,0.00541116259550806));
#4412=CARTESIAN_POINT('',(0.0264347505569458,-0.012384317237442,0.00419232420673574));
#4413=CARTESIAN_POINT('',(0.0264347505569458,-0.0118011991694528,0.00541116259550805));
#4414=CARTESIAN_POINT('',(0.0264347505569458,-0.00809299016948321,0.0131620928630953));
#4415=CARTESIAN_POINT('',(0.0238947505569458,-0.00435687146339528,0.0150859155514606));
#4416=CARTESIAN_POINT('',(0.0264347505569458,-0.00809299016948321,0.0131620928630953));
#4417=CARTESIAN_POINT('',(0.0171847478032715,0.00100000023841858,0.0061999984741211));
#4418=CARTESIAN_POINT('',(0.00920474504959718,0.00100000023841858,0.0285999989509583));
#4419=CARTESIAN_POINT('',(0.011000796273811,0.00100000023841858,0.0285999989509583));
#4420=CARTESIAN_POINT('',(0.011000796273811,0.00100000023841858,0.0341399984741211));
#4421=CARTESIAN_POINT('',(0.0121847491264343,0.00100000023841858,0.0262828947437097));
#4422=CARTESIAN_POINT('',(0.0171847478032715,-0.0280000019073486,0.0061999984741211));
#4423=CARTESIAN_POINT('',(0.0110621172982953,-0.0280000019073486,0.0061999984741211));
#4424=CARTESIAN_POINT('',(0.0110621172982953,-0.0280000019073486,0.0285999989509583));
#4425=CARTESIAN_POINT('',(0.017178812420335,-0.0280000019073486,0.0285999989509583));
#4426=CARTESIAN_POINT('',(0.0121847491264343,-0.0280000019073486,0.0262828949232708));
#4427=CARTESIAN_POINT('',(0.017178812420335,-0.0280000019073486,0.0285999989509583));
#4428=CARTESIAN_POINT('',(0.0264228797910727,-0.0280000019073488,0.0285999989509583));
#4429=CARTESIAN_POINT('',(0.0264228797910727,-0.028000001907349,0.0341399984741211));
#4430=CARTESIAN_POINT('',(0.0264228797910727,-0.028000001907349,0.0341399984741211));
#4431=CARTESIAN_POINT('',(-0.0132962513504028,0.00481000023841858,0.0315999984741211));
#4432=CARTESIAN_POINT('',(-0.0132962513504028,0.00481000023841858,0.0209319984741211));
#4433=CARTESIAN_POINT('',(-0.0158362513504029,0.00481000023841858,0.0209319984741211));
#4434=CARTESIAN_POINT('',(-0.0132962513504028,0.00735000023841858,0.0209319984741211));
#4435=CARTESIAN_POINT('',(-0.0158362513504029,0.00481000023841858,0.0183919984741211));
#4436=CARTESIAN_POINT('',(-0.0158362513504029,0.00481000023841858,0.0227099984741211));
#4437=CARTESIAN_POINT('',(-0.0132962513504028,0.00481000023841858,0.0227099984741211));
#4438=CARTESIAN_POINT('',(-0.0132962513504028,0.00735000023841858,0.0227099984741211));
#4439=CARTESIAN_POINT('',(-0.0132962513504028,0.00735000023841858,0.0252499984741211));
#4440=CARTESIAN_POINT('',(-0.0183762513504029,0.00481000023841858,0.0227099984741211));
#4441=CARTESIAN_POINT('',(-0.13417089390191,-0.110935215336579,0.0252499984745443));
#4442=CARTESIAN_POINT('',(-0.0183762513504029,0.00481000023841858,0.0252499984741211));
#4443=CARTESIAN_POINT('',(-0.0183762513504029,0.00735000023841858,0.0227099984741211));
#4444=CARTESIAN_POINT('',(-0.0183762513504029,0.00481000023841858,0.0227099984741211));
#4445=CARTESIAN_POINT('',(-0.0132962513504028,0.00481000023841858,0.0209319984741211));
#4446=CARTESIAN_POINT('',(-0.0132962513504028,0.00481000023841858,0.0209319984741211));
#4447=CARTESIAN_POINT('',(-0.0132962513504028,0.00481000023841858,0.0183919984741211));
#4448=CARTESIAN_POINT('',(-0.0132962513504028,0.00481000023841858,0.0209319984741211));
#4449=CARTESIAN_POINT('',(-0.0183762513504029,0.00327499970197679,0.0227099984741211));
#4450=CARTESIAN_POINT('',(-0.0158362513504029,0.00735000023841858,0.0227099984741211));
#4451=CARTESIAN_POINT('',(-0.0158362513504029,0.001739999165535,0.0227099984741211));
#4452=CARTESIAN_POINT('',(-0.0183762513504029,0.001739999165535,0.0227099984741211));
#4453=CARTESIAN_POINT('',(-0.0183762513504029,0.001739999165535,0.0252499984741211));
#4454=CARTESIAN_POINT('',(-0.0183762513504029,-0.000800000834465005,0.0252499984741211));
#4455=CARTESIAN_POINT('',(-0.00656525135040284,0.00481000023841858,0.0209319984741211));
#4456=CARTESIAN_POINT('',(0.000165748649597161,0.00481000023841858,0.0209319984741211));
#4457=CARTESIAN_POINT('',(0.000165748649597161,0.00481000023841858,0.0183919984741211));
#4458=CARTESIAN_POINT('',(0.000165748649597161,0.00735000023841858,0.0209319984741211));
#4459=CARTESIAN_POINT('',(-0.00656525135040284,0.00481000023841858,0.0183919984741211));
#4460=CARTESIAN_POINT('',(-0.00656525135040285,0.00735000023841858,0.0209319984741211));
#4461=CARTESIAN_POINT('',(-0.0120262513504028,0.00735000023841858,0.0209319984741211));
#4462=CARTESIAN_POINT('',(-0.0120262513504028,0.00481000023841858,0.0209319984741211));
#4463=CARTESIAN_POINT('',(-0.0120262513504028,0.0073372683286694,0.0206779984741211));
#4464=CARTESIAN_POINT('',(-0.0112642513504028,0.00713794869145615,0.0199159984741211));
#4465=CARTESIAN_POINT('',(-0.0116733747449118,0.00713794869145615,0.0199159984741211));
#4466=CARTESIAN_POINT('',(-0.0120262513504028,0.00729637865310198,0.0202711513391516));
#4467=CARTESIAN_POINT('',(-0.0120262513504028,0.0073372683286694,0.0206779984741211));
#4468=CARTESIAN_POINT('',(-0.0112642513504028,0.00713794869145615,0.0199159984741211));
#4469=CARTESIAN_POINT('',(-0.00186625135040284,0.00713794869145615,0.0199159984741211));
#4470=CARTESIAN_POINT('',(-0.00186625135040284,0.00713794869145615,0.0199159984741211));
#4471=CARTESIAN_POINT('',(-0.00110425135040284,0.0073372683286694,0.0206779984741211));
#4472=CARTESIAN_POINT('',(-0.00110425135040284,0.00729636369776832,0.0202710025354606));
#4473=CARTESIAN_POINT('',(-0.00145698140992642,0.00713794869145615,0.0199159984741211));
#4474=CARTESIAN_POINT('',(-0.00186625135040284,0.00713794869145615,0.0199159984741211));
#4475=CARTESIAN_POINT('',(-0.00110425135040284,0.0073372683286694,0.0206779984741211));
#4476=CARTESIAN_POINT('',(-0.00110425135040284,0.00481000023841858,0.0209319984741211));
#4477=CARTESIAN_POINT('',(-0.00110425135040284,0.00735000023841858,0.0209319984741211));
#4478=CARTESIAN_POINT('',(-0.00656525135040285,0.00735000023841858,0.0209319984741211));
#4479=CARTESIAN_POINT('',(-0.0132962513504028,0.00327499970197679,0.0209319984741211));
#4480=CARTESIAN_POINT('',(-0.0132962513504028,0.00735000023841858,0.0183919984741211));
#4481=CARTESIAN_POINT('',(-0.0132962513504028,0.001739999165535,0.0183919984741211));
#4482=CARTESIAN_POINT('',(-0.0132962513504028,0.001739999165535,0.0209319984741211));
#4483=CARTESIAN_POINT('',(-0.0158362513504029,0.001739999165535,0.0209319984741211));
#4484=CARTESIAN_POINT('',(-0.0158362513504029,-0.000800000834465005,0.0209319984741211));
#4485=CARTESIAN_POINT('',(0.000165748649597161,0.00481000023841858,0.0209319984741211));
#4486=CARTESIAN_POINT('',(0.000165748649597161,0.00481000023841858,0.0209319984741211));
#4487=CARTESIAN_POINT('',(0.00270574864959716,0.00481000023841858,0.0209319984741211));
#4488=CARTESIAN_POINT('',(0.000165748649597161,0.00481000023841858,0.0209319984741211));
#4489=CARTESIAN_POINT('',(0.000165748649597161,0.00481000023841858,0.0161059984741211));
#4490=CARTESIAN_POINT('',(0.000165748649597161,0.00481000023841858,0.0227099984741211));
#4491=CARTESIAN_POINT('',(0.000165748649597161,0.00735000023841858,0.0227099984741211));
#4492=CARTESIAN_POINT('',(0.00270574864959716,0.00481000023841858,0.0227099984741211));
#4493=CARTESIAN_POINT('',(0.00270574864959716,0.00481000023841858,0.0161059984741211));
#4494=CARTESIAN_POINT('',(0.000165748649597161,0.00735000023841858,0.0315999984741211));
#4495=CARTESIAN_POINT('',(0.000165748649597161,0.00327499970197679,0.0209319984741211));
#4496=CARTESIAN_POINT('',(0.00270574864959716,0.00327499970197679,0.0209319984741211));
#4497=CARTESIAN_POINT('',(0.00270574864959716,0.001739999165535,0.0209319984741211));
#4498=CARTESIAN_POINT('',(0.000165748649597161,0.001739999165535,0.0209319984741211));
#4499=CARTESIAN_POINT('',(0.000165748649597161,0.001739999165535,0.0183919984741211));
#4500=CARTESIAN_POINT('',(0.000165748649597161,0.00327499970197679,0.0183919984741211));
#4501=CARTESIAN_POINT('',(0.00524574864959716,0.00481000023841858,0.0227099984741211));
#4502=CARTESIAN_POINT('',(0.00524574864959716,0.00735000023841858,0.0227099984741211));
#4503=CARTESIAN_POINT('',(0.121040391125749,-0.110935215261198,0.0252499984741211));
#4504=CARTESIAN_POINT('',(0.00524574864959716,0.00481000023841858,0.0252499984741211));
#4505=CARTESIAN_POINT('',(0.00524574864959716,0.00481000023841858,0.0227099984741211));
#4506=CARTESIAN_POINT('',(0.00524574864959716,-0.013500000834465,0.0227099984741211));
#4507=CARTESIAN_POINT('',(0.00524574864959716,-0.013500000834465,0.0252499984741211));
#4508=CARTESIAN_POINT('',(0.00524574864959716,0.00173999916553499,0.0252499984741211));
#4509=CARTESIAN_POINT('',(0.00524574864959716,0.00173999916553499,0.0227099984741211));
#4510=CARTESIAN_POINT('',(0.00270574864959716,0.001739999165535,0.0227099984741211));
#4511=CARTESIAN_POINT('',(0.00270574864959716,0.00327499970197679,0.0227099984741211));
#4512=CARTESIAN_POINT('',(-0.00656525135040284,0.00327499970197679,0.0183919984741211));
#4513=CARTESIAN_POINT('',(-0.0132962513504028,0.001739999165535,0.0183919984741211));
#4514=CARTESIAN_POINT('',(-0.00148525135040285,-0.00715000083446501,0.0366799984741211));
#4515=CARTESIAN_POINT('',(-0.00148525135040285,-0.00715000083446501,0.0366799984741211));
#4516=CARTESIAN_POINT('',(0.00105474864959715,-0.00715000083446501,0.0366799984741211));
#4517=CARTESIAN_POINT('',(-0.00148525135040285,-0.00461000083446501,0.0366799984741211));
#4518=CARTESIAN_POINT('',(0.00105474864959715,-0.00715000083446501,0.0366799984741211));
#4519=CARTESIAN_POINT('',(-0.00148525135040285,-0.00461000083446501,0.0379499984741211));
#4520=CARTESIAN_POINT('',(-0.0116187469222722,-0.00715000083446501,0.0366799984741211));
#4521=CARTESIAN_POINT('',(-0.0116187469222722,-0.00715000083446501,0.0366799984741211));
#4522=CARTESIAN_POINT('',(-0.0116187469222722,-0.00461000083446501,0.0366799984741211));
#4523=CARTESIAN_POINT('',(-0.0141587469222722,-0.00715000083446501,0.0366799984741211));
#4524=CARTESIAN_POINT('',(-0.0116187469222722,-0.00461000083446501,0.0366799984741211));
#4525=CARTESIAN_POINT('',(-0.0141587469222722,-0.00715000083446501,0.0366799984741211));
#4526=CARTESIAN_POINT('',(-0.0116187469222722,-0.019850000834465,0.0366799984741211));
#4527=CARTESIAN_POINT('',(-0.0116187469222722,-0.019850000834465,0.0366799984741211));
#4528=CARTESIAN_POINT('',(-0.0141587469222722,-0.019850000834465,0.0366799984741211));
#4529=CARTESIAN_POINT('',(-0.0116187469222722,-0.022390000834465,0.0366799984741211));
#4530=CARTESIAN_POINT('',(-0.0141587469222722,-0.019850000834465,0.0366799984741211));
#4531=CARTESIAN_POINT('',(-0.0116187469222722,-0.022390000834465,0.0379499984741211));
#4532=CARTESIAN_POINT('',(-0.00148525135040285,-0.019850000834465,0.0366799984741211));
#4533=CARTESIAN_POINT('',(-0.00148525135040285,-0.019850000834465,0.0366799984741211));
#4534=CARTESIAN_POINT('',(-0.00148525135040285,-0.022390000834465,0.0366799984741211));
#4535=CARTESIAN_POINT('',(0.00105474864959715,-0.019850000834465,0.0366799984741211));
#4536=CARTESIAN_POINT('',(-0.00148525135040285,-0.022390000834465,0.0366799984741211));
#4537=CARTESIAN_POINT('',(0.00105474864959715,-0.019850000834465,0.0366799984741211));
#4538=CARTESIAN_POINT('',(0.00105474864959715,-0.013500000834465,0.0366799984741211));
#4539=CARTESIAN_POINT('',(0.00105474864959715,-0.013500000834465,0.0366799984741211));
#4540=CARTESIAN_POINT('',(-0.00655199913633754,-0.00461000083446501,0.0366799984741211));
#4541=CARTESIAN_POINT('',(-0.00655199913633754,-0.00461000083446501,0.0366799984741211));
#4542=CARTESIAN_POINT('',(-0.0141587469222722,-0.013500000834465,0.0366799984741211));
#4543=CARTESIAN_POINT('',(-0.0141587469222722,-0.013500000834465,0.0366799984741211));
#4544=CARTESIAN_POINT('',(-0.00655199913633754,-0.022390000834465,0.0366799984741211));
#4545=CARTESIAN_POINT('',(-0.00655199913633754,-0.022390000834465,0.0366799984741211));
#4546=CARTESIAN_POINT('',(-0.00656525135040285,-0.011595000834465,0.0366799984741211));
#4547=CARTESIAN_POINT('',(0.00613474864959715,-0.013500000834465,0.0366799984741211));
#4548=CARTESIAN_POINT('',(0.00613474864959715,-0.026200000834465,0.0366799984741211));
#4549=CARTESIAN_POINT('',(0.00703474684959716,-0.026200000834465,0.0366799984741211));
#4550=CARTESIAN_POINT('',(0.00105474864959715,-0.026200000834465,0.0366799984741211));
#4551=CARTESIAN_POINT('',(0.00105474864959715,-0.027343000834465,0.0366799984741211));
#4552=CARTESIAN_POINT('',(0.00105474864959715,-0.028486000834465,0.0366799984741211));
#4553=CARTESIAN_POINT('',(-0.00655199913633754,-0.028486000834465,0.0366799984741211));
#4554=CARTESIAN_POINT('',(-0.0141587469222722,-0.028486000834465,0.0366799984741211));
#4555=CARTESIAN_POINT('',(-0.0141587469222722,-0.027343000834465,0.0366799984741211));
#4556=CARTESIAN_POINT('',(-0.0141587469222722,-0.026200000834465,0.0366799984741211));
#4557=CARTESIAN_POINT('',(-0.0201652495504029,-0.026200000834465,0.0366799984741211));
#4558=CARTESIAN_POINT('',(-0.0192652513504028,-0.026200000834465,0.0366799984741211));
#4559=CARTESIAN_POINT('',(-0.0192652513504028,-0.013500000834465,0.0366799984741211));
#4560=CARTESIAN_POINT('',(-0.00656525135040285,-0.011595000834465,0.0277899984741211));
#4561=CARTESIAN_POINT('',(0.00105474864959715,-0.027343000834465,0.0277899984741211));
#4562=CARTESIAN_POINT('',(0.00105474864959715,-0.026200000834465,0.0277899984741211));
#4563=CARTESIAN_POINT('',(0.00105474864959715,-0.028486000834465,0.0277899984741211));
#4564=CARTESIAN_POINT('',(-0.00656525135040285,-0.026200000834465,0.0277899984741211));
#4565=CARTESIAN_POINT('',(-0.0141587469222722,-0.026200000834465,0.0277899984741211));
#4566=CARTESIAN_POINT('',(-0.0141587469222722,-0.027343000834465,0.0277899984741211));
#4567=CARTESIAN_POINT('',(-0.0141587469222722,-0.028486000834465,0.0277899984741211));
#4568=CARTESIAN_POINT('',(-0.00655199913633754,-0.028486000834465,0.0277899984741211));
#4569=CARTESIAN_POINT('',(-0.00655199913633754,-0.028486000834465,0.0277899984741211));
#4570=CARTESIAN_POINT('',(0.00105474864959715,-0.028486000834465,0.0277899984741211));
#4571=CARTESIAN_POINT('',(-0.0141587469222722,-0.028486000834465,0.0277899984741211));
#4572=CARTESIAN_POINT('',(-0.00956401199191835,-0.013500000834465,0.0252499984741211));
#4573=CARTESIAN_POINT('',(-0.00956401199191835,0.001739999165535,0.0252499984741211));
#4574=CARTESIAN_POINT('',(-0.0210652477504028,-0.013500000834465,0.0252499984741211));
#4575=CARTESIAN_POINT('',(-0.0210652477504028,0.00735000023841858,0.0252499984741211));
#4576=CARTESIAN_POINT('',(0.00793474504959716,-0.013500000834465,0.0252499984741211));
#4577=CARTESIAN_POINT('',(0.00793474504959716,0.00406605146263242,0.027864146657147));
#4578=CARTESIAN_POINT('',(0.00793474504959716,0.00406605146263242,0.027864146657147));
#4579=CARTESIAN_POINT('',(0.00793474504959716,-0.0305400019073486,0.027864146657147));
#4580=CARTESIAN_POINT('',(0.00793474504959716,0.00735000023841858,0.0252499984741211));
#4581=CARTESIAN_POINT('',(0.0249347496032715,-0.0226431295934879,0.0150859155180164));
#4582=CARTESIAN_POINT('',(0.0234347486495972,-0.0163841793600284,0.002003405285091));
#4583=CARTESIAN_POINT('',(0.0234347486495972,-0.0135000002384186,0.0033832577189998));
#4584=CARTESIAN_POINT('',(0.0234347486495972,-0.0106158210656512,0.00200340539202095));
#4585=CARTESIAN_POINT('',(0.0249347496032715,-0.00435687146339528,0.0150859155514606));
#4586=CARTESIAN_POINT('',(0.0249347496032715,-0.0113535535335541,0.0264535522460938));
#4587=CARTESIAN_POINT('',(0.0249347496032715,-0.0114999997615814,0.0260999989509583));
#4588=CARTESIAN_POINT('',(0.0264347505569458,-0.0114999997615814,0.0260999989509583));
#4589=CARTESIAN_POINT('',(0.0249347496032715,-0.0112071073055267,0.0268071055412292));
#4590=CARTESIAN_POINT('',(0.0264347505569458,-0.0112071073055267,0.0268071055412292));
#4591=CARTESIAN_POINT('',(0.0264347505569458,-0.0134030490655611,0.0215056207871061));
#4592=CARTESIAN_POINT('',(0.0249347496032715,-0.0108535534143448,0.0269535517692566));
#4593=CARTESIAN_POINT('',(0.0249347496032715,-0.010499999523163,0.0270999979972839));
#4594=CARTESIAN_POINT('',(0.0264347505569458,-0.0104999995231629,0.0270999979972839));
#4595=CARTESIAN_POINT('',(0.0264347505569458,-0.013963708587135,0.0256652884945626));
#4596=CARTESIAN_POINT('',(0.0249347496032715,-0.0194348704814911,0.0270999979972839));
#4597=CARTESIAN_POINT('',(0.0234347486495972,-0.00463025886508954,0.0270999980252833));
#4598=CARTESIAN_POINT('',(0.0264347505569458,-0.00463025886508954,0.0270999980112836));
#4599=CARTESIAN_POINT('',(0.0264347505569458,-0.0194348704814911,0.0270999979972839));
#4600=CARTESIAN_POINT('',(0.0234347486495972,-0.00463025886508954,0.0260999987933591));
#4601=CARTESIAN_POINT('',(0.0234347486495972,-0.00372818111144278,0.0256684257138368));
#4602=CARTESIAN_POINT('',(0.0264347505569458,-0.00372818078767325,0.0256684255589386));
#4603=CARTESIAN_POINT('',(0.0264347505569458,-0.00463025886508954,0.0260999987933591));
#4604=CARTESIAN_POINT('',(0.0249347496032715,-0.00694836348295212,0.018937571644783));
#4605=CARTESIAN_POINT('',(0.0234347486495972,-0.0101685424761762,0.0122067245301039));
#4606=CARTESIAN_POINT('',(0.0264347505569462,-0.0101685427398209,0.0122067246562376));
#4607=CARTESIAN_POINT('',(0.0264347505569458,-0.00694836348295212,0.018937571644783));
#4608=CARTESIAN_POINT('',(0.0234347486495972,-0.0107999982747547,0.0125088263416972));
#4609=CARTESIAN_POINT('',(0.0234347486495972,-0.0114999999997622,0.0125088263416972));
#4610=CARTESIAN_POINT('',(0.026434750556946,-0.0114999997615814,0.0125088227224693));
#4611=CARTESIAN_POINT('',(0.0264347505569462,-0.0107999982747545,0.0125088263416976));
#4612=CARTESIAN_POINT('',(0.0249347496032715,-0.0114999997615814,0.0193044090270996));
#4613=CARTESIAN_POINT('',(0.0264347505569458,-0.0114999997615814,0.0175266649556714));
#4614=CARTESIAN_POINT('',(0.0249347496032715,-0.0194348704814911,0.0270999979972839));
#4615=CARTESIAN_POINT('',(0.0249347496032715,-0.0223697400093079,0.0270999979972839));
#4616=CARTESIAN_POINT('',(0.0264347505569458,-0.0223697400093079,0.0270999979922984));
#4617=CARTESIAN_POINT('',(0.0249347496032715,-0.0165000009536743,0.0270999979972839));
#4618=CARTESIAN_POINT('',(0.0264347505569458,-0.0165000009536743,0.0270999979972839));
#4619=CARTESIAN_POINT('',(0.0264347505569458,-0.0164674353876779,0.0270999979972839));
#4620=CARTESIAN_POINT('',(0.0249347496032715,-0.0161464470624924,0.0269535517692566));
#4621=CARTESIAN_POINT('',(0.0249347496032715,-0.0157928931713104,0.0268071055412292));
#4622=CARTESIAN_POINT('',(0.0264347505569458,-0.0157928931713104,0.0268071055412292));
#4623=CARTESIAN_POINT('',(0.0264347505569458,-0.0130362919370285,0.0256652885141657));
#4624=CARTESIAN_POINT('',(0.0249347496032715,-0.0156464469432831,0.0264535522460938));
#4625=CARTESIAN_POINT('',(0.0249347496032715,-0.0155000007152557,0.0260999989509583));
#4626=CARTESIAN_POINT('',(0.0264347505569458,-0.0155000007152557,0.0260999989509583));
#4627=CARTESIAN_POINT('',(0.0264347505569458,-0.0135969514193959,0.0215056208067092));
#4628=CARTESIAN_POINT('',(0.0249347496032715,-0.0155000007152557,0.0193044090270996));
#4629=CARTESIAN_POINT('',(0.0234347486495972,-0.015500000477075,0.0125088263416972));
#4630=CARTESIAN_POINT('',(0.026434750556946,-0.0155000007152557,0.0125088227224693));
#4631=CARTESIAN_POINT('',(0.0264347505569458,-0.0155000007152557,0.0175266649556714));
#4632=CARTESIAN_POINT('',(0.0234347486495972,-0.0162000022020825,0.0125088263416972));
#4633=CARTESIAN_POINT('',(0.0234347486495972,-0.0168314577434313,0.0122067246243985));
#4634=CARTESIAN_POINT('',(0.0264347505569462,-0.0168314573567719,0.012206724809385));
#4635=CARTESIAN_POINT('',(0.0264347505569462,-0.0162000022020826,0.0125088263416976));
#4636=CARTESIAN_POINT('',(0.0249347496032715,-0.0200516366958618,0.018937571644783));
#4637=CARTESIAN_POINT('',(0.0234347486495972,-0.0232718198581158,0.0256684272754222));
#4638=CARTESIAN_POINT('',(0.0264347505569458,-0.0232718188773581,0.0256684270573137));
#4639=CARTESIAN_POINT('',(0.0264347505569458,-0.0200516366958618,0.018937571644783));
#4640=CARTESIAN_POINT('',(0.0234347486495972,-0.0223697430207513,0.0260999999576748));
#4641=CARTESIAN_POINT('',(0.0264347505569458,-0.0223697430207513,0.0260999999576748));
#4642=CARTESIAN_POINT('',(0.0121014153957367,-0.0200000003973643,0.0315999984741211));
#4643=CARTESIAN_POINT('',(0.0121014153957367,-0.00400000035762787,0.0315999984741211));
#4644=CARTESIAN_POINT('',(0.0121014153957367,-0.0229999995231628,0.0315999984741211));
#4645=CARTESIAN_POINT('',(-0.0340652525424957,-0.00400000035762787,0.0135999989509583));
#4646=CARTESIAN_POINT('',(-0.0350652521848679,-0.00400000035762787,-0.00140000104904175));
#4647=CARTESIAN_POINT('',(-0.02856525182724,-0.0135000001192093,0.00709999811649323));
#4648=CARTESIAN_POINT('',(-0.02856525182724,-0.0174505779205779,0.00717109930433598));
#4649=CARTESIAN_POINT('',(-0.02856525182724,-0.0174920299301236,0.00387586000696967));
#4650=CARTESIAN_POINT('',(-0.02856525182724,-0.0151918577506038,0.00152245645710126));
#4651=CARTESIAN_POINT('',(-0.02856525182724,-0.0119063240524596,0.00148169914234514));
#4652=CARTESIAN_POINT('',(-0.02856525182724,-0.00954884969186303,0.0037780515173626));
#4653=CARTESIAN_POINT('',(-0.02856525182724,-0.00950874651275698,0.0070698799491351));
#4654=CARTESIAN_POINT('',(-0.02856525182724,-0.0118025559724394,0.00942273484860139));
#4655=CARTESIAN_POINT('',(-0.02856525182724,-0.0150925684989888,0.00946700746067833));
#4656=CARTESIAN_POINT('',(-0.02856525182724,-0.0174505779205779,0.00717109930433598));
#4657=CARTESIAN_POINT('',(-0.02856525182724,-0.0174920299301236,0.00387586000696967));
#4658=CARTESIAN_POINT('',(-0.02856525182724,-0.0151918577506038,0.00152245645710126));
#4659=CARTESIAN_POINT('',(-0.02856525182724,-0.017101759231946,0.00403283263155265));
#4660=CARTESIAN_POINT('',(-0.0340652525424957,-0.0229999995231628,0.0135999989509583));
#4661=CARTESIAN_POINT('',(-0.0350652521848679,-0.0229999995231628,-0.00140000104904175));
#4662=CARTESIAN_POINT('',(-0.03606525182724,-0.0133333332339923,-0.00140000104904175));
#4663=CARTESIAN_POINT('',(-0.03127925182724,-0.00400000035762787,-0.00140000104904175));
#4664=CARTESIAN_POINT('',(-0.0320652520656586,-0.0106468603014946,0.0139538621902466));
#4665=CARTESIAN_POINT('',(-0.0320652520656586,-0.0116392576694489,0.0219557857513428));
#4666=CARTESIAN_POINT('',(-0.0305652523040771,-0.0116392577614371,0.0219557857399333));
#4667=CARTESIAN_POINT('',(-0.03432725182724,-0.00965446148403602,0.00595192694147049));
#4668=CARTESIAN_POINT('',(-0.0340732502198263,-0.00965446148403602,0.00595192694147049));
#4669=CARTESIAN_POINT('',(-0.0338192486124127,-0.00965446148403602,0.00595192694147049));
#4670=CARTESIAN_POINT('',(-0.033565247004999,-0.00965446148403602,0.00595192694147049));
#4671=CARTESIAN_POINT('',(-0.033565247004999,-0.00965050524087003,0.00595241920766103));
#4672=CARTESIAN_POINT('',(-0.033565247004999,-0.00965446293354034,0.00595193862915036));
#4673=CARTESIAN_POINT('',(-0.0325652487713584,-0.00965446293354034,0.00595193862915036));
#4674=CARTESIAN_POINT('',(-0.0315652505377177,-0.00965446293354034,0.00595193862915036));
#4675=CARTESIAN_POINT('',(-0.0305652523040771,-0.00965446293354034,0.00595193862915036));
#4676=CARTESIAN_POINT('',(-0.0305652523040771,-0.00965767511408225,0.00595154227016651));
#4677=CARTESIAN_POINT('',(-0.0305652523040771,-0.0106862813157459,0.0142717227095569));
#4678=CARTESIAN_POINT('',(-0.0305652523040771,-0.0135000002809933,0.0142455152102879));
#4679=CARTESIAN_POINT('',(-0.0305652523040771,-0.0173391131559078,0.00595114546281751));
#4680=CARTESIAN_POINT('',(-0.0305652523040771,-0.0172236407219883,0.00688608286414831));
#4681=CARTESIAN_POINT('',(-0.0305652523040771,-0.0162962694096023,0.0086346432060432));
#4682=CARTESIAN_POINT('',(-0.0305652523040771,-0.0135010806004363,0.00969964794722284));
#4683=CARTESIAN_POINT('',(-0.0305652523040771,-0.0107073543761698,0.00863838938430728));
#4684=CARTESIAN_POINT('',(-0.0305652523040771,-0.00977635970366439,0.00688608294583723));
#4685=CARTESIAN_POINT('',(-0.0305652523040771,-0.0096608872494032,0.00595114554504483));
#4686=CARTESIAN_POINT('',(-0.0305652523040771,-0.0173423256250101,0.00595154222909378));
#4687=CARTESIAN_POINT('',(-0.0305652523040771,-0.0163137194395329,0.0142717227719916));
#4688=CARTESIAN_POINT('',(-0.0305652523040771,-0.0153607427154001,0.0219557857399333));
#4689=CARTESIAN_POINT('',(-0.0305652523040771,-0.0135000002384186,0.0217249995185374));
#4690=CARTESIAN_POINT('',(-0.0320652520656586,-0.0163531404733658,0.0139538621902466));
#4691=CARTESIAN_POINT('',(-0.0305652523040771,-0.0173455381393433,0.00595193862915039));
#4692=CARTESIAN_POINT('',(-0.0315652505378142,-0.0173455381393433,0.00595193862915039));
#4693=CARTESIAN_POINT('',(-0.0325652487715512,-0.0173455381393433,0.00595193862915039));
#4694=CARTESIAN_POINT('',(-0.0335652470052883,-0.0173455381393433,0.00595193862915039));
#4695=CARTESIAN_POINT('',(-0.0335652470052882,-0.0173494955754693,0.00595241917634525));
#4696=CARTESIAN_POINT('',(-0.0335652470052883,-0.0173455395887981,0.00595192694187329));
#4697=CARTESIAN_POINT('',(-0.0338192486126055,-0.0173455395887981,0.00595192694187329));
#4698=CARTESIAN_POINT('',(-0.0340732502199228,-0.0173455395887981,0.00595192694187329));
#4699=CARTESIAN_POINT('',(-0.03432725182724,-0.0173455395887981,0.00595192694187329));
#4700=CARTESIAN_POINT('',(-0.0320652520656586,-0.0153607428073883,0.0219557857513428));
#4701=CARTESIAN_POINT('',(-0.03356525182724,-0.0135000002384186,0.0217249995185374));
#4702=CARTESIAN_POINT('',(0.0264347505569458,-0.0135000002384186,0.00547499775886496));
#4703=CARTESIAN_POINT('',(0.0264347505569458,-0.0135000002384186,0.00547499775886496));
#4704=CARTESIAN_POINT('',(0.0264347505569458,-0.0135000002384186,0.00547499775886496));
#4705=CARTESIAN_POINT('',(-0.0141587469222722,-0.013500000834465,0.0366799984741211));
#4706=CARTESIAN_POINT('',(-0.0141587469222722,-0.026200000834465,0.0277899984741211));
#4707=CARTESIAN_POINT('',(0.00105474864959715,-0.013500000834465,0.0366799984741211));
#4708=CARTESIAN_POINT('',(0.00105474864959715,-0.026200000834465,0.0277899984741211));
#4709=CARTESIAN_POINT('',(-0.0192652513504028,-0.013500000834465,0.0252499984741211));
#4710=CARTESIAN_POINT('',(-0.0192652513504028,0.001739999165535,0.0277899984741211));
#4711=CARTESIAN_POINT('',(-0.0192652513504028,-0.026200000834465,0.0252499984741211));
#4712=CARTESIAN_POINT('',(0.00613474864959715,-0.013500000834465,0.0252499984741211));
#4713=CARTESIAN_POINT('',(0.00613474864959715,0.001739999165535,0.0277899984741211));
#4714=CARTESIAN_POINT('',(0.00613474864959715,-0.026200000834465,0.0252499984741211));
#4715=CARTESIAN_POINT('',(-0.00656525135040285,-0.026200000834465,0.0252499984741211));
#4716=CARTESIAN_POINT('',(-0.00656525135040285,0.00735000023841858,0.0315999984741211));
#4717=CARTESIAN_POINT('',(-0.00110425135040284,0.00735000023841858,0.0161059984741211));
#4718=CARTESIAN_POINT('',(-0.00110425135040284,0.00735000023841858,0.0257579984741211));
#4719=CARTESIAN_POINT('',(-0.00186625135040284,0.00735000023841858,0.0257579984741211));
#4720=CARTESIAN_POINT('',(-0.00186625135040284,0.00735000023841858,0.0265199984741211));
#4721=CARTESIAN_POINT('',(-0.00656525135040284,0.00735000023841858,0.0265199984741211));
#4722=CARTESIAN_POINT('',(-0.0112642513504028,0.00735000023841858,0.0265199984741211));
#4723=CARTESIAN_POINT('',(-0.0112642513504028,0.00735000023841858,0.0257579984741211));
#4724=CARTESIAN_POINT('',(-0.0120262513504028,0.00735000023841858,0.0257579984741211));
#4725=CARTESIAN_POINT('',(-0.0120262513504028,0.00735000023841858,0.0161059984741211));
#4726=CARTESIAN_POINT('',(0.00270574864959716,0.00327499970197679,0.0161059984741211));
#4727=CARTESIAN_POINT('',(0.00270574864959716,0.001739999165535,0.0209319984741211));
#4728=CARTESIAN_POINT('',(-0.0158362513504029,0.00327499970197679,0.0161059984741211));
#4729=CARTESIAN_POINT('',(-0.0158362513504029,0.001739999165535,0.0161059984741211));
#4730=CARTESIAN_POINT('',(-0.00956401199191835,-0.013500000834465,0.0252499984741211));
#4731=CARTESIAN_POINT('',(-0.00956401199191835,0.001739999165535,0.0252499984741211));
#4732=CARTESIAN_POINT('',(-0.0137874785131878,-0.01351110937198,0.0285999989509583));
#4733=CARTESIAN_POINT('',(0.0264347505569458,-0.0135000002938648,0.0157489208842433));
#4734=CARTESIAN_POINT('',(-0.0137874785131878,-0.01351110937198,0.0285999989509583));
#4735=CARTESIAN_POINT('',(0.0110621172982953,-0.0311273741560467,0.0285999989509583));
#4736=CARTESIAN_POINT('',(0.00867059734340848,-0.0291121596544848,0.0285999989509583));
#4737=CARTESIAN_POINT('',(0.00867059734340848,0.00100000023841858,0.0285999989509583));
#4738=CARTESIAN_POINT('',(0.00867059734340848,0.00207335403094487,0.0285999989509583));
#4739=CARTESIAN_POINT('',(0.011000796273811,0.00406605146263242,0.0285999989509583));
#4740=CARTESIAN_POINT('',(0.0104747450495972,-0.00128599976158142,0.0308859989509583));
#4741=CARTESIAN_POINT('',(0.0104747450495972,-0.00125324588518419,0.0286001162816106));
#4742=CARTESIAN_POINT('',(0.0104747450495972,-0.00128599976158142,0.0285999989509583));
#4743=CARTESIAN_POINT('',(-0.0137874785131878,-0.00128599976158142,0.0285999989509583));
#4744=CARTESIAN_POINT('',(0.010531476427662,-0.00128599976158142,0.0285999989509583));
#4745=CARTESIAN_POINT('',(0.010531476427662,-0.00128599976158142,0.0308859989509583));
#4746=CARTESIAN_POINT('',(0.0104747450495972,-0.0257140019073486,0.0285999989509583));
#4747=CARTESIAN_POINT('',(0.0104747450495972,-0.0257140019073486,0.0285999989509583));
#4748=CARTESIAN_POINT('',(0.010531476427662,-0.0257140019073486,0.0285999989509583));
#4749=CARTESIAN_POINT('',(0.0104747450495972,-0.0257140019073486,0.0308859989509583));
#4750=CARTESIAN_POINT('',(0.0104747450495972,-0.0257467557837458,0.0286001162816106));
#4751=CARTESIAN_POINT('',(0.010531476427662,-0.0257140019073486,0.0308859989509583));
#4752=CARTESIAN_POINT('',(0.0121014153957367,-0.0200000003973643,0.0315999984741211));
#4753=CARTESIAN_POINT('',(0.0264228797910727,-0.0200000003973643,0.0315999984741211));
#4754=CARTESIAN_POINT('',(0.0264347505569458,-0.0134572644796222,0.0315999984741211));
#4755=CARTESIAN_POINT('',(0.0264347505569458,-0.0135000002938648,0.0157489208842433));
#4756=CARTESIAN_POINT('',(0.0171847478032715,-0.0257140019073486,0.0308859989509583));
#4757=CARTESIAN_POINT('',(-0.0137874785131878,-0.00128599976158142,0.0308859989509583));
#4758=CARTESIAN_POINT('',(-0.00956401199191835,0.001739999165535,0.0277899984741211));
#4759=CARTESIAN_POINT('',(-0.0183762513504029,0.001739999165535,0.0277899984741211));
#4760=CARTESIAN_POINT('',(-0.0183762513504029,0.001739999165535,0.0227099984741211));
#4761=CARTESIAN_POINT('',(-0.0132962513504028,0.001739999165535,0.0227099984741211));
#4762=CARTESIAN_POINT('',(-0.0132962513504028,0.001739999165535,0.0161059984741211));
#4763=CARTESIAN_POINT('',(-0.0132962513504028,0.001739999165535,0.0209319984741211));
#4764=CARTESIAN_POINT('',(-0.0132962513504028,0.001739999165535,0.0209319984741211));
#4765=CARTESIAN_POINT('',(-0.0132962513504028,0.001739999165535,0.0209319984741211));
#4766=CARTESIAN_POINT('',(-0.00656525135040284,0.001739999165535,0.0209319984741211));
#4767=CARTESIAN_POINT('',(0.000165748649597161,0.001739999165535,0.0209319984741211));
#4768=CARTESIAN_POINT('',(0.000165748649597161,0.001739999165535,0.0209319984741211));
#4769=CARTESIAN_POINT('',(0.000165748649597161,0.001739999165535,0.0209319984741211));
#4770=CARTESIAN_POINT('',(0.000165748649597161,0.001739999165535,0.0252499984741211));
#4771=CARTESIAN_POINT('',(0.000165748649597161,0.00173999916553499,0.0227099984741211));
#4772=CARTESIAN_POINT('',(0.00524574864959716,0.001739999165535,0.0227099984741211));
#4773=CARTESIAN_POINT('',(0.00524574864959716,0.001739999165535,0.0277899984741211));
#4774=CARTESIAN_POINT('',(-0.00956401199191835,0.001739999165535,0.0277899984741211));
#4775=CARTESIAN_POINT('',(-0.0112642513504028,-0.000802000834465006,0.0257579984741211));
#4776=CARTESIAN_POINT('',(-0.0120262513504028,-0.000800000834465006,0.0257579984741211));
#4777=CARTESIAN_POINT('',(-0.0112642513504028,0.00735000023841858,0.0265199984741211));
#4778=CARTESIAN_POINT('',(-0.0112642513504028,0.00327499970197679,0.0206779984741211));
#4779=CARTESIAN_POINT('',(-0.0112642513504028,-0.000802000834465006,0.0199159984741211));
#4780=CARTESIAN_POINT('',(-0.0120262513504028,0.00327499970197679,0.0206779984741211));
#4781=CARTESIAN_POINT('',(-0.00186625135040284,-0.000802000834465006,0.0206779984741211));
#4782=CARTESIAN_POINT('',(-0.00110425135040284,-0.000800000834465007,0.0206779984741211));
#4783=CARTESIAN_POINT('',(-0.00186625135040284,0.00735000023841858,0.0199159984741211));
#4784=CARTESIAN_POINT('',(-0.00186625135040284,0.00327499970197679,0.0257579984741211));
#4785=CARTESIAN_POINT('',(-0.00186625135040284,-0.000802000834465006,0.0265199984741211));
#4786=CARTESIAN_POINT('',(-0.00110425135040284,0.00327499970197679,0.0257579984741211));
#4787=CARTESIAN_POINT('',(-0.00656525135040284,-0.000802000834465006,0.0199159984741211));
#4788=CARTESIAN_POINT('',(-0.00656525135040284,-0.000802000834465006,0.0265199984741211));
#4789=CARTESIAN_POINT('',(-0.00110425135040284,0.00327499970197679,0.0161059984741211));
#4790=CARTESIAN_POINT('',(-0.0120262513504028,0.00327499970197679,0.0161059984741211));
#4791=CARTESIAN_POINT('',(-0.03432725182724,-0.0229999995231628,0.00088599895095825));
#4792=CARTESIAN_POINT('',(-0.03356525182724,-0.0229999995231628,0.00088599895095825));
#4793=CARTESIAN_POINT('',(-0.03432725182724,-0.0134999999872807,0.00548183233139275));
#4794=CARTESIAN_POINT('',(-0.0335641207403004,-0.0170915890477474,0.00400826976081472));
#4795=CARTESIAN_POINT('',(-0.0335641167270469,-0.0173443811971369,0.00462441293413317));
#4796=CARTESIAN_POINT('',(-0.0335640741759296,-0.017434251721113,0.00529183707481969));
#4797=CARTESIAN_POINT('',(-0.0335639972312199,-0.01735343908511,0.00595290106012881));
#4798=CARTESIAN_POINT('',(-0.03432725182724,-0.0134999999872807,0.00548183233139275));
#4799=CARTESIAN_POINT('',(-0.0335640499058091,-0.0096465609063807,0.00595290119861392));
#4800=CARTESIAN_POINT('',(-0.0335641292890246,-0.00956574232493263,0.00529178877560028));
#4801=CARTESIAN_POINT('',(-0.0335641721484944,-0.00965563231506892,0.00462431433496616));
#4802=CARTESIAN_POINT('',(-0.0335641737715719,-0.009908466028607,0.00400813546583114));
#4803=CARTESIAN_POINT('',(-0.03127925182724,-0.0135000001248859,0.00088599895095825));
#4804=CARTESIAN_POINT('',(-0.0309245637894382,-0.0135000002069584,0.00547756386640034));
#4805=CARTESIAN_POINT('',(0.0264228797910727,-0.013500000834465,0.0341399984741211));
#4806=CARTESIAN_POINT('',(-0.0137874785131878,-0.01351110937198,0.0285999989509583));
#4807=CARTESIAN_POINT('',(0.0264228797910727,-0.013500000834465,0.0285999989509583));
#4808=CARTESIAN_POINT('',(0.0264228797910727,-0.013500000834465,0.0341399984741211));
#4809=CARTESIAN_POINT('',(0.0110621172982953,-0.0311273741560467,0.0061999984741211));
#4810=CARTESIAN_POINT('',(0.00799039937124103,-0.0305400019073486,0.0281448766287686));
#4811=CARTESIAN_POINT('',(0.00808641794914462,-0.0300378638037347,0.0283775259665046));
#4812=CARTESIAN_POINT('',(0.00830572825086018,-0.0295451615582893,0.0285999989509583));
#4813=CARTESIAN_POINT('',(0.00867059734340848,-0.0291121596544848,0.0285999989509583));
#4814=CARTESIAN_POINT('',(0.00867059734340848,-0.013500000834465,0.027864146657147));
#4815=CARTESIAN_POINT('',(0.00867059734340848,0.00207335403094487,0.0285999989509583));
#4816=CARTESIAN_POINT('',(0.00841746248500355,0.00236936212877397,0.0285999989509583));
#4817=CARTESIAN_POINT('',(0.00804958931401922,0.00302730632542231,0.0283717271939363));
#4818=CARTESIAN_POINT('',(0.00793474504959716,0.00372117011327529,0.0280331026242646));
#4819=CARTESIAN_POINT('',(0.00793474504959716,0.00406605146263242,0.027864146657147));
#4820=CARTESIAN_POINT('',(0.011000796273811,0.00406605146263242,0.0252499984741211));
#4821=MECHANICAL_DESIGN_GEOMETRIC_PRESENTATION_REPRESENTATION('',(#2700),
#4822);
#4822=(
GEOMETRIC_REPRESENTATION_CONTEXT(3)
GLOBAL_UNCERTAINTY_ASSIGNED_CONTEXT((#4823))
GLOBAL_UNIT_ASSIGNED_CONTEXT((#4826,#4825,#4824))
REPRESENTATION_CONTEXT('Gimbal Tilt','TOP_LEVEL_ASSEMBLY_PART')
);
#4823=UNCERTAINTY_MEASURE_WITH_UNIT(LENGTH_MEASURE(4.78378154774029E-5),
#4826,'DISTANCE_ACCURACY_VALUE','Maximum Tolerance applied to model');
#4824=(
NAMED_UNIT(*)
SI_UNIT($,.STERADIAN.)
SOLID_ANGLE_UNIT()
);
#4825=(
NAMED_UNIT(*)
PLANE_ANGLE_UNIT()
SI_UNIT($,.RADIAN.)
);
#4826=(
LENGTH_UNIT()
NAMED_UNIT(*)
SI_UNIT($,.METRE.)
);
#4827=PRODUCT_DEFINITION_SHAPE('','',#4828);
#4828=PRODUCT_DEFINITION('','',#4830,#4829);
#4829=PRODUCT_DEFINITION_CONTEXT('',#4836,'design');
#4830=PRODUCT_DEFINITION_FORMATION_WITH_SPECIFIED_SOURCE('','',#4832,
 .NOT_KNOWN.);
#4831=PRODUCT_RELATED_PRODUCT_CATEGORY('','',(#4832));
#4832=PRODUCT('Gimbal Tilt','Gimbal Tilt','Gimbal Tilt',(#4834));
#4833=PRODUCT_CATEGORY('','');
#4834=PRODUCT_CONTEXT('',#4836,'mechanical');
#4835=APPLICATION_PROTOCOL_DEFINITION('international standard',
'ap242_managed_model_based_3d_engineering',2020,#4836);
#4836=APPLICATION_CONTEXT('managed model based 3d engineering');
ENDSEC;
END-ISO-10303-21;
