ISO-10303-21;
HEADER;
/* Generated by software containing ST-Developer
 * from STEP Tools, Inc. (www.steptools.com) 
 */
/* OPTION: using custom renumber hook */

FILE_DESCRIPTION(
/* description */ ('STEP AP242 Edition 2',
'CAx-IF Rec.Pracs.---Representation and Presentation of Product Manufa
cturing Information (PMI)---4.0---2014-10-13',
'CAx-IF Rec.Pracs.---3D Tessellated Geometry---0.4---2014-09-14','2;1',
'CAx-IF Rec.Pracs.---User Defined Attributes---1.5---2016-08-15'),
/* implementation_level */ '2;1');

FILE_NAME(
/* name */ 'arm - PYLONS-X500',
/* time_stamp */ '2026-04-16T08:38:05Z',
/* author */ (''),
/* organization */ (''),
/* preprocessor_version */ 'ST-DEVELOPER v20',
/* originating_system */ 'ONSHAPE BY PTC INC, 1.213',
/* authorisation */ '  ');

FILE_SCHEMA (('AP242_MANAGED_MODEL_BASED_3D_ENGINEERING_MIM_LF { 1 0 10303 442 3 1 4 }'));
ENDSEC;

DATA;
#10=SHAPE_REPRESENTATION_RELATIONSHIP('','',#1898,#11);
#11=ADVANCED_BREP_SHAPE_REPRESENTATION('',(#1896),#3382);
#12=ORIENTED_CLOSED_SHELL('',*,#1886,.F.);
#13=ORIENTED_CLOSED_SHELL('',*,#1887,.F.);
#14=TOROIDAL_SURFACE('',#2081,0.00254,0.00127);
#15=TOROIDAL_SURFACE('',#2087,0.00254,0.00127);
#16=TOROIDAL_SURFACE('',#2109,0.00254,0.00127);
#17=TOROIDAL_SURFACE('',#2113,0.00254,0.00127);
#18=TOROIDAL_SURFACE('',#2117,0.00254,0.00127);
#19=(
BOUNDED_SURFACE()
B_SPLINE_SURFACE(3,2,((#3261,#3262,#3263),(#3264,#3265,#3266),(#3267,#3268,
#3269),(#3270,#3271,#3272),(#3273,#3274,#3275),(#3276,#3277,#3278),(#3279,
#3280,#3281),(#3282,#3283,#3284)),.UNSPECIFIED.,.F.,.F.,.F.)
B_SPLINE_SURFACE_WITH_KNOTS((4,1,1,1,1,4),(3,3),(0.0180803609885066,0.0191769060338406,
0.0202734510791747,0.0213699961245088,0.0219182686471759,0.0224665411698429),
(0.,1.),.UNSPECIFIED.)
GEOMETRIC_REPRESENTATION_ITEM()
RATIONAL_B_SPLINE_SURFACE(((1.,0.707106781186548,1.),(1.,0.709577094645702,
1.),(1.,0.763347844578273,1.),(1.,0.880378514617064,1.),(1.,0.949761686614339,
1.),(1.,0.982854770473207,1.),(1.,0.988890195006405,1.),(1.,0.987708519389046,
1.)))
REPRESENTATION_ITEM('')
SURFACE()
);
#20=(
BOUNDED_SURFACE()
B_SPLINE_SURFACE(3,2,((#3323,#3324,#3325),(#3326,#3327,#3328),(#3329,#3330,
#3331),(#3332,#3333,#3334)),.UNSPECIFIED.,.F.,.F.,.F.)
B_SPLINE_SURFACE_WITH_KNOTS((4,4),(3,3),(0.281973079367935,0.375775946321256),
(0.,1.),.PIECEWISE_BEZIER_KNOTS.)
GEOMETRIC_REPRESENTATION_ITEM()
RATIONAL_B_SPLINE_SURFACE(((1.,0.991444089517235,1.),(1.,0.99153037343656,
1.),(1.,0.984193353877709,1.),(1.,0.971301465729952,1.)))
REPRESENTATION_ITEM('')
SURFACE()
);
#21=(
BOUNDED_SURFACE()
B_SPLINE_SURFACE(3,2,((#3336,#3337,#3338),(#3339,#3340,#3341),(#3342,#3343,
#3344),(#3345,#3346,#3347),(#3348,#3349,#3350),(#3351,#3352,#3353),(#3354,
#3355,#3356)),.UNSPECIFIED.,.F.,.F.,.F.)
B_SPLINE_SURFACE_WITH_KNOTS((4,1,1,1,4),(3,3),(-1.36609473733174E-17,0.000898803308424911,
0.00179760661684984,0.00269640992527476,0.00359521323369969),(0.,1.),
 .UNSPECIFIED.)
GEOMETRIC_REPRESENTATION_ITEM()
RATIONAL_B_SPLINE_SURFACE(((1.,0.707106781186547,1.),(1.,0.709132870142824,
1.),(1.,0.745548118267116,1.),(1.,0.839561857185885,1.),(1.,0.921758023323147,
1.),(1.,0.958423702452146,1.),(1.,0.97130146572996,1.)))
REPRESENTATION_ITEM('')
SURFACE()
);
#22=SPHERICAL_SURFACE('',#2058,0.00127);
#23=SPHERICAL_SURFACE('',#2067,0.00127);
#24=SPHERICAL_SURFACE('',#2069,0.00127);
#25=SPHERICAL_SURFACE('',#2079,0.00127);
#26=SPHERICAL_SURFACE('',#2088,0.00127);
#27=SPHERICAL_SURFACE('',#2095,0.00127);
#28=SPHERICAL_SURFACE('',#2097,0.00127);
#29=SPHERICAL_SURFACE('',#2103,0.00127);
#30=ELLIPSE('',#2031,0.00490690319754847,0.00127);
#31=ELLIPSE('',#2036,0.00981380639509694,0.00254);
#32=ELLIPSE('',#2043,0.00956410455612263,0.00127);
#33=ELLIPSE('',#2044,0.00179605122421383,0.00127);
#34=ELLIPSE('',#2046,0.00179605122421383,0.00127);
#35=CYLINDRICAL_SURFACE('',#1972,0.001);
#36=CYLINDRICAL_SURFACE('',#1973,0.007334312934447);
#37=CYLINDRICAL_SURFACE('',#1974,0.002);
#38=CYLINDRICAL_SURFACE('',#1976,0.002);
#39=CYLINDRICAL_SURFACE('',#1978,0.001);
#40=CYLINDRICAL_SURFACE('',#1980,0.001);
#41=CYLINDRICAL_SURFACE('',#1981,0.007334312934447);
#42=CYLINDRICAL_SURFACE('',#1982,0.001);
#43=CYLINDRICAL_SURFACE('',#1984,0.002);
#44=CYLINDRICAL_SURFACE('',#1986,0.002);
#45=CYLINDRICAL_SURFACE('',#1987,0.001);
#46=CYLINDRICAL_SURFACE('',#1989,0.001);
#47=CYLINDRICAL_SURFACE('',#1990,0.0051);
#48=CYLINDRICAL_SURFACE('',#1991,0.001);
#49=CYLINDRICAL_SURFACE('',#1993,0.001);
#50=CYLINDRICAL_SURFACE('',#1994,0.007334312934447);
#51=CYLINDRICAL_SURFACE('',#1995,0.007334312934447);
#52=CYLINDRICAL_SURFACE('',#1996,0.001);
#53=CYLINDRICAL_SURFACE('',#1999,0.001);
#54=CYLINDRICAL_SURFACE('',#2000,0.007334312934447);
#55=CYLINDRICAL_SURFACE('',#2001,0.007334312934447);
#56=CYLINDRICAL_SURFACE('',#2002,0.001);
#57=CYLINDRICAL_SURFACE('',#2004,0.001);
#58=CYLINDRICAL_SURFACE('',#2005,0.0051);
#59=CYLINDRICAL_SURFACE('',#2006,0.001);
#60=CYLINDRICAL_SURFACE('',#2008,0.001);
#61=CYLINDRICAL_SURFACE('',#2010,0.01);
#62=CYLINDRICAL_SURFACE('',#2012,0.002);
#63=CYLINDRICAL_SURFACE('',#2014,0.002);
#64=CYLINDRICAL_SURFACE('',#2016,0.01);
#65=CYLINDRICAL_SURFACE('',#2021,0.00254);
#66=CYLINDRICAL_SURFACE('',#2026,0.00254);
#67=CYLINDRICAL_SURFACE('',#2041,0.00127);
#68=CYLINDRICAL_SURFACE('',#2042,0.00127);
#69=CYLINDRICAL_SURFACE('',#2045,0.00127);
#70=CYLINDRICAL_SURFACE('',#2047,0.00127);
#71=CYLINDRICAL_SURFACE('',#2048,0.00127);
#72=CYLINDRICAL_SURFACE('',#2050,0.00127);
#73=CYLINDRICAL_SURFACE('',#2053,0.00127);
#74=CYLINDRICAL_SURFACE('',#2056,0.00127);
#75=CYLINDRICAL_SURFACE('',#2061,0.00127);
#76=CYLINDRICAL_SURFACE('',#2063,0.00127);
#77=CYLINDRICAL_SURFACE('',#2065,0.00127);
#78=CYLINDRICAL_SURFACE('',#2072,0.00127);
#79=CYLINDRICAL_SURFACE('',#2074,0.00127);
#80=CYLINDRICAL_SURFACE('',#2077,0.00127);
#81=CYLINDRICAL_SURFACE('',#2083,0.00127);
#82=CYLINDRICAL_SURFACE('',#2085,0.00127);
#83=CYLINDRICAL_SURFACE('',#2091,0.00127);
#84=CYLINDRICAL_SURFACE('',#2093,0.00127);
#85=CYLINDRICAL_SURFACE('',#2099,0.00127);
#86=CYLINDRICAL_SURFACE('',#2101,0.00127);
#87=CYLINDRICAL_SURFACE('',#2105,0.00127);
#88=CYLINDRICAL_SURFACE('',#2111,0.00127);
#89=CYLINDRICAL_SURFACE('',#2115,0.00127);
#90=CYLINDRICAL_SURFACE('',#2120,0.00125);
#91=CYLINDRICAL_SURFACE('',#2125,0.00125);
#92=B_SPLINE_CURVE_WITH_KNOTS('',3,(#2762,#2763,#2764,#2765),
 .UNSPECIFIED.,.F.,.F.,(4,4),(0.000210482003788612,1.),.UNSPECIFIED.);
#93=B_SPLINE_CURVE_WITH_KNOTS('',3,(#2782,#2783,#2784,#2785),
 .UNSPECIFIED.,.F.,.F.,(4,4),(8.75895961232759E-18,0.000507448278292486),
 .UNSPECIFIED.);
#94=B_SPLINE_CURVE_WITH_KNOTS('',3,(#2890,#2891,#2892,#2893,#2894,#2895),
 .UNSPECIFIED.,.F.,.F.,(4,1,1,4),(0.,0.00107278137742499,0.00160917206613749,
0.00214556275484998),.UNSPECIFIED.);
#95=B_SPLINE_CURVE_WITH_KNOTS('',3,(#3085,#3086,#3087,#3088),
 .UNSPECIFIED.,.F.,.F.,(4,4),(0.,0.000704973571842501),.UNSPECIFIED.);
#96=B_SPLINE_CURVE_WITH_KNOTS('',3,(#3143,#3144,#3145,#3146),
 .UNSPECIFIED.,.F.,.F.,(4,4),(1.89347769197526E-18,0.000740704402443024),
 .UNSPECIFIED.);
#97=B_SPLINE_CURVE_WITH_KNOTS('',3,(#3173,#3174,#3175,#3176,#3177),
 .UNSPECIFIED.,.F.,.F.,(4,1,4),(0.,0.00130015185309408,0.00260030370618816),
 .UNSPECIFIED.);
#98=B_SPLINE_CURVE_WITH_KNOTS('',3,(#3209,#3210,#3211,#3212,#3213,#3214),
 .UNSPECIFIED.,.F.,.F.,(4,1,1,4),(0.,0.00123775411353998,0.00185663117030996,
0.00247550822707995),.UNSPECIFIED.);
#99=B_SPLINE_CURVE_WITH_KNOTS('',3,(#3219,#3220,#3221,#3222,#3223,#3224,
#3225),.UNSPECIFIED.,.F.,.F.,(4,1,1,1,4),(0.,0.000803311948379756,0.00160662389675951,
0.00240993584513927,0.00321324779351902),.UNSPECIFIED.);
#100=B_SPLINE_CURVE_WITH_KNOTS('',3,(#3231,#3232,#3233,#3234,#3235,#3236),
 .UNSPECIFIED.,.F.,.F.,(4,1,1,4),(0.,0.000571617516909357,0.00114323503381871,
0.00228647006763743),.UNSPECIFIED.);
#101=B_SPLINE_CURVE_WITH_KNOTS('',3,(#3285,#3286,#3287,#3288,#3289,#3290),
 .UNSPECIFIED.,.F.,.F.,(4,1,1,4),(1.46234719646735E-17,0.00113850931542447,
0.00170776397313669,0.00227701863084892),.UNSPECIFIED.);
#102=CIRCLE('',#1901,0.00254);
#103=CIRCLE('',#1902,0.00254);
#104=CIRCLE('',#1903,0.00254);
#105=CIRCLE('',#1905,0.00254);
#106=CIRCLE('',#1906,0.00254);
#107=CIRCLE('',#1907,0.00127);
#108=CIRCLE('',#1910,0.007334312934447);
#109=CIRCLE('',#1911,0.001);
#110=CIRCLE('',#1912,0.002);
#111=CIRCLE('',#1913,0.002);
#112=CIRCLE('',#1914,0.001);
#113=CIRCLE('',#1915,0.001);
#114=CIRCLE('',#1916,0.007334312934447);
#115=CIRCLE('',#1917,0.001);
#116=CIRCLE('',#1918,0.002);
#117=CIRCLE('',#1919,0.002);
#118=CIRCLE('',#1920,0.001);
#119=CIRCLE('',#1921,0.007334312934447);
#120=CIRCLE('',#1922,0.001);
#121=CIRCLE('',#1923,0.001);
#122=CIRCLE('',#1924,0.0051);
#123=CIRCLE('',#1925,0.001);
#124=CIRCLE('',#1926,0.001);
#125=CIRCLE('',#1927,0.007334312934447);
#126=CIRCLE('',#1928,0.01);
#127=CIRCLE('',#1929,0.002);
#128=CIRCLE('',#1930,0.002);
#129=CIRCLE('',#1931,0.01);
#130=CIRCLE('',#1932,0.007334312934447);
#131=CIRCLE('',#1933,0.001);
#132=CIRCLE('',#1934,0.001);
#133=CIRCLE('',#1935,0.0051);
#134=CIRCLE('',#1936,0.001);
#135=CIRCLE('',#1937,0.001);
#136=CIRCLE('',#1938,0.007334312934447);
#137=CIRCLE('',#1939,0.001);
#138=CIRCLE('',#1941,0.001);
#139=CIRCLE('',#1942,0.007334312934447);
#140=CIRCLE('',#1943,0.001);
#141=CIRCLE('',#1944,0.001);
#142=CIRCLE('',#1945,0.0051);
#143=CIRCLE('',#1946,0.001);
#144=CIRCLE('',#1947,0.001);
#145=CIRCLE('',#1948,0.007334312934447);
#146=CIRCLE('',#1949,0.01);
#147=CIRCLE('',#1950,0.002);
#148=CIRCLE('',#1951,0.002);
#149=CIRCLE('',#1952,0.01);
#150=CIRCLE('',#1953,0.007334312934447);
#151=CIRCLE('',#1954,0.001);
#152=CIRCLE('',#1955,0.001);
#153=CIRCLE('',#1956,0.0051);
#154=CIRCLE('',#1957,0.001);
#155=CIRCLE('',#1958,0.001);
#156=CIRCLE('',#1959,0.007334312934447);
#157=CIRCLE('',#1960,0.001);
#158=CIRCLE('',#1961,0.007334312934447);
#159=CIRCLE('',#1962,0.001);
#160=CIRCLE('',#1963,0.002);
#161=CIRCLE('',#1964,0.002);
#162=CIRCLE('',#1965,0.001);
#163=CIRCLE('',#1966,0.001);
#164=CIRCLE('',#1967,0.007334312934447);
#165=CIRCLE('',#1968,0.001);
#166=CIRCLE('',#1969,0.002);
#167=CIRCLE('',#1970,0.002);
#168=CIRCLE('',#2019,0.00254);
#169=CIRCLE('',#2020,0.00254);
#170=CIRCLE('',#2022,0.00254);
#171=CIRCLE('',#2025,0.00254);
#172=CIRCLE('',#2028,0.00127);
#173=CIRCLE('',#2029,0.00127);
#174=CIRCLE('',#2033,0.00127);
#175=CIRCLE('',#2034,0.00127);
#176=CIRCLE('',#2049,0.00127);
#177=CIRCLE('',#2051,0.00127);
#178=CIRCLE('',#2052,0.00127);
#179=CIRCLE('',#2054,0.00127);
#180=CIRCLE('',#2055,0.00127);
#181=CIRCLE('',#2057,0.00127);
#182=CIRCLE('',#2059,0.00127);
#183=CIRCLE('',#2060,0.00127);
#184=CIRCLE('',#2062,0.00127);
#185=CIRCLE('',#2064,0.00127);
#186=CIRCLE('',#2066,0.00127);
#187=CIRCLE('',#2068,0.00127);
#188=CIRCLE('',#2070,0.00127);
#189=CIRCLE('',#2071,0.00127);
#190=CIRCLE('',#2073,0.00127);
#191=CIRCLE('',#2075,0.00127);
#192=CIRCLE('',#2076,0.00127);
#193=CIRCLE('',#2078,0.00127);
#194=CIRCLE('',#2080,0.00127);
#195=CIRCLE('',#2082,0.00127);
#196=CIRCLE('',#2084,0.00127);
#197=CIRCLE('',#2086,0.00127);
#198=CIRCLE('',#2089,0.00127);
#199=CIRCLE('',#2090,0.00127);
#200=CIRCLE('',#2092,0.00127);
#201=CIRCLE('',#2094,0.00127);
#202=CIRCLE('',#2096,0.00127);
#203=CIRCLE('',#2098,0.00127);
#204=CIRCLE('',#2100,0.00127);
#205=CIRCLE('',#2102,0.00127);
#206=CIRCLE('',#2104,0.00127);
#207=CIRCLE('',#2106,0.00127);
#208=CIRCLE('',#2107,0.00127);
#209=CIRCLE('',#2108,0.00127);
#210=CIRCLE('',#2110,0.00127);
#211=CIRCLE('',#2112,0.00127);
#212=CIRCLE('',#2114,0.00127);
#213=CIRCLE('',#2116,0.00127);
#214=CIRCLE('',#2119,0.00125);
#215=CIRCLE('',#2121,0.00125);
#216=CIRCLE('',#2124,0.00125);
#217=CIRCLE('',#2126,0.00125);
#218=ORIENTED_EDGE('',*,*,#764,.T.);
#219=ORIENTED_EDGE('',*,*,#765,.T.);
#220=ORIENTED_EDGE('',*,*,#766,.F.);
#221=ORIENTED_EDGE('',*,*,#767,.T.);
#222=ORIENTED_EDGE('',*,*,#768,.T.);
#223=ORIENTED_EDGE('',*,*,#769,.T.);
#224=ORIENTED_EDGE('',*,*,#770,.T.);
#225=ORIENTED_EDGE('',*,*,#771,.T.);
#226=ORIENTED_EDGE('',*,*,#772,.T.);
#227=ORIENTED_EDGE('',*,*,#773,.T.);
#228=ORIENTED_EDGE('',*,*,#774,.T.);
#229=ORIENTED_EDGE('',*,*,#775,.T.);
#230=ORIENTED_EDGE('',*,*,#776,.T.);
#231=ORIENTED_EDGE('',*,*,#777,.T.);
#232=ORIENTED_EDGE('',*,*,#778,.F.);
#233=ORIENTED_EDGE('',*,*,#779,.F.);
#234=ORIENTED_EDGE('',*,*,#780,.T.);
#235=ORIENTED_EDGE('',*,*,#781,.F.);
#236=ORIENTED_EDGE('',*,*,#782,.T.);
#237=ORIENTED_EDGE('',*,*,#783,.F.);
#238=ORIENTED_EDGE('',*,*,#784,.T.);
#239=ORIENTED_EDGE('',*,*,#785,.F.);
#240=ORIENTED_EDGE('',*,*,#786,.T.);
#241=ORIENTED_EDGE('',*,*,#787,.T.);
#242=ORIENTED_EDGE('',*,*,#788,.T.);
#243=ORIENTED_EDGE('',*,*,#789,.T.);
#244=ORIENTED_EDGE('',*,*,#790,.T.);
#245=ORIENTED_EDGE('',*,*,#791,.T.);
#246=ORIENTED_EDGE('',*,*,#792,.T.);
#247=ORIENTED_EDGE('',*,*,#793,.F.);
#248=ORIENTED_EDGE('',*,*,#794,.T.);
#249=ORIENTED_EDGE('',*,*,#795,.F.);
#250=ORIENTED_EDGE('',*,*,#796,.T.);
#251=ORIENTED_EDGE('',*,*,#797,.F.);
#252=ORIENTED_EDGE('',*,*,#798,.T.);
#253=ORIENTED_EDGE('',*,*,#799,.T.);
#254=ORIENTED_EDGE('',*,*,#800,.T.);
#255=ORIENTED_EDGE('',*,*,#801,.F.);
#256=ORIENTED_EDGE('',*,*,#802,.T.);
#257=ORIENTED_EDGE('',*,*,#803,.T.);
#258=ORIENTED_EDGE('',*,*,#804,.T.);
#259=ORIENTED_EDGE('',*,*,#805,.F.);
#260=ORIENTED_EDGE('',*,*,#806,.T.);
#261=ORIENTED_EDGE('',*,*,#807,.F.);
#262=ORIENTED_EDGE('',*,*,#808,.F.);
#263=ORIENTED_EDGE('',*,*,#780,.F.);
#264=ORIENTED_EDGE('',*,*,#809,.T.);
#265=ORIENTED_EDGE('',*,*,#810,.F.);
#266=ORIENTED_EDGE('',*,*,#811,.T.);
#267=ORIENTED_EDGE('',*,*,#812,.F.);
#268=ORIENTED_EDGE('',*,*,#813,.F.);
#269=ORIENTED_EDGE('',*,*,#814,.F.);
#270=ORIENTED_EDGE('',*,*,#815,.F.);
#271=ORIENTED_EDGE('',*,*,#816,.F.);
#272=ORIENTED_EDGE('',*,*,#817,.F.);
#273=ORIENTED_EDGE('',*,*,#818,.F.);
#274=ORIENTED_EDGE('',*,*,#819,.T.);
#275=ORIENTED_EDGE('',*,*,#820,.T.);
#276=ORIENTED_EDGE('',*,*,#821,.F.);
#277=ORIENTED_EDGE('',*,*,#822,.T.);
#278=ORIENTED_EDGE('',*,*,#823,.F.);
#279=ORIENTED_EDGE('',*,*,#824,.T.);
#280=ORIENTED_EDGE('',*,*,#825,.F.);
#281=ORIENTED_EDGE('',*,*,#826,.T.);
#282=ORIENTED_EDGE('',*,*,#827,.F.);
#283=ORIENTED_EDGE('',*,*,#828,.T.);
#284=ORIENTED_EDGE('',*,*,#829,.T.);
#285=ORIENTED_EDGE('',*,*,#830,.F.);
#286=ORIENTED_EDGE('',*,*,#831,.F.);
#287=ORIENTED_EDGE('',*,*,#832,.F.);
#288=ORIENTED_EDGE('',*,*,#833,.F.);
#289=ORIENTED_EDGE('',*,*,#834,.F.);
#290=ORIENTED_EDGE('',*,*,#835,.F.);
#291=ORIENTED_EDGE('',*,*,#836,.F.);
#292=ORIENTED_EDGE('',*,*,#837,.T.);
#293=ORIENTED_EDGE('',*,*,#838,.F.);
#294=ORIENTED_EDGE('',*,*,#839,.T.);
#295=ORIENTED_EDGE('',*,*,#766,.T.);
#296=ORIENTED_EDGE('',*,*,#840,.T.);
#297=ORIENTED_EDGE('',*,*,#778,.T.);
#298=ORIENTED_EDGE('',*,*,#841,.T.);
#299=ORIENTED_EDGE('',*,*,#768,.F.);
#300=ORIENTED_EDGE('',*,*,#842,.F.);
#301=ORIENTED_EDGE('',*,*,#843,.F.);
#302=ORIENTED_EDGE('',*,*,#844,.F.);
#303=ORIENTED_EDGE('',*,*,#845,.F.);
#304=ORIENTED_EDGE('',*,*,#846,.T.);
#305=ORIENTED_EDGE('',*,*,#847,.F.);
#306=ORIENTED_EDGE('',*,*,#848,.F.);
#307=ORIENTED_EDGE('',*,*,#849,.F.);
#308=ORIENTED_EDGE('',*,*,#850,.T.);
#309=ORIENTED_EDGE('',*,*,#851,.F.);
#310=ORIENTED_EDGE('',*,*,#852,.F.);
#311=ORIENTED_EDGE('',*,*,#853,.F.);
#312=ORIENTED_EDGE('',*,*,#854,.F.);
#313=ORIENTED_EDGE('',*,*,#855,.F.);
#314=ORIENTED_EDGE('',*,*,#856,.F.);
#315=ORIENTED_EDGE('',*,*,#857,.F.);
#316=ORIENTED_EDGE('',*,*,#858,.F.);
#317=ORIENTED_EDGE('',*,*,#859,.F.);
#318=ORIENTED_EDGE('',*,*,#860,.F.);
#319=ORIENTED_EDGE('',*,*,#861,.F.);
#320=ORIENTED_EDGE('',*,*,#862,.F.);
#321=ORIENTED_EDGE('',*,*,#863,.F.);
#322=ORIENTED_EDGE('',*,*,#864,.T.);
#323=ORIENTED_EDGE('',*,*,#865,.F.);
#324=ORIENTED_EDGE('',*,*,#866,.F.);
#325=ORIENTED_EDGE('',*,*,#867,.F.);
#326=ORIENTED_EDGE('',*,*,#868,.T.);
#327=ORIENTED_EDGE('',*,*,#869,.F.);
#328=ORIENTED_EDGE('',*,*,#870,.F.);
#329=ORIENTED_EDGE('',*,*,#871,.F.);
#330=ORIENTED_EDGE('',*,*,#872,.F.);
#331=ORIENTED_EDGE('',*,*,#873,.F.);
#332=ORIENTED_EDGE('',*,*,#874,.F.);
#333=ORIENTED_EDGE('',*,*,#875,.F.);
#334=ORIENTED_EDGE('',*,*,#876,.F.);
#335=ORIENTED_EDGE('',*,*,#877,.F.);
#336=ORIENTED_EDGE('',*,*,#878,.F.);
#337=ORIENTED_EDGE('',*,*,#879,.F.);
#338=ORIENTED_EDGE('',*,*,#880,.F.);
#339=ORIENTED_EDGE('',*,*,#881,.F.);
#340=ORIENTED_EDGE('',*,*,#882,.F.);
#341=ORIENTED_EDGE('',*,*,#883,.F.);
#342=ORIENTED_EDGE('',*,*,#884,.F.);
#343=ORIENTED_EDGE('',*,*,#885,.F.);
#344=ORIENTED_EDGE('',*,*,#886,.F.);
#345=ORIENTED_EDGE('',*,*,#887,.F.);
#346=ORIENTED_EDGE('',*,*,#888,.F.);
#347=ORIENTED_EDGE('',*,*,#889,.F.);
#348=ORIENTED_EDGE('',*,*,#800,.F.);
#349=ORIENTED_EDGE('',*,*,#890,.T.);
#350=ORIENTED_EDGE('',*,*,#875,.T.);
#351=ORIENTED_EDGE('',*,*,#891,.F.);
#352=ORIENTED_EDGE('',*,*,#801,.T.);
#353=ORIENTED_EDGE('',*,*,#889,.T.);
#354=ORIENTED_EDGE('',*,*,#874,.T.);
#355=ORIENTED_EDGE('',*,*,#891,.T.);
#356=ORIENTED_EDGE('',*,*,#873,.T.);
#357=ORIENTED_EDGE('',*,*,#892,.F.);
#358=ORIENTED_EDGE('',*,*,#802,.F.);
#359=ORIENTED_EDGE('',*,*,#890,.F.);
#360=ORIENTED_EDGE('',*,*,#807,.T.);
#361=ORIENTED_EDGE('',*,*,#893,.T.);
#362=ORIENTED_EDGE('',*,*,#876,.T.);
#363=ORIENTED_EDGE('',*,*,#893,.F.);
#364=ORIENTED_EDGE('',*,*,#806,.F.);
#365=ORIENTED_EDGE('',*,*,#894,.T.);
#366=ORIENTED_EDGE('',*,*,#877,.T.);
#367=ORIENTED_EDGE('',*,*,#894,.F.);
#368=ORIENTED_EDGE('',*,*,#805,.T.);
#369=ORIENTED_EDGE('',*,*,#895,.T.);
#370=ORIENTED_EDGE('',*,*,#878,.T.);
#371=ORIENTED_EDGE('',*,*,#895,.F.);
#372=ORIENTED_EDGE('',*,*,#804,.F.);
#373=ORIENTED_EDGE('',*,*,#896,.T.);
#374=ORIENTED_EDGE('',*,*,#879,.T.);
#375=ORIENTED_EDGE('',*,*,#803,.F.);
#376=ORIENTED_EDGE('',*,*,#892,.T.);
#377=ORIENTED_EDGE('',*,*,#880,.T.);
#378=ORIENTED_EDGE('',*,*,#896,.F.);
#379=ORIENTED_EDGE('',*,*,#897,.T.);
#380=ORIENTED_EDGE('',*,*,#881,.T.);
#381=ORIENTED_EDGE('',*,*,#898,.F.);
#382=ORIENTED_EDGE('',*,*,#794,.F.);
#383=ORIENTED_EDGE('',*,*,#897,.F.);
#384=ORIENTED_EDGE('',*,*,#793,.T.);
#385=ORIENTED_EDGE('',*,*,#899,.T.);
#386=ORIENTED_EDGE('',*,*,#882,.T.);
#387=ORIENTED_EDGE('',*,*,#899,.F.);
#388=ORIENTED_EDGE('',*,*,#792,.F.);
#389=ORIENTED_EDGE('',*,*,#900,.T.);
#390=ORIENTED_EDGE('',*,*,#883,.T.);
#391=ORIENTED_EDGE('',*,*,#799,.F.);
#392=ORIENTED_EDGE('',*,*,#901,.T.);
#393=ORIENTED_EDGE('',*,*,#884,.T.);
#394=ORIENTED_EDGE('',*,*,#900,.F.);
#395=ORIENTED_EDGE('',*,*,#902,.T.);
#396=ORIENTED_EDGE('',*,*,#885,.T.);
#397=ORIENTED_EDGE('',*,*,#901,.F.);
#398=ORIENTED_EDGE('',*,*,#798,.F.);
#399=ORIENTED_EDGE('',*,*,#902,.F.);
#400=ORIENTED_EDGE('',*,*,#797,.T.);
#401=ORIENTED_EDGE('',*,*,#903,.T.);
#402=ORIENTED_EDGE('',*,*,#886,.T.);
#403=ORIENTED_EDGE('',*,*,#904,.T.);
#404=ORIENTED_EDGE('',*,*,#887,.T.);
#405=ORIENTED_EDGE('',*,*,#903,.F.);
#406=ORIENTED_EDGE('',*,*,#796,.F.);
#407=ORIENTED_EDGE('',*,*,#904,.F.);
#408=ORIENTED_EDGE('',*,*,#795,.T.);
#409=ORIENTED_EDGE('',*,*,#898,.T.);
#410=ORIENTED_EDGE('',*,*,#888,.T.);
#411=ORIENTED_EDGE('',*,*,#836,.T.);
#412=ORIENTED_EDGE('',*,*,#905,.F.);
#413=ORIENTED_EDGE('',*,*,#845,.T.);
#414=ORIENTED_EDGE('',*,*,#906,.T.);
#415=ORIENTED_EDGE('',*,*,#905,.T.);
#416=ORIENTED_EDGE('',*,*,#835,.T.);
#417=ORIENTED_EDGE('',*,*,#907,.T.);
#418=ORIENTED_EDGE('',*,*,#846,.F.);
#419=ORIENTED_EDGE('',*,*,#847,.T.);
#420=ORIENTED_EDGE('',*,*,#907,.F.);
#421=ORIENTED_EDGE('',*,*,#834,.T.);
#422=ORIENTED_EDGE('',*,*,#908,.T.);
#423=ORIENTED_EDGE('',*,*,#908,.F.);
#424=ORIENTED_EDGE('',*,*,#833,.T.);
#425=ORIENTED_EDGE('',*,*,#909,.F.);
#426=ORIENTED_EDGE('',*,*,#848,.T.);
#427=ORIENTED_EDGE('',*,*,#832,.T.);
#428=ORIENTED_EDGE('',*,*,#910,.F.);
#429=ORIENTED_EDGE('',*,*,#849,.T.);
#430=ORIENTED_EDGE('',*,*,#909,.T.);
#431=ORIENTED_EDGE('',*,*,#910,.T.);
#432=ORIENTED_EDGE('',*,*,#831,.T.);
#433=ORIENTED_EDGE('',*,*,#911,.T.);
#434=ORIENTED_EDGE('',*,*,#850,.F.);
#435=ORIENTED_EDGE('',*,*,#851,.T.);
#436=ORIENTED_EDGE('',*,*,#911,.F.);
#437=ORIENTED_EDGE('',*,*,#830,.T.);
#438=ORIENTED_EDGE('',*,*,#912,.T.);
#439=ORIENTED_EDGE('',*,*,#906,.F.);
#440=ORIENTED_EDGE('',*,*,#844,.T.);
#441=ORIENTED_EDGE('',*,*,#913,.F.);
#442=ORIENTED_EDGE('',*,*,#837,.F.);
#443=ORIENTED_EDGE('',*,*,#912,.F.);
#444=ORIENTED_EDGE('',*,*,#829,.F.);
#445=ORIENTED_EDGE('',*,*,#914,.T.);
#446=ORIENTED_EDGE('',*,*,#852,.T.);
#447=ORIENTED_EDGE('',*,*,#915,.F.);
#448=ORIENTED_EDGE('',*,*,#838,.T.);
#449=ORIENTED_EDGE('',*,*,#913,.T.);
#450=ORIENTED_EDGE('',*,*,#843,.T.);
#451=ORIENTED_EDGE('',*,*,#915,.T.);
#452=ORIENTED_EDGE('',*,*,#842,.T.);
#453=ORIENTED_EDGE('',*,*,#767,.F.);
#454=ORIENTED_EDGE('',*,*,#839,.F.);
#455=ORIENTED_EDGE('',*,*,#916,.F.);
#456=ORIENTED_EDGE('',*,*,#809,.F.);
#457=ORIENTED_EDGE('',*,*,#779,.T.);
#458=ORIENTED_EDGE('',*,*,#872,.T.);
#459=ORIENTED_EDGE('',*,*,#917,.F.);
#460=ORIENTED_EDGE('',*,*,#810,.T.);
#461=ORIENTED_EDGE('',*,*,#916,.T.);
#462=ORIENTED_EDGE('',*,*,#871,.T.);
#463=ORIENTED_EDGE('',*,*,#918,.F.);
#464=ORIENTED_EDGE('',*,*,#811,.F.);
#465=ORIENTED_EDGE('',*,*,#917,.T.);
#466=ORIENTED_EDGE('',*,*,#870,.T.);
#467=ORIENTED_EDGE('',*,*,#919,.F.);
#468=ORIENTED_EDGE('',*,*,#862,.T.);
#469=ORIENTED_EDGE('',*,*,#920,.F.);
#470=ORIENTED_EDGE('',*,*,#819,.F.);
#471=ORIENTED_EDGE('',*,*,#869,.T.);
#472=ORIENTED_EDGE('',*,*,#921,.F.);
#473=ORIENTED_EDGE('',*,*,#812,.T.);
#474=ORIENTED_EDGE('',*,*,#918,.T.);
#475=ORIENTED_EDGE('',*,*,#922,.T.);
#476=ORIENTED_EDGE('',*,*,#813,.T.);
#477=ORIENTED_EDGE('',*,*,#921,.T.);
#478=ORIENTED_EDGE('',*,*,#868,.F.);
#479=ORIENTED_EDGE('',*,*,#814,.T.);
#480=ORIENTED_EDGE('',*,*,#922,.F.);
#481=ORIENTED_EDGE('',*,*,#867,.T.);
#482=ORIENTED_EDGE('',*,*,#923,.T.);
#483=ORIENTED_EDGE('',*,*,#923,.F.);
#484=ORIENTED_EDGE('',*,*,#866,.T.);
#485=ORIENTED_EDGE('',*,*,#924,.F.);
#486=ORIENTED_EDGE('',*,*,#815,.T.);
#487=ORIENTED_EDGE('',*,*,#865,.T.);
#488=ORIENTED_EDGE('',*,*,#925,.F.);
#489=ORIENTED_EDGE('',*,*,#816,.T.);
#490=ORIENTED_EDGE('',*,*,#924,.T.);
#491=ORIENTED_EDGE('',*,*,#925,.T.);
#492=ORIENTED_EDGE('',*,*,#864,.F.);
#493=ORIENTED_EDGE('',*,*,#926,.T.);
#494=ORIENTED_EDGE('',*,*,#817,.T.);
#495=ORIENTED_EDGE('',*,*,#818,.T.);
#496=ORIENTED_EDGE('',*,*,#926,.F.);
#497=ORIENTED_EDGE('',*,*,#863,.T.);
#498=ORIENTED_EDGE('',*,*,#919,.T.);
#499=ORIENTED_EDGE('',*,*,#927,.T.);
#500=ORIENTED_EDGE('',*,*,#820,.F.);
#501=ORIENTED_EDGE('',*,*,#920,.T.);
#502=ORIENTED_EDGE('',*,*,#861,.T.);
#503=ORIENTED_EDGE('',*,*,#821,.T.);
#504=ORIENTED_EDGE('',*,*,#927,.F.);
#505=ORIENTED_EDGE('',*,*,#860,.T.);
#506=ORIENTED_EDGE('',*,*,#928,.T.);
#507=ORIENTED_EDGE('',*,*,#929,.F.);
#508=ORIENTED_EDGE('',*,*,#822,.F.);
#509=ORIENTED_EDGE('',*,*,#928,.F.);
#510=ORIENTED_EDGE('',*,*,#859,.T.);
#511=ORIENTED_EDGE('',*,*,#930,.F.);
#512=ORIENTED_EDGE('',*,*,#823,.T.);
#513=ORIENTED_EDGE('',*,*,#929,.T.);
#514=ORIENTED_EDGE('',*,*,#858,.T.);
#515=ORIENTED_EDGE('',*,*,#930,.T.);
#516=ORIENTED_EDGE('',*,*,#857,.T.);
#517=ORIENTED_EDGE('',*,*,#931,.F.);
#518=ORIENTED_EDGE('',*,*,#824,.F.);
#519=ORIENTED_EDGE('',*,*,#932,.F.);
#520=ORIENTED_EDGE('',*,*,#825,.T.);
#521=ORIENTED_EDGE('',*,*,#931,.T.);
#522=ORIENTED_EDGE('',*,*,#856,.T.);
#523=ORIENTED_EDGE('',*,*,#932,.T.);
#524=ORIENTED_EDGE('',*,*,#855,.T.);
#525=ORIENTED_EDGE('',*,*,#933,.T.);
#526=ORIENTED_EDGE('',*,*,#826,.F.);
#527=ORIENTED_EDGE('',*,*,#827,.T.);
#528=ORIENTED_EDGE('',*,*,#933,.F.);
#529=ORIENTED_EDGE('',*,*,#854,.T.);
#530=ORIENTED_EDGE('',*,*,#934,.T.);
#531=ORIENTED_EDGE('',*,*,#934,.F.);
#532=ORIENTED_EDGE('',*,*,#853,.T.);
#533=ORIENTED_EDGE('',*,*,#914,.F.);
#534=ORIENTED_EDGE('',*,*,#828,.F.);
#535=ORIENTED_EDGE('',*,*,#808,.T.);
#536=ORIENTED_EDGE('',*,*,#935,.T.);
#537=ORIENTED_EDGE('',*,*,#936,.T.);
#538=ORIENTED_EDGE('',*,*,#937,.T.);
#539=ORIENTED_EDGE('',*,*,#938,.T.);
#540=ORIENTED_EDGE('',*,*,#939,.T.);
#541=ORIENTED_EDGE('',*,*,#940,.T.);
#542=ORIENTED_EDGE('',*,*,#941,.F.);
#543=ORIENTED_EDGE('',*,*,#942,.T.);
#544=ORIENTED_EDGE('',*,*,#943,.T.);
#545=ORIENTED_EDGE('',*,*,#944,.T.);
#546=ORIENTED_EDGE('',*,*,#781,.T.);
#547=ORIENTED_EDGE('',*,*,#945,.F.);
#548=ORIENTED_EDGE('',*,*,#946,.F.);
#549=ORIENTED_EDGE('',*,*,#947,.F.);
#550=ORIENTED_EDGE('',*,*,#946,.T.);
#551=ORIENTED_EDGE('',*,*,#948,.T.);
#552=ORIENTED_EDGE('',*,*,#949,.T.);
#553=ORIENTED_EDGE('',*,*,#950,.T.);
#554=ORIENTED_EDGE('',*,*,#951,.T.);
#555=ORIENTED_EDGE('',*,*,#947,.T.);
#556=ORIENTED_EDGE('',*,*,#952,.T.);
#557=ORIENTED_EDGE('',*,*,#953,.T.);
#558=ORIENTED_EDGE('',*,*,#954,.T.);
#559=ORIENTED_EDGE('',*,*,#955,.T.);
#560=ORIENTED_EDGE('',*,*,#956,.T.);
#561=ORIENTED_EDGE('',*,*,#952,.F.);
#562=ORIENTED_EDGE('',*,*,#945,.T.);
#563=ORIENTED_EDGE('',*,*,#957,.F.);
#564=ORIENTED_EDGE('',*,*,#958,.T.);
#565=ORIENTED_EDGE('',*,*,#941,.T.);
#566=ORIENTED_EDGE('',*,*,#959,.T.);
#567=ORIENTED_EDGE('',*,*,#783,.T.);
#568=ORIENTED_EDGE('',*,*,#960,.T.);
#569=ORIENTED_EDGE('',*,*,#961,.T.);
#570=ORIENTED_EDGE('',*,*,#962,.T.);
#571=ORIENTED_EDGE('',*,*,#963,.T.);
#572=ORIENTED_EDGE('',*,*,#964,.T.);
#573=ORIENTED_EDGE('',*,*,#957,.T.);
#574=ORIENTED_EDGE('',*,*,#791,.F.);
#575=ORIENTED_EDGE('',*,*,#939,.F.);
#576=ORIENTED_EDGE('',*,*,#965,.T.);
#577=ORIENTED_EDGE('',*,*,#966,.T.);
#578=ORIENTED_EDGE('',*,*,#785,.T.);
#579=ORIENTED_EDGE('',*,*,#967,.T.);
#580=ORIENTED_EDGE('',*,*,#968,.T.);
#581=ORIENTED_EDGE('',*,*,#969,.T.);
#582=ORIENTED_EDGE('',*,*,#786,.F.);
#583=ORIENTED_EDGE('',*,*,#966,.F.);
#584=ORIENTED_EDGE('',*,*,#970,.T.);
#585=ORIENTED_EDGE('',*,*,#971,.T.);
#586=ORIENTED_EDGE('',*,*,#773,.F.);
#587=ORIENTED_EDGE('',*,*,#972,.T.);
#588=ORIENTED_EDGE('',*,*,#973,.T.);
#589=ORIENTED_EDGE('',*,*,#974,.T.);
#590=ORIENTED_EDGE('',*,*,#975,.T.);
#591=ORIENTED_EDGE('',*,*,#976,.T.);
#592=ORIENTED_EDGE('',*,*,#977,.T.);
#593=ORIENTED_EDGE('',*,*,#978,.T.);
#594=ORIENTED_EDGE('',*,*,#979,.T.);
#595=ORIENTED_EDGE('',*,*,#980,.T.);
#596=ORIENTED_EDGE('',*,*,#981,.T.);
#597=ORIENTED_EDGE('',*,*,#982,.T.);
#598=ORIENTED_EDGE('',*,*,#983,.T.);
#599=ORIENTED_EDGE('',*,*,#984,.T.);
#600=ORIENTED_EDGE('',*,*,#985,.T.);
#601=ORIENTED_EDGE('',*,*,#986,.T.);
#602=ORIENTED_EDGE('',*,*,#987,.T.);
#603=ORIENTED_EDGE('',*,*,#959,.F.);
#604=ORIENTED_EDGE('',*,*,#940,.F.);
#605=ORIENTED_EDGE('',*,*,#967,.F.);
#606=ORIENTED_EDGE('',*,*,#784,.F.);
#607=ORIENTED_EDGE('',*,*,#788,.F.);
#608=ORIENTED_EDGE('',*,*,#988,.T.);
#609=ORIENTED_EDGE('',*,*,#989,.T.);
#610=ORIENTED_EDGE('',*,*,#769,.F.);
#611=ORIENTED_EDGE('',*,*,#990,.F.);
#612=ORIENTED_EDGE('',*,*,#990,.T.);
#613=ORIENTED_EDGE('',*,*,#841,.F.);
#614=ORIENTED_EDGE('',*,*,#991,.F.);
#615=ORIENTED_EDGE('',*,*,#789,.F.);
#616=ORIENTED_EDGE('',*,*,#777,.F.);
#617=ORIENTED_EDGE('',*,*,#992,.T.);
#618=ORIENTED_EDGE('',*,*,#960,.F.);
#619=ORIENTED_EDGE('',*,*,#790,.F.);
#620=ORIENTED_EDGE('',*,*,#991,.T.);
#621=ORIENTED_EDGE('',*,*,#938,.F.);
#622=ORIENTED_EDGE('',*,*,#993,.T.);
#623=ORIENTED_EDGE('',*,*,#970,.F.);
#624=ORIENTED_EDGE('',*,*,#965,.F.);
#625=ORIENTED_EDGE('',*,*,#994,.T.);
#626=ORIENTED_EDGE('',*,*,#995,.T.);
#627=ORIENTED_EDGE('',*,*,#968,.F.);
#628=ORIENTED_EDGE('',*,*,#996,.T.);
#629=ORIENTED_EDGE('',*,*,#955,.F.);
#630=ORIENTED_EDGE('',*,*,#978,.F.);
#631=ORIENTED_EDGE('',*,*,#997,.T.);
#632=ORIENTED_EDGE('',*,*,#953,.F.);
#633=ORIENTED_EDGE('',*,*,#998,.T.);
#634=ORIENTED_EDGE('',*,*,#999,.F.);
#635=ORIENTED_EDGE('',*,*,#942,.F.);
#636=ORIENTED_EDGE('',*,*,#958,.F.);
#637=ORIENTED_EDGE('',*,*,#964,.F.);
#638=ORIENTED_EDGE('',*,*,#1000,.F.);
#639=ORIENTED_EDGE('',*,*,#1001,.F.);
#640=ORIENTED_EDGE('',*,*,#999,.T.);
#641=ORIENTED_EDGE('',*,*,#1001,.T.);
#642=ORIENTED_EDGE('',*,*,#980,.F.);
#643=ORIENTED_EDGE('',*,*,#1002,.F.);
#644=ORIENTED_EDGE('',*,*,#943,.F.);
#645=ORIENTED_EDGE('',*,*,#782,.F.);
#646=ORIENTED_EDGE('',*,*,#944,.F.);
#647=ORIENTED_EDGE('',*,*,#1003,.F.);
#648=ORIENTED_EDGE('',*,*,#972,.F.);
#649=ORIENTED_EDGE('',*,*,#1000,.T.);
#650=ORIENTED_EDGE('',*,*,#963,.F.);
#651=ORIENTED_EDGE('',*,*,#1004,.F.);
#652=ORIENTED_EDGE('',*,*,#981,.F.);
#653=ORIENTED_EDGE('',*,*,#1003,.T.);
#654=ORIENTED_EDGE('',*,*,#1002,.T.);
#655=ORIENTED_EDGE('',*,*,#1005,.F.);
#656=ORIENTED_EDGE('',*,*,#1006,.F.);
#657=ORIENTED_EDGE('',*,*,#1007,.F.);
#658=ORIENTED_EDGE('',*,*,#1004,.T.);
#659=ORIENTED_EDGE('',*,*,#1007,.T.);
#660=ORIENTED_EDGE('',*,*,#950,.F.);
#661=ORIENTED_EDGE('',*,*,#1008,.F.);
#662=ORIENTED_EDGE('',*,*,#982,.F.);
#663=ORIENTED_EDGE('',*,*,#1005,.T.);
#664=ORIENTED_EDGE('',*,*,#983,.F.);
#665=ORIENTED_EDGE('',*,*,#1009,.F.);
#666=ORIENTED_EDGE('',*,*,#973,.F.);
#667=ORIENTED_EDGE('',*,*,#1010,.F.);
#668=ORIENTED_EDGE('',*,*,#961,.F.);
#669=ORIENTED_EDGE('',*,*,#992,.F.);
#670=ORIENTED_EDGE('',*,*,#1011,.F.);
#671=ORIENTED_EDGE('',*,*,#962,.F.);
#672=ORIENTED_EDGE('',*,*,#1010,.T.);
#673=ORIENTED_EDGE('',*,*,#1012,.F.);
#674=ORIENTED_EDGE('',*,*,#951,.F.);
#675=ORIENTED_EDGE('',*,*,#1006,.T.);
#676=ORIENTED_EDGE('',*,*,#1009,.T.);
#677=ORIENTED_EDGE('',*,*,#1008,.T.);
#678=ORIENTED_EDGE('',*,*,#1013,.F.);
#679=ORIENTED_EDGE('',*,*,#1011,.T.);
#680=ORIENTED_EDGE('',*,*,#776,.F.);
#681=ORIENTED_EDGE('',*,*,#1014,.F.);
#682=ORIENTED_EDGE('',*,*,#1012,.T.);
#683=ORIENTED_EDGE('',*,*,#1013,.T.);
#684=ORIENTED_EDGE('',*,*,#949,.F.);
#685=ORIENTED_EDGE('',*,*,#1015,.F.);
#686=ORIENTED_EDGE('',*,*,#974,.F.);
#687=ORIENTED_EDGE('',*,*,#1014,.T.);
#688=ORIENTED_EDGE('',*,*,#775,.F.);
#689=ORIENTED_EDGE('',*,*,#1016,.F.);
#690=ORIENTED_EDGE('',*,*,#948,.F.);
#691=ORIENTED_EDGE('',*,*,#975,.F.);
#692=ORIENTED_EDGE('',*,*,#1015,.T.);
#693=ORIENTED_EDGE('',*,*,#1016,.T.);
#694=ORIENTED_EDGE('',*,*,#774,.F.);
#695=ORIENTED_EDGE('',*,*,#1017,.F.);
#696=ORIENTED_EDGE('',*,*,#996,.F.);
#697=ORIENTED_EDGE('',*,*,#1018,.F.);
#698=ORIENTED_EDGE('',*,*,#1018,.T.);
#699=ORIENTED_EDGE('',*,*,#971,.F.);
#700=ORIENTED_EDGE('',*,*,#1019,.F.);
#701=ORIENTED_EDGE('',*,*,#987,.F.);
#702=ORIENTED_EDGE('',*,*,#1017,.T.);
#703=ORIENTED_EDGE('',*,*,#986,.F.);
#704=ORIENTED_EDGE('',*,*,#1020,.F.);
#705=ORIENTED_EDGE('',*,*,#956,.F.);
#706=ORIENTED_EDGE('',*,*,#1019,.T.);
#707=ORIENTED_EDGE('',*,*,#993,.F.);
#708=ORIENTED_EDGE('',*,*,#1021,.F.);
#709=ORIENTED_EDGE('',*,*,#998,.F.);
#710=ORIENTED_EDGE('',*,*,#1020,.T.);
#711=ORIENTED_EDGE('',*,*,#1022,.F.);
#712=ORIENTED_EDGE('',*,*,#1021,.T.);
#713=ORIENTED_EDGE('',*,*,#937,.F.);
#714=ORIENTED_EDGE('',*,*,#1023,.F.);
#715=ORIENTED_EDGE('',*,*,#984,.F.);
#716=ORIENTED_EDGE('',*,*,#1022,.T.);
#717=ORIENTED_EDGE('',*,*,#985,.F.);
#718=ORIENTED_EDGE('',*,*,#1024,.F.);
#719=ORIENTED_EDGE('',*,*,#979,.F.);
#720=ORIENTED_EDGE('',*,*,#1024,.T.);
#721=ORIENTED_EDGE('',*,*,#1023,.T.);
#722=ORIENTED_EDGE('',*,*,#1025,.F.);
#723=ORIENTED_EDGE('',*,*,#936,.F.);
#724=ORIENTED_EDGE('',*,*,#1026,.T.);
#725=ORIENTED_EDGE('',*,*,#976,.F.);
#726=ORIENTED_EDGE('',*,*,#1025,.T.);
#727=ORIENTED_EDGE('',*,*,#787,.F.);
#728=ORIENTED_EDGE('',*,*,#969,.F.);
#729=ORIENTED_EDGE('',*,*,#1027,.F.);
#730=ORIENTED_EDGE('',*,*,#988,.F.);
#731=ORIENTED_EDGE('',*,*,#1027,.T.);
#732=ORIENTED_EDGE('',*,*,#995,.F.);
#733=ORIENTED_EDGE('',*,*,#1028,.F.);
#734=ORIENTED_EDGE('',*,*,#989,.F.);
#735=ORIENTED_EDGE('',*,*,#1028,.T.);
#736=ORIENTED_EDGE('',*,*,#994,.F.);
#737=ORIENTED_EDGE('',*,*,#1029,.F.);
#738=ORIENTED_EDGE('',*,*,#770,.F.);
#739=ORIENTED_EDGE('',*,*,#1029,.T.);
#740=ORIENTED_EDGE('',*,*,#954,.F.);
#741=ORIENTED_EDGE('',*,*,#1030,.F.);
#742=ORIENTED_EDGE('',*,*,#771,.F.);
#743=ORIENTED_EDGE('',*,*,#1030,.T.);
#744=ORIENTED_EDGE('',*,*,#997,.F.);
#745=ORIENTED_EDGE('',*,*,#1031,.F.);
#746=ORIENTED_EDGE('',*,*,#772,.F.);
#747=ORIENTED_EDGE('',*,*,#1031,.T.);
#748=ORIENTED_EDGE('',*,*,#977,.F.);
#749=ORIENTED_EDGE('',*,*,#1032,.F.);
#750=ORIENTED_EDGE('',*,*,#764,.F.);
#751=ORIENTED_EDGE('',*,*,#1032,.T.);
#752=ORIENTED_EDGE('',*,*,#1026,.F.);
#753=ORIENTED_EDGE('',*,*,#935,.F.);
#754=ORIENTED_EDGE('',*,*,#840,.F.);
#755=ORIENTED_EDGE('',*,*,#765,.F.);
#756=ORIENTED_EDGE('',*,*,#1033,.F.);
#757=ORIENTED_EDGE('',*,*,#1033,.T.);
#758=ORIENTED_EDGE('',*,*,#1034,.F.);
#759=ORIENTED_EDGE('',*,*,#1034,.T.);
#760=ORIENTED_EDGE('',*,*,#1035,.F.);
#761=ORIENTED_EDGE('',*,*,#1035,.T.);
#762=ORIENTED_EDGE('',*,*,#1036,.F.);
#763=ORIENTED_EDGE('',*,*,#1036,.T.);
#764=EDGE_CURVE('',#1037,#1038,#1210,.F.);
#765=EDGE_CURVE('',#1038,#1039,#102,.T.);
#766=EDGE_CURVE('',#1040,#1039,#1211,.T.);
#767=EDGE_CURVE('',#1040,#1041,#1212,.T.);
#768=EDGE_CURVE('',#1041,#1042,#1213,.T.);
#769=EDGE_CURVE('',#1042,#1043,#1214,.T.);
#770=EDGE_CURVE('',#1043,#1044,#103,.T.);
#771=EDGE_CURVE('',#1044,#1045,#1215,.F.);
#772=EDGE_CURVE('',#1045,#1037,#104,.T.);
#773=EDGE_CURVE('',#1046,#1047,#1216,.T.);
#774=EDGE_CURVE('',#1047,#1048,#105,.F.);
#775=EDGE_CURVE('',#1048,#1049,#1217,.T.);
#776=EDGE_CURVE('',#1049,#1050,#106,.F.);
#777=EDGE_CURVE('',#1050,#1051,#1218,.T.);
#778=EDGE_CURVE('',#1052,#1051,#1219,.T.);
#779=EDGE_CURVE('',#1053,#1052,#92,.F.);
#780=EDGE_CURVE('',#1053,#1054,#1220,.T.);
#781=EDGE_CURVE('',#1055,#1054,#1221,.T.);
#782=EDGE_CURVE('',#1055,#1046,#107,.F.);
#783=EDGE_CURVE('',#1056,#1057,#1222,.T.);
#784=EDGE_CURVE('',#1056,#1058,#1223,.T.);
#785=EDGE_CURVE('',#1059,#1058,#1224,.T.);
#786=EDGE_CURVE('',#1059,#1060,#1225,.T.);
#787=EDGE_CURVE('',#1060,#1061,#93,.T.);
#788=EDGE_CURVE('',#1061,#1062,#1226,.F.);
#789=EDGE_CURVE('',#1062,#1063,#1227,.T.);
#790=EDGE_CURVE('',#1063,#1064,#1228,.F.);
#791=EDGE_CURVE('',#1064,#1057,#1229,.T.);
#792=EDGE_CURVE('',#1065,#1066,#108,.T.);
#793=EDGE_CURVE('',#1067,#1066,#109,.T.);
#794=EDGE_CURVE('',#1067,#1068,#1230,.T.);
#795=EDGE_CURVE('',#1069,#1068,#110,.T.);
#796=EDGE_CURVE('',#1069,#1070,#1231,.T.);
#797=EDGE_CURVE('',#1071,#1070,#111,.T.);
#798=EDGE_CURVE('',#1071,#1072,#1232,.T.);
#799=EDGE_CURVE('',#1072,#1065,#112,.T.);
#800=EDGE_CURVE('',#1073,#1074,#1233,.T.);
#801=EDGE_CURVE('',#1075,#1074,#113,.T.);
#802=EDGE_CURVE('',#1075,#1076,#114,.T.);
#803=EDGE_CURVE('',#1076,#1077,#115,.T.);
#804=EDGE_CURVE('',#1077,#1078,#1234,.T.);
#805=EDGE_CURVE('',#1079,#1078,#116,.T.);
#806=EDGE_CURVE('',#1079,#1080,#1235,.T.);
#807=EDGE_CURVE('',#1073,#1080,#117,.T.);
#808=EDGE_CURVE('',#1054,#1081,#1236,.T.);
#809=EDGE_CURVE('',#1053,#1082,#1237,.T.);
#810=EDGE_CURVE('',#1083,#1082,#118,.T.);
#811=EDGE_CURVE('',#1083,#1084,#119,.T.);
#812=EDGE_CURVE('',#1085,#1084,#120,.T.);
#813=EDGE_CURVE('',#1086,#1085,#1238,.T.);
#814=EDGE_CURVE('',#1087,#1086,#121,.T.);
#815=EDGE_CURVE('',#1088,#1087,#122,.T.);
#816=EDGE_CURVE('',#1089,#1088,#123,.T.);
#817=EDGE_CURVE('',#1090,#1089,#1239,.T.);
#818=EDGE_CURVE('',#1091,#1090,#124,.T.);
#819=EDGE_CURVE('',#1091,#1092,#125,.T.);
#820=EDGE_CURVE('',#1092,#1093,#1240,.T.);
#821=EDGE_CURVE('',#1094,#1093,#126,.T.);
#822=EDGE_CURVE('',#1094,#1095,#1241,.T.);
#823=EDGE_CURVE('',#1096,#1095,#127,.T.);
#824=EDGE_CURVE('',#1096,#1097,#1242,.T.);
#825=EDGE_CURVE('',#1098,#1097,#128,.T.);
#826=EDGE_CURVE('',#1098,#1099,#1243,.T.);
#827=EDGE_CURVE('',#1100,#1099,#129,.T.);
#828=EDGE_CURVE('',#1100,#1101,#1244,.T.);
#829=EDGE_CURVE('',#1101,#1102,#130,.T.);
#830=EDGE_CURVE('',#1103,#1102,#131,.T.);
#831=EDGE_CURVE('',#1104,#1103,#1245,.T.);
#832=EDGE_CURVE('',#1105,#1104,#132,.T.);
#833=EDGE_CURVE('',#1106,#1105,#133,.T.);
#834=EDGE_CURVE('',#1107,#1106,#134,.T.);
#835=EDGE_CURVE('',#1108,#1107,#1246,.T.);
#836=EDGE_CURVE('',#1109,#1108,#135,.T.);
#837=EDGE_CURVE('',#1109,#1110,#136,.T.);
#838=EDGE_CURVE('',#1111,#1110,#137,.T.);
#839=EDGE_CURVE('',#1111,#1040,#1247,.T.);
#840=EDGE_CURVE('',#1039,#1081,#94,.T.);
#841=EDGE_CURVE('',#1051,#1042,#1248,.F.);
#842=EDGE_CURVE('',#1112,#1041,#1249,.T.);
#843=EDGE_CURVE('',#1113,#1112,#138,.T.);
#844=EDGE_CURVE('',#1114,#1113,#139,.T.);
#845=EDGE_CURVE('',#1115,#1114,#140,.T.);
#846=EDGE_CURVE('',#1115,#1116,#1250,.T.);
#847=EDGE_CURVE('',#1117,#1116,#141,.T.);
#848=EDGE_CURVE('',#1118,#1117,#142,.T.);
#849=EDGE_CURVE('',#1119,#1118,#143,.T.);
#850=EDGE_CURVE('',#1119,#1120,#1251,.T.);
#851=EDGE_CURVE('',#1121,#1120,#144,.T.);
#852=EDGE_CURVE('',#1122,#1121,#145,.T.);
#853=EDGE_CURVE('',#1123,#1122,#1252,.T.);
#854=EDGE_CURVE('',#1124,#1123,#146,.T.);
#855=EDGE_CURVE('',#1125,#1124,#1253,.T.);
#856=EDGE_CURVE('',#1126,#1125,#147,.T.);
#857=EDGE_CURVE('',#1127,#1126,#1254,.T.);
#858=EDGE_CURVE('',#1128,#1127,#148,.T.);
#859=EDGE_CURVE('',#1129,#1128,#1255,.T.);
#860=EDGE_CURVE('',#1130,#1129,#149,.T.);
#861=EDGE_CURVE('',#1131,#1130,#1256,.T.);
#862=EDGE_CURVE('',#1132,#1131,#150,.T.);
#863=EDGE_CURVE('',#1133,#1132,#151,.T.);
#864=EDGE_CURVE('',#1133,#1134,#1257,.T.);
#865=EDGE_CURVE('',#1135,#1134,#152,.T.);
#866=EDGE_CURVE('',#1136,#1135,#153,.T.);
#867=EDGE_CURVE('',#1137,#1136,#154,.T.);
#868=EDGE_CURVE('',#1137,#1138,#1258,.T.);
#869=EDGE_CURVE('',#1139,#1138,#155,.T.);
#870=EDGE_CURVE('',#1140,#1139,#156,.T.);
#871=EDGE_CURVE('',#1141,#1140,#157,.T.);
#872=EDGE_CURVE('',#1052,#1141,#1259,.T.);
#873=EDGE_CURVE('',#1142,#1143,#158,.T.);
#874=EDGE_CURVE('',#1144,#1142,#159,.T.);
#875=EDGE_CURVE('',#1145,#1144,#1260,.T.);
#876=EDGE_CURVE('',#1146,#1145,#160,.T.);
#877=EDGE_CURVE('',#1147,#1146,#1261,.T.);
#878=EDGE_CURVE('',#1148,#1147,#161,.T.);
#879=EDGE_CURVE('',#1149,#1148,#1262,.T.);
#880=EDGE_CURVE('',#1143,#1149,#162,.T.);
#881=EDGE_CURVE('',#1150,#1151,#1263,.T.);
#882=EDGE_CURVE('',#1152,#1150,#163,.T.);
#883=EDGE_CURVE('',#1153,#1152,#164,.T.);
#884=EDGE_CURVE('',#1154,#1153,#165,.T.);
#885=EDGE_CURVE('',#1155,#1154,#1264,.T.);
#886=EDGE_CURVE('',#1156,#1155,#166,.T.);
#887=EDGE_CURVE('',#1157,#1156,#1265,.T.);
#888=EDGE_CURVE('',#1151,#1157,#167,.T.);
#889=EDGE_CURVE('',#1074,#1144,#1266,.T.);
#890=EDGE_CURVE('',#1073,#1145,#1267,.T.);
#891=EDGE_CURVE('',#1075,#1142,#1268,.T.);
#892=EDGE_CURVE('',#1076,#1143,#1269,.T.);
#893=EDGE_CURVE('',#1080,#1146,#1270,.T.);
#894=EDGE_CURVE('',#1079,#1147,#1271,.T.);
#895=EDGE_CURVE('',#1078,#1148,#1272,.T.);
#896=EDGE_CURVE('',#1077,#1149,#1273,.T.);
#897=EDGE_CURVE('',#1067,#1150,#1274,.T.);
#898=EDGE_CURVE('',#1068,#1151,#1275,.T.);
#899=EDGE_CURVE('',#1066,#1152,#1276,.T.);
#900=EDGE_CURVE('',#1065,#1153,#1277,.T.);
#901=EDGE_CURVE('',#1072,#1154,#1278,.T.);
#902=EDGE_CURVE('',#1071,#1155,#1279,.T.);
#903=EDGE_CURVE('',#1070,#1156,#1280,.T.);
#904=EDGE_CURVE('',#1069,#1157,#1281,.T.);
#905=EDGE_CURVE('',#1115,#1108,#1282,.T.);
#906=EDGE_CURVE('',#1114,#1109,#1283,.T.);
#907=EDGE_CURVE('',#1107,#1116,#1284,.T.);
#908=EDGE_CURVE('',#1106,#1117,#1285,.T.);
#909=EDGE_CURVE('',#1118,#1105,#1286,.T.);
#910=EDGE_CURVE('',#1119,#1104,#1287,.T.);
#911=EDGE_CURVE('',#1103,#1120,#1288,.T.);
#912=EDGE_CURVE('',#1102,#1121,#1289,.T.);
#913=EDGE_CURVE('',#1110,#1113,#1290,.T.);
#914=EDGE_CURVE('',#1101,#1122,#1291,.T.);
#915=EDGE_CURVE('',#1111,#1112,#1292,.T.);
#916=EDGE_CURVE('',#1082,#1141,#1293,.T.);
#917=EDGE_CURVE('',#1083,#1140,#1294,.T.);
#918=EDGE_CURVE('',#1084,#1139,#1295,.T.);
#919=EDGE_CURVE('',#1132,#1091,#1296,.T.);
#920=EDGE_CURVE('',#1092,#1131,#1297,.T.);
#921=EDGE_CURVE('',#1085,#1138,#1298,.T.);
#922=EDGE_CURVE('',#1137,#1086,#1299,.T.);
#923=EDGE_CURVE('',#1136,#1087,#1300,.T.);
#924=EDGE_CURVE('',#1088,#1135,#1301,.T.);
#925=EDGE_CURVE('',#1089,#1134,#1302,.T.);
#926=EDGE_CURVE('',#1133,#1090,#1303,.T.);
#927=EDGE_CURVE('',#1130,#1093,#1304,.T.);
#928=EDGE_CURVE('',#1129,#1094,#1305,.T.);
#929=EDGE_CURVE('',#1095,#1128,#1306,.T.);
#930=EDGE_CURVE('',#1096,#1127,#1307,.T.);
#931=EDGE_CURVE('',#1097,#1126,#1308,.T.);
#932=EDGE_CURVE('',#1098,#1125,#1309,.T.);
#933=EDGE_CURVE('',#1124,#1099,#1310,.T.);
#934=EDGE_CURVE('',#1123,#1100,#1311,.T.);
#935=EDGE_CURVE('',#1081,#1158,#95,.T.);
#936=EDGE_CURVE('',#1158,#1159,#1312,.F.);
#937=EDGE_CURVE('',#1159,#1160,#1313,.F.);
#938=EDGE_CURVE('',#1160,#1161,#1314,.T.);
#939=EDGE_CURVE('',#1161,#1162,#1315,.T.);
#940=EDGE_CURVE('',#1162,#1163,#1316,.F.);
#941=EDGE_CURVE('',#1164,#1163,#1317,.T.);
#942=EDGE_CURVE('',#1164,#1165,#1318,.T.);
#943=EDGE_CURVE('',#1165,#1166,#1319,.T.);
#944=EDGE_CURVE('',#1166,#1055,#1320,.F.);
#945=EDGE_CURVE('',#1167,#1167,#168,.T.);
#946=EDGE_CURVE('',#1168,#1168,#169,.T.);
#947=EDGE_CURVE('',#1169,#1169,#170,.T.);
#948=EDGE_CURVE('',#1170,#1171,#1321,.F.);
#949=EDGE_CURVE('',#1171,#1172,#1322,.T.);
#950=EDGE_CURVE('',#1172,#1173,#1323,.F.);
#951=EDGE_CURVE('',#1173,#1170,#1324,.F.);
#952=EDGE_CURVE('',#1174,#1174,#171,.T.);
#953=EDGE_CURVE('',#1175,#1176,#1325,.T.);
#954=EDGE_CURVE('',#1176,#1177,#1326,.T.);
#955=EDGE_CURVE('',#1177,#1178,#1327,.F.);
#956=EDGE_CURVE('',#1178,#1175,#1328,.T.);
#957=EDGE_CURVE('',#1179,#1057,#1329,.T.);
#958=EDGE_CURVE('',#1179,#1164,#172,.F.);
#959=EDGE_CURVE('',#1163,#1056,#173,.T.);
#960=EDGE_CURVE('',#1064,#1180,#30,.F.);
#961=EDGE_CURVE('',#1180,#1181,#96,.T.);
#962=EDGE_CURVE('',#1181,#1182,#1330,.T.);
#963=EDGE_CURVE('',#1182,#1183,#1331,.T.);
#964=EDGE_CURVE('',#1183,#1179,#1332,.F.);
#965=EDGE_CURVE('',#1161,#1184,#174,.T.);
#966=EDGE_CURVE('',#1184,#1059,#1333,.T.);
#967=EDGE_CURVE('',#1058,#1162,#175,.F.);
#968=EDGE_CURVE('',#1185,#1186,#1334,.T.);
#969=EDGE_CURVE('',#1186,#1060,#31,.F.);
#970=EDGE_CURVE('',#1184,#1187,#1335,.F.);
#971=EDGE_CURVE('',#1187,#1185,#1336,.F.);
#972=EDGE_CURVE('',#1046,#1188,#1337,.T.);
#973=EDGE_CURVE('',#1188,#1189,#1338,.F.);
#974=EDGE_CURVE('',#1189,#1190,#1339,.F.);
#975=EDGE_CURVE('',#1190,#1047,#97,.F.);
#976=EDGE_CURVE('',#1191,#1192,#1340,.T.);
#977=EDGE_CURVE('',#1192,#1193,#1341,.T.);
#978=EDGE_CURVE('',#1193,#1194,#1342,.F.);
#979=EDGE_CURVE('',#1194,#1191,#1343,.T.);
#980=EDGE_CURVE('',#1195,#1196,#1344,.F.);
#981=EDGE_CURVE('',#1196,#1197,#1345,.F.);
#982=EDGE_CURVE('',#1197,#1198,#1346,.T.);
#983=EDGE_CURVE('',#1198,#1195,#1347,.T.);
#984=EDGE_CURVE('',#1199,#1200,#1348,.T.);
#985=EDGE_CURVE('',#1200,#1201,#1349,.F.);
#986=EDGE_CURVE('',#1201,#1202,#1350,.F.);
#987=EDGE_CURVE('',#1202,#1199,#1351,.T.);
#988=EDGE_CURVE('',#1061,#1203,#32,.F.);
#989=EDGE_CURVE('',#1203,#1043,#98,.T.);
#990=EDGE_CURVE('',#1062,#1042,#33,.T.);
#991=EDGE_CURVE('',#1063,#1051,#34,.T.);
#992=EDGE_CURVE('',#1050,#1180,#99,.T.);
#993=EDGE_CURVE('',#1160,#1187,#176,.F.);
#994=EDGE_CURVE('',#1177,#1204,#177,.F.);
#995=EDGE_CURVE('',#1204,#1186,#100,.T.);
#996=EDGE_CURVE('',#1185,#1178,#178,.F.);
#997=EDGE_CURVE('',#1193,#1176,#179,.F.);
#998=EDGE_CURVE('',#1175,#1194,#180,.T.);
#999=EDGE_CURVE('',#1165,#1183,#181,.T.);
#1000=EDGE_CURVE('',#1196,#1183,#182,.F.);
#1001=EDGE_CURVE('',#1165,#1196,#183,.F.);
#1002=EDGE_CURVE('',#1166,#1195,#184,.T.);
#1003=EDGE_CURVE('',#1188,#1166,#185,.T.);
#1004=EDGE_CURVE('',#1197,#1182,#186,.T.);
#1005=EDGE_CURVE('',#1188,#1195,#187,.F.);
#1006=EDGE_CURVE('',#1173,#1182,#188,.F.);
#1007=EDGE_CURVE('',#1197,#1173,#189,.F.);
#1008=EDGE_CURVE('',#1198,#1172,#190,.T.);
#1009=EDGE_CURVE('',#1189,#1198,#191,.T.);
#1010=EDGE_CURVE('',#1181,#1205,#101,.T.);
#1011=EDGE_CURVE('',#1205,#1050,#192,.F.);
#1012=EDGE_CURVE('',#1170,#1205,#193,.F.);
#1013=EDGE_CURVE('',#1189,#1172,#194,.F.);
#1014=EDGE_CURVE('',#1170,#1049,#195,.F.);
#1015=EDGE_CURVE('',#1190,#1171,#196,.F.);
#1016=EDGE_CURVE('',#1171,#1048,#197,.T.);
#1017=EDGE_CURVE('',#1178,#1202,#198,.T.);
#1018=EDGE_CURVE('',#1202,#1185,#199,.T.);
#1019=EDGE_CURVE('',#1199,#1187,#200,.T.);
#1020=EDGE_CURVE('',#1175,#1201,#201,.T.);
#1021=EDGE_CURVE('',#1199,#1160,#202,.T.);
#1022=EDGE_CURVE('',#1194,#1201,#203,.T.);
#1023=EDGE_CURVE('',#1200,#1159,#204,.T.);
#1024=EDGE_CURVE('',#1191,#1200,#205,.T.);
#1025=EDGE_CURVE('',#1191,#1159,#206,.F.);
#1026=EDGE_CURVE('',#1158,#1192,#207,.F.);
#1027=EDGE_CURVE('',#1203,#1186,#208,.T.);
#1028=EDGE_CURVE('',#1043,#1204,#209,.T.);
#1029=EDGE_CURVE('',#1044,#1177,#210,.T.);
#1030=EDGE_CURVE('',#1045,#1176,#211,.T.);
#1031=EDGE_CURVE('',#1037,#1193,#212,.T.);
#1032=EDGE_CURVE('',#1038,#1192,#213,.T.);
#1033=EDGE_CURVE('',#1206,#1206,#214,.T.);
#1034=EDGE_CURVE('',#1207,#1207,#215,.T.);
#1035=EDGE_CURVE('',#1208,#1208,#216,.T.);
#1036=EDGE_CURVE('',#1209,#1209,#217,.T.);
#1037=VERTEX_POINT('',#2731);
#1038=VERTEX_POINT('',#2732);
#1039=VERTEX_POINT('',#2734);
#1040=VERTEX_POINT('',#2736);
#1041=VERTEX_POINT('',#2738);
#1042=VERTEX_POINT('',#2740);
#1043=VERTEX_POINT('',#2742);
#1044=VERTEX_POINT('',#2744);
#1045=VERTEX_POINT('',#2746);
#1046=VERTEX_POINT('',#2750);
#1047=VERTEX_POINT('',#2751);
#1048=VERTEX_POINT('',#2753);
#1049=VERTEX_POINT('',#2755);
#1050=VERTEX_POINT('',#2757);
#1051=VERTEX_POINT('',#2759);
#1052=VERTEX_POINT('',#2761);
#1053=VERTEX_POINT('',#2766);
#1054=VERTEX_POINT('',#2768);
#1055=VERTEX_POINT('',#2770);
#1056=VERTEX_POINT('',#2774);
#1057=VERTEX_POINT('',#2775);
#1058=VERTEX_POINT('',#2777);
#1059=VERTEX_POINT('',#2779);
#1060=VERTEX_POINT('',#2781);
#1061=VERTEX_POINT('',#2786);
#1062=VERTEX_POINT('',#2788);
#1063=VERTEX_POINT('',#2790);
#1064=VERTEX_POINT('',#2792);
#1065=VERTEX_POINT('',#2796);
#1066=VERTEX_POINT('',#2797);
#1067=VERTEX_POINT('',#2799);
#1068=VERTEX_POINT('',#2801);
#1069=VERTEX_POINT('',#2803);
#1070=VERTEX_POINT('',#2805);
#1071=VERTEX_POINT('',#2807);
#1072=VERTEX_POINT('',#2809);
#1073=VERTEX_POINT('',#2812);
#1074=VERTEX_POINT('',#2813);
#1075=VERTEX_POINT('',#2815);
#1076=VERTEX_POINT('',#2817);
#1077=VERTEX_POINT('',#2819);
#1078=VERTEX_POINT('',#2821);
#1079=VERTEX_POINT('',#2823);
#1080=VERTEX_POINT('',#2825);
#1081=VERTEX_POINT('',#2828);
#1082=VERTEX_POINT('',#2830);
#1083=VERTEX_POINT('',#2832);
#1084=VERTEX_POINT('',#2834);
#1085=VERTEX_POINT('',#2836);
#1086=VERTEX_POINT('',#2838);
#1087=VERTEX_POINT('',#2840);
#1088=VERTEX_POINT('',#2842);
#1089=VERTEX_POINT('',#2844);
#1090=VERTEX_POINT('',#2846);
#1091=VERTEX_POINT('',#2848);
#1092=VERTEX_POINT('',#2850);
#1093=VERTEX_POINT('',#2852);
#1094=VERTEX_POINT('',#2854);
#1095=VERTEX_POINT('',#2856);
#1096=VERTEX_POINT('',#2858);
#1097=VERTEX_POINT('',#2860);
#1098=VERTEX_POINT('',#2862);
#1099=VERTEX_POINT('',#2864);
#1100=VERTEX_POINT('',#2866);
#1101=VERTEX_POINT('',#2868);
#1102=VERTEX_POINT('',#2870);
#1103=VERTEX_POINT('',#2872);
#1104=VERTEX_POINT('',#2874);
#1105=VERTEX_POINT('',#2876);
#1106=VERTEX_POINT('',#2878);
#1107=VERTEX_POINT('',#2880);
#1108=VERTEX_POINT('',#2882);
#1109=VERTEX_POINT('',#2884);
#1110=VERTEX_POINT('',#2886);
#1111=VERTEX_POINT('',#2888);
#1112=VERTEX_POINT('',#2899);
#1113=VERTEX_POINT('',#2901);
#1114=VERTEX_POINT('',#2903);
#1115=VERTEX_POINT('',#2905);
#1116=VERTEX_POINT('',#2907);
#1117=VERTEX_POINT('',#2909);
#1118=VERTEX_POINT('',#2911);
#1119=VERTEX_POINT('',#2913);
#1120=VERTEX_POINT('',#2915);
#1121=VERTEX_POINT('',#2917);
#1122=VERTEX_POINT('',#2919);
#1123=VERTEX_POINT('',#2921);
#1124=VERTEX_POINT('',#2923);
#1125=VERTEX_POINT('',#2925);
#1126=VERTEX_POINT('',#2927);
#1127=VERTEX_POINT('',#2929);
#1128=VERTEX_POINT('',#2931);
#1129=VERTEX_POINT('',#2933);
#1130=VERTEX_POINT('',#2935);
#1131=VERTEX_POINT('',#2937);
#1132=VERTEX_POINT('',#2939);
#1133=VERTEX_POINT('',#2941);
#1134=VERTEX_POINT('',#2943);
#1135=VERTEX_POINT('',#2945);
#1136=VERTEX_POINT('',#2947);
#1137=VERTEX_POINT('',#2949);
#1138=VERTEX_POINT('',#2951);
#1139=VERTEX_POINT('',#2953);
#1140=VERTEX_POINT('',#2955);
#1141=VERTEX_POINT('',#2957);
#1142=VERTEX_POINT('',#2960);
#1143=VERTEX_POINT('',#2961);
#1144=VERTEX_POINT('',#2963);
#1145=VERTEX_POINT('',#2965);
#1146=VERTEX_POINT('',#2967);
#1147=VERTEX_POINT('',#2969);
#1148=VERTEX_POINT('',#2971);
#1149=VERTEX_POINT('',#2973);
#1150=VERTEX_POINT('',#2976);
#1151=VERTEX_POINT('',#2977);
#1152=VERTEX_POINT('',#2979);
#1153=VERTEX_POINT('',#2981);
#1154=VERTEX_POINT('',#2983);
#1155=VERTEX_POINT('',#2985);
#1156=VERTEX_POINT('',#2987);
#1157=VERTEX_POINT('',#2989);
#1158=VERTEX_POINT('',#3089);
#1159=VERTEX_POINT('',#3091);
#1160=VERTEX_POINT('',#3093);
#1161=VERTEX_POINT('',#3095);
#1162=VERTEX_POINT('',#3097);
#1163=VERTEX_POINT('',#3099);
#1164=VERTEX_POINT('',#3101);
#1165=VERTEX_POINT('',#3103);
#1166=VERTEX_POINT('',#3105);
#1167=VERTEX_POINT('',#3108);
#1168=VERTEX_POINT('',#3110);
#1169=VERTEX_POINT('',#3113);
#1170=VERTEX_POINT('',#3116);
#1171=VERTEX_POINT('',#3117);
#1172=VERTEX_POINT('',#3119);
#1173=VERTEX_POINT('',#3121);
#1174=VERTEX_POINT('',#3125);
#1175=VERTEX_POINT('',#3127);
#1176=VERTEX_POINT('',#3128);
#1177=VERTEX_POINT('',#3130);
#1178=VERTEX_POINT('',#3132);
#1179=VERTEX_POINT('',#3137);
#1180=VERTEX_POINT('',#3142);
#1181=VERTEX_POINT('',#3147);
#1182=VERTEX_POINT('',#3149);
#1183=VERTEX_POINT('',#3151);
#1184=VERTEX_POINT('',#3155);
#1185=VERTEX_POINT('',#3160);
#1186=VERTEX_POINT('',#3161);
#1187=VERTEX_POINT('',#3164);
#1188=VERTEX_POINT('',#3168);
#1189=VERTEX_POINT('',#3170);
#1190=VERTEX_POINT('',#3172);
#1191=VERTEX_POINT('',#3180);
#1192=VERTEX_POINT('',#3181);
#1193=VERTEX_POINT('',#3183);
#1194=VERTEX_POINT('',#3185);
#1195=VERTEX_POINT('',#3189);
#1196=VERTEX_POINT('',#3190);
#1197=VERTEX_POINT('',#3192);
#1198=VERTEX_POINT('',#3194);
#1199=VERTEX_POINT('',#3198);
#1200=VERTEX_POINT('',#3199);
#1201=VERTEX_POINT('',#3201);
#1202=VERTEX_POINT('',#3203);
#1203=VERTEX_POINT('',#3208);
#1204=VERTEX_POINT('',#3230);
#1205=VERTEX_POINT('',#3291);
#1206=VERTEX_POINT('',#3369);
#1207=VERTEX_POINT('',#3372);
#1208=VERTEX_POINT('',#3376);
#1209=VERTEX_POINT('',#3379);
#1210=LINE('',#2730,#1352);
#1211=LINE('',#2735,#1353);
#1212=LINE('',#2737,#1354);
#1213=LINE('',#2739,#1355);
#1214=LINE('',#2741,#1356);
#1215=LINE('',#2745,#1357);
#1216=LINE('',#2749,#1358);
#1217=LINE('',#2754,#1359);
#1218=LINE('',#2758,#1360);
#1219=LINE('',#2760,#1361);
#1220=LINE('',#2767,#1362);
#1221=LINE('',#2769,#1363);
#1222=LINE('',#2773,#1364);
#1223=LINE('',#2776,#1365);
#1224=LINE('',#2778,#1366);
#1225=LINE('',#2780,#1367);
#1226=LINE('',#2787,#1368);
#1227=LINE('',#2789,#1369);
#1228=LINE('',#2791,#1370);
#1229=LINE('',#2793,#1371);
#1230=LINE('',#2800,#1372);
#1231=LINE('',#2804,#1373);
#1232=LINE('',#2808,#1374);
#1233=LINE('',#2811,#1375);
#1234=LINE('',#2820,#1376);
#1235=LINE('',#2824,#1377);
#1236=LINE('',#2827,#1378);
#1237=LINE('',#2829,#1379);
#1238=LINE('',#2837,#1380);
#1239=LINE('',#2845,#1381);
#1240=LINE('',#2851,#1382);
#1241=LINE('',#2855,#1383);
#1242=LINE('',#2859,#1384);
#1243=LINE('',#2863,#1385);
#1244=LINE('',#2867,#1386);
#1245=LINE('',#2873,#1387);
#1246=LINE('',#2881,#1388);
#1247=LINE('',#2889,#1389);
#1248=LINE('',#2897,#1390);
#1249=LINE('',#2898,#1391);
#1250=LINE('',#2906,#1392);
#1251=LINE('',#2914,#1393);
#1252=LINE('',#2920,#1394);
#1253=LINE('',#2924,#1395);
#1254=LINE('',#2928,#1396);
#1255=LINE('',#2932,#1397);
#1256=LINE('',#2936,#1398);
#1257=LINE('',#2942,#1399);
#1258=LINE('',#2950,#1400);
#1259=LINE('',#2958,#1401);
#1260=LINE('',#2964,#1402);
#1261=LINE('',#2968,#1403);
#1262=LINE('',#2972,#1404);
#1263=LINE('',#2975,#1405);
#1264=LINE('',#2984,#1406);
#1265=LINE('',#2988,#1407);
#1266=LINE('',#2992,#1408);
#1267=LINE('',#2993,#1409);
#1268=LINE('',#2995,#1410);
#1269=LINE('',#2997,#1411);
#1270=LINE('',#2999,#1412);
#1271=LINE('',#3001,#1413);
#1272=LINE('',#3003,#1414);
#1273=LINE('',#3005,#1415);
#1274=LINE('',#3008,#1416);
#1275=LINE('',#3009,#1417);
#1276=LINE('',#3011,#1418);
#1277=LINE('',#3013,#1419);
#1278=LINE('',#3015,#1420);
#1279=LINE('',#3017,#1421);
#1280=LINE('',#3019,#1422);
#1281=LINE('',#3021,#1423);
#1282=LINE('',#3024,#1424);
#1283=LINE('',#3025,#1425);
#1284=LINE('',#3027,#1426);
#1285=LINE('',#3029,#1427);
#1286=LINE('',#3031,#1428);
#1287=LINE('',#3033,#1429);
#1288=LINE('',#3035,#1430);
#1289=LINE('',#3037,#1431);
#1290=LINE('',#3039,#1432);
#1291=LINE('',#3041,#1433);
#1292=LINE('',#3043,#1434);
#1293=LINE('',#3046,#1435);
#1294=LINE('',#3048,#1436);
#1295=LINE('',#3050,#1437);
#1296=LINE('',#3052,#1438);
#1297=LINE('',#3053,#1439);
#1298=LINE('',#3055,#1440);
#1299=LINE('',#3057,#1441);
#1300=LINE('',#3059,#1442);
#1301=LINE('',#3061,#1443);
#1302=LINE('',#3063,#1444);
#1303=LINE('',#3065,#1445);
#1304=LINE('',#3068,#1446);
#1305=LINE('',#3070,#1447);
#1306=LINE('',#3072,#1448);
#1307=LINE('',#3074,#1449);
#1308=LINE('',#3076,#1450);
#1309=LINE('',#3078,#1451);
#1310=LINE('',#3080,#1452);
#1311=LINE('',#3082,#1453);
#1312=LINE('',#3090,#1454);
#1313=LINE('',#3092,#1455);
#1314=LINE('',#3094,#1456);
#1315=LINE('',#3096,#1457);
#1316=LINE('',#3098,#1458);
#1317=LINE('',#3100,#1459);
#1318=LINE('',#3102,#1460);
#1319=LINE('',#3104,#1461);
#1320=LINE('',#3106,#1462);
#1321=LINE('',#3115,#1463);
#1322=LINE('',#3118,#1464);
#1323=LINE('',#3120,#1465);
#1324=LINE('',#3122,#1466);
#1325=LINE('',#3126,#1467);
#1326=LINE('',#3129,#1468);
#1327=LINE('',#3131,#1469);
#1328=LINE('',#3133,#1470);
#1329=LINE('',#3136,#1471);
#1330=LINE('',#3148,#1472);
#1331=LINE('',#3150,#1473);
#1332=LINE('',#3152,#1474);
#1333=LINE('',#3156,#1475);
#1334=LINE('',#3159,#1476);
#1335=LINE('',#3163,#1477);
#1336=LINE('',#3165,#1478);
#1337=LINE('',#3167,#1479);
#1338=LINE('',#3169,#1480);
#1339=LINE('',#3171,#1481);
#1340=LINE('',#3179,#1482);
#1341=LINE('',#3182,#1483);
#1342=LINE('',#3184,#1484);
#1343=LINE('',#3186,#1485);
#1344=LINE('',#3188,#1486);
#1345=LINE('',#3191,#1487);
#1346=LINE('',#3193,#1488);
#1347=LINE('',#3195,#1489);
#1348=LINE('',#3197,#1490);
#1349=LINE('',#3200,#1491);
#1350=LINE('',#3202,#1492);
#1351=LINE('',#3204,#1493);
#1352=VECTOR('',#2132,1.);
#1353=VECTOR('',#2135,1.);
#1354=VECTOR('',#2136,1.);
#1355=VECTOR('',#2137,1.);
#1356=VECTOR('',#2138,1.);
#1357=VECTOR('',#2141,1.);
#1358=VECTOR('',#2146,1.);
#1359=VECTOR('',#2149,1.);
#1360=VECTOR('',#2152,1.);
#1361=VECTOR('',#2153,1.);
#1362=VECTOR('',#2154,1.);
#1363=VECTOR('',#2155,1.);
#1364=VECTOR('',#2160,1.);
#1365=VECTOR('',#2161,1.);
#1366=VECTOR('',#2162,1.);
#1367=VECTOR('',#2163,1.);
#1368=VECTOR('',#2164,1.);
#1369=VECTOR('',#2165,1.);
#1370=VECTOR('',#2166,1.);
#1371=VECTOR('',#2167,1.);
#1372=VECTOR('',#2174,1.);
#1373=VECTOR('',#2177,1.);
#1374=VECTOR('',#2180,1.);
#1375=VECTOR('',#2183,1.);
#1376=VECTOR('',#2190,1.);
#1377=VECTOR('',#2193,1.);
#1378=VECTOR('',#2196,1.);
#1379=VECTOR('',#2197,1.);
#1380=VECTOR('',#2204,1.);
#1381=VECTOR('',#2211,1.);
#1382=VECTOR('',#2216,1.);
#1383=VECTOR('',#2219,1.);
#1384=VECTOR('',#2222,1.);
#1385=VECTOR('',#2225,1.);
#1386=VECTOR('',#2228,1.);
#1387=VECTOR('',#2233,1.);
#1388=VECTOR('',#2240,1.);
#1389=VECTOR('',#2247,1.);
#1390=VECTOR('',#2250,1.);
#1391=VECTOR('',#2251,1.);
#1392=VECTOR('',#2258,1.);
#1393=VECTOR('',#2265,1.);
#1394=VECTOR('',#2270,1.);
#1395=VECTOR('',#2273,1.);
#1396=VECTOR('',#2276,1.);
#1397=VECTOR('',#2279,1.);
#1398=VECTOR('',#2282,1.);
#1399=VECTOR('',#2287,1.);
#1400=VECTOR('',#2294,1.);
#1401=VECTOR('',#2301,1.);
#1402=VECTOR('',#2306,1.);
#1403=VECTOR('',#2309,1.);
#1404=VECTOR('',#2312,1.);
#1405=VECTOR('',#2315,1.);
#1406=VECTOR('',#2322,1.);
#1407=VECTOR('',#2325,1.);
#1408=VECTOR('',#2330,1.);
#1409=VECTOR('',#2331,1.);
#1410=VECTOR('',#2334,1.);
#1411=VECTOR('',#2337,1.);
#1412=VECTOR('',#2340,1.);
#1413=VECTOR('',#2343,1.);
#1414=VECTOR('',#2346,1.);
#1415=VECTOR('',#2349,1.);
#1416=VECTOR('',#2354,1.);
#1417=VECTOR('',#2355,1.);
#1418=VECTOR('',#2358,1.);
#1419=VECTOR('',#2361,1.);
#1420=VECTOR('',#2364,1.);
#1421=VECTOR('',#2367,1.);
#1422=VECTOR('',#2370,1.);
#1423=VECTOR('',#2373,1.);
#1424=VECTOR('',#2378,1.);
#1425=VECTOR('',#2379,1.);
#1426=VECTOR('',#2382,1.);
#1427=VECTOR('',#2385,1.);
#1428=VECTOR('',#2388,1.);
#1429=VECTOR('',#2391,1.);
#1430=VECTOR('',#2394,1.);
#1431=VECTOR('',#2397,1.);
#1432=VECTOR('',#2400,1.);
#1433=VECTOR('',#2403,1.);
#1434=VECTOR('',#2406,1.);
#1435=VECTOR('',#2411,1.);
#1436=VECTOR('',#2414,1.);
#1437=VECTOR('',#2417,1.);
#1438=VECTOR('',#2420,1.);
#1439=VECTOR('',#2421,1.);
#1440=VECTOR('',#2424,1.);
#1441=VECTOR('',#2427,1.);
#1442=VECTOR('',#2430,1.);
#1443=VECTOR('',#2433,1.);
#1444=VECTOR('',#2436,1.);
#1445=VECTOR('',#2439,1.);
#1446=VECTOR('',#2444,1.);
#1447=VECTOR('',#2447,1.);
#1448=VECTOR('',#2450,1.);
#1449=VECTOR('',#2453,1.);
#1450=VECTOR('',#2456,1.);
#1451=VECTOR('',#2459,1.);
#1452=VECTOR('',#2462,1.);
#1453=VECTOR('',#2465,1.);
#1454=VECTOR('',#2470,1.);
#1455=VECTOR('',#2471,1.);
#1456=VECTOR('',#2472,1.);
#1457=VECTOR('',#2473,1.);
#1458=VECTOR('',#2474,1.);
#1459=VECTOR('',#2475,1.);
#1460=VECTOR('',#2476,1.);
#1461=VECTOR('',#2477,1.);
#1462=VECTOR('',#2478,1.);
#1463=VECTOR('',#2489,1.);
#1464=VECTOR('',#2490,1.);
#1465=VECTOR('',#2491,1.);
#1466=VECTOR('',#2492,1.);
#1467=VECTOR('',#2497,1.);
#1468=VECTOR('',#2498,1.);
#1469=VECTOR('',#2499,1.);
#1470=VECTOR('',#2500,1.);
#1471=VECTOR('',#2505,1.);
#1472=VECTOR('',#2514,1.);
#1473=VECTOR('',#2515,1.);
#1474=VECTOR('',#2516,1.);
#1475=VECTOR('',#2521,1.);
#1476=VECTOR('',#2526,1.);
#1477=VECTOR('',#2529,1.);
#1478=VECTOR('',#2530,1.);
#1479=VECTOR('',#2533,1.);
#1480=VECTOR('',#2534,1.);
#1481=VECTOR('',#2535,1.);
#1482=VECTOR('',#2538,1.);
#1483=VECTOR('',#2539,1.);
#1484=VECTOR('',#2540,1.);
#1485=VECTOR('',#2541,1.);
#1486=VECTOR('',#2544,1.);
#1487=VECTOR('',#2545,1.);
#1488=VECTOR('',#2546,1.);
#1489=VECTOR('',#2547,1.);
#1490=VECTOR('',#2550,1.);
#1491=VECTOR('',#2551,1.);
#1492=VECTOR('',#2552,1.);
#1493=VECTOR('',#2553,1.);
#1494=EDGE_LOOP('',(#218,#219,#220,#221,#222,#223,#224,#225,#226));
#1495=EDGE_LOOP('',(#227,#228,#229,#230,#231,#232,#233,#234,#235,#236));
#1496=EDGE_LOOP('',(#237,#238,#239,#240,#241,#242,#243,#244,#245));
#1497=EDGE_LOOP('',(#246,#247,#248,#249,#250,#251,#252,#253));
#1498=EDGE_LOOP('',(#254,#255,#256,#257,#258,#259,#260,#261));
#1499=EDGE_LOOP('',(#262,#263,#264,#265,#266,#267,#268,#269,#270,#271,#272,
#273,#274,#275,#276,#277,#278,#279,#280,#281,#282,#283,#284,#285,#286,#287,
#288,#289,#290,#291,#292,#293,#294,#295,#296));
#1500=EDGE_LOOP('',(#297,#298,#299,#300,#301,#302,#303,#304,#305,#306,#307,
#308,#309,#310,#311,#312,#313,#314,#315,#316,#317,#318,#319,#320,#321,#322,
#323,#324,#325,#326,#327,#328,#329,#330));
#1501=EDGE_LOOP('',(#331,#332,#333,#334,#335,#336,#337,#338));
#1502=EDGE_LOOP('',(#339,#340,#341,#342,#343,#344,#345,#346));
#1503=EDGE_LOOP('',(#347,#348,#349,#350));
#1504=EDGE_LOOP('',(#351,#352,#353,#354));
#1505=EDGE_LOOP('',(#355,#356,#357,#358));
#1506=EDGE_LOOP('',(#359,#360,#361,#362));
#1507=EDGE_LOOP('',(#363,#364,#365,#366));
#1508=EDGE_LOOP('',(#367,#368,#369,#370));
#1509=EDGE_LOOP('',(#371,#372,#373,#374));
#1510=EDGE_LOOP('',(#375,#376,#377,#378));
#1511=EDGE_LOOP('',(#379,#380,#381,#382));
#1512=EDGE_LOOP('',(#383,#384,#385,#386));
#1513=EDGE_LOOP('',(#387,#388,#389,#390));
#1514=EDGE_LOOP('',(#391,#392,#393,#394));
#1515=EDGE_LOOP('',(#395,#396,#397,#398));
#1516=EDGE_LOOP('',(#399,#400,#401,#402));
#1517=EDGE_LOOP('',(#403,#404,#405,#406));
#1518=EDGE_LOOP('',(#407,#408,#409,#410));
#1519=EDGE_LOOP('',(#411,#412,#413,#414));
#1520=EDGE_LOOP('',(#415,#416,#417,#418));
#1521=EDGE_LOOP('',(#419,#420,#421,#422));
#1522=EDGE_LOOP('',(#423,#424,#425,#426));
#1523=EDGE_LOOP('',(#427,#428,#429,#430));
#1524=EDGE_LOOP('',(#431,#432,#433,#434));
#1525=EDGE_LOOP('',(#435,#436,#437,#438));
#1526=EDGE_LOOP('',(#439,#440,#441,#442));
#1527=EDGE_LOOP('',(#443,#444,#445,#446));
#1528=EDGE_LOOP('',(#447,#448,#449,#450));
#1529=EDGE_LOOP('',(#451,#452,#453,#454));
#1530=EDGE_LOOP('',(#455,#456,#457,#458));
#1531=EDGE_LOOP('',(#459,#460,#461,#462));
#1532=EDGE_LOOP('',(#463,#464,#465,#466));
#1533=EDGE_LOOP('',(#467,#468,#469,#470));
#1534=EDGE_LOOP('',(#471,#472,#473,#474));
#1535=EDGE_LOOP('',(#475,#476,#477,#478));
#1536=EDGE_LOOP('',(#479,#480,#481,#482));
#1537=EDGE_LOOP('',(#483,#484,#485,#486));
#1538=EDGE_LOOP('',(#487,#488,#489,#490));
#1539=EDGE_LOOP('',(#491,#492,#493,#494));
#1540=EDGE_LOOP('',(#495,#496,#497,#498));
#1541=EDGE_LOOP('',(#499,#500,#501,#502));
#1542=EDGE_LOOP('',(#503,#504,#505,#506));
#1543=EDGE_LOOP('',(#507,#508,#509,#510));
#1544=EDGE_LOOP('',(#511,#512,#513,#514));
#1545=EDGE_LOOP('',(#515,#516,#517,#518));
#1546=EDGE_LOOP('',(#519,#520,#521,#522));
#1547=EDGE_LOOP('',(#523,#524,#525,#526));
#1548=EDGE_LOOP('',(#527,#528,#529,#530));
#1549=EDGE_LOOP('',(#531,#532,#533,#534));
#1550=EDGE_LOOP('',(#535,#536,#537,#538,#539,#540,#541,#542,#543,#544,#545,
#546));
#1551=EDGE_LOOP('',(#547));
#1552=EDGE_LOOP('',(#548));
#1553=EDGE_LOOP('',(#549));
#1554=EDGE_LOOP('',(#550));
#1555=EDGE_LOOP('',(#551,#552,#553,#554));
#1556=EDGE_LOOP('',(#555));
#1557=EDGE_LOOP('',(#556));
#1558=EDGE_LOOP('',(#557,#558,#559,#560));
#1559=EDGE_LOOP('',(#561));
#1560=EDGE_LOOP('',(#562));
#1561=EDGE_LOOP('',(#563,#564,#565,#566,#567));
#1562=EDGE_LOOP('',(#568,#569,#570,#571,#572,#573,#574));
#1563=EDGE_LOOP('',(#575,#576,#577,#578,#579));
#1564=EDGE_LOOP('',(#580,#581,#582,#583,#584,#585));
#1565=EDGE_LOOP('',(#586,#587,#588,#589,#590));
#1566=EDGE_LOOP('',(#591,#592,#593,#594));
#1567=EDGE_LOOP('',(#595,#596,#597,#598));
#1568=EDGE_LOOP('',(#599,#600,#601,#602));
#1569=EDGE_LOOP('',(#603,#604,#605,#606));
#1570=EDGE_LOOP('',(#607,#608,#609,#610,#611));
#1571=EDGE_LOOP('',(#612,#613,#614,#615));
#1572=EDGE_LOOP('',(#616,#617,#618,#619,#620));
#1573=EDGE_LOOP('',(#621,#622,#623,#624));
#1574=EDGE_LOOP('',(#625,#626,#627,#628,#629));
#1575=EDGE_LOOP('',(#630,#631,#632,#633));
#1576=EDGE_LOOP('',(#634,#635,#636,#637));
#1577=EDGE_LOOP('',(#638,#639,#640));
#1578=EDGE_LOOP('',(#641,#642,#643,#644));
#1579=EDGE_LOOP('',(#645,#646,#647,#648));
#1580=EDGE_LOOP('',(#649,#650,#651,#652));
#1581=EDGE_LOOP('',(#653,#654,#655));
#1582=EDGE_LOOP('',(#656,#657,#658));
#1583=EDGE_LOOP('',(#659,#660,#661,#662));
#1584=EDGE_LOOP('',(#663,#664,#665,#666));
#1585=EDGE_LOOP('',(#667,#668,#669,#670));
#1586=EDGE_LOOP('',(#671,#672,#673,#674,#675));
#1587=EDGE_LOOP('',(#676,#677,#678));
#1588=EDGE_LOOP('',(#679,#680,#681,#682));
#1589=EDGE_LOOP('',(#683,#684,#685,#686));
#1590=EDGE_LOOP('',(#687,#688,#689,#690));
#1591=EDGE_LOOP('',(#691,#692,#693,#694));
#1592=EDGE_LOOP('',(#695,#696,#697));
#1593=EDGE_LOOP('',(#698,#699,#700,#701));
#1594=EDGE_LOOP('',(#702,#703,#704,#705));
#1595=EDGE_LOOP('',(#706,#707,#708));
#1596=EDGE_LOOP('',(#709,#710,#711));
#1597=EDGE_LOOP('',(#712,#713,#714,#715));
#1598=EDGE_LOOP('',(#716,#717,#718,#719));
#1599=EDGE_LOOP('',(#720,#721,#722));
#1600=EDGE_LOOP('',(#723,#724,#725,#726));
#1601=EDGE_LOOP('',(#727,#728,#729,#730));
#1602=EDGE_LOOP('',(#731,#732,#733,#734));
#1603=EDGE_LOOP('',(#735,#736,#737,#738));
#1604=EDGE_LOOP('',(#739,#740,#741,#742));
#1605=EDGE_LOOP('',(#743,#744,#745,#746));
#1606=EDGE_LOOP('',(#747,#748,#749,#750));
#1607=EDGE_LOOP('',(#751,#752,#753,#754,#755));
#1608=EDGE_LOOP('',(#756));
#1609=EDGE_LOOP('',(#757));
#1610=EDGE_LOOP('',(#758));
#1611=EDGE_LOOP('',(#759));
#1612=EDGE_LOOP('',(#760));
#1613=EDGE_LOOP('',(#761));
#1614=EDGE_LOOP('',(#762));
#1615=EDGE_LOOP('',(#763));
#1616=FACE_BOUND('',#1494,.T.);
#1617=FACE_BOUND('',#1495,.T.);
#1618=FACE_BOUND('',#1496,.T.);
#1619=FACE_BOUND('',#1497,.T.);
#1620=FACE_BOUND('',#1498,.T.);
#1621=FACE_BOUND('',#1499,.T.);
#1622=FACE_BOUND('',#1500,.T.);
#1623=FACE_BOUND('',#1501,.T.);
#1624=FACE_BOUND('',#1502,.T.);
#1625=FACE_BOUND('',#1503,.T.);
#1626=FACE_BOUND('',#1504,.T.);
#1627=FACE_BOUND('',#1505,.T.);
#1628=FACE_BOUND('',#1506,.T.);
#1629=FACE_BOUND('',#1507,.T.);
#1630=FACE_BOUND('',#1508,.T.);
#1631=FACE_BOUND('',#1509,.T.);
#1632=FACE_BOUND('',#1510,.T.);
#1633=FACE_BOUND('',#1511,.T.);
#1634=FACE_BOUND('',#1512,.T.);
#1635=FACE_BOUND('',#1513,.T.);
#1636=FACE_BOUND('',#1514,.T.);
#1637=FACE_BOUND('',#1515,.T.);
#1638=FACE_BOUND('',#1516,.T.);
#1639=FACE_BOUND('',#1517,.T.);
#1640=FACE_BOUND('',#1518,.T.);
#1641=FACE_BOUND('',#1519,.T.);
#1642=FACE_BOUND('',#1520,.T.);
#1643=FACE_BOUND('',#1521,.T.);
#1644=FACE_BOUND('',#1522,.T.);
#1645=FACE_BOUND('',#1523,.T.);
#1646=FACE_BOUND('',#1524,.T.);
#1647=FACE_BOUND('',#1525,.T.);
#1648=FACE_BOUND('',#1526,.T.);
#1649=FACE_BOUND('',#1527,.T.);
#1650=FACE_BOUND('',#1528,.T.);
#1651=FACE_BOUND('',#1529,.T.);
#1652=FACE_BOUND('',#1530,.T.);
#1653=FACE_BOUND('',#1531,.T.);
#1654=FACE_BOUND('',#1532,.T.);
#1655=FACE_BOUND('',#1533,.T.);
#1656=FACE_BOUND('',#1534,.T.);
#1657=FACE_BOUND('',#1535,.T.);
#1658=FACE_BOUND('',#1536,.T.);
#1659=FACE_BOUND('',#1537,.T.);
#1660=FACE_BOUND('',#1538,.T.);
#1661=FACE_BOUND('',#1539,.T.);
#1662=FACE_BOUND('',#1540,.T.);
#1663=FACE_BOUND('',#1541,.T.);
#1664=FACE_BOUND('',#1542,.T.);
#1665=FACE_BOUND('',#1543,.T.);
#1666=FACE_BOUND('',#1544,.T.);
#1667=FACE_BOUND('',#1545,.T.);
#1668=FACE_BOUND('',#1546,.T.);
#1669=FACE_BOUND('',#1547,.T.);
#1670=FACE_BOUND('',#1548,.T.);
#1671=FACE_BOUND('',#1549,.T.);
#1672=FACE_BOUND('',#1550,.T.);
#1673=FACE_BOUND('',#1551,.T.);
#1674=FACE_BOUND('',#1552,.T.);
#1675=FACE_BOUND('',#1553,.T.);
#1676=FACE_BOUND('',#1554,.T.);
#1677=FACE_BOUND('',#1555,.T.);
#1678=FACE_BOUND('',#1556,.T.);
#1679=FACE_BOUND('',#1557,.T.);
#1680=FACE_BOUND('',#1558,.T.);
#1681=FACE_BOUND('',#1559,.T.);
#1682=FACE_BOUND('',#1560,.T.);
#1683=FACE_BOUND('',#1561,.T.);
#1684=FACE_BOUND('',#1562,.T.);
#1685=FACE_BOUND('',#1563,.T.);
#1686=FACE_BOUND('',#1564,.T.);
#1687=FACE_BOUND('',#1565,.T.);
#1688=FACE_BOUND('',#1566,.T.);
#1689=FACE_BOUND('',#1567,.T.);
#1690=FACE_BOUND('',#1568,.T.);
#1691=FACE_BOUND('',#1569,.T.);
#1692=FACE_BOUND('',#1570,.T.);
#1693=FACE_BOUND('',#1571,.T.);
#1694=FACE_BOUND('',#1572,.T.);
#1695=FACE_BOUND('',#1573,.T.);
#1696=FACE_BOUND('',#1574,.T.);
#1697=FACE_BOUND('',#1575,.T.);
#1698=FACE_BOUND('',#1576,.T.);
#1699=FACE_BOUND('',#1577,.T.);
#1700=FACE_BOUND('',#1578,.T.);
#1701=FACE_BOUND('',#1579,.T.);
#1702=FACE_BOUND('',#1580,.T.);
#1703=FACE_BOUND('',#1581,.T.);
#1704=FACE_BOUND('',#1582,.T.);
#1705=FACE_BOUND('',#1583,.T.);
#1706=FACE_BOUND('',#1584,.T.);
#1707=FACE_BOUND('',#1585,.T.);
#1708=FACE_BOUND('',#1586,.T.);
#1709=FACE_BOUND('',#1587,.T.);
#1710=FACE_BOUND('',#1588,.T.);
#1711=FACE_BOUND('',#1589,.T.);
#1712=FACE_BOUND('',#1590,.T.);
#1713=FACE_BOUND('',#1591,.T.);
#1714=FACE_BOUND('',#1592,.T.);
#1715=FACE_BOUND('',#1593,.T.);
#1716=FACE_BOUND('',#1594,.T.);
#1717=FACE_BOUND('',#1595,.T.);
#1718=FACE_BOUND('',#1596,.T.);
#1719=FACE_BOUND('',#1597,.T.);
#1720=FACE_BOUND('',#1598,.T.);
#1721=FACE_BOUND('',#1599,.T.);
#1722=FACE_BOUND('',#1600,.T.);
#1723=FACE_BOUND('',#1601,.T.);
#1724=FACE_BOUND('',#1602,.T.);
#1725=FACE_BOUND('',#1603,.T.);
#1726=FACE_BOUND('',#1604,.T.);
#1727=FACE_BOUND('',#1605,.T.);
#1728=FACE_BOUND('',#1606,.T.);
#1729=FACE_BOUND('',#1607,.T.);
#1730=FACE_BOUND('',#1608,.T.);
#1731=FACE_BOUND('',#1609,.T.);
#1732=FACE_BOUND('',#1610,.T.);
#1733=FACE_BOUND('',#1611,.T.);
#1734=FACE_BOUND('',#1612,.T.);
#1735=FACE_BOUND('',#1613,.T.);
#1736=FACE_BOUND('',#1614,.T.);
#1737=FACE_BOUND('',#1615,.T.);
#1738=PLANE('',#1900);
#1739=PLANE('',#1904);
#1740=PLANE('',#1908);
#1741=PLANE('',#1909);
#1742=PLANE('',#1940);
#1743=PLANE('',#1971);
#1744=PLANE('',#1975);
#1745=PLANE('',#1977);
#1746=PLANE('',#1979);
#1747=PLANE('',#1983);
#1748=PLANE('',#1985);
#1749=PLANE('',#1988);
#1750=PLANE('',#1992);
#1751=PLANE('',#1997);
#1752=PLANE('',#1998);
#1753=PLANE('',#2003);
#1754=PLANE('',#2007);
#1755=PLANE('',#2009);
#1756=PLANE('',#2011);
#1757=PLANE('',#2013);
#1758=PLANE('',#2015);
#1759=PLANE('',#2017);
#1760=PLANE('',#2018);
#1761=PLANE('',#2023);
#1762=PLANE('',#2024);
#1763=PLANE('',#2027);
#1764=PLANE('',#2030);
#1765=PLANE('',#2032);
#1766=PLANE('',#2035);
#1767=PLANE('',#2037);
#1768=PLANE('',#2038);
#1769=PLANE('',#2039);
#1770=PLANE('',#2040);
#1771=PLANE('',#2118);
#1772=PLANE('',#2122);
#1773=PLANE('',#2123);
#1774=PLANE('',#2127);
#1775=ADVANCED_FACE('',(#1616),#1738,.F.);
#1776=ADVANCED_FACE('',(#1617),#1739,.T.);
#1777=ADVANCED_FACE('',(#1618),#1740,.T.);
#1778=ADVANCED_FACE('',(#1619,#1620,#1621),#1741,.F.);
#1779=ADVANCED_FACE('',(#1622,#1623,#1624),#1742,.T.);
#1780=ADVANCED_FACE('',(#1625),#1743,.T.);
#1781=ADVANCED_FACE('',(#1626),#35,.F.);
#1782=ADVANCED_FACE('',(#1627),#36,.T.);
#1783=ADVANCED_FACE('',(#1628),#37,.F.);
#1784=ADVANCED_FACE('',(#1629),#1744,.T.);
#1785=ADVANCED_FACE('',(#1630),#38,.F.);
#1786=ADVANCED_FACE('',(#1631),#1745,.T.);
#1787=ADVANCED_FACE('',(#1632),#39,.F.);
#1788=ADVANCED_FACE('',(#1633),#1746,.T.);
#1789=ADVANCED_FACE('',(#1634),#40,.F.);
#1790=ADVANCED_FACE('',(#1635),#41,.T.);
#1791=ADVANCED_FACE('',(#1636),#42,.F.);
#1792=ADVANCED_FACE('',(#1637),#1747,.T.);
#1793=ADVANCED_FACE('',(#1638),#43,.F.);
#1794=ADVANCED_FACE('',(#1639),#1748,.T.);
#1795=ADVANCED_FACE('',(#1640),#44,.F.);
#1796=ADVANCED_FACE('',(#1641),#45,.T.);
#1797=ADVANCED_FACE('',(#1642),#1749,.F.);
#1798=ADVANCED_FACE('',(#1643),#46,.T.);
#1799=ADVANCED_FACE('',(#1644),#47,.F.);
#1800=ADVANCED_FACE('',(#1645),#48,.T.);
#1801=ADVANCED_FACE('',(#1646),#1750,.F.);
#1802=ADVANCED_FACE('',(#1647),#49,.T.);
#1803=ADVANCED_FACE('',(#1648),#50,.T.);
#1804=ADVANCED_FACE('',(#1649),#51,.T.);
#1805=ADVANCED_FACE('',(#1650),#52,.F.);
#1806=ADVANCED_FACE('',(#1651),#1751,.T.);
#1807=ADVANCED_FACE('',(#1652),#1752,.T.);
#1808=ADVANCED_FACE('',(#1653),#53,.F.);
#1809=ADVANCED_FACE('',(#1654),#54,.T.);
#1810=ADVANCED_FACE('',(#1655),#55,.T.);
#1811=ADVANCED_FACE('',(#1656),#56,.T.);
#1812=ADVANCED_FACE('',(#1657),#1753,.F.);
#1813=ADVANCED_FACE('',(#1658),#57,.T.);
#1814=ADVANCED_FACE('',(#1659),#58,.F.);
#1815=ADVANCED_FACE('',(#1660),#59,.T.);
#1816=ADVANCED_FACE('',(#1661),#1754,.F.);
#1817=ADVANCED_FACE('',(#1662),#60,.T.);
#1818=ADVANCED_FACE('',(#1663),#1755,.T.);
#1819=ADVANCED_FACE('',(#1664),#61,.T.);
#1820=ADVANCED_FACE('',(#1665),#1756,.T.);
#1821=ADVANCED_FACE('',(#1666),#62,.F.);
#1822=ADVANCED_FACE('',(#1667),#1757,.T.);
#1823=ADVANCED_FACE('',(#1668),#63,.F.);
#1824=ADVANCED_FACE('',(#1669),#1758,.T.);
#1825=ADVANCED_FACE('',(#1670),#64,.T.);
#1826=ADVANCED_FACE('',(#1671),#1759,.T.);
#1827=ADVANCED_FACE('',(#1672,#1673,#1674),#1760,.F.);
#1828=ADVANCED_FACE('',(#1675,#1676),#65,.F.);
#1829=ADVANCED_FACE('',(#1677,#1678),#1761,.F.);
#1830=ADVANCED_FACE('',(#1679,#1680),#1762,.F.);
#1831=ADVANCED_FACE('',(#1681,#1682),#66,.F.);
#1832=ADVANCED_FACE('',(#1683),#1763,.F.);
#1833=ADVANCED_FACE('',(#1684),#1764,.T.);
#1834=ADVANCED_FACE('',(#1685),#1765,.T.);
#1835=ADVANCED_FACE('',(#1686),#1766,.T.);
#1836=ADVANCED_FACE('',(#1687),#1767,.F.);
#1837=ADVANCED_FACE('',(#1688),#1768,.F.);
#1838=ADVANCED_FACE('',(#1689),#1769,.T.);
#1839=ADVANCED_FACE('',(#1690),#1770,.F.);
#1840=ADVANCED_FACE('',(#1691),#67,.T.);
#1841=ADVANCED_FACE('',(#1692),#68,.T.);
#1842=ADVANCED_FACE('',(#1693),#69,.T.);
#1843=ADVANCED_FACE('',(#1694),#70,.T.);
#1844=ADVANCED_FACE('',(#1695),#71,.T.);
#1845=ADVANCED_FACE('',(#1696),#72,.T.);
#1846=ADVANCED_FACE('',(#1697),#73,.T.);
#1847=ADVANCED_FACE('',(#1698),#74,.T.);
#1848=ADVANCED_FACE('',(#1699),#22,.T.);
#1849=ADVANCED_FACE('',(#1700),#75,.T.);
#1850=ADVANCED_FACE('',(#1701),#76,.T.);
#1851=ADVANCED_FACE('',(#1702),#77,.T.);
#1852=ADVANCED_FACE('',(#1703),#23,.T.);
#1853=ADVANCED_FACE('',(#1704),#24,.T.);
#1854=ADVANCED_FACE('',(#1705),#78,.T.);
#1855=ADVANCED_FACE('',(#1706),#79,.T.);
#1856=ADVANCED_FACE('',(#1707),#19,.F.);
#1857=ADVANCED_FACE('',(#1708),#80,.T.);
#1858=ADVANCED_FACE('',(#1709),#25,.T.);
#1859=ADVANCED_FACE('',(#1710),#14,.F.);
#1860=ADVANCED_FACE('',(#1711),#81,.T.);
#1861=ADVANCED_FACE('',(#1712),#82,.F.);
#1862=ADVANCED_FACE('',(#1713),#15,.F.);
#1863=ADVANCED_FACE('',(#1714),#26,.T.);
#1864=ADVANCED_FACE('',(#1715),#83,.T.);
#1865=ADVANCED_FACE('',(#1716),#84,.T.);
#1866=ADVANCED_FACE('',(#1717),#27,.T.);
#1867=ADVANCED_FACE('',(#1718),#28,.T.);
#1868=ADVANCED_FACE('',(#1719),#85,.T.);
#1869=ADVANCED_FACE('',(#1720),#86,.T.);
#1870=ADVANCED_FACE('',(#1721),#29,.T.);
#1871=ADVANCED_FACE('',(#1722),#87,.T.);
#1872=ADVANCED_FACE('',(#1723),#20,.F.);
#1873=ADVANCED_FACE('',(#1724),#21,.F.);
#1874=ADVANCED_FACE('',(#1725),#16,.F.);
#1875=ADVANCED_FACE('',(#1726),#88,.F.);
#1876=ADVANCED_FACE('',(#1727),#17,.F.);
#1877=ADVANCED_FACE('',(#1728),#89,.F.);
#1878=ADVANCED_FACE('',(#1729),#18,.F.);
#1879=ADVANCED_FACE('',(#1730),#1771,.F.);
#1880=ADVANCED_FACE('',(#1731,#1732),#90,.F.);
#1881=ADVANCED_FACE('',(#1733),#1772,.T.);
#1882=ADVANCED_FACE('',(#1734),#1773,.F.);
#1883=ADVANCED_FACE('',(#1735,#1736),#91,.F.);
#1884=ADVANCED_FACE('',(#1737),#1774,.T.);
#1885=CLOSED_SHELL('',(#1775,#1776,#1777,#1778,#1779,#1780,#1781,#1782,
#1783,#1784,#1785,#1786,#1787,#1788,#1789,#1790,#1791,#1792,#1793,#1794,
#1795,#1796,#1797,#1798,#1799,#1800,#1801,#1802,#1803,#1804,#1805,#1806,
#1807,#1808,#1809,#1810,#1811,#1812,#1813,#1814,#1815,#1816,#1817,#1818,
#1819,#1820,#1821,#1822,#1823,#1824,#1825,#1826,#1827,#1828,#1829,#1830,
#1831,#1832,#1833,#1834,#1835,#1836,#1837,#1838,#1839,#1840,#1841,#1842,
#1843,#1844,#1845,#1846,#1847,#1848,#1849,#1850,#1851,#1852,#1853,#1854,
#1855,#1856,#1857,#1858,#1859,#1860,#1861,#1862,#1863,#1864,#1865,#1866,
#1867,#1868,#1869,#1870,#1871,#1872,#1873,#1874,#1875,#1876,#1877,#1878));
#1886=CLOSED_SHELL('',(#1879,#1880,#1881));
#1887=CLOSED_SHELL('',(#1882,#1883,#1884));
#1888=STYLED_ITEM('',(#1889),#1896);
#1889=PRESENTATION_STYLE_ASSIGNMENT((#1890));
#1890=SURFACE_STYLE_USAGE(.BOTH.,#1891);
#1891=SURFACE_SIDE_STYLE('',(#1892));
#1892=SURFACE_STYLE_FILL_AREA(#1893);
#1893=FILL_AREA_STYLE('',(#1894));
#1894=FILL_AREA_STYLE_COLOUR('',#1895);
#1895=COLOUR_RGB('',0.149019607843137,0.141176470588235,0.141176470588235);
#1896=BREP_WITH_VOIDS('PYLONS-X500',#1885,(#12,#13));
#1897=SHAPE_DEFINITION_REPRESENTATION(#3387,#1898);
#1898=SHAPE_REPRESENTATION('PYLONS-X500',(#1899),#3382);
#1899=AXIS2_PLACEMENT_3D('',#2728,#2128,#2129);
#1900=AXIS2_PLACEMENT_3D('',#2729,#2130,#2131);
#1901=AXIS2_PLACEMENT_3D('',#2733,#2133,#2134);
#1902=AXIS2_PLACEMENT_3D('',#2743,#2139,#2140);
#1903=AXIS2_PLACEMENT_3D('',#2747,#2142,#2143);
#1904=AXIS2_PLACEMENT_3D('',#2748,#2144,#2145);
#1905=AXIS2_PLACEMENT_3D('',#2752,#2147,#2148);
#1906=AXIS2_PLACEMENT_3D('',#2756,#2150,#2151);
#1907=AXIS2_PLACEMENT_3D('',#2771,#2156,#2157);
#1908=AXIS2_PLACEMENT_3D('',#2772,#2158,#2159);
#1909=AXIS2_PLACEMENT_3D('',#2794,#2168,#2169);
#1910=AXIS2_PLACEMENT_3D('',#2795,#2170,#2171);
#1911=AXIS2_PLACEMENT_3D('',#2798,#2172,#2173);
#1912=AXIS2_PLACEMENT_3D('',#2802,#2175,#2176);
#1913=AXIS2_PLACEMENT_3D('',#2806,#2178,#2179);
#1914=AXIS2_PLACEMENT_3D('',#2810,#2181,#2182);
#1915=AXIS2_PLACEMENT_3D('',#2814,#2184,#2185);
#1916=AXIS2_PLACEMENT_3D('',#2816,#2186,#2187);
#1917=AXIS2_PLACEMENT_3D('',#2818,#2188,#2189);
#1918=AXIS2_PLACEMENT_3D('',#2822,#2191,#2192);
#1919=AXIS2_PLACEMENT_3D('',#2826,#2194,#2195);
#1920=AXIS2_PLACEMENT_3D('',#2831,#2198,#2199);
#1921=AXIS2_PLACEMENT_3D('',#2833,#2200,#2201);
#1922=AXIS2_PLACEMENT_3D('',#2835,#2202,#2203);
#1923=AXIS2_PLACEMENT_3D('',#2839,#2205,#2206);
#1924=AXIS2_PLACEMENT_3D('',#2841,#2207,#2208);
#1925=AXIS2_PLACEMENT_3D('',#2843,#2209,#2210);
#1926=AXIS2_PLACEMENT_3D('',#2847,#2212,#2213);
#1927=AXIS2_PLACEMENT_3D('',#2849,#2214,#2215);
#1928=AXIS2_PLACEMENT_3D('',#2853,#2217,#2218);
#1929=AXIS2_PLACEMENT_3D('',#2857,#2220,#2221);
#1930=AXIS2_PLACEMENT_3D('',#2861,#2223,#2224);
#1931=AXIS2_PLACEMENT_3D('',#2865,#2226,#2227);
#1932=AXIS2_PLACEMENT_3D('',#2869,#2229,#2230);
#1933=AXIS2_PLACEMENT_3D('',#2871,#2231,#2232);
#1934=AXIS2_PLACEMENT_3D('',#2875,#2234,#2235);
#1935=AXIS2_PLACEMENT_3D('',#2877,#2236,#2237);
#1936=AXIS2_PLACEMENT_3D('',#2879,#2238,#2239);
#1937=AXIS2_PLACEMENT_3D('',#2883,#2241,#2242);
#1938=AXIS2_PLACEMENT_3D('',#2885,#2243,#2244);
#1939=AXIS2_PLACEMENT_3D('',#2887,#2245,#2246);
#1940=AXIS2_PLACEMENT_3D('',#2896,#2248,#2249);
#1941=AXIS2_PLACEMENT_3D('',#2900,#2252,#2253);
#1942=AXIS2_PLACEMENT_3D('',#2902,#2254,#2255);
#1943=AXIS2_PLACEMENT_3D('',#2904,#2256,#2257);
#1944=AXIS2_PLACEMENT_3D('',#2908,#2259,#2260);
#1945=AXIS2_PLACEMENT_3D('',#2910,#2261,#2262);
#1946=AXIS2_PLACEMENT_3D('',#2912,#2263,#2264);
#1947=AXIS2_PLACEMENT_3D('',#2916,#2266,#2267);
#1948=AXIS2_PLACEMENT_3D('',#2918,#2268,#2269);
#1949=AXIS2_PLACEMENT_3D('',#2922,#2271,#2272);
#1950=AXIS2_PLACEMENT_3D('',#2926,#2274,#2275);
#1951=AXIS2_PLACEMENT_3D('',#2930,#2277,#2278);
#1952=AXIS2_PLACEMENT_3D('',#2934,#2280,#2281);
#1953=AXIS2_PLACEMENT_3D('',#2938,#2283,#2284);
#1954=AXIS2_PLACEMENT_3D('',#2940,#2285,#2286);
#1955=AXIS2_PLACEMENT_3D('',#2944,#2288,#2289);
#1956=AXIS2_PLACEMENT_3D('',#2946,#2290,#2291);
#1957=AXIS2_PLACEMENT_3D('',#2948,#2292,#2293);
#1958=AXIS2_PLACEMENT_3D('',#2952,#2295,#2296);
#1959=AXIS2_PLACEMENT_3D('',#2954,#2297,#2298);
#1960=AXIS2_PLACEMENT_3D('',#2956,#2299,#2300);
#1961=AXIS2_PLACEMENT_3D('',#2959,#2302,#2303);
#1962=AXIS2_PLACEMENT_3D('',#2962,#2304,#2305);
#1963=AXIS2_PLACEMENT_3D('',#2966,#2307,#2308);
#1964=AXIS2_PLACEMENT_3D('',#2970,#2310,#2311);
#1965=AXIS2_PLACEMENT_3D('',#2974,#2313,#2314);
#1966=AXIS2_PLACEMENT_3D('',#2978,#2316,#2317);
#1967=AXIS2_PLACEMENT_3D('',#2980,#2318,#2319);
#1968=AXIS2_PLACEMENT_3D('',#2982,#2320,#2321);
#1969=AXIS2_PLACEMENT_3D('',#2986,#2323,#2324);
#1970=AXIS2_PLACEMENT_3D('',#2990,#2326,#2327);
#1971=AXIS2_PLACEMENT_3D('',#2991,#2328,#2329);
#1972=AXIS2_PLACEMENT_3D('',#2994,#2332,#2333);
#1973=AXIS2_PLACEMENT_3D('',#2996,#2335,#2336);
#1974=AXIS2_PLACEMENT_3D('',#2998,#2338,#2339);
#1975=AXIS2_PLACEMENT_3D('',#3000,#2341,#2342);
#1976=AXIS2_PLACEMENT_3D('',#3002,#2344,#2345);
#1977=AXIS2_PLACEMENT_3D('',#3004,#2347,#2348);
#1978=AXIS2_PLACEMENT_3D('',#3006,#2350,#2351);
#1979=AXIS2_PLACEMENT_3D('',#3007,#2352,#2353);
#1980=AXIS2_PLACEMENT_3D('',#3010,#2356,#2357);
#1981=AXIS2_PLACEMENT_3D('',#3012,#2359,#2360);
#1982=AXIS2_PLACEMENT_3D('',#3014,#2362,#2363);
#1983=AXIS2_PLACEMENT_3D('',#3016,#2365,#2366);
#1984=AXIS2_PLACEMENT_3D('',#3018,#2368,#2369);
#1985=AXIS2_PLACEMENT_3D('',#3020,#2371,#2372);
#1986=AXIS2_PLACEMENT_3D('',#3022,#2374,#2375);
#1987=AXIS2_PLACEMENT_3D('',#3023,#2376,#2377);
#1988=AXIS2_PLACEMENT_3D('',#3026,#2380,#2381);
#1989=AXIS2_PLACEMENT_3D('',#3028,#2383,#2384);
#1990=AXIS2_PLACEMENT_3D('',#3030,#2386,#2387);
#1991=AXIS2_PLACEMENT_3D('',#3032,#2389,#2390);
#1992=AXIS2_PLACEMENT_3D('',#3034,#2392,#2393);
#1993=AXIS2_PLACEMENT_3D('',#3036,#2395,#2396);
#1994=AXIS2_PLACEMENT_3D('',#3038,#2398,#2399);
#1995=AXIS2_PLACEMENT_3D('',#3040,#2401,#2402);
#1996=AXIS2_PLACEMENT_3D('',#3042,#2404,#2405);
#1997=AXIS2_PLACEMENT_3D('',#3044,#2407,#2408);
#1998=AXIS2_PLACEMENT_3D('',#3045,#2409,#2410);
#1999=AXIS2_PLACEMENT_3D('',#3047,#2412,#2413);
#2000=AXIS2_PLACEMENT_3D('',#3049,#2415,#2416);
#2001=AXIS2_PLACEMENT_3D('',#3051,#2418,#2419);
#2002=AXIS2_PLACEMENT_3D('',#3054,#2422,#2423);
#2003=AXIS2_PLACEMENT_3D('',#3056,#2425,#2426);
#2004=AXIS2_PLACEMENT_3D('',#3058,#2428,#2429);
#2005=AXIS2_PLACEMENT_3D('',#3060,#2431,#2432);
#2006=AXIS2_PLACEMENT_3D('',#3062,#2434,#2435);
#2007=AXIS2_PLACEMENT_3D('',#3064,#2437,#2438);
#2008=AXIS2_PLACEMENT_3D('',#3066,#2440,#2441);
#2009=AXIS2_PLACEMENT_3D('',#3067,#2442,#2443);
#2010=AXIS2_PLACEMENT_3D('',#3069,#2445,#2446);
#2011=AXIS2_PLACEMENT_3D('',#3071,#2448,#2449);
#2012=AXIS2_PLACEMENT_3D('',#3073,#2451,#2452);
#2013=AXIS2_PLACEMENT_3D('',#3075,#2454,#2455);
#2014=AXIS2_PLACEMENT_3D('',#3077,#2457,#2458);
#2015=AXIS2_PLACEMENT_3D('',#3079,#2460,#2461);
#2016=AXIS2_PLACEMENT_3D('',#3081,#2463,#2464);
#2017=AXIS2_PLACEMENT_3D('',#3083,#2466,#2467);
#2018=AXIS2_PLACEMENT_3D('',#3084,#2468,#2469);
#2019=AXIS2_PLACEMENT_3D('',#3107,#2479,#2480);
#2020=AXIS2_PLACEMENT_3D('',#3109,#2481,#2482);
#2021=AXIS2_PLACEMENT_3D('',#3111,#2483,#2484);
#2022=AXIS2_PLACEMENT_3D('',#3112,#2485,#2486);
#2023=AXIS2_PLACEMENT_3D('',#3114,#2487,#2488);
#2024=AXIS2_PLACEMENT_3D('',#3123,#2493,#2494);
#2025=AXIS2_PLACEMENT_3D('',#3124,#2495,#2496);
#2026=AXIS2_PLACEMENT_3D('',#3134,#2501,#2502);
#2027=AXIS2_PLACEMENT_3D('',#3135,#2503,#2504);
#2028=AXIS2_PLACEMENT_3D('',#3138,#2506,#2507);
#2029=AXIS2_PLACEMENT_3D('',#3139,#2508,#2509);
#2030=AXIS2_PLACEMENT_3D('',#3140,#2510,#2511);
#2031=AXIS2_PLACEMENT_3D('',#3141,#2512,#2513);
#2032=AXIS2_PLACEMENT_3D('',#3153,#2517,#2518);
#2033=AXIS2_PLACEMENT_3D('',#3154,#2519,#2520);
#2034=AXIS2_PLACEMENT_3D('',#3157,#2522,#2523);
#2035=AXIS2_PLACEMENT_3D('',#3158,#2524,#2525);
#2036=AXIS2_PLACEMENT_3D('',#3162,#2527,#2528);
#2037=AXIS2_PLACEMENT_3D('',#3166,#2531,#2532);
#2038=AXIS2_PLACEMENT_3D('',#3178,#2536,#2537);
#2039=AXIS2_PLACEMENT_3D('',#3187,#2542,#2543);
#2040=AXIS2_PLACEMENT_3D('',#3196,#2548,#2549);
#2041=AXIS2_PLACEMENT_3D('',#3205,#2554,#2555);
#2042=AXIS2_PLACEMENT_3D('',#3206,#2556,#2557);
#2043=AXIS2_PLACEMENT_3D('',#3207,#2558,#2559);
#2044=AXIS2_PLACEMENT_3D('',#3215,#2560,#2561);
#2045=AXIS2_PLACEMENT_3D('',#3216,#2562,#2563);
#2046=AXIS2_PLACEMENT_3D('',#3217,#2564,#2565);
#2047=AXIS2_PLACEMENT_3D('',#3218,#2566,#2567);
#2048=AXIS2_PLACEMENT_3D('',#3226,#2568,#2569);
#2049=AXIS2_PLACEMENT_3D('',#3227,#2570,#2571);
#2050=AXIS2_PLACEMENT_3D('',#3228,#2572,#2573);
#2051=AXIS2_PLACEMENT_3D('',#3229,#2574,#2575);
#2052=AXIS2_PLACEMENT_3D('',#3237,#2576,#2577);
#2053=AXIS2_PLACEMENT_3D('',#3238,#2578,#2579);
#2054=AXIS2_PLACEMENT_3D('',#3239,#2580,#2581);
#2055=AXIS2_PLACEMENT_3D('',#3240,#2582,#2583);
#2056=AXIS2_PLACEMENT_3D('',#3241,#2584,#2585);
#2057=AXIS2_PLACEMENT_3D('',#3242,#2586,#2587);
#2058=AXIS2_PLACEMENT_3D('',#3243,#2588,#2589);
#2059=AXIS2_PLACEMENT_3D('',#3244,#2590,#2591);
#2060=AXIS2_PLACEMENT_3D('',#3245,#2592,#2593);
#2061=AXIS2_PLACEMENT_3D('',#3246,#2594,#2595);
#2062=AXIS2_PLACEMENT_3D('',#3247,#2596,#2597);
#2063=AXIS2_PLACEMENT_3D('',#3248,#2598,#2599);
#2064=AXIS2_PLACEMENT_3D('',#3249,#2600,#2601);
#2065=AXIS2_PLACEMENT_3D('',#3250,#2602,#2603);
#2066=AXIS2_PLACEMENT_3D('',#3251,#2604,#2605);
#2067=AXIS2_PLACEMENT_3D('',#3252,#2606,#2607);
#2068=AXIS2_PLACEMENT_3D('',#3253,#2608,#2609);
#2069=AXIS2_PLACEMENT_3D('',#3254,#2610,#2611);
#2070=AXIS2_PLACEMENT_3D('',#3255,#2612,#2613);
#2071=AXIS2_PLACEMENT_3D('',#3256,#2614,#2615);
#2072=AXIS2_PLACEMENT_3D('',#3257,#2616,#2617);
#2073=AXIS2_PLACEMENT_3D('',#3258,#2618,#2619);
#2074=AXIS2_PLACEMENT_3D('',#3259,#2620,#2621);
#2075=AXIS2_PLACEMENT_3D('',#3260,#2622,#2623);
#2076=AXIS2_PLACEMENT_3D('',#3292,#2624,#2625);
#2077=AXIS2_PLACEMENT_3D('',#3293,#2626,#2627);
#2078=AXIS2_PLACEMENT_3D('',#3294,#2628,#2629);
#2079=AXIS2_PLACEMENT_3D('',#3295,#2630,#2631);
#2080=AXIS2_PLACEMENT_3D('',#3296,#2632,#2633);
#2081=AXIS2_PLACEMENT_3D('',#3297,#2634,#2635);
#2082=AXIS2_PLACEMENT_3D('',#3298,#2636,#2637);
#2083=AXIS2_PLACEMENT_3D('',#3299,#2638,#2639);
#2084=AXIS2_PLACEMENT_3D('',#3300,#2640,#2641);
#2085=AXIS2_PLACEMENT_3D('',#3301,#2642,#2643);
#2086=AXIS2_PLACEMENT_3D('',#3302,#2644,#2645);
#2087=AXIS2_PLACEMENT_3D('',#3303,#2646,#2647);
#2088=AXIS2_PLACEMENT_3D('',#3304,#2648,#2649);
#2089=AXIS2_PLACEMENT_3D('',#3305,#2650,#2651);
#2090=AXIS2_PLACEMENT_3D('',#3306,#2652,#2653);
#2091=AXIS2_PLACEMENT_3D('',#3307,#2654,#2655);
#2092=AXIS2_PLACEMENT_3D('',#3308,#2656,#2657);
#2093=AXIS2_PLACEMENT_3D('',#3309,#2658,#2659);
#2094=AXIS2_PLACEMENT_3D('',#3310,#2660,#2661);
#2095=AXIS2_PLACEMENT_3D('',#3311,#2662,#2663);
#2096=AXIS2_PLACEMENT_3D('',#3312,#2664,#2665);
#2097=AXIS2_PLACEMENT_3D('',#3313,#2666,#2667);
#2098=AXIS2_PLACEMENT_3D('',#3314,#2668,#2669);
#2099=AXIS2_PLACEMENT_3D('',#3315,#2670,#2671);
#2100=AXIS2_PLACEMENT_3D('',#3316,#2672,#2673);
#2101=AXIS2_PLACEMENT_3D('',#3317,#2674,#2675);
#2102=AXIS2_PLACEMENT_3D('',#3318,#2676,#2677);
#2103=AXIS2_PLACEMENT_3D('',#3319,#2678,#2679);
#2104=AXIS2_PLACEMENT_3D('',#3320,#2680,#2681);
#2105=AXIS2_PLACEMENT_3D('',#3321,#2682,#2683);
#2106=AXIS2_PLACEMENT_3D('',#3322,#2684,#2685);
#2107=AXIS2_PLACEMENT_3D('',#3335,#2686,#2687);
#2108=AXIS2_PLACEMENT_3D('',#3357,#2688,#2689);
#2109=AXIS2_PLACEMENT_3D('',#3358,#2690,#2691);
#2110=AXIS2_PLACEMENT_3D('',#3359,#2692,#2693);
#2111=AXIS2_PLACEMENT_3D('',#3360,#2694,#2695);
#2112=AXIS2_PLACEMENT_3D('',#3361,#2696,#2697);
#2113=AXIS2_PLACEMENT_3D('',#3362,#2698,#2699);
#2114=AXIS2_PLACEMENT_3D('',#3363,#2700,#2701);
#2115=AXIS2_PLACEMENT_3D('',#3364,#2702,#2703);
#2116=AXIS2_PLACEMENT_3D('',#3365,#2704,#2705);
#2117=AXIS2_PLACEMENT_3D('',#3366,#2706,#2707);
#2118=AXIS2_PLACEMENT_3D('',#3367,#2708,#2709);
#2119=AXIS2_PLACEMENT_3D('',#3368,#2710,#2711);
#2120=AXIS2_PLACEMENT_3D('',#3370,#2712,#2713);
#2121=AXIS2_PLACEMENT_3D('',#3371,#2714,#2715);
#2122=AXIS2_PLACEMENT_3D('',#3373,#2716,#2717);
#2123=AXIS2_PLACEMENT_3D('',#3374,#2718,#2719);
#2124=AXIS2_PLACEMENT_3D('',#3375,#2720,#2721);
#2125=AXIS2_PLACEMENT_3D('',#3377,#2722,#2723);
#2126=AXIS2_PLACEMENT_3D('',#3378,#2724,#2725);
#2127=AXIS2_PLACEMENT_3D('',#3380,#2726,#2727);
#2128=DIRECTION('',(0.,0.,1.));
#2129=DIRECTION('',(1.,0.,0.));
#2130=DIRECTION('',(-1.,0.,0.));
#2131=DIRECTION('',(0.,0.,-1.));
#2132=DIRECTION('',(0.,0.965925826289068,-0.258819045102521));
#2133=DIRECTION('',(-1.,0.,0.));
#2134=DIRECTION('',(0.,0.,1.));
#2135=DIRECTION('',(0.,0.,1.));
#2136=DIRECTION('',(0.,1.,0.));
#2137=DIRECTION('',(0.,0.,1.));
#2138=DIRECTION('',(0.,-1.,0.));
#2139=DIRECTION('',(-1.,0.,0.));
#2140=DIRECTION('',(0.,0.,1.));
#2141=DIRECTION('',(0.,0.258819045102521,0.965925826289068));
#2142=DIRECTION('',(-1.,0.,0.));
#2143=DIRECTION('',(0.,0.,1.));
#2144=DIRECTION('',(-1.,0.,0.));
#2145=DIRECTION('',(0.,0.,-1.));
#2146=DIRECTION('',(0.,0.965925826289068,-0.258819045102521));
#2147=DIRECTION('',(-1.,0.,0.));
#2148=DIRECTION('',(0.,0.,1.));
#2149=DIRECTION('',(0.,0.258819045102521,0.965925826289068));
#2150=DIRECTION('',(-1.,0.,0.));
#2151=DIRECTION('',(0.,0.,1.));
#2152=DIRECTION('',(0.,1.,0.));
#2153=DIRECTION('',(0.,0.,1.));
#2154=DIRECTION('',(0.,0.,1.));
#2155=DIRECTION('',(0.,-0.258819045102521,-0.965925826289068));
#2156=DIRECTION('',(-1.,0.,0.));
#2157=DIRECTION('',(0.,0.,1.));
#2158=DIRECTION('',(0.,0.,1.));
#2159=DIRECTION('',(1.,0.,0.));
#2160=DIRECTION('',(0.,1.,0.));
#2161=DIRECTION('',(1.,0.,0.));
#2162=DIRECTION('',(0.,-1.,0.));
#2163=DIRECTION('',(-1.,0.,0.));
#2164=DIRECTION('',(0.,-1.,0.));
#2165=DIRECTION('',(-1.,0.,0.));
#2166=DIRECTION('',(0.,1.,0.));
#2167=DIRECTION('',(-1.,0.,0.));
#2168=DIRECTION('',(0.,1.,0.));
#2169=DIRECTION('',(1.,0.,0.));
#2170=DIRECTION('',(0.,-1.,0.));
#2171=DIRECTION('',(0.933089328002367,0.,0.359644694063587));
#2172=DIRECTION('',(0.,-1.,0.));
#2173=DIRECTION('',(-0.866025403784429,0.,0.500000000000017));
#2174=DIRECTION('',(0.500000000000017,0.,0.866025403784429));
#2175=DIRECTION('',(0.,-1.,0.));
#2176=DIRECTION('',(0.500000000000017,0.,0.866025403784429));
#2177=DIRECTION('',(0.866025403784429,0.,-0.500000000000017));
#2178=DIRECTION('',(0.,-1.,0.));
#2179=DIRECTION('',(0.913545457642601,0.,-0.4067366430758));
#2180=DIRECTION('',(-0.4067366430758,0.,-0.913545457642601));
#2181=DIRECTION('',(0.,1.,0.));
#2182=DIRECTION('',(0.913545457642601,0.,-0.4067366430758));
#2183=DIRECTION('',(0.500000000000017,0.,-0.866025403784429));
#2184=DIRECTION('',(0.,-1.,0.));
#2185=DIRECTION('',(0.544329744040132,0.,-0.838871342789349));
#2186=DIRECTION('',(0.,-1.,0.));
#2187=DIRECTION('',(-0.544329744040131,0.,0.838871342789349));
#2188=DIRECTION('',(0.,1.,0.));
#2189=DIRECTION('',(0.933089328002401,0.,-0.3596446940635));
#2190=DIRECTION('',(-0.4067366430758,0.,0.913545457642601));
#2191=DIRECTION('',(0.,-1.,0.));
#2192=DIRECTION('',(-0.500000000000017,0.,0.866025403784429));
#2193=DIRECTION('',(0.866025403784429,0.,0.500000000000017));
#2194=DIRECTION('',(0.,-1.,0.));
#2195=DIRECTION('',(0.866025403784429,0.,0.500000000000017));
#2196=DIRECTION('',(1.,0.,0.));
#2197=DIRECTION('',(-0.500000000000017,0.,-0.866025403784429));
#2198=DIRECTION('',(0.,-1.,0.));
#2199=DIRECTION('',(-0.0545956579430625,0.,-0.998508544847646));
#2200=DIRECTION('',(0.,-1.,0.));
#2201=DIRECTION('',(0.0545956579430625,0.,0.998508544847646));
#2202=DIRECTION('',(0.,1.,0.));
#2203=DIRECTION('',(-0.707106781186548,0.,-0.707106781186548));
#2204=DIRECTION('',(-0.707106781186498,0.,0.707106781186598));
#2205=DIRECTION('',(0.,1.,0.));
#2206=DIRECTION('',(0.581621357556163,0.,-0.813459646469649));
#2207=DIRECTION('',(0.,-1.,0.));
#2208=DIRECTION('',(-0.581621357556097,0.,-0.813459646469696));
#2209=DIRECTION('',(0.,1.,0.));
#2210=DIRECTION('',(-0.707106781186598,0.,0.707106781186498));
#2211=DIRECTION('',(0.707106781186598,0.,0.707106781186498));
#2212=DIRECTION('',(0.,1.,0.));
#2213=DIRECTION('',(-0.586608385950797,0.,-0.809870731371495));
#2214=DIRECTION('',(0.,-1.,0.));
#2215=DIRECTION('',(-0.586608385950797,0.,-0.809870731371496));
#2216=DIRECTION('',(0.629320391049801,0.,0.777145961457001));
#2217=DIRECTION('',(0.,1.,0.));
#2218=DIRECTION('',(0.913545457642601,0.,-0.4067366430758));
#2219=DIRECTION('',(0.4067366430758,0.,0.913545457642601));
#2220=DIRECTION('',(0.,-1.,0.));
#2221=DIRECTION('',(0.,0.,1.));
#2222=DIRECTION('',(1.,0.,0.));
#2223=DIRECTION('',(0.,-1.,0.));
#2224=DIRECTION('',(0.913545457642601,0.,0.4067366430758));
#2225=DIRECTION('',(0.4067366430758,0.,-0.913545457642601));
#2226=DIRECTION('',(0.,1.,0.));
#2227=DIRECTION('',(-0.777145961457001,0.,-0.629320391049801));
#2228=DIRECTION('',(0.629320391049801,0.,-0.777145961457001));
#2229=DIRECTION('',(0.,-1.,0.));
#2230=DIRECTION('',(-0.777145961457001,0.,-0.629320391049801));
#2231=DIRECTION('',(0.,1.,0.));
#2232=DIRECTION('',(0.707106781186598,0.,0.707106781186498));
#2233=DIRECTION('',(0.707106781186598,0.,-0.707106781186498));
#2234=DIRECTION('',(0.,1.,0.));
#2235=DIRECTION('',(-0.581621357556163,0.,0.813459646469649));
#2236=DIRECTION('',(0.,-1.,0.));
#2237=DIRECTION('',(0.581621357556097,0.,0.813459646469696));
#2238=DIRECTION('',(0.,1.,0.));
#2239=DIRECTION('',(0.707106781186548,0.,-0.707106781186548));
#2240=DIRECTION('',(-0.707106781186498,0.,-0.707106781186598));
#2241=DIRECTION('',(0.,1.,0.));
#2242=DIRECTION('',(0.586608385950797,0.,0.809870731371495));
#2243=DIRECTION('',(0.,-1.,0.));
#2244=DIRECTION('',(0.586608385950797,0.,0.809870731371496));
#2245=DIRECTION('',(0.,-1.,0.));
#2246=DIRECTION('',(-0.866025403784429,0.,-0.500000000000017));
#2247=DIRECTION('',(-0.500000000000017,0.,0.866025403784429));
#2248=DIRECTION('',(0.,1.,0.));
#2249=DIRECTION('',(1.,0.,0.));
#2250=DIRECTION('',(-1.,0.,0.));
#2251=DIRECTION('',(-0.500000000000017,0.,0.866025403784429));
#2252=DIRECTION('',(0.,1.,0.));
#2253=DIRECTION('',(0.0545956579430625,0.,-0.998508544847646));
#2254=DIRECTION('',(0.,-1.,0.));
#2255=DIRECTION('',(0.586608385950797,0.,0.809870731371496));
#2256=DIRECTION('',(0.,-1.,0.));
#2257=DIRECTION('',(0.707106781186598,0.,-0.707106781186498));
#2258=DIRECTION('',(-0.707106781186498,0.,-0.707106781186598));
#2259=DIRECTION('',(0.,-1.,0.));
#2260=DIRECTION('',(-0.581621357555984,0.,-0.813459646469777));
#2261=DIRECTION('',(0.,1.,0.));
#2262=DIRECTION('',(0.581621357556097,0.,-0.813459646469696));
#2263=DIRECTION('',(0.,-1.,0.));
#2264=DIRECTION('',(0.707106781186598,0.,0.707106781186498));
#2265=DIRECTION('',(0.707106781186598,0.,-0.707106781186498));
#2266=DIRECTION('',(0.,-1.,0.));
#2267=DIRECTION('',(0.586608385950797,0.,-0.809870731371495));
#2268=DIRECTION('',(0.,-1.,0.));
#2269=DIRECTION('',(-0.777145961457001,0.,-0.629320391049801));
#2270=DIRECTION('',(0.629320391049801,0.,-0.777145961457001));
#2271=DIRECTION('',(0.,-1.,0.));
#2272=DIRECTION('',(-0.913545457642601,0.,-0.4067366430758));
#2273=DIRECTION('',(0.4067366430758,0.,-0.913545457642601));
#2274=DIRECTION('',(0.,1.,0.));
#2275=DIRECTION('',(0.,0.,1.));
#2276=DIRECTION('',(1.,0.,0.));
#2277=DIRECTION('',(0.,1.,0.));
#2278=DIRECTION('',(-0.913545457642601,0.,0.4067366430758));
#2279=DIRECTION('',(0.4067366430758,0.,0.913545457642601));
#2280=DIRECTION('',(0.,-1.,0.));
#2281=DIRECTION('',(0.777145961457001,0.,-0.629320391049801));
#2282=DIRECTION('',(0.629320391049801,0.,0.777145961457001));
#2283=DIRECTION('',(0.,-1.,0.));
#2284=DIRECTION('',(-0.586608385950797,0.,-0.809870731371496));
#2285=DIRECTION('',(0.,-1.,0.));
#2286=DIRECTION('',(-0.707106781186598,0.,0.707106781186498));
#2287=DIRECTION('',(0.707106781186548,0.,0.707106781186548));
#2288=DIRECTION('',(0.,-1.,0.));
#2289=DIRECTION('',(0.581621357556163,0.,0.813459646469649));
#2290=DIRECTION('',(0.,1.,0.));
#2291=DIRECTION('',(-0.581621357556097,0.,0.813459646469696));
#2292=DIRECTION('',(0.,-1.,0.));
#2293=DIRECTION('',(-0.707106781186598,0.,-0.707106781186498));
#2294=DIRECTION('',(-0.707106781186498,0.,0.707106781186598));
#2295=DIRECTION('',(0.,-1.,0.));
#2296=DIRECTION('',(-0.586608385950797,0.,0.809870731371495));
#2297=DIRECTION('',(0.,-1.,0.));
#2298=DIRECTION('',(0.0545956579430625,0.,0.998508544847646));
#2299=DIRECTION('',(0.,1.,0.));
#2300=DIRECTION('',(0.866025403784429,0.,-0.500000000000017));
#2301=DIRECTION('',(-0.500000000000017,0.,-0.866025403784429));
#2302=DIRECTION('',(0.,-1.,0.));
#2303=DIRECTION('',(-0.544329744040131,0.,0.838871342789349));
#2304=DIRECTION('',(0.,1.,0.));
#2305=DIRECTION('',(0.866025403784429,0.,0.500000000000017));
#2306=DIRECTION('',(0.500000000000017,0.,-0.866025403784429));
#2307=DIRECTION('',(0.,1.,0.));
#2308=DIRECTION('',(-0.500000000000017,0.,0.866025403784429));
#2309=DIRECTION('',(0.866025403784429,0.,0.500000000000017));
#2310=DIRECTION('',(0.,1.,0.));
#2311=DIRECTION('',(-0.913545457642601,0.,-0.4067366430758));
#2312=DIRECTION('',(-0.4067366430758,0.,0.913545457642601));
#2313=DIRECTION('',(0.,1.,0.));
#2314=DIRECTION('',(0.933089328002401,0.,-0.3596446940635));
#2315=DIRECTION('',(0.500000000000017,0.,0.866025403784429));
#2316=DIRECTION('',(0.,1.,0.));
#2317=DIRECTION('',(-0.544329744040086,0.,-0.838871342789378));
#2318=DIRECTION('',(0.,-1.,0.));
#2319=DIRECTION('',(0.933089328002367,0.,0.359644694063587));
#2320=DIRECTION('',(0.,1.,0.));
#2321=DIRECTION('',(0.913545457642601,0.,-0.4067366430758));
#2322=DIRECTION('',(-0.4067366430758,0.,-0.913545457642601));
#2323=DIRECTION('',(0.,1.,0.));
#2324=DIRECTION('',(0.500000000000017,0.,0.866025403784429));
#2325=DIRECTION('',(0.866025403784429,0.,-0.500000000000017));
#2326=DIRECTION('',(0.,1.,0.));
#2327=DIRECTION('',(-0.866025403784429,0.,0.500000000000017));
#2328=DIRECTION('',(-0.866025403784429,0.,-0.500000000000017));
#2329=DIRECTION('',(0.500000000000017,0.,-0.866025403784429));
#2330=DIRECTION('',(0.,1.,0.));
#2331=DIRECTION('',(0.,1.,0.));
#2332=DIRECTION('',(0.,1.,0.));
#2333=DIRECTION('',(0.544329744040132,0.,-0.838871342789349));
#2334=DIRECTION('',(0.,1.,0.));
#2335=DIRECTION('',(0.,1.,0.));
#2336=DIRECTION('',(1.,0.,0.));
#2337=DIRECTION('',(0.,1.,0.));
#2338=DIRECTION('',(0.,1.,0.));
#2339=DIRECTION('',(0.866025403784429,0.,0.500000000000017));
#2340=DIRECTION('',(0.,1.,0.));
#2341=DIRECTION('',(0.500000000000017,0.,-0.866025403784429));
#2342=DIRECTION('',(0.866025403784429,0.,0.500000000000017));
#2343=DIRECTION('',(0.,1.,0.));
#2344=DIRECTION('',(0.,1.,0.));
#2345=DIRECTION('',(-0.500000000000017,0.,0.866025403784429));
#2346=DIRECTION('',(0.,1.,0.));
#2347=DIRECTION('',(0.913545457642601,0.,0.4067366430758));
#2348=DIRECTION('',(-0.4067366430758,0.,0.913545457642601));
#2349=DIRECTION('',(0.,1.,0.));
#2350=DIRECTION('',(0.,1.,0.));
#2351=DIRECTION('',(1.,0.,0.));
#2352=DIRECTION('',(0.866025403784429,0.,-0.500000000000017));
#2353=DIRECTION('',(0.500000000000017,0.,0.866025403784429));
#2354=DIRECTION('',(0.,1.,0.));
#2355=DIRECTION('',(0.,1.,0.));
#2356=DIRECTION('',(0.,1.,0.));
#2357=DIRECTION('',(-0.866025403784429,0.,0.500000000000017));
#2358=DIRECTION('',(0.,1.,0.));
#2359=DIRECTION('',(0.,1.,0.));
#2360=DIRECTION('',(1.,0.,0.));
#2361=DIRECTION('',(0.,1.,0.));
#2362=DIRECTION('',(0.,1.,0.));
#2363=DIRECTION('',(1.,0.,0.));
#2364=DIRECTION('',(0.,1.,0.));
#2365=DIRECTION('',(-0.913545457642601,0.,0.4067366430758));
#2366=DIRECTION('',(-0.4067366430758,0.,-0.913545457642601));
#2367=DIRECTION('',(0.,1.,0.));
#2368=DIRECTION('',(0.,1.,0.));
#2369=DIRECTION('',(0.913545457642601,0.,-0.4067366430758));
#2370=DIRECTION('',(0.,1.,0.));
#2371=DIRECTION('',(-0.500000000000017,0.,-0.866025403784429));
#2372=DIRECTION('',(0.866025403784429,0.,-0.500000000000017));
#2373=DIRECTION('',(0.,1.,0.));
#2374=DIRECTION('',(0.,1.,0.));
#2375=DIRECTION('',(0.500000000000017,0.,0.866025403784429));
#2376=DIRECTION('',(0.,-1.,0.));
#2377=DIRECTION('',(0.586608385950797,0.,0.809870731371495));
#2378=DIRECTION('',(0.,-1.,0.));
#2379=DIRECTION('',(0.,-1.,0.));
#2380=DIRECTION('',(-0.707106781186548,0.,0.707106781186548));
#2381=DIRECTION('',(-0.707106781186548,0.,-0.707106781186548));
#2382=DIRECTION('',(0.,1.,0.));
#2383=DIRECTION('',(0.,1.,0.));
#2384=DIRECTION('',(-0.581621357556097,0.,-0.813459646469696));
#2385=DIRECTION('',(0.,1.,0.));
#2386=DIRECTION('',(0.,1.,0.));
#2387=DIRECTION('',(-1.,0.,-5.70532169977416E-13));
#2388=DIRECTION('',(0.,-1.,0.));
#2389=DIRECTION('',(0.,-1.,0.));
#2390=DIRECTION('',(-0.581621357556097,0.,0.813459646469696));
#2391=DIRECTION('',(0.,-1.,0.));
#2392=DIRECTION('',(-0.707106781186548,0.,-0.707106781186548));
#2393=DIRECTION('',(0.707106781186548,0.,-0.707106781186548));
#2394=DIRECTION('',(0.,1.,0.));
#2395=DIRECTION('',(0.,1.,0.));
#2396=DIRECTION('',(0.586608385950797,0.,-0.809870731371495));
#2397=DIRECTION('',(0.,1.,0.));
#2398=DIRECTION('',(0.,1.,0.));
#2399=DIRECTION('',(1.,0.,0.));
#2400=DIRECTION('',(0.,1.,0.));
#2401=DIRECTION('',(0.,1.,0.));
#2402=DIRECTION('',(1.,0.,0.));
#2403=DIRECTION('',(0.,1.,0.));
#2404=DIRECTION('',(0.,1.,0.));
#2405=DIRECTION('',(-0.866025403784429,0.,-0.500000000000017));
#2406=DIRECTION('',(0.,1.,0.));
#2407=DIRECTION('',(0.866025403784429,0.,0.500000000000017));
#2408=DIRECTION('',(-0.500000000000017,0.,0.866025403784429));
#2409=DIRECTION('',(-0.866025403784429,0.,0.500000000000017));
#2410=DIRECTION('',(-0.500000000000017,0.,-0.866025403784429));
#2411=DIRECTION('',(0.,1.,0.));
#2412=DIRECTION('',(0.,1.,0.));
#2413=DIRECTION('',(-0.0545956579430625,0.,-0.998508544847646));
#2414=DIRECTION('',(0.,1.,0.));
#2415=DIRECTION('',(0.,1.,0.));
#2416=DIRECTION('',(1.,0.,0.));
#2417=DIRECTION('',(0.,1.,0.));
#2418=DIRECTION('',(0.,1.,0.));
#2419=DIRECTION('',(1.,0.,0.));
#2420=DIRECTION('',(0.,-1.,0.));
#2421=DIRECTION('',(0.,1.,0.));
#2422=DIRECTION('',(0.,1.,0.));
#2423=DIRECTION('',(-0.586608385950797,0.,0.809870731371495));
#2424=DIRECTION('',(0.,1.,0.));
#2425=DIRECTION('',(0.707106781186548,0.,0.707106781186548));
#2426=DIRECTION('',(-0.707106781186548,0.,0.707106781186548));
#2427=DIRECTION('',(0.,-1.,0.));
#2428=DIRECTION('',(0.,-1.,0.));
#2429=DIRECTION('',(0.581621357556097,0.,-0.813459646469696));
#2430=DIRECTION('',(0.,-1.,0.));
#2431=DIRECTION('',(0.,1.,0.));
#2432=DIRECTION('',(1.,0.,0.));
#2433=DIRECTION('',(0.,1.,0.));
#2434=DIRECTION('',(0.,1.,0.));
#2435=DIRECTION('',(0.581621357556097,0.,0.813459646469696));
#2436=DIRECTION('',(0.,1.,0.));
#2437=DIRECTION('',(0.707106781186548,0.,-0.707106781186548));
#2438=DIRECTION('',(0.707106781186548,0.,0.707106781186548));
#2439=DIRECTION('',(0.,-1.,0.));
#2440=DIRECTION('',(0.,-1.,0.));
#2441=DIRECTION('',(-0.586608385950797,0.,-0.809870731371495));
#2442=DIRECTION('',(0.777145961457001,0.,-0.629320391049801));
#2443=DIRECTION('',(0.629320391049801,0.,0.777145961457001));
#2444=DIRECTION('',(0.,-1.,0.));
#2445=DIRECTION('',(0.,-1.,0.));
#2446=DIRECTION('',(0.913545457642601,0.,-0.4067366430758));
#2447=DIRECTION('',(0.,-1.,0.));
#2448=DIRECTION('',(0.913545457642601,0.,-0.4067366430758));
#2449=DIRECTION('',(0.4067366430758,0.,0.913545457642601));
#2450=DIRECTION('',(0.,1.,0.));
#2451=DIRECTION('',(0.,1.,0.));
#2452=DIRECTION('',(0.,0.,1.));
#2453=DIRECTION('',(0.,1.,0.));
#2454=DIRECTION('',(0.,0.,-1.));
#2455=DIRECTION('',(1.,0.,0.));
#2456=DIRECTION('',(0.,1.,0.));
#2457=DIRECTION('',(0.,1.,0.));
#2458=DIRECTION('',(0.913545457642601,0.,0.4067366430758));
#2459=DIRECTION('',(0.,1.,0.));
#2460=DIRECTION('',(-0.913545457642601,0.,-0.4067366430758));
#2461=DIRECTION('',(0.4067366430758,0.,-0.913545457642601));
#2462=DIRECTION('',(0.,-1.,0.));
#2463=DIRECTION('',(0.,-1.,0.));
#2464=DIRECTION('',(-0.777145961457001,0.,-0.629320391049801));
#2465=DIRECTION('',(0.,-1.,0.));
#2466=DIRECTION('',(-0.777145961457001,0.,-0.629320391049801));
#2467=DIRECTION('',(0.629320391049801,0.,-0.777145961457001));
#2468=DIRECTION('',(0.,0.965925826289068,-0.258819045102521));
#2469=DIRECTION('',(0.,0.258819045102521,0.965925826289068));
#2470=DIRECTION('',(-1.,0.,0.));
#2471=DIRECTION('',(0.,-0.258819045102521,-0.965925826289068));
#2472=DIRECTION('',(-1.,0.,0.));
#2473=DIRECTION('',(0.,-0.258819045102521,-0.965925826289068));
#2474=DIRECTION('',(1.,0.,0.));
#2475=DIRECTION('',(0.,-0.258819045102521,-0.965925826289068));
#2476=DIRECTION('',(-1.,0.,0.));
#2477=DIRECTION('',(0.,-0.258819045102521,-0.965925826289068));
#2478=DIRECTION('',(-1.,0.,0.));
#2479=DIRECTION('',(0.,-0.965925826289068,0.258819045102521));
#2480=DIRECTION('',(0.,-0.258819045102521,-0.965925826289068));
#2481=DIRECTION('',(0.,-0.965925826289068,0.258819045102521));
#2482=DIRECTION('',(0.,-0.258819045102521,-0.965925826289068));
#2483=DIRECTION('',(0.,-0.965925826289068,0.258819045102521));
#2484=DIRECTION('',(0.,-0.258819045102521,-0.965925826289068));
#2485=DIRECTION('',(0.,-0.965925826289068,0.258819045102521));
#2486=DIRECTION('',(0.,-0.258819045102521,-0.965925826289068));
#2487=DIRECTION('',(0.,-0.965925826289068,0.258819045102521));
#2488=DIRECTION('',(1.,0.,0.));
#2489=DIRECTION('',(0.,0.258819045102521,0.965925826289068));
#2490=DIRECTION('',(-1.,0.,0.));
#2491=DIRECTION('',(0.,-0.258819045102521,-0.965925826289068));
#2492=DIRECTION('',(-1.,0.,0.));
#2493=DIRECTION('',(0.,-0.965925826289068,0.258819045102521));
#2494=DIRECTION('',(1.,0.,0.));
#2495=DIRECTION('',(0.,-0.965925826289068,0.258819045102521));
#2496=DIRECTION('',(0.,-0.258819045102521,-0.965925826289068));
#2497=DIRECTION('',(-1.,0.,0.));
#2498=DIRECTION('',(0.,0.258819045102521,0.965925826289068));
#2499=DIRECTION('',(-1.,0.,0.));
#2500=DIRECTION('',(0.,-0.258819045102521,-0.965925826289068));
#2501=DIRECTION('',(0.,-0.965925826289068,0.258819045102521));
#2502=DIRECTION('',(0.,-0.258819045102521,-0.965925826289068));
#2503=DIRECTION('',(-1.,0.,0.));
#2504=DIRECTION('',(0.,0.,1.));
#2505=DIRECTION('',(0.,0.965925826289068,-0.258819045102521));
#2506=DIRECTION('',(-1.,0.,0.));
#2507=DIRECTION('',(0.,0.,1.));
#2508=DIRECTION('',(-1.,0.,0.));
#2509=DIRECTION('',(0.,0.,1.));
#2510=DIRECTION('',(0.,0.258819045102521,0.965925826289068));
#2511=DIRECTION('',(1.,0.,0.));
#2512=DIRECTION('',(0.,0.258819045102521,0.965925826289068));
#2513=DIRECTION('',(0.,0.965925826289068,-0.258819045102521));
#2514=DIRECTION('',(-1.,0.,0.));
#2515=DIRECTION('',(0.,-0.965925826289068,0.258819045102521));
#2516=DIRECTION('',(-1.,0.,0.));
#2517=DIRECTION('',(-1.,0.,0.));
#2518=DIRECTION('',(0.,0.,1.));
#2519=DIRECTION('',(-1.,0.,0.));
#2520=DIRECTION('',(0.,0.,1.));
#2521=DIRECTION('',(0.,0.965925826289068,-0.258819045102521));
#2522=DIRECTION('',(-1.,0.,0.));
#2523=DIRECTION('',(0.,0.,1.));
#2524=DIRECTION('',(0.,0.258819045102521,0.965925826289068));
#2525=DIRECTION('',(0.,-0.965925826289068,0.258819045102521));
#2526=DIRECTION('',(-1.,0.,0.));
#2527=DIRECTION('',(0.,0.258819045102521,0.965925826289068));
#2528=DIRECTION('',(0.,0.965925826289068,-0.258819045102521));
#2529=DIRECTION('',(-1.,0.,0.));
#2530=DIRECTION('',(0.,-0.965925826289068,0.258819045102521));
#2531=DIRECTION('',(0.,0.258819045102521,0.965925826289068));
#2532=DIRECTION('',(0.,-0.965925826289068,0.258819045102521));
#2533=DIRECTION('',(-1.,0.,0.));
#2534=DIRECTION('',(0.,-0.965925826289068,0.258819045102521));
#2535=DIRECTION('',(-1.,0.,0.));
#2536=DIRECTION('',(0.,0.258819045102521,0.965925826289068));
#2537=DIRECTION('',(0.,-0.965925826289068,0.258819045102521));
#2538=DIRECTION('',(-1.,0.,0.));
#2539=DIRECTION('',(0.,0.965925826289068,-0.258819045102521));
#2540=DIRECTION('',(-1.,0.,0.));
#2541=DIRECTION('',(0.,-0.965925826289068,0.258819045102521));
#2542=DIRECTION('',(-1.,0.,0.));
#2543=DIRECTION('',(0.,0.,1.));
#2544=DIRECTION('',(0.,-0.258819045102521,-0.965925826289068));
#2545=DIRECTION('',(0.,-0.965925826289068,0.258819045102521));
#2546=DIRECTION('',(0.,-0.258819045102521,-0.965925826289068));
#2547=DIRECTION('',(0.,-0.965925826289068,0.258819045102521));
#2548=DIRECTION('',(-1.,0.,0.));
#2549=DIRECTION('',(0.,0.,1.));
#2550=DIRECTION('',(0.,-0.258819045102521,-0.965925826289068));
#2551=DIRECTION('',(0.,-0.965925826289068,0.258819045102521));
#2552=DIRECTION('',(0.,-0.258819045102521,-0.965925826289068));
#2553=DIRECTION('',(0.,-0.965925826289068,0.258819045102521));
#2554=DIRECTION('',(-1.,0.,0.));
#2555=DIRECTION('',(0.,0.,1.));
#2556=DIRECTION('',(0.,1.,0.));
#2557=DIRECTION('',(0.,0.,1.));
#2558=DIRECTION('',(0.,-0.132788176096108,-0.991144439670157));
#2559=DIRECTION('',(0.,0.991144439670157,-0.132788176096108));
#2560=DIRECTION('',(-0.707106781186548,0.707106781186548,0.));
#2561=DIRECTION('',(0.707106781186548,0.707106781186548,0.));
#2562=DIRECTION('',(-1.,0.,0.));
#2563=DIRECTION('',(0.,0.,1.));
#2564=DIRECTION('',(-0.707106781186548,-0.707106781186548,0.));
#2565=DIRECTION('',(-0.707106781186548,0.707106781186548,0.));
#2566=DIRECTION('',(0.,1.,0.));
#2567=DIRECTION('',(0.,0.,1.));
#2568=DIRECTION('',(1.,0.,0.));
#2569=DIRECTION('',(0.,0.,-1.));
#2570=DIRECTION('',(1.,0.,0.));
#2571=DIRECTION('',(0.,0.,-1.));
#2572=DIRECTION('',(1.,0.,0.));
#2573=DIRECTION('',(0.,0.,-1.));
#2574=DIRECTION('',(-1.,0.,0.));
#2575=DIRECTION('',(0.,0.,1.));
#2576=DIRECTION('',(1.,0.,0.));
#2577=DIRECTION('',(0.,0.,-1.));
#2578=DIRECTION('',(-1.,0.,0.));
#2579=DIRECTION('',(0.,0.,1.));
#2580=DIRECTION('',(-1.,0.,0.));
#2581=DIRECTION('',(0.,0.,1.));
#2582=DIRECTION('',(-1.,0.,0.));
#2583=DIRECTION('',(0.,0.,1.));
#2584=DIRECTION('',(1.,0.,0.));
#2585=DIRECTION('',(0.,0.,-1.));
#2586=DIRECTION('',(-1.,1.41410857817085E-15,5.27752506115257E-15));
#2587=DIRECTION('',(5.27752506115257E-15,0.,1.));
#2588=DIRECTION('',(-5.46369598732852E-15,-0.965925826289068,0.258819045102522));
#2589=DIRECTION('',(0.,-0.258819045102522,-0.965925826289068));
#2590=DIRECTION('',(-6.59690632644072E-16,-0.965925826289068,0.258819045102521));
#2591=DIRECTION('',(0.,-0.258819045102521,-0.965925826289068));
#2592=DIRECTION('',(0.,0.258819045102522,0.965925826289068));
#2593=DIRECTION('',(0.,-0.965925826289068,0.258819045102522));
#2594=DIRECTION('',(0.,0.258819045102521,0.965925826289068));
#2595=DIRECTION('',(0.,-0.965925826289068,0.258819045102521));
#2596=DIRECTION('',(-8.83817861356786E-17,-0.258819045102522,-0.965925826289068));
#2597=DIRECTION('',(0.,0.965925826289068,-0.258819045102522));
#2598=DIRECTION('',(-1.,0.,0.));
#2599=DIRECTION('',(0.,0.,1.));
#2600=DIRECTION('',(-1.,5.27752506115256E-15,-1.41410857817084E-15));
#2601=DIRECTION('',(-5.27752506115256E-15,-1.,0.));
#2602=DIRECTION('',(0.,-0.965925826289068,0.258819045102521));
#2603=DIRECTION('',(0.,-0.258819045102521,-0.965925826289068));
#2604=DIRECTION('',(0.,0.965925826289068,-0.258819045102522));
#2605=DIRECTION('',(0.,0.258819045102522,0.965925826289068));
#2606=DIRECTION('',(-5.46369598732852E-15,-0.965925826289068,0.258819045102522));
#2607=DIRECTION('',(0.,-0.258819045102522,-0.965925826289068));
#2608=DIRECTION('',(0.,-0.965925826289068,0.25881904510252));
#2609=DIRECTION('',(0.,-0.25881904510252,-0.965925826289069));
#2610=DIRECTION('',(-1.,2.98795874307029E-16,2.73184799366427E-15));
#2611=DIRECTION('',(2.73184799366427E-15,0.,1.));
#2612=DIRECTION('',(-1.,0.,0.));
#2613=DIRECTION('',(0.,0.,1.));
#2614=DIRECTION('',(1.49144264103957E-16,0.258819045102522,0.965925826289068));
#2615=DIRECTION('',(0.,-0.965925826289068,0.258819045102522));
#2616=DIRECTION('',(0.,0.258819045102521,0.965925826289068));
#2617=DIRECTION('',(0.,-0.965925826289068,0.258819045102521));
#2618=DIRECTION('',(0.,-0.258819045102522,-0.965925826289068));
#2619=DIRECTION('',(0.,0.965925826289068,-0.258819045102522));
#2620=DIRECTION('',(0.,0.965925826289068,-0.258819045102521));
#2621=DIRECTION('',(0.,0.258819045102521,0.965925826289068));
#2622=DIRECTION('',(6.59690632644072E-16,0.965925826289068,-0.258819045102521));
#2623=DIRECTION('',(0.,0.258819045102521,0.965925826289068));
#2624=DIRECTION('',(0.,0.0477879625718787,-0.998857502666536));
#2625=DIRECTION('',(0.,0.998857502666536,0.0477879625718788));
#2626=DIRECTION('',(1.,0.,0.));
#2627=DIRECTION('',(0.,0.,-1.));
#2628=DIRECTION('',(-1.,0.,0.));
#2629=DIRECTION('',(0.,0.,1.));
#2630=DIRECTION('',(-1.,3.41480999208033E-16,0.));
#2631=DIRECTION('',(-3.41480999208033E-16,-1.,0.));
#2632=DIRECTION('',(-1.,0.,0.));
#2633=DIRECTION('',(0.,0.,1.));
#2634=DIRECTION('',(-1.,0.,0.));
#2635=DIRECTION('',(0.,0.,1.));
#2636=DIRECTION('',(0.,-0.25881904510252,-0.965925826289069));
#2637=DIRECTION('',(0.,0.965925826289069,-0.25881904510252));
#2638=DIRECTION('',(-1.,0.,0.));
#2639=DIRECTION('',(0.,0.,1.));
#2640=DIRECTION('',(-1.,0.,0.));
#2641=DIRECTION('',(0.,0.,1.));
#2642=DIRECTION('',(0.,0.258819045102521,0.965925826289068));
#2643=DIRECTION('',(0.,-0.965925826289068,0.258819045102521));
#2644=DIRECTION('',(2.65145358407034E-16,0.258819045102522,0.965925826289068));
#2645=DIRECTION('',(0.,-0.965925826289068,0.258819045102522));
#2646=DIRECTION('',(-1.,0.,0.));
#2647=DIRECTION('',(0.,0.,1.));
#2648=DIRECTION('',(-1.,0.,0.));
#2649=DIRECTION('',(0.,0.,1.));
#2650=DIRECTION('',(4.4190893067839E-17,-0.258819045102522,-0.965925826289068));
#2651=DIRECTION('',(0.,0.965925826289068,-0.258819045102522));
#2652=DIRECTION('',(0.,-0.965925826289068,0.258819045102521));
#2653=DIRECTION('',(0.,-0.258819045102521,-0.965925826289068));
#2654=DIRECTION('',(0.,0.965925826289068,-0.258819045102521));
#2655=DIRECTION('',(0.,0.258819045102521,0.965925826289068));
#2656=DIRECTION('',(0.,-0.965925826289068,0.258819045102521));
#2657=DIRECTION('',(0.,-0.258819045102521,-0.965925826289068));
#2658=DIRECTION('',(0.,-0.258819045102521,-0.965925826289068));
#2659=DIRECTION('',(0.,0.965925826289068,-0.258819045102521));
#2660=DIRECTION('',(1.76763572271356E-16,-0.258819045102522,-0.965925826289068));
#2661=DIRECTION('',(0.,0.965925826289068,-0.258819045102522));
#2662=DIRECTION('',(-1.,0.,0.));
#2663=DIRECTION('',(0.,0.,1.));
#2664=DIRECTION('',(0.,-0.258819045102522,-0.965925826289068));
#2665=DIRECTION('',(0.,0.965925826289068,-0.258819045102522));
#2666=DIRECTION('',(-1.,0.,0.));
#2667=DIRECTION('',(0.,0.,1.));
#2668=DIRECTION('',(0.,-0.965925826289068,0.258819045102522));
#2669=DIRECTION('',(0.,-0.258819045102522,-0.965925826289068));
#2670=DIRECTION('',(0.,-0.258819045102521,-0.965925826289068));
#2671=DIRECTION('',(0.,0.965925826289068,-0.258819045102521));
#2672=DIRECTION('',(0.,-0.258819045102519,-0.965925826289069));
#2673=DIRECTION('',(0.,0.965925826289069,-0.258819045102519));
#2674=DIRECTION('',(0.,-0.965925826289068,0.258819045102521));
#2675=DIRECTION('',(0.,-0.258819045102521,-0.965925826289068));
#2676=DIRECTION('',(-2.02643555437357E-15,-0.965925826289068,0.258819045102521));
#2677=DIRECTION('',(0.,-0.258819045102521,-0.965925826289068));
#2678=DIRECTION('',(1.,6.82961998416066E-16,2.73184799366427E-15));
#2679=DIRECTION('',(2.73184799366427E-15,0.,-1.));
#2680=DIRECTION('',(1.,0.,0.));
#2681=DIRECTION('',(0.,0.,-1.));
#2682=DIRECTION('',(-1.,0.,0.));
#2683=DIRECTION('',(0.,0.,1.));
#2684=DIRECTION('',(-1.,0.,0.));
#2685=DIRECTION('',(0.,0.,1.));
#2686=DIRECTION('',(-0.514296664992216,-0.828389916404609,0.221966409118701));
#2687=DIRECTION('',(0.849583356940788,-0.527454376803551,0.));
#2688=DIRECTION('',(0.,-0.047787962571876,0.998857502666536));
#2689=DIRECTION('',(0.,-0.998857502666536,-0.047787962571876));
#2690=DIRECTION('',(-1.,0.,0.));
#2691=DIRECTION('',(0.,0.,1.));
#2692=DIRECTION('',(0.,0.258819045102522,0.965925826289068));
#2693=DIRECTION('',(0.,-0.965925826289068,0.258819045102522));
#2694=DIRECTION('',(0.,-0.258819045102521,-0.965925826289068));
#2695=DIRECTION('',(0.,0.965925826289068,-0.258819045102521));
#2696=DIRECTION('',(0.,0.258819045102522,0.965925826289068));
#2697=DIRECTION('',(0.,-0.965925826289068,0.258819045102522));
#2698=DIRECTION('',(-1.,0.,0.));
#2699=DIRECTION('',(0.,0.,1.));
#2700=DIRECTION('',(0.,0.965925826289068,-0.258819045102522));
#2701=DIRECTION('',(0.,0.258819045102522,0.965925826289068));
#2702=DIRECTION('',(0.,-0.965925826289068,0.258819045102521));
#2703=DIRECTION('',(0.,-0.258819045102521,-0.965925826289068));
#2704=DIRECTION('',(0.,0.965925826289068,-0.258819045102521));
#2705=DIRECTION('',(0.,0.258819045102521,0.965925826289068));
#2706=DIRECTION('',(-1.,0.,0.));
#2707=DIRECTION('',(0.,0.,1.));
#2708=DIRECTION('',(0.,0.,-1.));
#2709=DIRECTION('',(1.,0.,0.));
#2710=DIRECTION('',(0.,0.,-1.));
#2711=DIRECTION('',(1.,0.,0.));
#2712=DIRECTION('',(0.,0.,1.));
#2713=DIRECTION('',(1.,0.,0.));
#2714=DIRECTION('',(0.,0.,-1.));
#2715=DIRECTION('',(1.,0.,0.));
#2716=DIRECTION('',(0.,0.,-1.));
#2717=DIRECTION('',(1.,0.,0.));
#2718=DIRECTION('',(0.,0.,-1.));
#2719=DIRECTION('',(1.,0.,0.));
#2720=DIRECTION('',(0.,0.,-1.));
#2721=DIRECTION('',(1.,0.,0.));
#2722=DIRECTION('',(0.,0.,1.));
#2723=DIRECTION('',(1.,0.,0.));
#2724=DIRECTION('',(0.,0.,-1.));
#2725=DIRECTION('',(1.,0.,0.));
#2726=DIRECTION('',(0.,0.,-1.));
#2727=DIRECTION('',(1.,0.,0.));
#2728=CARTESIAN_POINT('',(0.,0.,0.));
#2729=CARTESIAN_POINT('',(0.015,0.004752,-0.0300522085036072));
#2730=CARTESIAN_POINT('',(0.015,-0.00404919450026121,-0.0300661964695788));
#2731=CARTESIAN_POINT('',(0.015,-0.00191449533319972,-0.0306381873874764));
#2732=CARTESIAN_POINT('',(0.015,-0.0040491945002612,-0.0300661964695788));
#2733=CARTESIAN_POINT('',(0.015,-0.0033917941257008,-0.0276127448708046));
#2734=CARTESIAN_POINT('',(0.015,-0.00475,-0.02975910849401));
#2735=CARTESIAN_POINT('',(0.015,-0.00475,-0.0300522085036072));
#2736=CARTESIAN_POINT('',(0.0150000000000003,-0.00475,-0.0323296820039329));
#2737=CARTESIAN_POINT('',(0.015,-0.00475,-0.0323296820039351));
#2738=CARTESIAN_POINT('',(0.0150000000000003,0.00475,-0.0323296820039329));
#2739=CARTESIAN_POINT('',(0.015,0.00475,-0.0300522085036072));
#2740=CARTESIAN_POINT('',(0.015,0.00475,-0.0226947350032792));
#2741=CARTESIAN_POINT('',(0.015,-0.000104380709533285,-0.0226947350032792));
#2742=CARTESIAN_POINT('',(0.015,0.00271852032024716,-0.0226947350032792));
#2743=CARTESIAN_POINT('',(0.015,0.000181422263474156,-0.0228161164282118));
#2744=CARTESIAN_POINT('',(0.015,0.00263487386224839,-0.0234735168027722));
#2745=CARTESIAN_POINT('',(0.015,0.00119635664013492,-0.0288421361632626));
#2746=CARTESIAN_POINT('',(0.015,0.00119635664013492,-0.0288421361632626));
#2747=CARTESIAN_POINT('',(0.015,-0.00125709495863932,-0.0281847357887022));
#2748=CARTESIAN_POINT('',(-0.015,0.004752,-0.0300522085036072));
#2749=CARTESIAN_POINT('',(-0.015,0.00448763495609373,-0.0310388322792106));
#2750=CARTESIAN_POINT('',(-0.015,-0.00372049431298101,-0.0288394706701918));
#2751=CARTESIAN_POINT('',(-0.015,-0.00371054655741355,-0.0288421361632626));
#2752=CARTESIAN_POINT('',(-0.015,-0.00125709495863932,-0.0281847357887022));
#2753=CARTESIAN_POINT('',(-0.015,0.00119635664013492,-0.0288421361632626));
#2754=CARTESIAN_POINT('',(-0.015,0.00113202149676099,-0.0290822381870462));
#2755=CARTESIAN_POINT('',(-0.015,0.00263487386224839,-0.0234735168027722));
#2756=CARTESIAN_POINT('',(-0.015,0.000181422263474155,-0.0228161164282118));
#2757=CARTESIAN_POINT('',(-0.015,0.00271852032024716,-0.0226947350032792));
#2758=CARTESIAN_POINT('',(-0.015,0.004752,-0.0226947350032792));
#2759=CARTESIAN_POINT('',(-0.015,0.00475,-0.0226947350032792));
#2760=CARTESIAN_POINT('',(-0.015,0.00475,-0.0300522085036072));
#2761=CARTESIAN_POINT('',(-0.015,0.00475,-0.0323296820039351));
#2762=CARTESIAN_POINT('',(-0.015,0.00475,-0.0323296820039351));
#2763=CARTESIAN_POINT('',(-0.015,0.00158333333333333,-0.0323296820039351));
#2764=CARTESIAN_POINT('',(-0.015,-0.00158333333333333,-0.0323296820039351));
#2765=CARTESIAN_POINT('',(-0.015,-0.00475,-0.0323296820039351));
#2766=CARTESIAN_POINT('',(-0.015,-0.00475,-0.0323296820039351));
#2767=CARTESIAN_POINT('',(-0.015,-0.00475,-0.0300522085036072));
#2768=CARTESIAN_POINT('',(-0.015,-0.00475,-0.0277747350032792));
#2769=CARTESIAN_POINT('',(-0.015,-0.00468285506846185,-0.0275241467073081));
#2770=CARTESIAN_POINT('',(-0.015,-0.00461851992508792,-0.0272840446835244));
#2771=CARTESIAN_POINT('',(-0.015,-0.0033917941257008,-0.0276127448708046));
#2772=CARTESIAN_POINT('',(0.015002,1.7347234759768E-18,-0.0214247350032792));
#2773=CARTESIAN_POINT('',(-0.015,1.7347234759768E-18,-0.0214247350032792));
#2774=CARTESIAN_POINT('',(-0.015,-0.00207401735332909,-0.0214247350032792));
#2775=CARTESIAN_POINT('',(-0.015,-0.000104380709533314,-0.0214247350032792));
#2776=CARTESIAN_POINT('',(0.015,-0.00207401735332909,-0.0214247350032792));
#2777=CARTESIAN_POINT('',(0.015,-0.00207401735332909,-0.0214247350032792));
#2778=CARTESIAN_POINT('',(0.015,1.7347234759768E-18,-0.0214247350032792));
#2779=CARTESIAN_POINT('',(0.015,-0.000104380709533285,-0.0214247350032792));
#2780=CARTESIAN_POINT('',(0.015002,-0.000104380709533285,-0.0214247350032792));
#2781=CARTESIAN_POINT('',(0.0141968621666773,-0.000104380709533285,-0.0214247350032792));
#2782=CARTESIAN_POINT('',(0.0141968621666773,-0.000104380709533359,-0.0214247350032792));
#2783=CARTESIAN_POINT('',(0.0140263064284708,-0.000104380709530769,-0.0214247350032792));
#2784=CARTESIAN_POINT('',(0.0138504892870138,-5.58996018581082E-5,-0.0214247350032792));
#2785=CARTESIAN_POINT('',(0.01373,6.28179624027059E-5,-0.0214247350032792));
#2786=CARTESIAN_POINT('',(0.01373,6.28179624027085E-5,-0.0214247350032792));
#2787=CARTESIAN_POINT('',(0.01373,0.00475,-0.0214247350032792));
#2788=CARTESIAN_POINT('',(0.01373,0.00348,-0.0214247350032792));
#2789=CARTESIAN_POINT('',(0.015002,0.00348,-0.0214247350032792));
#2790=CARTESIAN_POINT('',(-0.01373,0.00348,-0.0214247350032792));
#2791=CARTESIAN_POINT('',(-0.01373,1.7347234759768E-18,-0.0214247350032792));
#2792=CARTESIAN_POINT('',(-0.01373,-0.000104380709533316,-0.0214247350032792));
#2793=CARTESIAN_POINT('',(0.015002,-0.000104380709533316,-0.0214247350032792));
#2794=CARTESIAN_POINT('',(0.,-0.00475,-0.0373296820039351));
#2795=CARTESIAN_POINT('',(-0.03,-0.00475,-0.0638442137192151));
#2796=CARTESIAN_POINT('',(-0.02315643087264,-0.00475,-0.0612064669877351));
#2797=CARTESIAN_POINT('',(-0.02600771531768,-0.00475,-0.0576916687794551));
#2798=CARTESIAN_POINT('',(-0.02546338557364,-0.00475,-0.0568527974366651));
#2799=CARTESIAN_POINT('',(-0.02632941097743,-0.00475,-0.0563527974366651));
#2800=CARTESIAN_POINT('',(-0.02632941097743,-0.00475,-0.0563527974366651));
#2801=CARTESIAN_POINT('',(-0.01726699798286,-0.00475,-0.0406562376909131));
#2802=CARTESIAN_POINT('',(-0.0155349471753,-0.00475,-0.0416562376909131));
#2803=CARTESIAN_POINT('',(-0.0145349471753,-0.00475,-0.0399241868833441));
#2804=CARTESIAN_POINT('',(-0.0145349471753,-0.00475,-0.0399241868833441));
#2805=CARTESIAN_POINT('',(-0.0139294292179,-0.00475,-0.0402737828390471));
#2806=CARTESIAN_POINT('',(-0.0149294292179,-0.00475,-0.0420058336466151));
#2807=CARTESIAN_POINT('',(-0.01310233830261,-0.00475,-0.0428193069327671));
#2808=CARTESIAN_POINT('',(-0.01310233830261,-0.00475,-0.0428193069327671));
#2809=CARTESIAN_POINT('',(-0.02130979608699,-0.00475,-0.0612535589367451));
#2810=CARTESIAN_POINT('',(-0.02222334154464,-0.00475,-0.0608468222936751));
#2811=CARTESIAN_POINT('',(0.01726699798286,-0.00475,-0.0406562376909131));
#2812=CARTESIAN_POINT('',(0.01726699798286,-0.00475,-0.0406562376909131));
#2813=CARTESIAN_POINT('',(0.02632941097743,-0.00475,-0.0563527974366651));
#2814=CARTESIAN_POINT('',(0.02546338557364,-0.00475,-0.0568527974366651));
#2815=CARTESIAN_POINT('',(0.02600771531768,-0.00475,-0.0576916687794551));
#2816=CARTESIAN_POINT('',(0.03,-0.00475,-0.0638442137192151));
#2817=CARTESIAN_POINT('',(0.02315643087264,-0.00475,-0.0612064669877351));
#2818=CARTESIAN_POINT('',(0.02222334154464,-0.00475,-0.0608468222936751));
#2819=CARTESIAN_POINT('',(0.02130979608699,-0.00475,-0.0612535589367451));
#2820=CARTESIAN_POINT('',(0.02130979608699,-0.00475,-0.0612535589367451));
#2821=CARTESIAN_POINT('',(0.01310233830261,-0.00475,-0.0428193069327671));
#2822=CARTESIAN_POINT('',(0.0149294292179,-0.00475,-0.0420058336466151));
#2823=CARTESIAN_POINT('',(0.0139294292179,-0.00475,-0.0402737828390471));
#2824=CARTESIAN_POINT('',(0.0139294292179,-0.00475,-0.0402737828390471));
#2825=CARTESIAN_POINT('',(0.0145349471753,-0.00475,-0.0399241868833441));
#2826=CARTESIAN_POINT('',(0.0155349471753,-0.00475,-0.0416562376909131));
#2827=CARTESIAN_POINT('',(-0.123714062273914,-0.00475,-0.0277747350032792));
#2828=CARTESIAN_POINT('',(0.0157812036682402,-0.00475,-0.0277747350032792));
#2829=CARTESIAN_POINT('',(-0.015,-0.00475,-0.0323296820039351));
#2830=CARTESIAN_POINT('',(-0.02867895729806,-0.00475,-0.0560223310387351));
#2831=CARTESIAN_POINT('',(-0.02954498270184,-0.00475,-0.0555223310387351));
#2832=CARTESIAN_POINT('',(-0.02959957835978,-0.00475,-0.0565208395835851));
#2833=CARTESIAN_POINT('',(-0.03,-0.00475,-0.0638442137192151));
#2834=CARTESIAN_POINT('',(-0.03430236947253,-0.00475,-0.0579043683388851));
#2835=CARTESIAN_POINT('',(-0.03371576108658,-0.00475,-0.0587142390702551));
#2836=CARTESIAN_POINT('',(-0.03442286786777,-0.00475,-0.0594213458514451));
#2837=CARTESIAN_POINT('',(-0.03425499706228,-0.00475,-0.0595892166569351));
#2838=CARTESIAN_POINT('',(-0.03425499706228,-0.00475,-0.0595892166569351));
#2839=CARTESIAN_POINT('',(-0.03354789028109,-0.00475,-0.0588821098757451));
#2840=CARTESIAN_POINT('',(-0.03296626892354,-0.00475,-0.0596955695222151));
#2841=CARTESIAN_POINT('',(-0.03,-0.00475,-0.0638442137192151));
#2842=CARTESIAN_POINT('',(-0.03296626892354,-0.00475,-0.0679928579162051));
#2843=CARTESIAN_POINT('',(-0.03354789028109,-0.00475,-0.0688063175626751));
#2844=CARTESIAN_POINT('',(-0.03425499706228,-0.00475,-0.0680992107814951));
#2845=CARTESIAN_POINT('',(-0.03442286786777,-0.00475,-0.0682670815869851));
#2846=CARTESIAN_POINT('',(-0.03442286786777,-0.00475,-0.0682670815869851));
#2847=CARTESIAN_POINT('',(-0.03371576108658,-0.00475,-0.0689741883681651));
#2848=CARTESIAN_POINT('',(-0.03430236947253,-0.00475,-0.0697840590995451));
#2849=CARTESIAN_POINT('',(-0.03,-0.00475,-0.0638442137192151));
#2850=CARTESIAN_POINT('',(-0.02430016832293,-0.00475,-0.0684598464032051));
#2851=CARTESIAN_POINT('',(-0.02430016832293,-0.00475,-0.0684598464032051));
#2852=CARTESIAN_POINT('',(-0.02026377369723,-0.00475,-0.0634753141572651));
#2853=CARTESIAN_POINT('',(-0.0280352333118,-0.00475,-0.0571821102467651));
#2854=CARTESIAN_POINT('',(-0.01889977873537,-0.00475,-0.0612494766775251));
#2855=CARTESIAN_POINT('',(-0.01889977873537,-0.00475,-0.0612494766775251));
#2856=CARTESIAN_POINT('',(-0.00877827572889,-0.00475,-0.0385162087177831));
#2857=CARTESIAN_POINT('',(-0.006951184813605,-0.00475,-0.0393296820039351));
#2858=CARTESIAN_POINT('',(-0.006951184813605,-0.00475,-0.0373296820039351));
#2859=CARTESIAN_POINT('',(-0.006951184813605,-0.00475,-0.0373296820039351));
#2860=CARTESIAN_POINT('',(0.006951184813605,-0.00475,-0.0373296820039351));
#2861=CARTESIAN_POINT('',(0.006951184813605,-0.00475,-0.0393296820039351));
#2862=CARTESIAN_POINT('',(0.00877827572889,-0.00475,-0.0385162087177831));
#2863=CARTESIAN_POINT('',(0.00877827572889,-0.00475,-0.0385162087177831));
#2864=CARTESIAN_POINT('',(0.01889977873537,-0.00475,-0.0612494766775251));
#2865=CARTESIAN_POINT('',(0.0280352333118,-0.00475,-0.0571821102467651));
#2866=CARTESIAN_POINT('',(0.02026377369723,-0.00475,-0.0634753141572651));
#2867=CARTESIAN_POINT('',(0.02026377369723,-0.00475,-0.0634753141572651));
#2868=CARTESIAN_POINT('',(0.02430016832293,-0.00475,-0.0684598464032051));
#2869=CARTESIAN_POINT('',(0.03,-0.00475,-0.0638442137192151));
#2870=CARTESIAN_POINT('',(0.03430236947253,-0.00475,-0.0697840590995451));
#2871=CARTESIAN_POINT('',(0.03371576108658,-0.00475,-0.0689741883681651));
#2872=CARTESIAN_POINT('',(0.03442286786777,-0.00475,-0.0682670815869851));
#2873=CARTESIAN_POINT('',(0.03425499706228,-0.00475,-0.0680992107814951));
#2874=CARTESIAN_POINT('',(0.03425499706228,-0.00475,-0.0680992107814951));
#2875=CARTESIAN_POINT('',(0.03354789028109,-0.00475,-0.0688063175626751));
#2876=CARTESIAN_POINT('',(0.03296626892354,-0.00475,-0.0679928579162051));
#2877=CARTESIAN_POINT('',(0.03,-0.00475,-0.0638442137192151));
#2878=CARTESIAN_POINT('',(0.03296626892354,-0.00475,-0.0596955695222151));
#2879=CARTESIAN_POINT('',(0.03354789028109,-0.00475,-0.0588821098757451));
#2880=CARTESIAN_POINT('',(0.03425499706228,-0.00475,-0.0595892166569351));
#2881=CARTESIAN_POINT('',(0.03442286786777,-0.00475,-0.0594213458514451));
#2882=CARTESIAN_POINT('',(0.03442286786777,-0.00475,-0.0594213458514451));
#2883=CARTESIAN_POINT('',(0.03371576108658,-0.00475,-0.0587142390702551));
#2884=CARTESIAN_POINT('',(0.03430236947253,-0.00475,-0.0579043683388851));
#2885=CARTESIAN_POINT('',(0.03,-0.00475,-0.0638442137192151));
#2886=CARTESIAN_POINT('',(0.02959957835978,-0.00475,-0.0565208395835851));
#2887=CARTESIAN_POINT('',(0.02954498270184,-0.00475,-0.0555223310387351));
#2888=CARTESIAN_POINT('',(0.02867895729806,-0.00475,-0.0560223310387351));
#2889=CARTESIAN_POINT('',(0.02867895729806,-0.00475,-0.0560223310387351));
#2890=CARTESIAN_POINT('',(0.015,-0.00475,-0.02975910849401));
#2891=CARTESIAN_POINT('',(0.015,-0.00475,-0.0293965635037403));
#2892=CARTESIAN_POINT('',(0.01516756673456,-0.00475,-0.028874697638707));
#2893=CARTESIAN_POINT('',(0.0155330473594681,-0.00475,-0.0282545662260363));
#2894=CARTESIAN_POINT('',(0.0157308900901331,-0.00475,-0.02795189570191));
#2895=CARTESIAN_POINT('',(0.0157812036682402,-0.00475,-0.0277747350032792));
#2896=CARTESIAN_POINT('',(0.,0.00475,-0.0373296820039351));
#2897=CARTESIAN_POINT('',(0.,0.00475,-0.0226947350032792));
#2898=CARTESIAN_POINT('',(0.02867895729806,0.00475,-0.0560223310387351));
#2899=CARTESIAN_POINT('',(0.02867895729806,0.00475,-0.0560223310387351));
#2900=CARTESIAN_POINT('',(0.02954498270184,0.00475,-0.0555223310387351));
#2901=CARTESIAN_POINT('',(0.02959957835978,0.00475,-0.0565208395835851));
#2902=CARTESIAN_POINT('',(0.03,0.00475,-0.0638442137192151));
#2903=CARTESIAN_POINT('',(0.03430236947253,0.00475,-0.0579043683388851));
#2904=CARTESIAN_POINT('',(0.03371576108658,0.00475,-0.0587142390702551));
#2905=CARTESIAN_POINT('',(0.03442286786777,0.00475,-0.0594213458514451));
#2906=CARTESIAN_POINT('',(0.03442286786777,0.00475,-0.0594213458514451));
#2907=CARTESIAN_POINT('',(0.03425499706228,0.00475,-0.0595892166569351));
#2908=CARTESIAN_POINT('',(0.03354789028109,0.00475,-0.0588821098757451));
#2909=CARTESIAN_POINT('',(0.03296626892354,0.00475,-0.0596955695222151));
#2910=CARTESIAN_POINT('',(0.03,0.00475,-0.0638442137192151));
#2911=CARTESIAN_POINT('',(0.03296626892354,0.00475,-0.0679928579162051));
#2912=CARTESIAN_POINT('',(0.03354789028109,0.00475,-0.0688063175626751));
#2913=CARTESIAN_POINT('',(0.03425499706228,0.00475,-0.0680992107814951));
#2914=CARTESIAN_POINT('',(0.03425499706228,0.00475,-0.0680992107814951));
#2915=CARTESIAN_POINT('',(0.03442286786777,0.00475,-0.0682670815869851));
#2916=CARTESIAN_POINT('',(0.03371576108658,0.00475,-0.0689741883681651));
#2917=CARTESIAN_POINT('',(0.03430236947253,0.00475,-0.0697840590995451));
#2918=CARTESIAN_POINT('',(0.03,0.00475,-0.0638442137192151));
#2919=CARTESIAN_POINT('',(0.02430016832293,0.00475,-0.0684598464032051));
#2920=CARTESIAN_POINT('',(0.02026377369723,0.00475,-0.0634753141572651));
#2921=CARTESIAN_POINT('',(0.02026377369723,0.00475,-0.0634753141572651));
#2922=CARTESIAN_POINT('',(0.0280352333118,0.00475,-0.0571821102467651));
#2923=CARTESIAN_POINT('',(0.01889977873537,0.00475,-0.0612494766775251));
#2924=CARTESIAN_POINT('',(0.00877827572889,0.00475,-0.0385162087177831));
#2925=CARTESIAN_POINT('',(0.00877827572889,0.00475,-0.0385162087177831));
#2926=CARTESIAN_POINT('',(0.006951184813605,0.00475,-0.0393296820039351));
#2927=CARTESIAN_POINT('',(0.006951184813605,0.00475,-0.0373296820039351));
#2928=CARTESIAN_POINT('',(-0.006951184813605,0.00475,-0.0373296820039351));
#2929=CARTESIAN_POINT('',(-0.006951184813605,0.00475,-0.0373296820039351));
#2930=CARTESIAN_POINT('',(-0.006951184813605,0.00475,-0.0393296820039351));
#2931=CARTESIAN_POINT('',(-0.00877827572889,0.00475,-0.0385162087177831));
#2932=CARTESIAN_POINT('',(-0.01889977873537,0.00475,-0.0612494766775251));
#2933=CARTESIAN_POINT('',(-0.01889977873537,0.00475,-0.0612494766775251));
#2934=CARTESIAN_POINT('',(-0.0280352333118,0.00475,-0.0571821102467651));
#2935=CARTESIAN_POINT('',(-0.02026377369723,0.00475,-0.0634753141572651));
#2936=CARTESIAN_POINT('',(-0.02430016832293,0.00475,-0.0684598464032051));
#2937=CARTESIAN_POINT('',(-0.02430016832293,0.00475,-0.0684598464032051));
#2938=CARTESIAN_POINT('',(-0.03,0.00475,-0.0638442137192151));
#2939=CARTESIAN_POINT('',(-0.03430236947253,0.00475,-0.0697840590995451));
#2940=CARTESIAN_POINT('',(-0.03371576108658,0.00475,-0.0689741883681651));
#2941=CARTESIAN_POINT('',(-0.03442286786777,0.00475,-0.0682670815869851));
#2942=CARTESIAN_POINT('',(-0.03442286786777,0.00475,-0.0682670815869851));
#2943=CARTESIAN_POINT('',(-0.03425499706228,0.00475,-0.0680992107814951));
#2944=CARTESIAN_POINT('',(-0.03354789028109,0.00475,-0.0688063175626751));
#2945=CARTESIAN_POINT('',(-0.03296626892354,0.00475,-0.0679928579162051));
#2946=CARTESIAN_POINT('',(-0.03,0.00475,-0.0638442137192151));
#2947=CARTESIAN_POINT('',(-0.03296626892354,0.00475,-0.0596955695222151));
#2948=CARTESIAN_POINT('',(-0.03354789028109,0.00475,-0.0588821098757451));
#2949=CARTESIAN_POINT('',(-0.03425499706228,0.00475,-0.0595892166569351));
#2950=CARTESIAN_POINT('',(-0.03425499706228,0.00475,-0.0595892166569351));
#2951=CARTESIAN_POINT('',(-0.03442286786777,0.00475,-0.0594213458514451));
#2952=CARTESIAN_POINT('',(-0.03371576108658,0.00475,-0.0587142390702551));
#2953=CARTESIAN_POINT('',(-0.03430236947253,0.00475,-0.0579043683388851));
#2954=CARTESIAN_POINT('',(-0.03,0.00475,-0.0638442137192151));
#2955=CARTESIAN_POINT('',(-0.02959957835978,0.00475,-0.0565208395835851));
#2956=CARTESIAN_POINT('',(-0.02954498270184,0.00475,-0.0555223310387351));
#2957=CARTESIAN_POINT('',(-0.02867895729806,0.00475,-0.0560223310387351));
#2958=CARTESIAN_POINT('',(-0.015,0.00475,-0.0323296820039351));
#2959=CARTESIAN_POINT('',(0.03,0.00475,-0.0638442137192151));
#2960=CARTESIAN_POINT('',(0.02600771531768,0.00475,-0.0576916687794551));
#2961=CARTESIAN_POINT('',(0.02315643087264,0.00475,-0.0612064669877351));
#2962=CARTESIAN_POINT('',(0.02546338557364,0.00475,-0.0568527974366651));
#2963=CARTESIAN_POINT('',(0.02632941097743,0.00475,-0.0563527974366651));
#2964=CARTESIAN_POINT('',(0.01726699798286,0.00475,-0.0406562376909131));
#2965=CARTESIAN_POINT('',(0.01726699798286,0.00475,-0.0406562376909131));
#2966=CARTESIAN_POINT('',(0.0155349471753,0.00475,-0.0416562376909131));
#2967=CARTESIAN_POINT('',(0.0145349471753,0.00475,-0.0399241868833441));
#2968=CARTESIAN_POINT('',(0.0139294292179,0.00475,-0.0402737828390471));
#2969=CARTESIAN_POINT('',(0.0139294292179,0.00475,-0.0402737828390471));
#2970=CARTESIAN_POINT('',(0.0149294292179,0.00475,-0.0420058336466151));
#2971=CARTESIAN_POINT('',(0.01310233830261,0.00475,-0.0428193069327671));
#2972=CARTESIAN_POINT('',(0.02130979608699,0.00475,-0.0612535589367451));
#2973=CARTESIAN_POINT('',(0.02130979608699,0.00475,-0.0612535589367451));
#2974=CARTESIAN_POINT('',(0.02222334154464,0.00475,-0.0608468222936751));
#2975=CARTESIAN_POINT('',(-0.02632941097743,0.00475,-0.0563527974366651));
#2976=CARTESIAN_POINT('',(-0.02632941097743,0.00475,-0.0563527974366651));
#2977=CARTESIAN_POINT('',(-0.01726699798286,0.00475,-0.0406562376909131));
#2978=CARTESIAN_POINT('',(-0.02546338557364,0.00475,-0.0568527974366651));
#2979=CARTESIAN_POINT('',(-0.02600771531768,0.00475,-0.0576916687794551));
#2980=CARTESIAN_POINT('',(-0.03,0.00475,-0.0638442137192151));
#2981=CARTESIAN_POINT('',(-0.02315643087264,0.00475,-0.0612064669877351));
#2982=CARTESIAN_POINT('',(-0.02222334154464,0.00475,-0.0608468222936751));
#2983=CARTESIAN_POINT('',(-0.02130979608699,0.00475,-0.0612535589367451));
#2984=CARTESIAN_POINT('',(-0.01310233830261,0.00475,-0.0428193069327671));
#2985=CARTESIAN_POINT('',(-0.01310233830261,0.00475,-0.0428193069327671));
#2986=CARTESIAN_POINT('',(-0.0149294292179,0.00475,-0.0420058336466151));
#2987=CARTESIAN_POINT('',(-0.0139294292179,0.00475,-0.0402737828390471));
#2988=CARTESIAN_POINT('',(-0.0145349471753,0.00475,-0.0399241868833441));
#2989=CARTESIAN_POINT('',(-0.0145349471753,0.00475,-0.0399241868833441));
#2990=CARTESIAN_POINT('',(-0.0155349471753,0.00475,-0.0416562376909131));
#2991=CARTESIAN_POINT('',(0.01626699798286,-0.00475,-0.0389241868833441));
#2992=CARTESIAN_POINT('',(0.02632941097743,-0.00475,-0.0563527974366651));
#2993=CARTESIAN_POINT('',(0.01726699798286,-0.00475,-0.0406562376909131));
#2994=CARTESIAN_POINT('',(0.02546338557364,-0.0171342,-0.0568527974366651));
#2995=CARTESIAN_POINT('',(0.02600771531768,-0.00475,-0.0576916687794551));
#2996=CARTESIAN_POINT('',(0.03,-0.00475,-0.0638442137192151));
#2997=CARTESIAN_POINT('',(0.02315643087264,-0.00475,-0.0612064669877351));
#2998=CARTESIAN_POINT('',(0.0155349471753,-0.0171342,-0.0416562376909131));
#2999=CARTESIAN_POINT('',(0.0145349471753,-0.00475,-0.0399241868833441));
#3000=CARTESIAN_POINT('',(0.01236988366583,-0.00475,-0.0411741868833441));
#3001=CARTESIAN_POINT('',(0.0139294292179,-0.00475,-0.0402737828390471));
#3002=CARTESIAN_POINT('',(0.0149294292179,-0.0171342,-0.0420058336466151));
#3003=CARTESIAN_POINT('',(0.01310233830261,-0.00475,-0.0428193069327671));
#3004=CARTESIAN_POINT('',(0.02130979608699,-0.00475,-0.0612535589367451));
#3005=CARTESIAN_POINT('',(0.02130979608699,-0.00475,-0.0612535589367451));
#3006=CARTESIAN_POINT('',(0.02222334154464,-0.00475,-0.0608468222936751));
#3007=CARTESIAN_POINT('',(-0.0268347505163,-0.00475,-0.0572280711930651));
#3008=CARTESIAN_POINT('',(-0.02632941097743,-0.00475,-0.0563527974366651));
#3009=CARTESIAN_POINT('',(-0.01726699798286,-0.00475,-0.0406562376909131));
#3010=CARTESIAN_POINT('',(-0.02546338557364,-0.0171342,-0.0568527974366651));
#3011=CARTESIAN_POINT('',(-0.02600771531768,-0.00475,-0.0576916687794551));
#3012=CARTESIAN_POINT('',(-0.03,-0.00475,-0.0638442137192151));
#3013=CARTESIAN_POINT('',(-0.02315643087264,-0.00475,-0.0612064669877351));
#3014=CARTESIAN_POINT('',(-0.02222334154464,-0.00475,-0.0608468222936751));
#3015=CARTESIAN_POINT('',(-0.02130979608699,-0.00475,-0.0612535589367451));
#3016=CARTESIAN_POINT('',(-0.01236988366583,-0.00475,-0.0411741868833441));
#3017=CARTESIAN_POINT('',(-0.01310233830261,-0.00475,-0.0428193069327671));
#3018=CARTESIAN_POINT('',(-0.0149294292179,-0.0171342,-0.0420058336466151));
#3019=CARTESIAN_POINT('',(-0.0139294292179,-0.00475,-0.0402737828390471));
#3020=CARTESIAN_POINT('',(-0.01626699798286,-0.00475,-0.0389241868833441));
#3021=CARTESIAN_POINT('',(-0.0145349471753,-0.00475,-0.0399241868833441));
#3022=CARTESIAN_POINT('',(-0.0155349471753,-0.0171342,-0.0416562376909131));
#3023=CARTESIAN_POINT('',(0.03371576108658,0.0171342,-0.0587142390702551));
#3024=CARTESIAN_POINT('',(0.03442286786777,0.00475,-0.0594213458514451));
#3025=CARTESIAN_POINT('',(0.03430236947253,0.00475,-0.0579043683388851));
#3026=CARTESIAN_POINT('',(0.03518614241129,0.00475,-0.0586580713079251));
#3027=CARTESIAN_POINT('',(0.03425499706228,-0.00475,-0.0595892166569351));
#3028=CARTESIAN_POINT('',(0.03354789028109,-0.0171342,-0.0588821098757451));
#3029=CARTESIAN_POINT('',(0.03296626892354,-0.00475,-0.0596955695222151));
#3030=CARTESIAN_POINT('',(0.03,-0.00475,-0.0638442137192151));
#3031=CARTESIAN_POINT('',(0.03296626892354,0.00475,-0.0679928579162051));
#3032=CARTESIAN_POINT('',(0.03354789028109,0.0171342,-0.0688063175626751));
#3033=CARTESIAN_POINT('',(0.03425499706228,0.00475,-0.0680992107814951));
#3034=CARTESIAN_POINT('',(0.03,0.00475,-0.0638442137192151));
#3035=CARTESIAN_POINT('',(0.03442286786777,-0.00475,-0.0682670815869851));
#3036=CARTESIAN_POINT('',(0.03371576108658,-0.0171342,-0.0689741883681651));
#3037=CARTESIAN_POINT('',(0.03430236947253,-0.00475,-0.0697840590995451));
#3038=CARTESIAN_POINT('',(0.03,-0.00475,-0.0638442137192151));
#3039=CARTESIAN_POINT('',(0.02959957835978,-0.00475,-0.0565208395835851));
#3040=CARTESIAN_POINT('',(0.03,-0.00475,-0.0638442137192151));
#3041=CARTESIAN_POINT('',(0.02430016832293,-0.00475,-0.0684598464032051));
#3042=CARTESIAN_POINT('',(0.02954498270184,-0.0171342,-0.0555223310387351));
#3043=CARTESIAN_POINT('',(0.02867895729806,-0.00475,-0.0560223310387351));
#3044=CARTESIAN_POINT('',(0.029,-0.00475,-0.0565783933098951));
#3045=CARTESIAN_POINT('',(-0.015,-0.00475,-0.0323296820039351));
#3046=CARTESIAN_POINT('',(-0.02867895729806,-0.00475,-0.0560223310387351));
#3047=CARTESIAN_POINT('',(-0.02954498270184,-0.0171342,-0.0555223310387351));
#3048=CARTESIAN_POINT('',(-0.02959957835978,-0.00475,-0.0565208395835851));
#3049=CARTESIAN_POINT('',(-0.03,-0.00475,-0.0638442137192151));
#3050=CARTESIAN_POINT('',(-0.03430236947253,-0.00475,-0.0579043683388851));
#3051=CARTESIAN_POINT('',(-0.03,-0.00475,-0.0638442137192151));
#3052=CARTESIAN_POINT('',(-0.03430236947253,0.00475,-0.0697840590995451));
#3053=CARTESIAN_POINT('',(-0.02430016832293,-0.00475,-0.0684598464032051));
#3054=CARTESIAN_POINT('',(-0.03371576108658,-0.0171342,-0.0587142390702551));
#3055=CARTESIAN_POINT('',(-0.03442286786777,-0.00475,-0.0594213458514451));
#3056=CARTESIAN_POINT('',(-0.03,0.00475,-0.0638442137192151));
#3057=CARTESIAN_POINT('',(-0.03425499706228,0.00475,-0.0595892166569351));
#3058=CARTESIAN_POINT('',(-0.03354789028109,0.0171342,-0.0588821098757451));
#3059=CARTESIAN_POINT('',(-0.03296626892354,0.00475,-0.0596955695222151));
#3060=CARTESIAN_POINT('',(-0.03,-0.00475,-0.0638442137192151));
#3061=CARTESIAN_POINT('',(-0.03296626892354,-0.00475,-0.0679928579162051));
#3062=CARTESIAN_POINT('',(-0.03354789028109,-0.0171342,-0.0688063175626751));
#3063=CARTESIAN_POINT('',(-0.03425499706228,-0.00475,-0.0680992107814951));
#3064=CARTESIAN_POINT('',(-0.03518614241129,0.00475,-0.0690303561305051));
#3065=CARTESIAN_POINT('',(-0.03442286786777,0.00475,-0.0682670815869851));
#3066=CARTESIAN_POINT('',(-0.03371576108658,0.0171342,-0.0689741883681651));
#3067=CARTESIAN_POINT('',(-0.02430016832293,-0.00475,-0.0684598464032051));
#3068=CARTESIAN_POINT('',(-0.02026377369723,0.00475,-0.0634753141572651));
#3069=CARTESIAN_POINT('',(-0.0280352333118,0.0177354,-0.0571821102467651));
#3070=CARTESIAN_POINT('',(-0.01889977873537,0.00475,-0.0612494766775251));
#3071=CARTESIAN_POINT('',(-0.01943525768458,-0.00475,-0.0624521820891051));
#3072=CARTESIAN_POINT('',(-0.00877827572889,-0.00475,-0.0385162087177831));
#3073=CARTESIAN_POINT('',(-0.006951184813605,-0.0171342,-0.0393296820039351));
#3074=CARTESIAN_POINT('',(-0.006951184813605,-0.00475,-0.0373296820039351));
#3075=CARTESIAN_POINT('',(-0.00825,-0.00475,-0.0373296820039351));
#3076=CARTESIAN_POINT('',(0.006951184813605,-0.00475,-0.0373296820039351));
#3077=CARTESIAN_POINT('',(0.006951184813605,-0.0171342,-0.0393296820039351));
#3078=CARTESIAN_POINT('',(0.00877827572889,-0.00475,-0.0385162087177831));
#3079=CARTESIAN_POINT('',(0.00825,-0.00475,-0.0373296820039351));
#3080=CARTESIAN_POINT('',(0.01889977873537,0.00475,-0.0612494766775251));
#3081=CARTESIAN_POINT('',(0.0280352333118,0.0177354,-0.0571821102467651));
#3082=CARTESIAN_POINT('',(0.02026377369723,0.00475,-0.0634753141572651));
#3083=CARTESIAN_POINT('',(0.01943525768458,-0.00475,-0.0624521820891051));
#3084=CARTESIAN_POINT('',(-0.123714062273914,-0.00389926131403118,-0.0245997350032792));
#3085=CARTESIAN_POINT('',(0.0157812036682403,-0.00475,-0.0277747350032793));
#3086=CARTESIAN_POINT('',(0.015937607924968,-0.00470454812244188,-0.0276051062869329));
#3087=CARTESIAN_POINT('',(0.0161038364626866,-0.00466152638245979,-0.0274445469674898));
#3088=CARTESIAN_POINT('',(0.01627,-0.00461851992508792,-0.0272840446835244));
#3089=CARTESIAN_POINT('',(0.01627,-0.00461851992508792,-0.0272840446835244));
#3090=CARTESIAN_POINT('',(-0.123714062273914,-0.00461851992508792,-0.0272840446835244));
#3091=CARTESIAN_POINT('',(0.041402,-0.00461851992508792,-0.0272840446835244));
#3092=CARTESIAN_POINT('',(0.041402,-0.00389926131403118,-0.0245997350032792));
#3093=CARTESIAN_POINT('',(0.041402,-0.00318000270297445,-0.0219154253230341));
#3094=CARTESIAN_POINT('',(0.015,-0.00318000270297445,-0.0219154253230341));
#3095=CARTESIAN_POINT('',(0.015,-0.00318000270297445,-0.0219154253230341));
#3096=CARTESIAN_POINT('',(0.015,-0.00285130251569425,-0.020688699523647));
#3097=CARTESIAN_POINT('',(0.015,-0.0033007431527162,-0.022366034815999));
#3098=CARTESIAN_POINT('',(-0.015,-0.0033007431527162,-0.022366034815999));
#3099=CARTESIAN_POINT('',(-0.015,-0.0033007431527162,-0.022366034815999));
#3100=CARTESIAN_POINT('',(-0.015,-0.00285130251569425,-0.020688699523647));
#3101=CARTESIAN_POINT('',(-0.015,-0.00318000270297445,-0.0219154253230341));
#3102=CARTESIAN_POINT('',(-0.042672,-0.00318000270297445,-0.0219154253230341));
#3103=CARTESIAN_POINT('',(-0.041402,-0.00318000270297445,-0.0219154253230341));
#3104=CARTESIAN_POINT('',(-0.041402,-0.00494722011236812,-0.0285107704829115));
#3105=CARTESIAN_POINT('',(-0.041402,-0.00461851992508792,-0.0272840446835244));
#3106=CARTESIAN_POINT('',(-0.123714062273914,-0.00461851992508792,-0.0272840446835244));
#3107=CARTESIAN_POINT('',(0.0375000012,-0.00389926131403118,-0.0245997350032792));
#3108=CARTESIAN_POINT('',(0.0375000012,-0.00455666168859159,-0.0270531866020535));
#3109=CARTESIAN_POINT('',(-0.0375000012,-0.00389926131403118,-0.0245997350032792));
#3110=CARTESIAN_POINT('',(-0.0375000012,-0.00455666168859158,-0.0270531866020535));
#3111=CARTESIAN_POINT('',(-0.0375000012,0.000688889451804539,-0.0258291262957372));
#3112=CARTESIAN_POINT('',(-0.0375000012,0.000688889451804539,-0.0258291262957372));
#3113=CARTESIAN_POINT('',(-0.0375000012,3.14890772441356E-5,-0.0282825778945114));
#3114=CARTESIAN_POINT('',(0.,-0.00122115971261987,-0.0329575268223236));
#3115=CARTESIAN_POINT('',(-0.01627,-0.00122115971261987,-0.0329575268223236));
#3116=CARTESIAN_POINT('',(-0.01627,0.00140814806286127,-0.023144816615492));
#3117=CARTESIAN_POINT('',(-0.01627,-3.03691592521996E-5,-0.0285134359759823));
#3118=CARTESIAN_POINT('',(0.,-3.03691592521997E-5,-0.0285134359759823));
#3119=CARTESIAN_POINT('',(-0.041402,-3.03691592521996E-5,-0.0285134359759823));
#3120=CARTESIAN_POINT('',(-0.041402,0.00173684825014147,-0.0219180908161049));
#3121=CARTESIAN_POINT('',(-0.041402,0.00140814806286127,-0.023144816615492));
#3122=CARTESIAN_POINT('',(-0.0147348501413291,0.00140814806286127,-0.023144816615492));
#3123=CARTESIAN_POINT('',(0.,-0.00122115971261987,-0.0329575268223236));
#3124=CARTESIAN_POINT('',(0.0375000012,0.000688889451804536,-0.0258291262957372));
#3125=CARTESIAN_POINT('',(0.0375000012,3.14890772441325E-5,-0.0282825778945114));
#3126=CARTESIAN_POINT('',(0.,-3.03691592521997E-5,-0.0285134359759823));
#3127=CARTESIAN_POINT('',(0.041402,-3.03691592521997E-5,-0.0285134359759823));
#3128=CARTESIAN_POINT('',(0.01627,-3.03691592521997E-5,-0.0285134359759823));
#3129=CARTESIAN_POINT('',(0.01627,0.00140814806286127,-0.023144816615492));
#3130=CARTESIAN_POINT('',(0.01627,0.00140814806286127,-0.023144816615492));
#3131=CARTESIAN_POINT('',(0.042672,0.00140814806286127,-0.023144816615492));
#3132=CARTESIAN_POINT('',(0.041402,0.00140814806286127,-0.023144816615492));
#3133=CARTESIAN_POINT('',(0.041402,-0.00122115971261987,-0.0329575268223236));
#3134=CARTESIAN_POINT('',(0.0375000012,0.000688889451804536,-0.0258291262957372));
#3135=CARTESIAN_POINT('',(-0.015,0.0065835525527676,-0.023216761319946));
#3136=CARTESIAN_POINT('',(-0.015,0.0065835525527676,-0.023216761319946));
#3137=CARTESIAN_POINT('',(-0.015,-0.00162457671630713,-0.0210173997109271));
#3138=CARTESIAN_POINT('',(-0.015,-0.00195327690358734,-0.0222441255103143));
#3139=CARTESIAN_POINT('',(-0.015,-0.00207401735332909,-0.0226947350032792));
#3140=CARTESIAN_POINT('',(-0.028455,-0.000557227132776386,-0.0213033951698759));
#3141=CARTESIAN_POINT('',(-0.01373,0.00463532381607916,-0.0226947350032792));
#3142=CARTESIAN_POINT('',(-0.0141189390813568,0.000123358676531962,-0.0214857575878602));
#3143=CARTESIAN_POINT('',(-0.0141189390813568,0.00012335867653196,-0.0214857575878602));
#3144=CARTESIAN_POINT('',(-0.0142758826997979,0.000311790653649879,-0.0215362477839571));
#3145=CARTESIAN_POINT('',(-0.0145072132571889,0.000421665297296585,-0.0215656886059909));
#3146=CARTESIAN_POINT('',(-0.0147365032062928,0.000510122450754147,-0.0215893906288246));
#3147=CARTESIAN_POINT('',(-0.014736503206293,0.000510122450754356,-0.0215893906288247));
#3148=CARTESIAN_POINT('',(-0.042672,0.000510122450754356,-0.0215893906288247));
#3149=CARTESIAN_POINT('',(-0.041402,0.000510122450754356,-0.0215893906288247));
#3150=CARTESIAN_POINT('',(-0.041402,-0.000557227132776386,-0.0213033951698759));
#3151=CARTESIAN_POINT('',(-0.041402,-0.00162457671630713,-0.0210173997109272));
#3152=CARTESIAN_POINT('',(-0.015,-0.00162457671630713,-0.0210173997109272));
#3153=CARTESIAN_POINT('',(0.015,0.0065835525527676,-0.023216761319946));
#3154=CARTESIAN_POINT('',(0.015,-0.00195327690358733,-0.0222441255103143));
#3155=CARTESIAN_POINT('',(0.015,-0.00162457671630713,-0.0210173997109271));
#3156=CARTESIAN_POINT('',(0.015,0.0065835525527676,-0.023216761319946));
#3157=CARTESIAN_POINT('',(0.015,-0.00207401735332909,-0.0226947350032792));
#3158=CARTESIAN_POINT('',(0.028455,0.00173684825014147,-0.0219180908161049));
#3159=CARTESIAN_POINT('',(0.0147348501413291,0.000510122450754358,-0.0215893906288247));
#3160=CARTESIAN_POINT('',(0.041402,0.000510122450754358,-0.0215893906288247));
#3161=CARTESIAN_POINT('',(0.014736503206293,0.000510122450754358,-0.0215893906288247));
#3162=CARTESIAN_POINT('',(0.01373,0.00921352682634746,-0.0239214608026663));
#3163=CARTESIAN_POINT('',(0.042672,-0.00162457671630713,-0.0210173997109271));
#3164=CARTESIAN_POINT('',(0.041402,-0.00162457671630713,-0.0210173997109271));
#3165=CARTESIAN_POINT('',(0.041402,0.000510122450754357,-0.0215893906288247));
#3166=CARTESIAN_POINT('',(-6.93889390390723E-18,-0.0003590693465324,-0.0297401617753695));
#3167=CARTESIAN_POINT('',(-6.93889390390723E-18,-0.00372049431298101,-0.0288394706701918));
#3168=CARTESIAN_POINT('',(-0.041402,-0.00372049431298101,-0.0288394706701918));
#3169=CARTESIAN_POINT('',(-0.041402,-0.0003590693465324,-0.0297401617753695));
#3170=CARTESIAN_POINT('',(-0.041402,-0.00158579514591952,-0.0294114615880893));
#3171=CARTESIAN_POINT('',(-6.93889390390723E-18,-0.00158579514591952,-0.0294114615880893));
#3172=CARTESIAN_POINT('',(-0.01627,-0.00158579514591952,-0.0294114615880893));
#3173=CARTESIAN_POINT('',(-0.015,-0.00371054655741355,-0.0288421361632626));
#3174=CARTESIAN_POINT('',(-0.015,-0.00328529722988325,-0.0289560813771562));
#3175=CARTESIAN_POINT('',(-0.015339285607021,-0.0024839598963711,-0.0291707990685356));
#3176=CARTESIAN_POINT('',(-0.0159635518726018,-0.00188180247194787,-0.0293321466641263));
#3177=CARTESIAN_POINT('',(-0.01627,-0.00158579514591951,-0.0294114615880893));
#3178=CARTESIAN_POINT('',(-6.93889390390723E-18,-0.0003590693465324,-0.0297401617753695));
#3179=CARTESIAN_POINT('',(-6.93889390390723E-18,-0.00372049431298101,-0.0288394706701918));
#3180=CARTESIAN_POINT('',(0.041402,-0.00372049431298101,-0.0288394706701918));
#3181=CARTESIAN_POINT('',(0.01627,-0.00372049431298101,-0.0288394706701918));
#3182=CARTESIAN_POINT('',(0.01627,-0.00158579514591952,-0.0294114615880893));
#3183=CARTESIAN_POINT('',(0.01627,-0.00158579514591952,-0.0294114615880893));
#3184=CARTESIAN_POINT('',(-6.93889390390723E-18,-0.00158579514591952,-0.0294114615880893));
#3185=CARTESIAN_POINT('',(0.041402,-0.00158579514591952,-0.0294114615880893));
#3186=CARTESIAN_POINT('',(0.041402,-0.0003590693465324,-0.0297401617753695));
#3187=CARTESIAN_POINT('',(-0.042672,0.000688889451804538,-0.0258291262957372));
#3188=CARTESIAN_POINT('',(-0.042672,-0.00162457671630713,-0.0210173997109271));
#3189=CARTESIAN_POINT('',(-0.042672,-0.0033917941257008,-0.0276127448708046));
#3190=CARTESIAN_POINT('',(-0.042672,-0.00195327690358734,-0.0222441255103143));
#3191=CARTESIAN_POINT('',(-0.042672,0.00140814806286127,-0.023144816615492));
#3192=CARTESIAN_POINT('',(-0.042672,0.000181422263474155,-0.0228161164282118));
#3193=CARTESIAN_POINT('',(-0.042672,-0.00158579514591952,-0.0294114615880893));
#3194=CARTESIAN_POINT('',(-0.042672,-0.00125709495863932,-0.0281847357887022));
#3195=CARTESIAN_POINT('',(-0.042672,-0.00461851992508792,-0.0272840446835244));
#3196=CARTESIAN_POINT('',(0.042672,0.000688889451804537,-0.0258291262957372));
#3197=CARTESIAN_POINT('',(0.042672,-0.00267253551464407,-0.0249284351905594));
#3198=CARTESIAN_POINT('',(0.042672,-0.00195327690358733,-0.0222441255103143));
#3199=CARTESIAN_POINT('',(0.042672,-0.0033917941257008,-0.0276127448708046));
#3200=CARTESIAN_POINT('',(0.042672,-3.03691592521981E-5,-0.0285134359759823));
#3201=CARTESIAN_POINT('',(0.042672,-0.00125709495863932,-0.0281847357887022));
#3202=CARTESIAN_POINT('',(0.042672,-0.000537836347582581,-0.025500426108457));
#3203=CARTESIAN_POINT('',(0.042672,0.000181422263474156,-0.0228161164282118));
#3204=CARTESIAN_POINT('',(0.042672,-0.00195327690358733,-0.0222441255103143));
#3205=CARTESIAN_POINT('',(0.015002,-0.00207401735332909,-0.0226947350032792));
#3206=CARTESIAN_POINT('',(0.01373,0.004752,-0.0226947350032792));
#3207=CARTESIAN_POINT('',(0.01373,0.00954222701362766,-0.0226947350032792));
#3208=CARTESIAN_POINT('',(0.0142332516031465,0.000838822638034559,-0.0215286999163584));
#3209=CARTESIAN_POINT('',(0.0142332516031465,0.000838822638034559,-0.0215286999163584));
#3210=CARTESIAN_POINT('',(0.0143554998370143,0.00123263893562187,-0.0215814612958108));
#3211=CARTESIAN_POINT('',(0.0146025312252171,0.00179093417355704,-0.0217253395395256));
#3212=CARTESIAN_POINT('',(0.0148963965328082,0.00245565493933456,-0.022129582671333));
#3213=CARTESIAN_POINT('',(0.015,0.00269844336875239,-0.0224849121467276));
#3214=CARTESIAN_POINT('',(0.015,0.00271852032024716,-0.0226947350032792));
#3215=CARTESIAN_POINT('',(0.01373,0.00348,-0.0226947350032792));
#3216=CARTESIAN_POINT('',(0.015002,0.00348,-0.0226947350032792));
#3217=CARTESIAN_POINT('',(-0.01373,0.00348,-0.0226947350032792));
#3218=CARTESIAN_POINT('',(-0.01373,0.004752,-0.0226947350032792));
#3219=CARTESIAN_POINT('',(-0.015,0.00271852032024716,-0.0226947350032792));
#3220=CARTESIAN_POINT('',(-0.015,0.00269256054464079,-0.0224234311514676));
#3221=CARTESIAN_POINT('',(-0.0148366193412605,0.00232146044542887,-0.0220027749243735));
#3222=CARTESIAN_POINT('',(-0.0145385275271632,0.00164646270435086,-0.0216921223343427));
#3223=CARTESIAN_POINT('',(-0.0142382743345469,0.000921774825421547,-0.0215190880601626));
#3224=CARTESIAN_POINT('',(-0.0141093778904003,0.000392401700924617,-0.0214826816653619));
#3225=CARTESIAN_POINT('',(-0.0141189390813676,0.000123358676531882,-0.0214857575878599));
#3226=CARTESIAN_POINT('',(-0.123714062273914,-0.00195327690358733,-0.0222441255103143));
#3227=CARTESIAN_POINT('',(0.041402,-0.00195327690358733,-0.0222441255103143));
#3228=CARTESIAN_POINT('',(0.028455,0.000181422263474156,-0.0228161164282118));
#3229=CARTESIAN_POINT('',(0.01627,0.000181422263474156,-0.0228161164282118));
#3230=CARTESIAN_POINT('',(0.01627,0.00144997129186066,-0.0227554257157455));
#3231=CARTESIAN_POINT('',(0.01627,0.00144997129186066,-0.0227554257157455));
#3232=CARTESIAN_POINT('',(0.01627,0.00144070755895297,-0.0225617964287965));
#3233=CARTESIAN_POINT('',(0.0160862504660332,0.00133220453477576,-0.0222162233213137));
#3234=CARTESIAN_POINT('',(0.0155215816277455,0.00101018542361496,-0.0218083679458157));
#3235=CARTESIAN_POINT('',(0.0150310486208537,0.000747338116297283,-0.0216529523748389));
#3236=CARTESIAN_POINT('',(0.014736503206293,0.000510122450754359,-0.0215893906288247));
#3237=CARTESIAN_POINT('',(0.041402,0.000181422263474156,-0.0228161164282118));
#3238=CARTESIAN_POINT('',(0.,-0.00125709495863932,-0.0281847357887022));
#3239=CARTESIAN_POINT('',(0.01627,-0.00125709495863932,-0.0281847357887022));
#3240=CARTESIAN_POINT('',(0.041402,-0.00125709495863932,-0.0281847357887022));
#3241=CARTESIAN_POINT('',(-0.123714062273914,-0.00195327690358734,-0.0222441255103143));
#3242=CARTESIAN_POINT('',(-0.041402,-0.00195327690358734,-0.0222441255103143));
#3243=CARTESIAN_POINT('',(-0.041402,-0.00195327690358734,-0.0222441255103143));
#3244=CARTESIAN_POINT('',(-0.041402,-0.00195327690358734,-0.0222441255103143));
#3245=CARTESIAN_POINT('',(-0.041402,-0.00195327690358734,-0.0222441255103143));
#3246=CARTESIAN_POINT('',(-0.041402,-0.00267253551464406,-0.0249284351905594));
#3247=CARTESIAN_POINT('',(-0.041402,-0.0033917941257008,-0.0276127448708046));
#3248=CARTESIAN_POINT('',(-6.93889390390723E-18,-0.0033917941257008,-0.0276127448708046));
#3249=CARTESIAN_POINT('',(-0.041402,-0.0033917941257008,-0.0276127448708046));
#3250=CARTESIAN_POINT('',(-0.041402,-0.000885927320056587,-0.022530120969263));
#3251=CARTESIAN_POINT('',(-0.041402,0.000181422263474155,-0.0228161164282118));
#3252=CARTESIAN_POINT('',(-0.041402,-0.0033917941257008,-0.0276127448708046));
#3253=CARTESIAN_POINT('',(-0.041402,-0.0033917941257008,-0.0276127448708046));
#3254=CARTESIAN_POINT('',(-0.041402,0.000181422263474154,-0.0228161164282118));
#3255=CARTESIAN_POINT('',(-0.041402,0.000181422263474155,-0.0228161164282118));
#3256=CARTESIAN_POINT('',(-0.041402,0.000181422263474154,-0.0228161164282118));
#3257=CARTESIAN_POINT('',(-0.041402,-0.00053783634758258,-0.025500426108457));
#3258=CARTESIAN_POINT('',(-0.041402,-0.00125709495863932,-0.0281847357887022));
#3259=CARTESIAN_POINT('',(-0.041402,-3.03691592521986E-5,-0.0285134359759823));
#3260=CARTESIAN_POINT('',(-0.041402,-0.00125709495863932,-0.0281847357887022));
#3261=CARTESIAN_POINT('',(-0.015,0.00271852032024716,-0.0226947350032792));
#3262=CARTESIAN_POINT('',(-0.015,0.00144997129186065,-0.0227554257157455));
#3263=CARTESIAN_POINT('',(-0.01627,0.00144997129186065,-0.0227554257157455));
#3264=CARTESIAN_POINT('',(-0.015,0.0027007528064912,-0.0225090480849441));
#3265=CARTESIAN_POINT('',(-0.0150088427209507,0.00144995109402686,-0.0227550032523348));
#3266=CARTESIAN_POINT('',(-0.0162699999818725,0.00144108754267982,-0.0225697387970421));
#3267=CARTESIAN_POINT('',(-0.0149158214894786,0.00249766662151317,-0.022154025963827));
#3268=CARTESIAN_POINT('',(-0.0151197438277438,0.00154342465203369,-0.0226744914528568));
#3269=CARTESIAN_POINT('',(-0.0161016429873113,0.00133954443892046,-0.0222147166767524));
#3270=CARTESIAN_POINT('',(-0.0146393360079687,0.00187837177024298,-0.0217742752648176));
#3271=CARTESIAN_POINT('',(-0.0149990852809126,0.00137216219681134,-0.0221124077688145));
#3272=CARTESIAN_POINT('',(-0.0155486720138894,0.00102989701781907,-0.0218349659762294));
#3273=CARTESIAN_POINT('',(-0.0143671908734425,0.00124087557931944,-0.0215848474132625));
#3274=CARTESIAN_POINT('',(-0.0146610947370513,0.000960137530954698,-0.0217432867503101));
#3275=CARTESIAN_POINT('',(-0.015004381746409,0.000711148921332886,-0.0216455381286854));
#3276=CARTESIAN_POINT('',(-0.0141631223614931,0.00064878515302226,-0.0214985050729631));
#3277=CARTESIAN_POINT('',(-0.0143738647352074,0.00053177277101967,-0.0215726948398683));
#3278=CARTESIAN_POINT('',(-0.0145962447242528,0.000415103708171149,-0.0215591957803185));
#3279=CARTESIAN_POINT('',(-0.0141106662506372,0.000280068170794059,-0.0214830869147033));
#3280=CARTESIAN_POINT('',(-0.014296727253478,0.000254574840432894,-0.0215415048487702));
#3281=CARTESIAN_POINT('',(-0.0144913324983461,0.000230745217358708,-0.0215437776384687));
#3282=CARTESIAN_POINT('',(-0.0141200816791757,9.70980632565801E-5,-0.0214861257680128));
#3283=CARTESIAN_POINT('',(-0.014310237965409,0.000118707061785651,-0.0215474991890286));
#3284=CARTESIAN_POINT('',(-0.0145101633583514,0.000139260163365367,-0.021546816480479));
#3285=CARTESIAN_POINT('',(-0.014736503206293,0.000510122450754329,-0.0215893906288247));
#3286=CARTESIAN_POINT('',(-0.01503097095698,0.000747275568769605,-0.0216529356152794));
#3287=CARTESIAN_POINT('',(-0.0155214236916356,0.00101010060295346,-0.0218084354987794));
#3288=CARTESIAN_POINT('',(-0.0160858406872678,0.00133196864327348,-0.0222157102866264));
#3289=CARTESIAN_POINT('',(-0.01627,0.00144070624836523,-0.0225617690350696));
#3290=CARTESIAN_POINT('',(-0.01627,0.00144997129186066,-0.0227554257157456));
#3291=CARTESIAN_POINT('',(-0.01627,0.00144997129186066,-0.0227554257157456));
#3292=CARTESIAN_POINT('',(-0.01627,0.00271852032024716,-0.0226947350032792));
#3293=CARTESIAN_POINT('',(-0.028455,0.000181422263474155,-0.0228161164282118));
#3294=CARTESIAN_POINT('',(-0.01627,0.000181422263474155,-0.0228161164282118));
#3295=CARTESIAN_POINT('',(-0.041402,-0.00125709495863932,-0.0281847357887022));
#3296=CARTESIAN_POINT('',(-0.041402,-0.00125709495863932,-0.0281847357887022));
#3297=CARTESIAN_POINT('',(-0.01627,0.000181422263474155,-0.0228161164282118));
#3298=CARTESIAN_POINT('',(-0.01627,0.00263487386224839,-0.0234735168027722));
#3299=CARTESIAN_POINT('',(0.,-0.00125709495863932,-0.0281847357887022));
#3300=CARTESIAN_POINT('',(-0.01627,-0.00125709495863932,-0.0281847357887022));
#3301=CARTESIAN_POINT('',(-0.01627,0.00113202149676099,-0.0290822381870462));
#3302=CARTESIAN_POINT('',(-0.01627,0.00119635664013492,-0.0288421361632626));
#3303=CARTESIAN_POINT('',(-0.01627,-0.00125709495863932,-0.0281847357887022));
#3304=CARTESIAN_POINT('',(0.041402,0.000181422263474156,-0.0228161164282118));
#3305=CARTESIAN_POINT('',(0.041402,0.000181422263474156,-0.0228161164282118));
#3306=CARTESIAN_POINT('',(0.041402,0.000181422263474156,-0.0228161164282118));
#3307=CARTESIAN_POINT('',(0.041402,0.00140814806286127,-0.023144816615492));
#3308=CARTESIAN_POINT('',(0.041402,-0.00195327690358733,-0.0222441255103143));
#3309=CARTESIAN_POINT('',(0.041402,-0.00244788551200699,-0.0326288266350434));
#3310=CARTESIAN_POINT('',(0.041402,-0.00125709495863932,-0.0281847357887022));
#3311=CARTESIAN_POINT('',(0.041402,-0.00195327690358733,-0.0222441255103143));
#3312=CARTESIAN_POINT('',(0.041402,-0.00195327690358733,-0.0222441255103143));
#3313=CARTESIAN_POINT('',(0.041402,-0.00125709495863932,-0.0281847357887022));
#3314=CARTESIAN_POINT('',(0.041402,-0.00125709495863932,-0.0281847357887022));
#3315=CARTESIAN_POINT('',(0.041402,-0.00267253551464407,-0.0249284351905594));
#3316=CARTESIAN_POINT('',(0.041402,-0.0033917941257008,-0.0276127448708046));
#3317=CARTESIAN_POINT('',(0.041402,-3.0369159252199E-5,-0.0285134359759823));
#3318=CARTESIAN_POINT('',(0.041402,-0.0033917941257008,-0.0276127448708046));
#3319=CARTESIAN_POINT('',(0.041402,-0.0033917941257008,-0.0276127448708046));
#3320=CARTESIAN_POINT('',(0.041402,-0.0033917941257008,-0.0276127448708046));
#3321=CARTESIAN_POINT('',(-6.93889390390723E-18,-0.0033917941257008,-0.0276127448708046));
#3322=CARTESIAN_POINT('',(0.01627,-0.0033917941257008,-0.0276127448708046));
#3323=CARTESIAN_POINT('',(0.0137268027324202,6.28480025793811E-5,-0.0214247390278998));
#3324=CARTESIAN_POINT('',(0.0137252318092911,-0.000104350929690891,-0.021424742982764));
#3325=CARTESIAN_POINT('',(0.0137236054648404,-0.00026585218470082,-0.0213814688519075));
#3326=CARTESIAN_POINT('',(0.0139055104643713,5.94898874277651E-5,-0.0214242891237673));
#3327=CARTESIAN_POINT('',(0.0139917210923421,-0.000107679653223795,-0.0214238510539785));
#3328=CARTESIAN_POINT('',(0.0140810209287525,-0.00026921029985297,-0.0213805690476643));
#3329=CARTESIAN_POINT('',(0.0140806648086334,0.000347272236848796,-0.0214628446519508));
#3330=CARTESIAN_POINT('',(0.0142554087591454,0.000184069327452615,-0.021502024957749));
#3331=CARTESIAN_POINT('',(0.0144313296190865,1.85720495704101E-5,-0.0214576800957883));
#3332=CARTESIAN_POINT('',(0.0142332516031465,0.00083882263803456,-0.0215286999163584));
#3333=CARTESIAN_POINT('',(0.0144697884260563,0.000664617135923736,-0.0216307873549507));
#3334=CARTESIAN_POINT('',(0.014736503206293,0.000510122450754358,-0.0215893906288247));
#3335=CARTESIAN_POINT('',(0.014736503206293,0.000838822638034558,-0.0203626648294376));
#3336=CARTESIAN_POINT('',(0.01627,0.00144997129186066,-0.0227554257157455));
#3337=CARTESIAN_POINT('',(0.015,0.00144997129186066,-0.0227554257157455));
#3338=CARTESIAN_POINT('',(0.015,0.00271852032024716,-0.0226947350032792));
#3339=CARTESIAN_POINT('',(0.0162699999851323,0.00144268506426095,-0.0226031299761404));
#3340=CARTESIAN_POINT('',(0.0150072571205339,0.0014499547157267,-0.0227550790048283));
#3341=CARTESIAN_POINT('',(0.015,0.0027039478524203,-0.0225424392639757));
#3342=CARTESIAN_POINT('',(0.016157997203304,0.00137227210858241,-0.0223089414523353));
#3343=CARTESIAN_POINT('',(0.0150854824790702,0.00151372780887773,-0.0227142715912785));
#3344=CARTESIAN_POINT('',(0.0149439985983347,0.0025631219597509,-0.0222482507390498));
#3345=CARTESIAN_POINT('',(0.0157578718866431,0.00114747662959268,-0.0219609957148021));
#3346=CARTESIAN_POINT('',(0.0150656486538039,0.00145817415360056,-0.0223080704853585));
#3347=CARTESIAN_POINT('',(0.0147439359437814,0.00211353099344155,-0.0219003050047506));
#3348=CARTESIAN_POINT('',(0.0152493861872162,0.000855934339533039,-0.0217201978361291));
#3349=CARTESIAN_POINT('',(0.0148204537071811,0.001154441671982,-0.0218906247273297));
#3350=CARTESIAN_POINT('',(0.0144896930950859,0.00153044641861033,-0.0216595071148231));
#3351=CARTESIAN_POINT('',(0.0148927888809138,0.000635988907342182,-0.0216231164442216));
#3352=CARTESIAN_POINT('',(0.0145790358242687,0.000847447667302932,-0.0216969947677156));
#3353=CARTESIAN_POINT('',(0.014311394436702,0.00109055554568037,-0.0215624257507714));
#3354=CARTESIAN_POINT('',(0.0147365032062929,0.000510122450754282,-0.0215893906288247));
#3355=CARTESIAN_POINT('',(0.0144697884260562,0.000664617135923632,-0.0216307873549507));
#3356=CARTESIAN_POINT('',(0.0142332516031464,0.000838822638034414,-0.0215286999163584));
#3357=CARTESIAN_POINT('',(0.01627,0.00271852032024716,-0.0226947350032792));
#3358=CARTESIAN_POINT('',(0.01627,0.000181422263474156,-0.0228161164282118));
#3359=CARTESIAN_POINT('',(0.01627,0.00263487386224839,-0.0234735168027722));
#3360=CARTESIAN_POINT('',(0.01627,5.56608676724555E-6,-0.0332862270096037));
#3361=CARTESIAN_POINT('',(0.01627,0.00119635664013492,-0.0288421361632626));
#3362=CARTESIAN_POINT('',(0.01627,-0.00125709495863932,-0.0281847357887022));
#3363=CARTESIAN_POINT('',(0.01627,-0.00191449533319972,-0.0306381873874764));
#3364=CARTESIAN_POINT('',(0.01627,-0.000687769533812602,-0.0309668875747566));
#3365=CARTESIAN_POINT('',(0.01627,-0.0040491945002612,-0.0300661964695788));
#3366=CARTESIAN_POINT('',(0.01627,-0.0033917941257008,-0.0276127448708046));
#3367=CARTESIAN_POINT('',(-0.00825,-0.00475,-0.0373296820039351));
#3368=CARTESIAN_POINT('',(-0.0125,0.,-0.0373296820039351));
#3369=CARTESIAN_POINT('',(-0.01125,0.,-0.0373296820039351));
#3370=CARTESIAN_POINT('',(-0.0125,0.,-0.0323296820039351));
#3371=CARTESIAN_POINT('',(-0.0125,0.,-0.0323296820039351));
#3372=CARTESIAN_POINT('',(-0.01125,0.,-0.0323296820039351));
#3373=CARTESIAN_POINT('',(0.015,0.004752,-0.0323296820039351));
#3374=CARTESIAN_POINT('',(-0.00825,-0.00475,-0.0373296820039351));
#3375=CARTESIAN_POINT('',(0.0125,0.,-0.0373296820039351));
#3376=CARTESIAN_POINT('',(0.01375,0.,-0.0373296820039351));
#3377=CARTESIAN_POINT('',(0.0125,0.,-0.0323296820039351));
#3378=CARTESIAN_POINT('',(0.0125,0.,-0.0323296820039351));
#3379=CARTESIAN_POINT('',(0.01375,0.,-0.0323296820039351));
#3380=CARTESIAN_POINT('',(0.015,0.004752,-0.0323296820039351));
#3381=MECHANICAL_DESIGN_GEOMETRIC_PRESENTATION_REPRESENTATION('',(#1888),
#3382);
#3382=(
GEOMETRIC_REPRESENTATION_CONTEXT(3)
GLOBAL_UNCERTAINTY_ASSIGNED_CONTEXT((#3383))
GLOBAL_UNIT_ASSIGNED_CONTEXT((#3386,#3385,#3384))
REPRESENTATION_CONTEXT('PYLONS-X500','TOP_LEVEL_ASSEMBLY_PART')
);
#3383=UNCERTAINTY_MEASURE_WITH_UNIT(LENGTH_MEASURE(2.E-5),#3386,
'DISTANCE_ACCURACY_VALUE','Maximum Tolerance applied to model');
#3384=(
NAMED_UNIT(*)
SI_UNIT($,.STERADIAN.)
SOLID_ANGLE_UNIT()
);
#3385=(
NAMED_UNIT(*)
PLANE_ANGLE_UNIT()
SI_UNIT($,.RADIAN.)
);
#3386=(
LENGTH_UNIT()
NAMED_UNIT(*)
SI_UNIT($,.METRE.)
);
#3387=PRODUCT_DEFINITION_SHAPE('','',#3388);
#3388=PRODUCT_DEFINITION('','',#3390,#3389);
#3389=PRODUCT_DEFINITION_CONTEXT('',#3396,'design');
#3390=PRODUCT_DEFINITION_FORMATION_WITH_SPECIFIED_SOURCE('','',#3392,
 .NOT_KNOWN.);
#3391=PRODUCT_RELATED_PRODUCT_CATEGORY('','',(#3392));
#3392=PRODUCT('PYLONS-X500','PYLONS-X500','PYLONS-X500',(#3394));
#3393=PRODUCT_CATEGORY('','');
#3394=PRODUCT_CONTEXT('',#3396,'mechanical');
#3395=APPLICATION_PROTOCOL_DEFINITION('international standard',
'ap242_managed_model_based_3d_engineering',2020,#3396);
#3396=APPLICATION_CONTEXT('managed model based 3d engineering');
ENDSEC;
END-ISO-10303-21;
