ISO-10303-21;
HEADER;
/* Generated by software containing ST-Developer
 * from STEP Tools, Inc. (www.steptools.com) 
 */
/* OPTION: using custom renumber hook */

FILE_DESCRIPTION(
/* description */ ('STEP AP242 Edition 2',
'CAx-IF Rec.Pracs.---Representation and Presentation of Product Manufa
cturing Information (PMI)---4.0---2014-10-13',
'CAx-IF Rec.Pracs.---3D Tessellated Geometry---0.4---2014-09-14','2;1',
'CAx-IF Rec.Pracs.---User Defined Attributes---1.5---2016-08-15'),
/* implementation_level */ '2;1');

FILE_NAME(
/* name */ 
'DEXI 10 (1) - VRC-LANDING-GEAR-FOOT__VRC-LANDING-GEAR-FOOT__VRC-LANDI
NG-GEAR-FOOT__VRC-LANDING-GEAR-FOOT',
/* time_stamp */ '2026-09-04T01:17:26Z',
/* author */ (''),
/* organization */ (''),
/* preprocessor_version */ 'ST-DEVELOPER v20',
/* originating_system */ 'ONSHAPE BY PTC INC, 1.220',
/* authorisation */ '  ');

FILE_SCHEMA (('AP242_MANAGED_MODEL_BASED_3D_ENGINEERING_MIM_LF { 1 0 10303 442 3 1 4 }'));
ENDSEC;

DATA;
#10=SHAPE_REPRESENTATION_RELATIONSHIP('','',#275,#11);
#11=ADVANCED_BREP_SHAPE_REPRESENTATION('',(#273),#1707);
#12=TOROIDAL_SURFACE('',#293,0.00830002394975241,0.00150007341170822);
#13=B_SPLINE_SURFACE_WITH_KNOTS('',3,3,((#557,#558,#559,#560,#561,#562,
#563,#564,#565,#566),(#567,#568,#569,#570,#571,#572,#573,#574,#575,#576),
(#577,#578,#579,#580,#581,#582,#583,#584,#585,#586),(#587,#588,#589,#590,
#591,#592,#593,#594,#595,#596),(#597,#598,#599,#600,#601,#602,#603,#604,
#605,#606),(#607,#608,#609,#610,#611,#612,#613,#614,#615,#616),(#617,#618,
#619,#620,#621,#622,#623,#624,#625,#626),(#627,#628,#629,#630,#631,#632,
#633,#634,#635,#636),(#637,#638,#639,#640,#641,#642,#643,#644,#645,#646),
(#647,#648,#649,#650,#651,#652,#653,#654,#655,#656),(#657,#658,#659,#660,
#661,#662,#663,#664,#665,#666),(#667,#668,#669,#670,#671,#672,#673,#674,
#675,#676),(#677,#678,#679,#680,#681,#682,#683,#684,#685,#686),(#687,#688,
#689,#690,#691,#692,#693,#694,#695,#696),(#697,#698,#699,#700,#701,#702,
#703,#704,#705,#706),(#707,#708,#709,#710,#711,#712,#713,#714,#715,#716),
(#717,#718,#719,#720,#721,#722,#723,#724,#725,#726),(#727,#728,#729,#730,
#731,#732,#733,#734,#735,#736),(#737,#738,#739,#740,#741,#742,#743,#744,
#745,#746),(#747,#748,#749,#750,#751,#752,#753,#754,#755,#756),(#757,#758,
#759,#760,#761,#762,#763,#764,#765,#766),(#767,#768,#769,#770,#771,#772,
#773,#774,#775,#776),(#777,#778,#779,#780,#781,#782,#783,#784,#785,#786),
(#787,#788,#789,#790,#791,#792,#793,#794,#795,#796),(#797,#798,#799,#800,
#801,#802,#803,#804,#805,#806),(#807,#808,#809,#810,#811,#812,#813,#814,
#815,#816),(#817,#818,#819,#820,#821,#822,#823,#824,#825,#826),(#827,#828,
#829,#830,#831,#832,#833,#834,#835,#836),(#837,#838,#839,#840,#841,#842,
#843,#844,#845,#846),(#847,#848,#849,#850,#851,#852,#853,#854,#855,#856),
(#857,#858,#859,#860,#861,#862,#863,#864,#865,#866),(#867,#868,#869,#870,
#871,#872,#873,#874,#875,#876),(#877,#878,#879,#880,#881,#882,#883,#884,
#885,#886),(#887,#888,#889,#890,#891,#892,#893,#894,#895,#896)),
 .UNSPECIFIED.,.F.,.F.,.F.,(4,2,2,2,2,2,2,2,2,2,2,2,2,2,2,2,4),(4,2,2,2,
4),(0.,2.28475502153125,4.5695100430625,6.85426506459375,9.139020086125,
11.4237751076562,13.7085301291875,15.9932851507187,18.27804017225,20.5627951937812,
22.8475502153125,25.1323052368438,27.417060258375,29.7018152799062,31.9865703014375,
34.2713253229687,36.5560802519546),(0.554046895645851,1.6639721781215,2.775981452081,
3.8879907260405,5.),.UNSPECIFIED.);
#14=B_SPLINE_SURFACE_WITH_KNOTS('',3,3,((#933,#934,#935,#936,#937,#938,
#939,#940,#941,#942),(#943,#944,#945,#946,#947,#948,#949,#950,#951,#952),
(#953,#954,#955,#956,#957,#958,#959,#960,#961,#962),(#963,#964,#965,#966,
#967,#968,#969,#970,#971,#972),(#973,#974,#975,#976,#977,#978,#979,#980,
#981,#982),(#983,#984,#985,#986,#987,#988,#989,#990,#991,#992),(#993,#994,
#995,#996,#997,#998,#999,#1000,#1001,#1002),(#1003,#1004,#1005,#1006,#1007,
#1008,#1009,#1010,#1011,#1012),(#1013,#1014,#1015,#1016,#1017,#1018,#1019,
#1020,#1021,#1022),(#1023,#1024,#1025,#1026,#1027,#1028,#1029,#1030,#1031,
#1032),(#1033,#1034,#1035,#1036,#1037,#1038,#1039,#1040,#1041,#1042),(#1043,
#1044,#1045,#1046,#1047,#1048,#1049,#1050,#1051,#1052),(#1053,#1054,#1055,
#1056,#1057,#1058,#1059,#1060,#1061,#1062),(#1063,#1064,#1065,#1066,#1067,
#1068,#1069,#1070,#1071,#1072),(#1073,#1074,#1075,#1076,#1077,#1078,#1079,
#1080,#1081,#1082),(#1083,#1084,#1085,#1086,#1087,#1088,#1089,#1090,#1091,
#1092),(#1093,#1094,#1095,#1096,#1097,#1098,#1099,#1100,#1101,#1102),(#1103,
#1104,#1105,#1106,#1107,#1108,#1109,#1110,#1111,#1112),(#1113,#1114,#1115,
#1116,#1117,#1118,#1119,#1120,#1121,#1122),(#1123,#1124,#1125,#1126,#1127,
#1128,#1129,#1130,#1131,#1132),(#1133,#1134,#1135,#1136,#1137,#1138,#1139,
#1140,#1141,#1142),(#1143,#1144,#1145,#1146,#1147,#1148,#1149,#1150,#1151,
#1152),(#1153,#1154,#1155,#1156,#1157,#1158,#1159,#1160,#1161,#1162),(#1163,
#1164,#1165,#1166,#1167,#1168,#1169,#1170,#1171,#1172),(#1173,#1174,#1175,
#1176,#1177,#1178,#1179,#1180,#1181,#1182),(#1183,#1184,#1185,#1186,#1187,
#1188,#1189,#1190,#1191,#1192),(#1193,#1194,#1195,#1196,#1197,#1198,#1199,
#1200,#1201,#1202),(#1203,#1204,#1205,#1206,#1207,#1208,#1209,#1210,#1211,
#1212),(#1213,#1214,#1215,#1216,#1217,#1218,#1219,#1220,#1221,#1222),(#1223,
#1224,#1225,#1226,#1227,#1228,#1229,#1230,#1231,#1232),(#1233,#1234,#1235,
#1236,#1237,#1238,#1239,#1240,#1241,#1242),(#1243,#1244,#1245,#1246,#1247,
#1248,#1249,#1250,#1251,#1252),(#1253,#1254,#1255,#1256,#1257,#1258,#1259,
#1260,#1261,#1262),(#1263,#1264,#1265,#1266,#1267,#1268,#1269,#1270,#1271,
#1272),(#1273,#1274,#1275,#1276,#1277,#1278,#1279,#1280,#1281,#1282),(#1283,
#1284,#1285,#1286,#1287,#1288,#1289,#1290,#1291,#1292),(#1293,#1294,#1295,
#1296,#1297,#1298,#1299,#1300,#1301,#1302)),.UNSPECIFIED.,.F.,.F.,.F.,(4,
2,2,2,2,2,2,2,2,2,2,2,2,2,2,2,3,4),(4,2,2,2,4),(0.,2.32199185556875,4.6439837111375,
6.96597556670625,9.287967422275,11.6099592778437,13.9319511334125,16.2539429889813,
18.57593484455,20.8979267001187,23.2199185556875,25.5419104112563,27.863902266825,
30.1858941223937,32.5078859779625,34.8298778335312,37.1518696891,37.1521252533815),
(0.686830615448022,1.732637977964,2.821758651976,3.910879325988,5.),
 .UNSPECIFIED.);
#15=B_SPLINE_SURFACE_WITH_KNOTS('',3,3,((#1345,#1346,#1347,#1348,#1349,
#1350,#1351,#1352,#1353,#1354),(#1355,#1356,#1357,#1358,#1359,#1360,#1361,
#1362,#1363,#1364),(#1365,#1366,#1367,#1368,#1369,#1370,#1371,#1372,#1373,
#1374),(#1375,#1376,#1377,#1378,#1379,#1380,#1381,#1382,#1383,#1384),(#1385,
#1386,#1387,#1388,#1389,#1390,#1391,#1392,#1393,#1394),(#1395,#1396,#1397,
#1398,#1399,#1400,#1401,#1402,#1403,#1404),(#1405,#1406,#1407,#1408,#1409,
#1410,#1411,#1412,#1413,#1414),(#1415,#1416,#1417,#1418,#1419,#1420,#1421,
#1422,#1423,#1424),(#1425,#1426,#1427,#1428,#1429,#1430,#1431,#1432,#1433,
#1434),(#1435,#1436,#1437,#1438,#1439,#1440,#1441,#1442,#1443,#1444),(#1445,
#1446,#1447,#1448,#1449,#1450,#1451,#1452,#1453,#1454),(#1455,#1456,#1457,
#1458,#1459,#1460,#1461,#1462,#1463,#1464),(#1465,#1466,#1467,#1468,#1469,
#1470,#1471,#1472,#1473,#1474),(#1475,#1476,#1477,#1478,#1479,#1480,#1481,
#1482,#1483,#1484),(#1485,#1486,#1487,#1488,#1489,#1490,#1491,#1492,#1493,
#1494),(#1495,#1496,#1497,#1498,#1499,#1500,#1501,#1502,#1503,#1504),(#1505,
#1506,#1507,#1508,#1509,#1510,#1511,#1512,#1513,#1514),(#1515,#1516,#1517,
#1518,#1519,#1520,#1521,#1522,#1523,#1524),(#1525,#1526,#1527,#1528,#1529,
#1530,#1531,#1532,#1533,#1534),(#1535,#1536,#1537,#1538,#1539,#1540,#1541,
#1542,#1543,#1544),(#1545,#1546,#1547,#1548,#1549,#1550,#1551,#1552,#1553,
#1554),(#1555,#1556,#1557,#1558,#1559,#1560,#1561,#1562,#1563,#1564),(#1565,
#1566,#1567,#1568,#1569,#1570,#1571,#1572,#1573,#1574),(#1575,#1576,#1577,
#1578,#1579,#1580,#1581,#1582,#1583,#1584),(#1585,#1586,#1587,#1588,#1589,
#1590,#1591,#1592,#1593,#1594),(#1595,#1596,#1597,#1598,#1599,#1600,#1601,
#1602,#1603,#1604),(#1605,#1606,#1607,#1608,#1609,#1610,#1611,#1612,#1613,
#1614),(#1615,#1616,#1617,#1618,#1619,#1620,#1621,#1622,#1623,#1624),(#1625,
#1626,#1627,#1628,#1629,#1630,#1631,#1632,#1633,#1634),(#1635,#1636,#1637,
#1638,#1639,#1640,#1641,#1642,#1643,#1644),(#1645,#1646,#1647,#1648,#1649,
#1650,#1651,#1652,#1653,#1654),(#1655,#1656,#1657,#1658,#1659,#1660,#1661,
#1662,#1663,#1664),(#1665,#1666,#1667,#1668,#1669,#1670,#1671,#1672,#1673,
#1674),(#1675,#1676,#1677,#1678,#1679,#1680,#1681,#1682,#1683,#1684)),
 .UNSPECIFIED.,.F.,.F.,.F.,(4,2,2,2,2,2,2,2,2,2,2,2,2,2,2,2,4),(4,2,2,2,
4),(2.88654426665E-18,2.9272165399625,5.854433079925,8.7816496198875,11.70886615985,
14.6360826998125,17.563299239775,20.4905157797375,23.4177323197,26.3449488596625,
29.272165399625,32.1993819395875,35.12659847955,38.0538150195125,40.981031559475,
43.9082480994375,46.8354634601926),(1.57696223608463E-5,0.375,0.75,1.125,
1.49996762524908),.UNSPECIFIED.);
#16=ELLIPSE('',#287,0.00995118079649206,0.0098000000000116);
#17=B_SPLINE_CURVE_WITH_KNOTS('',3,(#341,#342,#343,#344,#345,#346,#347,
#348,#349,#350,#351),.UNSPECIFIED.,.T.,.F.,(1,1,1,1,1,1,1,1,1,1,1,1,1,1,
1),(-0.00401123710450221,-0.00267415806966814,-0.00133707903483407,0.,0.00133707903483407,
0.00267415806966814,0.00401123710450221,0.00534831613933627,0.00668539517417034,
0.00802247420900441,0.00935955324383848,0.0106966322786725,0.0120337113135066,
0.0133707903483407,0.0147078693831748),.UNSPECIFIED.);
#18=B_SPLINE_CURVE_WITH_KNOTS('',3,(#355,#356,#357,#358,#359,#360,#361,
#362,#363,#364,#365),.UNSPECIFIED.,.T.,.F.,(1,1,1,1,1,1,1,1,1,1,1,1,1,1,
1),(-0.00401304413113194,-0.00267536275408796,-0.00133768137704398,0.,0.00133768137704398,
0.00267536275408796,0.00401304413113194,0.00535072550817592,0.0066884068852199,
0.00802608826226388,0.00936376963930786,0.0107014510163518,0.0120391323933958,
0.0133768137704398,0.0147144951474838),.UNSPECIFIED.);
#19=B_SPLINE_CURVE_WITH_KNOTS('',3,(#371,#372,#373,#374,#375,#376,#377,
#378,#379,#380,#381),.UNSPECIFIED.,.T.,.F.,(1,1,1,1,1,1,1,1,1,1,1,1,1,1,
1),(-0.00400116799744616,-0.00266744533163077,-0.00133372266581539,0.,0.00133372266581539,
0.00266744533163077,0.00400116799744616,0.00533489066326154,0.00666861332907693,
0.00800233599489232,0.0093360586607077,0.0106697813265231,0.0120035039923385,
0.0133372266581539,0.0146709493239692),.UNSPECIFIED.);
#20=B_SPLINE_CURVE_WITH_KNOTS('',3,(#384,#385,#386,#387,#388,#389,#390,
#391,#392,#393,#394),.UNSPECIFIED.,.T.,.F.,(1,1,1,1,1,1,1,1,1,1,1,1,1,1,
1),(-0.00400161977616303,-0.00266774651744202,-0.00133387325872101,0.,0.00133387325872101,
0.00266774651744202,0.00400161977616303,0.00533549303488404,0.00666936629360505,
0.00800323955232606,0.00933711281104707,0.0106709860697681,0.0120048593284891,
0.0133387325872101,0.0146726058459311),.UNSPECIFIED.);
#21=B_SPLINE_CURVE_WITH_KNOTS('',3,(#397,#398,#399,#400),.UNSPECIFIED.,
 .F.,.F.,(4,4),(0.,1.),.UNSPECIFIED.);
#22=B_SPLINE_CURVE_WITH_KNOTS('',3,(#403,#404,#405,#406,#407,#408,#409,
#410,#411,#412,#413,#414,#415,#416,#417,#418,#419,#420,#421,#422,#423,#424,
#425,#426,#427,#428,#429,#430,#431),.UNSPECIFIED.,.F.,.F.,(4,1,1,1,1,1,
1,1,1,1,1,1,1,1,1,1,1,1,1,1,1,1,1,1,1,1,4),(0.,0.0625,0.09375,0.109375,
0.125,0.140625,0.15625,0.1875,0.21875,0.25,0.28125,0.3125,0.375,0.5,0.625,
0.6875,0.71875,0.75,0.78125,0.8125,0.84375,0.859375,0.875,0.890625,0.90625,
0.9375,1.),.UNSPECIFIED.);
#23=B_SPLINE_CURVE_WITH_KNOTS('',3,(#433,#434,#435,#436),.UNSPECIFIED.,
 .F.,.F.,(4,4),(0.,1.),.UNSPECIFIED.);
#24=B_SPLINE_CURVE_WITH_KNOTS('',3,(#438,#439,#440,#441,#442,#443,#444,
#445,#446,#447,#448,#449,#450,#451,#452,#453,#454,#455,#456,#457,#458,#459,
#460,#461,#462,#463,#464,#465,#466,#467,#468,#469,#470,#471,#472,#473,#474,
#475,#476),.UNSPECIFIED.,.F.,.F.,(4,1,1,1,1,1,1,1,1,1,1,1,1,1,1,1,1,1,1,
1,1,1,1,1,1,1,1,1,1,1,1,1,1,1,1,1,4),(0.,0.03125,0.0625,0.078125,0.09375,
0.109375,0.1171875,0.125,0.1328125,0.140625,0.15625,0.1875,0.21875,0.234375,
0.25,0.265625,0.28125,0.3125,0.375,0.4375,0.5,0.5625,0.625,0.65625,0.6875,
0.71875,0.734375,0.7421875,0.75,0.7578125,0.765625,0.78125,0.8125,0.84375,
0.875,0.9375,1.),.UNSPECIFIED.);
#25=B_SPLINE_CURVE_WITH_KNOTS('',3,(#478,#479,#480,#481,#482,#483,#484,
#485,#486,#487,#488),.UNSPECIFIED.,.F.,.F.,(4,1,1,1,1,1,1,1,4),(0.,0.125,
0.25,0.375,0.5,0.625,0.75,0.875,1.),.UNSPECIFIED.);
#26=B_SPLINE_CURVE_WITH_KNOTS('',3,(#491,#492,#493,#494),.UNSPECIFIED.,
 .F.,.F.,(4,4),(0.,1.),.UNSPECIFIED.);
#27=B_SPLINE_CURVE_WITH_KNOTS('',3,(#496,#497,#498,#499),.UNSPECIFIED.,
 .F.,.F.,(4,4),(0.,0.999894090124603),.UNSPECIFIED.);
#28=B_SPLINE_CURVE_WITH_KNOTS('',3,(#501,#502,#503,#504,#505,#506,#507,
#508,#509,#510,#511,#512,#513,#514,#515,#516,#517,#518,#519,#520,#521,#522,
#523,#524,#525,#526,#527,#528,#529,#530,#531,#532,#533,#534,#535,#536,#537,
#538,#539,#540,#541,#542,#543,#544),.UNSPECIFIED.,.F.,.F.,(4,1,1,1,1,1,
1,1,1,1,1,1,1,1,1,1,1,1,1,1,1,1,1,1,1,1,1,1,1,1,1,1,1,1,1,1,1,1,1,1,1,4),
(0.,0.0625,0.09375,0.125,0.15625,0.1875,0.203125,0.21875,0.234375,0.2421875,
0.24609375,0.25,0.25390625,0.2578125,0.265625,0.28125,0.296875,0.3125,0.34375,
0.375,0.4375,0.5,0.5625,0.625,0.65625,0.6875,0.703125,0.71875,0.734375,
0.7421875,0.74609375,0.75,0.75390625,0.7578125,0.765625,0.78125,0.796875,
0.8125,0.84375,0.875,0.9375,1.),.UNSPECIFIED.);
#29=B_SPLINE_CURVE_WITH_KNOTS('',3,(#546,#547,#548,#549),.UNSPECIFIED.,
 .F.,.F.,(4,4),(0.00011801447261705,1.),.UNSPECIFIED.);
#30=B_SPLINE_CURVE_WITH_KNOTS('',3,(#551,#552,#553,#554),.UNSPECIFIED.,
 .F.,.F.,(4,4),(0.,1.),.UNSPECIFIED.);
#31=B_SPLINE_CURVE_WITH_KNOTS('',3,(#897,#898,#899,#900,#901,#902,#903,
#904,#905,#906,#907,#908,#909),.UNSPECIFIED.,.F.,.F.,(4,1,1,1,1,1,1,1,1,
1,4),(0.,0.124999999090789,0.249999998181577,0.374999997272366,0.43749999681776,
0.499999996363155,0.562499995908549,0.624999995453943,0.749999994544732,
0.87499999363552,0.999999992726309),.UNSPECIFIED.);
#32=B_SPLINE_CURVE_WITH_KNOTS('',3,(#912,#913,#914,#915,#916),
 .UNSPECIFIED.,.F.,.F.,(4,1,4),(0.,0.5,1.),.UNSPECIFIED.);
#33=B_SPLINE_CURVE_WITH_KNOTS('',3,(#917,#918,#919,#920,#921),
 .UNSPECIFIED.,.F.,.F.,(4,1,4),(0.,0.5,1.),.UNSPECIFIED.);
#34=B_SPLINE_CURVE_WITH_KNOTS('',3,(#923,#924,#925,#926),.UNSPECIFIED.,
 .F.,.F.,(4,4),(0.,1.),.UNSPECIFIED.);
#35=B_SPLINE_CURVE_WITH_KNOTS('',3,(#928,#929,#930,#931,#932),
 .UNSPECIFIED.,.F.,.F.,(4,1,4),(0.,0.5,1.),.UNSPECIFIED.);
#36=B_SPLINE_CURVE_WITH_KNOTS('',3,(#1303,#1304,#1305,#1306),
 .UNSPECIFIED.,.F.,.F.,(4,4),(0.,1.),.UNSPECIFIED.);
#37=B_SPLINE_CURVE_WITH_KNOTS('',3,(#1309,#1310,#1311,#1312,#1313,#1314,
#1315,#1316,#1317,#1318,#1319,#1320),.UNSPECIFIED.,.F.,.F.,(4,1,1,1,1,1,
1,1,1,4),(1.18783250290416E-8,0.125000010393534,0.250000008908744,0.375000007423953,
0.437500006681558,0.500000005939162,0.625000004454372,0.750000002969581,
0.875000001484791,1.),.UNSPECIFIED.);
#38=B_SPLINE_CURVE_WITH_KNOTS('',3,(#1322,#1323,#1324,#1325),
 .UNSPECIFIED.,.F.,.F.,(4,4),(0.,1.),.UNSPECIFIED.);
#39=B_SPLINE_CURVE_WITH_KNOTS('',3,(#1326,#1327,#1328,#1329,#1330),
 .UNSPECIFIED.,.F.,.F.,(4,1,4),(0.,0.5,1.),.UNSPECIFIED.);
#40=B_SPLINE_CURVE_WITH_KNOTS('',3,(#1332,#1333,#1334,#1335),
 .UNSPECIFIED.,.F.,.F.,(4,4),(4.15094336020175E-7,1.),.UNSPECIFIED.);
#41=B_SPLINE_CURVE_WITH_KNOTS('',3,(#1337,#1338,#1339,#1340),
 .UNSPECIFIED.,.F.,.F.,(4,4),(0.,1.),.UNSPECIFIED.);
#42=B_SPLINE_CURVE_WITH_KNOTS('',3,(#1341,#1342,#1343,#1344),
 .UNSPECIFIED.,.F.,.F.,(4,4),(1.0501021216913E-5,1.00000002298084),
 .UNSPECIFIED.);
#43=B_SPLINE_CURVE_WITH_KNOTS('',3,(#1685,#1686,#1687,#1688),
 .UNSPECIFIED.,.F.,.F.,(4,4),(-1.30760234941257E-8,0.999991012016864),
 .UNSPECIFIED.);
#44=B_SPLINE_CURVE_WITH_KNOTS('',3,(#1690,#1691,#1692,#1693),
 .UNSPECIFIED.,.F.,.F.,(4,4),(0.,1.),.UNSPECIFIED.);
#45=B_SPLINE_CURVE_WITH_KNOTS('',3,(#1695,#1696,#1697,#1698),
 .UNSPECIFIED.,.F.,.F.,(4,4),(0.,1.),.UNSPECIFIED.);
#46=B_SPLINE_CURVE_WITH_KNOTS('',3,(#1700,#1701,#1702,#1703),
 .UNSPECIFIED.,.F.,.F.,(4,4),(0.,1.),.UNSPECIFIED.);
#47=CYLINDRICAL_SURFACE('',#279,0.005334);
#48=CYLINDRICAL_SURFACE('',#283,0.00170000000000082);
#49=CYLINDRICAL_SURFACE('',#284,0.00170000000000082);
#50=CYLINDRICAL_SURFACE('',#285,0.0067999999999982);
#51=CYLINDRICAL_SURFACE('',#286,0.0098000000000116);
#52=CYLINDRICAL_SURFACE('',#288,0.00500115274076586);
#53=CYLINDRICAL_SURFACE('',#289,0.00500085542557276);
#54=CYLINDRICAL_SURFACE('',#290,0.00154665020573949);
#55=CYLINDRICAL_SURFACE('',#291,0.00153850725100307);
#56=CYLINDRICAL_SURFACE('',#292,0.00150075558508419);
#57=CYLINDRICAL_SURFACE('',#294,0.00150075303318408);
#58=ORIENTED_EDGE('',*,*,#126,.T.);
#59=ORIENTED_EDGE('',*,*,#127,.F.);
#60=ORIENTED_EDGE('',*,*,#128,.T.);
#61=ORIENTED_EDGE('',*,*,#126,.F.);
#62=ORIENTED_EDGE('',*,*,#129,.F.);
#63=ORIENTED_EDGE('',*,*,#130,.T.);
#64=ORIENTED_EDGE('',*,*,#128,.F.);
#65=ORIENTED_EDGE('',*,*,#131,.T.);
#66=ORIENTED_EDGE('',*,*,#129,.T.);
#67=ORIENTED_EDGE('',*,*,#132,.F.);
#68=ORIENTED_EDGE('',*,*,#127,.T.);
#69=ORIENTED_EDGE('',*,*,#133,.T.);
#70=ORIENTED_EDGE('',*,*,#134,.T.);
#71=ORIENTED_EDGE('',*,*,#135,.T.);
#72=ORIENTED_EDGE('',*,*,#136,.T.);
#73=ORIENTED_EDGE('',*,*,#131,.F.);
#74=ORIENTED_EDGE('',*,*,#132,.T.);
#75=ORIENTED_EDGE('',*,*,#130,.F.);
#76=ORIENTED_EDGE('',*,*,#137,.T.);
#77=ORIENTED_EDGE('',*,*,#138,.F.);
#78=ORIENTED_EDGE('',*,*,#139,.T.);
#79=ORIENTED_EDGE('',*,*,#140,.T.);
#80=ORIENTED_EDGE('',*,*,#141,.T.);
#81=ORIENTED_EDGE('',*,*,#142,.F.);
#82=ORIENTED_EDGE('',*,*,#143,.T.);
#83=ORIENTED_EDGE('',*,*,#144,.F.);
#84=ORIENTED_EDGE('',*,*,#145,.F.);
#85=ORIENTED_EDGE('',*,*,#134,.F.);
#86=ORIENTED_EDGE('',*,*,#146,.F.);
#87=ORIENTED_EDGE('',*,*,#147,.F.);
#88=ORIENTED_EDGE('',*,*,#146,.T.);
#89=ORIENTED_EDGE('',*,*,#133,.F.);
#90=ORIENTED_EDGE('',*,*,#148,.F.);
#91=ORIENTED_EDGE('',*,*,#149,.F.);
#92=ORIENTED_EDGE('',*,*,#150,.F.);
#93=ORIENTED_EDGE('',*,*,#151,.F.);
#94=ORIENTED_EDGE('',*,*,#148,.T.);
#95=ORIENTED_EDGE('',*,*,#136,.F.);
#96=ORIENTED_EDGE('',*,*,#152,.F.);
#97=ORIENTED_EDGE('',*,*,#153,.F.);
#98=ORIENTED_EDGE('',*,*,#152,.T.);
#99=ORIENTED_EDGE('',*,*,#135,.F.);
#100=ORIENTED_EDGE('',*,*,#145,.T.);
#101=ORIENTED_EDGE('',*,*,#154,.F.);
#102=ORIENTED_EDGE('',*,*,#153,.T.);
#103=ORIENTED_EDGE('',*,*,#155,.F.);
#104=ORIENTED_EDGE('',*,*,#139,.F.);
#105=ORIENTED_EDGE('',*,*,#155,.T.);
#106=ORIENTED_EDGE('',*,*,#144,.T.);
#107=ORIENTED_EDGE('',*,*,#156,.F.);
#108=ORIENTED_EDGE('',*,*,#140,.F.);
#109=ORIENTED_EDGE('',*,*,#156,.T.);
#110=ORIENTED_EDGE('',*,*,#147,.T.);
#111=ORIENTED_EDGE('',*,*,#157,.F.);
#112=ORIENTED_EDGE('',*,*,#141,.F.);
#113=ORIENTED_EDGE('',*,*,#157,.T.);
#114=ORIENTED_EDGE('',*,*,#151,.T.);
#115=ORIENTED_EDGE('',*,*,#158,.T.);
#116=ORIENTED_EDGE('',*,*,#142,.T.);
#117=ORIENTED_EDGE('',*,*,#158,.F.);
#118=ORIENTED_EDGE('',*,*,#150,.T.);
#119=ORIENTED_EDGE('',*,*,#159,.F.);
#120=ORIENTED_EDGE('',*,*,#137,.F.);
#121=ORIENTED_EDGE('',*,*,#159,.T.);
#122=ORIENTED_EDGE('',*,*,#149,.T.);
#123=ORIENTED_EDGE('',*,*,#154,.T.);
#124=ORIENTED_EDGE('',*,*,#138,.T.);
#125=ORIENTED_EDGE('',*,*,#143,.F.);
#126=EDGE_CURVE('',#160,#160,#184,.T.);
#127=EDGE_CURVE('',#161,#161,#17,.T.);
#128=EDGE_CURVE('',#162,#162,#185,.T.);
#129=EDGE_CURVE('',#163,#163,#18,.T.);
#130=EDGE_CURVE('',#164,#164,#186,.T.);
#131=EDGE_CURVE('',#165,#165,#19,.T.);
#132=EDGE_CURVE('',#166,#166,#20,.T.);
#133=EDGE_CURVE('',#167,#168,#21,.T.);
#134=EDGE_CURVE('',#168,#169,#22,.T.);
#135=EDGE_CURVE('',#169,#170,#23,.T.);
#136=EDGE_CURVE('',#170,#167,#24,.T.);
#137=EDGE_CURVE('',#171,#172,#25,.T.);
#138=EDGE_CURVE('',#173,#172,#26,.F.);
#139=EDGE_CURVE('',#173,#174,#27,.T.);
#140=EDGE_CURVE('',#174,#175,#28,.T.);
#141=EDGE_CURVE('',#175,#176,#29,.T.);
#142=EDGE_CURVE('',#171,#176,#30,.F.);
#143=EDGE_CURVE('',#177,#177,#16,.T.);
#144=EDGE_CURVE('',#178,#179,#31,.F.);
#145=EDGE_CURVE('',#169,#178,#32,.T.);
#146=EDGE_CURVE('',#179,#168,#33,.T.);
#147=EDGE_CURVE('',#179,#180,#34,.F.);
#148=EDGE_CURVE('',#180,#167,#35,.F.);
#149=EDGE_CURVE('',#181,#182,#36,.T.);
#150=EDGE_CURVE('',#183,#181,#37,.T.);
#151=EDGE_CURVE('',#180,#183,#38,.T.);
#152=EDGE_CURVE('',#182,#170,#39,.T.);
#153=EDGE_CURVE('',#182,#178,#40,.F.);
#154=EDGE_CURVE('',#182,#173,#41,.F.);
#155=EDGE_CURVE('',#174,#178,#42,.F.);
#156=EDGE_CURVE('',#175,#179,#43,.T.);
#157=EDGE_CURVE('',#176,#180,#44,.F.);
#158=EDGE_CURVE('',#183,#171,#45,.T.);
#159=EDGE_CURVE('',#172,#181,#46,.T.);
#160=VERTEX_POINT('',#339);
#161=VERTEX_POINT('',#352);
#162=VERTEX_POINT('',#354);
#163=VERTEX_POINT('',#366);
#164=VERTEX_POINT('',#369);
#165=VERTEX_POINT('',#382);
#166=VERTEX_POINT('',#395);
#167=VERTEX_POINT('',#401);
#168=VERTEX_POINT('',#402);
#169=VERTEX_POINT('',#432);
#170=VERTEX_POINT('',#437);
#171=VERTEX_POINT('',#489);
#172=VERTEX_POINT('',#490);
#173=VERTEX_POINT('',#495);
#174=VERTEX_POINT('',#500);
#175=VERTEX_POINT('',#545);
#176=VERTEX_POINT('',#550);
#177=VERTEX_POINT('',#556);
#178=VERTEX_POINT('',#910);
#179=VERTEX_POINT('',#911);
#180=VERTEX_POINT('',#927);
#181=VERTEX_POINT('',#1307);
#182=VERTEX_POINT('',#1308);
#183=VERTEX_POINT('',#1321);
#184=CIRCLE('',#278,0.005334);
#185=CIRCLE('',#280,0.005334);
#186=CIRCLE('',#282,0.0067999999999982);
#187=EDGE_LOOP('',(#58));
#188=EDGE_LOOP('',(#59));
#189=EDGE_LOOP('',(#60));
#190=EDGE_LOOP('',(#61));
#191=EDGE_LOOP('',(#62));
#192=EDGE_LOOP('',(#63));
#193=EDGE_LOOP('',(#64));
#194=EDGE_LOOP('',(#65));
#195=EDGE_LOOP('',(#66));
#196=EDGE_LOOP('',(#67));
#197=EDGE_LOOP('',(#68));
#198=EDGE_LOOP('',(#69,#70,#71,#72));
#199=EDGE_LOOP('',(#73));
#200=EDGE_LOOP('',(#74));
#201=EDGE_LOOP('',(#75));
#202=EDGE_LOOP('',(#76,#77,#78,#79,#80,#81));
#203=EDGE_LOOP('',(#82));
#204=EDGE_LOOP('',(#83,#84,#85,#86));
#205=EDGE_LOOP('',(#87,#88,#89,#90));
#206=EDGE_LOOP('',(#91,#92,#93,#94,#95,#96));
#207=EDGE_LOOP('',(#97,#98,#99,#100));
#208=EDGE_LOOP('',(#101,#102,#103,#104));
#209=EDGE_LOOP('',(#105,#106,#107,#108));
#210=EDGE_LOOP('',(#109,#110,#111,#112));
#211=EDGE_LOOP('',(#113,#114,#115,#116));
#212=EDGE_LOOP('',(#117,#118,#119,#120));
#213=EDGE_LOOP('',(#121,#122,#123,#124));
#214=EDGE_LOOP('',(#125));
#215=FACE_BOUND('',#187,.T.);
#216=FACE_BOUND('',#188,.T.);
#217=FACE_BOUND('',#189,.T.);
#218=FACE_BOUND('',#190,.T.);
#219=FACE_BOUND('',#191,.T.);
#220=FACE_BOUND('',#192,.T.);
#221=FACE_BOUND('',#193,.T.);
#222=FACE_BOUND('',#194,.T.);
#223=FACE_BOUND('',#195,.T.);
#224=FACE_BOUND('',#196,.T.);
#225=FACE_BOUND('',#197,.T.);
#226=FACE_BOUND('',#198,.T.);
#227=FACE_BOUND('',#199,.T.);
#228=FACE_BOUND('',#200,.T.);
#229=FACE_BOUND('',#201,.T.);
#230=FACE_BOUND('',#202,.T.);
#231=FACE_BOUND('',#203,.T.);
#232=FACE_BOUND('',#204,.T.);
#233=FACE_BOUND('',#205,.T.);
#234=FACE_BOUND('',#206,.T.);
#235=FACE_BOUND('',#207,.T.);
#236=FACE_BOUND('',#208,.T.);
#237=FACE_BOUND('',#209,.T.);
#238=FACE_BOUND('',#210,.T.);
#239=FACE_BOUND('',#211,.T.);
#240=FACE_BOUND('',#212,.T.);
#241=FACE_BOUND('',#213,.T.);
#242=FACE_BOUND('',#214,.T.);
#243=PLANE('',#277);
#244=PLANE('',#281);
#245=PLANE('',#295);
#246=ADVANCED_FACE('',(#215),#243,.T.);
#247=ADVANCED_FACE('',(#216,#217,#218,#219),#47,.F.);
#248=ADVANCED_FACE('',(#220,#221),#244,.T.);
#249=ADVANCED_FACE('',(#222,#223),#48,.F.);
#250=ADVANCED_FACE('',(#224,#225),#49,.F.);
#251=ADVANCED_FACE('',(#226,#227,#228,#229),#50,.T.);
#252=ADVANCED_FACE('',(#230,#231),#51,.T.);
#253=ADVANCED_FACE('',(#232),#13,.F.);
#254=ADVANCED_FACE('',(#233),#52,.F.);
#255=ADVANCED_FACE('',(#234),#14,.F.);
#256=ADVANCED_FACE('',(#235),#53,.F.);
#257=ADVANCED_FACE('',(#236),#54,.T.);
#258=ADVANCED_FACE('',(#237),#15,.T.);
#259=ADVANCED_FACE('',(#238),#55,.T.);
#260=ADVANCED_FACE('',(#239),#56,.T.);
#261=ADVANCED_FACE('',(#240),#12,.T.);
#262=ADVANCED_FACE('',(#241),#57,.T.);
#263=ADVANCED_FACE('',(#242),#245,.F.);
#264=CLOSED_SHELL('',(#246,#247,#248,#249,#250,#251,#252,#253,#254,#255,
#256,#257,#258,#259,#260,#261,#262,#263));
#265=STYLED_ITEM('',(#266),#273);
#266=PRESENTATION_STYLE_ASSIGNMENT((#267));
#267=SURFACE_STYLE_USAGE(.BOTH.,#268);
#268=SURFACE_SIDE_STYLE('',(#269));
#269=SURFACE_STYLE_FILL_AREA(#270);
#270=FILL_AREA_STYLE('',(#271));
#271=FILL_AREA_STYLE_COLOUR('',#272);
#272=COLOUR_RGB('',0.149019607843137,0.141176470588235,0.141176470588235);
#273=MANIFOLD_SOLID_BREP(
'VRC-LANDING-GEAR-FOOT__VRC-LANDING-GEAR-FOOT__VRC-LANDING-GEAR-FOOT__
VRC-LANDING-GEAR-FOOT',#264);
#274=SHAPE_DEFINITION_REPRESENTATION(#1712,#275);
#275=SHAPE_REPRESENTATION(
'VRC-LANDING-GEAR-FOOT__VRC-LANDING-GEAR-FOOT__VRC-LANDING-GEAR-FOOT__
VRC-LANDING-GEAR-FOOT',(#276),#1707);
#276=AXIS2_PLACEMENT_3D('',#336,#296,#297);
#277=AXIS2_PLACEMENT_3D('',#337,#298,#299);
#278=AXIS2_PLACEMENT_3D('',#338,#300,#301);
#279=AXIS2_PLACEMENT_3D('',#340,#302,#303);
#280=AXIS2_PLACEMENT_3D('',#353,#304,#305);
#281=AXIS2_PLACEMENT_3D('',#367,#306,#307);
#282=AXIS2_PLACEMENT_3D('',#368,#308,#309);
#283=AXIS2_PLACEMENT_3D('',#370,#310,#311);
#284=AXIS2_PLACEMENT_3D('',#383,#312,#313);
#285=AXIS2_PLACEMENT_3D('',#396,#314,#315);
#286=AXIS2_PLACEMENT_3D('',#477,#316,#317);
#287=AXIS2_PLACEMENT_3D('',#555,#318,#319);
#288=AXIS2_PLACEMENT_3D('',#922,#320,#321);
#289=AXIS2_PLACEMENT_3D('',#1331,#322,#323);
#290=AXIS2_PLACEMENT_3D('',#1336,#324,#325);
#291=AXIS2_PLACEMENT_3D('',#1689,#326,#327);
#292=AXIS2_PLACEMENT_3D('',#1694,#328,#329);
#293=AXIS2_PLACEMENT_3D('',#1699,#330,#331);
#294=AXIS2_PLACEMENT_3D('',#1704,#332,#333);
#295=AXIS2_PLACEMENT_3D('',#1705,#334,#335);
#296=DIRECTION('',(0.,0.,1.));
#297=DIRECTION('',(1.,0.,0.));
#298=DIRECTION('',(9.63244424601012E-16,-1.83952229483886E-15,-1.));
#299=DIRECTION('',(-0.707106770971935,-0.70710679140116,5.95046244631712E-16));
#300=DIRECTION('',(9.63244424601012E-16,-1.83952229483886E-15,-1.));
#301=DIRECTION('',(-0.70710679140116,0.707106770971935,-2.32965612596295E-15));
#302=DIRECTION('',(9.63244424601012E-16,-1.83952229483886E-15,-1.));
#303=DIRECTION('',(-0.70710679140116,0.707106770971935,-2.32965612596295E-15));
#304=DIRECTION('',(9.63244424601012E-16,-1.83952229483886E-15,-1.));
#305=DIRECTION('',(-0.70710679140116,0.707106770971935,-2.32965612596295E-15));
#306=DIRECTION('',(9.63244424601012E-16,-1.83952229483886E-15,-1.));
#307=DIRECTION('',(-0.707106770971935,-0.70710679140116,5.95046244631712E-16));
#308=DIRECTION('',(9.63244424601012E-16,-1.83952229483886E-15,-1.));
#309=DIRECTION('',(-0.70710679140116,0.707106770971935,-2.32965612596295E-15));
#310=DIRECTION('',(0.707106770971935,0.70710679140116,-5.95046244631712E-16));
#311=DIRECTION('',(0.69636425037945,-0.696364230260591,-0.173648177666917));
#312=DIRECTION('',(0.707106770971935,0.70710679140116,-5.95046244631712E-16));
#313=DIRECTION('',(0.69636425037945,-0.696364230260591,-0.173648177666917));
#314=DIRECTION('',(9.63244424601012E-16,-1.83952229483886E-15,-1.));
#315=DIRECTION('',(-0.707106770971935,-0.70710679140116,5.95046244631712E-16));
#316=DIRECTION('',(0.122787805742713,-0.122787802195214,0.984807753012211));
#317=DIRECTION('',(0.707106770971935,0.70710679140116,-5.95046244631712E-16));
#318=DIRECTION('',(-3.28643229563071E-16,-3.28643239057996E-16,-1.));
#319=DIRECTION('',(-0.707106791401161,0.707106770971934,6.40949485492072E-31));
#320=DIRECTION('',(0.722878561932359,-0.675676185757646,-0.144596945675222));
#321=DIRECTION('',(-0.683459828668412,-0.72996509610544,-0.00579836738394348));
#322=DIRECTION('',(0.675700612924171,-0.722859681149324,-0.144577187213607));
#323=DIRECTION('',(-0.729944498122841,-0.683481872594094,0.00579305579685084));
#324=DIRECTION('',(0.723662076245032,-0.662521750568658,-0.193334242771864));
#325=DIRECTION('',(-0.676333514387953,-0.736557258480155,-0.0075088145428773));
#326=DIRECTION('',(0.662531911128221,-0.723675803571339,-0.19324802214295));
#327=DIRECTION('',(-0.736558886266734,-0.676331736881306,0.0075092442112095));
#328=DIRECTION('',(0.693448080113468,-0.695726591376299,-0.18733464772663));
#329=DIRECTION('',(-0.132465773603162,0.132465769776054,-0.982296105388468));
#330=DIRECTION('',(-0.133512535805191,0.133512348864203,-0.982012655460016));
#331=DIRECTION('',(-0.69438781791767,0.694387797855913,0.188815106695287));
#332=DIRECTION('',(-0.698329198610661,0.687903741155163,0.197799831325816));
#333=DIRECTION('',(0.139869404712631,-0.139869400671623,0.980241348026646));
#334=DIRECTION('',(-3.28643229563071E-16,-3.28643239057996E-16,-1.));
#335=DIRECTION('',(0.,1.,-3.28643239057996E-16));
#336=CARTESIAN_POINT('',(0.,0.,0.));
#337=CARTESIAN_POINT('',(0.00480832618152211,-0.00480832604260209,0.113298799957954));
#338=CARTESIAN_POINT('',(8.88178419700125E-16,4.16333634234434E-16,0.113298799957954));
#339=CARTESIAN_POINT('',(-0.0037717076253329,0.00377170751636472,0.113298799957954));
#340=CARTESIAN_POINT('',(8.88178419700125E-16,4.16333634234434E-16,0.113300799957954));
#341=CARTESIAN_POINT('',(-0.00253729252214642,-0.0047142170039052,0.106885005446036));
#342=CARTESIAN_POINT('',(-0.00222207038683004,-0.00484569641053535,0.105469321899129));
#343=CARTESIAN_POINT('',(-0.00295817131465257,-0.00449257385876629,0.104259295293027));
#344=CARTESIAN_POINT('',(-0.00404242770572026,-0.00357999214352473,0.103943338010825));
#345=CARTESIAN_POINT('',(-0.00471487936249948,-0.00253643271940341,0.10471373448244));
#346=CARTESIAN_POINT('',(-0.00484532516399647,-0.0022224745511363,0.106126736001421));
#347=CARTESIAN_POINT('',(-0.00449386427951198,-0.00295648462232653,0.107337713742649));
#348=CARTESIAN_POINT('',(-0.00357865781396742,-0.00404372830923516,0.107653937003275));
#349=CARTESIAN_POINT('',(-0.00253729252214642,-0.0047142170039052,0.106885005446036));
#350=CARTESIAN_POINT('',(-0.00222207038683004,-0.00484569641053535,0.105469321899129));
#351=CARTESIAN_POINT('',(-0.00295817131465257,-0.00449257385876629,0.104259295293027));
#352=CARTESIAN_POINT('',(-0.00239729089735319,-0.00476492941746881,0.10550359805593));
#353=CARTESIAN_POINT('',(9.43689570931383E-16,3.88578058618805E-16,0.0982987999579596));
#354=CARTESIAN_POINT('',(-0.00377170762533284,0.00377170751636469,0.0982987999579596));
#355=CARTESIAN_POINT('',(0.00449278708336201,0.00295803762424344,0.104259051290679));
#356=CARTESIAN_POINT('',(0.00484570732975282,0.00222204144802416,0.105469427829145));
#357=CARTESIAN_POINT('',(0.00471395968688234,0.00253754279377633,0.106884825728321));
#358=CARTESIAN_POINT('',(0.00404509173247062,0.0035770853631385,0.107653598719662));
#359=CARTESIAN_POINT('',(0.00295668620112171,0.00449387216187115,0.107337820972658));
#360=CARTESIAN_POINT('',(0.00222277371331119,0.00484517392156222,0.106128717918947));
#361=CARTESIAN_POINT('',(0.00253635262967901,0.0047148132952311,0.10471365754));
#362=CARTESIAN_POINT('',(0.00357872047245517,0.00404358627408624,0.103943710067415));
#363=CARTESIAN_POINT('',(0.00449278708336201,0.00295803762424344,0.104259051290679));
#364=CARTESIAN_POINT('',(0.00484570732975282,0.00222204144802416,0.105469427829145));
#365=CARTESIAN_POINT('',(0.00471395968688234,0.00253754279377633,0.106884825728321));
#366=CARTESIAN_POINT('',(0.00476492934820927,0.0023972910350194,0.10550359805593));
#367=CARTESIAN_POINT('',(0.00480832618151422,-0.00480832604259418,0.0982987999579595));
#368=CARTESIAN_POINT('',(-1.08246744900953E-14,1.21569421196455E-14,0.0982987999579656));
#369=CARTESIAN_POINT('',(-0.00480832618153744,0.00480832604262004,0.0982987999579656));
#370=CARTESIAN_POINT('',(-2.1760371282653E-13,2.1888046930485E-13,0.105798799957964));
#371=CARTESIAN_POINT('',(0.00578343140381601,0.00360503918057074,0.106883698687009));
#372=CARTESIAN_POINT('',(0.00593593823115064,0.00331195248967042,0.105470024309045));
#373=CARTESIAN_POINT('',(0.00553764391224259,0.00400614940934804,0.104257792412391));
#374=CARTESIAN_POINT('',(0.00460838188667194,0.00507008402836657,0.103943411201572));
#375=CARTESIAN_POINT('',(0.00360421127207385,0.00578406929811547,0.104715116453813));
#376=CARTESIAN_POINT('',(0.00331244256543712,0.00593552682750409,0.106126310482954));
#377=CARTESIAN_POINT('',(0.00400425330445312,0.00553910592934202,0.107338767875239));
#378=CARTESIAN_POINT('',(0.00507084002738223,0.00460767581926804,0.107654112954832));
#379=CARTESIAN_POINT('',(0.00578343140381601,0.00360503918057074,0.106883698687009));
#380=CARTESIAN_POINT('',(0.00593593823115064,0.00331195248967042,0.105470024309045));
#381=CARTESIAN_POINT('',(0.00553764391224259,0.00400614940934804,0.104257792412391));
#382=CARTESIAN_POINT('',(0.00584413804011019,0.00347649975810007,0.10550359805593));
#383=CARTESIAN_POINT('',(-2.1760371282653E-13,2.1888046930485E-13,0.105798799957964));
#384=CARTESIAN_POINT('',(-0.00567592408887036,-0.00379016930178951,0.107129775035497));
#385=CARTESIAN_POINT('',(-0.0048457677954905,-0.00484611212604958,0.1076832665093));
#386=CARTESIAN_POINT('',(-0.00379096098488026,-0.00567533928309879,0.10712995867509));
#387=CARTESIAN_POINT('',(-0.00328479253827163,-0.00594895935044002,0.10580075657913));
#388=CARTESIAN_POINT('',(-0.00379123142798499,-0.00567516214875316,0.104466252352392));
#389=CARTESIAN_POINT('',(-0.00484527063057255,-0.00484641410256686,0.103915274646176));
#390=CARTESIAN_POINT('',(-0.00567459048027459,-0.00379219003234463,0.104465449723686));
#391=CARTESIAN_POINT('',(-0.00594895599861993,-0.00328475092246256,0.105798053582408));
#392=CARTESIAN_POINT('',(-0.00567592408887036,-0.00379016930178951,0.107129775035497));
#393=CARTESIAN_POINT('',(-0.0048457677954905,-0.00484611212604958,0.1076832665093));
#394=CARTESIAN_POINT('',(-0.00379096098488026,-0.00567533928309879,0.10712995867509));
#395=CARTESIAN_POINT('',(-0.00480832604261877,-0.00480832618151444,0.107498799957965));
#396=CARTESIAN_POINT('',(-1.08801856413265E-14,1.21846976952611E-14,0.117462225240856));
#397=CARTESIAN_POINT('',(0.00447223816678771,0.00512241015338779,0.109973355784323));
#398=CARTESIAN_POINT('',(0.00458776653151762,0.0050215454536424,0.109934515864968));
#399=CARTESIAN_POINT('',(0.00469988127413984,0.00491677094236599,0.109895675945613));
#400=CARTESIAN_POINT('',(0.00480832594290404,0.00480832628123175,0.109856836026258));
#401=CARTESIAN_POINT('',(0.00447309793911299,0.00512333077066121,0.109973351696126));
#402=CARTESIAN_POINT('',(0.00480917177904822,0.00480922777861445,0.109856844864863));
#403=CARTESIAN_POINT('',(0.00480832594290404,0.00480832628123175,0.109856836026258));
#404=CARTESIAN_POINT('',(0.00517544324671017,0.0044412090032553,0.109725907032178));
#405=CARTESIAN_POINT('',(0.00561768208274806,0.00387160959175109,0.109549389347545));
#406=CARTESIAN_POINT('',(0.00597579323164935,0.00325618711517741,0.109382179648809));
#407=CARTESIAN_POINT('',(0.00614953597416211,0.00290543340889084,0.109293187590796));
#408=CARTESIAN_POINT('',(0.00624492920876462,0.00269721144514157,0.109242120608015));
#409=CARTESIAN_POINT('',(0.00639303608040317,0.00232813749717851,0.109156007953746));
#410=CARTESIAN_POINT('',(0.00653752248650138,0.00189352824936008,0.109060209410527));
#411=CARTESIAN_POINT('',(0.00667845261062674,0.00134070351367492,0.108946411528625));
#412=CARTESIAN_POINT('',(0.00677324564241488,0.000690920201256286,0.108825933454796));
#413=CARTESIAN_POINT('',(0.00680950548587113,0.000117849052900322,0.10872917510688));
#414=CARTESIAN_POINT('',(0.00678508220692315,-0.000616565942821932,0.108619016209981));
#415=CARTESIAN_POINT('',(0.00665449581604668,-0.00152144689200902,0.108500230307974));
#416=CARTESIAN_POINT('',(0.00618889151529108,-0.00306746848332222,0.108336608043163));
#417=CARTESIAN_POINT('',(0.0049288588580901,-0.00492784837326219,0.10824461061211));
#418=CARTESIAN_POINT('',(0.00306816516260393,-0.00618861409844304,0.1083365376358));
#419=CARTESIAN_POINT('',(0.00152193026862127,-0.0066543828162977,0.10850016169955));
#420=CARTESIAN_POINT('',(0.000617001224394802,-0.00678505409466588,0.108618940885334));
#421=CARTESIAN_POINT('',(-0.000117730329894999,-0.00680950062232016,0.108729143296448));
#422=CARTESIAN_POINT('',(-0.00069004806769968,-0.00677331701262455,0.108825781434658));
#423=CARTESIAN_POINT('',(-0.0013397720848191,-0.0066786439631846,0.108946253599048));
#424=CARTESIAN_POINT('',(-0.00189273552647221,-0.00653775709691084,0.109060081581043));
#425=CARTESIAN_POINT('',(-0.00232759817021756,-0.00639323833092409,0.109155930748448));
#426=CARTESIAN_POINT('',(-0.00269698094549963,-0.00624503340428357,0.109242106538753));
#427=CARTESIAN_POINT('',(-0.002905363332556,-0.00614957082949976,0.109293206590605));
#428=CARTESIAN_POINT('',(-0.003256302448622,-0.00597573625424996,0.109382236447193));
#429=CARTESIAN_POINT('',(-0.00387187205933824,-0.00561750930036294,0.109549474087326));
#430=CARTESIAN_POINT('',(-0.00444135002434751,-0.00517530218918329,0.109725956984698));
#431=CARTESIAN_POINT('',(-0.00480832604261878,-0.00480832618151442,0.109856835868908));
#432=CARTESIAN_POINT('',(-0.00480989867553705,-0.00480979835938539,0.109856846578255));
#433=CARTESIAN_POINT('',(-0.00480832604261878,-0.00480832618151442,0.109856835868908));
#434=CARTESIAN_POINT('',(-0.00491660144739033,-0.00470005077987109,0.109895645522529));
#435=CARTESIAN_POINT('',(-0.0050212181548975,-0.00458811675601006,0.10993445517615));
#436=CARTESIAN_POINT('',(-0.00512193761034142,-0.00447277935021928,0.109973264829771));
#437=CARTESIAN_POINT('',(-0.00512370144223429,-0.00447403361821993,0.109973253446318));
#438=CARTESIAN_POINT('',(-0.00512241002480693,-0.0044722383140588,0.109973264829771));
#439=CARTESIAN_POINT('',(-0.00534254633212752,-0.00422009870336482,0.11005841308325));
#440=CARTESIAN_POINT('',(-0.00570608858690028,-0.00372910721836782,0.110212974714226));
#441=CARTESIAN_POINT('',(-0.00600889582920256,-0.00319528080506145,0.110367464644873));
#442=CARTESIAN_POINT('',(-0.00618278104723759,-0.0028354107328851,0.110467522768118));
#443=CARTESIAN_POINT('',(-0.00628504232666793,-0.00259897623144292,0.110531565840992));
#444=CARTESIAN_POINT('',(-0.00634708166546465,-0.0024421078818598,0.110573170754546));
#445=CARTESIAN_POINT('',(-0.00639254524964103,-0.00231843104724119,0.110605246215647));
#446=CARTESIAN_POINT('',(-0.00640492957807324,-0.00228571061967416,0.110613779496947));
#447=CARTESIAN_POINT('',(-0.00647750058527774,-0.00207305526769573,0.110667538729853));
#448=CARTESIAN_POINT('',(-0.00654366806444689,-0.00185490530108449,0.110721367384405));
#449=CARTESIAN_POINT('',(-0.00665113077209134,-0.00145020622224077,0.110818761065027));
#450=CARTESIAN_POINT('',(-0.00674871475798037,-0.00090780370053698,0.110941866112871));
#451=CARTESIAN_POINT('',(-0.00679339077963304,-0.000402301843466393,0.111048877585604));
#452=CARTESIAN_POINT('',(-0.00680152802841833,-1.14108440193234E-5,0.111126633747377));
#453=CARTESIAN_POINT('',(-0.00679829758311062,0.000234113786601601,0.111173690596535));
#454=CARTESIAN_POINT('',(-0.00677681700292367,0.000598735236895047,0.1112400647316));
#455=CARTESIAN_POINT('',(-0.00672662194040056,0.0010364001721409,0.111315156967356));
#456=CARTESIAN_POINT('',(-0.00658286623992072,0.00180411642051774,0.111436468734191));
#457=CARTESIAN_POINT('',(-0.00622724479852101,0.00282757731136086,0.111568203240338));
#458=CARTESIAN_POINT('',(-0.00560972347934352,0.00390784303631011,0.111663438116318));
#459=CARTESIAN_POINT('',(-0.00483060643527442,0.00483499963505114,0.111695417877685));
#460=CARTESIAN_POINT('',(-0.00391731950151489,0.00560260303822178,0.111663733079074));
#461=CARTESIAN_POINT('',(-0.00300834140936547,0.00612436908583051,0.111584373936507));
#462=CARTESIAN_POINT('',(-0.0022132036319087,0.00644065215836657,0.111489197132436));
#463=CARTESIAN_POINT('',(-0.001584313250913,0.00662365665929854,0.111401695499464));
#464=CARTESIAN_POINT('',(-0.00104246420045454,0.00672644321161168,0.111316288977994));
#465=CARTESIAN_POINT('',(-0.000646338976501057,0.00677062977369623,0.111248085488297));
#466=CARTESIAN_POINT('',(-0.000430031302423145,0.00678730900707043,0.111209420982822));
#467=CARTESIAN_POINT('',(-0.000232374087588794,0.0067965266359216,0.111172966222499));
#468=CARTESIAN_POINT('',(-0.000165474821779772,0.00679807408916026,0.111160225837346));
#469=CARTESIAN_POINT('',(-2.35387891109421E-5,0.00680069337804891,0.111132837717286));
#470=CARTESIAN_POINT('',(0.000217662551388471,0.00679902556936792,0.111084538240551));
#471=CARTESIAN_POINT('',(0.00061538202751348,0.00677852848246635,0.111000759465018));
#472=CARTESIAN_POINT('',(0.00115146525868533,0.00670995836034843,0.110880882150386));
#473=CARTESIAN_POINT('',(0.00194531980079957,0.00653962074820078,0.110693726550903));
#474=CARTESIAN_POINT('',(0.00306293744454765,0.006137159769795,0.110409263466754));
#475=CARTESIAN_POINT('',(0.00401483789718571,0.00552175399387857,0.110127656135086));
#476=CARTESIAN_POINT('',(0.00447223816678771,0.00512241015338779,0.109973355784323));
#477=CARTESIAN_POINT('',(0.000184181708600961,-0.000184181703278441,0.115975035056291));
#478=CARTESIAN_POINT('',(0.00704025838417598,0.00681903453029375,0.11538497653402));
#479=CARTESIAN_POINT('',(0.00611363323033653,0.0077456596573618,0.115638113746703));
#480=CARTESIAN_POINT('',(0.00388892640854952,0.00918877809698132,0.116134048583597));
#481=CARTESIAN_POINT('',(2.83197999331813E-5,0.00985371374882868,0.116739684639294));
#482=CARTESIAN_POINT('',(-0.00374299638129783,0.00899961702622174,0.117128239488135));
#483=CARTESIAN_POINT('',(-0.00686097630699811,0.00686096036758466,0.117258621572066));
#484=CARTESIAN_POINT('',(-0.00899966141839871,0.00374291110503589,0.117128237466072));
#485=CARTESIAN_POINT('',(-0.00985371251395096,-2.84118994247606E-5,0.116739676999978));
#486=CARTESIAN_POINT('',(-0.00918874794141247,-0.00388898641337899,0.116134040394095));
#487=CARTESIAN_POINT('',(-0.0077456443632136,-0.00611364913672726,0.115638111697573));
#488=CARTESIAN_POINT('',(-0.006819032283924,-0.00704026062415106,0.115384976020796));
#489=CARTESIAN_POINT('',(0.00704028809722163,0.00681906410305566,0.115384976401723));
#490=CARTESIAN_POINT('',(-0.00681913518901789,-0.00704036500444444,0.115384975774589));
#491=CARTESIAN_POINT('',(-0.006819032283924,-0.00704026062415106,0.115384976020796));
#492=CARTESIAN_POINT('',(-0.0067986112545477,-0.00706068164048354,0.115379396591628));
#493=CARTESIAN_POINT('',(-0.00677809661197969,-0.0070810090435619,0.115373817162467));
#494=CARTESIAN_POINT('',(-0.00675748918999411,-0.00710124200720016,0.115368237940281));
#495=CARTESIAN_POINT('',(-0.00675890738671719,-0.0071027759870019,0.115368187406235));
#496=CARTESIAN_POINT('',(-0.00675748918999411,-0.00710124200720016,0.115368237940281));
#497=CARTESIAN_POINT('',(-0.00660119824636256,-0.00725469287371899,0.1153258748329));
#498=CARTESIAN_POINT('',(-0.0064395682286797,-0.00740270902490668,0.115283523650247));
#499=CARTESIAN_POINT('',(-0.00627297673591369,-0.00754494457758456,0.115241274597524));
#500=CARTESIAN_POINT('',(-0.0062743309273115,-0.00754651266601575,0.115241214177349));
#501=CARTESIAN_POINT('',(-0.00627292379908754,-0.00754498977462587,0.11524126117233));
#502=CARTESIAN_POINT('',(-0.00543220961280009,-0.00826277597385734,0.115027850029933));
#503=CARTESIAN_POINT('',(-0.00413536742047541,-0.00899192202275055,0.114749921902661));
#504=CARTESIAN_POINT('',(-0.00263027239942545,-0.0094973675317873,0.114472113202939));
#505=CARTESIAN_POINT('',(-0.00164916223459149,-0.00970594908010754,0.114306749942904));
#506=CARTESIAN_POINT('',(-0.000841038068822332,-0.00979927488985982,0.114180641327389));
#507=CARTESIAN_POINT('',(-0.000321969501108634,-0.00982042869447044,0.114104625551561));
#508=CARTESIAN_POINT('',(-9.62787145277195E-7,-0.00982151296504854,0.114059188334226));
#509=CARTESIAN_POINT('',(0.000190437293135093,-0.00981792655952064,0.114032667006087));
#510=CARTESIAN_POINT('',(0.000315778641212868,-0.00981328834360963,0.114015642123703));
#511=CARTESIAN_POINT('',(0.000371698166726459,-0.0098108714357713,0.114008107495767));
#512=CARTESIAN_POINT('',(0.000414806460553479,-0.00980869949456035,0.11400236978212));
#513=CARTESIAN_POINT('',(0.000395953476536949,-0.00980984725651975,0.114004840514884));
#514=CARTESIAN_POINT('',(0.00055838919461632,-0.00980088528686222,0.113983395454004));
#515=CARTESIAN_POINT('',(0.000711006371514711,-0.00978983142443994,0.113963609652642));
#516=CARTESIAN_POINT('',(0.00100601922630747,-0.00976369088350278,0.113926023646314));
#517=CARTESIAN_POINT('',(0.00140708017231737,-0.00971192951800905,0.113877167237992));
#518=CARTESIAN_POINT('',(0.001885907105554,-0.00962630566541928,0.113822125306141));
#519=CARTESIAN_POINT('',(0.00250855712711964,-0.00948276915902005,0.113754991449309));
#520=CARTESIAN_POINT('',(0.00326009476621292,-0.00925062467769914,0.113682084973917));
#521=CARTESIAN_POINT('',(0.0043937035830794,-0.00877990740880649,0.113588772893228));
#522=CARTESIAN_POINT('',(0.00567550528762217,-0.00802185567686572,0.113514581957456));
#523=CARTESIAN_POINT('',(0.00694090376013426,-0.00694610811653814,0.113487375778824));
#524=CARTESIAN_POINT('',(0.0080325125252925,-0.00566247011352965,0.113514859713447));
#525=CARTESIAN_POINT('',(0.00878750198631564,-0.00437832902169281,0.113589702751396));
#526=CARTESIAN_POINT('',(0.00925593890329867,-0.00324511792728836,0.113683230642237));
#527=CARTESIAN_POINT('',(0.00948609373749369,-0.00249595424889419,0.113756075031203));
#528=CARTESIAN_POINT('',(0.00962821740548936,-0.00187611475607559,0.113823025469701));
#529=CARTESIAN_POINT('',(0.00971289122850985,-0.00140052809925818,0.113877766918551));
#530=CARTESIAN_POINT('',(0.00976413802854541,-0.00100088804231909,0.113926522239005));
#531=CARTESIAN_POINT('',(0.00978988767861864,-0.000710551080316982,0.113963533851527));
#532=CARTESIAN_POINT('',(0.00980102538465939,-0.000555303509716542,0.113983689651246));
#533=CARTESIAN_POINT('',(0.00980933481071577,-0.000406055585867105,0.114003398560884));
#534=CARTESIAN_POINT('',(0.00981038515067555,-0.000380305546121982,0.11400685428768));
#535=CARTESIAN_POINT('',(0.00981399226440656,-0.000299593403855539,0.114017645833563));
#536=CARTESIAN_POINT('',(0.00981833736905102,-0.000171871066851347,0.11403492793595));
#537=CARTESIAN_POINT('',(0.0098221376551141,4.08410853646181E-5,0.114064212476805));
#538=CARTESIAN_POINT('',(0.00981919765275002,0.000322719278064545,0.114104137048119));
#539=CARTESIAN_POINT('',(0.00980203350168082,0.000741272926840704,0.114165161669948));
#540=CARTESIAN_POINT('',(0.00974815003079194,0.0013400037215543,0.11425638078958));
#541=CARTESIAN_POINT('',(0.00955614599981953,0.00245062413417669,0.114437725977948));
#542=CARTESIAN_POINT('',(0.00904077479024447,0.00409755126141539,0.114736926709682));
#543=CARTESIAN_POINT('',(0.00815030019141798,0.00556393781407172,0.115060800947523));
#544=CARTESIAN_POINT('',(0.00754499012854173,0.0062729233892435,0.115241260963049));
#545=CARTESIAN_POINT('',(0.00754668959899324,0.00627449221612225,0.115241213657803));
#546=CARTESIAN_POINT('',(0.00754493976551188,0.00627298237666624,0.115241275922704));
#547=CARTESIAN_POINT('',(0.00740270487220243,0.00643957283187017,0.115283524678524));
#548=CARTESIAN_POINT('',(0.00725468944895599,0.00660120186324058,0.115325875562154));
#549=CARTESIAN_POINT('',(0.00710123937335686,0.00675749187836089,0.115368238369904));
#550=CARTESIAN_POINT('',(0.00710295143674383,0.00675907615674151,0.115368188032768));
#551=CARTESIAN_POINT('',(0.00710123937335686,0.00675749187836089,0.115368238369904));
#552=CARTESIAN_POINT('',(0.00708100659526482,0.00677809909532426,0.115373817605999));
#553=CARTESIAN_POINT('',(0.00706067937949994,0.00679861353453559,0.115379397049056));
#554=CARTESIAN_POINT('',(0.00704025855222578,0.00681903436224395,0.115384976492115));
#555=CARTESIAN_POINT('',(0.000580541287147341,-0.000580541270373457,0.119153998826936));
#556=CARTESIAN_POINT('',(-0.00645600623651301,0.00645600604999196,0.119153998826936));
#557=CARTESIAN_POINT('',(-0.0060778294307256,-0.00694774918039345,0.114089563131935));
#558=CARTESIAN_POINT('',(-0.00584199741240038,-0.00666693242805994,0.113870683034434));
#559=CARTESIAN_POINT('',(-0.0056311244451186,-0.00640150505779116,0.113605240239574));
#560=CARTESIAN_POINT('',(-0.00527267618112332,-0.00591823803168692,0.112997915437125));
#561=CARTESIAN_POINT('',(-0.0051252362034056,-0.00570051515968889,0.112655943243857));
#562=CARTESIAN_POINT('',(-0.00490383127626781,-0.00532750832085502,0.111918300895287));
#563=CARTESIAN_POINT('',(-0.00482988205497359,-0.00517225085161618,0.111522683140498));
#564=CARTESIAN_POINT('',(-0.00476036613622427,-0.00493440197038073,0.110703633273904));
#565=CARTESIAN_POINT('',(-0.00476481516689503,-0.00485183705598108,0.110280253562613));
#566=CARTESIAN_POINT('',(-0.00480832604260967,-0.00480832618152352,0.109856835868908));
#567=CARTESIAN_POINT('',(-0.00564383495441262,-0.00732594421981569,0.113981962892523));
#568=CARTESIAN_POINT('',(-0.00542555145076412,-0.00703054898956268,0.113763015334637));
#569=CARTESIAN_POINT('',(-0.00523121068409987,-0.00675215997226147,0.113497516094803));
#570=CARTESIAN_POINT('',(-0.00490274267659857,-0.00624702027245716,0.112890098421857));
#571=CARTESIAN_POINT('',(-0.00476874327039606,-0.00602039494141587,0.11254808981096));
#572=CARTESIAN_POINT('',(-0.00457021486994669,-0.00563424459302725,0.111810389858891));
#573=CARTESIAN_POINT('',(-0.0045056999685249,-0.00547474698977732,0.111414750888338));
#574=CARTESIAN_POINT('',(-0.00445042482227387,-0.00523335766381597,0.110595666812979));
#575=CARTESIAN_POINT('',(-0.00445967867026969,-0.00515149335520199,0.110172274078792));
#576=CARTESIAN_POINT('',(-0.00450552203552557,-0.00511113017985926,0.109748843388178));
#577=CARTESIAN_POINT('',(-0.00517417130760711,-0.00766159757734902,0.113875153219576));
#578=CARTESIAN_POINT('',(-0.00497486411455983,-0.0073534554215208,0.113656066600414));
#579=CARTESIAN_POINT('',(-0.00479828543739325,-0.0070638751447609,0.113390468270237));
#580=CARTESIAN_POINT('',(-0.00450177669351098,-0.00654015843579597,0.112782923347444));
#581=CARTESIAN_POINT('',(-0.00438196598712881,-0.00630615523263184,0.11244088661758));
#582=CARTESIAN_POINT('',(-0.00420727272037081,-0.00590955304414692,0.111703183461272));
#583=CARTESIAN_POINT('',(-0.00415240253460847,-0.00574698216583869,0.111307569312454));
#584=CARTESIAN_POINT('',(-0.00411123484105136,-0.00550394560629167,0.110488563264765));
#585=CARTESIAN_POINT('',(-0.00412494970787008,-0.00542350803206543,0.110065223643521));
#586=CARTESIAN_POINT('',(-0.00417251609475672,-0.0053867729673498,0.109641846145113));
#587=CARTESIAN_POINT('',(-0.00418072870633068,-0.00823703209841226,0.113666896150543));
#588=CARTESIAN_POINT('',(-0.00402138798885599,-0.00790749224927964,0.113447412110084));
#589=CARTESIAN_POINT('',(-0.00388196871117763,-0.00759938889975595,0.113181549577747));
#590=CARTESIAN_POINT('',(-0.0036517878716309,-0.00704549446612809,0.112573711463221));
#591=CARTESIAN_POINT('',(-0.0035611270632141,-0.00679985051858581,0.112231645887009));
#592=CARTESIAN_POINT('',(-0.00343473414676271,-0.00638760044785977,0.111494060250953));
#593=CARTESIAN_POINT('',(-0.00339901094113354,-0.0062210233777881,0.111098592169395));
#594=CARTESIAN_POINT('',(-0.00338486944631117,-0.00597784572354279,0.110279971853947));
#595=CARTESIAN_POINT('',(-0.00340646005952333,-0.00590127419248124,0.109856871598343));
#596=CARTESIAN_POINT('',(-0.00345601011501318,-0.00587220882687098,0.109433733719204));
#597=CARTESIAN_POINT('',(-0.00365696829917289,-0.00847681214568968,0.113565451986277));
#598=CARTESIAN_POINT('',(-0.00351861549753007,-0.00813862058766218,0.113345709866638));
#599=CARTESIAN_POINT('',(-0.00339859158708861,-0.0078231840312642,0.113079682440635));
#600=CARTESIAN_POINT('',(-0.00320277634350991,-0.0072576853891668,0.112471678704299));
#601=CARTESIAN_POINT('',(-0.00312707563307707,-0.0070077764693508,0.112129612502595));
#602=CARTESIAN_POINT('',(-0.00302514671283721,-0.00659032568245799,0.111392147705622));
#603=CARTESIAN_POINT('',(-0.00299892565168741,-0.00642281312237761,0.110996800882472));
#604=CARTESIAN_POINT('',(-0.00299770366902214,-0.00618113622305047,0.110178488248895));
#605=CARTESIAN_POINT('',(-0.00302270989616382,-0.00610700119080013,0.109755574210589));
#606=CARTESIAN_POINT('',(-0.00307252194393826,-0.00608197459554097,0.109332622722944));
#607=CARTESIAN_POINT('',(-0.00257400094859106,-0.00885310487186414,0.113371465513376));
#608=CARTESIAN_POINT('',(-0.0024787429008658,-0.00850189999101148,0.113151129438438));
#609=CARTESIAN_POINT('',(-0.00239831108475136,-0.00817574068272597,0.112884735231621));
#610=CARTESIAN_POINT('',(-0.00227215659674101,-0.0075939597623472,0.112276397323077));
#611=CARTESIAN_POINT('',(-0.00222650308766825,-0.00733850117305585,0.111934363985632));
#612=CARTESIAN_POINT('',(-0.0021730824380039,-0.00691543062666375,0.111197261510509));
#613=CARTESIAN_POINT('',(-0.00216531900692668,-0.00674784810122381,0.110802243649421));
#614=CARTESIAN_POINT('',(-0.00218821159108085,-0.00651146937124769,0.109984747121094));
#615=CARTESIAN_POINT('',(-0.0022188713158266,-0.00644270259837229,0.109562319730444));
#616=CARTESIAN_POINT('',(-0.00226775420127096,-0.0064255791541688,0.109139855307737));
#617=CARTESIAN_POINT('',(-0.0020148125524802,-0.0089896164345086,0.113278926436562));
#618=CARTESIAN_POINT('',(-0.00194165909370108,-0.00863404899855996,0.113058254766345));
#619=CARTESIAN_POINT('',(-0.00188142206192305,-0.00830449875169212,0.112791658890532));
#620=CARTESIAN_POINT('',(-0.00179055968876462,-0.00771803626853429,0.112183152751665));
#621=CARTESIAN_POINT('',(-0.0017599921829069,-0.00746129088202285,0.111841153005859));
#622=CARTESIAN_POINT('',(-0.00173061458720291,-0.0070377966182763,0.111104292128096));
#623=CARTESIAN_POINT('',(-0.00173180652172445,-0.00687107704418197,0.110709481983544));
#624=CARTESIAN_POINT('',(-0.00176589492665735,-0.00663849034466948,0.109892493855896));
#625=CARTESIAN_POINT('',(-0.00179879342143658,-0.00657265252239211,0.109470366860205));
#626=CARTESIAN_POINT('',(-0.00184648649757846,-0.00655939064076594,0.109048203075374));
#627=CARTESIAN_POINT('',(-0.000880510219449571,-0.0091554063929688,0.11310594473396));
#628=CARTESIAN_POINT('',(-0.000851808706525681,-0.00879538888017578,0.112884574189822));
#629=CARTESIAN_POINT('',(-0.000831981607380739,-0.00846289477262663,0.112617569788453));
#630=CARTESIAN_POINT('',(-0.000811319469729621,-0.00787362180293794,0.112008755478217));
#631=CARTESIAN_POINT('',(-0.000810518953274164,-0.00761701502203019,0.111666856423491));
#632=CARTESIAN_POINT('',(-0.000828034318098803,-0.00719678385584177,0.110930574016964));
#633=CARTESIAN_POINT('',(-0.000846348992111057,-0.00703318821697252,0.11053624103255));
#634=CARTESIAN_POINT('',(-0.000900930630741426,-0.00680957414880795,0.109720408099342));
#635=CARTESIAN_POINT('',(-0.000937196388091699,-0.00674958446592408,0.109298958517937));
#636=CARTESIAN_POINT('',(-0.000981275543093796,-0.00674333311005332,0.108877472666579));
#637=CARTESIAN_POINT('',(-0.000305414829842921,-0.00918468367253197,0.113025505339992));
#638=CARTESIAN_POINT('',(-0.000299058424688692,-0.00882457769682493,0.112803771798055));
#639=CARTESIAN_POINT('',(-0.000299444531086656,-0.00849252927360761,0.112536560758276));
#640=CARTESIAN_POINT('',(-0.000313687469342517,-0.00790512388719991,0.111927606827067));
#641=CARTESIAN_POINT('',(-0.000327566838913218,-0.0076499404090975,0.111585774973673));
#642=CARTESIAN_POINT('',(-0.000367930889902557,-0.00723339138379972,0.110849829555612));
#643=CARTESIAN_POINT('',(-0.000394412817812273,-0.00707205415550638,0.110455766027684));
#644=CARTESIAN_POINT('',(-0.000458292635477642,-0.00685361530425691,0.109640579865538));
#645=CARTESIAN_POINT('',(-0.000495687771724485,-0.00679654200020277,0.109219507268059));
#646=CARTESIAN_POINT('',(-0.000537344160201458,-0.00679343678938291,0.10879839867673));
#647=CARTESIAN_POINT('',(0.000840884690059218,-0.00913550212988501,0.112879475660521));
#648=CARTESIAN_POINT('',(0.000803098013992643,-0.00877929843631697,0.112657038739675));
#649=CARTESIAN_POINT('',(0.00076293498108293,-0.00845172569885869,0.112389437274854));
#650=CARTESIAN_POINT('',(0.000680321844950482,-0.00787401606279528,0.111780249461006));
#651=CARTESIAN_POINT('',(0.000637873267423983,-0.0076240529656392,0.111438574522838));
#652=CARTESIAN_POINT('',(0.000553465425706834,-0.00721825081903074,0.110703347471239));
#653=CARTESIAN_POINT('',(0.000511511839817513,-0.00706243902297699,0.110309844739011));
#654=CARTESIAN_POINT('',(0.000430769205326975,-0.00685494122982577,0.1094959954316));
#655=CARTESIAN_POINT('',(0.000391985835027031,-0.00680328248612688,0.109075698237619));
#656=CARTESIAN_POINT('',(0.000356021180531519,-0.00680535295781717,0.108655365595597));
#657=CARTESIAN_POINT('',(0.00141207938068788,-0.00905703987288611,0.112813886585116));
#658=CARTESIAN_POINT('',(0.00135249363987983,-0.00870482364549957,0.112591109440697));
#659=CARTESIAN_POINT('',(0.00129276499027164,-0.00838127790644777,0.112323324174491));
#660=CARTESIAN_POINT('',(0.00117668164275658,-0.00781139137980566,0.111714041775639));
#661=CARTESIAN_POINT('',(0.00112034054834798,-0.0075652233084286,0.111372456242532));
#662=CARTESIAN_POINT('',(0.00101473028464039,-0.00716648300101561,0.110637609737655));
#663=CARTESIAN_POINT('',(0.000965468173355299,-0.00701393738085249,0.110244397822502));
#664=CARTESIAN_POINT('',(0.000877152117321145,-0.00681220502356245,0.109431237441947));
#665=CARTESIAN_POINT('',(0.000838105230585917,-0.00676304490230839,0.109011338033162));
#666=CARTESIAN_POINT('',(0.000805404795422071,-0.00676714594387287,0.108591403445806));
#667=CARTESIAN_POINT('',(0.00253094869232018,-0.00879537346632695,0.11269979014037));
#668=CARTESIAN_POINT('',(0.00242897902884131,-0.00845487893159469,0.112476398326279));
#669=CARTESIAN_POINT('',(0.0023313038329904,-0.00814262148291012,0.11220828797874));
#670=CARTESIAN_POINT('',(0.00215049956187713,-0.00759364259216741,0.111598860330046));
#671=CARTESIAN_POINT('',(0.00206740779998827,-0.00735708928389003,0.111257454981064));
#672=CARTESIAN_POINT('',(0.0019212310653619,-0.00697519106841021,0.110523341665134));
#673=CARTESIAN_POINT('',(0.00185815574991627,-0.00682987136804791,0.110130682158269));
#674=CARTESIAN_POINT('',(0.00175601308818036,-0.00663968982649427,0.109318824796591));
#675=CARTESIAN_POINT('',(0.00171695539918193,-0.00659485319214309,0.108899675401862));
#676=CARTESIAN_POINT('',(0.00169114012693949,-0.00660168102106476,0.108480491322653));
#677=CARTESIAN_POINT('',(0.00307859933364346,-0.00861217739285347,0.112651284585195));
#678=CARTESIAN_POINT('',(0.00295604410496031,-0.00827941593292098,0.112427618383726));
#679=CARTESIAN_POINT('',(0.00283998703703791,-0.00797441872728008,0.112159366714632));
#680=CARTESIAN_POINT('',(0.00262792984996302,-0.00743852257409919,0.111549888148877));
#681=CARTESIAN_POINT('',(0.00253197867600957,-0.00720778826384247,0.111208573368188));
#682=CARTESIAN_POINT('',(0.00236643519297925,-0.00683566920331441,0.110474812151087));
#683=CARTESIAN_POINT('',(0.00229685376110695,-0.00669430888849185,0.110082413902972));
#684=CARTESIAN_POINT('',(0.00218845498002251,-0.00650991241961377,0.109271169904506));
#685=CARTESIAN_POINT('',(0.00214964850801497,-0.00646690070100703,0.108852372342451));
#686=CARTESIAN_POINT('',(0.00212745269307485,-0.00647442499593703,0.108433540320417));
#687=CARTESIAN_POINT('',(0.00413141776192238,-0.00814762127470373,0.112573000971351));
#688=CARTESIAN_POINT('',(0.00396944161543738,-0.00783369236647497,0.112348883274398));
#689=CARTESIAN_POINT('',(0.00381821474101663,-0.00754608851452382,0.112080402616662));
#690=CARTESIAN_POINT('',(0.0035464228631013,-0.00704096466969098,0.111470853289605));
#691=CARTESIAN_POINT('',(0.00342592914831597,-0.00682360008757008,0.111129697011815));
#692=CARTESIAN_POINT('',(0.00322350598112525,-0.00647326500798537,0.110396538346716));
#693=CARTESIAN_POINT('',(0.00314158971368683,-0.00634031731818618,0.11000458369542));
#694=CARTESIAN_POINT('',(0.00302149065759144,-0.00616722011791579,0.109194378583298));
#695=CARTESIAN_POINT('',(0.00298332105390142,-0.00612709341510923,0.108776175858485));
#696=CARTESIAN_POINT('',(0.00296822399870483,-0.00613464215423767,0.1083579390467));
#697=CARTESIAN_POINT('',(0.00463656203249341,-0.00786627135028284,0.11254322423435));
#698=CARTESIAN_POINT('',(0.00445574901022066,-0.00756344086749169,0.112318929457535));
#699=CARTESIAN_POINT('',(0.00428773241709168,-0.00728596927338124,0.11205036105418));
#700=CARTESIAN_POINT('',(0.00398745493559999,-0.00679853376860085,0.111440791547343));
#701=CARTESIAN_POINT('',(0.00385527604772063,-0.00658871953956694,0.111099702946975));
#702=CARTESIAN_POINT('',(0.00363533583010744,-0.00625038904255956,0.110366794092708));
#703=CARTESIAN_POINT('',(0.00354758877376171,-0.00612189472586341,0.109975021394485));
#704=CARTESIAN_POINT('',(0.00342204157401849,-0.00595431248571546,0.109165240968637));
#705=CARTESIAN_POINT('',(0.00338425570400913,-0.005915246513541,0.108747280796689));
#706=CARTESIAN_POINT('',(0.00337263616262556,-0.00592212407972595,0.108329286686161));
#707=CARTESIAN_POINT('',(0.00558680961575181,-0.00721526005054779,0.112503412135021));
#708=CARTESIAN_POINT('',(0.00537051588727583,-0.00693759268128372,0.112278879408457));
#709=CARTESIAN_POINT('',(0.00517084145383812,-0.00668290898703433,0.112010193855694));
#710=CARTESIAN_POINT('',(0.00481678270979619,-0.00623488215586207,0.111400600010203));
#711=CARTESIAN_POINT('',(0.00466250049289152,-0.00604167526413749,0.111059604371828));
#712=CARTESIAN_POINT('',(0.00440932804886229,-0.005729269350252,0.11032703614248));
#713=CARTESIAN_POINT('',(0.00431045417494947,-0.00561009050263894,0.109935510863787));
#714=CARTESIAN_POINT('',(0.00417431823423819,-0.00545324246116505,0.10912630742001));
#715=CARTESIAN_POINT('',(0.0041370725206516,-0.00541559344185211,0.108708676567208));
#716=CARTESIAN_POINT('',(0.00413180807575536,-0.00541989093603845,0.10829101197598));
#717=CARTESIAN_POINT('',(0.00603188941207805,-0.00684560879547635,0.112493378094359));
#718=CARTESIAN_POINT('',(0.00579895033000161,-0.00658200506283516,0.112268784526151));
#719=CARTESIAN_POINT('',(0.00558440599068782,-0.00633997615780127,0.112000069491067));
#720=CARTESIAN_POINT('',(0.00520504775898623,-0.00591366842945271,0.111390471151163));
#721=CARTESIAN_POINT('',(0.00504034534182962,-0.00572951814492373,0.111049500540175));
#722=CARTESIAN_POINT('',(0.00477145360715242,-0.00543103198817227,0.110317022482574));
#723=CARTESIAN_POINT('',(0.00466728163481761,-0.00531671537016107,0.109925562285343));
#724=CARTESIAN_POINT('',(0.00452600110881124,-0.00516508733143442,0.109116510300507));
#725=CARTESIAN_POINT('',(0.00448890990032552,-0.00512779516493025,0.108698965762284));
#726=CARTESIAN_POINT('',(0.00448652124947963,-0.00513018460893114,0.108281387537285));
#727=CARTESIAN_POINT('',(0.00684655918941129,-0.00603081425775331,0.112493394688613));
#728=CARTESIAN_POINT('',(0.00658291943275513,-0.00579791548386999,0.112268801220304));
#729=CARTESIAN_POINT('',(0.00634085815916113,-0.00558340719248948,0.11200008623391));
#730=CARTESIAN_POINT('',(0.00591449497264784,-0.00520411037332219,0.111390487902417));
#731=CARTESIAN_POINT('',(0.00573032161836529,-0.00503943329814319,0.111049517251086));
#732=CARTESIAN_POINT('',(0.00543180013111627,-0.00477057990365543,0.110317039047265));
#733=CARTESIAN_POINT('',(0.00531747125467597,-0.00466642092709507,0.109925578744259));
#734=CARTESIAN_POINT('',(0.00516583028849815,-0.00452515323488667,0.109116526513081));
#735=CARTESIAN_POINT('',(0.00512853745528674,-0.00448806186198711,0.108698981834395));
#736=CARTESIAN_POINT('',(0.00513093205147563,-0.00448566647165752,0.108281403468847));
#737=CARTESIAN_POINT('',(0.0072161304913928,-0.00558569014064403,0.112503445403016));
#738=CARTESIAN_POINT('',(0.0069384324116491,-0.00536943590088221,0.112278912931922));
#739=CARTESIAN_POINT('',(0.00668372112313448,-0.00516979648497154,0.112010227526182));
#740=CARTESIAN_POINT('',(0.00623564690598416,-0.00481579687378053,0.111400633784347));
#741=CARTESIAN_POINT('',(0.00604242023921003,-0.00466153874955325,0.111059638102485));
#742=CARTESIAN_POINT('',(0.00572998383442608,-0.00440840209420315,0.110327069644956));
#743=CARTESIAN_POINT('',(0.00561079427287997,-0.00430953991423886,0.109935544181804));
#744=CARTESIAN_POINT('',(0.00545393454317161,-0.00417341426146728,0.109126340293849));
#745=CARTESIAN_POINT('',(0.00541628455147314,-0.00413616713981851,0.10870870918156));
#746=CARTESIAN_POINT('',(0.00542058600342765,-0.00413089476330983,0.108291044330649));
#747=CARTESIAN_POINT('',(0.00786691659434557,-0.00463546950509108,0.112543284980781));
#748=CARTESIAN_POINT('',(0.00756406147643984,-0.00445469842646537,0.112318991054518));
#749=CARTESIAN_POINT('',(0.00728656680240652,-0.00428671875720804,0.112050423268816));
#750=CARTESIAN_POINT('',(0.00679908977533561,-0.00398650286608948,0.111440854575065));
#751=CARTESIAN_POINT('',(0.00658925711532399,-0.00385434861951353,0.111099766169948));
#752=CARTESIAN_POINT('',(0.00625089573197357,-0.00363444383081276,0.11036685738656));
#753=CARTESIAN_POINT('',(0.00612238896251316,-0.00354670756002246,0.109975084564576));
#754=CARTESIAN_POINT('',(0.00595478869733057,-0.00342116744730217,0.109165303718861));
#755=CARTESIAN_POINT('',(0.00591571715548678,-0.0033833778767067,0.108747343251418));
#756=CARTESIAN_POINT('',(0.00592259281734692,-0.00337174753923794,0.108329348844854));
#757=CARTESIAN_POINT('',(0.00814812581725161,-0.00413039275314905,0.112573072326621));
#758=CARTESIAN_POINT('',(0.0078341735137093,-0.00396846116266197,0.11234895588534));
#759=CARTESIAN_POINT('',(0.00754654684883049,-0.00381727353058517,0.11208047618703));
#760=CARTESIAN_POINT('',(0.00704138035109869,-0.00354554691022424,0.111470928234114));
#761=CARTESIAN_POINT('',(0.00682399593820376,-0.00342507918333118,0.111129772370854));
#762=CARTESIAN_POINT('',(0.00647362579960703,-0.00322269295378805,0.110396614118871));
#763=CARTESIAN_POINT('',(0.00634066288510454,-0.00314078763376021,0.110004659467001));
#764=CARTESIAN_POINT('',(0.00616754102273281,-0.00302069478572942,0.109194454128367));
#765=CARTESIAN_POINT('',(0.00612740488606284,-0.00298252044034864,0.108776251178456));
#766=CARTESIAN_POINT('',(0.00613494742760457,-0.00296741103655973,0.108358014140819));
#767=CARTESIAN_POINT('',(0.00861242732694817,-0.00307775728310814,0.11265136655628));
#768=CARTESIAN_POINT('',(0.0082796447274115,-0.00295524837764949,0.112427702112864));
#769=CARTESIAN_POINT('',(0.0079746255123887,-0.00283923225918611,0.112159451841018));
#770=CARTESIAN_POINT('',(0.00743868586007396,-0.0026272431156198,0.111549975396633));
#771=CARTESIAN_POINT('',(0.00720793006600251,-0.0025313190068034,0.111208661339898));
#772=CARTESIAN_POINT('',(0.00683577061817808,-0.00236581370715949,0.110474901052184));
#773=CARTESIAN_POINT('',(0.00669439140475775,-0.0022962433907833,0.110082503010603));
#774=CARTESIAN_POINT('',(0.0065099612853658,-0.00218785022082524,0.109271259142921));
#775=CARTESIAN_POINT('',(0.00646693481972682,-0.00214903824169471,0.108852461506218));
#776=CARTESIAN_POINT('',(0.00647444692515697,-0.00212682896569038,0.108433629408533));
#777=CARTESIAN_POINT('',(0.00879551403567358,-0.0025302183315109,0.112699871922578));
#778=CARTESIAN_POINT('',(0.00845499985521686,-0.00242829348406612,0.11247648192941));
#779=CARTESIAN_POINT('',(0.00814272146064821,-0.00233065800803265,0.112208373044644));
#780=CARTESIAN_POINT('',(0.0075937004330342,-0.00214991982916473,0.111598947650366));
#781=CARTESIAN_POINT('',(0.00735712593853211,-0.00206685441172536,0.111257543092878));
#782=CARTESIAN_POINT('',(0.00697518724251145,-0.00192071491446902,0.110523430841584));
#783=CARTESIAN_POINT('',(0.00682984825298189,-0.00185765048916655,0.110130771608978));
#784=CARTESIAN_POINT('',(0.00663963164851339,-0.0017555134966668,0.109318914513229));
#785=CARTESIAN_POINT('',(0.00659477924556351,-0.00171645058398398,0.108899765111288));
#786=CARTESIAN_POINT('',(0.00660159356074208,-0.00169062241054524,0.108480581023844));
#787=CARTESIAN_POINT('',(0.00905705747252022,-0.0014115255092994,0.112813960217499));
#788=CARTESIAN_POINT('',(0.0087048286184146,-0.00135197417897578,0.112591184456132));
#789=CARTESIAN_POINT('',(0.00838126897878694,-0.00129227614379915,0.112323400300769));
#790=CARTESIAN_POINT('',(0.00781135382434112,-0.00117624401741134,0.111714119614731));
#791=CARTESIAN_POINT('',(0.00756517102805004,-0.00111992350870438,0.111372534683474));
#792=CARTESIAN_POINT('',(0.00716640200229785,-0.0010143427891923,0.110637688989759));
#793=CARTESIAN_POINT('',(0.00701384239252639,-0.000965089634305472,0.110244477284757));
#794=CARTESIAN_POINT('',(0.00681208397618383,-0.000876779341227957,0.109431317110663));
#795=CARTESIAN_POINT('',(0.00676291178930244,-0.000837729258955533,0.109011417699027));
#796=CARTESIAN_POINT('',(0.00676700208959491,-0.000805019828954784,0.108591483108056));
#797=CARTESIAN_POINT('',(0.00913550862257645,-0.000840391405186824,0.112879541628601));
#798=CARTESIAN_POINT('',(0.0087792982051797,-0.000802630395094484,0.112657105586152));
#799=CARTESIAN_POINT('',(0.00845171787979132,-0.00076249032434178,0.112389504821119));
#800=CARTESIAN_POINT('',(0.00787399228243579,-0.000679916044397155,0.111780318075626));
#801=CARTESIAN_POINT('',(0.00762402081264896,-0.000637483346028811,0.111438643505931));
#802=CARTESIAN_POINT('',(0.00721820201114659,-0.000553099033519439,0.110703416936931));
#803=CARTESIAN_POINT('',(0.00706238193500897,-0.000511153096159095,0.110309914319358));
#804=CARTESIAN_POINT('',(0.00685486836662341,-0.000430417089120478,0.109496065103048));
#805=CARTESIAN_POINT('',(0.00680320212995339,-0.000391632696222915,0.109075767886043));
#806=CARTESIAN_POINT('',(0.00680526573115287,-0.000355662815555408,0.10865543522052));
#807=CARTESIAN_POINT('',(0.00918468263016547,0.000305841058003742,0.113025562198465));
#808=CARTESIAN_POINT('',(0.0088245760498013,0.000299468091432165,0.112803828933472));
#809=CARTESIAN_POINT('',(0.00849252665209521,0.000299839067300772,0.112536618078304));
#810=CARTESIAN_POINT('',(0.00790511867267651,0.000314055546670522,0.111927664353833));
#811=CARTESIAN_POINT('',(0.00764993357521182,0.00032792359630851,0.111585832522462));
#812=CARTESIAN_POINT('',(0.00723338080134506,0.000368269571663221,0.110849887027626));
#813=CARTESIAN_POINT('',(0.00707204144421075,0.000394744745102871,0.110455823401104));
#814=CARTESIAN_POINT('',(0.0068535979834527,0.000458616053698957,0.109640636977293));
#815=CARTESIAN_POINT('',(0.00679652219909671,0.000496009436578238,0.109219564216945));
#816=CARTESIAN_POINT('',(0.00679341441750953,0.00053766662735863,0.10879845546258));
#817=CARTESIAN_POINT('',(0.00915539990963316,0.00088091965058007,0.113105999839707));
#818=CARTESIAN_POINT('',(0.00879538025903054,0.000852202166451932,0.112884629570616));
#819=CARTESIAN_POINT('',(0.00846288385451993,0.000832360845863356,0.112617625282991));
#820=CARTESIAN_POINT('',(0.00787360624457062,0.000811674612439972,0.112008810921407));
#821=CARTESIAN_POINT('',(0.00761699712078645,0.000810864230702924,0.111666911701377));
#822=CARTESIAN_POINT('',(0.00719676145609061,0.000828364844259688,0.110930628759546));
#823=CARTESIAN_POINT('',(0.00703316366209217,0.000846674633120381,0.110536295405448));
#824=CARTESIAN_POINT('',(0.00680954563575914,0.000901251765237976,0.109720461624413));
#825=CARTESIAN_POINT('',(0.00674955415033779,0.000937517902061702,0.109299011565178));
#826=CARTESIAN_POINT('',(0.00674330121059863,0.000981600043827413,0.10887752523574));
#827=CARTESIAN_POINT('',(0.00898958993864663,0.00201519980478551,0.113278980741842));
#828=CARTESIAN_POINT('',(0.00863401776598261,0.0019420316051875,0.113058309396399));
#829=CARTESIAN_POINT('',(0.00830446294234821,0.00188178220222588,0.11279171357723));
#830=CARTESIAN_POINT('',(0.0077179922393632,0.00179090041396474,0.112183207091651));
#831=CARTESIAN_POINT('',(0.00746124321237568,0.0017603258740399,0.111841206942115));
#832=CARTESIAN_POINT('',(0.00703774303115645,0.00173093985125697,0.111104344921076));
#833=CARTESIAN_POINT('',(0.0068710211808809,0.00173213039257264,0.110709534037471));
#834=CARTESIAN_POINT('',(0.00663843147842347,0.00176622159971055,0.109892544254353));
#835=CARTESIAN_POINT('',(0.00657259293019774,0.00179912428970657,0.109470416342738));
#836=CARTESIAN_POINT('',(0.00655933106177831,0.00184682416810072,0.109048251641595));
#837=CARTESIAN_POINT('',(0.00885307280239533,0.00257437949900694,0.113371518786236));
#838=CARTESIAN_POINT('',(0.00850186425126959,0.00247910945290317,0.113151182861598));
#839=CARTESIAN_POINT('',(0.00817570171286969,0.00239866769974551,0.112884788556617));
#840=CARTESIAN_POINT('',(0.00759391565720313,0.00227249774662297,0.112276450033094));
#841=CARTESIAN_POINT('',(0.00733845516554121,0.00222683871722448,0.111934416178444));
#842=CARTESIAN_POINT('',(0.00691538238636685,0.00217341155300363,0.111197312367032));
#843=CARTESIAN_POINT('',(0.00674779953081889,0.00216564712712561,0.110802293687253));
#844=CARTESIAN_POINT('',(0.00651142172529595,0.0021885421354888,0.109984795363291));
#845=CARTESIAN_POINT('',(0.00644265620728546,0.00221920527867434,0.10956236699609));
#846=CARTESIAN_POINT('',(0.00642553469983487,0.00226809364273584,0.109139901596543));
#847=CARTESIAN_POINT('',(0.0084767724352105,0.00365724971318077,0.113565493420033));
#848=CARTESIAN_POINT('',(0.00813858102048348,0.00351888907796397,0.113345751198676));
#849=CARTESIAN_POINT('',(0.00782314503310855,0.00339885811442061,0.113079723576237));
#850=CARTESIAN_POINT('',(0.00725764836282306,0.00320303049775617,0.112471719295699));
#851=CARTESIAN_POINT('',(0.00700774084690325,0.00312732447062431,0.11212965274603));
#852=CARTESIAN_POINT('',(0.0065902935902038,0.00302538682474201,0.111392187148135));
#853=CARTESIAN_POINT('',(0.00642278315596451,0.00299916235465472,0.110996839872113));
#854=CARTESIAN_POINT('',(0.00618111103967262,0.0029979355898154,0.110178526279074));
#855=CARTESIAN_POINT('',(0.00610697866416027,0.00302294044372647,0.109755611734262));
#856=CARTESIAN_POINT('',(0.00608195486343122,0.00307275218574038,0.109332659740074));
#857=CARTESIAN_POINT('',(0.00823699278429668,0.00418092807116283,0.113666927127481));
#858=CARTESIAN_POINT('',(0.00790745527590114,0.00402158130573874,0.113447442910884));
#859=CARTESIAN_POINT('',(0.0075993544820343,0.00388215594510938,0.113181580217201));
#860=CARTESIAN_POINT('',(0.00704546533014033,0.00365196314109939,0.112573741813735));
#861=CARTESIAN_POINT('',(0.00679982410830488,0.00356129645225687,0.112231676109897));
#862=CARTESIAN_POINT('',(0.0063875793988542,0.00343489231320762,0.111494090247333));
#863=CARTESIAN_POINT('',(0.0062210049636699,0.00339916376609325,0.111098622066799));
#864=CARTESIAN_POINT('',(0.00597783226426862,0.00338501246990436,0.110280001569878));
#865=CARTESIAN_POINT('',(0.00590126305248251,0.00340659862392218,0.109856901231683));
#866=CARTESIAN_POINT('',(0.00587219976221975,0.00345614483167026,0.109433763270049));
#867=CARTESIAN_POINT('',(0.00766157544582125,0.00517422855226521,0.113875163686373));
#868=CARTESIAN_POINT('',(0.00735343592318505,0.00497491893086705,0.113656076925086));
#869=CARTESIAN_POINT('',(0.00706385826940181,0.00479833728235923,0.113390478532469));
#870=CARTESIAN_POINT('',(0.00654014650131313,0.00450182174875632,0.112782933623871));
#871=CARTESIAN_POINT('',(0.00630614561497156,0.00438200722326784,0.112440896970738));
#872=CARTESIAN_POINT('',(0.00590954752486539,0.00420730578121201,0.11170319407058));
#873=CARTESIAN_POINT('',(0.00574697842761845,0.00415243124011117,0.111307580101017));
#874=CARTESIAN_POINT('',(0.00550394475289606,0.00411125463828674,0.110488574466442));
#875=CARTESIAN_POINT('',(0.00542350828193827,0.00412496495302969,0.110065235078892));
#876=CARTESIAN_POINT('',(0.00538677395942994,0.00417252686237177,0.109641857814312));
#877=CARTESIAN_POINT('',(0.00732594147286581,0.00564383873806582,0.113981963656944));
#878=CARTESIAN_POINT('',(0.00703054643951928,0.00542555504464634,0.113763016065226));
#879=CARTESIAN_POINT('',(0.00675215768340826,0.00523121400537896,0.113497516802242));
#880=CARTESIAN_POINT('',(0.00624701861417149,0.00490274530100571,0.112890099101898));
#881=CARTESIAN_POINT('',(0.00602039365263951,0.00476874547031295,0.112548090486764));
#882=CARTESIAN_POINT('',(0.00563424412370162,0.00457021609509553,0.111810390540324));
#883=CARTESIAN_POINT('',(0.00547474697032291,0.0045057006434584,0.111414751579611));
#884=CARTESIAN_POINT('',(0.00523335859274166,0.00445042430584444,0.110595667531474));
#885=CARTESIAN_POINT('',(0.00515149478256616,0.00445967751275511,0.110172274814644));
#886=CARTESIAN_POINT('',(0.00511113211302561,0.00450552021248438,0.109748844141406));
#887=CARTESIAN_POINT('',(0.00694774870967779,0.0060778301377297,0.114089563222682));
#888=CARTESIAN_POINT('',(0.00666693200152596,0.00584199808072142,0.113870683115));
#889=CARTESIAN_POINT('',(0.00640150469575074,0.0056311250498968,0.11360524031303));
#890=CARTESIAN_POINT('',(0.00591823783407403,0.0052726766121444,0.112997915501803));
#891=CARTESIAN_POINT('',(0.00570051506205638,0.00512523652414135,0.112655943306871));
#892=CARTESIAN_POINT('',(0.00532750845107693,0.00490383133637135,0.111918300959037));
#893=CARTESIAN_POINT('',(0.00517225110969222,0.0048298819647466,0.11152268320664));
#894=CARTESIAN_POINT('',(0.00493440250300919,0.00476036571476324,0.110703633347005));
#895=CARTESIAN_POINT('',(0.00485183773528797,0.00476481456454689,0.110280253640273));
#896=CARTESIAN_POINT('',(0.00480832701194139,0.00480832525001929,0.109856835951131));
#897=CARTESIAN_POINT('',(0.0068538470339862,0.0059994244731611,0.114014164864801));
#898=CARTESIAN_POINT('',(0.00787237432160738,0.00486217960619789,0.113737889423324));
#899=CARTESIAN_POINT('',(0.00916498120893098,0.00222476678027439,0.11323505044302));
#900=CARTESIAN_POINT('',(0.00919995853486833,-0.00157297564528637,0.112751389969146));
#901=CARTESIAN_POINT('',(0.00825064684720396,-0.00405569756220276,0.11256224057745));
#902=CARTESIAN_POINT('',(0.00723910624778461,-0.00557158865408992,0.112501215923165));
#903=CARTESIAN_POINT('',(0.00645515610913982,-0.00645551889728394,0.112489459346748));
#904=CARTESIAN_POINT('',(0.00557380982402613,-0.00723724262423065,0.112501189124947));
#905=CARTESIAN_POINT('',(0.00405928603554113,-0.00824886953450093,0.112562035877888));
#906=CARTESIAN_POINT('',(0.0015774411660407,-0.00919929301983689,0.112750926673216));
#907=CARTESIAN_POINT('',(-0.00222114595034295,-0.0091660527130495,0.113234456436015));
#908=CARTESIAN_POINT('',(-0.00486122947205458,-0.00787323015806306,0.11373766107747));
#909=CARTESIAN_POINT('',(-0.00599942220972234,-0.00685384559720599,0.114014163213306));
#910=CARTESIAN_POINT('',(-0.0060000131584842,-0.00685420296402392,0.114013178387491));
#911=CARTESIAN_POINT('',(0.00685414095210529,0.00599991296824229,0.114013345648624));
#912=CARTESIAN_POINT('',(-0.00481147130847913,-0.00481127053723262,0.109856857287607));
#913=CARTESIAN_POINT('',(-0.00473424010096375,-0.00488827985715464,0.110607301835069));
#914=CARTESIAN_POINT('',(-0.004819480816906,-0.00529988074550254,0.112187452531143));
#915=CARTESIAN_POINT('',(-0.00551377273737523,-0.00626804005282405,0.113527164869533));
#916=CARTESIAN_POINT('',(-0.00600029667689654,-0.00685436275746308,0.114012663431168));
#917=CARTESIAN_POINT('',(0.00685437022878736,0.00600031055923066,0.114012642703418));
#918=CARTESIAN_POINT('',(0.00626801184361325,0.00551366535376803,0.113527506993857));
#919=CARTESIAN_POINT('',(0.00529941652301463,0.00481879982203278,0.11218830412031));
#920=CARTESIAN_POINT('',(0.00488721612842935,0.0047330054046455,0.110607734933745));
#921=CARTESIAN_POINT('',(0.00481001662911444,0.00481013026207502,0.10985685394936));
#922=CARTESIAN_POINT('',(0.0080617622373978,0.00861631614126027,0.109913679568784));
#923=CARTESIAN_POINT('',(0.00643079518092154,0.00644155559010236,0.114123573084973));
#924=CARTESIAN_POINT('',(0.00657197224492495,0.00629444904498263,0.114086639413327));
#925=CARTESIAN_POINT('',(0.0067131638415172,0.00614736729169358,0.114049662546076));
#926=CARTESIAN_POINT('',(0.00685437022878736,0.00600031055923066,0.114012642703418));
#927=CARTESIAN_POINT('',(0.00643057984676687,0.00644117736664368,0.114124254165572));
#928=CARTESIAN_POINT('',(0.00447395718421753,0.00512425191515533,0.109973343379406));
#929=CARTESIAN_POINT('',(0.00455630177401595,0.00505241076862387,0.110719562626901));
#930=CARTESIAN_POINT('',(0.00495788975493993,0.00516342832082084,0.112294473493048));
#931=CARTESIAN_POINT('',(0.00587786684890882,0.00591671590299637,0.113636319449401));
#932=CARTESIAN_POINT('',(0.00643079518092154,0.00644155559010236,0.114123573084973));
#933=CARTESIAN_POINT('',(0.00643031935599159,0.00644072622731701,0.114125067998942));
#934=CARTESIAN_POINT('',(0.00618433300125121,0.00620719640119027,0.113908516298545));
#935=CARTESIAN_POINT('',(0.00595134379714529,0.00599757117350694,0.113651464140761));
#936=CARTESIAN_POINT('',(0.00551603255616279,0.00563086973915769,0.113059109177474));
#937=CARTESIAN_POINT('',(0.00531540291130561,0.00547634481329368,0.112721054000366));
#938=CARTESIAN_POINT('',(0.00496955725493364,0.00524201652848411,0.111994410076922));
#939=CARTESIAN_POINT('',(0.00482436387379359,0.00516222850278589,0.111605868878456));
#940=CARTESIAN_POINT('',(0.00459856451840418,0.00508244915536441,0.110802650009935));
#941=CARTESIAN_POINT('',(0.00451798117452956,0.00508247316688845,0.110388019887751));
#942=CARTESIAN_POINT('',(0.00447223816678211,0.00512241015338133,0.109973355784323));
#943=CARTESIAN_POINT('',(0.00602157395403374,0.00684884551052178,0.114234751940199));
#944=CARTESIAN_POINT('',(0.00579038302543355,0.00659974290613097,0.114018217726145));
#945=CARTESIAN_POINT('',(0.00557064333529933,0.00637539172952317,0.113761191552297));
#946=CARTESIAN_POINT('',(0.00515843707216113,0.00598122751581687,0.113168904257195));
#947=CARTESIAN_POINT('',(0.00496749863776841,0.00581407481821866,0.112830891356124));
#948=CARTESIAN_POINT('',(0.004636239181601,0.00555804323428277,0.112104343139196));
#949=CARTESIAN_POINT('',(0.00449593983212543,0.00546918109888747,0.111715855357322));
#950=CARTESIAN_POINT('',(0.00427482011645513,0.00537537876244015,0.110912749165177));
#951=CARTESIAN_POINT('',(0.00419402142255948,0.00537045531233046,0.110498178288891));
#952=CARTESIAN_POINT('',(0.00414551443490713,0.0054076638327891,0.110083573442206));
#953=CARTESIAN_POINT('',(0.00557197800792147,0.00721782496046164,0.1143445164886));
#954=CARTESIAN_POINT('',(0.00535725979966545,0.00695462030160457,0.114127935414168));
#955=CARTESIAN_POINT('',(0.00515240069489042,0.00671682680507024,0.113870896902683));
#956=CARTESIAN_POINT('',(0.00476642955285983,0.00629735503313642,0.113278645718217));
#957=CARTESIAN_POINT('',(0.00458667293249948,0.00611842679728475,0.112940683730941));
#958=CARTESIAN_POINT('',(0.00427266732547671,0.00584184362988069,0.112214285022677));
#959=CARTESIAN_POINT('',(0.0041384388494134,0.00574420677509954,0.111825895762515));
#960=CARTESIAN_POINT('',(0.00392395876499768,0.00563640564002957,0.111023011893093));
#961=CARTESIAN_POINT('',(0.00384372766724439,0.00562625943651196,0.11060856474466));
#962=CARTESIAN_POINT('',(0.00379301648303609,0.00566018567105414,0.110194083685856));
#963=CARTESIAN_POINT('',(0.00460637659403629,0.00786252281598723,0.11456010272736));
#964=CARTESIAN_POINT('',(0.00442729239149986,0.00757474121966767,0.114343302471791));
#965=CARTESIAN_POINT('',(0.00425488608711167,0.00731334350138421,0.114086161879594));
#966=CARTESIAN_POINT('',(0.00392672377628201,0.00684902838860285,0.113493911016999));
#967=CARTESIAN_POINT('',(0.00377197093487747,0.0066490018165577,0.113156059821011));
#968=CARTESIAN_POINT('',(0.0034974172556792,0.00633506565846617,0.112430045421726));
#969=CARTESIAN_POINT('',(0.0033776342636771,0.00622117649040055,0.112041929423949));
#970=CARTESIAN_POINT('',(0.00318055515907356,0.00608672175576544,0.111239678471082));
#971=CARTESIAN_POINT('',(0.00310327689226386,0.00606617660717673,0.110825590721512));
#972=CARTESIAN_POINT('',(0.00304967259062311,0.00609295567919277,0.110411469271636));
#973=CARTESIAN_POINT('',(0.00409040017697188,0.00813822648279255,0.114665919337661));
#974=CARTESIAN_POINT('',(0.00393047571152521,0.00783996971823675,0.11444894702306));
#975=CARTESIAN_POINT('',(0.00377563990922214,0.00756841006809897,0.114191716866661));
#976=CARTESIAN_POINT('',(0.00347904763805907,0.0070845597637349,0.113599430429883));
#977=CARTESIAN_POINT('',(0.00333811479741347,0.00687521104210737,0.113261639141063));
#978=CARTESIAN_POINT('',(0.00308575527544769,0.0065444755391359,0.112535859482654));
#979=CARTESIAN_POINT('',(0.00297434493732135,0.00642311019142436,0.11214791813664));
#980=CARTESIAN_POINT('',(0.00278802346112883,0.00627600424090694,0.111346077536263));
#981=CARTESIAN_POINT('',(0.00271312866625645,0.00625028507173336,0.110932225305476));
#982=CARTESIAN_POINT('',(0.00265883386078286,0.0062732017671214,0.110518339524244));
#983=CARTESIAN_POINT('',(0.00301070589053243,0.0085846623363692,0.114869578340481));
#984=CARTESIAN_POINT('',(0.00289099432944956,0.00826955471612043,0.11465216393088));
#985=CARTESIAN_POINT('',(0.00277326070154587,0.00798146762026691,0.1143946928791));
#986=CARTESIAN_POINT('',(0.00254384391043299,0.00746543410206269,0.113802273975342));
#987=CARTESIAN_POINT('',(0.00243262637718699,0.0072404957093816,0.113464605550693));
#988=CARTESIAN_POINT('',(0.00222871619223819,0.00688114553422586,0.112739352084416));
#989=CARTESIAN_POINT('',(0.00213603663539675,0.00674675683144527,0.112351813621282));
#990=CARTESIAN_POINT('',(0.00197499051295125,0.0065769470522207,0.11155092778619));
#991=CARTESIAN_POINT('',(0.00190663704220861,0.00654154905547075,0.111137626992724));
#992=CARTESIAN_POINT('',(0.00185257427863434,0.00655675630512703,0.110724293015114));
#993=CARTESIAN_POINT('',(0.00244701707186573,0.00875537978436011,0.114967415652942));
#994=CARTESIAN_POINT('',(0.00234835712977149,0.0084338961914146,0.114749731469099));
#995=CARTESIAN_POINT('',(0.00225015346123935,0.00813944355166796,0.114492109265016));
#996=CARTESIAN_POINT('',(0.00205633844008324,0.00761076260224358,0.113899593683041));
#997=CARTESIAN_POINT('',(0.00196101424931361,0.00737955733644902,0.11356198824507));
#998=CARTESIAN_POINT('',(0.00178335532270196,0.00700839389632821,0.11283702617061));
#999=CARTESIAN_POINT('',(0.00170103193649646,0.00686845943237718,0.112449715849684));
#1000=CARTESIAN_POINT('',(0.00155449981924033,0.00668860062538795,0.111649374186042));
#1001=CARTESIAN_POINT('',(0.00149030243782622,0.00664869999272486,0.111236389158888));
#1002=CARTESIAN_POINT('',(0.00143716063702776,0.00666006267325914,0.110823371163854));
#1003=CARTESIAN_POINT('',(0.00129301293160144,0.0089838753477488,0.115151319974782));
#1004=CARTESIAN_POINT('',(0.0012374749564909,0.00865400731260926,0.114933041624119));
#1005=CARTESIAN_POINT('',(0.00117945678532166,0.00835093980375548,0.114675081663707));
#1006=CARTESIAN_POINT('',(0.00105931347945587,0.00780460170210973,0.114082334485939));
#1007=CARTESIAN_POINT('',(0.00099712549901082,0.00756435207299841,0.113744853605587));
#1008=CARTESIAN_POINT('',(0.000874780252314633,0.00717550106338438,0.113020498077332));
#1009=CARTESIAN_POINT('',(0.000814630716511666,0.0070269242378346,0.112633669177396));
#1010=CARTESIAN_POINT('',(0.000700080776264322,0.00683066485033104,0.111834480239926));
#1011=CARTESIAN_POINT('',(0.00064568810226795,0.00678300684333016,0.111422165950359));
#1012=CARTESIAN_POINT('',(0.000595851769978839,0.00678728644109414,0.111009819159093));
#1013=CARTESIAN_POINT('',(0.000702726660712194,0.009041638724366,0.115237381904103));
#1014=CARTESIAN_POINT('',(0.000669257485311325,0.00870976193448933,0.115018779422589));
#1015=CARTESIAN_POINT('',(0.000631893139190709,0.00840444507038987,0.114760633037025));
#1016=CARTESIAN_POINT('',(0.000549816108231738,0.00785309783878016,0.114167751156262));
#1017=CARTESIAN_POINT('',(0.000504869031470401,0.00761007136782324,0.113830331876528));
#1018=CARTESIAN_POINT('',(0.000411582284905288,0.00721534811602037,0.11310629144322));
#1019=CARTESIAN_POINT('',(0.000363248472095734,0.00706367610429495,0.112719715733156));
#1020=CARTESIAN_POINT('',(0.000266162983521056,0.00686106874910186,0.111921135109063));
#1021=CARTESIAN_POINT('',(0.000217417164750044,0.00681015817475478,0.111509175638545));
#1022=CARTESIAN_POINT('',(0.00016996375523809,0.00681120175885217,0.11109718391607));
#1023=CARTESIAN_POINT('',(-0.000481782075841764,0.0090404430389843,0.115394327050526));
#1024=CARTESIAN_POINT('',(-0.000471002741758597,0.0087089885355591,0.115175073070969));
#1025=CARTESIAN_POINT('',(-0.000466823194662347,0.00840341368208325,0.114916550009195));
#1026=CARTESIAN_POINT('',(-0.000472020650039373,0.00785005385771567,0.114323389623366));
#1027=CARTESIAN_POINT('',(-0.000481964185139516,0.00760521125704833,0.113986088221539));
#1028=CARTESIAN_POINT('',(-0.000515821636423774,0.00720529665551939,0.11326266620954));
#1029=CARTESIAN_POINT('',(-0.000539733456019043,0.00705024943890653,0.112876590437181));
#1030=CARTESIAN_POINT('',(-0.000600074510429871,0.00683947921008415,0.112079212920163));
#1031=CARTESIAN_POINT('',(-0.00063650164865664,0.00678378098212348,0.111667956013316));
#1032=CARTESIAN_POINT('',(-0.000678074968066766,0.00677946719259093,0.111256667350486));
#1033=CARTESIAN_POINT('',(-0.00107597549079813,0.00898146923820478,0.115465205187571));
#1034=CARTESIAN_POINT('',(-0.00104301799522599,0.00865244549072844,0.115245624102547));
#1035=CARTESIAN_POINT('',(-0.00101795009290423,0.00834886197309015,0.11498691096859));
#1036=CARTESIAN_POINT('',(-0.000984337918032929,0.00779849927696599,0.114393606995271));
#1037=CARTESIAN_POINT('',(-0.000976520779319923,0.00755461803679142,0.11405636190041));
#1038=CARTESIAN_POINT('',(-0.000980011356901678,0.00715538639006461,0.113333243155332));
#1039=CARTESIAN_POINT('',(-0.000991318863049317,0.00700006056899261,0.112947414041897));
#1040=CARTESIAN_POINT('',(-0.00103238365511588,0.00678747901929067,0.112150631077231));
#1041=CARTESIAN_POINT('',(-0.00106214073088734,0.00673024787614088,0.111739721762781));
#1042=CARTESIAN_POINT('',(-0.00110021846592939,0.00672381522662677,0.111328780938403));
#1043=CARTESIAN_POINT('',(-0.00224490436980962,0.00874764300195802,0.1155889144182));
#1044=CARTESIAN_POINT('',(-0.00216837412933291,0.00842780568253324,0.115368727439525));
#1045=CARTESIAN_POINT('',(-0.00210218496455339,0.00813237566282382,0.115109661905448));
#1046=CARTESIAN_POINT('',(-0.00199197146449109,0.00759598053224631,0.114516090421932));
#1047=CARTESIAN_POINT('',(-0.00194898212056971,0.00735780170365016,0.114178948377749));
#1048=CARTESIAN_POINT('',(-0.00189205688944621,0.00696670063656718,0.113456388066631));
#1049=CARTESIAN_POINT('',(-0.00187812447767665,0.0068138022033834,0.113071013781895));
#1050=CARTESIAN_POINT('',(-0.00188018095116399,0.00660259582338071,0.112275327513693));
#1051=CARTESIAN_POINT('',(-0.00189617331185355,0.00654431168186498,0.111865059512425));
#1052=CARTESIAN_POINT('',(-0.00192664723513508,0.00653510741514901,0.111454760453653));
#1053=CARTESIAN_POINT('',(-0.00281961078315635,0.00857277582771032,0.115641740431727));
#1054=CARTESIAN_POINT('',(-0.00272168750754937,0.00825969389514825,0.115421274926592));
#1055=CARTESIAN_POINT('',(-0.00263526714848033,0.00797042600749839,0.115162047243453));
#1056=CARTESIAN_POINT('',(-0.00248726562390217,0.00744500190526157,0.114568352051811));
#1057=CARTESIAN_POINT('',(-0.00242686671275011,0.00721156477610874,0.114231256781018));
#1058=CARTESIAN_POINT('',(-0.00233989646807087,0.00682791339620667,0.1135089515775));
#1059=CARTESIAN_POINT('',(-0.00231333040860504,0.00667772236962294,0.113123785373627));
#1060=CARTESIAN_POINT('',(-0.00229565854600438,0.00646970606525932,0.112328601008192));
#1061=CARTESIAN_POINT('',(-0.00230455801693097,0.00641190401164501,0.111918626575484));
#1062=CARTESIAN_POINT('',(-0.00233092529577661,0.0064020494876906,0.111508621291465));
#1063=CARTESIAN_POINT('',(-0.00392633919700497,0.00811307572182249,0.115727169563703));
#1064=CARTESIAN_POINT('',(-0.00378724813797787,0.00781753598406523,0.115506239196407));
#1065=CARTESIAN_POINT('',(-0.00366186349676983,0.00754449979558228,0.115246741107657));
#1066=CARTESIAN_POINT('',(-0.00344100251820195,0.00704854065479668,0.114652840114535));
#1067=CARTESIAN_POINT('',(-0.00334698865241878,0.00682818326654794,0.114315823364703));
#1068=CARTESIAN_POINT('',(-0.00320189027512569,0.00646594295742708,0.113593944928262));
#1069=CARTESIAN_POINT('',(-0.00315081447655436,0.00632408176523158,0.113209126548698));
#1070=CARTESIAN_POINT('',(-0.00309469938153206,0.00612742978448472,0.1124147809467));
#1071=CARTESIAN_POINT('',(-0.00308966879801975,0.00607266072460996,0.112005297031313));
#1072=CARTESIAN_POINT('',(-0.00310781656091586,0.00606309108937522,0.111595782607381));
#1073=CARTESIAN_POINT('',(-0.00445829039682655,0.00782828929919838,0.115759771551022));
#1074=CARTESIAN_POINT('',(-0.00429942255663629,0.00754353320845871,0.115538655057779));
#1075=CARTESIAN_POINT('',(-0.0041553035083165,0.00728056260208596,0.115279048735954));
#1076=CARTESIAN_POINT('',(-0.0038993706901328,0.00680308802518884,0.114685065392893));
#1077=CARTESIAN_POINT('',(-0.00378915244285938,0.00659106324473646,0.114348080098141));
#1078=CARTESIAN_POINT('',(-0.00361597601503999,0.00624277274966825,0.11362637251219));
#1079=CARTESIAN_POINT('',(-0.0035530281899167,0.00610652785105376,0.113241693359751));
#1080=CARTESIAN_POINT('',(-0.00347820966096585,0.00591803781649786,0.112447683471355));
#1081=CARTESIAN_POINT('',(-0.00346634931256102,0.0058658134965579,0.11203839587416));
#1082=CARTESIAN_POINT('',(-0.00348039319706617,0.00585717316382095,0.111629077904928));
#1083=CARTESIAN_POINT('',(-0.00545757905984229,0.00715978947057164,0.115803395950567));
#1084=CARTESIAN_POINT('',(-0.00526152764861326,0.0069001868554672,0.115582028042173));
#1085=CARTESIAN_POINT('',(-0.005082199761204,0.00666082414821917,0.115322275473635));
#1086=CARTESIAN_POINT('',(-0.00476038851894683,0.00622701922330243,0.114728180705189));
#1087=CARTESIAN_POINT('',(-0.00461975216173954,0.0060348667258931,0.114391237754604));
#1088=CARTESIAN_POINT('',(-0.00439391420204005,0.00572029569645752,0.11366976058616));
#1089=CARTESIAN_POINT('',(-0.00430872603798121,0.00559789587289958,0.1132852692799));
#1090=CARTESIAN_POINT('',(-0.00419893136503646,0.00543021637411129,0.112491712388072));
#1091=CARTESIAN_POINT('',(-0.0041743382945838,0.00538495540734915,0.112082689714103));
#1092=CARTESIAN_POINT('',(-0.00418078426887164,0.00537962485069624,0.111673636852343));
#1093=CARTESIAN_POINT('',(-0.00592490124267314,0.00677607379547282,0.115814415450173));
#1094=CARTESIAN_POINT('',(-0.00571144536202028,0.00653084195970116,0.115592982287591));
#1095=CARTESIAN_POINT('',(-0.00551564518880304,0.0063050229872551,0.115333191774666));
#1096=CARTESIAN_POINT('',(-0.00516303101215343,0.00589640676050143,0.114739068120646));
#1097=CARTESIAN_POINT('',(-0.00500818239911616,0.00571579615929829,0.114402136181809));
#1098=CARTESIAN_POINT('',(-0.00475776280944185,0.00542099965882348,0.113680718857411));
#1099=CARTESIAN_POINT('',(-0.00466220671076401,0.005306831272193,0.113296276324608));
#1100=CARTESIAN_POINT('',(-0.00453613880290188,0.00515180575322408,0.112502837039333));
#1101=CARTESIAN_POINT('',(-0.0045056418716769,0.00511096613352688,0.112093883139619));
#1102=CARTESIAN_POINT('',(-0.00450859225728018,0.00510801864490423,0.111684899099787));
#1103=CARTESIAN_POINT('',(-0.00677599009546209,0.00592498053249466,0.11581441427475));
#1104=CARTESIAN_POINT('',(-0.00653075981675627,0.00571152531385283,0.115592981086315));
#1105=CARTESIAN_POINT('',(-0.00630494383028385,0.00551572448135126,0.115333190590556));
#1106=CARTESIAN_POINT('',(-0.00589633667389133,0.00516310575055037,0.11473906703942));
#1107=CARTESIAN_POINT('',(-0.00571573227982952,0.00500825310881636,0.114402135189089));
#1108=CARTESIAN_POINT('',(-0.00542095109485441,0.00475782185946097,0.113680718090285));
#1109=CARTESIAN_POINT('',(-0.00530679181613375,0.00466225812884366,0.11329627569455));
#1110=CARTESIAN_POINT('',(-0.00515178684549256,0.00453617156409095,0.112502836707756));
#1111=CARTESIAN_POINT('',(-0.00511095866576461,0.00450566360695953,0.112093882969433));
#1112=CARTESIAN_POINT('',(-0.00510802335117938,0.00450860159042965,0.111684899090985));
#1113=CARTESIAN_POINT('',(-0.00715972969454931,0.00545763168168842,0.115803394018939));
#1114=CARTESIAN_POINT('',(-0.00690012928621836,0.0052615817550129,0.115582026067494));
#1115=CARTESIAN_POINT('',(-0.00666076979598673,0.0050822545209202,0.115322273527539));
#1116=CARTESIAN_POINT('',(-0.00622697330983407,0.00476044235137521,0.114728178930402));
#1117=CARTESIAN_POINT('',(-0.00603482611067396,0.00461980431859202,0.114391236127188));
#1118=CARTESIAN_POINT('',(-0.00572026726275882,0.00439396025455035,0.113669759334377));
#1119=CARTESIAN_POINT('',(-0.00559787432146353,0.0043087676603947,0.113285268256347));
#1120=CARTESIAN_POINT('',(-0.00543020960860868,0.00419896133921749,0.112491711861513));
#1121=CARTESIAN_POINT('',(-0.00538495654450882,0.00417436104929886,0.112082689456275));
#1122=CARTESIAN_POINT('',(-0.00537963405449649,0.00418079857060772,0.11167363686323));
#1123=CARTESIAN_POINT('',(-0.00782828287249832,0.00445829702466352,0.115759771332686));
#1124=CARTESIAN_POINT('',(-0.00754352740851289,0.00429942944491702,0.115538654827247));
#1125=CARTESIAN_POINT('',(-0.00728055748099205,0.00415531065231148,0.115279048512145));
#1126=CARTESIAN_POINT('',(-0.00680308429660176,0.00389937825338401,0.114685065212726));
#1127=CARTESIAN_POINT('',(-0.0065910602297668,0.00378916016510996,0.114348079956123));
#1128=CARTESIAN_POINT('',(-0.0062427710618031,0.00361598386104309,0.113626372467943));
#1129=CARTESIAN_POINT('',(-0.00610652677636114,0.00355303600038636,0.113241693375115));
#1130=CARTESIAN_POINT('',(-0.00591803777390221,0.00347821714821289,0.112447683616721));
#1131=CARTESIAN_POINT('',(-0.00586581387257196,0.00346635651183224,0.112038396089904));
#1132=CARTESIAN_POINT('',(-0.00585717382553974,0.00348039997120278,0.111629078191046));
#1133=CARTESIAN_POINT('',(-0.00811307028199504,0.00392634646863632,0.115727169785727));
#1134=CARTESIAN_POINT('',(-0.00781753074138997,0.00378725538720498,0.115506239428213));
#1135=CARTESIAN_POINT('',(-0.00754449478238972,0.00366187071764554,0.115246741352071));
#1136=CARTESIAN_POINT('',(-0.00704853616228712,0.00344100963005528,0.11465284038806));
#1137=CARTESIAN_POINT('',(-0.00682817906735134,0.00334699568135563,0.11431582365488));
#1138=CARTESIAN_POINT('',(-0.00646593937816875,0.00320189704964918,0.113593945253564));
#1139=CARTESIAN_POINT('',(-0.00632407851254874,0.00315082107945358,0.113209126892482));
#1140=CARTESIAN_POINT('',(-0.00612742719077641,0.00309470553136429,0.112414781328147));
#1141=CARTESIAN_POINT('',(-0.006072658463251,0.00308967466628177,0.112005297431948));
#1142=CARTESIAN_POINT('',(-0.00606308914761727,0.0031078220904878,0.111595783027192));
#1143=CARTESIAN_POINT('',(-0.00857275052068668,0.00281963663266272,0.115641739571972));
#1144=CARTESIAN_POINT('',(-0.00825967045735271,0.00272171428335485,0.115421273969884));
#1145=CARTESIAN_POINT('',(-0.00797040485462169,0.00263529454152106,0.115162046264567));
#1146=CARTESIAN_POINT('',(-0.00744498598903715,0.00248729332533021,0.114568351150622));
#1147=CARTESIAN_POINT('',(-0.00721155183431116,0.00242689406508323,0.11423125598472));
#1148=CARTESIAN_POINT('',(-0.00682790665883259,0.0023399218794366,0.113508951081825));
#1149=CARTESIAN_POINT('',(-0.00667771886124091,0.00231335422726481,0.113123785073607));
#1150=CARTESIAN_POINT('',(-0.00646970890364024,0.00229567785481483,0.112328601146015));
#1151=CARTESIAN_POINT('',(-0.0064119099667922,0.00230457440776443,0.111918626955414));
#1152=CARTESIAN_POINT('',(-0.00640205832846719,0.00233093815306152,0.111508621913534));
#1153=CARTESIAN_POINT('',(-0.00874763722734401,0.0022449193369444,0.115588915058945));
#1154=CARTESIAN_POINT('',(-0.00842780091337791,0.00216838857353565,0.115368727909401));
#1155=CARTESIAN_POINT('',(-0.00813237201583755,0.00210219872629697,0.115109662259489));
#1156=CARTESIAN_POINT('',(-0.00759597923765376,0.00199198355854769,0.114516090639727));
#1157=CARTESIAN_POINT('',(-0.0073578016412566,0.0019489932182534,0.114178948579145));
#1158=CARTESIAN_POINT('',(-0.00696670291807194,0.00189206579534252,0.113456388314373));
#1159=CARTESIAN_POINT('',(-0.00681380559601141,0.0018781321883822,0.113071014092242));
#1160=CARTESIAN_POINT('',(-0.00660260115983002,0.00188018619394287,0.112275327991585));
#1161=CARTESIAN_POINT('',(-0.00654431785043613,0.00189617728212016,0.111865060095117));
#1162=CARTESIAN_POINT('',(-0.00653511422031122,0.00192664996594327,0.11145476114126));
#1163=CARTESIAN_POINT('',(-0.00898157703894215,0.00107590222155895,0.11546521271187));
#1164=CARTESIAN_POINT('',(-0.0086525471333091,0.00104293733874641,0.115245631503622));
#1165=CARTESIAN_POINT('',(-0.00834895565735622,0.00101786315887037,0.114986918055886));
#1166=CARTESIAN_POINT('',(-0.00779857388070349,0.000984242390287382,0.114393613166852));
#1167=CARTESIAN_POINT('',(-0.00755468140423338,0.000976423115651381,0.114056367458534));
#1168=CARTESIAN_POINT('',(-0.00715542548673165,0.00097991553361812,0.113333247303374));
#1169=CARTESIAN_POINT('',(-0.00700008663448454,0.000991227021474445,0.112947417393189));
#1170=CARTESIAN_POINT('',(-0.0067874786151404,0.00103230680552133,0.112150632748259));
#1171=CARTESIAN_POINT('',(-0.00673023403682777,0.00106207489696555,0.111739722550172));
#1172=CARTESIAN_POINT('',(-0.00672378848314315,0.00110016718387262,0.111328780842442));
#1173=CARTESIAN_POINT('',(-0.00904063525159982,0.000481637008310137,0.115394339159556));
#1174=CARTESIAN_POINT('',(-0.00870916884225931,0.000470845527673569,0.115175085186899));
#1175=CARTESIAN_POINT('',(-0.00840357882294951,0.000466655966444074,0.114916561733401));
#1176=CARTESIAN_POINT('',(-0.00785018306749524,0.000471840654287681,0.114323399946402));
#1177=CARTESIAN_POINT('',(-0.00760531950214721,0.000481781762940836,0.113986097510175));
#1178=CARTESIAN_POINT('',(-0.00720536002827577,0.000515645215790839,0.113262673013471));
#1179=CARTESIAN_POINT('',(-0.00705028891046544,0.000539565472463033,0.112876595790764));
#1180=CARTESIAN_POINT('',(-0.0068394705449884,0.000599935686952158,0.112079215170003));
#1181=CARTESIAN_POINT('',(-0.00678374808803478,0.000636383557244435,0.111667956609721));
#1182=CARTESIAN_POINT('',(-0.00677941124450732,0.000677983697721318,0.111256666293806));
#1183=CARTESIAN_POINT('',(-0.00904192629924166,-0.000702969888910249,0.115237397705966));
#1184=CARTESIAN_POINT('',(-0.00871003003963894,-0.0006695173812582,0.115018795624396));
#1185=CARTESIAN_POINT('',(-0.00840468873296629,-0.000632166175251303,0.114760648947447));
#1186=CARTESIAN_POINT('',(-0.00785328430974913,-0.000550104015305808,0.114167765394522));
#1187=CARTESIAN_POINT('',(-0.00761022479839024,-0.000505158161626884,0.113830344689609));
#1188=CARTESIAN_POINT('',(-0.00721543154130788,-0.000411857416483863,0.113106300641448));
#1189=CARTESIAN_POINT('',(-0.00706372257543247,-0.000363508369261662,0.112719722741926));
#1190=CARTESIAN_POINT('',(-0.00686104153395961,-0.000266374146190463,0.111921137358352));
#1191=CARTESIAN_POINT('',(-0.00681009423821022,-0.000217594814583388,0.111509175318026));
#1192=CARTESIAN_POINT('',(-0.00681110328456086,-0.000170099001604473,0.111097181026023));
#1193=CARTESIAN_POINT('',(-0.00898416656305034,-0.00129327575927116,0.115151334625784));
#1194=CARTESIAN_POINT('',(-0.0086542776534107,-0.00123775380778124,0.114933056946305));
#1195=CARTESIAN_POINT('',(-0.00835118417741498,-0.00117974781558605,0.114675096897187));
#1196=CARTESIAN_POINT('',(-0.00780478580364319,-0.001059616833258,0.114082348335724));
#1197=CARTESIAN_POINT('',(-0.00756450158037653,-0.000997428465651817,0.113744866110968));
#1198=CARTESIAN_POINT('',(-0.00717557777028277,-0.00087506551118316,0.113020507030268));
#1199=CARTESIAN_POINT('',(-0.0070269627500173,-0.000814898642353679,0.112633675922685));
#1200=CARTESIAN_POINT('',(-0.0068306277305783,-0.000700295469130918,0.111834482136261));
#1201=CARTESIAN_POINT('',(-0.00678293229796645,-0.000645866882770685,0.111422165205781));
#1202=CARTESIAN_POINT('',(-0.00678717699218534,-0.000595985712611769,0.111009815773733));
#1203=CARTESIAN_POINT('',(-0.00875559101201007,-0.0024472069630109,0.11496742711466));
#1204=CARTESIAN_POINT('',(-0.0084340914113713,-0.00234855857090874,0.114749743641531));
#1205=CARTESIAN_POINT('',(-0.00813961907838057,-0.00225036331895773,0.114492121567294));
#1206=CARTESIAN_POINT('',(-0.00761089285729899,-0.00205655573345267,0.113899605320507));
#1207=CARTESIAN_POINT('',(-0.00737966181208849,-0.00196123014946828,0.113561999049757));
#1208=CARTESIAN_POINT('',(-0.00700844456729988,-0.00178355557888759,0.112837034636184));
#1209=CARTESIAN_POINT('',(-0.00686848208705526,-0.00170121793328857,0.112449722809316));
#1210=CARTESIAN_POINT('',(-0.00668856828085795,-0.00155464341878459,0.111649377793499));
#1211=CARTESIAN_POINT('',(-0.0066486406742387,-0.00149041789087689,0.111236390920506));
#1212=CARTESIAN_POINT('',(-0.0066599784719526,-0.00143724136396287,0.110823371079633));
#1213=CARTESIAN_POINT('',(-0.00858478854640687,-0.00301081096068259,0.114869586197538));
#1214=CARTESIAN_POINT('',(-0.0082696716996058,-0.0028911068014843,0.11465217217406));
#1215=CARTESIAN_POINT('',(-0.00798157318362108,-0.00277337866898375,0.114394701182797));
#1216=CARTESIAN_POINT('',(-0.00746551327054401,-0.00254396712412003,0.113802281887279));
#1217=CARTESIAN_POINT('',(-0.00724055978062788,-0.00243274908899168,0.113464612989181));
#1218=CARTESIAN_POINT('',(-0.00688117794850895,-0.00222882998042192,0.112739358205979));
#1219=CARTESIAN_POINT('',(-0.00674677269113611,-0.00213614199645721,0.112351818899538));
#1220=CARTESIAN_POINT('',(-0.0065769302544772,-0.00197507042575834,0.111550931192047));
#1221=CARTESIAN_POINT('',(-0.00654151616002113,-0.0019066999285007,0.111137629369661));
#1222=CARTESIAN_POINT('',(-0.00655670846911044,-0.00185261603511841,0.11072429436319));
#1223=CARTESIAN_POINT('',(-0.00813820556173756,-0.00409036770682417,0.114665919110498));
#1224=CARTESIAN_POINT('',(-0.00783995208394228,-0.00393044324914111,0.114448946433539));
#1225=CARTESIAN_POINT('',(-0.00756839604821646,-0.00377560800219404,0.114191716047734));
#1226=CARTESIAN_POINT('',(-0.0070845531931974,-0.00347901804650338,0.113599429380277));
#1227=CARTESIAN_POINT('',(-0.0068752083074925,-0.00333808701477154,0.113261638099727));
#1228=CARTESIAN_POINT('',(-0.00654447992669865,-0.00308573228467216,0.112535858643401));
#1229=CARTESIAN_POINT('',(-0.00642311786329836,-0.00297432492935185,0.112147917490902));
#1230=CARTESIAN_POINT('',(-0.00627601740585315,-0.0027880103635283,0.111346077376113));
#1231=CARTESIAN_POINT('',(-0.00625030044349706,-0.00271311949607236,0.110932225437101));
#1232=CARTESIAN_POINT('',(-0.00627321862366048,-0.00265882890412633,0.110518339947884));
#1233=CARTESIAN_POINT('',(-0.00786244941204872,-0.00460629906971002,0.114560098885057));
#1234=CARTESIAN_POINT('',(-0.00757467579228949,-0.00442721210795946,0.114343297939692));
#1235=CARTESIAN_POINT('',(-0.00731328725713248,-0.00425480458595004,0.114086156957615));
#1236=CARTESIAN_POINT('',(-0.00684899199685213,-0.00392664375729859,0.11349390581298));
#1237=CARTESIAN_POINT('',(-0.00664897613538168,-0.00377189378164283,0.113156054745626));
#1238=CARTESIAN_POINT('',(-0.00633506103990533,-0.00349735047196823,0.11243004099407));
#1239=CARTESIAN_POINT('',(-0.00622118221927748,-0.00337757498535745,0.112041925514901));
#1240=CARTESIAN_POINT('',(-0.0060867464028207,-0.00318051541358619,0.111239675803063));
#1241=CARTESIAN_POINT('',(-0.00606620982036976,-0.00310324917583369,0.110825588775427));
#1242=CARTESIAN_POINT('',(-0.00609299598786239,-0.0030496588130495,0.11041146804781));
#1243=CARTESIAN_POINT('',(-0.00721775711475869,-0.0055719129850495,0.114344512327667));
#1244=CARTESIAN_POINT('',(-0.00695455931360611,-0.00535719177058183,0.114127930696391));
#1245=CARTESIAN_POINT('',(-0.00671677379252444,-0.00515233104432136,0.113870891879671));
#1246=CARTESIAN_POINT('',(-0.00629731943651329,-0.00476636026699862,0.113278640498197));
#1247=CARTESIAN_POINT('',(-0.00611840068419639,-0.00458660578682954,0.112940678636433));
#1248=CARTESIAN_POINT('',(-0.00584183636860447,-0.00427260885843881,0.112214280500445));
#1249=CARTESIAN_POINT('',(-0.0057442088781704,-0.00413838692261681,0.111825891686681));
#1250=CARTESIAN_POINT('',(-0.0056364251097506,-0.00392392430807695,0.111023008876879));
#1251=CARTESIAN_POINT('',(-0.00562628690460587,-0.00384370414175875,0.1106085623413));
#1252=CARTESIAN_POINT('',(-0.00566021992913207,-0.00379300580103032,0.110194081895577));
#1253=CARTESIAN_POINT('',(-0.00684884533653479,-0.00602157415191906,0.114234751940195));
#1254=CARTESIAN_POINT('',(-0.0065997427388208,-0.00579038321612296,0.11401821772614));
#1255=CARTESIAN_POINT('',(-0.0063753915685616,-0.00557064351950851,0.113761191552291));
#1256=CARTESIAN_POINT('',(-0.00598122736676615,-0.00515843724498277,0.113168904257189));
#1257=CARTESIAN_POINT('',(-0.00581407467468598,-0.00496749880575972,0.112830891356119));
#1258=CARTESIAN_POINT('',(-0.00555804310032304,-0.00463623934219351,0.112104343139192));
#1259=CARTESIAN_POINT('',(-0.00546918096898197,-0.00449593999015016,0.111715855357318));
#1260=CARTESIAN_POINT('',(-0.00537537863892379,-0.0042748202717715,0.110912749165175));
#1261=CARTESIAN_POINT('',(-0.00537045519114848,-0.00419402157773602,0.110498178288889));
#1262=CARTESIAN_POINT('',(-0.00540766371300955,-0.00414551459115872,0.110083573442208));
#1263=CARTESIAN_POINT('',(-0.00644072604151785,-0.00643031954208884,0.114125067998937));
#1264=CARTESIAN_POINT('',(-0.0062071962224981,-0.0061843331806013,0.11390851629854));
#1265=CARTESIAN_POINT('',(-0.00599757100154652,-0.00595134397043864,0.113651464140755));
#1266=CARTESIAN_POINT('',(-0.00563086957977643,-0.00551603271885925,0.113059109177469));
#1267=CARTESIAN_POINT('',(-0.00547634465971064,-0.00531540306953582,0.112721054000362));
#1268=CARTESIAN_POINT('',(-0.00524201638489474,-0.00496955740639207,0.111994410076918));
#1269=CARTESIAN_POINT('',(-0.00516222836339109,-0.00482436402294711,0.111605868878453));
#1270=CARTESIAN_POINT('',(-0.00508244902249011,-0.00459856466525596,0.110802650009931));
#1271=CARTESIAN_POINT('',(-0.00508247303633919,-0.00451798132138515,0.110388019887746));
#1272=CARTESIAN_POINT('',(-0.00512241002415359,-0.00447223831479149,0.109973355784318));
#1273=CARTESIAN_POINT('',(-0.0064406811228786,-0.00643036452963763,0.114125055926846));
#1274=CARTESIAN_POINT('',(-0.00620715301783825,-0.00618437653972823,0.113908504224524));
#1275=CARTESIAN_POINT('',(-0.0059975294176618,-0.00595138587129071,0.113651452063879));
#1276=CARTESIAN_POINT('',(-0.00563083101851453,-0.00551607207671923,0.113059097093145));
#1277=CARTESIAN_POINT('',(-0.0054763074882932,-0.00531544136075676,0.112721041911385));
#1278=CARTESIAN_POINT('',(-0.00524198160219719,-0.00496959409221912,0.111994397977408));
#1279=CARTESIAN_POINT('',(-0.00516219457941297,-0.0048244001701247,0.111605856773063));
#1280=CARTESIAN_POINT('',(-0.00508241678191751,-0.00459860029738063,0.110802637892141));
#1281=CARTESIAN_POINT('',(-0.00508244134029667,-0.0045180169772118,0.110388007763435));
#1282=CARTESIAN_POINT('',(-0.00512237862841303,-0.00447227427482874,0.109973343653485));
#1283=CARTESIAN_POINT('',(-0.0064406362042394,-0.00643040951718649,0.114125043854755));
#1284=CARTESIAN_POINT('',(-0.00620710981317829,-0.00618441989885518,0.113908492150508));
#1285=CARTESIAN_POINT('',(-0.00599748783377702,-0.00595142777214275,0.113651439987004));
#1286=CARTESIAN_POINT('',(-0.00563079245725262,-0.0055161114345792,0.113059085008822));
#1287=CARTESIAN_POINT('',(-0.00547627031687575,-0.00531547965197771,0.112721029822409));
#1288=CARTESIAN_POINT('',(-0.00524194681949963,-0.00496963077804613,0.111994385877898));
#1289=CARTESIAN_POINT('',(-0.00516216079543486,-0.00482443631730231,0.111605844667674));
#1290=CARTESIAN_POINT('',(-0.00508238454134491,-0.00459863592950535,0.11080262577435));
#1291=CARTESIAN_POINT('',(-0.00508240964425422,-0.00451805263303845,0.110387995639123));
#1292=CARTESIAN_POINT('',(-0.00512234723267241,-0.00447231023486605,0.109973331522651));
#1293=CARTESIAN_POINT('',(-0.00644059128560026,-0.00643045450473528,0.114125031782664));
#1294=CARTESIAN_POINT('',(-0.00620706660851844,-0.00618446325798211,0.113908480076492));
#1295=CARTESIAN_POINT('',(-0.00599744624989224,-0.00595146967299479,0.113651427910128));
#1296=CARTESIAN_POINT('',(-0.00563075389599066,-0.0055161507924392,0.113059072924498));
#1297=CARTESIAN_POINT('',(-0.00547623314545825,-0.00531551794319868,0.112721017733432));
#1298=CARTESIAN_POINT('',(-0.00524191203680208,-0.00496966746387317,0.111994373778388));
#1299=CARTESIAN_POINT('',(-0.00516212701145669,-0.00482447246447987,0.111605832562285));
#1300=CARTESIAN_POINT('',(-0.00508235230077236,-0.00459867156162999,0.110802613656559));
#1301=CARTESIAN_POINT('',(-0.00508237794821181,-0.00451808828886513,0.110387983514812));
#1302=CARTESIAN_POINT('',(-0.00512231583693174,-0.00447234619490331,0.109973319391818));
#1303=CARTESIAN_POINT('',(-0.00649664980772363,-0.00637230192395389,0.114139679432803));
#1304=CARTESIAN_POINT('',(-0.00647804742948412,-0.00639167248219268,0.114134739796349));
#1305=CARTESIAN_POINT('',(-0.00645944466998101,-0.00641104283809741,0.114129800802267));
#1306=CARTESIAN_POINT('',(-0.00644084152850799,-0.00643041299074666,0.114124862449847));
#1307=CARTESIAN_POINT('',(-0.00649558261872674,-0.00637172547810286,0.114141498443229));
#1308=CARTESIAN_POINT('',(-0.00644128716139625,-0.00643066021279964,0.114124091975921));
#1309=CARTESIAN_POINT('',(0.00637113590605701,0.00649452633060916,0.114143323031548));
#1310=CARTESIAN_POINT('',(0.00544698357387174,0.00737996729615923,0.114372243502351));
#1311=CARTESIAN_POINT('',(0.00326361026862625,0.00869711198112806,0.114819959932279));
#1312=CARTESIAN_POINT('',(-0.000351419933956771,0.00917786792702027,0.115349183225585));
#1313=CARTESIAN_POINT('',(-0.00315654717964288,0.00845110197455681,0.115618871190128));
#1314=CARTESIAN_POINT('',(-0.00507474735059488,0.00734090058276265,0.1157237483911));
#1315=CARTESIAN_POINT('',(-0.0067106035060912,0.00596755122309767,0.115757926955162));
#1316=CARTESIAN_POINT('',(-0.00832604488448806,0.00368265241627056,0.115671271313013));
#1317=CARTESIAN_POINT('',(-0.00918190287179276,0.000295212488608835,0.11534269755919));
#1318=CARTESIAN_POINT('',(-0.00867951917129541,-0.00330288916761624,0.114812741689725));
#1319=CARTESIAN_POINT('',(-0.00736839177161418,-0.00545907275340604,0.114369247997868));
#1320=CARTESIAN_POINT('',(-0.00649451097600276,-0.00637115348597876,0.114143316343056));
#1321=CARTESIAN_POINT('',(0.00637175488425607,0.00649564402582198,0.11414139883617));
#1322=CARTESIAN_POINT('',(0.00643033284832974,0.00644071886655725,0.114125056827169));
#1323=CARTESIAN_POINT('',(0.00641101097964481,0.00645940228416781,0.114129863052877));
#1324=CARTESIAN_POINT('',(0.00639168901942809,0.00647808553375838,0.114134669563762));
#1325=CARTESIAN_POINT('',(0.00637236696794899,0.00649676861554069,0.114139476360034));
#1326=CARTESIAN_POINT('',(-0.006441564271724,-0.00643081057733713,0.114123608893307));
#1327=CARTESIAN_POINT('',(-0.00591693697694884,-0.0058780173635447,0.113636086691476));
#1328=CARTESIAN_POINT('',(-0.00516384493812842,-0.00495893066487538,0.112293925435904));
#1329=CARTESIAN_POINT('',(-0.00505436439010705,-0.00455657777429653,0.11071945397949));
#1330=CARTESIAN_POINT('',(-0.00512535303353963,-0.00447546874851356,0.109973205518212));
#1331=CARTESIAN_POINT('',(-0.00862738626411441,-0.0080521730403148,0.109917202436992));
#1332=CARTESIAN_POINT('',(-0.00600029686413512,-0.00685436258627795,0.114012663481266));
#1333=CARTESIAN_POINT('',(-0.00615065505525202,-0.00671689579209011,0.114052893542497));
#1334=CARTESIAN_POINT('',(-0.00629776472885827,-0.00657572359794913,0.114089834965899));
#1335=CARTESIAN_POINT('',(-0.006441564271724,-0.00643081057733713,0.114123608893307));
#1336=CARTESIAN_POINT('',(-0.00546681121593229,-0.00619224674807303,0.11534041456927));
#1337=CARTESIAN_POINT('',(-0.00676032558344039,-0.0071043099668037,0.11536813687219));
#1338=CARTESIAN_POINT('',(-0.00681763221351095,-0.00703499944864911,0.114872888854787));
#1339=CARTESIAN_POINT('',(-0.00669531961290026,-0.00677343840779471,0.114391158735322));
#1340=CARTESIAN_POINT('',(-0.00644186155670082,-0.00643098759379127,0.114123119465337));
#1341=CARTESIAN_POINT('',(-0.00600060686178776,-0.00685456156210906,0.11401218403776));
#1342=CARTESIAN_POINT('',(-0.00623740643345605,-0.00720254471134994,0.114279105260119));
#1343=CARTESIAN_POINT('',(-0.00634449423022101,-0.00746948084277903,0.114753812126888));
#1344=CARTESIAN_POINT('',(-0.00627573768874775,-0.0075480358943295,0.115241167120834));
#1345=CARTESIAN_POINT('',(-0.00599942659114198,-0.00685385571801044,0.114014181091524));
#1346=CARTESIAN_POINT('',(-0.00605830980197175,-0.00694245818862427,0.114079144270911));
#1347=CARTESIAN_POINT('',(-0.00610986338845602,-0.00702639818985984,0.114157091294238));
#1348=CARTESIAN_POINT('',(-0.00619513816326589,-0.0071797870140502,0.114334156376628));
#1349=CARTESIAN_POINT('',(-0.00622885559510689,-0.00724922763010916,0.114433261837256));
#1350=CARTESIAN_POINT('',(-0.00627638472426817,-0.00736933356880162,0.114646502964984));
#1351=CARTESIAN_POINT('',(-0.00629019341512044,-0.00741999129410115,0.114760625143457));
#1352=CARTESIAN_POINT('',(-0.00629703623038863,-0.0074993819142527,0.114996844353473));
#1353=CARTESIAN_POINT('',(-0.00629006914227648,-0.007528109105534,0.115118927209378));
#1354=CARTESIAN_POINT('',(-0.00627292823914927,-0.00754498540357535,0.115241229493541));
#1355=CARTESIAN_POINT('',(-0.00557916151546831,-0.00723025023049484,0.113912083995064));
#1356=CARTESIAN_POINT('',(-0.00563194610042257,-0.00732184715935119,0.113976261040428));
#1357=CARTESIAN_POINT('',(-0.00567785586145554,-0.0074084151073181,0.114053194636596));
#1358=CARTESIAN_POINT('',(-0.0057531586210558,-0.00756626057727927,0.114227929347092));
#1359=CARTESIAN_POINT('',(-0.00578254847457682,-0.00763752996087513,0.114325718522115));
#1360=CARTESIAN_POINT('',(-0.00582304290939084,-0.0077604606924726,0.114536219106858));
#1361=CARTESIAN_POINT('',(-0.00583414504031637,-0.00781211454525393,0.114648917699845));
#1362=CARTESIAN_POINT('',(-0.00583738027526018,-0.00789266102033701,0.114882400292605));
#1363=CARTESIAN_POINT('',(-0.00582951256689798,-0.00792154811336536,0.115003170778983));
#1364=CARTESIAN_POINT('',(-0.00581239790018489,-0.00793817773440563,0.115124326441105));
#1365=CARTESIAN_POINT('',(-0.00512278335300893,-0.0075668076480109,0.113810616145453));
#1366=CARTESIAN_POINT('',(-0.00516925993390853,-0.00766065739219635,0.113874052154452));
#1367=CARTESIAN_POINT('',(-0.00520935347379157,-0.00774915694871894,0.113950010375486));
#1368=CARTESIAN_POINT('',(-0.00527440537906959,-0.00791021233495465,0.114122472953923));
#1369=CARTESIAN_POINT('',(-0.00529936116984114,-0.00798276017959249,0.114218966007654));
#1370=CARTESIAN_POINT('',(-0.00533266592346959,-0.00810760399058172,0.114426745391245));
#1371=CARTESIAN_POINT('',(-0.00534101294827016,-0.00815989264251335,0.114538019553519));
#1372=CARTESIAN_POINT('',(-0.00534059494021376,-0.0082410891768799,0.114768741115621));
#1373=CARTESIAN_POINT('',(-0.00533182944690249,-0.00826999176429243,0.114888175643518));
#1374=CARTESIAN_POINT('',(-0.00531476765523387,-0.00828634400281133,0.115008149898466));
#1375=CARTESIAN_POINT('',(-0.00415306029449696,-0.00814788034380424,0.113612612873975));
#1376=CARTESIAN_POINT('',(-0.00418694789268228,-0.0082448324223994,0.113674668910991));
#1377=CARTESIAN_POINT('',(-0.0042154776561294,-0.00833590001240553,0.113748775277094));
#1378=CARTESIAN_POINT('',(-0.00426020382033609,-0.00850108352133727,0.113916872670988));
#1379=CARTESIAN_POINT('',(-0.00427639867919094,-0.00857519185933792,0.114010853593085));
#1380=CARTESIAN_POINT('',(-0.00429554023284351,-0.00870222960807379,0.114213318257485));
#1381=CARTESIAN_POINT('',(-0.00429848590445542,-0.00875515215093226,0.114321791057993));
#1382=CARTESIAN_POINT('',(-0.00429095534153411,-0.00883677666565142,0.114547039998108));
#1383=CARTESIAN_POINT('',(-0.00428047924271883,-0.0088654738614533,0.114663804480151));
#1384=CARTESIAN_POINT('',(-0.00426359080219915,-0.00888124091338446,0.114781389997774));
#1385=CARTESIAN_POINT('',(-0.00363974046494959,-0.00839239047752291,0.113516080017027));
#1386=CARTESIAN_POINT('',(-0.00366734644253564,-0.00849019342333914,0.113577497045473));
#1387=CARTESIAN_POINT('',(-0.00369012798817385,-0.00858189867246753,0.113650726886397));
#1388=CARTESIAN_POINT('',(-0.003724778005889,-0.00874800257073247,0.11381673119679));
#1389=CARTESIAN_POINT('',(-0.00373664539855007,-0.00882239388980491,0.113909496122992));
#1390=CARTESIAN_POINT('',(-0.00374881238970254,-0.0089497140701022,0.114109367364104));
#1391=CARTESIAN_POINT('',(-0.00374911136775779,-0.00900263632923856,0.114216463313944));
#1392=CARTESIAN_POINT('',(-0.00373812080777905,-0.00908403966838121,0.114439000894395));
#1393=CARTESIAN_POINT('',(-0.0037268316498812,-0.00911251625711664,0.114554431440422));
#1394=CARTESIAN_POINT('',(-0.00371006356286253,-0.00912797560851277,0.114670809815508));
#1395=CARTESIAN_POINT('',(-0.00257391835133946,-0.00878032100565047,0.113331366459204));
#1396=CARTESIAN_POINT('',(-0.00258929083203459,-0.00887860427155058,0.113391611818519));
#1397=CARTESIAN_POINT('',(-0.0026009186293194,-0.00897047567261464,0.113463203707197));
#1398=CARTESIAN_POINT('',(-0.00261606983406293,-0.00913648120814778,0.113625253569142));
#1399=CARTESIAN_POINT('',(-0.00261959297568287,-0.00921060855564551,0.113715703035932));
#1400=CARTESIAN_POINT('',(-0.00261835453420805,-0.00933715220969747,0.113910602258329));
#1401=CARTESIAN_POINT('',(-0.00261359302611791,-0.0093895624753676,0.114015042714187));
#1402=CARTESIAN_POINT('',(-0.00259604039276339,-0.0094698418730833,0.114232315042234));
#1403=CARTESIAN_POINT('',(-0.00258325003574441,-0.00949770708359873,0.114345136891049));
#1404=CARTESIAN_POINT('',(-0.00256678798780757,-0.00951255415441972,0.11445913118626));
#1405=CARTESIAN_POINT('',(-0.0020214411337819,-0.00892373625550069,0.113243188323247));
#1406=CARTESIAN_POINT('',(-0.00203086109624585,-0.00902165032240411,0.113302900949049));
#1407=CARTESIAN_POINT('',(-0.00203708270046321,-0.00911305145047605,0.113373731365278));
#1408=CARTESIAN_POINT('',(-0.00204280997898404,-0.0092780404168559,0.11353391983126));
#1409=CARTESIAN_POINT('',(-0.0020423157387302,-0.00935162176045801,0.11362326984898));
#1410=CARTESIAN_POINT('',(-0.00203464538341847,-0.00947710802990981,0.1138157905707));
#1411=CARTESIAN_POINT('',(-0.00202746963624661,-0.00952900721033711,0.113918952463629));
#1412=CARTESIAN_POINT('',(-0.00200681424138097,-0.00960838474555682,0.114133671130603));
#1413=CARTESIAN_POINT('',(-0.00199333550579579,-0.00963585946384704,0.114245218369577));
#1414=CARTESIAN_POINT('',(-0.00197705902083626,-0.00965040205815925,0.114358035915064));
#1415=CARTESIAN_POINT('',(-0.000896811234163157,-0.00910391439092697,0.113078267652696));
#1416=CARTESIAN_POINT('',(-0.000894836102610399,-0.00920010927918685,0.113137020082959));
#1417=CARTESIAN_POINT('',(-0.00089074379423228,-0.00928969574265845,0.113206453718888));
#1418=CARTESIAN_POINT('',(-0.000878538391156203,-0.00945114596392738,0.113363194782096));
#1419=CARTESIAN_POINT('',(-0.000870425986439716,-0.00952300381172982,0.113450495032284));
#1420=CARTESIAN_POINT('',(-0.000850597818420729,-0.00964537403734811,0.113638555838526));
#1421=CARTESIAN_POINT('',(-0.000838882914182992,-0.0096958812506398,0.113739308465948));
#1422=CARTESIAN_POINT('',(-0.000812444565923562,-0.00977298620605349,0.113949187653422));
#1423=CARTESIAN_POINT('',(-0.000797722240640951,-0.00979958084833508,0.114058305562515));
#1424=CARTESIAN_POINT('',(-0.000781867275270863,-0.00981355039170811,0.114168862419224));
#1425=CARTESIAN_POINT('',(-0.000324683618607181,-0.0091406721319444,0.113001527683018));
#1426=CARTESIAN_POINT('',(-0.000317265269329465,-0.00923551838869791,0.113059852578304));
#1427=CARTESIAN_POINT('',(-0.000308264578900252,-0.00932376169475574,0.113128650861002));
#1428=CARTESIAN_POINT('',(-0.000287549160707446,-0.00948269192297874,0.113283805886382));
#1429=CARTESIAN_POINT('',(-0.000275835376375488,-0.009553373227628,0.113370155832555));
#1430=CARTESIAN_POINT('',(-0.000250280265776559,-0.00967368636721955,0.113556135318747));
#1431=CARTESIAN_POINT('',(-0.000236439997061632,-0.00972331332311982,0.113655757323974));
#1432=CARTESIAN_POINT('',(-0.000207320771726798,-0.00979904846457787,0.113863350924688));
#1433=CARTESIAN_POINT('',(-0.000192042996785283,-0.00982515380200436,0.113971314265098));
#1434=CARTESIAN_POINT('',(-0.000176423865423708,-0.00983885487447828,0.114080787370365));
#1435=CARTESIAN_POINT('',(0.000818769371217445,-0.00910561193660584,0.112862153559783));
#1436=CARTESIAN_POINT('',(0.000836487277948472,-0.009197039091009,0.112919724444796));
#1437=CARTESIAN_POINT('',(0.000854748832102676,-0.00928196901585682,0.112987385477284));
#1438=CARTESIAN_POINT('',(0.000891485448170637,-0.00943480266456337,0.113139679448893));
#1439=CARTESIAN_POINT('',(0.000909959133538418,-0.0095027013287895,0.113224306259269));
#1440=CARTESIAN_POINT('',(0.000946233687829312,-0.00961824122329677,0.113406494719977));
#1441=CARTESIAN_POINT('',(0.000964033171259981,-0.00966587811011696,0.113504049527946));
#1442=CARTESIAN_POINT('',(0.000998105717159978,-0.00973861259119858,0.113707445571617));
#1443=CARTESIAN_POINT('',(0.00101437752602336,-0.00976370778827118,0.11381327925002));
#1444=CARTESIAN_POINT('',(0.00102949852553551,-0.00977693673621287,0.113920741117477));
#1445=CARTESIAN_POINT('',(0.00139006967898094,-0.00903378885569116,0.112799521971143));
#1446=CARTESIAN_POINT('',(0.00141264456737976,-0.00912314688739085,0.112856766307908));
#1447=CARTESIAN_POINT('',(0.00143525926573097,-0.00920610782263687,0.112923925398037));
#1448=CARTESIAN_POINT('',(0.00147950832429972,-0.00935536706778467,0.113074944322686));
#1449=CARTESIAN_POINT('',(0.00150114112811444,-0.0094216605834917,0.113158798315726));
#1450=CARTESIAN_POINT('',(0.0015424092272271,-0.00953448589214803,0.113339277165751));
#1451=CARTESIAN_POINT('',(0.00156204300738932,-0.00958101359178093,0.11343589547904));
#1452=CARTESIAN_POINT('',(0.0015983886819717,-0.00965211812979605,0.113637379784097));
#1453=CARTESIAN_POINT('',(0.0016150993136258,-0.00967669277029822,0.113742238520533));
#1454=CARTESIAN_POINT('',(0.00162995813790065,-0.00968971816813812,0.113848773089232));
#1455=CARTESIAN_POINT('',(0.00251117162680568,-0.00878343735201266,0.112690544646728));
#1456=CARTESIAN_POINT('',(0.00254288066939287,-0.00886817210367167,0.112747231788069));
#1457=CARTESIAN_POINT('',(0.00257366681267126,-0.00894679002427275,0.112813525328017));
#1458=CARTESIAN_POINT('',(0.00263199849942569,-0.00908824287369123,0.112962333706002));
#1459=CARTESIAN_POINT('',(0.00265954217126025,-0.00915107349779168,0.113044843188214));
#1460=CARTESIAN_POINT('',(0.00271013707684803,-0.00925810765398569,0.113222338388424));
#1461=CARTESIAN_POINT('',(0.00273318657529454,-0.00930230754524075,0.113317318068542));
#1462=CARTESIAN_POINT('',(0.00277374243884688,-0.00937006697326468,0.113515446734778));
#1463=CARTESIAN_POINT('',(0.00279124754732733,-0.00939362465143115,0.113618588978073));
#1464=CARTESIAN_POINT('',(0.00280558480034752,-0.00940632970918692,0.113723483889296));
#1465=CARTESIAN_POINT('',(0.00306094820036182,-0.0086049037846902,0.112644201475868));
#1466=CARTESIAN_POINT('',(0.00309693505740904,-0.00868708572715246,0.112700657897086));
#1467=CARTESIAN_POINT('',(0.00313154016394053,-0.00876333085690485,0.11276658778383));
#1468=CARTESIAN_POINT('',(0.0031964432961224,-0.00890055389706457,0.112914460631093));
#1469=CARTESIAN_POINT('',(0.0032267393145563,-0.00896152772682834,0.11299639843426));
#1470=CARTESIAN_POINT('',(0.00328166852550732,-0.00906548688961759,0.113172619690088));
#1471=CARTESIAN_POINT('',(0.00330629989199954,-0.00910846878418348,0.113266897312099));
#1472=CARTESIAN_POINT('',(0.0033487935010321,-0.00917451394863706,0.113463582309797));
#1473=CARTESIAN_POINT('',(0.00336665450207594,-0.00919757549996652,0.113565983153273));
#1474=CARTESIAN_POINT('',(0.00338073248168232,-0.00921016387127126,0.113670165893389));
#1475=CARTESIAN_POINT('',(0.00411883952788789,-0.00814694962910217,0.112569413898254));
#1476=CARTESIAN_POINT('',(0.00416287401977052,-0.00822371514241895,0.112625500863384));
#1477=CARTESIAN_POINT('',(0.0042046618743112,-0.00829496963884873,0.112690845604627));
#1478=CARTESIAN_POINT('',(0.00428192466085265,-0.00842335898077198,0.112837209286229));
#1479=CARTESIAN_POINT('',(0.00431739733036529,-0.00848049014997396,0.112918223383335));
#1480=CARTESIAN_POINT('',(0.00438048030068433,-0.00857814213193217,0.113092382864542));
#1481=CARTESIAN_POINT('',(0.00440808860456099,-0.00861865986231208,0.113185522746341));
#1482=CARTESIAN_POINT('',(0.00445423167471558,-0.00868130797000126,0.113379863965392));
#1483=CARTESIAN_POINT('',(0.00447276522754544,-0.00870343685259374,0.11348105910463));
#1484=CARTESIAN_POINT('',(0.00448635831773864,-0.00871589047569614,0.11358408070974));
#1485=CARTESIAN_POINT('',(0.00462692921535266,-0.00786752389627798,0.112540972056414));
#1486=CARTESIAN_POINT('',(0.00467473416955021,-0.00794142713778652,0.112596920212633));
#1487=CARTESIAN_POINT('',(0.00471988647137001,-0.00801006502593677,0.112662043416196));
#1488=CARTESIAN_POINT('',(0.00480293872658605,-0.00813385266179406,0.112807833431841));
#1489=CARTESIAN_POINT('',(0.00484083629760451,-0.00818899891352176,0.112888495516378));
#1490=CARTESIAN_POINT('',(0.00490773976563824,-0.00828342028126042,0.113061867262097));
#1491=CARTESIAN_POINT('',(0.00493674358534652,-0.00832269246864487,0.113154571542176));
#1492=CARTESIAN_POINT('',(0.00498459905633564,-0.00838365868649436,0.113348012882785));
#1493=CARTESIAN_POINT('',(0.00500344950691582,-0.0084053513061151,0.11344874386896));
#1494=CARTESIAN_POINT('',(0.00501681710371322,-0.00841778697099754,0.113551316697782));
#1495=CARTESIAN_POINT('',(0.00558256888849814,-0.00721770605273291,0.112502955975088));
#1496=CARTESIAN_POINT('',(0.00563752407632959,-0.0072856451387196,0.11255871801092));
#1497=CARTESIAN_POINT('',(0.00568906849155068,-0.00734886566954297,0.112623544435941));
#1498=CARTESIAN_POINT('',(0.00578314012044562,-0.00746317833916954,0.112768566117641));
#1499=CARTESIAN_POINT('',(0.0058256647057453,-0.00751426730734647,0.112848756800429));
#1500=CARTESIAN_POINT('',(0.0058998797118785,-0.00760213553763295,0.113021073475022));
#1501=CARTESIAN_POINT('',(0.00593156788363936,-0.00763891213927664,0.113113194246729));
#1502=CARTESIAN_POINT('',(0.00598274928259762,-0.00769657652705465,0.113305429656978));
#1503=CARTESIAN_POINT('',(0.00600224131369663,-0.00771746302463219,0.113405538385506));
#1504=CARTESIAN_POINT('',(0.00601522041634583,-0.00772996007814298,0.113507509099969));
#1505=CARTESIAN_POINT('',(0.00603007925324516,-0.00684735784169906,0.112493378058613));
#1506=CARTESIAN_POINT('',(0.00608841813287445,-0.00691219288310703,0.112549093061214));
#1507=CARTESIAN_POINT('',(0.0061429937095544,-0.0069726104931355,0.112613844484331));
#1508=CARTESIAN_POINT('',(0.00624230131424691,-0.00708204585235267,0.112758671898101));
#1509=CARTESIAN_POINT('',(0.00628703058808544,-0.0071310605763866,0.112838743352858));
#1510=CARTESIAN_POINT('',(0.00636474083599659,-0.00721560306685026,0.113010792954041));
#1511=CARTESIAN_POINT('',(0.00639771946995321,-0.00725112828764285,0.113102765920226));
#1512=CARTESIAN_POINT('',(0.00645051669634825,-0.0073071707624544,0.113294695453937));
#1513=CARTESIAN_POINT('',(0.0064703340849704,-0.00732768676668876,0.113394646152185));
#1514=CARTESIAN_POINT('',(0.00648315039435853,-0.00734026291889114,0.11349646361293));
#1515=CARTESIAN_POINT('',(0.00684779051753563,-0.00602963314669114,0.112493368124531));
#1516=CARTESIAN_POINT('',(0.00691263365917321,-0.00608796529905878,0.112549083978656));
#1517=CARTESIAN_POINT('',(0.00697305823693724,-0.00614253432280256,0.112613836116384));
#1518=CARTESIAN_POINT('',(0.00708250533311072,-0.00624182991487549,0.112758664679141));
#1519=CARTESIAN_POINT('',(0.00713152482729446,-0.0062865537302213,0.112838736568323));
#1520=CARTESIAN_POINT('',(0.00721607476643282,-0.00636425474599375,0.113010786794933));
#1521=CARTESIAN_POINT('',(0.00725160266677177,-0.00639722960744915,0.113102759952181));
#1522=CARTESIAN_POINT('',(0.00730764852462725,-0.00645002137484252,0.113294689702776));
#1523=CARTESIAN_POINT('',(0.00732816523355108,-0.0064698370779287,0.113394640426921));
#1524=CARTESIAN_POINT('',(0.00734074114938971,-0.00648265283258307,0.113496457889789));
#1525=CARTESIAN_POINT('',(0.00721799683818909,-0.00558218998359533,0.112502948215136));
#1526=CARTESIAN_POINT('',(0.00728595577566467,-0.00563712783124729,0.112558711317737));
#1527=CARTESIAN_POINT('',(0.00734919408278673,-0.00568865574589606,0.112623538658547));
#1528=CARTESIAN_POINT('',(0.00746353773551089,-0.00578269736069706,0.112768561862419));
#1529=CARTESIAN_POINT('',(0.00751463991179341,-0.00582520843372059,0.112848753151722));
#1530=CARTESIAN_POINT('',(0.00760252976711895,-0.00589940040870585,0.11302107077797));
#1531=CARTESIAN_POINT('',(0.00763931478719498,-0.00593107906271462,0.113113191894962));
#1532=CARTESIAN_POINT('',(0.00769699115073522,-0.00598224608667213,0.113305427833441));
#1533=CARTESIAN_POINT('',(0.00771788120756077,-0.0060017332612397,0.113405536745072));
#1534=CARTESIAN_POINT('',(0.0077303794088634,-0.00601470998380564,0.113507507634327));
#1535=CARTESIAN_POINT('',(0.00786766300955953,-0.00462656930346916,0.112540970620957));
#1536=CARTESIAN_POINT('',(0.00794159087453374,-0.00467435162343997,0.112596920279012));
#1537=CARTESIAN_POINT('',(0.00801025114424014,-0.00471948199376361,0.112662044804646));
#1538=CARTESIAN_POINT('',(0.00813407841123692,-0.00480249353672674,0.11280783709136));
#1539=CARTESIAN_POINT('',(0.00818924191393988,-0.00484037232869761,0.112888500125075));
#1540=CARTESIAN_POINT('',(0.00828369225364445,-0.00490724276979107,0.11306187345084));
#1541=CARTESIAN_POINT('',(0.00832297616362743,-0.00493623234318324,0.113154578361984));
#1542=CARTESIAN_POINT('',(0.00838396010004845,-0.00498406481547201,0.113348020763365));
#1543=CARTESIAN_POINT('',(0.00840565871774408,-0.00500290651476998,0.113448752179461));
#1544=CARTESIAN_POINT('',(0.00841809749665034,-0.00501626835470507,0.11355132542417));
#1545=CARTESIAN_POINT('',(0.00814710723697349,-0.00411843160071734,0.112569410526184));
#1546=CARTESIAN_POINT('',(0.00822388888663664,-0.00416245057842601,0.112625499506013));
#1547=CARTESIAN_POINT('',(0.00829515799913321,-0.00420422254298347,0.112690846008794));
#1548=CARTESIAN_POINT('',(0.00842357340732025,-0.00428145448842529,0.112837212686936));
#1549=CARTESIAN_POINT('',(0.00848071602822298,-0.004316912209334,0.112918228019187));
#1550=CARTESIAN_POINT('',(0.00857838771295144,-0.00437996763241186,0.113092389508083));
#1551=CARTESIAN_POINT('',(0.00861891369603773,-0.00440756334012396,0.113185530162592));
#1552=CARTESIAN_POINT('',(0.00868157511353145,-0.00445368461912341,0.113379872607476));
#1553=CARTESIAN_POINT('',(0.00870370905513445,-0.00447220897914151,0.113481068200031));
#1554=CARTESIAN_POINT('',(0.00871616613802317,-0.00448579488425496,0.113584090207255));
#1555=CARTESIAN_POINT('',(0.0086052370136562,-0.00306042593992762,0.112644168139491));
#1556=CARTESIAN_POINT('',(0.00868740608783282,-0.00309642781727595,0.112700628437963));
#1557=CARTESIAN_POINT('',(0.00876363851849327,-0.00313104388228238,0.112766561604223));
#1558=CARTESIAN_POINT('',(0.00890083871162928,-0.00319596210034654,0.112914439788559));
#1559=CARTESIAN_POINT('',(0.0089618023966061,-0.00322626225162087,0.112996379649446));
#1560=CARTESIAN_POINT('',(0.00906574551385547,-0.00328119421868178,0.113172603947904));
#1561=CARTESIAN_POINT('',(0.00910872151070602,-0.00330582421416392,0.11326688255504));
#1562=CARTESIAN_POINT('',(0.00917476019766836,-0.00334831074120552,0.113463568768558));
#1563=CARTESIAN_POINT('',(0.00919782117179989,-0.00336616603736251,0.11356596984301));
#1564=CARTESIAN_POINT('',(0.00921041180620456,-0.00338023656450359,0.113670152677437));
#1565=CARTESIAN_POINT('',(0.0087839069396219,-0.00251059779616831,0.112690483437582));
#1566=CARTESIAN_POINT('',(0.00886861030665133,-0.00254234379612167,0.112747175747718));
#1567=CARTESIAN_POINT('',(0.00894719782224945,-0.00257316039680734,0.112813473595716));
#1568=CARTESIAN_POINT('',(0.00908859574261239,-0.00263154098205967,0.11296228884452));
#1569=CARTESIAN_POINT('',(0.00915140184734164,-0.00265910310243009,0.113044800889751));
#1570=CARTESIAN_POINT('',(0.00925839582892024,-0.00270972410657858,0.113222299697893));
#1571=CARTESIAN_POINT('',(0.00930258006936502,-0.00273278126300075,0.113317280423246));
#1572=CARTESIAN_POINT('',(0.00937031895859994,-0.00277334284631732,0.11351541013038));
#1573=CARTESIAN_POINT('',(0.00939387175229175,-0.0027908460253642,0.11361855236975));
#1574=CARTESIAN_POINT('',(0.00940657764607266,-0.00280517702507541,0.113723447102314));
#1575=CARTESIAN_POINT('',(0.00903441148963911,-0.00138951811649598,0.112799408003433));
#1576=CARTESIAN_POINT('',(0.00912371743307733,-0.0014121639660059,0.112856659358607));
#1577=CARTESIAN_POINT('',(0.00920662745628114,-0.00143483977764675,0.112923824200329));
#1578=CARTESIAN_POINT('',(0.00935579378592682,-0.00147919175932445,0.113074852089006));
#1579=CARTESIAN_POINT('',(0.00942204530626822,-0.00150086638324151,0.113158709295109));
#1580=CARTESIAN_POINT('',(0.00953480057043254,-0.00154219974882952,0.113339192421513));
#1581=CARTESIAN_POINT('',(0.00958130022865855,-0.00156185698645981,0.113435811798852));
#1582=CARTESIAN_POINT('',(0.00965236589573357,-0.001598232322931,0.113637296844061));
#1583=CARTESIAN_POINT('',(0.00967692971293491,-0.00161494917158809,0.113742155257455));
#1584=CARTESIAN_POINT('',(0.00968995352160946,-0.0016298060771196,0.113848689365037));
#1585=CARTESIAN_POINT('',(0.00910626337659814,-0.000818274178495517,0.11286201979521));
#1586=CARTESIAN_POINT('',(0.00919763619053812,-0.000836075669300861,0.112919598135846));
#1587=CARTESIAN_POINT('',(0.00928251237285538,-0.000854410066096788,0.112987265257376));
#1588=CARTESIAN_POINT('',(0.00943524720173905,-0.000891270872384692,0.113139568677848));
#1589=CARTESIAN_POINT('',(0.00950310079865768,-0.000909795916269884,0.113224198848965));
#1590=CARTESIAN_POINT('',(0.0096185650147933,-0.000946152344195261,0.113406391763887));
#1591=CARTESIAN_POINT('',(0.00966617130016961,-0.00096398235458614,0.113503947666363));
#1592=CARTESIAN_POINT('',(0.00973886283261524,-0.000998096057220489,0.113707344519589));
#1593=CARTESIAN_POINT('',(0.0097639456905387,-0.00101437850941677,0.113813177914195));
#1594=CARTESIAN_POINT('',(0.00977717218151074,-0.00102950064846171,0.113920639449201));
#1595=CARTESIAN_POINT('',(0.00914127159740344,0.000325037602775819,0.113001398170542));
#1596=CARTESIAN_POINT('',(0.00923606973305294,0.000317534059921805,0.113059729490424));
#1597=CARTESIAN_POINT('',(0.00932426496136594,0.000308458085182429,0.113128533001347));
#1598=CARTESIAN_POINT('',(0.00948310630479021,0.000287612513413859,0.113283696098376));
#1599=CARTESIAN_POINT('',(0.00955374681266441,0.000275843850182755,0.113370048889018));
#1600=CARTESIAN_POINT('',(0.00967399123406371,0.0002501992839683,0.113556032128284));
#1601=CARTESIAN_POINT('',(0.00972359027851977,0.000236324428044804,0.113655655043261));
#1602=CARTESIAN_POINT('',(0.00979928617263262,0.000207155834404365,0.113863249381744));
#1603=CARTESIAN_POINT('',(0.00982538018269856,0.000191863266165768,0.113971212551414));
#1604=CARTESIAN_POINT('',(0.00983907896091742,0.000176238959700098,0.114080685557346));
#1605=CARTESIAN_POINT('',(0.00910441456903447,0.000897060825464182,0.11307815812008));
#1606=CARTESIAN_POINT('',(0.00920057004894493,0.000895013079250359,0.113136915578946));
#1607=CARTESIAN_POINT('',(0.00929011718998842,0.000890856272909657,0.113206353279887));
#1608=CARTESIAN_POINT('',(0.00945149485423191,0.000878538727589584,0.113363100554892));
#1609=CARTESIAN_POINT('',(0.00952331947592783,0.000870378670812688,0.11345040295272));
#1610=CARTESIAN_POINT('',(0.00964563394530277,0.000850472084804377,0.113638466506073));
#1611=CARTESIAN_POINT('',(0.00969611863669234,0.000838726406149848,0.113739219733899));
#1612=CARTESIAN_POINT('',(0.00977319227605921,0.000812243103369741,0.113949099275956));
#1613=CARTESIAN_POINT('',(0.00979977813124435,0.000797506588064335,0.114058216940234));
#1614=CARTESIAN_POINT('',(0.00981374635325024,0.000781645546692728,0.11416877363173));
#1615=CARTESIAN_POINT('',(0.00892397144029553,0.00202147322651058,0.113243128995674));
#1616=CARTESIAN_POINT('',(0.00902186562464355,0.0020308586456066,0.11330284348255));
#1617=CARTESIAN_POINT('',(0.00911324757905088,0.00203704928936623,0.113373675299428));
#1618=CARTESIAN_POINT('',(0.0092782020878121,0.0020427219609222,0.113533865661492));
#1619=CARTESIAN_POINT('',(0.00935176815039684,0.00204220407063771,0.113623216174832));
#1620=CARTESIAN_POINT('',(0.00947722961533759,0.00203449369780176,0.113815737142216));
#1621=CARTESIAN_POINT('',(0.00952911927504418,0.00202730157930519,0.113918898785413));
#1622=CARTESIAN_POINT('',(0.00960848469868903,0.00200662063237524,0.11413361650414));
#1623=CARTESIAN_POINT('',(0.00963595682829943,0.00199313271159928,0.114245163044862));
#1624=CARTESIAN_POINT('',(0.00965050049479874,0.00197685061657429,0.11435797988118));
#1625=CARTESIAN_POINT('',(0.00878039810971894,0.00257384274809005,0.113331336443934));
#1626=CARTESIAN_POINT('',(0.00887867200989598,0.0025892049142297,0.113391581959105));
#1627=CARTESIAN_POINT('',(0.00897053527772603,0.00260082335408186,0.113463173806728));
#1628=CARTESIAN_POINT('',(0.00913652741044024,0.00261595745491561,0.113625223213283));
#1629=CARTESIAN_POINT('',(0.00921064948773853,0.00261947284885406,0.113715672265478));
#1630=CARTESIAN_POINT('',(0.00933718567355418,0.00261822030915876,0.113910570319384));
#1631=CARTESIAN_POINT('',(0.00938959374045223,0.00261345244925748,0.114015010021104));
#1632=CARTESIAN_POINT('',(0.00946987185334009,0.0025958884249771,0.114232280556894));
#1633=CARTESIAN_POINT('',(0.00949773797679607,0.00258309302745829,0.114345101367371));
#1634=CARTESIAN_POINT('',(0.00951258746416113,0.00256662663629876,0.114459094524128));
#1635=CARTESIAN_POINT('',(0.00839226160829192,0.00363955188577953,0.113516089682076));
#1636=CARTESIAN_POINT('',(0.00849006887061975,0.0036671791188962,0.11357750483815));
#1637=CARTESIAN_POINT('',(0.00858178019336859,0.00368997957083449,0.113650732940444));
#1638=CARTESIAN_POINT('',(0.00874789756406713,0.0037246618238122,0.113816734065991));
#1639=CARTESIAN_POINT('',(0.00882229627700171,0.00373654254713812,0.113909497545196));
#1640=CARTESIAN_POINT('',(0.0089496307189546,0.00374873015887739,0.114109366062153));
#1641=CARTESIAN_POINT('',(0.00900255984087778,0.00374903642879151,0.114216460734041));
#1642=CARTESIAN_POINT('',(0.00908397502662969,0.00373805430458669,0.114438995683601));
#1643=CARTESIAN_POINT('',(0.00911245659434404,0.00372676629307132,0.114554424875902));
#1644=CARTESIAN_POINT('',(0.00912791963400477,0.0037099963743884,0.114670801688057));
#1645=CARTESIAN_POINT('',(0.00814771120723486,0.00415287184511095,0.113612631994162));
#1646=CARTESIAN_POINT('',(0.00824467047153683,0.004186786776535,0.113674685902113));
#1647=CARTESIAN_POINT('',(0.00833574694857124,0.00421534095885779,0.113748790333159));
#1648=CARTESIAN_POINT('',(0.00850094903355553,0.00426010917355193,0.113916884268615));
#1649=CARTESIAN_POINT('',(0.00857506705505928,0.00427632166622708,0.114010863666504));
#1650=CARTESIAN_POINT('',(0.00870212280555932,0.00429549119643472,0.114213325546568));
#1651=CARTESIAN_POINT('',(0.00875505366112395,0.0042984472132753,0.114321797086104));
#1652=CARTESIAN_POINT('',(0.00883669188071597,0.00429092992415612,0.114547043476335));
#1653=CARTESIAN_POINT('',(0.0088653944633827,0.00428045675704798,0.114663806668626));
#1654=CARTESIAN_POINT('',(0.00888116505463269,0.00426356762958914,0.114781390676922));
#1655=CARTESIAN_POINT('',(0.00756669730640017,0.00512268766603261,0.113810631486953));
#1656=CARTESIAN_POINT('',(0.00766055230493843,0.00516918153148508,0.113874066243292));
#1657=CARTESIAN_POINT('',(0.00774905798178135,0.00520929054627555,0.113950023339561));
#1658=CARTESIAN_POINT('',(0.0079101257767209,0.00527436924430763,0.114122483937042));
#1659=CARTESIAN_POINT('',(0.00798267990657253,0.00529933635433413,0.11421897613413));
#1660=CARTESIAN_POINT('',(0.00810753516450546,0.00533265930892551,0.114426753985083));
#1661=CARTESIAN_POINT('',(0.0081598289749904,0.00534101321701716,0.114538027470898));
#1662=CARTESIAN_POINT('',(0.00824103378600178,0.00534060446619191,0.11476874768677));
#1663=CARTESIAN_POINT('',(0.00826993948850597,0.00533184134879275,0.11488818154443));
#1664=CARTESIAN_POINT('',(0.00828629359897604,0.00531477972357386,0.115008155009393));
#1665=CARTESIAN_POINT('',(0.00723024661343215,0.00557916389375123,0.113912085187885));
#1666=CARTESIAN_POINT('',(0.00732184370045366,0.00563194837329767,0.113976262179964));
#1667=CARTESIAN_POINT('',(0.00740841183613443,0.00567785800454358,0.114053195717489));
#1668=CARTESIAN_POINT('',(0.00756625772792818,0.00575316046299224,0.114227930302418));
#1669=CARTESIAN_POINT('',(0.00763752734560996,0.00578255014516904,0.114325719410519));
#1670=CARTESIAN_POINT('',(0.00776045857637714,0.00582304420577431,0.114536219855781));
#1671=CARTESIAN_POINT('',(0.00781211269420745,0.00583414613385724,0.11464891837621));
#1672=CARTESIAN_POINT('',(0.00789265971337257,0.00583738094382813,0.114882400820993));
#1673=CARTESIAN_POINT('',(0.00792154708539791,0.00582951301335928,0.115003171231953));
#1674=CARTESIAN_POINT('',(0.00793817698367119,0.00581239812174258,0.115124326818636));
#1675=CARTESIAN_POINT('',(0.00685385480411204,0.00599942698789865,0.114014181394535));
#1676=CARTESIAN_POINT('',(0.00694245735214764,0.00605831014276434,0.114079144549207));
#1677=CARTESIAN_POINT('',(0.00702639744331966,0.00610986366264002,0.114157091545903));
#1678=CARTESIAN_POINT('',(0.00717978646632578,0.00619513828668347,0.114334156572306));
#1679=CARTESIAN_POINT('',(0.0072492271912486,0.00622885563437697,0.11443326200358));
#1680=CARTESIAN_POINT('',(0.00736933335940515,0.00627638458267857,0.114646503071006));
#1681=CARTESIAN_POINT('',(0.00741999120528852,0.00629019317682972,0.114760625218533));
#1682=CARTESIAN_POINT('',(0.00749938207053969,0.00629703579201127,0.114996844366201));
#1683=CARTESIAN_POINT('',(0.00752810938632011,0.00629006860052521,0.115118927190705));
#1684=CARTESIAN_POINT('',(0.00754498580688606,0.00627292759389342,0.115241229443789));
#1685=CARTESIAN_POINT('',(0.00754838940398771,0.00627606067822584,0.115241166276505));
#1686=CARTESIAN_POINT('',(0.00747062705080766,0.00634560442843733,0.114753545622191));
#1687=CARTESIAN_POINT('',(0.00720308801331228,0.00623812804640436,0.114278199748632));
#1688=CARTESIAN_POINT('',(0.00685443684197701,0.00600040500360958,0.114012516977399));
#1689=CARTESIAN_POINT('',(0.0061950058182117,0.00547645059320723,0.115337697514189));
#1690=CARTESIAN_POINT('',(0.00643084462220248,0.00644163690089636,0.114123446610448));
#1691=CARTESIAN_POINT('',(0.00677397454223481,0.00669604545419591,0.1143902071091));
#1692=CARTESIAN_POINT('',(0.00703616502682851,0.00681877051462041,0.114872603443062));
#1693=CARTESIAN_POINT('',(0.00710466350013073,0.00676066043512221,0.115368137695632));
#1694=CARTESIAN_POINT('',(0.00602057628730734,0.00571624455786884,0.115373937027355));
#1695=CARTESIAN_POINT('',(0.00637236696794899,0.00649676861554069,0.114139476360034));
#1696=CARTESIAN_POINT('',(0.00671137598193369,0.00676095815282336,0.114403229941268));
#1697=CARTESIAN_POINT('',(0.00697215136816187,0.00688712327314638,0.114889987108208));
#1698=CARTESIAN_POINT('',(0.00704028641953414,0.00681906231041576,0.115384976496896));
#1699=CARTESIAN_POINT('',(0.000110868753984195,-0.000110874777420528,0.115390267264593));
#1700=CARTESIAN_POINT('',(-0.00681923810392186,-0.0070404693749278,0.115384975449703));
#1701=CARTESIAN_POINT('',(-0.00688685183906585,-0.0069725467997893,0.114889896166232));
#1702=CARTESIAN_POINT('',(-0.0067612763342558,-0.0067109804186071,0.114403418449693));
#1703=CARTESIAN_POINT('',(-0.00649664980772363,-0.00637230192395389,0.114139679432803));
#1704=CARTESIAN_POINT('',(-0.00574750227808679,-0.00598960658695091,0.11538257095486));
#1705=CARTESIAN_POINT('',(0.00492147576123198,0.00418474906899367,0.119153998826936));
#1706=MECHANICAL_DESIGN_GEOMETRIC_PRESENTATION_REPRESENTATION('',(#265),
#1707);
#1707=(
GEOMETRIC_REPRESENTATION_CONTEXT(3)
GLOBAL_UNCERTAINTY_ASSIGNED_CONTEXT((#1708))
GLOBAL_UNIT_ASSIGNED_CONTEXT((#1711,#1710,#1709))
REPRESENTATION_CONTEXT(
'VRC-LANDING-GEAR-FOOT__VRC-LANDING-GEAR-FOOT__VRC-LANDING-GEAR-FOOT__
VRC-LANDING-GEAR-FOOT','TOP_LEVEL_ASSEMBLY_PART')
);
#1708=UNCERTAINTY_MEASURE_WITH_UNIT(LENGTH_MEASURE(2.E-5),#1711,
'DISTANCE_ACCURACY_VALUE','Maximum Tolerance applied to model');
#1709=(
NAMED_UNIT(*)
SI_UNIT($,.STERADIAN.)
SOLID_ANGLE_UNIT()
);
#1710=(
NAMED_UNIT(*)
PLANE_ANGLE_UNIT()
SI_UNIT($,.RADIAN.)
);
#1711=(
LENGTH_UNIT()
NAMED_UNIT(*)
SI_UNIT($,.METRE.)
);
#1712=PRODUCT_DEFINITION_SHAPE('','',#1713);
#1713=PRODUCT_DEFINITION('','',#1715,#1714);
#1714=PRODUCT_DEFINITION_CONTEXT('',#1721,'design');
#1715=PRODUCT_DEFINITION_FORMATION_WITH_SPECIFIED_SOURCE('','',#1717,
 .NOT_KNOWN.);
#1716=PRODUCT_RELATED_PRODUCT_CATEGORY('','',(#1717));
#1717=PRODUCT(
'VRC-LANDING-GEAR-FOOT__VRC-LANDING-GEAR-FOOT__VRC-LANDING-GEAR-FOOT__
VRC-LANDING-GEAR-FOOT',
'VRC-LANDING-GEAR-FOOT__VRC-LANDING-GEAR-FOOT__VRC-LANDING-GEAR-FOOT__
VRC-LANDING-GEAR-FOOT',
'VRC-LANDING-GEAR-FOOT__VRC-LANDING-GEAR-FOOT__VRC-LANDING-GEAR-FOOT__
VRC-LANDING-GEAR-FOOT',(#1719));
#1718=PRODUCT_CATEGORY('','');
#1719=PRODUCT_CONTEXT('',#1721,'mechanical');
#1720=APPLICATION_PROTOCOL_DEFINITION('international standard',
'ap242_managed_model_based_3d_engineering',2020,#1721);
#1721=APPLICATION_CONTEXT('managed model based 3d engineering');
ENDSEC;
END-ISO-10303-21;
