ISO-10303-21;
HEADER;
/* Generated by software containing ST-Developer
 * from STEP Tools, Inc. (www.steptools.com) 
 */
/* OPTION: using custom renumber hook */

FILE_DESCRIPTION(
/* description */ ('STEP AP242 Edition 2',
'CAx-IF Rec.Pracs.---Representation and Presentation of Product Manufa
cturing Information (PMI)---4.0---2014-10-13',
'CAx-IF Rec.Pracs.---3D Tessellated Geometry---0.4---2014-09-14','2;1',
'CAx-IF Rec.Pracs.---User Defined Attributes---1.5---2016-08-15'),
/* implementation_level */ '2;1');

FILE_NAME(
/* name */ 'DEXI 3 Landing Gear - DEXI 3 Landing Gear .5 inches',
/* time_stamp */ '2026-08-25T18:23:40Z',
/* author */ (''),
/* organization */ (''),
/* preprocessor_version */ 'ST-DEVELOPER v20',
/* originating_system */ 'ONSHAPE BY PTC INC, 1.219',
/* authorisation */ '  ');

FILE_SCHEMA (('AP242_MANAGED_MODEL_BASED_3D_ENGINEERING_MIM_LF { 1 0 10303 442 3 1 4 }'));
ENDSEC;

DATA;
#10=SHAPE_REPRESENTATION_RELATIONSHIP('','',#1375,#11);
#11=ADVANCED_BREP_SHAPE_REPRESENTATION('',(#1373),#2676);
#12=DEGENERATE_TOROIDAL_SURFACE('',#1506,3.54830283396026E-5,0.00254,.T.);
#13=DEGENERATE_TOROIDAL_SURFACE('',#1508,3.5483028339606E-5,0.00254,.T.);
#14=B_SPLINE_SURFACE_WITH_KNOTS('',3,1,((#2064,#2065),(#2066,#2067),(#2068,
#2069),(#2070,#2071),(#2072,#2073),(#2074,#2075),(#2076,#2077),(#2078,#2079),
(#2080,#2081),(#2082,#2083),(#2084,#2085),(#2086,#2087)),
 .SURF_OF_LINEAR_EXTRUSION.,.F.,.F.,.F.,(4,1,1,1,1,1,1,1,1,4),(2,2),(0.,
0.182706891431598,0.228383614289497,0.274060337147397,0.365413782863196,
0.456767228578995,0.502443951436894,0.548120674294794,0.639474120010593,
0.730827565726392),(0.,1.),.UNSPECIFIED.);
#15=B_SPLINE_SURFACE_WITH_KNOTS('',3,1,((#2313,#2314),(#2315,#2316),(#2317,
#2318),(#2319,#2320),(#2321,#2322),(#2323,#2324),(#2325,#2326),(#2327,#2328),
(#2329,#2330),(#2331,#2332),(#2333,#2334),(#2335,#2336),(#2337,#2338)),
 .SURF_OF_LINEAR_EXTRUSION.,.F.,.F.,.F.,(4,1,1,1,1,1,1,1,1,1,4),(2,2),(0.251117048314704,
0.344727417275366,0.438337786236028,0.485142970716359,0.508545562956525,
0.53194815519669,0.625558524157352,0.719168893118014,0.765974077598345,
0.812779262078676,1.),(0.,1.),.UNSPECIFIED.);
#16=B_SPLINE_SURFACE_WITH_KNOTS('',3,1,((#2362,#2363),(#2364,#2365),(#2366,
#2367),(#2368,#2369),(#2370,#2371),(#2372,#2373),(#2374,#2375),(#2376,#2377),
(#2378,#2379),(#2380,#2381),(#2382,#2383),(#2384,#2385),(#2386,#2387),(#2388,
#2389),(#2390,#2391)),.SURF_OF_LINEAR_EXTRUSION.,.F.,.F.,.F.,(4,1,1,1,1,
1,1,1,1,1,1,1,4),(2,2),(0.,0.221969122663276,0.332953683994913,0.443938245326551,
0.47168438565946,0.49943052599237,0.527176666325279,0.554922806658189,0.665907367989827,
0.721399648655645,0.749145788988555,0.776891929321464,0.887876490653102),
(0.,1.),.UNSPECIFIED.);
#17=B_SPLINE_SURFACE_WITH_KNOTS('',3,1,((#2462,#2463),(#2464,#2465),(#2466,
#2467),(#2468,#2469),(#2470,#2471),(#2472,#2473),(#2474,#2475),(#2476,#2477),
(#2478,#2479),(#2480,#2481),(#2482,#2483)),.SURF_OF_LINEAR_EXTRUSION.,.F.,
 .F.,.F.,(4,1,1,1,1,1,1,1,4),(2,2),(0.123682482504114,0.2332221721911,0.342761861878086,
0.452301551565072,0.507071396408564,0.561841241252057,0.671380930939043,
0.780920620626029,1.),(0.,1.),.UNSPECIFIED.);
#18=LINE('',#1990,#96);
#19=LINE('',#1994,#97);
#20=LINE('',#1999,#98);
#21=LINE('',#2005,#99);
#22=LINE('',#2011,#100);
#23=LINE('',#2034,#101);
#24=LINE('',#2038,#102);
#25=LINE('',#2061,#103);
#26=LINE('',#2102,#104);
#27=LINE('',#2104,#105);
#28=LINE('',#2110,#106);
#29=LINE('',#2120,#107);
#30=LINE('',#2134,#108);
#31=LINE('',#2147,#109);
#32=LINE('',#2154,#110);
#33=LINE('',#2156,#111);
#34=LINE('',#2158,#112);
#35=LINE('',#2167,#113);
#36=LINE('',#2171,#114);
#37=LINE('',#2174,#115);
#38=LINE('',#2176,#116);
#39=LINE('',#2178,#117);
#40=LINE('',#2180,#118);
#41=LINE('',#2182,#119);
#42=LINE('',#2199,#120);
#43=LINE('',#2203,#121);
#44=LINE('',#2215,#122);
#45=LINE('',#2219,#123);
#46=LINE('',#2228,#124);
#47=LINE('',#2232,#125);
#48=LINE('',#2249,#126);
#49=LINE('',#2251,#127);
#50=LINE('',#2253,#128);
#51=LINE('',#2255,#129);
#52=LINE('',#2259,#130);
#53=LINE('',#2261,#131);
#54=LINE('',#2263,#132);
#55=LINE('',#2278,#133);
#56=LINE('',#2292,#134);
#57=LINE('',#2294,#135);
#58=LINE('',#2307,#136);
#59=LINE('',#2353,#137);
#60=LINE('',#2361,#138);
#61=LINE('',#2408,#139);
#62=LINE('',#2410,#140);
#63=LINE('',#2419,#141);
#64=LINE('',#2421,#142);
#65=LINE('',#2428,#143);
#66=LINE('',#2430,#144);
#67=LINE('',#2439,#145);
#68=LINE('',#2441,#146);
#69=LINE('',#2445,#147);
#70=LINE('',#2447,#148);
#71=LINE('',#2496,#149);
#72=LINE('',#2506,#150);
#73=LINE('',#2517,#151);
#74=LINE('',#2520,#152);
#75=LINE('',#2521,#153);
#76=LINE('',#2531,#154);
#77=LINE('',#2541,#155);
#78=LINE('',#2542,#156);
#79=LINE('',#2547,#157);
#80=LINE('',#2548,#158);
#81=LINE('',#2550,#159);
#82=LINE('',#2553,#160);
#83=LINE('',#2554,#161);
#84=LINE('',#2559,#162);
#85=LINE('',#2565,#163);
#86=LINE('',#2566,#164);
#87=LINE('',#2569,#165);
#88=LINE('',#2573,#166);
#89=LINE('',#2576,#167);
#90=LINE('',#2577,#168);
#91=LINE('',#2586,#169);
#92=LINE('',#2597,#170);
#93=LINE('',#2598,#171);
#94=LINE('',#2603,#172);
#95=LINE('',#2604,#173);
#96=VECTOR('',#1575,1.);
#97=VECTOR('',#1580,1.);
#98=VECTOR('',#1583,1.);
#99=VECTOR('',#1588,1.);
#100=VECTOR('',#1595,1.);
#101=VECTOR('',#1602,1.);
#102=VECTOR('',#1607,1.);
#103=VECTOR('',#1614,1.);
#104=VECTOR('',#1617,1.);
#105=VECTOR('',#1618,1.);
#106=VECTOR('',#1619,1.);
#107=VECTOR('',#1624,1.);
#108=VECTOR('',#1627,1.);
#109=VECTOR('',#1628,1.);
#110=VECTOR('',#1631,1.);
#111=VECTOR('',#1632,1.);
#112=VECTOR('',#1633,1.);
#113=VECTOR('',#1638,1.);
#114=VECTOR('',#1643,1.);
#115=VECTOR('',#1644,1.);
#116=VECTOR('',#1645,1.);
#117=VECTOR('',#1646,1.);
#118=VECTOR('',#1649,1.);
#119=VECTOR('',#1650,1.);
#120=VECTOR('',#1651,1.);
#121=VECTOR('',#1654,1.);
#122=VECTOR('',#1657,1.);
#123=VECTOR('',#1660,1.);
#124=VECTOR('',#1661,1.);
#125=VECTOR('',#1664,1.);
#126=VECTOR('',#1667,1.);
#127=VECTOR('',#1668,1.);
#128=VECTOR('',#1669,1.);
#129=VECTOR('',#1672,1.);
#130=VECTOR('',#1675,1.);
#131=VECTOR('',#1678,1.);
#132=VECTOR('',#1679,1.);
#133=VECTOR('',#1684,1.);
#134=VECTOR('',#1687,1.);
#135=VECTOR('',#1688,1.);
#136=VECTOR('',#1689,1.);
#137=VECTOR('',#1690,1.);
#138=VECTOR('',#1695,1.);
#139=VECTOR('',#1696,1.);
#140=VECTOR('',#1697,1.);
#141=VECTOR('',#1702,1.);
#142=VECTOR('',#1703,1.);
#143=VECTOR('',#1706,1.);
#144=VECTOR('',#1707,1.);
#145=VECTOR('',#1710,1.);
#146=VECTOR('',#1713,1.);
#147=VECTOR('',#1716,1.);
#148=VECTOR('',#1717,1.);
#149=VECTOR('',#1718,1.);
#150=VECTOR('',#1727,1.);
#151=VECTOR('',#1746,1.);
#152=VECTOR('',#1747,1.);
#153=VECTOR('',#1748,1.);
#154=VECTOR('',#1755,1.);
#155=VECTOR('',#1760,1.);
#156=VECTOR('',#1761,1.);
#157=VECTOR('',#1766,1.);
#158=VECTOR('',#1767,1.);
#159=VECTOR('',#1770,1.);
#160=VECTOR('',#1771,1.);
#161=VECTOR('',#1772,1.);
#162=VECTOR('',#1781,1.);
#163=VECTOR('',#1788,1.);
#164=VECTOR('',#1789,1.);
#165=VECTOR('',#1794,1.);
#166=VECTOR('',#1799,1.);
#167=VECTOR('',#1800,1.);
#168=VECTOR('',#1801,1.);
#169=VECTOR('',#1808,1.);
#170=VECTOR('',#1813,1.);
#171=VECTOR('',#1814,1.);
#172=VECTOR('',#1819,1.);
#173=VECTOR('',#1820,1.);
#174=PLANE('',#1397);
#175=PLANE('',#1400);
#176=PLANE('',#1407);
#177=PLANE('',#1412);
#178=PLANE('',#1420);
#179=PLANE('',#1424);
#180=PLANE('',#1430);
#181=PLANE('',#1433);
#182=PLANE('',#1447);
#183=PLANE('',#1452);
#184=PLANE('',#1457);
#185=PLANE('',#1462);
#186=PLANE('',#1463);
#187=PLANE('',#1465);
#188=PLANE('',#1472);
#189=PLANE('',#1473);
#190=PLANE('',#1476);
#191=PLANE('',#1481);
#192=PLANE('',#1482);
#193=PLANE('',#1520);
#194=PLANE('',#1523);
#195=PLANE('',#1524);
#196=B_SPLINE_CURVE_WITH_KNOTS('',3,(#1914,#1915,#1916,#1917),
 .UNSPECIFIED.,.F.,.F.,(4,4),(0.00130930362352177,0.00376363294472236),
 .UNSPECIFIED.);
#197=B_SPLINE_CURVE_WITH_KNOTS('',3,(#1920,#1921,#1922,#1923,#1924),
 .UNSPECIFIED.,.F.,.F.,(4,1,4),(0.,0.00135727036521358,0.00271454073042716),
 .UNSPECIFIED.);
#198=B_SPLINE_CURVE_WITH_KNOTS('',3,(#1928,#1929,#1930,#1931,#1932,#1933),
 .UNSPECIFIED.,.F.,.F.,(4,1,1,4),(0.,0.00198464482429525,0.00297696723644288,
0.00396928964859051),.UNSPECIFIED.);
#199=B_SPLINE_CURVE_WITH_KNOTS('',3,(#1937,#1938,#1939,#1940),
 .UNSPECIFIED.,.F.,.F.,(4,4),(0.00262622900002648,0.00507584413156868),
 .UNSPECIFIED.);
#200=B_SPLINE_CURVE_WITH_KNOTS('',3,(#1948,#1949,#1950,#1951,#1952,#1953,
#1954),.UNSPECIFIED.,.F.,.F.,(4,1,1,1,4),(0.00431620420015493,0.0054922487214748,
0.00666829324279467,0.00784433776411454,0.00902038228543441),
 .UNSPECIFIED.);
#201=B_SPLINE_CURVE_WITH_KNOTS('',3,(#1959,#1960,#1961,#1962,#1963,#1964),
 .UNSPECIFIED.,.F.,.F.,(4,1,1,4),(0.,0.00119564794560131,0.00239129589120263,
0.00478259178240525),.UNSPECIFIED.);
#202=B_SPLINE_CURVE_WITH_KNOTS('',3,(#1968,#1969,#1970,#1971,#1972,#1973),
 .UNSPECIFIED.,.F.,.F.,(4,1,1,4),(0.,0.00119564794560138,0.00239129589120276,
0.00478259178240551),.UNSPECIFIED.);
#203=B_SPLINE_CURVE_WITH_KNOTS('',3,(#2016,#2017,#2018,#2019,#2020,#2021),
 .UNSPECIFIED.,.F.,.F.,(4,1,1,4),(0.647341210589495,0.735505907942121,0.823670605294748,
1.),.UNSPECIFIED.);
#204=B_SPLINE_CURVE_WITH_KNOTS('',3,(#2025,#2026,#2027,#2028,#2029,#2030),
 .UNSPECIFIED.,.F.,.F.,(4,1,1,4),(0.,0.176164200189708,0.264246300284563,
0.352328400379417),.UNSPECIFIED.);
#205=B_SPLINE_CURVE_WITH_KNOTS('',3,(#2043,#2044,#2045,#2046,#2047,#2048),
 .UNSPECIFIED.,.F.,.F.,(4,1,1,4),(0.647341210523826,0.735505907892869,0.823670605261913,
1.),.UNSPECIFIED.);
#206=B_SPLINE_CURVE_WITH_KNOTS('',3,(#2052,#2053,#2054,#2055,#2056,#2057),
 .UNSPECIFIED.,.F.,.F.,(4,1,1,4),(0.,0.176164200233396,0.264246300350095,
0.352328400466793),.UNSPECIFIED.);
#207=B_SPLINE_CURVE_WITH_KNOTS('',3,(#2088,#2089,#2090,#2091,#2092,#2093,
#2094,#2095,#2096,#2097,#2098,#2099),.UNSPECIFIED.,.F.,.F.,(4,1,1,1,1,1,
1,1,1,4),(0.,0.182706891431598,0.228383614289497,0.274060337147397,0.365413782863196,
0.456767228578995,0.502443951436894,0.548120674294794,0.639474120010593,
0.730827565726392),.UNSPECIFIED.);
#208=B_SPLINE_CURVE_WITH_KNOTS('',3,(#2106,#2107,#2108,#2109),
 .UNSPECIFIED.,.F.,.F.,(4,4),(0.,0.00159275466870888),.UNSPECIFIED.);
#209=B_SPLINE_CURVE_WITH_KNOTS('',3,(#2115,#2116,#2117,#2118),
 .UNSPECIFIED.,.F.,.F.,(4,4),(0.,0.000282132307173704),.UNSPECIFIED.);
#210=B_SPLINE_CURVE_WITH_KNOTS('',3,(#2122,#2123,#2124,#2125,#2126,#2127,
#2128,#2129,#2130,#2131),.UNSPECIFIED.,.F.,.F.,(4,1,1,1,1,1,1,4),(0.,0.000725788885976232,
0.00145157777195246,0.00290315554390493,0.0043547333158574,0.00580631108780986,
0.00870946663171479,0.0116126221756197),.UNSPECIFIED.);
#211=B_SPLINE_CURVE_WITH_KNOTS('',3,(#2136,#2137,#2138,#2139,#2140,#2141,
#2142,#2143,#2144,#2145),.UNSPECIFIED.,.F.,.F.,(4,1,1,1,1,1,1,4),(1.25712889330015E-9,
0.00326034653040475,0.0065206918036806,0.00815086444031852,0.00978103707695645,
0.0114112097135944,0.0122262960319133,0.0130413823502323),.UNSPECIFIED.);
#212=B_SPLINE_CURVE_WITH_KNOTS('',3,(#2149,#2150,#2151,#2152),
 .UNSPECIFIED.,.F.,.F.,(4,4),(0.,0.000430886490292073),.UNSPECIFIED.);
#213=B_SPLINE_CURVE_WITH_KNOTS('',3,(#2160,#2161,#2162,#2163),
 .UNSPECIFIED.,.F.,.F.,(4,4),(0.,1.85110932969483E-5),.UNSPECIFIED.);
#214=B_SPLINE_CURVE_WITH_KNOTS('',3,(#2184,#2185,#2186,#2187,#2188,#2189,
#2190),.UNSPECIFIED.,.F.,.F.,(4,1,1,1,4),(0.,0.00298699832301264,0.00597399664602527,
0.00896099496903791,0.0119479932920505),.UNSPECIFIED.);
#215=B_SPLINE_CURVE_WITH_KNOTS('',3,(#2191,#2192,#2193,#2194,#2195,#2196,
#2197),.UNSPECIFIED.,.F.,.F.,(4,1,1,1,4),(0.,0.00298714141438914,0.00597428282877828,
0.00896142424316742,0.0119485656575566),.UNSPECIFIED.);
#216=B_SPLINE_CURVE_WITH_KNOTS('',3,(#2205,#2206,#2207,#2208,#2209,#2210,
#2211),.UNSPECIFIED.,.F.,.F.,(4,1,1,1,4),(0.,0.00298699832301262,0.00597399664602524,
0.00896099496903787,0.0119479932920505),.UNSPECIFIED.);
#217=B_SPLINE_CURVE_WITH_KNOTS('',3,(#2220,#2221,#2222,#2223,#2224,#2225,
#2226),.UNSPECIFIED.,.F.,.F.,(4,1,1,1,4),(6.93889390390723E-18,0.00298714141438912,
0.00597428282877823,0.00896142424316735,0.0119485656575565),
 .UNSPECIFIED.);
#218=B_SPLINE_CURVE_WITH_KNOTS('',3,(#2234,#2235,#2236,#2237,#2238,#2239,
#2240),.UNSPECIFIED.,.F.,.F.,(4,1,1,1,4),(0.,0.00298699832301261,0.00597399664602522,
0.00896099496903782,0.0119479932920504),.UNSPECIFIED.);
#219=B_SPLINE_CURVE_WITH_KNOTS('',3,(#2241,#2242,#2243,#2244,#2245,#2246,
#2247),.UNSPECIFIED.,.F.,.F.,(4,1,1,1,4),(0.,0.00298714141438912,0.00597428282877824,
0.00896142424316737,0.0119485656575565),.UNSPECIFIED.);
#220=B_SPLINE_CURVE_WITH_KNOTS('',3,(#2265,#2266,#2267,#2268),
 .UNSPECIFIED.,.F.,.F.,(4,4),(1.1042972361364E-8,0.000120755236566409),
 .UNSPECIFIED.);
#221=B_SPLINE_CURVE_WITH_KNOTS('',3,(#2273,#2274,#2275,#2276),
 .UNSPECIFIED.,.F.,.F.,(4,4),(0.,0.000415305936420636),.UNSPECIFIED.);
#222=B_SPLINE_CURVE_WITH_KNOTS('',3,(#2280,#2281,#2282,#2283,#2284,#2285,
#2286,#2287,#2288,#2289),.UNSPECIFIED.,.F.,.F.,(4,1,1,1,1,1,1,4),(-2.08166817117217E-17,
0.000812296705292494,0.00162459341058501,0.00324918682117004,0.00487378023175507,
0.0064983736423401,0.00974756046351016,0.0129967472846802),
 .UNSPECIFIED.);
#223=B_SPLINE_CURVE_WITH_KNOTS('',3,(#2296,#2297,#2298,#2299,#2300,#2301,
#2302,#2303,#2304,#2305),.UNSPECIFIED.,.F.,.F.,(4,1,1,1,1,1,1,4),(0.,0.00286368095379623,
0.00572736190759246,0.00715920238449057,0.00859104286138869,0.0100228833382868,
0.0107388035767359,0.0114547238151849),.UNSPECIFIED.);
#224=B_SPLINE_CURVE_WITH_KNOTS('',3,(#2309,#2310,#2311,#2312),
 .UNSPECIFIED.,.F.,.F.,(4,4),(0.,0.000265579550398057),.UNSPECIFIED.);
#225=B_SPLINE_CURVE_WITH_KNOTS('',3,(#2339,#2340,#2341,#2342,#2343,#2344,
#2345,#2346,#2347,#2348,#2349,#2350,#2351),.UNSPECIFIED.,.F.,.F.,(4,1,1,
1,1,1,1,1,1,1,4),(0.251117048314704,0.344727417275366,0.438337786236028,
0.485142970716359,0.508545562956525,0.53194815519669,0.625558524157352,
0.719168893118014,0.765974077598345,0.812779262078676,1.),.UNSPECIFIED.);
#226=B_SPLINE_CURVE_WITH_KNOTS('',3,(#2354,#2355,#2356,#2357),
 .UNSPECIFIED.,.F.,.F.,(4,4),(0.,0.00166371284975452),.UNSPECIFIED.);
#227=B_SPLINE_CURVE_WITH_KNOTS('',3,(#2392,#2393,#2394,#2395,#2396,#2397,
#2398,#2399,#2400,#2401,#2402,#2403,#2404,#2405,#2406),.UNSPECIFIED.,.F.,
 .F.,(4,1,1,1,1,1,1,1,1,1,1,1,4),(0.,0.221969122663276,0.332953683994913,
0.443938245326551,0.47168438565946,0.49943052599237,0.527176666325279,0.554922806658189,
0.665907367989827,0.721399648655645,0.749145788988555,0.776891929321464,
0.887876490653102),.UNSPECIFIED.);
#228=B_SPLINE_CURVE_WITH_KNOTS('',3,(#2412,#2413,#2414,#2415),
 .UNSPECIFIED.,.F.,.F.,(4,4),(0.,0.00231827134789308),.UNSPECIFIED.);
#229=B_SPLINE_CURVE_WITH_KNOTS('',3,(#2423,#2424,#2425,#2426),
 .UNSPECIFIED.,.F.,.F.,(4,4),(0.,0.000491721577726164),.UNSPECIFIED.);
#230=B_SPLINE_CURVE_WITH_KNOTS('',3,(#2432,#2433,#2434,#2435,#2436),
 .UNSPECIFIED.,.F.,.F.,(4,1,4),(0.,0.00527523214609847,0.0105504642921969),
 .UNSPECIFIED.);
#231=B_SPLINE_CURVE_WITH_KNOTS('',3,(#2449,#2450,#2451,#2452,#2453,#2454,
#2455,#2456,#2457,#2458,#2459,#2460,#2461),.UNSPECIFIED.,.F.,.F.,(4,1,1,
1,1,1,1,1,1,1,4),(0.,0.00276104672739018,0.00414157009108527,0.00552209345478036,
0.00690261681847545,0.00828314018217054,0.00897340186401809,0.00966366354586563,
0.0103539252277132,0.0106990560686369,0.0110441869095607),.UNSPECIFIED.);
#232=B_SPLINE_CURVE_WITH_KNOTS('',3,(#2484,#2485,#2486,#2487,#2488,#2489,
#2490,#2491,#2492,#2493,#2494),.UNSPECIFIED.,.F.,.F.,(4,1,1,1,1,1,1,1,4),
(0.123682482504147,0.233222172191129,0.342761861878111,0.452301551565092,
0.507071396408583,0.561841241252074,0.671380930939055,0.780920620626037,
1.),.UNSPECIFIED.);
#233=B_SPLINE_CURVE_WITH_KNOTS('',3,(#2497,#2498,#2499,#2500),
 .UNSPECIFIED.,.F.,.F.,(4,4),(0.,0.00226686703883257),.UNSPECIFIED.);
#234=B_SPLINE_CURVE_WITH_KNOTS('',3,(#2523,#2524,#2525,#2526,#2527,#2528),
 .UNSPECIFIED.,.F.,.F.,(4,1,1,4),(0.,0.00114128724504521,0.00228257449009042,
0.00456514898018084),.UNSPECIFIED.);
#235=B_SPLINE_CURVE_WITH_KNOTS('',3,(#2534,#2535,#2536,#2537,#2538),
 .UNSPECIFIED.,.F.,.F.,(4,1,4),(0.,0.00220958771650773,0.00441917543301546),
 .UNSPECIFIED.);
#236=B_SPLINE_CURVE_WITH_KNOTS('',3,(#2579,#2580,#2581,#2582,#2583),
 .UNSPECIFIED.,.F.,.F.,(4,1,4),(0.,0.00221799070219929,0.00443598140439857),
 .UNSPECIFIED.);
#237=B_SPLINE_CURVE_WITH_KNOTS('',3,(#2589,#2590,#2591,#2592,#2593,#2594),
 .UNSPECIFIED.,.F.,.F.,(4,1,1,4),(0.,0.00114540565305996,0.00229081130611991,
0.00458162261223982),.UNSPECIFIED.);
#238=B_SPLINE_CURVE_WITH_KNOTS('',3,(#2634,#2635,#2636,#2637,#2638,#2639),
 .UNSPECIFIED.,.F.,.F.,(4,1,1,4),(0.,0.00119564794560134,0.00239129589120268,
0.00478259178240536),.UNSPECIFIED.);
#239=B_SPLINE_CURVE_WITH_KNOTS('',3,(#2641,#2642,#2643,#2644,#2645,#2646),
 .UNSPECIFIED.,.F.,.F.,(4,1,1,4),(0.,0.00119564794560144,0.00239129589120289,
0.00478259178240577),.UNSPECIFIED.);
#240=B_SPLINE_CURVE_WITH_KNOTS('',3,(#2649,#2650,#2651,#2652,#2653,#2654),
 .UNSPECIFIED.,.F.,.F.,(4,1,1,4),(0.,0.00119564794560141,0.00239129589120282,
0.00478259178240564),.UNSPECIFIED.);
#241=B_SPLINE_CURVE_WITH_KNOTS('',3,(#2656,#2657,#2658,#2659,#2660,#2661),
 .UNSPECIFIED.,.F.,.F.,(4,1,1,4),(0.,0.00119564794560141,0.00239129589120282,
0.00478259178240564),.UNSPECIFIED.);
#242=TOROIDAL_SURFACE('',#1380,0.0443427056358214,0.00254);
#243=TOROIDAL_SURFACE('',#1383,0.04446,0.00254);
#244=TOROIDAL_SURFACE('',#1387,0.04254,0.00254);
#245=TOROIDAL_SURFACE('',#1490,0.0101954830283396,0.00762);
#246=TOROIDAL_SURFACE('',#1493,0.0101954830283396,0.00762);
#247=TOROIDAL_SURFACE('',#1496,0.0101954830283396,0.00762);
#248=TOROIDAL_SURFACE('',#1499,0.0101954830283396,0.00762);
#249=TOROIDAL_SURFACE('',#1502,0.0101954830283397,0.00762);
#250=TOROIDAL_SURFACE('',#1505,0.0101954830283396,0.00762);
#251=TOROIDAL_SURFACE('',#1514,0.04254,0.00254);
#252=TOROIDAL_SURFACE('',#1517,0.04254,0.00254);
#253=ORIENTED_EDGE('',*,*,#655,.F.);
#254=ORIENTED_EDGE('',*,*,#656,.F.);
#255=ORIENTED_EDGE('',*,*,#657,.F.);
#256=ORIENTED_EDGE('',*,*,#658,.F.);
#257=ORIENTED_EDGE('',*,*,#659,.F.);
#258=ORIENTED_EDGE('',*,*,#660,.F.);
#259=ORIENTED_EDGE('',*,*,#661,.F.);
#260=ORIENTED_EDGE('',*,*,#662,.F.);
#261=ORIENTED_EDGE('',*,*,#663,.F.);
#262=ORIENTED_EDGE('',*,*,#664,.F.);
#263=ORIENTED_EDGE('',*,*,#665,.F.);
#264=ORIENTED_EDGE('',*,*,#658,.T.);
#265=ORIENTED_EDGE('',*,*,#666,.F.);
#266=ORIENTED_EDGE('',*,*,#667,.F.);
#267=ORIENTED_EDGE('',*,*,#668,.T.);
#268=ORIENTED_EDGE('',*,*,#669,.F.);
#269=ORIENTED_EDGE('',*,*,#670,.T.);
#270=ORIENTED_EDGE('',*,*,#671,.F.);
#271=ORIENTED_EDGE('',*,*,#672,.F.);
#272=ORIENTED_EDGE('',*,*,#673,.T.);
#273=ORIENTED_EDGE('',*,*,#674,.F.);
#274=ORIENTED_EDGE('',*,*,#675,.T.);
#275=ORIENTED_EDGE('',*,*,#676,.F.);
#276=ORIENTED_EDGE('',*,*,#661,.T.);
#277=ORIENTED_EDGE('',*,*,#677,.T.);
#278=ORIENTED_EDGE('',*,*,#678,.T.);
#279=ORIENTED_EDGE('',*,*,#667,.T.);
#280=ORIENTED_EDGE('',*,*,#679,.F.);
#281=ORIENTED_EDGE('',*,*,#680,.T.);
#282=ORIENTED_EDGE('',*,*,#681,.T.);
#283=ORIENTED_EDGE('',*,*,#682,.T.);
#284=ORIENTED_EDGE('',*,*,#683,.T.);
#285=ORIENTED_EDGE('',*,*,#684,.T.);
#286=ORIENTED_EDGE('',*,*,#685,.T.);
#287=ORIENTED_EDGE('',*,*,#686,.T.);
#288=ORIENTED_EDGE('',*,*,#687,.F.);
#289=ORIENTED_EDGE('',*,*,#688,.T.);
#290=ORIENTED_EDGE('',*,*,#689,.T.);
#291=ORIENTED_EDGE('',*,*,#690,.T.);
#292=ORIENTED_EDGE('',*,*,#691,.F.);
#293=ORIENTED_EDGE('',*,*,#692,.T.);
#294=ORIENTED_EDGE('',*,*,#693,.T.);
#295=ORIENTED_EDGE('',*,*,#694,.T.);
#296=ORIENTED_EDGE('',*,*,#695,.T.);
#297=ORIENTED_EDGE('',*,*,#696,.T.);
#298=ORIENTED_EDGE('',*,*,#697,.T.);
#299=ORIENTED_EDGE('',*,*,#698,.T.);
#300=ORIENTED_EDGE('',*,*,#699,.F.);
#301=ORIENTED_EDGE('',*,*,#700,.T.);
#302=ORIENTED_EDGE('',*,*,#701,.T.);
#303=ORIENTED_EDGE('',*,*,#702,.T.);
#304=ORIENTED_EDGE('',*,*,#703,.T.);
#305=ORIENTED_EDGE('',*,*,#704,.T.);
#306=ORIENTED_EDGE('',*,*,#705,.F.);
#307=ORIENTED_EDGE('',*,*,#706,.T.);
#308=ORIENTED_EDGE('',*,*,#707,.T.);
#309=ORIENTED_EDGE('',*,*,#700,.F.);
#310=ORIENTED_EDGE('',*,*,#708,.T.);
#311=ORIENTED_EDGE('',*,*,#709,.F.);
#312=ORIENTED_EDGE('',*,*,#710,.T.);
#313=ORIENTED_EDGE('',*,*,#711,.T.);
#314=ORIENTED_EDGE('',*,*,#712,.T.);
#315=ORIENTED_EDGE('',*,*,#706,.F.);
#316=ORIENTED_EDGE('',*,*,#705,.T.);
#317=ORIENTED_EDGE('',*,*,#713,.T.);
#318=ORIENTED_EDGE('',*,*,#714,.F.);
#319=ORIENTED_EDGE('',*,*,#715,.T.);
#320=ORIENTED_EDGE('',*,*,#716,.F.);
#321=ORIENTED_EDGE('',*,*,#717,.T.);
#322=ORIENTED_EDGE('',*,*,#718,.T.);
#323=ORIENTED_EDGE('',*,*,#719,.F.);
#324=ORIENTED_EDGE('',*,*,#720,.F.);
#325=ORIENTED_EDGE('',*,*,#721,.T.);
#326=ORIENTED_EDGE('',*,*,#714,.T.);
#327=ORIENTED_EDGE('',*,*,#722,.F.);
#328=ORIENTED_EDGE('',*,*,#723,.T.);
#329=ORIENTED_EDGE('',*,*,#724,.T.);
#330=ORIENTED_EDGE('',*,*,#719,.T.);
#331=ORIENTED_EDGE('',*,*,#725,.T.);
#332=ORIENTED_EDGE('',*,*,#726,.T.);
#333=ORIENTED_EDGE('',*,*,#727,.F.);
#334=ORIENTED_EDGE('',*,*,#728,.T.);
#335=ORIENTED_EDGE('',*,*,#729,.F.);
#336=ORIENTED_EDGE('',*,*,#669,.T.);
#337=ORIENTED_EDGE('',*,*,#730,.T.);
#338=ORIENTED_EDGE('',*,*,#731,.T.);
#339=ORIENTED_EDGE('',*,*,#703,.F.);
#340=ORIENTED_EDGE('',*,*,#732,.T.);
#341=ORIENTED_EDGE('',*,*,#733,.F.);
#342=ORIENTED_EDGE('',*,*,#734,.T.);
#343=ORIENTED_EDGE('',*,*,#735,.T.);
#344=ORIENTED_EDGE('',*,*,#736,.T.);
#345=ORIENTED_EDGE('',*,*,#737,.F.);
#346=ORIENTED_EDGE('',*,*,#738,.T.);
#347=ORIENTED_EDGE('',*,*,#739,.T.);
#348=ORIENTED_EDGE('',*,*,#740,.T.);
#349=ORIENTED_EDGE('',*,*,#683,.F.);
#350=ORIENTED_EDGE('',*,*,#741,.T.);
#351=ORIENTED_EDGE('',*,*,#742,.F.);
#352=ORIENTED_EDGE('',*,*,#743,.T.);
#353=ORIENTED_EDGE('',*,*,#744,.T.);
#354=ORIENTED_EDGE('',*,*,#745,.T.);
#355=ORIENTED_EDGE('',*,*,#695,.F.);
#356=ORIENTED_EDGE('',*,*,#746,.T.);
#357=ORIENTED_EDGE('',*,*,#685,.F.);
#358=ORIENTED_EDGE('',*,*,#747,.T.);
#359=ORIENTED_EDGE('',*,*,#748,.T.);
#360=ORIENTED_EDGE('',*,*,#749,.T.);
#361=ORIENTED_EDGE('',*,*,#687,.T.);
#362=ORIENTED_EDGE('',*,*,#750,.T.);
#363=ORIENTED_EDGE('',*,*,#751,.F.);
#364=ORIENTED_EDGE('',*,*,#752,.F.);
#365=ORIENTED_EDGE('',*,*,#753,.T.);
#366=ORIENTED_EDGE('',*,*,#754,.F.);
#367=ORIENTED_EDGE('',*,*,#755,.T.);
#368=ORIENTED_EDGE('',*,*,#680,.F.);
#369=ORIENTED_EDGE('',*,*,#752,.T.);
#370=ORIENTED_EDGE('',*,*,#756,.F.);
#371=ORIENTED_EDGE('',*,*,#757,.T.);
#372=ORIENTED_EDGE('',*,*,#758,.T.);
#373=ORIENTED_EDGE('',*,*,#759,.T.);
#374=ORIENTED_EDGE('',*,*,#754,.T.);
#375=ORIENTED_EDGE('',*,*,#760,.T.);
#376=ORIENTED_EDGE('',*,*,#761,.F.);
#377=ORIENTED_EDGE('',*,*,#762,.T.);
#378=ORIENTED_EDGE('',*,*,#763,.T.);
#379=ORIENTED_EDGE('',*,*,#764,.F.);
#380=ORIENTED_EDGE('',*,*,#765,.T.);
#381=ORIENTED_EDGE('',*,*,#766,.T.);
#382=ORIENTED_EDGE('',*,*,#767,.F.);
#383=ORIENTED_EDGE('',*,*,#690,.F.);
#384=ORIENTED_EDGE('',*,*,#768,.T.);
#385=ORIENTED_EDGE('',*,*,#762,.F.);
#386=ORIENTED_EDGE('',*,*,#761,.T.);
#387=ORIENTED_EDGE('',*,*,#769,.F.);
#388=ORIENTED_EDGE('',*,*,#770,.F.);
#389=ORIENTED_EDGE('',*,*,#691,.T.);
#390=ORIENTED_EDGE('',*,*,#767,.T.);
#391=ORIENTED_EDGE('',*,*,#771,.T.);
#392=ORIENTED_EDGE('',*,*,#772,.F.);
#393=ORIENTED_EDGE('',*,*,#773,.T.);
#394=ORIENTED_EDGE('',*,*,#774,.T.);
#395=ORIENTED_EDGE('',*,*,#692,.F.);
#396=ORIENTED_EDGE('',*,*,#770,.T.);
#397=ORIENTED_EDGE('',*,*,#775,.T.);
#398=ORIENTED_EDGE('',*,*,#776,.F.);
#399=ORIENTED_EDGE('',*,*,#777,.T.);
#400=ORIENTED_EDGE('',*,*,#778,.T.);
#401=ORIENTED_EDGE('',*,*,#773,.F.);
#402=ORIENTED_EDGE('',*,*,#772,.T.);
#403=ORIENTED_EDGE('',*,*,#779,.F.);
#404=ORIENTED_EDGE('',*,*,#665,.T.);
#405=ORIENTED_EDGE('',*,*,#780,.T.);
#406=ORIENTED_EDGE('',*,*,#781,.T.);
#407=ORIENTED_EDGE('',*,*,#777,.F.);
#408=ORIENTED_EDGE('',*,*,#776,.T.);
#409=ORIENTED_EDGE('',*,*,#782,.F.);
#410=ORIENTED_EDGE('',*,*,#783,.F.);
#411=ORIENTED_EDGE('',*,*,#784,.F.);
#412=ORIENTED_EDGE('',*,*,#659,.T.);
#413=ORIENTED_EDGE('',*,*,#779,.T.);
#414=ORIENTED_EDGE('',*,*,#783,.T.);
#415=ORIENTED_EDGE('',*,*,#785,.T.);
#416=ORIENTED_EDGE('',*,*,#786,.F.);
#417=ORIENTED_EDGE('',*,*,#787,.T.);
#418=ORIENTED_EDGE('',*,*,#788,.T.);
#419=ORIENTED_EDGE('',*,*,#789,.T.);
#420=ORIENTED_EDGE('',*,*,#790,.F.);
#421=ORIENTED_EDGE('',*,*,#698,.F.);
#422=ORIENTED_EDGE('',*,*,#791,.T.);
#423=ORIENTED_EDGE('',*,*,#787,.F.);
#424=ORIENTED_EDGE('',*,*,#786,.T.);
#425=ORIENTED_EDGE('',*,*,#792,.F.);
#426=ORIENTED_EDGE('',*,*,#708,.F.);
#427=ORIENTED_EDGE('',*,*,#699,.T.);
#428=ORIENTED_EDGE('',*,*,#790,.T.);
#429=ORIENTED_EDGE('',*,*,#793,.F.);
#430=ORIENTED_EDGE('',*,*,#794,.T.);
#431=ORIENTED_EDGE('',*,*,#795,.T.);
#432=ORIENTED_EDGE('',*,*,#720,.T.);
#433=ORIENTED_EDGE('',*,*,#724,.F.);
#434=ORIENTED_EDGE('',*,*,#796,.T.);
#435=ORIENTED_EDGE('',*,*,#725,.F.);
#436=ORIENTED_EDGE('',*,*,#797,.T.);
#437=ORIENTED_EDGE('',*,*,#737,.T.);
#438=ORIENTED_EDGE('',*,*,#674,.T.);
#439=ORIENTED_EDGE('',*,*,#672,.T.);
#440=ORIENTED_EDGE('',*,*,#655,.T.);
#441=ORIENTED_EDGE('',*,*,#748,.F.);
#442=ORIENTED_EDGE('',*,*,#798,.T.);
#443=ORIENTED_EDGE('',*,*,#739,.F.);
#444=ORIENTED_EDGE('',*,*,#799,.T.);
#445=ORIENTED_EDGE('',*,*,#727,.T.);
#446=ORIENTED_EDGE('',*,*,#800,.T.);
#447=ORIENTED_EDGE('',*,*,#722,.T.);
#448=ORIENTED_EDGE('',*,*,#718,.F.);
#449=ORIENTED_EDGE('',*,*,#713,.F.);
#450=ORIENTED_EDGE('',*,*,#704,.F.);
#451=ORIENTED_EDGE('',*,*,#792,.T.);
#452=ORIENTED_EDGE('',*,*,#789,.F.);
#453=ORIENTED_EDGE('',*,*,#785,.F.);
#454=ORIENTED_EDGE('',*,*,#782,.T.);
#455=ORIENTED_EDGE('',*,*,#775,.F.);
#456=ORIENTED_EDGE('',*,*,#771,.F.);
#457=ORIENTED_EDGE('',*,*,#769,.T.);
#458=ORIENTED_EDGE('',*,*,#766,.F.);
#459=ORIENTED_EDGE('',*,*,#760,.F.);
#460=ORIENTED_EDGE('',*,*,#753,.F.);
#461=ORIENTED_EDGE('',*,*,#751,.T.);
#462=ORIENTED_EDGE('',*,*,#801,.T.);
#463=ORIENTED_EDGE('',*,*,#802,.F.);
#464=ORIENTED_EDGE('',*,*,#803,.T.);
#465=ORIENTED_EDGE('',*,*,#733,.T.);
#466=ORIENTED_EDGE('',*,*,#804,.T.);
#467=ORIENTED_EDGE('',*,*,#711,.F.);
#468=ORIENTED_EDGE('',*,*,#805,.T.);
#469=ORIENTED_EDGE('',*,*,#802,.T.);
#470=ORIENTED_EDGE('',*,*,#806,.T.);
#471=ORIENTED_EDGE('',*,*,#807,.F.);
#472=ORIENTED_EDGE('',*,*,#808,.T.);
#473=ORIENTED_EDGE('',*,*,#716,.T.);
#474=ORIENTED_EDGE('',*,*,#809,.T.);
#475=ORIENTED_EDGE('',*,*,#735,.F.);
#476=ORIENTED_EDGE('',*,*,#810,.T.);
#477=ORIENTED_EDGE('',*,*,#807,.T.);
#478=ORIENTED_EDGE('',*,*,#811,.T.);
#479=ORIENTED_EDGE('',*,*,#812,.T.);
#480=ORIENTED_EDGE('',*,*,#813,.T.);
#481=ORIENTED_EDGE('',*,*,#709,.T.);
#482=ORIENTED_EDGE('',*,*,#814,.T.);
#483=ORIENTED_EDGE('',*,*,#815,.F.);
#484=ORIENTED_EDGE('',*,*,#816,.T.);
#485=ORIENTED_EDGE('',*,*,#729,.T.);
#486=ORIENTED_EDGE('',*,*,#817,.T.);
#487=ORIENTED_EDGE('',*,*,#780,.F.);
#488=ORIENTED_EDGE('',*,*,#818,.T.);
#489=ORIENTED_EDGE('',*,*,#815,.T.);
#490=ORIENTED_EDGE('',*,*,#819,.T.);
#491=ORIENTED_EDGE('',*,*,#820,.F.);
#492=ORIENTED_EDGE('',*,*,#821,.T.);
#493=ORIENTED_EDGE('',*,*,#784,.T.);
#494=ORIENTED_EDGE('',*,*,#822,.T.);
#495=ORIENTED_EDGE('',*,*,#730,.F.);
#496=ORIENTED_EDGE('',*,*,#823,.T.);
#497=ORIENTED_EDGE('',*,*,#820,.T.);
#498=ORIENTED_EDGE('',*,*,#824,.T.);
#499=ORIENTED_EDGE('',*,*,#825,.F.);
#500=ORIENTED_EDGE('',*,*,#671,.T.);
#501=ORIENTED_EDGE('',*,*,#826,.T.);
#502=ORIENTED_EDGE('',*,*,#827,.T.);
#503=ORIENTED_EDGE('',*,*,#663,.T.);
#504=ORIENTED_EDGE('',*,*,#828,.F.);
#505=ORIENTED_EDGE('',*,*,#829,.T.);
#506=ORIENTED_EDGE('',*,*,#742,.T.);
#507=ORIENTED_EDGE('',*,*,#830,.T.);
#508=ORIENTED_EDGE('',*,*,#758,.F.);
#509=ORIENTED_EDGE('',*,*,#831,.T.);
#510=ORIENTED_EDGE('',*,*,#828,.T.);
#511=ORIENTED_EDGE('',*,*,#832,.T.);
#512=ORIENTED_EDGE('',*,*,#833,.F.);
#513=ORIENTED_EDGE('',*,*,#834,.T.);
#514=ORIENTED_EDGE('',*,*,#764,.T.);
#515=ORIENTED_EDGE('',*,*,#835,.T.);
#516=ORIENTED_EDGE('',*,*,#744,.F.);
#517=ORIENTED_EDGE('',*,*,#836,.T.);
#518=ORIENTED_EDGE('',*,*,#833,.T.);
#519=ORIENTED_EDGE('',*,*,#837,.T.);
#520=ORIENTED_EDGE('',*,*,#838,.T.);
#521=ORIENTED_EDGE('',*,*,#839,.T.);
#522=ORIENTED_EDGE('',*,*,#756,.T.);
#523=ORIENTED_EDGE('',*,*,#840,.T.);
#524=ORIENTED_EDGE('',*,*,#684,.F.);
#525=ORIENTED_EDGE('',*,*,#740,.F.);
#526=ORIENTED_EDGE('',*,*,#798,.F.);
#527=ORIENTED_EDGE('',*,*,#747,.F.);
#528=ORIENTED_EDGE('',*,*,#686,.F.);
#529=ORIENTED_EDGE('',*,*,#749,.F.);
#530=ORIENTED_EDGE('',*,*,#801,.F.);
#531=ORIENTED_EDGE('',*,*,#750,.F.);
#532=ORIENTED_EDGE('',*,*,#796,.F.);
#533=ORIENTED_EDGE('',*,*,#723,.F.);
#534=ORIENTED_EDGE('',*,*,#800,.F.);
#535=ORIENTED_EDGE('',*,*,#726,.F.);
#536=ORIENTED_EDGE('',*,*,#797,.F.);
#537=ORIENTED_EDGE('',*,*,#728,.F.);
#538=ORIENTED_EDGE('',*,*,#799,.F.);
#539=ORIENTED_EDGE('',*,*,#738,.F.);
#540=ORIENTED_EDGE('',*,*,#731,.F.);
#541=ORIENTED_EDGE('',*,*,#824,.F.);
#542=ORIENTED_EDGE('',*,*,#841,.F.);
#543=ORIENTED_EDGE('',*,*,#696,.F.);
#544=ORIENTED_EDGE('',*,*,#791,.F.);
#545=ORIENTED_EDGE('',*,*,#697,.F.);
#546=ORIENTED_EDGE('',*,*,#841,.T.);
#547=ORIENTED_EDGE('',*,*,#822,.F.);
#548=ORIENTED_EDGE('',*,*,#788,.F.);
#549=ORIENTED_EDGE('',*,*,#736,.F.);
#550=ORIENTED_EDGE('',*,*,#811,.F.);
#551=ORIENTED_EDGE('',*,*,#842,.F.);
#552=ORIENTED_EDGE('',*,*,#794,.F.);
#553=ORIENTED_EDGE('',*,*,#721,.F.);
#554=ORIENTED_EDGE('',*,*,#795,.F.);
#555=ORIENTED_EDGE('',*,*,#842,.T.);
#556=ORIENTED_EDGE('',*,*,#809,.F.);
#557=ORIENTED_EDGE('',*,*,#715,.F.);
#558=ORIENTED_EDGE('',*,*,#732,.F.);
#559=ORIENTED_EDGE('',*,*,#702,.F.);
#560=ORIENTED_EDGE('',*,*,#843,.F.);
#561=ORIENTED_EDGE('',*,*,#804,.F.);
#562=ORIENTED_EDGE('',*,*,#843,.T.);
#563=ORIENTED_EDGE('',*,*,#701,.F.);
#564=ORIENTED_EDGE('',*,*,#707,.F.);
#565=ORIENTED_EDGE('',*,*,#712,.F.);
#566=ORIENTED_EDGE('',*,*,#806,.F.);
#567=ORIENTED_EDGE('',*,*,#741,.F.);
#568=ORIENTED_EDGE('',*,*,#682,.F.);
#569=ORIENTED_EDGE('',*,*,#844,.F.);
#570=ORIENTED_EDGE('',*,*,#830,.F.);
#571=ORIENTED_EDGE('',*,*,#844,.T.);
#572=ORIENTED_EDGE('',*,*,#681,.F.);
#573=ORIENTED_EDGE('',*,*,#755,.F.);
#574=ORIENTED_EDGE('',*,*,#759,.F.);
#575=ORIENTED_EDGE('',*,*,#832,.F.);
#576=ORIENTED_EDGE('',*,*,#745,.F.);
#577=ORIENTED_EDGE('',*,*,#837,.F.);
#578=ORIENTED_EDGE('',*,*,#845,.F.);
#579=ORIENTED_EDGE('',*,*,#688,.F.);
#580=ORIENTED_EDGE('',*,*,#768,.F.);
#581=ORIENTED_EDGE('',*,*,#689,.F.);
#582=ORIENTED_EDGE('',*,*,#845,.T.);
#583=ORIENTED_EDGE('',*,*,#835,.F.);
#584=ORIENTED_EDGE('',*,*,#763,.F.);
#585=ORIENTED_EDGE('',*,*,#746,.F.);
#586=ORIENTED_EDGE('',*,*,#694,.F.);
#587=ORIENTED_EDGE('',*,*,#846,.F.);
#588=ORIENTED_EDGE('',*,*,#817,.F.);
#589=ORIENTED_EDGE('',*,*,#846,.T.);
#590=ORIENTED_EDGE('',*,*,#693,.F.);
#591=ORIENTED_EDGE('',*,*,#774,.F.);
#592=ORIENTED_EDGE('',*,*,#778,.F.);
#593=ORIENTED_EDGE('',*,*,#781,.F.);
#594=ORIENTED_EDGE('',*,*,#819,.F.);
#595=ORIENTED_EDGE('',*,*,#660,.T.);
#596=ORIENTED_EDGE('',*,*,#821,.F.);
#597=ORIENTED_EDGE('',*,*,#847,.F.);
#598=ORIENTED_EDGE('',*,*,#677,.F.);
#599=ORIENTED_EDGE('',*,*,#664,.T.);
#600=ORIENTED_EDGE('',*,*,#827,.F.);
#601=ORIENTED_EDGE('',*,*,#848,.F.);
#602=ORIENTED_EDGE('',*,*,#818,.F.);
#603=ORIENTED_EDGE('',*,*,#847,.T.);
#604=ORIENTED_EDGE('',*,*,#823,.F.);
#605=ORIENTED_EDGE('',*,*,#668,.F.);
#606=ORIENTED_EDGE('',*,*,#678,.F.);
#607=ORIENTED_EDGE('',*,*,#848,.T.);
#608=ORIENTED_EDGE('',*,*,#826,.F.);
#609=ORIENTED_EDGE('',*,*,#670,.F.);
#610=ORIENTED_EDGE('',*,*,#816,.F.);
#611=ORIENTED_EDGE('',*,*,#834,.F.);
#612=ORIENTED_EDGE('',*,*,#836,.F.);
#613=ORIENTED_EDGE('',*,*,#849,.F.);
#614=ORIENTED_EDGE('',*,*,#840,.F.);
#615=ORIENTED_EDGE('',*,*,#765,.F.);
#616=ORIENTED_EDGE('',*,*,#757,.F.);
#617=ORIENTED_EDGE('',*,*,#839,.F.);
#618=ORIENTED_EDGE('',*,*,#850,.F.);
#619=ORIENTED_EDGE('',*,*,#829,.F.);
#620=ORIENTED_EDGE('',*,*,#831,.F.);
#621=ORIENTED_EDGE('',*,*,#849,.T.);
#622=ORIENTED_EDGE('',*,*,#743,.F.);
#623=ORIENTED_EDGE('',*,*,#850,.T.);
#624=ORIENTED_EDGE('',*,*,#838,.F.);
#625=ORIENTED_EDGE('',*,*,#808,.F.);
#626=ORIENTED_EDGE('',*,*,#810,.F.);
#627=ORIENTED_EDGE('',*,*,#851,.F.);
#628=ORIENTED_EDGE('',*,*,#814,.F.);
#629=ORIENTED_EDGE('',*,*,#717,.F.);
#630=ORIENTED_EDGE('',*,*,#710,.F.);
#631=ORIENTED_EDGE('',*,*,#813,.F.);
#632=ORIENTED_EDGE('',*,*,#852,.F.);
#633=ORIENTED_EDGE('',*,*,#803,.F.);
#634=ORIENTED_EDGE('',*,*,#805,.F.);
#635=ORIENTED_EDGE('',*,*,#851,.T.);
#636=ORIENTED_EDGE('',*,*,#734,.F.);
#637=ORIENTED_EDGE('',*,*,#852,.T.);
#638=ORIENTED_EDGE('',*,*,#812,.F.);
#639=ORIENTED_EDGE('',*,*,#853,.F.);
#640=ORIENTED_EDGE('',*,*,#793,.T.);
#641=ORIENTED_EDGE('',*,*,#673,.F.);
#642=ORIENTED_EDGE('',*,*,#853,.T.);
#643=ORIENTED_EDGE('',*,*,#854,.F.);
#644=ORIENTED_EDGE('',*,*,#679,.T.);
#645=ORIENTED_EDGE('',*,*,#675,.F.);
#646=ORIENTED_EDGE('',*,*,#854,.T.);
#647=ORIENTED_EDGE('',*,*,#855,.F.);
#648=ORIENTED_EDGE('',*,*,#656,.T.);
#649=ORIENTED_EDGE('',*,*,#657,.T.);
#650=ORIENTED_EDGE('',*,*,#676,.T.);
#651=ORIENTED_EDGE('',*,*,#666,.T.);
#652=ORIENTED_EDGE('',*,*,#825,.T.);
#653=ORIENTED_EDGE('',*,*,#662,.T.);
#654=ORIENTED_EDGE('',*,*,#855,.T.);
#655=EDGE_CURVE('',#856,#856,#990,.T.);
#656=EDGE_CURVE('',#857,#857,#991,.F.);
#657=EDGE_CURVE('',#858,#859,#196,.T.);
#658=EDGE_CURVE('',#860,#858,#197,.T.);
#659=EDGE_CURVE('',#861,#860,#992,.F.);
#660=EDGE_CURVE('',#862,#861,#198,.F.);
#661=EDGE_CURVE('',#859,#862,#993,.T.);
#662=EDGE_CURVE('',#863,#858,#199,.T.);
#663=EDGE_CURVE('',#864,#863,#994,.T.);
#664=EDGE_CURVE('',#865,#864,#995,.T.);
#665=EDGE_CURVE('',#860,#865,#996,.F.);
#666=EDGE_CURVE('',#866,#867,#200,.T.);
#667=EDGE_CURVE('',#868,#866,#997,.F.);
#668=EDGE_CURVE('',#868,#869,#201,.F.);
#669=EDGE_CURVE('',#870,#869,#998,.T.);
#670=EDGE_CURVE('',#870,#871,#202,.T.);
#671=EDGE_CURVE('',#867,#871,#999,.F.);
#672=EDGE_CURVE('',#872,#872,#1000,.T.);
#673=EDGE_CURVE('',#873,#873,#1001,.T.);
#674=EDGE_CURVE('',#874,#874,#1002,.T.);
#675=EDGE_CURVE('',#875,#875,#1003,.T.);
#676=EDGE_CURVE('',#859,#866,#1004,.T.);
#677=EDGE_CURVE('',#862,#876,#1005,.T.);
#678=EDGE_CURVE('',#876,#868,#18,.T.);
#679=EDGE_CURVE('',#877,#877,#1006,.T.);
#680=EDGE_CURVE('',#878,#879,#19,.F.);
#681=EDGE_CURVE('',#879,#880,#1007,.F.);
#682=EDGE_CURVE('',#880,#881,#20,.T.);
#683=EDGE_CURVE('',#881,#882,#1008,.F.);
#684=EDGE_CURVE('',#882,#883,#1009,.T.);
#685=EDGE_CURVE('',#883,#884,#21,.T.);
#686=EDGE_CURVE('',#884,#885,#1010,.T.);
#687=EDGE_CURVE('',#878,#885,#1011,.T.);
#688=EDGE_CURVE('',#886,#887,#22,.F.);
#689=EDGE_CURVE('',#887,#888,#1012,.F.);
#690=EDGE_CURVE('',#888,#889,#203,.T.);
#691=EDGE_CURVE('',#890,#889,#1013,.T.);
#692=EDGE_CURVE('',#890,#891,#204,.T.);
#693=EDGE_CURVE('',#891,#892,#1014,.F.);
#694=EDGE_CURVE('',#892,#893,#23,.T.);
#695=EDGE_CURVE('',#893,#886,#1015,.F.);
#696=EDGE_CURVE('',#894,#895,#24,.F.);
#697=EDGE_CURVE('',#895,#896,#1016,.F.);
#698=EDGE_CURVE('',#896,#897,#205,.T.);
#699=EDGE_CURVE('',#898,#897,#1017,.T.);
#700=EDGE_CURVE('',#898,#899,#206,.T.);
#701=EDGE_CURVE('',#899,#900,#1018,.F.);
#702=EDGE_CURVE('',#900,#901,#25,.T.);
#703=EDGE_CURVE('',#901,#894,#1019,.F.);
#704=EDGE_CURVE('',#902,#903,#207,.T.);
#705=EDGE_CURVE('',#904,#903,#26,.T.);
#706=EDGE_CURVE('',#904,#905,#27,.F.);
#707=EDGE_CURVE('',#905,#899,#208,.T.);
#708=EDGE_CURVE('',#898,#902,#28,.T.);
#709=EDGE_CURVE('',#906,#907,#1020,.T.);
#710=EDGE_CURVE('',#906,#908,#209,.T.);
#711=EDGE_CURVE('',#908,#909,#29,.T.);
#712=EDGE_CURVE('',#909,#905,#210,.T.);
#713=EDGE_CURVE('',#903,#910,#1021,.T.);
#714=EDGE_CURVE('',#911,#910,#30,.T.);
#715=EDGE_CURVE('',#911,#912,#211,.T.);
#716=EDGE_CURVE('',#913,#912,#31,.T.);
#717=EDGE_CURVE('',#913,#907,#212,.T.);
#718=EDGE_CURVE('',#910,#914,#32,.T.);
#719=EDGE_CURVE('',#915,#914,#33,.T.);
#720=EDGE_CURVE('',#916,#915,#34,.T.);
#721=EDGE_CURVE('',#916,#911,#213,.T.);
#722=EDGE_CURVE('',#917,#914,#1022,.T.);
#723=EDGE_CURVE('',#917,#918,#35,.F.);
#724=EDGE_CURVE('',#918,#915,#1023,.T.);
#725=EDGE_CURVE('',#919,#920,#36,.F.);
#726=EDGE_CURVE('',#920,#921,#37,.T.);
#727=EDGE_CURVE('',#922,#921,#38,.F.);
#728=EDGE_CURVE('',#922,#919,#39,.T.);
#729=EDGE_CURVE('',#870,#923,#40,.T.);
#730=EDGE_CURVE('',#869,#924,#41,.T.);
#731=EDGE_CURVE('',#924,#894,#214,.T.);
#732=EDGE_CURVE('',#901,#925,#215,.T.);
#733=EDGE_CURVE('',#926,#925,#42,.T.);
#734=EDGE_CURVE('',#926,#927,#1024,.T.);
#735=EDGE_CURVE('',#927,#928,#43,.T.);
#736=EDGE_CURVE('',#928,#929,#216,.T.);
#737=EDGE_CURVE('',#930,#929,#1025,.F.);
#738=EDGE_CURVE('',#930,#931,#44,.T.);
#739=EDGE_CURVE('',#931,#932,#1026,.F.);
#740=EDGE_CURVE('',#932,#882,#45,.F.);
#741=EDGE_CURVE('',#881,#933,#217,.T.);
#742=EDGE_CURVE('',#934,#933,#46,.T.);
#743=EDGE_CURVE('',#934,#935,#1027,.T.);
#744=EDGE_CURVE('',#935,#936,#47,.T.);
#745=EDGE_CURVE('',#936,#886,#218,.T.);
#746=EDGE_CURVE('',#893,#923,#219,.T.);
#747=EDGE_CURVE('',#883,#937,#48,.T.);
#748=EDGE_CURVE('',#937,#938,#49,.T.);
#749=EDGE_CURVE('',#938,#884,#50,.T.);
#750=EDGE_CURVE('',#885,#939,#51,.T.);
#751=EDGE_CURVE('',#940,#939,#1028,.T.);
#752=EDGE_CURVE('',#878,#940,#52,.T.);
#753=EDGE_CURVE('',#940,#941,#53,.F.);
#754=EDGE_CURVE('',#942,#941,#54,.T.);
#755=EDGE_CURVE('',#942,#879,#220,.T.);
#756=EDGE_CURVE('',#943,#944,#1029,.T.);
#757=EDGE_CURVE('',#943,#945,#221,.T.);
#758=EDGE_CURVE('',#945,#946,#55,.T.);
#759=EDGE_CURVE('',#946,#942,#222,.T.);
#760=EDGE_CURVE('',#941,#947,#1030,.T.);
#761=EDGE_CURVE('',#948,#947,#56,.T.);
#762=EDGE_CURVE('',#948,#949,#57,.F.);
#763=EDGE_CURVE('',#949,#950,#223,.T.);
#764=EDGE_CURVE('',#951,#950,#58,.T.);
#765=EDGE_CURVE('',#951,#944,#224,.T.);
#766=EDGE_CURVE('',#947,#952,#225,.T.);
#767=EDGE_CURVE('',#889,#952,#59,.T.);
#768=EDGE_CURVE('',#888,#949,#226,.T.);
#769=EDGE_CURVE('',#953,#952,#1031,.T.);
#770=EDGE_CURVE('',#890,#953,#60,.T.);
#771=EDGE_CURVE('',#953,#954,#227,.T.);
#772=EDGE_CURVE('',#955,#954,#61,.T.);
#773=EDGE_CURVE('',#955,#956,#62,.F.);
#774=EDGE_CURVE('',#956,#891,#228,.T.);
#775=EDGE_CURVE('',#954,#957,#1032,.F.);
#776=EDGE_CURVE('',#958,#957,#63,.T.);
#777=EDGE_CURVE('',#958,#959,#64,.F.);
#778=EDGE_CURVE('',#959,#956,#229,.T.);
#779=EDGE_CURVE('',#860,#960,#65,.T.);
#780=EDGE_CURVE('',#865,#961,#66,.T.);
#781=EDGE_CURVE('',#961,#959,#230,.F.);
#782=EDGE_CURVE('',#962,#957,#1033,.F.);
#783=EDGE_CURVE('',#960,#962,#67,.T.);
#784=EDGE_CURVE('',#861,#963,#68,.T.);
#785=EDGE_CURVE('',#962,#964,#1034,.T.);
#786=EDGE_CURVE('',#965,#964,#69,.T.);
#787=EDGE_CURVE('',#965,#966,#70,.F.);
#788=EDGE_CURVE('',#966,#963,#231,.T.);
#789=EDGE_CURVE('',#964,#967,#232,.T.);
#790=EDGE_CURVE('',#897,#967,#71,.T.);
#791=EDGE_CURVE('',#896,#966,#233,.T.);
#792=EDGE_CURVE('',#902,#967,#1035,.T.);
#793=EDGE_CURVE('',#968,#968,#1036,.T.);
#794=EDGE_CURVE('',#929,#969,#72,.F.);
#795=EDGE_CURVE('',#969,#916,#1037,.F.);
#796=EDGE_CURVE('',#918,#920,#1038,.T.);
#797=EDGE_CURVE('',#919,#930,#1039,.T.);
#798=EDGE_CURVE('',#937,#932,#1040,.F.);
#799=EDGE_CURVE('',#931,#922,#1041,.F.);
#800=EDGE_CURVE('',#921,#917,#1042,.F.);
#801=EDGE_CURVE('',#939,#938,#1043,.F.);
#802=EDGE_CURVE('',#970,#971,#73,.T.);
#803=EDGE_CURVE('',#970,#926,#74,.T.);
#804=EDGE_CURVE('',#925,#971,#75,.F.);
#805=EDGE_CURVE('',#908,#970,#234,.T.);
#806=EDGE_CURVE('',#971,#909,#1044,.T.);
#807=EDGE_CURVE('',#972,#973,#76,.T.);
#808=EDGE_CURVE('',#972,#913,#235,.F.);
#809=EDGE_CURVE('',#912,#973,#1045,.T.);
#810=EDGE_CURVE('',#927,#972,#77,.F.);
#811=EDGE_CURVE('',#973,#928,#78,.T.);
#812=EDGE_CURVE('',#974,#975,#1046,.F.);
#813=EDGE_CURVE('',#975,#906,#79,.F.);
#814=EDGE_CURVE('',#907,#974,#80,.T.);
#815=EDGE_CURVE('',#976,#977,#81,.T.);
#816=EDGE_CURVE('',#976,#870,#82,.T.);
#817=EDGE_CURVE('',#923,#977,#83,.F.);
#818=EDGE_CURVE('',#865,#976,#1047,.F.);
#819=EDGE_CURVE('',#977,#961,#1048,.T.);
#820=EDGE_CURVE('',#978,#979,#84,.T.);
#821=EDGE_CURVE('',#978,#861,#1049,.F.);
#822=EDGE_CURVE('',#963,#979,#1050,.T.);
#823=EDGE_CURVE('',#869,#978,#85,.F.);
#824=EDGE_CURVE('',#979,#924,#86,.T.);
#825=EDGE_CURVE('',#867,#863,#1051,.T.);
#826=EDGE_CURVE('',#871,#980,#87,.F.);
#827=EDGE_CURVE('',#980,#864,#1052,.T.);
#828=EDGE_CURVE('',#981,#982,#88,.T.);
#829=EDGE_CURVE('',#981,#934,#89,.T.);
#830=EDGE_CURVE('',#933,#982,#90,.F.);
#831=EDGE_CURVE('',#945,#981,#236,.T.);
#832=EDGE_CURVE('',#982,#946,#1053,.T.);
#833=EDGE_CURVE('',#983,#984,#91,.T.);
#834=EDGE_CURVE('',#983,#951,#237,.F.);
#835=EDGE_CURVE('',#950,#984,#1054,.T.);
#836=EDGE_CURVE('',#935,#983,#92,.F.);
#837=EDGE_CURVE('',#984,#936,#93,.T.);
#838=EDGE_CURVE('',#985,#986,#1055,.F.);
#839=EDGE_CURVE('',#986,#943,#94,.F.);
#840=EDGE_CURVE('',#944,#985,#95,.T.);
#841=EDGE_CURVE('',#895,#979,#1056,.T.);
#842=EDGE_CURVE('',#969,#973,#1057,.T.);
#843=EDGE_CURVE('',#971,#900,#1058,.T.);
#844=EDGE_CURVE('',#982,#880,#1059,.T.);
#845=EDGE_CURVE('',#887,#984,#1060,.T.);
#846=EDGE_CURVE('',#977,#892,#1061,.T.);
#847=EDGE_CURVE('',#876,#978,#1062,.T.);
#848=EDGE_CURVE('',#976,#980,#1063,.T.);
#849=EDGE_CURVE('',#985,#935,#238,.F.);
#850=EDGE_CURVE('',#934,#986,#239,.T.);
#851=EDGE_CURVE('',#974,#927,#240,.F.);
#852=EDGE_CURVE('',#926,#975,#241,.T.);
#853=EDGE_CURVE('',#987,#987,#1064,.T.);
#854=EDGE_CURVE('',#988,#988,#1065,.T.);
#855=EDGE_CURVE('',#989,#989,#1066,.F.);
#856=VERTEX_POINT('',#1910);
#857=VERTEX_POINT('',#1912);
#858=VERTEX_POINT('',#1918);
#859=VERTEX_POINT('',#1919);
#860=VERTEX_POINT('',#1925);
#861=VERTEX_POINT('',#1927);
#862=VERTEX_POINT('',#1934);
#863=VERTEX_POINT('',#1941);
#864=VERTEX_POINT('',#1943);
#865=VERTEX_POINT('',#1945);
#866=VERTEX_POINT('',#1955);
#867=VERTEX_POINT('',#1956);
#868=VERTEX_POINT('',#1958);
#869=VERTEX_POINT('',#1965);
#870=VERTEX_POINT('',#1967);
#871=VERTEX_POINT('',#1974);
#872=VERTEX_POINT('',#1978);
#873=VERTEX_POINT('',#1980);
#874=VERTEX_POINT('',#1983);
#875=VERTEX_POINT('',#1985);
#876=VERTEX_POINT('',#1989);
#877=VERTEX_POINT('',#1993);
#878=VERTEX_POINT('',#1995);
#879=VERTEX_POINT('',#1996);
#880=VERTEX_POINT('',#1998);
#881=VERTEX_POINT('',#2000);
#882=VERTEX_POINT('',#2002);
#883=VERTEX_POINT('',#2004);
#884=VERTEX_POINT('',#2006);
#885=VERTEX_POINT('',#2008);
#886=VERTEX_POINT('',#2012);
#887=VERTEX_POINT('',#2013);
#888=VERTEX_POINT('',#2015);
#889=VERTEX_POINT('',#2022);
#890=VERTEX_POINT('',#2024);
#891=VERTEX_POINT('',#2031);
#892=VERTEX_POINT('',#2033);
#893=VERTEX_POINT('',#2035);
#894=VERTEX_POINT('',#2039);
#895=VERTEX_POINT('',#2040);
#896=VERTEX_POINT('',#2042);
#897=VERTEX_POINT('',#2049);
#898=VERTEX_POINT('',#2051);
#899=VERTEX_POINT('',#2058);
#900=VERTEX_POINT('',#2060);
#901=VERTEX_POINT('',#2062);
#902=VERTEX_POINT('',#2100);
#903=VERTEX_POINT('',#2101);
#904=VERTEX_POINT('',#2103);
#905=VERTEX_POINT('',#2105);
#906=VERTEX_POINT('',#2113);
#907=VERTEX_POINT('',#2114);
#908=VERTEX_POINT('',#2119);
#909=VERTEX_POINT('',#2121);
#910=VERTEX_POINT('',#2133);
#911=VERTEX_POINT('',#2135);
#912=VERTEX_POINT('',#2146);
#913=VERTEX_POINT('',#2148);
#914=VERTEX_POINT('',#2155);
#915=VERTEX_POINT('',#2157);
#916=VERTEX_POINT('',#2159);
#917=VERTEX_POINT('',#2166);
#918=VERTEX_POINT('',#2168);
#919=VERTEX_POINT('',#2172);
#920=VERTEX_POINT('',#2173);
#921=VERTEX_POINT('',#2175);
#922=VERTEX_POINT('',#2177);
#923=VERTEX_POINT('',#2181);
#924=VERTEX_POINT('',#2183);
#925=VERTEX_POINT('',#2198);
#926=VERTEX_POINT('',#2200);
#927=VERTEX_POINT('',#2202);
#928=VERTEX_POINT('',#2204);
#929=VERTEX_POINT('',#2212);
#930=VERTEX_POINT('',#2214);
#931=VERTEX_POINT('',#2216);
#932=VERTEX_POINT('',#2218);
#933=VERTEX_POINT('',#2227);
#934=VERTEX_POINT('',#2229);
#935=VERTEX_POINT('',#2231);
#936=VERTEX_POINT('',#2233);
#937=VERTEX_POINT('',#2250);
#938=VERTEX_POINT('',#2252);
#939=VERTEX_POINT('',#2256);
#940=VERTEX_POINT('',#2258);
#941=VERTEX_POINT('',#2262);
#942=VERTEX_POINT('',#2264);
#943=VERTEX_POINT('',#2271);
#944=VERTEX_POINT('',#2272);
#945=VERTEX_POINT('',#2277);
#946=VERTEX_POINT('',#2279);
#947=VERTEX_POINT('',#2291);
#948=VERTEX_POINT('',#2293);
#949=VERTEX_POINT('',#2295);
#950=VERTEX_POINT('',#2306);
#951=VERTEX_POINT('',#2308);
#952=VERTEX_POINT('',#2352);
#953=VERTEX_POINT('',#2360);
#954=VERTEX_POINT('',#2407);
#955=VERTEX_POINT('',#2409);
#956=VERTEX_POINT('',#2411);
#957=VERTEX_POINT('',#2418);
#958=VERTEX_POINT('',#2420);
#959=VERTEX_POINT('',#2422);
#960=VERTEX_POINT('',#2429);
#961=VERTEX_POINT('',#2431);
#962=VERTEX_POINT('',#2438);
#963=VERTEX_POINT('',#2442);
#964=VERTEX_POINT('',#2444);
#965=VERTEX_POINT('',#2446);
#966=VERTEX_POINT('',#2448);
#967=VERTEX_POINT('',#2495);
#968=VERTEX_POINT('',#2505);
#969=VERTEX_POINT('',#2507);
#970=VERTEX_POINT('',#2518);
#971=VERTEX_POINT('',#2519);
#972=VERTEX_POINT('',#2532);
#973=VERTEX_POINT('',#2533);
#974=VERTEX_POINT('',#2545);
#975=VERTEX_POINT('',#2546);
#976=VERTEX_POINT('',#2551);
#977=VERTEX_POINT('',#2552);
#978=VERTEX_POINT('',#2560);
#979=VERTEX_POINT('',#2561);
#980=VERTEX_POINT('',#2570);
#981=VERTEX_POINT('',#2574);
#982=VERTEX_POINT('',#2575);
#983=VERTEX_POINT('',#2587);
#984=VERTEX_POINT('',#2588);
#985=VERTEX_POINT('',#2601);
#986=VERTEX_POINT('',#2602);
#987=VERTEX_POINT('',#2665);
#988=VERTEX_POINT('',#2669);
#989=VERTEX_POINT('',#2673);
#990=CIRCLE('',#1378,0.001143);
#991=CIRCLE('',#1379,0.001143);
#992=CIRCLE('',#1381,0.0468827056358214);
#993=CIRCLE('',#1382,0.0443427056358214);
#994=CIRCLE('',#1384,0.04446);
#995=CIRCLE('',#1385,0.00254);
#996=CIRCLE('',#1386,0.047);
#997=CIRCLE('',#1388,0.04254);
#998=CIRCLE('',#1389,0.04);
#999=CIRCLE('',#1390,0.04254);
#1000=CIRCLE('',#1392,0.001143);
#1001=CIRCLE('',#1393,0.001143);
#1002=CIRCLE('',#1395,0.001143);
#1003=CIRCLE('',#1396,0.001143);
#1004=CIRCLE('',#1398,0.002159);
#1005=CIRCLE('',#1399,3.54830283396026E-5);
#1006=CIRCLE('',#1401,0.001905);
#1007=CIRCLE('',#1402,0.0101954830283396);
#1008=CIRCLE('',#1403,0.04);
#1009=CIRCLE('',#1404,0.00254);
#1010=CIRCLE('',#1405,0.00254);
#1011=CIRCLE('',#1406,0.0468734215530549);
#1012=CIRCLE('',#1408,0.0101954830283397);
#1013=CIRCLE('',#1409,0.046873421553055);
#1014=CIRCLE('',#1410,0.0101954830283396);
#1015=CIRCLE('',#1411,0.04);
#1016=CIRCLE('',#1413,0.0101954830283396);
#1017=CIRCLE('',#1414,0.046873421553055);
#1018=CIRCLE('',#1415,0.0101954830283396);
#1019=CIRCLE('',#1416,0.04);
#1020=CIRCLE('',#1418,0.0468827056358214);
#1021=CIRCLE('',#1419,0.0468827056358214);
#1022=CIRCLE('',#1422,0.0468734215530549);
#1023=CIRCLE('',#1423,0.0468734215530549);
#1024=CIRCLE('',#1426,0.04);
#1025=CIRCLE('',#1427,0.04);
#1026=CIRCLE('',#1428,0.04);
#1027=CIRCLE('',#1429,0.04);
#1028=CIRCLE('',#1432,0.0468734215530549);
#1029=CIRCLE('',#1435,0.0468827056358214);
#1030=CIRCLE('',#1436,0.0468827056358214);
#1031=CIRCLE('',#1438,0.046873421553055);
#1032=CIRCLE('',#1440,0.0160088651813459);
#1033=CIRCLE('',#1442,0.047);
#1034=CIRCLE('',#1444,0.0468827056358214);
#1035=CIRCLE('',#1446,0.046873421553055);
#1036=CIRCLE('',#1448,0.001905);
#1037=CIRCLE('',#1449,0.0101954830283396);
#1038=CIRCLE('',#1450,0.00254);
#1039=CIRCLE('',#1451,0.00254);
#1040=CIRCLE('',#1453,0.00254);
#1041=CIRCLE('',#1454,0.00254);
#1042=CIRCLE('',#1455,0.00254);
#1043=CIRCLE('',#1456,0.00254);
#1044=CIRCLE('',#1459,0.00257548302833963);
#1045=CIRCLE('',#1461,0.00257548302833963);
#1046=CIRCLE('',#1464,0.04254);
#1047=CIRCLE('',#1467,0.0025754830283396);
#1048=CIRCLE('',#1468,0.0025754830283396);
#1049=CIRCLE('',#1470,0.0025754830283396);
#1050=CIRCLE('',#1471,0.0025754830283396);
#1051=CIRCLE('',#1474,0.002159);
#1052=CIRCLE('',#1475,3.5483028339606E-5);
#1053=CIRCLE('',#1478,0.00257548302833962);
#1054=CIRCLE('',#1480,0.00257548302833966);
#1055=CIRCLE('',#1483,0.04254);
#1056=CIRCLE('',#1489,0.00762);
#1057=CIRCLE('',#1492,0.00762);
#1058=CIRCLE('',#1495,0.00762);
#1059=CIRCLE('',#1498,0.00762);
#1060=CIRCLE('',#1501,0.00762);
#1061=CIRCLE('',#1504,0.00762);
#1062=CIRCLE('',#1507,0.00254);
#1063=CIRCLE('',#1509,0.00254);
#1064=CIRCLE('',#1519,0.001905);
#1065=CIRCLE('',#1522,0.001905);
#1066=CIRCLE('',#1525,0.002159);
#1067=EDGE_LOOP('',(#253));
#1068=EDGE_LOOP('',(#254));
#1069=EDGE_LOOP('',(#255,#256,#257,#258,#259));
#1070=EDGE_LOOP('',(#260,#261,#262,#263,#264));
#1071=EDGE_LOOP('',(#265,#266,#267,#268,#269,#270));
#1072=EDGE_LOOP('',(#271));
#1073=EDGE_LOOP('',(#272));
#1074=EDGE_LOOP('',(#273));
#1075=EDGE_LOOP('',(#274));
#1076=EDGE_LOOP('',(#275,#276,#277,#278,#279));
#1077=EDGE_LOOP('',(#280));
#1078=EDGE_LOOP('',(#281,#282,#283,#284,#285,#286,#287,#288));
#1079=EDGE_LOOP('',(#289,#290,#291,#292,#293,#294,#295,#296));
#1080=EDGE_LOOP('',(#297,#298,#299,#300,#301,#302,#303,#304));
#1081=EDGE_LOOP('',(#305,#306,#307,#308,#309,#310));
#1082=EDGE_LOOP('',(#311,#312,#313,#314,#315,#316,#317,#318,#319,#320,#321));
#1083=EDGE_LOOP('',(#322,#323,#324,#325,#326));
#1084=EDGE_LOOP('',(#327,#328,#329,#330));
#1085=EDGE_LOOP('',(#331,#332,#333,#334));
#1086=EDGE_LOOP('',(#335,#336,#337,#338,#339,#340,#341,#342,#343,#344,#345,
#346,#347,#348,#349,#350,#351,#352,#353,#354,#355,#356));
#1087=EDGE_LOOP('',(#357,#358,#359,#360));
#1088=EDGE_LOOP('',(#361,#362,#363,#364));
#1089=EDGE_LOOP('',(#365,#366,#367,#368,#369));
#1090=EDGE_LOOP('',(#370,#371,#372,#373,#374,#375,#376,#377,#378,#379,#380));
#1091=EDGE_LOOP('',(#381,#382,#383,#384,#385,#386));
#1092=EDGE_LOOP('',(#387,#388,#389,#390));
#1093=EDGE_LOOP('',(#391,#392,#393,#394,#395,#396));
#1094=EDGE_LOOP('',(#397,#398,#399,#400,#401,#402));
#1095=EDGE_LOOP('',(#403,#404,#405,#406,#407,#408,#409,#410));
#1096=EDGE_LOOP('',(#411,#412,#413,#414,#415,#416,#417,#418));
#1097=EDGE_LOOP('',(#419,#420,#421,#422,#423,#424));
#1098=EDGE_LOOP('',(#425,#426,#427,#428));
#1099=EDGE_LOOP('',(#429));
#1100=EDGE_LOOP('',(#430,#431,#432,#433,#434,#435,#436,#437));
#1101=EDGE_LOOP('',(#438));
#1102=EDGE_LOOP('',(#439));
#1103=EDGE_LOOP('',(#440));
#1104=EDGE_LOOP('',(#441,#442,#443,#444,#445,#446,#447,#448,#449,#450,#451,
#452,#453,#454,#455,#456,#457,#458,#459,#460,#461,#462));
#1105=EDGE_LOOP('',(#463,#464,#465,#466));
#1106=EDGE_LOOP('',(#467,#468,#469,#470));
#1107=EDGE_LOOP('',(#471,#472,#473,#474));
#1108=EDGE_LOOP('',(#475,#476,#477,#478));
#1109=EDGE_LOOP('',(#479,#480,#481,#482));
#1110=EDGE_LOOP('',(#483,#484,#485,#486));
#1111=EDGE_LOOP('',(#487,#488,#489,#490));
#1112=EDGE_LOOP('',(#491,#492,#493,#494));
#1113=EDGE_LOOP('',(#495,#496,#497,#498));
#1114=EDGE_LOOP('',(#499,#500,#501,#502,#503));
#1115=EDGE_LOOP('',(#504,#505,#506,#507));
#1116=EDGE_LOOP('',(#508,#509,#510,#511));
#1117=EDGE_LOOP('',(#512,#513,#514,#515));
#1118=EDGE_LOOP('',(#516,#517,#518,#519));
#1119=EDGE_LOOP('',(#520,#521,#522,#523));
#1120=EDGE_LOOP('',(#524,#525,#526,#527));
#1121=EDGE_LOOP('',(#528,#529,#530,#531));
#1122=EDGE_LOOP('',(#532,#533,#534,#535));
#1123=EDGE_LOOP('',(#536,#537,#538,#539));
#1124=EDGE_LOOP('',(#540,#541,#542,#543));
#1125=EDGE_LOOP('',(#544,#545,#546,#547,#548));
#1126=EDGE_LOOP('',(#549,#550,#551,#552));
#1127=EDGE_LOOP('',(#553,#554,#555,#556,#557));
#1128=EDGE_LOOP('',(#558,#559,#560,#561));
#1129=EDGE_LOOP('',(#562,#563,#564,#565,#566));
#1130=EDGE_LOOP('',(#567,#568,#569,#570));
#1131=EDGE_LOOP('',(#571,#572,#573,#574,#575));
#1132=EDGE_LOOP('',(#576,#577,#578,#579));
#1133=EDGE_LOOP('',(#580,#581,#582,#583,#584));
#1134=EDGE_LOOP('',(#585,#586,#587,#588));
#1135=EDGE_LOOP('',(#589,#590,#591,#592,#593,#594));
#1136=EDGE_LOOP('',(#595,#596,#597,#598));
#1137=EDGE_LOOP('',(#599,#600,#601,#602));
#1138=EDGE_LOOP('',(#603,#604,#605,#606));
#1139=EDGE_LOOP('',(#607,#608,#609,#610));
#1140=EDGE_LOOP('',(#611,#612,#613,#614,#615));
#1141=EDGE_LOOP('',(#616,#617,#618,#619,#620));
#1142=EDGE_LOOP('',(#621,#622,#623,#624));
#1143=EDGE_LOOP('',(#625,#626,#627,#628,#629));
#1144=EDGE_LOOP('',(#630,#631,#632,#633,#634));
#1145=EDGE_LOOP('',(#635,#636,#637,#638));
#1146=EDGE_LOOP('',(#639));
#1147=EDGE_LOOP('',(#640));
#1148=EDGE_LOOP('',(#641));
#1149=EDGE_LOOP('',(#642));
#1150=EDGE_LOOP('',(#643));
#1151=EDGE_LOOP('',(#644));
#1152=EDGE_LOOP('',(#645));
#1153=EDGE_LOOP('',(#646));
#1154=EDGE_LOOP('',(#647));
#1155=EDGE_LOOP('',(#648));
#1156=EDGE_LOOP('',(#649,#650,#651,#652,#653));
#1157=EDGE_LOOP('',(#654));
#1158=FACE_BOUND('',#1067,.T.);
#1159=FACE_BOUND('',#1068,.T.);
#1160=FACE_BOUND('',#1069,.T.);
#1161=FACE_BOUND('',#1070,.T.);
#1162=FACE_BOUND('',#1071,.T.);
#1163=FACE_BOUND('',#1072,.T.);
#1164=FACE_BOUND('',#1073,.T.);
#1165=FACE_BOUND('',#1074,.T.);
#1166=FACE_BOUND('',#1075,.T.);
#1167=FACE_BOUND('',#1076,.T.);
#1168=FACE_BOUND('',#1077,.T.);
#1169=FACE_BOUND('',#1078,.T.);
#1170=FACE_BOUND('',#1079,.T.);
#1171=FACE_BOUND('',#1080,.T.);
#1172=FACE_BOUND('',#1081,.T.);
#1173=FACE_BOUND('',#1082,.T.);
#1174=FACE_BOUND('',#1083,.T.);
#1175=FACE_BOUND('',#1084,.T.);
#1176=FACE_BOUND('',#1085,.T.);
#1177=FACE_BOUND('',#1086,.T.);
#1178=FACE_BOUND('',#1087,.T.);
#1179=FACE_BOUND('',#1088,.T.);
#1180=FACE_BOUND('',#1089,.T.);
#1181=FACE_BOUND('',#1090,.T.);
#1182=FACE_BOUND('',#1091,.T.);
#1183=FACE_BOUND('',#1092,.T.);
#1184=FACE_BOUND('',#1093,.T.);
#1185=FACE_BOUND('',#1094,.T.);
#1186=FACE_BOUND('',#1095,.T.);
#1187=FACE_BOUND('',#1096,.T.);
#1188=FACE_BOUND('',#1097,.T.);
#1189=FACE_BOUND('',#1098,.T.);
#1190=FACE_BOUND('',#1099,.T.);
#1191=FACE_BOUND('',#1100,.T.);
#1192=FACE_BOUND('',#1101,.T.);
#1193=FACE_BOUND('',#1102,.T.);
#1194=FACE_BOUND('',#1103,.T.);
#1195=FACE_BOUND('',#1104,.T.);
#1196=FACE_BOUND('',#1105,.T.);
#1197=FACE_BOUND('',#1106,.T.);
#1198=FACE_BOUND('',#1107,.T.);
#1199=FACE_BOUND('',#1108,.T.);
#1200=FACE_BOUND('',#1109,.T.);
#1201=FACE_BOUND('',#1110,.T.);
#1202=FACE_BOUND('',#1111,.T.);
#1203=FACE_BOUND('',#1112,.T.);
#1204=FACE_BOUND('',#1113,.T.);
#1205=FACE_BOUND('',#1114,.T.);
#1206=FACE_BOUND('',#1115,.T.);
#1207=FACE_BOUND('',#1116,.T.);
#1208=FACE_BOUND('',#1117,.T.);
#1209=FACE_BOUND('',#1118,.T.);
#1210=FACE_BOUND('',#1119,.T.);
#1211=FACE_BOUND('',#1120,.T.);
#1212=FACE_BOUND('',#1121,.T.);
#1213=FACE_BOUND('',#1122,.T.);
#1214=FACE_BOUND('',#1123,.T.);
#1215=FACE_BOUND('',#1124,.T.);
#1216=FACE_BOUND('',#1125,.T.);
#1217=FACE_BOUND('',#1126,.T.);
#1218=FACE_BOUND('',#1127,.T.);
#1219=FACE_BOUND('',#1128,.T.);
#1220=FACE_BOUND('',#1129,.T.);
#1221=FACE_BOUND('',#1130,.T.);
#1222=FACE_BOUND('',#1131,.T.);
#1223=FACE_BOUND('',#1132,.T.);
#1224=FACE_BOUND('',#1133,.T.);
#1225=FACE_BOUND('',#1134,.T.);
#1226=FACE_BOUND('',#1135,.T.);
#1227=FACE_BOUND('',#1136,.T.);
#1228=FACE_BOUND('',#1137,.T.);
#1229=FACE_BOUND('',#1138,.T.);
#1230=FACE_BOUND('',#1139,.T.);
#1231=FACE_BOUND('',#1140,.T.);
#1232=FACE_BOUND('',#1141,.T.);
#1233=FACE_BOUND('',#1142,.T.);
#1234=FACE_BOUND('',#1143,.T.);
#1235=FACE_BOUND('',#1144,.T.);
#1236=FACE_BOUND('',#1145,.T.);
#1237=FACE_BOUND('',#1146,.T.);
#1238=FACE_BOUND('',#1147,.T.);
#1239=FACE_BOUND('',#1148,.T.);
#1240=FACE_BOUND('',#1149,.T.);
#1241=FACE_BOUND('',#1150,.T.);
#1242=FACE_BOUND('',#1151,.T.);
#1243=FACE_BOUND('',#1152,.T.);
#1244=FACE_BOUND('',#1153,.T.);
#1245=FACE_BOUND('',#1154,.T.);
#1246=FACE_BOUND('',#1155,.T.);
#1247=FACE_BOUND('',#1156,.T.);
#1248=FACE_BOUND('',#1157,.T.);
#1249=CYLINDRICAL_SURFACE('',#1377,0.001143);
#1250=CYLINDRICAL_SURFACE('',#1391,0.001143);
#1251=CYLINDRICAL_SURFACE('',#1394,0.001143);
#1252=CYLINDRICAL_SURFACE('',#1417,0.0468827056358214);
#1253=CYLINDRICAL_SURFACE('',#1421,0.0468734215530549);
#1254=CYLINDRICAL_SURFACE('',#1425,0.04);
#1255=CYLINDRICAL_SURFACE('',#1431,0.0468734215530549);
#1256=CYLINDRICAL_SURFACE('',#1434,0.0468827056358214);
#1257=CYLINDRICAL_SURFACE('',#1437,0.046873421553055);
#1258=CYLINDRICAL_SURFACE('',#1439,0.0160088651813459);
#1259=CYLINDRICAL_SURFACE('',#1441,0.047);
#1260=CYLINDRICAL_SURFACE('',#1443,0.0468827056358214);
#1261=CYLINDRICAL_SURFACE('',#1445,0.046873421553055);
#1262=CYLINDRICAL_SURFACE('',#1458,0.00257548302833963);
#1263=CYLINDRICAL_SURFACE('',#1460,0.00257548302833963);
#1264=CYLINDRICAL_SURFACE('',#1466,0.0025754830283396);
#1265=CYLINDRICAL_SURFACE('',#1469,0.0025754830283396);
#1266=CYLINDRICAL_SURFACE('',#1477,0.00257548302833962);
#1267=CYLINDRICAL_SURFACE('',#1479,0.00257548302833966);
#1268=CYLINDRICAL_SURFACE('',#1484,0.00254);
#1269=CYLINDRICAL_SURFACE('',#1485,0.00254);
#1270=CYLINDRICAL_SURFACE('',#1486,0.00254);
#1271=CYLINDRICAL_SURFACE('',#1487,0.00254);
#1272=CYLINDRICAL_SURFACE('',#1488,0.00762);
#1273=CYLINDRICAL_SURFACE('',#1491,0.00762);
#1274=CYLINDRICAL_SURFACE('',#1494,0.00762);
#1275=CYLINDRICAL_SURFACE('',#1497,0.00762);
#1276=CYLINDRICAL_SURFACE('',#1500,0.00762);
#1277=CYLINDRICAL_SURFACE('',#1503,0.00762);
#1278=CYLINDRICAL_SURFACE('',#1510,0.00254);
#1279=CYLINDRICAL_SURFACE('',#1511,0.00254);
#1280=CYLINDRICAL_SURFACE('',#1512,0.00254);
#1281=CYLINDRICAL_SURFACE('',#1513,0.00254);
#1282=CYLINDRICAL_SURFACE('',#1515,0.00254);
#1283=CYLINDRICAL_SURFACE('',#1516,0.00254);
#1284=CYLINDRICAL_SURFACE('',#1518,0.001905);
#1285=CYLINDRICAL_SURFACE('',#1521,0.001905);
#1286=CYLINDRICAL_SURFACE('',#1526,0.002159);
#1287=ADVANCED_FACE('',(#1158,#1159),#1249,.F.);
#1288=ADVANCED_FACE('',(#1160),#242,.T.);
#1289=ADVANCED_FACE('',(#1161),#243,.T.);
#1290=ADVANCED_FACE('',(#1162),#244,.T.);
#1291=ADVANCED_FACE('',(#1163,#1164),#1250,.F.);
#1292=ADVANCED_FACE('',(#1165,#1166),#1251,.F.);
#1293=ADVANCED_FACE('',(#1167),#174,.T.);
#1294=ADVANCED_FACE('',(#1168,#1169),#175,.T.);
#1295=ADVANCED_FACE('',(#1170),#176,.T.);
#1296=ADVANCED_FACE('',(#1171),#177,.T.);
#1297=ADVANCED_FACE('',(#1172),#14,.F.);
#1298=ADVANCED_FACE('',(#1173),#1252,.T.);
#1299=ADVANCED_FACE('',(#1174),#178,.F.);
#1300=ADVANCED_FACE('',(#1175),#1253,.T.);
#1301=ADVANCED_FACE('',(#1176),#179,.T.);
#1302=ADVANCED_FACE('',(#1177),#1254,.F.);
#1303=ADVANCED_FACE('',(#1178),#180,.F.);
#1304=ADVANCED_FACE('',(#1179),#1255,.T.);
#1305=ADVANCED_FACE('',(#1180),#181,.F.);
#1306=ADVANCED_FACE('',(#1181),#1256,.T.);
#1307=ADVANCED_FACE('',(#1182),#15,.F.);
#1308=ADVANCED_FACE('',(#1183),#1257,.T.);
#1309=ADVANCED_FACE('',(#1184),#16,.F.);
#1310=ADVANCED_FACE('',(#1185),#1258,.T.);
#1311=ADVANCED_FACE('',(#1186),#1259,.T.);
#1312=ADVANCED_FACE('',(#1187),#1260,.T.);
#1313=ADVANCED_FACE('',(#1188),#17,.F.);
#1314=ADVANCED_FACE('',(#1189),#1261,.T.);
#1315=ADVANCED_FACE('',(#1190,#1191),#182,.T.);
#1316=ADVANCED_FACE('',(#1192,#1193,#1194,#1195),#183,.F.);
#1317=ADVANCED_FACE('',(#1196),#184,.T.);
#1318=ADVANCED_FACE('',(#1197),#1262,.T.);
#1319=ADVANCED_FACE('',(#1198),#1263,.T.);
#1320=ADVANCED_FACE('',(#1199),#185,.F.);
#1321=ADVANCED_FACE('',(#1200),#186,.T.);
#1322=ADVANCED_FACE('',(#1201),#187,.T.);
#1323=ADVANCED_FACE('',(#1202),#1264,.T.);
#1324=ADVANCED_FACE('',(#1203),#1265,.T.);
#1325=ADVANCED_FACE('',(#1204),#188,.F.);
#1326=ADVANCED_FACE('',(#1205),#189,.T.);
#1327=ADVANCED_FACE('',(#1206),#190,.T.);
#1328=ADVANCED_FACE('',(#1207),#1266,.T.);
#1329=ADVANCED_FACE('',(#1208),#1267,.T.);
#1330=ADVANCED_FACE('',(#1209),#191,.F.);
#1331=ADVANCED_FACE('',(#1210),#192,.T.);
#1332=ADVANCED_FACE('',(#1211),#1268,.T.);
#1333=ADVANCED_FACE('',(#1212),#1269,.T.);
#1334=ADVANCED_FACE('',(#1213),#1270,.T.);
#1335=ADVANCED_FACE('',(#1214),#1271,.T.);
#1336=ADVANCED_FACE('',(#1215),#1272,.F.);
#1337=ADVANCED_FACE('',(#1216),#245,.F.);
#1338=ADVANCED_FACE('',(#1217),#1273,.F.);
#1339=ADVANCED_FACE('',(#1218),#246,.F.);
#1340=ADVANCED_FACE('',(#1219),#1274,.F.);
#1341=ADVANCED_FACE('',(#1220),#247,.F.);
#1342=ADVANCED_FACE('',(#1221),#1275,.F.);
#1343=ADVANCED_FACE('',(#1222),#248,.F.);
#1344=ADVANCED_FACE('',(#1223),#1276,.F.);
#1345=ADVANCED_FACE('',(#1224),#249,.F.);
#1346=ADVANCED_FACE('',(#1225),#1277,.F.);
#1347=ADVANCED_FACE('',(#1226),#250,.F.);
#1348=ADVANCED_FACE('',(#1227),#12,.T.);
#1349=ADVANCED_FACE('',(#1228),#13,.T.);
#1350=ADVANCED_FACE('',(#1229),#1278,.T.);
#1351=ADVANCED_FACE('',(#1230),#1279,.T.);
#1352=ADVANCED_FACE('',(#1231),#1280,.T.);
#1353=ADVANCED_FACE('',(#1232),#1281,.T.);
#1354=ADVANCED_FACE('',(#1233),#251,.T.);
#1355=ADVANCED_FACE('',(#1234),#1282,.T.);
#1356=ADVANCED_FACE('',(#1235),#1283,.T.);
#1357=ADVANCED_FACE('',(#1236),#252,.T.);
#1358=ADVANCED_FACE('',(#1237,#1238),#1284,.F.);
#1359=ADVANCED_FACE('',(#1239,#1240),#193,.T.);
#1360=ADVANCED_FACE('',(#1241,#1242),#1285,.F.);
#1361=ADVANCED_FACE('',(#1243,#1244),#194,.T.);
#1362=ADVANCED_FACE('',(#1245,#1246),#195,.T.);
#1363=ADVANCED_FACE('',(#1247,#1248),#1286,.F.);
#1364=CLOSED_SHELL('',(#1287,#1288,#1289,#1290,#1291,#1292,#1293,#1294,
#1295,#1296,#1297,#1298,#1299,#1300,#1301,#1302,#1303,#1304,#1305,#1306,
#1307,#1308,#1309,#1310,#1311,#1312,#1313,#1314,#1315,#1316,#1317,#1318,
#1319,#1320,#1321,#1322,#1323,#1324,#1325,#1326,#1327,#1328,#1329,#1330,
#1331,#1332,#1333,#1334,#1335,#1336,#1337,#1338,#1339,#1340,#1341,#1342,
#1343,#1344,#1345,#1346,#1347,#1348,#1349,#1350,#1351,#1352,#1353,#1354,
#1355,#1356,#1357,#1358,#1359,#1360,#1361,#1362,#1363));
#1365=STYLED_ITEM('',(#1366),#1373);
#1366=PRESENTATION_STYLE_ASSIGNMENT((#1367));
#1367=SURFACE_STYLE_USAGE(.BOTH.,#1368);
#1368=SURFACE_SIDE_STYLE('',(#1369));
#1369=SURFACE_STYLE_FILL_AREA(#1370);
#1370=FILL_AREA_STYLE('',(#1371));
#1371=FILL_AREA_STYLE_COLOUR('',#1372);
#1372=DRAUGHTING_PRE_DEFINED_COLOUR('black');
#1373=MANIFOLD_SOLID_BREP('DEXI 3 Landing Gear .5 inches',#1364);
#1374=SHAPE_DEFINITION_REPRESENTATION(#2681,#1375);
#1375=SHAPE_REPRESENTATION('DEXI 3 Landing Gear .5 inches',(#1376),#2676);
#1376=AXIS2_PLACEMENT_3D('',#1907,#1527,#1528);
#1377=AXIS2_PLACEMENT_3D('',#1908,#1529,#1530);
#1378=AXIS2_PLACEMENT_3D('',#1909,#1531,#1532);
#1379=AXIS2_PLACEMENT_3D('',#1911,#1533,#1534);
#1380=AXIS2_PLACEMENT_3D('',#1913,#1535,#1536);
#1381=AXIS2_PLACEMENT_3D('',#1926,#1537,#1538);
#1382=AXIS2_PLACEMENT_3D('',#1935,#1539,#1540);
#1383=AXIS2_PLACEMENT_3D('',#1936,#1541,#1542);
#1384=AXIS2_PLACEMENT_3D('',#1942,#1543,#1544);
#1385=AXIS2_PLACEMENT_3D('',#1944,#1545,#1546);
#1386=AXIS2_PLACEMENT_3D('',#1946,#1547,#1548);
#1387=AXIS2_PLACEMENT_3D('',#1947,#1549,#1550);
#1388=AXIS2_PLACEMENT_3D('',#1957,#1551,#1552);
#1389=AXIS2_PLACEMENT_3D('',#1966,#1553,#1554);
#1390=AXIS2_PLACEMENT_3D('',#1975,#1555,#1556);
#1391=AXIS2_PLACEMENT_3D('',#1976,#1557,#1558);
#1392=AXIS2_PLACEMENT_3D('',#1977,#1559,#1560);
#1393=AXIS2_PLACEMENT_3D('',#1979,#1561,#1562);
#1394=AXIS2_PLACEMENT_3D('',#1981,#1563,#1564);
#1395=AXIS2_PLACEMENT_3D('',#1982,#1565,#1566);
#1396=AXIS2_PLACEMENT_3D('',#1984,#1567,#1568);
#1397=AXIS2_PLACEMENT_3D('',#1986,#1569,#1570);
#1398=AXIS2_PLACEMENT_3D('',#1987,#1571,#1572);
#1399=AXIS2_PLACEMENT_3D('',#1988,#1573,#1574);
#1400=AXIS2_PLACEMENT_3D('',#1991,#1576,#1577);
#1401=AXIS2_PLACEMENT_3D('',#1992,#1578,#1579);
#1402=AXIS2_PLACEMENT_3D('',#1997,#1581,#1582);
#1403=AXIS2_PLACEMENT_3D('',#2001,#1584,#1585);
#1404=AXIS2_PLACEMENT_3D('',#2003,#1586,#1587);
#1405=AXIS2_PLACEMENT_3D('',#2007,#1589,#1590);
#1406=AXIS2_PLACEMENT_3D('',#2009,#1591,#1592);
#1407=AXIS2_PLACEMENT_3D('',#2010,#1593,#1594);
#1408=AXIS2_PLACEMENT_3D('',#2014,#1596,#1597);
#1409=AXIS2_PLACEMENT_3D('',#2023,#1598,#1599);
#1410=AXIS2_PLACEMENT_3D('',#2032,#1600,#1601);
#1411=AXIS2_PLACEMENT_3D('',#2036,#1603,#1604);
#1412=AXIS2_PLACEMENT_3D('',#2037,#1605,#1606);
#1413=AXIS2_PLACEMENT_3D('',#2041,#1608,#1609);
#1414=AXIS2_PLACEMENT_3D('',#2050,#1610,#1611);
#1415=AXIS2_PLACEMENT_3D('',#2059,#1612,#1613);
#1416=AXIS2_PLACEMENT_3D('',#2063,#1615,#1616);
#1417=AXIS2_PLACEMENT_3D('',#2111,#1620,#1621);
#1418=AXIS2_PLACEMENT_3D('',#2112,#1622,#1623);
#1419=AXIS2_PLACEMENT_3D('',#2132,#1625,#1626);
#1420=AXIS2_PLACEMENT_3D('',#2153,#1629,#1630);
#1421=AXIS2_PLACEMENT_3D('',#2164,#1634,#1635);
#1422=AXIS2_PLACEMENT_3D('',#2165,#1636,#1637);
#1423=AXIS2_PLACEMENT_3D('',#2169,#1639,#1640);
#1424=AXIS2_PLACEMENT_3D('',#2170,#1641,#1642);
#1425=AXIS2_PLACEMENT_3D('',#2179,#1647,#1648);
#1426=AXIS2_PLACEMENT_3D('',#2201,#1652,#1653);
#1427=AXIS2_PLACEMENT_3D('',#2213,#1655,#1656);
#1428=AXIS2_PLACEMENT_3D('',#2217,#1658,#1659);
#1429=AXIS2_PLACEMENT_3D('',#2230,#1662,#1663);
#1430=AXIS2_PLACEMENT_3D('',#2248,#1665,#1666);
#1431=AXIS2_PLACEMENT_3D('',#2254,#1670,#1671);
#1432=AXIS2_PLACEMENT_3D('',#2257,#1673,#1674);
#1433=AXIS2_PLACEMENT_3D('',#2260,#1676,#1677);
#1434=AXIS2_PLACEMENT_3D('',#2269,#1680,#1681);
#1435=AXIS2_PLACEMENT_3D('',#2270,#1682,#1683);
#1436=AXIS2_PLACEMENT_3D('',#2290,#1685,#1686);
#1437=AXIS2_PLACEMENT_3D('',#2358,#1691,#1692);
#1438=AXIS2_PLACEMENT_3D('',#2359,#1693,#1694);
#1439=AXIS2_PLACEMENT_3D('',#2416,#1698,#1699);
#1440=AXIS2_PLACEMENT_3D('',#2417,#1700,#1701);
#1441=AXIS2_PLACEMENT_3D('',#2427,#1704,#1705);
#1442=AXIS2_PLACEMENT_3D('',#2437,#1708,#1709);
#1443=AXIS2_PLACEMENT_3D('',#2440,#1711,#1712);
#1444=AXIS2_PLACEMENT_3D('',#2443,#1714,#1715);
#1445=AXIS2_PLACEMENT_3D('',#2501,#1719,#1720);
#1446=AXIS2_PLACEMENT_3D('',#2502,#1721,#1722);
#1447=AXIS2_PLACEMENT_3D('',#2503,#1723,#1724);
#1448=AXIS2_PLACEMENT_3D('',#2504,#1725,#1726);
#1449=AXIS2_PLACEMENT_3D('',#2508,#1728,#1729);
#1450=AXIS2_PLACEMENT_3D('',#2509,#1730,#1731);
#1451=AXIS2_PLACEMENT_3D('',#2510,#1732,#1733);
#1452=AXIS2_PLACEMENT_3D('',#2511,#1734,#1735);
#1453=AXIS2_PLACEMENT_3D('',#2512,#1736,#1737);
#1454=AXIS2_PLACEMENT_3D('',#2513,#1738,#1739);
#1455=AXIS2_PLACEMENT_3D('',#2514,#1740,#1741);
#1456=AXIS2_PLACEMENT_3D('',#2515,#1742,#1743);
#1457=AXIS2_PLACEMENT_3D('',#2516,#1744,#1745);
#1458=AXIS2_PLACEMENT_3D('',#2522,#1749,#1750);
#1459=AXIS2_PLACEMENT_3D('',#2529,#1751,#1752);
#1460=AXIS2_PLACEMENT_3D('',#2530,#1753,#1754);
#1461=AXIS2_PLACEMENT_3D('',#2539,#1756,#1757);
#1462=AXIS2_PLACEMENT_3D('',#2540,#1758,#1759);
#1463=AXIS2_PLACEMENT_3D('',#2543,#1762,#1763);
#1464=AXIS2_PLACEMENT_3D('',#2544,#1764,#1765);
#1465=AXIS2_PLACEMENT_3D('',#2549,#1768,#1769);
#1466=AXIS2_PLACEMENT_3D('',#2555,#1773,#1774);
#1467=AXIS2_PLACEMENT_3D('',#2556,#1775,#1776);
#1468=AXIS2_PLACEMENT_3D('',#2557,#1777,#1778);
#1469=AXIS2_PLACEMENT_3D('',#2558,#1779,#1780);
#1470=AXIS2_PLACEMENT_3D('',#2562,#1782,#1783);
#1471=AXIS2_PLACEMENT_3D('',#2563,#1784,#1785);
#1472=AXIS2_PLACEMENT_3D('',#2564,#1786,#1787);
#1473=AXIS2_PLACEMENT_3D('',#2567,#1790,#1791);
#1474=AXIS2_PLACEMENT_3D('',#2568,#1792,#1793);
#1475=AXIS2_PLACEMENT_3D('',#2571,#1795,#1796);
#1476=AXIS2_PLACEMENT_3D('',#2572,#1797,#1798);
#1477=AXIS2_PLACEMENT_3D('',#2578,#1802,#1803);
#1478=AXIS2_PLACEMENT_3D('',#2584,#1804,#1805);
#1479=AXIS2_PLACEMENT_3D('',#2585,#1806,#1807);
#1480=AXIS2_PLACEMENT_3D('',#2595,#1809,#1810);
#1481=AXIS2_PLACEMENT_3D('',#2596,#1811,#1812);
#1482=AXIS2_PLACEMENT_3D('',#2599,#1815,#1816);
#1483=AXIS2_PLACEMENT_3D('',#2600,#1817,#1818);
#1484=AXIS2_PLACEMENT_3D('',#2605,#1821,#1822);
#1485=AXIS2_PLACEMENT_3D('',#2606,#1823,#1824);
#1486=AXIS2_PLACEMENT_3D('',#2607,#1825,#1826);
#1487=AXIS2_PLACEMENT_3D('',#2608,#1827,#1828);
#1488=AXIS2_PLACEMENT_3D('',#2609,#1829,#1830);
#1489=AXIS2_PLACEMENT_3D('',#2610,#1831,#1832);
#1490=AXIS2_PLACEMENT_3D('',#2611,#1833,#1834);
#1491=AXIS2_PLACEMENT_3D('',#2612,#1835,#1836);
#1492=AXIS2_PLACEMENT_3D('',#2613,#1837,#1838);
#1493=AXIS2_PLACEMENT_3D('',#2614,#1839,#1840);
#1494=AXIS2_PLACEMENT_3D('',#2615,#1841,#1842);
#1495=AXIS2_PLACEMENT_3D('',#2616,#1843,#1844);
#1496=AXIS2_PLACEMENT_3D('',#2617,#1845,#1846);
#1497=AXIS2_PLACEMENT_3D('',#2618,#1847,#1848);
#1498=AXIS2_PLACEMENT_3D('',#2619,#1849,#1850);
#1499=AXIS2_PLACEMENT_3D('',#2620,#1851,#1852);
#1500=AXIS2_PLACEMENT_3D('',#2621,#1853,#1854);
#1501=AXIS2_PLACEMENT_3D('',#2622,#1855,#1856);
#1502=AXIS2_PLACEMENT_3D('',#2623,#1857,#1858);
#1503=AXIS2_PLACEMENT_3D('',#2624,#1859,#1860);
#1504=AXIS2_PLACEMENT_3D('',#2625,#1861,#1862);
#1505=AXIS2_PLACEMENT_3D('',#2626,#1863,#1864);
#1506=AXIS2_PLACEMENT_3D('',#2627,#1865,#1866);
#1507=AXIS2_PLACEMENT_3D('',#2628,#1867,#1868);
#1508=AXIS2_PLACEMENT_3D('',#2629,#1869,#1870);
#1509=AXIS2_PLACEMENT_3D('',#2630,#1871,#1872);
#1510=AXIS2_PLACEMENT_3D('',#2631,#1873,#1874);
#1511=AXIS2_PLACEMENT_3D('',#2632,#1875,#1876);
#1512=AXIS2_PLACEMENT_3D('',#2633,#1877,#1878);
#1513=AXIS2_PLACEMENT_3D('',#2640,#1879,#1880);
#1514=AXIS2_PLACEMENT_3D('',#2647,#1881,#1882);
#1515=AXIS2_PLACEMENT_3D('',#2648,#1883,#1884);
#1516=AXIS2_PLACEMENT_3D('',#2655,#1885,#1886);
#1517=AXIS2_PLACEMENT_3D('',#2662,#1887,#1888);
#1518=AXIS2_PLACEMENT_3D('',#2663,#1889,#1890);
#1519=AXIS2_PLACEMENT_3D('',#2664,#1891,#1892);
#1520=AXIS2_PLACEMENT_3D('',#2666,#1893,#1894);
#1521=AXIS2_PLACEMENT_3D('',#2667,#1895,#1896);
#1522=AXIS2_PLACEMENT_3D('',#2668,#1897,#1898);
#1523=AXIS2_PLACEMENT_3D('',#2670,#1899,#1900);
#1524=AXIS2_PLACEMENT_3D('',#2671,#1901,#1902);
#1525=AXIS2_PLACEMENT_3D('',#2672,#1903,#1904);
#1526=AXIS2_PLACEMENT_3D('',#2674,#1905,#1906);
#1527=DIRECTION('',(0.,0.,1.));
#1528=DIRECTION('',(1.,0.,0.));
#1529=DIRECTION('',(0.,0.,1.));
#1530=DIRECTION('',(1.,0.,0.));
#1531=DIRECTION('',(0.,0.,-1.));
#1532=DIRECTION('',(-1.,0.,0.));
#1533=DIRECTION('',(0.,0.,-1.));
#1534=DIRECTION('',(-1.,0.,0.));
#1535=DIRECTION('',(0.,0.,-1.));
#1536=DIRECTION('',(-1.,0.,0.));
#1537=DIRECTION('',(0.,0.,-1.));
#1538=DIRECTION('',(-1.,0.,0.));
#1539=DIRECTION('',(0.,0.,-1.));
#1540=DIRECTION('',(-1.,0.,0.));
#1541=DIRECTION('',(0.,0.,-1.));
#1542=DIRECTION('',(-1.,0.,0.));
#1543=DIRECTION('',(0.,0.,-1.));
#1544=DIRECTION('',(-1.,0.,0.));
#1545=DIRECTION('',(-0.797862310673631,0.602839724310313,2.17963855263409E-15));
#1546=DIRECTION('',(-0.602839724310313,-0.797862310673631,0.));
#1547=DIRECTION('',(0.,0.,-1.));
#1548=DIRECTION('',(-1.,0.,0.));
#1549=DIRECTION('',(0.,0.,-1.));
#1550=DIRECTION('',(-1.,0.,0.));
#1551=DIRECTION('',(0.,0.,-1.));
#1552=DIRECTION('',(-1.,0.,0.));
#1553=DIRECTION('',(0.,0.,-1.));
#1554=DIRECTION('',(-1.,0.,0.));
#1555=DIRECTION('',(0.,0.,-1.));
#1556=DIRECTION('',(-1.,0.,0.));
#1557=DIRECTION('',(0.,0.,1.));
#1558=DIRECTION('',(1.,0.,0.));
#1559=DIRECTION('',(0.,0.,-1.));
#1560=DIRECTION('',(-1.,0.,0.));
#1561=DIRECTION('',(0.,0.,-1.));
#1562=DIRECTION('',(-1.,0.,0.));
#1563=DIRECTION('',(0.,0.,1.));
#1564=DIRECTION('',(1.,0.,0.));
#1565=DIRECTION('',(0.,0.,-1.));
#1566=DIRECTION('',(-1.,0.,0.));
#1567=DIRECTION('',(0.,0.,-1.));
#1568=DIRECTION('',(-1.,0.,0.));
#1569=DIRECTION('',(0.,0.,-1.));
#1570=DIRECTION('',(1.,0.,0.));
#1571=DIRECTION('',(0.,0.,-1.));
#1572=DIRECTION('',(-1.,0.,0.));
#1573=DIRECTION('',(0.,0.,-1.));
#1574=DIRECTION('',(-1.,0.,0.));
#1575=DIRECTION('',(-0.831469612302541,-0.555570233019609,0.));
#1576=DIRECTION('',(0.,0.,-1.));
#1577=DIRECTION('',(1.,0.,0.));
#1578=DIRECTION('',(0.,0.,-1.));
#1579=DIRECTION('',(-1.,0.,0.));
#1580=DIRECTION('',(-0.830922235816614,-0.556388567482762,-2.03657813864398E-15));
#1581=DIRECTION('',(0.,0.,-1.));
#1582=DIRECTION('',(-1.,0.,0.));
#1583=DIRECTION('',(0.382683432365104,-0.923879532511281,0.));
#1584=DIRECTION('',(0.,0.,-1.));
#1585=DIRECTION('',(-1.,0.,0.));
#1586=DIRECTION('',(0.,0.,-1.));
#1587=DIRECTION('',(-1.,0.,0.));
#1588=DIRECTION('',(-0.732538366721307,0.6807257460103,0.));
#1589=DIRECTION('',(0.,0.,-1.));
#1590=DIRECTION('',(-1.,0.,0.));
#1591=DIRECTION('',(0.,0.,1.));
#1592=DIRECTION('',(1.,0.,0.));
#1593=DIRECTION('',(0.,0.,-1.));
#1594=DIRECTION('',(1.,0.,0.));
#1595=DIRECTION('',(0.,-1.,0.));
#1596=DIRECTION('',(0.,0.,-1.));
#1597=DIRECTION('',(-1.,0.,0.));
#1598=DIRECTION('',(0.,0.,1.));
#1599=DIRECTION('',(1.,0.,0.));
#1600=DIRECTION('',(0.,0.,-1.));
#1601=DIRECTION('',(-1.,0.,0.));
#1602=DIRECTION('',(-0.5555702330196,-0.831469612302547,0.));
#1603=DIRECTION('',(0.,0.,-1.));
#1604=DIRECTION('',(-1.,0.,0.));
#1605=DIRECTION('',(0.,0.,-1.));
#1606=DIRECTION('',(1.,0.,0.));
#1607=DIRECTION('',(-0.831469612302541,-0.555570233019609,0.));
#1608=DIRECTION('',(0.,0.,-1.));
#1609=DIRECTION('',(-1.,0.,0.));
#1610=DIRECTION('',(0.,0.,1.));
#1611=DIRECTION('',(1.,0.,0.));
#1612=DIRECTION('',(0.,0.,-1.));
#1613=DIRECTION('',(-1.,0.,0.));
#1614=DIRECTION('',(-1.,0.,0.));
#1615=DIRECTION('',(0.,0.,-1.));
#1616=DIRECTION('',(-1.,0.,0.));
#1617=DIRECTION('',(0.,0.,1.));
#1618=DIRECTION('',(0.,0.,1.));
#1619=DIRECTION('',(0.,0.,1.));
#1620=DIRECTION('',(0.,0.,1.));
#1621=DIRECTION('',(1.,0.,0.));
#1622=DIRECTION('',(0.,0.,-1.));
#1623=DIRECTION('',(-1.,0.,0.));
#1624=DIRECTION('',(0.,0.,1.));
#1625=DIRECTION('',(0.,0.,-1.));
#1626=DIRECTION('',(-1.,0.,0.));
#1627=DIRECTION('',(0.,0.,1.));
#1628=DIRECTION('',(0.,0.,1.));
#1629=DIRECTION('',(-0.830916128588685,0.556397688035448,-1.52201118688496E-24));
#1630=DIRECTION('',(-0.556397688035448,-0.830916128588685,2.72552997388187E-30));
#1631=DIRECTION('',(-0.556397688035448,-0.830916128588685,2.72552997388187E-30));
#1632=DIRECTION('',(0.,0.,1.));
#1633=DIRECTION('',(-0.556397688035448,-0.830916128588685,2.72552997388187E-30));
#1634=DIRECTION('',(0.,0.,1.));
#1635=DIRECTION('',(1.,0.,0.));
#1636=DIRECTION('',(0.,0.,1.));
#1637=DIRECTION('',(1.,0.,0.));
#1638=DIRECTION('',(0.,0.,1.));
#1639=DIRECTION('',(0.,0.,1.));
#1640=DIRECTION('',(1.,0.,0.));
#1641=DIRECTION('',(-0.695015788656069,-0.71899447391394,0.));
#1642=DIRECTION('',(0.71899447391394,-0.695015788656069,0.));
#1643=DIRECTION('',(-0.71899447391394,0.695015788656069,0.));
#1644=DIRECTION('',(0.,0.,1.));
#1645=DIRECTION('',(-0.71899447391394,0.695015788656069,0.));
#1646=DIRECTION('',(0.,0.,-1.));
#1647=DIRECTION('',(0.,0.,1.));
#1648=DIRECTION('',(1.,0.,0.));
#1649=DIRECTION('',(0.,0.,1.));
#1650=DIRECTION('',(0.,0.,1.));
#1651=DIRECTION('',(0.,0.,1.));
#1652=DIRECTION('',(0.,0.,-1.));
#1653=DIRECTION('',(-1.,0.,0.));
#1654=DIRECTION('',(0.,0.,1.));
#1655=DIRECTION('',(0.,0.,-1.));
#1656=DIRECTION('',(-1.,0.,0.));
#1657=DIRECTION('',(0.,0.,1.));
#1658=DIRECTION('',(0.,0.,-1.));
#1659=DIRECTION('',(-1.,0.,0.));
#1660=DIRECTION('',(0.,0.,1.));
#1661=DIRECTION('',(0.,0.,1.));
#1662=DIRECTION('',(0.,0.,-1.));
#1663=DIRECTION('',(-1.,0.,0.));
#1664=DIRECTION('',(0.,0.,1.));
#1665=DIRECTION('',(0.6807257460103,0.732538366721307,0.));
#1666=DIRECTION('',(-0.732538366721307,0.6807257460103,0.));
#1667=DIRECTION('',(0.,0.,1.));
#1668=DIRECTION('',(-0.732538366721307,0.6807257460103,0.));
#1669=DIRECTION('',(0.,0.,-1.));
#1670=DIRECTION('',(0.,0.,1.));
#1671=DIRECTION('',(1.,0.,0.));
#1672=DIRECTION('',(0.,0.,1.));
#1673=DIRECTION('',(0.,0.,1.));
#1674=DIRECTION('',(1.,0.,0.));
#1675=DIRECTION('',(0.,0.,1.));
#1676=DIRECTION('',(0.556388567482762,-0.830922235816614,-4.83140795262164E-26));
#1677=DIRECTION('',(-0.830922235816614,-0.556388567482762,-2.03657813864398E-15));
#1678=DIRECTION('',(-0.830922235816614,-0.556388567482762,-2.03657813864398E-15));
#1679=DIRECTION('',(0.,0.,1.));
#1680=DIRECTION('',(0.,0.,1.));
#1681=DIRECTION('',(1.,0.,0.));
#1682=DIRECTION('',(0.,0.,-1.));
#1683=DIRECTION('',(-1.,0.,0.));
#1684=DIRECTION('',(0.,0.,1.));
#1685=DIRECTION('',(0.,0.,-1.));
#1686=DIRECTION('',(-1.,0.,0.));
#1687=DIRECTION('',(0.,0.,1.));
#1688=DIRECTION('',(0.,0.,1.));
#1689=DIRECTION('',(0.,0.,1.));
#1690=DIRECTION('',(0.,0.,1.));
#1691=DIRECTION('',(0.,0.,1.));
#1692=DIRECTION('',(1.,0.,0.));
#1693=DIRECTION('',(0.,0.,1.));
#1694=DIRECTION('',(1.,0.,0.));
#1695=DIRECTION('',(0.,0.,1.));
#1696=DIRECTION('',(0.,0.,1.));
#1697=DIRECTION('',(0.,0.,1.));
#1698=DIRECTION('',(0.,0.,1.));
#1699=DIRECTION('',(0.456162221804281,0.889896638603935,0.));
#1700=DIRECTION('',(0.,0.,1.));
#1701=DIRECTION('',(1.,0.,0.));
#1702=DIRECTION('',(0.,0.,1.));
#1703=DIRECTION('',(0.,0.,1.));
#1704=DIRECTION('',(0.,0.,1.));
#1705=DIRECTION('',(1.,0.,0.));
#1706=DIRECTION('',(0.,0.,1.));
#1707=DIRECTION('',(0.,0.,1.));
#1708=DIRECTION('',(0.,0.,-1.));
#1709=DIRECTION('',(-1.,0.,0.));
#1710=DIRECTION('',(0.,0.,1.));
#1711=DIRECTION('',(0.,0.,1.));
#1712=DIRECTION('',(1.,0.,0.));
#1713=DIRECTION('',(0.,0.,1.));
#1714=DIRECTION('',(0.,0.,-1.));
#1715=DIRECTION('',(-1.,0.,0.));
#1716=DIRECTION('',(0.,0.,1.));
#1717=DIRECTION('',(0.,0.,1.));
#1718=DIRECTION('',(0.,0.,1.));
#1719=DIRECTION('',(0.,0.,1.));
#1720=DIRECTION('',(1.,0.,0.));
#1721=DIRECTION('',(0.,0.,1.));
#1722=DIRECTION('',(1.,0.,0.));
#1723=DIRECTION('',(0.,0.,-1.));
#1724=DIRECTION('',(1.,0.,0.));
#1725=DIRECTION('',(0.,0.,-1.));
#1726=DIRECTION('',(-1.,0.,0.));
#1727=DIRECTION('',(-0.923879532511286,0.382683432365091,0.));
#1728=DIRECTION('',(0.,0.,-1.));
#1729=DIRECTION('',(-1.,0.,0.));
#1730=DIRECTION('',(0.,0.,-1.));
#1731=DIRECTION('',(-1.,0.,0.));
#1732=DIRECTION('',(0.,0.,-1.));
#1733=DIRECTION('',(-1.,0.,0.));
#1734=DIRECTION('',(0.,0.,-1.));
#1735=DIRECTION('',(1.,0.,0.));
#1736=DIRECTION('',(0.,0.,-1.));
#1737=DIRECTION('',(-1.,0.,0.));
#1738=DIRECTION('',(0.,0.,-1.));
#1739=DIRECTION('',(-1.,0.,0.));
#1740=DIRECTION('',(0.,0.,-1.));
#1741=DIRECTION('',(-1.,0.,0.));
#1742=DIRECTION('',(0.,0.,-1.));
#1743=DIRECTION('',(-1.,0.,0.));
#1744=DIRECTION('',(0.,1.,0.));
#1745=DIRECTION('',(0.,0.,1.));
#1746=DIRECTION('',(0.,0.,1.));
#1747=DIRECTION('',(-1.,0.,0.));
#1748=DIRECTION('',(-1.,0.,0.));
#1749=DIRECTION('',(0.,0.,1.));
#1750=DIRECTION('',(1.,0.,0.));
#1751=DIRECTION('',(0.,0.,-1.));
#1752=DIRECTION('',(-1.,0.,0.));
#1753=DIRECTION('',(0.,0.,1.));
#1754=DIRECTION('',(1.,0.,0.));
#1755=DIRECTION('',(0.,0.,1.));
#1756=DIRECTION('',(0.,0.,-1.));
#1757=DIRECTION('',(-1.,0.,0.));
#1758=DIRECTION('',(0.382683432365091,0.923879532511286,0.));
#1759=DIRECTION('',(-0.923879532511286,0.382683432365091,0.));
#1760=DIRECTION('',(-0.923879532511286,0.382683432365091,0.));
#1761=DIRECTION('',(-0.923879532511286,0.382683432365091,0.));
#1762=DIRECTION('',(0.,0.,-1.));
#1763=DIRECTION('',(1.,0.,0.));
#1764=DIRECTION('',(0.,0.,-1.));
#1765=DIRECTION('',(-1.,0.,0.));
#1766=DIRECTION('',(-1.,0.,0.));
#1767=DIRECTION('',(-0.923879532511286,0.382683432365091,0.));
#1768=DIRECTION('',(-0.831469612302547,0.5555702330196,0.));
#1769=DIRECTION('',(-0.5555702330196,-0.831469612302547,0.));
#1770=DIRECTION('',(0.,0.,1.));
#1771=DIRECTION('',(-0.5555702330196,-0.831469612302547,0.));
#1772=DIRECTION('',(-0.5555702330196,-0.831469612302547,0.));
#1773=DIRECTION('',(0.,0.,1.));
#1774=DIRECTION('',(1.,0.,0.));
#1775=DIRECTION('',(0.,0.,-1.));
#1776=DIRECTION('',(-1.,0.,0.));
#1777=DIRECTION('',(0.,0.,-1.));
#1778=DIRECTION('',(-1.,0.,0.));
#1779=DIRECTION('',(0.,0.,1.));
#1780=DIRECTION('',(1.,0.,0.));
#1781=DIRECTION('',(0.,0.,1.));
#1782=DIRECTION('',(0.,0.,-1.));
#1783=DIRECTION('',(-1.,0.,0.));
#1784=DIRECTION('',(0.,0.,-1.));
#1785=DIRECTION('',(-1.,0.,0.));
#1786=DIRECTION('',(-0.555570233019609,0.831469612302541,0.));
#1787=DIRECTION('',(-0.831469612302541,-0.555570233019609,0.));
#1788=DIRECTION('',(-0.831469612302541,-0.555570233019609,0.));
#1789=DIRECTION('',(-0.831469612302541,-0.555570233019609,0.));
#1790=DIRECTION('',(0.,0.,-1.));
#1791=DIRECTION('',(1.,0.,0.));
#1792=DIRECTION('',(0.,0.,-1.));
#1793=DIRECTION('',(-1.,0.,0.));
#1794=DIRECTION('',(-0.5555702330196,-0.831469612302547,0.));
#1795=DIRECTION('',(0.,0.,-1.));
#1796=DIRECTION('',(-1.,0.,0.));
#1797=DIRECTION('',(-0.923879532511281,-0.382683432365103,0.));
#1798=DIRECTION('',(0.382683432365104,-0.923879532511281,0.));
#1799=DIRECTION('',(0.,0.,1.));
#1800=DIRECTION('',(0.382683432365104,-0.923879532511281,0.));
#1801=DIRECTION('',(0.382683432365104,-0.923879532511281,0.));
#1802=DIRECTION('',(0.,0.,1.));
#1803=DIRECTION('',(1.,0.,0.));
#1804=DIRECTION('',(0.,0.,-1.));
#1805=DIRECTION('',(-1.,0.,0.));
#1806=DIRECTION('',(0.,0.,1.));
#1807=DIRECTION('',(1.,0.,0.));
#1808=DIRECTION('',(0.,0.,1.));
#1809=DIRECTION('',(0.,0.,-1.));
#1810=DIRECTION('',(-1.,0.,0.));
#1811=DIRECTION('',(-1.,0.,0.));
#1812=DIRECTION('',(0.,0.,1.));
#1813=DIRECTION('',(0.,-1.,0.));
#1814=DIRECTION('',(0.,-1.,0.));
#1815=DIRECTION('',(0.,0.,-1.));
#1816=DIRECTION('',(1.,0.,0.));
#1817=DIRECTION('',(0.,0.,-1.));
#1818=DIRECTION('',(-1.,0.,0.));
#1819=DIRECTION('',(0.382683432365104,-0.923879532511281,0.));
#1820=DIRECTION('',(0.,-1.,0.));
#1821=DIRECTION('',(0.,0.,1.));
#1822=DIRECTION('',(1.,0.,0.));
#1823=DIRECTION('',(0.,0.,1.));
#1824=DIRECTION('',(1.,0.,0.));
#1825=DIRECTION('',(0.,0.,1.));
#1826=DIRECTION('',(1.,0.,0.));
#1827=DIRECTION('',(0.,0.,1.));
#1828=DIRECTION('',(1.,0.,0.));
#1829=DIRECTION('',(-0.831469612302541,-0.555570233019609,0.));
#1830=DIRECTION('',(0.555570233019609,-0.831469612302541,0.));
#1831=DIRECTION('',(-0.831469612302505,-0.555570233019663,0.));
#1832=DIRECTION('',(0.555570233019663,-0.831469612302505,0.));
#1833=DIRECTION('',(0.,0.,-1.));
#1834=DIRECTION('',(-1.,0.,0.));
#1835=DIRECTION('',(-0.923879532511286,0.382683432365091,0.));
#1836=DIRECTION('',(-0.382683432365091,-0.923879532511286,0.));
#1837=DIRECTION('',(-0.923879532511274,0.382683432365119,0.));
#1838=DIRECTION('',(-0.382683432365119,-0.923879532511274,0.));
#1839=DIRECTION('',(0.,0.,-1.));
#1840=DIRECTION('',(-1.,0.,0.));
#1841=DIRECTION('',(1.,0.,0.));
#1842=DIRECTION('',(0.,0.,-1.));
#1843=DIRECTION('',(-1.,0.,0.));
#1844=DIRECTION('',(0.,0.,1.));
#1845=DIRECTION('',(0.,0.,-1.));
#1846=DIRECTION('',(-1.,0.,0.));
#1847=DIRECTION('',(-0.382683432365104,0.923879532511281,0.));
#1848=DIRECTION('',(-0.923879532511281,-0.382683432365104,0.));
#1849=DIRECTION('',(0.382683432365104,-0.923879532511281,-3.30635863452416E-13));
#1850=DIRECTION('',(0.923879532511281,0.382683432365104,0.));
#1851=DIRECTION('',(0.,0.,-1.));
#1852=DIRECTION('',(-1.,0.,0.));
#1853=DIRECTION('',(0.,-1.,0.));
#1854=DIRECTION('',(0.,0.,-1.));
#1855=DIRECTION('',(0.,-1.,0.));
#1856=DIRECTION('',(0.,0.,-1.));
#1857=DIRECTION('',(0.,0.,-1.));
#1858=DIRECTION('',(-1.,0.,0.));
#1859=DIRECTION('',(0.5555702330196,0.831469612302547,0.));
#1860=DIRECTION('',(-0.831469612302547,0.5555702330196,0.));
#1861=DIRECTION('',(-0.555570233019601,-0.831469612302546,1.05570579188142E-13));
#1862=DIRECTION('',(0.831469612302546,-0.555570233019601,0.));
#1863=DIRECTION('',(0.,0.,-1.));
#1864=DIRECTION('',(-1.,0.,0.));
#1865=DIRECTION('',(0.,0.,-1.));
#1866=DIRECTION('',(-1.,0.,0.));
#1867=DIRECTION('',(-0.831469612302508,-0.555570233019659,0.));
#1868=DIRECTION('',(0.555570233019659,-0.831469612302508,0.));
#1869=DIRECTION('',(0.,0.,-1.));
#1870=DIRECTION('',(-1.,0.,0.));
#1871=DIRECTION('',(-0.555570233019689,-0.831469612302487,0.));
#1872=DIRECTION('',(0.831469612302487,-0.555570233019689,0.));
#1873=DIRECTION('',(0.831469612302541,0.555570233019609,0.));
#1874=DIRECTION('',(-0.555570233019609,0.831469612302541,0.));
#1875=DIRECTION('',(-0.5555702330196,-0.831469612302547,0.));
#1876=DIRECTION('',(0.831469612302547,-0.5555702330196,0.));
#1877=DIRECTION('',(0.,1.,0.));
#1878=DIRECTION('',(0.,0.,1.));
#1879=DIRECTION('',(0.382683432365104,-0.923879532511281,0.));
#1880=DIRECTION('',(0.923879532511281,0.382683432365104,0.));
#1881=DIRECTION('',(0.,0.,-1.));
#1882=DIRECTION('',(-1.,0.,0.));
#1883=DIRECTION('',(0.923879532511286,-0.382683432365091,0.));
#1884=DIRECTION('',(0.382683432365091,0.923879532511286,0.));
#1885=DIRECTION('',(-1.,0.,0.));
#1886=DIRECTION('',(0.,0.,1.));
#1887=DIRECTION('',(0.,0.,-1.));
#1888=DIRECTION('',(-1.,0.,0.));
#1889=DIRECTION('',(0.,0.,-1.));
#1890=DIRECTION('',(-1.,0.,0.));
#1891=DIRECTION('',(0.,0.,-1.));
#1892=DIRECTION('',(-1.,0.,0.));
#1893=DIRECTION('',(0.,0.,-1.));
#1894=DIRECTION('',(1.,0.,0.));
#1895=DIRECTION('',(0.,0.,-1.));
#1896=DIRECTION('',(-1.,0.,0.));
#1897=DIRECTION('',(0.,0.,-1.));
#1898=DIRECTION('',(-1.,0.,0.));
#1899=DIRECTION('',(0.,0.,-1.));
#1900=DIRECTION('',(1.,0.,0.));
#1901=DIRECTION('',(0.,0.,-1.));
#1902=DIRECTION('',(1.,0.,0.));
#1903=DIRECTION('',(0.,0.,-1.));
#1904=DIRECTION('',(-1.,0.,0.));
#1905=DIRECTION('',(0.,0.,-1.));
#1906=DIRECTION('',(-1.,0.,0.));
#1907=CARTESIAN_POINT('',(0.,0.,0.));
#1908=CARTESIAN_POINT('',(0.0615182899632292,0.171518289963231,0.069758));
#1909=CARTESIAN_POINT('',(0.0615182899632292,0.171518289963231,0.073568));
#1910=CARTESIAN_POINT('',(0.0603752899632292,0.171518289963231,0.073568));
#1911=CARTESIAN_POINT('',(0.0615182899632292,0.171518289963231,0.070774));
#1912=CARTESIAN_POINT('',(0.0603752899632292,0.171518289963231,0.070774));
#1913=CARTESIAN_POINT('',(0.0308407457113356,0.140843423586413,0.059598));
#1914=CARTESIAN_POINT('',(0.0630449123019037,0.173044954705426,0.0573588039388035));
#1915=CARTESIAN_POINT('',(0.0636264992977151,0.172463383863348,0.0573588280762937));
#1916=CARTESIAN_POINT('',(0.0638273023682547,0.171555138897295,0.057058));
#1917=CARTESIAN_POINT('',(0.0635487353193485,0.170784414867719,0.057058));
#1918=CARTESIAN_POINT('',(0.0630449123019036,0.173044954705425,0.0573588039388044));
#1919=CARTESIAN_POINT('',(0.0635487353193486,0.170784414867719,0.057058));
#1920=CARTESIAN_POINT('',(0.0639931615847452,0.17399316581002,0.059598));
#1921=CARTESIAN_POINT('',(0.0639931615847452,0.17399316581002,0.0591390626032535));
#1922=CARTESIAN_POINT('',(0.0638191551180367,0.173819166342171,0.0582411299342092));
#1923=CARTESIAN_POINT('',(0.0633308402478018,0.173330871139,0.0575753199016031));
#1924=CARTESIAN_POINT('',(0.0630449123019036,0.173044954705426,0.0573588039388044));
#1925=CARTESIAN_POINT('',(0.0639931615846693,0.173993165810095,0.059598));
#1926=CARTESIAN_POINT('',(0.0308407457113356,0.140843423586413,0.059598));
#1927=CARTESIAN_POINT('',(0.0683104844014241,0.169021549326631,0.059598));
#1928=CARTESIAN_POINT('',(0.0683104844014265,0.169021549326628,0.059598));
#1929=CARTESIAN_POINT('',(0.0683104844014265,0.169021549326628,0.058926926571526));
#1930=CARTESIAN_POINT('',(0.0679775188782779,0.168773080441188,0.0579438177228179));
#1931=CARTESIAN_POINT('',(0.0670590050405237,0.168125316843101,0.0571910616603762));
#1932=CARTESIAN_POINT('',(0.0665237576723351,0.167717452724587,0.057058));
#1933=CARTESIAN_POINT('',(0.0662369233480772,0.167552713202824,0.057058));
#1934=CARTESIAN_POINT('',(0.0662369233480816,0.167552713202819,0.057058));
#1935=CARTESIAN_POINT('',(0.0308407457113356,0.140843423586413,0.057058));
#1936=CARTESIAN_POINT('',(0.0307591449816146,0.140759144981615,0.059598));
#1937=CARTESIAN_POINT('',(0.0607846242269282,0.173548810977005,0.0570579999999999));
#1938=CARTESIAN_POINT('',(0.0615582657490344,0.173828342325412,0.0570579999999999));
#1939=CARTESIAN_POINT('',(0.0624678015488498,0.173622049429074,0.0573587981566148));
#1940=CARTESIAN_POINT('',(0.0630449123019037,0.173044954705426,0.0573588039388044));
#1941=CARTESIAN_POINT('',(0.0607846242269283,0.173548810977005,0.057058));
#1942=CARTESIAN_POINT('',(0.0307591449816146,0.140759144981615,0.057058));
#1943=CARTESIAN_POINT('',(0.0575613991244512,0.176232103314165,0.057058));
#1944=CARTESIAN_POINT('',(0.0575613991244511,0.176232103314165,0.059598));
#1945=CARTESIAN_POINT('',(0.0590926120241993,0.178258673583275,0.059598));
#1946=CARTESIAN_POINT('',(0.0307591449816146,0.140759144981615,0.059598));
#1947=CARTESIAN_POINT('',(0.0307591449816146,0.140759144981615,0.059598));
#1948=CARTESIAN_POINT('',(0.0621609790900558,0.169457166074121,0.0570579999999998));
#1949=CARTESIAN_POINT('',(0.0617834055419246,0.169339433018266,0.0570579999999998));
#1950=CARTESIAN_POINT('',(0.0609747152799786,0.16931797703852,0.0572172308871973));
#1951=CARTESIAN_POINT('',(0.0599163830837346,0.169911731204592,0.0574297289898398));
#1952=CARTESIAN_POINT('',(0.0593159414708989,0.170978670473642,0.0572166750560102));
#1953=CARTESIAN_POINT('',(0.0593395095899247,0.171783651109608,0.057058));
#1954=CARTESIAN_POINT('',(0.0594571660741194,0.172160979090058,0.057058));
#1955=CARTESIAN_POINT('',(0.0621609790900558,0.169457166074121,0.057058));
#1956=CARTESIAN_POINT('',(0.0594571660741195,0.172160979090057,0.057058));
#1957=CARTESIAN_POINT('',(0.0307591449816146,0.140759144981615,0.057058));
#1958=CARTESIAN_POINT('',(0.0646556074211272,0.166462869110361,0.057058));
#1959=CARTESIAN_POINT('',(0.0640179294737162,0.1629819543024,0.059598));
#1960=CARTESIAN_POINT('',(0.0640179294737162,0.1629819543024,0.0591924165250285));
#1961=CARTESIAN_POINT('',(0.0640742388092824,0.163263302301322,0.0584117519158104));
#1962=CARTESIAN_POINT('',(0.0643102729794097,0.1644851845181,0.0573426258502437));
#1963=CARTESIAN_POINT('',(0.0645234884915394,0.165676795628777,0.057058));
#1964=CARTESIAN_POINT('',(0.0646556074211272,0.166462869110361,0.057058));
#1965=CARTESIAN_POINT('',(0.0640179294737162,0.1629819543024,0.059598));
#1966=CARTESIAN_POINT('',(0.0307591449816146,0.140759144981615,0.059598));
#1967=CARTESIAN_POINT('',(0.0529819543023987,0.174017929473717,0.059598));
#1968=CARTESIAN_POINT('',(0.0529819543023987,0.174017929473717,0.059598));
#1969=CARTESIAN_POINT('',(0.0529819543023987,0.174017929473717,0.0591924165250285));
#1970=CARTESIAN_POINT('',(0.0532633023013216,0.174074238809283,0.0584117519158104));
#1971=CARTESIAN_POINT('',(0.054485184518099,0.17431027297941,0.0573426258502437));
#1972=CARTESIAN_POINT('',(0.0556767956287759,0.174523488491543,0.057058));
#1973=CARTESIAN_POINT('',(0.0564628691103609,0.174655607421128,0.057058));
#1974=CARTESIAN_POINT('',(0.056462869110361,0.174655607421128,0.057058));
#1975=CARTESIAN_POINT('',(0.0307591449816146,0.140759144981615,0.057058));
#1976=CARTESIAN_POINT('',(0.0615182899632298,0.11,0.069758));
#1977=CARTESIAN_POINT('',(0.0615182899632298,0.11,0.073568));
#1978=CARTESIAN_POINT('',(0.0603752899632298,0.11,0.073568));
#1979=CARTESIAN_POINT('',(0.0615182899632298,0.11,0.070774));
#1980=CARTESIAN_POINT('',(0.0603752899632298,0.11,0.070774));
#1981=CARTESIAN_POINT('',(-4.02455846426619E-16,0.17151828996323,0.069758));
#1982=CARTESIAN_POINT('',(-4.02455846426619E-16,0.17151828996323,0.073568));
#1983=CARTESIAN_POINT('',(-0.0011430000000004,0.17151828996323,0.073568));
#1984=CARTESIAN_POINT('',(-4.02455846426619E-16,0.17151828996323,0.070774));
#1985=CARTESIAN_POINT('',(-0.0011430000000004,0.17151828996323,0.070774));
#1986=CARTESIAN_POINT('',(0.0362027566291881,0.14669445465904,0.057058));
#1987=CARTESIAN_POINT('',(0.0615182899632292,0.171518289963231,0.057058));
#1988=CARTESIAN_POINT('',(0.0662037927431832,0.16754000854543,0.057058));
#1989=CARTESIAN_POINT('',(0.0662235060575061,0.167510505485613,0.057058));
#1990=CARTESIAN_POINT('',(0.0626067810818464,0.165093887117648,0.057058));
#1991=CARTESIAN_POINT('',(0.0362027691291881,0.14669446715904,0.069758));
#1992=CARTESIAN_POINT('',(-4.02455846426619E-16,0.17151828996323,0.069758));
#1993=CARTESIAN_POINT('',(-0.0019050000000004,0.17151828996323,0.069758));
#1994=CARTESIAN_POINT('',(0.00548727747259238,0.180247514327263,0.069758));
#1995=CARTESIAN_POINT('',(0.00479104909792294,0.179781610417266,0.069758));
#1996=CARTESIAN_POINT('',(0.00617178822455154,0.180705987512684,0.069758));
#1997=CARTESIAN_POINT('',(0.0161666480597166,0.18271861044234,0.069758));
#1998=CARTESIAN_POINT('',(0.0067472499657686,0.178816968002431,0.069758));
#1999=CARTESIAN_POINT('',(0.00841184564927451,0.174798278527444,0.069758));
#2000=CARTESIAN_POINT('',(0.00869216592307434,0.174121525520629,0.069758));
#2001=CARTESIAN_POINT('',(0.0307591449816146,0.140759144981615,0.069758));
#2002=CARTESIAN_POINT('',(0.00136017347129836,0.167882944017436,0.069758));
#2003=CARTESIAN_POINT('',(-0.000506661219606741,0.169605305256211,0.069758));
#2004=CARTESIAN_POINT('',(-0.00223570461447293,0.167744657804738,0.069758));
#2005=CARTESIAN_POINT('',(-0.000308798867419947,0.165954042580003,0.069758));
#2006=CARTESIAN_POINT('',(-0.00354946281216498,0.168965493558645,0.069758));
#2007=CARTESIAN_POINT('',(-0.00182041941729881,0.170826141010116,0.069758));
#2008=CARTESIAN_POINT('',(-0.003687004279787,0.172548772993777,0.069758));
#2009=CARTESIAN_POINT('',(0.0307591449816146,0.140759144981615,0.069758));
#2010=CARTESIAN_POINT('',(0.0362027691291881,0.14669446715904,0.069758));
#2011=CARTESIAN_POINT('',(0.0383791449816146,0.14669446715904,0.069758));
#2012=CARTESIAN_POINT('',(0.0383791449816146,0.180026632805514,0.069758));
#2013=CARTESIAN_POINT('',(0.0383791449816146,0.185108943124742,0.069758));
#2014=CARTESIAN_POINT('',(0.0281836619532751,0.185108943124742,0.069758));
#2015=CARTESIAN_POINT('',(0.0381879059175477,0.187074388846383,0.069758));
#2016=CARTESIAN_POINT('',(0.0381879059175456,0.187074388846384,0.069758));
#2017=CARTESIAN_POINT('',(0.0383240483874156,0.187047291733394,0.069758));
#2018=CARTESIAN_POINT('',(0.0386503529019096,0.1869819551188,0.069758));
#2019=CARTESIAN_POINT('',(0.039273455419766,0.186856695752592,0.069758));
#2020=CARTESIAN_POINT('',(0.0396218663240607,0.186787500462983,0.069758));
#2021=CARTESIAN_POINT('',(0.0398173340117181,0.186749001032545,0.069758));
#2022=CARTESIAN_POINT('',(0.0398173340117181,0.186749001032545,0.069758));
#2023=CARTESIAN_POINT('',(0.0307591449816146,0.140759144981615,0.069758));
#2024=CARTESIAN_POINT('',(0.0487781311033449,0.184030772952322,0.069758));
#2025=CARTESIAN_POINT('',(0.0487781311033449,0.184030772952322,0.069758));
#2026=CARTESIAN_POINT('',(0.0489644924530855,0.183953169156686,0.069758));
#2027=CARTESIAN_POINT('',(0.0492939641941258,0.1838166311474,0.069758));
#2028=CARTESIAN_POINT('',(0.0498756048451388,0.183577312439651,0.069758));
#2029=CARTESIAN_POINT('',(0.050185620596877,0.183449487531696,0.069758));
#2030=CARTESIAN_POINT('',(0.050314029447454,0.183396365318897,0.069758));
#2031=CARTESIAN_POINT('',(0.050314029447453,0.183396365318897,0.069758));
#2032=CARTESIAN_POINT('',(0.0575400085454292,0.176203792743184,0.069758));
#2033=CARTESIAN_POINT('',(0.049062774224619,0.181868099624987,0.069758));
#2034=CARTESIAN_POINT('',(0.0466461558566533,0.178251374649326,0.069758));
#2035=CARTESIAN_POINT('',(0.0462391938962867,0.177642313034256,0.069758));
#2036=CARTESIAN_POINT('',(0.0307591449816146,0.140759144981615,0.069758));
#2037=CARTESIAN_POINT('',(0.0362027691291881,0.14669446715904,0.069758));
#2038=CARTESIAN_POINT('',(0.0414977559569519,0.138769959359371,0.069758));
#2039=CARTESIAN_POINT('',(0.0676423130342555,0.156239193896288,0.069758));
#2040=CARTESIAN_POINT('',(0.071868099624986,0.15906277422462,0.069758));
#2041=CARTESIAN_POINT('',(0.0662037927431832,0.16754000854543,0.069758));
#2042=CARTESIAN_POINT('',(0.0733960612857816,0.160313726832653,0.069758));
#2043=CARTESIAN_POINT('',(0.0733960612857813,0.160313726832654,0.069758));
#2044=CARTESIAN_POINT('',(0.0734491675634498,0.16018547415666,0.069758));
#2045=CARTESIAN_POINT('',(0.0735761272288324,0.159877862790706,0.069758));
#2046=CARTESIAN_POINT('',(0.0738181550836334,0.159290181605463,0.069758));
#2047=CARTESIAN_POINT('',(0.0739541880302067,0.158962045682974,0.069758));
#2048=CARTESIAN_POINT('',(0.0740307729523215,0.158778131103347,0.069758));
#2049=CARTESIAN_POINT('',(0.0740307729523214,0.158778131103346,0.069758));
#2050=CARTESIAN_POINT('',(0.0307591449816146,0.140759144981615,0.069758));
#2051=CARTESIAN_POINT('',(0.0767490010325452,0.149817334011718,0.069758));
#2052=CARTESIAN_POINT('',(0.0767490010325452,0.149817334011718,0.069758));
#2053=CARTESIAN_POINT('',(0.076788012653294,0.149619265853095,0.069758));
#2054=CARTESIAN_POINT('',(0.0768575301396672,0.149269463658304,0.069758));
#2055=CARTESIAN_POINT('',(0.0769816861384,0.148652888782168,0.069758));
#2056=CARTESIAN_POINT('',(0.0770476391351279,0.14832410439159,0.069758));
#2057=CARTESIAN_POINT('',(0.0770748097644759,0.148187823214277,0.069758));
#2058=CARTESIAN_POINT('',(0.0770748097644756,0.148187823214278,0.069758));
#2059=CARTESIAN_POINT('',(0.0751089431247413,0.138183661953276,0.069758));
#2060=CARTESIAN_POINT('',(0.0751089431247413,0.148379144981615,0.069758));
#2061=CARTESIAN_POINT('',(0.0707591449816146,0.148379144981615,0.069758));
#2062=CARTESIAN_POINT('',(0.0700266328055129,0.148379144981615,0.069758));
#2063=CARTESIAN_POINT('',(0.0307591449816146,0.140759144981615,0.069758));
#2064=CARTESIAN_POINT('',(0.0767490010325452,0.149817334011718,0.0695944085320531));
#2065=CARTESIAN_POINT('',(0.0767490010325452,0.149817334011718,0.073568));
#2066=CARTESIAN_POINT('',(0.0767894615344365,0.14961190965475,0.0695944085320531));
#2067=CARTESIAN_POINT('',(0.0767894615344365,0.14961190965475,0.073568));
#2068=CARTESIAN_POINT('',(0.0768523820397945,0.149295898636983,0.0695944085320531));
#2069=CARTESIAN_POINT('',(0.0768523820397945,0.149295898636983,0.073568));
#2070=CARTESIAN_POINT('',(0.0769415869651812,0.148851700582038,0.0695944085320531));
#2071=CARTESIAN_POINT('',(0.0769415869651812,0.148851700582038,0.073568));
#2072=CARTESIAN_POINT('',(0.0770124175306813,0.148500061618505,0.0695944085320531));
#2073=CARTESIAN_POINT('',(0.0770124175306813,0.148500061618505,0.073568));
#2074=CARTESIAN_POINT('',(0.0770899536783631,0.148112832254106,0.0695944085320531));
#2075=CARTESIAN_POINT('',(0.0770899536783631,0.148112832254106,0.073568));
#2076=CARTESIAN_POINT('',(0.0771511424094957,0.147802509485248,0.0695944085320531));
#2077=CARTESIAN_POINT('',(0.0771511424094957,0.147802509485248,0.073568));
#2078=CARTESIAN_POINT('',(0.0771794394932858,0.147657602751504,0.0695944085320531));
#2079=CARTESIAN_POINT('',(0.0771794394932858,0.147657602751504,0.073568));
#2080=CARTESIAN_POINT('',(0.0772432903950267,0.147323201744834,0.0695944085320531));
#2081=CARTESIAN_POINT('',(0.0772432903950267,0.147323201744834,0.073568));
#2082=CARTESIAN_POINT('',(0.0773022039282086,0.14700014263994,0.0695944085320531));
#2083=CARTESIAN_POINT('',(0.0773022039282086,0.14700014263994,0.073568));
#2084=CARTESIAN_POINT('',(0.0773457215350593,0.146746914951127,0.0695944085320531));
#2085=CARTESIAN_POINT('',(0.0773457215350593,0.146746914951127,0.073568));
#2086=CARTESIAN_POINT('',(0.0773650203490694,0.146629610341765,0.0695944085320531));
#2087=CARTESIAN_POINT('',(0.0773650203490694,0.146629610341765,0.073568));
#2088=CARTESIAN_POINT('',(0.0767490010325452,0.149817334011718,0.073568));
#2089=CARTESIAN_POINT('',(0.0767894615344365,0.14961190965475,0.073568));
#2090=CARTESIAN_POINT('',(0.0768523820397945,0.149295898636984,0.073568));
#2091=CARTESIAN_POINT('',(0.0769415869651813,0.148851700582038,0.073568));
#2092=CARTESIAN_POINT('',(0.0770124175306813,0.148500061618505,0.073568));
#2093=CARTESIAN_POINT('',(0.0770899536783631,0.148112832254106,0.073568));
#2094=CARTESIAN_POINT('',(0.0771511424094958,0.147802509485248,0.073568));
#2095=CARTESIAN_POINT('',(0.0771794394932857,0.147657602751504,0.073568));
#2096=CARTESIAN_POINT('',(0.0772432903950268,0.147323201744834,0.073568));
#2097=CARTESIAN_POINT('',(0.0773022039282086,0.14700014263994,0.073568));
#2098=CARTESIAN_POINT('',(0.0773457215350593,0.146746914951127,0.073568));
#2099=CARTESIAN_POINT('',(0.0773650203490694,0.146629610341765,0.073568));
#2100=CARTESIAN_POINT('',(0.0767490010325452,0.149817334011718,0.073568));
#2101=CARTESIAN_POINT('',(0.0773650203490693,0.146629610341765,0.073568));
#2102=CARTESIAN_POINT('',(0.0773650203490693,0.146629610341765,0.069758));
#2103=CARTESIAN_POINT('',(0.0773650203490693,0.146629610341765,0.069758));
#2104=CARTESIAN_POINT('',(0.0773650203490692,0.146629610341765,0.069758));
#2105=CARTESIAN_POINT('',(0.0773650203490692,0.146629610341765,0.0696181078847447));
#2106=CARTESIAN_POINT('',(0.0773650203490694,0.146629610341765,0.0696181078847447));
#2107=CARTESIAN_POINT('',(0.0772800672231446,0.147145983692244,0.0697107820514252));
#2108=CARTESIAN_POINT('',(0.0771787198982952,0.147666635604293,0.069758));
#2109=CARTESIAN_POINT('',(0.0770748097644777,0.148187823214268,0.069758));
#2110=CARTESIAN_POINT('',(0.0767490010325452,0.149817334011718,0.069758));
#2111=CARTESIAN_POINT('',(0.0308407457113356,0.140843423586413,0.069758));
#2112=CARTESIAN_POINT('',(0.0308407457113356,0.140843423586413,0.057058));
#2113=CARTESIAN_POINT('',(0.0776499461909367,0.138219144981615,0.057058));
#2114=CARTESIAN_POINT('',(0.0750267223694235,0.125172190242927,0.057058));
#2115=CARTESIAN_POINT('',(0.0776499461909367,0.138219144981615,0.057058));
#2116=CARTESIAN_POINT('',(0.0776552184635672,0.138313186394023,0.057058));
#2117=CARTESIAN_POINT('',(0.0776601911282964,0.138406954493881,0.0570632066548812));
#2118=CARTESIAN_POINT('',(0.0776648693709659,0.138500448716139,0.0570736251845372));
#2119=CARTESIAN_POINT('',(0.0776648693709659,0.138500448716139,0.0570736251845372));
#2120=CARTESIAN_POINT('',(0.0776648693709659,0.138500448716139,0.057058));
#2121=CARTESIAN_POINT('',(0.0776648693709659,0.138500448716139,0.062138));
#2122=CARTESIAN_POINT('',(0.077664869370966,0.138500448716139,0.062138));
#2123=CARTESIAN_POINT('',(0.077664869370966,0.138500448716139,0.0623863955219947));
#2124=CARTESIAN_POINT('',(0.0776721446258096,0.138644302365924,0.062853205817811));
#2125=CARTESIAN_POINT('',(0.0776915658187414,0.139087295454198,0.0637223355769978));
#2126=CARTESIAN_POINT('',(0.0777124870605715,0.13972392369492,0.0647474141440725));
#2127=CARTESIAN_POINT('',(0.0777257906699249,0.140598502760331,0.0659210989759555));
#2128=CARTESIAN_POINT('',(0.0777203600648435,0.141896091895961,0.06733080084781));
#2129=CARTESIAN_POINT('',(0.0776492298986179,0.143866204971365,0.0687992663625485));
#2130=CARTESIAN_POINT('',(0.077483937341364,0.14567344922175,0.0694445794621172));
#2131=CARTESIAN_POINT('',(0.0773650203490692,0.146629610341765,0.0696181078847447));
#2132=CARTESIAN_POINT('',(0.0308407457113356,0.140843423586413,0.073568));
#2133=CARTESIAN_POINT('',(0.0707162426067994,0.116187199524676,0.073568));
#2134=CARTESIAN_POINT('',(0.0707162732004237,0.11618717903859,0.069758));
#2135=CARTESIAN_POINT('',(0.0707162425820798,0.116187199489922,0.0697579906383268));
#2136=CARTESIAN_POINT('',(0.0707162738690017,0.116187180119853,0.0697579807744803));
#2137=CARTESIAN_POINT('',(0.0712942603786897,0.1171219339226,0.0697556666033589));
#2138=CARTESIAN_POINT('',(0.072366906816507,0.119008796158843,0.0693332124116192));
#2139=CARTESIAN_POINT('',(0.0733945088446755,0.121137059920957,0.0678954527441159));
#2140=CARTESIAN_POINT('',(0.0740171804027224,0.122562909536491,0.0663762006846231));
#2141=CARTESIAN_POINT('',(0.0744032003137233,0.123505721985422,0.0650838789117503));
#2142=CARTESIAN_POINT('',(0.0746620738398476,0.12417625828797,0.0639377318969989));
#2143=CARTESIAN_POINT('',(0.0748303969532753,0.124628300990359,0.0629632096594128));
#2144=CARTESIAN_POINT('',(0.0748813576527703,0.124768207023049,0.0624187189994202));
#2145=CARTESIAN_POINT('',(0.0748813576527703,0.124768207023049,0.062138));
#2146=CARTESIAN_POINT('',(0.0748813576527704,0.124768207023049,0.062138));
#2147=CARTESIAN_POINT('',(0.0748813576527704,0.124768207023049,0.057058));
#2148=CARTESIAN_POINT('',(0.0748813576527704,0.124768207023049,0.0570944667619378));
#2149=CARTESIAN_POINT('',(0.0748813576527704,0.124768207023049,0.0570944667619378));
#2150=CARTESIAN_POINT('',(0.0749300749855286,0.124901675902823,0.0570701500038388));
#2151=CARTESIAN_POINT('',(0.0749785389503382,0.125036334220344,0.057058));
#2152=CARTESIAN_POINT('',(0.0750267223694235,0.125172190242927,0.057058));
#2153=CARTESIAN_POINT('',(0.0702159261004068,0.115440100382547,0.069758000004731));
#2154=CARTESIAN_POINT('',(0.0702159261004068,0.115440100382547,0.073568));
#2155=CARTESIAN_POINT('',(0.0697816074529198,0.114791051086126,0.073568));
#2156=CARTESIAN_POINT('',(0.069781812821158,0.114790913567538,0.069758));
#2157=CARTESIAN_POINT('',(0.0697816075918511,0.114791051293968,0.0697580000500004));
#2158=CARTESIAN_POINT('',(0.0702159261004068,0.115440100382547,0.069758));
#2159=CARTESIAN_POINT('',(0.0707059883693882,0.1161717880509,0.069758));
#2160=CARTESIAN_POINT('',(0.0707059883700732,0.116171788051925,0.069758));
#2161=CARTESIAN_POINT('',(0.0707094168968877,0.116176918221732,0.069758));
#2162=CARTESIAN_POINT('',(0.0707128451763988,0.116182048548792,0.0697579935908164));
#2163=CARTESIAN_POINT('',(0.0707162732004187,0.116187179038582,0.0697579807771571));
#2164=CARTESIAN_POINT('',(0.0307591449816146,0.140759144981615,0.069758));
#2165=CARTESIAN_POINT('',(0.0307591449816146,0.140759144981615,0.073568));
#2166=CARTESIAN_POINT('',(0.0636049279757542,0.107318568019004,0.073568));
#2167=CARTESIAN_POINT('',(0.0636049279757542,0.107318568019004,0.069758));
#2168=CARTESIAN_POINT('',(0.0636049279757542,0.107318568019004,0.069758));
#2169=CARTESIAN_POINT('',(0.0307591449816146,0.140759144981615,0.069758));
#2170=CARTESIAN_POINT('',(0.0603547709189656,0.107019209886745,0.069758));
#2171=CARTESIAN_POINT('',(0.0603547709189656,0.107019209886745,0.069758));
#2172=CARTESIAN_POINT('',(0.0587698123813331,0.108551309573163,0.069758));
#2173=CARTESIAN_POINT('',(0.0600597244437655,0.107304416471901,0.069758));
#2174=CARTESIAN_POINT('',(0.0600597244437655,0.107304416471901,0.069758));
#2175=CARTESIAN_POINT('',(0.0600597244437655,0.107304416471901,0.073568));
#2176=CARTESIAN_POINT('',(0.0603547709189656,0.107019209886745,0.073568));
#2177=CARTESIAN_POINT('',(0.0587698123813331,0.108551309573163,0.073568));
#2178=CARTESIAN_POINT('',(0.0587698123813331,0.108551309573163,0.069758));
#2179=CARTESIAN_POINT('',(0.0307591449816146,0.140759144981615,0.069758));
#2180=CARTESIAN_POINT('',(0.0529819543023987,0.174017929473717,0.057058));
#2181=CARTESIAN_POINT('',(0.0529819543023987,0.174017929473717,0.062138));
#2182=CARTESIAN_POINT('',(0.0640179294737162,0.1629819543024,0.057058));
#2183=CARTESIAN_POINT('',(0.0640179294737162,0.1629819543024,0.062138));
#2184=CARTESIAN_POINT('',(0.0640179294737162,0.1629819543024,0.062138));
#2185=CARTESIAN_POINT('',(0.0640179294737162,0.1629819543024,0.0631479925110543));
#2186=CARTESIAN_POINT('',(0.0642426902396068,0.162650925163226,0.0651374640285255));
#2187=CARTESIAN_POINT('',(0.065157667563376,0.161211403937822,0.0676826681386006));
#2188=CARTESIAN_POINT('',(0.0664033575143551,0.158984854025184,0.0693678186219161));
#2189=CARTESIAN_POINT('',(0.0672514687310169,0.157170429721072,0.069758));
#2190=CARTESIAN_POINT('',(0.0676423130342555,0.156239193896288,0.069758));
#2191=CARTESIAN_POINT('',(0.0700266328055129,0.148379144981615,0.069758));
#2192=CARTESIAN_POINT('',(0.0702189989044413,0.147387841379594,0.069758));
#2193=CARTESIAN_POINT('',(0.0705206081663032,0.145417925709189,0.0693715306696168));
#2194=CARTESIAN_POINT('',(0.0707231285801179,0.142867179232908,0.0676853004922803));
#2195=CARTESIAN_POINT('',(0.0707620532827055,0.141163004389476,0.0651475570069595));
#2196=CARTESIAN_POINT('',(0.0707591449816146,0.140759144981615,0.0631479647426625));
#2197=CARTESIAN_POINT('',(0.0707591449816146,0.140759144981615,0.062138));
#2198=CARTESIAN_POINT('',(0.0707591449816146,0.140759144981615,0.062138));
#2199=CARTESIAN_POINT('',(0.0707591449816146,0.140759144981615,0.057058));
#2200=CARTESIAN_POINT('',(0.0707591449816146,0.140759144981615,0.059598));
#2201=CARTESIAN_POINT('',(0.0307591449816146,0.140759144981615,0.059598));
#2202=CARTESIAN_POINT('',(0.067714326282066,0.125451807687011,0.059598));
#2203=CARTESIAN_POINT('',(0.067714326282066,0.125451807687011,0.057058));
#2204=CARTESIAN_POINT('',(0.067714326282066,0.125451807687011,0.062138));
#2205=CARTESIAN_POINT('',(0.067714326282066,0.125451807687011,0.062138));
#2206=CARTESIAN_POINT('',(0.067714326282066,0.125451807687011,0.0631479925110543));
#2207=CARTESIAN_POINT('',(0.0675639560031365,0.125081016004149,0.0651374640285256));
#2208=CARTESIAN_POINT('',(0.0668753720129224,0.123520485020854,0.0676826681386007));
#2209=CARTESIAN_POINT('',(0.0657161316766242,0.12124772682647,0.0693678186219162));
#2210=CARTESIAN_POINT('',(0.0646786783501998,0.119534507988531,0.069758));
#2211=CARTESIAN_POINT('',(0.0641215255206283,0.118692165923075,0.069758));
#2212=CARTESIAN_POINT('',(0.0641215255206283,0.118692165923075,0.069758));
#2213=CARTESIAN_POINT('',(0.0307591449816146,0.140759144981615,0.069758));
#2214=CARTESIAN_POINT('',(0.0587572714535515,0.112191594963081,0.069758));
#2215=CARTESIAN_POINT('',(0.0587572714535515,0.112191594963081,0.069758));
#2216=CARTESIAN_POINT('',(0.0587572714535515,0.112191594963081,0.073568));
#2217=CARTESIAN_POINT('',(0.0307591449816146,0.140759144981615,0.073568));
#2218=CARTESIAN_POINT('',(0.00136017347129836,0.167882944017436,0.073568));
#2219=CARTESIAN_POINT('',(0.00136017347129836,0.167882944017436,0.069758));
#2220=CARTESIAN_POINT('',(0.00869216592307435,0.174121525520629,0.069758));
#2221=CARTESIAN_POINT('',(0.00953439571247786,0.174678604087115,0.069758));
#2222=CARTESIAN_POINT('',(0.011238939613576,0.175711108801185,0.0693715306696168));
#2223=CARTESIAN_POINT('',(0.0135180208685543,0.176874341683061,0.0676853004922804));
#2224=CARTESIAN_POINT('',(0.0150775772874317,0.177562462897526,0.0651475570069595));
#2225=CARTESIAN_POINT('',(0.0154518076870105,0.177714326282066,0.0631479647426625));
#2226=CARTESIAN_POINT('',(0.0154518076870105,0.177714326282066,0.062138));
#2227=CARTESIAN_POINT('',(0.0154518076870105,0.177714326282066,0.062138));
#2228=CARTESIAN_POINT('',(0.0154518076870105,0.177714326282066,0.057058));
#2229=CARTESIAN_POINT('',(0.0154518076870105,0.177714326282066,0.059598));
#2230=CARTESIAN_POINT('',(0.0307591449816146,0.140759144981615,0.059598));
#2231=CARTESIAN_POINT('',(0.0307591449816145,0.180759144981615,0.059598));
#2232=CARTESIAN_POINT('',(0.0307591449816145,0.180759144981615,0.057058));
#2233=CARTESIAN_POINT('',(0.0307591449816145,0.180759144981615,0.062138));
#2234=CARTESIAN_POINT('',(0.0307591449816145,0.180759144981615,0.062138));
#2235=CARTESIAN_POINT('',(0.0307591449816145,0.180759144981615,0.0631479925110543));
#2236=CARTESIAN_POINT('',(0.031159256042703,0.180762116792504,0.0651374640285255));
#2237=CARTESIAN_POINT('',(0.0328645083628653,0.18072313749053,0.0676826681386007));
#2238=CARTESIAN_POINT('',(0.0354078852118347,0.180521885977325,0.0693678186219161));
#2239=CARTESIAN_POINT('',(0.0373877092307938,0.180219024548401,0.069758));
#2240=CARTESIAN_POINT('',(0.0383791449816146,0.180026632805514,0.069758));
#2241=CARTESIAN_POINT('',(0.0462391938962867,0.177642313034256,0.069758));
#2242=CARTESIAN_POINT('',(0.0471703055963401,0.177251520826784,0.069758));
#2243=CARTESIAN_POINT('',(0.0489757957429741,0.176407873254775,0.0693715306696168));
#2244=CARTESIAN_POINT('',(0.0512091782401834,0.175159144010532,0.0676853004922803));
#2245=CARTESIAN_POINT('',(0.0526477732426344,0.17424471990303,0.0651475570069595));
#2246=CARTESIAN_POINT('',(0.0529819543023987,0.174017929473717,0.0631479647426625));
#2247=CARTESIAN_POINT('',(0.0529819543023987,0.174017929473717,0.062138));
#2248=CARTESIAN_POINT('',(-0.000308798867419947,0.165954042580003,0.069758));
#2249=CARTESIAN_POINT('',(-0.00223570461447293,0.167744657804738,0.069758));
#2250=CARTESIAN_POINT('',(-0.00223570461447293,0.167744657804738,0.073568));
#2251=CARTESIAN_POINT('',(-0.000308798867419947,0.165954042580003,0.073568));
#2252=CARTESIAN_POINT('',(-0.00354946281216498,0.168965493558645,0.073568));
#2253=CARTESIAN_POINT('',(-0.00354946281216498,0.168965493558645,0.069758));
#2254=CARTESIAN_POINT('',(0.0307591449816146,0.140759144981615,0.069758));
#2255=CARTESIAN_POINT('',(-0.00368700427978699,0.172548772993777,0.069758));
#2256=CARTESIAN_POINT('',(-0.003687004279787,0.172548772993777,0.073568));
#2257=CARTESIAN_POINT('',(0.0307591449816146,0.140759144981615,0.073568));
#2258=CARTESIAN_POINT('',(0.00479104909792294,0.179781610417266,0.073568));
#2259=CARTESIAN_POINT('',(0.00479091356753672,0.179781812821157,0.069758));
#2260=CARTESIAN_POINT('',(0.00548727747259238,0.180247514327263,0.069758000004731));
#2261=CARTESIAN_POINT('',(0.00548727747259238,0.180247514327263,0.073568));
#2262=CARTESIAN_POINT('',(0.00627219375137204,0.180773068683658,0.073568));
#2263=CARTESIAN_POINT('',(0.00627220690611466,0.180773049038092,0.069758));
#2264=CARTESIAN_POINT('',(0.00627219375137215,0.180773068683658,0.0697575917874751));
#2265=CARTESIAN_POINT('',(0.00627219772111291,0.180773042908959,0.0697571832242282));
#2266=CARTESIAN_POINT('',(0.00623872135884548,0.180750704199773,0.069757727311582));
#2267=CARTESIAN_POINT('',(0.00620525212129982,0.180728351515841,0.069758));
#2268=CARTESIAN_POINT('',(0.0061717882245696,0.180705987512697,0.069758));
#2269=CARTESIAN_POINT('',(0.0308407457113356,0.140843423586413,0.069758));
#2270=CARTESIAN_POINT('',(0.0308407457113356,0.140843423586413,0.057058));
#2271=CARTESIAN_POINT('',(0.0151708801095416,0.185029885311208,0.057058));
#2272=CARTESIAN_POINT('',(0.0282191449816145,0.187652774119709,0.057058));
#2273=CARTESIAN_POINT('',(0.0151708801095416,0.185029885311208,0.057058));
#2274=CARTESIAN_POINT('',(0.0150399687501993,0.184983460154575,0.057058));
#2275=CARTESIAN_POINT('',(0.0149101369189656,0.184936762926301,0.0570692871701211));
#2276=CARTESIAN_POINT('',(0.0147813774891738,0.184889817082818,0.0570918765545541));
#2277=CARTESIAN_POINT('',(0.0147813774891738,0.184889817082818,0.0570918765545541));
#2278=CARTESIAN_POINT('',(0.0147813774891738,0.184889817082818,0.057058));
#2279=CARTESIAN_POINT('',(0.0147813774891738,0.184889817082818,0.062138));
#2280=CARTESIAN_POINT('',(0.0147813774891738,0.184889817082818,0.062138));
#2281=CARTESIAN_POINT('',(0.0147813774891738,0.184889817082818,0.0624149620342073));
#2282=CARTESIAN_POINT('',(0.0146452582310767,0.184840301773964,0.0629420809226029));
#2283=CARTESIAN_POINT('',(0.014191983360418,0.184671757329654,0.0639197219388389));
#2284=CARTESIAN_POINT('',(0.013521868416552,0.184413340629266,0.0650626112600666));
#2285=CARTESIAN_POINT('',(0.0125876878724638,0.184031325953892,0.0663465811188365));
#2286=CARTESIAN_POINT('',(0.0111887763557874,0.183421835096976,0.0678486634678203));
#2287=CARTESIAN_POINT('',(0.00908179222143351,0.182408725686172,0.0692991523460509));
#2288=CARTESIAN_POINT('',(0.00720328119240661,0.181345935321762,0.0697421858536098));
#2289=CARTESIAN_POINT('',(0.00627220690611448,0.180773049038093,0.0697571830749387));
#2290=CARTESIAN_POINT('',(0.0308407457113356,0.140843423586413,0.073568));
#2291=CARTESIAN_POINT('',(0.0365607327729503,0.187375883608961,0.073568));
#2292=CARTESIAN_POINT('',(0.0365607327729503,0.187375883608961,0.069758));
#2293=CARTESIAN_POINT('',(0.0365607327729503,0.187375883608961,0.069758));
#2294=CARTESIAN_POINT('',(0.0365607327729503,0.187375883608962,0.069758));
#2295=CARTESIAN_POINT('',(0.0365607327729503,0.187375883608962,0.069605449903434));
#2296=CARTESIAN_POINT('',(0.0365607327729502,0.187375883608961,0.069605449903434));
#2297=CARTESIAN_POINT('',(0.0356161867616788,0.187491991611009,0.0694263786839381));
#2298=CARTESIAN_POINT('',(0.0338124092233139,0.187654732402948,0.068767754666493));
#2299=CARTESIAN_POINT('',(0.0318746859927496,0.187723421694673,0.0673134432577193));
#2300=CARTESIAN_POINT('',(0.0305696997072742,0.187728318523321,0.0658893701403035));
#2301=CARTESIAN_POINT('',(0.0297090727707731,0.187714812318064,0.06473110052513));
#2302=CARTESIAN_POINT('',(0.0290714390141991,0.187693747202111,0.0637051449997693));
#2303=CARTESIAN_POINT('',(0.0286307231872591,0.187674309394343,0.0628489748566998));
#2304=CARTESIAN_POINT('',(0.0284839893062133,0.187666855615495,0.0623815813373898));
#2305=CARTESIAN_POINT('',(0.0284839893062134,0.187666855615495,0.0621379999999992));
#2306=CARTESIAN_POINT('',(0.0284839893062098,0.187666855615494,0.062138));
#2307=CARTESIAN_POINT('',(0.0284839893062098,0.187666855615494,0.057058));
#2308=CARTESIAN_POINT('',(0.0284839893062098,0.187666855615494,0.0570718453167453));
#2309=CARTESIAN_POINT('',(0.0284839893062098,0.187666855615494,0.0570718453167453));
#2310=CARTESIAN_POINT('',(0.0283959352844622,0.187662423606332,0.0570626136540636));
#2311=CARTESIAN_POINT('',(0.0283076536948884,0.187657731131602,0.057058));
#2312=CARTESIAN_POINT('',(0.0282191449816145,0.187652774119709,0.057058));
#2313=CARTESIAN_POINT('',(0.0365607327729503,0.187375883608962,0.0695816746028546));
#2314=CARTESIAN_POINT('',(0.0365607327729503,0.187375883608962,0.073568));
#2315=CARTESIAN_POINT('',(0.0366772623327219,0.187357015752254,0.0695816746028546));
#2316=CARTESIAN_POINT('',(0.0366772623327219,0.187357015752254,0.073568));
#2317=CARTESIAN_POINT('',(0.0369267439377502,0.187314762117906,0.0695816746028546));
#2318=CARTESIAN_POINT('',(0.0369267439377502,0.187314762117906,0.073568));
#2319=CARTESIAN_POINT('',(0.03726663283512,0.187253144701615,0.0695816746028546));
#2320=CARTESIAN_POINT('',(0.03726663283512,0.187253144701615,0.073568));
#2321=CARTESIAN_POINT('',(0.0375397798642381,0.187201463588568,0.0695816746028547));
#2322=CARTESIAN_POINT('',(0.0375397798642381,0.187201463588568,0.073568));
#2323=CARTESIAN_POINT('',(0.0376766346338084,0.187175101440116,0.0695816746028546));
#2324=CARTESIAN_POINT('',(0.0376766346338084,0.187175101440116,0.073568));
#2325=CARTESIAN_POINT('',(0.0377982985271545,0.187151457612471,0.0695816746028547));
#2326=CARTESIAN_POINT('',(0.0377982985271545,0.187151457612471,0.0735680000000001));
#2327=CARTESIAN_POINT('',(0.0380750749597481,0.187097006209936,0.0695816746028546));
#2328=CARTESIAN_POINT('',(0.0380750749597481,0.187097006209936,0.073568));
#2329=CARTESIAN_POINT('',(0.0384575739173845,0.187020646069902,0.0695816746028546));
#2330=CARTESIAN_POINT('',(0.0384575739173845,0.187020646069902,0.073568));
#2331=CARTESIAN_POINT('',(0.0388235255552704,0.186947079232108,0.0695816746028546));
#2332=CARTESIAN_POINT('',(0.0388235255552704,0.186947079232108,0.073568));
#2333=CARTESIAN_POINT('',(0.0392856314473486,0.186854378379518,0.0695816746028547));
#2334=CARTESIAN_POINT('',(0.0392856314473486,0.186854378379518,0.073568));
#2335=CARTESIAN_POINT('',(0.0396097928653076,0.186789878458503,0.0695816746028547));
#2336=CARTESIAN_POINT('',(0.0396097928653076,0.186789878458503,0.073568));
#2337=CARTESIAN_POINT('',(0.0398173340117181,0.186749001032546,0.0695816746028547));
#2338=CARTESIAN_POINT('',(0.0398173340117181,0.186749001032546,0.073568));
#2339=CARTESIAN_POINT('',(0.0365607327729503,0.187375883608962,0.073568));
#2340=CARTESIAN_POINT('',(0.0366772623327219,0.187357015752254,0.073568));
#2341=CARTESIAN_POINT('',(0.0369267439377502,0.187314762117906,0.073568));
#2342=CARTESIAN_POINT('',(0.03726663283512,0.187253144701615,0.073568));
#2343=CARTESIAN_POINT('',(0.0375397798642382,0.187201463588568,0.073568));
#2344=CARTESIAN_POINT('',(0.0376766346338084,0.187175101440116,0.073568));
#2345=CARTESIAN_POINT('',(0.0377982985271545,0.187151457612471,0.073568));
#2346=CARTESIAN_POINT('',(0.0380750749597481,0.187097006209936,0.073568));
#2347=CARTESIAN_POINT('',(0.0384575739173844,0.187020646069902,0.073568));
#2348=CARTESIAN_POINT('',(0.0388235255552704,0.186947079232108,0.073568));
#2349=CARTESIAN_POINT('',(0.0392856314473485,0.186854378379518,0.0735680000000001));
#2350=CARTESIAN_POINT('',(0.0396097928653076,0.186789878458503,0.073568));
#2351=CARTESIAN_POINT('',(0.0398173340117181,0.186749001032545,0.073568));
#2352=CARTESIAN_POINT('',(0.0398173340117181,0.186749001032545,0.073568));
#2353=CARTESIAN_POINT('',(0.0398173340117181,0.186749001032545,0.069758));
#2354=CARTESIAN_POINT('',(0.0381879059175351,0.187074388846386,0.069758));
#2355=CARTESIAN_POINT('',(0.0376434213686919,0.187182760314563,0.069758));
#2356=CARTESIAN_POINT('',(0.0370996233180253,0.187288629271043,0.0697065001019525));
#2357=CARTESIAN_POINT('',(0.0365607327729503,0.187375883608962,0.0696054499034341));
#2358=CARTESIAN_POINT('',(0.0307591449816146,0.140759144981615,0.069758));
#2359=CARTESIAN_POINT('',(0.0307591449816146,0.140759144981615,0.073568));
#2360=CARTESIAN_POINT('',(0.0487781311033449,0.184030772952322,0.073568));
#2361=CARTESIAN_POINT('',(0.0487781311033449,0.184030772952322,0.069758));
#2362=CARTESIAN_POINT('',(0.0487781311033449,0.184030772952322,0.0694383078301465));
#2363=CARTESIAN_POINT('',(0.0487781311033449,0.184030772952322,0.073568));
#2364=CARTESIAN_POINT('',(0.0490129487635489,0.183932991187275,0.0694383078301465));
#2365=CARTESIAN_POINT('',(0.0490129487635489,0.183932991187275,0.073568));
#2366=CARTESIAN_POINT('',(0.0494355811885504,0.183758235799989,0.0694383078301465));
#2367=CARTESIAN_POINT('',(0.0494355811885504,0.183758235799989,0.073568));
#2368=CARTESIAN_POINT('',(0.0502605388509924,0.183418788198413,0.0694383078301466));
#2369=CARTESIAN_POINT('',(0.0502605388509924,0.183418788198413,0.073568));
#2370=CARTESIAN_POINT('',(0.0505734390736929,0.183288945842395,0.0694383078301465));
#2371=CARTESIAN_POINT('',(0.0505734390736929,0.183288945842395,0.073568));
#2372=CARTESIAN_POINT('',(0.0507531487647932,0.183213796326278,0.0694383078301466));
#2373=CARTESIAN_POINT('',(0.0507531487647932,0.183213796326278,0.073568));
#2374=CARTESIAN_POINT('',(0.0508070888163115,0.183191195985618,0.0694383078301466));
#2375=CARTESIAN_POINT('',(0.0508070888163115,0.183191195985618,0.073568));
#2376=CARTESIAN_POINT('',(0.0509528360569344,0.183129681231045,0.0694383078301466));
#2377=CARTESIAN_POINT('',(0.0509528360569344,0.183129681231045,0.073568));
#2378=CARTESIAN_POINT('',(0.0511918772275187,0.183027880387031,0.0694383078301465));
#2379=CARTESIAN_POINT('',(0.0511918772275187,0.183027880387031,0.073568));
#2380=CARTESIAN_POINT('',(0.0514615096626245,0.182910892515681,0.0694383078301466));
#2381=CARTESIAN_POINT('',(0.0514615096626245,0.182910892515681,0.073568));
#2382=CARTESIAN_POINT('',(0.0517088896590671,0.182800147336029,0.0694383078301465));
#2383=CARTESIAN_POINT('',(0.0517088896590671,0.182800147336029,0.073568));
#2384=CARTESIAN_POINT('',(0.0518289816456156,0.182745621362128,0.0694383078301466));
#2385=CARTESIAN_POINT('',(0.0518289816456156,0.182745621362128,0.073568));
#2386=CARTESIAN_POINT('',(0.052083686200236,0.182628402397148,0.0694383078301466));
#2387=CARTESIAN_POINT('',(0.052083686200236,0.182628402397148,0.073568));
#2388=CARTESIAN_POINT('',(0.05226692698471,0.182540507745029,0.0694383078301466));
#2389=CARTESIAN_POINT('',(0.05226692698471,0.182540507745029,0.073568));
#2390=CARTESIAN_POINT('',(0.0524124940984816,0.182468509283103,0.0694383078301466));
#2391=CARTESIAN_POINT('',(0.0524124940984816,0.182468509283103,0.073568));
#2392=CARTESIAN_POINT('',(0.0487781311033449,0.184030772952322,0.073568));
#2393=CARTESIAN_POINT('',(0.0490129487635489,0.183932991187275,0.073568));
#2394=CARTESIAN_POINT('',(0.0494355811885504,0.183758235799989,0.073568));
#2395=CARTESIAN_POINT('',(0.0502605388509924,0.183418788198413,0.073568));
#2396=CARTESIAN_POINT('',(0.0505734390736929,0.183288945842395,0.073568));
#2397=CARTESIAN_POINT('',(0.0507531487647932,0.183213796326278,0.073568));
#2398=CARTESIAN_POINT('',(0.0508070888163115,0.183191195985618,0.073568));
#2399=CARTESIAN_POINT('',(0.0509528360569344,0.183129681231045,0.073568));
#2400=CARTESIAN_POINT('',(0.0511918772275186,0.183027880387031,0.073568));
#2401=CARTESIAN_POINT('',(0.0514615096626245,0.182910892515681,0.073568));
#2402=CARTESIAN_POINT('',(0.0517088896590671,0.182800147336029,0.073568));
#2403=CARTESIAN_POINT('',(0.0518289816456157,0.182745621362128,0.073568));
#2404=CARTESIAN_POINT('',(0.052083686200236,0.182628402397148,0.073568));
#2405=CARTESIAN_POINT('',(0.05226692698471,0.182540507745029,0.073568));
#2406=CARTESIAN_POINT('',(0.0524124940984816,0.182468509283102,0.073568));
#2407=CARTESIAN_POINT('',(0.0524124940984816,0.182468509283102,0.073568));
#2408=CARTESIAN_POINT('',(0.0524124940984816,0.182468509283102,0.069758));
#2409=CARTESIAN_POINT('',(0.0524124940984816,0.182468509283102,0.069758));
#2410=CARTESIAN_POINT('',(0.0524124940984816,0.182468509283102,0.069758));
#2411=CARTESIAN_POINT('',(0.0524124940984816,0.182468509283102,0.0694629382009409));
#2412=CARTESIAN_POINT('',(0.0524124940984816,0.182468509283102,0.0694629382009409));
#2413=CARTESIAN_POINT('',(0.0517407355880617,0.182800765506936,0.0696586239071896));
#2414=CARTESIAN_POINT('',(0.0510296611381543,0.18310031143485,0.069758));
#2415=CARTESIAN_POINT('',(0.0503140294474592,0.183396365318894,0.069758));
#2416=CARTESIAN_POINT('',(0.0453251846517815,0.168113907244243,0.0697579999999682));
#2417=CARTESIAN_POINT('',(0.0453251846517815,0.168113907244243,0.073568));
#2418=CARTESIAN_POINT('',(0.0528326386921198,0.182253266392845,0.0735680000000015));
#2419=CARTESIAN_POINT('',(0.0528326327109347,0.182253255127361,0.0697580000000015));
#2420=CARTESIAN_POINT('',(0.0528326386921197,0.182253266392845,0.0697580000000015));
#2421=CARTESIAN_POINT('',(0.0528326325244555,0.182253254776814,0.069758000000003));
#2422=CARTESIAN_POINT('',(0.0528326386921198,0.182253266392845,0.0693256352949845));
#2423=CARTESIAN_POINT('',(0.0528326329267632,0.182253255462311,0.069325635119867));
#2424=CARTESIAN_POINT('',(0.0526948594270277,0.182326543105474,0.0693757817843372));
#2425=CARTESIAN_POINT('',(0.0525546508684898,0.182398197599867,0.0694215274149134));
#2426=CARTESIAN_POINT('',(0.0524124940984816,0.182468509283102,0.0694629382009409));
#2427=CARTESIAN_POINT('',(0.0307591449816146,0.140759144981615,0.069758000000003));
#2428=CARTESIAN_POINT('',(0.0639931615846693,0.173993165810095,0.0570579999994026));
#2429=CARTESIAN_POINT('',(0.0639931615846693,0.173993165810095,0.0697579999988022));
#2430=CARTESIAN_POINT('',(0.0590926120241993,0.178258673583275,0.057058000000003));
#2431=CARTESIAN_POINT('',(0.0590926120241993,0.178258673583275,0.062138));
#2432=CARTESIAN_POINT('',(0.0528326325244555,0.182253254776814,0.0693256350163924));
#2433=CARTESIAN_POINT('',(0.0543317126646021,0.181455793957373,0.068779991273231));
#2434=CARTESIAN_POINT('',(0.0568574496368029,0.179900241425034,0.0667188064143183));
#2435=CARTESIAN_POINT('',(0.0583725749272109,0.178802711018351,0.0636471647025796));
#2436=CARTESIAN_POINT('',(0.0590926120241994,0.178258673583276,0.062138));
#2437=CARTESIAN_POINT('',(0.0307591449816146,0.140759144981615,0.073568000000003));
#2438=CARTESIAN_POINT('',(0.0639931615846693,0.173993165810095,0.0735679999988022));
#2439=CARTESIAN_POINT('',(0.0639931615846693,0.173993165810095,0.0697579999988022));
#2440=CARTESIAN_POINT('',(0.0308407457113356,0.140843423586413,0.069758));
#2441=CARTESIAN_POINT('',(0.068310484401424,0.169021549326631,0.057058));
#2442=CARTESIAN_POINT('',(0.0683104844014241,0.169021549326631,0.062138));
#2443=CARTESIAN_POINT('',(0.0308407457113356,0.140843423586413,0.073568));
#2444=CARTESIAN_POINT('',(0.0724905976677424,0.16236731542187,0.073568));
#2445=CARTESIAN_POINT('',(0.0724905976677424,0.16236731542187,0.069758));
#2446=CARTESIAN_POINT('',(0.0724905976677424,0.16236731542187,0.069758));
#2447=CARTESIAN_POINT('',(0.0724905976677426,0.162367315421871,0.069758));
#2448=CARTESIAN_POINT('',(0.0724905976677426,0.162367315421871,0.0694758953399528));
#2449=CARTESIAN_POINT('',(0.0724905976677423,0.16236731542187,0.0694758953399528));
#2450=CARTESIAN_POINT('',(0.0720755081487281,0.163170535264628,0.0692432981422885));
#2451=CARTESIAN_POINT('',(0.0714572457184974,0.164282075119495,0.0686973995158167));
#2452=CARTESIAN_POINT('',(0.0706658012129773,0.165589005091076,0.0676231558352709));
#2453=CARTESIAN_POINT('',(0.0701194672565956,0.166445727865449,0.0666971107703561));
#2454=CARTESIAN_POINT('',(0.0696097315456609,0.167210195590861,0.0656574163006405));
#2455=CARTESIAN_POINT('',(0.0692171197813974,0.167775956445982,0.0647212175208473));
#2456=CARTESIAN_POINT('',(0.0689186701148206,0.168194960753191,0.0639486700431652));
#2457=CARTESIAN_POINT('',(0.0687019354008395,0.168494189364535,0.0633592514190561));
#2458=CARTESIAN_POINT('',(0.0685206968362896,0.168740204814098,0.0628628013667679));
#2459=CARTESIAN_POINT('',(0.0683879105184428,0.168918515653169,0.0624610948421868));
#2460=CARTESIAN_POINT('',(0.06831048440146,0.169021549326584,0.0622553124380312));
#2461=CARTESIAN_POINT('',(0.0683104844014657,0.169021549326576,0.0621379999999802));
#2462=CARTESIAN_POINT('',(0.0724905976677426,0.162367315421871,0.0694513427119925));
#2463=CARTESIAN_POINT('',(0.0724905976677426,0.162367315421871,0.073568));
#2464=CARTESIAN_POINT('',(0.0725618096561877,0.162222213666368,0.0694513427119925));
#2465=CARTESIAN_POINT('',(0.0725618096561877,0.162222213666368,0.073568));
#2466=CARTESIAN_POINT('',(0.0727175475387075,0.161893180405963,0.0694513427119925));
#2467=CARTESIAN_POINT('',(0.0727175475387075,0.161893180405963,0.073568));
#2468=CARTESIAN_POINT('',(0.0728894338991131,0.161509333623847,0.0694513427119925));
#2469=CARTESIAN_POINT('',(0.0728894338991131,0.161509333623847,0.073568));
#2470=CARTESIAN_POINT('',(0.0730531559938162,0.161132385209911,0.0694513427119925));
#2471=CARTESIAN_POINT('',(0.0730531559938162,0.161132385209911,0.073568));
#2472=CARTESIAN_POINT('',(0.0732006990077244,0.160783343943729,0.0694513427119925));
#2473=CARTESIAN_POINT('',(0.0732006990077244,0.160783343943729,0.073568));
#2474=CARTESIAN_POINT('',(0.0732733655477476,0.160609367265379,0.0694513427119925));
#2475=CARTESIAN_POINT('',(0.0732733655477476,0.160609367265379,0.073568));
#2476=CARTESIAN_POINT('',(0.0734312914138977,0.160229426375946,0.0694513427119925));
#2477=CARTESIAN_POINT('',(0.0734312914138977,0.160229426375946,0.073568));
#2478=CARTESIAN_POINT('',(0.0737611173144438,0.159428284601749,0.0694513427119925));
#2479=CARTESIAN_POINT('',(0.0737611173144438,0.159428284601749,0.073568));
#2480=CARTESIAN_POINT('',(0.0739356204836634,0.159006634649352,0.0694513427119925));
#2481=CARTESIAN_POINT('',(0.0739356204836634,0.159006634649352,0.073568));
#2482=CARTESIAN_POINT('',(0.0740307729523215,0.158778131103346,0.0694513427119925));
#2483=CARTESIAN_POINT('',(0.0740307729523215,0.158778131103346,0.073568));
#2484=CARTESIAN_POINT('',(0.0724905976677425,0.162367315421871,0.073568));
#2485=CARTESIAN_POINT('',(0.0725618096561877,0.162222213666368,0.073568));
#2486=CARTESIAN_POINT('',(0.0727175475387076,0.161893180405963,0.073568));
#2487=CARTESIAN_POINT('',(0.0728894338991132,0.161509333623846,0.073568));
#2488=CARTESIAN_POINT('',(0.0730531559938163,0.16113238520991,0.073568));
#2489=CARTESIAN_POINT('',(0.0732006990077245,0.160783343943728,0.073568));
#2490=CARTESIAN_POINT('',(0.0732733655477477,0.160609367265379,0.073568));
#2491=CARTESIAN_POINT('',(0.0734312914138977,0.160229426375946,0.073568));
#2492=CARTESIAN_POINT('',(0.0737611173144437,0.159428284601749,0.073568));
#2493=CARTESIAN_POINT('',(0.0739356204836634,0.159006634649352,0.073568));
#2494=CARTESIAN_POINT('',(0.0740307729523215,0.158778131103346,0.073568));
#2495=CARTESIAN_POINT('',(0.0740307729523214,0.158778131103346,0.073568));
#2496=CARTESIAN_POINT('',(0.0740307729523214,0.158778131103346,0.069758));
#2497=CARTESIAN_POINT('',(0.0733960612857797,0.160313726832658,0.069758));
#2498=CARTESIAN_POINT('',(0.073106409387154,0.161013241706163,0.069758));
#2499=CARTESIAN_POINT('',(0.072813868412794,0.16170861800822,0.0696629380386692));
#2500=CARTESIAN_POINT('',(0.0724905976677426,0.162367315421871,0.0694758953399528));
#2501=CARTESIAN_POINT('',(0.0307591449816146,0.140759144981615,0.069758));
#2502=CARTESIAN_POINT('',(0.0307591449816146,0.140759144981615,0.073568));
#2503=CARTESIAN_POINT('',(0.0362027691291881,0.14669446715904,0.069758));
#2504=CARTESIAN_POINT('',(0.0615182899632298,0.11,0.069758));
#2505=CARTESIAN_POINT('',(0.0596132899632298,0.11,0.069758));
#2506=CARTESIAN_POINT('',(0.0303910677951773,0.132663778978009,0.069758));
#2507=CARTESIAN_POINT('',(0.0688169680024339,0.116747249965768,0.069758));
#2508=CARTESIAN_POINT('',(0.0727186104423395,0.126166648059718,0.069758));
#2509=CARTESIAN_POINT('',(0.061825064546952,0.109130662435643,0.069758));
#2510=CARTESIAN_POINT('',(0.0605351524845195,0.110377555536904,0.069758));
#2511=CARTESIAN_POINT('',(0.0362027691291881,0.14669446715904,0.073568));
#2512=CARTESIAN_POINT('',(-0.000506661219606741,0.169605305256211,0.073568));
#2513=CARTESIAN_POINT('',(0.0605351524845195,0.110377555536904,0.073568));
#2514=CARTESIAN_POINT('',(0.061825064546952,0.109130662435643,0.073568));
#2515=CARTESIAN_POINT('',(-0.00182041941729881,0.170826141010116,0.073568));
#2516=CARTESIAN_POINT('',(0.072934044053178,0.140759144981615,0.057058));
#2517=CARTESIAN_POINT('',(0.0751089431247413,0.140759144981615,0.057058));
#2518=CARTESIAN_POINT('',(0.0751089431247413,0.140759144981615,0.059598));
#2519=CARTESIAN_POINT('',(0.0751089431247413,0.140759144981615,0.062138));
#2520=CARTESIAN_POINT('',(0.072934044053178,0.140759144981615,0.059598));
#2521=CARTESIAN_POINT('',(0.0751089431247413,0.140759144981615,0.062138));
#2522=CARTESIAN_POINT('',(0.0751089431247413,0.138183661953276,0.057058));
#2523=CARTESIAN_POINT('',(0.0776648693709659,0.138500448716139,0.0570736251845372));
#2524=CARTESIAN_POINT('',(0.0776175009936778,0.1388826303378,0.0571162135976291));
#2525=CARTESIAN_POINT('',(0.077354257750712,0.139578984106523,0.0573721952228731));
#2526=CARTESIAN_POINT('',(0.0764701114727314,0.140513703316554,0.0582460876025993));
#2527=CARTESIAN_POINT('',(0.0756488140605822,0.140759144981615,0.0590618609441997));
#2528=CARTESIAN_POINT('',(0.0751089431247413,0.140759144981615,0.059598));
#2529=CARTESIAN_POINT('',(0.0751089431247413,0.138183661953276,0.062138));
#2530=CARTESIAN_POINT('',(0.0727186104423395,0.126166648059718,0.057058));
#2531=CARTESIAN_POINT('',(0.0717330157570561,0.123787212003504,0.057058));
#2532=CARTESIAN_POINT('',(0.0717330157570561,0.123787212003504,0.059598));
#2533=CARTESIAN_POINT('',(0.0717330157570561,0.123787212003504,0.062138));
#2534=CARTESIAN_POINT('',(0.0748813576527704,0.124768207023049,0.0570944667619378));
#2535=CARTESIAN_POINT('',(0.0744796275698178,0.124146914745814,0.0572191292372293));
#2536=CARTESIAN_POINT('',(0.073296061398703,0.123458572716326,0.0580390344201102));
#2537=CARTESIAN_POINT('',(0.0722158427822068,0.123587218501407,0.0590790043194091));
#2538=CARTESIAN_POINT('',(0.0717330157570562,0.123787212003504,0.059598));
#2539=CARTESIAN_POINT('',(0.0727186104423395,0.126166648059718,0.062138));
#2540=CARTESIAN_POINT('',(0.0697236710195611,0.124619509845258,0.057058));
#2541=CARTESIAN_POINT('',(0.0717330157570561,0.123787212003504,0.059598));
#2542=CARTESIAN_POINT('',(0.0697236710195611,0.124619509845258,0.062138));
#2543=CARTESIAN_POINT('',(0.0362027566291881,0.14669445465904,0.057058));
#2544=CARTESIAN_POINT('',(0.0307591449816146,0.140759144981615,0.057058));
#2545=CARTESIAN_POINT('',(0.0709628760537352,0.126855490502285,0.057058));
#2546=CARTESIAN_POINT('',(0.0732232474683033,0.138219144981615,0.057058));
#2547=CARTESIAN_POINT('',(0.0362027566291881,0.138219144981615,0.057058));
#2548=CARTESIAN_POINT('',(0.0686863422002734,0.12779846169959,0.057058));
#2549=CARTESIAN_POINT('',(0.0541902634863813,0.175826291961547,0.057058));
#2550=CARTESIAN_POINT('',(0.0553985726703641,0.177634654449377,0.057058));
#2551=CARTESIAN_POINT('',(0.0553985726703641,0.177634654449377,0.059598));
#2552=CARTESIAN_POINT('',(0.0553985726703641,0.177634654449377,0.062138));
#2553=CARTESIAN_POINT('',(0.0541902634863813,0.175826291961547,0.059598));
#2554=CARTESIAN_POINT('',(0.055398572670364,0.177634654449377,0.062138));
#2555=CARTESIAN_POINT('',(0.0575400085454292,0.176203792743184,0.057058));
#2556=CARTESIAN_POINT('',(0.0575400085454292,0.176203792743184,0.059598));
#2557=CARTESIAN_POINT('',(0.0575400085454292,0.176203792743184,0.062138));
#2558=CARTESIAN_POINT('',(0.0662037927431832,0.16754000854543,0.057058));
#2559=CARTESIAN_POINT('',(0.0676346544493762,0.165398572670364,0.057058));
#2560=CARTESIAN_POINT('',(0.0676346544493762,0.165398572670364,0.059598));
#2561=CARTESIAN_POINT('',(0.0676346544493762,0.165398572670364,0.062138));
#2562=CARTESIAN_POINT('',(0.0662037927431832,0.16754000854543,0.059598));
#2563=CARTESIAN_POINT('',(0.0662037927431832,0.16754000854543,0.062138));
#2564=CARTESIAN_POINT('',(0.0658262919615462,0.164190263486382,0.057058));
#2565=CARTESIAN_POINT('',(0.0676346544493762,0.165398572670364,0.059598));
#2566=CARTESIAN_POINT('',(0.0658262919615462,0.164190263486382,0.062138));
#2567=CARTESIAN_POINT('',(0.0362027566291881,0.14669445465904,0.057058));
#2568=CARTESIAN_POINT('',(0.0615182899632292,0.171518289963231,0.057058));
#2569=CARTESIAN_POINT('',(0.0372930491908165,0.145965944460278,0.057058));
#2570=CARTESIAN_POINT('',(0.0575105054856123,0.176223506057507,0.057058));
#2571=CARTESIAN_POINT('',(0.0575400085454292,0.176203792743184,0.057058));
#2572=CARTESIAN_POINT('',(0.014619509845257,0.179723671019561,0.057058));
#2573=CARTESIAN_POINT('',(0.0137872120035036,0.181733015757056,0.057058));
#2574=CARTESIAN_POINT('',(0.0137872120035036,0.181733015757056,0.059598));
#2575=CARTESIAN_POINT('',(0.0137872120035036,0.181733015757056,0.062138));
#2576=CARTESIAN_POINT('',(0.014619509845257,0.179723671019561,0.059598));
#2577=CARTESIAN_POINT('',(0.0137872120035036,0.181733015757056,0.062138));
#2578=CARTESIAN_POINT('',(0.0161666480597166,0.18271861044234,0.057058));
#2579=CARTESIAN_POINT('',(0.0147813774891738,0.184889817082818,0.0570918765545541));
#2580=CARTESIAN_POINT('',(0.0141546825852068,0.184489973976689,0.0572126411146432));
#2581=CARTESIAN_POINT('',(0.0134578351940952,0.183301393072186,0.0580338604185988));
#2582=CARTESIAN_POINT('',(0.0135864579311898,0.182217678961138,0.0590770306016266));
#2583=CARTESIAN_POINT('',(0.0137872120035034,0.181733015757057,0.059598));
#2584=CARTESIAN_POINT('',(0.0161666480597166,0.18271861044234,0.062138));
#2585=CARTESIAN_POINT('',(0.0281836619532751,0.185108943124742,0.057058));
#2586=CARTESIAN_POINT('',(0.0307591449816145,0.185108943124742,0.057058));
#2587=CARTESIAN_POINT('',(0.0307591449816145,0.185108943124742,0.059598));
#2588=CARTESIAN_POINT('',(0.0307591449816145,0.185108943124742,0.062138));
#2589=CARTESIAN_POINT('',(0.0284839893062098,0.187666855615494,0.0570718453167453));
#2590=CARTESIAN_POINT('',(0.0288680985984648,0.187621756915911,0.057112115679741));
#2591=CARTESIAN_POINT('',(0.0295698333046547,0.187360789821152,0.0573657569522885));
#2592=CARTESIAN_POINT('',(0.0305119187532585,0.186475289289532,0.0582409430783476));
#2593=CARTESIAN_POINT('',(0.0307591449816146,0.185650762214581,0.0590599262472932));
#2594=CARTESIAN_POINT('',(0.0307591449816146,0.185108943124742,0.059598));
#2595=CARTESIAN_POINT('',(0.0281836619532751,0.185108943124742,0.062138));
#2596=CARTESIAN_POINT('',(0.0307591449816145,0.182934044053178,0.057058));
#2597=CARTESIAN_POINT('',(0.0307591449816145,0.185108943124742,0.059598));
#2598=CARTESIAN_POINT('',(0.0307591449816145,0.182934044053178,0.062138));
#2599=CARTESIAN_POINT('',(0.0362027566291881,0.14669445465904,0.057058));
#2600=CARTESIAN_POINT('',(0.0307591449816146,0.140759144981615,0.057058));
#2601=CARTESIAN_POINT('',(0.0282191449816145,0.183223247468304,0.057058));
#2602=CARTESIAN_POINT('',(0.0168554905022838,0.180962876053735,0.057058));
#2603=CARTESIAN_POINT('',(0.0318045486022327,0.144872657244137,0.057058));
#2604=CARTESIAN_POINT('',(0.0282191449816145,0.180759144981615,0.057058));
#2605=CARTESIAN_POINT('',(-0.000506661219606741,0.169605305256211,0.069758));
#2606=CARTESIAN_POINT('',(-0.00182041941729881,0.170826141010116,0.069758));
#2607=CARTESIAN_POINT('',(0.061825064546952,0.109130662435643,0.069758));
#2608=CARTESIAN_POINT('',(0.0605351524845195,0.110377555536904,0.069758));
#2609=CARTESIAN_POINT('',(0.0700597371371556,0.157854465040636,0.062138));
#2610=CARTESIAN_POINT('',(0.071868099624986,0.15906277422462,0.062138));
#2611=CARTESIAN_POINT('',(0.0662037927431832,0.16754000854543,0.062138));
#2612=CARTESIAN_POINT('',(0.0668076232649391,0.117579547807522,0.062138));
#2613=CARTESIAN_POINT('',(0.0688169680024339,0.116747249965768,0.062138));
#2614=CARTESIAN_POINT('',(0.0727186104423395,0.126166648059718,0.062138));
#2615=CARTESIAN_POINT('',(0.0362027691291881,0.148379144981615,0.062138));
#2616=CARTESIAN_POINT('',(0.0751089431247413,0.148379144981615,0.062138));
#2617=CARTESIAN_POINT('',(0.0751089431247413,0.138183661953276,0.062138));
#2618=CARTESIAN_POINT('',(0.0224179299630833,0.140984599821307,0.062138));
#2619=CARTESIAN_POINT('',(0.00674724996576764,0.178816968002434,0.062138));
#2620=CARTESIAN_POINT('',(0.0161666480597166,0.18271861044234,0.062138));
#2621=CARTESIAN_POINT('',(0.0383791449816146,0.182934044053178,0.062138));
#2622=CARTESIAN_POINT('',(0.0383791449816146,0.185108943124742,0.062138));
#2623=CARTESIAN_POINT('',(0.0281836619532751,0.185108943124742,0.062138));
#2624=CARTESIAN_POINT('',(0.0288453275622982,0.151610552443775,0.062138));
#2625=CARTESIAN_POINT('',(0.0490627742246186,0.181868099624987,0.062138));
#2626=CARTESIAN_POINT('',(0.0575400085454292,0.176203792743184,0.062138));
#2627=CARTESIAN_POINT('',(0.0662037927431832,0.16754000854543,0.059598));
#2628=CARTESIAN_POINT('',(0.0662235060575061,0.167510505485613,0.059598));
#2629=CARTESIAN_POINT('',(0.0575400085454292,0.176203792743184,0.059598));
#2630=CARTESIAN_POINT('',(0.0575105054856124,0.176223506057507,0.059598));
#2631=CARTESIAN_POINT('',(0.035853147973454,0.147217680987889,0.059598));
#2632=CARTESIAN_POINT('',(0.0563021963016298,0.174415143569677,0.059598));
#2633=CARTESIAN_POINT('',(0.0282191449816145,0.14669445465904,0.059598));
#2634=CARTESIAN_POINT('',(0.0307591449816145,0.180759144981615,0.059598));
#2635=CARTESIAN_POINT('',(0.0307591449816145,0.180759144981615,0.0591924165250285));
#2636=CARTESIAN_POINT('',(0.03055649646071,0.180962273056349,0.0584117519158104));
#2637=CARTESIAN_POINT('',(0.0296716720865433,0.18183736968417,0.0573426258502437));
#2638=CARTESIAN_POINT('',(0.0287993398500985,0.182676675565814,0.057058));
#2639=CARTESIAN_POINT('',(0.0282191449816145,0.183223247468304,0.057058));
#2640=CARTESIAN_POINT('',(0.0169661638578357,0.180695686937769,0.059598));
#2641=CARTESIAN_POINT('',(0.0154518076870105,0.177714326282066,0.059598));
#2642=CARTESIAN_POINT('',(0.0154518076870105,0.177714326282066,0.0591924165250284));
#2643=CARTESIAN_POINT('',(0.0155612967589195,0.177979542384335,0.0584117519158104));
#2644=CARTESIAN_POINT('',(0.016043882906891,0.179126633876296,0.0573426258502437));
#2645=CARTESIAN_POINT('',(0.0165286243501114,0.180235878496264,0.057058));
#2646=CARTESIAN_POINT('',(0.0168554905022838,0.180962876053735,0.057058));
#2647=CARTESIAN_POINT('',(0.0307591449816146,0.140759144981615,0.059598));
#2648=CARTESIAN_POINT('',(0.0342791252180066,0.142050397617159,0.059598));
#2649=CARTESIAN_POINT('',(0.067714326282066,0.125451807687011,0.059598));
#2650=CARTESIAN_POINT('',(0.067714326282066,0.125451807687011,0.0591924165250284));
#2651=CARTESIAN_POINT('',(0.0679795423843344,0.12556129675892,0.0584117519158104));
#2652=CARTESIAN_POINT('',(0.0691266338762947,0.126043882906894,0.0573426258502437));
#2653=CARTESIAN_POINT('',(0.0702358784962673,0.126528624350103,0.057058));
#2654=CARTESIAN_POINT('',(0.0709628760537352,0.126855490502285,0.057058));
#2655=CARTESIAN_POINT('',(0.072934044053178,0.138219144981615,0.059598));
#2656=CARTESIAN_POINT('',(0.0707591449816146,0.140759144981615,0.059598));
#2657=CARTESIAN_POINT('',(0.0707591449816146,0.140759144981615,0.0591924165250285));
#2658=CARTESIAN_POINT('',(0.0709622730563481,0.14055649646071,0.0584117519158104));
#2659=CARTESIAN_POINT('',(0.0718373696841708,0.139671672086545,0.0573426258502437));
#2660=CARTESIAN_POINT('',(0.072676675565809,0.138799339850095,0.057058));
#2661=CARTESIAN_POINT('',(0.0732232474683033,0.138219144981615,0.057058));
#2662=CARTESIAN_POINT('',(0.0307591449816146,0.140759144981615,0.059598));
#2663=CARTESIAN_POINT('',(0.0615182899632298,0.11,0.070774));
#2664=CARTESIAN_POINT('',(0.0615182899632298,0.11,0.070774));
#2665=CARTESIAN_POINT('',(0.0596132899632298,0.11,0.070774));
#2666=CARTESIAN_POINT('',(0.034402994184694,0.140006976199436,0.070774));
#2667=CARTESIAN_POINT('',(-4.02455846426619E-16,0.17151828996323,0.070774));
#2668=CARTESIAN_POINT('',(-4.02455846426619E-16,0.17151828996323,0.070774));
#2669=CARTESIAN_POINT('',(-0.0019050000000004,0.17151828996323,0.070774));
#2670=CARTESIAN_POINT('',(0.034402994184694,0.140006976199436,0.070774));
#2671=CARTESIAN_POINT('',(0.034402994184694,0.140006976199436,0.070774));
#2672=CARTESIAN_POINT('',(0.0615182899632292,0.171518289963231,0.070774));
#2673=CARTESIAN_POINT('',(0.0593592899632292,0.171518289963231,0.070774));
#2674=CARTESIAN_POINT('',(0.0615182899632292,0.171518289963231,0.070776));
#2675=MECHANICAL_DESIGN_GEOMETRIC_PRESENTATION_REPRESENTATION('',(#1365),
#2676);
#2676=(
GEOMETRIC_REPRESENTATION_CONTEXT(3)
GLOBAL_UNCERTAINTY_ASSIGNED_CONTEXT((#2677))
GLOBAL_UNIT_ASSIGNED_CONTEXT((#2680,#2679,#2678))
REPRESENTATION_CONTEXT('DEXI 3 Landing Gear .5 inches',
'TOP_LEVEL_ASSEMBLY_PART')
);
#2677=UNCERTAINTY_MEASURE_WITH_UNIT(LENGTH_MEASURE(2.E-5),#2680,
'DISTANCE_ACCURACY_VALUE','Maximum Tolerance applied to model');
#2678=(
NAMED_UNIT(*)
SI_UNIT($,.STERADIAN.)
SOLID_ANGLE_UNIT()
);
#2679=(
NAMED_UNIT(*)
PLANE_ANGLE_UNIT()
SI_UNIT($,.RADIAN.)
);
#2680=(
LENGTH_UNIT()
NAMED_UNIT(*)
SI_UNIT($,.METRE.)
);
#2681=PRODUCT_DEFINITION_SHAPE('','',#2682);
#2682=PRODUCT_DEFINITION('','',#2684,#2683);
#2683=PRODUCT_DEFINITION_CONTEXT('',#2690,'design');
#2684=PRODUCT_DEFINITION_FORMATION_WITH_SPECIFIED_SOURCE('','',#2686,
 .NOT_KNOWN.);
#2685=PRODUCT_RELATED_PRODUCT_CATEGORY('','',(#2686));
#2686=PRODUCT('DEXI 3 Landing Gear .5 inches',
'DEXI 3 Landing Gear .5 inches','DEXI 3 Landing Gear .5 inches',(#2688));
#2687=PRODUCT_CATEGORY('','');
#2688=PRODUCT_CONTEXT('',#2690,'mechanical');
#2689=APPLICATION_PROTOCOL_DEFINITION('international standard',
'ap242_managed_model_based_3d_engineering',2020,#2690);
#2690=APPLICATION_CONTEXT('managed model based 3d engineering');
ENDSEC;
END-ISO-10303-21;
