ISO-10303-21;
HEADER;
/* Generated by software containing ST-Developer
 * from STEP Tools, Inc. (www.steptools.com) 
 */
/* OPTION: using custom renumber hook */

FILE_DESCRIPTION(
/* description */ ('STEP AP242 Edition 2',
'CAx-IF Rec.Pracs.---Representation and Presentation of Product Manufa
cturing Information (PMI)---4.0---2014-10-13',
'CAx-IF Rec.Pracs.---3D Tessellated Geometry---0.4---2014-09-14','2;1',
'CAx-IF Rec.Pracs.---User Defined Attributes---1.5---2016-08-15'),
/* implementation_level */ '2;1');

FILE_NAME(
/* name */ 'MTF-02P-V1.2 case - MTF-02P-V1.2 case',
/* time_stamp */ '2026-10-06T21:13:18Z',
/* author */ (''),
/* organization */ (''),
/* preprocessor_version */ 'ST-DEVELOPER v20',
/* originating_system */ 'ONSHAPE BY PTC INC, 1.221',
/* authorisation */ '  ');

FILE_SCHEMA (('AP242_MANAGED_MODEL_BASED_3D_ENGINEERING_MIM_LF { 1 0 10303 442 3 1 4 }'));
ENDSEC;

DATA;
#10=SHAPE_REPRESENTATION_RELATIONSHIP('','',#1788,#11);
#11=ADVANCED_BREP_SHAPE_REPRESENTATION('',(#1786),#5562);
#12=B_SPLINE_CURVE_WITH_KNOTS('',3,(#3822,#3823,#3824,#3825),
 .UNSPECIFIED.,.F.,.F.,(4,4),(0.,1.),.UNSPECIFIED.);
#13=B_SPLINE_CURVE_WITH_KNOTS('',3,(#3828,#3829,#3830,#3831,#3832,#3833,
#3834,#3835,#3836,#3837,#3838,#3839,#3840,#3841,#3842,#3843,#3844),
 .UNSPECIFIED.,.F.,.F.,(4,1,1,1,1,1,1,1,1,1,1,1,1,1,4),(1.78811203067275E-18,
0.00170965693515927,0.00256448540273891,0.00341931387031854,0.00384672810410836,
0.00427414233789818,0.00512897080547781,0.00555638503926763,0.00598379927305745,
0.00683862774063708,0.00854828467579635,0.00940311314337599,0.0102579416109556,
0.0119675985461149,0.0136772554812742),.UNSPECIFIED.);
#14=B_SPLINE_CURVE_WITH_KNOTS('',3,(#3846,#3847,#3848,#3849),
 .UNSPECIFIED.,.F.,.F.,(4,4),(0.,1.),.UNSPECIFIED.);
#15=B_SPLINE_CURVE_WITH_KNOTS('',3,(#3851,#3852,#3853,#3854,#3855,#3856,
#3857,#3858,#3859,#3860,#3861),.UNSPECIFIED.,.F.,.F.,(4,1,1,1,1,1,1,1,4),
(0.,0.000947172462601411,0.00189434492520282,0.00284151738780423,0.00378868985040565,
0.00473586231300706,0.00568303477560847,0.00663020723820988,0.00757737970081129),
 .UNSPECIFIED.);
#16=B_SPLINE_CURVE_WITH_KNOTS('',3,(#3863,#3864,#3865,#3866,#3867,#3868,
#3869,#3870,#3871,#3872,#3873),.UNSPECIFIED.,.F.,.F.,(4,1,1,1,1,1,1,1,4),
(0.,0.000937033248967054,0.00187406649793411,0.00281109974690116,0.00374813299586821,
0.00468516624483527,0.00562219949380232,0.00655923274276938,0.00749626599173643),
 .UNSPECIFIED.);
#17=B_SPLINE_CURVE_WITH_KNOTS('',3,(#3931,#3932,#3933,#3934,#3935,#3936,
#3937,#3938,#3939,#3940,#3941),.UNSPECIFIED.,.T.,.F.,(1,1,1,1,1,1,1,1,1,
1,1,1,1,1,1),(-0.00515778466467023,-0.00343852310978015,-0.00171926155489007,
9.95165308161301E-19,0.00171926155489008,0.00343852310978015,0.00515778466467023,
0.00687704621956031,0.00859630777445038,0.0103155693293405,0.0120348308842305,
0.0137540924391206,0.0154733539940107,0.0171926155489008,0.0189118771037908),
 .UNSPECIFIED.);
#18=B_SPLINE_CURVE_WITH_KNOTS('',3,(#3971,#3972,#3973,#3974,#3975),
 .UNSPECIFIED.,.F.,.F.,(4,1,4),(0.,0.00156271510483377,0.00312543020966755),
 .UNSPECIFIED.);
#19=B_SPLINE_CURVE_WITH_KNOTS('',3,(#3980,#3981,#3982,#3983,#3984),
 .UNSPECIFIED.,.F.,.F.,(4,1,4),(6.7762635780344E-21,0.00156276829115556,
0.00312553658231112),.UNSPECIFIED.);
#20=B_SPLINE_CURVE_WITH_KNOTS('',3,(#3988,#3989,#3990,#3991,#3992),
 .UNSPECIFIED.,.F.,.F.,(4,1,4),(0.,0.00156273480597371,0.00312546961194743),
 .UNSPECIFIED.);
#21=B_SPLINE_CURVE_WITH_KNOTS('',3,(#3996,#3997,#3998,#3999,#4000),
 .UNSPECIFIED.,.F.,.F.,(4,1,4),(0.,0.00156276829115838,0.00312553658231675),
 .UNSPECIFIED.);
#22=B_SPLINE_CURVE_WITH_KNOTS('',3,(#4022,#4023,#4024,#4025,#4026,#4027,
#4028,#4029,#4030,#4031,#4032,#4033,#4034,#4035,#4036,#4037,#4038),
 .UNSPECIFIED.,.F.,.F.,(4,1,1,1,1,1,1,1,1,1,1,1,1,1,4),(0.,0.0017095936933335,
0.00256439054000025,0.003419187386667,0.00384658581000037,0.00427398423333375,
0.0051287810800005,0.00555617950333388,0.00598357792666725,0.006838374773334,
0.0085479684666675,0.00940276531333425,0.010257562160001,0.0119671558533345,
0.013676749546668),.UNSPECIFIED.);
#23=B_SPLINE_SURFACE_WITH_KNOTS('',3,3,((#2702,#2703,#2704,#2705,#2706,
#2707,#2708,#2709,#2710,#2711),(#2712,#2713,#2714,#2715,#2716,#2717,#2718,
#2719,#2720,#2721),(#2722,#2723,#2724,#2725,#2726,#2727,#2728,#2729,#2730,
#2731),(#2732,#2733,#2734,#2735,#2736,#2737,#2738,#2739,#2740,#2741),(#2742,
#2743,#2744,#2745,#2746,#2747,#2748,#2749,#2750,#2751),(#2752,#2753,#2754,
#2755,#2756,#2757,#2758,#2759,#2760,#2761),(#2762,#2763,#2764,#2765,#2766,
#2767,#2768,#2769,#2770,#2771),(#2772,#2773,#2774,#2775,#2776,#2777,#2778,
#2779,#2780,#2781),(#2782,#2783,#2784,#2785,#2786,#2787,#2788,#2789,#2790,
#2791),(#2792,#2793,#2794,#2795,#2796,#2797,#2798,#2799,#2800,#2801),(#2802,
#2803,#2804,#2805,#2806,#2807,#2808,#2809,#2810,#2811),(#2812,#2813,#2814,
#2815,#2816,#2817,#2818,#2819,#2820,#2821),(#2822,#2823,#2824,#2825,#2826,
#2827,#2828,#2829,#2830,#2831),(#2832,#2833,#2834,#2835,#2836,#2837,#2838,
#2839,#2840,#2841),(#2842,#2843,#2844,#2845,#2846,#2847,#2848,#2849,#2850,
#2851),(#2852,#2853,#2854,#2855,#2856,#2857,#2858,#2859,#2860,#2861),(#2862,
#2863,#2864,#2865,#2866,#2867,#2868,#2869,#2870,#2871),(#2872,#2873,#2874,
#2875,#2876,#2877,#2878,#2879,#2880,#2881),(#2882,#2883,#2884,#2885,#2886,
#2887,#2888,#2889,#2890,#2891),(#2892,#2893,#2894,#2895,#2896,#2897,#2898,
#2899,#2900,#2901),(#2902,#2903,#2904,#2905,#2906,#2907,#2908,#2909,#2910,
#2911),(#2912,#2913,#2914,#2915,#2916,#2917,#2918,#2919,#2920,#2921),(#2922,
#2923,#2924,#2925,#2926,#2927,#2928,#2929,#2930,#2931),(#2932,#2933,#2934,
#2935,#2936,#2937,#2938,#2939,#2940,#2941),(#2942,#2943,#2944,#2945,#2946,
#2947,#2948,#2949,#2950,#2951),(#2952,#2953,#2954,#2955,#2956,#2957,#2958,
#2959,#2960,#2961),(#2962,#2963,#2964,#2965,#2966,#2967,#2968,#2969,#2970,
#2971),(#2972,#2973,#2974,#2975,#2976,#2977,#2978,#2979,#2980,#2981),(#2982,
#2983,#2984,#2985,#2986,#2987,#2988,#2989,#2990,#2991),(#2992,#2993,#2994,
#2995,#2996,#2997,#2998,#2999,#3000,#3001),(#3002,#3003,#3004,#3005,#3006,
#3007,#3008,#3009,#3010,#3011),(#3012,#3013,#3014,#3015,#3016,#3017,#3018,
#3019,#3020,#3021),(#3022,#3023,#3024,#3025,#3026,#3027,#3028,#3029,#3030,
#3031),(#3032,#3033,#3034,#3035,#3036,#3037,#3038,#3039,#3040,#3041),(#3042,
#3043,#3044,#3045,#3046,#3047,#3048,#3049,#3050,#3051),(#3052,#3053,#3054,
#3055,#3056,#3057,#3058,#3059,#3060,#3061),(#3062,#3063,#3064,#3065,#3066,
#3067,#3068,#3069,#3070,#3071),(#3072,#3073,#3074,#3075,#3076,#3077,#3078,
#3079,#3080,#3081),(#3082,#3083,#3084,#3085,#3086,#3087,#3088,#3089,#3090,
#3091),(#3092,#3093,#3094,#3095,#3096,#3097,#3098,#3099,#3100,#3101),(#3102,
#3103,#3104,#3105,#3106,#3107,#3108,#3109,#3110,#3111),(#3112,#3113,#3114,
#3115,#3116,#3117,#3118,#3119,#3120,#3121),(#3122,#3123,#3124,#3125,#3126,
#3127,#3128,#3129,#3130,#3131),(#3132,#3133,#3134,#3135,#3136,#3137,#3138,
#3139,#3140,#3141),(#3142,#3143,#3144,#3145,#3146,#3147,#3148,#3149,#3150,
#3151),(#3152,#3153,#3154,#3155,#3156,#3157,#3158,#3159,#3160,#3161),(#3162,
#3163,#3164,#3165,#3166,#3167,#3168,#3169,#3170,#3171),(#3172,#3173,#3174,
#3175,#3176,#3177,#3178,#3179,#3180,#3181),(#3182,#3183,#3184,#3185,#3186,
#3187,#3188,#3189,#3190,#3191),(#3192,#3193,#3194,#3195,#3196,#3197,#3198,
#3199,#3200,#3201),(#3202,#3203,#3204,#3205,#3206,#3207,#3208,#3209,#3210,
#3211),(#3212,#3213,#3214,#3215,#3216,#3217,#3218,#3219,#3220,#3221),(#3222,
#3223,#3224,#3225,#3226,#3227,#3228,#3229,#3230,#3231),(#3232,#3233,#3234,
#3235,#3236,#3237,#3238,#3239,#3240,#3241),(#3242,#3243,#3244,#3245,#3246,
#3247,#3248,#3249,#3250,#3251),(#3252,#3253,#3254,#3255,#3256,#3257,#3258,
#3259,#3260,#3261),(#3262,#3263,#3264,#3265,#3266,#3267,#3268,#3269,#3270,
#3271),(#3272,#3273,#3274,#3275,#3276,#3277,#3278,#3279,#3280,#3281),(#3282,
#3283,#3284,#3285,#3286,#3287,#3288,#3289,#3290,#3291),(#3292,#3293,#3294,
#3295,#3296,#3297,#3298,#3299,#3300,#3301),(#3302,#3303,#3304,#3305,#3306,
#3307,#3308,#3309,#3310,#3311),(#3312,#3313,#3314,#3315,#3316,#3317,#3318,
#3319,#3320,#3321),(#3322,#3323,#3324,#3325,#3326,#3327,#3328,#3329,#3330,
#3331),(#3332,#3333,#3334,#3335,#3336,#3337,#3338,#3339,#3340,#3341),(#3342,
#3343,#3344,#3345,#3346,#3347,#3348,#3349,#3350,#3351),(#3352,#3353,#3354,
#3355,#3356,#3357,#3358,#3359,#3360,#3361),(#3362,#3363,#3364,#3365,#3366,
#3367,#3368,#3369,#3370,#3371),(#3372,#3373,#3374,#3375,#3376,#3377,#3378,
#3379,#3380,#3381),(#3382,#3383,#3384,#3385,#3386,#3387,#3388,#3389,#3390,
#3391),(#3392,#3393,#3394,#3395,#3396,#3397,#3398,#3399,#3400,#3401),(#3402,
#3403,#3404,#3405,#3406,#3407,#3408,#3409,#3410,#3411),(#3412,#3413,#3414,
#3415,#3416,#3417,#3418,#3419,#3420,#3421),(#3422,#3423,#3424,#3425,#3426,
#3427,#3428,#3429,#3430,#3431),(#3432,#3433,#3434,#3435,#3436,#3437,#3438,
#3439,#3440,#3441),(#3442,#3443,#3444,#3445,#3446,#3447,#3448,#3449,#3450,
#3451),(#3452,#3453,#3454,#3455,#3456,#3457,#3458,#3459,#3460,#3461),(#3462,
#3463,#3464,#3465,#3466,#3467,#3468,#3469,#3470,#3471),(#3472,#3473,#3474,
#3475,#3476,#3477,#3478,#3479,#3480,#3481),(#3482,#3483,#3484,#3485,#3486,
#3487,#3488,#3489,#3490,#3491),(#3492,#3493,#3494,#3495,#3496,#3497,#3498,
#3499,#3500,#3501),(#3502,#3503,#3504,#3505,#3506,#3507,#3508,#3509,#3510,
#3511),(#3512,#3513,#3514,#3515,#3516,#3517,#3518,#3519,#3520,#3521),(#3522,
#3523,#3524,#3525,#3526,#3527,#3528,#3529,#3530,#3531),(#3532,#3533,#3534,
#3535,#3536,#3537,#3538,#3539,#3540,#3541),(#3542,#3543,#3544,#3545,#3546,
#3547,#3548,#3549,#3550,#3551),(#3552,#3553,#3554,#3555,#3556,#3557,#3558,
#3559,#3560,#3561),(#3562,#3563,#3564,#3565,#3566,#3567,#3568,#3569,#3570,
#3571),(#3572,#3573,#3574,#3575,#3576,#3577,#3578,#3579,#3580,#3581),(#3582,
#3583,#3584,#3585,#3586,#3587,#3588,#3589,#3590,#3591),(#3592,#3593,#3594,
#3595,#3596,#3597,#3598,#3599,#3600,#3601),(#3602,#3603,#3604,#3605,#3606,
#3607,#3608,#3609,#3610,#3611),(#3612,#3613,#3614,#3615,#3616,#3617,#3618,
#3619,#3620,#3621),(#3622,#3623,#3624,#3625,#3626,#3627,#3628,#3629,#3630,
#3631),(#3632,#3633,#3634,#3635,#3636,#3637,#3638,#3639,#3640,#3641),(#3642,
#3643,#3644,#3645,#3646,#3647,#3648,#3649,#3650,#3651),(#3652,#3653,#3654,
#3655,#3656,#3657,#3658,#3659,#3660,#3661),(#3662,#3663,#3664,#3665,#3666,
#3667,#3668,#3669,#3670,#3671),(#3672,#3673,#3674,#3675,#3676,#3677,#3678,
#3679,#3680,#3681),(#3682,#3683,#3684,#3685,#3686,#3687,#3688,#3689,#3690,
#3691),(#3692,#3693,#3694,#3695,#3696,#3697,#3698,#3699,#3700,#3701),(#3702,
#3703,#3704,#3705,#3706,#3707,#3708,#3709,#3710,#3711),(#3712,#3713,#3714,
#3715,#3716,#3717,#3718,#3719,#3720,#3721),(#3722,#3723,#3724,#3725,#3726,
#3727,#3728,#3729,#3730,#3731),(#3732,#3733,#3734,#3735,#3736,#3737,#3738,
#3739,#3740,#3741),(#3742,#3743,#3744,#3745,#3746,#3747,#3748,#3749,#3750,
#3751),(#3752,#3753,#3754,#3755,#3756,#3757,#3758,#3759,#3760,#3761),(#3762,
#3763,#3764,#3765,#3766,#3767,#3768,#3769,#3770,#3771),(#3772,#3773,#3774,
#3775,#3776,#3777,#3778,#3779,#3780,#3781),(#3782,#3783,#3784,#3785,#3786,
#3787,#3788,#3789,#3790,#3791),(#3792,#3793,#3794,#3795,#3796,#3797,#3798,
#3799,#3800,#3801),(#3802,#3803,#3804,#3805,#3806,#3807,#3808,#3809,#3810,
#3811),(#3812,#3813,#3814,#3815,#3816,#3817,#3818,#3819,#3820,#3821)),
 .UNSPECIFIED.,.F.,.F.,.F.,(4,3,3,3,3,3,3,3,3,3,3,3,3,3,3,3,3,3,3,3,3,3,
3,3,3,3,3,3,3,3,3,3,3,3,3,3,3,4),(4,3,3,4),(0.5,0.53125,0.5625,0.59375,
0.625,0.65625,0.671875,0.6796875,0.68359375,0.6845703125,0.685546875,0.6875,
0.71875,0.75,0.78125,0.796875,0.797851562500001,0.798828125000001,0.800781250000001,
0.8046875,0.8125,0.84375,0.875,0.8828125,0.884765625000001,0.885742187500001,
0.886718750000001,0.890625,0.90625,0.9375,0.96875,0.984375,0.9921875,0.996093750000001,
0.998046875000001,0.999023437500001,1.,1.005),(0.0501518676785227,0.644704563092307,
0.941980910799199,1.23925725850609),.PIECEWISE_BEZIER_KNOTS.);
#24=B_SPLINE_SURFACE_WITH_KNOTS('',3,1,((#4039,#4040,#4041),(#4042,#4043,
#4044),(#4045,#4046,#4047),(#4048,#4049,#4050),(#4051,#4052,#4053),(#4054,
#4055,#4056),(#4057,#4058,#4059),(#4060,#4061,#4062),(#4063,#4064,#4065),
(#4066,#4067,#4068),(#4069,#4070,#4071),(#4072,#4073,#4074),(#4075,#4076,
#4077),(#4078,#4079,#4080),(#4081,#4082,#4083),(#4084,#4085,#4086),(#4087,
#4088,#4089),(#4090,#4091,#4092),(#4093,#4094,#4095),(#4096,#4097,#4098),
(#4099,#4100,#4101),(#4102,#4103,#4104),(#4105,#4106,#4107),(#4108,#4109,
#4110),(#4111,#4112,#4113),(#4114,#4115,#4116),(#4117,#4118,#4119),(#4120,
#4121,#4122),(#4123,#4124,#4125),(#4126,#4127,#4128),(#4129,#4130,#4131),
(#4132,#4133,#4134),(#4135,#4136,#4137),(#4138,#4139,#4140),(#4141,#4142,
#4143),(#4144,#4145,#4146),(#4147,#4148,#4149),(#4150,#4151,#4152),(#4153,
#4154,#4155),(#4156,#4157,#4158),(#4159,#4160,#4161),(#4162,#4163,#4164),
(#4165,#4166,#4167),(#4168,#4169,#4170),(#4171,#4172,#4173),(#4174,#4175,
#4176),(#4177,#4178,#4179),(#4180,#4181,#4182),(#4183,#4184,#4185),(#4186,
#4187,#4188),(#4189,#4190,#4191),(#4192,#4193,#4194)),.RULED_SURF.,.T.,
 .F.,.F.,(4,1,1,1,2,1,1,1,2,1,1,1,2,1,1,1,2,1,1,1,2,1,1,1,2,1,1,1,2,1,1,
1,2,1,1,1,2,1,1,1,4),(2,1,2),(0.,0.0461330579857279,0.0922661159714559,
0.138399173957184,0.184532231942912,0.212861422537083,0.241190613131255,
0.269519803725425,0.297848994319596,0.308953274732562,0.320057555145526,
0.331161835558491,0.342266115971456,0.353370396384421,0.364474676797386,
0.375578957210351,0.386683237623316,0.415012428217486,0.443341618811658,
0.471670809405829,0.5,0.546133057985728,0.592266115971456,0.638399173957184,
0.684532231942912,0.712861422537083,0.741190613131254,0.769519803725426,
0.797848994319597,0.808953274732562,0.820057555145527,0.831161835558491,
0.842266115971456,0.853370396384421,0.864474676797386,0.875578957210351,
0.886683237623315,0.915012428217486,0.943341618811658,0.971670809405829,
1.),(0.,1.,1.1),.UNSPECIFIED.);
#25=B_SPLINE_SURFACE_WITH_KNOTS('',3,3,((#4195,#4196,#4197,#4198,#4199,
#4200,#4201,#4202,#4203,#4204),(#4205,#4206,#4207,#4208,#4209,#4210,#4211,
#4212,#4213,#4214),(#4215,#4216,#4217,#4218,#4219,#4220,#4221,#4222,#4223,
#4224),(#4225,#4226,#4227,#4228,#4229,#4230,#4231,#4232,#4233,#4234),(#4235,
#4236,#4237,#4238,#4239,#4240,#4241,#4242,#4243,#4244),(#4245,#4246,#4247,
#4248,#4249,#4250,#4251,#4252,#4253,#4254),(#4255,#4256,#4257,#4258,#4259,
#4260,#4261,#4262,#4263,#4264),(#4265,#4266,#4267,#4268,#4269,#4270,#4271,
#4272,#4273,#4274),(#4275,#4276,#4277,#4278,#4279,#4280,#4281,#4282,#4283,
#4284),(#4285,#4286,#4287,#4288,#4289,#4290,#4291,#4292,#4293,#4294),(#4295,
#4296,#4297,#4298,#4299,#4300,#4301,#4302,#4303,#4304),(#4305,#4306,#4307,
#4308,#4309,#4310,#4311,#4312,#4313,#4314),(#4315,#4316,#4317,#4318,#4319,
#4320,#4321,#4322,#4323,#4324),(#4325,#4326,#4327,#4328,#4329,#4330,#4331,
#4332,#4333,#4334),(#4335,#4336,#4337,#4338,#4339,#4340,#4341,#4342,#4343,
#4344),(#4345,#4346,#4347,#4348,#4349,#4350,#4351,#4352,#4353,#4354),(#4355,
#4356,#4357,#4358,#4359,#4360,#4361,#4362,#4363,#4364),(#4365,#4366,#4367,
#4368,#4369,#4370,#4371,#4372,#4373,#4374),(#4375,#4376,#4377,#4378,#4379,
#4380,#4381,#4382,#4383,#4384),(#4385,#4386,#4387,#4388,#4389,#4390,#4391,
#4392,#4393,#4394),(#4395,#4396,#4397,#4398,#4399,#4400,#4401,#4402,#4403,
#4404),(#4405,#4406,#4407,#4408,#4409,#4410,#4411,#4412,#4413,#4414),(#4415,
#4416,#4417,#4418,#4419,#4420,#4421,#4422,#4423,#4424),(#4425,#4426,#4427,
#4428,#4429,#4430,#4431,#4432,#4433,#4434),(#4435,#4436,#4437,#4438,#4439,
#4440,#4441,#4442,#4443,#4444),(#4445,#4446,#4447,#4448,#4449,#4450,#4451,
#4452,#4453,#4454),(#4455,#4456,#4457,#4458,#4459,#4460,#4461,#4462,#4463,
#4464),(#4465,#4466,#4467,#4468,#4469,#4470,#4471,#4472,#4473,#4474),(#4475,
#4476,#4477,#4478,#4479,#4480,#4481,#4482,#4483,#4484),(#4485,#4486,#4487,
#4488,#4489,#4490,#4491,#4492,#4493,#4494),(#4495,#4496,#4497,#4498,#4499,
#4500,#4501,#4502,#4503,#4504),(#4505,#4506,#4507,#4508,#4509,#4510,#4511,
#4512,#4513,#4514),(#4515,#4516,#4517,#4518,#4519,#4520,#4521,#4522,#4523,
#4524),(#4525,#4526,#4527,#4528,#4529,#4530,#4531,#4532,#4533,#4534),(#4535,
#4536,#4537,#4538,#4539,#4540,#4541,#4542,#4543,#4544),(#4545,#4546,#4547,
#4548,#4549,#4550,#4551,#4552,#4553,#4554),(#4555,#4556,#4557,#4558,#4559,
#4560,#4561,#4562,#4563,#4564),(#4565,#4566,#4567,#4568,#4569,#4570,#4571,
#4572,#4573,#4574),(#4575,#4576,#4577,#4578,#4579,#4580,#4581,#4582,#4583,
#4584),(#4585,#4586,#4587,#4588,#4589,#4590,#4591,#4592,#4593,#4594),(#4595,
#4596,#4597,#4598,#4599,#4600,#4601,#4602,#4603,#4604),(#4605,#4606,#4607,
#4608,#4609,#4610,#4611,#4612,#4613,#4614),(#4615,#4616,#4617,#4618,#4619,
#4620,#4621,#4622,#4623,#4624),(#4625,#4626,#4627,#4628,#4629,#4630,#4631,
#4632,#4633,#4634),(#4635,#4636,#4637,#4638,#4639,#4640,#4641,#4642,#4643,
#4644),(#4645,#4646,#4647,#4648,#4649,#4650,#4651,#4652,#4653,#4654),(#4655,
#4656,#4657,#4658,#4659,#4660,#4661,#4662,#4663,#4664),(#4665,#4666,#4667,
#4668,#4669,#4670,#4671,#4672,#4673,#4674),(#4675,#4676,#4677,#4678,#4679,
#4680,#4681,#4682,#4683,#4684),(#4685,#4686,#4687,#4688,#4689,#4690,#4691,
#4692,#4693,#4694),(#4695,#4696,#4697,#4698,#4699,#4700,#4701,#4702,#4703,
#4704),(#4705,#4706,#4707,#4708,#4709,#4710,#4711,#4712,#4713,#4714),(#4715,
#4716,#4717,#4718,#4719,#4720,#4721,#4722,#4723,#4724),(#4725,#4726,#4727,
#4728,#4729,#4730,#4731,#4732,#4733,#4734),(#4735,#4736,#4737,#4738,#4739,
#4740,#4741,#4742,#4743,#4744),(#4745,#4746,#4747,#4748,#4749,#4750,#4751,
#4752,#4753,#4754),(#4755,#4756,#4757,#4758,#4759,#4760,#4761,#4762,#4763,
#4764),(#4765,#4766,#4767,#4768,#4769,#4770,#4771,#4772,#4773,#4774),(#4775,
#4776,#4777,#4778,#4779,#4780,#4781,#4782,#4783,#4784),(#4785,#4786,#4787,
#4788,#4789,#4790,#4791,#4792,#4793,#4794),(#4795,#4796,#4797,#4798,#4799,
#4800,#4801,#4802,#4803,#4804),(#4805,#4806,#4807,#4808,#4809,#4810,#4811,
#4812,#4813,#4814),(#4815,#4816,#4817,#4818,#4819,#4820,#4821,#4822,#4823,
#4824),(#4825,#4826,#4827,#4828,#4829,#4830,#4831,#4832,#4833,#4834),(#4835,
#4836,#4837,#4838,#4839,#4840,#4841,#4842,#4843,#4844),(#4845,#4846,#4847,
#4848,#4849,#4850,#4851,#4852,#4853,#4854),(#4855,#4856,#4857,#4858,#4859,
#4860,#4861,#4862,#4863,#4864),(#4865,#4866,#4867,#4868,#4869,#4870,#4871,
#4872,#4873,#4874),(#4875,#4876,#4877,#4878,#4879,#4880,#4881,#4882,#4883,
#4884),(#4885,#4886,#4887,#4888,#4889,#4890,#4891,#4892,#4893,#4894),(#4895,
#4896,#4897,#4898,#4899,#4900,#4901,#4902,#4903,#4904),(#4905,#4906,#4907,
#4908,#4909,#4910,#4911,#4912,#4913,#4914),(#4915,#4916,#4917,#4918,#4919,
#4920,#4921,#4922,#4923,#4924),(#4925,#4926,#4927,#4928,#4929,#4930,#4931,
#4932,#4933,#4934),(#4935,#4936,#4937,#4938,#4939,#4940,#4941,#4942,#4943,
#4944),(#4945,#4946,#4947,#4948,#4949,#4950,#4951,#4952,#4953,#4954),(#4955,
#4956,#4957,#4958,#4959,#4960,#4961,#4962,#4963,#4964),(#4965,#4966,#4967,
#4968,#4969,#4970,#4971,#4972,#4973,#4974),(#4975,#4976,#4977,#4978,#4979,
#4980,#4981,#4982,#4983,#4984),(#4985,#4986,#4987,#4988,#4989,#4990,#4991,
#4992,#4993,#4994),(#4995,#4996,#4997,#4998,#4999,#5000,#5001,#5002,#5003,
#5004),(#5005,#5006,#5007,#5008,#5009,#5010,#5011,#5012,#5013,#5014),(#5015,
#5016,#5017,#5018,#5019,#5020,#5021,#5022,#5023,#5024),(#5025,#5026,#5027,
#5028,#5029,#5030,#5031,#5032,#5033,#5034),(#5035,#5036,#5037,#5038,#5039,
#5040,#5041,#5042,#5043,#5044),(#5045,#5046,#5047,#5048,#5049,#5050,#5051,
#5052,#5053,#5054),(#5055,#5056,#5057,#5058,#5059,#5060,#5061,#5062,#5063,
#5064),(#5065,#5066,#5067,#5068,#5069,#5070,#5071,#5072,#5073,#5074),(#5075,
#5076,#5077,#5078,#5079,#5080,#5081,#5082,#5083,#5084),(#5085,#5086,#5087,
#5088,#5089,#5090,#5091,#5092,#5093,#5094),(#5095,#5096,#5097,#5098,#5099,
#5100,#5101,#5102,#5103,#5104),(#5105,#5106,#5107,#5108,#5109,#5110,#5111,
#5112,#5113,#5114),(#5115,#5116,#5117,#5118,#5119,#5120,#5121,#5122,#5123,
#5124),(#5125,#5126,#5127,#5128,#5129,#5130,#5131,#5132,#5133,#5134),(#5135,
#5136,#5137,#5138,#5139,#5140,#5141,#5142,#5143,#5144),(#5145,#5146,#5147,
#5148,#5149,#5150,#5151,#5152,#5153,#5154),(#5155,#5156,#5157,#5158,#5159,
#5160,#5161,#5162,#5163,#5164),(#5165,#5166,#5167,#5168,#5169,#5170,#5171,
#5172,#5173,#5174),(#5175,#5176,#5177,#5178,#5179,#5180,#5181,#5182,#5183,
#5184),(#5185,#5186,#5187,#5188,#5189,#5190,#5191,#5192,#5193,#5194),(#5195,
#5196,#5197,#5198,#5199,#5200,#5201,#5202,#5203,#5204),(#5205,#5206,#5207,
#5208,#5209,#5210,#5211,#5212,#5213,#5214),(#5215,#5216,#5217,#5218,#5219,
#5220,#5221,#5222,#5223,#5224),(#5225,#5226,#5227,#5228,#5229,#5230,#5231,
#5232,#5233,#5234),(#5235,#5236,#5237,#5238,#5239,#5240,#5241,#5242,#5243,
#5244),(#5245,#5246,#5247,#5248,#5249,#5250,#5251,#5252,#5253,#5254),(#5255,
#5256,#5257,#5258,#5259,#5260,#5261,#5262,#5263,#5264),(#5265,#5266,#5267,
#5268,#5269,#5270,#5271,#5272,#5273,#5274),(#5275,#5276,#5277,#5278,#5279,
#5280,#5281,#5282,#5283,#5284),(#5285,#5286,#5287,#5288,#5289,#5290,#5291,
#5292,#5293,#5294),(#5295,#5296,#5297,#5298,#5299,#5300,#5301,#5302,#5303,
#5304),(#5305,#5306,#5307,#5308,#5309,#5310,#5311,#5312,#5313,#5314),(#5315,
#5316,#5317,#5318,#5319,#5320,#5321,#5322,#5323,#5324),(#5325,#5326,#5327,
#5328,#5329,#5330,#5331,#5332,#5333,#5334),(#5335,#5336,#5337,#5338,#5339,
#5340,#5341,#5342,#5343,#5344),(#5345,#5346,#5347,#5348,#5349,#5350,#5351,
#5352,#5353,#5354),(#5355,#5356,#5357,#5358,#5359,#5360,#5361,#5362,#5363,
#5364),(#5365,#5366,#5367,#5368,#5369,#5370,#5371,#5372,#5373,#5374),(#5375,
#5376,#5377,#5378,#5379,#5380,#5381,#5382,#5383,#5384),(#5385,#5386,#5387,
#5388,#5389,#5390,#5391,#5392,#5393,#5394),(#5395,#5396,#5397,#5398,#5399,
#5400,#5401,#5402,#5403,#5404),(#5405,#5406,#5407,#5408,#5409,#5410,#5411,
#5412,#5413,#5414),(#5415,#5416,#5417,#5418,#5419,#5420,#5421,#5422,#5423,
#5424),(#5425,#5426,#5427,#5428,#5429,#5430,#5431,#5432,#5433,#5434),(#5435,
#5436,#5437,#5438,#5439,#5440,#5441,#5442,#5443,#5444),(#5445,#5446,#5447,
#5448,#5449,#5450,#5451,#5452,#5453,#5454),(#5455,#5456,#5457,#5458,#5459,
#5460,#5461,#5462,#5463,#5464)),.UNSPECIFIED.,.F.,.F.,.F.,(4,3,3,3,3,3,
3,3,3,3,3,3,3,3,3,3,3,3,3,3,3,3,3,3,3,3,3,3,3,3,3,3,3,3,3,3,3,3,3,3,3,3,
4),(4,3,3,4),(-4.44089209850063E-16,0.000976562499999558,0.00195312499999956,
0.00390624999999957,0.00781249999999957,0.0156249999999996,0.0312499999999996,
0.0625,0.09375,0.125,0.15625,0.171875,0.1796875,0.18359375,0.1845703125,
0.185546875,0.1875,0.21875,0.25,0.28125,0.296875,0.2978515625,0.298828125,
0.30078125,0.3046875,0.3125,0.34375,0.375,0.3828125,0.384765625,0.3857421875,
0.38671875,0.390625,0.40625,0.4375,0.46875,0.484375,0.4921875,0.49609375,
0.498046875,0.4990234375,0.5,0.505),(0.0501758499214043,0.642706042851905,
0.938971139317155,1.2352362357824),.PIECEWISE_BEZIER_KNOTS.);
#26=CIRCLE('',#1794,0.0025);
#27=CIRCLE('',#1795,0.0025);
#28=CIRCLE('',#1797,0.0025);
#29=CIRCLE('',#1798,0.0025);
#30=CIRCLE('',#1800,0.0025);
#31=CIRCLE('',#1801,0.0025);
#32=CIRCLE('',#1803,0.0025);
#33=CIRCLE('',#1804,0.0025);
#34=CIRCLE('',#1810,0.0017);
#35=CIRCLE('',#1815,0.0017);
#36=CIRCLE('',#1820,0.0017);
#37=CIRCLE('',#1825,0.0017);
#38=CIRCLE('',#1828,4.98290850218641E-6);
#39=CIRCLE('',#1831,0.002);
#40=CIRCLE('',#1832,0.002);
#41=CIRCLE('',#1835,0.002);
#42=CIRCLE('',#1836,0.002);
#43=CIRCLE('',#1839,0.002);
#44=CIRCLE('',#1840,0.002);
#45=CIRCLE('',#1843,0.002);
#46=CIRCLE('',#1844,0.002);
#47=CIRCLE('',#1846,4.98290850218641E-6);
#48=CIRCLE('',#1847,0.0018);
#49=CIRCLE('',#1848,0.0018);
#50=CIRCLE('',#1854,0.0018);
#51=CIRCLE('',#1857,0.0018);
#52=CIRCLE('',#1863,0.002);
#53=CIRCLE('',#1865,0.0017);
#54=CIRCLE('',#1866,0.0017);
#55=CIRCLE('',#1869,0.0017);
#56=CIRCLE('',#1870,0.0017);
#57=CIRCLE('',#1875,0.002);
#58=CIRCLE('',#1877,0.0025);
#59=CIRCLE('',#1878,0.0025);
#60=CIRCLE('',#1881,0.0025);
#61=CIRCLE('',#1882,0.0025);
#62=CIRCLE('',#1887,0.0017);
#63=CIRCLE('',#1888,0.0017);
#64=CIRCLE('',#1889,0.0017);
#65=CIRCLE('',#1891,0.0017);
#66=CIRCLE('',#1892,0.0017);
#67=CIRCLE('',#1893,0.0017);
#68=CIRCLE('',#1896,0.0017);
#69=CIRCLE('',#1897,0.0017);
#70=CIRCLE('',#1898,0.0017);
#71=CIRCLE('',#1900,0.0017);
#72=CIRCLE('',#1901,0.0017);
#73=CIRCLE('',#1902,0.0017);
#74=CIRCLE('',#1907,0.001143);
#75=CIRCLE('',#1908,0.001143);
#76=CIRCLE('',#1909,0.0032045);
#77=CIRCLE('',#1910,0.0032045);
#78=CIRCLE('',#1911,0.0032045);
#79=CIRCLE('',#1912,0.0032045);
#80=CIRCLE('',#1913,0.001143);
#81=CIRCLE('',#1914,0.001143);
#82=CIRCLE('',#1916,0.001143);
#83=CIRCLE('',#1917,0.001143);
#84=CIRCLE('',#1918,0.001143);
#85=CIRCLE('',#1919,0.001143);
#86=CIRCLE('',#1920,0.0032045);
#87=CIRCLE('',#1921,0.0032045);
#88=CIRCLE('',#1922,0.0032045);
#89=CIRCLE('',#1923,0.0032045);
#90=CYLINDRICAL_SURFACE('',#1793,0.0025);
#91=CYLINDRICAL_SURFACE('',#1796,0.0025);
#92=CYLINDRICAL_SURFACE('',#1799,0.0025);
#93=CYLINDRICAL_SURFACE('',#1802,0.0025);
#94=CYLINDRICAL_SURFACE('',#1830,0.002);
#95=CYLINDRICAL_SURFACE('',#1834,0.002);
#96=CYLINDRICAL_SURFACE('',#1838,0.002);
#97=CYLINDRICAL_SURFACE('',#1842,0.002);
#98=CYLINDRICAL_SURFACE('',#1853,0.0018);
#99=CYLINDRICAL_SURFACE('',#1856,0.0018);
#100=CYLINDRICAL_SURFACE('',#1864,0.0017);
#101=CYLINDRICAL_SURFACE('',#1868,0.0017);
#102=CYLINDRICAL_SURFACE('',#1876,0.0025);
#103=CYLINDRICAL_SURFACE('',#1880,0.0025);
#104=CYLINDRICAL_SURFACE('',#1886,0.0017);
#105=CYLINDRICAL_SURFACE('',#1890,0.0017);
#106=CYLINDRICAL_SURFACE('',#1895,0.0017);
#107=CYLINDRICAL_SURFACE('',#1899,0.0017);
#108=CYLINDRICAL_SURFACE('',#1904,0.002);
#109=CYLINDRICAL_SURFACE('',#1905,4.98290850218641E-6);
#110=CYLINDRICAL_SURFACE('',#1925,0.0032045);
#111=CYLINDRICAL_SURFACE('',#1929,0.0032045);
#112=CYLINDRICAL_SURFACE('',#1931,0.0032045);
#113=CYLINDRICAL_SURFACE('',#1935,0.0032045);
#114=CYLINDRICAL_SURFACE('',#1936,0.001143);
#115=CYLINDRICAL_SURFACE('',#1937,0.001143);
#116=CYLINDRICAL_SURFACE('',#1938,0.001143);
#117=CYLINDRICAL_SURFACE('',#1939,0.001143);
#118=ORIENTED_EDGE('',*,*,#620,.T.);
#119=ORIENTED_EDGE('',*,*,#621,.F.);
#120=ORIENTED_EDGE('',*,*,#622,.F.);
#121=ORIENTED_EDGE('',*,*,#623,.T.);
#122=ORIENTED_EDGE('',*,*,#624,.F.);
#123=ORIENTED_EDGE('',*,*,#625,.T.);
#124=ORIENTED_EDGE('',*,*,#626,.T.);
#125=ORIENTED_EDGE('',*,*,#627,.F.);
#126=ORIENTED_EDGE('',*,*,#628,.F.);
#127=ORIENTED_EDGE('',*,*,#629,.F.);
#128=ORIENTED_EDGE('',*,*,#630,.F.);
#129=ORIENTED_EDGE('',*,*,#631,.T.);
#130=ORIENTED_EDGE('',*,*,#632,.F.);
#131=ORIENTED_EDGE('',*,*,#633,.F.);
#132=ORIENTED_EDGE('',*,*,#634,.F.);
#133=ORIENTED_EDGE('',*,*,#635,.T.);
#134=ORIENTED_EDGE('',*,*,#621,.T.);
#135=ORIENTED_EDGE('',*,*,#636,.F.);
#136=ORIENTED_EDGE('',*,*,#635,.F.);
#137=ORIENTED_EDGE('',*,*,#637,.T.);
#138=ORIENTED_EDGE('',*,*,#638,.T.);
#139=ORIENTED_EDGE('',*,*,#639,.F.);
#140=ORIENTED_EDGE('',*,*,#625,.F.);
#141=ORIENTED_EDGE('',*,*,#640,.F.);
#142=ORIENTED_EDGE('',*,*,#627,.T.);
#143=ORIENTED_EDGE('',*,*,#641,.F.);
#144=ORIENTED_EDGE('',*,*,#642,.F.);
#145=ORIENTED_EDGE('',*,*,#643,.F.);
#146=ORIENTED_EDGE('',*,*,#633,.T.);
#147=ORIENTED_EDGE('',*,*,#644,.F.);
#148=ORIENTED_EDGE('',*,*,#631,.F.);
#149=ORIENTED_EDGE('',*,*,#645,.T.);
#150=ORIENTED_EDGE('',*,*,#646,.F.);
#151=ORIENTED_EDGE('',*,*,#638,.F.);
#152=ORIENTED_EDGE('',*,*,#647,.F.);
#153=ORIENTED_EDGE('',*,*,#648,.F.);
#154=ORIENTED_EDGE('',*,*,#649,.F.);
#155=ORIENTED_EDGE('',*,*,#650,.F.);
#156=ORIENTED_EDGE('',*,*,#651,.F.);
#157=ORIENTED_EDGE('',*,*,#642,.T.);
#158=ORIENTED_EDGE('',*,*,#652,.F.);
#159=ORIENTED_EDGE('',*,*,#653,.T.);
#160=ORIENTED_EDGE('',*,*,#654,.T.);
#161=ORIENTED_EDGE('',*,*,#655,.T.);
#162=ORIENTED_EDGE('',*,*,#656,.F.);
#163=ORIENTED_EDGE('',*,*,#657,.T.);
#164=ORIENTED_EDGE('',*,*,#658,.F.);
#165=ORIENTED_EDGE('',*,*,#659,.T.);
#166=ORIENTED_EDGE('',*,*,#654,.F.);
#167=ORIENTED_EDGE('',*,*,#660,.T.);
#168=ORIENTED_EDGE('',*,*,#658,.T.);
#169=ORIENTED_EDGE('',*,*,#661,.T.);
#170=ORIENTED_EDGE('',*,*,#662,.F.);
#171=ORIENTED_EDGE('',*,*,#655,.F.);
#172=ORIENTED_EDGE('',*,*,#661,.F.);
#173=ORIENTED_EDGE('',*,*,#657,.F.);
#174=ORIENTED_EDGE('',*,*,#663,.F.);
#175=ORIENTED_EDGE('',*,*,#664,.T.);
#176=ORIENTED_EDGE('',*,*,#665,.T.);
#177=ORIENTED_EDGE('',*,*,#666,.T.);
#178=ORIENTED_EDGE('',*,*,#667,.F.);
#179=ORIENTED_EDGE('',*,*,#668,.T.);
#180=ORIENTED_EDGE('',*,*,#663,.T.);
#181=ORIENTED_EDGE('',*,*,#669,.T.);
#182=ORIENTED_EDGE('',*,*,#670,.F.);
#183=ORIENTED_EDGE('',*,*,#671,.T.);
#184=ORIENTED_EDGE('',*,*,#665,.F.);
#185=ORIENTED_EDGE('',*,*,#672,.T.);
#186=ORIENTED_EDGE('',*,*,#673,.F.);
#187=ORIENTED_EDGE('',*,*,#669,.F.);
#188=ORIENTED_EDGE('',*,*,#666,.F.);
#189=ORIENTED_EDGE('',*,*,#671,.F.);
#190=ORIENTED_EDGE('',*,*,#674,.F.);
#191=ORIENTED_EDGE('',*,*,#675,.T.);
#192=ORIENTED_EDGE('',*,*,#676,.T.);
#193=ORIENTED_EDGE('',*,*,#677,.T.);
#194=ORIENTED_EDGE('',*,*,#678,.F.);
#195=ORIENTED_EDGE('',*,*,#679,.T.);
#196=ORIENTED_EDGE('',*,*,#680,.F.);
#197=ORIENTED_EDGE('',*,*,#681,.T.);
#198=ORIENTED_EDGE('',*,*,#676,.F.);
#199=ORIENTED_EDGE('',*,*,#682,.T.);
#200=ORIENTED_EDGE('',*,*,#680,.T.);
#201=ORIENTED_EDGE('',*,*,#683,.T.);
#202=ORIENTED_EDGE('',*,*,#684,.F.);
#203=ORIENTED_EDGE('',*,*,#677,.F.);
#204=ORIENTED_EDGE('',*,*,#683,.F.);
#205=ORIENTED_EDGE('',*,*,#679,.F.);
#206=ORIENTED_EDGE('',*,*,#685,.F.);
#207=ORIENTED_EDGE('',*,*,#686,.T.);
#208=ORIENTED_EDGE('',*,*,#687,.T.);
#209=ORIENTED_EDGE('',*,*,#688,.T.);
#210=ORIENTED_EDGE('',*,*,#689,.F.);
#211=ORIENTED_EDGE('',*,*,#690,.T.);
#212=ORIENTED_EDGE('',*,*,#685,.T.);
#213=ORIENTED_EDGE('',*,*,#691,.T.);
#214=ORIENTED_EDGE('',*,*,#692,.F.);
#215=ORIENTED_EDGE('',*,*,#693,.T.);
#216=ORIENTED_EDGE('',*,*,#687,.F.);
#217=ORIENTED_EDGE('',*,*,#694,.T.);
#218=ORIENTED_EDGE('',*,*,#695,.F.);
#219=ORIENTED_EDGE('',*,*,#691,.F.);
#220=ORIENTED_EDGE('',*,*,#688,.F.);
#221=ORIENTED_EDGE('',*,*,#693,.F.);
#222=ORIENTED_EDGE('',*,*,#696,.T.);
#223=ORIENTED_EDGE('',*,*,#697,.T.);
#224=ORIENTED_EDGE('',*,*,#649,.T.);
#225=ORIENTED_EDGE('',*,*,#698,.T.);
#226=ORIENTED_EDGE('',*,*,#699,.T.);
#227=ORIENTED_EDGE('',*,*,#700,.T.);
#228=ORIENTED_EDGE('',*,*,#701,.F.);
#229=ORIENTED_EDGE('',*,*,#702,.F.);
#230=ORIENTED_EDGE('',*,*,#703,.T.);
#231=ORIENTED_EDGE('',*,*,#704,.T.);
#232=ORIENTED_EDGE('',*,*,#703,.F.);
#233=ORIENTED_EDGE('',*,*,#705,.F.);
#234=ORIENTED_EDGE('',*,*,#706,.T.);
#235=ORIENTED_EDGE('',*,*,#707,.T.);
#236=ORIENTED_EDGE('',*,*,#706,.F.);
#237=ORIENTED_EDGE('',*,*,#708,.F.);
#238=ORIENTED_EDGE('',*,*,#709,.T.);
#239=ORIENTED_EDGE('',*,*,#710,.T.);
#240=ORIENTED_EDGE('',*,*,#709,.F.);
#241=ORIENTED_EDGE('',*,*,#711,.F.);
#242=ORIENTED_EDGE('',*,*,#712,.T.);
#243=ORIENTED_EDGE('',*,*,#713,.T.);
#244=ORIENTED_EDGE('',*,*,#712,.F.);
#245=ORIENTED_EDGE('',*,*,#714,.F.);
#246=ORIENTED_EDGE('',*,*,#715,.T.);
#247=ORIENTED_EDGE('',*,*,#716,.T.);
#248=ORIENTED_EDGE('',*,*,#715,.F.);
#249=ORIENTED_EDGE('',*,*,#717,.F.);
#250=ORIENTED_EDGE('',*,*,#718,.T.);
#251=ORIENTED_EDGE('',*,*,#719,.T.);
#252=ORIENTED_EDGE('',*,*,#718,.F.);
#253=ORIENTED_EDGE('',*,*,#720,.F.);
#254=ORIENTED_EDGE('',*,*,#721,.T.);
#255=ORIENTED_EDGE('',*,*,#722,.T.);
#256=ORIENTED_EDGE('',*,*,#721,.F.);
#257=ORIENTED_EDGE('',*,*,#723,.F.);
#258=ORIENTED_EDGE('',*,*,#701,.T.);
#259=ORIENTED_EDGE('',*,*,#724,.F.);
#260=ORIENTED_EDGE('',*,*,#723,.T.);
#261=ORIENTED_EDGE('',*,*,#720,.T.);
#262=ORIENTED_EDGE('',*,*,#717,.T.);
#263=ORIENTED_EDGE('',*,*,#714,.T.);
#264=ORIENTED_EDGE('',*,*,#711,.T.);
#265=ORIENTED_EDGE('',*,*,#708,.T.);
#266=ORIENTED_EDGE('',*,*,#705,.T.);
#267=ORIENTED_EDGE('',*,*,#702,.T.);
#268=ORIENTED_EDGE('',*,*,#725,.F.);
#269=ORIENTED_EDGE('',*,*,#726,.F.);
#270=ORIENTED_EDGE('',*,*,#727,.F.);
#271=ORIENTED_EDGE('',*,*,#728,.F.);
#272=ORIENTED_EDGE('',*,*,#697,.F.);
#273=ORIENTED_EDGE('',*,*,#729,.F.);
#274=ORIENTED_EDGE('',*,*,#730,.F.);
#275=ORIENTED_EDGE('',*,*,#731,.F.);
#276=ORIENTED_EDGE('',*,*,#732,.T.);
#277=ORIENTED_EDGE('',*,*,#650,.T.);
#278=ORIENTED_EDGE('',*,*,#733,.T.);
#279=ORIENTED_EDGE('',*,*,#731,.T.);
#280=ORIENTED_EDGE('',*,*,#734,.F.);
#281=ORIENTED_EDGE('',*,*,#735,.F.);
#282=ORIENTED_EDGE('',*,*,#698,.F.);
#283=ORIENTED_EDGE('',*,*,#648,.T.);
#284=ORIENTED_EDGE('',*,*,#736,.T.);
#285=ORIENTED_EDGE('',*,*,#735,.T.);
#286=ORIENTED_EDGE('',*,*,#737,.F.);
#287=ORIENTED_EDGE('',*,*,#738,.F.);
#288=ORIENTED_EDGE('',*,*,#739,.F.);
#289=ORIENTED_EDGE('',*,*,#727,.T.);
#290=ORIENTED_EDGE('',*,*,#740,.T.);
#291=ORIENTED_EDGE('',*,*,#741,.F.);
#292=ORIENTED_EDGE('',*,*,#742,.F.);
#293=ORIENTED_EDGE('',*,*,#728,.T.);
#294=ORIENTED_EDGE('',*,*,#739,.T.);
#295=ORIENTED_EDGE('',*,*,#743,.F.);
#296=ORIENTED_EDGE('',*,*,#744,.F.);
#297=ORIENTED_EDGE('',*,*,#725,.T.);
#298=ORIENTED_EDGE('',*,*,#742,.T.);
#299=ORIENTED_EDGE('',*,*,#745,.F.);
#300=ORIENTED_EDGE('',*,*,#740,.F.);
#301=ORIENTED_EDGE('',*,*,#726,.T.);
#302=ORIENTED_EDGE('',*,*,#744,.T.);
#303=ORIENTED_EDGE('',*,*,#746,.F.);
#304=ORIENTED_EDGE('',*,*,#747,.T.);
#305=ORIENTED_EDGE('',*,*,#748,.T.);
#306=ORIENTED_EDGE('',*,*,#749,.F.);
#307=ORIENTED_EDGE('',*,*,#750,.F.);
#308=ORIENTED_EDGE('',*,*,#751,.T.);
#309=ORIENTED_EDGE('',*,*,#750,.T.);
#310=ORIENTED_EDGE('',*,*,#752,.F.);
#311=ORIENTED_EDGE('',*,*,#753,.F.);
#312=ORIENTED_EDGE('',*,*,#754,.T.);
#313=ORIENTED_EDGE('',*,*,#753,.T.);
#314=ORIENTED_EDGE('',*,*,#755,.F.);
#315=ORIENTED_EDGE('',*,*,#756,.F.);
#316=ORIENTED_EDGE('',*,*,#757,.T.);
#317=ORIENTED_EDGE('',*,*,#756,.T.);
#318=ORIENTED_EDGE('',*,*,#758,.F.);
#319=ORIENTED_EDGE('',*,*,#748,.F.);
#320=ORIENTED_EDGE('',*,*,#759,.F.);
#321=ORIENTED_EDGE('',*,*,#760,.F.);
#322=ORIENTED_EDGE('',*,*,#761,.T.);
#323=ORIENTED_EDGE('',*,*,#762,.T.);
#324=ORIENTED_EDGE('',*,*,#762,.F.);
#325=ORIENTED_EDGE('',*,*,#763,.F.);
#326=ORIENTED_EDGE('',*,*,#764,.F.);
#327=ORIENTED_EDGE('',*,*,#765,.T.);
#328=ORIENTED_EDGE('',*,*,#766,.F.);
#329=ORIENTED_EDGE('',*,*,#767,.F.);
#330=ORIENTED_EDGE('',*,*,#768,.T.);
#331=ORIENTED_EDGE('',*,*,#769,.F.);
#332=ORIENTED_EDGE('',*,*,#770,.F.);
#333=ORIENTED_EDGE('',*,*,#771,.T.);
#334=ORIENTED_EDGE('',*,*,#766,.T.);
#335=ORIENTED_EDGE('',*,*,#772,.T.);
#336=ORIENTED_EDGE('',*,*,#773,.F.);
#337=ORIENTED_EDGE('',*,*,#774,.F.);
#338=ORIENTED_EDGE('',*,*,#770,.T.);
#339=ORIENTED_EDGE('',*,*,#775,.T.);
#340=ORIENTED_EDGE('',*,*,#776,.F.);
#341=ORIENTED_EDGE('',*,*,#777,.F.);
#342=ORIENTED_EDGE('',*,*,#778,.T.);
#343=ORIENTED_EDGE('',*,*,#779,.T.);
#344=ORIENTED_EDGE('',*,*,#780,.F.);
#345=ORIENTED_EDGE('',*,*,#781,.F.);
#346=ORIENTED_EDGE('',*,*,#782,.T.);
#347=ORIENTED_EDGE('',*,*,#783,.F.);
#348=ORIENTED_EDGE('',*,*,#784,.T.);
#349=ORIENTED_EDGE('',*,*,#768,.F.);
#350=ORIENTED_EDGE('',*,*,#785,.T.);
#351=ORIENTED_EDGE('',*,*,#786,.T.);
#352=ORIENTED_EDGE('',*,*,#787,.F.);
#353=ORIENTED_EDGE('',*,*,#788,.F.);
#354=ORIENTED_EDGE('',*,*,#789,.T.);
#355=ORIENTED_EDGE('',*,*,#773,.T.);
#356=ORIENTED_EDGE('',*,*,#790,.T.);
#357=ORIENTED_EDGE('',*,*,#791,.T.);
#358=ORIENTED_EDGE('',*,*,#792,.T.);
#359=ORIENTED_EDGE('',*,*,#793,.F.);
#360=ORIENTED_EDGE('',*,*,#623,.F.);
#361=ORIENTED_EDGE('',*,*,#794,.T.);
#362=ORIENTED_EDGE('',*,*,#795,.T.);
#363=ORIENTED_EDGE('',*,*,#796,.T.);
#364=ORIENTED_EDGE('',*,*,#795,.F.);
#365=ORIENTED_EDGE('',*,*,#797,.F.);
#366=ORIENTED_EDGE('',*,*,#798,.T.);
#367=ORIENTED_EDGE('',*,*,#799,.F.);
#368=ORIENTED_EDGE('',*,*,#798,.F.);
#369=ORIENTED_EDGE('',*,*,#800,.T.);
#370=ORIENTED_EDGE('',*,*,#629,.T.);
#371=ORIENTED_EDGE('',*,*,#801,.T.);
#372=ORIENTED_EDGE('',*,*,#729,.T.);
#373=ORIENTED_EDGE('',*,*,#696,.F.);
#374=ORIENTED_EDGE('',*,*,#738,.T.);
#375=ORIENTED_EDGE('',*,*,#802,.T.);
#376=ORIENTED_EDGE('',*,*,#803,.T.);
#377=ORIENTED_EDGE('',*,*,#804,.F.);
#378=ORIENTED_EDGE('',*,*,#805,.F.);
#379=ORIENTED_EDGE('',*,*,#637,.F.);
#380=ORIENTED_EDGE('',*,*,#634,.T.);
#381=ORIENTED_EDGE('',*,*,#645,.F.);
#382=ORIENTED_EDGE('',*,*,#630,.T.);
#383=ORIENTED_EDGE('',*,*,#800,.F.);
#384=ORIENTED_EDGE('',*,*,#797,.T.);
#385=ORIENTED_EDGE('',*,*,#794,.F.);
#386=ORIENTED_EDGE('',*,*,#622,.T.);
#387=ORIENTED_EDGE('',*,*,#806,.F.);
#388=ORIENTED_EDGE('',*,*,#807,.F.);
#389=ORIENTED_EDGE('',*,*,#808,.F.);
#390=ORIENTED_EDGE('',*,*,#809,.F.);
#391=ORIENTED_EDGE('',*,*,#810,.F.);
#392=ORIENTED_EDGE('',*,*,#811,.F.);
#393=ORIENTED_EDGE('',*,*,#812,.F.);
#394=ORIENTED_EDGE('',*,*,#813,.F.);
#395=ORIENTED_EDGE('',*,*,#757,.F.);
#396=ORIENTED_EDGE('',*,*,#747,.F.);
#397=ORIENTED_EDGE('',*,*,#751,.F.);
#398=ORIENTED_EDGE('',*,*,#754,.F.);
#399=ORIENTED_EDGE('',*,*,#722,.F.);
#400=ORIENTED_EDGE('',*,*,#700,.F.);
#401=ORIENTED_EDGE('',*,*,#704,.F.);
#402=ORIENTED_EDGE('',*,*,#707,.F.);
#403=ORIENTED_EDGE('',*,*,#710,.F.);
#404=ORIENTED_EDGE('',*,*,#713,.F.);
#405=ORIENTED_EDGE('',*,*,#716,.F.);
#406=ORIENTED_EDGE('',*,*,#719,.F.);
#407=ORIENTED_EDGE('',*,*,#736,.F.);
#408=ORIENTED_EDGE('',*,*,#647,.T.);
#409=ORIENTED_EDGE('',*,*,#640,.T.);
#410=ORIENTED_EDGE('',*,*,#624,.T.);
#411=ORIENTED_EDGE('',*,*,#793,.T.);
#412=ORIENTED_EDGE('',*,*,#796,.F.);
#413=ORIENTED_EDGE('',*,*,#799,.T.);
#414=ORIENTED_EDGE('',*,*,#628,.T.);
#415=ORIENTED_EDGE('',*,*,#643,.T.);
#416=ORIENTED_EDGE('',*,*,#651,.T.);
#417=ORIENTED_EDGE('',*,*,#732,.F.);
#418=ORIENTED_EDGE('',*,*,#733,.F.);
#419=ORIENTED_EDGE('',*,*,#695,.T.);
#420=ORIENTED_EDGE('',*,*,#692,.T.);
#421=ORIENTED_EDGE('',*,*,#814,.T.);
#422=ORIENTED_EDGE('',*,*,#783,.T.);
#423=ORIENTED_EDGE('',*,*,#782,.F.);
#424=ORIENTED_EDGE('',*,*,#815,.F.);
#425=ORIENTED_EDGE('',*,*,#803,.F.);
#426=ORIENTED_EDGE('',*,*,#816,.T.);
#427=ORIENTED_EDGE('',*,*,#689,.T.);
#428=ORIENTED_EDGE('',*,*,#684,.T.);
#429=ORIENTED_EDGE('',*,*,#678,.T.);
#430=ORIENTED_EDGE('',*,*,#817,.T.);
#431=ORIENTED_EDGE('',*,*,#805,.T.);
#432=ORIENTED_EDGE('',*,*,#818,.F.);
#433=ORIENTED_EDGE('',*,*,#786,.F.);
#434=ORIENTED_EDGE('',*,*,#819,.T.);
#435=ORIENTED_EDGE('',*,*,#674,.T.);
#436=ORIENTED_EDGE('',*,*,#817,.F.);
#437=ORIENTED_EDGE('',*,*,#681,.F.);
#438=ORIENTED_EDGE('',*,*,#682,.F.);
#439=ORIENTED_EDGE('',*,*,#675,.F.);
#440=ORIENTED_EDGE('',*,*,#819,.F.);
#441=ORIENTED_EDGE('',*,*,#790,.F.);
#442=ORIENTED_EDGE('',*,*,#772,.F.);
#443=ORIENTED_EDGE('',*,*,#769,.T.);
#444=ORIENTED_EDGE('',*,*,#765,.F.);
#445=ORIENTED_EDGE('',*,*,#784,.F.);
#446=ORIENTED_EDGE('',*,*,#814,.F.);
#447=ORIENTED_EDGE('',*,*,#694,.F.);
#448=ORIENTED_EDGE('',*,*,#686,.F.);
#449=ORIENTED_EDGE('',*,*,#690,.F.);
#450=ORIENTED_EDGE('',*,*,#816,.F.);
#451=ORIENTED_EDGE('',*,*,#802,.F.);
#452=ORIENTED_EDGE('',*,*,#737,.T.);
#453=ORIENTED_EDGE('',*,*,#734,.T.);
#454=ORIENTED_EDGE('',*,*,#730,.T.);
#455=ORIENTED_EDGE('',*,*,#801,.F.);
#456=ORIENTED_EDGE('',*,*,#673,.T.);
#457=ORIENTED_EDGE('',*,*,#670,.T.);
#458=ORIENTED_EDGE('',*,*,#820,.F.);
#459=ORIENTED_EDGE('',*,*,#788,.T.);
#460=ORIENTED_EDGE('',*,*,#821,.F.);
#461=ORIENTED_EDGE('',*,*,#775,.F.);
#462=ORIENTED_EDGE('',*,*,#822,.F.);
#463=ORIENTED_EDGE('',*,*,#667,.T.);
#464=ORIENTED_EDGE('',*,*,#662,.T.);
#465=ORIENTED_EDGE('',*,*,#656,.T.);
#466=ORIENTED_EDGE('',*,*,#823,.F.);
#467=ORIENTED_EDGE('',*,*,#777,.T.);
#468=ORIENTED_EDGE('',*,*,#824,.F.);
#469=ORIENTED_EDGE('',*,*,#780,.T.);
#470=ORIENTED_EDGE('',*,*,#779,.F.);
#471=ORIENTED_EDGE('',*,*,#825,.F.);
#472=ORIENTED_EDGE('',*,*,#652,.T.);
#473=ORIENTED_EDGE('',*,*,#823,.T.);
#474=ORIENTED_EDGE('',*,*,#659,.F.);
#475=ORIENTED_EDGE('',*,*,#660,.F.);
#476=ORIENTED_EDGE('',*,*,#653,.F.);
#477=ORIENTED_EDGE('',*,*,#825,.T.);
#478=ORIENTED_EDGE('',*,*,#785,.F.);
#479=ORIENTED_EDGE('',*,*,#767,.T.);
#480=ORIENTED_EDGE('',*,*,#771,.F.);
#481=ORIENTED_EDGE('',*,*,#774,.T.);
#482=ORIENTED_EDGE('',*,*,#789,.F.);
#483=ORIENTED_EDGE('',*,*,#820,.T.);
#484=ORIENTED_EDGE('',*,*,#672,.F.);
#485=ORIENTED_EDGE('',*,*,#664,.F.);
#486=ORIENTED_EDGE('',*,*,#668,.F.);
#487=ORIENTED_EDGE('',*,*,#822,.T.);
#488=ORIENTED_EDGE('',*,*,#778,.F.);
#489=ORIENTED_EDGE('',*,*,#741,.T.);
#490=ORIENTED_EDGE('',*,*,#746,.T.);
#491=ORIENTED_EDGE('',*,*,#745,.T.);
#492=ORIENTED_EDGE('',*,*,#743,.T.);
#493=ORIENTED_EDGE('',*,*,#749,.T.);
#494=ORIENTED_EDGE('',*,*,#758,.T.);
#495=ORIENTED_EDGE('',*,*,#755,.T.);
#496=ORIENTED_EDGE('',*,*,#752,.T.);
#497=ORIENTED_EDGE('',*,*,#760,.T.);
#498=ORIENTED_EDGE('',*,*,#826,.T.);
#499=ORIENTED_EDGE('',*,*,#791,.F.);
#500=ORIENTED_EDGE('',*,*,#811,.T.);
#501=ORIENTED_EDGE('',*,*,#810,.T.);
#502=ORIENTED_EDGE('',*,*,#809,.T.);
#503=ORIENTED_EDGE('',*,*,#808,.T.);
#504=ORIENTED_EDGE('',*,*,#807,.T.);
#505=ORIENTED_EDGE('',*,*,#806,.T.);
#506=ORIENTED_EDGE('',*,*,#813,.T.);
#507=ORIENTED_EDGE('',*,*,#812,.T.);
#508=ORIENTED_EDGE('',*,*,#826,.F.);
#509=ORIENTED_EDGE('',*,*,#759,.T.);
#510=ORIENTED_EDGE('',*,*,#763,.T.);
#511=ORIENTED_EDGE('',*,*,#761,.F.);
#512=ORIENTED_EDGE('',*,*,#764,.T.);
#513=ORIENTED_EDGE('',*,*,#792,.F.);
#514=ORIENTED_EDGE('',*,*,#699,.F.);
#515=ORIENTED_EDGE('',*,*,#724,.T.);
#516=ORIENTED_EDGE('',*,*,#641,.T.);
#517=ORIENTED_EDGE('',*,*,#626,.F.);
#518=ORIENTED_EDGE('',*,*,#644,.T.);
#519=ORIENTED_EDGE('',*,*,#632,.T.);
#520=ORIENTED_EDGE('',*,*,#636,.T.);
#521=ORIENTED_EDGE('',*,*,#620,.F.);
#522=ORIENTED_EDGE('',*,*,#639,.T.);
#523=ORIENTED_EDGE('',*,*,#646,.T.);
#524=ORIENTED_EDGE('',*,*,#827,.F.);
#525=ORIENTED_EDGE('',*,*,#828,.F.);
#526=ORIENTED_EDGE('',*,*,#829,.T.);
#527=ORIENTED_EDGE('',*,*,#830,.T.);
#528=ORIENTED_EDGE('',*,*,#831,.T.);
#529=ORIENTED_EDGE('',*,*,#832,.T.);
#530=ORIENTED_EDGE('',*,*,#833,.T.);
#531=ORIENTED_EDGE('',*,*,#834,.T.);
#532=ORIENTED_EDGE('',*,*,#835,.T.);
#533=ORIENTED_EDGE('',*,*,#836,.T.);
#534=ORIENTED_EDGE('',*,*,#837,.T.);
#535=ORIENTED_EDGE('',*,*,#838,.T.);
#536=ORIENTED_EDGE('',*,*,#839,.T.);
#537=ORIENTED_EDGE('',*,*,#840,.T.);
#538=ORIENTED_EDGE('',*,*,#841,.F.);
#539=ORIENTED_EDGE('',*,*,#842,.F.);
#540=ORIENTED_EDGE('',*,*,#843,.F.);
#541=ORIENTED_EDGE('',*,*,#844,.F.);
#542=ORIENTED_EDGE('',*,*,#845,.F.);
#543=ORIENTED_EDGE('',*,*,#846,.F.);
#544=ORIENTED_EDGE('',*,*,#847,.T.);
#545=ORIENTED_EDGE('',*,*,#848,.T.);
#546=ORIENTED_EDGE('',*,*,#849,.T.);
#547=ORIENTED_EDGE('',*,*,#850,.T.);
#548=ORIENTED_EDGE('',*,*,#851,.T.);
#549=ORIENTED_EDGE('',*,*,#852,.T.);
#550=ORIENTED_EDGE('',*,*,#853,.T.);
#551=ORIENTED_EDGE('',*,*,#854,.T.);
#552=ORIENTED_EDGE('',*,*,#855,.T.);
#553=ORIENTED_EDGE('',*,*,#856,.T.);
#554=ORIENTED_EDGE('',*,*,#857,.T.);
#555=ORIENTED_EDGE('',*,*,#858,.T.);
#556=ORIENTED_EDGE('',*,*,#804,.T.);
#557=ORIENTED_EDGE('',*,*,#815,.T.);
#558=ORIENTED_EDGE('',*,*,#781,.T.);
#559=ORIENTED_EDGE('',*,*,#824,.T.);
#560=ORIENTED_EDGE('',*,*,#776,.T.);
#561=ORIENTED_EDGE('',*,*,#821,.T.);
#562=ORIENTED_EDGE('',*,*,#787,.T.);
#563=ORIENTED_EDGE('',*,*,#818,.T.);
#564=ORIENTED_EDGE('',*,*,#830,.F.);
#565=ORIENTED_EDGE('',*,*,#859,.T.);
#566=ORIENTED_EDGE('',*,*,#858,.F.);
#567=ORIENTED_EDGE('',*,*,#860,.F.);
#568=ORIENTED_EDGE('',*,*,#831,.F.);
#569=ORIENTED_EDGE('',*,*,#860,.T.);
#570=ORIENTED_EDGE('',*,*,#857,.F.);
#571=ORIENTED_EDGE('',*,*,#861,.F.);
#572=ORIENTED_EDGE('',*,*,#832,.F.);
#573=ORIENTED_EDGE('',*,*,#861,.T.);
#574=ORIENTED_EDGE('',*,*,#856,.F.);
#575=ORIENTED_EDGE('',*,*,#862,.F.);
#576=ORIENTED_EDGE('',*,*,#833,.F.);
#577=ORIENTED_EDGE('',*,*,#862,.T.);
#578=ORIENTED_EDGE('',*,*,#855,.F.);
#579=ORIENTED_EDGE('',*,*,#863,.F.);
#580=ORIENTED_EDGE('',*,*,#834,.F.);
#581=ORIENTED_EDGE('',*,*,#863,.T.);
#582=ORIENTED_EDGE('',*,*,#854,.F.);
#583=ORIENTED_EDGE('',*,*,#864,.F.);
#584=ORIENTED_EDGE('',*,*,#835,.F.);
#585=ORIENTED_EDGE('',*,*,#864,.T.);
#586=ORIENTED_EDGE('',*,*,#853,.F.);
#587=ORIENTED_EDGE('',*,*,#865,.F.);
#588=ORIENTED_EDGE('',*,*,#836,.F.);
#589=ORIENTED_EDGE('',*,*,#865,.T.);
#590=ORIENTED_EDGE('',*,*,#852,.F.);
#591=ORIENTED_EDGE('',*,*,#866,.F.);
#592=ORIENTED_EDGE('',*,*,#837,.F.);
#593=ORIENTED_EDGE('',*,*,#866,.T.);
#594=ORIENTED_EDGE('',*,*,#851,.F.);
#595=ORIENTED_EDGE('',*,*,#867,.F.);
#596=ORIENTED_EDGE('',*,*,#838,.F.);
#597=ORIENTED_EDGE('',*,*,#867,.T.);
#598=ORIENTED_EDGE('',*,*,#850,.F.);
#599=ORIENTED_EDGE('',*,*,#868,.F.);
#600=ORIENTED_EDGE('',*,*,#839,.F.);
#601=ORIENTED_EDGE('',*,*,#868,.T.);
#602=ORIENTED_EDGE('',*,*,#849,.F.);
#603=ORIENTED_EDGE('',*,*,#869,.F.);
#604=ORIENTED_EDGE('',*,*,#840,.F.);
#605=ORIENTED_EDGE('',*,*,#869,.T.);
#606=ORIENTED_EDGE('',*,*,#848,.F.);
#607=ORIENTED_EDGE('',*,*,#870,.F.);
#608=ORIENTED_EDGE('',*,*,#829,.F.);
#609=ORIENTED_EDGE('',*,*,#870,.T.);
#610=ORIENTED_EDGE('',*,*,#847,.F.);
#611=ORIENTED_EDGE('',*,*,#859,.F.);
#612=ORIENTED_EDGE('',*,*,#842,.T.);
#613=ORIENTED_EDGE('',*,*,#846,.T.);
#614=ORIENTED_EDGE('',*,*,#827,.T.);
#615=ORIENTED_EDGE('',*,*,#845,.T.);
#616=ORIENTED_EDGE('',*,*,#841,.T.);
#617=ORIENTED_EDGE('',*,*,#844,.T.);
#618=ORIENTED_EDGE('',*,*,#828,.T.);
#619=ORIENTED_EDGE('',*,*,#843,.T.);
#620=EDGE_CURVE('',#871,#872,#1046,.T.);
#621=EDGE_CURVE('',#873,#872,#1047,.T.);
#622=EDGE_CURVE('',#874,#873,#1048,.T.);
#623=EDGE_CURVE('',#874,#875,#1049,.T.);
#624=EDGE_CURVE('',#876,#875,#1050,.T.);
#625=EDGE_CURVE('',#876,#871,#1051,.T.);
#626=EDGE_CURVE('',#877,#878,#1052,.T.);
#627=EDGE_CURVE('',#879,#878,#1053,.T.);
#628=EDGE_CURVE('',#880,#879,#1054,.T.);
#629=EDGE_CURVE('',#881,#880,#1055,.T.);
#630=EDGE_CURVE('',#882,#881,#1056,.T.);
#631=EDGE_CURVE('',#882,#877,#1057,.T.);
#632=EDGE_CURVE('',#883,#884,#1058,.T.);
#633=EDGE_CURVE('',#885,#883,#1059,.T.);
#634=EDGE_CURVE('',#886,#885,#1060,.T.);
#635=EDGE_CURVE('',#886,#884,#1061,.T.);
#636=EDGE_CURVE('',#884,#872,#26,.T.);
#637=EDGE_CURVE('',#886,#873,#27,.T.);
#638=EDGE_CURVE('',#887,#888,#1062,.T.);
#639=EDGE_CURVE('',#871,#888,#28,.T.);
#640=EDGE_CURVE('',#887,#876,#29,.T.);
#641=EDGE_CURVE('',#889,#878,#30,.T.);
#642=EDGE_CURVE('',#890,#889,#1063,.T.);
#643=EDGE_CURVE('',#879,#890,#31,.T.);
#644=EDGE_CURVE('',#877,#883,#32,.T.);
#645=EDGE_CURVE('',#882,#885,#33,.T.);
#646=EDGE_CURVE('',#888,#889,#1064,.T.);
#647=EDGE_CURVE('',#891,#887,#1065,.T.);
#648=EDGE_CURVE('',#892,#891,#1066,.T.);
#649=EDGE_CURVE('',#893,#892,#1067,.T.);
#650=EDGE_CURVE('',#894,#893,#1068,.T.);
#651=EDGE_CURVE('',#890,#894,#1069,.T.);
#652=EDGE_CURVE('',#895,#896,#1070,.T.);
#653=EDGE_CURVE('',#895,#897,#1071,.T.);
#654=EDGE_CURVE('',#897,#898,#1072,.T.);
#655=EDGE_CURVE('',#898,#896,#1073,.T.);
#656=EDGE_CURVE('',#899,#900,#1074,.T.);
#657=EDGE_CURVE('',#899,#901,#1075,.T.);
#658=EDGE_CURVE('',#902,#901,#1076,.T.);
#659=EDGE_CURVE('',#902,#900,#1077,.T.);
#660=EDGE_CURVE('',#897,#902,#1078,.T.);
#661=EDGE_CURVE('',#901,#898,#1079,.T.);
#662=EDGE_CURVE('',#896,#899,#34,.T.);
#663=EDGE_CURVE('',#903,#904,#1080,.T.);
#664=EDGE_CURVE('',#903,#905,#1081,.T.);
#665=EDGE_CURVE('',#905,#906,#1082,.T.);
#666=EDGE_CURVE('',#906,#904,#1083,.T.);
#667=EDGE_CURVE('',#907,#908,#1084,.T.);
#668=EDGE_CURVE('',#907,#903,#1085,.T.);
#669=EDGE_CURVE('',#904,#908,#1086,.T.);
#670=EDGE_CURVE('',#909,#910,#1087,.T.);
#671=EDGE_CURVE('',#909,#906,#1088,.T.);
#672=EDGE_CURVE('',#905,#910,#1089,.T.);
#673=EDGE_CURVE('',#908,#909,#35,.T.);
#674=EDGE_CURVE('',#911,#912,#1090,.T.);
#675=EDGE_CURVE('',#911,#913,#1091,.T.);
#676=EDGE_CURVE('',#913,#914,#1092,.T.);
#677=EDGE_CURVE('',#914,#912,#1093,.T.);
#678=EDGE_CURVE('',#915,#916,#1094,.T.);
#679=EDGE_CURVE('',#915,#917,#1095,.T.);
#680=EDGE_CURVE('',#918,#917,#1096,.T.);
#681=EDGE_CURVE('',#918,#916,#1097,.T.);
#682=EDGE_CURVE('',#913,#918,#1098,.T.);
#683=EDGE_CURVE('',#917,#914,#1099,.T.);
#684=EDGE_CURVE('',#912,#915,#36,.T.);
#685=EDGE_CURVE('',#919,#920,#1100,.T.);
#686=EDGE_CURVE('',#919,#921,#1101,.T.);
#687=EDGE_CURVE('',#921,#922,#1102,.T.);
#688=EDGE_CURVE('',#922,#920,#1103,.T.);
#689=EDGE_CURVE('',#923,#924,#1104,.T.);
#690=EDGE_CURVE('',#923,#919,#1105,.T.);
#691=EDGE_CURVE('',#920,#924,#1106,.T.);
#692=EDGE_CURVE('',#925,#926,#1107,.T.);
#693=EDGE_CURVE('',#925,#922,#1108,.T.);
#694=EDGE_CURVE('',#921,#926,#1109,.T.);
#695=EDGE_CURVE('',#924,#925,#37,.T.);
#696=EDGE_CURVE('',#927,#928,#1110,.T.);
#697=EDGE_CURVE('',#928,#893,#1111,.T.);
#698=EDGE_CURVE('',#892,#927,#1112,.T.);
#699=EDGE_CURVE('',#929,#929,#38,.T.);
#700=EDGE_CURVE('',#930,#931,#1113,.T.);
#701=EDGE_CURVE('',#932,#931,#1114,.T.);
#702=EDGE_CURVE('',#933,#932,#1115,.T.);
#703=EDGE_CURVE('',#933,#930,#1116,.T.);
#704=EDGE_CURVE('',#934,#930,#39,.T.);
#705=EDGE_CURVE('',#935,#933,#40,.T.);
#706=EDGE_CURVE('',#935,#934,#1117,.T.);
#707=EDGE_CURVE('',#936,#934,#1118,.T.);
#708=EDGE_CURVE('',#937,#935,#1119,.T.);
#709=EDGE_CURVE('',#937,#936,#1120,.T.);
#710=EDGE_CURVE('',#938,#936,#41,.T.);
#711=EDGE_CURVE('',#939,#937,#42,.T.);
#712=EDGE_CURVE('',#939,#938,#1121,.T.);
#713=EDGE_CURVE('',#940,#938,#1122,.T.);
#714=EDGE_CURVE('',#941,#939,#1123,.T.);
#715=EDGE_CURVE('',#941,#940,#1124,.T.);
#716=EDGE_CURVE('',#942,#940,#43,.T.);
#717=EDGE_CURVE('',#943,#941,#44,.T.);
#718=EDGE_CURVE('',#943,#942,#1125,.T.);
#719=EDGE_CURVE('',#944,#942,#1126,.T.);
#720=EDGE_CURVE('',#945,#943,#1127,.T.);
#721=EDGE_CURVE('',#945,#944,#1128,.T.);
#722=EDGE_CURVE('',#931,#944,#45,.T.);
#723=EDGE_CURVE('',#932,#945,#46,.T.);
#724=EDGE_CURVE('',#946,#946,#47,.T.);
#725=EDGE_CURVE('',#947,#948,#1129,.T.);
#726=EDGE_CURVE('',#949,#947,#48,.T.);
#727=EDGE_CURVE('',#950,#949,#1130,.T.);
#728=EDGE_CURVE('',#948,#950,#49,.T.);
#729=EDGE_CURVE('',#951,#928,#1131,.T.);
#730=EDGE_CURVE('',#952,#951,#1132,.T.);
#731=EDGE_CURVE('',#953,#952,#1133,.T.);
#732=EDGE_CURVE('',#953,#894,#1134,.T.);
#733=EDGE_CURVE('',#954,#953,#1135,.T.);
#734=EDGE_CURVE('',#955,#952,#1136,.T.);
#735=EDGE_CURVE('',#954,#955,#1137,.T.);
#736=EDGE_CURVE('',#891,#954,#1138,.T.);
#737=EDGE_CURVE('',#956,#955,#1139,.T.);
#738=EDGE_CURVE('',#927,#956,#1140,.T.);
#739=EDGE_CURVE('',#950,#957,#1141,.T.);
#740=EDGE_CURVE('',#949,#958,#1142,.T.);
#741=EDGE_CURVE('',#957,#958,#1143,.T.);
#742=EDGE_CURVE('',#948,#959,#1144,.T.);
#743=EDGE_CURVE('',#959,#957,#50,.T.);
#744=EDGE_CURVE('',#947,#960,#1145,.T.);
#745=EDGE_CURVE('',#960,#959,#1146,.T.);
#746=EDGE_CURVE('',#958,#960,#51,.T.);
#747=EDGE_CURVE('',#961,#962,#1147,.T.);
#748=EDGE_CURVE('',#962,#963,#1148,.T.);
#749=EDGE_CURVE('',#964,#963,#1149,.T.);
#750=EDGE_CURVE('',#961,#964,#1150,.T.);
#751=EDGE_CURVE('',#965,#961,#1151,.T.);
#752=EDGE_CURVE('',#966,#964,#1152,.T.);
#753=EDGE_CURVE('',#965,#966,#1153,.T.);
#754=EDGE_CURVE('',#967,#965,#1154,.T.);
#755=EDGE_CURVE('',#968,#966,#1155,.T.);
#756=EDGE_CURVE('',#967,#968,#1156,.T.);
#757=EDGE_CURVE('',#962,#967,#1157,.T.);
#758=EDGE_CURVE('',#963,#968,#1158,.T.);
#759=EDGE_CURVE('',#969,#970,#12,.F.);
#760=EDGE_CURVE('',#971,#969,#13,.T.);
#761=EDGE_CURVE('',#971,#972,#14,.T.);
#762=EDGE_CURVE('',#972,#970,#15,.T.);
#763=EDGE_CURVE('',#970,#972,#16,.T.);
#764=EDGE_CURVE('',#973,#973,#52,.T.);
#765=EDGE_CURVE('',#974,#975,#53,.T.);
#766=EDGE_CURVE('',#976,#975,#1159,.T.);
#767=EDGE_CURVE('',#977,#976,#54,.T.);
#768=EDGE_CURVE('',#977,#974,#1160,.T.);
#769=EDGE_CURVE('',#978,#975,#1161,.T.);
#770=EDGE_CURVE('',#979,#978,#1162,.T.);
#771=EDGE_CURVE('',#979,#976,#1163,.T.);
#772=EDGE_CURVE('',#978,#980,#55,.T.);
#773=EDGE_CURVE('',#981,#980,#1164,.T.);
#774=EDGE_CURVE('',#979,#981,#56,.T.);
#775=EDGE_CURVE('',#982,#983,#1165,.T.);
#776=EDGE_CURVE('',#984,#983,#1166,.T.);
#777=EDGE_CURVE('',#985,#984,#1167,.T.);
#778=EDGE_CURVE('',#985,#982,#1168,.T.);
#779=EDGE_CURVE('',#986,#987,#1169,.T.);
#780=EDGE_CURVE('',#988,#987,#1170,.T.);
#781=EDGE_CURVE('',#989,#988,#1171,.T.);
#782=EDGE_CURVE('',#989,#990,#1172,.T.);
#783=EDGE_CURVE('',#991,#990,#1173,.T.);
#784=EDGE_CURVE('',#991,#974,#1174,.T.);
#785=EDGE_CURVE('',#977,#986,#1175,.T.);
#786=EDGE_CURVE('',#992,#993,#1176,.T.);
#787=EDGE_CURVE('',#994,#993,#1177,.T.);
#788=EDGE_CURVE('',#995,#994,#1178,.T.);
#789=EDGE_CURVE('',#995,#981,#1179,.T.);
#790=EDGE_CURVE('',#980,#992,#1180,.T.);
#791=EDGE_CURVE('',#996,#996,#17,.T.);
#792=EDGE_CURVE('',#997,#997,#57,.T.);
#793=EDGE_CURVE('',#875,#998,#58,.T.);
#794=EDGE_CURVE('',#874,#999,#59,.T.);
#795=EDGE_CURVE('',#999,#998,#1181,.T.);
#796=EDGE_CURVE('',#1000,#998,#1182,.T.);
#797=EDGE_CURVE('',#1001,#999,#1183,.T.);
#798=EDGE_CURVE('',#1001,#1000,#1184,.T.);
#799=EDGE_CURVE('',#1000,#880,#60,.T.);
#800=EDGE_CURVE('',#1001,#881,#61,.T.);
#801=EDGE_CURVE('',#1002,#951,#1185,.T.);
#802=EDGE_CURVE('',#956,#1003,#1186,.T.);
#803=EDGE_CURVE('',#1003,#1004,#1187,.T.);
#804=EDGE_CURVE('',#1005,#1004,#1188,.T.);
#805=EDGE_CURVE('',#1002,#1005,#1189,.T.);
#806=EDGE_CURVE('',#1006,#1007,#18,.T.);
#807=EDGE_CURVE('',#1008,#1006,#1190,.T.);
#808=EDGE_CURVE('',#1009,#1008,#19,.T.);
#809=EDGE_CURVE('',#1010,#1009,#1191,.T.);
#810=EDGE_CURVE('',#1011,#1010,#20,.T.);
#811=EDGE_CURVE('',#1012,#1011,#1192,.T.);
#812=EDGE_CURVE('',#1013,#1012,#21,.T.);
#813=EDGE_CURVE('',#1007,#1013,#1193,.T.);
#814=EDGE_CURVE('',#926,#991,#62,.T.);
#815=EDGE_CURVE('',#1004,#989,#63,.T.);
#816=EDGE_CURVE('',#1003,#923,#64,.T.);
#817=EDGE_CURVE('',#916,#1002,#65,.T.);
#818=EDGE_CURVE('',#993,#1005,#66,.T.);
#819=EDGE_CURVE('',#992,#911,#67,.T.);
#820=EDGE_CURVE('',#995,#910,#68,.T.);
#821=EDGE_CURVE('',#983,#994,#69,.T.);
#822=EDGE_CURVE('',#907,#982,#70,.T.);
#823=EDGE_CURVE('',#985,#900,#71,.T.);
#824=EDGE_CURVE('',#988,#984,#72,.T.);
#825=EDGE_CURVE('',#895,#986,#73,.T.);
#826=EDGE_CURVE('',#969,#971,#22,.T.);
#827=EDGE_CURVE('',#1014,#1014,#74,.F.);
#828=EDGE_CURVE('',#1015,#1015,#75,.F.);
#829=EDGE_CURVE('',#1016,#1017,#76,.F.);
#830=EDGE_CURVE('',#1017,#1018,#1194,.T.);
#831=EDGE_CURVE('',#1018,#1019,#77,.F.);
#832=EDGE_CURVE('',#1019,#1020,#1195,.T.);
#833=EDGE_CURVE('',#1020,#1021,#1196,.T.);
#834=EDGE_CURVE('',#1021,#1022,#1197,.T.);
#835=EDGE_CURVE('',#1022,#1023,#78,.F.);
#836=EDGE_CURVE('',#1023,#1024,#1198,.T.);
#837=EDGE_CURVE('',#1024,#1025,#79,.F.);
#838=EDGE_CURVE('',#1025,#1026,#1199,.T.);
#839=EDGE_CURVE('',#1026,#1027,#1200,.T.);
#840=EDGE_CURVE('',#1027,#1016,#1201,.T.);
#841=EDGE_CURVE('',#1028,#1028,#80,.F.);
#842=EDGE_CURVE('',#1029,#1029,#81,.F.);
#843=EDGE_CURVE('',#1030,#1030,#82,.T.);
#844=EDGE_CURVE('',#1031,#1031,#83,.T.);
#845=EDGE_CURVE('',#1032,#1032,#84,.T.);
#846=EDGE_CURVE('',#1033,#1033,#85,.T.);
#847=EDGE_CURVE('',#1034,#1035,#86,.T.);
#848=EDGE_CURVE('',#1035,#1036,#1202,.T.);
#849=EDGE_CURVE('',#1036,#1037,#1203,.T.);
#850=EDGE_CURVE('',#1037,#1038,#1204,.T.);
#851=EDGE_CURVE('',#1038,#1039,#87,.T.);
#852=EDGE_CURVE('',#1039,#1040,#1205,.T.);
#853=EDGE_CURVE('',#1040,#1041,#88,.T.);
#854=EDGE_CURVE('',#1041,#1042,#1206,.T.);
#855=EDGE_CURVE('',#1042,#1043,#1207,.T.);
#856=EDGE_CURVE('',#1043,#1044,#1208,.T.);
#857=EDGE_CURVE('',#1044,#1045,#89,.T.);
#858=EDGE_CURVE('',#1045,#1034,#1209,.T.);
#859=EDGE_CURVE('',#1017,#1034,#1210,.T.);
#860=EDGE_CURVE('',#1018,#1045,#1211,.T.);
#861=EDGE_CURVE('',#1019,#1044,#1212,.T.);
#862=EDGE_CURVE('',#1020,#1043,#1213,.T.);
#863=EDGE_CURVE('',#1021,#1042,#1214,.T.);
#864=EDGE_CURVE('',#1022,#1041,#1215,.T.);
#865=EDGE_CURVE('',#1023,#1040,#1216,.T.);
#866=EDGE_CURVE('',#1024,#1039,#1217,.T.);
#867=EDGE_CURVE('',#1025,#1038,#1218,.T.);
#868=EDGE_CURVE('',#1026,#1037,#1219,.T.);
#869=EDGE_CURVE('',#1027,#1036,#1220,.T.);
#870=EDGE_CURVE('',#1016,#1035,#1221,.T.);
#871=VERTEX_POINT('',#2421);
#872=VERTEX_POINT('',#2422);
#873=VERTEX_POINT('',#2424);
#874=VERTEX_POINT('',#2426);
#875=VERTEX_POINT('',#2428);
#876=VERTEX_POINT('',#2430);
#877=VERTEX_POINT('',#2434);
#878=VERTEX_POINT('',#2435);
#879=VERTEX_POINT('',#2437);
#880=VERTEX_POINT('',#2439);
#881=VERTEX_POINT('',#2441);
#882=VERTEX_POINT('',#2443);
#883=VERTEX_POINT('',#2447);
#884=VERTEX_POINT('',#2448);
#885=VERTEX_POINT('',#2450);
#886=VERTEX_POINT('',#2452);
#887=VERTEX_POINT('',#2459);
#888=VERTEX_POINT('',#2460);
#889=VERTEX_POINT('',#2465);
#890=VERTEX_POINT('',#2467);
#891=VERTEX_POINT('',#2475);
#892=VERTEX_POINT('',#2477);
#893=VERTEX_POINT('',#2479);
#894=VERTEX_POINT('',#2481);
#895=VERTEX_POINT('',#2485);
#896=VERTEX_POINT('',#2486);
#897=VERTEX_POINT('',#2488);
#898=VERTEX_POINT('',#2490);
#899=VERTEX_POINT('',#2494);
#900=VERTEX_POINT('',#2495);
#901=VERTEX_POINT('',#2497);
#902=VERTEX_POINT('',#2499);
#903=VERTEX_POINT('',#2508);
#904=VERTEX_POINT('',#2509);
#905=VERTEX_POINT('',#2511);
#906=VERTEX_POINT('',#2513);
#907=VERTEX_POINT('',#2517);
#908=VERTEX_POINT('',#2518);
#909=VERTEX_POINT('',#2523);
#910=VERTEX_POINT('',#2524);
#911=VERTEX_POINT('',#2531);
#912=VERTEX_POINT('',#2532);
#913=VERTEX_POINT('',#2534);
#914=VERTEX_POINT('',#2536);
#915=VERTEX_POINT('',#2540);
#916=VERTEX_POINT('',#2541);
#917=VERTEX_POINT('',#2543);
#918=VERTEX_POINT('',#2545);
#919=VERTEX_POINT('',#2554);
#920=VERTEX_POINT('',#2555);
#921=VERTEX_POINT('',#2557);
#922=VERTEX_POINT('',#2559);
#923=VERTEX_POINT('',#2563);
#924=VERTEX_POINT('',#2564);
#925=VERTEX_POINT('',#2569);
#926=VERTEX_POINT('',#2570);
#927=VERTEX_POINT('',#2577);
#928=VERTEX_POINT('',#2578);
#929=VERTEX_POINT('',#2583);
#930=VERTEX_POINT('',#2586);
#931=VERTEX_POINT('',#2587);
#932=VERTEX_POINT('',#2589);
#933=VERTEX_POINT('',#2591);
#934=VERTEX_POINT('',#2595);
#935=VERTEX_POINT('',#2597);
#936=VERTEX_POINT('',#2601);
#937=VERTEX_POINT('',#2603);
#938=VERTEX_POINT('',#2607);
#939=VERTEX_POINT('',#2609);
#940=VERTEX_POINT('',#2613);
#941=VERTEX_POINT('',#2615);
#942=VERTEX_POINT('',#2619);
#943=VERTEX_POINT('',#2621);
#944=VERTEX_POINT('',#2625);
#945=VERTEX_POINT('',#2627);
#946=VERTEX_POINT('',#2634);
#947=VERTEX_POINT('',#2636);
#948=VERTEX_POINT('',#2637);
#949=VERTEX_POINT('',#2639);
#950=VERTEX_POINT('',#2641);
#951=VERTEX_POINT('',#2645);
#952=VERTEX_POINT('',#2647);
#953=VERTEX_POINT('',#2649);
#954=VERTEX_POINT('',#2653);
#955=VERTEX_POINT('',#2655);
#956=VERTEX_POINT('',#2660);
#957=VERTEX_POINT('',#2664);
#958=VERTEX_POINT('',#2666);
#959=VERTEX_POINT('',#2670);
#960=VERTEX_POINT('',#2674);
#961=VERTEX_POINT('',#2680);
#962=VERTEX_POINT('',#2681);
#963=VERTEX_POINT('',#2683);
#964=VERTEX_POINT('',#2685);
#965=VERTEX_POINT('',#2689);
#966=VERTEX_POINT('',#2691);
#967=VERTEX_POINT('',#2695);
#968=VERTEX_POINT('',#2697);
#969=VERTEX_POINT('',#3826);
#970=VERTEX_POINT('',#3827);
#971=VERTEX_POINT('',#3845);
#972=VERTEX_POINT('',#3850);
#973=VERTEX_POINT('',#3875);
#974=VERTEX_POINT('',#3878);
#975=VERTEX_POINT('',#3879);
#976=VERTEX_POINT('',#3881);
#977=VERTEX_POINT('',#3883);
#978=VERTEX_POINT('',#3887);
#979=VERTEX_POINT('',#3889);
#980=VERTEX_POINT('',#3893);
#981=VERTEX_POINT('',#3895);
#982=VERTEX_POINT('',#3899);
#983=VERTEX_POINT('',#3900);
#984=VERTEX_POINT('',#3902);
#985=VERTEX_POINT('',#3904);
#986=VERTEX_POINT('',#3908);
#987=VERTEX_POINT('',#3909);
#988=VERTEX_POINT('',#3911);
#989=VERTEX_POINT('',#3913);
#990=VERTEX_POINT('',#3915);
#991=VERTEX_POINT('',#3917);
#992=VERTEX_POINT('',#3922);
#993=VERTEX_POINT('',#3923);
#994=VERTEX_POINT('',#3925);
#995=VERTEX_POINT('',#3927);
#996=VERTEX_POINT('',#3942);
#997=VERTEX_POINT('',#3944);
#998=VERTEX_POINT('',#3947);
#999=VERTEX_POINT('',#3949);
#1000=VERTEX_POINT('',#3953);
#1001=VERTEX_POINT('',#3955);
#1002=VERTEX_POINT('',#3962);
#1003=VERTEX_POINT('',#3964);
#1004=VERTEX_POINT('',#3966);
#1005=VERTEX_POINT('',#3968);
#1006=VERTEX_POINT('',#3976);
#1007=VERTEX_POINT('',#3977);
#1008=VERTEX_POINT('',#3979);
#1009=VERTEX_POINT('',#3985);
#1010=VERTEX_POINT('',#3987);
#1011=VERTEX_POINT('',#3993);
#1012=VERTEX_POINT('',#3995);
#1013=VERTEX_POINT('',#4001);
#1014=VERTEX_POINT('',#5469);
#1015=VERTEX_POINT('',#5471);
#1016=VERTEX_POINT('',#5473);
#1017=VERTEX_POINT('',#5474);
#1018=VERTEX_POINT('',#5476);
#1019=VERTEX_POINT('',#5478);
#1020=VERTEX_POINT('',#5480);
#1021=VERTEX_POINT('',#5482);
#1022=VERTEX_POINT('',#5484);
#1023=VERTEX_POINT('',#5486);
#1024=VERTEX_POINT('',#5488);
#1025=VERTEX_POINT('',#5490);
#1026=VERTEX_POINT('',#5492);
#1027=VERTEX_POINT('',#5494);
#1028=VERTEX_POINT('',#5497);
#1029=VERTEX_POINT('',#5499);
#1030=VERTEX_POINT('',#5502);
#1031=VERTEX_POINT('',#5504);
#1032=VERTEX_POINT('',#5506);
#1033=VERTEX_POINT('',#5508);
#1034=VERTEX_POINT('',#5510);
#1035=VERTEX_POINT('',#5511);
#1036=VERTEX_POINT('',#5513);
#1037=VERTEX_POINT('',#5515);
#1038=VERTEX_POINT('',#5517);
#1039=VERTEX_POINT('',#5519);
#1040=VERTEX_POINT('',#5521);
#1041=VERTEX_POINT('',#5523);
#1042=VERTEX_POINT('',#5525);
#1043=VERTEX_POINT('',#5527);
#1044=VERTEX_POINT('',#5529);
#1045=VERTEX_POINT('',#5531);
#1046=LINE('',#2420,#1222);
#1047=LINE('',#2423,#1223);
#1048=LINE('',#2425,#1224);
#1049=LINE('',#2427,#1225);
#1050=LINE('',#2429,#1226);
#1051=LINE('',#2431,#1227);
#1052=LINE('',#2433,#1228);
#1053=LINE('',#2436,#1229);
#1054=LINE('',#2438,#1230);
#1055=LINE('',#2440,#1231);
#1056=LINE('',#2442,#1232);
#1057=LINE('',#2444,#1233);
#1058=LINE('',#2446,#1234);
#1059=LINE('',#2449,#1235);
#1060=LINE('',#2451,#1236);
#1061=LINE('',#2453,#1237);
#1062=LINE('',#2458,#1238);
#1063=LINE('',#2466,#1239);
#1064=LINE('',#2473,#1240);
#1065=LINE('',#2474,#1241);
#1066=LINE('',#2476,#1242);
#1067=LINE('',#2478,#1243);
#1068=LINE('',#2480,#1244);
#1069=LINE('',#2482,#1245);
#1070=LINE('',#2484,#1246);
#1071=LINE('',#2487,#1247);
#1072=LINE('',#2489,#1248);
#1073=LINE('',#2491,#1249);
#1074=LINE('',#2493,#1250);
#1075=LINE('',#2496,#1251);
#1076=LINE('',#2498,#1252);
#1077=LINE('',#2500,#1253);
#1078=LINE('',#2502,#1254);
#1079=LINE('',#2503,#1255);
#1080=LINE('',#2507,#1256);
#1081=LINE('',#2510,#1257);
#1082=LINE('',#2512,#1258);
#1083=LINE('',#2514,#1259);
#1084=LINE('',#2516,#1260);
#1085=LINE('',#2519,#1261);
#1086=LINE('',#2520,#1262);
#1087=LINE('',#2522,#1263);
#1088=LINE('',#2525,#1264);
#1089=LINE('',#2526,#1265);
#1090=LINE('',#2530,#1266);
#1091=LINE('',#2533,#1267);
#1092=LINE('',#2535,#1268);
#1093=LINE('',#2537,#1269);
#1094=LINE('',#2539,#1270);
#1095=LINE('',#2542,#1271);
#1096=LINE('',#2544,#1272);
#1097=LINE('',#2546,#1273);
#1098=LINE('',#2548,#1274);
#1099=LINE('',#2549,#1275);
#1100=LINE('',#2553,#1276);
#1101=LINE('',#2556,#1277);
#1102=LINE('',#2558,#1278);
#1103=LINE('',#2560,#1279);
#1104=LINE('',#2562,#1280);
#1105=LINE('',#2565,#1281);
#1106=LINE('',#2566,#1282);
#1107=LINE('',#2568,#1283);
#1108=LINE('',#2571,#1284);
#1109=LINE('',#2572,#1285);
#1110=LINE('',#2576,#1286);
#1111=LINE('',#2579,#1287);
#1112=LINE('',#2580,#1288);
#1113=LINE('',#2585,#1289);
#1114=LINE('',#2588,#1290);
#1115=LINE('',#2590,#1291);
#1116=LINE('',#2592,#1292);
#1117=LINE('',#2598,#1293);
#1118=LINE('',#2600,#1294);
#1119=LINE('',#2602,#1295);
#1120=LINE('',#2604,#1296);
#1121=LINE('',#2610,#1297);
#1122=LINE('',#2612,#1298);
#1123=LINE('',#2614,#1299);
#1124=LINE('',#2616,#1300);
#1125=LINE('',#2622,#1301);
#1126=LINE('',#2624,#1302);
#1127=LINE('',#2626,#1303);
#1128=LINE('',#2628,#1304);
#1129=LINE('',#2635,#1305);
#1130=LINE('',#2640,#1306);
#1131=LINE('',#2644,#1307);
#1132=LINE('',#2646,#1308);
#1133=LINE('',#2648,#1309);
#1134=LINE('',#2650,#1310);
#1135=LINE('',#2652,#1311);
#1136=LINE('',#2654,#1312);
#1137=LINE('',#2656,#1313);
#1138=LINE('',#2658,#1314);
#1139=LINE('',#2659,#1315);
#1140=LINE('',#2661,#1316);
#1141=LINE('',#2663,#1317);
#1142=LINE('',#2665,#1318);
#1143=LINE('',#2667,#1319);
#1144=LINE('',#2669,#1320);
#1145=LINE('',#2673,#1321);
#1146=LINE('',#2675,#1322);
#1147=LINE('',#2679,#1323);
#1148=LINE('',#2682,#1324);
#1149=LINE('',#2684,#1325);
#1150=LINE('',#2686,#1326);
#1151=LINE('',#2688,#1327);
#1152=LINE('',#2690,#1328);
#1153=LINE('',#2692,#1329);
#1154=LINE('',#2694,#1330);
#1155=LINE('',#2696,#1331);
#1156=LINE('',#2698,#1332);
#1157=LINE('',#2700,#1333);
#1158=LINE('',#2701,#1334);
#1159=LINE('',#3880,#1335);
#1160=LINE('',#3884,#1336);
#1161=LINE('',#3886,#1337);
#1162=LINE('',#3888,#1338);
#1163=LINE('',#3890,#1339);
#1164=LINE('',#3894,#1340);
#1165=LINE('',#3898,#1341);
#1166=LINE('',#3901,#1342);
#1167=LINE('',#3903,#1343);
#1168=LINE('',#3905,#1344);
#1169=LINE('',#3907,#1345);
#1170=LINE('',#3910,#1346);
#1171=LINE('',#3912,#1347);
#1172=LINE('',#3914,#1348);
#1173=LINE('',#3916,#1349);
#1174=LINE('',#3918,#1350);
#1175=LINE('',#3919,#1351);
#1176=LINE('',#3921,#1352);
#1177=LINE('',#3924,#1353);
#1178=LINE('',#3926,#1354);
#1179=LINE('',#3928,#1355);
#1180=LINE('',#3929,#1356);
#1181=LINE('',#3950,#1357);
#1182=LINE('',#3952,#1358);
#1183=LINE('',#3954,#1359);
#1184=LINE('',#3956,#1360);
#1185=LINE('',#3961,#1361);
#1186=LINE('',#3963,#1362);
#1187=LINE('',#3965,#1363);
#1188=LINE('',#3967,#1364);
#1189=LINE('',#3969,#1365);
#1190=LINE('',#3978,#1366);
#1191=LINE('',#3986,#1367);
#1192=LINE('',#3994,#1368);
#1193=LINE('',#4002,#1369);
#1194=LINE('',#5475,#1370);
#1195=LINE('',#5479,#1371);
#1196=LINE('',#5481,#1372);
#1197=LINE('',#5483,#1373);
#1198=LINE('',#5487,#1374);
#1199=LINE('',#5491,#1375);
#1200=LINE('',#5493,#1376);
#1201=LINE('',#5495,#1377);
#1202=LINE('',#5512,#1378);
#1203=LINE('',#5514,#1379);
#1204=LINE('',#5516,#1380);
#1205=LINE('',#5520,#1381);
#1206=LINE('',#5524,#1382);
#1207=LINE('',#5526,#1383);
#1208=LINE('',#5528,#1384);
#1209=LINE('',#5532,#1385);
#1210=LINE('',#5534,#1386);
#1211=LINE('',#5535,#1387);
#1212=LINE('',#5537,#1388);
#1213=LINE('',#5539,#1389);
#1214=LINE('',#5541,#1390);
#1215=LINE('',#5543,#1391);
#1216=LINE('',#5545,#1392);
#1217=LINE('',#5547,#1393);
#1218=LINE('',#5549,#1394);
#1219=LINE('',#5551,#1395);
#1220=LINE('',#5553,#1396);
#1221=LINE('',#5555,#1397);
#1222=VECTOR('',#1944,1.);
#1223=VECTOR('',#1945,1.);
#1224=VECTOR('',#1946,1.);
#1225=VECTOR('',#1947,1.);
#1226=VECTOR('',#1948,1.);
#1227=VECTOR('',#1949,1.);
#1228=VECTOR('',#1952,1.);
#1229=VECTOR('',#1953,1.);
#1230=VECTOR('',#1954,1.);
#1231=VECTOR('',#1955,1.);
#1232=VECTOR('',#1956,1.);
#1233=VECTOR('',#1957,1.);
#1234=VECTOR('',#1960,1.);
#1235=VECTOR('',#1961,1.);
#1236=VECTOR('',#1962,1.);
#1237=VECTOR('',#1963,1.);
#1238=VECTOR('',#1972,1.);
#1239=VECTOR('',#1981,1.);
#1240=VECTOR('',#1992,1.);
#1241=VECTOR('',#1993,1.);
#1242=VECTOR('',#1994,1.);
#1243=VECTOR('',#1995,1.);
#1244=VECTOR('',#1996,1.);
#1245=VECTOR('',#1997,1.);
#1246=VECTOR('',#2000,1.);
#1247=VECTOR('',#2001,1.);
#1248=VECTOR('',#2002,1.);
#1249=VECTOR('',#2003,1.);
#1250=VECTOR('',#2006,1.);
#1251=VECTOR('',#2007,1.);
#1252=VECTOR('',#2008,1.);
#1253=VECTOR('',#2009,1.);
#1254=VECTOR('',#2012,1.);
#1255=VECTOR('',#2013,1.);
#1256=VECTOR('',#2020,1.);
#1257=VECTOR('',#2021,1.);
#1258=VECTOR('',#2022,1.);
#1259=VECTOR('',#2023,1.);
#1260=VECTOR('',#2026,1.);
#1261=VECTOR('',#2027,1.);
#1262=VECTOR('',#2028,1.);
#1263=VECTOR('',#2031,1.);
#1264=VECTOR('',#2032,1.);
#1265=VECTOR('',#2033,1.);
#1266=VECTOR('',#2040,1.);
#1267=VECTOR('',#2041,1.);
#1268=VECTOR('',#2042,1.);
#1269=VECTOR('',#2043,1.);
#1270=VECTOR('',#2046,1.);
#1271=VECTOR('',#2047,1.);
#1272=VECTOR('',#2048,1.);
#1273=VECTOR('',#2049,1.);
#1274=VECTOR('',#2052,1.);
#1275=VECTOR('',#2053,1.);
#1276=VECTOR('',#2060,1.);
#1277=VECTOR('',#2061,1.);
#1278=VECTOR('',#2062,1.);
#1279=VECTOR('',#2063,1.);
#1280=VECTOR('',#2066,1.);
#1281=VECTOR('',#2067,1.);
#1282=VECTOR('',#2068,1.);
#1283=VECTOR('',#2071,1.);
#1284=VECTOR('',#2072,1.);
#1285=VECTOR('',#2073,1.);
#1286=VECTOR('',#2080,1.);
#1287=VECTOR('',#2081,1.);
#1288=VECTOR('',#2082,1.);
#1289=VECTOR('',#2089,1.);
#1290=VECTOR('',#2090,1.);
#1291=VECTOR('',#2091,1.);
#1292=VECTOR('',#2092,1.);
#1293=VECTOR('',#2099,1.);
#1294=VECTOR('',#2102,1.);
#1295=VECTOR('',#2103,1.);
#1296=VECTOR('',#2104,1.);
#1297=VECTOR('',#2111,1.);
#1298=VECTOR('',#2114,1.);
#1299=VECTOR('',#2115,1.);
#1300=VECTOR('',#2116,1.);
#1301=VECTOR('',#2123,1.);
#1302=VECTOR('',#2126,1.);
#1303=VECTOR('',#2127,1.);
#1304=VECTOR('',#2128,1.);
#1305=VECTOR('',#2139,1.);
#1306=VECTOR('',#2142,1.);
#1307=VECTOR('',#2147,1.);
#1308=VECTOR('',#2148,1.);
#1309=VECTOR('',#2149,1.);
#1310=VECTOR('',#2150,1.);
#1311=VECTOR('',#2153,1.);
#1312=VECTOR('',#2154,1.);
#1313=VECTOR('',#2155,1.);
#1314=VECTOR('',#2158,1.);
#1315=VECTOR('',#2159,1.);
#1316=VECTOR('',#2160,1.);
#1317=VECTOR('',#2163,1.);
#1318=VECTOR('',#2164,1.);
#1319=VECTOR('',#2165,1.);
#1320=VECTOR('',#2168,1.);
#1321=VECTOR('',#2173,1.);
#1322=VECTOR('',#2174,1.);
#1323=VECTOR('',#2181,1.);
#1324=VECTOR('',#2182,1.);
#1325=VECTOR('',#2183,1.);
#1326=VECTOR('',#2184,1.);
#1327=VECTOR('',#2187,1.);
#1328=VECTOR('',#2188,1.);
#1329=VECTOR('',#2189,1.);
#1330=VECTOR('',#2192,1.);
#1331=VECTOR('',#2193,1.);
#1332=VECTOR('',#2194,1.);
#1333=VECTOR('',#2197,1.);
#1334=VECTOR('',#2198,1.);
#1335=VECTOR('',#2207,1.);
#1336=VECTOR('',#2210,1.);
#1337=VECTOR('',#2213,1.);
#1338=VECTOR('',#2214,1.);
#1339=VECTOR('',#2215,1.);
#1340=VECTOR('',#2220,1.);
#1341=VECTOR('',#2225,1.);
#1342=VECTOR('',#2226,1.);
#1343=VECTOR('',#2227,1.);
#1344=VECTOR('',#2228,1.);
#1345=VECTOR('',#2231,1.);
#1346=VECTOR('',#2232,1.);
#1347=VECTOR('',#2233,1.);
#1348=VECTOR('',#2234,1.);
#1349=VECTOR('',#2235,1.);
#1350=VECTOR('',#2236,1.);
#1351=VECTOR('',#2237,1.);
#1352=VECTOR('',#2240,1.);
#1353=VECTOR('',#2241,1.);
#1354=VECTOR('',#2242,1.);
#1355=VECTOR('',#2243,1.);
#1356=VECTOR('',#2244,1.);
#1357=VECTOR('',#2255,1.);
#1358=VECTOR('',#2258,1.);
#1359=VECTOR('',#2259,1.);
#1360=VECTOR('',#2260,1.);
#1361=VECTOR('',#2269,1.);
#1362=VECTOR('',#2270,1.);
#1363=VECTOR('',#2271,1.);
#1364=VECTOR('',#2272,1.);
#1365=VECTOR('',#2273,1.);
#1366=VECTOR('',#2276,1.);
#1367=VECTOR('',#2277,1.);
#1368=VECTOR('',#2278,1.);
#1369=VECTOR('',#2279,1.);
#1370=VECTOR('',#2330,1.);
#1371=VECTOR('',#2333,1.);
#1372=VECTOR('',#2334,1.);
#1373=VECTOR('',#2335,1.);
#1374=VECTOR('',#2338,1.);
#1375=VECTOR('',#2341,1.);
#1376=VECTOR('',#2342,1.);
#1377=VECTOR('',#2343,1.);
#1378=VECTOR('',#2360,1.);
#1379=VECTOR('',#2361,1.);
#1380=VECTOR('',#2362,1.);
#1381=VECTOR('',#2365,1.);
#1382=VECTOR('',#2368,1.);
#1383=VECTOR('',#2369,1.);
#1384=VECTOR('',#2370,1.);
#1385=VECTOR('',#2373,1.);
#1386=VECTOR('',#2376,1.);
#1387=VECTOR('',#2377,1.);
#1388=VECTOR('',#2380,1.);
#1389=VECTOR('',#2383,1.);
#1390=VECTOR('',#2386,1.);
#1391=VECTOR('',#2389,1.);
#1392=VECTOR('',#2392,1.);
#1393=VECTOR('',#2395,1.);
#1394=VECTOR('',#2398,1.);
#1395=VECTOR('',#2401,1.);
#1396=VECTOR('',#2404,1.);
#1397=VECTOR('',#2407,1.);
#1398=EDGE_LOOP('',(#118,#119,#120,#121,#122,#123));
#1399=EDGE_LOOP('',(#124,#125,#126,#127,#128,#129));
#1400=EDGE_LOOP('',(#130,#131,#132,#133));
#1401=EDGE_LOOP('',(#134,#135,#136,#137));
#1402=EDGE_LOOP('',(#138,#139,#140,#141));
#1403=EDGE_LOOP('',(#142,#143,#144,#145));
#1404=EDGE_LOOP('',(#146,#147,#148,#149));
#1405=EDGE_LOOP('',(#150,#151,#152,#153,#154,#155,#156,#157));
#1406=EDGE_LOOP('',(#158,#159,#160,#161));
#1407=EDGE_LOOP('',(#162,#163,#164,#165));
#1408=EDGE_LOOP('',(#166,#167,#168,#169));
#1409=EDGE_LOOP('',(#170,#171,#172,#173));
#1410=EDGE_LOOP('',(#174,#175,#176,#177));
#1411=EDGE_LOOP('',(#178,#179,#180,#181));
#1412=EDGE_LOOP('',(#182,#183,#184,#185));
#1413=EDGE_LOOP('',(#186,#187,#188,#189));
#1414=EDGE_LOOP('',(#190,#191,#192,#193));
#1415=EDGE_LOOP('',(#194,#195,#196,#197));
#1416=EDGE_LOOP('',(#198,#199,#200,#201));
#1417=EDGE_LOOP('',(#202,#203,#204,#205));
#1418=EDGE_LOOP('',(#206,#207,#208,#209));
#1419=EDGE_LOOP('',(#210,#211,#212,#213));
#1420=EDGE_LOOP('',(#214,#215,#216,#217));
#1421=EDGE_LOOP('',(#218,#219,#220,#221));
#1422=EDGE_LOOP('',(#222,#223,#224,#225));
#1423=EDGE_LOOP('',(#226));
#1424=EDGE_LOOP('',(#227,#228,#229,#230));
#1425=EDGE_LOOP('',(#231,#232,#233,#234));
#1426=EDGE_LOOP('',(#235,#236,#237,#238));
#1427=EDGE_LOOP('',(#239,#240,#241,#242));
#1428=EDGE_LOOP('',(#243,#244,#245,#246));
#1429=EDGE_LOOP('',(#247,#248,#249,#250));
#1430=EDGE_LOOP('',(#251,#252,#253,#254));
#1431=EDGE_LOOP('',(#255,#256,#257,#258));
#1432=EDGE_LOOP('',(#259));
#1433=EDGE_LOOP('',(#260,#261,#262,#263,#264,#265,#266,#267));
#1434=EDGE_LOOP('',(#268,#269,#270,#271));
#1435=EDGE_LOOP('',(#272,#273,#274,#275,#276,#277));
#1436=EDGE_LOOP('',(#278,#279,#280,#281));
#1437=EDGE_LOOP('',(#282,#283,#284,#285,#286,#287));
#1438=EDGE_LOOP('',(#288,#289,#290,#291));
#1439=EDGE_LOOP('',(#292,#293,#294,#295));
#1440=EDGE_LOOP('',(#296,#297,#298,#299));
#1441=EDGE_LOOP('',(#300,#301,#302,#303));
#1442=EDGE_LOOP('',(#304,#305,#306,#307));
#1443=EDGE_LOOP('',(#308,#309,#310,#311));
#1444=EDGE_LOOP('',(#312,#313,#314,#315));
#1445=EDGE_LOOP('',(#316,#317,#318,#319));
#1446=EDGE_LOOP('',(#320,#321,#322,#323));
#1447=EDGE_LOOP('',(#324,#325));
#1448=EDGE_LOOP('',(#326));
#1449=EDGE_LOOP('',(#327,#328,#329,#330));
#1450=EDGE_LOOP('',(#331,#332,#333,#334));
#1451=EDGE_LOOP('',(#335,#336,#337,#338));
#1452=EDGE_LOOP('',(#339,#340,#341,#342));
#1453=EDGE_LOOP('',(#343,#344,#345,#346,#347,#348,#349,#350));
#1454=EDGE_LOOP('',(#351,#352,#353,#354,#355,#356));
#1455=EDGE_LOOP('',(#357));
#1456=EDGE_LOOP('',(#358));
#1457=EDGE_LOOP('',(#359,#360,#361,#362));
#1458=EDGE_LOOP('',(#363,#364,#365,#366));
#1459=EDGE_LOOP('',(#367,#368,#369,#370));
#1460=EDGE_LOOP('',(#371,#372,#373,#374,#375,#376,#377,#378));
#1461=EDGE_LOOP('',(#379,#380,#381,#382,#383,#384,#385,#386));
#1462=EDGE_LOOP('',(#387,#388,#389,#390,#391,#392,#393,#394));
#1463=EDGE_LOOP('',(#395,#396,#397,#398));
#1464=EDGE_LOOP('',(#399,#400,#401,#402,#403,#404,#405,#406));
#1465=EDGE_LOOP('',(#407,#408,#409,#410,#411,#412,#413,#414,#415,#416,#417,
#418));
#1466=EDGE_LOOP('',(#419,#420,#421,#422,#423,#424,#425,#426,#427));
#1467=EDGE_LOOP('',(#428,#429,#430,#431,#432,#433,#434,#435));
#1468=EDGE_LOOP('',(#436,#437,#438,#439,#440,#441,#442,#443,#444,#445,#446,
#447,#448,#449,#450,#451,#452,#453,#454,#455));
#1469=EDGE_LOOP('',(#456,#457,#458,#459,#460,#461,#462,#463));
#1470=EDGE_LOOP('',(#464,#465,#466,#467,#468,#469,#470,#471,#472));
#1471=EDGE_LOOP('',(#473,#474,#475,#476,#477,#478,#479,#480,#481,#482,#483,
#484,#485,#486,#487,#488));
#1472=EDGE_LOOP('',(#489,#490,#491,#492));
#1473=EDGE_LOOP('',(#493,#494,#495,#496));
#1474=EDGE_LOOP('',(#497,#498));
#1475=EDGE_LOOP('',(#499));
#1476=EDGE_LOOP('',(#500,#501,#502,#503,#504,#505,#506,#507));
#1477=EDGE_LOOP('',(#508,#509,#510,#511));
#1478=EDGE_LOOP('',(#512));
#1479=EDGE_LOOP('',(#513));
#1480=EDGE_LOOP('',(#514));
#1481=EDGE_LOOP('',(#515));
#1482=EDGE_LOOP('',(#516,#517,#518,#519,#520,#521,#522,#523));
#1483=EDGE_LOOP('',(#524));
#1484=EDGE_LOOP('',(#525));
#1485=EDGE_LOOP('',(#526,#527,#528,#529,#530,#531,#532,#533,#534,#535,#536,
#537));
#1486=EDGE_LOOP('',(#538));
#1487=EDGE_LOOP('',(#539));
#1488=EDGE_LOOP('',(#540));
#1489=EDGE_LOOP('',(#541));
#1490=EDGE_LOOP('',(#542));
#1491=EDGE_LOOP('',(#543));
#1492=EDGE_LOOP('',(#544,#545,#546,#547,#548,#549,#550,#551,#552,#553,#554,
#555));
#1493=EDGE_LOOP('',(#556,#557,#558,#559,#560,#561,#562,#563));
#1494=EDGE_LOOP('',(#564,#565,#566,#567));
#1495=EDGE_LOOP('',(#568,#569,#570,#571));
#1496=EDGE_LOOP('',(#572,#573,#574,#575));
#1497=EDGE_LOOP('',(#576,#577,#578,#579));
#1498=EDGE_LOOP('',(#580,#581,#582,#583));
#1499=EDGE_LOOP('',(#584,#585,#586,#587));
#1500=EDGE_LOOP('',(#588,#589,#590,#591));
#1501=EDGE_LOOP('',(#592,#593,#594,#595));
#1502=EDGE_LOOP('',(#596,#597,#598,#599));
#1503=EDGE_LOOP('',(#600,#601,#602,#603));
#1504=EDGE_LOOP('',(#604,#605,#606,#607));
#1505=EDGE_LOOP('',(#608,#609,#610,#611));
#1506=EDGE_LOOP('',(#612));
#1507=EDGE_LOOP('',(#613));
#1508=EDGE_LOOP('',(#614));
#1509=EDGE_LOOP('',(#615));
#1510=EDGE_LOOP('',(#616));
#1511=EDGE_LOOP('',(#617));
#1512=EDGE_LOOP('',(#618));
#1513=EDGE_LOOP('',(#619));
#1514=FACE_BOUND('',#1398,.T.);
#1515=FACE_BOUND('',#1399,.T.);
#1516=FACE_BOUND('',#1400,.T.);
#1517=FACE_BOUND('',#1401,.T.);
#1518=FACE_BOUND('',#1402,.T.);
#1519=FACE_BOUND('',#1403,.T.);
#1520=FACE_BOUND('',#1404,.T.);
#1521=FACE_BOUND('',#1405,.T.);
#1522=FACE_BOUND('',#1406,.T.);
#1523=FACE_BOUND('',#1407,.T.);
#1524=FACE_BOUND('',#1408,.T.);
#1525=FACE_BOUND('',#1409,.T.);
#1526=FACE_BOUND('',#1410,.T.);
#1527=FACE_BOUND('',#1411,.T.);
#1528=FACE_BOUND('',#1412,.T.);
#1529=FACE_BOUND('',#1413,.T.);
#1530=FACE_BOUND('',#1414,.T.);
#1531=FACE_BOUND('',#1415,.T.);
#1532=FACE_BOUND('',#1416,.T.);
#1533=FACE_BOUND('',#1417,.T.);
#1534=FACE_BOUND('',#1418,.T.);
#1535=FACE_BOUND('',#1419,.T.);
#1536=FACE_BOUND('',#1420,.T.);
#1537=FACE_BOUND('',#1421,.T.);
#1538=FACE_BOUND('',#1422,.T.);
#1539=FACE_BOUND('',#1423,.T.);
#1540=FACE_BOUND('',#1424,.T.);
#1541=FACE_BOUND('',#1425,.T.);
#1542=FACE_BOUND('',#1426,.T.);
#1543=FACE_BOUND('',#1427,.T.);
#1544=FACE_BOUND('',#1428,.T.);
#1545=FACE_BOUND('',#1429,.T.);
#1546=FACE_BOUND('',#1430,.T.);
#1547=FACE_BOUND('',#1431,.T.);
#1548=FACE_BOUND('',#1432,.T.);
#1549=FACE_BOUND('',#1433,.T.);
#1550=FACE_BOUND('',#1434,.T.);
#1551=FACE_BOUND('',#1435,.T.);
#1552=FACE_BOUND('',#1436,.T.);
#1553=FACE_BOUND('',#1437,.T.);
#1554=FACE_BOUND('',#1438,.T.);
#1555=FACE_BOUND('',#1439,.T.);
#1556=FACE_BOUND('',#1440,.T.);
#1557=FACE_BOUND('',#1441,.T.);
#1558=FACE_BOUND('',#1442,.T.);
#1559=FACE_BOUND('',#1443,.T.);
#1560=FACE_BOUND('',#1444,.T.);
#1561=FACE_BOUND('',#1445,.T.);
#1562=FACE_BOUND('',#1446,.T.);
#1563=FACE_BOUND('',#1447,.T.);
#1564=FACE_BOUND('',#1448,.T.);
#1565=FACE_BOUND('',#1449,.T.);
#1566=FACE_BOUND('',#1450,.T.);
#1567=FACE_BOUND('',#1451,.T.);
#1568=FACE_BOUND('',#1452,.T.);
#1569=FACE_BOUND('',#1453,.T.);
#1570=FACE_BOUND('',#1454,.T.);
#1571=FACE_BOUND('',#1455,.T.);
#1572=FACE_BOUND('',#1456,.T.);
#1573=FACE_BOUND('',#1457,.T.);
#1574=FACE_BOUND('',#1458,.T.);
#1575=FACE_BOUND('',#1459,.T.);
#1576=FACE_BOUND('',#1460,.T.);
#1577=FACE_BOUND('',#1461,.T.);
#1578=FACE_BOUND('',#1462,.T.);
#1579=FACE_BOUND('',#1463,.T.);
#1580=FACE_BOUND('',#1464,.T.);
#1581=FACE_BOUND('',#1465,.T.);
#1582=FACE_BOUND('',#1466,.T.);
#1583=FACE_BOUND('',#1467,.T.);
#1584=FACE_BOUND('',#1468,.T.);
#1585=FACE_BOUND('',#1469,.T.);
#1586=FACE_BOUND('',#1470,.T.);
#1587=FACE_BOUND('',#1471,.T.);
#1588=FACE_BOUND('',#1472,.T.);
#1589=FACE_BOUND('',#1473,.T.);
#1590=FACE_BOUND('',#1474,.T.);
#1591=FACE_BOUND('',#1475,.T.);
#1592=FACE_BOUND('',#1476,.T.);
#1593=FACE_BOUND('',#1477,.T.);
#1594=FACE_BOUND('',#1478,.T.);
#1595=FACE_BOUND('',#1479,.T.);
#1596=FACE_BOUND('',#1480,.T.);
#1597=FACE_BOUND('',#1481,.T.);
#1598=FACE_BOUND('',#1482,.T.);
#1599=FACE_BOUND('',#1483,.T.);
#1600=FACE_BOUND('',#1484,.T.);
#1601=FACE_BOUND('',#1485,.T.);
#1602=FACE_BOUND('',#1486,.T.);
#1603=FACE_BOUND('',#1487,.T.);
#1604=FACE_BOUND('',#1488,.T.);
#1605=FACE_BOUND('',#1489,.T.);
#1606=FACE_BOUND('',#1490,.T.);
#1607=FACE_BOUND('',#1491,.T.);
#1608=FACE_BOUND('',#1492,.T.);
#1609=FACE_BOUND('',#1493,.T.);
#1610=FACE_BOUND('',#1494,.T.);
#1611=FACE_BOUND('',#1495,.T.);
#1612=FACE_BOUND('',#1496,.T.);
#1613=FACE_BOUND('',#1497,.T.);
#1614=FACE_BOUND('',#1498,.T.);
#1615=FACE_BOUND('',#1499,.T.);
#1616=FACE_BOUND('',#1500,.T.);
#1617=FACE_BOUND('',#1501,.T.);
#1618=FACE_BOUND('',#1502,.T.);
#1619=FACE_BOUND('',#1503,.T.);
#1620=FACE_BOUND('',#1504,.T.);
#1621=FACE_BOUND('',#1505,.T.);
#1622=FACE_BOUND('',#1506,.T.);
#1623=FACE_BOUND('',#1507,.T.);
#1624=FACE_BOUND('',#1508,.T.);
#1625=FACE_BOUND('',#1509,.T.);
#1626=FACE_BOUND('',#1510,.T.);
#1627=FACE_BOUND('',#1511,.T.);
#1628=FACE_BOUND('',#1512,.T.);
#1629=FACE_BOUND('',#1513,.T.);
#1630=PLANE('',#1790);
#1631=PLANE('',#1791);
#1632=PLANE('',#1792);
#1633=PLANE('',#1805);
#1634=PLANE('',#1806);
#1635=PLANE('',#1807);
#1636=PLANE('',#1808);
#1637=PLANE('',#1809);
#1638=PLANE('',#1811);
#1639=PLANE('',#1812);
#1640=PLANE('',#1813);
#1641=PLANE('',#1814);
#1642=PLANE('',#1816);
#1643=PLANE('',#1817);
#1644=PLANE('',#1818);
#1645=PLANE('',#1819);
#1646=PLANE('',#1821);
#1647=PLANE('',#1822);
#1648=PLANE('',#1823);
#1649=PLANE('',#1824);
#1650=PLANE('',#1826);
#1651=PLANE('',#1827);
#1652=PLANE('',#1829);
#1653=PLANE('',#1833);
#1654=PLANE('',#1837);
#1655=PLANE('',#1841);
#1656=PLANE('',#1845);
#1657=PLANE('',#1849);
#1658=PLANE('',#1850);
#1659=PLANE('',#1851);
#1660=PLANE('',#1852);
#1661=PLANE('',#1855);
#1662=PLANE('',#1858);
#1663=PLANE('',#1859);
#1664=PLANE('',#1860);
#1665=PLANE('',#1861);
#1666=PLANE('',#1862);
#1667=PLANE('',#1867);
#1668=PLANE('',#1871);
#1669=PLANE('',#1872);
#1670=PLANE('',#1873);
#1671=PLANE('',#1874);
#1672=PLANE('',#1879);
#1673=PLANE('',#1883);
#1674=PLANE('',#1884);
#1675=PLANE('',#1885);
#1676=PLANE('',#1894);
#1677=PLANE('',#1903);
#1678=PLANE('',#1906);
#1679=PLANE('',#1915);
#1680=PLANE('',#1924);
#1681=PLANE('',#1926);
#1682=PLANE('',#1927);
#1683=PLANE('',#1928);
#1684=PLANE('',#1930);
#1685=PLANE('',#1932);
#1686=PLANE('',#1933);
#1687=PLANE('',#1934);
#1688=ADVANCED_FACE('',(#1514),#1630,.F.);
#1689=ADVANCED_FACE('',(#1515),#1631,.F.);
#1690=ADVANCED_FACE('',(#1516),#1632,.F.);
#1691=ADVANCED_FACE('',(#1517),#90,.T.);
#1692=ADVANCED_FACE('',(#1518),#91,.T.);
#1693=ADVANCED_FACE('',(#1519),#92,.T.);
#1694=ADVANCED_FACE('',(#1520),#93,.T.);
#1695=ADVANCED_FACE('',(#1521),#1633,.F.);
#1696=ADVANCED_FACE('',(#1522),#1634,.F.);
#1697=ADVANCED_FACE('',(#1523),#1635,.F.);
#1698=ADVANCED_FACE('',(#1524),#1636,.F.);
#1699=ADVANCED_FACE('',(#1525),#1637,.F.);
#1700=ADVANCED_FACE('',(#1526),#1638,.F.);
#1701=ADVANCED_FACE('',(#1527),#1639,.F.);
#1702=ADVANCED_FACE('',(#1528),#1640,.F.);
#1703=ADVANCED_FACE('',(#1529),#1641,.F.);
#1704=ADVANCED_FACE('',(#1530),#1642,.F.);
#1705=ADVANCED_FACE('',(#1531),#1643,.F.);
#1706=ADVANCED_FACE('',(#1532),#1644,.F.);
#1707=ADVANCED_FACE('',(#1533),#1645,.F.);
#1708=ADVANCED_FACE('',(#1534),#1646,.F.);
#1709=ADVANCED_FACE('',(#1535),#1647,.F.);
#1710=ADVANCED_FACE('',(#1536),#1648,.F.);
#1711=ADVANCED_FACE('',(#1537),#1649,.F.);
#1712=ADVANCED_FACE('',(#1538),#1650,.T.);
#1713=ADVANCED_FACE('',(#1539),#1651,.F.);
#1714=ADVANCED_FACE('',(#1540),#1652,.F.);
#1715=ADVANCED_FACE('',(#1541),#94,.T.);
#1716=ADVANCED_FACE('',(#1542),#1653,.F.);
#1717=ADVANCED_FACE('',(#1543),#95,.T.);
#1718=ADVANCED_FACE('',(#1544),#1654,.F.);
#1719=ADVANCED_FACE('',(#1545),#96,.T.);
#1720=ADVANCED_FACE('',(#1546),#1655,.F.);
#1721=ADVANCED_FACE('',(#1547),#97,.T.);
#1722=ADVANCED_FACE('',(#1548,#1549,#1550),#1656,.T.);
#1723=ADVANCED_FACE('',(#1551),#1657,.T.);
#1724=ADVANCED_FACE('',(#1552),#1658,.T.);
#1725=ADVANCED_FACE('',(#1553),#1659,.T.);
#1726=ADVANCED_FACE('',(#1554),#1660,.T.);
#1727=ADVANCED_FACE('',(#1555),#98,.F.);
#1728=ADVANCED_FACE('',(#1556),#1661,.T.);
#1729=ADVANCED_FACE('',(#1557),#99,.F.);
#1730=ADVANCED_FACE('',(#1558),#1662,.T.);
#1731=ADVANCED_FACE('',(#1559),#1663,.T.);
#1732=ADVANCED_FACE('',(#1560),#1664,.T.);
#1733=ADVANCED_FACE('',(#1561),#1665,.T.);
#1734=ADVANCED_FACE('',(#1562),#23,.T.);
#1735=ADVANCED_FACE('',(#1563,#1564),#1666,.F.);
#1736=ADVANCED_FACE('',(#1565),#100,.F.);
#1737=ADVANCED_FACE('',(#1566),#1667,.T.);
#1738=ADVANCED_FACE('',(#1567),#101,.F.);
#1739=ADVANCED_FACE('',(#1568),#1668,.T.);
#1740=ADVANCED_FACE('',(#1569),#1669,.T.);
#1741=ADVANCED_FACE('',(#1570),#1670,.T.);
#1742=ADVANCED_FACE('',(#1571,#1572),#1671,.T.);
#1743=ADVANCED_FACE('',(#1573),#102,.T.);
#1744=ADVANCED_FACE('',(#1574),#1672,.F.);
#1745=ADVANCED_FACE('',(#1575),#103,.T.);
#1746=ADVANCED_FACE('',(#1576),#1673,.T.);
#1747=ADVANCED_FACE('',(#1577,#1578,#1579,#1580),#1674,.F.);
#1748=ADVANCED_FACE('',(#1581),#1675,.F.);
#1749=ADVANCED_FACE('',(#1582),#104,.F.);
#1750=ADVANCED_FACE('',(#1583),#105,.F.);
#1751=ADVANCED_FACE('',(#1584),#1676,.T.);
#1752=ADVANCED_FACE('',(#1585),#106,.F.);
#1753=ADVANCED_FACE('',(#1586),#107,.F.);
#1754=ADVANCED_FACE('',(#1587,#1588,#1589,#1590),#1677,.T.);
#1755=ADVANCED_FACE('',(#1591,#1592),#24,.F.);
#1756=ADVANCED_FACE('',(#1593),#25,.T.);
#1757=ADVANCED_FACE('',(#1594,#1595),#108,.F.);
#1758=ADVANCED_FACE('',(#1596,#1597),#109,.F.);
#1759=ADVANCED_FACE('',(#1598,#1599,#1600,#1601,#1602,#1603),#1678,.F.);
#1760=ADVANCED_FACE('',(#1604,#1605,#1606,#1607,#1608,#1609),#1679,.T.);
#1761=ADVANCED_FACE('',(#1610),#1680,.T.);
#1762=ADVANCED_FACE('',(#1611),#110,.T.);
#1763=ADVANCED_FACE('',(#1612),#1681,.T.);
#1764=ADVANCED_FACE('',(#1613),#1682,.T.);
#1765=ADVANCED_FACE('',(#1614),#1683,.T.);
#1766=ADVANCED_FACE('',(#1615),#111,.T.);
#1767=ADVANCED_FACE('',(#1616),#1684,.T.);
#1768=ADVANCED_FACE('',(#1617),#112,.T.);
#1769=ADVANCED_FACE('',(#1618),#1685,.T.);
#1770=ADVANCED_FACE('',(#1619),#1686,.T.);
#1771=ADVANCED_FACE('',(#1620),#1687,.T.);
#1772=ADVANCED_FACE('',(#1621),#113,.T.);
#1773=ADVANCED_FACE('',(#1622,#1623),#114,.F.);
#1774=ADVANCED_FACE('',(#1624,#1625),#115,.F.);
#1775=ADVANCED_FACE('',(#1626,#1627),#116,.F.);
#1776=ADVANCED_FACE('',(#1628,#1629),#117,.F.);
#1777=CLOSED_SHELL('',(#1688,#1689,#1690,#1691,#1692,#1693,#1694,#1695,
#1696,#1697,#1698,#1699,#1700,#1701,#1702,#1703,#1704,#1705,#1706,#1707,
#1708,#1709,#1710,#1711,#1712,#1713,#1714,#1715,#1716,#1717,#1718,#1719,
#1720,#1721,#1722,#1723,#1724,#1725,#1726,#1727,#1728,#1729,#1730,#1731,
#1732,#1733,#1734,#1735,#1736,#1737,#1738,#1739,#1740,#1741,#1742,#1743,
#1744,#1745,#1746,#1747,#1748,#1749,#1750,#1751,#1752,#1753,#1754,#1755,
#1756,#1757,#1758,#1759,#1760,#1761,#1762,#1763,#1764,#1765,#1766,#1767,
#1768,#1769,#1770,#1771,#1772,#1773,#1774,#1775,#1776));
#1778=STYLED_ITEM('',(#1779),#1786);
#1779=PRESENTATION_STYLE_ASSIGNMENT((#1780));
#1780=SURFACE_STYLE_USAGE(.BOTH.,#1781);
#1781=SURFACE_SIDE_STYLE('',(#1782));
#1782=SURFACE_STYLE_FILL_AREA(#1783);
#1783=FILL_AREA_STYLE('',(#1784));
#1784=FILL_AREA_STYLE_COLOUR('',#1785);
#1785=COLOUR_RGB('',0.0745098039215686,0.588235294117647,0.945098039215686);
#1786=MANIFOLD_SOLID_BREP('MTF-02P-V1.2 case',#1777);
#1787=SHAPE_DEFINITION_REPRESENTATION(#5567,#1788);
#1788=SHAPE_REPRESENTATION('MTF-02P-V1.2 case',(#1789),#5562);
#1789=AXIS2_PLACEMENT_3D('',#2418,#1940,#1941);
#1790=AXIS2_PLACEMENT_3D('',#2419,#1942,#1943);
#1791=AXIS2_PLACEMENT_3D('',#2432,#1950,#1951);
#1792=AXIS2_PLACEMENT_3D('',#2445,#1958,#1959);
#1793=AXIS2_PLACEMENT_3D('',#2454,#1964,#1965);
#1794=AXIS2_PLACEMENT_3D('',#2455,#1966,#1967);
#1795=AXIS2_PLACEMENT_3D('',#2456,#1968,#1969);
#1796=AXIS2_PLACEMENT_3D('',#2457,#1970,#1971);
#1797=AXIS2_PLACEMENT_3D('',#2461,#1973,#1974);
#1798=AXIS2_PLACEMENT_3D('',#2462,#1975,#1976);
#1799=AXIS2_PLACEMENT_3D('',#2463,#1977,#1978);
#1800=AXIS2_PLACEMENT_3D('',#2464,#1979,#1980);
#1801=AXIS2_PLACEMENT_3D('',#2468,#1982,#1983);
#1802=AXIS2_PLACEMENT_3D('',#2469,#1984,#1985);
#1803=AXIS2_PLACEMENT_3D('',#2470,#1986,#1987);
#1804=AXIS2_PLACEMENT_3D('',#2471,#1988,#1989);
#1805=AXIS2_PLACEMENT_3D('',#2472,#1990,#1991);
#1806=AXIS2_PLACEMENT_3D('',#2483,#1998,#1999);
#1807=AXIS2_PLACEMENT_3D('',#2492,#2004,#2005);
#1808=AXIS2_PLACEMENT_3D('',#2501,#2010,#2011);
#1809=AXIS2_PLACEMENT_3D('',#2504,#2014,#2015);
#1810=AXIS2_PLACEMENT_3D('',#2505,#2016,#2017);
#1811=AXIS2_PLACEMENT_3D('',#2506,#2018,#2019);
#1812=AXIS2_PLACEMENT_3D('',#2515,#2024,#2025);
#1813=AXIS2_PLACEMENT_3D('',#2521,#2029,#2030);
#1814=AXIS2_PLACEMENT_3D('',#2527,#2034,#2035);
#1815=AXIS2_PLACEMENT_3D('',#2528,#2036,#2037);
#1816=AXIS2_PLACEMENT_3D('',#2529,#2038,#2039);
#1817=AXIS2_PLACEMENT_3D('',#2538,#2044,#2045);
#1818=AXIS2_PLACEMENT_3D('',#2547,#2050,#2051);
#1819=AXIS2_PLACEMENT_3D('',#2550,#2054,#2055);
#1820=AXIS2_PLACEMENT_3D('',#2551,#2056,#2057);
#1821=AXIS2_PLACEMENT_3D('',#2552,#2058,#2059);
#1822=AXIS2_PLACEMENT_3D('',#2561,#2064,#2065);
#1823=AXIS2_PLACEMENT_3D('',#2567,#2069,#2070);
#1824=AXIS2_PLACEMENT_3D('',#2573,#2074,#2075);
#1825=AXIS2_PLACEMENT_3D('',#2574,#2076,#2077);
#1826=AXIS2_PLACEMENT_3D('',#2575,#2078,#2079);
#1827=AXIS2_PLACEMENT_3D('',#2581,#2083,#2084);
#1828=AXIS2_PLACEMENT_3D('',#2582,#2085,#2086);
#1829=AXIS2_PLACEMENT_3D('',#2584,#2087,#2088);
#1830=AXIS2_PLACEMENT_3D('',#2593,#2093,#2094);
#1831=AXIS2_PLACEMENT_3D('',#2594,#2095,#2096);
#1832=AXIS2_PLACEMENT_3D('',#2596,#2097,#2098);
#1833=AXIS2_PLACEMENT_3D('',#2599,#2100,#2101);
#1834=AXIS2_PLACEMENT_3D('',#2605,#2105,#2106);
#1835=AXIS2_PLACEMENT_3D('',#2606,#2107,#2108);
#1836=AXIS2_PLACEMENT_3D('',#2608,#2109,#2110);
#1837=AXIS2_PLACEMENT_3D('',#2611,#2112,#2113);
#1838=AXIS2_PLACEMENT_3D('',#2617,#2117,#2118);
#1839=AXIS2_PLACEMENT_3D('',#2618,#2119,#2120);
#1840=AXIS2_PLACEMENT_3D('',#2620,#2121,#2122);
#1841=AXIS2_PLACEMENT_3D('',#2623,#2124,#2125);
#1842=AXIS2_PLACEMENT_3D('',#2629,#2129,#2130);
#1843=AXIS2_PLACEMENT_3D('',#2630,#2131,#2132);
#1844=AXIS2_PLACEMENT_3D('',#2631,#2133,#2134);
#1845=AXIS2_PLACEMENT_3D('',#2632,#2135,#2136);
#1846=AXIS2_PLACEMENT_3D('',#2633,#2137,#2138);
#1847=AXIS2_PLACEMENT_3D('',#2638,#2140,#2141);
#1848=AXIS2_PLACEMENT_3D('',#2642,#2143,#2144);
#1849=AXIS2_PLACEMENT_3D('',#2643,#2145,#2146);
#1850=AXIS2_PLACEMENT_3D('',#2651,#2151,#2152);
#1851=AXIS2_PLACEMENT_3D('',#2657,#2156,#2157);
#1852=AXIS2_PLACEMENT_3D('',#2662,#2161,#2162);
#1853=AXIS2_PLACEMENT_3D('',#2668,#2166,#2167);
#1854=AXIS2_PLACEMENT_3D('',#2671,#2169,#2170);
#1855=AXIS2_PLACEMENT_3D('',#2672,#2171,#2172);
#1856=AXIS2_PLACEMENT_3D('',#2676,#2175,#2176);
#1857=AXIS2_PLACEMENT_3D('',#2677,#2177,#2178);
#1858=AXIS2_PLACEMENT_3D('',#2678,#2179,#2180);
#1859=AXIS2_PLACEMENT_3D('',#2687,#2185,#2186);
#1860=AXIS2_PLACEMENT_3D('',#2693,#2190,#2191);
#1861=AXIS2_PLACEMENT_3D('',#2699,#2195,#2196);
#1862=AXIS2_PLACEMENT_3D('',#3862,#2199,#2200);
#1863=AXIS2_PLACEMENT_3D('',#3874,#2201,#2202);
#1864=AXIS2_PLACEMENT_3D('',#3876,#2203,#2204);
#1865=AXIS2_PLACEMENT_3D('',#3877,#2205,#2206);
#1866=AXIS2_PLACEMENT_3D('',#3882,#2208,#2209);
#1867=AXIS2_PLACEMENT_3D('',#3885,#2211,#2212);
#1868=AXIS2_PLACEMENT_3D('',#3891,#2216,#2217);
#1869=AXIS2_PLACEMENT_3D('',#3892,#2218,#2219);
#1870=AXIS2_PLACEMENT_3D('',#3896,#2221,#2222);
#1871=AXIS2_PLACEMENT_3D('',#3897,#2223,#2224);
#1872=AXIS2_PLACEMENT_3D('',#3906,#2229,#2230);
#1873=AXIS2_PLACEMENT_3D('',#3920,#2238,#2239);
#1874=AXIS2_PLACEMENT_3D('',#3930,#2245,#2246);
#1875=AXIS2_PLACEMENT_3D('',#3943,#2247,#2248);
#1876=AXIS2_PLACEMENT_3D('',#3945,#2249,#2250);
#1877=AXIS2_PLACEMENT_3D('',#3946,#2251,#2252);
#1878=AXIS2_PLACEMENT_3D('',#3948,#2253,#2254);
#1879=AXIS2_PLACEMENT_3D('',#3951,#2256,#2257);
#1880=AXIS2_PLACEMENT_3D('',#3957,#2261,#2262);
#1881=AXIS2_PLACEMENT_3D('',#3958,#2263,#2264);
#1882=AXIS2_PLACEMENT_3D('',#3959,#2265,#2266);
#1883=AXIS2_PLACEMENT_3D('',#3960,#2267,#2268);
#1884=AXIS2_PLACEMENT_3D('',#3970,#2274,#2275);
#1885=AXIS2_PLACEMENT_3D('',#4003,#2280,#2281);
#1886=AXIS2_PLACEMENT_3D('',#4004,#2282,#2283);
#1887=AXIS2_PLACEMENT_3D('',#4005,#2284,#2285);
#1888=AXIS2_PLACEMENT_3D('',#4006,#2286,#2287);
#1889=AXIS2_PLACEMENT_3D('',#4007,#2288,#2289);
#1890=AXIS2_PLACEMENT_3D('',#4008,#2290,#2291);
#1891=AXIS2_PLACEMENT_3D('',#4009,#2292,#2293);
#1892=AXIS2_PLACEMENT_3D('',#4010,#2294,#2295);
#1893=AXIS2_PLACEMENT_3D('',#4011,#2296,#2297);
#1894=AXIS2_PLACEMENT_3D('',#4012,#2298,#2299);
#1895=AXIS2_PLACEMENT_3D('',#4013,#2300,#2301);
#1896=AXIS2_PLACEMENT_3D('',#4014,#2302,#2303);
#1897=AXIS2_PLACEMENT_3D('',#4015,#2304,#2305);
#1898=AXIS2_PLACEMENT_3D('',#4016,#2306,#2307);
#1899=AXIS2_PLACEMENT_3D('',#4017,#2308,#2309);
#1900=AXIS2_PLACEMENT_3D('',#4018,#2310,#2311);
#1901=AXIS2_PLACEMENT_3D('',#4019,#2312,#2313);
#1902=AXIS2_PLACEMENT_3D('',#4020,#2314,#2315);
#1903=AXIS2_PLACEMENT_3D('',#4021,#2316,#2317);
#1904=AXIS2_PLACEMENT_3D('',#5465,#2318,#2319);
#1905=AXIS2_PLACEMENT_3D('',#5466,#2320,#2321);
#1906=AXIS2_PLACEMENT_3D('',#5467,#2322,#2323);
#1907=AXIS2_PLACEMENT_3D('',#5468,#2324,#2325);
#1908=AXIS2_PLACEMENT_3D('',#5470,#2326,#2327);
#1909=AXIS2_PLACEMENT_3D('',#5472,#2328,#2329);
#1910=AXIS2_PLACEMENT_3D('',#5477,#2331,#2332);
#1911=AXIS2_PLACEMENT_3D('',#5485,#2336,#2337);
#1912=AXIS2_PLACEMENT_3D('',#5489,#2339,#2340);
#1913=AXIS2_PLACEMENT_3D('',#5496,#2344,#2345);
#1914=AXIS2_PLACEMENT_3D('',#5498,#2346,#2347);
#1915=AXIS2_PLACEMENT_3D('',#5500,#2348,#2349);
#1916=AXIS2_PLACEMENT_3D('',#5501,#2350,#2351);
#1917=AXIS2_PLACEMENT_3D('',#5503,#2352,#2353);
#1918=AXIS2_PLACEMENT_3D('',#5505,#2354,#2355);
#1919=AXIS2_PLACEMENT_3D('',#5507,#2356,#2357);
#1920=AXIS2_PLACEMENT_3D('',#5509,#2358,#2359);
#1921=AXIS2_PLACEMENT_3D('',#5518,#2363,#2364);
#1922=AXIS2_PLACEMENT_3D('',#5522,#2366,#2367);
#1923=AXIS2_PLACEMENT_3D('',#5530,#2371,#2372);
#1924=AXIS2_PLACEMENT_3D('',#5533,#2374,#2375);
#1925=AXIS2_PLACEMENT_3D('',#5536,#2378,#2379);
#1926=AXIS2_PLACEMENT_3D('',#5538,#2381,#2382);
#1927=AXIS2_PLACEMENT_3D('',#5540,#2384,#2385);
#1928=AXIS2_PLACEMENT_3D('',#5542,#2387,#2388);
#1929=AXIS2_PLACEMENT_3D('',#5544,#2390,#2391);
#1930=AXIS2_PLACEMENT_3D('',#5546,#2393,#2394);
#1931=AXIS2_PLACEMENT_3D('',#5548,#2396,#2397);
#1932=AXIS2_PLACEMENT_3D('',#5550,#2399,#2400);
#1933=AXIS2_PLACEMENT_3D('',#5552,#2402,#2403);
#1934=AXIS2_PLACEMENT_3D('',#5554,#2405,#2406);
#1935=AXIS2_PLACEMENT_3D('',#5556,#2408,#2409);
#1936=AXIS2_PLACEMENT_3D('',#5557,#2410,#2411);
#1937=AXIS2_PLACEMENT_3D('',#5558,#2412,#2413);
#1938=AXIS2_PLACEMENT_3D('',#5559,#2414,#2415);
#1939=AXIS2_PLACEMENT_3D('',#5560,#2416,#2417);
#1940=DIRECTION('',(0.,0.,1.));
#1941=DIRECTION('',(1.,0.,0.));
#1942=DIRECTION('',(0.,0.,1.));
#1943=DIRECTION('',(1.,0.,0.));
#1944=DIRECTION('',(-1.,0.,0.));
#1945=DIRECTION('',(0.,-1.,0.));
#1946=DIRECTION('',(-1.,0.,1.55462971476485E-16));
#1947=DIRECTION('',(0.,-1.,0.));
#1948=DIRECTION('',(-1.,0.,0.));
#1949=DIRECTION('',(0.,-1.,0.));
#1950=DIRECTION('',(0.,0.,-1.));
#1951=DIRECTION('',(-1.,0.,0.));
#1952=DIRECTION('',(1.,0.,-2.77555756156289E-16));
#1953=DIRECTION('',(0.,-1.,0.));
#1954=DIRECTION('',(1.,0.,-2.77555756156289E-16));
#1955=DIRECTION('',(0.,-1.,0.));
#1956=DIRECTION('',(1.,0.,-3.10925942952971E-16));
#1957=DIRECTION('',(0.,-1.,0.));
#1958=DIRECTION('',(1.,0.,0.));
#1959=DIRECTION('',(0.,0.,-1.));
#1960=DIRECTION('',(2.66880534765662E-16,0.,-1.));
#1961=DIRECTION('',(0.,-1.,0.));
#1962=DIRECTION('',(-1.33440267382831E-16,0.,1.));
#1963=DIRECTION('',(0.,-1.,0.));
#1964=DIRECTION('',(0.,-1.,0.));
#1965=DIRECTION('',(0.,0.,-1.));
#1966=DIRECTION('',(0.,-1.,0.));
#1967=DIRECTION('',(0.,0.,-1.));
#1968=DIRECTION('',(0.,-1.,0.));
#1969=DIRECTION('',(0.,0.,-1.));
#1970=DIRECTION('',(0.,-1.,0.));
#1971=DIRECTION('',(0.,0.,-1.));
#1972=DIRECTION('',(0.,-1.,0.));
#1973=DIRECTION('',(0.,-1.,0.));
#1974=DIRECTION('',(0.,0.,-1.));
#1975=DIRECTION('',(0.,1.,0.));
#1976=DIRECTION('',(0.,0.,1.));
#1977=DIRECTION('',(0.,-1.,0.));
#1978=DIRECTION('',(0.,0.,-1.));
#1979=DIRECTION('',(0.,-1.,0.));
#1980=DIRECTION('',(0.,0.,-1.));
#1981=DIRECTION('',(0.,-1.,0.));
#1982=DIRECTION('',(0.,1.,0.));
#1983=DIRECTION('',(0.,0.,1.));
#1984=DIRECTION('',(0.,-1.,0.));
#1985=DIRECTION('',(0.,0.,-1.));
#1986=DIRECTION('',(0.,-1.,0.));
#1987=DIRECTION('',(0.,0.,-1.));
#1988=DIRECTION('',(0.,-1.,0.));
#1989=DIRECTION('',(0.,0.,-1.));
#1990=DIRECTION('',(-1.,0.,0.));
#1991=DIRECTION('',(0.,0.,1.));
#1992=DIRECTION('',(1.33440267382831E-16,0.,1.));
#1993=DIRECTION('',(-1.33440267382831E-16,0.,-1.));
#1994=DIRECTION('',(0.,1.,0.));
#1995=DIRECTION('',(0.,0.,-1.));
#1996=DIRECTION('',(0.,-1.,0.));
#1997=DIRECTION('',(-1.33440267382831E-16,0.,-1.));
#1998=DIRECTION('',(-0.707106781186548,0.,0.707106781186548));
#1999=DIRECTION('',(0.707106781186548,0.,0.707106781186548));
#2000=DIRECTION('',(0.,-1.,0.));
#2001=DIRECTION('',(0.707106781186546,0.,0.707106781186549));
#2002=DIRECTION('',(0.,-1.,0.));
#2003=DIRECTION('',(-0.707106781186546,0.,-0.707106781186549));
#2004=DIRECTION('',(0.707106781186548,0.,-0.707106781186548));
#2005=DIRECTION('',(-0.707106781186548,0.,-0.707106781186548));
#2006=DIRECTION('',(0.,1.,0.));
#2007=DIRECTION('',(0.707106781186544,0.,0.707106781186551));
#2008=DIRECTION('',(0.,-1.,0.));
#2009=DIRECTION('',(-0.707106781186544,0.,-0.707106781186551));
#2010=DIRECTION('',(-0.707106781186548,0.,-0.707106781186548));
#2011=DIRECTION('',(-0.707106781186548,0.,0.707106781186548));
#2012=DIRECTION('',(-0.707106781186548,0.,0.707106781186548));
#2013=DIRECTION('',(0.707106781186548,0.,-0.707106781186548));
#2014=DIRECTION('',(0.,1.,0.));
#2015=DIRECTION('',(0.,0.,1.));
#2016=DIRECTION('',(0.,1.,0.));
#2017=DIRECTION('',(0.,0.,1.));
#2018=DIRECTION('',(-0.707106781186548,0.,0.707106781186548));
#2019=DIRECTION('',(0.707106781186548,0.,0.707106781186548));
#2020=DIRECTION('',(0.,-1.,0.));
#2021=DIRECTION('',(0.707106781186548,0.,0.707106781186548));
#2022=DIRECTION('',(0.,-1.,0.));
#2023=DIRECTION('',(-0.707106781186548,0.,-0.707106781186548));
#2024=DIRECTION('',(0.707106781186548,0.,0.707106781186548));
#2025=DIRECTION('',(0.707106781186548,0.,-0.707106781186548));
#2026=DIRECTION('',(0.,-1.,0.));
#2027=DIRECTION('',(0.707106781186544,0.,-0.707106781186551));
#2028=DIRECTION('',(-0.707106781186544,0.,0.707106781186551));
#2029=DIRECTION('',(-0.707106781186548,0.,-0.707106781186548));
#2030=DIRECTION('',(-0.707106781186548,0.,0.707106781186548));
#2031=DIRECTION('',(0.,1.,0.));
#2032=DIRECTION('',(0.707106781186544,0.,-0.707106781186552));
#2033=DIRECTION('',(-0.707106781186544,0.,0.707106781186552));
#2034=DIRECTION('',(0.,1.,0.));
#2035=DIRECTION('',(0.,0.,1.));
#2036=DIRECTION('',(0.,1.,0.));
#2037=DIRECTION('',(0.,0.,1.));
#2038=DIRECTION('',(0.707106781186548,0.,-0.707106781186548));
#2039=DIRECTION('',(-0.707106781186548,0.,-0.707106781186548));
#2040=DIRECTION('',(0.,-1.,0.));
#2041=DIRECTION('',(-0.707106781186545,0.,-0.70710678118655));
#2042=DIRECTION('',(0.,-1.,0.));
#2043=DIRECTION('',(0.707106781186545,0.,0.70710678118655));
#2044=DIRECTION('',(-0.707106781186548,0.,0.707106781186548));
#2045=DIRECTION('',(0.707106781186548,0.,0.707106781186548));
#2046=DIRECTION('',(0.,1.,0.));
#2047=DIRECTION('',(-0.707106781186546,0.,-0.707106781186549));
#2048=DIRECTION('',(0.,-1.,0.));
#2049=DIRECTION('',(0.707106781186546,0.,0.707106781186549));
#2050=DIRECTION('',(0.707106781186548,0.,0.707106781186548));
#2051=DIRECTION('',(0.707106781186548,0.,-0.707106781186548));
#2052=DIRECTION('',(0.707106781186548,0.,-0.707106781186548));
#2053=DIRECTION('',(-0.707106781186548,0.,0.707106781186548));
#2054=DIRECTION('',(0.,1.,0.));
#2055=DIRECTION('',(0.,0.,1.));
#2056=DIRECTION('',(0.,1.,0.));
#2057=DIRECTION('',(0.,0.,1.));
#2058=DIRECTION('',(0.707106781186548,0.,-0.707106781186548));
#2059=DIRECTION('',(-0.707106781186548,0.,-0.707106781186548));
#2060=DIRECTION('',(0.,-1.,0.));
#2061=DIRECTION('',(-0.707106781186548,0.,-0.707106781186548));
#2062=DIRECTION('',(0.,-1.,0.));
#2063=DIRECTION('',(0.707106781186548,0.,0.707106781186548));
#2064=DIRECTION('',(-0.707106781186548,0.,-0.707106781186548));
#2065=DIRECTION('',(-0.707106781186548,0.,0.707106781186548));
#2066=DIRECTION('',(0.,-1.,0.));
#2067=DIRECTION('',(-0.707106781186546,0.,0.707106781186549));
#2068=DIRECTION('',(0.707106781186546,0.,-0.707106781186549));
#2069=DIRECTION('',(0.707106781186548,0.,0.707106781186548));
#2070=DIRECTION('',(0.707106781186548,0.,-0.707106781186548));
#2071=DIRECTION('',(0.,1.,0.));
#2072=DIRECTION('',(-0.707106781186545,0.,0.70710678118655));
#2073=DIRECTION('',(0.707106781186545,0.,-0.70710678118655));
#2074=DIRECTION('',(0.,1.,0.));
#2075=DIRECTION('',(0.,0.,1.));
#2076=DIRECTION('',(0.,1.,0.));
#2077=DIRECTION('',(0.,0.,1.));
#2078=DIRECTION('',(0.,1.,0.));
#2079=DIRECTION('',(0.,0.,1.));
#2080=DIRECTION('',(0.,0.,1.));
#2081=DIRECTION('',(1.,0.,0.));
#2082=DIRECTION('',(-1.,0.,0.));
#2083=DIRECTION('',(0.,-1.,0.));
#2084=DIRECTION('',(0.,0.,-1.));
#2085=DIRECTION('',(0.,1.,0.));
#2086=DIRECTION('',(0.,0.,1.));
#2087=DIRECTION('',(0.,0.,-1.));
#2088=DIRECTION('',(-1.,0.,0.));
#2089=DIRECTION('',(1.,0.,0.));
#2090=DIRECTION('',(0.,-1.,0.));
#2091=DIRECTION('',(1.,0.,0.));
#2092=DIRECTION('',(0.,-1.,0.));
#2093=DIRECTION('',(0.,-1.,0.));
#2094=DIRECTION('',(0.,0.,-1.));
#2095=DIRECTION('',(0.,1.,0.));
#2096=DIRECTION('',(0.,0.,-1.));
#2097=DIRECTION('',(0.,1.,0.));
#2098=DIRECTION('',(0.,0.,-1.));
#2099=DIRECTION('',(0.,-1.,0.));
#2100=DIRECTION('',(1.,0.,0.));
#2101=DIRECTION('',(0.,0.,-1.));
#2102=DIRECTION('',(0.,0.,1.));
#2103=DIRECTION('',(0.,0.,1.));
#2104=DIRECTION('',(0.,-1.,0.));
#2105=DIRECTION('',(0.,-1.,0.));
#2106=DIRECTION('',(0.,0.,-1.));
#2107=DIRECTION('',(0.,1.,0.));
#2108=DIRECTION('',(0.,0.,-1.));
#2109=DIRECTION('',(0.,1.,0.));
#2110=DIRECTION('',(0.,0.,-1.));
#2111=DIRECTION('',(0.,-1.,0.));
#2112=DIRECTION('',(0.,0.,1.));
#2113=DIRECTION('',(1.,0.,0.));
#2114=DIRECTION('',(-1.,0.,0.));
#2115=DIRECTION('',(-1.,0.,0.));
#2116=DIRECTION('',(0.,-1.,0.));
#2117=DIRECTION('',(0.,-1.,0.));
#2118=DIRECTION('',(0.,0.,-1.));
#2119=DIRECTION('',(0.,1.,0.));
#2120=DIRECTION('',(0.,0.,1.));
#2121=DIRECTION('',(0.,1.,0.));
#2122=DIRECTION('',(0.,0.,1.));
#2123=DIRECTION('',(0.,-1.,0.));
#2124=DIRECTION('',(-1.,0.,0.));
#2125=DIRECTION('',(0.,0.,1.));
#2126=DIRECTION('',(0.,0.,-1.));
#2127=DIRECTION('',(0.,0.,-1.));
#2128=DIRECTION('',(0.,-1.,0.));
#2129=DIRECTION('',(0.,-1.,0.));
#2130=DIRECTION('',(0.,0.,-1.));
#2131=DIRECTION('',(0.,1.,0.));
#2132=DIRECTION('',(0.,0.,1.));
#2133=DIRECTION('',(0.,1.,0.));
#2134=DIRECTION('',(0.,0.,1.));
#2135=DIRECTION('',(0.,1.,0.));
#2136=DIRECTION('',(0.,0.,1.));
#2137=DIRECTION('',(0.,1.,0.));
#2138=DIRECTION('',(0.,0.,1.));
#2139=DIRECTION('',(1.,0.,0.));
#2140=DIRECTION('',(0.,1.,0.));
#2141=DIRECTION('',(0.,0.,1.));
#2142=DIRECTION('',(-1.,0.,0.));
#2143=DIRECTION('',(0.,1.,0.));
#2144=DIRECTION('',(0.,0.,1.));
#2145=DIRECTION('',(0.,0.,-1.));
#2146=DIRECTION('',(-1.,0.,0.));
#2147=DIRECTION('',(0.,-1.,0.));
#2148=DIRECTION('',(1.,0.,-1.20095730416835E-16));
#2149=DIRECTION('',(0.,-1.,0.));
#2150=DIRECTION('',(1.,0.,-1.20095730416835E-16));
#2151=DIRECTION('',(1.,0.,0.));
#2152=DIRECTION('',(0.,0.,-1.));
#2153=DIRECTION('',(0.,0.,1.));
#2154=DIRECTION('',(0.,0.,1.));
#2155=DIRECTION('',(0.,-1.,0.));
#2156=DIRECTION('',(0.,0.,1.));
#2157=DIRECTION('',(1.,0.,0.));
#2158=DIRECTION('',(-1.,0.,0.));
#2159=DIRECTION('',(-1.,0.,0.));
#2160=DIRECTION('',(0.,1.,0.));
#2161=DIRECTION('',(0.,0.,1.));
#2162=DIRECTION('',(1.,0.,0.));
#2163=DIRECTION('',(0.,-1.,0.));
#2164=DIRECTION('',(0.,-1.,0.));
#2165=DIRECTION('',(-1.,0.,0.));
#2166=DIRECTION('',(0.,-1.,0.));
#2167=DIRECTION('',(0.,0.,-1.));
#2168=DIRECTION('',(0.,-1.,0.));
#2169=DIRECTION('',(0.,1.,0.));
#2170=DIRECTION('',(0.,0.,-1.));
#2171=DIRECTION('',(0.,0.,-1.));
#2172=DIRECTION('',(-1.,0.,0.));
#2173=DIRECTION('',(0.,-1.,0.));
#2174=DIRECTION('',(1.,0.,0.));
#2175=DIRECTION('',(0.,-1.,0.));
#2176=DIRECTION('',(0.,0.,-1.));
#2177=DIRECTION('',(0.,1.,0.));
#2178=DIRECTION('',(0.,0.,-1.));
#2179=DIRECTION('',(0.,0.,-1.));
#2180=DIRECTION('',(-1.,0.,0.));
#2181=DIRECTION('',(1.,0.,0.));
#2182=DIRECTION('',(0.,-1.,0.));
#2183=DIRECTION('',(1.,0.,0.));
#2184=DIRECTION('',(0.,-1.,0.));
#2185=DIRECTION('',(1.,0.,0.));
#2186=DIRECTION('',(0.,0.,-1.));
#2187=DIRECTION('',(0.,0.,1.));
#2188=DIRECTION('',(0.,0.,1.));
#2189=DIRECTION('',(0.,-1.,0.));
#2190=DIRECTION('',(0.,0.,1.));
#2191=DIRECTION('',(1.,0.,0.));
#2192=DIRECTION('',(-1.,0.,0.));
#2193=DIRECTION('',(-1.,0.,0.));
#2194=DIRECTION('',(0.,-1.,0.));
#2195=DIRECTION('',(-1.,0.,0.));
#2196=DIRECTION('',(0.,0.,1.));
#2197=DIRECTION('',(0.,0.,-1.));
#2198=DIRECTION('',(0.,0.,-1.));
#2199=DIRECTION('',(0.,1.,0.));
#2200=DIRECTION('',(0.,0.,1.));
#2201=DIRECTION('',(0.,-1.,0.));
#2202=DIRECTION('',(0.,0.,1.));
#2203=DIRECTION('',(0.,-1.,0.));
#2204=DIRECTION('',(0.,0.,-1.));
#2205=DIRECTION('',(0.,-1.,0.));
#2206=DIRECTION('',(0.,0.,-1.));
#2207=DIRECTION('',(0.,-1.,0.));
#2208=DIRECTION('',(0.,-1.,0.));
#2209=DIRECTION('',(0.,0.,-1.));
#2210=DIRECTION('',(0.,-1.,0.));
#2211=DIRECTION('',(-1.,0.,0.));
#2212=DIRECTION('',(0.,0.,1.));
#2213=DIRECTION('',(-1.33440267382831E-16,0.,-1.));
#2214=DIRECTION('',(0.,-1.,0.));
#2215=DIRECTION('',(-1.33440267382831E-16,0.,-1.));
#2216=DIRECTION('',(0.,-1.,0.));
#2217=DIRECTION('',(0.,0.,-1.));
#2218=DIRECTION('',(0.,-1.,0.));
#2219=DIRECTION('',(0.,0.,-1.));
#2220=DIRECTION('',(0.,-1.,0.));
#2221=DIRECTION('',(0.,-1.,0.));
#2222=DIRECTION('',(0.,0.,-1.));
#2223=DIRECTION('',(1.,0.,0.));
#2224=DIRECTION('',(0.,0.,-1.));
#2225=DIRECTION('',(0.,-1.,0.));
#2226=DIRECTION('',(-2.66880534765662E-16,0.,1.));
#2227=DIRECTION('',(0.,-1.,0.));
#2228=DIRECTION('',(-2.66880534765662E-16,0.,1.));
#2229=DIRECTION('',(0.,0.,1.));
#2230=DIRECTION('',(1.,0.,0.));
#2231=DIRECTION('',(0.,-1.,0.));
#2232=DIRECTION('',(0.,1.,0.));
#2233=DIRECTION('',(-1.,0.,0.));
#2234=DIRECTION('',(0.,1.,0.));
#2235=DIRECTION('',(0.,-1.,0.));
#2236=DIRECTION('',(-1.,0.,0.));
#2237=DIRECTION('',(-1.,0.,0.));
#2238=DIRECTION('',(0.,0.,-1.));
#2239=DIRECTION('',(-1.,0.,0.));
#2240=DIRECTION('',(0.,-1.,0.));
#2241=DIRECTION('',(1.,0.,-2.77555756156289E-16));
#2242=DIRECTION('',(0.,-1.,0.));
#2243=DIRECTION('',(1.,0.,-2.77555756156289E-16));
#2244=DIRECTION('',(1.,0.,-2.77555756156289E-16));
#2245=DIRECTION('',(0.,1.,0.));
#2246=DIRECTION('',(0.,0.,1.));
#2247=DIRECTION('',(0.,-1.,0.));
#2248=DIRECTION('',(0.,0.,1.));
#2249=DIRECTION('',(0.,-1.,0.));
#2250=DIRECTION('',(0.,0.,-1.));
#2251=DIRECTION('',(0.,-1.,0.));
#2252=DIRECTION('',(0.,0.,-1.));
#2253=DIRECTION('',(0.,-1.,0.));
#2254=DIRECTION('',(0.,0.,-1.));
#2255=DIRECTION('',(0.,-1.,0.));
#2256=DIRECTION('',(-1.,0.,0.));
#2257=DIRECTION('',(0.,0.,1.));
#2258=DIRECTION('',(-1.33440267382831E-16,0.,-1.));
#2259=DIRECTION('',(-1.33440267382831E-16,0.,-1.));
#2260=DIRECTION('',(0.,-1.,0.));
#2261=DIRECTION('',(0.,-1.,0.));
#2262=DIRECTION('',(0.,0.,-1.));
#2263=DIRECTION('',(0.,-1.,0.));
#2264=DIRECTION('',(0.,0.,-1.));
#2265=DIRECTION('',(0.,-1.,0.));
#2266=DIRECTION('',(0.,0.,-1.));
#2267=DIRECTION('',(-1.,0.,0.));
#2268=DIRECTION('',(0.,0.,1.));
#2269=DIRECTION('',(-1.33440267382831E-16,0.,-1.));
#2270=DIRECTION('',(-1.33440267382831E-16,0.,-1.));
#2271=DIRECTION('',(0.,-1.,0.));
#2272=DIRECTION('',(-1.33440267382831E-16,0.,-1.));
#2273=DIRECTION('',(0.,-1.,0.));
#2274=DIRECTION('',(0.,-1.,0.));
#2275=DIRECTION('',(0.,0.,-1.));
#2276=DIRECTION('',(-1.,0.,0.));
#2277=DIRECTION('',(0.,0.,-1.));
#2278=DIRECTION('',(1.,0.,0.));
#2279=DIRECTION('',(0.,0.,1.));
#2280=DIRECTION('',(0.,-1.,0.));
#2281=DIRECTION('',(0.,0.,-1.));
#2282=DIRECTION('',(0.,-1.,0.));
#2283=DIRECTION('',(0.,0.,-1.));
#2284=DIRECTION('',(0.,1.,0.));
#2285=DIRECTION('',(1.1224681315144E-14,0.,-1.));
#2286=DIRECTION('',(0.,1.,0.));
#2287=DIRECTION('',(0.,0.,-1.));
#2288=DIRECTION('',(0.,1.,0.));
#2289=DIRECTION('',(2.04085114820801E-15,0.,-1.));
#2290=DIRECTION('',(0.,-1.,0.));
#2291=DIRECTION('',(0.,0.,-1.));
#2292=DIRECTION('',(0.,1.,0.));
#2293=DIRECTION('',(-3.06127672231201E-15,0.,-1.));
#2294=DIRECTION('',(0.,1.,0.));
#2295=DIRECTION('',(0.,0.,-1.));
#2296=DIRECTION('',(0.,1.,0.));
#2297=DIRECTION('',(0.,0.,-1.));
#2298=DIRECTION('',(0.,-1.,0.));
#2299=DIRECTION('',(0.,0.,-1.));
#2300=DIRECTION('',(0.,-1.,0.));
#2301=DIRECTION('',(0.,0.,-1.));
#2302=DIRECTION('',(0.,-1.,0.));
#2303=DIRECTION('',(0.,0.,-1.));
#2304=DIRECTION('',(0.,1.,0.));
#2305=DIRECTION('',(0.,0.,-1.));
#2306=DIRECTION('',(0.,-1.,0.));
#2307=DIRECTION('',(0.,0.,-1.));
#2308=DIRECTION('',(0.,-1.,0.));
#2309=DIRECTION('',(0.,0.,-1.));
#2310=DIRECTION('',(0.,-1.,0.));
#2311=DIRECTION('',(0.,0.,-1.));
#2312=DIRECTION('',(0.,1.,0.));
#2313=DIRECTION('',(0.,0.,-1.));
#2314=DIRECTION('',(0.,-1.,0.));
#2315=DIRECTION('',(0.,0.,-1.));
#2316=DIRECTION('',(0.,-1.,0.));
#2317=DIRECTION('',(0.,0.,-1.));
#2318=DIRECTION('',(0.,-1.,0.));
#2319=DIRECTION('',(0.,0.,-1.));
#2320=DIRECTION('',(0.,-1.,0.));
#2321=DIRECTION('',(0.,0.,-1.));
#2322=DIRECTION('',(0.,-1.,0.));
#2323=DIRECTION('',(1.,0.,0.));
#2324=DIRECTION('',(0.,-1.,0.));
#2325=DIRECTION('',(0.,0.,-1.));
#2326=DIRECTION('',(0.,-1.,0.));
#2327=DIRECTION('',(0.,0.,-1.));
#2328=DIRECTION('',(0.,-1.,0.));
#2329=DIRECTION('',(0.,0.,-1.));
#2330=DIRECTION('',(1.,0.,-2.63649142708872E-16));
#2331=DIRECTION('',(0.,-1.,0.));
#2332=DIRECTION('',(0.,0.,-1.));
#2333=DIRECTION('',(-1.,0.,3.41480999208033E-15));
#2334=DIRECTION('',(-2.10269512239613E-16,0.,-1.));
#2335=DIRECTION('',(1.,0.,0.));
#2336=DIRECTION('',(0.,-1.,0.));
#2337=DIRECTION('',(0.,0.,-1.));
#2338=DIRECTION('',(-1.,0.,2.63649142708872E-16));
#2339=DIRECTION('',(0.,-1.,0.));
#2340=DIRECTION('',(0.,0.,-1.));
#2341=DIRECTION('',(1.,0.,0.));
#2342=DIRECTION('',(2.10269512239613E-16,0.,1.));
#2343=DIRECTION('',(-1.,0.,0.));
#2344=DIRECTION('',(0.,-1.,0.));
#2345=DIRECTION('',(0.,0.,-1.));
#2346=DIRECTION('',(0.,-1.,0.));
#2347=DIRECTION('',(0.,0.,-1.));
#2348=DIRECTION('',(0.,-1.,0.));
#2349=DIRECTION('',(0.,0.,-1.));
#2350=DIRECTION('',(0.,-1.,0.));
#2351=DIRECTION('',(0.,0.,-1.));
#2352=DIRECTION('',(0.,-1.,0.));
#2353=DIRECTION('',(0.,0.,-1.));
#2354=DIRECTION('',(0.,-1.,0.));
#2355=DIRECTION('',(0.,0.,-1.));
#2356=DIRECTION('',(0.,-1.,0.));
#2357=DIRECTION('',(0.,0.,-1.));
#2358=DIRECTION('',(0.,-1.,0.));
#2359=DIRECTION('',(0.,0.,-1.));
#2360=DIRECTION('',(1.,0.,0.));
#2361=DIRECTION('',(-2.10269512239613E-16,0.,-1.));
#2362=DIRECTION('',(-1.,0.,0.));
#2363=DIRECTION('',(0.,-1.,0.));
#2364=DIRECTION('',(0.,0.,-1.));
#2365=DIRECTION('',(1.,0.,-2.63649142708872E-16));
#2366=DIRECTION('',(0.,-1.,0.));
#2367=DIRECTION('',(0.,0.,-1.));
#2368=DIRECTION('',(-1.,0.,0.));
#2369=DIRECTION('',(2.10269512239613E-16,0.,1.));
#2370=DIRECTION('',(1.,0.,-3.41480999208033E-15));
#2371=DIRECTION('',(0.,-1.,0.));
#2372=DIRECTION('',(0.,0.,-1.));
#2373=DIRECTION('',(-1.,0.,2.63649142708872E-16));
#2374=DIRECTION('',(2.63649142708872E-16,0.,1.));
#2375=DIRECTION('',(1.,0.,-2.63649142708872E-16));
#2376=DIRECTION('',(0.,-1.,0.));
#2377=DIRECTION('',(0.,-1.,0.));
#2378=DIRECTION('',(0.,-1.,0.));
#2379=DIRECTION('',(0.,0.,-1.));
#2380=DIRECTION('',(0.,-1.,0.));
#2381=DIRECTION('',(-3.41480999208033E-15,0.,-1.));
#2382=DIRECTION('',(-1.,0.,3.41480999208033E-15));
#2383=DIRECTION('',(0.,-1.,0.));
#2384=DIRECTION('',(1.,0.,-2.10269512239613E-16));
#2385=DIRECTION('',(-2.10269512239613E-16,0.,-1.));
#2386=DIRECTION('',(0.,-1.,0.));
#2387=DIRECTION('',(0.,0.,1.));
#2388=DIRECTION('',(1.,0.,0.));
#2389=DIRECTION('',(0.,-1.,0.));
#2390=DIRECTION('',(0.,-1.,0.));
#2391=DIRECTION('',(0.,0.,-1.));
#2392=DIRECTION('',(0.,-1.,0.));
#2393=DIRECTION('',(-2.63649142708872E-16,0.,-1.));
#2394=DIRECTION('',(-1.,0.,2.63649142708872E-16));
#2395=DIRECTION('',(0.,-1.,0.));
#2396=DIRECTION('',(0.,-1.,0.));
#2397=DIRECTION('',(0.,0.,-1.));
#2398=DIRECTION('',(0.,-1.,0.));
#2399=DIRECTION('',(0.,0.,1.));
#2400=DIRECTION('',(1.,0.,0.));
#2401=DIRECTION('',(0.,-1.,0.));
#2402=DIRECTION('',(-1.,0.,2.10269512239613E-16));
#2403=DIRECTION('',(2.10269512239613E-16,0.,1.));
#2404=DIRECTION('',(0.,-1.,0.));
#2405=DIRECTION('',(0.,0.,-1.));
#2406=DIRECTION('',(-1.,0.,0.));
#2407=DIRECTION('',(0.,-1.,0.));
#2408=DIRECTION('',(0.,-1.,0.));
#2409=DIRECTION('',(0.,0.,-1.));
#2410=DIRECTION('',(0.,-1.,0.));
#2411=DIRECTION('',(0.,0.,-1.));
#2412=DIRECTION('',(0.,-1.,0.));
#2413=DIRECTION('',(0.,0.,-1.));
#2414=DIRECTION('',(0.,-1.,0.));
#2415=DIRECTION('',(0.,0.,-1.));
#2416=DIRECTION('',(0.,-1.,0.));
#2417=DIRECTION('',(0.,0.,-1.));
#2418=CARTESIAN_POINT('',(0.,0.,0.));
#2419=CARTESIAN_POINT('',(-0.009375,0.0048,-0.009));
#2420=CARTESIAN_POINT('',(-0.009375,0.000762,-0.009));
#2421=CARTESIAN_POINT('',(0.009375,0.000762,-0.009));
#2422=CARTESIAN_POINT('',(-0.009375,0.000762,-0.009));
#2423=CARTESIAN_POINT('',(-0.009375,0.0048,-0.009));
#2424=CARTESIAN_POINT('',(-0.009375,0.0058,-0.009));
#2425=CARTESIAN_POINT('',(-0.009375,0.0058,-0.009));
#2426=CARTESIAN_POINT('',(0.00178343508908609,0.0058,-0.009));
#2427=CARTESIAN_POINT('',(0.00178343508908609,0.0058,-0.009));
#2428=CARTESIAN_POINT('',(0.00178343508908609,0.0048,-0.009));
#2429=CARTESIAN_POINT('',(-0.009375,0.0048,-0.009));
#2430=CARTESIAN_POINT('',(0.009375,0.0048,-0.009));
#2431=CARTESIAN_POINT('',(0.009375,0.0048,-0.009));
#2432=CARTESIAN_POINT('',(0.009375,0.0048,0.009));
#2433=CARTESIAN_POINT('',(0.009375,0.000762,0.009));
#2434=CARTESIAN_POINT('',(-0.009375,0.000762,0.009));
#2435=CARTESIAN_POINT('',(0.009375,0.000762,0.009));
#2436=CARTESIAN_POINT('',(0.009375,0.0048,0.009));
#2437=CARTESIAN_POINT('',(0.009375,0.0048,0.009));
#2438=CARTESIAN_POINT('',(0.009375,0.0048,0.009));
#2439=CARTESIAN_POINT('',(0.00178343508908609,0.0048,0.009));
#2440=CARTESIAN_POINT('',(0.00178343508908609,0.0058,0.009));
#2441=CARTESIAN_POINT('',(0.00178343508908609,0.0058,0.009));
#2442=CARTESIAN_POINT('',(-0.009375,0.0058,0.009));
#2443=CARTESIAN_POINT('',(-0.009375,0.0058,0.009));
#2444=CARTESIAN_POINT('',(-0.009375,0.0048,0.009));
#2445=CARTESIAN_POINT('',(-0.011875,0.0048,0.0065));
#2446=CARTESIAN_POINT('',(-0.011875,0.000762,0.0065));
#2447=CARTESIAN_POINT('',(-0.011875,0.000762,0.0065));
#2448=CARTESIAN_POINT('',(-0.011875,0.000762,-0.0065));
#2449=CARTESIAN_POINT('',(-0.011875,0.0048,0.0065));
#2450=CARTESIAN_POINT('',(-0.011875,0.0058,0.0065));
#2451=CARTESIAN_POINT('',(-0.011875,0.0058,0.0065));
#2452=CARTESIAN_POINT('',(-0.011875,0.0058,-0.0065));
#2453=CARTESIAN_POINT('',(-0.011875,0.0048,-0.0065));
#2454=CARTESIAN_POINT('',(-0.009375,0.0048,-0.0065));
#2455=CARTESIAN_POINT('',(-0.009375,0.000762,-0.0065));
#2456=CARTESIAN_POINT('',(-0.009375,0.0058,-0.0065));
#2457=CARTESIAN_POINT('',(0.009375,0.0048,-0.0065));
#2458=CARTESIAN_POINT('',(0.011875,0.0048,-0.0065));
#2459=CARTESIAN_POINT('',(0.011875,0.0048,-0.0065));
#2460=CARTESIAN_POINT('',(0.011875,0.000762,-0.0065));
#2461=CARTESIAN_POINT('',(0.009375,0.000762,-0.0065));
#2462=CARTESIAN_POINT('',(0.009375,0.0048,-0.0065));
#2463=CARTESIAN_POINT('',(0.009375,0.0048,0.0065));
#2464=CARTESIAN_POINT('',(0.009375,0.000762,0.0065));
#2465=CARTESIAN_POINT('',(0.011875,0.000762,0.0065));
#2466=CARTESIAN_POINT('',(0.011875,0.0048,0.0065));
#2467=CARTESIAN_POINT('',(0.011875,0.0048,0.0065));
#2468=CARTESIAN_POINT('',(0.009375,0.0048,0.0065));
#2469=CARTESIAN_POINT('',(-0.009375,0.0048,0.0065));
#2470=CARTESIAN_POINT('',(-0.009375,0.000762,0.0065));
#2471=CARTESIAN_POINT('',(-0.009375,0.0058,0.0065));
#2472=CARTESIAN_POINT('',(0.011875,0.0048,-0.0065));
#2473=CARTESIAN_POINT('',(0.011875,0.000762,-0.0065));
#2474=CARTESIAN_POINT('',(0.011875,0.0048,-0.0065));
#2475=CARTESIAN_POINT('',(0.011875,0.0048,-0.00317092010291185));
#2476=CARTESIAN_POINT('',(0.011875,0.0048,-0.00317092010291185));
#2477=CARTESIAN_POINT('',(0.011875,0.0016,-0.00317092010291185));
#2478=CARTESIAN_POINT('',(0.011875,0.0016,-0.00317092010291185));
#2479=CARTESIAN_POINT('',(0.011875,0.0016,0.00322908008286154));
#2480=CARTESIAN_POINT('',(0.011875,0.0048,0.00322908008286154));
#2481=CARTESIAN_POINT('',(0.011875,0.0048,0.00322908008286154));
#2482=CARTESIAN_POINT('',(0.011875,0.0048,-0.0065));
#2483=CARTESIAN_POINT('',(-0.00960639176619525,0.0068,-0.00729707719114451));
#2484=CARTESIAN_POINT('',(-0.0102604894320802,0.0048,-0.00795117485702942));
#2485=CARTESIAN_POINT('',(-0.0102604894320802,0.005,-0.00795117485702942));
#2486=CARTESIAN_POINT('',(-0.0102604894320802,0.0016,-0.00795117485702942));
#2487=CARTESIAN_POINT('',(-0.00960639176619525,0.005,-0.00729707719114451));
#2488=CARTESIAN_POINT('',(-0.00960639176619525,0.005,-0.00729707719114451));
#2489=CARTESIAN_POINT('',(-0.00960639176619525,0.0068,-0.00729707719114451));
#2490=CARTESIAN_POINT('',(-0.00960639176619525,0.0016,-0.00729707719114451));
#2491=CARTESIAN_POINT('',(-0.00960639176619525,0.0016,-0.00729707719114451));
#2492=CARTESIAN_POINT('',(-0.0101720771911445,0.0068,-0.00673139176619527));
#2493=CARTESIAN_POINT('',(-0.0108261748570294,0.0048,-0.00738548943208019));
#2494=CARTESIAN_POINT('',(-0.0108261748570294,0.0016,-0.00738548943208019));
#2495=CARTESIAN_POINT('',(-0.0108261748570294,0.005,-0.00738548943208019));
#2496=CARTESIAN_POINT('',(-0.0101720771911445,0.0016,-0.00673139176619527));
#2497=CARTESIAN_POINT('',(-0.0101720771911445,0.0016,-0.00673139176619527));
#2498=CARTESIAN_POINT('',(-0.0101720771911445,0.0068,-0.00673139176619527));
#2499=CARTESIAN_POINT('',(-0.0101720771911445,0.005,-0.00673139176619527));
#2500=CARTESIAN_POINT('',(-0.0101720771911445,0.005,-0.00673139176619527));
#2501=CARTESIAN_POINT('',(-0.00960639176619525,0.0068,-0.00729707719114451));
#2502=CARTESIAN_POINT('',(-0.00960639176619525,0.005,-0.00729707719114451));
#2503=CARTESIAN_POINT('',(-0.00960639176619525,0.0016,-0.00729707719114451));
#2504=CARTESIAN_POINT('',(0.,0.0016,0.));
#2505=CARTESIAN_POINT('',(-0.009375,0.0016,-0.0065));
#2506=CARTESIAN_POINT('',(-0.00960639176619525,0.0068,0.00729707719114451));
#2507=CARTESIAN_POINT('',(-0.0101720771911445,0.0068,0.00673139176619527));
#2508=CARTESIAN_POINT('',(-0.0101720771911445,0.005,0.00673139176619527));
#2509=CARTESIAN_POINT('',(-0.0101720771911445,0.0016,0.00673139176619527));
#2510=CARTESIAN_POINT('',(-0.00960639176619525,0.005,0.00729707719114451));
#2511=CARTESIAN_POINT('',(-0.00960639176619525,0.005,0.00729707719114451));
#2512=CARTESIAN_POINT('',(-0.00960639176619525,0.0068,0.00729707719114451));
#2513=CARTESIAN_POINT('',(-0.00960639176619525,0.0016,0.00729707719114451));
#2514=CARTESIAN_POINT('',(-0.00960639176619525,0.0016,0.00729707719114451));
#2515=CARTESIAN_POINT('',(-0.0101720771911445,0.0068,0.00673139176619527));
#2516=CARTESIAN_POINT('',(-0.0108261748570294,0.0048,0.00738548943208019));
#2517=CARTESIAN_POINT('',(-0.0108261748570294,0.005,0.00738548943208019));
#2518=CARTESIAN_POINT('',(-0.0108261748570294,0.0016,0.00738548943208019));
#2519=CARTESIAN_POINT('',(-0.0101720771911445,0.005,0.00673139176619527));
#2520=CARTESIAN_POINT('',(-0.0101720771911445,0.0016,0.00673139176619527));
#2521=CARTESIAN_POINT('',(-0.00960639176619525,0.0068,0.00729707719114451));
#2522=CARTESIAN_POINT('',(-0.0102604894320802,0.0048,0.00795117485702943));
#2523=CARTESIAN_POINT('',(-0.0102604894320802,0.0016,0.00795117485702943));
#2524=CARTESIAN_POINT('',(-0.0102604894320802,0.005,0.00795117485702943));
#2525=CARTESIAN_POINT('',(-0.00960639176619525,0.0016,0.00729707719114451));
#2526=CARTESIAN_POINT('',(-0.00960639176619525,0.005,0.00729707719114451));
#2527=CARTESIAN_POINT('',(0.,0.0016,0.));
#2528=CARTESIAN_POINT('',(-0.009375,0.0016,0.0065));
#2529=CARTESIAN_POINT('',(0.00960639176619525,0.0058,0.00729707719114451));
#2530=CARTESIAN_POINT('',(0.0102604894320802,0.0048,0.00795117485702942));
#2531=CARTESIAN_POINT('',(0.0102604894320802,0.004,0.00795117485702942));
#2532=CARTESIAN_POINT('',(0.0102604894320802,0.0016,0.00795117485702942));
#2533=CARTESIAN_POINT('',(0.00960639176619525,0.004,0.00729707719114451));
#2534=CARTESIAN_POINT('',(0.00960639176619525,0.004,0.00729707719114451));
#2535=CARTESIAN_POINT('',(0.00960639176619525,0.0058,0.00729707719114451));
#2536=CARTESIAN_POINT('',(0.00960639176619525,0.0016,0.00729707719114451));
#2537=CARTESIAN_POINT('',(0.00960639176619525,0.0016,0.00729707719114451));
#2538=CARTESIAN_POINT('',(0.0101720771911445,0.0058,0.00673139176619527));
#2539=CARTESIAN_POINT('',(0.0108261748570294,0.0048,0.00738548943208019));
#2540=CARTESIAN_POINT('',(0.0108261748570294,0.0016,0.00738548943208019));
#2541=CARTESIAN_POINT('',(0.0108261748570294,0.004,0.00738548943208019));
#2542=CARTESIAN_POINT('',(0.0101720771911445,0.0016,0.00673139176619527));
#2543=CARTESIAN_POINT('',(0.0101720771911445,0.0016,0.00673139176619527));
#2544=CARTESIAN_POINT('',(0.0101720771911445,0.0058,0.00673139176619527));
#2545=CARTESIAN_POINT('',(0.0101720771911445,0.004,0.00673139176619527));
#2546=CARTESIAN_POINT('',(0.0101720771911445,0.004,0.00673139176619527));
#2547=CARTESIAN_POINT('',(0.00960639176619525,0.0058,0.00729707719114451));
#2548=CARTESIAN_POINT('',(0.00960639176619525,0.004,0.00729707719114451));
#2549=CARTESIAN_POINT('',(0.00960639176619525,0.0016,0.00729707719114451));
#2550=CARTESIAN_POINT('',(0.,0.0016,0.));
#2551=CARTESIAN_POINT('',(0.009375,0.0016,0.0065));
#2552=CARTESIAN_POINT('',(0.00960639176619525,0.0058,-0.00729707719114451));
#2553=CARTESIAN_POINT('',(0.0101720771911445,0.0058,-0.00673139176619527));
#2554=CARTESIAN_POINT('',(0.0101720771911445,0.004,-0.00673139176619527));
#2555=CARTESIAN_POINT('',(0.0101720771911445,0.0016,-0.00673139176619527));
#2556=CARTESIAN_POINT('',(0.00960639176619525,0.004,-0.00729707719114451));
#2557=CARTESIAN_POINT('',(0.00960639176619525,0.004,-0.00729707719114451));
#2558=CARTESIAN_POINT('',(0.00960639176619525,0.0058,-0.00729707719114451));
#2559=CARTESIAN_POINT('',(0.00960639176619525,0.0016,-0.00729707719114451));
#2560=CARTESIAN_POINT('',(0.00960639176619525,0.0016,-0.00729707719114451));
#2561=CARTESIAN_POINT('',(0.0101720771911445,0.0058,-0.00673139176619527));
#2562=CARTESIAN_POINT('',(0.0108261748570294,0.0048,-0.00738548943208019));
#2563=CARTESIAN_POINT('',(0.0108261748570294,0.004,-0.00738548943208019));
#2564=CARTESIAN_POINT('',(0.0108261748570294,0.0016,-0.00738548943208018));
#2565=CARTESIAN_POINT('',(0.0101720771911445,0.004,-0.00673139176619527));
#2566=CARTESIAN_POINT('',(0.0101720771911445,0.0016,-0.00673139176619527));
#2567=CARTESIAN_POINT('',(0.00960639176619525,0.0058,-0.00729707719114451));
#2568=CARTESIAN_POINT('',(0.0102604894320802,0.0048,-0.00795117485702942));
#2569=CARTESIAN_POINT('',(0.0102604894320802,0.0016,-0.00795117485702942));
#2570=CARTESIAN_POINT('',(0.0102604894320802,0.004,-0.00795117485702942));
#2571=CARTESIAN_POINT('',(0.00960639176619525,0.0016,-0.00729707719114451));
#2572=CARTESIAN_POINT('',(0.00960639176619525,0.004,-0.00729707719114451));
#2573=CARTESIAN_POINT('',(0.,0.0016,0.));
#2574=CARTESIAN_POINT('',(0.009375,0.0016,-0.0065));
#2575=CARTESIAN_POINT('',(0.,0.0016,0.));
#2576=CARTESIAN_POINT('',(0.011075,0.0016,-0.00317092010291185));
#2577=CARTESIAN_POINT('',(0.011075,0.0016,-0.00317092010291185));
#2578=CARTESIAN_POINT('',(0.011075,0.0016,0.00322908008286154));
#2579=CARTESIAN_POINT('',(0.011075,0.0016,0.00322908008286154));
#2580=CARTESIAN_POINT('',(0.011075,0.0016,-0.00317092010291185));
#2581=CARTESIAN_POINT('',(-0.009375,0.0058,-0.0065));
#2582=CARTESIAN_POINT('',(-0.00664086834646846,0.0058,-0.00609442839613556));
#2583=CARTESIAN_POINT('',(-0.00664086834646846,0.0058,-0.00608944548763337));
#2584=CARTESIAN_POINT('',(-0.00232516999927701,0.0062,-0.00145000000000002));
#2585=CARTESIAN_POINT('',(-0.00232516999927701,0.0058,-0.00145000000000002));
#2586=CARTESIAN_POINT('',(-0.006675169999277,0.0058,-0.00145000000000002));
#2587=CARTESIAN_POINT('',(-0.00112516999927702,0.0058,-0.00145000000000002));
#2588=CARTESIAN_POINT('',(-0.00112516999927702,0.0062,-0.00145000000000002));
#2589=CARTESIAN_POINT('',(-0.00112516999927702,0.0062,-0.00145000000000002));
#2590=CARTESIAN_POINT('',(-0.006675169999277,0.0062,-0.00145000000000002));
#2591=CARTESIAN_POINT('',(-0.006675169999277,0.0062,-0.00145000000000002));
#2592=CARTESIAN_POINT('',(-0.006675169999277,0.0062,-0.00145000000000002));
#2593=CARTESIAN_POINT('',(-0.00667516999927701,0.0062,-0.00345));
#2594=CARTESIAN_POINT('',(-0.00667516999927701,0.0058,-0.00345));
#2595=CARTESIAN_POINT('',(-0.00867516999927702,0.0058,-0.00345));
#2596=CARTESIAN_POINT('',(-0.00667516999927701,0.0062,-0.00345));
#2597=CARTESIAN_POINT('',(-0.00867516999927702,0.0062,-0.00345));
#2598=CARTESIAN_POINT('',(-0.00867516999927702,0.0062,-0.00345));
#2599=CARTESIAN_POINT('',(-0.00867516999927702,0.0062,-0.00465));
#2600=CARTESIAN_POINT('',(-0.00867516999927702,0.0058,-0.00465));
#2601=CARTESIAN_POINT('',(-0.00867516999927702,0.0058,-0.00585));
#2602=CARTESIAN_POINT('',(-0.00867516999927702,0.0062,-0.00585));
#2603=CARTESIAN_POINT('',(-0.00867516999927702,0.0062,-0.00585));
#2604=CARTESIAN_POINT('',(-0.00867516999927702,0.0062,-0.00585));
#2605=CARTESIAN_POINT('',(-0.00667516999927701,0.0062,-0.00585));
#2606=CARTESIAN_POINT('',(-0.00667516999927701,0.0058,-0.00585));
#2607=CARTESIAN_POINT('',(-0.00667516999927701,0.0058,-0.00785));
#2608=CARTESIAN_POINT('',(-0.00667516999927701,0.0062,-0.00585));
#2609=CARTESIAN_POINT('',(-0.00667516999927701,0.0062,-0.00785));
#2610=CARTESIAN_POINT('',(-0.00667516999927701,0.0062,-0.00785));
#2611=CARTESIAN_POINT('',(-0.00547516999927702,0.0062,-0.00785));
#2612=CARTESIAN_POINT('',(-0.00547516999927702,0.0058,-0.00785));
#2613=CARTESIAN_POINT('',(-0.00112516999927702,0.0058,-0.00785));
#2614=CARTESIAN_POINT('',(-0.00112516999927702,0.0062,-0.00785));
#2615=CARTESIAN_POINT('',(-0.00112516999927702,0.0062,-0.00785));
#2616=CARTESIAN_POINT('',(-0.00112516999927702,0.0062,-0.00785));
#2617=CARTESIAN_POINT('',(-0.00112516999927701,0.0062,-0.00585));
#2618=CARTESIAN_POINT('',(-0.00112516999927701,0.0058,-0.00585));
#2619=CARTESIAN_POINT('',(0.000874830000722993,0.0058,-0.00585));
#2620=CARTESIAN_POINT('',(-0.00112516999927701,0.0062,-0.00585));
#2621=CARTESIAN_POINT('',(0.000874830000722993,0.0062,-0.00585));
#2622=CARTESIAN_POINT('',(0.000874830000722993,0.0062,-0.00585));
#2623=CARTESIAN_POINT('',(0.000874830000722992,0.0062,-0.00345));
#2624=CARTESIAN_POINT('',(0.000874830000722992,0.0058,-0.00345));
#2625=CARTESIAN_POINT('',(0.000874830000722993,0.0058,-0.00345));
#2626=CARTESIAN_POINT('',(0.000874830000722992,0.0062,-0.00345));
#2627=CARTESIAN_POINT('',(0.000874830000722992,0.0062,-0.00345));
#2628=CARTESIAN_POINT('',(0.000874830000722992,0.0062,-0.00345));
#2629=CARTESIAN_POINT('',(-0.00112516999927701,0.0062,-0.00345));
#2630=CARTESIAN_POINT('',(-0.00112516999927701,0.0058,-0.00345));
#2631=CARTESIAN_POINT('',(-0.00112516999927701,0.0062,-0.00345));
#2632=CARTESIAN_POINT('',(-0.00112516999927701,0.0062,-0.00345));
#2633=CARTESIAN_POINT('',(-0.00664086834646846,0.0062,-0.00609442839613556));
#2634=CARTESIAN_POINT('',(-0.00664086834646846,0.0062,-0.00608944548763337));
#2635=CARTESIAN_POINT('',(-0.00547516999927702,0.0062,-0.00285));
#2636=CARTESIAN_POINT('',(-0.00547516999927702,0.0062,-0.00285));
#2637=CARTESIAN_POINT('',(-0.00232516999927701,0.0062,-0.00285));
#2638=CARTESIAN_POINT('',(-0.00547516999927702,0.0062,-0.00465));
#2639=CARTESIAN_POINT('',(-0.00547516999927702,0.0062,-0.00645));
#2640=CARTESIAN_POINT('',(-0.00547516999927702,0.0062,-0.00645));
#2641=CARTESIAN_POINT('',(-0.00232516999927701,0.0062,-0.00645));
#2642=CARTESIAN_POINT('',(-0.00232516999927701,0.0062,-0.00465));
#2643=CARTESIAN_POINT('',(0.0133603102641123,0.00580202543450713,0.00322908008286154));
#2644=CARTESIAN_POINT('',(0.011075,0.0048,0.00322908008286154));
#2645=CARTESIAN_POINT('',(0.011075,0.004,0.00322908008286154));
#2646=CARTESIAN_POINT('',(-0.009375,0.004,0.00322908008286155));
#2647=CARTESIAN_POINT('',(0.00613805735821868,0.004,0.00322908008286154));
#2648=CARTESIAN_POINT('',(0.00613805735821868,0.00580202543450713,0.00322908008286154));
#2649=CARTESIAN_POINT('',(0.00613805735821868,0.0048,0.00322908008286154));
#2650=CARTESIAN_POINT('',(-0.009375,0.0048,0.00322908008286155));
#2651=CARTESIAN_POINT('',(0.00613805735821868,0.00580202543450713,0.00322908008286154));
#2652=CARTESIAN_POINT('',(0.00613805735821868,0.0048,0.0065));
#2653=CARTESIAN_POINT('',(0.00613805735821868,0.0048,-0.00317092010291185));
#2654=CARTESIAN_POINT('',(0.00613805735821868,0.004,0.0065));
#2655=CARTESIAN_POINT('',(0.00613805735821868,0.004,-0.00317092010291185));
#2656=CARTESIAN_POINT('',(0.00613805735821868,0.00580202543450713,-0.00317092010291185));
#2657=CARTESIAN_POINT('',(0.00613805735821868,0.00580202543450713,-0.00317092010291185));
#2658=CARTESIAN_POINT('',(-0.009375,0.0048,-0.00317092010291185));
#2659=CARTESIAN_POINT('',(-0.009375,0.004,-0.00317092010291185));
#2660=CARTESIAN_POINT('',(0.011075,0.004,-0.00317092010291185));
#2661=CARTESIAN_POINT('',(0.011075,0.0048,-0.00317092010291185));
#2662=CARTESIAN_POINT('',(-0.00547516999927702,0.00580202543450713,-0.00645));
#2663=CARTESIAN_POINT('',(-0.00232516999927701,0.00580202543450713,-0.00645));
#2664=CARTESIAN_POINT('',(-0.00232516999927701,0.005,-0.00645));
#2665=CARTESIAN_POINT('',(-0.00547516999927702,0.00580202543450713,-0.00645));
#2666=CARTESIAN_POINT('',(-0.00547516999927701,0.005,-0.00645));
#2667=CARTESIAN_POINT('',(-0.009375,0.005,-0.00645));
#2668=CARTESIAN_POINT('',(-0.00232516999927701,0.00580202543450713,-0.00465));
#2669=CARTESIAN_POINT('',(-0.00232516999927701,0.00580202543450713,-0.00285));
#2670=CARTESIAN_POINT('',(-0.00232516999927701,0.005,-0.00285));
#2671=CARTESIAN_POINT('',(-0.00232516999927701,0.005,-0.00465));
#2672=CARTESIAN_POINT('',(-0.00547516999927702,0.00580202543450713,-0.00285));
#2673=CARTESIAN_POINT('',(-0.00547516999927702,0.00580202543450713,-0.00285));
#2674=CARTESIAN_POINT('',(-0.00547516999927702,0.005,-0.00285));
#2675=CARTESIAN_POINT('',(-0.009375,0.005,-0.00285));
#2676=CARTESIAN_POINT('',(-0.00547516999927702,0.00580202543450713,-0.00465));
#2677=CARTESIAN_POINT('',(-0.00547516999927702,0.005,-0.00465));
#2678=CARTESIAN_POINT('',(0.000802771825713727,0.00580202543450713,0.0074522646545643));
#2679=CARTESIAN_POINT('',(-0.009375,0.0058,0.0074522646545643));
#2680=CARTESIAN_POINT('',(0.000802771825713727,0.0058,0.0074522646545643));
#2681=CARTESIAN_POINT('',(0.00181227313909026,0.0058,0.0074522646545643));
#2682=CARTESIAN_POINT('',(0.00181227313909026,0.00580202543450713,0.0074522646545643));
#2683=CARTESIAN_POINT('',(0.00181227313909026,0.005,0.0074522646545643));
#2684=CARTESIAN_POINT('',(-0.009375,0.005,0.0074522646545643));
#2685=CARTESIAN_POINT('',(0.000802771825713727,0.005,0.0074522646545643));
#2686=CARTESIAN_POINT('',(0.000802771825713727,0.00580202543450713,0.0074522646545643));
#2687=CARTESIAN_POINT('',(0.000802771825713727,0.00580202543450713,0.0074522646545643));
#2688=CARTESIAN_POINT('',(0.000802771825713727,0.0058,-0.0065));
#2689=CARTESIAN_POINT('',(0.000802771825713727,0.0058,0.00567876389666161));
#2690=CARTESIAN_POINT('',(0.000802771825713727,0.005,-0.0065));
#2691=CARTESIAN_POINT('',(0.000802771825713727,0.005,0.00567876389666161));
#2692=CARTESIAN_POINT('',(0.000802771825713727,0.00580202543450713,0.00567876389666161));
#2693=CARTESIAN_POINT('',(0.000802771825713727,0.00580202543450713,0.00567876389666161));
#2694=CARTESIAN_POINT('',(-0.009375,0.0058,0.00567876389666161));
#2695=CARTESIAN_POINT('',(0.00181227313909026,0.0058,0.00567876389666161));
#2696=CARTESIAN_POINT('',(-0.009375,0.005,0.00567876389666161));
#2697=CARTESIAN_POINT('',(0.00181227313909026,0.005,0.00567876389666161));
#2698=CARTESIAN_POINT('',(0.00181227313909026,0.00580202543450713,0.00567876389666161));
#2699=CARTESIAN_POINT('',(0.00181227313909026,0.00580202543450713,0.0074522646545643));
#2700=CARTESIAN_POINT('',(0.00181227313909026,0.0058,-0.0065));
#2701=CARTESIAN_POINT('',(0.00181227313909026,0.005,-0.0065));
#2702=CARTESIAN_POINT('',(-0.00206112232918395,0.00507858663446509,0.00581210719461563));
#2703=CARTESIAN_POINT('',(-0.00223159321295758,0.0048913847278115,0.00551863311185904));
#2704=CARTESIAN_POINT('',(-0.00239560772121811,0.00470339578013833,0.00522106466699561));
#2705=CARTESIAN_POINT('',(-0.00254770161313342,0.00451786199844618,0.00491343832063101));
#2706=CARTESIAN_POINT('',(-0.00262374855909108,0.0044250951076001,0.00475962514744872));
#2707=CARTESIAN_POINT('',(-0.00269674973152034,0.00433300131971224,0.00460321285815481));
#2708=CARTESIAN_POINT('',(-0.0027659787968878,0.00424292131356801,0.00444282722722514));
#2709=CARTESIAN_POINT('',(-0.00283520786225527,0.00415284130742377,0.00428244159629547));
#2710=CARTESIAN_POINT('',(-0.00290057958502176,0.00406474288139397,0.00411804251360008));
#2711=CARTESIAN_POINT('',(-0.00296219546573278,0.00398125237084521,0.00394802339574871));
#2712=CARTESIAN_POINT('',(-0.00232305308668069,0.00509065147712528,0.00583549248016396));
#2713=CARTESIAN_POINT('',(-0.00246460319886375,0.00490419327953084,0.00556105935034758));
#2714=CARTESIAN_POINT('',(-0.00259994351079981,0.00471700784207422,0.00528310453786212));
#2715=CARTESIAN_POINT('',(-0.00272367108285782,0.00453181190430371,0.00499626073622345));
#2716=CARTESIAN_POINT('',(-0.00278553486888682,0.00443921393541845,0.00485283883540411));
#2717=CARTESIAN_POINT('',(-0.00284443088324411,0.00434716110495082,0.00470711997483729));
#2718=CARTESIAN_POINT('',(-0.00289954868698816,0.00425680138060188,0.00455778670871203));
#2719=CARTESIAN_POINT('',(-0.00295466649073221,0.00416644165625293,0.00440845344258678));
#2720=CARTESIAN_POINT('',(-0.00300593162148611,0.00407773558198136,0.00425548456339214));
#2721=CARTESIAN_POINT('',(-0.00305314662118652,0.00399303425043594,0.004097128214501));
#2722=CARTESIAN_POINT('',(-0.00257957616534915,0.00510378450651609,0.00585811568800593));
#2723=CARTESIAN_POINT('',(-0.00269651976066485,0.0049184623104506,0.00560093249214021));
#2724=CARTESIAN_POINT('',(-0.00280766001782428,0.00473248854364515,0.00534088799489954));
#2725=CARTESIAN_POINT('',(-0.0029075998572673,0.00454798484695369,0.00507331132434236));
#2726=CARTESIAN_POINT('',(-0.00295756977698881,0.00445573299860795,0.00493952298906377));
#2727=CARTESIAN_POINT('',(-0.00300467424977572,0.00436388356166841,0.00480378832922463));
#2728=CARTESIAN_POINT('',(-0.00304796486329993,0.00427337887322349,0.00466486327926582));
#2729=CARTESIAN_POINT('',(-0.00309125547682415,0.00418287418477856,0.00452593822930701));
#2730=CARTESIAN_POINT('',(-0.00313067204220145,0.00409366605899834,0.00438382412086086));
#2731=CARTESIAN_POINT('',(-0.00316558139619994,0.00400782682729017,0.00423661681573116));
#2732=CARTESIAN_POINT('',(-0.00283303823927491,0.00511618406299144,0.00587764381687348));
#2733=CARTESIAN_POINT('',(-0.00292884316279313,0.00493219080412318,0.00563486735113634));
#2734=CARTESIAN_POINT('',(-0.00301946022403154,0.00474765659945781,0.00538986464892609));
#2735=CARTESIAN_POINT('',(-0.00309976624809572,0.00456417158111434,0.005138825043705));
#2736=CARTESIAN_POINT('',(-0.00313991926012781,0.00447242907194261,0.00501330524109445));
#2737=CARTESIAN_POINT('',(-0.00317743308881649,0.00438097349931988,0.00488622629386082));
#2738=CARTESIAN_POINT('',(-0.00321128748138145,0.00429053815048114,0.0047565131481468));
#2739=CARTESIAN_POINT('',(-0.00324514187394641,0.00420010280164241,0.00462680000243279));
#2740=CARTESIAN_POINT('',(-0.00327529985684557,0.0041106392826943,0.00449447059303984));
#2741=CARTESIAN_POINT('',(-0.00330072919529332,0.00402385152622602,0.00435770713844071));
#2742=CARTESIAN_POINT('',(-0.00308650031320068,0.00512858361946678,0.00589717194574104));
#2743=CARTESIAN_POINT('',(-0.00316116656492142,0.00494591929779575,0.00566880221013246));
#2744=CARTESIAN_POINT('',(-0.00323126043023881,0.00476282465527046,0.00543884130295265));
#2745=CARTESIAN_POINT('',(-0.00329193263892415,0.004580358315275,0.00520433876306764));
#2746=CARTESIAN_POINT('',(-0.00332226874326682,0.00448912514527727,0.00508708749312514));
#2747=CARTESIAN_POINT('',(-0.00335019192785726,0.00439806343697135,0.00496866425849701));
#2748=CARTESIAN_POINT('',(-0.00337461009946297,0.0043076974277388,0.00484816301702779));
#2749=CARTESIAN_POINT('',(-0.00339902827106868,0.00421733141850625,0.00472766177555857));
#2750=CARTESIAN_POINT('',(-0.00341992767148971,0.00412761250639026,0.00460511706521882));
#2751=CARTESIAN_POINT('',(-0.00343587699438669,0.00403987622516186,0.00447879746115026));
#2752=CARTESIAN_POINT('',(-0.00333702222389851,0.00514010677853184,0.00591345276529434));
#2753=CARTESIAN_POINT('',(-0.00339412286215252,0.00495894765319566,0.00569657295204949));
#2754=CARTESIAN_POINT('',(-0.0034474897695974,0.00477750189635678,0.00547870050120266));
#2755=CARTESIAN_POINT('',(-0.00349288134225929,0.00459638022344432,0.00525790631842434));
#2756=CARTESIAN_POINT('',(-0.00351557712859023,0.00450581938698809,0.00514750922703518));
#2757=CARTESIAN_POINT('',(-0.00353623088311335,0.00441534695470368,0.00503635948719896));
#2758=CARTESIAN_POINT('',(-0.00355377603998404,0.00432528153629544,0.00492382883317791));
#2759=CARTESIAN_POINT('',(-0.00357132119685474,0.00423521611788722,0.00481129817915687));
#2760=CARTESIAN_POINT('',(-0.00358577542833906,0.00414552030383271,0.00469742524506312));
#2761=CARTESIAN_POINT('',(-0.00359541421054703,0.00405706512794322,0.00458088287074048));
#2762=CARTESIAN_POINT('',(-0.003586341563959,0.00514814906568337,0.00592439516055761));
#2763=CARTESIAN_POINT('',(-0.00362771182246197,0.00496808361457341,0.00571514051415097));
#2764=CARTESIAN_POINT('',(-0.00366626292271581,0.00478784234123006,0.00550529268235978));
#2765=CARTESIAN_POINT('',(-0.00369868221039328,0.00460777885501505,0.00529367237388721));
#2766=CARTESIAN_POINT('',(-0.00371489185423202,0.00451774711190755,0.00518786221965093));
#2767=CARTESIAN_POINT('',(-0.0037295318906856,0.00442776382663539,0.00508159581277962));
#2768=CARTESIAN_POINT('',(-0.00374172742264515,0.00433801792800062,0.00497447944766434));
#2769=CARTESIAN_POINT('',(-0.0037539229546047,0.00424827202936584,0.00486736308254907));
#2770=CARTESIAN_POINT('',(-0.00376370109985419,0.0041587391755799,0.00475942487620527));
#2771=CARTESIAN_POINT('',(-0.00376952435789027,0.00406995197112025,0.00464980026747476));
#2772=CARTESIAN_POINT('',(-0.00383566090401948,0.0051561913528349,0.00593533755582087));
#2773=CARTESIAN_POINT('',(-0.00386130078277143,0.00497721957595115,0.00573370807625246));
#2774=CARTESIAN_POINT('',(-0.00388503607583423,0.00479818278610333,0.00553188486351689));
#2775=CARTESIAN_POINT('',(-0.00390448307852729,0.00461917748658578,0.00532943842935008));
#2776=CARTESIAN_POINT('',(-0.00391420657987381,0.00452967483682701,0.00522821521226668));
#2777=CARTESIAN_POINT('',(-0.00392283289825787,0.0044401806985671,0.00512683213836029));
#2778=CARTESIAN_POINT('',(-0.00392967880530627,0.00435075431970578,0.00502513006215078));
#2779=CARTESIAN_POINT('',(-0.00393652471235466,0.00426132794084447,0.00492342798594126));
#2780=CARTESIAN_POINT('',(-0.00394162677136932,0.00417195804732709,0.00482142450734742));
#2781=CARTESIAN_POINT('',(-0.0039436345052335,0.00408283881429729,0.00471871766420904));
#2782=CARTESIAN_POINT('',(-0.00408370814393906,0.00516066981989235,0.00594099047480904));
#2783=CARTESIAN_POINT('',(-0.00409552031044963,0.00498236469354623,0.00574319443750156));
#2784=CARTESIAN_POINT('',(-0.00410644227544897,0.00480406587070485,0.00554541876033181));
#2785=CARTESIAN_POINT('',(-0.00411535601590582,0.00462576186624209,0.00534770648082073));
#2786=CARTESIAN_POINT('',(-0.00411981288613426,0.00453660986401071,0.00524885034106519));
#2787=CARTESIAN_POINT('',(-0.00412375606430062,0.00444745646034325,0.00515001048640722));
#2788=CARTESIAN_POINT('',(-0.00412686311315053,0.00435829517487783,0.005051202182444));
#2789=CARTESIAN_POINT('',(-0.00412997016200044,0.00426913388941242,0.00495239387848077));
#2790=CARTESIAN_POINT('',(-0.00413225985801241,0.00417996575517575,0.00485361564532169));
#2791=CARTESIAN_POINT('',(-0.00413308379131342,0.00409077107617734,0.00475490418670762));
#2792=CARTESIAN_POINT('',(-0.00433185609309308,0.00516022045639575,0.00594040916188588));
#2793=CARTESIAN_POINT('',(-0.00432989591416828,0.00498184998871914,0.00574221477036356));
#2794=CARTESIAN_POINT('',(-0.0043280839525124,0.00480347903751902,0.00554401881535284));
#2795=CARTESIAN_POINT('',(-0.00432660643915613,0.00462510848631725,0.00534581799045391));
#2796=CARTESIAN_POINT('',(-0.00432586768247799,0.00453592321071636,0.00524671757800444));
#2797=CARTESIAN_POINT('',(-0.00432521447520101,0.00444673804326701,0.0051476159146223));
#2798=CARTESIAN_POINT('',(-0.00432470055554187,0.00435755348225867,0.00504851182721984));
#2799=CARTESIAN_POINT('',(-0.00432418663588272,0.00426836892125034,0.00494940773981739));
#2800=CARTESIAN_POINT('',(-0.00432380886470978,0.00417918488723511,0.00485030134222594));
#2801=CARTESIAN_POINT('',(-0.00432367539503847,0.00409000289469373,0.00475118981304637));
#2802=CARTESIAN_POINT('',(-0.0045800040422471,0.00515977109289915,0.00593982784896271));
#2803=CARTESIAN_POINT('',(-0.00456427151788693,0.00498133528389206,0.00574123510322557));
#2804=CARTESIAN_POINT('',(-0.00454972562957583,0.00480289220433319,0.00554261887037386));
#2805=CARTESIAN_POINT('',(-0.00453785686240643,0.00462445510639241,0.00534392950008708));
#2806=CARTESIAN_POINT('',(-0.00453192247882174,0.00453523655742201,0.00524458481494369));
#2807=CARTESIAN_POINT('',(-0.0045266728861014,0.00444601962619076,0.00514522134283738));
#2808=CARTESIAN_POINT('',(-0.00452253799793319,0.00435681178963952,0.00504582147199569));
#2809=CARTESIAN_POINT('',(-0.00451840310976499,0.00426760395308827,0.00494642160115401));
#2810=CARTESIAN_POINT('',(-0.00451535787140714,0.00417840401929448,0.0048469870391302));
#2811=CARTESIAN_POINT('',(-0.00451426699876352,0.00408923471321012,0.00474747543938511));
#2812=CARTESIAN_POINT('',(-0.00482816386842978,0.00515443785008002,0.00593305633123966));
#2813=CARTESIAN_POINT('',(-0.00479835656020877,0.00497521477616107,0.00572986490206683));
#2814=CARTESIAN_POINT('',(-0.00477072987958389,0.00479590012187779,0.00552639492919309));
#2815=CARTESIAN_POINT('',(-0.00474798213080643,0.00461663760696057,0.0053220424566091));
#2816=CARTESIAN_POINT('',(-0.00473660825641769,0.00452700634950195,0.00521986622031711));
#2817=CARTESIAN_POINT('',(-0.00472648288201634,0.00443738923197026,0.00511746343154274));
#2818=CARTESIAN_POINT('',(-0.00471836815670272,0.00434787204311117,0.00501461479686136));
#2819=CARTESIAN_POINT('',(-0.0047102534313891,0.00425835485425208,0.00491176616217998));
#2820=CARTESIAN_POINT('',(-0.00470411229662661,0.00416892242965032,0.00480849403495626));
#2821=CARTESIAN_POINT('',(-0.0047014176805031,0.00407984757642291,0.00470425972624962));
#2822=CARTESIAN_POINT('',(-0.00507774029142869,0.00514576732262189,0.0059211379508153));
#2823=CARTESIAN_POINT('',(-0.00503183695765773,0.00496538001924267,0.0057096091637962));
#2824=CARTESIAN_POINT('',(-0.00498901080485024,0.00478478445852061,0.00549736853055577));
#2825=CARTESIAN_POINT('',(-0.00495283090315715,0.00460441179764598,0.00528301646042194));
#2826=CARTESIAN_POINT('',(-0.0049347409523106,0.00451422546720867,0.00517584042535503));
#2827=CARTESIAN_POINT('',(-0.00491835244787162,0.00442409991421484,0.00506812069094389));
#2828=CARTESIAN_POINT('',(-0.00490459086704506,0.00433426274934599,0.00495939552718232));
#2829=CARTESIAN_POINT('',(-0.0048908292862185,0.00424442558447713,0.00485067036342075));
#2830=CARTESIAN_POINT('',(-0.00487967074072637,0.0041548487624277,0.00474097060420092));
#2831=CARTESIAN_POINT('',(-0.00487269448532203,0.00406616434221025,0.0046293004518827));
#2832=CARTESIAN_POINT('',(-0.00532731671442761,0.00513709679516376,0.00590921957039093));
#2833=CARTESIAN_POINT('',(-0.00526531735510669,0.00495554526232426,0.00568935342552556));
#2834=CARTESIAN_POINT('',(-0.00520729173011659,0.00477366879516343,0.00546834213191844));
#2835=CARTESIAN_POINT('',(-0.00515767967550787,0.0045921859883314,0.00524399046423478));
#2836=CARTESIAN_POINT('',(-0.00513287364820352,0.00450144458491538,0.00513181463039295));
#2837=CARTESIAN_POINT('',(-0.0051102220137269,0.00441081059645942,0.00501877795034505));
#2838=CARTESIAN_POINT('',(-0.0050908135773874,0.00432065345558081,0.00490417625750329));
#2839=CARTESIAN_POINT('',(-0.0050714051410479,0.00423049631470219,0.00478957456466153));
#2840=CARTESIAN_POINT('',(-0.00505522918482613,0.00414077509520509,0.00467344717344557));
#2841=CARTESIAN_POINT('',(-0.00504397129014096,0.00405248110799758,0.00455434117751578));
#2842=CARTESIAN_POINT('',(-0.00557820747121723,0.0051251700160447,0.00589209849372444));
#2843=CARTESIAN_POINT('',(-0.00549808794037837,0.00494209819166295,0.00566008074225153));
#2844=CARTESIAN_POINT('',(-0.00542274896408943,0.00475855979809393,0.00542629506835088));
#2845=CARTESIAN_POINT('',(-0.00535715957344928,0.00457575486077941,0.00518752384081557));
#2846=CARTESIAN_POINT('',(-0.00532436487812921,0.00448435239212215,0.00506813822704792));
#2847=CARTESIAN_POINT('',(-0.00529406687644533,0.00439315019597686,0.00494746565369999));
#2848=CARTESIAN_POINT('',(-0.00526734810113976,0.00430273187577249,0.0048245381090013));
#2849=CARTESIAN_POINT('',(-0.00524062932583419,0.00421231355556813,0.00470161056430261));
#2850=CARTESIAN_POINT('',(-0.00521751129612236,0.00412262926133274,0.00457645900554708));
#2851=CARTESIAN_POINT('',(-0.00519932075274556,0.00403513137818407,0.00444729042896119));
#2852=CARTESIAN_POINT('',(-0.00583227284713765,0.00511263035107764,0.00587199744421376));
#2853=CARTESIAN_POINT('',(-0.00573035132058449,0.00492826307050705,0.00562504001297959));
#2854=CARTESIAN_POINT('',(-0.0056337875544942,0.00474332410140773,0.00537567464014677));
#2855=CARTESIAN_POINT('',(-0.00554777566344611,0.00455955674965422,0.00511984918045155));
#2856=CARTESIAN_POINT('',(-0.00550476971792206,0.00446767307377747,0.00499193645060393));
#2857=CARTESIAN_POINT('',(-0.00546446416735521,0.00437610993173345,0.00486235500545566));
#2858=CARTESIAN_POINT('',(-0.00542785690184995,0.00428566022613497,0.00472998394064984));
#2859=CARTESIAN_POINT('',(-0.00539124963634469,0.00419521052053649,0.00459761287584402));
#2860=CARTESIAN_POINT('',(-0.00535838405808736,0.00410582613811333,0.00446246519453712));
#2861=CARTESIAN_POINT('',(-0.00533017698787671,0.0040193140055866,0.00432270475940908));
#2862=CARTESIAN_POINT('',(-0.00595930553509786,0.00510636051859412,0.00586194691945842));
#2863=CARTESIAN_POINT('',(-0.00584648301068755,0.0049213455099291,0.00560751964834361));
#2864=CARTESIAN_POINT('',(-0.00573930684969659,0.00473570625306463,0.00535036442604472));
#2865=CARTESIAN_POINT('',(-0.00564308370844452,0.00455145769409163,0.00508601185026953));
#2866=CARTESIAN_POINT('',(-0.00559497213781849,0.00445933341460512,0.00495383556238194));
#2867=CARTESIAN_POINT('',(-0.00554966281281016,0.00436758979961175,0.0048197996813335));
#2868=CARTESIAN_POINT('',(-0.00550811130220505,0.00427712440131621,0.00468270685647411));
#2869=CARTESIAN_POINT('',(-0.00546655979159995,0.00418665900302067,0.00454561403161472));
#2870=CARTESIAN_POINT('',(-0.00542882043906987,0.00409742457650363,0.00440546828903214));
#2871=CARTESIAN_POINT('',(-0.00539560510544228,0.00401140531928786,0.00426041192463303));
#2872=CARTESIAN_POINT('',(-0.0060871594136706,0.00509994259559661,0.00585117440434432));
#2873=CARTESIAN_POINT('',(-0.00596254973391322,0.00491433084994643,0.00558859014995057));
#2874=CARTESIAN_POINT('',(-0.00584382422905666,0.0047280502798528,0.00532295368875197));
#2875=CARTESIAN_POINT('',(-0.00573634188783405,0.00454340085989245,0.00504941624942069));
#2876=CARTESIAN_POINT('',(-0.00568260071722274,0.00445107614991228,0.00491264752975505));
#2877=CARTESIAN_POINT('',(-0.00563173487541603,0.00435919815184102,0.00477383717407813));
#2878=CARTESIAN_POINT('',(-0.00558464327539976,0.00426876839358497,0.00463173320128045));
#2879=CARTESIAN_POINT('',(-0.00553755167538349,0.00417833863532891,0.00448962922848278));
#2880=CARTESIAN_POINT('',(-0.00549429755230259,0.00408931266990622,0.00434422528911999));
#2881=CARTESIAN_POINT('',(-0.00545538090137616,0.00400383223773265,0.00419369684914707));
#2882=CARTESIAN_POINT('',(-0.00621612674557102,0.00509363094283769,0.00583998369748038));
#2883=CARTESIAN_POINT('',(-0.00607873363770604,0.00490750647107,0.00556869146046279));
#2884=CARTESIAN_POINT('',(-0.00594741643789797,0.0047206756163338,0.00529403480516904));
#2885=CARTESIAN_POINT('',(-0.00582756910259107,0.00453571808464598,0.00501082271125673));
#2886=CARTESIAN_POINT('',(-0.00576764543493762,0.00444323931880208,0.00486921666430057));
#2887=CARTESIAN_POINT('',(-0.0057106540783481,0.00435127379310934,0.00472539980038405));
#2888=CARTESIAN_POINT('',(-0.00565744036209442,0.0042609235123107,0.00457807901217357));
#2889=CARTESIAN_POINT('',(-0.00560422664584073,0.00417057323151205,0.00443075822396309));
#2890=CARTESIAN_POINT('',(-0.00555486094434463,0.0040817971545633,0.00427991712905553));
#2891=CARTESIAN_POINT('',(-0.00550965448719043,0.0039968823079995,0.00412378651568767));
#2892=CARTESIAN_POINT('',(-0.00628061041152123,0.00509047511645823,0.00583438834404841));
#2893=CARTESIAN_POINT('',(-0.00613682558960245,0.00490409428163179,0.0055587421157189));
#2894=CARTESIAN_POINT('',(-0.00599921254231863,0.0047169882845743,0.00527957536337758));
#2895=CARTESIAN_POINT('',(-0.00587318270996959,0.00453187669702275,0.00499152594217475));
#2896=CARTESIAN_POINT('',(-0.00581016779379507,0.00443932090324697,0.00484750123157333));
#2897=CARTESIAN_POINT('',(-0.00575011367981413,0.00434731161374349,0.004701181113537));
#2898=CARTESIAN_POINT('',(-0.00569383890544174,0.00425700107167356,0.00455125191762012));
#2899=CARTESIAN_POINT('',(-0.00563756413106936,0.00416669052960362,0.00440132272170324));
#2900=CARTESIAN_POINT('',(-0.00558514264036565,0.00407803939689184,0.00424776304902331));
#2901=CARTESIAN_POINT('',(-0.00553679128009756,0.00399340734313292,0.00408883134895797));
#2902=CARTESIAN_POINT('',(-0.0063453725128091,0.00508734441638759,0.00582868803070393));
#2903=CARTESIAN_POINT('',(-0.0061949472000645,0.00490072777769352,0.00554854988493504));
#2904=CARTESIAN_POINT('',(-0.00605077810825949,0.00471336885556352,0.00526473802897923));
#2905=CARTESIAN_POINT('',(-0.00591828979245621,0.00452812581685291,0.00497172800043965));
#2906=CARTESIAN_POINT('',(-0.00585204563455457,0.0044355042974976,0.00482522298616986));
#2907=CARTESIAN_POINT('',(-0.00578878676789124,0.00434346265572086,0.00467634103676036));
#2908=CARTESIAN_POINT('',(-0.00572930559270613,0.00425320258687161,0.00452375114895355));
#2909=CARTESIAN_POINT('',(-0.00566982441752102,0.00416294251802238,0.00437116126114674));
#2910=CARTESIAN_POINT('',(-0.00561419804377779,0.00407442653676775,0.00421483707683414));
#2911=CARTESIAN_POINT('',(-0.00556255418004947,0.00399008413158735,0.0040530701996359));
#2912=CARTESIAN_POINT('',(-0.00641044991624053,0.00508426184210558,0.00582291716308453));
#2913=CARTESIAN_POINT('',(-0.00625312291686537,0.00489743161891656,0.00553816482570388));
#2914=CARTESIAN_POINT('',(-0.0061021261999409,0.00470984308607081,0.00524958990327118));
#2915=CARTESIAN_POINT('',(-0.00596289774581763,0.00452448998747148,0.00495151209810029));
#2916=CARTESIAN_POINT('',(-0.005893283518756,0.00443181343817182,0.00480247319551485));
#2917=CARTESIAN_POINT('',(-0.00582667660706565,0.00433974961428264,0.00465097861680502));
#2918=CARTESIAN_POINT('',(-0.00576384538297697,0.00424954902156642,0.00449568170751065));
#2919=CARTESIAN_POINT('',(-0.00570101415888829,0.00415934842885019,0.00434038479821629));
#2920=CARTESIAN_POINT('',(-0.00564203865522225,0.00407097543772553,0.00418125435168832));
#2921=CARTESIAN_POINT('',(-0.00558696386568566,0.00398692849971043,0.00401661703227712));
#2922=CARTESIAN_POINT('',(-0.00644298861795625,0.00508272055496458,0.00582003172927483));
#2923=CARTESIAN_POINT('',(-0.00628221077526581,0.00489578353952808,0.0055329722960883));
#2924=CARTESIAN_POINT('',(-0.0061278002457816,0.00470808020132445,0.00524201584041716));
#2925=CARTESIAN_POINT('',(-0.00598520172249835,0.00452267207278077,0.00494140414693062));
#2926=CARTESIAN_POINT('',(-0.00591390246085672,0.00442996800850894,0.00479109830018735));
#2927=CARTESIAN_POINT('',(-0.00584562152665286,0.00433789309356353,0.00463829740682735));
#2928=CARTESIAN_POINT('',(-0.00578111527811239,0.00424772223891381,0.0044816469867892));
#2929=CARTESIAN_POINT('',(-0.00571660902957192,0.0041575513842641,0.00432499656675105));
#2930=CARTESIAN_POINT('',(-0.00565595896094448,0.00406924988820442,0.00416446298911542));
#2931=CARTESIAN_POINT('',(-0.00559916870850375,0.00398535068377197,0.00399839044859774));
#2932=CARTESIAN_POINT('',(-0.00647560614788657,0.00508119120697486,0.00581712861096721));
#2933=CARTESIAN_POINT('',(-0.00631131217365485,0.00489415293018063,0.00552773149678255));
#2934=CARTESIAN_POINT('',(-0.00615341995057682,0.00470634058781148,0.00523436399308013));
#2935=CARTESIAN_POINT('',(-0.00600738095095852,0.0045208827544863,0.00493119156936023));
#2936=CARTESIAN_POINT('',(-0.00593436145114937,0.00442815383782371,0.00477960535750028));
#2937=CARTESIAN_POINT('',(-0.00586437067267467,0.00433607036438829,0.0046254854182756));
#2938=CARTESIAN_POINT('',(-0.00579815347936406,0.00424593149475508,0.00446746986403457));
#2939=CARTESIAN_POINT('',(-0.00573193628605346,0.00415579262512187,0.00430945430979356));
#2940=CARTESIAN_POINT('',(-0.00566957557345015,0.00406756458663996,0.00414750711141061));
#2941=CARTESIAN_POINT('',(-0.00561103520474021,0.00398381458738385,0.00397999048124395));
#2942=CARTESIAN_POINT('',(-0.0065083071275163,0.00507967613348366,0.00581421180976559));
#2943=CARTESIAN_POINT('',(-0.00634043023344339,0.00489254220106329,0.00552244828131289));
#2944=CARTESIAN_POINT('',(-0.00617898708009376,0.00470462664472554,0.00522664219640492));
#2945=CARTESIAN_POINT('',(-0.00602943649833053,0.00451912416823782,0.00492088393276829));
#2946=CARTESIAN_POINT('',(-0.00595466120744892,0.00442637292999396,0.00476800480094997));
#2947=CARTESIAN_POINT('',(-0.00588292459073704,0.00433428322966967,0.00461255388022992));
#2948=CARTESIAN_POINT('',(-0.00581496067625345,0.00424417836637095,0.00445316209267084));
#2949=CARTESIAN_POINT('',(-0.00574699676176986,0.00415407350307224,0.00429377030511176));
#2950=CARTESIAN_POINT('',(-0.00568288980854201,0.00406592061869608,0.00413039924759259));
#2951=CARTESIAN_POINT('',(-0.00562256553117095,0.0039823212724074,0.00396142925809709));
#2952=CARTESIAN_POINT('',(-0.00651648237242373,0.00507929736511086,0.00581348260946518));
#2953=CARTESIAN_POINT('',(-0.00634770974839053,0.00489213951878396,0.00552112747744547));
#2954=CARTESIAN_POINT('',(-0.00618537886247299,0.00470419815895406,0.00522471174723612));
#2955=CARTESIAN_POINT('',(-0.00603495038517354,0.0045186845216757,0.0049183070236203));
#2956=CARTESIAN_POINT('',(-0.00595973614652381,0.00442592770303652,0.00476510466181239));
#2957=CARTESIAN_POINT('',(-0.00588756307025263,0.00433383644599001,0.0046093209957185));
#2958=CARTESIAN_POINT('',(-0.0058191624754758,0.00424374008427492,0.00444958514982991));
#2959=CARTESIAN_POINT('',(-0.00575076188069896,0.00415364372255983,0.00428984930394131));
#2960=CARTESIAN_POINT('',(-0.00568621836731498,0.00406550962671011,0.00412612228163809));
#2961=CARTESIAN_POINT('',(-0.00562544811277863,0.00398194794366329,0.00395678895231037));
#2962=CARTESIAN_POINT('',(-0.00652310768342741,0.0050794055293015,0.00581355246955393));
#2963=CARTESIAN_POINT('',(-0.00635371192019294,0.00489207475857881,0.00552050145649365));
#2964=CARTESIAN_POINT('',(-0.00619082326335272,0.00470395706806377,0.0052233318791744));
#2965=CARTESIAN_POINT('',(-0.00603986655816304,0.00451833709208232,0.0049160871594399));
#2966=CARTESIAN_POINT('',(-0.0059643882055682,0.00442552710409159,0.00476246479957265));
#2967=CARTESIAN_POINT('',(-0.00589195721755309,0.00433340210854657,0.00460623914899186));
#2968=CARTESIAN_POINT('',(-0.00582327532118532,0.0042433060740075,0.00444605123848536));
#2969=CARTESIAN_POINT('',(-0.00575459342481756,0.00415321003946841,0.00428586332797886));
#2970=CARTESIAN_POINT('',(-0.00568974531205415,0.00406511340609673,0.00412167192888874));
#2971=CARTESIAN_POINT('',(-0.00562858532917267,0.00398161870687162,0.00395191414405228));
#2972=CARTESIAN_POINT('',(-0.00653305469114859,0.005078478052393,0.00581191595202492));
#2973=CARTESIAN_POINT('',(-0.00636244137257408,0.00489129323826551,0.00551838576958793));
#2974=CARTESIAN_POINT('',(-0.00619827770472942,0.00470332136498658,0.0052207644345825));
#2975=CARTESIAN_POINT('',(-0.00604603316042356,0.00451779901319084,0.00491308748335232));
#2976=CARTESIAN_POINT('',(-0.00596991088827063,0.00442503783729297,0.00475924900773724));
#2977=CARTESIAN_POINT('',(-0.00589683418154213,0.00433294818725084,0.00460281196916841));
#2978=CARTESIAN_POINT('',(-0.00582753263632123,0.00424287030703952,0.00444240011962146));
#2979=CARTESIAN_POINT('',(-0.00575823109110033,0.00415279242682819,0.00428198827007452));
#2980=CARTESIAN_POINT('',(-0.00569279001553043,0.00406469376507657,0.00411756164710938));
#2981=CARTESIAN_POINT('',(-0.00563111375611646,0.00398120381319679,0.00394750788111826));
#2982=CARTESIAN_POINT('',(-0.00654300169886977,0.00507755057548451,0.0058102794344959));
#2983=CARTESIAN_POINT('',(-0.00637117082495522,0.0048905117179522,0.00551627008268221));
#2984=CARTESIAN_POINT('',(-0.00620573214610611,0.00470268566190939,0.00521819698999059));
#2985=CARTESIAN_POINT('',(-0.00605219976268407,0.00451726093429936,0.00491008780726475));
#2986=CARTESIAN_POINT('',(-0.00597543357097306,0.00442454857049434,0.00475603321590182));
#2987=CARTESIAN_POINT('',(-0.00590171114553117,0.00433249426595511,0.00459938478934496));
#2988=CARTESIAN_POINT('',(-0.00583178995145714,0.00424243454007155,0.00443874900075756));
#2989=CARTESIAN_POINT('',(-0.0057618687573831,0.00415237481418797,0.00427811321217016));
#2990=CARTESIAN_POINT('',(-0.0056958347190067,0.00406427412405641,0.00411345136533003));
#2991=CARTESIAN_POINT('',(-0.00563364218306026,0.00398078891952194,0.00394310161818424));
#2992=CARTESIAN_POINT('',(-0.00655293832415803,0.00507664118966312,0.00580859843173198));
#2993=CARTESIAN_POINT('',(-0.00637989010205401,0.00488974434405052,0.00551411972625225));
#2994=CARTESIAN_POINT('',(-0.00621317736821241,0.00470206056070489,0.00521560407399068));
#2995=CARTESIAN_POINT('',(-0.00605835637813709,0.00451673138121021,0.00490707163224058));
#2996=CARTESIAN_POINT('',(-0.00598094588309942,0.00442406679146288,0.00475280541136552));
#2997=CARTESIAN_POINT('',(-0.00590657683671821,0.0043320471740856,0.00459595006398525));
#2998=CARTESIAN_POINT('',(-0.00583603406101709,0.00424200512584855,0.00443509503963403));
#2999=CARTESIAN_POINT('',(-0.00576549128531597,0.00415196307761152,0.00427424001528281));
#3000=CARTESIAN_POINT('',(-0.00569886120661325,0.00406386001636804,0.00410934797969307));
#3001=CARTESIAN_POINT('',(-0.00563614864238441,0.0039803788341175,0.00393870734643507));
#3002=CARTESIAN_POINT('',(-0.00656286455820108,0.00507574899679199,0.00580687258568458));
#3003=CARTESIAN_POINT('',(-0.00638859916438819,0.00488899046868937,0.00551193430476005));
#3004=CARTESIAN_POINT('',(-0.00622061326171426,0.00470144562302208,0.00521298531559227));
#3005=CARTESIAN_POINT('',(-0.00606450292606409,0.00451621002831301,0.00490403867065704));
#3006=CARTESIAN_POINT('',(-0.00598644775823901,0.00442359223095847,0.00474956534818943));
#3007=CARTESIAN_POINT('',(-0.00591143123228494,0.00433160667648033,0.0045925076007332));
#3008=CARTESIAN_POINT('',(-0.00584026501280343,0.00424158185404675,0.00443143810496607));
#3009=CARTESIAN_POINT('',(-0.00576909879332193,0.00415155703161317,0.00427036860919894));
#3010=CARTESIAN_POINT('',(-0.00570186969260878,0.0040634512778837,0.00410525148838863));
#3011=CARTESIAN_POINT('',(-0.00563863341521159,0.00397997339815974,0.003934325155266));
#3012=CARTESIAN_POINT('',(-0.00658271702628718,0.00507396461104974,0.00580342089358978));
#3013=CARTESIAN_POINT('',(-0.00640601728905655,0.00488748271796707,0.00550756346177566));
#3014=CARTESIAN_POINT('',(-0.00623548504871794,0.00470021574765646,0.00520774779879544));
#3015=CARTESIAN_POINT('',(-0.0060767960219181,0.0045151673225186,0.00489797274748997));
#3016=CARTESIAN_POINT('',(-0.00599745150851818,0.00442264310994967,0.00474308522183724));
#3017=CARTESIAN_POINT('',(-0.00592114002341839,0.00433072568126979,0.00458562267422909));
#3018=CARTESIAN_POINT('',(-0.00584872691637613,0.00424073531044313,0.00442412423563014));
#3019=CARTESIAN_POINT('',(-0.00577631380933387,0.00415074493961646,0.0042626257970312));
#3020=CARTESIAN_POINT('',(-0.00570788666459985,0.00406263380091503,0.00409705850577977));
#3021=CARTESIAN_POINT('',(-0.00564360296086596,0.00397916252624422,0.00392556077292789));
#3022=CARTESIAN_POINT('',(-0.00660252796447285,0.00507224894539023,0.00579978983336482));
#3023=CARTESIAN_POINT('',(-0.00642339458062478,0.00488602892586218,0.00550305235436742));
#3024=CARTESIAN_POINT('',(-0.0062503195348843,0.0046990265039417,0.00520240690443933));
#3025=CARTESIAN_POINT('',(-0.00608904885421146,0.00451415740179387,0.00489183967050484));
#3026=CARTESIAN_POINT('',(-0.00600841351387505,0.00442172285071995,0.0047365560535376));
#3027=CARTESIAN_POINT('',(-0.0059308036330658,0.00432987105280104,0.00457870678978108));
#3028=CARTESIAN_POINT('',(-0.00585713618866641,0.00423991332764726,0.00441679846670136));
#3029=CARTESIAN_POINT('',(-0.00578346874426701,0.00414995560249346,0.00425489014362163));
#3030=CARTESIAN_POINT('',(-0.00571383162792984,0.00406183779417765,0.004088893097099));
#3031=CARTESIAN_POINT('',(-0.00564848575743063,0.00397837024587735,0.00391684470925545));
#3032=CARTESIAN_POINT('',(-0.00662229686506749,0.00507059547739686,0.00579597646356555));
#3033=CARTESIAN_POINT('',(-0.00644073039705221,0.00488462436399508,0.00549839786433706));
#3034=CARTESIAN_POINT('',(-0.00626511567534939,0.00469787467064866,0.00519695976193552));
#3035=CARTESIAN_POINT('',(-0.00610126069509125,0.00451317786039329,0.00488563723219306));
#3036=CARTESIAN_POINT('',(-0.00601933320496217,0.0044208294552656,0.00472997596732183));
#3037=CARTESIAN_POINT('',(-0.00594042186582107,0.00432904103993221,0.00457175848739343));
#3038=CARTESIAN_POINT('',(-0.00586549321376328,0.00423911433479776,0.00440945981487698));
#3039=CARTESIAN_POINT('',(-0.00579056456170549,0.00414918762966331,0.00424716114236053));
#3040=CARTESIAN_POINT('',(-0.00571970632303949,0.00406106202705018,0.00408075529019171));
#3041=CARTESIAN_POINT('',(-0.00565328409053625,0.00397759536386806,0.0039081777249031));
#3042=CARTESIAN_POINT('',(-0.00693859927458175,0.00504413998950303,0.0057349625467772));
#3043=CARTESIAN_POINT('',(-0.00671810345989101,0.00486215137412135,0.00542392602385119));
#3044=CARTESIAN_POINT('',(-0.00650185392279097,0.00467944533795993,0.0051098054818746));
#3045=CARTESIAN_POINT('',(-0.00629665014916775,0.004497505197984,0.00478639821920457));
#3046=CARTESIAN_POINT('',(-0.00619404826235614,0.00440653512799603,0.00462469458786956));
#3047=CARTESIAN_POINT('',(-0.00609431358990539,0.00431576083403094,0.00446058564919102));
#3048=CARTESIAN_POINT('',(-0.00599920561531324,0.00422633044920592,0.00429204138568702));
#3049=CARTESIAN_POINT('',(-0.0059040976407211,0.0041369000643809,0.00412349712218301));
#3050=CARTESIAN_POINT('',(-0.00581370144479386,0.00404864975301071,0.00395055037967513));
#3051=CARTESIAN_POINT('',(-0.00573005742022611,0.00396519725171952,0.00376950597526537));
#3052=CARTESIAN_POINT('',(-0.00724693950919758,0.00503153382601386,0.00562567785825206));
#3053=CARTESIAN_POINT('',(-0.00698699718574875,0.00485081000468872,0.0053112100615367));
#3054=CARTESIAN_POINT('',(-0.00673014124168237,0.00466963370942353,0.00499414466006654));
#3055=CARTESIAN_POINT('',(-0.00648227161662186,0.00448893237798492,0.00466852953171626));
#3056=CARTESIAN_POINT('',(-0.0063583368040916,0.00439858171226562,0.00450572196754113));
#3057=CARTESIAN_POINT('',(-0.00623671647347121,0.00430833485298647,0.00434072195016843));
#3058=CARTESIAN_POINT('',(-0.00611941582452183,0.00421903045449847,0.00417122443414704));
#3059=CARTESIAN_POINT('',(-0.00600211517557245,0.00412972605601047,0.00400172691812566));
#3060=CARTESIAN_POINT('',(-0.00588905920820726,0.00404107399948854,0.00382795374900024));
#3061=CARTESIAN_POINT('',(-0.00578432303400475,0.00395680105652664,0.00364415263441137));
#3062=CARTESIAN_POINT('',(-0.00752836999106196,0.00502283447435063,0.00546128486147997));
#3063=CARTESIAN_POINT('',(-0.0072321823731417,0.004843002027742,0.00515391154872334));
#3064=CARTESIAN_POINT('',(-0.00693822817352087,0.00466286593409154,0.00484444100808858));
#3065=CARTESIAN_POINT('',(-0.00665132932092769,0.00448300362703871,0.00452761010891078));
#3066=CARTESIAN_POINT('',(-0.0065078798946311,0.00439307247351229,0.00436919465932188));
#3067=CARTESIAN_POINT('',(-0.00636623764418041,0.0043031929781999,0.00420890492113043));
#3068=CARTESIAN_POINT('',(-0.00622824505102818,0.00421395868672902,0.00404450746548864));
#3069=CARTESIAN_POINT('',(-0.00609025245787595,0.00412472439525812,0.00388011000984685));
#3070=CARTESIAN_POINT('',(-0.00595571542837173,0.00403584857278619,0.0037119738089057));
#3071=CARTESIAN_POINT('',(-0.00582930937786894,0.00395044142741257,0.00353347490582549));
#3072=CARTESIAN_POINT('',(-0.00780980047292634,0.00501413512268739,0.00529689186470787));
#3073=CARTESIAN_POINT('',(-0.00747736756053465,0.00483519405079529,0.00499661303590999));
#3074=CARTESIAN_POINT('',(-0.00714631510535937,0.00465609815875956,0.00469473735611063));
#3075=CARTESIAN_POINT('',(-0.00682038702523352,0.0044770748760925,0.0043866906861053));
#3076=CARTESIAN_POINT('',(-0.0066574229851706,0.00438756323475896,0.00423266735110263));
#3077=CARTESIAN_POINT('',(-0.00649575881488962,0.00429805110341333,0.00407708789209243));
#3078=CARTESIAN_POINT('',(-0.00633707427753453,0.00420888691895956,0.00391779049683023));
#3079=CARTESIAN_POINT('',(-0.00617838974017945,0.00411972273450578,0.00375849310156804));
#3080=CARTESIAN_POINT('',(-0.0060223716485362,0.00403062314608383,0.00359599386881116));
#3081=CARTESIAN_POINT('',(-0.00587429572173313,0.00394408179829849,0.00342279717723961));
#3082=CARTESIAN_POINT('',(-0.0080634388910317,0.00500990239365887,0.00507766689425352));
#3083=CARTESIAN_POINT('',(-0.00769823501708758,0.00483128107271286,0.00479490169331919));
#3084=CARTESIAN_POINT('',(-0.00733386302258032,0.00465259645724104,0.00451100463797146));
#3085=CARTESIAN_POINT('',(-0.00697267619505127,0.00447395799108287,0.00422258695885996));
#3086=CARTESIAN_POINT('',(-0.00679208278128675,0.00438463875800378,0.00407837811930421));
#3087=CARTESIAN_POINT('',(-0.00661229038627018,0.00429532315789265,0.00393303752561481));
#3088=CARTESIAN_POINT('',(-0.00643442227939061,0.00420616283351786,0.00378488366790579));
#3089=CARTESIAN_POINT('',(-0.00625655417251104,0.00411700250914306,0.00363672981019676));
#3090=CARTESIAN_POINT('',(-0.00608029728866347,0.00402785688806632,0.00348629397926771));
#3091=CARTESIAN_POINT('',(-0.00590978488193411,0.00393988135606992,0.00332700738976586));
#3092=CARTESIAN_POINT('',(-0.00826386987971454,0.00500796333086037,0.0048165549984405));
#3093=CARTESIAN_POINT('',(-0.00787462084004669,0.00482949940735955,0.00455892198120213));
#3094=CARTESIAN_POINT('',(-0.00748581502053126,0.00465101097523267,0.00430062643470874));
#3095=CARTESIAN_POINT('',(-0.00709873927121733,0.00447254436863146,0.00403966257719422));
#3096=CARTESIAN_POINT('',(-0.00690520139656036,0.00438331106533086,0.00390918064843697));
#3097=CARTESIAN_POINT('',(-0.00671209748997096,0.00429407993617094,0.00377803171353249));
#3098=CARTESIAN_POINT('',(-0.0065200547226411,0.00420491380465651,0.00364521006660229));
#3099=CARTESIAN_POINT('',(-0.00632801195531125,0.00411574767314207,0.00351238841967209));
#3100=CARTESIAN_POINT('',(-0.00613684041455969,0.00402658703095283,0.00337822691641699));
#3101=CARTESIAN_POINT('',(-0.005948937042987,0.00393791604778423,0.00323871118984371));
#3102=CARTESIAN_POINT('',(-0.00846430086839739,0.00500602426806186,0.00455544310262748));
#3103=CARTESIAN_POINT('',(-0.00805100666300579,0.00482771774200625,0.00432294226908506));
#3104=CARTESIAN_POINT('',(-0.00763776701848221,0.0046494254932243,0.00409024823144603));
#3105=CARTESIAN_POINT('',(-0.00722480234738338,0.00447113074618006,0.0038567381955285));
#3106=CARTESIAN_POINT('',(-0.00701832001183397,0.00438198337265794,0.00373998317756973));
#3107=CARTESIAN_POINT('',(-0.00681190459367173,0.00429283671444924,0.00362302590145017));
#3108=CARTESIAN_POINT('',(-0.00660568716589159,0.00420366477579516,0.00350553646529879));
#3109=CARTESIAN_POINT('',(-0.00639946973811145,0.00411449283714108,0.00338804702914741));
#3110=CARTESIAN_POINT('',(-0.00619338354045592,0.00402531717383935,0.00327015985356626));
#3111=CARTESIAN_POINT('',(-0.0059880892040399,0.00393595073949852,0.00315041498992157));
#3112=CARTESIAN_POINT('',(-0.00861209435767408,0.00500637416857274,0.00425301819971942));
#3113=CARTESIAN_POINT('',(-0.0081834343648906,0.00482804601847437,0.00405298954447289));
#3114=CARTESIAN_POINT('',(-0.00775457383171696,0.00464972455972036,0.00385328158644521));
#3115=CARTESIAN_POINT('',(-0.00732489510491349,0.00447138986331847,0.00365498011331923));
#3116=CARTESIAN_POINT('',(-0.00711005574151176,0.00438222251511753,0.00355582937675624));
#3117=CARTESIAN_POINT('',(-0.00689501257860814,0.00429305185599181,0.00345702718479367));
#3118=CARTESIAN_POINT('',(-0.00667944898455804,0.00420386309979414,0.00335915530250587));
#3119=CARTESIAN_POINT('',(-0.00646388539050794,0.00411467434359645,0.00326128342021807));
#3120=CARTESIAN_POINT('',(-0.00624791673872185,0.00402546571231673,0.00316411592271733));
#3121=CARTESIAN_POINT('',(-0.00603021906741392,0.00393620629929392,0.00307018062886208));
#3122=CARTESIAN_POINT('',(-0.00869469838674906,0.00500920080729689,0.00393748944593793));
#3123=CARTESIAN_POINT('',(-0.00826198349477048,0.00483064325548594,0.00377137452331307));
#3124=CARTESIAN_POINT('',(-0.0078289165421341,0.00465203993959005,0.00360620150513893));
#3125=CARTESIAN_POINT('',(-0.0073944522272643,0.00447343712681886,0.00344457575143394));
#3126=CARTESIAN_POINT('',(-0.00717722006982941,0.00438413572043327,0.00336376287458144));
#3127=CARTESIAN_POINT('',(-0.00695963781411132,0.00429483029359887,0.00328384309099766));
#3128=CARTESIAN_POINT('',(-0.00674118995081193,0.0042055979921189,0.00320604423872723));
#3129=CARTESIAN_POINT('',(-0.00652274208751255,0.00411636569063894,0.0031282453864568));
#3130=CARTESIAN_POINT('',(-0.00630358875585346,0.0040271377856232,0.00305223304674342));
#3131=CARTESIAN_POINT('',(-0.0060817334098165,0.00393849304903881,0.00298246860926252));
#3132=CARTESIAN_POINT('',(-0.00873600040128655,0.00501061412665896,0.00377972506904719));
#3133=CARTESIAN_POINT('',(-0.00830125805971042,0.00483194187399173,0.00363056701273315));
#3134=CARTESIAN_POINT('',(-0.00786608789734267,0.0046531976295249,0.00348266146448579));
#3135=CARTESIAN_POINT('',(-0.00742923078843971,0.00447446075856906,0.00333937357049129));
#3136=CARTESIAN_POINT('',(-0.00721080223398823,0.00438509232309114,0.00326772962349404));
#3137=CARTESIAN_POINT('',(-0.00699195043186292,0.00429571951240239,0.00319725104409966));
#3138=CARTESIAN_POINT('',(-0.00677206043393888,0.00420646543828129,0.00312948870683791));
#3139=CARTESIAN_POINT('',(-0.00655217043601485,0.00411721136416019,0.00306172636957617));
#3140=CARTESIAN_POINT('',(-0.00633142476441926,0.00402797382227644,0.00299629160875647));
#3141=CARTESIAN_POINT('',(-0.00610749058101779,0.00393963642391126,0.00293861259946273));
#3142=CARTESIAN_POINT('',(-0.0087617254911246,0.00501262837354801,0.00361880756900872));
#3143=CARTESIAN_POINT('',(-0.00832762582348875,0.00483379210818294,0.0034869295991066));
#3144=CARTESIAN_POINT('',(-0.00789304815449001,0.00465484693730743,0.0033566416963));
#3145=CARTESIAN_POINT('',(-0.00745661070500212,0.00447592227819598,0.00323202685349365));
#3146=CARTESIAN_POINT('',(-0.00723839198025818,0.00438645994864026,0.00316971943209048));
#3147=CARTESIAN_POINT('',(-0.00701970542309335,0.00429699413033364,0.00310884922533219));
#3148=CARTESIAN_POINT('',(-0.00679988874791783,0.00420771128459126,0.00305122832609696));
#3149=CARTESIAN_POINT('',(-0.00658007207274231,0.00411842843884887,0.00299360742686174));
#3150=CARTESIAN_POINT('',(-0.00635930482407769,0.00402919137189558,0.00293884727380915));
#3151=CARTESIAN_POINT('',(-0.00613517340089894,0.00394124670099319,0.00289288229696263));
#3152=CARTESIAN_POINT('',(-0.00877219287381821,0.00501560958697433,0.00345728638885711));
#3153=CARTESIAN_POINT('',(-0.00834138334380585,0.00483648766066569,0.00334239240646298));
#3154=CARTESIAN_POINT('',(-0.00791006640468801,0.00465720494072727,0.00322950166011309));
#3155=CARTESIAN_POINT('',(-0.00747679201080375,0.00447798483307608,0.0031233480472444));
#3156=CARTESIAN_POINT('',(-0.00726015481386162,0.00438837477925048,0.00307027124081006));
#3157=CARTESIAN_POINT('',(-0.00704302354910203,0.00429877089906062,0.00301890888036877));
#3158=CARTESIAN_POINT('',(-0.00682471975359874,0.0042094405158097,0.00297123971494771));
#3159=CARTESIAN_POINT('',(-0.00660641595809546,0.00412011013255878,0.00292357054952666));
#3160=CARTESIAN_POINT('',(-0.00638710397891869,0.00403089737361919,0.00287924746086669));
#3161=CARTESIAN_POINT('',(-0.00616443041422289,0.00394335735264415,0.00284422324914376));
#3162=CARTESIAN_POINT('',(-0.00877284708523657,0.00501579591281347,0.00344719131509763));
#3163=CARTESIAN_POINT('',(-0.00834224318882567,0.00483665613269586,0.00333335883192275));
#3164=CARTESIAN_POINT('',(-0.00791113004532539,0.00465735231594101,0.00322155540785142));
#3165=CARTESIAN_POINT('',(-0.00747805334241635,0.00447811374275608,0.00311655562185382));
#3166=CARTESIAN_POINT('',(-0.00726151499096184,0.00438849445616361,0.00306405572885503));
#3167=CARTESIAN_POINT('',(-0.00704448093197757,0.00429888194710606,0.00301328760880856));
#3168=CARTESIAN_POINT('',(-0.0068262716914538,0.00420954859276085,0.00296624042675089));
#3169=CARTESIAN_POINT('',(-0.00660806245093003,0.00412021523841565,0.00291919324469322));
#3170=CARTESIAN_POINT('',(-0.00638884142609625,0.00403100399872692,0.00287552247255779));
#3171=CARTESIAN_POINT('',(-0.00616625897755564,0.00394348926837233,0.00284118205865508));
#3172=CARTESIAN_POINT('',(-0.00877376742956104,0.00501611801298944,0.00343573512059514));
#3173=CARTESIAN_POINT('',(-0.00834334874968516,0.00483693105724924,0.00332311583946749));
#3174=CARTESIAN_POINT('',(-0.00791241074754161,0.00465757101519264,0.00321258995590172));
#3175=CARTESIAN_POINT('',(-0.00747947015814054,0.0044782823163602,0.00310904771751351));
#3176=CARTESIAN_POINT('',(-0.00726299986344,0.00438863796694397,0.00305727659831941));
#3177=CARTESIAN_POINT('',(-0.0070460238306325,0.00429900164703167,0.00300728386568576));
#3178=CARTESIAN_POINT('',(-0.00682785060004907,0.0042096601572509,0.00296109447092369));
#3179=CARTESIAN_POINT('',(-0.00660967736946563,0.00412031866747014,0.0029149050761616));
#3180=CARTESIAN_POINT('',(-0.00639047096521948,0.00403111002284919,0.00287217714501719));
#3181=CARTESIAN_POINT('',(-0.00616785374609933,0.00394367291406377,0.00283891194069463));
#3182=CARTESIAN_POINT('',(-0.00877397400489684,0.00501617953827397,0.00342700465346445));
#3183=CARTESIAN_POINT('',(-0.00834381272882209,0.00483700270781013,0.0033152905300078));
#3184=CARTESIAN_POINT('',(-0.00791313884880341,0.00465765522008846,0.00320565773512329));
#3185=CARTESIAN_POINT('',(-0.00748049032972864,0.00447837859797056,0.00310296076136845));
#3186=CARTESIAN_POINT('',(-0.00726416607019126,0.00438874028691161,0.00305161227449103));
#3187=CARTESIAN_POINT('',(-0.00704734310228329,0.00429911007264801,0.00300203003462538));
#3188=CARTESIAN_POINT('',(-0.00682934036792734,0.00420977057878836,0.00295622270357232));
#3189=CARTESIAN_POINT('',(-0.00661133763357139,0.0041204310849287,0.00291041537251926));
#3190=CARTESIAN_POINT('',(-0.00639231648294188,0.00403122314847842,0.00286804404562553));
#3191=CARTESIAN_POINT('',(-0.00616993662929027,0.00394375875767777,0.00283505906899873));
#3192=CARTESIAN_POINT('',(-0.00877418058023263,0.0050162410635585,0.00341827418633378));
#3193=CARTESIAN_POINT('',(-0.00834427670795902,0.00483707435837101,0.00330746522054811));
#3194=CARTESIAN_POINT('',(-0.0079138669500652,0.00465773942498428,0.00319872551434487));
#3195=CARTESIAN_POINT('',(-0.00748151050131675,0.00447847487958093,0.00309687380522339));
#3196=CARTESIAN_POINT('',(-0.00726533227694252,0.00438884260687925,0.00304594795066265));
#3197=CARTESIAN_POINT('',(-0.00704866237393409,0.00429921849826436,0.00299677620356499));
#3198=CARTESIAN_POINT('',(-0.00683083013580561,0.00420988100032582,0.00295135093622096));
#3199=CARTESIAN_POINT('',(-0.00661299789767714,0.00412054350238727,0.00290592566887692));
#3200=CARTESIAN_POINT('',(-0.00639416200066428,0.00403133627410765,0.00286391094623387));
#3201=CARTESIAN_POINT('',(-0.0061720195124812,0.00394384460129178,0.00283120619730283));
#3202=CARTESIAN_POINT('',(-0.00877438535909303,0.00501630212959757,0.00340955037973226));
#3203=CARTESIAN_POINT('',(-0.00834473649803896,0.0048371455073976,0.00329964320951775));
#3204=CARTESIAN_POINT('',(-0.00791458842909934,0.0046578230605419,0.00319179312438324));
#3205=CARTESIAN_POINT('',(-0.00748252132649197,0.00447857049979321,0.00309078318227972));
#3206=CARTESIAN_POINT('',(-0.00726648777518828,0.00438894421941888,0.00304027821122797));
#3207=CARTESIAN_POINT('',(-0.00704996950381874,0.00429932615954678,0.00299151519729055));
#3208=CARTESIAN_POINT('',(-0.00683230610340834,0.0042099906415554,0.0029464703335149));
#3209=CARTESIAN_POINT('',(-0.00661464270299795,0.00412065512356402,0.00290142546973925));
#3210=CARTESIAN_POINT('',(-0.00639599023095467,0.004031448564108,0.00285976574986279));
#3211=CARTESIAN_POINT('',(-0.00617408244407758,0.00394393005256091,0.00282734021445582));
#3212=CARTESIAN_POINT('',(-0.00877458831334032,0.00501636272417359,0.00340083298682071));
#3213=CARTESIAN_POINT('',(-0.00834519204513442,0.00483721613946482,0.00329182433869572));
#3214=CARTESIAN_POINT('',(-0.00791530320441378,0.00465790610813787,0.00318486049681779));
#3215=CARTESIAN_POINT('',(-0.00748352269797094,0.00447866543840224,0.00308468890858354));
#3216=CARTESIAN_POINT('',(-0.00726763244474952,0.00438904510353443,0.00303460311446642));
#3217=CARTESIAN_POINT('',(-0.00705126435910391,0.00429943303536128,0.00298624711518855));
#3218=CARTESIAN_POINT('',(-0.0068337681300485,0.00421009948079447,0.00294158102832169));
#3219=CARTESIAN_POINT('',(-0.00661627190099308,0.00412076592622765,0.00289691494145484));
#3220=CARTESIAN_POINT('',(-0.00639780101937911,0.00403155999880074,0.00285560865131684));
#3221=CARTESIAN_POINT('',(-0.00617612529374472,0.00394401507463255,0.00282346130670561));
#3222=CARTESIAN_POINT('',(-0.00877499422183491,0.00501648391332564,0.00338339820099764));
#3223=CARTESIAN_POINT('',(-0.00834610313932535,0.00483735740359927,0.00327618659705166));
#3224=CARTESIAN_POINT('',(-0.00791673275504265,0.0046580722033298,0.00317099524168687));
#3225=CARTESIAN_POINT('',(-0.00748552544092888,0.0044788553156203,0.00307250036119117));
#3226=CARTESIAN_POINT('',(-0.007269921783872,0.00438924687176555,0.00302325292094332));
#3227=CARTESIAN_POINT('',(-0.00705385406967425,0.00429964678699029,0.00297571095098455));
#3228=CARTESIAN_POINT('',(-0.0068366921833288,0.00421031715927259,0.00293180241793528));
#3229=CARTESIAN_POINT('',(-0.00661953029698335,0.0041209875315549,0.00288789388488602));
#3230=CARTESIAN_POINT('',(-0.00640142259622798,0.00403178286818624,0.00284729445422494));
#3231=CARTESIAN_POINT('',(-0.006180210993079,0.00394418511877582,0.00281570349120519));
#3232=CARTESIAN_POINT('',(-0.00877539283185188,0.00501660321663442,0.00336598906986853));
#3233=CARTESIAN_POINT('',(-0.00834699726157747,0.00483749659993007,0.00326056141591633));
#3234=CARTESIAN_POINT('',(-0.00791813549079728,0.00465823594672677,0.00315712903557354));
#3235=CARTESIAN_POINT('',(-0.00748749036927606,0.00447904246649129,0.00306029721013984));
#3236=CARTESIAN_POINT('',(-0.00727216780851546,0.00438944572637355,0.00301188129742299));
#3237=CARTESIAN_POINT('',(-0.00705639468222025,0.00429985739683782,0.0029651464827915));
#3238=CARTESIAN_POINT('',(-0.00683956047349477,0.00421053162984239,0.00292198899694655));
#3239=CARTESIAN_POINT('',(-0.0066227262647693,0.00412120586284696,0.0028788315111016));
#3240=CARTESIAN_POINT('',(-0.00640497440716385,0.00403200231647231,0.00283893264790481));
#3241=CARTESIAN_POINT('',(-0.0061842163682568,0.00394435344525852,0.00280789397515535));
#3242=CARTESIAN_POINT('',(-0.00877578391849877,0.0050167205361826,0.00334860361950622));
#3243=CARTESIAN_POINT('',(-0.00834787398036021,0.00483763360456056,0.00324494753339053));
#3244=CARTESIAN_POINT('',(-0.0079195107595456,0.00465839718862303,0.00314326133786984));
#3245=CARTESIAN_POINT('',(-0.00748941662255444,0.00447922672849066,0.00304807959146522));
#3246=CARTESIAN_POINT('',(-0.00727436955405885,0.00438964149842447,0.00300048871826291));
#3247=CARTESIAN_POINT('',(-0.00705888512955441,0.0043000646946648,0.00295455451363528));
#3248=CARTESIAN_POINT('',(-0.0068423718662111,0.00421074271831897,0.0029121418358828));
#3249=CARTESIAN_POINT('',(-0.00662585860286778,0.00412142074197314,0.00286972915813031));
#3250=CARTESIAN_POINT('',(-0.0064084551982339,0.00403221818445839,0.00283052479674697));
#3251=CARTESIAN_POINT('',(-0.00618814033355776,0.00394451976993614,0.00280003425971776));
#3252=CARTESIAN_POINT('',(-0.00877656609179256,0.00501695517527896,0.0033138327187816));
#3253=CARTESIAN_POINT('',(-0.0083496274179257,0.00483790761382153,0.00321371976833894));
#3254=CARTESIAN_POINT('',(-0.00792226129704223,0.00465871967241557,0.00311552594246244));
#3255=CARTESIAN_POINT('',(-0.00749326912911118,0.0044795952524894,0.00302364435411598));
#3256=CARTESIAN_POINT('',(-0.00727877304514565,0.0043900330425263,0.00297770355994275));
#3257=CARTESIAN_POINT('',(-0.00706386602422273,0.00430047929031874,0.00293337057532283));
#3258=CARTESIAN_POINT('',(-0.00684799465164375,0.00421116489527212,0.00289244751375528));
#3259=CARTESIAN_POINT('',(-0.00663212327906476,0.00412185050022551,0.00285152445218773));
#3260=CARTESIAN_POINT('',(-0.00641541678037401,0.00403264992043056,0.00281370909443128));
#3261=CARTESIAN_POINT('',(-0.00619598826415967,0.00394485241929139,0.00278431482884259));
#3262=CARTESIAN_POINT('',(-0.00877731817074562,0.00501718187912761,0.00327915654005117));
#3263=CARTESIAN_POINT('',(-0.00835131124099519,0.00483817285636437,0.00318253719244067));
#3264=CARTESIAN_POINT('',(-0.00792490196588213,0.00465903215053591,0.00308778457142841));
#3265=CARTESIAN_POINT('',(-0.0074969669376483,0.00447995222158715,0.00299915123532251));
#3266=CARTESIAN_POINT('',(-0.00728299942353139,0.00439041225711277,0.00295483456726957));
#3267=CARTESIAN_POINT('',(-0.00706864626376221,0.00430088063888867,0.00291207662124754));
#3268=CARTESIAN_POINT('',(-0.00685338985894409,0.0042115735442871,0.00287261821954938));
#3269=CARTESIAN_POINT('',(-0.00663813345412597,0.00412226644968554,0.00283315981785122));
#3270=CARTESIAN_POINT('',(-0.00642209430836765,0.00403306733638174,0.00279670920223665));
#3271=CARTESIAN_POINT('',(-0.00620351061099195,0.00394517704826013,0.00276839458468762));
#3272=CARTESIAN_POINT('',(-0.00877803836345299,0.00501739986450277,0.00324455930465409));
#3273=CARTESIAN_POINT('',(-0.0083529220006665,0.00483842833692622,0.00315138977330838));
#3274=CARTESIAN_POINT('',(-0.00792742755182218,0.00465933341801554,0.00306003300980817));
#3275=CARTESIAN_POINT('',(-0.00750050313382898,0.00448029632537993,0.00297460145095058));
#3276=CARTESIAN_POINT('',(-0.00728704092483238,0.00439077777906212,0.00293188567152179));
#3277=CARTESIAN_POINT('',(-0.00707321724028075,0.00430126736347456,0.00289067921144995));
#3278=CARTESIAN_POINT('',(-0.006858548272674,0.00421196726378981,0.00285266264990233));
#3279=CARTESIAN_POINT('',(-0.00664387930506724,0.00412266716410505,0.00281464608835471));
#3280=CARTESIAN_POINT('',(-0.00642847745016037,0.00403346913837169,0.00277953774762319));
#3281=CARTESIAN_POINT('',(-0.00621069801116998,0.00394549154676673,0.002752285720185));
#3282=CARTESIAN_POINT('',(-0.00877947874886773,0.00501783583525308,0.00317536483385993));
#3283=CARTESIAN_POINT('',(-0.00835614352000913,0.00483893929804993,0.0030890949350438));
#3284=CARTESIAN_POINT('',(-0.00793247872370229,0.00465993595297479,0.0030045298865677));
#3285=CARTESIAN_POINT('',(-0.00750757552619033,0.00448098453296548,0.00292550188220673));
#3286=CARTESIAN_POINT('',(-0.00729512392743435,0.00439150882296083,0.00288598788002626));
#3287=CARTESIAN_POINT('',(-0.00708235919331784,0.00430204081264636,0.00284788439185477));
#3288=CARTESIAN_POINT('',(-0.00686886510013382,0.00421275470279522,0.00281275151060823));
#3289=CARTESIAN_POINT('',(-0.00665537100694979,0.00412346859294408,0.00277761862936169));
#3290=CARTESIAN_POINT('',(-0.00644124373374581,0.00403427274235159,0.00274519483839627));
#3291=CARTESIAN_POINT('',(-0.00622507281152605,0.00394612054377994,0.00272006799117978));
#3292=CARTESIAN_POINT('',(-0.00878079128548991,0.00501823683878195,0.00310648400196705));
#3293=CARTESIAN_POINT('',(-0.00835907232340305,0.00483941120338141,0.00302693693191796));
#3294=CARTESIAN_POINT('',(-0.00793706899581768,0.00466049373866761,0.00294898015245176));
#3295=CARTESIAN_POINT('',(-0.00751400109575574,0.00448162139019438,0.00287616640629399));
#3296=CARTESIAN_POINT('',(-0.00730246714572477,0.00439218521595776,0.00283975953321511));
#3297=CARTESIAN_POINT('',(-0.00709066398942055,0.00430275587710326,0.00280466276884704));
#3298=CARTESIAN_POINT('',(-0.00687823504024856,0.00421348241462287,0.00277231950087833));
#3299=CARTESIAN_POINT('',(-0.00666580609107657,0.00412420895214248,0.00273997623290962));
#3300=CARTESIAN_POINT('',(-0.00645283370953088,0.00403501359645364,0.00271014366365532));
#3301=CARTESIAN_POINT('',(-0.00623811042642632,0.00394670790551765,0.00268706832975744));
#3302=CARTESIAN_POINT('',(-0.00878196284324241,0.00501859697220524,0.00303779941451417));
#3303=CARTESIAN_POINT('',(-0.00836168223078434,0.00483983594402279,0.00296485333704113));
#3304=CARTESIAN_POINT('',(-0.00794115800039364,0.00466099639436785,0.00289337894910122));
#3305=CARTESIAN_POINT('',(-0.00751972381769247,0.00448219555186769,0.002826651309121));
#3306=CARTESIAN_POINT('',(-0.00730900672634188,0.00439279513061761,0.00279328748913088));
#3307=CARTESIAN_POINT('',(-0.0070980595245323,0.00430340063994256,0.00276113275352775));
#3308=CARTESIAN_POINT('',(-0.00688657797939192,0.0042141390278527,0.00273151649397662));
#3309=CARTESIAN_POINT('',(-0.00667509643425155,0.00412487741576285,0.00270190023442548));
#3310=CARTESIAN_POINT('',(-0.00646315091317514,0.00403568273333777,0.00267459764841584));
#3311=CARTESIAN_POINT('',(-0.00624971100748602,0.00394724426482404,0.00265352524310312));
#3312=CARTESIAN_POINT('',(-0.00878664907425242,0.00502003750589842,0.00276306106470265));
#3313=CARTESIAN_POINT('',(-0.00837212186030949,0.00484153490658828,0.00271651895753379));
#3314=CARTESIAN_POINT('',(-0.00795751401869749,0.00466300701716883,0.00267097413569909));
#3315=CARTESIAN_POINT('',(-0.00754261470543939,0.00448449219856093,0.00262859092042899));
#3316=CARTESIAN_POINT('',(-0.00733516504881033,0.00439523478925699,0.00260739931279395));
#3317=CARTESIAN_POINT('',(-0.00712764166497928,0.00430597969129975,0.00258701269225062));
#3318=CARTESIAN_POINT('',(-0.00691994973596538,0.00421676548077204,0.00256830446636977));
#3319=CARTESIAN_POINT('',(-0.00671225780695148,0.00412755127024433,0.00254959624048892));
#3320=CARTESIAN_POINT('',(-0.00650441972775221,0.00403835928087426,0.00253241358745794));
#3321=CARTESIAN_POINT('',(-0.00629611333172481,0.00394938970204961,0.00251935289648586));
#3322=CARTESIAN_POINT('',(-0.00878900570988314,0.00502079204012229,0.00249086915093679));
#3323=CARTESIAN_POINT('',(-0.00837731774599071,0.00484243980009536,0.00246894827834561));
#3324=CARTESIAN_POINT('',(-0.00796563795867184,0.00466409033156993,0.00244747904305267));
#3325=CARTESIAN_POINT('',(-0.00755398949166288,0.00448574011055315,0.00242749858695521));
#3326=CARTESIAN_POINT('',(-0.00734816525815839,0.00439656500004477,0.00241750835890647));
#3327=CARTESIAN_POINT('',(-0.00714234891747686,0.00430738984636442,0.0024078964180665));
#3328=CARTESIAN_POINT('',(-0.00693655136993454,0.00421821043693496,0.00239909705499543));
#3329=CARTESIAN_POINT('',(-0.00673075382239223,0.0041290310275055,0.00239029769192436));
#3330=CARTESIAN_POINT('',(-0.00652497221334308,0.0040398498304164,0.00238222616114185));
#3331=CARTESIAN_POINT('',(-0.00631924552869364,0.0039506423560704,0.00237623562868665));
#3332=CARTESIAN_POINT('',(-0.0087887657699319,0.00502071629241873,0.00221625875226814));
#3333=CARTESIAN_POINT('',(-0.00837678674904046,0.00484234944312132,0.00221990890103912));
#3334=CARTESIAN_POINT('',(-0.00796480710109213,0.00466398238055906,0.00222348411340881));
#3335=CARTESIAN_POINT('',(-0.00755282504542087,0.00448561537354537,0.00222681102675711));
#3336=CARTESIAN_POINT('',(-0.00734683401758524,0.00439643187003852,0.00222847448343126));
#3337=CARTESIAN_POINT('',(-0.00714084238313451,0.00430724836914899,0.00223007486913659));
#3338=CARTESIAN_POINT('',(-0.00693484930152668,0.00421806519466136,0.00223153922988411));
#3339=CARTESIAN_POINT('',(-0.00672885621991884,0.00412888202017373,0.00223300359063164));
#3340=CARTESIAN_POINT('',(-0.00652286191279563,0.0040396989807511,0.00223434638496467));
#3341=CARTESIAN_POINT('',(-0.00631686336421991,0.00395051796825444,0.00223533877423314));
#3342=CARTESIAN_POINT('',(-0.00878852582998065,0.00502064054471518,0.00194164835359949));
#3343=CARTESIAN_POINT('',(-0.00837625575209021,0.00484225908614729,0.00197086952373264));
#3344=CARTESIAN_POINT('',(-0.00796397624351241,0.00466387442954818,0.00199948918376496));
#3345=CARTESIAN_POINT('',(-0.00755166059917887,0.00448549063653758,0.00202612346655902));
#3346=CARTESIAN_POINT('',(-0.00734550277701209,0.00439629874003227,0.00203944060795605));
#3347=CARTESIAN_POINT('',(-0.00713933584879217,0.00430710689193357,0.00205225332020668));
#3348=CARTESIAN_POINT('',(-0.00693314723311881,0.00421791995238777,0.0020639814047728));
#3349=CARTESIAN_POINT('',(-0.00672695861744545,0.00412873301284195,0.00207570948933892));
#3350=CARTESIAN_POINT('',(-0.00652075161224818,0.00403954813108579,0.00208646660878749));
#3351=CARTESIAN_POINT('',(-0.00631448119974618,0.00395039358043847,0.00209444191977963));
#3352=CARTESIAN_POINT('',(-0.00878567436849428,0.005019730486407,0.00167003609336554));
#3353=CARTESIAN_POINT('',(-0.00836996486898305,0.00484116960113667,0.00172375608541418));
#3354=CARTESIAN_POINT('',(-0.00795413937700887,0.0046625725949637,0.00177633210543246));
#3355=CARTESIAN_POINT('',(-0.0075378957790812,0.00448399551355416,0.00182528834416602));
#3356=CARTESIAN_POINT('',(-0.00732977398011736,0.00439470697284939,0.0018497664635328));
#3357=CARTESIAN_POINT('',(-0.00712154634511044,0.00430542206513985,0.00187332265467432));
#3358=CARTESIAN_POINT('',(-0.00691307784240562,0.00421619658775902,0.00189496159047521));
#3359=CARTESIAN_POINT('',(-0.0067046093397008,0.00412697111037819,0.00191660052627611));
#3360=CARTESIAN_POINT('',(-0.00649593093609782,0.00403777867727205,0.00193649320760288));
#3361=CARTESIAN_POINT('',(-0.00628658953775244,0.00394890546969048,0.00195170168256319));
#3362=CARTESIAN_POINT('',(-0.0087805674887858,0.00501816921606059,0.00139463196296823));
#3363=CARTESIAN_POINT('',(-0.00835857150577778,0.00483933196474623,0.00147515645250249));
#3364=CARTESIAN_POINT('',(-0.00793628360895265,0.0046604003078085,0.00155407599169514));
#3365=CARTESIAN_POINT('',(-0.0075129013328825,0.00448151475282972,0.00162779838054156));
#3366=CARTESIAN_POINT('',(-0.00730121019484742,0.00439207197534032,0.00166465957496477));
#3367=CARTESIAN_POINT('',(-0.0070892423272672,0.00430263611761751,0.00170019688595651));
#3368=CARTESIAN_POINT('',(-0.00687663064413705,0.00421336061361977,0.00173294978395542));
#3369=CARTESIAN_POINT('',(-0.00666401896100691,0.00412408510962203,0.00176570268195433));
#3370=CARTESIAN_POINT('',(-0.00645084832255551,0.00403488961138712,0.00179591683214716));
#3371=CARTESIAN_POINT('',(-0.00623587499396,0.00394661141489609,0.00181929430726442));
#3372=CARTESIAN_POINT('',(-0.00877929076885868,0.00501777889847398,0.00132578093036891));
#3373=CARTESIAN_POINT('',(-0.00835572316497646,0.00483887255564862,0.00141300654427457));
#3374=CARTESIAN_POINT('',(-0.00793181966693859,0.0046598572360197,0.00149851196326081));
#3375=CARTESIAN_POINT('',(-0.00750665272133282,0.0044808945626486,0.00157842588963545));
#3376=CARTESIAN_POINT('',(-0.00729406924852993,0.00439141322596305,0.00161838285282277));
#3377=CARTESIAN_POINT('',(-0.00708116632280639,0.00430193963073693,0.00165691544377706));
#3378=CARTESIAN_POINT('',(-0.00686751884456991,0.00421265162008496,0.00169244683232548));
#3379=CARTESIAN_POINT('',(-0.00665387136633344,0.00412336360943299,0.00172797822087389));
#3380=CARTESIAN_POINT('',(-0.00643957766916994,0.0040341673449159,0.00176077273828323));
#3381=CARTESIAN_POINT('',(-0.00622319635801189,0.00394603790119749,0.00178619246343973));
#3382=CARTESIAN_POINT('',(-0.00877787765648691,0.00501734983039127,0.00125669177950855));
#3383=CARTESIAN_POINT('',(-0.00835256525271273,0.00483836904466722,0.00135076329742073));
#3384=CARTESIAN_POINT('',(-0.00792686901241207,0.00465926308355146,0.00144300488846217));
#3385=CARTESIAN_POINT('',(-0.00749972199661572,0.00448021611662127,0.00152926588279883));
#3386=CARTESIAN_POINT('',(-0.00728614848871754,0.00439069263315618,0.00157239637996715));
#3387=CARTESIAN_POINT('',(-0.00707220822598824,0.0043011775043628,0.00161400341278266));
#3388=CARTESIAN_POINT('',(-0.00685741077204688,0.00421187583350419,0.00165239123961946));
#3389=CARTESIAN_POINT('',(-0.00664261331810553,0.00412257416264558,0.00169077906645626));
#3390=CARTESIAN_POINT('',(-0.00642707243442429,0.00403337642242074,0.00172623157582506));
#3391=CARTESIAN_POINT('',(-0.00620912211013147,0.00394541546622829,0.00175375833425244));
#3392=CARTESIAN_POINT('',(-0.00877634243718485,0.0050168882683534,0.00118723918544722));
#3393=CARTESIAN_POINT('',(-0.00834912567537328,0.00483782956597937,0.00128835003885447));
#3394=CARTESIAN_POINT('',(-0.00792147412347466,0.00465862787077876,0.0013875278731266));
#3395=CARTESIAN_POINT('',(-0.00749216644853087,0.00447949032455202,0.00148033992957103));
#3396=CARTESIAN_POINT('',(-0.00727751261105897,0.00438992155143865,0.00152674595779325));
#3397=CARTESIAN_POINT('',(-0.00706244026395222,0.00430036120306347,0.00157153057365109));
#3398=CARTESIAN_POINT('',(-0.00684638497476988,0.00421104464207053,0.00161287389626773));
#3399=CARTESIAN_POINT('',(-0.00663032968558754,0.0041217280810776,0.00165421721888436));
#3400=CARTESIAN_POINT('',(-0.00641342345325418,0.00403252686213426,0.00169242462661499));
#3401=CARTESIAN_POINT('',(-0.00619374024587482,0.00394475811201993,0.00172212790531578));
#3402=CARTESIAN_POINT('',(-0.00877595863235933,0.00501677287784393,0.00116987603693188));
#3403=CARTESIAN_POINT('',(-0.00834826578103842,0.0048376946963074,0.0012727467242129));
#3404=CARTESIAN_POINT('',(-0.00792012540124031,0.00465846906758559,0.0013736586192927));
#3405=CARTESIAN_POINT('',(-0.00749027756150966,0.00447930887653471,0.00146810844126408));
#3406=CARTESIAN_POINT('',(-0.00727535364164433,0.00438972878100926,0.00151533335224976));
#3407=CARTESIAN_POINT('',(-0.00705999827344322,0.00430015712773863,0.0015609123638682));
#3408=CARTESIAN_POINT('',(-0.00684362852545063,0.00421083684421212,0.00160299456042979));
#3409=CARTESIAN_POINT('',(-0.00662725877745804,0.00412151656068559,0.00164507675699139));
#3410=CARTESIAN_POINT('',(-0.00641001120796166,0.00403231447206265,0.00168397288931247));
#3411=CARTESIAN_POINT('',(-0.00618989477981066,0.00394459377346784,0.00171422029808162));
#3412=CARTESIAN_POINT('',(-0.0087755671962596,0.00501665545648424,0.00115249015575137));
#3413=CARTESIAN_POINT('',(-0.00834738827590624,0.00483755757522415,0.00125713271545792));
#3414=CARTESIAN_POINT('',(-0.00791874889864382,0.00465830769067876,0.00135979111357929));
#3415=CARTESIAN_POINT('',(-0.00748834958499179,0.00447912446119111,0.00145589135150441));
#3416=CARTESIAN_POINT('',(-0.00727314992816577,0.00438953284644729,0.00150394147046697));
#3417=CARTESIAN_POINT('',(-0.00705750560281749,0.0042999496580933,0.00155032126529712));
#3418=CARTESIAN_POINT('',(-0.00684081462944518,0.0042106255802714,0.00159314844651495));
#3419=CARTESIAN_POINT('',(-0.00662412365607287,0.00412130150244948,0.00163597562773279));
#3420=CARTESIAN_POINT('',(-0.00640652733143424,0.00403209842447697,0.00167556644208131));
#3421=CARTESIAN_POINT('',(-0.00618596736195137,0.00394442730151021,0.00170636216356927));
#3422=CARTESIAN_POINT('',(-0.00877516835356514,0.00501653610224545,0.00113507956848625));
#3423=CARTESIAN_POINT('',(-0.0083464935914747,0.00483741832686666,0.00124150675318951));
#3424=CARTESIAN_POINT('',(-0.00791734526782272,0.00465814389014032,0.00134592481974675));
#3425=CARTESIAN_POINT('',(-0.00748638338075242,0.00447893724153322,0.00144368880134078));
#3426=CARTESIAN_POINT('',(-0.00727090243721727,0.00438933391722967,0.0014925707921378));
#3427=CARTESIAN_POINT('',(-0.00705496332212397,0.00429973896504101,0.00153975808622683));
#3428=CARTESIAN_POINT('',(-0.00683794442674267,0.00421041102482833,0.00158333663013203));
#3429=CARTESIAN_POINT('',(-0.00662092553136138,0.00412108308461566,0.00162691517403723));
#3430=CARTESIAN_POINT('',(-0.00640297308956897,0.00403187887954645,0.0016672068534646));
#3431=CARTESIAN_POINT('',(-0.00618195910533995,0.00394425897363024,0.00169855501017316));
#3432=CARTESIAN_POINT('',(-0.00877496893221791,0.00501647642512606,0.00112637427485369));
#3433=CARTESIAN_POINT('',(-0.00834604624925893,0.00483734870268791,0.0012336937720553));
#3434=CARTESIAN_POINT('',(-0.00791664345241218,0.0046580619898711,0.00133899167283047));
#3435=CARTESIAN_POINT('',(-0.00748540027863274,0.00447884363170427,0.00143758752625897));
#3436=CARTESIAN_POINT('',(-0.00726977869174303,0.00438923445262086,0.00148688545297322));
#3437=CARTESIAN_POINT('',(-0.00705369218177722,0.00429963361851486,0.00153447649669169));
#3438=CARTESIAN_POINT('',(-0.00683650932539142,0.00421030374710681,0.00157843072194057));
#3439=CARTESIAN_POINT('',(-0.00661932646900563,0.00412097387569876,0.00162238494718946));
#3440=CARTESIAN_POINT('',(-0.00640119596863633,0.00403176910708119,0.00166302705915625));
#3441=CARTESIAN_POINT('',(-0.00617995497703424,0.00394417480969025,0.0016946514334751));
#3442=CARTESIAN_POINT('',(-0.00877476765923042,0.00501641626478626,0.00111766280468341));
#3443=CARTESIAN_POINT('',(-0.00834559461222134,0.00483727854668426,0.00122587780246111));
#3444=CARTESIAN_POINT('',(-0.00791593485494757,0.00465797948368333,0.00133205882874165));
#3445=CARTESIAN_POINT('',(-0.00748440761954152,0.00447874932078239,0.00143148988591126));
#3446=CARTESIAN_POINT('',(-0.0072686440018385,0.00438913423933192,0.00148120541449606));
#3447=CARTESIAN_POINT('',(-0.00705240863882116,0.00429952746611644,0.00152920188685716));
#3448=CARTESIAN_POINT('',(-0.00683506014718226,0.00421019564649816,0.00157353338796261));
#3449=CARTESIAN_POINT('',(-0.00661771165554336,0.0041208638268799,0.00161786488906807));
#3450=CARTESIAN_POINT('',(-0.00639940125597895,0.00403165846025131,0.00165885897936));
#3451=CARTESIAN_POINT('',(-0.00617793063815661,0.00394409018198315,0.00169076060181929));
#3452=CARTESIAN_POINT('',(-0.00877456456272626,0.00501635563345978,0.00110894491119901));
#3453=CARTESIAN_POINT('',(-0.00834513873430174,0.00483720787432308,0.001218058686495));
#3454=CARTESIAN_POINT('',(-0.00791521955694063,0.00465789639026077,0.00132512621959941));
#3455=CARTESIAN_POINT('',(-0.00748340551094045,0.00447865432904608,0.0014253958969543));
#3456=CARTESIAN_POINT('',(-0.00726749848794037,0.00438903329843874,0.00147553073563175));
#3457=CARTESIAN_POINT('',(-0.00705111282645229,0.00429942052907563,0.00152393435673914));
#3458=CARTESIAN_POINT('',(-0.00683359703351032,0.00421008674474527,0.001568644761666));
#3459=CARTESIAN_POINT('',(-0.00661608124056836,0.0041207529604149,0.00161335516659287));
#3460=CARTESIAN_POINT('',(-0.00639758910750717,0.004031546958883,0.00165470280934604));
#3461=CARTESIAN_POINT('',(-0.00617588622249767,0.00394400512650009,0.00168688270234697));
#3462=CARTESIAN_POINT('',(-0.0087743614662221,0.0050162950021333,0.00110022701771462));
#3463=CARTESIAN_POINT('',(-0.00834468285638215,0.00483713720196191,0.00121023957052888));
#3464=CARTESIAN_POINT('',(-0.00791450425893369,0.00465781329683821,0.00131819361045717));
#3465=CARTESIAN_POINT('',(-0.00748240340233939,0.00447855933730978,0.00141930190799735));
#3466=CARTESIAN_POINT('',(-0.00726635297404224,0.00438893235754556,0.00146985605676744));
#3467=CARTESIAN_POINT('',(-0.00704981701408341,0.00429931359203483,0.00151866682662111));
#3468=CARTESIAN_POINT('',(-0.00683213391983839,0.00420997784299237,0.0015637561353694));
#3469=CARTESIAN_POINT('',(-0.00661445082559336,0.00412064209394992,0.00160884544411767));
#3470=CARTESIAN_POINT('',(-0.00639577695903539,0.00403143545751468,0.00165054663933208));
#3471=CARTESIAN_POINT('',(-0.00617384180683874,0.00394392007101703,0.00168300480287464));
#3472=CARTESIAN_POINT('',(-0.00877445334834801,0.00501635193952213,0.00109272198892522));
#3473=CARTESIAN_POINT('',(-0.00834449095967875,0.004837158220095,0.00120349954658565));
#3474=CARTESIAN_POINT('',(-0.00791401442110536,0.00465779083174156,0.0013121721439515));
#3475=CARTESIAN_POINT('',(-0.00748155807206357,0.00447849687872512,0.00141384924034366));
#3476=CARTESIAN_POINT('',(-0.00726532989754267,0.0043888499022169,0.00146468778853974));
#3477=CARTESIAN_POINT('',(-0.00704860161749344,0.00429921162675513,0.00151374452497606));
#3478=CARTESIAN_POINT('',(-0.00683069138608077,0.00420986933336899,0.0015590020176577));
#3479=CARTESIAN_POINT('',(-0.0066127811546681,0.00412052703998285,0.00160425951033934));
#3480=CARTESIAN_POINT('',(-0.00639384942279718,0.00403132060589327,0.00164605413308941));
#3481=CARTESIAN_POINT('',(-0.00617155983244872,0.00394387906541386,0.00167843721359628));
#3482=CARTESIAN_POINT('',(-0.00877391374393096,0.00501615786406616,0.00108262236950799));
#3483=CARTESIAN_POINT('',(-0.0083437257878213,0.00483698301447181,0.00119445918846184));
#3484=CARTESIAN_POINT('',(-0.00791302535720401,0.00465763785516757,0.00130421746716185));
#3485=CARTESIAN_POINT('',(-0.0074803506720299,0.0044783632504202,0.00140704680931514));
#3486=CARTESIAN_POINT('',(-0.00726401332944284,0.00438872594804653,0.00145846148039178));
#3487=CARTESIAN_POINT('',(-0.00704717738701192,0.00429909666769742,0.00150811170298187));
#3488=CARTESIAN_POINT('',(-0.00682916179050678,0.00420975749933958,0.00155398974326154));
#3489=CARTESIAN_POINT('',(-0.00661114619400164,0.00412041833098175,0.0015998677835412));
#3490=CARTESIAN_POINT('',(-0.00639211242758455,0.00403121020388109,0.00164231288300411));
#3491=CARTESIAN_POINT('',(-0.00616971939037637,0.00394374325637308,0.00167537403154036));
#3492=CARTESIAN_POINT('',(-0.00877175532626278,0.00501538156224228,0.00104222389183911));
#3493=CARTESIAN_POINT('',(-0.00834066510039149,0.00483628219197907,0.0011582977559666));
#3494=CARTESIAN_POINT('',(-0.00790906910159857,0.00465702594887163,0.00127239876000326));
#3495=CARTESIAN_POINT('',(-0.00747552107189522,0.00447782873720054,0.00137983708520103));
#3496=CARTESIAN_POINT('',(-0.00725874705704355,0.00438823013136499,0.00143355624779992));
#3497=CARTESIAN_POINT('',(-0.00704148046508585,0.00429863683146654,0.00148558041500516));
#3498=CARTESIAN_POINT('',(-0.00682304340821083,0.00420931016322194,0.0015339406456769));
#3499=CARTESIAN_POINT('',(-0.0066046063513358,0.00411998349497734,0.00158230087634865));
#3500=CARTESIAN_POINT('',(-0.00638516444673401,0.00403076859583235,0.00162734788266292));
#3501=CARTESIAN_POINT('',(-0.006162357622087,0.00394320002020996,0.00166312130331667));
#3502=CARTESIAN_POINT('',(-0.00876864332316584,0.00501467082914175,0.00100185898577186));
#3503=CARTESIAN_POINT('',(-0.00833681676004043,0.00483563826014403,0.0011221894813579));
#3504=CARTESIAN_POINT('',(-0.00790449247307321,0.00465646127934636,0.00124064770788656));
#3505=CARTESIAN_POINT('',(-0.00747024288654539,0.00447733395809186,0.0013527090680474));
#3506=CARTESIAN_POINT('',(-0.00725311809328148,0.00438777029746461,0.00140873974812782));
#3507=CARTESIAN_POINT('',(-0.00703550784592999,0.00429820987578257,0.00146314459800802));
#3508=CARTESIAN_POINT('',(-0.00681673922705408,0.00420889439617163,0.00151399958416783));
#3509=CARTESIAN_POINT('',(-0.00659797060817817,0.0041195789165607,0.00156485457032763));
#3510=CARTESIAN_POINT('',(-0.00637821268789423,0.00403035872154621,0.00161251958427052));
#3511=CARTESIAN_POINT('',(-0.00615509446836463,0.00394268932030066,0.00165105419021392));
#3512=CARTESIAN_POINT('',(-0.00876457392571971,0.00501401607485187,0.000961561908253093));
#3513=CARTESIAN_POINT('',(-0.00833217674411419,0.00483504359736645,0.00108616021988329));
#3514=CARTESIAN_POINT('',(-0.00789929124602023,0.00465593828078063,0.00120898271082317));
#3515=CARTESIAN_POINT('',(-0.00746451238158491,0.00447687477818558,0.00132567386726097));
#3516=CARTESIAN_POINT('',(-0.00724712294936725,0.00438734302688806,0.00138401944547987));
#3517=CARTESIAN_POINT('',(-0.00702925645743789,0.00429781290253414,0.00144080808553254));
#3518=CARTESIAN_POINT('',(-0.00681024715217532,0.00420850758154007,0.0014941661743766));
#3519=CARTESIAN_POINT('',(-0.00659123784691275,0.004119202260546,0.00154752426322067));
#3520=CARTESIAN_POINT('',(-0.00637125733927037,0.0040299780977119,0.00159781814198951));
#3521=CARTESIAN_POINT('',(-0.00614793382527086,0.00394220950371485,0.00163915742258235));
#3522=CARTESIAN_POINT('',(-0.00874829633593519,0.00501139705769234,0.000800373598178022));
#3523=CARTESIAN_POINT('',(-0.00831361668040921,0.00483266494625616,0.000942043173984807));
#3524=CARTESIAN_POINT('',(-0.00787848633780829,0.00465384628651769,0.00108232272256959));
#3525=CARTESIAN_POINT('',(-0.00744159036174298,0.00447503805856048,0.00121753306411522));
#3526=CARTESIAN_POINT('',(-0.00722314237371032,0.00438563394458187,0.00128513823488804));
#3527=CARTESIAN_POINT('',(-0.0070042509034695,0.00429622500954041,0.00135146203563063));
#3528=CARTESIAN_POINT('',(-0.00678427885266031,0.00420696032301383,0.00141483253521171));
#3529=CARTESIAN_POINT('',(-0.00656430680185111,0.00411769563648726,0.0014782030347928));
#3530=CARTESIAN_POINT('',(-0.00634343594477496,0.00402845560237463,0.00153901237286547));
#3531=CARTESIAN_POINT('',(-0.00611929125289577,0.00394029023737162,0.00159157035205612));
#3532=CARTESIAN_POINT('',(-0.00871671317408379,0.00500963902865818,0.00064022132222902));
#3533=CARTESIAN_POINT('',(-0.00828239733988824,0.00483104685163512,0.00079915239829894));
#3534=CARTESIAN_POINT('',(-0.00784768934811374,0.0046524006113014,0.000957014730384741));
#3535=CARTESIAN_POINT('',(-0.00741142641182766,0.00447375576504441,0.00111086404514655));
#3536=CARTESIAN_POINT('',(-0.00719329494368462,0.00438443334191591,0.00118778870252746));
#3537=CARTESIAN_POINT('',(-0.00697477381368863,0.00429510633884486,0.00126370261301961));
#3538=CARTESIAN_POINT('',(-0.00675529039211341,0.00420586663220344,0.00133722283127612));
#3539=CARTESIAN_POINT('',(-0.00653580697053819,0.00411662692556202,0.00141074304953263));
#3540=CARTESIAN_POINT('',(-0.00631553785054365,0.00402739276527269,0.00148224094299109));
#3541=CARTESIAN_POINT('',(-0.0060922724968922,0.00393885280292559,0.00154672291116215));
#3542=CARTESIAN_POINT('',(-0.00866947383094207,0.00500846370612821,0.000483778848670245));
#3543=CARTESIAN_POINT('',(-0.00823820399702513,0.00482996553397002,0.000659514073391198));
#3544=CARTESIAN_POINT('',(-0.00780662821212646,0.00465143535205171,0.000834481513021952));
#3545=CARTESIAN_POINT('',(-0.00737383309233545,0.00447290262597293,0.00100651374806127));
#3546=CARTESIAN_POINT('',(-0.00715743553243994,0.00438363626293353,0.00109252986558092));
#3547=CARTESIAN_POINT('',(-0.00694073274570389,0.00429436626253248,0.00117780824249015));
#3548=CARTESIAN_POINT('',(-0.00672327158730103,0.00420514555645866,0.00126131180558212));
#3549=CARTESIAN_POINT('',(-0.00650581042889816,0.00411592485038484,0.0013448153686741));
#3550=CARTESIAN_POINT('',(-0.00628773555193438,0.00402670336544191,0.00142684207798864));
#3551=CARTESIAN_POINT('',(-0.00606726972848318,0.00393789384796086,0.00150352919220381));
#3552=CARTESIAN_POINT('',(-0.00857499514465865,0.00500611306106829,0.000170893901552692));
#3553=CARTESIAN_POINT('',(-0.00814981731129892,0.00482780289863982,0.000380237423575714));
#3554=CARTESIAN_POINT('',(-0.0077245059401519,0.00464950483355232,0.000589415078296374));
#3555=CARTESIAN_POINT('',(-0.00729864645335102,0.00447119634782996,0.000797813153890691));
#3556=CARTESIAN_POINT('',(-0.00708571670995058,0.00438204210496878,0.00090201219168785));
#3557=CARTESIAN_POINT('',(-0.00687265060973443,0.00429288610990773,0.00100601950143124));
#3558=CARTESIAN_POINT('',(-0.00665923397767626,0.00420370340496911,0.00110948975419414));
#3559=CARTESIAN_POINT('',(-0.0064458173456181,0.00411452070003048,0.00121296000695703));
#3560=CARTESIAN_POINT('',(-0.00623213095471585,0.00402532456578036,0.00131604434798374));
#3561=CARTESIAN_POINT('',(-0.00601726419166514,0.00393597593803141,0.00141714175428711));
#3562=CARTESIAN_POINT('',(-0.00841559432919323,0.00500615832967237,-0.000125551448253258));
#3563=CARTESIAN_POINT('',(-0.00800779403386306,0.00482784397253836,0.000115297234587437));
#3564=CARTESIAN_POINT('',(-0.00760012815559262,0.0046495413083804,0.000356469371506428));
#3565=CARTESIAN_POINT('',(-0.00719307421635369,0.00447123822040061,0.000599005672660402));
#3566=CARTESIAN_POINT('',(-0.00698954724673423,0.00438208667641072,0.000720273823237389));
#3567=CARTESIAN_POINT('',(-0.00678617098884226,0.00429293570914936,0.000841880426976142));
#3568=CARTESIAN_POINT('',(-0.00658321071092571,0.00420376809109065,0.000964374189427574));
#3569=CARTESIAN_POINT('',(-0.00638025043300917,0.00411460047303195,0.00108686795187901));
#3570=CARTESIAN_POINT('',(-0.00617759034743358,0.00402542444192201,0.00121003159151202));
#3571=CARTESIAN_POINT('',(-0.00597645555581985,0.00393614591697118,0.0013362602570214));
#3572=CARTESIAN_POINT('',(-0.00820536492691889,0.00500858427650169,-0.000379076618404617));
#3573=CARTESIAN_POINT('',(-0.0078231936460173,0.00483006953655258,-0.000114477295045838));
#3574=CARTESIAN_POINT('',(-0.00744158124412291,0.00465151785781469,0.000150918623459371));
#3575=CARTESIAN_POINT('',(-0.0070621261641901,0.00447299568173787,0.000419506885120363));
#3576=CARTESIAN_POINT('',(-0.0068723986242237,0.00438373459369945,0.000553801015950859));
#3577=CARTESIAN_POINT('',(-0.00668321301342498,0.00429447616906522,0.000688893838613908));
#3578=CARTESIAN_POINT('',(-0.00649533921754011,0.00420531124626644,0.000825979402995885));
#3579=CARTESIAN_POINT('',(-0.00630746542165523,0.00411614632346766,0.000963064967377861));
#3580=CARTESIAN_POINT('',(-0.00612068055447114,0.00402699058591924,0.0011017580036951));
#3581=CARTESIAN_POINT('',(-0.00593786630191898,0.00393853611333423,0.00124676806288425));
#3582=CARTESIAN_POINT('',(-0.00799513552464455,0.00501101022333101,-0.000632601788555975));
#3583=CARTESIAN_POINT('',(-0.00763859325817154,0.00483229510056681,-0.000344251824679114));
#3584=CARTESIAN_POINT('',(-0.0072830343326532,0.00465349440724898,-5.46321245876865E-5));
#3585=CARTESIAN_POINT('',(-0.00693117811202651,0.00447475314307512,0.000240008097580324));
#3586=CARTESIAN_POINT('',(-0.00675525000171316,0.00438538251098819,0.00038732820866433));
#3587=CARTESIAN_POINT('',(-0.00658025503800771,0.00429601662898108,0.000535907250251674));
#3588=CARTESIAN_POINT('',(-0.0064074677241545,0.00420685440144223,0.000687584616564195));
#3589=CARTESIAN_POINT('',(-0.00623468041030129,0.00411769217390337,0.000839261982876716));
#3590=CARTESIAN_POINT('',(-0.0060637707615087,0.00402855672991647,0.00099348441587817));
#3591=CARTESIAN_POINT('',(-0.00589927704801811,0.00394092630969727,0.0011572758687471));
#3592=CARTESIAN_POINT('',(-0.00773423059345916,0.00501572713598513,-0.000841417619765843));
#3593=CARTESIAN_POINT('',(-0.00741155785579191,0.00483666055279421,-0.000537473349906745));
#3594=CARTESIAN_POINT('',(-0.00709044422326902,0.00465740717230245,-0.000231806731435488));
#3595=CARTESIAN_POINT('',(-0.00677499659435237,0.00447824310920871,8.0412869086908E-5));
#3596=CARTESIAN_POINT('',(-0.00661727277989405,0.00438866107766185,0.000236522669348106));
#3597=CARTESIAN_POINT('',(-0.00646099035968879,0.00429908076967237,0.000394288985481203));
#3598=CARTESIAN_POINT('',(-0.00630794082698656,0.00420991082810506,0.000555949617243248));
#3599=CARTESIAN_POINT('',(-0.00615489129428432,0.00412074088653776,0.000717610249005294));
#3600=CARTESIAN_POINT('',(-0.00600478526139038,0.00403167878524143,0.000882679625135145));
#3601=CARTESIAN_POINT('',(-0.00586295809248585,0.00394549455070303,0.00105861670309481));
#3602=CARTESIAN_POINT('',(-0.0074474149928254,0.00502545633950938,-0.000995913868675538));
#3603=CARTESIAN_POINT('',(-0.00716165140670521,0.00484534933890727,-0.00068679018606719));
#3604=CARTESIAN_POINT('',(-0.00687837479681714,0.00466489457746989,-0.000375423923925581));
#3605=CARTESIAN_POINT('',(-0.00660270530533516,0.00448477749183178,-5.63657878254935E-5));
#3606=CARTESIAN_POINT('',(-0.00646487055959417,0.00439471894901272,0.00010316328022455));
#3607=CARTESIAN_POINT('',(-0.00632898809761382,0.00430472896812169,0.000264655634440464));
#3608=CARTESIAN_POINT('',(-0.00619693599936316,0.00421547255711258,0.000430355724567061));
#3609=CARTESIAN_POINT('',(-0.0060648839011125,0.00412621614610348,0.000596055814693657));
#3610=CARTESIAN_POINT('',(-0.00593650386862015,0.00403740866628708,0.000765638701360025));
#3611=CARTESIAN_POINT('',(-0.00581626103515646,0.00395231935643892,0.000945443197717635));
#3612=CARTESIAN_POINT('',(-0.00730400719250851,0.00503032094127151,-0.00107316199313038));
#3613=CARTESIAN_POINT('',(-0.00703669818216187,0.0048496937319638,-0.000761448604147412));
#3614=CARTESIAN_POINT('',(-0.0067723400835912,0.00466863828005361,-0.000447232520170627));
#3615=CARTESIAN_POINT('',(-0.00651655966082656,0.00448804468314331,-0.000124755116281694));
#3616=CARTESIAN_POINT('',(-0.00638866944944424,0.00439774788468816,3.64835856627725E-5));
#3617=CARTESIAN_POINT('',(-0.00626298696657633,0.00430755306734635,0.000199838958920095));
#3618=CARTESIAN_POINT('',(-0.00614143358555146,0.00421825342161635,0.000367558778228968));
#3619=CARTESIAN_POINT('',(-0.00601988020452659,0.00412895377588635,0.000535278597537839));
#3620=CARTESIAN_POINT('',(-0.00590236317223504,0.00404027360680991,0.000707118239472466));
#3621=CARTESIAN_POINT('',(-0.00579291250649177,0.00395573175930687,0.000888856445029049));
#3622=CARTESIAN_POINT('',(-0.00715408446534173,0.00503655716249768,-0.00113682380349672));
#3623=CARTESIAN_POINT('',(-0.00690599841691324,0.00485521605688509,-0.000825156501953413));
#3624=CARTESIAN_POINT('',(-0.00666141987825078,0.00467334948142283,-0.000510710541519696));
#3625=CARTESIAN_POINT('',(-0.00642638101980679,0.00449212959261075,-0.000187524867637277));
#3626=CARTESIAN_POINT('',(-0.00630886159058479,0.0044015196482047,-2.59320306960675E-5));
#3627=CARTESIAN_POINT('',(-0.00619380410058055,0.00431106456670867,0.000137909083560241));
#3628=CARTESIAN_POINT('',(-0.00608306661798954,0.0042216971730285,0.000306163297414787));
#3629=CARTESIAN_POINT('',(-0.00597232913539854,0.00413232977934833,0.000474417511269333));
#3630=CARTESIAN_POINT('',(-0.00586589215173472,0.00404381229594399,0.000646928606745784));
#3631=CARTESIAN_POINT('',(-0.00576702591008963,0.00395973643541405,0.000828642385751201));
#3632=CARTESIAN_POINT('',(-0.00700090390555514,0.00504492202298957,-0.00118724880080309));
#3633=CARTESIAN_POINT('',(-0.00677214926482328,0.00486251753900362,-0.000878239429231481));
#3634=CARTESIAN_POINT('',(-0.00654754687671026,0.00467949933344272,-0.000566163315511803));
#3635=CARTESIAN_POINT('',(-0.00633326158518625,0.00449743480038141,-0.000244979974906983));
#3636=CARTESIAN_POINT('',(-0.00622611893942424,0.00440640253385075,-8.43883046045733E-5));
#3637=CARTESIAN_POINT('',(-0.0061216386745251,0.00431561425679937,7.85522667916927E-5));
#3638=CARTESIAN_POINT('',(-0.00602149259349421,0.00422612345517214,0.000245856915845336));
#3639=CARTESIAN_POINT('',(-0.00592134651246332,0.00413663265354491,0.000413161564898979));
#3640=CARTESIAN_POINT('',(-0.00582556168501965,0.00404825047830274,0.000584739364931417));
#3641=CARTESIAN_POINT('',(-0.00573658116928292,0.00396445128939431,0.000764696190796464));
#3642=CARTESIAN_POINT('',(-0.00692431362566184,0.00504910445323552,-0.00121246129945627));
#3643=CARTESIAN_POINT('',(-0.0067052246887783,0.00486616828006289,-0.000904780892870515));
#3644=CARTESIAN_POINT('',(-0.00649061037594,0.00468257425945266,-0.000593889702507856));
#3645=CARTESIAN_POINT('',(-0.00628670186787598,0.00450008740426674,-0.000273707528541836));
#3646=CARTESIAN_POINT('',(-0.00618474761384396,0.00440884397667378,-0.000113616441558826));
#3647=CARTESIAN_POINT('',(-0.00608555596149738,0.00431788910184472,4.88738584074187E-5));
#3648=CARTESIAN_POINT('',(-0.00599070558124654,0.00422833659624397,0.000215703725060611));
#3649=CARTESIAN_POINT('',(-0.00589585520099571,0.00413878409064321,0.000382533591713802));
#3650=CARTESIAN_POINT('',(-0.00580539645166212,0.00405046956948212,0.000553644744024233));
#3651=CARTESIAN_POINT('',(-0.00572135879887956,0.00396680871638443,0.000732723093319096));
#3652=CARTESIAN_POINT('',(-0.00684682431144181,0.0050538400561439,-0.00123444463927832));
#3653=CARTESIAN_POINT('',(-0.00663744370578686,0.00487027903016748,-0.000928733016857179));
#3654=CARTESIAN_POINT('',(-0.00643288523968682,0.00468601810648025,-0.000619660659543637));
#3655=CARTESIAN_POINT('',(-0.00623937889373129,0.00450305055293312,-0.000301135459086137));
#3656=CARTESIAN_POINT('',(-0.00614262572075352,0.00441156677615956,-0.000141872858857388));
#3657=CARTESIAN_POINT('',(-0.00604872287400778,0.00432042573601108,1.9833070273659E-5));
#3658=CARTESIAN_POINT('',(-0.00595912471210705,0.00423079772322564,0.000185831132656329));
#3659=CARTESIAN_POINT('',(-0.00586952655020633,0.00414116971044019,0.000351829195038998));
#3660=CARTESIAN_POINT('',(-0.00578430088007043,0.00405291750684336,0.000522089027745406));
#3661=CARTESIAN_POINT('',(-0.0057050413339112,0.00396935304839271,0.000699868107335096));
#3662=CARTESIAN_POINT('',(-0.00676861361985316,0.00505935413753353,-0.00125339023362684));
#3663=CARTESIAN_POINT('',(-0.00656895254806116,0.00487501876440169,-0.000950270634332877));
#3664=CARTESIAN_POINT('',(-0.0063744941304569,0.00468995094985977,-0.000643624147838511));
#3665=CARTESIAN_POINT('',(-0.00619136598083732,0.00450641706865428,-0.00032737207196382));
#3666=CARTESIAN_POINT('',(-0.00609980190602753,0.00441465012805154,-0.000169246034026474));
#3667=CARTESIAN_POINT('',(-0.00601115538875875,0.00432329510570686,-8.63613195236355E-6));
#3668=CARTESIAN_POINT('',(-0.00592672353169841,0.00423357156003448,0.000156199466690844));
#3669=CARTESIAN_POINT('',(-0.00584229167463806,0.00414384801436212,0.000321035065334052));
#3670=CARTESIAN_POINT('',(-0.0057621522624703,0.00405564580261304,0.000490088074242177));
#3671=CARTESIAN_POINT('',(-0.00568746610357542,0.00397213347153577,0.000666195022719367));
#3672=CARTESIAN_POINT('',(-0.00672950827405883,0.00506211117822835,-0.00126286303080109));
#3673=CARTESIAN_POINT('',(-0.00653470696919831,0.0048773886315188,-0.000961039443070727));
#3674=CARTESIAN_POINT('',(-0.00634529857584193,0.00469191737154954,-0.000655605891985947));
#3675=CARTESIAN_POINT('',(-0.00616735952439033,0.00450810032651486,-0.00034049037840266));
#3676=CARTESIAN_POINT('',(-0.00607838999866453,0.00441619180399753,-0.000182932621611018));
#3677=CARTESIAN_POINT('',(-0.00599237164613423,0.00432472979055474,-2.28707330653748E-5));
#3678=CARTESIAN_POINT('',(-0.00591052294149408,0.00423495847843891,0.000141383633708102));
#3679=CARTESIAN_POINT('',(-0.00582867423685394,0.00414518716632307,0.000305638000481578));
#3680=CARTESIAN_POINT('',(-0.00575107795367024,0.00405700995049788,0.000474087597490562));
#3681=CARTESIAN_POINT('',(-0.00567867848840753,0.0039735236831073,0.000649358480411503));
#3682=CARTESIAN_POINT('',(-0.00669022119998194,0.00506506441250792,-0.0012715765663924));
#3683=CARTESIAN_POINT('',(-0.00650028286378641,0.00487991686411845,-0.000971204951827431));
#3684=CARTESIAN_POINT('',(-0.00631593599572045,0.00469400678638689,-0.000667136146964645));
#3685=CARTESIAN_POINT('',(-0.00614318033158562,0.00450988496697517,-0.000353311192409456));
#3686=CARTESIAN_POINT('',(-0.0060568024995182,0.00441782405726931,-0.000196398715131861));
#3687=CARTESIAN_POINT('',(-0.00597340428259285,0.00432624803573697,-3.69627141341935E-5));
#3688=CARTESIAN_POINT('',(-0.00589411731029169,0.00423642390804529,0.000126627797821401));
#3689=CARTESIAN_POINT('',(-0.00581483033799052,0.00414659978035361,0.000290218309776996));
#3690=CARTESIAN_POINT('',(-0.00573974052610813,0.00405844445119295,0.000457975676451981));
#3691=CARTESIAN_POINT('',(-0.00566957664357253,0.00397497320178409,0.000632317267004131));
#3692=CARTESIAN_POINT('',(-0.00665076467859683,0.00506825444125869,-0.00127955510950722));
#3693=CARTESIAN_POINT('',(-0.0064656913860139,0.00488263329746877,-0.000980790948364438));
#3694=CARTESIAN_POINT('',(-0.00628641791653168,0.00469623987803308,-0.000678235949050001));
#3695=CARTESIAN_POINT('',(-0.00611883575281213,0.00451178665555921,-0.000365850365485427));
#3696=CARTESIAN_POINT('',(-0.00603504467095236,0.00441956004432228,-0.000209657573703141));
#3697=CARTESIAN_POINT('',(-0.00595425508946209,0.00432786147525137,-5.09222435837256E-5));
#3698=CARTESIAN_POINT('',(-0.00587750350865796,0.00423797836244915,0.000111925374854919));
#3699=CARTESIAN_POINT('',(-0.00580075192785383,0.00414809524964694,0.000274772993293564));
#3700=CARTESIAN_POINT('',(-0.00572812550398914,0.00405995761127193,0.000441753324348664));
#3701=CARTESIAN_POINT('',(-0.00566014149372556,0.003976490087759,0.000615078313405983));
#3702=CARTESIAN_POINT('',(-0.00663103641790427,0.00506984945563407,-0.00128354438106463));
#3703=CARTESIAN_POINT('',(-0.00644839564712765,0.00488399151414393,-0.000985583946632941));
#3704=CARTESIAN_POINT('',(-0.00627165887693729,0.00469735642385617,-0.000683785850092679));
#3705=CARTESIAN_POINT('',(-0.00610666346342539,0.00451273749985123,-0.000372119952023414));
#3706=CARTESIAN_POINT('',(-0.00602416575666944,0.00442042803784876,-0.000216287002988781));
#3707=CARTESIAN_POINT('',(-0.00594468049289671,0.00432866819500858,-5.79020083084917E-5));
#3708=CARTESIAN_POINT('',(-0.00586919660784109,0.00423875558965109,0.000104574163371678));
#3709=CARTESIAN_POINT('',(-0.00579371272278548,0.00414884298429362,0.000267050335051848));
#3710=CARTESIAN_POINT('',(-0.00572231799292964,0.00406071419131143,0.000433642148297005));
#3711=CARTESIAN_POINT('',(-0.00565542391880208,0.00397724853074645,0.000606458836606909));
#3712=CARTESIAN_POINT('',(-0.0066112656786267,0.00507150382277757,-0.00128734990230671));
#3713=CARTESIAN_POINT('',(-0.00643105798085342,0.0048853968881551,-0.000990232086787116));
#3714=CARTESIAN_POINT('',(-0.00625686091789701,0.00469850895791604,-0.000689228166624208));
#3715=CARTESIAN_POINT('',(-0.00609444980614983,0.0045137176552038,-0.000378319154814284));
#3716=CARTESIAN_POINT('',(-0.00601324425027623,0.00442132200384769,-0.000222864648909322));
#3717=CARTESIAN_POINT('',(-0.00593506043616069,0.00432949874631769,-6.48486821577176E-5));
#3718=CARTESIAN_POINT('',(-0.00586083766590636,0.00423955510174432,9.72362864047165E-5));
#3719=CARTESIAN_POINT('',(-0.00578661489565202,0.00414961145717093,0.00025932125496715));
#3720=CARTESIAN_POINT('',(-0.00571644109226291,0.00406149045801517,0.000425503353077501));
#3721=CARTESIAN_POINT('',(-0.0056506230306242,0.00397802383716606,0.000597789912536463));
#3722=CARTESIAN_POINT('',(-0.00659145323507359,0.00507322367441427,-0.0012909746506422));
#3723=CARTESIAN_POINT('',(-0.00641367922631096,0.00488685387931629,-0.000994738454579796));
#3724=CARTESIAN_POINT('',(-0.0062420251877295,0.00469970053175131,-0.000694565708738673));
#3725=CARTESIAN_POINT('',(-0.00608219555930219,0.00451472940851901,-0.000384450124112115));
#3726=CARTESIAN_POINT('',(-0.00600228074508854,0.00442224384690286,-0.000229392331798837));
#3727=CARTESIAN_POINT('',(-0.00592539512346541,0.00433035480211085,-7.17636772690919E-5));
#3728=CARTESIAN_POINT('',(-0.00585242629874707,0.00424037840225091,8.99108010765578E-5));
#3729=CARTESIAN_POINT('',(-0.00577945747402873,0.00415040200239097,0.000251585279422208));
#3730=CARTESIAN_POINT('',(-0.00571049304632167,0.00406228759203763,0.00041733699126985));
#3731=CARTESIAN_POINT('',(-0.00564573652131127,0.00397881715260264,0.000589072328089264));
#3732=CARTESIAN_POINT('',(-0.00658154701329703,0.00507408360023262,-0.00129278702480994));
#3733=CARTESIAN_POINT('',(-0.00640498984903973,0.00488758237489689,-0.000996991638476136));
#3734=CARTESIAN_POINT('',(-0.00623460732264574,0.00470029631866895,-0.000697234479795906));
#3735=CARTESIAN_POINT('',(-0.00607606843587838,0.00451523528517662,-0.000387515608761031));
#3736=CARTESIAN_POINT('',(-0.00599679899249469,0.00442270476843045,-0.000232656173243594));
#3737=CARTESIAN_POINT('',(-0.00592056246711776,0.00433078283000744,-7.52211748247791E-5));
#3738=CARTESIAN_POINT('',(-0.00584822061516742,0.00424079005250421,8.62480584124785E-5));
#3739=CARTESIAN_POINT('',(-0.00577587876321709,0.00415079727500098,0.000247717291649736));
#3740=CARTESIAN_POINT('',(-0.00570751902335106,0.00406268615904886,0.000413253810366026));
#3741=CARTESIAN_POINT('',(-0.00564329326665481,0.00397921381032094,0.000584713535865665));
#3742=CARTESIAN_POINT('',(-0.00657163035703494,0.00507495990925852,-0.00129455420481122));
#3743=CARTESIAN_POINT('',(-0.00639629019351543,0.00488832378308934,-0.000999209380390534));
#3744=CARTESIAN_POINT('',(-0.00622718001153415,0.00470090187080963,-0.000699877059196884));
#3745=CARTESIAN_POINT('',(-0.0060699311634994,0.00451574906503125,-0.000390564036875712));
#3746=CARTESIAN_POINT('',(-0.00599130673948202,0.00442317266214207,-0.000235907525715125));
#3747=CARTESIAN_POINT('',(-0.00591571849655002,0.00433121723647346,-7.86707542381067E-5));
#3748=CARTESIAN_POINT('',(-0.00584400182534003,0.00424120765197322,8.25884123480089E-5));
#3749=CARTESIAN_POINT('',(-0.00577228515413005,0.00415119806747298,0.000243847578934124));
#3750=CARTESIAN_POINT('',(-0.00570452721461902,0.00406308994446563,0.000409163736997475));
#3751=CARTESIAN_POINT('',(-0.00564082860749975,0.00397961497180035,0.000580342577670146));
#3752=CARTESIAN_POINT('',(-0.00656170331057861,0.00507585344535645,-0.0012962765553225));
#3753=CARTESIAN_POINT('',(-0.00638758032576625,0.00488907871457423,-0.00100139207228717));
#3754=CARTESIAN_POINT('',(-0.0062197433775982,0.0047015176031991,-0.000702493810126459));
#3755=CARTESIAN_POINT('',(-0.00606378382965543,0.00451627105744419,-0.000393595688586059));
#3756=CARTESIAN_POINT('',(-0.00598580405568404,0.00442364778456674,-0.000239146627815859));
#3757=CARTESIAN_POINT('',(-0.00591086323579827,0.00433165824606692,-8.21126015694852E-5));
#3758=CARTESIAN_POINT('',(-0.00583976988153348,0.00424163140188718,7.89317369168555E-5));
#3759=CARTESIAN_POINT('',(-0.00576867652726868,0.00415160455770744,0.000239976075403196));
#3760=CARTESIAN_POINT('',(-0.00570151740398665,0.00406349910572727,0.000405066772645622));
#3761=CARTESIAN_POINT('',(-0.00563834226000829,0.00398002078958083,0.000575959546396824));
#3762=CARTESIAN_POINT('',(-0.00655177626412227,0.00507674698145438,-0.00129799890583379));
#3763=CARTESIAN_POINT('',(-0.00637887045801707,0.00488983364605912,-0.0010035747641838));
#3764=CARTESIAN_POINT('',(-0.00621230674366226,0.00470213333558856,-0.000705110561056034));
#3765=CARTESIAN_POINT('',(-0.00605763649581146,0.00451679304985713,-0.000396627340296407));
#3766=CARTESIAN_POINT('',(-0.00598030137188606,0.00442412290699141,-0.000242385729916593));
#3767=CARTESIAN_POINT('',(-0.00590600797504653,0.00433209925566038,-8.55544489008637E-5));
#3768=CARTESIAN_POINT('',(-0.00583553793772692,0.00424205515180114,7.5275061485702E-5));
#3769=CARTESIAN_POINT('',(-0.00576506790040732,0.0041520110479419,0.000236104571872268));
#3770=CARTESIAN_POINT('',(-0.00569850759335428,0.00406390826698891,0.00040096980829377));
#3771=CARTESIAN_POINT('',(-0.00563585591251684,0.00398042660736131,0.000571576515123502));
#3772=CARTESIAN_POINT('',(-0.00654007634445067,0.00507820960813196,-0.0013005786862663));
#3773=CARTESIAN_POINT('',(-0.00636870168656485,0.00489098446057027,-0.00100650957373033));
#3774=CARTESIAN_POINT('',(-0.00620379110966917,0.00470297040320283,-0.000708328202855089));
#3775=CARTESIAN_POINT('',(-0.00605081077025832,0.00451742606388813,-0.000400052401967809));
#3776=CARTESIAN_POINT('',(-0.00597432060055289,0.00442465389423078,-0.00024591450152417));
#3777=CARTESIAN_POINT('',(-0.00590087864193388,0.00433255882642353,-8.91680425825568E-5));
#3778=CARTESIAN_POINT('',(-0.00583120859964069,0.00424248756147319,7.15629747472495E-5));
#3779=CARTESIAN_POINT('',(-0.0057615385573475,0.00415241629652286,0.000232293992077055));
#3780=CARTESIAN_POINT('',(-0.00569572600358062,0.00406433685950061,0.000397050268631851));
#3781=CARTESIAN_POINT('',(-0.00563366009533801,0.003980884187108,0.000567433848013231));
#3782=CARTESIAN_POINT('',(-0.0065318910082789,0.00507858663446509,-0.00130130947643968));
#3783=CARTESIAN_POINT('',(-0.00636142012450528,0.0048913847278115,-0.0010078353936831));
#3784=CARTESIAN_POINT('',(-0.00619740561624475,0.00470339578013833,-0.000710266948819668));
#3785=CARTESIAN_POINT('',(-0.00604531172432943,0.00451786199844618,-0.000402640602455073));
#3786=CARTESIAN_POINT('',(-0.00596926477837178,0.0044250951076001,-0.000248827429272775));
#3787=CARTESIAN_POINT('',(-0.00589626360594252,0.00433300131971224,-9.2415139978884E-5));
#3788=CARTESIAN_POINT('',(-0.00582703454057505,0.00424292131356801,6.79704909507844E-5));
#3789=CARTESIAN_POINT('',(-0.00575780547520759,0.00415284130742377,0.000228356121880453));
#3790=CARTESIAN_POINT('',(-0.00569243375244111,0.00406474288139397,0.000392755204575849));
#3791=CARTESIAN_POINT('',(-0.00563081787173008,0.00398125237084522,0.000562774322427222));
#3792=CARTESIAN_POINT('',(-0.00648998208707942,0.00508051700929072,-0.00130505112212742));
#3793=CARTESIAN_POINT('',(-0.00632413852676029,0.0048934340960866,-0.00101462359184126));
#3794=CARTESIAN_POINT('',(-0.00616471188991167,0.00470557371004806,-0.000720193328158309));
#3795=CARTESIAN_POINT('',(-0.00601715660917353,0.00452009398338338,-0.000415892188949863));
#3796=CARTESIAN_POINT('',(-0.00594337896880446,0.00442735412005104,-0.000263741619345639));
#3797=CARTESIAN_POINT('',(-0.00587263462166671,0.00433526688535041,-0.000109040278648079));
#3798=CARTESIAN_POINT('',(-0.005805663358159,0.00424514212429342,4.95769739128829E-5));
#3799=CARTESIAN_POINT('',(-0.00573869209465128,0.00415501736323644,0.000208194226473845));
#3800=CARTESIAN_POINT('',(-0.00567557742660681,0.00406682171348795,0.00037076447660912));
#3801=CARTESIAN_POINT('',(-0.00561626568685749,0.00398313747157973,0.000538917551426856));
#3802=CARTESIAN_POINT('',(-0.00644807316587995,0.00508244738411635,-0.00130879276781515));
#3803=CARTESIAN_POINT('',(-0.00628685692901531,0.00489548346436169,-0.00102141178999943));
#3804=CARTESIAN_POINT('',(-0.0061320181635786,0.0047077516399578,-0.000730119707496951));
#3805=CARTESIAN_POINT('',(-0.00598900149401763,0.00452232596832059,-0.000429143775444653));
#3806=CARTESIAN_POINT('',(-0.00591749315923714,0.00442961313250197,-0.000278655809418504));
#3807=CARTESIAN_POINT('',(-0.00584900563739091,0.00433753245098858,-0.000125665417317275));
#3808=CARTESIAN_POINT('',(-0.00578429217574294,0.00424736293501884,3.11834568749815E-5));
#3809=CARTESIAN_POINT('',(-0.00571957871409497,0.0041571934190491,0.000188032331067238));
#3810=CARTESIAN_POINT('',(-0.00565872110077251,0.00406890054558193,0.000348773748642392));
#3811=CARTESIAN_POINT('',(-0.00560171350198489,0.00398502257231424,0.00051506078042649));
#3812=CARTESIAN_POINT('',(-0.00640616424468047,0.00508437775894199,-0.00131253441350288));
#3813=CARTESIAN_POINT('',(-0.00624957533127032,0.00489753283263678,-0.0010281999881576));
#3814=CARTESIAN_POINT('',(-0.00609932443724553,0.00470992956986753,-0.000740046086835593));
#3815=CARTESIAN_POINT('',(-0.00596084637886172,0.00452455795325779,-0.000442395361939443));
#3816=CARTESIAN_POINT('',(-0.00589160734966982,0.0044318721449529,-0.000293569999491368));
#3817=CARTESIAN_POINT('',(-0.00582537665311511,0.00433979801662675,-0.00014229055598647));
#3818=CARTESIAN_POINT('',(-0.00576292099332688,0.00424958374574427,1.278993983708E-5));
#3819=CARTESIAN_POINT('',(-0.00570046533353865,0.00415936947486177,0.000167870435660631));
#3820=CARTESIAN_POINT('',(-0.00564186477493821,0.00407097937767591,0.000326783020675662));
#3821=CARTESIAN_POINT('',(-0.00558716131711229,0.00398690767304876,0.000491204009426125));
#3822=CARTESIAN_POINT('',(-0.00287416138585435,0.00409997618872441,0.00418083882739616));
#3823=CARTESIAN_POINT('',(-0.00266207642237699,0.00438397246388261,0.00471874623301848));
#3824=CARTESIAN_POINT('',(-0.00240678245732453,0.00469486618956357,0.00520870022863137));
#3825=CARTESIAN_POINT('',(-0.00213227622630176,0.00499997919075168,0.00568867707737136));
#3826=CARTESIAN_POINT('',(-0.00213226437072907,0.005,0.00568866223690088));
#3827=CARTESIAN_POINT('',(-0.00287416972045976,0.0041,0.00418082954202653));
#3828=CARTESIAN_POINT('',(-0.00646075115279852,0.005,-0.00117791230853819));
#3829=CARTESIAN_POINT('',(-0.00703716602731673,0.005,-0.00115154517829451));
#3830=CARTESIAN_POINT('',(-0.00788101174891291,0.00500000000000001,-0.000821010921935251));
#3831=CARTESIAN_POINT('',(-0.00857089817958684,0.00499999999999999,0.000123192490587838));
#3832=CARTESIAN_POINT('',(-0.00874603755642982,0.00500000000000004,0.000830347549837113));
#3833=CARTESIAN_POINT('',(-0.00873550478894595,0.00499999999999999,0.00140140619887773));
#3834=CARTESIAN_POINT('',(-0.00874239645880614,0.005,0.00197151204057576));
#3835=CARTESIAN_POINT('',(-0.00874236996524442,0.00500000000000001,0.00254196133491511));
#3836=CARTESIAN_POINT('',(-0.00873551267445725,0.00499999999999999,0.0031120842552972));
#3837=CARTESIAN_POINT('',(-0.00874585967594313,0.00500000000000005,0.00368304058198788));
#3838=CARTESIAN_POINT('',(-0.00849977966666029,0.00499999999999997,0.00467396467081299));
#3839=CARTESIAN_POINT('',(-0.00759534366754768,0.00500000000000001,0.0055209690375879));
#3840=CARTESIAN_POINT('',(-0.00645460851931211,0.005,0.00570970308103393));
#3841=CARTESIAN_POINT('',(-0.00529960512319028,0.00500000000000001,0.00573341765989151));
#3842=CARTESIAN_POINT('',(-0.00385925847649092,0.005,0.00578645507627916));
#3843=CARTESIAN_POINT('',(-0.00270793146972912,0.005,0.00571504296325657));
#3844=CARTESIAN_POINT('',(-0.00213226218467163,0.005,0.00568871002671411));
#3845=CARTESIAN_POINT('',(-0.00646074896673378,0.005,-0.00117786451872494));
#3846=CARTESIAN_POINT('',(-0.0064607495741183,0.00499997857316122,-0.00117787779198057));
#3847=CARTESIAN_POINT('',(-0.00618624739597192,0.0046948651947131,-0.000697898579039427));
#3848=CARTESIAN_POINT('',(-0.00593095397643108,0.00438397084566455,-0.000207939773239547));
#3849=CARTESIAN_POINT('',(-0.00571886599339779,0.00409997452813129,0.00032997575335529));
#3850=CARTESIAN_POINT('',(-0.00571884361700312,0.0041,0.000329968176149412));
#3851=CARTESIAN_POINT('',(-0.00571888230422706,0.0041,0.000329925073781183));
#3852=CARTESIAN_POINT('',(-0.00595446597669415,0.0041,0.000541376988528284));
#3853=CARTESIAN_POINT('',(-0.00635701618438265,0.0041,0.00103094663477903));
#3854=CARTESIAN_POINT('',(-0.00670933998978831,0.0041,0.00192500374974638));
#3855=CARTESIAN_POINT('',(-0.00663219999372724,0.00409999999999999,0.00288834292748548));
#3856=CARTESIAN_POINT('',(-0.00618625256599901,0.00410000000000002,0.00373480450461961));
#3857=CARTESIAN_POINT('',(-0.0055197745134207,0.00410000000000006,0.00441528207451081));
#3858=CARTESIAN_POINT('',(-0.00463056638176582,0.0040999999999998,0.00481543326970342));
#3859=CARTESIAN_POINT('',(-0.00365991528062594,0.00410000000000005,0.0047315414132119));
#3860=CARTESIAN_POINT('',(-0.00311085615837243,0.0041,0.00439334812154767));
#3861=CARTESIAN_POINT('',(-0.00287413103333607,0.0041,0.0041808726444792));
#3862=CARTESIAN_POINT('',(-0.00429650666873144,0.0041,0.00225539885908797));
#3863=CARTESIAN_POINT('',(-0.00287413190162559,0.0041,0.0041808716772031));
#3864=CARTESIAN_POINT('',(-0.00263894986025535,0.0041,0.00396978176736944));
#3865=CARTESIAN_POINT('',(-0.00223878054516196,0.0041,0.00348327839736972));
#3866=CARTESIAN_POINT('',(-0.00188455411596684,0.0041,0.00259256686551062));
#3867=CARTESIAN_POINT('',(-0.00195951437205438,0.00409999999999999,0.0016242639104891));
#3868=CARTESIAN_POINT('',(-0.00240700122653471,0.0041,0.000775463033303044));
#3869=CARTESIAN_POINT('',(-0.00307313040771641,0.0041,9.64703438551134E-5));
#3870=CARTESIAN_POINT('',(-0.00395640299967358,0.00410000000000001,-0.000303538954902496));
#3871=CARTESIAN_POINT('',(-0.00493272932165954,0.00410000000000002,-0.000221789828561585));
#3872=CARTESIAN_POINT('',(-0.00548197812230997,0.0041,0.000117466258322454));
#3873=CARTESIAN_POINT('',(-0.00571888141769722,0.0041,0.000329926026479926));
#3874=CARTESIAN_POINT('',(-0.00429650666873144,0.0041,0.00225539885908798));
#3875=CARTESIAN_POINT('',(-0.00429650666873144,0.0041,0.00425539885908797));
#3876=CARTESIAN_POINT('',(0.00178343508908609,0.0058,-0.0065));
#3877=CARTESIAN_POINT('',(0.00178343508908609,0.004,-0.0065));
#3878=CARTESIAN_POINT('',(0.00178343508908609,0.004,-0.0082));
#3879=CARTESIAN_POINT('',(0.0034834350890861,0.004,-0.0065));
#3880=CARTESIAN_POINT('',(0.0034834350890861,0.0058,-0.0065));
#3881=CARTESIAN_POINT('',(0.0034834350890861,0.005,-0.0065));
#3882=CARTESIAN_POINT('',(0.00178343508908609,0.005,-0.0065));
#3883=CARTESIAN_POINT('',(0.00178343508908609,0.005,-0.0082));
#3884=CARTESIAN_POINT('',(0.00178343508908609,0.0048,-0.0082));
#3885=CARTESIAN_POINT('',(0.0034834350890861,0.0058,0.0065));
#3886=CARTESIAN_POINT('',(0.0034834350890861,0.004,0.0065));
#3887=CARTESIAN_POINT('',(0.0034834350890861,0.004,0.0065));
#3888=CARTESIAN_POINT('',(0.0034834350890861,0.0058,0.0065));
#3889=CARTESIAN_POINT('',(0.0034834350890861,0.005,0.0065));
#3890=CARTESIAN_POINT('',(0.0034834350890861,0.005,-0.0065));
#3891=CARTESIAN_POINT('',(0.00178343508908609,0.0058,0.0065));
#3892=CARTESIAN_POINT('',(0.00178343508908609,0.004,0.0065));
#3893=CARTESIAN_POINT('',(0.00178343508908609,0.004,0.0082));
#3894=CARTESIAN_POINT('',(0.00178343508908609,0.0058,0.0082));
#3895=CARTESIAN_POINT('',(0.00178343508908609,0.005,0.0082));
#3896=CARTESIAN_POINT('',(0.00178343508908609,0.005,0.0065));
#3897=CARTESIAN_POINT('',(-0.011075,0.0048,0.0065));
#3898=CARTESIAN_POINT('',(-0.011075,0.0048,0.0065));
#3899=CARTESIAN_POINT('',(-0.011075,0.005,0.0065));
#3900=CARTESIAN_POINT('',(-0.011075,-0.000762,0.0065));
#3901=CARTESIAN_POINT('',(-0.011075,-0.000762,0.0065));
#3902=CARTESIAN_POINT('',(-0.011075,-0.000762,-0.0065));
#3903=CARTESIAN_POINT('',(-0.011075,0.0048,-0.0065));
#3904=CARTESIAN_POINT('',(-0.011075,0.005,-0.0065));
#3905=CARTESIAN_POINT('',(-0.011075,0.005,-0.0065));
#3906=CARTESIAN_POINT('',(-0.009375,0.0048,-0.0082));
#3907=CARTESIAN_POINT('',(-0.009375,0.0048,-0.0082));
#3908=CARTESIAN_POINT('',(-0.009375,0.005,-0.0082));
#3909=CARTESIAN_POINT('',(-0.009375,0.,-0.0082));
#3910=CARTESIAN_POINT('',(-0.009375,-0.000762,-0.0082));
#3911=CARTESIAN_POINT('',(-0.009375,-0.000762,-0.0082));
#3912=CARTESIAN_POINT('',(-0.009375,-0.000762,-0.0082));
#3913=CARTESIAN_POINT('',(0.009375,-0.000762,-0.0082));
#3914=CARTESIAN_POINT('',(0.009375,-0.000762,-0.0082));
#3915=CARTESIAN_POINT('',(0.009375,0.,-0.0082));
#3916=CARTESIAN_POINT('',(0.009375,0.0048,-0.0082));
#3917=CARTESIAN_POINT('',(0.009375,0.004,-0.0082));
#3918=CARTESIAN_POINT('',(-0.009375,0.004,-0.0082));
#3919=CARTESIAN_POINT('',(-0.009375,0.005,-0.0082));
#3920=CARTESIAN_POINT('',(0.009375,0.0048,0.0082));
#3921=CARTESIAN_POINT('',(0.009375,0.0048,0.0082));
#3922=CARTESIAN_POINT('',(0.009375,0.004,0.0082));
#3923=CARTESIAN_POINT('',(0.009375,-0.000762,0.0082));
#3924=CARTESIAN_POINT('',(-0.009375,-0.000762,0.0082));
#3925=CARTESIAN_POINT('',(-0.009375,-0.000762,0.0082));
#3926=CARTESIAN_POINT('',(-0.009375,0.0048,0.0082));
#3927=CARTESIAN_POINT('',(-0.009375,0.005,0.0082));
#3928=CARTESIAN_POINT('',(-0.009375,0.005,0.0082));
#3929=CARTESIAN_POINT('',(-0.009375,0.004,0.0082));
#3930=CARTESIAN_POINT('',(-0.00429650666873144,0.0049,0.00225539885908797));
#3931=CARTESIAN_POINT('',(-0.00388899233880169,0.0049,-0.000148756344655217));
#3932=CARTESIAN_POINT('',(-0.00571158603659662,0.0049,0.000269235993142445));
#3933=CARTESIAN_POINT('',(-0.00670035138463146,0.0049,0.00185172936587256));
#3934=CARTESIAN_POINT('',(-0.00628337105612115,0.0049,0.00366780410249767));
#3935=CARTESIAN_POINT('',(-0.00470222562820455,0.0049,0.00465971034995597));
#3936=CARTESIAN_POINT('',(-0.00288271881736643,0.0049,0.00424135512025216));
#3937=CARTESIAN_POINT('',(-0.00189313808331739,0.0049,0.00266247669003366));
#3938=CARTESIAN_POINT('',(-0.00230883149677669,0.0049,0.000843707391344862));
#3939=CARTESIAN_POINT('',(-0.00388899233880169,0.0049,-0.000148756344655217));
#3940=CARTESIAN_POINT('',(-0.00571158603659662,0.0049,0.000269235993142445));
#3941=CARTESIAN_POINT('',(-0.00670035138463146,0.0049,0.00185172936587256));
#3942=CARTESIAN_POINT('',(-0.00557261464496994,0.0049,0.000463319498964521));
#3943=CARTESIAN_POINT('',(-0.00429650666873144,0.0049,0.00225539885908798));
#3944=CARTESIAN_POINT('',(-0.00429650666873144,0.0049,0.00425539885908797));
#3945=CARTESIAN_POINT('',(0.00178343508908609,0.0058,-0.0065));
#3946=CARTESIAN_POINT('',(0.00178343508908609,0.0048,-0.0065));
#3947=CARTESIAN_POINT('',(0.00428343508908609,0.0048,-0.0065));
#3948=CARTESIAN_POINT('',(0.00178343508908609,0.0058,-0.0065));
#3949=CARTESIAN_POINT('',(0.00428343508908609,0.0058,-0.0065));
#3950=CARTESIAN_POINT('',(0.00428343508908609,0.0058,-0.0065));
#3951=CARTESIAN_POINT('',(0.00428343508908609,0.0058,0.0065));
#3952=CARTESIAN_POINT('',(0.00428343508908609,0.0048,0.0065));
#3953=CARTESIAN_POINT('',(0.00428343508908609,0.0048,0.0065));
#3954=CARTESIAN_POINT('',(0.00428343508908609,0.0058,0.0065));
#3955=CARTESIAN_POINT('',(0.00428343508908609,0.0058,0.0065));
#3956=CARTESIAN_POINT('',(0.00428343508908609,0.0058,0.0065));
#3957=CARTESIAN_POINT('',(0.00178343508908609,0.0058,0.0065));
#3958=CARTESIAN_POINT('',(0.00178343508908609,0.0048,0.0065));
#3959=CARTESIAN_POINT('',(0.00178343508908609,0.0058,0.0065));
#3960=CARTESIAN_POINT('',(0.011075,0.0048,-0.0065));
#3961=CARTESIAN_POINT('',(0.011075,0.004,0.0065));
#3962=CARTESIAN_POINT('',(0.011075,0.004,0.0065));
#3963=CARTESIAN_POINT('',(0.011075,0.004,0.0065));
#3964=CARTESIAN_POINT('',(0.011075,0.004,-0.0065));
#3965=CARTESIAN_POINT('',(0.011075,0.0048,-0.0065));
#3966=CARTESIAN_POINT('',(0.011075,-0.000762,-0.0065));
#3967=CARTESIAN_POINT('',(0.011075,-0.000762,0.0065));
#3968=CARTESIAN_POINT('',(0.011075,-0.000762,0.0065));
#3969=CARTESIAN_POINT('',(0.011075,0.0048,0.0065));
#3970=CARTESIAN_POINT('',(-0.009375,0.0058,-0.0065));
#3971=CARTESIAN_POINT('',(-0.00657516999829305,0.0058,-0.000944601140912027));
#3972=CARTESIAN_POINT('',(-0.00710355564865528,0.0058,-0.000944601140912028));
#3973=CARTESIAN_POINT('',(-0.00813908671222146,0.0058,-0.000509710688850866));
#3974=CARTESIAN_POINT('',(-0.0085751699991481,0.0058,0.000527256871199763));
#3975=CARTESIAN_POINT('',(-0.00857516999927702,0.0058,0.0010553988590861));
#3976=CARTESIAN_POINT('',(-0.00657516999829305,0.0058,-0.000944601140912027));
#3977=CARTESIAN_POINT('',(-0.00857516999927702,0.0058,0.00105539885908799));
#3978=CARTESIAN_POINT('',(-0.006575169999277,0.0058,-0.000944601140912026));
#3979=CARTESIAN_POINT('',(-0.00201784333818564,0.0058,-0.000944601140912028));
#3980=CARTESIAN_POINT('',(-1.78433381858576E-5,0.0058,0.00105539885907937));
#3981=CARTESIAN_POINT('',(-1.78433383166586E-5,0.0058,0.00052698093905456));
#3982=CARTESIAN_POINT('',(-0.000452643520244967,0.0058,-0.000508389316256114));
#3983=CARTESIAN_POINT('',(-0.00148965929133044,0.0058,-0.00094460114064811));
#3984=CARTESIAN_POINT('',(-0.00201784333818564,0.0058,-0.000944601140912028));
#3985=CARTESIAN_POINT('',(-1.78433381858578E-5,0.0058,0.00105539885907937));
#3986=CARTESIAN_POINT('',(-1.78433381858578E-5,0.0058,0.00105539885908799));
#3987=CARTESIAN_POINT('',(-1.78433381858576E-5,0.0058,0.00345539885908883));
#3988=CARTESIAN_POINT('',(-0.00201784333828607,0.0058,0.00545539885908798));
#3989=CARTESIAN_POINT('',(-0.00148946005221105,0.0058,0.00545539885885091));
#3990=CARTESIAN_POINT('',(-0.000453918475124136,0.0058,0.00502050198378413));
#3991=CARTESIAN_POINT('',(-1.78433383150168E-5,0.0058,0.00398353974978559));
#3992=CARTESIAN_POINT('',(-1.78433381858576E-5,0.0058,0.00345539885909074));
#3993=CARTESIAN_POINT('',(-0.00201784333828607,0.0058,0.00545539885908798));
#3994=CARTESIAN_POINT('',(-0.006575169999277,0.0058,0.00545539885908797));
#3995=CARTESIAN_POINT('',(-0.00657516999927748,0.0058,0.00545539885908798));
#3996=CARTESIAN_POINT('',(-0.00857516999927702,0.0058,0.00345539885909068));
#3997=CARTESIAN_POINT('',(-0.0085751699991478,0.0058,0.00398381677911644));
#3998=CARTESIAN_POINT('',(-0.00814036981722088,0.0058,0.00501918703443019));
#3999=CARTESIAN_POINT('',(-0.00710335404613364,0.0058,0.005455398858824));
#4000=CARTESIAN_POINT('',(-0.00657516999927748,0.0058,0.00545539885908798));
#4001=CARTESIAN_POINT('',(-0.00857516999927702,0.0058,0.00345539885909067));
#4002=CARTESIAN_POINT('',(-0.00857516999927702,0.0058,0.00105539885908799));
#4003=CARTESIAN_POINT('',(-0.009375,0.0048,0.0065));
#4004=CARTESIAN_POINT('',(0.009375,0.0048,-0.0065));
#4005=CARTESIAN_POINT('',(0.009375,0.004,-0.0065));
#4006=CARTESIAN_POINT('',(0.009375,-0.000762,-0.0065));
#4007=CARTESIAN_POINT('',(0.009375,0.004,-0.0065));
#4008=CARTESIAN_POINT('',(0.009375,0.0048,0.0065));
#4009=CARTESIAN_POINT('',(0.009375,0.004,0.0065));
#4010=CARTESIAN_POINT('',(0.009375,-0.000762,0.0065));
#4011=CARTESIAN_POINT('',(0.009375,0.004,0.0065));
#4012=CARTESIAN_POINT('',(-0.009375,0.004,0.0065));
#4013=CARTESIAN_POINT('',(-0.009375,0.0048,0.0065));
#4014=CARTESIAN_POINT('',(-0.009375,0.005,0.0065));
#4015=CARTESIAN_POINT('',(-0.009375,-0.000762,0.0065));
#4016=CARTESIAN_POINT('',(-0.009375,0.005,0.0065));
#4017=CARTESIAN_POINT('',(-0.009375,0.0048,-0.0065));
#4018=CARTESIAN_POINT('',(-0.009375,0.005,-0.0065));
#4019=CARTESIAN_POINT('',(-0.009375,-0.000762,-0.0065));
#4020=CARTESIAN_POINT('',(-0.009375,0.005,-0.0065));
#4021=CARTESIAN_POINT('',(-0.009375,0.005,-0.0065));
#4022=CARTESIAN_POINT('',(-0.00213226220719643,0.005,0.00568870953438567));
#4023=CARTESIAN_POINT('',(-0.00155586458360279,0.005,0.00566234333174141));
#4024=CARTESIAN_POINT('',(-0.000712054788190908,0.00500000000000001,0.00533183957392564));
#4025=CARTESIAN_POINT('',(-2.21565814899766E-5,0.00499999999999998,0.00438768026041093));
#4026=CARTESIAN_POINT('',(0.000153017801562898,0.00500000000000004,0.00368055840880812));
#4027=CARTESIAN_POINT('',(0.000142491624376498,0.00499999999999999,0.00310949865241958));
#4028=CARTESIAN_POINT('',(0.000149382147523716,0.005,0.00253939684951518));
#4029=CARTESIAN_POINT('',(0.000149357629269299,0.00500000000000001,0.00196895074413071));
#4030=CARTESIAN_POINT('',(0.000142499160036342,0.00499999999999999,0.00139883033301623));
#4031=CARTESIAN_POINT('',(0.000152853232651072,0.00500000000000005,0.000827881208020316));
#4032=CARTESIAN_POINT('',(-9.31633107286386E-5,0.00499999999999996,-0.000163074312304846));
#4033=CARTESIAN_POINT('',(-0.000997582225319893,0.005,-0.00101012509725393));
#4034=CARTESIAN_POINT('',(-0.00213832372376658,0.005,-0.00119890852473295));
#4035=CARTESIAN_POINT('',(-0.00329335137210314,0.00499999999999999,-0.00122261425715043));
#4036=CARTESIAN_POINT('',(-0.00473372250877044,0.005,-0.00127564310492395));
#4037=CARTESIAN_POINT('',(-0.00588507224864634,0.005,-0.00120428319093346));
#4038=CARTESIAN_POINT('',(-0.00646075113339986,0.005,-0.00117791181636984));
#4039=CARTESIAN_POINT('',(-0.00657516999829305,0.0058,-0.000944601140912027));
#4040=CARTESIAN_POINT('',(-0.00557261464483372,0.0049,0.000463319498867524));
#4041=CARTESIAN_POINT('',(-0.00547235910948778,0.00481,0.000604111562845488));
#4042=CARTESIAN_POINT('',(-0.00617768145312857,0.0058,-0.000944601140912026));
#4043=CARTESIAN_POINT('',(-0.005395325843914,0.0049,0.000337075283376222));
#4044=CARTESIAN_POINT('',(-0.00531709028299254,0.00481,0.000465242925805056));
#4045=CARTESIAN_POINT('',(-0.00541101999478752,0.0058,-0.000944601140912027));
#4046=CARTESIAN_POINT('',(-0.00499180382403979,0.0049,0.000130119653603842));
#4047=CARTESIAN_POINT('',(-0.00494988220696501,0.00481,0.000237591733055436));
#4048=CARTESIAN_POINT('',(-0.00429650666873144,0.0058,-0.000944601140912026));
#4049=CARTESIAN_POINT('',(-0.00429650666873144,0.0049,1.79004579022455E-5));
#4050=CARTESIAN_POINT('',(-0.00429650666873144,0.00481,0.000114150617783679));
#4051=CARTESIAN_POINT('',(-0.00318199334267537,0.0058,-0.000944601140912027));
#4052=CARTESIAN_POINT('',(-0.0036012095134231,0.0049,0.00013011965360384));
#4053=CARTESIAN_POINT('',(-0.00364313113049788,0.00481,0.000237591733055434));
#4054=CARTESIAN_POINT('',(-0.00241533188433432,0.0058,-0.000944601140912027));
#4055=CARTESIAN_POINT('',(-0.00319768749354888,0.0049,0.000337075283376221));
#4056=CARTESIAN_POINT('',(-0.00327592305447034,0.00481,0.000465242925805054));
#4057=CARTESIAN_POINT('',(-0.00177375527636576,0.0058,-0.000944601140912029));
#4058=CARTESIAN_POINT('',(-0.00291152994534124,0.0049,0.000540843005832334));
#4059=CARTESIAN_POINT('',(-0.0030253074122388,0.00481,0.000689387420506781));
#4060=CARTESIAN_POINT('',(-0.0012682554416068,0.0058,-0.000853854469270361));
#4061=CARTESIAN_POINT('',(-0.00271677902927762,0.0049,0.000709046267903174));
#4062=CARTESIAN_POINT('',(-0.00286163138804471,0.00481,0.000865336341620538));
#4063=CARTESIAN_POINT('',(-0.000585863120641537,0.0058,-0.000418479893547934));
#4064=CARTESIAN_POINT('',(-0.00248150934735537,0.0049,0.00099432233810953));
#4065=CARTESIAN_POINT('',(-0.00267107397002677,0.00481,0.00113560256127529));
#4066=CARTESIAN_POINT('',(-0.000121316582337849,0.0058,0.000263724509475156));
#4067=CARTESIAN_POINT('',(-0.00229885719685683,0.0049,0.00131004782412414));
#4068=CARTESIAN_POINT('',(-0.00251661125830874,0.00481,0.00141468015558905));
#4069=CARTESIAN_POINT('',(-1.78433381858565E-5,0.0058,0.000795480483014212));
#4070=CARTESIAN_POINT('',(-0.00221209941515782,0.0049,0.00154057847258196));
#4071=CARTESIAN_POINT('',(-0.00243152502285503,0.00481,0.00161508827153874));
#4072=CARTESIAN_POINT('',(-1.78433381858578E-5,0.0058,0.00115727986912217));
#4073=CARTESIAN_POINT('',(-0.00216496774027184,0.0049,0.00170862894678347));
#4074=CARTESIAN_POINT('',(-0.00237968018048046,0.00481,0.0017637638545496));
#4075=CARTESIAN_POINT('',(-1.78433381858578E-5,0.0058,0.00135909982215168));
#4076=CARTESIAN_POINT('',(-0.00214134550973719,0.0049,0.00180507967525435));
#4077=CARTESIAN_POINT('',(-0.00235369572689233,0.00481,0.00184967766056463));
#4078=CARTESIAN_POINT('',(-1.78433381858578E-5,0.0058,0.00165837874829212));
#4079=CARTESIAN_POINT('',(-0.0021155403782571,0.0049,0.00195369250246608));
#4080=CARTESIAN_POINT('',(-0.00232531008226424,0.00481,0.00198322387788348));
#4081=CARTESIAN_POINT('',(-1.78433381858578E-5,0.0058,0.00195631772321305));
#4082=CARTESIAN_POINT('',(-0.00209994240457331,0.0049,0.00210450469452356));
#4083=CARTESIAN_POINT('',(-0.00230815231121208,0.00481,0.00211932339165461));
#4084=CARTESIAN_POINT('',(-1.78433381858578E-5,0.0058,0.00215539885908798));
#4085=CARTESIAN_POINT('',(-0.00209650666873143,0.0049,0.00220526882912151));
#4086=CARTESIAN_POINT('',(-0.00230437300178601,0.00481,0.00221025582612486));
#4087=CARTESIAN_POINT('',(-1.78433381858578E-5,0.0058,0.00235539885908798));
#4088=CARTESIAN_POINT('',(-0.00209650666873143,0.0049,0.00230552888905444));
#4089=CARTESIAN_POINT('',(-0.00230437300178601,0.00481,0.00230054189205109));
#4090=CARTESIAN_POINT('',(-1.78433381858578E-5,0.0058,0.0025544799949629));
#4091=CARTESIAN_POINT('',(-0.00209994240457331,0.0049,0.00240629302365238));
#4092=CARTESIAN_POINT('',(-0.00230815231121208,0.00481,0.00239147432652133));
#4093=CARTESIAN_POINT('',(-1.78433381858578E-5,0.0058,0.00285241896988382));
#4094=CARTESIAN_POINT('',(-0.0021155403782571,0.0049,0.00255710521570987));
#4095=CARTESIAN_POINT('',(-0.00232531008226424,0.00481,0.00252757384029247));
#4096=CARTESIAN_POINT('',(-1.78433381858578E-5,0.0058,0.00315169789602427));
#4097=CARTESIAN_POINT('',(-0.00214134550973718,0.0049,0.00270571804292159));
#4098=CARTESIAN_POINT('',(-0.00235369572689233,0.00481,0.00266112005761132));
#4099=CARTESIAN_POINT('',(-1.78433381858578E-5,0.0058,0.00335351784905378));
#4100=CARTESIAN_POINT('',(-0.00216496774027184,0.0049,0.00280216877139248));
#4101=CARTESIAN_POINT('',(-0.00237968018048046,0.00481,0.00274703386362635));
#4102=CARTESIAN_POINT('',(-1.78433381858568E-5,0.0058,0.00371531723516174));
#4103=CARTESIAN_POINT('',(-0.00221209941515782,0.0049,0.00297021924559398));
#4104=CARTESIAN_POINT('',(-0.00243152502285503,0.00481,0.00289570944663721));
#4105=CARTESIAN_POINT('',(-0.00012131658233785,0.0058,0.00424707320870079));
#4106=CARTESIAN_POINT('',(-0.00229886051292341,0.0049,0.00320076253817869));
#4107=CARTESIAN_POINT('',(-0.00251661490598198,0.00481,0.00309613147112648));
#4108=CARTESIAN_POINT('',(-0.000585863120641537,0.0058,0.00492927761172388));
#4109=CARTESIAN_POINT('',(-0.00248150431263381,0.0049,0.00351646021660278));
#4110=CARTESIAN_POINT('',(-0.00267106843183305,0.00481,0.00337517847709065));
#4111=CARTESIAN_POINT('',(-0.0012682554416068,0.0058,0.00536465218744631));
#4112=CARTESIAN_POINT('',(-0.00271677278658499,0.0049,0.00380174979798954));
#4113=CARTESIAN_POINT('',(-0.00286162452108282,0.00481,0.00364545955904385));
#4114=CARTESIAN_POINT('',(-0.00177375527636576,0.0058,0.00545539885908798));
#4115=CARTESIAN_POINT('',(-0.00291152994534124,0.0049,0.00396995471234361));
#4116=CARTESIAN_POINT('',(-0.0030253074122388,0.00481,0.00382141029766917));
#4117=CARTESIAN_POINT('',(-0.00241533188433432,0.0058,0.00545539885908797));
#4118=CARTESIAN_POINT('',(-0.00319768749354888,0.0049,0.00417372243479973));
#4119=CARTESIAN_POINT('',(-0.00327592305447034,0.00481,0.00404555479237089));
#4120=CARTESIAN_POINT('',(-0.00318199334267538,0.0058,0.00545539885908798));
#4121=CARTESIAN_POINT('',(-0.0036012095134231,0.0049,0.0043806780645721));
#4122=CARTESIAN_POINT('',(-0.00364313113049788,0.00481,0.00427320598512051));
#4123=CARTESIAN_POINT('',(-0.00429650666873142,0.0058,0.00545539885908796));
#4124=CARTESIAN_POINT('',(-0.00429650666873143,0.0049,0.0044928972602737));
#4125=CARTESIAN_POINT('',(-0.00429650666873143,0.00481,0.00439664710039227));
#4126=CARTESIAN_POINT('',(-0.00541101999478752,0.0058,0.00545539885908798));
#4127=CARTESIAN_POINT('',(-0.00499180382403979,0.0049,0.0043806780645721));
#4128=CARTESIAN_POINT('',(-0.00494988220696501,0.00481,0.00427320598512052));
#4129=CARTESIAN_POINT('',(-0.00617768145312856,0.0058,0.00545539885908797));
#4130=CARTESIAN_POINT('',(-0.005395325843914,0.0049,0.00417372243479973));
#4131=CARTESIAN_POINT('',(-0.00531709028299253,0.00481,0.00404555479237089));
#4132=CARTESIAN_POINT('',(-0.00681925806109712,0.0058,0.00545539885908798));
#4133=CARTESIAN_POINT('',(-0.00568148339212163,0.0049,0.00396995471234361));
#4134=CARTESIAN_POINT('',(-0.00556770592522407,0.00481,0.00382141029766917));
#4135=CARTESIAN_POINT('',(-0.00732475789585608,0.0058,0.00536465218744631));
#4136=CARTESIAN_POINT('',(-0.00587623430818526,0.0049,0.00380175145027278));
#4137=CARTESIAN_POINT('',(-0.00573138194941817,0.00481,0.00364546137655541));
#4138=CARTESIAN_POINT('',(-0.00800715021682134,0.0058,0.00492927761172387));
#4139=CARTESIAN_POINT('',(-0.0061115039901075,0.0049,0.00351647538006641));
#4140=CARTESIAN_POINT('',(-0.0059219393674361,0.00481,0.00337519515690065));
#4141=CARTESIAN_POINT('',(-0.00847169675512503,0.0058,0.0042470732087008));
#4142=CARTESIAN_POINT('',(-0.00629415614060605,0.0049,0.0032007498940518));
#4143=CARTESIAN_POINT('',(-0.00607640207915414,0.00481,0.0030961175625869));
#4144=CARTESIAN_POINT('',(-0.00857516999927702,0.0058,0.00371531723516174));
#4145=CARTESIAN_POINT('',(-0.00638091392230506,0.0049,0.00297021924559398));
#4146=CARTESIAN_POINT('',(-0.00616148831460784,0.00481,0.00289570944663721));
#4147=CARTESIAN_POINT('',(-0.00857516999927702,0.0058,0.00335351784905378));
#4148=CARTESIAN_POINT('',(-0.00642804559719103,0.0049,0.00280216877139248));
#4149=CARTESIAN_POINT('',(-0.00621333315698241,0.00481,0.00274703386362635));
#4150=CARTESIAN_POINT('',(-0.00857516999927701,0.0058,0.00315169789602427));
#4151=CARTESIAN_POINT('',(-0.00645166782772568,0.0049,0.00270571804292158));
#4152=CARTESIAN_POINT('',(-0.00623931761057054,0.00481,0.00266112005761131));
#4153=CARTESIAN_POINT('',(-0.00857516999927702,0.0058,0.00285241896988382));
#4154=CARTESIAN_POINT('',(-0.00647747295920577,0.0049,0.00255710521570987));
#4155=CARTESIAN_POINT('',(-0.00626770325519864,0.00481,0.00252757384029247));
#4156=CARTESIAN_POINT('',(-0.00857516999927701,0.0058,0.0025544799949629));
#4157=CARTESIAN_POINT('',(-0.00649307093288956,0.0049,0.00240629302365238));
#4158=CARTESIAN_POINT('',(-0.0062848610262508,0.00481,0.00239147432652133));
#4159=CARTESIAN_POINT('',(-0.00857516999927702,0.0058,0.00235539885908797));
#4160=CARTESIAN_POINT('',(-0.00649650666873144,0.0049,0.00230552888905444));
#4161=CARTESIAN_POINT('',(-0.00628864033567687,0.00481,0.00230054189205109));
#4162=CARTESIAN_POINT('',(-0.00857516999927702,0.0058,0.00215539885908798));
#4163=CARTESIAN_POINT('',(-0.00649650666873144,0.0049,0.00220526882912151));
#4164=CARTESIAN_POINT('',(-0.00628864033567687,0.00481,0.00221025582612486));
#4165=CARTESIAN_POINT('',(-0.00857516999927701,0.0058,0.00195631772321305));
#4166=CARTESIAN_POINT('',(-0.00649307093288956,0.0049,0.00210450469452356));
#4167=CARTESIAN_POINT('',(-0.0062848610262508,0.00481,0.00211932339165461));
#4168=CARTESIAN_POINT('',(-0.00857516999927702,0.0058,0.00165837874829213));
#4169=CARTESIAN_POINT('',(-0.00647747295920577,0.0049,0.00195369250246608));
#4170=CARTESIAN_POINT('',(-0.00626770325519863,0.00481,0.00198322387788347));
#4171=CARTESIAN_POINT('',(-0.00857516999927702,0.0058,0.00135909982215168));
#4172=CARTESIAN_POINT('',(-0.00645166782772569,0.0049,0.00180507967525435));
#4173=CARTESIAN_POINT('',(-0.00623931761057054,0.00481,0.00184967766056463));
#4174=CARTESIAN_POINT('',(-0.00857516999927702,0.0058,0.00115727986912217));
#4175=CARTESIAN_POINT('',(-0.00642804559719103,0.0049,0.00170862894678347));
#4176=CARTESIAN_POINT('',(-0.00621333315698241,0.00481,0.0017637638545496));
#4177=CARTESIAN_POINT('',(-0.00857516999927702,0.0058,0.000795480483014213));
#4178=CARTESIAN_POINT('',(-0.00638091392230506,0.0049,0.00154057847258196));
#4179=CARTESIAN_POINT('',(-0.00616148831460785,0.00481,0.00161508827153874));
#4180=CARTESIAN_POINT('',(-0.00847169675512503,0.0058,0.000263724509475161));
#4181=CARTESIAN_POINT('',(-0.00629415282453946,0.0049,0.00131003517999725));
#4182=CARTESIAN_POINT('',(-0.00607639843148089,0.00481,0.00141466624704947));
#4183=CARTESIAN_POINT('',(-0.00800715021682134,0.0058,-0.000418479893547927));
#4184=CARTESIAN_POINT('',(-0.00611150902482906,0.0049,0.00099433750157317));
#4185=CARTESIAN_POINT('',(-0.00592194490562982,0.00481,0.00113561924108529));
#4186=CARTESIAN_POINT('',(-0.00732475789585609,0.0058,-0.000853854469270357));
#4187=CARTESIAN_POINT('',(-0.00587624055087789,0.0049,0.000709047920186411));
#4188=CARTESIAN_POINT('',(-0.00573138881638006,0.00481,0.000865338159132098));
#4189=CARTESIAN_POINT('',(-0.00681925806109713,0.0058,-0.000944601140912027));
#4190=CARTESIAN_POINT('',(-0.00568148339212163,0.0049,0.000540843005832336));
#4191=CARTESIAN_POINT('',(-0.00556770592522408,0.00481,0.000689387420506783));
#4192=CARTESIAN_POINT('',(-0.00657516999829305,0.0058,-0.000944601140912027));
#4193=CARTESIAN_POINT('',(-0.00557261464483372,0.0049,0.000463319498867524));
#4194=CARTESIAN_POINT('',(-0.00547235910948778,0.00481,0.000604111562845488));
#4195=CARTESIAN_POINT('',(-0.00653187037965658,0.0050785639811898,-0.00130127396316481));
#4196=CARTESIAN_POINT('',(-0.00636197992740324,0.00489199885262928,-0.00100879783449612));
#4197=CARTESIAN_POINT('',(-0.00619850346815598,0.00470465579116994,-0.000712251701272884));
#4198=CARTESIAN_POINT('',(-0.00604684587285264,0.00451973305139192,-0.000405742396521617));
#4199=CARTESIAN_POINT('',(-0.00597101707520097,0.00442727168150291,-0.000252487744145983));
#4200=CARTESIAN_POINT('',(-0.00589820745582291,0.00433547383304287,-9.66590385709535E-5));
#4201=CARTESIAN_POINT('',(-0.00582913841789238,0.00424565800086221,6.31002540345951E-5));
#4202=CARTESIAN_POINT('',(-0.00576006937996186,0.00415584216868153,0.000222859546640143));
#4203=CARTESIAN_POINT('',(-0.00569482392927995,0.00406797631652274,0.000386588054361447));
#4204=CARTESIAN_POINT('',(-0.00563332014375421,0.00398464288992747,0.000555878245901507));
#4205=CARTESIAN_POINT('',(-0.00652192270770082,0.0050794928535981,-0.00130290707071611));
#4206=CARTESIAN_POINT('',(-0.00635324568318445,0.00489278195991455,-0.00101090924568647));
#4207=CARTESIAN_POINT('',(-0.00619103969077971,0.00470529331899954,-0.000714814190697259));
#4208=CARTESIAN_POINT('',(-0.00604066551033135,0.00452027278291482,-0.000408736417326066));
#4209=CARTESIAN_POINT('',(-0.00596547842010717,0.00442776251487245,-0.00025569753064047));
#4210=CARTESIAN_POINT('',(-0.00589331235558804,0.00433592910391626,-0.0001000798604515));
#4211=CARTESIAN_POINT('',(-0.00582486129297181,0.00424609481972844,5.94561962967445E-5));
#4212=CARTESIAN_POINT('',(-0.00575641023035558,0.00415626053554063,0.000218992253044989));
#4213=CARTESIAN_POINT('',(-0.00569175659802215,0.00406839625249225,0.000382486572367027));
#4214=CARTESIAN_POINT('',(-0.00563076915693115,0.00398505836718652,0.00055148314760479));
#4215=CARTESIAN_POINT('',(-0.00651550521063127,0.00507931896181604,-0.00130273488915621));
#4216=CARTESIAN_POINT('',(-0.00634741197452196,0.00489280050609252,-0.00101144301177537));
#4217=CARTESIAN_POINT('',(-0.00618571729031565,0.00470550780411591,-0.000716116764100083));
#4218=CARTESIAN_POINT('',(-0.00603582223387357,0.00452060664799449,-0.000410899911669882));
#4219=CARTESIAN_POINT('',(-0.00596087470565253,0.00442815606993378,-0.000258291485454783));
#4220=CARTESIAN_POINT('',(-0.00588894148625784,0.0043363611090612,-0.000103127756784806));
#4221=CARTESIAN_POINT('',(-0.0058207491521139,0.00424652839189907,5.5944241591767E-5));
#4222=CARTESIAN_POINT('',(-0.00575255681796997,0.00415669567473693,0.00021501623996834));
#4223=CARTESIAN_POINT('',(-0.00568818770985516,0.00406879273217235,0.000378033983659686));
#4224=CARTESIAN_POINT('',(-0.00562757828657441,0.00398538498650591,0.000546598657434042));
#4225=CARTESIAN_POINT('',(-0.00650733048072927,0.00507969780247121,-0.00130346409415548));
#4226=CARTESIAN_POINT('',(-0.0063401296025678,0.0048932032064956,-0.00101276166973653));
#4227=CARTESIAN_POINT('',(-0.00617931932904345,0.00470593622407083,-0.000718042804489424));
#4228=CARTESIAN_POINT('',(-0.00603029889453434,0.00452104633069616,-0.00041346984052148));
#4229=CARTESIAN_POINT('',(-0.00595578867727978,0.00442860138400883,-0.000261183358537509));
#4230=CARTESIAN_POINT('',(-0.00588429029396589,0.00433680808355983,-0.00010635100628852));
#4231=CARTESIAN_POINT('',(-0.00581653296886471,0.00424696711180791,5.23783814010588E-5));
#4232=CARTESIAN_POINT('',(-0.00574877564376353,0.00415712614005599,0.000211107769090638));
#4233=CARTESIAN_POINT('',(-0.00568484138181401,0.0040692048100443,0.000373771089478124));
#4234=CARTESIAN_POINT('',(-0.00562467598129596,0.00398576004129458,0.000541973876962836));
#4235=CARTESIAN_POINT('',(-0.00649915575082726,0.00508007664312638,-0.00130419329915475));
#4236=CARTESIAN_POINT('',(-0.00633284723061364,0.00489360590689867,-0.00101408032769768));
#4237=CARTESIAN_POINT('',(-0.00617292136777126,0.00470636464402575,-0.000719968844878765));
#4238=CARTESIAN_POINT('',(-0.00602477555519511,0.00452148601339783,-0.000416039769373078));
#4239=CARTESIAN_POINT('',(-0.00595070264890704,0.00442904669808386,-0.000264075231620234));
#4240=CARTESIAN_POINT('',(-0.00587963910167394,0.00433725505805845,-0.000109574255792234));
#4241=CARTESIAN_POINT('',(-0.00581231678561551,0.00424740583171675,4.88125212103506E-5));
#4242=CARTESIAN_POINT('',(-0.00574499446955709,0.00415755660537504,0.000207199298212935));
#4243=CARTESIAN_POINT('',(-0.00568149505377286,0.00406961688791624,0.000369508195296562));
#4244=CARTESIAN_POINT('',(-0.00562177367601751,0.00398613509608324,0.000537349096491629));
#4245=CARTESIAN_POINT('',(-0.00649098623324217,0.00508045637295705,-0.00130492164533901));
#4246=CARTESIAN_POINT('',(-0.00632556591193112,0.00489400984522881,-0.00101539633567508));
#4247=CARTESIAN_POINT('',(-0.00616652014881465,0.00470679466211014,-0.000721890518430367));
#4248=CARTESIAN_POINT('',(-0.00601924453020371,0.00452192760971463,-0.00041860376447286));
#4249=CARTESIAN_POINT('',(-0.00594560672089825,0.00442949408351688,-0.000266960387494107));
#4250=CARTESIAN_POINT('',(-0.00587497576811434,0.00433770424943636,-0.000112790042932109));
#4251=CARTESIAN_POINT('',(-0.00580808623199923,0.004247846894932,4.52548166849164E-5));
#4252=CARTESIAN_POINT('',(-0.00574119669588411,0.00415798954042765,0.000203299676301942));
#4253=CARTESIAN_POINT('',(-0.00567812990736519,0.00407003154198543,0.000365254790098244));
#4254=CARTESIAN_POINT('',(-0.00561885044296974,0.00398651281796911,0.000532734384335509));
#4255=CARTESIAN_POINT('',(-0.00648282185572738,0.00508083695746291,-0.00130564907140239));
#4256=CARTESIAN_POINT('',(-0.00631828559747986,0.00489441498627904,-0.00101670960393665));
#4257=CARTESIAN_POINT('',(-0.0061601156440555,0.00470722624377937,-0.000723807705146738));
#4258=CARTESIAN_POINT('',(-0.00601370580246453,0.00452237108951457,-0.000421161679812493));
#4259=CARTESIAN_POINT('',(-0.00594050088166904,0.00442994351238216,-0.000269838667145369));
#4260=CARTESIAN_POINT('',(-0.00587030028454619,0.00433815563300012,-0.000115998196887002));
#4261=CARTESIAN_POINT('',(-0.00580384129744976,0.00424829028025803,4.17054461707709E-5));
#4262=CARTESIAN_POINT('',(-0.00573738231035332,0.00415842492751595,0.000199409089228544));
#4263=CARTESIAN_POINT('',(-0.00567474592336537,0.00407044875854832,0.000361011062944638));
#4264=CARTESIAN_POINT('',(-0.00561590625072335,0.00398689319332513,0.000528129922834533));
#4265=CARTESIAN_POINT('',(-0.0064664931006978,0.00508159812647462,-0.00130710392352915));
#4266=CARTESIAN_POINT('',(-0.00630372496857735,0.00489522526837949,-0.0010193361404598));
#4267=CARTESIAN_POINT('',(-0.00614730663453721,0.00470808940711784,-0.000727642078579481));
#4268=CARTESIAN_POINT('',(-0.00600262834698615,0.00452325804911443,-0.000426277510491756));
#4269=CARTESIAN_POINT('',(-0.00593028920321062,0.00443084237011273,-0.000275595226447894));
#4270=CARTESIAN_POINT('',(-0.00586094931740989,0.00433905840012765,-0.000122414504796789));
#4271=CARTESIAN_POINT('',(-0.00579535142835082,0.00424917705091009,3.46067051424799E-5));
#4272=CARTESIAN_POINT('',(-0.00572975353929174,0.00415929570169254,0.000191627915081749));
#4273=CARTESIAN_POINT('',(-0.00566797795536574,0.0040712831916741,0.000352523608637426));
#4274=CARTESIAN_POINT('',(-0.00561001786623056,0.00398765394403715,0.000518920999832582));
#4275=CARTESIAN_POINT('',(-0.00645018490592145,0.00508236271555942,-0.00130855509599982));
#4276=CARTESIAN_POINT('',(-0.0062891683564617,0.00489604036305288,-0.00102195171922764));
#4277=CARTESIAN_POINT('',(-0.00613448448153319,0.00470895882683721,-0.000731458506173313));
#4278=CARTESIAN_POINT('',(-0.00599152008027489,0.0045241525449285,-0.000431369024325643));
#4279=CARTESIAN_POINT('',(-0.00592003787964574,0.00443174940397414,-0.000281324283401808));
#4280=CARTESIAN_POINT('',(-0.00585154975007693,0.00433996993849048,-0.000128800282936028));
#4281=CARTESIAN_POINT('',(-0.00578680403556638,0.00425007311249495,2.7541296677078E-5));
#4282=CARTESIAN_POINT('',(-0.00572205832105583,0.00416017628649942,0.000183882876290184));
#4283=CARTESIAN_POINT('',(-0.00566113463760869,0.00407212787716109,0.000344074861896467));
#4284=CARTESIAN_POINT('',(-0.0056040456462823,0.00398842531073812,0.000509753074298644));
#4285=CARTESIAN_POINT('',(-0.00643389669373912,0.00508313043240419,-0.00131000208829336));
#4286=CARTESIAN_POINT('',(-0.00627461537035691,0.00489685996858516,-0.00102455560892301));
#4287=CARTESIAN_POINT('',(-0.00612164896316348,0.00470983420247005,-0.000735256009752642));
#4288=CARTESIAN_POINT('',(-0.00598038086802962,0.00452505430908522,-0.000436435026883381));
#4289=CARTESIAN_POINT('',(-0.00590974682046269,0.00443266436239281,-0.000287024535448751));
#4290=CARTESIAN_POINT('',(-0.00584210151391968,0.00434089002139133,-0.000135154129274973));
#4291=CARTESIAN_POINT('',(-0.00577819903324991,0.00425097826641154,2.05106889558576E-5));
#4292=CARTESIAN_POINT('',(-0.00571429655258013,0.00416106651143174,0.000176175507186688));
#4293=CARTESIAN_POINT('',(-0.00565421580800938,0.00407298267774787,0.000335666389694604));
#4294=CARTESIAN_POINT('',(-0.00559798932249677,0.0039892071601336,0.000500627665528448));
#4295=CARTESIAN_POINT('',(-0.00640132026937445,0.00508466586609374,-0.00131289607288044));
#4296=CARTESIAN_POINT('',(-0.00624550939814731,0.00489849917964971,-0.00102976338831375));
#4297=CARTESIAN_POINT('',(-0.00609597792642407,0.00471158495373573,-0.0007428510169113));
#4298=CARTESIAN_POINT('',(-0.00595810244353907,0.00452685783739867,-0.000446567031998858));
#4299=CARTESIAN_POINT('',(-0.00588916470209658,0.00443449427923014,-0.000298425039542637));
#4300=CARTESIAN_POINT('',(-0.00582320504160519,0.004342730187193,-0.000147861821952862));
#4301=CARTESIAN_POINT('',(-0.00576098902861696,0.00425278857424469,6.4494735134168E-6));
#4302=CARTESIAN_POINT('',(-0.00569877301562874,0.00416284696129639,0.000160760768979696));
#4303=CARTESIAN_POINT('',(-0.00564037814881076,0.00407469227892143,0.000318849445290879));
#4304=CARTESIAN_POINT('',(-0.00558587667492571,0.00399077085892456,0.000482376847988057));
#4305=CARTESIAN_POINT('',(-0.00636882377483134,0.00508621383340846,-0.00131577334920601));
#4306=CARTESIAN_POINT('',(-0.00621641792722649,0.00490015646228844,-0.00103492442821241));
#4307=CARTESIAN_POINT('',(-0.0060702534226368,0.00471335956299791,-0.000750370351008175));
#4308=CARTESIAN_POINT('',(-0.00593570023085489,0.00452869047814036,-0.000456597026742558));
#4309=CARTESIAN_POINT('',(-0.00586842363496393,0.00443635593571158,-0.000309710364609749));
#4310=CARTESIAN_POINT('',(-0.00580411388808187,0.00434460457450239,-0.000160441835400627));
#4311=CARTESIAN_POINT('',(-0.00574354858271471,0.00425463529519009,-7.4725960976754E-6));
#4312=CARTESIAN_POINT('',(-0.00568298327734756,0.00416466601587778,0.000145496643205276));
#4313=CARTESIAN_POINT('',(-0.00562623844693828,0.00407644238351998,0.000302193521395927));
#4314=CARTESIAN_POINT('',(-0.00557342762849388,0.003992376527195,0.000464296009188215));
#4315=CARTESIAN_POINT('',(-0.00633640259476668,0.00508777172902838,-0.00131862975836798));
#4316=CARTESIAN_POINT('',(-0.006187337860769,0.00490182907222689,-0.00104003267019467));
#4317=CARTESIAN_POINT('',(-0.0060444737358367,0.00471515522569277,-0.000757805903642643));
#4318=CARTESIAN_POINT('',(-0.00591317321344834,0.00453054963682265,-0.000466515036169854));
#4319=CARTESIAN_POINT('',(-0.00584752295225416,0.0044382468423876,-0.000320869602433459));
#4320=CARTESIAN_POINT('',(-0.00578482755286041,0.00434651087296842,-0.000172882380752601));
#4321=CARTESIAN_POINT('',(-0.0057258770200845,0.00425651634165549,-2.1243098240746E-5));
#4322=CARTESIAN_POINT('',(-0.00566692648730859,0.00416652181034256,0.000130396184271109));
#4323=CARTESIAN_POINT('',(-0.00561179531491943,0.00407823140983505,0.000285712059689902));
#4324=CARTESIAN_POINT('',(-0.00556063980478412,0.0039940226677208,0.000446398323667684));
#4325=CARTESIAN_POINT('',(-0.00627156023463735,0.00509088752026822,-0.00132434257669193));
#4326=CARTESIAN_POINT('',(-0.00612917772785403,0.00490517429210378,-0.00105024915415919));
#4327=CARTESIAN_POINT('',(-0.0059929143622365,0.00471874655108249,-0.00077267700891158));
#4328=CARTESIAN_POINT('',(-0.00586811917863525,0.00453426795418724,-0.000486351055024446));
#4329=CARTESIAN_POINT('',(-0.00580572158683463,0.00444202865573962,-0.000343188078080879));
#4330=CARTESIAN_POINT('',(-0.00574625488241749,0.00435032346990047,-0.000197763471456548));
#4331=CARTESIAN_POINT('',(-0.00569053389482408,0.0042602784345863,-4.8784102526887E-5));
#4332=CARTESIAN_POINT('',(-0.00563481290723066,0.00417023339927212,0.000100195266402774));
#4333=CARTESIAN_POINT('',(-0.00558290905088174,0.00408180946246519,0.000252749136277852));
#4334=CARTESIAN_POINT('',(-0.0055350641573646,0.00399731494877239,0.00041060295262662));
#4335=CARTESIAN_POINT('',(-0.00620701911997574,0.00509404339702583,-0.00132997209337397));
#4336=CARTESIAN_POINT('',(-0.00607106315052864,0.00490858129403,-0.00106025467568858));
#4337=CARTESIAN_POINT('',(-0.00594113412817188,0.00472242268004994,-0.000787213308539927));
#4338=CARTESIAN_POINT('',(-0.0058225657509135,0.00453809303752017,-0.000505739655601367));
#4339=CARTESIAN_POINT('',(-0.00576328156228432,0.00444592821625529,-0.000365002829132087));
#4340=CARTESIAN_POINT('',(-0.00570690127058597,0.00435426450632148,-0.000222087445909419));
#4341=CARTESIAN_POINT('',(-0.00565426610620801,0.00426417864906658,-7.57197701632801E-5));
#4342=CARTESIAN_POINT('',(-0.00560163094183006,0.0041740927918117,7.06479055828582E-5));
#4343=CARTESIAN_POINT('',(-0.00555280893838001,0.00408554404545749,0.000220482722173325));
#4344=CARTESIAN_POINT('',(-0.00550813345219542,0.00400076990058894,0.000375538607402549));
#4345=CARTESIAN_POINT('',(-0.00614274245325236,0.00509721412035777,-0.00133548281475523));
#4346=CARTESIAN_POINT('',(-0.00601296997852616,0.0049120225990313,-0.00106999774776917));
#4347=CARTESIAN_POINT('',(-0.00588912058332509,0.00472615436613779,-0.000801345767540282));
#4348=CARTESIAN_POINT('',(-0.00577650636486247,0.00454199626358179,-0.000524594536613291));
#4349=CARTESIAN_POINT('',(-0.00572019925563116,0.00444991721230379,-0.000386218921149795));
#4350=CARTESIAN_POINT('',(-0.00566676447616008,0.00435830663934746,-0.000245750835697274));
#4351=CARTESIAN_POINT('',(-0.00561706961694356,0.00426819124918093,-0.000101939649222706));
#4352=CARTESIAN_POINT('',(-0.00556737475772704,0.00417807585901438,4.18715372518617E-5));
#4353=CARTESIAN_POINT('',(-0.00552148403296074,0.00408941342737323,0.000189035777982032));
#4354=CARTESIAN_POINT('',(-0.00547982659806497,0.00400436725994621,0.000341328562516854));
#4355=CARTESIAN_POINT('',(-0.00601418911980559,0.00510355556702164,-0.00134650425751777));
#4356=CARTESIAN_POINT('',(-0.00589678363452119,0.0049189052090339,-0.00108948389193035));
#4357=CARTESIAN_POINT('',(-0.0057850934936315,0.00473361773831349,-0.000829610685540993));
#4358=CARTESIAN_POINT('',(-0.0056843875927604,0.00454980271570503,-0.000562304298637138));
#4359=CARTESIAN_POINT('',(-0.00563403464232485,0.00445789520440081,-0.000428651105185211));
#4360=CARTESIAN_POINT('',(-0.00558649088730829,0.00436639090539943,-0.000293077615272985));
#4361=CARTESIAN_POINT('',(-0.00554267663841464,0.00427621644940959,-0.000154379407341558));
#4362=CARTESIAN_POINT('',(-0.00549886238952099,0.00418604199341977,-1.56811994101312E-5));
#4363=CARTESIAN_POINT('',(-0.0054588342221222,0.00409715219120471,0.000126141889599447));
#4364=CARTESIAN_POINT('',(-0.00542321288980406,0.00401156197866074,0.000272908472745463));
#4365=CARTESIAN_POINT('',(-0.00588669326284659,0.00510996193934933,-0.00135705178422949));
#4366=CARTESIAN_POINT('',(-0.00578068132371509,0.00492593233749765,-0.00110792208366068));
#4367=CARTESIAN_POINT('',(-0.00568012987606732,0.00474131281580301,-0.000856262980331908));
#4368=CARTESIAN_POINT('',(-0.00559023947301793,0.00455793369541677,-0.000597885125013759));
#4369=CARTESIAN_POINT('',(-0.00554529427149324,0.00446624413522365,-0.000468696197354685));
#4370=CARTESIAN_POINT('',(-0.00550307666380324,0.00437489407755148,-0.000337771823830826));
#4371=CARTESIAN_POINT('',(-0.00546455989660465,0.00428470678238952,-0.000203969322503171));
#4372=CARTESIAN_POINT('',(-0.00542604312940606,0.00419451948722757,-7.01668211755153E-5));
#4373=CARTESIAN_POINT('',(-0.00539127422399412,0.00410544765554665,6.6504065445374E-5));
#4374=CARTESIAN_POINT('',(-0.00536108477173484,0.00401934338190815,0.000207876810311455));
#4375=CARTESIAN_POINT('',(-0.00575996350487591,0.00511616179799435,-0.00136681672034304));
#4376=CARTESIAN_POINT('',(-0.00566448492353253,0.00493279440623945,-0.00112486590876228));
#4377=CARTESIAN_POINT('',(-0.00557416129670158,0.0047488917342292,-0.000880701286652524));
#4378=CARTESIAN_POINT('',(-0.00549405726792429,0.0045660219176449,-0.000630558629896088));
#4379=CARTESIAN_POINT('',(-0.00545400525353564,0.00447458700935275,-0.00050548730151787));
#4380=CARTESIAN_POINT('',(-0.00541656856549211,0.00438343467086985,-0.000378872267994899));
#4381=CARTESIAN_POINT('',(-0.00538275526085931,0.00429328531626267,-0.000249654443676325));
#4382=CARTESIAN_POINT('',(-0.00534894195622651,0.0042031359616555,-0.000120436619357752));
#4383=CARTESIAN_POINT('',(-0.00531878773280234,0.00411394226959024,1.13662265307358E-5));
#4384=CARTESIAN_POINT('',(-0.00529331860210027,0.00402737478391561,0.000147543373263164));
#4385=CARTESIAN_POINT('',(-0.00550650398893457,0.0051285615152844,-0.00138634659257012));
#4386=CARTESIAN_POINT('',(-0.0054320921231674,0.00494651854372304,-0.00115875355896548));
#4387=CARTESIAN_POINT('',(-0.00536222413797009,0.0047640495710816,-0.000929577899293755));
#4388=CARTESIAN_POINT('',(-0.00530169285773699,0.00458219836210116,-0.000695905639660744));
#4389=CARTESIAN_POINT('',(-0.00527142721762044,0.00449127275761094,-0.000579069509844239));
#4390=CARTESIAN_POINT('',(-0.00524355236886986,0.00440051585750659,-0.000461073156323047));
#4391=CARTESIAN_POINT('',(-0.00521914598936863,0.00431044238400897,-0.000341024686022637));
#4392=CARTESIAN_POINT('',(-0.0051947396098674,0.00422036891051137,-0.000220976215722226));
#4393=CARTESIAN_POINT('',(-0.00517381475041877,0.00413093149767741,-9.89094512985408E-5));
#4394=CARTESIAN_POINT('',(-0.00515778626283114,0.00404343758793053,2.68764991665815E-5));
#4395=CARTESIAN_POINT('',(-0.00525598420384472,0.00514008485649345,-0.00140262880252045));
#4396=CARTESIAN_POINT('',(-0.00519907812960755,0.00495954196783714,-0.00118648666044059));
#4397=CARTESIAN_POINT('',(-0.00514588293936381,0.00477871523261744,-0.000969357068129458));
#4398=CARTESIAN_POINT('',(-0.00510059001304335,0.00459820669736422,-0.000749335016140806));
#4399=CARTESIAN_POINT('',(-0.00507794354988312,0.00450795242973761,-0.00063932399014648));
#4400=CARTESIAN_POINT('',(-0.00505732016525228,0.00441778505677516,-0.000528567891221725));
#4401=CARTESIAN_POINT('',(-0.00503977117342321,0.00432801726919527,-0.000416448625392326));
#4402=CARTESIAN_POINT('',(-0.00502222218159415,0.00423824948161538,-0.000304329359562927));
#4403=CARTESIAN_POINT('',(-0.00500773015618652,0.00414884491630933,-0.000190884559480163));
#4404=CARTESIAN_POINT('',(-0.00499799292986752,0.00406065524059834,-7.48127711429756E-5));
#4405=CARTESIAN_POINT('',(-0.00500666676731029,0.00514812727599069,-0.00141357212050623));
#4406=CARTESIAN_POINT('',(-0.00496543748449373,0.00496867434724276,-0.00120502924388195));
#4407=CARTESIAN_POINT('',(-0.0049270102781415,0.00478904728440968,-0.0009958962399304));
#4408=CARTESIAN_POINT('',(-0.00489465826582757,0.00460959465135212,-0.000785008602623695));
#4409=CARTESIAN_POINT('',(-0.00487848225967061,0.00451986833482334,-0.000679564783970342));
#4410=CARTESIAN_POINT('',(-0.0048638612124044,0.00443018962366301,-0.000573669315245071));
#4411=CARTESIAN_POINT('',(-0.00485165709899672,0.00434074390052992,-0.000466934956377524));
#4412=CARTESIAN_POINT('',(-0.00483945298558904,0.00425129817739683,-0.000360200597509978));
#4413=CARTESIAN_POINT('',(-0.00482963929912308,0.00416206180314966,-0.000252654699295346));
#4414=CARTESIAN_POINT('',(-0.00482372748803622,0.0040735552705083,-0.000143450007648016));
#4415=CARTESIAN_POINT('',(-0.00475734933077587,0.00515616969548794,-0.00142451543849201));
#4416=CARTESIAN_POINT('',(-0.00473179683937991,0.00497780672664839,-0.00122357182732331));
#4417=CARTESIAN_POINT('',(-0.00470813761691919,0.00479937933620192,-0.00102243541173134));
#4418=CARTESIAN_POINT('',(-0.00468872651861179,0.00462098260534002,-0.000820682189106584));
#4419=CARTESIAN_POINT('',(-0.0046790209694581,0.00453178423990906,-0.000719805577794205));
#4420=CARTESIAN_POINT('',(-0.00467040225955651,0.00444259419055087,-0.000618770739268416));
#4421=CARTESIAN_POINT('',(-0.00466354302457022,0.00435347053186458,-0.000517421287362723));
#4422=CARTESIAN_POINT('',(-0.00465668378958392,0.00426434687317829,-0.000416071835457029));
#4423=CARTESIAN_POINT('',(-0.00465154844205965,0.00417527868998999,-0.000314424839110529));
#4424=CARTESIAN_POINT('',(-0.00464946204620492,0.00408645530041826,-0.000212087244153056));
#4425=CARTESIAN_POINT('',(-0.00450930376414015,0.00516064824321693,-0.00143016882136569));
#4426=CARTESIAN_POINT('',(-0.0044975318577242,0.00498294966156374,-0.00123304563298104));
#4427=CARTESIAN_POINT('',(-0.00448664486957536,0.0048052573239445,-0.00103594270376212));
#4428=CARTESIAN_POINT('',(-0.00447774728081272,0.00462755991095735,-0.000838902525976185));
#4429=CARTESIAN_POINT('',(-0.00447329848643139,0.00453871120446378,-0.000740382437083217));
#4430=CARTESIAN_POINT('',(-0.0044693585411317,0.00444986112270113,-0.000641878468093175));
#4431=CARTESIAN_POINT('',(-0.00446624485854891,0.00436100330996248,-0.00054340562542006));
#4432=CARTESIAN_POINT('',(-0.00446313117596612,0.00427214549722384,-0.000444932782746945));
#4433=CARTESIAN_POINT('',(-0.00446082550081212,0.00418328095467699,-0.00034648963045075));
#4434=CARTESIAN_POINT('',(-0.00445996380721016,0.00409439045875868,-0.000248112083001876));
#4435=CARTESIAN_POINT('',(-0.00426115748156994,0.00516019887181336,-0.00142958746023761));
#4436=CARTESIAN_POINT('',(-0.00426311097945854,0.00498243517070202,-0.0012320672706199));
#4437=CARTESIAN_POINT('',(-0.00426491713960539,0.00480467099063194,-0.00103454552526562));
#4438=CARTESIAN_POINT('',(-0.00426639198688916,0.00462690720237842,-0.000837018959666658));
#4439=CARTESIAN_POINT('',(-0.00426712941053104,0.00453802530825166,-0.000738255676867176));
#4440=CARTESIAN_POINT('',(-0.00426778209136424,0.00444914352026149,-0.000639491155824978));
#4441=CARTESIAN_POINT('',(-0.0042682971286872,0.00436026232711292,-0.000540724243371832));
#4442=CARTESIAN_POINT('',(-0.00426881216601015,0.00427138113396434,-0.000441957330918687));
#4443=CARTESIAN_POINT('',(-0.004269192611749,0.00418250045866002,-0.000343188137504502));
#4444=CARTESIAN_POINT('',(-0.00426933238856505,0.00409362177935182,-0.000244413902414997));
#4445=CARTESIAN_POINT('',(-0.00401301119899974,0.00515974950040979,-0.00142900609910954));
#4446=CARTESIAN_POINT('',(-0.00402869010119287,0.00498192067984029,-0.00123108890825876));
#4447=CARTESIAN_POINT('',(-0.00404318940963543,0.00480408465731938,-0.00103314834676912));
#4448=CARTESIAN_POINT('',(-0.0040550366929656,0.00462625449379948,-0.000835135393357131));
#4449=CARTESIAN_POINT('',(-0.00406096033463069,0.00453733941203953,-0.000736128916651135));
#4450=CARTESIAN_POINT('',(-0.00406620564159679,0.00444842591782186,-0.000637103843556782));
#4451=CARTESIAN_POINT('',(-0.00407034939882549,0.00435952134426336,-0.000538042861323605));
#4452=CARTESIAN_POINT('',(-0.00407449315605419,0.00427061677070485,-0.000438981879090428));
#4453=CARTESIAN_POINT('',(-0.00407755972268588,0.00418171996264305,-0.000339886644558254));
#4454=CARTESIAN_POINT('',(-0.00407870096991994,0.00409285309994497,-0.000240715721828118));
#4455=CARTESIAN_POINT('',(-0.00376485307599918,0.00515441616232355,-0.00142223402489902));
#4456=CARTESIAN_POINT('',(-0.00379455879649672,0.00497580274971105,-0.0012197337693424));
#4457=CARTESIAN_POINT('',(-0.0038220968940204,0.00479709859716826,-0.00101695632689436));
#4458=CARTESIAN_POINT('',(-0.00384480164084218,0.00461844532055552,-0.000813305427642406));
#4459=CARTESIAN_POINT('',(-0.00385615401425306,0.00452911868224915,-0.00071147997801643));
#4460=CARTESIAN_POINT('',(-0.00386626963861711,0.00443980588091046,-0.000609430281275957));
#4461=CARTESIAN_POINT('',(-0.00387439807822096,0.00435059102412885,-0.000506940806824502));
#4462=CARTESIAN_POINT('',(-0.0038825265178248,0.00426137616734724,-0.000404451332373048));
#4463=CARTESIAN_POINT('',(-0.00388870387135383,0.00417224456466104,-0.0003015437722989));
#4464=CARTESIAN_POINT('',(-0.00389148437538708,0.00408346232452906,-0.000197691141142528));
#4465=CARTESIAN_POINT('',(-0.00351527860077318,0.00514574549398181,-0.00141031463556985));
#4466=CARTESIAN_POINT('',(-0.00356102551667059,0.00496597180606369,-0.00119950534327105));
#4467=CARTESIAN_POINT('',(-0.00360371396847983,0.00478599187219974,-0.000987987899174863));
#4468=CARTESIAN_POINT('',(-0.00363981735495731,0.00460623071378734,-0.000774380224353876));
#4469=CARTESIAN_POINT('',(-0.00365786904819606,0.00451635013458113,-0.000667576386943382));
#4470=CARTESIAN_POINT('',(-0.0036742351401761,0.00442652928008967,-0.000560234328801215));
#4471=CARTESIAN_POINT('',(-0.00368800366366466,0.00433699151059795,-0.000451899851763581));
#4472=CARTESIAN_POINT('',(-0.00370177218715322,0.00424745374110623,-0.000343565374725948));
#4473=CARTESIAN_POINT('',(-0.00371296653854737,0.00415817180932693,-0.000234268489621385));
#4474=CARTESIAN_POINT('',(-0.00372003343426467,0.00406976355554923,-0.000123033037892685));
#4475=CARTESIAN_POINT('',(-0.00326570412554719,0.00513707482564008,-0.00139839524624067));
#4476=CARTESIAN_POINT('',(-0.00332749223684445,0.00495614086241633,-0.00117927691719969));
#4477=CARTESIAN_POINT('',(-0.00338533104293926,0.00477488514723123,-0.000959019471455368));
#4478=CARTESIAN_POINT('',(-0.00343483306907246,0.00459401610701915,-0.000735455021065345));
#4479=CARTESIAN_POINT('',(-0.00345958408213906,0.00450358158691312,-0.000623672795870334));
#4480=CARTESIAN_POINT('',(-0.00348220064173509,0.00441325267926889,-0.000511038376326472));
#4481=CARTESIAN_POINT('',(-0.00350160924910837,0.00432339199706706,-0.000396858896702659));
#4482=CARTESIAN_POINT('',(-0.00352101785648165,0.00423353131486524,-0.000282679417078846));
#4483=CARTESIAN_POINT('',(-0.00353722920574091,0.00414409905399283,-0.00016699320694387));
#4484=CARTESIAN_POINT('',(-0.00354858249314227,0.00405606478656939,-4.83749346428423E-5));
#4485=CARTESIAN_POINT('',(-0.00301481556147273,0.00512514786255038,-0.00138127269910673));
#4486=CARTESIAN_POINT('',(-0.00309466213914374,0.0049426987730052,-0.00115004404341197));
#4487=CARTESIAN_POINT('',(-0.00316975811631872,0.00475978784578314,-0.000917057052338714));
#4488=CARTESIAN_POINT('',(-0.0032351920082848,0.00457759832645438,-0.00067913374770898));
#4489=CARTESIAN_POINT('',(-0.00326790895426784,0.00448650356679,-0.000560172095394114));
#4490=CARTESIAN_POINT('',(-0.00329815201531784,0.00439560590840632,-0.000439936345014688));
#4491=CARTESIAN_POINT('',(-0.00332485258611428,0.00430547844918495,-0.00031747341845248));
#4492=CARTESIAN_POINT('',(-0.00335155315691074,0.0042153509899636,-0.000195010491890272));
#4493=CARTESIAN_POINT('',(-0.00337469063549884,0.00412594510754817,-7.0350769324243E-5));
#4494=CARTESIAN_POINT('',(-0.00339295173950116,0.00403868318134411,5.82680544312445E-5));
#4495=CARTESIAN_POINT('',(-0.00276075282380567,0.00511260804082019,-0.00136116984174437));
#4496=CARTESIAN_POINT('',(-0.00286232718791392,0.00492886789870743,-0.00111505227130918));
#4497=CARTESIAN_POINT('',(-0.00295857792141794,0.00474456211246691,-0.000866540301939581));
#4498=CARTESIAN_POINT('',(-0.00304436994882236,0.00456140993826596,-0.00061163101304254));
#4499=CARTESIAN_POINT('',(-0.00308726596252457,0.00446983385116549,-0.00048417636859402));
#4500=CARTESIAN_POINT('',(-0.00312748589900592,0.00437857346495948,-0.000355069491310392));
#4501=CARTESIAN_POINT('',(-0.00316404340598319,0.00428840785765896,-0.000223205918698669));
#4502=CARTESIAN_POINT('',(-0.00320060091296045,0.00419824225035845,-9.13423460869475E-5));
#4503=CARTESIAN_POINT('',(-0.00323345401801134,0.00410912432816884,4.32649242663843E-5));
#4504=CARTESIAN_POINT('',(-0.00326168921839614,0.00402282618771086,0.000182424233006692));
#4505=CARTESIAN_POINT('',(-0.00263372145497213,0.00510633812995509,-0.00135111841306319));
#4506=CARTESIAN_POINT('',(-0.002746159712299,0.00492195246155855,-0.00109755638525778));
#4507=CARTESIAN_POINT('',(-0.00285298782396755,0.00473694924580879,-0.000841281926740015));
#4508=CARTESIAN_POINT('',(-0.00294895891909114,0.00455331574417175,-0.00057787964570932));
#4509=CARTESIAN_POINT('',(-0.00299694446665294,0.00446149899335324,-0.000446178505193973));
#4510=CARTESIAN_POINT('',(-0.00304215284084995,0.00437005724323606,-0.000312636064458244));
#4511=CARTESIAN_POINT('',(-0.00308363881591763,0.00427987256189597,-0.000176072168821765));
#4512=CARTESIAN_POINT('',(-0.00312512479098531,0.00418968788055588,-3.95082731852854E-5));
#4513=CARTESIAN_POINT('',(-0.00316283570926759,0.00410071393847917,0.000100072771061698));
#4514=CARTESIAN_POINT('',(-0.00319605795784364,0.00401489769089422,0.000244502322294415));
#4515=CARTESIAN_POINT('',(-0.00250586900276013,0.00509992013474648,-0.00134034491087213));
#4516=CARTESIAN_POINT('',(-0.00263005430077872,0.00491493975842585,-0.00107865361987286));
#4517=CARTESIAN_POINT('',(-0.00274839342282477,0.00472929786385096,-0.000813927706000109));
#4518=CARTESIAN_POINT('',(-0.00285558719122726,0.0045452629619548,-0.000541376641958798));
#4519=CARTESIAN_POINT('',(-0.00290918407542851,0.00445324551100673,-0.000405101109938142));
#4520=CARTESIAN_POINT('',(-0.00295993118078131,0.00436166821472238,-0.000266803925561057));
#4521=CARTESIAN_POINT('',(-0.00300693856846221,0.00427151552546597,-0.000125250647652618));
#4522=CARTESIAN_POINT('',(-0.0030539459561431,0.00418136283620955,1.63026302558199E-5));
#4523=CARTESIAN_POINT('',(-0.00309715225376119,0.00409259106447663,0.000161117769530637));
#4524=CARTESIAN_POINT('',(-0.00313605092268131,0.00400730292559207,0.000310995456655009));
#4525=CARTESIAN_POINT('',(-0.00237690321777947,0.00509360841994263,-0.00132915315025498));
#4526=CARTESIAN_POINT('',(-0.00251382844385812,0.00490811706129103,-0.00105878347233911));
#4527=CARTESIAN_POINT('',(-0.00264471721874495,0.0047219271759641,-0.000785068977628965));
#4528=CARTESIAN_POINT('',(-0.00276423527909198,0.00453758330341349,-0.00050288064186318));
#4529=CARTESIAN_POINT('',(-0.00282399430926548,0.00444541136713819,-0.000361786473980287));
#4530=CARTESIAN_POINT('',(-0.00288084693196838,0.00435374522278257,-0.000218503022355672));
#4531=CARTESIAN_POINT('',(-0.00293395553307782,0.00426366828294302,-7.1754847743946E-5));
#4532=CARTESIAN_POINT('',(-0.00298706413418727,0.00417359134310347,7.49933268677793E-5));
#4533=CARTESIAN_POINT('',(-0.00303636032839564,0.00408506315466443,0.000225221750598677));
#4534=CARTESIAN_POINT('',(-0.00308152221126457,0.00400033021755798,0.000380678543017968));
#4535=CARTESIAN_POINT('',(-0.00231242032528913,0.00509045256254071,-0.0013235572699464));
#4536=CARTESIAN_POINT('',(-0.00245571551539782,0.00490470571272361,-0.00104884839857224));
#4537=CARTESIAN_POINT('',(-0.00259287911670505,0.00471824183202067,-0.000770639613443393));
#4538=CARTESIAN_POINT('',(-0.00271855932302433,0.00453374347414284,-0.00048363264181537));
#4539=CARTESIAN_POINT('',(-0.00278139942618397,0.00444149429520392,-0.000340129156001359));
#4540=CARTESIAN_POINT('',(-0.00284130480756192,0.00434978372681267,-0.000194352570752979));
#4541=CARTESIAN_POINT('',(-0.00289746401538564,0.00425974466168154,-4.50069477896099E-5));
#4542=CARTESIAN_POINT('',(-0.00295362322320935,0.00416970559655043,0.000104338675173759));
#4543=CARTESIAN_POINT('',(-0.00300596436571286,0.00408129919975833,0.000257273741132697));
#4544=CARTESIAN_POINT('',(-0.0030542578555562,0.00399684386354093,0.000415520086199448));
#4545=CARTESIAN_POINT('',(-0.00224765902756565,0.00508732183393548,-0.00131785641303491));
#4546=CARTESIAN_POINT('',(-0.00239757211311301,0.00490133998232787,-0.00103867089156881));
#4547=CARTESIAN_POINT('',(-0.00254126981261908,0.00471462424075107,-0.000755833267643538));
#4548=CARTESIAN_POINT('',(-0.0026733871092814,0.00452999392438113,-0.000463884712728555));
#4549=CARTESIAN_POINT('',(-0.00273944575761256,0.00443767876619615,-0.000317910435271064));
#4550=CARTESIAN_POINT('',(-0.00280254534107278,0.00434593514692385,-0.000169582271980532));
#4551=CARTESIAN_POINT('',(-0.00286189994018405,0.00425594466997458,-1.75869637663051E-5));
#4552=CARTESIAN_POINT('',(-0.00292125453929534,0.00416595419302531,0.000134408344447922));
#4553=CARTESIAN_POINT('',(-0.00297678914783421,0.00407767978833652,0.000290096030329764));
#4554=CARTESIAN_POINT('',(-0.0030283614021633,0.00399350898266241,0.000451166222116685));
#4555=CARTESIAN_POINT('',(-0.0021825824593059,0.00508423923380765,-0.00131208498705215));
#4556=CARTESIAN_POINT('',(-0.00233937374836356,0.0048980445242677,-0.00102830095764964));
#4557=CARTESIAN_POINT('',(-0.00248987616165769,0.00471110015155587,-0.000740716923301174));
#4558=CARTESIAN_POINT('',(-0.00262871118471967,0.00452635920962192,-0.000443719904134988));
#4559=CARTESIAN_POINT('',(-0.00269812869625066,0.00443398873865495,-0.000295221394551896));
#4560=CARTESIAN_POINT('',(-0.00276456525170369,0.00434222221663929,-0.00014429097220815));
#4561=CARTESIAN_POINT('',(-0.00282725839892294,0.00425228932395171,1.04002844518693E-5));
#4562=CARTESIAN_POINT('',(-0.00288995154614218,0.00416235643126412,0.000165091541111889));
#4563=CARTESIAN_POINT('',(-0.00294882340185841,0.00407422186597306,0.00032357358683818));
#4564=CARTESIAN_POINT('',(-0.00300381254261345,0.00399034144422969,0.000487502941577237));
#4565=CARTESIAN_POINT('',(-0.00215004417517602,0.00508269793374373,-0.00130919927406076));
#4566=CARTESIAN_POINT('',(-0.00231027456598883,0.00489639679523761,-0.00102311599069005));
#4567=CARTESIAN_POINT('',(-0.00246417933617701,0.00470933810695826,-0.000733158751129992));
#4568=CARTESIAN_POINT('',(-0.0026063732224388,0.00452454185224232,-0.000433637499838205));
#4569=CARTESIAN_POINT('',(-0.00267747016556971,0.00443214372488434,-0.000283876874192311));
#4570=CARTESIAN_POINT('',(-0.00274557520701916,0.00434036575149702,-0.000131645322321959));
#4571=CARTESIAN_POINT('',(-0.00280993762829238,0.00425046165094027,2.43939085609565E-5));
#4572=CARTESIAN_POINT('',(-0.00287430004956561,0.00416055755038353,0.000180433139443872));
#4573=CARTESIAN_POINT('',(-0.00293484052887051,0.00407249290479133,0.000340312365092389));
#4574=CARTESIAN_POINT('',(-0.00299153811283853,0.00398875767501334,0.000505671301307513));
#4575=CARTESIAN_POINT('',(-0.00211742707073207,0.00508116857350039,-0.00130629587287036));
#4576=CARTESIAN_POINT('',(-0.00228116162962911,0.00489476651812053,-0.00101788285447709));
#4577=CARTESIAN_POINT('',(-0.00243853639657166,0.0047075992944299,-0.000725522992817872));
#4578=CARTESIAN_POINT('',(-0.0025841592984588,0.00452275303754116,-0.000423450739914293));
#4579=CARTESIAN_POINT('',(-0.00265697074940237,0.00443032990909679,-0.000272414613462503));
#4580=CARTESIAN_POINT('',(-0.00272677996794324,0.00433854301138918,-0.000118869230330325));
#4581=CARTESIAN_POINT('',(-0.00279284746053353,0.0042486699480863,3.8529581313493E-5));
#4582=CARTESIAN_POINT('',(-0.00285891495312381,0.00415879688478342,0.000195928392957311));
#4583=CARTESIAN_POINT('',(-0.00292116001817965,0.00407080412330516,0.000357215285063308));
#4584=CARTESIAN_POINT('',(-0.00297960062260576,0.0039872155653614,0.000524012683966448));
#4585=CARTESIAN_POINT('',(-0.00208472652467077,0.00507965348843392,-0.00130337878530894));
#4586=CARTESIAN_POINT('',(-0.00225203181293638,0.004893156102853,-0.00101260739646707));
#4587=CARTESIAN_POINT('',(-0.00241294556755895,0.00470588611330874,-0.000717817469684913));
#4588=CARTESIAN_POINT('',(-0.00256206833857771,0.00452099490381767,-0.000413169174262937));
#4589=CARTESIAN_POINT('',(-0.00263662972408709,0.00442854929907213,-0.000260845026551949));
#4590=CARTESIAN_POINT('',(-0.00270817898626106,0.00433675580504462,-0.000105973905340253));
#4591=CARTESIAN_POINT('',(-0.00277598721039864,0.00424691579951979,5.27955652992107E-5));
#4592=CARTESIAN_POINT('',(-0.00284379543453621,0.00415707579399496,0.000211565035938675));
#4593=CARTESIAN_POINT('',(-0.00290778057642138,0.00406915661549613,0.000374269820914199));
#4594=CARTESIAN_POINT('',(-0.00296799792988563,0.00398571617824998,0.00054251494575665));
#4595=CARTESIAN_POINT('',(-0.00207655138815545,0.00507927471716731,-0.00130264951341859));
#4596=CARTESIAN_POINT('',(-0.0022447493587632,0.00489275349903611,-0.00101128853196457));
#4597=CARTESIAN_POINT('',(-0.00240654786030577,0.00470545781802845,-0.000715891088901673));
#4598=CARTESIAN_POINT('',(-0.00255654559860744,0.00452055537038679,-0.000410598782850097));
#4599=CARTESIAN_POINT('',(-0.00263154446775827,0.00442810414656596,-0.000257952629824311));
#4600=CARTESIAN_POINT('',(-0.00270352874084052,0.00433630900345848,-0.000102750074092735));
#4601=CARTESIAN_POINT('',(-0.00277177214786491,0.00424647726237817,5.63620612956402E-5));
#4602=CARTESIAN_POINT('',(-0.00284001555488931,0.00415664552129784,0.000215474196684016));
#4603=CARTESIAN_POINT('',(-0.00290443571598181,0.00406874473854387,0.000378533454876921));
#4604=CARTESIAN_POINT('',(-0.0029650972567056,0.00398534133147214,0.000547140511204201));
#4605=CARTESIAN_POINT('',(-0.00206992615255747,0.0050793828604324,-0.00130271928929862));
#4606=CARTESIAN_POINT('',(-0.00223874513809782,0.00489268930641242,-0.00101066478951735));
#4607=CARTESIAN_POINT('',(-0.0024010998214343,0.00470521795670519,-0.000714516290145574));
#4608=CARTESIAN_POINT('',(-0.00255162409834491,0.0045202090157438,-0.000408387386581996));
#4609=CARTESIAN_POINT('',(-0.00262688623680022,0.00442770454526311,-0.000255322934800207));
#4610=CARTESIAN_POINT('',(-0.00269912753235297,0.0043358753443332,-9.96802572922497E-5));
#4611=CARTESIAN_POINT('',(-0.00276765076596818,0.00424604325249252,5.98822443023721E-5));
#4612=CARTESIAN_POINT('',(-0.00283617399958338,0.00415621116065185,0.000219444745896994));
#4613=CARTESIAN_POINT('',(-0.00290089666750058,0.00406834671532248,0.000382966808312999));
#4614=CARTESIAN_POINT('',(-0.00296194427334381,0.00398500939024016,0.000551998071208135));
#4615=CARTESIAN_POINT('',(-0.00205997929217271,0.00507845540118607,-0.0013010827137855));
#4616=CARTESIAN_POINT('',(-0.0022300116951586,0.00489190730697436,-0.00100855067648986));
#4617=CARTESIAN_POINT('',(-0.00239363677401913,0.00470458125963163,-0.000711951816711195));
#4618=CARTESIAN_POINT('',(-0.0025454445093136,0.00451966995067423,-0.000405392069598802));
#4619=CARTESIAN_POINT('',(-0.00262134837696083,0.00442721429619554,-0.000252112196042606));
#4620=CARTESIAN_POINT('',(-0.00269423328422622,0.00433542060478783,-9.62588221772786E-5));
#4621=CARTESIAN_POINT('',(-0.00276337462135299,0.00424560692918486,6.35265658085566E-5));
#4622=CARTESIAN_POINT('',(-0.00283251595847976,0.00415579325358189,0.000223311953794392));
#4623=CARTESIAN_POINT('',(-0.00289783065257876,0.00406792721679288,0.00038706783758949));
#4624=CARTESIAN_POINT('',(-0.00295939485428518,0.00398459431036304,0.000556392358654758));
#4625=CARTESIAN_POINT('',(-0.00205003243178794,0.00507752794193975,-0.00129944613827239));
#4626=CARTESIAN_POINT('',(-0.00222127825221937,0.00489112530753631,-0.00100643656346236));
#4627=CARTESIAN_POINT('',(-0.00238617372660396,0.00470394456255808,-0.000709387343276816));
#4628=CARTESIAN_POINT('',(-0.00253926492028228,0.00451913088560467,-0.000402396752615608));
#4629=CARTESIAN_POINT('',(-0.00261581051712143,0.00442672404712796,-0.000248901457285005));
#4630=CARTESIAN_POINT('',(-0.00268933903609949,0.00433496586524247,-9.28373870623075E-5));
#4631=CARTESIAN_POINT('',(-0.00275909847673781,0.0042451706058772,6.71708873147411E-5));
#4632=CARTESIAN_POINT('',(-0.00282885791737614,0.00415537534651192,0.00022717916169179));
#4633=CARTESIAN_POINT('',(-0.00289476463765693,0.00406750771826327,0.000391168866865982));
#4634=CARTESIAN_POINT('',(-0.00295684543522655,0.00398417923048592,0.000560786646101381));
#4635=CARTESIAN_POINT('',(-0.00204009595381103,0.00507661857330319,-0.00129776507871217));
#4636=CARTESIAN_POINT('',(-0.00221255498520464,0.00489035746748232,-0.00100428774866862));
#4637=CARTESIAN_POINT('',(-0.00237871990696858,0.00470331849044079,-0.00070679733812874));
#4638=CARTESIAN_POINT('',(-0.00253309531038724,0.00451860036731921,-0.00039938484621432));
#4639=CARTESIAN_POINT('',(-0.00261028301209657,0.00442624130575841,-0.00024567860025711));
#4640=CARTESIAN_POINT('',(-0.00268445602916255,0.004334517970883,-8.94082843333832E-5));
#4641=CARTESIAN_POINT('',(-0.00275483547930165,0.00424474064983633,7.0818193863568E-5));
#4642=CARTESIAN_POINT('',(-0.00282521492944076,0.00415496332878965,0.000231044672060519));
#4643=CARTESIAN_POINT('',(-0.00289171671324876,0.00406709377092005,0.000395263191359027));
#4644=CARTESIAN_POINT('',(-0.00295431783182658,0.00398376898811957,0.00056516914915323));
#4645=CARTESIAN_POINT('',(-0.00203016986705797,0.00507572639716983,-0.00129603917705173));
#4646=CARTESIAN_POINT('',(-0.00220384193349834,0.00488960313811742,-0.00100210383669804));
#4647=CARTESIAN_POINT('',(-0.00237127542394688,0.00470270260360636,-0.000704181430057447));
#4648=CARTESIAN_POINT('',(-0.00252693576063206,0.00451807806906771,-0.000396356061933176));
#4649=CARTESIAN_POINT('',(-0.00260476592897464,0.00442576580179839,-0.00024244337787104));
#4650=CARTESIAN_POINT('',(-0.00267958428767379,0.00433407668569839,-8.59713201647963E-5));
#4651=CARTESIAN_POINT('',(-0.00275058558338021,0.00424431684998132,7.44686185921182E-5));
#4652=CARTESIAN_POINT('',(-0.00282158687908661,0.00415455701426426,0.000234908557349032));
#4653=CARTESIAN_POINT('',(-0.00288868666835013,0.00406668520983395,0.000399350815659796));
#4654=CARTESIAN_POINT('',(-0.00295181176569122,0.00398336342421293,0.000569539782103849));
#4655=CARTESIAN_POINT('',(-0.00201031769355186,0.0050739420449031,-0.00129258737373084));
#4656=CARTESIAN_POINT('',(-0.00218641583008576,0.00488809447938763,-0.000997736012756883));
#4657=CARTESIAN_POINT('',(-0.0023563864579035,0.0047014708299375,-0.000698949613914862));
#4658=CARTESIAN_POINT('',(-0.0025146166611217,0.00451703347256471,-0.000390298493370887));
#4659=CARTESIAN_POINT('',(-0.0025937317627308,0.00442481479387832,-0.0002359729330989));
#4660=CARTESIAN_POINT('',(-0.00266984080469628,0.00433319411532917,-7.90973918276226E-5));
#4661=CARTESIAN_POINT('',(-0.0027420857915373,0.00424346925027133,8.17694680492186E-5));
#4662=CARTESIAN_POINT('',(-0.00281433077837833,0.00415374438521349,0.00024263632792606));
#4663=CARTESIAN_POINT('',(-0.00288262657855287,0.00406586808766175,0.000407526064261333));
#4664=CARTESIAN_POINT('',(-0.00294679963342052,0.00398255229639966,0.000578281048005088));
#4665=CARTESIAN_POINT('',(-0.00199050704986182,0.00507222641093284,-0.0012889562070117));
#4666=CARTESIAN_POINT('',(-0.00216903056191891,0.00488663982781628,-0.000993227795963928));
#4667=CARTESIAN_POINT('',(-0.0023415348246528,0.00470027977488333,-0.000693614178133702));
#4668=CARTESIAN_POINT('',(-0.00250233779555625,0.00451602174043136,-0.000384173405704801));
#4669=CARTESIAN_POINT('',(-0.00258273928100797,0.00442389272320537,-0.00022945301949035));
#4670=CARTESIAN_POINT('',(-0.00266014238247083,0.00433233797129309,-7.21920113305842E-5));
#4671=CARTESIAN_POINT('',(-0.0027336384059051,0.00424264626638401,8.90827956694978E-5));
#4672=CARTESIAN_POINT('',(-0.00280713442933937,0.00415295456147493,0.00025035760266958));
#4673=CARTESIAN_POINT('',(-0.00287663800896652,0.00406507250391076,0.000415674515527389));
#4674=CARTESIAN_POINT('',(-0.00294187365327395,0.00398175987617287,0.000586974837146745));
#4675=CARTESIAN_POINT('',(-0.00197073844369477,0.00507057297305956,-0.00128514273542881));
#4676=CARTESIAN_POINT('',(-0.00215168677061305,0.004885234449118,-0.000988576068731018));
#4677=CARTESIAN_POINT('',(-0.00232672156608242,0.00469912620767542,-0.000688172250108126));
#4678=CARTESIAN_POINT('',(-0.00249009989495979,0.00451504045867806,-0.000377978584751866));
#4679=CARTESIAN_POINT('',(-0.00257178905939847,0.00442299758417937,-0.000222881752073736));
#4680=CARTESIAN_POINT('',(-0.00265048922848675,0.00433150649631032,-6.52537072530686E-5));
#4681=CARTESIAN_POINT('',(-0.00272524305994271,0.00424184632196315,9.64095992129899E-5));
#4682=CARTESIAN_POINT('',(-0.00279999689139866,0.00415218614761597,0.000258072905679048));
#4683=CARTESIAN_POINT('',(-0.00287071924571672,0.00406429722184116,0.000423796163486245));
#4684=CARTESIAN_POINT('',(-0.00293703156186999,0.00398098496872784,0.000595620418503633));
#4685=CARTESIAN_POINT('',(-0.00165444074502182,0.00504411796708696,-0.00122412719010246));
#4686=CARTESIAN_POINT('',(-0.00187418610971928,0.00486274838994545,-0.000914148433004465));
#4687=CARTESIAN_POINT('',(-0.00208970942895628,0.00468066913234894,-0.000601101401698913));
#4688=CARTESIAN_POINT('',(-0.00229429348541638,0.00449933995062529,-0.000278861449504911));
#4689=CARTESIAN_POINT('',(-0.00239658551364643,0.00440867535976347,-0.00011774147340791));
#4690=CARTESIAN_POINT('',(-0.00249603876474157,0.00431820289658602,4.57591579871808E-5));
#4691=CARTESIAN_POINT('',(-0.00259091752454449,0.00422904721122937,0.000213638455908863));
#4692=CARTESIAN_POINT('',(-0.00268579628434741,0.00413989152587273,0.000381517753830546));
#4693=CARTESIAN_POINT('',(-0.0027760190337198,0.00405189270872748,0.00055374253082796));
#4694=CARTESIAN_POINT('',(-0.00285955809940654,0.00396858644960727,0.000733949720213835));
#4695=CARTESIAN_POINT('',(-0.00134610528382752,0.00503151195665114,-0.0011148420863617));
#4696=CARTESIAN_POINT('',(-0.00160516306466384,0.00485140288452448,-0.000801443765330139));
#4697=CARTESIAN_POINT('',(-0.00186115044845585,0.00467084629542421,-0.000485459860204013));
#4698=CARTESIAN_POINT('',(-0.00210824183667048,0.00449075462351036,-0.000161015049250919));
#4699=CARTESIAN_POINT('',(-0.0022317875307778,0.00440070878755344,1.20735622562788E-6));
#4700=CARTESIAN_POINT('',(-0.00235304213675086,0.00431076504393646,0.000165599677869108));
#4701=CARTESIAN_POINT('',(-0.00247003331890719,0.0042217432625036,0.000334426492239659));
#4702=CARTESIAN_POINT('',(-0.00258702450106352,0.00413272148107074,0.00050325330661021));
#4703=CARTESIAN_POINT('',(-0.00269982683786528,0.00404434139560975,0.000676298293585354));
#4704=CARTESIAN_POINT('',(-0.00280443558689649,0.00396022342800626,0.000859192432215424));
#4705=CARTESIAN_POINT('',(-0.00106467918800505,0.00502281271285346,-0.000950449948094662));
#4706=CARTESIAN_POINT('',(-0.0013598590410664,0.00484359199052459,-0.000644122021381128));
#4707=CARTESIAN_POINT('',(-0.00165281617784473,0.00466407095141381,-0.000335705798006568));
#4708=CARTESIAN_POINT('',(-0.00193879062347887,0.00448481740181747,-2.00070866754986E-5));
#4709=CARTESIAN_POINT('',(-0.00208177784629595,0.00439519062701931,0.000137842268990036));
#4710=CARTESIAN_POINT('',(-0.00222297629146479,0.00430561469908463,0.000297546661604957));
#4711=CARTESIAN_POINT('',(-0.00236057580774334,0.00421666926637681,0.000461298253356009));
#4712=CARTESIAN_POINT('',(-0.00249817532402189,0.00412772383366899,0.000625049845107061));
#4713=CARTESIAN_POINT('',(-0.00263236476089313,0.0040391330455317,0.000792491503571335));
#4714=CARTESIAN_POINT('',(-0.00275856990167855,0.00395390932207739,0.000970085643079608));
#4715=CARTESIAN_POINT('',(-0.000783253092182586,0.00501411346905578,-0.000786057809827626));
#4716=CARTESIAN_POINT('',(-0.00111455501746896,0.00483578109652471,-0.000486800277432118));
#4717=CARTESIAN_POINT('',(-0.0014444819072336,0.00465729560740341,-0.000185951735809122));
#4718=CARTESIAN_POINT('',(-0.00176933941028727,0.00447888018012459,0.000121000875899922));
#4719=CARTESIAN_POINT('',(-0.00193176816181411,0.00438967246648517,0.000274477181754444));
#4720=CARTESIAN_POINT('',(-0.00209291044617873,0.00430046435423279,0.000429493645340806));
#4721=CARTESIAN_POINT('',(-0.0022511182965795,0.00421159527025001,0.000588170014472359));
#4722=CARTESIAN_POINT('',(-0.00240932614698026,0.00412272618626722,0.000746846383603912));
#4723=CARTESIAN_POINT('',(-0.00256490268392099,0.00403392469545365,0.000908684713557316));
#4724=CARTESIAN_POINT('',(-0.00271270421646061,0.00394759521614853,0.00108097885394379));
#4725=CARTESIAN_POINT('',(-0.000529618639689521,0.00500988077872058,-0.000566834958697511));
#4726=CARTESIAN_POINT('',(-0.000893580104428668,0.0048318670744731,-0.000285031524913499));
#4727=CARTESIAN_POINT('',(-0.00125671276337697,0.00465379079048647,-2.10010757833906E-6));
#4728=CARTESIAN_POINT('',(-0.00161669475832201,0.00447575941181733,0.000285302483147759));
#4729=CARTESIAN_POINT('',(-0.00179668575579452,0.00438674372248276,0.000429003778510808));
#4730=CARTESIAN_POINT('',(-0.00197588388496916,0.00429773167362883,0.000573825339821146));
#4731=CARTESIAN_POINT('',(-0.00215318796015273,0.00420887099782289,0.000721415022259765));
#4732=CARTESIAN_POINT('',(-0.0023304920353363,0.00412001032201694,0.000869004704698383));
#4733=CARTESIAN_POINT('',(-0.00250620330320577,0.00403116680600434,0.00101885193835326));
#4734=CARTESIAN_POINT('',(-0.0026763058203602,0.00394345207033178,0.00117733210025858));
#4735=CARTESIAN_POINT('',(-0.000329190560710876,0.00500794173496883,-0.000305726104129135));
#4736=CARTESIAN_POINT('',(-0.000717115436688681,0.00483008489477224,-4.89694113477345E-5));
#4737=CARTESIAN_POINT('',(-0.00110459867350948,0.00465220383011419,0.000208447585025396));
#4738=CARTESIAN_POINT('',(-0.00149037066924927,0.00447434405464184,0.000468503642992895));
#4739=CARTESIAN_POINT('',(-0.00168325666711916,0.00438541416690567,0.000598531671976644));
#4740=CARTESIAN_POINT('',(-0.0018757131026969,0.00429648645194413,0.000729219949943333));
#4741=CARTESIAN_POINT('',(-0.00206712526343384,0.00420762211286977,0.000861553944096697));
#4742=CARTESIAN_POINT('',(-0.00225853742417078,0.00411875777379541,0.00099388793825006));
#4743=CARTESIAN_POINT('',(-0.0024490878695584,0.00402990001865736,0.00112754796905356));
#4744=CARTESIAN_POINT('',(-0.00263644944307125,0.00394151452557765,0.00126642845227132));
#4745=CARTESIAN_POINT('',(-0.000128762481732231,0.00500600269121709,-4.46172495607591E-5));
#4746=CARTESIAN_POINT('',(-0.000540650768948693,0.00482830271507138,0.00018709270221803));
#4747=CARTESIAN_POINT('',(-0.000952484583641988,0.00465061686974191,0.000418995277629132));
#4748=CARTESIAN_POINT('',(-0.00136404658017652,0.00447292869746637,0.00065170480283803));
#4749=CARTESIAN_POINT('',(-0.0015698275784438,0.00438408461132859,0.00076805956544248));
#4750=CARTESIAN_POINT('',(-0.00177554232042464,0.00429524123025941,0.000884614560065521));
#4751=CARTESIAN_POINT('',(-0.00198106256671494,0.00420637322791664,0.00100169286593363));
#4752=CARTESIAN_POINT('',(-0.00218658281300525,0.00411750522557386,0.00111877117180174));
#4753=CARTESIAN_POINT('',(-0.00239197243591103,0.00402863323131038,0.00123624399975385));
#4754=CARTESIAN_POINT('',(-0.0025965930657823,0.00393957698082353,0.00135552480428405));
#4755=CARTESIAN_POINT('',(1.90291481312122E-5,0.00500635258911122,0.000257803723890604));
#4756=CARTESIAN_POINT('',(-0.000408172684584757,0.00482863106192658,0.000457151901581653));
#4757=CARTESIAN_POINT('',(-0.0008355744053249,0.00465091614486788,0.000656180266968718));
#4758=CARTESIAN_POINT('',(-0.00126378531748649,0.00447318821716696,0.000853817848283494));
#4759=CARTESIAN_POINT('',(-0.00147789077356729,0.00438432425331649,0.000952636638940882));
#4760=CARTESIAN_POINT('',(-0.00169219797629809,0.00429545703075719,0.00105111039925575));
#4761=CARTESIAN_POINT('',(-0.00190701710896251,0.00420657206582254,0.00114866940080294));
#4762=CARTESIAN_POINT('',(-0.00212183624162694,0.0041176871008879,0.00124622840235012));
#4763=CARTESIAN_POINT('',(-0.00233705662184316,0.00402878284237396,0.00134308935968964));
#4764=CARTESIAN_POINT('',(-0.00255396146401792,0.00393982829927376,0.00143680331683057));
#4765=CARTESIAN_POINT('',(0.000101632686522521,0.00500917920007531,0.000573328373772818));
#4766=CARTESIAN_POINT('',(-0.000329610267650934,0.00483122904852089,0.000738878121409681));
#4767=CARTESIAN_POINT('',(-0.000761204063415257,0.00465323358926256,0.000903489538889579));
#4768=CARTESIAN_POINT('',(-0.0011941799584344,0.00447523818577299,0.00106459197369883));
#4769=CARTESIAN_POINT('',(-0.00141066790594397,0.00438624048402821,0.00114514319110346));
#4770=CARTESIAN_POINT('',(-0.0016275023961712,0.00429723881346143,0.0012248103967461));
#4771=CARTESIAN_POINT('',(-0.00184518864942314,0.00420830831345368,0.00130238976887112));
#4772=CARTESIAN_POINT('',(-0.00206287490267507,0.00411937781344594,0.00137996914099615));
#4773=CARTESIAN_POINT('',(-0.00228125900733119,0.00403045279450105,0.00145578247819253));
#4774=CARTESIAN_POINT('',(-0.00250227898847691,0.00394209052183344,0.00152549438974168));
#4775=CARTESIAN_POINT('',(0.000142934455718175,0.00501059250555736,0.000731090698713925));
#4776=CARTESIAN_POINT('',(-0.000290329059184023,0.00483252804181805,0.000879741231323695));
#4777=CARTESIAN_POINT('',(-0.000724018892460435,0.0046543923114599,0.00102714417485001));
#4778=CARTESIAN_POINT('',(-0.00115937727890835,0.004476263170076,0.0011699790364065));
#4779=CARTESIAN_POINT('',(-0.00137705647213231,0.00438719859938406,0.00124139646718474));
#4780=CARTESIAN_POINT('',(-0.00159515460610776,0.00429812970481355,0.00131166039549127));
#4781=CARTESIAN_POINT('',(-0.00181427441965344,0.00420917643726925,0.00137924995290522));
#4782=CARTESIAN_POINT('',(-0.00203339423319913,0.00412022316972497,0.00144683951031916));
#4783=CARTESIAN_POINT('',(-0.0022533602000752,0.0040312877705646,0.00151212903744397));
#4784=CARTESIAN_POINT('',(-0.0024764377507064,0.00394322163311328,0.00156983992619723));
#4785=CARTESIAN_POINT('',(0.000168659623325792,0.00501260673259914,0.000892006107689862));
#4786=CARTESIAN_POINT('',(-0.000263963408862852,0.00483437881199364,0.0010234353032536));
#4787=CARTESIAN_POINT('',(-0.000697062717705505,0.00465604309161886,0.0011532809938174));
#4788=CARTESIAN_POINT('',(-0.00113200160069407,0.00447772658448631,0.00127751401638023));
#4789=CARTESIAN_POINT('',(-0.00134947104218835,0.00438856833092003,0.00133963052766164));
#4790=CARTESIAN_POINT('',(-0.00156740353921118,0.00429940661047532,0.00140032448683168));
#4791=CARTESIAN_POINT('',(-0.00178644836199569,0.00421042318023305,0.00145781819511651));
#4792=CARTESIAN_POINT('',(-0.0020054931847802,0.00412143974999078,0.00151531190340133));
#4793=CARTESIAN_POINT('',(-0.00222547747042144,0.00403250317749794,0.00156998025747555));
#4794=CARTESIAN_POINT('',(-0.00244874702014748,0.00394481622342537,0.00161604499683653));
#4795=CARTESIAN_POINT('',(0.000179127404158279,0.0050155879114575,0.00105352523260954));
#4796=CARTESIAN_POINT('',(-0.000250216685395532,0.00483707529884971,0.00116802817805337));
#4797=CARTESIAN_POINT('',(-0.000680066311937131,0.00465840353920443,0.00128053680680207));
#4798=CARTESIAN_POINT('',(-0.00111185219519484,0.00447979212108592,0.0013863789502857));
#4799=CARTESIAN_POINT('',(-0.0013277451368237,0.00439048641202666,0.00143930002202751));
#4800=CARTESIAN_POINT('',(-0.00154412707546009,0.00430118671323953,0.00149052409870957));
#4801=CARTESIAN_POINT('',(-0.00176166332059358,0.00421215388620625,0.00153810893754782));
#4802=CARTESIAN_POINT('',(-0.00197919956572708,0.00412312105917298,0.00158569377638606));
#4803=CARTESIAN_POINT('',(-0.00219773169359991,0.00403420546247357,0.00162997487485878));
#4804=CARTESIAN_POINT('',(-0.00241954914799749,0.00394691068157209,0.00166514776843979));
#4805=CARTESIAN_POINT('',(0.00017978164046031,0.00501577423513614,0.00106362017791702));
#4806=CARTESIAN_POINT('',(-0.000249357515178825,0.00483724382927821,0.00117706523272836));
#4807=CARTESIAN_POINT('',(-0.000679004036576608,0.00465855106717852,0.00128849029511361));
#4808=CARTESIAN_POINT('',(-0.00111059285735114,0.00447992121712339,0.00139318300865479));
#4809=CARTESIAN_POINT('',(-0.00132638726773841,0.00439060629209582,0.00144552936542538));
#4810=CARTESIAN_POINT('',(-0.00154267229647564,0.00430129796966229,0.00149616157445194));
#4811=CARTESIAN_POINT('',(-0.00176011425550594,0.00421226205532958,0.00154312710894978));
#4812=CARTESIAN_POINT('',(-0.00197755621453626,0.00412322614099687,0.00159009264344761));
#4813=CARTESIAN_POINT('',(-0.00219599758254857,0.00403431185528455,0.00163372453844523));
#4814=CARTESIAN_POINT('',(-0.00241772428098812,0.00394704158520625,0.001668216691665));
#4815=CARTESIAN_POINT('',(0.000180702007197741,0.00501609632960337,0.00107507622560976));
#4816=CARTESIAN_POINT('',(-0.000248252563016412,0.00483751890810489,0.00118731219936276));
#4817=CARTESIAN_POINT('',(-0.00067772453531123,0.00465877017453783,0.00129746418753245));
#4818=CARTESIAN_POINT('',(-0.00110917741568438,0.00448009029657144,0.00140070560458379));
#4819=CARTESIAN_POINT('',(-0.00132490385587095,0.00439075035758825,0.00145232631310947));
#4820=CARTESIAN_POINT('',(-0.00154113083838404,0.00430141824824142,0.00150218673263701));
#4821=CARTESIAN_POINT('',(-0.00175853644771125,0.0042123738723274,0.001548299092899));
#4822=CARTESIAN_POINT('',(-0.00197594205703846,0.00412332949641338,0.00159441145316097));
#4823=CARTESIAN_POINT('',(-0.00219436814093992,0.00403441729272327,0.00163710631076337));
#4824=CARTESIAN_POINT('',(-0.00241612812928039,0.0039472221271478,0.00167053036975649));
#4825=CARTESIAN_POINT('',(0.000180908613681975,0.00501615785611316,0.00108380658320753));
#4826=CARTESIAN_POINT('',(-0.000247789427616239,0.00483759052558854,0.00119514047966548));
#4827=CARTESIAN_POINT('',(-0.000676998174317476,0.00465885428728109,0.00130440241608091));
#4828=CARTESIAN_POINT('',(-0.00110816018831291,0.00448018645634048,0.00140680108631762));
#4829=CARTESIAN_POINT('',(-0.00132374119531062,0.00439085254087017,0.00145800042143597));
#4830=CARTESIAN_POINT('',(-0.00153981578747864,0.0043015265221997,0.00150745148056024));
#4831=CARTESIAN_POINT('',(-0.00175705185271474,0.00421248423176874,0.00155318247405005));
#4832=CARTESIAN_POINT('',(-0.00197428791795084,0.00412344194133778,0.00159891346753985));
#4833=CARTESIAN_POINT('',(-0.0021925298820206,0.0040345305252967,0.00164125207645815));
#4834=CARTESIAN_POINT('',(-0.00241405484672571,0.00394730905964455,0.0016743946576791));
#4835=CARTESIAN_POINT('',(0.000181115220166209,0.00501621938262296,0.0010925369408053));
#4836=CARTESIAN_POINT('',(-0.000247326292216066,0.00483766214307218,0.0012029687599682));
#4837=CARTESIAN_POINT('',(-0.000676271813323722,0.00465893840002435,0.00131134064462938));
#4838=CARTESIAN_POINT('',(-0.00110714296094143,0.00448028261610951,0.00141289656805144));
#4839=CARTESIAN_POINT('',(-0.00132257853475029,0.00439095472415209,0.00146367452976247));
#4840=CARTESIAN_POINT('',(-0.00153850073657325,0.00430163479615799,0.00151271622848348));
#4841=CARTESIAN_POINT('',(-0.00175556725771822,0.00421259459121009,0.00155806585520109));
#4842=CARTESIAN_POINT('',(-0.00197263377886321,0.00412355438626219,0.00160341548191871));
#4843=CARTESIAN_POINT('',(-0.00219069162310127,0.00403464375787013,0.00164539784215293));
#4844=CARTESIAN_POINT('',(-0.00241198156417104,0.00394739599214129,0.00167825894560169));
#4845=CARTESIAN_POINT('',(0.000181320029885519,0.00501628044988218,0.00110126063828075));
#4846=CARTESIAN_POINT('',(-0.000246867338029366,0.0048377332591586,0.00121079373081836));
#4847=CARTESIAN_POINT('',(-0.00067555205864647,0.00465902194395896,0.00131827901895024));
#4848=CARTESIAN_POINT('',(-0.0011061350525233,0.00448037811540838,0.00141899568131319));
#4849=CARTESIAN_POINT('',(-0.00132142654946172,0.0043910562011331,0.00146935401249466));
#4850=CARTESIAN_POINT('',(-0.00153719778767997,0.0043017423072804,0.00151798810448446));
#4851=CARTESIAN_POINT('',(-0.00175409641269744,0.00421270417084483,0.00156295802124708));
#4852=CARTESIAN_POINT('',(-0.00197099503771492,0.00412366603440927,0.00160792793800969));
#4853=CARTESIAN_POINT('',(-0.00218887057822814,0.00403475615474518,0.00164955564907601));
#4854=CARTESIAN_POINT('',(-0.00240992812561653,0.00394748251463448,0.00168213630316038));
#4855=CARTESIAN_POINT('',(0.000181523014699076,0.00501634104567285,0.00110997792246235));
#4856=CARTESIAN_POINT('',(-0.000246412618899083,0.00483780385843325,0.00121861555072769));
#4857=CARTESIAN_POINT('',(-0.000674838991584596,0.0046591049004829,0.00132521760807778));
#4858=CARTESIAN_POINT('',(-0.00110513657008168,0.00448047293404791,0.00142509841090878));
#4859=CARTESIAN_POINT('',(-0.00132028535933022,0.00439115695083043,0.00147503881232428));
#4860=CARTESIAN_POINT('',(-0.0015359070733073,0.00430184903443099,0.00152326701025469));
#4861=CARTESIAN_POINT('',(-0.00175263945809919,0.00421281294900675,0.00156785884034001));
#4862=CARTESIAN_POINT('',(-0.00196937184289108,0.00412377686358252,0.00161245067042532));
#4863=CARTESIAN_POINT('',(-0.00218706690177075,0.00403486769616593,0.00165372530324126));
#4864=CARTESIAN_POINT('',(-0.00240789466235556,0.00394756859095401,0.00168602654378275));
#4865=CARTESIAN_POINT('',(0.000181928984326191,0.00501646223725418,0.00112741249082556));
#4866=CARTESIAN_POINT('',(-0.000245503180638516,0.00483794505698256,0.00123425919054637));
#4867=CARTESIAN_POINT('',(-0.00067341285746085,0.00465927081353077,0.00133909478633285));
#4868=CARTESIAN_POINT('',(-0.00110313960519843,0.00448066257132698,0.00143730387009997));
#4869=CARTESIAN_POINT('',(-0.00131800297906722,0.00439135845022508,0.00148640841198353));
#4870=CARTESIAN_POINT('',(-0.00153332564456197,0.00430206248873217,0.00153382482179516));
#4871=CARTESIAN_POINT('',(-0.00174972554890268,0.00421303050533059,0.00157766047852587));
#4872=CARTESIAN_POINT('',(-0.0019661254532434,0.004123998521929,0.00162149613525657));
#4873=CARTESIAN_POINT('',(-0.002183459548856,0.00403509077900742,0.00166206461157173));
#4874=CARTESIAN_POINT('',(-0.00240382773583362,0.00394774074359306,0.00169380702502749));
#4875=CARTESIAN_POINT('',(0.0001823276543051,0.00501658154297022,0.0011448214060793));
#4876=CARTESIAN_POINT('',(-0.000244610682604639,0.00483808418831853,0.00124989022692546));
#4877=CARTESIAN_POINT('',(-0.000672013473793687,0.00465943437698745,0.00135297282438006));
#4878=CARTESIAN_POINT('',(-0.00110118034404869,0.00448084948603453,0.00144952379527463));
#4879=CARTESIAN_POINT('',(-0.0013157637791762,0.00439155704055806,0.00149779928072191));
#4880=CARTESIAN_POINT('',(-0.00153079315352942,0.00430227280723569,0.00154441075309218));
#4881=CARTESIAN_POINT('',(-0.00174686720067123,0.0042132448558179,0.001587496729554));
#4882=CARTESIAN_POINT('',(-0.00196294124781304,0.00412421690440011,0.00163058270601583));
#4883=CARTESIAN_POINT('',(-0.00217992166807794,0.00403531044015903,0.0016704513094007));
#4884=CARTESIAN_POINT('',(-0.00239984070700588,0.0039479111107067,0.00170163903944739));
#4885=CARTESIAN_POINT('',(0.000182718799718349,0.00501669886490051,0.00116220664206463));
#4886=CARTESIAN_POINT('',(-0.000243735555650769,0.00483822112862983,0.00126550992410015));
#4887=CARTESIAN_POINT('',(-0.000670641491174162,0.00465959544132054,0.00136685226775613));
#4888=CARTESIAN_POINT('',(-0.00109925964498899,0.0044810335157757,0.00146175805722249));
#4889=CARTESIAN_POINT('',(-0.0013135687218964,0.00439175255300327,0.00150921095195568));
#4890=CARTESIAN_POINT('',(-0.00152831066475202,0.00430247981969302,0.00155502400973347));
#4891=CARTESIAN_POINT('',(-0.00174406554568805,0.00421345582640191,0.00159736653104318));
#4892=CARTESIAN_POINT('',(-0.00195982042662407,0.0041244318331108,0.0016397090523529));
#4893=CARTESIAN_POINT('',(-0.00217645451258378,0.00403552651985276,0.00167888383887153));
#4894=CARTESIAN_POINT('',(-0.00239593466827786,0.00394807941311584,0.00170952108349294));
#4895=CARTESIAN_POINT('',(0.000183501090544849,0.00501693350876108,0.00119697711403529));
#4896=CARTESIAN_POINT('',(-0.000241985301743028,0.00483849500925243,0.00129674931844954));
#4897=CARTESIAN_POINT('',(-0.000667897525935112,0.00465991756998673,0.00139461115450828));
#4898=CARTESIAN_POINT('',(-0.00109541824686958,0.00448140157525804,0.00148622658111823));
#4899=CARTESIAN_POINT('',(-0.00130917860733682,0.0043921435778937,0.00153203429442321));
#4900=CARTESIAN_POINT('',(-0.00152334568719722,0.00430289384460769,0.00157625052301603));
#4901=CARTESIAN_POINT('',(-0.00173846223572168,0.00421387776756994,0.00161710613402153));
#4902=CARTESIAN_POINT('',(-0.00195357878424614,0.00412486169053219,0.00165796174502703));
#4903=CARTESIAN_POINT('',(-0.00216952020159547,0.00403595867924022,0.00169574889781319));
#4904=CARTESIAN_POINT('',(-0.00238812259082183,0.00394841601793409,0.00172528517158403));
#4905=CARTESIAN_POINT('',(0.000184253282248282,0.00501716021727333,0.00123165287000573));
#4906=CARTESIAN_POINT('',(-0.000240304532774599,0.00483876012585847,0.00132794336125225));
#4907=CARTESIAN_POINT('',(-0.000665263165511517,0.0046602297024868,0.00142237567181411));
#4908=CARTESIAN_POINT('',(-0.00109173109488364,0.00448175809545785,0.00151075246304085));
#4909=CARTESIAN_POINT('',(-0.0013049650595697,0.00439252229194337,0.00155494085865422));
#4910=CARTESIAN_POINT('',(-0.00151858071301371,0.00430329464632754,0.00159758634958864));
#4911=CARTESIAN_POINT('',(-0.00173308568726144,0.00421428618957621,0.00163697995062617));
#4912=CARTESIAN_POINT('',(-0.00194759066150917,0.00412527773282488,0.00167637355166371));
#4913=CARTESIAN_POINT('',(-0.00216286876682904,0.00403637651394243,0.00171279729385811));
#4914=CARTESIAN_POINT('',(-0.00238063441924687,0.0039487443513388,0.00174124939369943));
#4915=CARTESIAN_POINT('',(0.000184973582723179,0.0050173782071858,0.00126624968794142));
#4916=CARTESIAN_POINT('',(-0.000238696692217237,0.00483901548388153,0.00135910210374786));
#4917=CARTESIAN_POINT('',(-0.000662743611892629,0.00466053063526782,0.00145015007438302));
#4918=CARTESIAN_POINT('',(-0.00108820508621947,0.00448210176703791,0.00153533454190731));
#4919=CARTESIAN_POINT('',(-0.00130093582338289,0.00439288733292296,0.00157792677566945));
#4920=CARTESIAN_POINT('',(-0.00151402432814138,0.00430368084797677,0.00161902499822445));
#4921=CARTESIAN_POINT('',(-0.0017279450972084,0.00421467969158633,0.00165697934928402));
#4922=CARTESIAN_POINT('',(-0.00194186586627542,0.0041256785351959,0.00169493370034359));
#4923=CARTESIAN_POINT('',(-0.0021565105291396,0.00403677872604565,0.00173001645166177));
#4924=CARTESIAN_POINT('',(-0.00237347955481887,0.00394906233568298,0.00175740154064117));
#4925=CARTESIAN_POINT('',(0.000186414183672973,0.00501781418701075,0.0013354433238128));
#4926=CARTESIAN_POINT('',(-0.000235481011102514,0.00483952619992765,0.00142141958873909));
#4927=CARTESIAN_POINT('',(-0.000657704504654853,0.00466113250082986,0.00150569887952083));
#4928=CARTESIAN_POINT('',(-0.00108115306889114,0.00448278911019803,0.0015844986996402));
#4929=CARTESIAN_POINT('',(-0.00129287735100929,0.00439361741488213,0.00162389860969989));
#4930=CARTESIAN_POINT('',(-0.00150491155839669,0.00430445325127522,0.00166190229549605));
#4931=CARTESIAN_POINT('',(-0.00171766391710231,0.00421546669560658,0.00169697814659972));
#4932=CARTESIAN_POINT('',(-0.00193041627580792,0.00412648013993792,0.00173205399770337));
#4933=CARTESIAN_POINT('',(-0.00214379405376072,0.00403758315025207,0.00176445476726909));
#4934=CARTESIAN_POINT('',(-0.00235916982596289,0.00394969830437131,0.00178970583452464));
#4935=CARTESIAN_POINT('',(0.000187726915879621,0.00501821519911948,0.0014043233421779));
#4936=CARTESIAN_POINT('',(-0.000232557505461171,0.00483999787349313,0.00148359965902925));
#4937=CARTESIAN_POINT('',(-0.000653125191762418,0.00466168965994745,0.00156129306149333));
#4938=CARTESIAN_POINT('',(-0.00107474600017263,0.00448342516956155,0.00163389685580449));
#4939=CARTESIAN_POINT('',(-0.00128555640437773,0.00439429292436861,0.00167019875296006));
#4940=CARTESIAN_POINT('',(-0.00149663325644934,0.00430516736617144,0.00170520380246173));
#4941=CARTESIAN_POINT('',(-0.00170832629551507,0.00421619401413005,0.00173749495635611));
#4942=CARTESIAN_POINT('',(-0.00192001933458079,0.00412722066208866,0.00176978611025048));
#4943=CARTESIAN_POINT('',(-0.00213224915559204,0.00403832479915258,0.00179959800197659));
#4944=CARTESIAN_POINT('',(-0.00234619077939254,0.00395029179621266,0.0018227890593535));
#4945=CARTESIAN_POINT('',(0.000188898647686845,0.00501857534036093,0.00147300713084641));
#4946=CARTESIAN_POINT('',(-0.00022995231262954,0.00484042240292427,0.00154570492164144));
#4947=CARTESIAN_POINT('',(-0.000649045945060863,0.00466219174833205,0.0016169378652609));
#4948=CARTESIAN_POINT('',(-0.00106903974705224,0.00448399860970578,0.00168347334096909));
#4949=CARTESIAN_POINT('',(-0.00127903664804793,0.00439490204039265,0.0017167410788232));
#4950=CARTESIAN_POINT('',(-0.00148926130257252,0.0043058112730076,0.00174881196301544));
#4951=CARTESIAN_POINT('',(-0.00170001210267735,0.00421685025934788,0.00177838086100175));
#4952=CARTESIAN_POINT('',(-0.00191076290278218,0.00412788924568816,0.00180794975898806));
#4953=CARTESIAN_POINT('',(-0.00212197200966571,0.00403899462518859,0.00183523388903892));
#4954=CARTESIAN_POINT('',(-0.00233464212289475,0.00395083345836149,0.00185641373026772));
#4955=CARTESIAN_POINT('',(0.000193585574915742,0.00502001590532672,0.00174774228552044));
#4956=CARTESIAN_POINT('',(-0.00021953154130301,0.00484212052064885,0.00179412597209021));
#4957=CARTESIAN_POINT('',(-0.000632728958254641,0.00466420010187044,0.00183951708033119));
#4958=CARTESIAN_POINT('',(-0.00104621473457068,0.00448629237028268,0.00188177928162753));
#4959=CARTESIAN_POINT('',(-0.0012529576227287,0.00439733850448881,0.0019029103822757));
#4960=CARTESIAN_POINT('',(-0.00145977348706523,0.00430838690035225,0.00192324460523029));
#4961=CARTESIAN_POINT('',(-0.00166675533132647,0.00421947524021921,0.00194192447958433));
#4962=CARTESIAN_POINT('',(-0.00187373717558771,0.00413056358008617,0.00196060435393837));
#4963=CARTESIAN_POINT('',(-0.00208086342596042,0.00404167392933265,0.00197777743728823));
#4964=CARTESIAN_POINT('',(-0.00228844749690356,0.00395300010695682,0.0019909124139246));
#4965=CARTESIAN_POINT('',(0.000195942554124219,0.00502077045774563,0.00201993121987783));
#4966=CARTESIAN_POINT('',(-0.000214344961252104,0.0048430249224696,0.00204177747905486));
#4967=CARTESIAN_POINT('',(-0.000624624330433517,0.00466528213106589,0.00206317414668458));
#4968=CARTESIAN_POINT('',(-0.00103487271823217,0.0044875386215119,0.00208309758976746));
#4969=CARTESIAN_POINT('',(-0.0012399969121315,0.00439866686673489,0.00209305931130889));
#4970=CARTESIAN_POINT('',(-0.0014451132938371,0.00430979507111012,0.00210264657013017));
#4971=CARTESIAN_POINT('',(-0.0016502111756345,0.00422091912361225,0.00211143313451646));
#4972=CARTESIAN_POINT('',(-0.00185530905743191,0.00413204317611438,0.00212021969890274));
#4973=CARTESIAN_POINT('',(-0.002060391187722,0.00404316544503663,0.00212828732900879));
#4974=CARTESIAN_POINT('',(-0.00226541966780229,0.00395426225662977,0.00213431777131975));
#4975=CARTESIAN_POINT('',(0.000195702578952161,0.00502069470827421,0.00229453852420432));
#4976=CARTESIAN_POINT('',(-0.00021487500425338,0.00484293461324934,0.00229090079965585));
#4977=CARTESIAN_POINT('',(-0.000625453212195624,0.00466517430708363,0.00228733767403143));
#4978=CARTESIAN_POINT('',(-0.00103603380179128,0.00448741405385175,0.00228402024977996));
#4979=CARTESIAN_POINT('',(-0.00124132409658911,0.00439853392723581,0.00228236153765422));
#4980=CARTESIAN_POINT('',(-0.00144661499180548,0.00430965380306873,0.00228076525861968));
#4981=CARTESIAN_POINT('',(-0.00165190731157153,0.00422077399731687,0.00227930300979753));
#4982=CARTESIAN_POINT('',(-0.00185719963133758,0.004131894191565,0.00227784076097537));
#4983=CARTESIAN_POINT('',(-0.00206249316227391,0.00404301452064194,0.00227649859494047));
#4984=CARTESIAN_POINT('',(-0.00226779083604989,0.00395413681324387,0.00227549942113248));
#4985=CARTESIAN_POINT('',(0.000195462603780101,0.00502061895880278,0.00256914582853081));
#4986=CARTESIAN_POINT('',(-0.000215405047254656,0.00484284430402908,0.00254002412025684));
#4987=CARTESIAN_POINT('',(-0.00062628209395773,0.00466506648310137,0.00251150120137829));
#4988=CARTESIAN_POINT('',(-0.00103719488535039,0.00448728948619161,0.00248494290979246));
#4989=CARTESIAN_POINT('',(-0.00124265128104672,0.00439840098773673,0.00247166376399954));
#4990=CARTESIAN_POINT('',(-0.00144811668977386,0.00430951253502735,0.00245888394710919));
#4991=CARTESIAN_POINT('',(-0.00165360344750855,0.00422062887102148,0.00244717288507859));
#4992=CARTESIAN_POINT('',(-0.00185909020524325,0.00413174520701563,0.002435461823048));
#4993=CARTESIAN_POINT('',(-0.00206459513682581,0.00404286359624724,0.00242470986087215));
#4994=CARTESIAN_POINT('',(-0.00227016200429748,0.00395401136985795,0.00241668107094521));
#4995=CARTESIAN_POINT('',(0.000192610726089182,0.00501970887878209,0.00284075512416936));
#4996=CARTESIAN_POINT('',(-0.000221684657503006,0.00484175540581582,0.00278721798410989));
#4997=CARTESIAN_POINT('',(-0.000636095560725936,0.00466376617944662,0.00273481940383184));
#4998=CARTESIAN_POINT('',(-0.00105092010971065,0.00448579631356615,0.0026860031904589));
#4999=CARTESIAN_POINT('',(-0.001258332384203,0.00439681138062592,0.00266159508377243));
#5000=CARTESIAN_POINT('',(-0.00146584941565223,0.00430783000526667,0.00263809961612326));
#5001=CARTESIAN_POINT('',(-0.00167360366101122,0.00421890669584929,0.00261649399218527));
#5002=CARTESIAN_POINT('',(-0.00188135790637022,0.0041299833864319,0.00259488836824727));
#5003=CARTESIAN_POINT('',(-0.00208931952492878,0.00404109278351033,0.00257500744750579));
#5004=CARTESIAN_POINT('',(-0.00229792940763626,0.00395251202488645,0.00255971592537557));
#5005=CARTESIAN_POINT('',(0.000187503085653206,0.00501814757499247,0.00311615601096139));
#5006=CARTESIAN_POINT('',(-0.000233057415063233,0.00483991867282054,0.00303590560104557));
#5007=CARTESIAN_POINT('',(-0.000653908702181554,0.0046615963329658,0.00295725270649935));
#5008=CARTESIAN_POINT('',(-0.00107584259396016,0.00448331866545225,0.00288374295863873));
#5009=CARTESIAN_POINT('',(-0.00128680953984947,0.00439417983169548,0.00284698808470842));
#5010=CARTESIAN_POINT('',(-0.00149805037935736,0.00430504776698955,0.00281154369058033));
#5011=CARTESIAN_POINT('',(-0.0017099251472161,0.00421607227671936,0.00277884364701426));
#5012=CARTESIAN_POINT('',(-0.00192179991507485,0.00412709678644917,0.00274614360344819));
#5013=CARTESIAN_POINT('',(-0.0021342267954563,0.00403820067765668,0.00271595050020959));
#5014=CARTESIAN_POINT('',(-0.00234841609634323,0.00395019420765185,0.00269245604703291));
#5015=CARTESIAN_POINT('',(0.000186226175544212,0.00501775724904506,0.00318500623265939));
#5016=CARTESIAN_POINT('',(-0.000235900604453289,0.00483945948957172,0.00309807750527949));
#5017=CARTESIAN_POINT('',(-0.000658361987545459,0.00466105387134559,0.00301286103216622));
#5018=CARTESIAN_POINT('',(-0.00108207321502254,0.00448269925342377,0.00293317790068369));
#5019=CARTESIAN_POINT('',(-0.00129392882876108,0.00439352194446287,0.00289333633494242));
#5020=CARTESIAN_POINT('',(-0.00150610062028364,0.00430435220742028,0.0028549047091946));
#5021=CARTESIAN_POINT('',(-0.00171900551876732,0.00421536367193688,0.00281943106072151));
#5022=CARTESIAN_POINT('',(-0.001931910417251,0.00412637513645349,0.00278395741224842));
#5023=CARTESIAN_POINT('',(-0.00214545361308818,0.00403747765119327,0.00275118626338553));
#5024=CARTESIAN_POINT('',(-0.00236103776851997,0.00394961475334321,0.00272564107744724));
#5025=CARTESIAN_POINT('',(0.000184812852034168,0.00501732817195397,0.00325409455509866));
#5026=CARTESIAN_POINT('',(-0.000239052797606478,0.00483895622189784,0.00316034322271515));
#5027=CARTESIAN_POINT('',(-0.000663300818984022,0.00466046038100354,0.00306841341430387));
#5028=CARTESIAN_POINT('',(-0.00108898397950402,0.00448202165792491,0.00298240192690502));
#5029=CARTESIAN_POINT('',(-0.00130182555976402,0.0043928022963856,0.00293939618320559));
#5030=CARTESIAN_POINT('',(-0.00151503013278598,0.00430359110365256,0.00289789845200104));
#5031=CARTESIAN_POINT('',(-0.00172907869910549,0.00421458831011257,0.00285957348354623));
#5032=CARTESIAN_POINT('',(-0.00194312726542499,0.00412558551657259,0.00282124851509142));
#5033=CARTESIAN_POINT('',(-0.00215791013682387,0.00403668590404376,0.00278582189812165));
#5034=CARTESIAN_POINT('',(-0.00237504854046824,0.00394898559036516,0.00275816102993914));
#5035=CARTESIAN_POINT('',(0.000183277402285711,0.00501686660048735,0.00332354629733175));
#5036=CARTESIAN_POINT('',(-0.000242486132762434,0.0048384169978096,0.00322277958599939));
#5037=CARTESIAN_POINT('',(-0.000668682818370514,0.00465982586918353,0.00312393708531432));
#5038=CARTESIAN_POINT('',(-0.00109651774697347,0.0044812967797546,0.00303139395655146));
#5039=CARTESIAN_POINT('',(-0.00131043521127494,0.00439203223504014,0.00298512239217003));
#5040=CARTESIAN_POINT('',(-0.0015247668895063,0.00430277592086714,0.00294045577393444));
#5041=CARTESIAN_POINT('',(-0.00174006633246244,0.00421375758173812,0.00289918066723148));
#5042=CARTESIAN_POINT('',(-0.0019553657754186,0.00412473924260909,0.00285790556052852));
#5043=CARTESIAN_POINT('',(-0.00217150570917817,0.00403583550184922,0.00281972674707333));
#5044=CARTESIAN_POINT('',(-0.0023903603070849,0.00394832056301945,0.0027898801187705));
#5045=CARTESIAN_POINT('',(0.000182893539848597,0.0050167512076207,0.00334090923289003));
#5046=CARTESIAN_POINT('',(-0.000243344466551422,0.00483828219178754,0.00323838867682044));
#5047=CARTESIAN_POINT('',(-0.000670028318217137,0.00465966724122852,0.00313781800306693));
#5048=CARTESIAN_POINT('',(-0.00109840118884083,0.00448111556021203,0.00304364196396308));
#5049=CARTESIAN_POINT('',(-0.00131258762415267,0.00439183971970377,0.00299655394441115));
#5050=CARTESIAN_POINT('',(-0.00152720107868638,0.00430257212517079,0.00295109510441779));
#5051=CARTESIAN_POINT('',(-0.00174281324080169,0.00421354989964451,0.00290908246315279));
#5052=CARTESIAN_POINT('',(-0.001958425402917,0.00412452767411822,0.00286706982188779));
#5053=CARTESIAN_POINT('',(-0.00217490460226674,0.00403562290130058,0.00282820295931125));
#5054=CARTESIAN_POINT('',(-0.00239418824873907,0.00394815430618302,0.00279780989097834));
#5055=CARTESIAN_POINT('',(0.000182502044929637,0.00501663378387713,0.0033582948996567));
#5056=CARTESIAN_POINT('',(-0.000244220378422522,0.00483814513507128,0.0032540085012225));
#5057=CARTESIAN_POINT('',(-0.000671401531728867,0.00465950604202113,0.00315169725658284));
#5058=CARTESIAN_POINT('',(-0.00110032360620651,0.00448093137731158,0.00305587570039294));
#5059=CARTESIAN_POINT('',(-0.00131478464344532,0.0043916440449568,0.00300796492229799));
#5060=CARTESIAN_POINT('',(-0.00152968578373279,0.00430236494112674,0.00296170749517337));
#5061=CARTESIAN_POINT('',(-0.00174561739057747,0.00421333875370909,0.002918951222855));
#5062=CARTESIAN_POINT('',(-0.00196154899742214,0.00412431256629144,0.00287619495053663));
#5063=CARTESIAN_POINT('',(-0.00217837483148181,0.00403540664182738,0.00283663409153983));
#5064=CARTESIAN_POINT('',(-0.00239809772516717,0.00394798585520286,0.00280569036128306));
#5065=CARTESIAN_POINT('',(0.000182103142233362,0.00501651442723094,0.00337570527096479));
#5066=CARTESIAN_POINT('',(-0.000245113437555591,0.00483800595171194,0.00326964032094812));
#5067=CARTESIAN_POINT('',(-0.000672801808306347,0.00465934242146889,0.00316557538704319));
#5068=CARTESIAN_POINT('',(-0.00110228413941007,0.00448074439393441,0.00306809503162437));
#5069=CARTESIAN_POINT('',(-0.00131702530496193,0.00439144538016717,0.00301935485391495));
#5070=CARTESIAN_POINT('',(-0.00153221993727241,0.00430215453965396,0.00297229214652041));
#5071=CARTESIAN_POINT('',(-0.00174847764393684,0.00421312431840206,0.00292878587886967));
#5072=CARTESIAN_POINT('',(-0.00196473535060126,0.00412409409715018,0.00288527961121893));
#5073=CARTESIAN_POINT('',(-0.00218191513192026,0.00403518688413923,0.00284501858174218));
#5074=CARTESIAN_POINT('',(-0.00240208761725741,0.00394781548290016,0.002813520019025));
#5075=CARTESIAN_POINT('',(0.000181903690885224,0.00501645474890785,0.00338441045661883));
#5076=CARTESIAN_POINT('',(-0.000245559967122124,0.00483793636003226,0.00327745623081093));
#5077=CARTESIAN_POINT('',(-0.000673501946595087,0.00465926061119277,0.00317251445227337));
#5078=CARTESIAN_POINT('',(-0.00110326440601185,0.00448065090224582,0.00307420469724007));
#5079=CARTESIAN_POINT('',(-0.00131814563572023,0.00439134604777235,0.00302504981972343));
#5080=CARTESIAN_POINT('',(-0.00153348701404222,0.00430204933891757,0.00297758447219393));
#5081=CARTESIAN_POINT('',(-0.00174990777061652,0.00421301710074855,0.002933703206877));
#5082=CARTESIAN_POINT('',(-0.00196632852719081,0.00412398486257954,0.00288982194156008));
#5083=CARTESIAN_POINT('',(-0.00218368528213948,0.00403507700529516,0.00284921082684336));
#5084=CARTESIAN_POINT('',(-0.00240408256330253,0.00394773029674881,0.00281743484789596));
#5085=CARTESIAN_POINT('',(0.000181702387601174,0.00501639458735847,0.00339312181842482));
#5086=CARTESIAN_POINT('',(-0.000246010783501115,0.00483786623668549,0.00328527513958603));
#5087=CARTESIAN_POINT('',(-0.000674208850648262,0.00465917819556983,0.00317945323688199));
#5088=CARTESIAN_POINT('',(-0.00110425420161383,0.00448055671042373,0.00308031076172084));
#5089=CARTESIAN_POINT('',(-0.00131927687709661,0.00439124596785068,0.00303073952414026));
#5090=CARTESIAN_POINT('',(-0.00153476645302667,0.00430194333380359,0.00298286986319002));
#5091=CARTESIAN_POINT('',(-0.00175135192337299,0.00421290906074033,0.00293861200913206));
#5092=CARTESIAN_POINT('',(-0.0019679373937193,0.00412387478767708,0.00289435415507409));
#5093=CARTESIAN_POINT('',(-0.00218547295054866,0.00403496625186972,0.00285339141157969));
#5094=CARTESIAN_POINT('',(-0.00240609761412729,0.00394764463047067,0.0028213369738592));
#5095=CARTESIAN_POINT('',(0.000181499260507932,0.00501633395481692,0.00340183960314836));
#5096=CARTESIAN_POINT('',(-0.000246465832837358,0.00483779559712838,0.0032930972054769));
#5097=CARTESIAN_POINT('',(-0.000674922439146972,0.00465909519326224,0.00318639180936515));
#5098=CARTESIAN_POINT('',(-0.0011052534190161,0.00448046183873051,0.00308641320926276));
#5099=CARTESIAN_POINT('',(-0.00132041890895066,0.00439114516146465,0.00303642390921157));
#5100=CARTESIAN_POINT('',(-0.0015360581213578,0.00430183654554339,0.00298814822056996));
#5101=CARTESIAN_POINT('',(-0.00175280996106176,0.00421280022010494,0.00294351215318574));
#5102=CARTESIAN_POINT('',(-0.00196956180076572,0.00412376389466648,0.00289887608580152));
#5103=CARTESIAN_POINT('',(-0.00218727798132504,0.00403485464376211,0.00285756014149833));
#5104=CARTESIAN_POINT('',(-0.0024081326350617,0.00394755851941448,0.00282522620946611));
#5105=CARTESIAN_POINT('',(0.00018129613341469,0.00501627332227536,0.00341055738787191));
#5106=CARTESIAN_POINT('',(-0.000246920882173602,0.00483772495757127,0.00330091927136777));
#5107=CARTESIAN_POINT('',(-0.000675636027645681,0.00465901219095464,0.00319333038184831));
#5108=CARTESIAN_POINT('',(-0.00110625263641837,0.00448036696703729,0.00309251565680468));
#5109=CARTESIAN_POINT('',(-0.00132156094080471,0.00439104435507861,0.00304210829428287));
#5110=CARTESIAN_POINT('',(-0.00153734978968894,0.00430172975728319,0.0029934265779499));
#5111=CARTESIAN_POINT('',(-0.00175426799875054,0.00421269137946953,0.00294841229723942));
#5112=CARTESIAN_POINT('',(-0.00197118620781213,0.00412365300165588,0.00290339801652894));
#5113=CARTESIAN_POINT('',(-0.00218908301210142,0.00403474303565449,0.00286172887141697));
#5114=CARTESIAN_POINT('',(-0.00241016765599612,0.00394747240835829,0.00282911544507301));
#5115=CARTESIAN_POINT('',(0.000181387981200478,0.00501633025531759,0.00341806232408845));
#5116=CARTESIAN_POINT('',(-0.000247111849401904,0.00483774609311961,0.00330766180961699));
#5117=CARTESIAN_POINT('',(-0.000676123923557598,0.00465899004289584,0.00319935675032383));
#5118=CARTESIAN_POINT('',(-0.00110709438403839,0.00448030491200453,0.00309797406585953));
#5119=CARTESIAN_POINT('',(-0.00132257961427878,0.00439096234655887,0.00304728272362738));
#5120=CARTESIAN_POINT('',(-0.00153855981104193,0.00430162827070416,0.00299835506607096));
#5121=CARTESIAN_POINT('',(-0.00175570364485445,0.00421258307316963,0.00295317154808137));
#5122=CARTESIAN_POINT('',(-0.00197284747866698,0.00412353787563509,0.00290798803009177));
#5123=CARTESIAN_POINT('',(-0.00219100023044913,0.00403462776473457,0.00286622338045653));
#5124=CARTESIAN_POINT('',(-0.00241243530496202,0.00394742845278022,0.00283368008340066));
#5125=CARTESIAN_POINT('',(0.000180848349487561,0.00501613618214507,0.0034281618153245));
#5126=CARTESIAN_POINT('',(-0.000247876281075656,0.00483757082577012,0.00331670564049615));
#5127=CARTESIAN_POINT('',(-0.00067711148836875,0.00465883690552858,0.00320731865374609));
#5128=CARTESIAN_POINT('',(-0.00110829958213511,0.00448017108842975,0.00310478811392824));
#5129=CARTESIAN_POINT('',(-0.00132389362901829,0.00439083817988033,0.00305352284401931));
#5130=CARTESIAN_POINT('',(-0.00153998115383481,0.00430151309476753,0.00300400406956875));
#5131=CARTESIAN_POINT('',(-0.00175723003943721,0.00421247114222718,0.00295820266231509));
#5132=CARTESIAN_POINT('',(-0.00197447892503961,0.00412342918968684,0.00291240125506144));
#5133=CARTESIAN_POINT('',(-0.0021927334694639,0.00403451760647091,0.00286998921276863));
#5134=CARTESIAN_POINT('',(-0.00241427155111545,0.00394729366070184,0.00283677076808808));
#5135=CARTESIAN_POINT('',(0.000178689822635893,0.00501535988945496,0.00346855978026863));
#5136=CARTESIAN_POINT('',(-0.000250934007770658,0.00483686975637217,0.00335288096401283));
#5137=CARTESIAN_POINT('',(-0.000681061747613356,0.00465822435605953,0.00323916626743517));
#5138=CARTESIAN_POINT('',(-0.001113120374522,0.0044796357941306,0.00313204430620309));
#5139=CARTESIAN_POINT('',(-0.00132914968797633,0.00439034151316614,0.00307848332558705));
#5140=CARTESIAN_POINT('',(-0.00154566652500631,0.00430105239102097,0.00302660008355985));
#5141=CARTESIAN_POINT('',(-0.00176333561776822,0.00421202341845741,0.00297832711924997));
#5142=CARTESIAN_POINT('',(-0.00198100471053014,0.00412299444589385,0.00293005415494009));
#5143=CARTESIAN_POINT('',(-0.00219966642552301,0.00403407697341627,0.00288505254201698));
#5144=CARTESIAN_POINT('',(-0.0024216165357292,0.00394675449238833,0.00284913350683775));
#5145=CARTESIAN_POINT('',(0.000175577730434942,0.00501464916443808,0.00350892417124102));
#5146=CARTESIAN_POINT('',(-0.000254779931626501,0.00483622560605788,0.0033890031942183));
#5147=CARTESIAN_POINT('',(-0.000685633493679886,0.00465765911181047,0.00327094630971335));
#5148=CARTESIAN_POINT('',(-0.00111839148428607,0.00447914030969275,0.00315921893316707));
#5149=CARTESIAN_POINT('',(-0.00133477047958917,0.00438988090863389,0.00310335524489393));
#5150=CARTESIAN_POINT('',(-0.00155162995427382,0.00430062463976381,0.00304910082847196));
#5151=CARTESIAN_POINT('',(-0.00176962972452539,0.00421160730413855,0.00299834391969211));
#5152=CARTESIAN_POINT('',(-0.00198762949477697,0.00412258996851328,0.00294758701091224));
#5153=CARTESIAN_POINT('',(-0.00220660665162553,0.00403366797800388,0.00289997997831655));
#5154=CARTESIAN_POINT('',(-0.00242886705442876,0.00394624782641991,0.00286131259508514));
#5155=CARTESIAN_POINT('',(0.000171508263938415,0.00501399441741991,0.0035492207323115));
#5156=CARTESIAN_POINT('',(-0.000259418074588121,0.00483563074677096,0.00342504644823939));
#5157=CARTESIAN_POINT('',(-0.000690830949925811,0.0046571355927413,0.00330264033255694));
#5158=CARTESIAN_POINT('',(-0.0011241166507484,0.00447868048575464,0.00318630081189751));
#5159=CARTESIAN_POINT('',(-0.00134075950115969,0.0043894529322613,0.00312813105156779));
#5160=CARTESIAN_POINT('',(-0.00155787452769696,0.00430022693112461,0.00307150236972288));
#5161=CARTESIAN_POINT('',(-0.00177611448406569,0.00421122017401057,0.0030182533200783));
#5162=CARTESIAN_POINT('',(-0.00199435444043442,0.00412221341689653,0.00296500427043373));
#5163=CARTESIAN_POINT('',(-0.00221355401933267,0.00403328814038668,0.0029147811485869));
#5164=CARTESIAN_POINT('',(-0.00243601936004739,0.0039457719768595,0.00287332308203454));
#5165=CARTESIAN_POINT('',(0.000155230397952304,0.00501137542934719,0.0037104069765934));
#5166=CARTESIAN_POINT('',(-0.0002779706464346,0.0048332513096233,0.00356921946432375));
#5167=CARTESIAN_POINT('',(-0.000711620774909512,0.00465504151646463,0.00342941642393127));
#5168=CARTESIAN_POINT('',(-0.00114701731659769,0.00447684119000218,0.00329462832681927));
#5169=CARTESIAN_POINT('',(-0.00136471558744178,0.00438774102677096,0.00322723427826327));
#5170=CARTESIAN_POINT('',(-0.00158285282138949,0.00429863609656783,0.00316110853472656));
#5171=CARTESIAN_POINT('',(-0.00180205352222686,0.00420967165349866,0.00309789092162311));
#5172=CARTESIAN_POINT('',(-0.00202125422306423,0.0041207072104295,0.00303467330851967));
#5173=CARTESIAN_POINT('',(-0.00224134349016124,0.00403176878991791,0.00297398582966829));
#5174=CARTESIAN_POINT('',(-0.00246462858252196,0.00394386857861789,0.00292136502983215));
#5175=CARTESIAN_POINT('',(0.000123647280127233,0.00500961741724659,0.00387055716372903));
#5176=CARTESIAN_POINT('',(-0.000309191174566629,0.00483163275777741,0.003712166838304));
#5177=CARTESIAN_POINT('',(-0.000742420426020623,0.00465359457557568,0.00355484118093846));
#5178=CARTESIAN_POINT('',(-0.00117718764228019,0.00447555724804121,0.0034014852648218));
#5179=CARTESIAN_POINT('',(-0.00139457125040997,0.00438653858427398,0.00332480730676348));
#5180=CARTESIAN_POINT('',(-0.0016123405618133,0.00429751540013262,0.00324912981449262));
#5181=CARTESIAN_POINT('',(-0.00183105678613451,0.00420857718360488,0.00317580872892104));
#5182=CARTESIAN_POINT('',(-0.0020497730104557,0.00411963896707713,0.00310248764334945));
#5183=CARTESIAN_POINT('',(-0.00226926640451458,0.00403070758235252,0.00303116554786507));
#5184=CARTESIAN_POINT('',(-0.00249168286357,0.00394244609838685,0.00296669563028518));
#5185=CARTESIAN_POINT('',(7.64083055820945E-5,0.00500844210609222,0.00402699760381854));
#5186=CARTESIAN_POINT('',(-0.000353394501353389,0.00483055113299325,0.00385186026201189));
#5187=CARTESIAN_POINT('',(-0.00078350220927856,0.00465262846589089,0.00367748786493902));
#5188=CARTESIAN_POINT('',(-0.00121481591903999,0.00447470297782095,0.00350601888076808));
#5189=CARTESIAN_POINT('',(-0.00143047277392071,0.00438574023378599,0.00342028438868262));
#5190=CARTESIAN_POINT('',(-0.0016464317596216,0.00429677390058749,0.00333528014277651));
#5191=CARTESIAN_POINT('',(-0.00186313694773747,0.00420785551703138,0.00325202278336507));
#5192=CARTESIAN_POINT('',(-0.00207984213585335,0.00411893713347527,0.00316876542395363));
#5193=CARTESIAN_POINT('',(-0.00229715454639892,0.00403001886984473,0.0030869683976477));
#5194=CARTESIAN_POINT('',(-0.00251679886819468,0.00394149789446312,0.00301038362186174));
#5195=CARTESIAN_POINT('',(-1.80696435081817E-5,0.00500609148378348,0.00433987848399755));
#5196=CARTESIAN_POINT('',(-0.000441801154926909,0.00482838788342494,0.00413124710942767));
#5197=CARTESIAN_POINT('',(-0.000865665775794432,0.0046506962465213,0.00392278123294012));
#5198=CARTESIAN_POINT('',(-0.0012900724725596,0.00447299443738044,0.00371508611266064));
#5199=CARTESIAN_POINT('',(-0.00150227582094219,0.00438414353281,0.0036112385525209));
#5200=CARTESIAN_POINT('',(-0.00171461415523819,0.00429529090149723,0.0035075807993443));
#5201=CARTESIAN_POINT('',(-0.00192729727094342,0.00420641218388438,0.00340445089225314));
#5202=CARTESIAN_POINT('',(-0.00213998038664865,0.00411753346627154,0.00330132098516198));
#5203=CARTESIAN_POINT('',(-0.00235293083016761,0.00402864144482915,0.00319857409721296));
#5204=CARTESIAN_POINT('',(-0.00256703087744406,0.00393960148661565,0.00309775960501485));
#5205=CARTESIAN_POINT('',(-0.000177468356118628,0.00500613675187996,0.00463632002136559));
#5206=CARTESIAN_POINT('',(-0.000583881413254152,0.00482842897117363,0.004396290603054));
#5207=CARTESIAN_POINT('',(-0.000990160383875372,0.00465073276879411,0.0041559387075641));
#5208=CARTESIAN_POINT('',(-0.00139583430303298,0.00447303625594038,0.00391423776658322));
#5209=CARTESIAN_POINT('',(-0.00159867126261178,0.00438418799951351,0.00379338729609278));
#5210=CARTESIAN_POINT('',(-0.00180135901762778,0.00429534032084089,0.00367220177005197));
#5211=CARTESIAN_POINT('',(-0.00200363788107673,0.00420647641518051,0.00355014379787334));
#5212=CARTESIAN_POINT('',(-0.00220591674452568,0.00411761250952014,0.00342808582569471));
#5213=CARTESIAN_POINT('',(-0.00240789764451717,0.00402874035405792,0.00330536367501032));
#5214=CARTESIAN_POINT('',(-0.00260839504970399,0.00393976865374202,0.00317965774082645));
#5215=CARTESIAN_POINT('',(-0.000387694657027288,0.00500856267446082,0.00488984231745263));
#5216=CARTESIAN_POINT('',(-0.000768565838828348,0.00483065519002683,0.00462614300176487));
#5217=CARTESIAN_POINT('',(-0.00114888017660854,0.00465271118844346,0.00436164979557415));
#5218=CARTESIAN_POINT('',(-0.00152706060816687,0.00447479592864657,0.00409399919682162));
#5219=CARTESIAN_POINT('',(-0.00171615082394603,0.00438583829874813,0.00396017389744534));
#5220=CARTESIAN_POINT('',(-0.00190470461917539,0.0042968833323174,0.00382555800628806));
#5221=CARTESIAN_POINT('',(-0.00209196731342333,0.00420801952800755,0.00368898142839508));
#5222=CARTESIAN_POINT('',(-0.00227923000767127,0.00411915572369769,0.0035524048505021));
#5223=CARTESIAN_POINT('',(-0.00246541596922482,0.00403030258623608,0.00341423772328748));
#5224=CARTESIAN_POINT('',(-0.00264772627432807,0.00394212594703146,0.00326991010178219));
#5225=CARTESIAN_POINT('',(-0.000597920957935949,0.00501098859704169,0.00514336461353966));
#5226=CARTESIAN_POINT('',(-0.000953250264402543,0.00483288140888003,0.00485599540047573));
#5227=CARTESIAN_POINT('',(-0.0013075999693417,0.00465468960809282,0.0045673608835842));
#5228=CARTESIAN_POINT('',(-0.00165828691330076,0.00447655560135277,0.00427376062706001));
#5229=CARTESIAN_POINT('',(-0.00183363038528029,0.00438748859798275,0.00412696049879791));
#5230=CARTESIAN_POINT('',(-0.00200805022072298,0.00429842634379392,0.00397891424252414));
#5231=CARTESIAN_POINT('',(-0.00218029674576992,0.00420956264083458,0.00382781905891682));
#5232=CARTESIAN_POINT('',(-0.00235254327081686,0.00412069893787523,0.0036767238753095));
#5233=CARTESIAN_POINT('',(-0.00252293429393247,0.00403186481841423,0.00352311177156465));
#5234=CARTESIAN_POINT('',(-0.00268705749895216,0.00394448324032091,0.00336016246273793));
#5235=CARTESIAN_POINT('',(-0.000858821790571479,0.00501570546716531,0.00535217855768229));
#5236=CARTESIAN_POINT('',(-0.00118039672549348,0.00483724800856926,0.00504926804105366));
#5237=CARTESIAN_POINT('',(-0.00150041888961735,0.00465860580014159,0.00474464165822228));
#5238=CARTESIAN_POINT('',(-0.00181483550782985,0.00448004983409636,0.00443353307175657));
#5239=CARTESIAN_POINT('',(-0.00197204381693609,0.00439077185107373,0.00427797877852372));
#5240=CARTESIAN_POINT('',(-0.00212782562079814,0.00430149562989221,0.00412078500703904));
#5241=CARTESIAN_POINT('',(-0.00228042282265751,0.00421261937614842,0.00395975703271666));
#5242=CARTESIAN_POINT('',(-0.00243302002451688,0.00412374312240462,0.00379872905839426));
#5243=CARTESIAN_POINT('',(-0.00258271321068927,0.00403497668132727,0.00363433590706215));
#5244=CARTESIAN_POINT('',(-0.00272429524910777,0.00394899366996806,0.00345931383996168));
#5245=CARTESIAN_POINT('',(-0.0011456329248298,0.00502543454478835,0.00550667417982937));
#5246=CARTESIAN_POINT('',(-0.00143042418394633,0.00484594020028669,0.0051986018249721));
#5247=CARTESIAN_POINT('',(-0.00171274077006861,0.0046661019083657,0.00488829674169811));
#5248=CARTESIAN_POINT('',(-0.00198752785841775,0.00448659383891869,0.00457038065020033));
#5249=CARTESIAN_POINT('',(-0.00212492140259232,0.00439683980419517,0.00441142260445144));
#5250=CARTESIAN_POINT('',(-0.00226038247547896,0.0043071532296576,0.00425052143776593));
#5251=CARTESIAN_POINT('',(-0.002392065239004,0.00421818383784731,0.00408547352973651));
#5252=CARTESIAN_POINT('',(-0.00252374800252904,0.00412921444603702,0.00392042562170709));
#5253=CARTESIAN_POINT('',(-0.00265180691028715,0.00404068806043531,0.00375154591221369));
#5254=CARTESIAN_POINT('',(-0.00277186836927553,0.00395577448830562,0.00357264478875438));
#5255=CARTESIAN_POINT('',(-0.00128903849195896,0.00503029908359987,0.0055839219909029));
#5256=CARTESIAN_POINT('',(-0.00155543791317276,0.00485028629614541,0.00527326871693131));
#5257=CARTESIAN_POINT('',(-0.00181890171029424,0.00466984996247776,0.00496012428343603));
#5258=CARTESIAN_POINT('',(-0.00207387403371171,0.00448986584132985,0.00463880443942221));
#5259=CARTESIAN_POINT('',(-0.00220136019542044,0.0043998737807559,0.0044781445174153));
#5260=CARTESIAN_POINT('',(-0.00232666090281937,0.0043099820295403,0.00431538965312937));
#5261=CARTESIAN_POINT('',(-0.00244788644717724,0.00422096606869676,0.00414833177824644));
#5262=CARTESIAN_POINT('',(-0.00256911199153512,0.00413195010785322,0.0039812739033635));
#5263=CARTESIAN_POINT('',(-0.00268635376008609,0.00404354374998933,0.00381015091478946));
#5264=CARTESIAN_POINT('',(-0.00279565492935941,0.0039591648974744,0.00362931026315074));
#5265=CARTESIAN_POINT('',(-0.00143895889295539,0.00503653521843728,0.00564758380684492));
#5266=CARTESIAN_POINT('',(-0.00168620069831992,0.00485581095869217,0.00533697644147341));
#5267=CARTESIAN_POINT('',(-0.00192995415156608,0.00467456699475994,0.00502360394144353));
#5268=CARTESIAN_POINT('',(-0.00216426180379256,0.00449395707471906,0.004701581317495));
#5269=CARTESIAN_POINT('',(-0.0022814156299058,0.00440365211469861,0.00454057000552074));
#5270=CARTESIAN_POINT('',(-0.00239613208177933,0.00431349945197002,0.00437733342367971));
#5271=CARTESIAN_POINT('',(-0.00250658188004449,0.00422441193942119,0.00420974348283024));
#5272=CARTESIAN_POINT('',(-0.00261703167830966,0.00413532442687238,0.00404215354198078));
#5273=CARTESIAN_POINT('',(-0.0027232352275056,0.00404707174952227,0.00387036285175288));
#5274=CARTESIAN_POINT('',(-0.00282197136743559,0.00396315079626677,0.00368952379675211));
#5275=CARTESIAN_POINT('',(-0.00159213711344839,0.00504489995024973,0.00569800912578568));
#5276=CARTESIAN_POINT('',(-0.00182011322221165,0.00486311592616955,0.00539005062737596));
#5277=CARTESIAN_POINT('',(-0.00204396108500883,0.00468072495740595,0.00507904118013686));
#5278=CARTESIAN_POINT('',(-0.00225759049665636,0.00449927081244223,0.00475901622208766));
#5279=CARTESIAN_POINT('',(-0.00236440520248012,0.00440854373996038,0.00459900374306306));
#5280=CARTESIAN_POINT('',(-0.00246858348966924,0.0043180567584701,0.00443666617989485));
#5281=CARTESIAN_POINT('',(-0.00256847760706981,0.00422884203430838,0.00427002104627638));
#5282=CARTESIAN_POINT('',(-0.00266837172447037,0.00413962731014666,0.00410337591265792));
#5283=CARTESIAN_POINT('',(-0.00276395656374774,0.00405150142942722,0.00393251249644104));
#5284=CARTESIAN_POINT('',(-0.0028528177250625,0.00396785445799108,0.0037533992121557));
#5285=CARTESIAN_POINT('',(-0.00166872622369489,0.00504908231615595,0.00572322178525606));
#5286=CARTESIAN_POINT('',(-0.00188706948415752,0.00486676840990824,0.00541658772032723));
#5287=CARTESIAN_POINT('',(-0.0021009645517302,0.00468380393872895,0.00510675979948353));
#5288=CARTESIAN_POINT('',(-0.00230425484308825,0.00450192768130383,0.00478773367438399));
#5289=CARTESIAN_POINT('',(-0.00240589998876728,0.00441098955259126,0.00462822061183422));
#5290=CARTESIAN_POINT('',(-0.00250480919361419,0.00432033541172014,0.00446633255800241));
#5291=CARTESIAN_POINT('',(-0.00259942547058246,0.00423105708175197,0.00430015982799945));
#5292=CARTESIAN_POINT('',(-0.00269404174755073,0.0041417787517838,0.00413398709799649));
#5293=CARTESIAN_POINT('',(-0.00278431723186881,0.00405371626937969,0.00396358731878513));
#5294=CARTESIAN_POINT('',(-0.00286824090387597,0.00397020628885324,0.00378533691985749));
#5295=CARTESIAN_POINT('',(-0.00174621436310971,0.00505381784345091,0.00574520536331972));
#5296=CARTESIAN_POINT('',(-0.00195488229168924,0.00487088120863722,0.00544053337447116));
#5297=CARTESIAN_POINT('',(-0.00215875720363537,0.00468725245300907,0.00513251880241031));
#5298=CARTESIAN_POINT('',(-0.00235168270419334,0.00450489568473858,0.00481514489132034));
#5299=CARTESIAN_POINT('',(-0.00244814545447232,0.00441371730060333,0.00465645793577535));
#5300=CARTESIAN_POINT('',(-0.00254178502162841,0.00432287630566539,0.00449535217575401));
#5301=CARTESIAN_POINT('',(-0.00263116588413987,0.00423352053553771,0.0043300071747061));
#5302=CARTESIAN_POINT('',(-0.00272054674665133,0.00414416476541003,0.0041646621736582));
#5303=CARTESIAN_POINT('',(-0.00280560386451964,0.00405616040608364,0.00399510838563536));
#5304=CARTESIAN_POINT('',(-0.00288475252656087,0.00397274670445085,0.00381813945661119));
#5305=CARTESIAN_POINT('',(-0.00182442387853745,0.00505933183113688,0.00576415127132784));
#5306=CARTESIAN_POINT('',(-0.00202340530913509,0.00487562348279841,0.00546206247658005));
#5307=CARTESIAN_POINT('',(-0.00221721624067646,0.00469119088981493,0.00515646633515885));
#5308=CARTESIAN_POINT('',(-0.00239980026525812,0.00450826792050924,0.00484135857781323));
#5309=CARTESIAN_POINT('',(-0.00249109227754895,0.00441680643585639,0.00468380469914042));
#5310=CARTESIAN_POINT('',(-0.00257949402653705,0.00432575058850905,0.00452379168647039));
#5311=CARTESIAN_POINT('',(-0.00266372401594757,0.00423629730908875,0.00435960355767081));
#5312=CARTESIAN_POINT('',(-0.00274795400535809,0.00414684402966844,0.00419541542887123));
#5313=CARTESIAN_POINT('',(-0.00282793724577412,0.00405888566907942,0.00402706107329578));
#5314=CARTESIAN_POINT('',(-0.00290251363349402,0.00397552498993727,0.00385174496659796));
#5315=CARTESIAN_POINT('',(-0.00186352863625131,0.00506208882497987,0.0057736242253319));
#5316=CARTESIAN_POINT('',(-0.00205766681785801,0.004877994619879,0.0054728270276345));
#5317=CARTESIAN_POINT('',(-0.00224644575919701,0.00469316010821787,0.00516844010153312));
#5318=CARTESIAN_POINT('',(-0.0024238590457905,0.00450995403839457,0.00485446542105968));
#5319=CARTESIAN_POINT('',(-0.00251256568908725,0.00441835100348292,0.00469747808082296));
#5320=CARTESIAN_POINT('',(-0.00259834852899137,0.00432718772993089,0.00453801144182859));
#5321=CARTESIAN_POINT('',(-0.00268000308185142,0.00423768569586427,0.00437440174915316));
#5322=CARTESIAN_POINT('',(-0.00276165763471148,0.00414818366179765,0.00421079205647774));
#5323=CARTESIAN_POINT('',(-0.00283910393640135,0.00406024830057731,0.00404303741712599));
#5324=CARTESIAN_POINT('',(-0.00291139418696059,0.00397691413268049,0.00386854772159135));
#5325=CARTESIAN_POINT('',(-0.00190281512186026,0.00506504200783005,0.00578233793662587));
#5326=CARTESIAN_POINT('',(-0.00209210686323797,0.00488052424676448,0.00548298776682149));
#5327=CARTESIAN_POINT('',(-0.00227584240929725,0.00469525255368683,0.00517996137813985));
#5328=CARTESIAN_POINT('',(-0.0024480905058186,0.00451174175725437,0.00486727321909106));
#5329=CARTESIAN_POINT('',(-0.00253421455407927,0.00441998635903814,0.00471092913956666));
#5330=CARTESIAN_POINT('',(-0.00261738634919887,0.00432870859660621,0.00455208644795985));
#5331=CARTESIAN_POINT('',(-0.00269648654227645,0.00423915274762979,0.00438913743548645));
#5332=CARTESIAN_POINT('',(-0.00277558673535403,0.00414959689865337,0.00422618842301304));
#5333=CARTESIAN_POINT('',(-0.00285053217414453,0.00406168147733567,0.00405912180322386));
#5334=CARTESIAN_POINT('',(-0.00292058690261482,0.00397836302638589,0.00388555136591992));
#5335=CARTESIAN_POINT('',(-0.00194227105452633,0.00506823197927113,0.00579031667425799));
#5336=CARTESIAN_POINT('',(-0.00212671428731164,0.00488324223415756,0.0054925684833175));
#5337=CARTESIAN_POINT('',(-0.00230539466950549,0.00469748896819879,0.00519105122135179));
#5338=CARTESIAN_POINT('',(-0.0024724872530071,0.00451364679334104,0.00487979787561944));
#5339=CARTESIAN_POINT('',(-0.0025560335447579,0.00442172570591216,0.00472417120275326));
#5340=CARTESIAN_POINT('',(-0.00263660558840801,0.00433032486016032,0.00456602695839065));
#5341=CARTESIAN_POINT('',(-0.00271317737757432,0.0042407090121222,0.00440381730953861));
#5342=CARTESIAN_POINT('',(-0.00278974916674063,0.00415109316408409,0.00424160766068657));
#5343=CARTESIAN_POINT('',(-0.00286223621102534,0.00406319355005874,0.00407531338516485));
#5344=CARTESIAN_POINT('',(-0.00293011066810118,0.00397987974194646,0.00390274920774366));
#5345=CARTESIAN_POINT('',(-0.00196199902085936,0.00506982696499167,0.00579430604307405));
#5346=CARTESIAN_POINT('',(-0.00214401799934847,0.00488460122785411,0.00549735884156551));
#5347=CARTESIAN_POINT('',(-0.00232017079960962,0.00469860717545476,0.00519659614295776));
#5348=CARTESIAN_POINT('',(-0.00248468562660134,0.00451459931138437,0.00488606020388363));
#5349=CARTESIAN_POINT('',(-0.00256694304009721,0.00442259537934917,0.00473079223434656));
#5350=CARTESIAN_POINT('',(-0.00264621520801257,0.00433113299193737,0.00457299721360605));
#5351=CARTESIAN_POINT('',(-0.00272152279522325,0.00424148714436842,0.00441115724656469));
#5352=CARTESIAN_POINT('',(-0.00279683038243394,0.00415184129679945,0.00424931727952333));
#5353=CARTESIAN_POINT('',(-0.00286808822946575,0.00406394958642029,0.00408340917613534));
#5354=CARTESIAN_POINT('',(-0.00293487255084435,0.00398063809972674,0.00391134812865553));
#5355=CARTESIAN_POINT('',(-0.0019817694657107,0.00507148130200456,0.00579811166628112));
#5356=CARTESIAN_POINT('',(-0.00216136364046257,0.00488600741898069,0.00550200421400782));
#5357=CARTESIAN_POINT('',(-0.00233498587718319,0.00469976144424364,0.00520203323488264));
#5358=CARTESIAN_POINT('',(-0.00249692534361765,0.00451558120796629,0.00489225177327981));
#5359=CARTESIAN_POINT('',(-0.00257789507683488,0.00442349108982762,0.0047373610424784));
#5360=CARTESIAN_POINT('',(-0.00265587018529838,0.00433196500605632,0.00457993386701547));
#5361=CARTESIAN_POINT('',(-0.00272992005523058,0.00424228760861873,0.00441848324933498));
#5362=CARTESIAN_POINT('',(-0.00280396992516279,0.00415261021118113,0.0042570326316545));
#5363=CARTESIAN_POINT('',(-0.00287400918883594,0.00406472536865095,0.00409153177759807));
#5364=CARTESIAN_POINT('',(-0.00293971718320853,0.003981413434588,0.00391999561113474));
#5365=CARTESIAN_POINT('',(-0.00200158161476303,0.00507320112183258,0.00580173652130102));
#5366=CARTESIAN_POINT('',(-0.00217875037173319,0.00488746527285492,0.00550650768601435));
#5367=CARTESIAN_POINT('',(-0.00234983875626734,0.0047009548350332,0.00520736530938252));
#5368=CARTESIAN_POINT('',(-0.00250920562203246,0.00451659477771883,0.00489837474070469));
#5369=CARTESIAN_POINT('',(-0.00258888905491502,0.00442441474906164,0.00474387945636578));
#5370=CARTESIAN_POINT('',(-0.0026655703036324,0.00433282258120079,0.00458683834197637));
#5371=CARTESIAN_POINT('',(-0.0027383695238853,0.00424311191355851,0.00442579627495842));
#5372=CARTESIAN_POINT('',(-0.00281116874413821,0.00415340124591623,0.00426475420794047));
#5373=CARTESIAN_POINT('',(-0.00288000081789635,0.0040655220833547,0.00409968115859391));
#5374=CARTESIAN_POINT('',(-0.00294464685053866,0.00398220689363139,0.00392869089797076));
#5375=CARTESIAN_POINT('',(-0.0020114876892892,0.00507406103174659,0.00580354894881098));
#5376=CARTESIAN_POINT('',(-0.00218744373736849,0.00488819419979203,0.00550875942201762));
#5377=CARTESIAN_POINT('',(-0.00235726519580941,0.00470155153042799,0.00521003134663245));
#5378=CARTESIAN_POINT('',(-0.00251534576123986,0.00451710156259509,0.00490143622441713));
#5379=CARTESIAN_POINT('',(-0.00259438604395508,0.00442487657867864,0.00474713866330947));
#5380=CARTESIAN_POINT('',(-0.0026704203627994,0.00433325136877301,0.00459029057945682));
#5381=CARTESIAN_POINT('',(-0.00274259425821266,0.00424352406602839,0.00442945278777014));
#5382=CARTESIAN_POINT('',(-0.00281476815362592,0.00415379676328378,0.00426861499608345));
#5383=CARTESIAN_POINT('',(-0.00288299663242656,0.00406592044070658,0.00410375584909183));
#5384=CARTESIAN_POINT('',(-0.00294711168420373,0.00398260362315309,0.00393303854138877));
#5385=CARTESIAN_POINT('',(-0.00202140419828199,0.00507493732444818,0.00580531618333458));
#5386=CARTESIAN_POINT('',(-0.00219614738173621,0.00488893605075279,0.00551097568401358));
#5387=CARTESIAN_POINT('',(-0.00236470108899457,0.00470215801162097,0.00521267113146982));
#5388=CARTESIAN_POINT('',(-0.00252149604237605,0.00451761626948629,0.00490448055947684));
#5389=CARTESIAN_POINT('',(-0.0025998935190668,0.00442534539841895,0.00475038527348035));
#5390=CARTESIAN_POINT('',(-0.00267528170746973,0.00433368654906202,0.00459373477387366));
#5391=CARTESIAN_POINT('',(-0.00274683204465229,0.00424394218079327,0.00443310605761227));
#5392=CARTESIAN_POINT('',(-0.00281838238183485,0.00415419781252453,0.00427247734135087));
#5393=CARTESIAN_POINT('',(-0.00288601011383321,0.00406632403275772,0.00410783723529868));
#5394=CARTESIAN_POINT('',(-0.00294959777583441,0.00398300488523003,0.00393739813677149));
#5395=CARTESIAN_POINT('',(-0.00203133109744749,0.0050758308437736,0.0058070385895516));
#5396=CARTESIAN_POINT('',(-0.00220486123887741,0.00488969143718539,0.00551315686387288));
#5397=CARTESIAN_POINT('',(-0.00237214631303631,0.00470277469487507,0.00521528502732039));
#5398=CARTESIAN_POINT('',(-0.00252765637759402,0.00451813920882189,0.00490750802684968));
#5399=CARTESIAN_POINT('',(-0.00260541140987288,0.00442582146579529,0.00475361952661433));
#5400=CARTESIAN_POINT('',(-0.00268015431212263,0.00433412834742126,0.00459717111272972));
#5401=CARTESIAN_POINT('',(-0.00275108292876255,0.00424436645979343,0.00443675621227372));
#5402=CARTESIAN_POINT('',(-0.00282201154540247,0.00415460457216559,0.00427634131181772));
#5403=CARTESIAN_POINT('',(-0.00288904147495824,0.00406673301772474,0.00411192531848306));
#5404=CARTESIAN_POINT('',(-0.00295210540650578,0.00398341083261292,0.00394176959492125));
#5405=CARTESIAN_POINT('',(-0.00204125799661299,0.00507672436309902,0.00580876099576861));
#5406=CARTESIAN_POINT('',(-0.0022135750960186,0.00489044682361799,0.00551533804373219));
#5407=CARTESIAN_POINT('',(-0.00237959153707806,0.00470339137812918,0.00521789892317096));
#5408=CARTESIAN_POINT('',(-0.002533816712812,0.00451866214815749,0.00491053549422253));
#5409=CARTESIAN_POINT('',(-0.00261092930067897,0.00442629753317164,0.00475685377974831));
#5410=CARTESIAN_POINT('',(-0.00268502691677553,0.00433457014578051,0.00460060745158578));
#5411=CARTESIAN_POINT('',(-0.00275533381287281,0.00424479073879358,0.00444040636693517));
#5412=CARTESIAN_POINT('',(-0.00282564070897009,0.00415501133180667,0.00428020528228456));
#5413=CARTESIAN_POINT('',(-0.00289207283608326,0.00406714200269177,0.00411601340166744));
#5414=CARTESIAN_POINT('',(-0.00295461303717715,0.00398381677999581,0.00394614105307101));
#5415=CARTESIAN_POINT('',(-0.00205295773100008,0.00507818695204429,0.00581134081916283));
#5416=CARTESIAN_POINT('',(-0.00222374888240486,0.00489159866164372,0.00551827168333683));
#5417=CARTESIAN_POINT('',(-0.00238811839505583,0.00470423060005192,0.00522111476384783));
#5418=CARTESIAN_POINT('',(-0.00254065947932083,0.00451929722387944,0.0049139584621528));
#5419=CARTESIAN_POINT('',(-0.00261693002145333,0.00442683053579321,0.00476038031130528));
#5420=CARTESIAN_POINT('',(-0.00269017896310302,0.00433503131464857,0.00460421875040191));
#5421=CARTESIAN_POINT('',(-0.00275968746667848,0.00424522398643295,0.00444411546755705));
#5422=CARTESIAN_POINT('',(-0.00282919597025393,0.00415541665821733,0.00428401218471218));
#5423=CARTESIAN_POINT('',(-0.00289488069843817,0.00406756940255394,0.00411992797628308));
#5424=CARTESIAN_POINT('',(-0.00295683271404286,0.00398427318104668,0.00395027473260103));
#5425=CARTESIAN_POINT('',(-0.00206114295780633,0.0050785639811898,0.00581207168134076));
#5426=CARTESIAN_POINT('',(-0.00223103341005965,0.00489199885262928,0.00551959555267208));
#5427=CARTESIAN_POINT('',(-0.00239450986930692,0.00470465579116994,0.00522304941944884));
#5428=CARTESIAN_POINT('',(-0.00254616746461025,0.00451973305139192,0.00491654011469757));
#5429=CARTESIAN_POINT('',(-0.00262199626226192,0.00442727168150291,0.00476328546232194));
#5430=CARTESIAN_POINT('',(-0.00269480588163998,0.00433547383304287,0.0046074567567469));
#5431=CARTESIAN_POINT('',(-0.0027638749195705,0.00424565800086221,0.00444769746414136));
#5432=CARTESIAN_POINT('',(-0.00283294395750102,0.00415584216868153,0.00428793817153581));
#5433=CARTESIAN_POINT('',(-0.00289818940818293,0.00406797631652274,0.00412420966381449));
#5434=CARTESIAN_POINT('',(-0.00295969319370866,0.00398464288992747,0.00395491947227444));
#5435=CARTESIAN_POINT('',(-0.0021030513190543,0.00508049437041481,0.0058158136956918));
#5436=CARTESIAN_POINT('',(-0.00226833019165226,0.00489404783047538,0.00552637376366851));
#5437=CARTESIAN_POINT('',(-0.00242723421747247,0.0047068327696942,0.00523295485612601));
#5438=CARTESIAN_POINT('',(-0.00257436834929207,0.00452196448825582,0.00492975817572681));
#5439=CARTESIAN_POINT('',(-0.00264793541520187,0.00442953034753663,0.00477815983552722));
#5440=CARTESIAN_POINT('',(-0.00271849570454917,0.0043377395272217,0.00462403534923328));
#5441=CARTESIAN_POINT('',(-0.00278531467837763,0.00424788015474,0.00446603728665303));
#5442=CARTESIAN_POINT('',(-0.00285213365220609,0.00415802078225828,0.00430803922407276));
#5443=CARTESIAN_POINT('',(-0.00291513000207613,0.00407005971604302,0.00414613190397538));
#5444=CARTESIAN_POINT('',(-0.00297433884959758,0.0039865357993971,0.00397870053940232));
#5445=CARTESIAN_POINT('',(-0.00214495968030227,0.00508242475963981,0.00581955571004284));
#5446=CARTESIAN_POINT('',(-0.00230562697324485,0.00489609680832148,0.00553315197466494));
#5447=CARTESIAN_POINT('',(-0.00245995856563804,0.00470900974821845,0.00524286029280318));
#5448=CARTESIAN_POINT('',(-0.00260256923397389,0.00452419592511971,0.00494297623675606));
#5449=CARTESIAN_POINT('',(-0.00267387456814182,0.00443178901357035,0.00479303420873249));
#5450=CARTESIAN_POINT('',(-0.00274218552745838,0.00434000522140052,0.00464061394171966));
#5451=CARTESIAN_POINT('',(-0.00280675443718476,0.00425010230861779,0.00448437710916469));
#5452=CARTESIAN_POINT('',(-0.00287132334691115,0.00416019939583503,0.00432814027660973));
#5453=CARTESIAN_POINT('',(-0.00293207059596932,0.00407214311556331,0.00416805414413627));
#5454=CARTESIAN_POINT('',(-0.0029889845054865,0.00398842870886674,0.0040024816065302));
#5455=CARTESIAN_POINT('',(-0.00218686804155024,0.00508435514886482,0.00582329772439387));
#5456=CARTESIAN_POINT('',(-0.00234292375483745,0.00489814578616758,0.00553993018566138));
#5457=CARTESIAN_POINT('',(-0.0024926829138036,0.0047111867267427,0.00525276572948036));
#5458=CARTESIAN_POINT('',(-0.00263077011865572,0.00452642736198361,0.0049561942977853));
#5459=CARTESIAN_POINT('',(-0.00269981372108177,0.00443404767960406,0.00480790858193777));
#5460=CARTESIAN_POINT('',(-0.00276587535036758,0.00434227091557936,0.00465719253420604));
#5461=CARTESIAN_POINT('',(-0.0028281941959919,0.00425232446249559,0.00450271693167637));
#5462=CARTESIAN_POINT('',(-0.00289051304161622,0.00416237800941179,0.00434824132914669));
#5463=CARTESIAN_POINT('',(-0.00294901118986252,0.00407422651508359,0.00418997638429716));
#5464=CARTESIAN_POINT('',(-0.00300363016137542,0.00399032161833637,0.00402626267365809));
#5465=CARTESIAN_POINT('',(-0.00429650666873144,0.00580202543450713,0.00225539885908798));
#5466=CARTESIAN_POINT('',(-0.00664086834646846,0.0062,-0.00609442839613556));
#5467=CARTESIAN_POINT('',(0.,0.000762,0.));
#5468=CARTESIAN_POINT('',(0.0197148530673531,0.000762,-0.0114409102466515));
#5469=CARTESIAN_POINT('',(0.0197148530673531,0.000762,-0.0125839102466515));
#5470=CARTESIAN_POINT('',(-0.0197631469326469,0.000762,0.0114680897533486));
#5471=CARTESIAN_POINT('',(-0.0197631469326469,0.000762,0.0103250897533486));
#5472=CARTESIAN_POINT('',(-0.0197631469326469,0.000762,0.0114680897533486));
#5473=CARTESIAN_POINT('',(-0.0197631469326469,0.000762,0.00826358975334857));
#5474=CARTESIAN_POINT('',(-0.0197631469326469,0.000762,0.0146725897533486));
#5475=CARTESIAN_POINT('',(-2.41469326468305E-5,0.000762,0.0146725897533485));
#5476=CARTESIAN_POINT('',(0.0197148530673531,0.000762,0.0146725897533485));
#5477=CARTESIAN_POINT('',(0.0197148530673531,0.000762,0.0114680897533485));
#5478=CARTESIAN_POINT('',(0.0197148530673531,0.000762,0.00826358975334854));
#5479=CARTESIAN_POINT('',(0.0171748530673531,0.000762,0.00826358975334854));
#5480=CARTESIAN_POINT('',(0.0146348530673532,0.000762,0.00826358975334855));
#5481=CARTESIAN_POINT('',(0.0146348530673532,0.000762,1.35897533485429E-5));
#5482=CARTESIAN_POINT('',(0.0146348530673532,0.000762,-0.00823641024665146));
#5483=CARTESIAN_POINT('',(0.0171748530673531,0.000762,-0.00823641024665146));
#5484=CARTESIAN_POINT('',(0.0197148530673531,0.000762,-0.00823641024665146));
#5485=CARTESIAN_POINT('',(0.0197148530673531,0.000762,-0.0114409102466515));
#5486=CARTESIAN_POINT('',(0.0197148530673531,0.000762,-0.0146454102466515));
#5487=CARTESIAN_POINT('',(-2.41469326468305E-5,0.000762,-0.0146454102466514));
#5488=CARTESIAN_POINT('',(-0.0197631469326469,0.000762,-0.0146454102466514));
#5489=CARTESIAN_POINT('',(-0.0197631469326469,0.000762,-0.0114409102466514));
#5490=CARTESIAN_POINT('',(-0.0197631469326469,0.000762,-0.00823641024665145));
#5491=CARTESIAN_POINT('',(-0.0172231469326469,0.000762,-0.00823641024665145));
#5492=CARTESIAN_POINT('',(-0.0146831469326469,0.000762,-0.00823641024665145));
#5493=CARTESIAN_POINT('',(-0.0146831469326469,0.000762,1.35897533485602E-5));
#5494=CARTESIAN_POINT('',(-0.0146831469326469,0.000762,0.00826358975334857));
#5495=CARTESIAN_POINT('',(-0.0172231469326469,0.000762,0.00826358975334857));
#5496=CARTESIAN_POINT('',(-0.0197631469326469,0.000762,-0.0114409102466514));
#5497=CARTESIAN_POINT('',(-0.0197631469326469,0.000762,-0.0125839102466514));
#5498=CARTESIAN_POINT('',(0.0197148530673531,0.000762,0.0114680897533485));
#5499=CARTESIAN_POINT('',(0.0197148530673531,0.000762,0.0103250897533485));
#5500=CARTESIAN_POINT('',(-0.009375,-0.000762,0.0065));
#5501=CARTESIAN_POINT('',(-0.0197631469326469,-0.000762,0.0114680897533486));
#5502=CARTESIAN_POINT('',(-0.0197631469326469,-0.000762,0.0103250897533486));
#5503=CARTESIAN_POINT('',(-0.0197631469326469,-0.000762,-0.0114409102466514));
#5504=CARTESIAN_POINT('',(-0.0197631469326469,-0.000762,-0.0125839102466514));
#5505=CARTESIAN_POINT('',(0.0197148530673531,-0.000762,-0.0114409102466515));
#5506=CARTESIAN_POINT('',(0.0197148530673531,-0.000762,-0.0125839102466515));
#5507=CARTESIAN_POINT('',(0.0197148530673531,-0.000762,0.0114680897533485));
#5508=CARTESIAN_POINT('',(0.0197148530673531,-0.000762,0.0103250897533485));
#5509=CARTESIAN_POINT('',(-0.0197631469326469,-0.000762,0.0114680897533486));
#5510=CARTESIAN_POINT('',(-0.0197631469326469,-0.000762,0.0146725897533486));
#5511=CARTESIAN_POINT('',(-0.0197631469326469,-0.000762,0.00826358975334857));
#5512=CARTESIAN_POINT('',(-0.0172231469326469,-0.000762,0.00826358975334857));
#5513=CARTESIAN_POINT('',(-0.0146831469326469,-0.000762,0.00826358975334857));
#5514=CARTESIAN_POINT('',(-0.0146831469326469,-0.000762,1.35897533485602E-5));
#5515=CARTESIAN_POINT('',(-0.0146831469326469,-0.000762,-0.00823641024665145));
#5516=CARTESIAN_POINT('',(-0.0172231469326469,-0.000762,-0.00823641024665145));
#5517=CARTESIAN_POINT('',(-0.0197631469326469,-0.000762,-0.00823641024665145));
#5518=CARTESIAN_POINT('',(-0.0197631469326469,-0.000762,-0.0114409102466514));
#5519=CARTESIAN_POINT('',(-0.0197631469326469,-0.000762,-0.0146454102466514));
#5520=CARTESIAN_POINT('',(-2.41469326468305E-5,-0.000762,-0.0146454102466514));
#5521=CARTESIAN_POINT('',(0.0197148530673531,-0.000762,-0.0146454102466515));
#5522=CARTESIAN_POINT('',(0.0197148530673531,-0.000762,-0.0114409102466515));
#5523=CARTESIAN_POINT('',(0.0197148530673531,-0.000762,-0.00823641024665146));
#5524=CARTESIAN_POINT('',(0.0171748530673531,-0.000762,-0.00823641024665146));
#5525=CARTESIAN_POINT('',(0.0146348530673532,-0.000762,-0.00823641024665146));
#5526=CARTESIAN_POINT('',(0.0146348530673532,-0.000762,1.35897533485429E-5));
#5527=CARTESIAN_POINT('',(0.0146348530673532,-0.000762,0.00826358975334855));
#5528=CARTESIAN_POINT('',(0.0171748530673531,-0.000762,0.00826358975334854));
#5529=CARTESIAN_POINT('',(0.0197148530673531,-0.000762,0.00826358975334854));
#5530=CARTESIAN_POINT('',(0.0197148530673531,-0.000762,0.0114680897533485));
#5531=CARTESIAN_POINT('',(0.0197148530673531,-0.000762,0.0146725897533485));
#5532=CARTESIAN_POINT('',(-2.41469326468305E-5,-0.000762,0.0146725897533485));
#5533=CARTESIAN_POINT('',(-2.41469326468305E-5,0.000764,0.0146725897533485));
#5534=CARTESIAN_POINT('',(-0.0197631469326469,0.000764,0.0146725897533486));
#5535=CARTESIAN_POINT('',(0.0197148530673531,0.000764,0.0146725897533485));
#5536=CARTESIAN_POINT('',(0.0197148530673531,0.000764,0.0114680897533485));
#5537=CARTESIAN_POINT('',(0.0197148530673531,0.000764,0.00826358975334854));
#5538=CARTESIAN_POINT('',(0.0171748530673531,0.000764,0.00826358975334854));
#5539=CARTESIAN_POINT('',(0.0146348530673532,0.000764,0.00826358975334855));
#5540=CARTESIAN_POINT('',(0.0146348530673532,0.000764,1.35897533485429E-5));
#5541=CARTESIAN_POINT('',(0.0146348530673532,0.000764,-0.00823641024665146));
#5542=CARTESIAN_POINT('',(0.0171748530673531,0.000764,-0.00823641024665146));
#5543=CARTESIAN_POINT('',(0.0197148530673531,0.000764,-0.00823641024665146));
#5544=CARTESIAN_POINT('',(0.0197148530673531,0.000764,-0.0114409102466515));
#5545=CARTESIAN_POINT('',(0.0197148530673531,0.000764,-0.0146454102466515));
#5546=CARTESIAN_POINT('',(-2.41469326468305E-5,0.000764,-0.0146454102466514));
#5547=CARTESIAN_POINT('',(-0.0197631469326469,0.000764,-0.0146454102466514));
#5548=CARTESIAN_POINT('',(-0.0197631469326469,0.000764,-0.0114409102466514));
#5549=CARTESIAN_POINT('',(-0.0197631469326469,0.000764,-0.00823641024665145));
#5550=CARTESIAN_POINT('',(-0.0172231469326469,0.000764,-0.00823641024665145));
#5551=CARTESIAN_POINT('',(-0.0146831469326469,0.000764,-0.00823641024665145));
#5552=CARTESIAN_POINT('',(-0.0146831469326469,0.000764,1.35897533485602E-5));
#5553=CARTESIAN_POINT('',(-0.0146831469326469,0.000764,0.00826358975334857));
#5554=CARTESIAN_POINT('',(-0.0172231469326469,0.000764,0.00826358975334857));
#5555=CARTESIAN_POINT('',(-0.0197631469326469,0.000764,0.00826358975334857));
#5556=CARTESIAN_POINT('',(-0.0197631469326469,0.000764,0.0114680897533486));
#5557=CARTESIAN_POINT('',(0.0197148530673531,0.000764,0.0114680897533485));
#5558=CARTESIAN_POINT('',(0.0197148530673531,0.000764,-0.0114409102466515));
#5559=CARTESIAN_POINT('',(-0.0197631469326469,0.000764,-0.0114409102466514));
#5560=CARTESIAN_POINT('',(-0.0197631469326469,0.000764,0.0114680897533486));
#5561=MECHANICAL_DESIGN_GEOMETRIC_PRESENTATION_REPRESENTATION('',(#1778),
#5562);
#5562=(
GEOMETRIC_REPRESENTATION_CONTEXT(3)
GLOBAL_UNCERTAINTY_ASSIGNED_CONTEXT((#5563))
GLOBAL_UNIT_ASSIGNED_CONTEXT((#5566,#5565,#5564))
REPRESENTATION_CONTEXT('MTF-02P-V1.2 case','TOP_LEVEL_ASSEMBLY_PART')
);
#5563=UNCERTAINTY_MEASURE_WITH_UNIT(LENGTH_MEASURE(2.E-5),#5566,
'DISTANCE_ACCURACY_VALUE','Maximum Tolerance applied to model');
#5564=(
NAMED_UNIT(*)
SI_UNIT($,.STERADIAN.)
SOLID_ANGLE_UNIT()
);
#5565=(
NAMED_UNIT(*)
PLANE_ANGLE_UNIT()
SI_UNIT($,.RADIAN.)
);
#5566=(
LENGTH_UNIT()
NAMED_UNIT(*)
SI_UNIT($,.METRE.)
);
#5567=PRODUCT_DEFINITION_SHAPE('','',#5568);
#5568=PRODUCT_DEFINITION('','',#5570,#5569);
#5569=PRODUCT_DEFINITION_CONTEXT('',#5576,'design');
#5570=PRODUCT_DEFINITION_FORMATION_WITH_SPECIFIED_SOURCE('','',#5572,
 .NOT_KNOWN.);
#5571=PRODUCT_RELATED_PRODUCT_CATEGORY('','',(#5572));
#5572=PRODUCT('MTF-02P-V1.2 case','MTF-02P-V1.2 case',
'MTF-02P-V1.2 case',(#5574));
#5573=PRODUCT_CATEGORY('','');
#5574=PRODUCT_CONTEXT('',#5576,'mechanical');
#5575=APPLICATION_PROTOCOL_DEFINITION('international standard',
'ap242_managed_model_based_3d_engineering',2020,#5576);
#5576=APPLICATION_CONTEXT('managed model based 3d engineering');
ENDSEC;
END-ISO-10303-21;
