ISO-10303-21;
HEADER;
/* Generated by software containing ST-Developer
 * from STEP Tools, Inc. (www.steptools.com) 
 */
/* OPTION: using custom renumber hook */

FILE_DESCRIPTION(
/* description */ ('STEP AP242 Edition 2',
'CAx-IF Rec.Pracs.---Representation and Presentation of Product Manufa
cturing Information (PMI)---4.0---2014-10-13',
'CAx-IF Rec.Pracs.---3D Tessellated Geometry---0.4---2014-09-14','2;1',
'CAx-IF Rec.Pracs.---User Defined Attributes---1.5---2016-08-15'),
/* implementation_level */ '2;1');

FILE_NAME(
/* name */ 'DEXI 3 Antenna v3 - DEXI 3 Antenna v3',
/* time_stamp */ '2026-08-25T18:23:24Z',
/* author */ (''),
/* organization */ (''),
/* preprocessor_version */ 'ST-DEVELOPER v20',
/* originating_system */ 'ONSHAPE BY PTC INC, 1.219',
/* authorisation */ '  ');

FILE_SCHEMA (('AP242_MANAGED_MODEL_BASED_3D_ENGINEERING_MIM_LF { 1 0 10303 442 3 1 4 }'));
ENDSEC;

DATA;
#10=SHAPE_REPRESENTATION_RELATIONSHIP('','',#4990,#11);
#11=ADVANCED_BREP_SHAPE_REPRESENTATION('',(#4988),#9299);
#12=DEGENERATE_TOROIDAL_SURFACE('',#5396,0.000634999999999972,0.000635,
 .T.);
#13=DEGENERATE_TOROIDAL_SURFACE('',#5416,0.000634999999999979,0.000635,
 .T.);
#14=(
BOUNDED_SURFACE()
B_SPLINE_SURFACE(3,2,((#8186,#8187,#8188),(#8189,#8190,#8191),(#8192,#8193,
#8194),(#8195,#8196,#8197)),.UNSPECIFIED.,.F.,.F.,.F.)
B_SPLINE_SURFACE_WITH_KNOTS((4,4),(3,3),(3.90312782094782E-18,0.00156117815589275),
(0.,1.),.UNSPECIFIED.)
GEOMETRIC_REPRESENTATION_ITEM()
RATIONAL_B_SPLINE_SURFACE(((1.,0.707106781186561,1.),(1.,0.774526490808205,
1.),(1.,0.842714815039327,1.),(1.,0.89487271984209,1.)))
REPRESENTATION_ITEM('')
SURFACE()
);
#15=(
BOUNDED_SURFACE()
B_SPLINE_SURFACE(3,2,((#8227,#8228,#8229),(#8230,#8231,#8232),(#8233,#8234,
#8235),(#8236,#8237,#8238)),.UNSPECIFIED.,.F.,.F.,.F.)
B_SPLINE_SURFACE_WITH_KNOTS((4,4),(3,3),(9.75781955236954E-19,0.00156117815589311),
(0.,1.),.UNSPECIFIED.)
GEOMETRIC_REPRESENTATION_ITEM()
RATIONAL_B_SPLINE_SURFACE(((1.,0.70710678118656,1.),(1.,0.774526490798169,
1.),(1.,0.842714814746007,1.),(1.,0.894872719842508,1.)))
REPRESENTATION_ITEM('')
SURFACE()
);
#16=(
BOUNDED_SURFACE()
B_SPLINE_SURFACE(3,2,((#8467,#8468,#8469),(#8470,#8471,#8472),(#8473,#8474,
#8475),(#8476,#8477,#8478)),.UNSPECIFIED.,.F.,.F.,.F.)
B_SPLINE_SURFACE_WITH_KNOTS((4,4),(3,3),(0.00286279501622192,0.00335143282283719),
(0.,1.),.UNSPECIFIED.)
GEOMETRIC_REPRESENTATION_ITEM()
RATIONAL_B_SPLINE_SURFACE(((1.,0.70710678118656,1.),(1.,0.742866018454899,
1.),(1.,0.780149721383079,1.),(1.,0.816002951411808,1.)))
REPRESENTATION_ITEM('')
SURFACE()
);
#17=(
BOUNDED_SURFACE()
B_SPLINE_SURFACE(3,2,((#8483,#8484,#8485),(#8486,#8487,#8488),(#8489,#8490,
#8491),(#8492,#8493,#8494)),.UNSPECIFIED.,.F.,.F.,.F.)
B_SPLINE_SURFACE_WITH_KNOTS((4,4),(3,3),(0.00286279501622193,0.00335143264182683),
(0.,1.),.UNSPECIFIED.)
GEOMETRIC_REPRESENTATION_ITEM()
RATIONAL_B_SPLINE_SURFACE(((1.,0.70710678118656,1.),(1.,0.742866005209895,
1.),(1.,0.780149693762077,1.),(1.,0.816002911567556,1.)))
REPRESENTATION_ITEM('')
SURFACE()
);
#18=(
BOUNDED_SURFACE()
B_SPLINE_SURFACE(3,2,((#8528,#8529,#8530),(#8531,#8532,#8533),(#8534,#8535,
#8536),(#8537,#8538,#8539)),.UNSPECIFIED.,.F.,.F.,.F.)
B_SPLINE_SURFACE_WITH_KNOTS((4,4),(3,3),(0.00362625630788566,0.00430875311326823),
(0.,1.),.UNSPECIFIED.)
GEOMETRIC_REPRESENTATION_ITEM()
RATIONAL_B_SPLINE_SURFACE(((1.,0.707106781186557,1.),(1.,0.757507247545076,
1.),(1.,0.801714567329715,1.),(1.,0.842391907233965,1.)))
REPRESENTATION_ITEM('')
SURFACE()
);
#19=(
BOUNDED_SURFACE()
B_SPLINE_SURFACE(3,2,((#8541,#8542,#8543),(#8544,#8545,#8546),(#8547,#8548,
#8549),(#8550,#8551,#8552)),.UNSPECIFIED.,.F.,.F.,.F.)
B_SPLINE_SURFACE_WITH_KNOTS((4,4),(3,3),(0.00362625630788517,0.00430875333949929),
(0.,1.),.UNSPECIFIED.)
GEOMETRIC_REPRESENTATION_ITEM()
RATIONAL_B_SPLINE_SURFACE(((1.,0.707106781186567,1.),(1.,0.757507264254146,
1.),(1.,0.801714596640984,1.),(1.,0.842391947684761,1.)))
REPRESENTATION_ITEM('')
SURFACE()
);
#20=(
BOUNDED_SURFACE()
B_SPLINE_SURFACE(3,2,((#8558,#8559,#8560),(#8561,#8562,#8563),(#8564,#8565,
#8566),(#8567,#8568,#8569)),.UNSPECIFIED.,.F.,.F.,.F.)
B_SPLINE_SURFACE_WITH_KNOTS((4,4),(3,3),(-3.64291929955129E-17,0.00261273355577709),
(0.,1.),.UNSPECIFIED.)
GEOMETRIC_REPRESENTATION_ITEM()
RATIONAL_B_SPLINE_SURFACE(((1.,0.707106781186548,1.),(1.,0.773792400510702,
1.),(1.,0.830662239634498,1.),(1.,0.886782542116831,1.)))
REPRESENTATION_ITEM('')
SURFACE()
);
#21=(
BOUNDED_SURFACE()
B_SPLINE_SURFACE(3,2,((#8601,#8602,#8603),(#8604,#8605,#8606),(#8607,#8608,
#8609),(#8610,#8611,#8612)),.UNSPECIFIED.,.F.,.F.,.F.)
B_SPLINE_SURFACE_WITH_KNOTS((4,4),(3,3),(4.97648797170847E-17,0.00261273339965994),
(0.,1.),.UNSPECIFIED.)
GEOMETRIC_REPRESENTATION_ITEM()
RATIONAL_B_SPLINE_SURFACE(((1.,0.707106781186555,1.),(1.,0.773792396516936,
1.),(1.,0.830662232847672,1.),(1.,0.886782532057028,1.)))
REPRESENTATION_ITEM('')
SURFACE()
);
#22=(
BOUNDED_SURFACE()
B_SPLINE_SURFACE(3,2,((#8619,#8620,#8621),(#8622,#8623,#8624),(#8625,#8626,
#8627),(#8628,#8629,#8630),(#8631,#8632,#8633),(#8634,#8635,#8636)),
 .UNSPECIFIED.,.F.,.F.,.F.)
B_SPLINE_SURFACE_WITH_KNOTS((4,1,1,4),(3,3),(6.28318530717959,6.67588438887831,
7.06858347057703,7.85398097145215),(0.,1.),.UNSPECIFIED.)
GEOMETRIC_REPRESENTATION_ITEM()
RATIONAL_B_SPLINE_SURFACE(((1.,0.707106781186561,1.),(1.,0.707106781414851,
1.),(1.,0.746332197531584,1.),(1.,0.911046338828967,1.),(1.,0.999999899909781,
1.),(1.,0.999999999999873,1.)))
REPRESENTATION_ITEM('')
SURFACE()
);
#23=(
BOUNDED_SURFACE()
B_SPLINE_SURFACE(3,2,((#8649,#8650,#8651),(#8652,#8653,#8654),(#8655,#8656,
#8657),(#8658,#8659,#8660),(#8661,#8662,#8663),(#8664,#8665,#8666)),
 .UNSPECIFIED.,.F.,.F.,.F.)
B_SPLINE_SURFACE_WITH_KNOTS((4,1,1,4),(3,3),(1.5707963267949,2.35619449019234,
2.74889357189107,3.14159265358979),(0.,1.),.UNSPECIFIED.)
GEOMETRIC_REPRESENTATION_ITEM()
RATIONAL_B_SPLINE_SURFACE(((1.,1.,1.),(1.,0.999999999958817,1.),(1.,0.911046408301893,
1.),(1.,0.74633219753055,1.),(1.,0.707106781417086,1.),(1.,0.707106781186548,
1.)))
REPRESENTATION_ITEM('')
SURFACE()
);
#24=(
BOUNDED_SURFACE()
B_SPLINE_SURFACE(3,2,((#8954,#8955,#8956),(#8957,#8958,#8959),(#8960,#8961,
#8962),(#8963,#8964,#8965)),.UNSPECIFIED.,.F.,.F.,.F.)
B_SPLINE_SURFACE_WITH_KNOTS((4,4),(3,3),(0.563072884728528,1.5707963267949),
(0.,0.694485902285169),.PIECEWISE_BEZIER_KNOTS.)
GEOMETRIC_REPRESENTATION_ITEM()
RATIONAL_B_SPLINE_SURFACE(((1.,0.935345100452763,0.960494033403966),(1.,
0.909164473177144,0.944496931964528),(1.,0.859495102876917,0.914147546261852),
(1.,0.796589788659112,0.875710625632411)))
REPRESENTATION_ITEM('')
SURFACE()
);
#25=(
BOUNDED_SURFACE()
B_SPLINE_SURFACE(3,2,((#8983,#8984,#8985),(#8986,#8987,#8988),(#8989,#8990,
#8991),(#8992,#8993,#8994)),.UNSPECIFIED.,.F.,.F.,.F.)
B_SPLINE_SURFACE_WITH_KNOTS((4,4),(3,3),(1.5707963267949,2.57851976886117),
(0.,0.69448590228507),.PIECEWISE_BEZIER_KNOTS.)
GEOMETRIC_REPRESENTATION_ITEM()
RATIONAL_B_SPLINE_SURFACE(((1.,0.796589788659138,0.875710625632387),(1.,
0.859495102877005,0.914147546261878),(1.,0.90916447317708,0.944496931964471),
(1.,0.935345100452761,0.960494033403952)))
REPRESENTATION_ITEM('')
SURFACE()
);
#26=(
BOUNDED_SURFACE()
B_SPLINE_SURFACE(3,2,((#9143,#9144,#9145),(#9146,#9147,#9148),(#9149,#9150,
#9151),(#9152,#9153,#9154)),.UNSPECIFIED.,.F.,.F.,.F.)
B_SPLINE_SURFACE_WITH_KNOTS((4,4),(3,3),(0.00304678495691792,0.00393797141328305),
(0.,1.),.PIECEWISE_BEZIER_KNOTS.)
GEOMETRIC_REPRESENTATION_ITEM()
RATIONAL_B_SPLINE_SURFACE(((1.,0.839053144479149,1.),(1.,0.880998347161479,
1.),(1.,0.899827654301794,1.),(1.,0.876182569591937,1.)))
REPRESENTATION_ITEM('')
SURFACE()
);
#27=(
BOUNDED_SURFACE()
B_SPLINE_SURFACE(3,2,((#9166,#9167,#9168),(#9169,#9170,#9171),(#9172,#9173,
#9174),(#9175,#9176,#9177)),.UNSPECIFIED.,.F.,.F.,.F.)
B_SPLINE_SURFACE_WITH_KNOTS((4,4),(3,3),(3.88144377749811E-17,0.000960755943300651),
(0.,1.),.PIECEWISE_BEZIER_KNOTS.)
GEOMETRIC_REPRESENTATION_ITEM()
RATIONAL_B_SPLINE_SURFACE(((1.,0.707106781186558,1.),(1.,0.768275975071091,
1.),(1.,0.807922514392389,1.),(1.,0.83905314447916,1.)))
REPRESENTATION_ITEM('')
SURFACE()
);
#28=(
BOUNDED_SURFACE()
B_SPLINE_SURFACE(3,2,((#9182,#9183,#9184),(#9185,#9186,#9187),(#9188,#9189,
#9190),(#9191,#9192,#9193)),.UNSPECIFIED.,.F.,.F.,.F.)
B_SPLINE_SURFACE_WITH_KNOTS((4,4),(3,3),(-5.54569411226336E-17,0.000960755943300583),
(0.,1.),.PIECEWISE_BEZIER_KNOTS.)
GEOMETRIC_REPRESENTATION_ITEM()
RATIONAL_B_SPLINE_SURFACE(((1.,0.707106781186532,1.),(1.,0.768275975073283,
1.),(1.,0.807922514397383,1.),(1.,0.839053144479143,1.)))
REPRESENTATION_ITEM('')
SURFACE()
);
#29=(
BOUNDED_SURFACE()
B_SPLINE_SURFACE(3,2,((#9202,#9203,#9204),(#9205,#9206,#9207),(#9208,#9209,
#9210),(#9211,#9212,#9213)),.UNSPECIFIED.,.F.,.F.,.F.)
B_SPLINE_SURFACE_WITH_KNOTS((4,4),(3,3),(0.00203905494210029,0.00292953763853295),
(0.,1.),.PIECEWISE_BEZIER_KNOTS.)
GEOMETRIC_REPRESENTATION_ITEM()
RATIONAL_B_SPLINE_SURFACE(((1.,0.876184676695903,1.),(1.,0.899702986166001,
1.),(1.,0.881058359351485,1.),(1.,0.839053144479146,1.)))
REPRESENTATION_ITEM('')
SURFACE()
);
#30=(
BOUNDED_SURFACE()
B_SPLINE_SURFACE(3,2,((#9222,#9223,#9224),(#9225,#9226,#9227),(#9228,#9229,
#9230),(#9231,#9232,#9233),(#9234,#9235,#9236)),.UNSPECIFIED.,.F.,.F.,.F.)
B_SPLINE_SURFACE_WITH_KNOTS((4,1,4),(3,3),(0.00206008910352064,0.00258636980962287,
0.0031126505157251),(0.,1.),.UNSPECIFIED.)
GEOMETRIC_REPRESENTATION_ITEM()
RATIONAL_B_SPLINE_SURFACE(((1.,0.885614431769484,1.),(1.,0.899710958692508,
1.),(1.,0.901125702848093,1.),(1.,0.850155579011021,1.),(1.,0.821921334146122,
1.)))
REPRESENTATION_ITEM('')
SURFACE()
);
#31=(
BOUNDED_SURFACE()
B_SPLINE_SURFACE(3,2,((#9243,#9244,#9245),(#9246,#9247,#9248),(#9249,#9250,
#9251),(#9252,#9253,#9254)),.UNSPECIFIED.,.F.,.F.,.F.)
B_SPLINE_SURFACE_WITH_KNOTS((4,4),(3,3),(4.70543742858709E-17,0.0011647041740503),
(0.,1.),.PIECEWISE_BEZIER_KNOTS.)
GEOMETRIC_REPRESENTATION_ITEM()
RATIONAL_B_SPLINE_SURFACE(((1.,0.707106781186563,1.),(1.,0.781172791127705,
1.),(1.,0.828223057645414,1.),(1.,0.855842087652086,1.)))
REPRESENTATION_ITEM('')
SURFACE()
);
#32=(
BOUNDED_SURFACE()
B_SPLINE_SURFACE(3,2,((#9261,#9262,#9263),(#9264,#9265,#9266),(#9267,#9268,
#9269),(#9270,#9271,#9272)),.UNSPECIFIED.,.F.,.F.,.F.)
B_SPLINE_SURFACE_WITH_KNOTS((4,4),(3,3),(-1.36609473733174E-17,0.00079882220941868),
(0.,1.),.PIECEWISE_BEZIER_KNOTS.)
GEOMETRIC_REPRESENTATION_ITEM()
RATIONAL_B_SPLINE_SURFACE(((1.,0.707106781186534,1.),(1.,0.75790558059401,
1.),(1.,0.79185329743625,1.),(1.,0.821921334146171,1.)))
REPRESENTATION_ITEM('')
SURFACE()
);
#33=(
BOUNDED_SURFACE()
B_SPLINE_SURFACE(3,2,((#9279,#9280,#9281),(#9282,#9283,#9284),(#9285,#9286,
#9287),(#9288,#9289,#9290)),.UNSPECIFIED.,.F.,.F.,.F.)
B_SPLINE_SURFACE_WITH_KNOTS((4,4),(3,3),(0.00323325313478345,0.00392283158933518),
(0.,1.),.PIECEWISE_BEZIER_KNOTS.)
GEOMETRIC_REPRESENTATION_ITEM()
RATIONAL_B_SPLINE_SURFACE(((1.,0.855842087652078,1.),(1.,0.879802570454257,
1.),(1.,0.88468543601848,1.),(1.,0.866702974069744,1.)))
REPRESENTATION_ITEM('')
SURFACE()
);
#34=B_SPLINE_SURFACE_WITH_KNOTS('',3,3,((#7500,#7501,#7502,#7503,#7504,
#7505),(#7506,#7507,#7508,#7509,#7510,#7511),(#7512,#7513,#7514,#7515,#7516,
#7517),(#7518,#7519,#7520,#7521,#7522,#7523),(#7524,#7525,#7526,#7527,#7528,
#7529),(#7530,#7531,#7532,#7533,#7534,#7535),(#7536,#7537,#7538,#7539,#7540,
#7541),(#7542,#7543,#7544,#7545,#7546,#7547)),.UNSPECIFIED.,.F.,.F.,.F.,
(4,2,2,4),(4,2,4),(-8.0766285586592E-17,0.000839295946990584,0.00167859189398125,
0.00335718378796258),(0.,0.503053253845789,1.00610650769158),
 .UNSPECIFIED.);
#35=B_SPLINE_SURFACE_WITH_KNOTS('',3,3,((#7560,#7561,#7562,#7563,#7564,
#7565),(#7566,#7567,#7568,#7569,#7570,#7571),(#7572,#7573,#7574,#7575,#7576,
#7577),(#7578,#7579,#7580,#7581,#7582,#7583),(#7584,#7585,#7586,#7587,#7588,
#7589),(#7590,#7591,#7592,#7593,#7594,#7595),(#7596,#7597,#7598,#7599,#7600,
#7601),(#7602,#7603,#7604,#7605,#7606,#7607)),.UNSPECIFIED.,.F.,.F.,.F.,
(4,2,2,4),(4,2,4),(-2.76471553983804E-17,0.000839295946990499,0.00167859189398103,
0.00335718378796208),(-0.00610652108851868,0.496946739455741,1.),
 .UNSPECIFIED.);
#36=B_SPLINE_SURFACE_WITH_KNOTS('',3,3,((#8264,#8265,#8266,#8267,#8268,
#8269),(#8270,#8271,#8272,#8273,#8274,#8275),(#8276,#8277,#8278,#8279,#8280,
#8281),(#8282,#8283,#8284,#8285,#8286,#8287),(#8288,#8289,#8290,#8291,#8292,
#8293),(#8294,#8295,#8296,#8297,#8298,#8299)),.UNSPECIFIED.,.F.,.F.,.F.,
(4,2,4),(4,2,4),(3.90312782094782E-18,0.00109232575588267,0.00218465151176534),
(-0.00811724648035879,0.495941376759821,1.),.UNSPECIFIED.);
#37=B_SPLINE_SURFACE_WITH_KNOTS('',3,3,((#8303,#8304,#8305,#8306,#8307,
#8308),(#8309,#8310,#8311,#8312,#8313,#8314),(#8315,#8316,#8317,#8318,#8319,
#8320),(#8321,#8322,#8323,#8324,#8325,#8326),(#8327,#8328,#8329,#8330,#8331,
#8332),(#8333,#8334,#8335,#8336,#8337,#8338)),.UNSPECIFIED.,.F.,.F.,.F.,
(4,2,4),(4,2,4),(9.75781955236954E-19,0.00109232575588264,0.00218465151176528),
(0.,0.504150969117537,1.00830193823507),.UNSPECIFIED.);
#38=B_SPLINE_SURFACE_WITH_KNOTS('',3,3,((#8500,#8501,#8502,#8503,#8504,
#8505),(#8506,#8507,#8508,#8509,#8510,#8511),(#8512,#8513,#8514,#8515,#8516,
#8517),(#8518,#8519,#8520,#8521,#8522,#8523)),.UNSPECIFIED.,.F.,.F.,.F.,
(4,4),(4,2,4),(-2.19008838842072E-17,0.00178239688430738),(-0.00769142315040926,
0.496154288424795,1.),.UNSPECIFIED.);
#39=B_SPLINE_SURFACE_WITH_KNOTS('',3,3,((#8573,#8574,#8575,#8576,#8577,
#8578),(#8579,#8580,#8581,#8582,#8583,#8584),(#8585,#8586,#8587,#8588,#8589,
#8590),(#8591,#8592,#8593,#8594,#8595,#8596)),.UNSPECIFIED.,.F.,.F.,.F.,
(4,4),(4,2,4),(-3.56702514747731E-17,0.00178239694891987),(0.,0.50335627014619,
1.00671254029238),.UNSPECIFIED.);
#40=B_SPLINE_SURFACE_WITH_KNOTS('',3,3,((#8677,#8678,#8679,#8680,#8681,
#8682),(#8683,#8684,#8685,#8686,#8687,#8688),(#8689,#8690,#8691,#8692,#8693,
#8694),(#8695,#8696,#8697,#8698,#8699,#8700)),.UNSPECIFIED.,.F.,.F.,.F.,
(4,4),(4,2,4),(1.81468338619761E-17,0.00147573573352481),(0.,0.515556167705645,
1.03111233541129),.UNSPECIFIED.);
#41=B_SPLINE_SURFACE_WITH_KNOTS('',3,3,((#8705,#8706,#8707,#8708,#8709,
#8710),(#8711,#8712,#8713,#8714,#8715,#8716),(#8717,#8718,#8719,#8720,#8721,
#8722),(#8723,#8724,#8725,#8726,#8727,#8728)),.UNSPECIFIED.,.F.,.F.,.F.,
(4,4),(4,2,4),(8.13151629364128E-18,0.00147574173715799),(-0.0311119933220716,
0.484444003338964,1.),.UNSPECIFIED.);
#42=B_SPLINE_SURFACE_WITH_KNOTS('',3,3,((#8753,#8754,#8755,#8756,#8757,
#8758),(#8759,#8760,#8761,#8762,#8763,#8764),(#8765,#8766,#8767,#8768,#8769,
#8770),(#8771,#8772,#8773,#8774,#8775,#8776)),.UNSPECIFIED.,.F.,.F.,.F.,
(4,4),(4,2,4),(-1.03812358015487E-17,0.00147574173715797),(0.,0.515556392412839,
1.03111278482568),.UNSPECIFIED.);
#43=B_SPLINE_SURFACE_WITH_KNOTS('',3,3,((#8799,#8800,#8801,#8802,#8803,
#8804),(#8805,#8806,#8807,#8808,#8809,#8810),(#8811,#8812,#8813,#8814,#8815,
#8816),(#8817,#8818,#8819,#8820,#8821,#8822)),.UNSPECIFIED.,.F.,.F.,.F.,
(4,4),(4,2,4),(1.10182045778839E-17,0.00147573573352493),(-0.0311115438404231,
0.484444228079788,1.),.UNSPECIFIED.);
#44=SPHERICAL_SURFACE('',#5131,0.00302218846466433);
#45=SPHERICAL_SURFACE('',#5134,0.00302218852585613);
#46=SPHERICAL_SURFACE('',#5279,0.000381);
#47=SPHERICAL_SURFACE('',#5293,0.000381);
#48=SPHERICAL_SURFACE('',#5321,0.000381);
#49=SPHERICAL_SURFACE('',#5332,0.000381);
#50=TOROIDAL_SURFACE('',#5086,0.0052809521,0.0017190466);
#51=TOROIDAL_SURFACE('',#5088,0.0052809521,0.0017190466);
#52=TOROIDAL_SURFACE('',#5132,0.042413,0.002413);
#53=TOROIDAL_SURFACE('',#5135,0.042413,0.002413);
#54=TOROIDAL_SURFACE('',#5136,0.00343809591600973,0.0017190466);
#55=TOROIDAL_SURFACE('',#5140,0.0052809521,0.0017190466);
#56=TOROIDAL_SURFACE('',#5142,0.00343809591600973,0.0017190466);
#57=TOROIDAL_SURFACE('',#5146,0.00343809591600973,0.0017190466);
#58=TOROIDAL_SURFACE('',#5148,0.00343809591600973,0.0017190466);
#59=TOROIDAL_SURFACE('',#5151,0.0052809521,0.0017190466);
#60=TOROIDAL_SURFACE('',#5273,0.00170391483246541,0.000381);
#61=TOROIDAL_SURFACE('',#5281,0.00423148016345286,0.000381);
#62=TOROIDAL_SURFACE('',#5285,0.00170391483246541,0.000381);
#63=TOROIDAL_SURFACE('',#5287,0.0023886239794626,0.000381);
#64=TOROIDAL_SURFACE('',#5295,0.0023886239794626,0.000381);
#65=TOROIDAL_SURFACE('',#5297,0.00423148016345286,0.000381);
#66=TOROIDAL_SURFACE('',#5319,0.0486536159020752,0.000245284097937107);
#67=TOROIDAL_SURFACE('',#5320,0.0486536159020725,0.000245284097937107);
#68=TOROIDAL_SURFACE('',#5334,0.0031809055,0.000381);
#69=TOROIDAL_SURFACE('',#5344,0.0023638002,0.0002286);
#70=TOROIDAL_SURFACE('',#5345,0.00236489693571689,0.000228577690453067);
#71=TOROIDAL_SURFACE('',#5349,0.00236489716674421,0.000228577691158591);
#72=TOROIDAL_SURFACE('',#5353,0.0023638002,0.0002286);
#73=TOROIDAL_SURFACE('',#5354,0.00292173508605142,0.001016);
#74=TOROIDAL_SURFACE('',#5356,0.0024189055,0.001016);
#75=TOROIDAL_SURFACE('',#5359,0.00292173508605138,0.001016);
#76=TOROIDAL_SURFACE('',#5420,0.00299720000000007,0.0004572);
#77=TOROIDAL_SURFACE('',#5426,0.000812799999999979,0.0004572);
#78=TOROIDAL_SURFACE('',#5429,0.0029972,0.0004572);
#79=TOROIDAL_SURFACE('',#5436,0.000812799999999973,0.0004572);
#80=ELLIPSE('',#5058,0.00128503762200623,0.00127);
#81=ELLIPSE('',#5061,0.00128503762200623,0.00127);
#82=ELLIPSE('',#5395,0.000898025612106916,0.000635);
#83=ELLIPSE('',#5399,0.000898025612106916,0.000635);
#84=ELLIPSE('',#5401,0.000898025612106916,0.000635);
#85=ELLIPSE('',#5404,0.000898025612106916,0.000635);
#86=ELLIPSE('',#5407,0.000898025612106916,0.000635);
#87=ELLIPSE('',#5409,0.000898025612106916,0.000635);
#88=ELLIPSE('',#5411,0.000898025612106916,0.000635);
#89=ELLIPSE('',#5415,0.000898025612106916,0.000635);
#90=CYLINDRICAL_SURFACE('',#5007,0.0438989);
#91=CYLINDRICAL_SURFACE('',#5057,0.00127);
#92=CYLINDRICAL_SURFACE('',#5060,0.00127);
#93=CYLINDRICAL_SURFACE('',#5065,0.0438988999999995);
#94=CYLINDRICAL_SURFACE('',#5073,0.0035619055);
#95=CYLINDRICAL_SURFACE('',#5084,0.0020849148324654);
#96=CYLINDRICAL_SURFACE('',#5095,0.04);
#97=CYLINDRICAL_SURFACE('',#5097,0.04);
#98=CYLINDRICAL_SURFACE('',#5106,0.0035619055);
#99=CYLINDRICAL_SURFACE('',#5112,0.0020849148324654);
#100=CYLINDRICAL_SURFACE('',#5114,0.00073585229381132);
#101=CYLINDRICAL_SURFACE('',#5115,0.00073585229381132);
#102=CYLINDRICAL_SURFACE('',#5116,0.00255113798932778);
#103=CYLINDRICAL_SURFACE('',#5118,0.00167981982914658);
#104=CYLINDRICAL_SURFACE('',#5119,0.0488989000000124);
#105=CYLINDRICAL_SURFACE('',#5122,0.00468652266045667);
#106=CYLINDRICAL_SURFACE('',#5123,0.00468652266045661);
#107=CYLINDRICAL_SURFACE('',#5125,0.0488989000000096);
#108=CYLINDRICAL_SURFACE('',#5127,0.00167981982914661);
#109=CYLINDRICAL_SURFACE('',#5129,0.00255113798932779);
#110=CYLINDRICAL_SURFACE('',#5130,0.002413);
#111=CYLINDRICAL_SURFACE('',#5133,0.002413);
#112=CYLINDRICAL_SURFACE('',#5138,0.0017190466);
#113=CYLINDRICAL_SURFACE('',#5143,0.0017190466);
#114=CYLINDRICAL_SURFACE('',#5153,0.00190573508605137);
#115=CYLINDRICAL_SURFACE('',#5156,0.00190573508605142);
#116=CYLINDRICAL_SURFACE('',#5158,0.0034349055);
#117=CYLINDRICAL_SURFACE('',#5167,0.00334377528026137);
#118=CYLINDRICAL_SURFACE('',#5174,0.00343907557508167);
#119=CYLINDRICAL_SURFACE('',#5182,0.0701481163253815);
#120=CYLINDRICAL_SURFACE('',#5200,0.0701481163284253);
#121=CYLINDRICAL_SURFACE('',#5218,0.00334377528026625);
#122=CYLINDRICAL_SURFACE('',#5225,0.00343907557509339);
#123=CYLINDRICAL_SURFACE('',#5233,0.00334377528026447);
#124=CYLINDRICAL_SURFACE('',#5240,0.00343907557509399);
#125=CYLINDRICAL_SURFACE('',#5275,0.000381);
#126=CYLINDRICAL_SURFACE('',#5277,0.000381);
#127=CYLINDRICAL_SURFACE('',#5283,0.000381);
#128=CYLINDRICAL_SURFACE('',#5289,0.000381);
#129=CYLINDRICAL_SURFACE('',#5291,0.000381);
#130=CYLINDRICAL_SURFACE('',#5298,0.000381);
#131=CYLINDRICAL_SURFACE('',#5301,0.000381);
#132=CYLINDRICAL_SURFACE('',#5304,0.000381);
#133=CYLINDRICAL_SURFACE('',#5306,0.000381);
#134=CYLINDRICAL_SURFACE('',#5313,0.00213518894978726);
#135=CYLINDRICAL_SURFACE('',#5314,0.00213518894978726);
#136=CYLINDRICAL_SURFACE('',#5315,0.0021352002);
#137=CYLINDRICAL_SURFACE('',#5317,0.0021352002);
#138=CYLINDRICAL_SURFACE('',#5323,0.000381);
#139=CYLINDRICAL_SURFACE('',#5329,0.000381);
#140=CYLINDRICAL_SURFACE('',#5336,0.00127);
#141=CYLINDRICAL_SURFACE('',#5337,0.00127);
#142=CYLINDRICAL_SURFACE('',#5338,0.00127);
#143=CYLINDRICAL_SURFACE('',#5339,0.00127);
#144=CYLINDRICAL_SURFACE('',#5340,0.0002286);
#145=CYLINDRICAL_SURFACE('',#5342,0.0002286);
#146=CYLINDRICAL_SURFACE('',#5346,0.0002286);
#147=CYLINDRICAL_SURFACE('',#5347,0.0002286);
#148=CYLINDRICAL_SURFACE('',#5350,0.0002286);
#149=CYLINDRICAL_SURFACE('',#5352,0.0002286);
#150=CYLINDRICAL_SURFACE('',#5357,0.001016);
#151=CYLINDRICAL_SURFACE('',#5360,0.00762000000000028);
#152=CYLINDRICAL_SURFACE('',#5361,0.00254);
#153=CYLINDRICAL_SURFACE('',#5363,0.00254000000000007);
#154=CYLINDRICAL_SURFACE('',#5365,0.00762000000000015);
#155=CYLINDRICAL_SURFACE('',#5366,0.00761999999999976);
#156=CYLINDRICAL_SURFACE('',#5367,0.00762);
#157=CYLINDRICAL_SURFACE('',#5369,0.00110377844071698);
#158=CYLINDRICAL_SURFACE('',#5371,0.0047299217461371);
#159=CYLINDRICAL_SURFACE('',#5372,0.0047299217461371);
#160=CYLINDRICAL_SURFACE('',#5378,0.00126999999999997);
#161=CYLINDRICAL_SURFACE('',#5388,0.00126999999999998);
#162=CYLINDRICAL_SURFACE('',#5393,0.000635);
#163=CYLINDRICAL_SURFACE('',#5398,0.000635);
#164=CYLINDRICAL_SURFACE('',#5400,0.000635);
#165=CYLINDRICAL_SURFACE('',#5402,0.000635);
#166=CYLINDRICAL_SURFACE('',#5403,0.000635);
#167=CYLINDRICAL_SURFACE('',#5405,0.000635);
#168=CYLINDRICAL_SURFACE('',#5406,0.000635);
#169=CYLINDRICAL_SURFACE('',#5408,0.000635);
#170=CYLINDRICAL_SURFACE('',#5410,0.000635);
#171=CYLINDRICAL_SURFACE('',#5413,0.000635);
#172=CYLINDRICAL_SURFACE('',#5414,0.000635);
#173=CYLINDRICAL_SURFACE('',#5418,0.000635);
#174=CYLINDRICAL_SURFACE('',#5423,0.0004572);
#175=CYLINDRICAL_SURFACE('',#5428,0.0004572);
#176=CYLINDRICAL_SURFACE('',#5434,0.0004572);
#177=CYLINDRICAL_SURFACE('',#5438,0.0004572);
#178=B_SPLINE_CURVE_WITH_KNOTS('',3,(#6745,#6746,#6747,#6748),
 .UNSPECIFIED.,.F.,.F.,(4,4),(0.,0.00147573573352487),.UNSPECIFIED.);
#179=B_SPLINE_CURVE_WITH_KNOTS('',3,(#6752,#6753,#6754,#6755),
 .UNSPECIFIED.,.F.,.F.,(4,4),(4.38854183572088E-17,0.00147574173715789),
 .UNSPECIFIED.);
#180=B_SPLINE_CURVE_WITH_KNOTS('',3,(#6776,#6777,#6778,#6779),
 .UNSPECIFIED.,.F.,.F.,(4,4),(5.0037075531084E-17,0.00147574173715785),
 .UNSPECIFIED.);
#181=B_SPLINE_CURVE_WITH_KNOTS('',3,(#6783,#6784,#6785,#6786),
 .UNSPECIFIED.,.F.,.F.,(4,4),(0.,0.00147573573352486),.UNSPECIFIED.);
#182=B_SPLINE_CURVE_WITH_KNOTS('',3,(#7069,#7070,#7071,#7072),
 .UNSPECIFIED.,.F.,.F.,(4,4),(1.38777878078145E-17,0.000282579469570277),
 .UNSPECIFIED.);
#183=B_SPLINE_CURVE_WITH_KNOTS('',3,(#7084,#7085,#7086,#7087),
 .UNSPECIFIED.,.F.,.F.,(4,4),(0.,0.000282543124457403),.UNSPECIFIED.);
#184=B_SPLINE_CURVE_WITH_KNOTS('',3,(#7105,#7106,#7107,#7108,#7109,#7110),
 .UNSPECIFIED.,.F.,.F.,(4,1,1,4),(0.,0.00167872644706593,0.00251808967059889,
0.00335745289413186),.UNSPECIFIED.);
#185=B_SPLINE_CURVE_WITH_KNOTS('',3,(#7120,#7121,#7122,#7123,#7124,#7125),
 .UNSPECIFIED.,.F.,.F.,(4,1,1,4),(0.,0.000839295946990673,0.00167859189398135,
0.00335718378796269),.UNSPECIFIED.);
#186=B_SPLINE_CURVE_WITH_KNOTS('',3,(#7129,#7130,#7131,#7132),
 .UNSPECIFIED.,.F.,.F.,(4,4),(0.,0.00153693207080929),.UNSPECIFIED.);
#187=B_SPLINE_CURVE_WITH_KNOTS('',3,(#7135,#7136,#7137,#7138),
 .UNSPECIFIED.,.F.,.F.,(4,4),(0.,0.00153693207080948),.UNSPECIFIED.);
#188=B_SPLINE_CURVE_WITH_KNOTS('',3,(#7181,#7182,#7183,#7184),
 .UNSPECIFIED.,.F.,.F.,(4,4),(0.,0.0025528556937759),.UNSPECIFIED.);
#189=B_SPLINE_CURVE_WITH_KNOTS('',3,(#7186,#7187,#7188,#7189),
 .UNSPECIFIED.,.F.,.F.,(4,4),(1.26352451693197E-8,5.86713353447468E-5),
 .UNSPECIFIED.);
#190=B_SPLINE_CURVE_WITH_KNOTS('',3,(#7193,#7194,#7195,#7196),
 .UNSPECIFIED.,.F.,.F.,(4,4),(2.77555756156289E-17,1.91922457527433E-5),
 .UNSPECIFIED.);
#191=B_SPLINE_CURVE_WITH_KNOTS('',3,(#7198,#7199,#7200,#7201),
 .UNSPECIFIED.,.F.,.F.,(4,4),(-4.9205168979705E-7,0.000430233002305992),
 .UNSPECIFIED.);
#192=B_SPLINE_CURVE_WITH_KNOTS('',3,(#7210,#7211,#7212,#7213),
 .UNSPECIFIED.,.F.,.F.,(4,4),(9.43791607972383E-17,0.000327804700157634),
 .UNSPECIFIED.);
#193=B_SPLINE_CURVE_WITH_KNOTS('',3,(#7250,#7251,#7252,#7253),
 .UNSPECIFIED.,.F.,.F.,(4,4),(0.,0.00187060431192699),.UNSPECIFIED.);
#194=B_SPLINE_CURVE_WITH_KNOTS('',3,(#7255,#7256,#7257,#7258),
 .UNSPECIFIED.,.F.,.F.,(4,4),(90.0000818660711,131.943561408181),
 .UNSPECIFIED.);
#195=B_SPLINE_CURVE_WITH_KNOTS('',3,(#7260,#7261,#7262,#7263,#7264),
 .UNSPECIFIED.,.F.,.F.,(4,1,4),(0.,0.0012827375178657,0.0025654750357314),
 .UNSPECIFIED.);
#196=B_SPLINE_CURVE_WITH_KNOTS('',3,(#7271,#7272,#7273,#7274),
 .UNSPECIFIED.,.F.,.F.,(4,4),(0.,0.00184420781108956),.UNSPECIFIED.);
#197=B_SPLINE_CURVE_WITH_KNOTS('',3,(#7293,#7294,#7295,#7296,#7297,#7298,
#7299),.UNSPECIFIED.,.F.,.F.,(4,1,1,1,4),(0.,0.00130465894616895,0.00260931789233789,
0.00391397683850684,0.00521863578467578),.UNSPECIFIED.);
#198=B_SPLINE_CURVE_WITH_KNOTS('',3,(#7300,#7301,#7302,#7303,#7304),
 .UNSPECIFIED.,.F.,.F.,(4,1,4),(180.,225.,270.),.UNSPECIFIED.);
#199=B_SPLINE_CURVE_WITH_KNOTS('',3,(#7319,#7320,#7321,#7322,#7323,#7324,
#7325),.UNSPECIFIED.,.F.,.F.,(4,1,1,1,4),(0.,0.00128991830188281,0.00257983660376562,
0.00386975490564843,0.00515967320753124),.UNSPECIFIED.);
#200=B_SPLINE_CURVE_WITH_KNOTS('',3,(#7329,#7330,#7331,#7332,#7333),
 .UNSPECIFIED.,.F.,.F.,(4,1,4),(0.,45.,90.),.UNSPECIFIED.);
#201=B_SPLINE_CURVE_WITH_KNOTS('',3,(#7344,#7345,#7346,#7347,#7348,#7349,
#7350),.UNSPECIFIED.,.F.,.F.,(4,1,1,1,4),(270.,315.,360.,405.,450.),
 .UNSPECIFIED.);
#202=B_SPLINE_CURVE_WITH_KNOTS('',3,(#7351,#7352,#7353,#7354,#7355),
 .UNSPECIFIED.,.F.,.F.,(4,1,4),(90.,135.,180.),.UNSPECIFIED.);
#203=B_SPLINE_CURVE_WITH_KNOTS('',3,(#7360,#7361,#7362,#7363),
 .UNSPECIFIED.,.F.,.F.,(4,4),(0.,0.000170801191277782),.UNSPECIFIED.);
#204=B_SPLINE_CURVE_WITH_KNOTS('',3,(#7367,#7368,#7369,#7370),
 .UNSPECIFIED.,.F.,.F.,(4,4),(0.,0.00141349630680956),.UNSPECIFIED.);
#205=B_SPLINE_CURVE_WITH_KNOTS('',3,(#7372,#7373,#7374,#7375),
 .UNSPECIFIED.,.F.,.F.,(4,4),(0.,5.86547886787836E-5),.UNSPECIFIED.);
#206=B_SPLINE_CURVE_WITH_KNOTS('',3,(#7377,#7378,#7379,#7380),
 .UNSPECIFIED.,.F.,.F.,(4,4),(-3.84763109813213E-6,0.00257019623705493),
 .UNSPECIFIED.);
#207=B_SPLINE_CURVE_WITH_KNOTS('',3,(#7384,#7385,#7386,#7387),
 .UNSPECIFIED.,.F.,.F.,(4,4),(0.,0.000430725053995665),.UNSPECIFIED.);
#208=B_SPLINE_CURVE_WITH_KNOTS('',3,(#7389,#7390,#7391,#7392),
 .UNSPECIFIED.,.F.,.F.,(4,4),(0.,1.91925513615581E-5),.UNSPECIFIED.);
#209=B_SPLINE_CURVE_WITH_KNOTS('',3,(#7394,#7395,#7396,#7397),
 .UNSPECIFIED.,.F.,.F.,(4,4),(0.,0.00142601707243491),.UNSPECIFIED.);
#210=B_SPLINE_CURVE_WITH_KNOTS('',3,(#7401,#7402,#7403,#7404),
 .UNSPECIFIED.,.F.,.F.,(4,4),(0.,0.000170801191277764),.UNSPECIFIED.);
#211=B_SPLINE_CURVE_WITH_KNOTS('',3,(#7406,#7407,#7408,#7409,#7410),
 .UNSPECIFIED.,.F.,.F.,(4,1,4),(270.,315.,360.),.UNSPECIFIED.);
#212=B_SPLINE_CURVE_WITH_KNOTS('',3,(#7411,#7412,#7413,#7414,#7415,#7416,
#7417),.UNSPECIFIED.,.F.,.F.,(4,1,1,1,4),(90.,135.,180.,225.,270.),
 .UNSPECIFIED.);
#213=B_SPLINE_CURVE_WITH_KNOTS('',3,(#7421,#7422,#7423,#7424),
 .UNSPECIFIED.,.F.,.F.,(4,4),(48.0564385918127,90.),.UNSPECIFIED.);
#214=B_SPLINE_CURVE_WITH_KNOTS('',3,(#7429,#7430,#7431,#7432,#7433),
 .UNSPECIFIED.,.F.,.F.,(4,1,4),(0.,0.000933704913089724,0.00186740982617945),
 .UNSPECIFIED.);
#215=B_SPLINE_CURVE_WITH_KNOTS('',3,(#7445,#7446,#7447,#7448),
 .UNSPECIFIED.,.F.,.F.,(4,4),(6.93889390390723E-18,0.000357290331762514),
 .UNSPECIFIED.);
#216=B_SPLINE_CURVE_WITH_KNOTS('',3,(#7456,#7457,#7458,#7459),
 .UNSPECIFIED.,.F.,.F.,(4,4),(0.,0.000357188397689914),.UNSPECIFIED.);
#217=B_SPLINE_CURVE_WITH_KNOTS('',3,(#7469,#7470,#7471,#7472),
 .UNSPECIFIED.,.F.,.F.,(4,4),(6.93889390390723E-18,0.000357188480589591),
 .UNSPECIFIED.);
#218=B_SPLINE_CURVE_WITH_KNOTS('',3,(#7478,#7479,#7480,#7481),
 .UNSPECIFIED.,.F.,.F.,(4,4),(1.38777878078145E-17,0.000357295590391651),
 .UNSPECIFIED.);
#219=B_SPLINE_CURVE_WITH_KNOTS('',3,(#7486,#7487,#7488,#7489),
 .UNSPECIFIED.,.F.,.F.,(4,4),(0.,0.000806693414282194),.UNSPECIFIED.);
#220=B_SPLINE_CURVE_WITH_KNOTS('',3,(#7491,#7492,#7493,#7494),
 .UNSPECIFIED.,.F.,.F.,(4,4),(0.,1.),.UNSPECIFIED.);
#221=B_SPLINE_CURVE_WITH_KNOTS('',3,(#7496,#7497,#7498,#7499),
 .UNSPECIFIED.,.F.,.F.,(4,4),(0.,1.),.UNSPECIFIED.);
#222=B_SPLINE_CURVE_WITH_KNOTS('',3,(#7548,#7549,#7550,#7551,#7552,#7553),
 .UNSPECIFIED.,.F.,.F.,(4,1,1,4),(3.17980065539225E-17,0.00213919933565561,
0.0032087990034834,0.0042783986713112),.UNSPECIFIED.);
#223=B_SPLINE_CURVE_WITH_KNOTS('',3,(#7556,#7557,#7558,#7559),
 .UNSPECIFIED.,.F.,.F.,(4,4),(3.73670872517614E-17,0.000806693414282346),
 .UNSPECIFIED.);
#224=B_SPLINE_CURVE_WITH_KNOTS('',3,(#7608,#7609,#7610,#7611),
 .UNSPECIFIED.,.F.,.F.,(4,4),(0.,1.),.UNSPECIFIED.);
#225=B_SPLINE_CURVE_WITH_KNOTS('',3,(#7613,#7614,#7615,#7616,#7617,#7618),
 .UNSPECIFIED.,.F.,.F.,(4,1,1,4),(1.05099599777408E-7,0.00106524908676366,
0.00213039307392754,0.00426068104825531),.UNSPECIFIED.);
#226=B_SPLINE_CURVE_WITH_KNOTS('',3,(#7620,#7621,#7622,#7623),
 .UNSPECIFIED.,.F.,.F.,(4,4),(0.,1.),.UNSPECIFIED.);
#227=B_SPLINE_CURVE_WITH_KNOTS('',3,(#7626,#7627,#7628,#7629),
 .UNSPECIFIED.,.F.,.F.,(4,4),(0.,0.00254337490698617),.UNSPECIFIED.);
#228=B_SPLINE_CURVE_WITH_KNOTS('',3,(#7631,#7632,#7633,#7634),
 .UNSPECIFIED.,.F.,.F.,(4,4),(0.,0.00157125164715321),.UNSPECIFIED.);
#229=B_SPLINE_CURVE_WITH_KNOTS('',3,(#7639,#7640,#7641,#7642,#7643),
 .UNSPECIFIED.,.F.,.F.,(4,1,4),(0.,0.00129704026063639,0.00259408052127278),
 .UNSPECIFIED.);
#230=B_SPLINE_CURVE_WITH_KNOTS('',3,(#7646,#7647,#7648,#7649),
 .UNSPECIFIED.,.F.,.F.,(4,4),(0.,0.00156620561223772),.UNSPECIFIED.);
#231=B_SPLINE_CURVE_WITH_KNOTS('',3,(#7651,#7652,#7653,#7654),
 .UNSPECIFIED.,.F.,.F.,(4,4),(1.42880570444356E-16,0.00254949371176826),
 .UNSPECIFIED.);
#232=B_SPLINE_CURVE_WITH_KNOTS('',3,(#7668,#7669,#7670,#7671),
 .UNSPECIFIED.,.F.,.F.,(4,4),(0.,0.00181802898744527),.UNSPECIFIED.);
#233=B_SPLINE_CURVE_WITH_KNOTS('',3,(#7700,#7701,#7702,#7703),
 .UNSPECIFIED.,.F.,.F.,(4,4),(0.,0.000254000000000004),.UNSPECIFIED.);
#234=B_SPLINE_CURVE_WITH_KNOTS('',3,(#7717,#7718,#7719,#7720),
 .UNSPECIFIED.,.F.,.F.,(4,4),(0.,0.000254000000000004),.UNSPECIFIED.);
#235=B_SPLINE_CURVE_WITH_KNOTS('',3,(#7724,#7725,#7726,#7727),
 .UNSPECIFIED.,.F.,.F.,(4,4),(0.,0.000254000000000004),.UNSPECIFIED.);
#236=B_SPLINE_CURVE_WITH_KNOTS('',3,(#7747,#7748,#7749,#7750),
 .UNSPECIFIED.,.F.,.F.,(4,4),(0.,0.000254000000000004),.UNSPECIFIED.);
#237=B_SPLINE_CURVE_WITH_KNOTS('',3,(#7764,#7765,#7766,#7767),
 .UNSPECIFIED.,.F.,.F.,(4,4),(0.,0.000253999949995821),.UNSPECIFIED.);
#238=B_SPLINE_CURVE_WITH_KNOTS('',3,(#7789,#7790,#7791,#7792),
 .UNSPECIFIED.,.F.,.F.,(4,4),(0.,0.000254000000000004),.UNSPECIFIED.);
#239=B_SPLINE_CURVE_WITH_KNOTS('',3,(#7798,#7799,#7800,#7801),
 .UNSPECIFIED.,.F.,.F.,(4,4),(0.,0.000254000000000004),.UNSPECIFIED.);
#240=B_SPLINE_CURVE_WITH_KNOTS('',3,(#7848,#7849,#7850,#7851),
 .UNSPECIFIED.,.F.,.F.,(4,4),(0.,0.000253999949995821),.UNSPECIFIED.);
#241=B_SPLINE_CURVE_WITH_KNOTS('',3,(#7873,#7874,#7875,#7876),
 .UNSPECIFIED.,.F.,.F.,(4,4),(0.,0.000254000000000004),.UNSPECIFIED.);
#242=B_SPLINE_CURVE_WITH_KNOTS('',3,(#7882,#7883,#7884,#7885),
 .UNSPECIFIED.,.F.,.F.,(4,4),(0.,0.000254000000000004),.UNSPECIFIED.);
#243=B_SPLINE_CURVE_WITH_KNOTS('',3,(#7929,#7930,#7931,#7932),
 .UNSPECIFIED.,.F.,.F.,(4,4),(0.,0.000254000000000004),.UNSPECIFIED.);
#244=B_SPLINE_CURVE_WITH_KNOTS('',3,(#7946,#7947,#7948,#7949),
 .UNSPECIFIED.,.F.,.F.,(4,4),(0.,0.000254000000000004),.UNSPECIFIED.);
#245=B_SPLINE_CURVE_WITH_KNOTS('',3,(#7953,#7954,#7955,#7956),
 .UNSPECIFIED.,.F.,.F.,(4,4),(0.,0.000254000000000004),.UNSPECIFIED.);
#246=B_SPLINE_CURVE_WITH_KNOTS('',3,(#7976,#7977,#7978,#7979),
 .UNSPECIFIED.,.F.,.F.,(4,4),(0.,0.000254000000000004),.UNSPECIFIED.);
#247=B_SPLINE_CURVE_WITH_KNOTS('',3,(#7990,#7991,#7992,#7993),
 .UNSPECIFIED.,.F.,.F.,(4,4),(0.,0.000254000000000004),.UNSPECIFIED.);
#248=B_SPLINE_CURVE_WITH_KNOTS('',3,(#8007,#8008,#8009,#8010),
 .UNSPECIFIED.,.F.,.F.,(4,4),(0.,0.000254000000000004),.UNSPECIFIED.);
#249=B_SPLINE_CURVE_WITH_KNOTS('',3,(#8014,#8015,#8016,#8017),
 .UNSPECIFIED.,.F.,.F.,(4,4),(0.,0.000254000000000004),.UNSPECIFIED.);
#250=B_SPLINE_CURVE_WITH_KNOTS('',3,(#8037,#8038,#8039,#8040),
 .UNSPECIFIED.,.F.,.F.,(4,4),(0.,0.000254000000000004),.UNSPECIFIED.);
#251=B_SPLINE_CURVE_WITH_KNOTS('',3,(#8138,#8139,#8140,#8141),
 .UNSPECIFIED.,.F.,.F.,(4,4),(0.,0.00157897768017153),.UNSPECIFIED.);
#252=B_SPLINE_CURVE_WITH_KNOTS('',3,(#8150,#8151,#8152,#8153),
 .UNSPECIFIED.,.F.,.F.,(4,4),(0.,0.00156088916072857),.UNSPECIFIED.);
#253=B_SPLINE_CURVE_WITH_KNOTS('',3,(#8159,#8160,#8161,#8162,#8163),
 .UNSPECIFIED.,.F.,.F.,(4,1,4),(5.59431511413976E-17,0.00104902217658116,
0.00209804435316227),.UNSPECIFIED.);
#254=B_SPLINE_CURVE_WITH_KNOTS('',3,(#8169,#8170,#8171,#8172,#8173),
 .UNSPECIFIED.,.F.,.F.,(4,1,4),(0.,0.00103577395136725,0.00207154790273451),
 .UNSPECIFIED.);
#255=B_SPLINE_CURVE_WITH_KNOTS('',3,(#8176,#8177,#8178,#8179,#8180,#8181),
 .UNSPECIFIED.,.F.,.F.,(4,1,1,4),(1.38777878078145E-17,0.000241499078179833,
0.000482998156359652,0.00096599631271929),.UNSPECIFIED.);
#256=B_SPLINE_CURVE_WITH_KNOTS('',3,(#8198,#8199,#8200,#8201),
 .UNSPECIFIED.,.F.,.F.,(4,4),(216.984171488954,270.),.UNSPECIFIED.);
#257=B_SPLINE_CURVE_WITH_KNOTS('',3,(#8208,#8209,#8210,#8211,#8212,#8213),
 .UNSPECIFIED.,.F.,.F.,(4,1,1,4),(1.38777878078145E-17,0.000241499078179832,
0.00048299815635965,0.000965996312719286),.UNSPECIFIED.);
#258=B_SPLINE_CURVE_WITH_KNOTS('',3,(#8217,#8218,#8219,#8220),
 .UNSPECIFIED.,.F.,.F.,(4,4),(0.,0.000365018906368139),.UNSPECIFIED.);
#259=B_SPLINE_CURVE_WITH_KNOTS('',3,(#8222,#8223,#8224,#8225),
 .UNSPECIFIED.,.F.,.F.,(4,4),(0.00139180229861035,0.00201712776123567),
 .UNSPECIFIED.);
#260=B_SPLINE_CURVE_WITH_KNOTS('',3,(#8239,#8240,#8241,#8242),
 .UNSPECIFIED.,.F.,.F.,(4,4),(90.,143.015828511039),.UNSPECIFIED.);
#261=B_SPLINE_CURVE_WITH_KNOTS('',3,(#8250,#8251,#8252,#8253),
 .UNSPECIFIED.,.F.,.F.,(4,4),(0.,0.000615605508170344),.UNSPECIFIED.);
#262=B_SPLINE_CURVE_WITH_KNOTS('',3,(#8255,#8256,#8257,#8258),
 .UNSPECIFIED.,.F.,.F.,(4,4),(0.00102343457212922,0.00138927572174852),
 .UNSPECIFIED.);
#263=B_SPLINE_CURVE_WITH_KNOTS('',3,(#8344,#8345,#8346,#8347,#8348),
 .UNSPECIFIED.,.F.,.F.,(4,1,4),(280.795190195575,308.539185803521,336.283181411467),
 .UNSPECIFIED.);
#264=B_SPLINE_CURVE_WITH_KNOTS('',3,(#8351,#8352,#8353,#8354),
 .UNSPECIFIED.,.F.,.F.,(4,4),(22.4580161034709,53.7633686947821),
 .UNSPECIFIED.);
#265=B_SPLINE_CURVE_WITH_KNOTS('',3,(#8357,#8358,#8359,#8360),
 .UNSPECIFIED.,.F.,.F.,(4,4),(0.,0.000327840661057479),.UNSPECIFIED.);
#266=B_SPLINE_CURVE_WITH_KNOTS('',3,(#8368,#8369,#8370,#8371),
 .UNSPECIFIED.,.F.,.F.,(4,4),(7.23810122284801E-16,0.000327808664059778),
 .UNSPECIFIED.);
#267=B_SPLINE_CURVE_WITH_KNOTS('',3,(#8375,#8376,#8377,#8378),
 .UNSPECIFIED.,.F.,.F.,(4,4),(126.236629988953,157.541983896531),
 .UNSPECIFIED.);
#268=B_SPLINE_CURVE_WITH_KNOTS('',3,(#8380,#8381,#8382,#8383,#8384),
 .UNSPECIFIED.,.F.,.F.,(4,1,4),(23.716818588545,51.4608141964924,79.2048098044398),
 .UNSPECIFIED.);
#269=B_SPLINE_CURVE_WITH_KNOTS('',3,(#8386,#8387,#8388,#8389),
 .UNSPECIFIED.,.F.,.F.,(4,4),(2.8609792490764E-17,0.000327835442539547),
 .UNSPECIFIED.);
#270=B_SPLINE_CURVE_WITH_KNOTS('',3,(#8394,#8395,#8396,#8397),
 .UNSPECIFIED.,.F.,.F.,(4,4),(8.15658837308608E-13,6.66139123204452E-5),
 .UNSPECIFIED.);
#271=B_SPLINE_CURVE_WITH_KNOTS('',3,(#8398,#8399,#8400,#8401),
 .UNSPECIFIED.,.F.,.F.,(4,4),(1.38777878078145E-17,0.00168496644597111),
 .UNSPECIFIED.);
#272=B_SPLINE_CURVE_WITH_KNOTS('',3,(#8403,#8404,#8405,#8406),
 .UNSPECIFIED.,.F.,.F.,(4,4),(0.,0.0016894255150303),.UNSPECIFIED.);
#273=B_SPLINE_CURVE_WITH_KNOTS('',3,(#8408,#8409,#8410,#8411),
 .UNSPECIFIED.,.F.,.F.,(4,4),(0.,0.00168513163445728),.UNSPECIFIED.);
#274=B_SPLINE_CURVE_WITH_KNOTS('',3,(#8412,#8413,#8414,#8415),
 .UNSPECIFIED.,.F.,.F.,(4,4),(0.,6.72599593831495E-5),.UNSPECIFIED.);
#275=B_SPLINE_CURVE_WITH_KNOTS('',3,(#8420,#8421,#8422,#8423),
 .UNSPECIFIED.,.F.,.F.,(4,4),(1.38777878078145E-17,6.72599593830887E-5),
 .UNSPECIFIED.);
#276=B_SPLINE_CURVE_WITH_KNOTS('',3,(#8424,#8425,#8426,#8427),
 .UNSPECIFIED.,.F.,.F.,(4,4),(0.,0.00168512852568361),.UNSPECIFIED.);
#277=B_SPLINE_CURVE_WITH_KNOTS('',3,(#8429,#8430,#8431,#8432),
 .UNSPECIFIED.,.F.,.F.,(4,4),(0.,0.00168942551525361),.UNSPECIFIED.);
#278=B_SPLINE_CURVE_WITH_KNOTS('',3,(#8434,#8435,#8436,#8437),
 .UNSPECIFIED.,.F.,.F.,(4,4),(0.,0.00168496955471473),.UNSPECIFIED.);
#279=B_SPLINE_CURVE_WITH_KNOTS('',3,(#8438,#8439,#8440,#8441),
 .UNSPECIFIED.,.F.,.F.,(4,4),(1.69233578657245E-11,6.66314218096882E-5),
 .UNSPECIFIED.);
#280=B_SPLINE_CURVE_WITH_KNOTS('',3,(#8443,#8444,#8445,#8446),
 .UNSPECIFIED.,.F.,.F.,(4,4),(0.,1.),.UNSPECIFIED.);
#281=B_SPLINE_CURVE_WITH_KNOTS('',3,(#8456,#8457,#8458,#8459),
 .UNSPECIFIED.,.F.,.F.,(4,4),(0.,1.),.UNSPECIFIED.);
#282=B_SPLINE_CURVE_WITH_KNOTS('',3,(#8479,#8480,#8481,#8482),
 .UNSPECIFIED.,.F.,.F.,(4,4),(0.,0.000521996765513416),.UNSPECIFIED.);
#283=B_SPLINE_CURVE_WITH_KNOTS('',3,(#8496,#8497,#8498,#8499),
 .UNSPECIFIED.,.F.,.F.,(4,4),(0.,0.000522164975201737),.UNSPECIFIED.);
#284=B_SPLINE_CURVE_WITH_KNOTS('',3,(#8524,#8525,#8526,#8527),
 .UNSPECIFIED.,.F.,.F.,(4,4),(0.,0.000483627266751771),.UNSPECIFIED.);
#285=B_SPLINE_CURVE_WITH_KNOTS('',3,(#8597,#8598,#8599,#8600),
 .UNSPECIFIED.,.F.,.F.,(4,4),(3.12562271451923E-7,0.000484728089090125),
 .UNSPECIFIED.);
#286=B_SPLINE_CURVE_WITH_KNOTS('',3,(#8614,#8615,#8616,#8617,#8618),
 .UNSPECIFIED.,.F.,.F.,(4,1,4),(270.,315.,360.),.UNSPECIFIED.);
#287=B_SPLINE_CURVE_WITH_KNOTS('',3,(#8637,#8638,#8639,#8640,#8641),
 .UNSPECIFIED.,.F.,.F.,(4,1,4),(270.,315.,360.),.UNSPECIFIED.);
#288=B_SPLINE_CURVE_WITH_KNOTS('',3,(#8644,#8645,#8646,#8647,#8648),
 .UNSPECIFIED.,.F.,.F.,(4,1,4),(180.,225.,270.),.UNSPECIFIED.);
#289=B_SPLINE_CURVE_WITH_KNOTS('',3,(#8667,#8668,#8669,#8670,#8671),
 .UNSPECIFIED.,.F.,.F.,(4,1,4),(180.,225.,270.),.UNSPECIFIED.);
#290=B_SPLINE_CURVE_WITH_KNOTS('',3,(#8701,#8702,#8703,#8704),
 .UNSPECIFIED.,.F.,.F.,(4,4),(0.,0.00144144892932118),.UNSPECIFIED.);
#291=B_SPLINE_CURVE_WITH_KNOTS('',3,(#8729,#8730,#8731,#8732,#8733,#8734,
#8735,#8736,#8737,#8738,#8739),.UNSPECIFIED.,.F.,.F.,(4,1,1,1,1,1,1,1,4),
(0.,0.03125,0.0625,0.125,0.25,0.375,0.5,0.75,1.),.UNSPECIFIED.);
#292=B_SPLINE_CURVE_WITH_KNOTS('',3,(#8741,#8742,#8743,#8744),
 .UNSPECIFIED.,.F.,.F.,(4,4),(2.77555756156289E-17,0.00036011973159957),
 .UNSPECIFIED.);
#293=B_SPLINE_CURVE_WITH_KNOTS('',3,(#8746,#8747,#8748,#8749),
 .UNSPECIFIED.,.F.,.F.,(4,4),(1.14681971949771E-8,0.000360306388956655),
 .UNSPECIFIED.);
#294=B_SPLINE_CURVE_WITH_KNOTS('',3,(#8777,#8778,#8779,#8780,#8781,#8782,
#8783,#8784,#8785,#8786),.UNSPECIFIED.,.F.,.F.,(4,1,1,1,1,1,1,4),(0.,0.25,
0.375,0.5,0.625,0.75,0.875,1.),.UNSPECIFIED.);
#295=B_SPLINE_CURVE_WITH_KNOTS('',3,(#8788,#8789,#8790,#8791),
 .UNSPECIFIED.,.F.,.F.,(4,4),(8.69777919792634E-9,0.000360306388956596),
 .UNSPECIFIED.);
#296=B_SPLINE_CURVE_WITH_KNOTS('',3,(#8795,#8796,#8797,#8798),
 .UNSPECIFIED.,.F.,.F.,(4,4),(0.,0.000360119731599636),.UNSPECIFIED.);
#297=B_SPLINE_CURVE_WITH_KNOTS('',3,(#8823,#8824,#8825,#8826),
 .UNSPECIFIED.,.F.,.F.,(4,4),(0.,0.00144144892932117),.UNSPECIFIED.);
#298=B_SPLINE_CURVE_WITH_KNOTS('',3,(#8831,#8832,#8833,#8834,#8835,#8836,
#8837,#8838,#8839),.UNSPECIFIED.,.F.,.F.,(4,1,1,1,1,1,4),(0.,0.000795932949049813,
0.00159186589809963,0.00198983237262453,0.00238779884714944,0.00278576532167435,
0.00318373179619925),.UNSPECIFIED.);
#299=B_SPLINE_CURVE_WITH_KNOTS('',3,(#8841,#8842,#8843,#8844),
 .UNSPECIFIED.,.F.,.F.,(4,4),(-8.95815323607277E-6,0.000429018533209727),
 .UNSPECIFIED.);
#300=B_SPLINE_CURVE_WITH_KNOTS('',3,(#8846,#8847,#8848,#8849),
 .UNSPECIFIED.,.F.,.F.,(4,4),(0.,0.000438096502366011),.UNSPECIFIED.);
#301=B_SPLINE_CURVE_WITH_KNOTS('',3,(#8850,#8851,#8852,#8853,#8854,#8855,
#8856,#8857,#8858),.UNSPECIFIED.,.F.,.F.,(4,1,1,1,1,1,4),(6.58281275358131E-17,
0.00079593294904993,0.00159186589809979,0.00198983237262473,0.00238779884714966,
0.00278576532167459,0.00318373179619952),.UNSPECIFIED.);
#302=B_SPLINE_CURVE_WITH_KNOTS('',3,(#8865,#8866,#8867,#8868),
 .UNSPECIFIED.,.F.,.F.,(4,4),(0.,0.000658787826811879),.UNSPECIFIED.);
#303=B_SPLINE_CURVE_WITH_KNOTS('',3,(#8870,#8871,#8872,#8873),
 .UNSPECIFIED.,.F.,.F.,(4,4),(0.,0.000265548556517813),.UNSPECIFIED.);
#304=B_SPLINE_CURVE_WITH_KNOTS('',3,(#8876,#8877,#8878,#8879),
 .UNSPECIFIED.,.F.,.F.,(4,4),(1.32803250960683E-15,0.000135435520723478),
 .UNSPECIFIED.);
#305=B_SPLINE_CURVE_WITH_KNOTS('',3,(#8881,#8882,#8883,#8884),
 .UNSPECIFIED.,.F.,.F.,(4,4),(0.,0.00103622291029151),.UNSPECIFIED.);
#306=B_SPLINE_CURVE_WITH_KNOTS('',3,(#8888,#8889,#8890,#8891),
 .UNSPECIFIED.,.F.,.F.,(4,4),(0.,0.00069241150056484),.UNSPECIFIED.);
#307=B_SPLINE_CURVE_WITH_KNOTS('',3,(#8893,#8894,#8895,#8896),
 .UNSPECIFIED.,.F.,.F.,(4,4),(0.,0.000514296510606776),.UNSPECIFIED.);
#308=B_SPLINE_CURVE_WITH_KNOTS('',3,(#8898,#8899,#8900,#8901),
 .UNSPECIFIED.,.F.,.F.,(4,4),(0.000462398776552046,0.00047894667869613),
 .UNSPECIFIED.);
#309=B_SPLINE_CURVE_WITH_KNOTS('',3,(#8904,#8905,#8906,#8907),
 .UNSPECIFIED.,.F.,.F.,(4,4),(0.,0.000150535521192293),.UNSPECIFIED.);
#310=B_SPLINE_CURVE_WITH_KNOTS('',3,(#8910,#8911,#8912,#8913),
 .UNSPECIFIED.,.F.,.F.,(4,4),(8.38429740468062E-17,0.000344039851567959),
 .UNSPECIFIED.);
#311=B_SPLINE_CURVE_WITH_KNOTS('',3,(#8915,#8916,#8917,#8918),
 .UNSPECIFIED.,.F.,.F.,(4,4),(0.,0.000853864835862273),.UNSPECIFIED.);
#312=B_SPLINE_CURVE_WITH_KNOTS('',3,(#8922,#8923,#8924,#8925),
 .UNSPECIFIED.,.F.,.F.,(4,4),(0.,0.000840083351825667),.UNSPECIFIED.);
#313=B_SPLINE_CURVE_WITH_KNOTS('',3,(#8927,#8928,#8929,#8930),
 .UNSPECIFIED.,.F.,.F.,(4,4),(0.,0.000344167834887738),.UNSPECIFIED.);
#314=B_SPLINE_CURVE_WITH_KNOTS('',3,(#8932,#8933,#8934,#8935),
 .UNSPECIFIED.,.F.,.F.,(4,4),(0.000480153030110879,0.000629916831601287),
 .UNSPECIFIED.);
#315=B_SPLINE_CURVE_WITH_KNOTS('',3,(#8940,#8941,#8942,#8943),
 .UNSPECIFIED.,.F.,.F.,(4,4),(0.,0.000494902931675994),.UNSPECIFIED.);
#316=B_SPLINE_CURVE_WITH_KNOTS('',3,(#8945,#8946,#8947,#8948),
 .UNSPECIFIED.,.F.,.F.,(4,4),(0.,0.000350133005542092),.UNSPECIFIED.);
#317=B_SPLINE_CURVE_WITH_KNOTS('',3,(#8950,#8951,#8952,#8953),
 .UNSPECIFIED.,.F.,.F.,(4,4),(0.,0.000494117342504737),.UNSPECIFIED.);
#318=B_SPLINE_CURVE_WITH_KNOTS('',3,(#8968,#8969,#8970,#8971),
 .UNSPECIFIED.,.F.,.F.,(4,4),(0.,0.00088193260747619),.UNSPECIFIED.);
#319=B_SPLINE_CURVE_WITH_KNOTS('',3,(#8973,#8974,#8975,#8976),
 .UNSPECIFIED.,.F.,.F.,(4,4),(0.,0.00119375664410957),.UNSPECIFIED.);
#320=B_SPLINE_CURVE_WITH_KNOTS('',3,(#8979,#8980,#8981,#8982),
 .UNSPECIFIED.,.F.,.F.,(4,4),(9.0472107655596E-17,0.00119375664410982),
 .UNSPECIFIED.);
#321=B_SPLINE_CURVE_WITH_KNOTS('',3,(#8995,#8996,#8997,#8998),
 .UNSPECIFIED.,.F.,.F.,(4,4),(0.,0.000882103862363221),.UNSPECIFIED.);
#322=B_SPLINE_CURVE_WITH_KNOTS('',3,(#9012,#9013,#9014,#9015),
 .UNSPECIFIED.,.F.,.F.,(4,4),(0.,0.000225658434825781),.UNSPECIFIED.);
#323=B_SPLINE_CURVE_WITH_KNOTS('',3,(#9019,#9020,#9021,#9022),
 .UNSPECIFIED.,.F.,.F.,(4,4),(0.,0.000223124117880221),.UNSPECIFIED.);
#324=B_SPLINE_CURVE_WITH_KNOTS('',3,(#9053,#9054,#9055,#9056),
 .UNSPECIFIED.,.F.,.F.,(4,4),(0.,0.000224627543059678),.UNSPECIFIED.);
#325=B_SPLINE_CURVE_WITH_KNOTS('',3,(#9060,#9061,#9062,#9063),
 .UNSPECIFIED.,.F.,.F.,(4,4),(0.,0.000224627543059459),.UNSPECIFIED.);
#326=B_SPLINE_CURVE_WITH_KNOTS('',3,(#9095,#9096,#9097,#9098,#9099,#9100),
 .UNSPECIFIED.,.F.,.F.,(4,1,1,4),(0.,0.000263095677284782,0.000394643515927173,
0.000526191354569563),.UNSPECIFIED.);
#327=B_SPLINE_CURVE_WITH_KNOTS('',3,(#9107,#9108,#9109,#9110,#9111,#9112),
 .UNSPECIFIED.,.F.,.F.,(4,1,1,4),(0.,0.000144292589140137,0.000288585178280274,
0.000577170356560549),.UNSPECIFIED.);
#328=B_SPLINE_CURVE_WITH_KNOTS('',3,(#9117,#9118,#9119,#9120,#9121,#9122),
 .UNSPECIFIED.,.F.,.F.,(4,1,1,4),(0.,0.000139022136571359,0.000278044273142718,
0.000556088546285435),.UNSPECIFIED.);
#329=B_SPLINE_CURVE_WITH_KNOTS('',3,(#9131,#9132,#9133,#9134,#9135,#9136),
 .UNSPECIFIED.,.F.,.F.,(4,1,1,4),(0.,0.000273890957423247,0.00041083643613487,
0.000547781914846494),.UNSPECIFIED.);
#330=B_SPLINE_CURVE_WITH_KNOTS('',3,(#9155,#9156,#9157,#9158),
 .UNSPECIFIED.,.F.,.F.,(4,4),(6.08885468946782E-17,0.000329573884571616),
 .UNSPECIFIED.);
#331=B_SPLINE_CURVE_WITH_KNOTS('',3,(#9178,#9179,#9180,#9181),
 .UNSPECIFIED.,.F.,.F.,(4,4),(0.,0.000588202226188402),.UNSPECIFIED.);
#332=B_SPLINE_CURVE_WITH_KNOTS('',3,(#9194,#9195,#9196,#9197),
 .UNSPECIFIED.,.F.,.F.,(4,4),(3.25462973226292E-17,0.000595207588215232),
 .UNSPECIFIED.);
#333=B_SPLINE_CURVE_WITH_KNOTS('',3,(#9214,#9215,#9216,#9217),
 .UNSPECIFIED.,.F.,.F.,(4,4),(0.,0.000329448586429438),.UNSPECIFIED.);
#334=B_SPLINE_CURVE_WITH_KNOTS('',3,(#9239,#9240,#9241,#9242),
 .UNSPECIFIED.,.F.,.F.,(4,4),(0.,0.000434578234817859),.UNSPECIFIED.);
#335=B_SPLINE_CURVE_WITH_KNOTS('',3,(#9257,#9258,#9259,#9260),
 .UNSPECIFIED.,.F.,.F.,(4,4),(0.,0.000695431575920404),.UNSPECIFIED.);
#336=B_SPLINE_CURVE_WITH_KNOTS('',3,(#9273,#9274,#9275,#9276),
 .UNSPECIFIED.,.F.,.F.,(4,4),(0.,0.000497811669591076),.UNSPECIFIED.);
#337=B_SPLINE_CURVE_WITH_KNOTS('',3,(#9291,#9292,#9293,#9294),
 .UNSPECIFIED.,.F.,.F.,(4,4),(0.,0.000209159693762626),.UNSPECIFIED.);
#338=LINE('',#6727,#725);
#339=LINE('',#6729,#726);
#340=LINE('',#6731,#727);
#341=LINE('',#6739,#728);
#342=LINE('',#6743,#729);
#343=LINE('',#6750,#730);
#344=LINE('',#6757,#731);
#345=LINE('',#6761,#732);
#346=LINE('',#6763,#733);
#347=LINE('',#6766,#734);
#348=LINE('',#6770,#735);
#349=LINE('',#6774,#736);
#350=LINE('',#6781,#737);
#351=LINE('',#6788,#738);
#352=LINE('',#6792,#739);
#353=LINE('',#6800,#740);
#354=LINE('',#6802,#741);
#355=LINE('',#6805,#742);
#356=LINE('',#6807,#743);
#357=LINE('',#6809,#744);
#358=LINE('',#6811,#745);
#359=LINE('',#6813,#746);
#360=LINE('',#6815,#747);
#361=LINE('',#6819,#748);
#362=LINE('',#6821,#749);
#363=LINE('',#6824,#750);
#364=LINE('',#6826,#751);
#365=LINE('',#6828,#752);
#366=LINE('',#6830,#753);
#367=LINE('',#6832,#754);
#368=LINE('',#6834,#755);
#369=LINE('',#6836,#756);
#370=LINE('',#6837,#757);
#371=LINE('',#6840,#758);
#372=LINE('',#6844,#759);
#373=LINE('',#6846,#760);
#374=LINE('',#6848,#761);
#375=LINE('',#6850,#762);
#376=LINE('',#6852,#763);
#377=LINE('',#6856,#764);
#378=LINE('',#6858,#765);
#379=LINE('',#6860,#766);
#380=LINE('',#6861,#767);
#381=LINE('',#6864,#768);
#382=LINE('',#6866,#769);
#383=LINE('',#6868,#770);
#384=LINE('',#6870,#771);
#385=LINE('',#6872,#772);
#386=LINE('',#6874,#773);
#387=LINE('',#6876,#774);
#388=LINE('',#6877,#775);
#389=LINE('',#6880,#776);
#390=LINE('',#6884,#777);
#391=LINE('',#6886,#778);
#392=LINE('',#6888,#779);
#393=LINE('',#6890,#780);
#394=LINE('',#6892,#781);
#395=LINE('',#6896,#782);
#396=LINE('',#6898,#783);
#397=LINE('',#6900,#784);
#398=LINE('',#6901,#785);
#399=LINE('',#6904,#786);
#400=LINE('',#6908,#787);
#401=LINE('',#6910,#788);
#402=LINE('',#6912,#789);
#403=LINE('',#6914,#790);
#404=LINE('',#6916,#791);
#405=LINE('',#6920,#792);
#406=LINE('',#6922,#793);
#407=LINE('',#6924,#794);
#408=LINE('',#6925,#795);
#409=LINE('',#6928,#796);
#410=LINE('',#6930,#797);
#411=LINE('',#6932,#798);
#412=LINE('',#6934,#799);
#413=LINE('',#6936,#800);
#414=LINE('',#6938,#801);
#415=LINE('',#6940,#802);
#416=LINE('',#6942,#803);
#417=LINE('',#6944,#804);
#418=LINE('',#6946,#805);
#419=LINE('',#6948,#806);
#420=LINE('',#6949,#807);
#421=LINE('',#6952,#808);
#422=LINE('',#6954,#809);
#423=LINE('',#6956,#810);
#424=LINE('',#6958,#811);
#425=LINE('',#6960,#812);
#426=LINE('',#6962,#813);
#427=LINE('',#6964,#814);
#428=LINE('',#6965,#815);
#429=LINE('',#6968,#816);
#430=LINE('',#6970,#817);
#431=LINE('',#6974,#818);
#432=LINE('',#6976,#819);
#433=LINE('',#6978,#820);
#434=LINE('',#6980,#821);
#435=LINE('',#6986,#822);
#436=LINE('',#6992,#823);
#437=LINE('',#6994,#824);
#438=LINE('',#6996,#825);
#439=LINE('',#6998,#826);
#440=LINE('',#7002,#827);
#441=LINE('',#7010,#828);
#442=LINE('',#7022,#829);
#443=LINE('',#7030,#830);
#444=LINE('',#7039,#831);
#445=LINE('',#7047,#832);
#446=LINE('',#7055,#833);
#447=LINE('',#7061,#834);
#448=LINE('',#7063,#835);
#449=LINE('',#7067,#836);
#450=LINE('',#7078,#837);
#451=LINE('',#7089,#838);
#452=LINE('',#7093,#839);
#453=LINE('',#7095,#840);
#454=LINE('',#7101,#841);
#455=LINE('',#7103,#842);
#456=LINE('',#7112,#843);
#457=LINE('',#7114,#844);
#458=LINE('',#7117,#845);
#459=LINE('',#7118,#846);
#460=LINE('',#7143,#847);
#461=LINE('',#7144,#848);
#462=LINE('',#7146,#849);
#463=LINE('',#7147,#850);
#464=LINE('',#7149,#851);
#465=LINE('',#7150,#852);
#466=LINE('',#7159,#853);
#467=LINE('',#7164,#854);
#468=LINE('',#7166,#855);
#469=LINE('',#7168,#856);
#470=LINE('',#7170,#857);
#471=LINE('',#7172,#858);
#472=LINE('',#7174,#859);
#473=LINE('',#7191,#860);
#474=LINE('',#7203,#861);
#475=LINE('',#7215,#862);
#476=LINE('',#7217,#863);
#477=LINE('',#7220,#864);
#478=LINE('',#7222,#865);
#479=LINE('',#7228,#866);
#480=LINE('',#7230,#867);
#481=LINE('',#7232,#868);
#482=LINE('',#7235,#869);
#483=LINE('',#7241,#870);
#484=LINE('',#7243,#871);
#485=LINE('',#7245,#872);
#486=LINE('',#7247,#873);
#487=LINE('',#7276,#874);
#488=LINE('',#7279,#875);
#489=LINE('',#7281,#876);
#490=LINE('',#7283,#877);
#491=LINE('',#7285,#878);
#492=LINE('',#7291,#879);
#493=LINE('',#7306,#880);
#494=LINE('',#7307,#881);
#495=LINE('',#7309,#882);
#496=LINE('',#7313,#883);
#497=LINE('',#7317,#884);
#498=LINE('',#7326,#885);
#499=LINE('',#7327,#886);
#500=LINE('',#7342,#887);
#501=LINE('',#7357,#888);
#502=LINE('',#7365,#889);
#503=LINE('',#7399,#890);
#504=LINE('',#7419,#891);
#505=LINE('',#7426,#892);
#506=LINE('',#7437,#893);
#507=LINE('',#7439,#894);
#508=LINE('',#7441,#895);
#509=LINE('',#7443,#896);
#510=LINE('',#7450,#897);
#511=LINE('',#7461,#898);
#512=LINE('',#7463,#899);
#513=LINE('',#7467,#900);
#514=LINE('',#7474,#901);
#515=LINE('',#7477,#902);
#516=LINE('',#7483,#903);
#517=LINE('',#7658,#904);
#518=LINE('',#7675,#905);
#519=LINE('',#7679,#906);
#520=LINE('',#7681,#907);
#521=LINE('',#7683,#908);
#522=LINE('',#7685,#909);
#523=LINE('',#7694,#910);
#524=LINE('',#7696,#911);
#525=LINE('',#7698,#912);
#526=LINE('',#7705,#913);
#527=LINE('',#7707,#914);
#528=LINE('',#7709,#915);
#529=LINE('',#7711,#916);
#530=LINE('',#7713,#917);
#531=LINE('',#7715,#918);
#532=LINE('',#7722,#919);
#533=LINE('',#7731,#920);
#534=LINE('',#7733,#921);
#535=LINE('',#7735,#922);
#536=LINE('',#7737,#923);
#537=LINE('',#7739,#924);
#538=LINE('',#7741,#925);
#539=LINE('',#7743,#926);
#540=LINE('',#7745,#927);
#541=LINE('',#7752,#928);
#542=LINE('',#7757,#929);
#543=LINE('',#7760,#930);
#544=LINE('',#7762,#931);
#545=LINE('',#7769,#932);
#546=LINE('',#7771,#933);
#547=LINE('',#7773,#934);
#548=LINE('',#7775,#935);
#549=LINE('',#7777,#936);
#550=LINE('',#7779,#937);
#551=LINE('',#7781,#938);
#552=LINE('',#7783,#939);
#553=LINE('',#7785,#940);
#554=LINE('',#7787,#941);
#555=LINE('',#7794,#942);
#556=LINE('',#7805,#943);
#557=LINE('',#7807,#944);
#558=LINE('',#7809,#945);
#559=LINE('',#7811,#946);
#560=LINE('',#7813,#947);
#561=LINE('',#7815,#948);
#562=LINE('',#7817,#949);
#563=LINE('',#7819,#950);
#564=LINE('',#7821,#951);
#565=LINE('',#7823,#952);
#566=LINE('',#7825,#953);
#567=LINE('',#7827,#954);
#568=LINE('',#7829,#955);
#569=LINE('',#7831,#956);
#570=LINE('',#7833,#957);
#571=LINE('',#7835,#958);
#572=LINE('',#7837,#959);
#573=LINE('',#7838,#960);
#574=LINE('',#7841,#961);
#575=LINE('',#7844,#962);
#576=LINE('',#7846,#963);
#577=LINE('',#7853,#964);
#578=LINE('',#7855,#965);
#579=LINE('',#7857,#966);
#580=LINE('',#7859,#967);
#581=LINE('',#7861,#968);
#582=LINE('',#7863,#969);
#583=LINE('',#7865,#970);
#584=LINE('',#7867,#971);
#585=LINE('',#7869,#972);
#586=LINE('',#7871,#973);
#587=LINE('',#7878,#974);
#588=LINE('',#7889,#975);
#589=LINE('',#7891,#976);
#590=LINE('',#7893,#977);
#591=LINE('',#7895,#978);
#592=LINE('',#7897,#979);
#593=LINE('',#7899,#980);
#594=LINE('',#7901,#981);
#595=LINE('',#7903,#982);
#596=LINE('',#7905,#983);
#597=LINE('',#7907,#984);
#598=LINE('',#7909,#985);
#599=LINE('',#7911,#986);
#600=LINE('',#7913,#987);
#601=LINE('',#7915,#988);
#602=LINE('',#7917,#989);
#603=LINE('',#7919,#990);
#604=LINE('',#7921,#991);
#605=LINE('',#7922,#992);
#606=LINE('',#7925,#993);
#607=LINE('',#7927,#994);
#608=LINE('',#7934,#995);
#609=LINE('',#7936,#996);
#610=LINE('',#7938,#997);
#611=LINE('',#7940,#998);
#612=LINE('',#7942,#999);
#613=LINE('',#7944,#1000);
#614=LINE('',#7951,#1001);
#615=LINE('',#7960,#1002);
#616=LINE('',#7962,#1003);
#617=LINE('',#7964,#1004);
#618=LINE('',#7966,#1005);
#619=LINE('',#7968,#1006);
#620=LINE('',#7970,#1007);
#621=LINE('',#7972,#1008);
#622=LINE('',#7974,#1009);
#623=LINE('',#7981,#1010);
#624=LINE('',#7986,#1011);
#625=LINE('',#7988,#1012);
#626=LINE('',#7995,#1013);
#627=LINE('',#7997,#1014);
#628=LINE('',#7999,#1015);
#629=LINE('',#8001,#1016);
#630=LINE('',#8003,#1017);
#631=LINE('',#8005,#1018);
#632=LINE('',#8012,#1019);
#633=LINE('',#8021,#1020);
#634=LINE('',#8023,#1021);
#635=LINE('',#8025,#1022);
#636=LINE('',#8027,#1023);
#637=LINE('',#8029,#1024);
#638=LINE('',#8031,#1025);
#639=LINE('',#8033,#1026);
#640=LINE('',#8035,#1027);
#641=LINE('',#8042,#1028);
#642=LINE('',#8047,#1029);
#643=LINE('',#8049,#1030);
#644=LINE('',#8051,#1031);
#645=LINE('',#8053,#1032);
#646=LINE('',#8055,#1033);
#647=LINE('',#8057,#1034);
#648=LINE('',#8059,#1035);
#649=LINE('',#8061,#1036);
#650=LINE('',#8063,#1037);
#651=LINE('',#8065,#1038);
#652=LINE('',#8067,#1039);
#653=LINE('',#8069,#1040);
#654=LINE('',#8071,#1041);
#655=LINE('',#8073,#1042);
#656=LINE('',#8075,#1043);
#657=LINE('',#8077,#1044);
#658=LINE('',#8079,#1045);
#659=LINE('',#8081,#1046);
#660=LINE('',#8083,#1047);
#661=LINE('',#8085,#1048);
#662=LINE('',#8087,#1049);
#663=LINE('',#8089,#1050);
#664=LINE('',#8091,#1051);
#665=LINE('',#8093,#1052);
#666=LINE('',#8096,#1053);
#667=LINE('',#8098,#1054);
#668=LINE('',#8100,#1055);
#669=LINE('',#8102,#1056);
#670=LINE('',#8104,#1057);
#671=LINE('',#8106,#1058);
#672=LINE('',#8108,#1059);
#673=LINE('',#8110,#1060);
#674=LINE('',#8112,#1061);
#675=LINE('',#8114,#1062);
#676=LINE('',#8116,#1063);
#677=LINE('',#8118,#1064);
#678=LINE('',#8120,#1065);
#679=LINE('',#8122,#1066);
#680=LINE('',#8124,#1067);
#681=LINE('',#8126,#1068);
#682=LINE('',#8131,#1069);
#683=LINE('',#8136,#1070);
#684=LINE('',#8143,#1071);
#685=LINE('',#8148,#1072);
#686=LINE('',#8155,#1073);
#687=LINE('',#8158,#1074);
#688=LINE('',#8165,#1075);
#689=LINE('',#8167,#1076);
#690=LINE('',#8356,#1077);
#691=LINE('',#8367,#1078);
#692=LINE('',#8373,#1079);
#693=LINE('',#8391,#1080);
#694=LINE('',#8417,#1081);
#695=LINE('',#8448,#1082);
#696=LINE('',#8454,#1083);
#697=LINE('',#8863,#1084);
#698=LINE('',#8902,#1085);
#699=LINE('',#8937,#1086);
#700=LINE('',#8938,#1087);
#701=LINE('',#9007,#1088);
#702=LINE('',#9010,#1089);
#703=LINE('',#9017,#1090);
#704=LINE('',#9025,#1091);
#705=LINE('',#9027,#1092);
#706=LINE('',#9029,#1093);
#707=LINE('',#9037,#1094);
#708=LINE('',#9039,#1095);
#709=LINE('',#9041,#1096);
#710=LINE('',#9048,#1097);
#711=LINE('',#9051,#1098);
#712=LINE('',#9058,#1099);
#713=LINE('',#9066,#1100);
#714=LINE('',#9068,#1101);
#715=LINE('',#9070,#1102);
#716=LINE('',#9075,#1103);
#717=LINE('',#9078,#1104);
#718=LINE('',#9082,#1105);
#719=LINE('',#9084,#1106);
#720=LINE('',#9093,#1107);
#721=LINE('',#9103,#1108);
#722=LINE('',#9116,#1109);
#723=LINE('',#9126,#1110);
#724=LINE('',#9137,#1111);
#725=VECTOR('',#5445,1.);
#726=VECTOR('',#5446,1.);
#727=VECTOR('',#5447,1.);
#728=VECTOR('',#5454,1.);
#729=VECTOR('',#5457,1.);
#730=VECTOR('',#5458,1.);
#731=VECTOR('',#5459,1.);
#732=VECTOR('',#5462,1.);
#733=VECTOR('',#5465,1.);
#734=VECTOR('',#5466,1.);
#735=VECTOR('',#5469,1.);
#736=VECTOR('',#5472,1.);
#737=VECTOR('',#5473,1.);
#738=VECTOR('',#5474,1.);
#739=VECTOR('',#5477,1.);
#740=VECTOR('',#5484,1.);
#741=VECTOR('',#5487,1.);
#742=VECTOR('',#5488,1.);
#743=VECTOR('',#5489,1.);
#744=VECTOR('',#5490,1.);
#745=VECTOR('',#5491,1.);
#746=VECTOR('',#5492,1.);
#747=VECTOR('',#5495,1.);
#748=VECTOR('',#5498,1.);
#749=VECTOR('',#5501,1.);
#750=VECTOR('',#5502,1.);
#751=VECTOR('',#5503,1.);
#752=VECTOR('',#5504,1.);
#753=VECTOR('',#5505,1.);
#754=VECTOR('',#5506,1.);
#755=VECTOR('',#5507,1.);
#756=VECTOR('',#5508,1.);
#757=VECTOR('',#5509,1.);
#758=VECTOR('',#5510,1.);
#759=VECTOR('',#5513,1.);
#760=VECTOR('',#5514,1.);
#761=VECTOR('',#5515,1.);
#762=VECTOR('',#5516,1.);
#763=VECTOR('',#5517,1.);
#764=VECTOR('',#5520,1.);
#765=VECTOR('',#5521,1.);
#766=VECTOR('',#5522,1.);
#767=VECTOR('',#5523,1.);
#768=VECTOR('',#5524,1.);
#769=VECTOR('',#5525,1.);
#770=VECTOR('',#5526,1.);
#771=VECTOR('',#5527,1.);
#772=VECTOR('',#5528,1.);
#773=VECTOR('',#5529,1.);
#774=VECTOR('',#5530,1.);
#775=VECTOR('',#5531,1.);
#776=VECTOR('',#5532,1.);
#777=VECTOR('',#5535,1.);
#778=VECTOR('',#5536,1.);
#779=VECTOR('',#5537,1.);
#780=VECTOR('',#5538,1.);
#781=VECTOR('',#5539,1.);
#782=VECTOR('',#5542,1.);
#783=VECTOR('',#5543,1.);
#784=VECTOR('',#5544,1.);
#785=VECTOR('',#5545,1.);
#786=VECTOR('',#5546,1.);
#787=VECTOR('',#5549,1.);
#788=VECTOR('',#5550,1.);
#789=VECTOR('',#5551,1.);
#790=VECTOR('',#5552,1.);
#791=VECTOR('',#5553,1.);
#792=VECTOR('',#5556,1.);
#793=VECTOR('',#5557,1.);
#794=VECTOR('',#5558,1.);
#795=VECTOR('',#5559,1.);
#796=VECTOR('',#5560,1.);
#797=VECTOR('',#5561,1.);
#798=VECTOR('',#5562,1.);
#799=VECTOR('',#5563,1.);
#800=VECTOR('',#5564,1.);
#801=VECTOR('',#5565,1.);
#802=VECTOR('',#5566,1.);
#803=VECTOR('',#5567,1.);
#804=VECTOR('',#5568,1.);
#805=VECTOR('',#5569,1.);
#806=VECTOR('',#5570,1.);
#807=VECTOR('',#5571,1.);
#808=VECTOR('',#5572,1.);
#809=VECTOR('',#5573,1.);
#810=VECTOR('',#5574,1.);
#811=VECTOR('',#5575,1.);
#812=VECTOR('',#5576,1.);
#813=VECTOR('',#5577,1.);
#814=VECTOR('',#5578,1.);
#815=VECTOR('',#5579,1.);
#816=VECTOR('',#5580,1.);
#817=VECTOR('',#5581,1.);
#818=VECTOR('',#5584,1.);
#819=VECTOR('',#5585,1.);
#820=VECTOR('',#5586,1.);
#821=VECTOR('',#5587,1.);
#822=VECTOR('',#5592,1.);
#823=VECTOR('',#5597,1.);
#824=VECTOR('',#5598,1.);
#825=VECTOR('',#5599,1.);
#826=VECTOR('',#5600,1.);
#827=VECTOR('',#5605,1.);
#828=VECTOR('',#5612,1.);
#829=VECTOR('',#5623,1.);
#830=VECTOR('',#5630,1.);
#831=VECTOR('',#5639,1.);
#832=VECTOR('',#5646,1.);
#833=VECTOR('',#5655,1.);
#834=VECTOR('',#5660,1.);
#835=VECTOR('',#5661,1.);
#836=VECTOR('',#5664,1.);
#837=VECTOR('',#5669,1.);
#838=VECTOR('',#5674,1.);
#839=VECTOR('',#5677,1.);
#840=VECTOR('',#5678,1.);
#841=VECTOR('',#5685,1.);
#842=VECTOR('',#5686,1.);
#843=VECTOR('',#5687,1.);
#844=VECTOR('',#5690,1.);
#845=VECTOR('',#5691,1.);
#846=VECTOR('',#5692,1.);
#847=VECTOR('',#5707,1.);
#848=VECTOR('',#5708,1.);
#849=VECTOR('',#5711,1.);
#850=VECTOR('',#5712,1.);
#851=VECTOR('',#5715,1.);
#852=VECTOR('',#5716,1.);
#853=VECTOR('',#5725,1.);
#854=VECTOR('',#5730,1.);
#855=VECTOR('',#5731,1.);
#856=VECTOR('',#5732,1.);
#857=VECTOR('',#5733,1.);
#858=VECTOR('',#5734,1.);
#859=VECTOR('',#5735,1.);
#860=VECTOR('',#5742,1.);
#861=VECTOR('',#5745,1.);
#862=VECTOR('',#5750,1.);
#863=VECTOR('',#5753,1.);
#864=VECTOR('',#5754,1.);
#865=VECTOR('',#5755,1.);
#866=VECTOR('',#5760,1.);
#867=VECTOR('',#5761,1.);
#868=VECTOR('',#5764,1.);
#869=VECTOR('',#5765,1.);
#870=VECTOR('',#5770,1.);
#871=VECTOR('',#5771,1.);
#872=VECTOR('',#5772,1.);
#873=VECTOR('',#5773,1.);
#874=VECTOR('',#5790,1.);
#875=VECTOR('',#5791,1.);
#876=VECTOR('',#5792,1.);
#877=VECTOR('',#5793,1.);
#878=VECTOR('',#5794,1.);
#879=VECTOR('',#5801,1.);
#880=VECTOR('',#5802,1.);
#881=VECTOR('',#5803,1.);
#882=VECTOR('',#5806,1.);
#883=VECTOR('',#5811,1.);
#884=VECTOR('',#5814,1.);
#885=VECTOR('',#5817,1.);
#886=VECTOR('',#5818,1.);
#887=VECTOR('',#5827,1.);
#888=VECTOR('',#5832,1.);
#889=VECTOR('',#5833,1.);
#890=VECTOR('',#5840,1.);
#891=VECTOR('',#5845,1.);
#892=VECTOR('',#5848,1.);
#893=VECTOR('',#5859,1.);
#894=VECTOR('',#5862,1.);
#895=VECTOR('',#5865,1.);
#896=VECTOR('',#5866,1.);
#897=VECTOR('',#5869,1.);
#898=VECTOR('',#5876,1.);
#899=VECTOR('',#5879,1.);
#900=VECTOR('',#5882,1.);
#901=VECTOR('',#5885,1.);
#902=VECTOR('',#5890,1.);
#903=VECTOR('',#5893,1.);
#904=VECTOR('',#5926,1.);
#905=VECTOR('',#5945,1.);
#906=VECTOR('',#5948,1.);
#907=VECTOR('',#5951,1.);
#908=VECTOR('',#5952,1.);
#909=VECTOR('',#5955,1.);
#910=VECTOR('',#5966,1.);
#911=VECTOR('',#5969,1.);
#912=VECTOR('',#5970,1.);
#913=VECTOR('',#5973,1.);
#914=VECTOR('',#5974,1.);
#915=VECTOR('',#5977,1.);
#916=VECTOR('',#5978,1.);
#917=VECTOR('',#5981,1.);
#918=VECTOR('',#5982,1.);
#919=VECTOR('',#5985,1.);
#920=VECTOR('',#5992,1.);
#921=VECTOR('',#5993,1.);
#922=VECTOR('',#5996,1.);
#923=VECTOR('',#5997,1.);
#924=VECTOR('',#6000,1.);
#925=VECTOR('',#6001,1.);
#926=VECTOR('',#6004,1.);
#927=VECTOR('',#6005,1.);
#928=VECTOR('',#6008,1.);
#929=VECTOR('',#6017,1.);
#930=VECTOR('',#6018,1.);
#931=VECTOR('',#6019,1.);
#932=VECTOR('',#6022,1.);
#933=VECTOR('',#6023,1.);
#934=VECTOR('',#6024,1.);
#935=VECTOR('',#6027,1.);
#936=VECTOR('',#6028,1.);
#937=VECTOR('',#6029,1.);
#938=VECTOR('',#6032,1.);
#939=VECTOR('',#6033,1.);
#940=VECTOR('',#6034,1.);
#941=VECTOR('',#6037,1.);
#942=VECTOR('',#6038,1.);
#943=VECTOR('',#6047,1.);
#944=VECTOR('',#6048,1.);
#945=VECTOR('',#6049,1.);
#946=VECTOR('',#6052,1.);
#947=VECTOR('',#6053,1.);
#948=VECTOR('',#6056,1.);
#949=VECTOR('',#6057,1.);
#950=VECTOR('',#6060,1.);
#951=VECTOR('',#6061,1.);
#952=VECTOR('',#6064,1.);
#953=VECTOR('',#6065,1.);
#954=VECTOR('',#6068,1.);
#955=VECTOR('',#6069,1.);
#956=VECTOR('',#6072,1.);
#957=VECTOR('',#6073,1.);
#958=VECTOR('',#6076,1.);
#959=VECTOR('',#6079,1.);
#960=VECTOR('',#6080,1.);
#961=VECTOR('',#6085,1.);
#962=VECTOR('',#6086,1.);
#963=VECTOR('',#6087,1.);
#964=VECTOR('',#6090,1.);
#965=VECTOR('',#6091,1.);
#966=VECTOR('',#6092,1.);
#967=VECTOR('',#6095,1.);
#968=VECTOR('',#6096,1.);
#969=VECTOR('',#6097,1.);
#970=VECTOR('',#6100,1.);
#971=VECTOR('',#6101,1.);
#972=VECTOR('',#6102,1.);
#973=VECTOR('',#6105,1.);
#974=VECTOR('',#6106,1.);
#975=VECTOR('',#6115,1.);
#976=VECTOR('',#6116,1.);
#977=VECTOR('',#6117,1.);
#978=VECTOR('',#6120,1.);
#979=VECTOR('',#6121,1.);
#980=VECTOR('',#6124,1.);
#981=VECTOR('',#6125,1.);
#982=VECTOR('',#6128,1.);
#983=VECTOR('',#6129,1.);
#984=VECTOR('',#6132,1.);
#985=VECTOR('',#6133,1.);
#986=VECTOR('',#6136,1.);
#987=VECTOR('',#6137,1.);
#988=VECTOR('',#6140,1.);
#989=VECTOR('',#6141,1.);
#990=VECTOR('',#6144,1.);
#991=VECTOR('',#6147,1.);
#992=VECTOR('',#6148,1.);
#993=VECTOR('',#6153,1.);
#994=VECTOR('',#6154,1.);
#995=VECTOR('',#6157,1.);
#996=VECTOR('',#6158,1.);
#997=VECTOR('',#6161,1.);
#998=VECTOR('',#6162,1.);
#999=VECTOR('',#6165,1.);
#1000=VECTOR('',#6166,1.);
#1001=VECTOR('',#6169,1.);
#1002=VECTOR('',#6176,1.);
#1003=VECTOR('',#6177,1.);
#1004=VECTOR('',#6180,1.);
#1005=VECTOR('',#6181,1.);
#1006=VECTOR('',#6184,1.);
#1007=VECTOR('',#6185,1.);
#1008=VECTOR('',#6188,1.);
#1009=VECTOR('',#6189,1.);
#1010=VECTOR('',#6192,1.);
#1011=VECTOR('',#6201,1.);
#1012=VECTOR('',#6202,1.);
#1013=VECTOR('',#6205,1.);
#1014=VECTOR('',#6206,1.);
#1015=VECTOR('',#6209,1.);
#1016=VECTOR('',#6210,1.);
#1017=VECTOR('',#6213,1.);
#1018=VECTOR('',#6214,1.);
#1019=VECTOR('',#6217,1.);
#1020=VECTOR('',#6224,1.);
#1021=VECTOR('',#6225,1.);
#1022=VECTOR('',#6228,1.);
#1023=VECTOR('',#6229,1.);
#1024=VECTOR('',#6232,1.);
#1025=VECTOR('',#6233,1.);
#1026=VECTOR('',#6236,1.);
#1027=VECTOR('',#6237,1.);
#1028=VECTOR('',#6240,1.);
#1029=VECTOR('',#6249,1.);
#1030=VECTOR('',#6250,1.);
#1031=VECTOR('',#6251,1.);
#1032=VECTOR('',#6254,1.);
#1033=VECTOR('',#6255,1.);
#1034=VECTOR('',#6258,1.);
#1035=VECTOR('',#6259,1.);
#1036=VECTOR('',#6262,1.);
#1037=VECTOR('',#6263,1.);
#1038=VECTOR('',#6266,1.);
#1039=VECTOR('',#6267,1.);
#1040=VECTOR('',#6270,1.);
#1041=VECTOR('',#6271,1.);
#1042=VECTOR('',#6274,1.);
#1043=VECTOR('',#6275,1.);
#1044=VECTOR('',#6278,1.);
#1045=VECTOR('',#6279,1.);
#1046=VECTOR('',#6282,1.);
#1047=VECTOR('',#6283,1.);
#1048=VECTOR('',#6286,1.);
#1049=VECTOR('',#6287,1.);
#1050=VECTOR('',#6290,1.);
#1051=VECTOR('',#6291,1.);
#1052=VECTOR('',#6294,1.);
#1053=VECTOR('',#6299,1.);
#1054=VECTOR('',#6300,1.);
#1055=VECTOR('',#6301,1.);
#1056=VECTOR('',#6304,1.);
#1057=VECTOR('',#6305,1.);
#1058=VECTOR('',#6308,1.);
#1059=VECTOR('',#6309,1.);
#1060=VECTOR('',#6312,1.);
#1061=VECTOR('',#6313,1.);
#1062=VECTOR('',#6316,1.);
#1063=VECTOR('',#6317,1.);
#1064=VECTOR('',#6320,1.);
#1065=VECTOR('',#6321,1.);
#1066=VECTOR('',#6324,1.);
#1067=VECTOR('',#6325,1.);
#1068=VECTOR('',#6328,1.);
#1069=VECTOR('',#6337,1.);
#1070=VECTOR('',#6340,1.);
#1071=VECTOR('',#6343,1.);
#1072=VECTOR('',#6346,1.);
#1073=VECTOR('',#6349,1.);
#1074=VECTOR('',#6350,1.);
#1075=VECTOR('',#6353,1.);
#1076=VECTOR('',#6354,1.);
#1077=VECTOR('',#6427,1.);
#1078=VECTOR('',#6434,1.);
#1079=VECTOR('',#6437,1.);
#1080=VECTOR('',#6440,1.);
#1081=VECTOR('',#6443,1.);
#1082=VECTOR('',#6446,1.);
#1083=VECTOR('',#6453,1.);
#1084=VECTOR('',#6538,1.);
#1085=VECTOR('',#6543,1.);
#1086=VECTOR('',#6548,1.);
#1087=VECTOR('',#6549,1.);
#1088=VECTOR('',#6574,1.);
#1089=VECTOR('',#6575,1.);
#1090=VECTOR('',#6576,1.);
#1091=VECTOR('',#6579,1.);
#1092=VECTOR('',#6580,1.);
#1093=VECTOR('',#6581,1.);
#1094=VECTOR('',#6592,1.);
#1095=VECTOR('',#6593,1.);
#1096=VECTOR('',#6594,1.);
#1097=VECTOR('',#6603,1.);
#1098=VECTOR('',#6604,1.);
#1099=VECTOR('',#6605,1.);
#1100=VECTOR('',#6608,1.);
#1101=VECTOR('',#6609,1.);
#1102=VECTOR('',#6610,1.);
#1103=VECTOR('',#6619,1.);
#1104=VECTOR('',#6620,1.);
#1105=VECTOR('',#6623,1.);
#1106=VECTOR('',#6626,1.);
#1107=VECTOR('',#6639,1.);
#1108=VECTOR('',#6646,1.);
#1109=VECTOR('',#6657,1.);
#1110=VECTOR('',#6662,1.);
#1111=VECTOR('',#6671,1.);
#1112=ORIENTED_EDGE('',*,*,#2588,.T.);
#1113=ORIENTED_EDGE('',*,*,#2589,.T.);
#1114=ORIENTED_EDGE('',*,*,#2590,.T.);
#1115=ORIENTED_EDGE('',*,*,#2591,.T.);
#1116=ORIENTED_EDGE('',*,*,#2592,.T.);
#1117=ORIENTED_EDGE('',*,*,#2593,.T.);
#1118=ORIENTED_EDGE('',*,*,#2594,.F.);
#1119=ORIENTED_EDGE('',*,*,#2595,.T.);
#1120=ORIENTED_EDGE('',*,*,#2596,.F.);
#1121=ORIENTED_EDGE('',*,*,#2597,.T.);
#1122=ORIENTED_EDGE('',*,*,#2598,.T.);
#1123=ORIENTED_EDGE('',*,*,#2599,.T.);
#1124=ORIENTED_EDGE('',*,*,#2600,.T.);
#1125=ORIENTED_EDGE('',*,*,#2601,.T.);
#1126=ORIENTED_EDGE('',*,*,#2602,.F.);
#1127=ORIENTED_EDGE('',*,*,#2603,.T.);
#1128=ORIENTED_EDGE('',*,*,#2604,.T.);
#1129=ORIENTED_EDGE('',*,*,#2605,.T.);
#1130=ORIENTED_EDGE('',*,*,#2606,.T.);
#1131=ORIENTED_EDGE('',*,*,#2607,.F.);
#1132=ORIENTED_EDGE('',*,*,#2608,.T.);
#1133=ORIENTED_EDGE('',*,*,#2609,.T.);
#1134=ORIENTED_EDGE('',*,*,#2610,.T.);
#1135=ORIENTED_EDGE('',*,*,#2611,.T.);
#1136=ORIENTED_EDGE('',*,*,#2612,.T.);
#1137=ORIENTED_EDGE('',*,*,#2613,.T.);
#1138=ORIENTED_EDGE('',*,*,#2614,.T.);
#1139=ORIENTED_EDGE('',*,*,#2615,.F.);
#1140=ORIENTED_EDGE('',*,*,#2616,.T.);
#1141=ORIENTED_EDGE('',*,*,#2617,.F.);
#1142=ORIENTED_EDGE('',*,*,#2618,.T.);
#1143=ORIENTED_EDGE('',*,*,#2619,.T.);
#1144=ORIENTED_EDGE('',*,*,#2620,.T.);
#1145=ORIENTED_EDGE('',*,*,#2621,.T.);
#1146=ORIENTED_EDGE('',*,*,#2622,.T.);
#1147=ORIENTED_EDGE('',*,*,#2623,.T.);
#1148=ORIENTED_EDGE('',*,*,#2624,.T.);
#1149=ORIENTED_EDGE('',*,*,#2625,.T.);
#1150=ORIENTED_EDGE('',*,*,#2626,.F.);
#1151=ORIENTED_EDGE('',*,*,#2627,.T.);
#1152=ORIENTED_EDGE('',*,*,#2628,.F.);
#1153=ORIENTED_EDGE('',*,*,#2593,.F.);
#1154=ORIENTED_EDGE('',*,*,#2629,.T.);
#1155=ORIENTED_EDGE('',*,*,#2630,.T.);
#1156=ORIENTED_EDGE('',*,*,#2631,.T.);
#1157=ORIENTED_EDGE('',*,*,#2632,.T.);
#1158=ORIENTED_EDGE('',*,*,#2633,.T.);
#1159=ORIENTED_EDGE('',*,*,#2634,.T.);
#1160=ORIENTED_EDGE('',*,*,#2635,.T.);
#1161=ORIENTED_EDGE('',*,*,#2636,.T.);
#1162=ORIENTED_EDGE('',*,*,#2637,.T.);
#1163=ORIENTED_EDGE('',*,*,#2638,.T.);
#1164=ORIENTED_EDGE('',*,*,#2639,.T.);
#1165=ORIENTED_EDGE('',*,*,#2640,.T.);
#1166=ORIENTED_EDGE('',*,*,#2641,.T.);
#1167=ORIENTED_EDGE('',*,*,#2642,.T.);
#1168=ORIENTED_EDGE('',*,*,#2643,.T.);
#1169=ORIENTED_EDGE('',*,*,#2644,.T.);
#1170=ORIENTED_EDGE('',*,*,#2645,.T.);
#1171=ORIENTED_EDGE('',*,*,#2646,.T.);
#1172=ORIENTED_EDGE('',*,*,#2647,.T.);
#1173=ORIENTED_EDGE('',*,*,#2648,.T.);
#1174=ORIENTED_EDGE('',*,*,#2649,.T.);
#1175=ORIENTED_EDGE('',*,*,#2650,.T.);
#1176=ORIENTED_EDGE('',*,*,#2651,.T.);
#1177=ORIENTED_EDGE('',*,*,#2652,.T.);
#1178=ORIENTED_EDGE('',*,*,#2653,.T.);
#1179=ORIENTED_EDGE('',*,*,#2654,.T.);
#1180=ORIENTED_EDGE('',*,*,#2655,.T.);
#1181=ORIENTED_EDGE('',*,*,#2656,.T.);
#1182=ORIENTED_EDGE('',*,*,#2657,.T.);
#1183=ORIENTED_EDGE('',*,*,#2658,.T.);
#1184=ORIENTED_EDGE('',*,*,#2659,.T.);
#1185=ORIENTED_EDGE('',*,*,#2660,.T.);
#1186=ORIENTED_EDGE('',*,*,#2661,.T.);
#1187=ORIENTED_EDGE('',*,*,#2662,.T.);
#1188=ORIENTED_EDGE('',*,*,#2663,.T.);
#1189=ORIENTED_EDGE('',*,*,#2664,.T.);
#1190=ORIENTED_EDGE('',*,*,#2665,.T.);
#1191=ORIENTED_EDGE('',*,*,#2666,.T.);
#1192=ORIENTED_EDGE('',*,*,#2667,.T.);
#1193=ORIENTED_EDGE('',*,*,#2668,.T.);
#1194=ORIENTED_EDGE('',*,*,#2669,.T.);
#1195=ORIENTED_EDGE('',*,*,#2670,.T.);
#1196=ORIENTED_EDGE('',*,*,#2671,.T.);
#1197=ORIENTED_EDGE('',*,*,#2672,.T.);
#1198=ORIENTED_EDGE('',*,*,#2673,.T.);
#1199=ORIENTED_EDGE('',*,*,#2674,.T.);
#1200=ORIENTED_EDGE('',*,*,#2675,.T.);
#1201=ORIENTED_EDGE('',*,*,#2676,.T.);
#1202=ORIENTED_EDGE('',*,*,#2677,.T.);
#1203=ORIENTED_EDGE('',*,*,#2678,.T.);
#1204=ORIENTED_EDGE('',*,*,#2679,.T.);
#1205=ORIENTED_EDGE('',*,*,#2680,.T.);
#1206=ORIENTED_EDGE('',*,*,#2681,.T.);
#1207=ORIENTED_EDGE('',*,*,#2682,.T.);
#1208=ORIENTED_EDGE('',*,*,#2683,.T.);
#1209=ORIENTED_EDGE('',*,*,#2684,.T.);
#1210=ORIENTED_EDGE('',*,*,#2685,.T.);
#1211=ORIENTED_EDGE('',*,*,#2686,.T.);
#1212=ORIENTED_EDGE('',*,*,#2687,.T.);
#1213=ORIENTED_EDGE('',*,*,#2688,.T.);
#1214=ORIENTED_EDGE('',*,*,#2689,.T.);
#1215=ORIENTED_EDGE('',*,*,#2690,.T.);
#1216=ORIENTED_EDGE('',*,*,#2691,.T.);
#1217=ORIENTED_EDGE('',*,*,#2692,.T.);
#1218=ORIENTED_EDGE('',*,*,#2693,.T.);
#1219=ORIENTED_EDGE('',*,*,#2694,.T.);
#1220=ORIENTED_EDGE('',*,*,#2695,.T.);
#1221=ORIENTED_EDGE('',*,*,#2696,.T.);
#1222=ORIENTED_EDGE('',*,*,#2697,.T.);
#1223=ORIENTED_EDGE('',*,*,#2698,.T.);
#1224=ORIENTED_EDGE('',*,*,#2699,.T.);
#1225=ORIENTED_EDGE('',*,*,#2700,.T.);
#1226=ORIENTED_EDGE('',*,*,#2701,.T.);
#1227=ORIENTED_EDGE('',*,*,#2702,.T.);
#1228=ORIENTED_EDGE('',*,*,#2703,.T.);
#1229=ORIENTED_EDGE('',*,*,#2704,.T.);
#1230=ORIENTED_EDGE('',*,*,#2705,.T.);
#1231=ORIENTED_EDGE('',*,*,#2706,.T.);
#1232=ORIENTED_EDGE('',*,*,#2707,.T.);
#1233=ORIENTED_EDGE('',*,*,#2708,.T.);
#1234=ORIENTED_EDGE('',*,*,#2709,.T.);
#1235=ORIENTED_EDGE('',*,*,#2710,.T.);
#1236=ORIENTED_EDGE('',*,*,#2711,.T.);
#1237=ORIENTED_EDGE('',*,*,#2712,.T.);
#1238=ORIENTED_EDGE('',*,*,#2713,.T.);
#1239=ORIENTED_EDGE('',*,*,#2714,.T.);
#1240=ORIENTED_EDGE('',*,*,#2715,.T.);
#1241=ORIENTED_EDGE('',*,*,#2716,.T.);
#1242=ORIENTED_EDGE('',*,*,#2717,.F.);
#1243=ORIENTED_EDGE('',*,*,#2718,.T.);
#1244=ORIENTED_EDGE('',*,*,#2719,.F.);
#1245=ORIENTED_EDGE('',*,*,#2720,.T.);
#1246=ORIENTED_EDGE('',*,*,#2721,.F.);
#1247=ORIENTED_EDGE('',*,*,#2722,.T.);
#1248=ORIENTED_EDGE('',*,*,#2723,.F.);
#1249=ORIENTED_EDGE('',*,*,#2724,.T.);
#1250=ORIENTED_EDGE('',*,*,#2620,.F.);
#1251=ORIENTED_EDGE('',*,*,#2725,.F.);
#1252=ORIENTED_EDGE('',*,*,#2726,.F.);
#1253=ORIENTED_EDGE('',*,*,#2727,.T.);
#1254=ORIENTED_EDGE('',*,*,#2728,.F.);
#1255=ORIENTED_EDGE('',*,*,#2729,.T.);
#1256=ORIENTED_EDGE('',*,*,#2730,.F.);
#1257=ORIENTED_EDGE('',*,*,#2731,.T.);
#1258=ORIENTED_EDGE('',*,*,#2732,.F.);
#1259=ORIENTED_EDGE('',*,*,#2733,.T.);
#1260=ORIENTED_EDGE('',*,*,#2734,.F.);
#1261=ORIENTED_EDGE('',*,*,#2735,.F.);
#1262=ORIENTED_EDGE('',*,*,#2625,.F.);
#1263=ORIENTED_EDGE('',*,*,#2736,.F.);
#1264=ORIENTED_EDGE('',*,*,#2737,.F.);
#1265=ORIENTED_EDGE('',*,*,#2738,.F.);
#1266=ORIENTED_EDGE('',*,*,#2739,.T.);
#1267=ORIENTED_EDGE('',*,*,#2740,.F.);
#1268=ORIENTED_EDGE('',*,*,#2741,.T.);
#1269=ORIENTED_EDGE('',*,*,#2742,.F.);
#1270=ORIENTED_EDGE('',*,*,#2743,.T.);
#1271=ORIENTED_EDGE('',*,*,#2627,.F.);
#1272=ORIENTED_EDGE('',*,*,#2744,.F.);
#1273=ORIENTED_EDGE('',*,*,#2745,.F.);
#1274=ORIENTED_EDGE('',*,*,#2624,.F.);
#1275=ORIENTED_EDGE('',*,*,#2746,.T.);
#1276=ORIENTED_EDGE('',*,*,#2747,.T.);
#1277=ORIENTED_EDGE('',*,*,#2748,.T.);
#1278=ORIENTED_EDGE('',*,*,#2749,.T.);
#1279=ORIENTED_EDGE('',*,*,#2750,.T.);
#1280=ORIENTED_EDGE('',*,*,#2751,.T.);
#1281=ORIENTED_EDGE('',*,*,#2752,.T.);
#1282=ORIENTED_EDGE('',*,*,#2753,.T.);
#1283=ORIENTED_EDGE('',*,*,#2754,.T.);
#1284=ORIENTED_EDGE('',*,*,#2755,.T.);
#1285=ORIENTED_EDGE('',*,*,#2756,.T.);
#1286=ORIENTED_EDGE('',*,*,#2757,.T.);
#1287=ORIENTED_EDGE('',*,*,#2758,.T.);
#1288=ORIENTED_EDGE('',*,*,#2759,.T.);
#1289=ORIENTED_EDGE('',*,*,#2760,.T.);
#1290=ORIENTED_EDGE('',*,*,#2761,.F.);
#1291=ORIENTED_EDGE('',*,*,#2762,.T.);
#1292=ORIENTED_EDGE('',*,*,#2763,.T.);
#1293=ORIENTED_EDGE('',*,*,#2764,.F.);
#1294=ORIENTED_EDGE('',*,*,#2765,.F.);
#1295=ORIENTED_EDGE('',*,*,#2766,.T.);
#1296=ORIENTED_EDGE('',*,*,#2747,.F.);
#1297=ORIENTED_EDGE('',*,*,#2767,.T.);
#1298=ORIENTED_EDGE('',*,*,#2768,.T.);
#1299=ORIENTED_EDGE('',*,*,#2769,.T.);
#1300=ORIENTED_EDGE('',*,*,#2770,.T.);
#1301=ORIENTED_EDGE('',*,*,#2771,.T.);
#1302=ORIENTED_EDGE('',*,*,#2772,.T.);
#1303=ORIENTED_EDGE('',*,*,#2723,.T.);
#1304=ORIENTED_EDGE('',*,*,#2773,.T.);
#1305=ORIENTED_EDGE('',*,*,#2774,.T.);
#1306=ORIENTED_EDGE('',*,*,#2775,.T.);
#1307=ORIENTED_EDGE('',*,*,#2776,.T.);
#1308=ORIENTED_EDGE('',*,*,#2771,.F.);
#1309=ORIENTED_EDGE('',*,*,#2777,.T.);
#1310=ORIENTED_EDGE('',*,*,#2703,.F.);
#1311=ORIENTED_EDGE('',*,*,#2768,.F.);
#1312=ORIENTED_EDGE('',*,*,#2778,.T.);
#1313=ORIENTED_EDGE('',*,*,#2779,.T.);
#1314=ORIENTED_EDGE('',*,*,#2701,.F.);
#1315=ORIENTED_EDGE('',*,*,#2780,.T.);
#1316=ORIENTED_EDGE('',*,*,#2738,.T.);
#1317=ORIENTED_EDGE('',*,*,#2781,.T.);
#1318=ORIENTED_EDGE('',*,*,#2603,.F.);
#1319=ORIENTED_EDGE('',*,*,#2782,.T.);
#1320=ORIENTED_EDGE('',*,*,#2783,.F.);
#1321=ORIENTED_EDGE('',*,*,#2733,.F.);
#1322=ORIENTED_EDGE('',*,*,#2784,.F.);
#1323=ORIENTED_EDGE('',*,*,#2607,.T.);
#1324=ORIENTED_EDGE('',*,*,#2727,.F.);
#1325=ORIENTED_EDGE('',*,*,#2785,.T.);
#1326=ORIENTED_EDGE('',*,*,#2617,.T.);
#1327=ORIENTED_EDGE('',*,*,#2786,.T.);
#1328=ORIENTED_EDGE('',*,*,#2787,.T.);
#1329=ORIENTED_EDGE('',*,*,#2788,.T.);
#1330=ORIENTED_EDGE('',*,*,#2789,.T.);
#1331=ORIENTED_EDGE('',*,*,#2790,.T.);
#1332=ORIENTED_EDGE('',*,*,#2791,.T.);
#1333=ORIENTED_EDGE('',*,*,#2792,.T.);
#1334=ORIENTED_EDGE('',*,*,#2793,.T.);
#1335=ORIENTED_EDGE('',*,*,#2794,.T.);
#1336=ORIENTED_EDGE('',*,*,#2795,.F.);
#1337=ORIENTED_EDGE('',*,*,#2796,.T.);
#1338=ORIENTED_EDGE('',*,*,#2797,.T.);
#1339=ORIENTED_EDGE('',*,*,#2798,.T.);
#1340=ORIENTED_EDGE('',*,*,#2799,.T.);
#1341=ORIENTED_EDGE('',*,*,#2800,.T.);
#1342=ORIENTED_EDGE('',*,*,#2801,.T.);
#1343=ORIENTED_EDGE('',*,*,#2802,.F.);
#1344=ORIENTED_EDGE('',*,*,#2803,.T.);
#1345=ORIENTED_EDGE('',*,*,#2804,.T.);
#1346=ORIENTED_EDGE('',*,*,#2805,.T.);
#1347=ORIENTED_EDGE('',*,*,#2806,.T.);
#1348=ORIENTED_EDGE('',*,*,#2807,.T.);
#1349=ORIENTED_EDGE('',*,*,#2808,.T.);
#1350=ORIENTED_EDGE('',*,*,#2809,.F.);
#1351=ORIENTED_EDGE('',*,*,#2810,.T.);
#1352=ORIENTED_EDGE('',*,*,#2811,.T.);
#1353=ORIENTED_EDGE('',*,*,#2812,.T.);
#1354=ORIENTED_EDGE('',*,*,#2813,.T.);
#1355=ORIENTED_EDGE('',*,*,#2814,.T.);
#1356=ORIENTED_EDGE('',*,*,#2815,.T.);
#1357=ORIENTED_EDGE('',*,*,#2816,.T.);
#1358=ORIENTED_EDGE('',*,*,#2817,.T.);
#1359=ORIENTED_EDGE('',*,*,#2818,.T.);
#1360=ORIENTED_EDGE('',*,*,#2819,.T.);
#1361=ORIENTED_EDGE('',*,*,#2820,.T.);
#1362=ORIENTED_EDGE('',*,*,#2821,.T.);
#1363=ORIENTED_EDGE('',*,*,#2822,.T.);
#1364=ORIENTED_EDGE('',*,*,#2823,.F.);
#1365=ORIENTED_EDGE('',*,*,#2824,.F.);
#1366=ORIENTED_EDGE('',*,*,#2822,.F.);
#1367=ORIENTED_EDGE('',*,*,#2825,.T.);
#1368=ORIENTED_EDGE('',*,*,#2707,.F.);
#1369=ORIENTED_EDGE('',*,*,#2826,.T.);
#1370=ORIENTED_EDGE('',*,*,#2827,.F.);
#1371=ORIENTED_EDGE('',*,*,#2813,.F.);
#1372=ORIENTED_EDGE('',*,*,#2828,.T.);
#1373=ORIENTED_EDGE('',*,*,#2759,.F.);
#1374=ORIENTED_EDGE('',*,*,#2829,.T.);
#1375=ORIENTED_EDGE('',*,*,#2830,.T.);
#1376=ORIENTED_EDGE('',*,*,#2831,.T.);
#1377=ORIENTED_EDGE('',*,*,#2832,.T.);
#1378=ORIENTED_EDGE('',*,*,#2713,.F.);
#1379=ORIENTED_EDGE('',*,*,#2833,.T.);
#1380=ORIENTED_EDGE('',*,*,#2834,.T.);
#1381=ORIENTED_EDGE('',*,*,#2835,.F.);
#1382=ORIENTED_EDGE('',*,*,#2836,.T.);
#1383=ORIENTED_EDGE('',*,*,#2837,.T.);
#1384=ORIENTED_EDGE('',*,*,#2838,.T.);
#1385=ORIENTED_EDGE('',*,*,#2839,.T.);
#1386=ORIENTED_EDGE('',*,*,#2840,.T.);
#1387=ORIENTED_EDGE('',*,*,#2841,.T.);
#1388=ORIENTED_EDGE('',*,*,#2717,.T.);
#1389=ORIENTED_EDGE('',*,*,#2842,.T.);
#1390=ORIENTED_EDGE('',*,*,#2843,.T.);
#1391=ORIENTED_EDGE('',*,*,#2844,.T.);
#1392=ORIENTED_EDGE('',*,*,#2750,.F.);
#1393=ORIENTED_EDGE('',*,*,#2845,.T.);
#1394=ORIENTED_EDGE('',*,*,#2846,.T.);
#1395=ORIENTED_EDGE('',*,*,#2840,.F.);
#1396=ORIENTED_EDGE('',*,*,#2749,.F.);
#1397=ORIENTED_EDGE('',*,*,#2847,.T.);
#1398=ORIENTED_EDGE('',*,*,#2848,.T.);
#1399=ORIENTED_EDGE('',*,*,#2849,.T.);
#1400=ORIENTED_EDGE('',*,*,#2765,.T.);
#1401=ORIENTED_EDGE('',*,*,#2705,.F.);
#1402=ORIENTED_EDGE('',*,*,#2850,.T.);
#1403=ORIENTED_EDGE('',*,*,#2847,.F.);
#1404=ORIENTED_EDGE('',*,*,#2764,.T.);
#1405=ORIENTED_EDGE('',*,*,#2851,.F.);
#1406=ORIENTED_EDGE('',*,*,#2852,.F.);
#1407=ORIENTED_EDGE('',*,*,#2853,.T.);
#1408=ORIENTED_EDGE('',*,*,#2854,.T.);
#1409=ORIENTED_EDGE('',*,*,#2855,.T.);
#1410=ORIENTED_EDGE('',*,*,#2856,.T.);
#1411=ORIENTED_EDGE('',*,*,#2857,.T.);
#1412=ORIENTED_EDGE('',*,*,#2810,.F.);
#1413=ORIENTED_EDGE('',*,*,#2858,.T.);
#1414=ORIENTED_EDGE('',*,*,#2824,.T.);
#1415=ORIENTED_EDGE('',*,*,#2851,.T.);
#1416=ORIENTED_EDGE('',*,*,#2859,.T.);
#1417=ORIENTED_EDGE('',*,*,#2860,.F.);
#1418=ORIENTED_EDGE('',*,*,#2861,.T.);
#1419=ORIENTED_EDGE('',*,*,#2862,.T.);
#1420=ORIENTED_EDGE('',*,*,#2863,.T.);
#1421=ORIENTED_EDGE('',*,*,#2860,.T.);
#1422=ORIENTED_EDGE('',*,*,#2864,.T.);
#1423=ORIENTED_EDGE('',*,*,#2865,.T.);
#1424=ORIENTED_EDGE('',*,*,#2866,.T.);
#1425=ORIENTED_EDGE('',*,*,#2867,.T.);
#1426=ORIENTED_EDGE('',*,*,#2868,.T.);
#1427=ORIENTED_EDGE('',*,*,#2802,.T.);
#1428=ORIENTED_EDGE('',*,*,#2869,.T.);
#1429=ORIENTED_EDGE('',*,*,#2870,.T.);
#1430=ORIENTED_EDGE('',*,*,#2871,.T.);
#1431=ORIENTED_EDGE('',*,*,#2835,.T.);
#1432=ORIENTED_EDGE('',*,*,#2872,.T.);
#1433=ORIENTED_EDGE('',*,*,#2844,.F.);
#1434=ORIENTED_EDGE('',*,*,#2794,.F.);
#1435=ORIENTED_EDGE('',*,*,#2873,.T.);
#1436=ORIENTED_EDGE('',*,*,#2843,.F.);
#1437=ORIENTED_EDGE('',*,*,#2874,.T.);
#1438=ORIENTED_EDGE('',*,*,#2875,.T.);
#1439=ORIENTED_EDGE('',*,*,#2795,.T.);
#1440=ORIENTED_EDGE('',*,*,#2827,.T.);
#1441=ORIENTED_EDGE('',*,*,#2876,.T.);
#1442=ORIENTED_EDGE('',*,*,#2852,.T.);
#1443=ORIENTED_EDGE('',*,*,#2823,.T.);
#1444=ORIENTED_EDGE('',*,*,#2715,.F.);
#1445=ORIENTED_EDGE('',*,*,#2877,.T.);
#1446=ORIENTED_EDGE('',*,*,#2796,.F.);
#1447=ORIENTED_EDGE('',*,*,#2875,.F.);
#1448=ORIENTED_EDGE('',*,*,#2878,.T.);
#1449=ORIENTED_EDGE('',*,*,#2878,.F.);
#1450=ORIENTED_EDGE('',*,*,#2874,.F.);
#1451=ORIENTED_EDGE('',*,*,#2842,.F.);
#1452=ORIENTED_EDGE('',*,*,#2716,.F.);
#1453=ORIENTED_EDGE('',*,*,#2853,.F.);
#1454=ORIENTED_EDGE('',*,*,#2876,.F.);
#1455=ORIENTED_EDGE('',*,*,#2826,.F.);
#1456=ORIENTED_EDGE('',*,*,#2706,.F.);
#1457=ORIENTED_EDGE('',*,*,#2743,.F.);
#1458=ORIENTED_EDGE('',*,*,#2879,.F.);
#1459=ORIENTED_EDGE('',*,*,#2594,.T.);
#1460=ORIENTED_EDGE('',*,*,#2628,.T.);
#1461=ORIENTED_EDGE('',*,*,#2742,.T.);
#1462=ORIENTED_EDGE('',*,*,#2880,.F.);
#1463=ORIENTED_EDGE('',*,*,#2595,.F.);
#1464=ORIENTED_EDGE('',*,*,#2879,.T.);
#1465=ORIENTED_EDGE('',*,*,#2741,.F.);
#1466=ORIENTED_EDGE('',*,*,#2881,.F.);
#1467=ORIENTED_EDGE('',*,*,#2882,.F.);
#1468=ORIENTED_EDGE('',*,*,#2883,.T.);
#1469=ORIENTED_EDGE('',*,*,#2596,.T.);
#1470=ORIENTED_EDGE('',*,*,#2880,.T.);
#1471=ORIENTED_EDGE('',*,*,#2884,.F.);
#1472=ORIENTED_EDGE('',*,*,#2885,.F.);
#1473=ORIENTED_EDGE('',*,*,#2886,.T.);
#1474=ORIENTED_EDGE('',*,*,#2881,.T.);
#1475=ORIENTED_EDGE('',*,*,#2740,.T.);
#1476=ORIENTED_EDGE('',*,*,#2739,.F.);
#1477=ORIENTED_EDGE('',*,*,#2782,.F.);
#1478=ORIENTED_EDGE('',*,*,#2602,.T.);
#1479=ORIENTED_EDGE('',*,*,#2887,.T.);
#1480=ORIENTED_EDGE('',*,*,#2888,.T.);
#1481=ORIENTED_EDGE('',*,*,#2885,.T.);
#1482=ORIENTED_EDGE('',*,*,#2884,.T.);
#1483=ORIENTED_EDGE('',*,*,#2732,.T.);
#1484=ORIENTED_EDGE('',*,*,#2889,.F.);
#1485=ORIENTED_EDGE('',*,*,#2890,.T.);
#1486=ORIENTED_EDGE('',*,*,#2891,.F.);
#1487=ORIENTED_EDGE('',*,*,#2892,.T.);
#1488=ORIENTED_EDGE('',*,*,#2608,.F.);
#1489=ORIENTED_EDGE('',*,*,#2784,.T.);
#1490=ORIENTED_EDGE('',*,*,#2893,.F.);
#1491=ORIENTED_EDGE('',*,*,#2894,.T.);
#1492=ORIENTED_EDGE('',*,*,#2890,.F.);
#1493=ORIENTED_EDGE('',*,*,#2889,.T.);
#1494=ORIENTED_EDGE('',*,*,#2731,.F.);
#1495=ORIENTED_EDGE('',*,*,#2730,.T.);
#1496=ORIENTED_EDGE('',*,*,#2895,.F.);
#1497=ORIENTED_EDGE('',*,*,#2614,.F.);
#1498=ORIENTED_EDGE('',*,*,#2896,.T.);
#1499=ORIENTED_EDGE('',*,*,#2809,.T.);
#1500=ORIENTED_EDGE('',*,*,#2893,.T.);
#1501=ORIENTED_EDGE('',*,*,#2729,.F.);
#1502=ORIENTED_EDGE('',*,*,#2897,.F.);
#1503=ORIENTED_EDGE('',*,*,#2615,.T.);
#1504=ORIENTED_EDGE('',*,*,#2895,.T.);
#1505=ORIENTED_EDGE('',*,*,#2728,.T.);
#1506=ORIENTED_EDGE('',*,*,#2786,.F.);
#1507=ORIENTED_EDGE('',*,*,#2616,.F.);
#1508=ORIENTED_EDGE('',*,*,#2897,.T.);
#1509=ORIENTED_EDGE('',*,*,#2898,.F.);
#1510=ORIENTED_EDGE('',*,*,#2773,.F.);
#1511=ORIENTED_EDGE('',*,*,#2766,.F.);
#1512=ORIENTED_EDGE('',*,*,#2849,.F.);
#1513=ORIENTED_EDGE('',*,*,#2899,.F.);
#1514=ORIENTED_EDGE('',*,*,#2898,.T.);
#1515=ORIENTED_EDGE('',*,*,#2900,.F.);
#1516=ORIENTED_EDGE('',*,*,#2774,.F.);
#1517=ORIENTED_EDGE('',*,*,#2899,.T.);
#1518=ORIENTED_EDGE('',*,*,#2901,.F.);
#1519=ORIENTED_EDGE('',*,*,#2777,.F.);
#1520=ORIENTED_EDGE('',*,*,#2850,.F.);
#1521=ORIENTED_EDGE('',*,*,#2704,.F.);
#1522=ORIENTED_EDGE('',*,*,#2901,.T.);
#1523=ORIENTED_EDGE('',*,*,#2900,.T.);
#1524=ORIENTED_EDGE('',*,*,#2848,.F.);
#1525=ORIENTED_EDGE('',*,*,#2748,.F.);
#1526=ORIENTED_EDGE('',*,*,#2770,.F.);
#1527=ORIENTED_EDGE('',*,*,#2902,.F.);
#1528=ORIENTED_EDGE('',*,*,#2845,.F.);
#1529=ORIENTED_EDGE('',*,*,#2903,.F.);
#1530=ORIENTED_EDGE('',*,*,#2769,.F.);
#1531=ORIENTED_EDGE('',*,*,#2780,.F.);
#1532=ORIENTED_EDGE('',*,*,#2904,.F.);
#1533=ORIENTED_EDGE('',*,*,#2902,.T.);
#1534=ORIENTED_EDGE('',*,*,#2903,.T.);
#1535=ORIENTED_EDGE('',*,*,#2905,.F.);
#1536=ORIENTED_EDGE('',*,*,#2904,.T.);
#1537=ORIENTED_EDGE('',*,*,#2718,.F.);
#1538=ORIENTED_EDGE('',*,*,#2841,.F.);
#1539=ORIENTED_EDGE('',*,*,#2846,.F.);
#1540=ORIENTED_EDGE('',*,*,#2905,.T.);
#1541=ORIENTED_EDGE('',*,*,#2856,.F.);
#1542=ORIENTED_EDGE('',*,*,#2906,.T.);
#1543=ORIENTED_EDGE('',*,*,#2907,.T.);
#1544=ORIENTED_EDGE('',*,*,#2814,.F.);
#1545=ORIENTED_EDGE('',*,*,#2829,.F.);
#1546=ORIENTED_EDGE('',*,*,#2758,.F.);
#1547=ORIENTED_EDGE('',*,*,#2908,.F.);
#1548=ORIENTED_EDGE('',*,*,#2908,.T.);
#1549=ORIENTED_EDGE('',*,*,#2757,.F.);
#1550=ORIENTED_EDGE('',*,*,#2909,.F.);
#1551=ORIENTED_EDGE('',*,*,#2857,.F.);
#1552=ORIENTED_EDGE('',*,*,#2755,.F.);
#1553=ORIENTED_EDGE('',*,*,#2910,.T.);
#1554=ORIENTED_EDGE('',*,*,#2839,.F.);
#1555=ORIENTED_EDGE('',*,*,#2911,.F.);
#1556=ORIENTED_EDGE('',*,*,#2912,.T.);
#1557=ORIENTED_EDGE('',*,*,#2913,.T.);
#1558=ORIENTED_EDGE('',*,*,#2854,.F.);
#1559=ORIENTED_EDGE('',*,*,#2909,.T.);
#1560=ORIENTED_EDGE('',*,*,#2756,.F.);
#1561=ORIENTED_EDGE('',*,*,#2911,.T.);
#1562=ORIENTED_EDGE('',*,*,#2838,.F.);
#1563=ORIENTED_EDGE('',*,*,#2914,.F.);
#1564=ORIENTED_EDGE('',*,*,#2915,.T.);
#1565=ORIENTED_EDGE('',*,*,#2916,.F.);
#1566=ORIENTED_EDGE('',*,*,#2711,.F.);
#1567=ORIENTED_EDGE('',*,*,#2916,.T.);
#1568=ORIENTED_EDGE('',*,*,#2917,.T.);
#1569=ORIENTED_EDGE('',*,*,#2830,.F.);
#1570=ORIENTED_EDGE('',*,*,#2712,.F.);
#1571=ORIENTED_EDGE('',*,*,#2918,.F.);
#1572=ORIENTED_EDGE('',*,*,#2919,.T.);
#1573=ORIENTED_EDGE('',*,*,#2914,.T.);
#1574=ORIENTED_EDGE('',*,*,#2710,.F.);
#1575=ORIENTED_EDGE('',*,*,#2920,.T.);
#1576=ORIENTED_EDGE('',*,*,#2921,.T.);
#1577=ORIENTED_EDGE('',*,*,#2918,.T.);
#1578=ORIENTED_EDGE('',*,*,#2709,.F.);
#1579=ORIENTED_EDGE('',*,*,#2922,.F.);
#1580=ORIENTED_EDGE('',*,*,#2923,.T.);
#1581=ORIENTED_EDGE('',*,*,#2924,.T.);
#1582=ORIENTED_EDGE('',*,*,#2720,.F.);
#1583=ORIENTED_EDGE('',*,*,#2925,.F.);
#1584=ORIENTED_EDGE('',*,*,#2926,.T.);
#1585=ORIENTED_EDGE('',*,*,#2922,.T.);
#1586=ORIENTED_EDGE('',*,*,#2719,.T.);
#1587=ORIENTED_EDGE('',*,*,#2927,.F.);
#1588=ORIENTED_EDGE('',*,*,#2928,.T.);
#1589=ORIENTED_EDGE('',*,*,#2925,.T.);
#1590=ORIENTED_EDGE('',*,*,#2722,.F.);
#1591=ORIENTED_EDGE('',*,*,#2924,.F.);
#1592=ORIENTED_EDGE('',*,*,#2929,.T.);
#1593=ORIENTED_EDGE('',*,*,#2927,.T.);
#1594=ORIENTED_EDGE('',*,*,#2721,.T.);
#1595=ORIENTED_EDGE('',*,*,#2930,.T.);
#1596=ORIENTED_EDGE('',*,*,#2931,.T.);
#1597=ORIENTED_EDGE('',*,*,#2638,.F.);
#1598=ORIENTED_EDGE('',*,*,#2932,.F.);
#1599=ORIENTED_EDGE('',*,*,#2933,.T.);
#1600=ORIENTED_EDGE('',*,*,#2934,.T.);
#1601=ORIENTED_EDGE('',*,*,#2637,.F.);
#1602=ORIENTED_EDGE('',*,*,#2935,.F.);
#1603=ORIENTED_EDGE('',*,*,#2936,.T.);
#1604=ORIENTED_EDGE('',*,*,#2932,.T.);
#1605=ORIENTED_EDGE('',*,*,#2648,.F.);
#1606=ORIENTED_EDGE('',*,*,#2937,.F.);
#1607=ORIENTED_EDGE('',*,*,#2938,.T.);
#1608=ORIENTED_EDGE('',*,*,#2935,.T.);
#1609=ORIENTED_EDGE('',*,*,#2647,.F.);
#1610=ORIENTED_EDGE('',*,*,#2939,.F.);
#1611=ORIENTED_EDGE('',*,*,#2940,.T.);
#1612=ORIENTED_EDGE('',*,*,#2937,.T.);
#1613=ORIENTED_EDGE('',*,*,#2646,.F.);
#1614=ORIENTED_EDGE('',*,*,#2941,.F.);
#1615=ORIENTED_EDGE('',*,*,#2942,.T.);
#1616=ORIENTED_EDGE('',*,*,#2939,.T.);
#1617=ORIENTED_EDGE('',*,*,#2645,.F.);
#1618=ORIENTED_EDGE('',*,*,#2943,.F.);
#1619=ORIENTED_EDGE('',*,*,#2944,.T.);
#1620=ORIENTED_EDGE('',*,*,#2941,.T.);
#1621=ORIENTED_EDGE('',*,*,#2644,.F.);
#1622=ORIENTED_EDGE('',*,*,#2945,.F.);
#1623=ORIENTED_EDGE('',*,*,#2946,.T.);
#1624=ORIENTED_EDGE('',*,*,#2943,.T.);
#1625=ORIENTED_EDGE('',*,*,#2643,.F.);
#1626=ORIENTED_EDGE('',*,*,#2947,.F.);
#1627=ORIENTED_EDGE('',*,*,#2948,.T.);
#1628=ORIENTED_EDGE('',*,*,#2945,.T.);
#1629=ORIENTED_EDGE('',*,*,#2642,.F.);
#1630=ORIENTED_EDGE('',*,*,#2949,.F.);
#1631=ORIENTED_EDGE('',*,*,#2950,.T.);
#1632=ORIENTED_EDGE('',*,*,#2947,.T.);
#1633=ORIENTED_EDGE('',*,*,#2641,.F.);
#1634=ORIENTED_EDGE('',*,*,#2951,.F.);
#1635=ORIENTED_EDGE('',*,*,#2952,.T.);
#1636=ORIENTED_EDGE('',*,*,#2949,.T.);
#1637=ORIENTED_EDGE('',*,*,#2640,.F.);
#1638=ORIENTED_EDGE('',*,*,#2953,.F.);
#1639=ORIENTED_EDGE('',*,*,#2954,.T.);
#1640=ORIENTED_EDGE('',*,*,#2951,.T.);
#1641=ORIENTED_EDGE('',*,*,#2639,.F.);
#1642=ORIENTED_EDGE('',*,*,#2934,.F.);
#1643=ORIENTED_EDGE('',*,*,#2955,.T.);
#1644=ORIENTED_EDGE('',*,*,#2953,.T.);
#1645=ORIENTED_EDGE('',*,*,#2933,.F.);
#1646=ORIENTED_EDGE('',*,*,#2936,.F.);
#1647=ORIENTED_EDGE('',*,*,#2938,.F.);
#1648=ORIENTED_EDGE('',*,*,#2940,.F.);
#1649=ORIENTED_EDGE('',*,*,#2942,.F.);
#1650=ORIENTED_EDGE('',*,*,#2944,.F.);
#1651=ORIENTED_EDGE('',*,*,#2946,.F.);
#1652=ORIENTED_EDGE('',*,*,#2948,.F.);
#1653=ORIENTED_EDGE('',*,*,#2950,.F.);
#1654=ORIENTED_EDGE('',*,*,#2952,.F.);
#1655=ORIENTED_EDGE('',*,*,#2954,.F.);
#1656=ORIENTED_EDGE('',*,*,#2955,.F.);
#1657=ORIENTED_EDGE('',*,*,#2956,.F.);
#1658=ORIENTED_EDGE('',*,*,#2957,.F.);
#1659=ORIENTED_EDGE('',*,*,#2958,.T.);
#1660=ORIENTED_EDGE('',*,*,#2959,.T.);
#1661=ORIENTED_EDGE('',*,*,#2960,.F.);
#1662=ORIENTED_EDGE('',*,*,#2961,.F.);
#1663=ORIENTED_EDGE('',*,*,#2962,.T.);
#1664=ORIENTED_EDGE('',*,*,#2957,.T.);
#1665=ORIENTED_EDGE('',*,*,#2963,.F.);
#1666=ORIENTED_EDGE('',*,*,#2964,.F.);
#1667=ORIENTED_EDGE('',*,*,#2965,.T.);
#1668=ORIENTED_EDGE('',*,*,#2961,.T.);
#1669=ORIENTED_EDGE('',*,*,#2966,.F.);
#1670=ORIENTED_EDGE('',*,*,#2967,.F.);
#1671=ORIENTED_EDGE('',*,*,#2968,.T.);
#1672=ORIENTED_EDGE('',*,*,#2964,.T.);
#1673=ORIENTED_EDGE('',*,*,#2969,.F.);
#1674=ORIENTED_EDGE('',*,*,#2970,.F.);
#1675=ORIENTED_EDGE('',*,*,#2971,.T.);
#1676=ORIENTED_EDGE('',*,*,#2967,.T.);
#1677=ORIENTED_EDGE('',*,*,#2972,.F.);
#1678=ORIENTED_EDGE('',*,*,#2973,.F.);
#1679=ORIENTED_EDGE('',*,*,#2974,.T.);
#1680=ORIENTED_EDGE('',*,*,#2970,.T.);
#1681=ORIENTED_EDGE('',*,*,#2630,.F.);
#1682=ORIENTED_EDGE('',*,*,#2975,.F.);
#1683=ORIENTED_EDGE('',*,*,#2976,.T.);
#1684=ORIENTED_EDGE('',*,*,#2977,.T.);
#1685=ORIENTED_EDGE('',*,*,#2629,.F.);
#1686=ORIENTED_EDGE('',*,*,#2978,.F.);
#1687=ORIENTED_EDGE('',*,*,#2979,.T.);
#1688=ORIENTED_EDGE('',*,*,#2975,.T.);
#1689=ORIENTED_EDGE('',*,*,#2636,.F.);
#1690=ORIENTED_EDGE('',*,*,#2980,.F.);
#1691=ORIENTED_EDGE('',*,*,#2981,.T.);
#1692=ORIENTED_EDGE('',*,*,#2978,.T.);
#1693=ORIENTED_EDGE('',*,*,#2635,.F.);
#1694=ORIENTED_EDGE('',*,*,#2982,.F.);
#1695=ORIENTED_EDGE('',*,*,#2983,.T.);
#1696=ORIENTED_EDGE('',*,*,#2980,.T.);
#1697=ORIENTED_EDGE('',*,*,#2634,.F.);
#1698=ORIENTED_EDGE('',*,*,#2984,.F.);
#1699=ORIENTED_EDGE('',*,*,#2985,.T.);
#1700=ORIENTED_EDGE('',*,*,#2982,.T.);
#1701=ORIENTED_EDGE('',*,*,#2633,.F.);
#1702=ORIENTED_EDGE('',*,*,#2986,.F.);
#1703=ORIENTED_EDGE('',*,*,#2987,.T.);
#1704=ORIENTED_EDGE('',*,*,#2984,.T.);
#1705=ORIENTED_EDGE('',*,*,#2632,.F.);
#1706=ORIENTED_EDGE('',*,*,#2988,.F.);
#1707=ORIENTED_EDGE('',*,*,#2989,.T.);
#1708=ORIENTED_EDGE('',*,*,#2986,.T.);
#1709=ORIENTED_EDGE('',*,*,#2631,.F.);
#1710=ORIENTED_EDGE('',*,*,#2977,.F.);
#1711=ORIENTED_EDGE('',*,*,#2990,.T.);
#1712=ORIENTED_EDGE('',*,*,#2988,.T.);
#1713=ORIENTED_EDGE('',*,*,#2991,.F.);
#1714=ORIENTED_EDGE('',*,*,#2959,.F.);
#1715=ORIENTED_EDGE('',*,*,#2992,.T.);
#1716=ORIENTED_EDGE('',*,*,#2973,.T.);
#1717=ORIENTED_EDGE('',*,*,#2976,.F.);
#1718=ORIENTED_EDGE('',*,*,#2979,.F.);
#1719=ORIENTED_EDGE('',*,*,#2981,.F.);
#1720=ORIENTED_EDGE('',*,*,#2983,.F.);
#1721=ORIENTED_EDGE('',*,*,#2985,.F.);
#1722=ORIENTED_EDGE('',*,*,#2987,.F.);
#1723=ORIENTED_EDGE('',*,*,#2989,.F.);
#1724=ORIENTED_EDGE('',*,*,#2990,.F.);
#1725=ORIENTED_EDGE('',*,*,#2958,.F.);
#1726=ORIENTED_EDGE('',*,*,#2962,.F.);
#1727=ORIENTED_EDGE('',*,*,#2965,.F.);
#1728=ORIENTED_EDGE('',*,*,#2968,.F.);
#1729=ORIENTED_EDGE('',*,*,#2971,.F.);
#1730=ORIENTED_EDGE('',*,*,#2974,.F.);
#1731=ORIENTED_EDGE('',*,*,#2992,.F.);
#1732=ORIENTED_EDGE('',*,*,#2993,.F.);
#1733=ORIENTED_EDGE('',*,*,#2994,.F.);
#1734=ORIENTED_EDGE('',*,*,#2995,.T.);
#1735=ORIENTED_EDGE('',*,*,#2996,.T.);
#1736=ORIENTED_EDGE('',*,*,#2997,.F.);
#1737=ORIENTED_EDGE('',*,*,#2998,.F.);
#1738=ORIENTED_EDGE('',*,*,#2999,.T.);
#1739=ORIENTED_EDGE('',*,*,#2994,.T.);
#1740=ORIENTED_EDGE('',*,*,#3000,.F.);
#1741=ORIENTED_EDGE('',*,*,#3001,.F.);
#1742=ORIENTED_EDGE('',*,*,#3002,.T.);
#1743=ORIENTED_EDGE('',*,*,#2998,.T.);
#1744=ORIENTED_EDGE('',*,*,#3003,.F.);
#1745=ORIENTED_EDGE('',*,*,#3004,.F.);
#1746=ORIENTED_EDGE('',*,*,#3005,.T.);
#1747=ORIENTED_EDGE('',*,*,#3001,.T.);
#1748=ORIENTED_EDGE('',*,*,#3006,.F.);
#1749=ORIENTED_EDGE('',*,*,#3007,.F.);
#1750=ORIENTED_EDGE('',*,*,#3008,.T.);
#1751=ORIENTED_EDGE('',*,*,#3004,.T.);
#1752=ORIENTED_EDGE('',*,*,#3009,.F.);
#1753=ORIENTED_EDGE('',*,*,#3010,.F.);
#1754=ORIENTED_EDGE('',*,*,#3011,.T.);
#1755=ORIENTED_EDGE('',*,*,#3007,.T.);
#1756=ORIENTED_EDGE('',*,*,#2650,.F.);
#1757=ORIENTED_EDGE('',*,*,#3012,.F.);
#1758=ORIENTED_EDGE('',*,*,#3013,.T.);
#1759=ORIENTED_EDGE('',*,*,#3014,.T.);
#1760=ORIENTED_EDGE('',*,*,#2649,.F.);
#1761=ORIENTED_EDGE('',*,*,#3015,.F.);
#1762=ORIENTED_EDGE('',*,*,#3016,.T.);
#1763=ORIENTED_EDGE('',*,*,#3012,.T.);
#1764=ORIENTED_EDGE('',*,*,#2656,.F.);
#1765=ORIENTED_EDGE('',*,*,#3017,.F.);
#1766=ORIENTED_EDGE('',*,*,#3018,.T.);
#1767=ORIENTED_EDGE('',*,*,#3015,.T.);
#1768=ORIENTED_EDGE('',*,*,#2655,.F.);
#1769=ORIENTED_EDGE('',*,*,#3019,.F.);
#1770=ORIENTED_EDGE('',*,*,#3020,.T.);
#1771=ORIENTED_EDGE('',*,*,#3017,.T.);
#1772=ORIENTED_EDGE('',*,*,#2654,.F.);
#1773=ORIENTED_EDGE('',*,*,#3021,.F.);
#1774=ORIENTED_EDGE('',*,*,#3022,.T.);
#1775=ORIENTED_EDGE('',*,*,#3019,.T.);
#1776=ORIENTED_EDGE('',*,*,#2653,.F.);
#1777=ORIENTED_EDGE('',*,*,#3023,.F.);
#1778=ORIENTED_EDGE('',*,*,#3024,.T.);
#1779=ORIENTED_EDGE('',*,*,#3021,.T.);
#1780=ORIENTED_EDGE('',*,*,#2652,.F.);
#1781=ORIENTED_EDGE('',*,*,#3025,.F.);
#1782=ORIENTED_EDGE('',*,*,#3026,.T.);
#1783=ORIENTED_EDGE('',*,*,#3023,.T.);
#1784=ORIENTED_EDGE('',*,*,#2651,.F.);
#1785=ORIENTED_EDGE('',*,*,#3014,.F.);
#1786=ORIENTED_EDGE('',*,*,#3027,.T.);
#1787=ORIENTED_EDGE('',*,*,#3025,.T.);
#1788=ORIENTED_EDGE('',*,*,#3028,.F.);
#1789=ORIENTED_EDGE('',*,*,#2996,.F.);
#1790=ORIENTED_EDGE('',*,*,#3029,.T.);
#1791=ORIENTED_EDGE('',*,*,#3010,.T.);
#1792=ORIENTED_EDGE('',*,*,#3013,.F.);
#1793=ORIENTED_EDGE('',*,*,#3016,.F.);
#1794=ORIENTED_EDGE('',*,*,#3018,.F.);
#1795=ORIENTED_EDGE('',*,*,#3020,.F.);
#1796=ORIENTED_EDGE('',*,*,#3022,.F.);
#1797=ORIENTED_EDGE('',*,*,#3024,.F.);
#1798=ORIENTED_EDGE('',*,*,#3026,.F.);
#1799=ORIENTED_EDGE('',*,*,#3027,.F.);
#1800=ORIENTED_EDGE('',*,*,#2995,.F.);
#1801=ORIENTED_EDGE('',*,*,#2999,.F.);
#1802=ORIENTED_EDGE('',*,*,#3002,.F.);
#1803=ORIENTED_EDGE('',*,*,#3005,.F.);
#1804=ORIENTED_EDGE('',*,*,#3008,.F.);
#1805=ORIENTED_EDGE('',*,*,#3011,.F.);
#1806=ORIENTED_EDGE('',*,*,#3029,.F.);
#1807=ORIENTED_EDGE('',*,*,#2658,.F.);
#1808=ORIENTED_EDGE('',*,*,#3030,.F.);
#1809=ORIENTED_EDGE('',*,*,#3031,.T.);
#1810=ORIENTED_EDGE('',*,*,#3032,.T.);
#1811=ORIENTED_EDGE('',*,*,#2657,.F.);
#1812=ORIENTED_EDGE('',*,*,#3033,.F.);
#1813=ORIENTED_EDGE('',*,*,#3034,.T.);
#1814=ORIENTED_EDGE('',*,*,#3030,.T.);
#1815=ORIENTED_EDGE('',*,*,#2668,.F.);
#1816=ORIENTED_EDGE('',*,*,#3035,.F.);
#1817=ORIENTED_EDGE('',*,*,#3036,.T.);
#1818=ORIENTED_EDGE('',*,*,#3033,.T.);
#1819=ORIENTED_EDGE('',*,*,#2667,.F.);
#1820=ORIENTED_EDGE('',*,*,#3037,.F.);
#1821=ORIENTED_EDGE('',*,*,#3038,.T.);
#1822=ORIENTED_EDGE('',*,*,#3035,.T.);
#1823=ORIENTED_EDGE('',*,*,#2666,.F.);
#1824=ORIENTED_EDGE('',*,*,#3039,.F.);
#1825=ORIENTED_EDGE('',*,*,#3040,.T.);
#1826=ORIENTED_EDGE('',*,*,#3037,.T.);
#1827=ORIENTED_EDGE('',*,*,#2665,.F.);
#1828=ORIENTED_EDGE('',*,*,#3041,.F.);
#1829=ORIENTED_EDGE('',*,*,#3042,.T.);
#1830=ORIENTED_EDGE('',*,*,#3039,.T.);
#1831=ORIENTED_EDGE('',*,*,#2664,.F.);
#1832=ORIENTED_EDGE('',*,*,#3043,.F.);
#1833=ORIENTED_EDGE('',*,*,#3044,.T.);
#1834=ORIENTED_EDGE('',*,*,#3041,.T.);
#1835=ORIENTED_EDGE('',*,*,#2663,.F.);
#1836=ORIENTED_EDGE('',*,*,#3045,.F.);
#1837=ORIENTED_EDGE('',*,*,#3046,.T.);
#1838=ORIENTED_EDGE('',*,*,#3043,.T.);
#1839=ORIENTED_EDGE('',*,*,#2662,.F.);
#1840=ORIENTED_EDGE('',*,*,#3047,.F.);
#1841=ORIENTED_EDGE('',*,*,#3048,.T.);
#1842=ORIENTED_EDGE('',*,*,#3045,.T.);
#1843=ORIENTED_EDGE('',*,*,#2661,.F.);
#1844=ORIENTED_EDGE('',*,*,#3049,.F.);
#1845=ORIENTED_EDGE('',*,*,#3050,.T.);
#1846=ORIENTED_EDGE('',*,*,#3047,.T.);
#1847=ORIENTED_EDGE('',*,*,#2660,.F.);
#1848=ORIENTED_EDGE('',*,*,#3051,.F.);
#1849=ORIENTED_EDGE('',*,*,#3052,.T.);
#1850=ORIENTED_EDGE('',*,*,#3049,.T.);
#1851=ORIENTED_EDGE('',*,*,#2659,.F.);
#1852=ORIENTED_EDGE('',*,*,#3032,.F.);
#1853=ORIENTED_EDGE('',*,*,#3053,.T.);
#1854=ORIENTED_EDGE('',*,*,#3051,.T.);
#1855=ORIENTED_EDGE('',*,*,#3031,.F.);
#1856=ORIENTED_EDGE('',*,*,#3034,.F.);
#1857=ORIENTED_EDGE('',*,*,#3036,.F.);
#1858=ORIENTED_EDGE('',*,*,#3038,.F.);
#1859=ORIENTED_EDGE('',*,*,#3040,.F.);
#1860=ORIENTED_EDGE('',*,*,#3042,.F.);
#1861=ORIENTED_EDGE('',*,*,#3044,.F.);
#1862=ORIENTED_EDGE('',*,*,#3046,.F.);
#1863=ORIENTED_EDGE('',*,*,#3048,.F.);
#1864=ORIENTED_EDGE('',*,*,#3050,.F.);
#1865=ORIENTED_EDGE('',*,*,#3052,.F.);
#1866=ORIENTED_EDGE('',*,*,#3053,.F.);
#1867=ORIENTED_EDGE('',*,*,#2670,.F.);
#1868=ORIENTED_EDGE('',*,*,#3054,.F.);
#1869=ORIENTED_EDGE('',*,*,#3055,.T.);
#1870=ORIENTED_EDGE('',*,*,#3056,.T.);
#1871=ORIENTED_EDGE('',*,*,#2669,.F.);
#1872=ORIENTED_EDGE('',*,*,#3057,.F.);
#1873=ORIENTED_EDGE('',*,*,#3058,.T.);
#1874=ORIENTED_EDGE('',*,*,#3054,.T.);
#1875=ORIENTED_EDGE('',*,*,#2680,.F.);
#1876=ORIENTED_EDGE('',*,*,#3059,.F.);
#1877=ORIENTED_EDGE('',*,*,#3060,.T.);
#1878=ORIENTED_EDGE('',*,*,#3057,.T.);
#1879=ORIENTED_EDGE('',*,*,#2679,.F.);
#1880=ORIENTED_EDGE('',*,*,#3061,.F.);
#1881=ORIENTED_EDGE('',*,*,#3062,.T.);
#1882=ORIENTED_EDGE('',*,*,#3059,.T.);
#1883=ORIENTED_EDGE('',*,*,#2678,.F.);
#1884=ORIENTED_EDGE('',*,*,#3063,.F.);
#1885=ORIENTED_EDGE('',*,*,#3064,.T.);
#1886=ORIENTED_EDGE('',*,*,#3061,.T.);
#1887=ORIENTED_EDGE('',*,*,#2677,.F.);
#1888=ORIENTED_EDGE('',*,*,#3065,.F.);
#1889=ORIENTED_EDGE('',*,*,#3066,.T.);
#1890=ORIENTED_EDGE('',*,*,#3063,.T.);
#1891=ORIENTED_EDGE('',*,*,#2676,.F.);
#1892=ORIENTED_EDGE('',*,*,#3067,.F.);
#1893=ORIENTED_EDGE('',*,*,#3068,.T.);
#1894=ORIENTED_EDGE('',*,*,#3065,.T.);
#1895=ORIENTED_EDGE('',*,*,#2675,.F.);
#1896=ORIENTED_EDGE('',*,*,#3069,.F.);
#1897=ORIENTED_EDGE('',*,*,#3070,.T.);
#1898=ORIENTED_EDGE('',*,*,#3067,.T.);
#1899=ORIENTED_EDGE('',*,*,#2674,.F.);
#1900=ORIENTED_EDGE('',*,*,#3071,.F.);
#1901=ORIENTED_EDGE('',*,*,#3072,.T.);
#1902=ORIENTED_EDGE('',*,*,#3069,.T.);
#1903=ORIENTED_EDGE('',*,*,#2673,.F.);
#1904=ORIENTED_EDGE('',*,*,#3073,.F.);
#1905=ORIENTED_EDGE('',*,*,#3074,.T.);
#1906=ORIENTED_EDGE('',*,*,#3071,.T.);
#1907=ORIENTED_EDGE('',*,*,#2672,.F.);
#1908=ORIENTED_EDGE('',*,*,#3075,.F.);
#1909=ORIENTED_EDGE('',*,*,#3076,.T.);
#1910=ORIENTED_EDGE('',*,*,#3073,.T.);
#1911=ORIENTED_EDGE('',*,*,#2671,.F.);
#1912=ORIENTED_EDGE('',*,*,#3056,.F.);
#1913=ORIENTED_EDGE('',*,*,#3077,.T.);
#1914=ORIENTED_EDGE('',*,*,#3075,.T.);
#1915=ORIENTED_EDGE('',*,*,#3055,.F.);
#1916=ORIENTED_EDGE('',*,*,#3058,.F.);
#1917=ORIENTED_EDGE('',*,*,#3060,.F.);
#1918=ORIENTED_EDGE('',*,*,#3062,.F.);
#1919=ORIENTED_EDGE('',*,*,#3064,.F.);
#1920=ORIENTED_EDGE('',*,*,#3066,.F.);
#1921=ORIENTED_EDGE('',*,*,#3068,.F.);
#1922=ORIENTED_EDGE('',*,*,#3070,.F.);
#1923=ORIENTED_EDGE('',*,*,#3072,.F.);
#1924=ORIENTED_EDGE('',*,*,#3074,.F.);
#1925=ORIENTED_EDGE('',*,*,#3076,.F.);
#1926=ORIENTED_EDGE('',*,*,#3077,.F.);
#1927=ORIENTED_EDGE('',*,*,#2682,.F.);
#1928=ORIENTED_EDGE('',*,*,#3078,.F.);
#1929=ORIENTED_EDGE('',*,*,#3079,.T.);
#1930=ORIENTED_EDGE('',*,*,#3080,.T.);
#1931=ORIENTED_EDGE('',*,*,#2681,.F.);
#1932=ORIENTED_EDGE('',*,*,#3081,.F.);
#1933=ORIENTED_EDGE('',*,*,#3082,.T.);
#1934=ORIENTED_EDGE('',*,*,#3078,.T.);
#1935=ORIENTED_EDGE('',*,*,#2692,.F.);
#1936=ORIENTED_EDGE('',*,*,#3083,.F.);
#1937=ORIENTED_EDGE('',*,*,#3084,.T.);
#1938=ORIENTED_EDGE('',*,*,#3081,.T.);
#1939=ORIENTED_EDGE('',*,*,#2691,.F.);
#1940=ORIENTED_EDGE('',*,*,#3085,.F.);
#1941=ORIENTED_EDGE('',*,*,#3086,.T.);
#1942=ORIENTED_EDGE('',*,*,#3083,.T.);
#1943=ORIENTED_EDGE('',*,*,#2690,.F.);
#1944=ORIENTED_EDGE('',*,*,#3087,.F.);
#1945=ORIENTED_EDGE('',*,*,#3088,.T.);
#1946=ORIENTED_EDGE('',*,*,#3085,.T.);
#1947=ORIENTED_EDGE('',*,*,#2689,.F.);
#1948=ORIENTED_EDGE('',*,*,#3089,.F.);
#1949=ORIENTED_EDGE('',*,*,#3090,.T.);
#1950=ORIENTED_EDGE('',*,*,#3087,.T.);
#1951=ORIENTED_EDGE('',*,*,#2688,.F.);
#1952=ORIENTED_EDGE('',*,*,#3091,.F.);
#1953=ORIENTED_EDGE('',*,*,#3092,.T.);
#1954=ORIENTED_EDGE('',*,*,#3089,.T.);
#1955=ORIENTED_EDGE('',*,*,#2687,.F.);
#1956=ORIENTED_EDGE('',*,*,#3093,.F.);
#1957=ORIENTED_EDGE('',*,*,#3094,.T.);
#1958=ORIENTED_EDGE('',*,*,#3091,.T.);
#1959=ORIENTED_EDGE('',*,*,#2686,.F.);
#1960=ORIENTED_EDGE('',*,*,#3095,.F.);
#1961=ORIENTED_EDGE('',*,*,#3096,.T.);
#1962=ORIENTED_EDGE('',*,*,#3093,.T.);
#1963=ORIENTED_EDGE('',*,*,#2685,.F.);
#1964=ORIENTED_EDGE('',*,*,#3097,.F.);
#1965=ORIENTED_EDGE('',*,*,#3098,.T.);
#1966=ORIENTED_EDGE('',*,*,#3095,.T.);
#1967=ORIENTED_EDGE('',*,*,#2684,.F.);
#1968=ORIENTED_EDGE('',*,*,#3099,.F.);
#1969=ORIENTED_EDGE('',*,*,#3100,.T.);
#1970=ORIENTED_EDGE('',*,*,#3097,.T.);
#1971=ORIENTED_EDGE('',*,*,#2683,.F.);
#1972=ORIENTED_EDGE('',*,*,#3080,.F.);
#1973=ORIENTED_EDGE('',*,*,#3101,.T.);
#1974=ORIENTED_EDGE('',*,*,#3099,.T.);
#1975=ORIENTED_EDGE('',*,*,#3079,.F.);
#1976=ORIENTED_EDGE('',*,*,#3082,.F.);
#1977=ORIENTED_EDGE('',*,*,#3084,.F.);
#1978=ORIENTED_EDGE('',*,*,#3086,.F.);
#1979=ORIENTED_EDGE('',*,*,#3088,.F.);
#1980=ORIENTED_EDGE('',*,*,#3090,.F.);
#1981=ORIENTED_EDGE('',*,*,#3092,.F.);
#1982=ORIENTED_EDGE('',*,*,#3094,.F.);
#1983=ORIENTED_EDGE('',*,*,#3096,.F.);
#1984=ORIENTED_EDGE('',*,*,#3098,.F.);
#1985=ORIENTED_EDGE('',*,*,#3100,.F.);
#1986=ORIENTED_EDGE('',*,*,#3101,.F.);
#1987=ORIENTED_EDGE('',*,*,#2694,.F.);
#1988=ORIENTED_EDGE('',*,*,#3102,.F.);
#1989=ORIENTED_EDGE('',*,*,#3103,.T.);
#1990=ORIENTED_EDGE('',*,*,#3104,.T.);
#1991=ORIENTED_EDGE('',*,*,#2693,.F.);
#1992=ORIENTED_EDGE('',*,*,#3105,.F.);
#1993=ORIENTED_EDGE('',*,*,#3106,.T.);
#1994=ORIENTED_EDGE('',*,*,#3102,.T.);
#1995=ORIENTED_EDGE('',*,*,#2700,.F.);
#1996=ORIENTED_EDGE('',*,*,#3107,.F.);
#1997=ORIENTED_EDGE('',*,*,#3108,.T.);
#1998=ORIENTED_EDGE('',*,*,#3105,.T.);
#1999=ORIENTED_EDGE('',*,*,#2699,.F.);
#2000=ORIENTED_EDGE('',*,*,#3109,.F.);
#2001=ORIENTED_EDGE('',*,*,#3110,.T.);
#2002=ORIENTED_EDGE('',*,*,#3107,.T.);
#2003=ORIENTED_EDGE('',*,*,#2698,.F.);
#2004=ORIENTED_EDGE('',*,*,#3111,.F.);
#2005=ORIENTED_EDGE('',*,*,#3112,.T.);
#2006=ORIENTED_EDGE('',*,*,#3109,.T.);
#2007=ORIENTED_EDGE('',*,*,#2697,.F.);
#2008=ORIENTED_EDGE('',*,*,#3113,.F.);
#2009=ORIENTED_EDGE('',*,*,#3114,.T.);
#2010=ORIENTED_EDGE('',*,*,#3111,.T.);
#2011=ORIENTED_EDGE('',*,*,#2696,.F.);
#2012=ORIENTED_EDGE('',*,*,#3115,.F.);
#2013=ORIENTED_EDGE('',*,*,#3116,.T.);
#2014=ORIENTED_EDGE('',*,*,#3113,.T.);
#2015=ORIENTED_EDGE('',*,*,#2695,.F.);
#2016=ORIENTED_EDGE('',*,*,#3104,.F.);
#2017=ORIENTED_EDGE('',*,*,#3117,.T.);
#2018=ORIENTED_EDGE('',*,*,#3115,.T.);
#2019=ORIENTED_EDGE('',*,*,#3103,.F.);
#2020=ORIENTED_EDGE('',*,*,#3106,.F.);
#2021=ORIENTED_EDGE('',*,*,#3108,.F.);
#2022=ORIENTED_EDGE('',*,*,#3110,.F.);
#2023=ORIENTED_EDGE('',*,*,#3112,.F.);
#2024=ORIENTED_EDGE('',*,*,#3114,.F.);
#2025=ORIENTED_EDGE('',*,*,#3116,.F.);
#2026=ORIENTED_EDGE('',*,*,#3117,.F.);
#2027=ORIENTED_EDGE('',*,*,#2960,.T.);
#2028=ORIENTED_EDGE('',*,*,#2956,.T.);
#2029=ORIENTED_EDGE('',*,*,#2991,.T.);
#2030=ORIENTED_EDGE('',*,*,#2972,.T.);
#2031=ORIENTED_EDGE('',*,*,#2969,.T.);
#2032=ORIENTED_EDGE('',*,*,#2966,.T.);
#2033=ORIENTED_EDGE('',*,*,#2963,.T.);
#2034=ORIENTED_EDGE('',*,*,#2997,.T.);
#2035=ORIENTED_EDGE('',*,*,#2993,.T.);
#2036=ORIENTED_EDGE('',*,*,#3028,.T.);
#2037=ORIENTED_EDGE('',*,*,#3009,.T.);
#2038=ORIENTED_EDGE('',*,*,#3006,.T.);
#2039=ORIENTED_EDGE('',*,*,#3003,.T.);
#2040=ORIENTED_EDGE('',*,*,#3000,.T.);
#2041=ORIENTED_EDGE('',*,*,#3118,.T.);
#2042=ORIENTED_EDGE('',*,*,#3119,.T.);
#2043=ORIENTED_EDGE('',*,*,#3120,.T.);
#2044=ORIENTED_EDGE('',*,*,#3121,.T.);
#2045=ORIENTED_EDGE('',*,*,#3122,.T.);
#2046=ORIENTED_EDGE('',*,*,#3123,.T.);
#2047=ORIENTED_EDGE('',*,*,#3124,.T.);
#2048=ORIENTED_EDGE('',*,*,#3125,.T.);
#2049=ORIENTED_EDGE('',*,*,#3126,.T.);
#2050=ORIENTED_EDGE('',*,*,#3127,.T.);
#2051=ORIENTED_EDGE('',*,*,#2761,.T.);
#2052=ORIENTED_EDGE('',*,*,#3128,.T.);
#2053=ORIENTED_EDGE('',*,*,#2753,.F.);
#2054=ORIENTED_EDGE('',*,*,#3129,.T.);
#2055=ORIENTED_EDGE('',*,*,#3130,.T.);
#2056=ORIENTED_EDGE('',*,*,#3131,.T.);
#2057=ORIENTED_EDGE('',*,*,#3132,.F.);
#2058=ORIENTED_EDGE('',*,*,#3119,.F.);
#2059=ORIENTED_EDGE('',*,*,#3133,.F.);
#2060=ORIENTED_EDGE('',*,*,#2825,.F.);
#2061=ORIENTED_EDGE('',*,*,#3133,.T.);
#2062=ORIENTED_EDGE('',*,*,#3118,.F.);
#2063=ORIENTED_EDGE('',*,*,#3134,.F.);
#2064=ORIENTED_EDGE('',*,*,#2708,.F.);
#2065=ORIENTED_EDGE('',*,*,#3132,.T.);
#2066=ORIENTED_EDGE('',*,*,#2821,.F.);
#2067=ORIENTED_EDGE('',*,*,#3135,.F.);
#2068=ORIENTED_EDGE('',*,*,#3120,.F.);
#2069=ORIENTED_EDGE('',*,*,#3134,.T.);
#2070=ORIENTED_EDGE('',*,*,#3121,.F.);
#2071=ORIENTED_EDGE('',*,*,#3136,.F.);
#2072=ORIENTED_EDGE('',*,*,#2920,.F.);
#2073=ORIENTED_EDGE('',*,*,#3136,.T.);
#2074=ORIENTED_EDGE('',*,*,#3135,.T.);
#2075=ORIENTED_EDGE('',*,*,#3137,.F.);
#2076=ORIENTED_EDGE('',*,*,#3137,.T.);
#2077=ORIENTED_EDGE('',*,*,#2820,.F.);
#2078=ORIENTED_EDGE('',*,*,#3138,.F.);
#2079=ORIENTED_EDGE('',*,*,#2921,.F.);
#2080=ORIENTED_EDGE('',*,*,#3139,.F.);
#2081=ORIENTED_EDGE('',*,*,#3124,.F.);
#2082=ORIENTED_EDGE('',*,*,#3140,.F.);
#2083=ORIENTED_EDGE('',*,*,#2714,.F.);
#2084=ORIENTED_EDGE('',*,*,#3140,.T.);
#2085=ORIENTED_EDGE('',*,*,#3123,.F.);
#2086=ORIENTED_EDGE('',*,*,#3141,.F.);
#2087=ORIENTED_EDGE('',*,*,#2877,.F.);
#2088=ORIENTED_EDGE('',*,*,#3142,.T.);
#2089=ORIENTED_EDGE('',*,*,#3143,.T.);
#2090=ORIENTED_EDGE('',*,*,#2787,.F.);
#2091=ORIENTED_EDGE('',*,*,#3144,.F.);
#2092=ORIENTED_EDGE('',*,*,#2919,.F.);
#2093=ORIENTED_EDGE('',*,*,#3138,.T.);
#2094=ORIENTED_EDGE('',*,*,#2819,.F.);
#2095=ORIENTED_EDGE('',*,*,#3139,.T.);
#2096=ORIENTED_EDGE('',*,*,#2832,.F.);
#2097=ORIENTED_EDGE('',*,*,#3145,.F.);
#2098=ORIENTED_EDGE('',*,*,#3125,.F.);
#2099=ORIENTED_EDGE('',*,*,#3141,.T.);
#2100=ORIENTED_EDGE('',*,*,#3122,.F.);
#2101=ORIENTED_EDGE('',*,*,#3146,.F.);
#2102=ORIENTED_EDGE('',*,*,#2797,.F.);
#2103=ORIENTED_EDGE('',*,*,#3144,.T.);
#2104=ORIENTED_EDGE('',*,*,#2790,.F.);
#2105=ORIENTED_EDGE('',*,*,#3147,.F.);
#2106=ORIENTED_EDGE('',*,*,#2915,.F.);
#2107=ORIENTED_EDGE('',*,*,#3146,.T.);
#2108=ORIENTED_EDGE('',*,*,#3145,.T.);
#2109=ORIENTED_EDGE('',*,*,#3148,.F.);
#2110=ORIENTED_EDGE('',*,*,#2789,.F.);
#2111=ORIENTED_EDGE('',*,*,#3149,.T.);
#2112=ORIENTED_EDGE('',*,*,#3150,.T.);
#2113=ORIENTED_EDGE('',*,*,#2791,.F.);
#2114=ORIENTED_EDGE('',*,*,#3151,.F.);
#2115=ORIENTED_EDGE('',*,*,#2917,.F.);
#2116=ORIENTED_EDGE('',*,*,#3147,.T.);
#2117=ORIENTED_EDGE('',*,*,#3148,.T.);
#2118=ORIENTED_EDGE('',*,*,#2831,.F.);
#2119=ORIENTED_EDGE('',*,*,#3151,.T.);
#2120=ORIENTED_EDGE('',*,*,#2798,.F.);
#2121=ORIENTED_EDGE('',*,*,#2812,.F.);
#2122=ORIENTED_EDGE('',*,*,#3152,.T.);
#2123=ORIENTED_EDGE('',*,*,#3126,.F.);
#2124=ORIENTED_EDGE('',*,*,#3153,.F.);
#2125=ORIENTED_EDGE('',*,*,#3153,.T.);
#2126=ORIENTED_EDGE('',*,*,#3128,.F.);
#2127=ORIENTED_EDGE('',*,*,#2760,.F.);
#2128=ORIENTED_EDGE('',*,*,#2828,.F.);
#2129=ORIENTED_EDGE('',*,*,#3130,.F.);
#2130=ORIENTED_EDGE('',*,*,#3154,.T.);
#2131=ORIENTED_EDGE('',*,*,#2833,.F.);
#2132=ORIENTED_EDGE('',*,*,#3155,.F.);
#2133=ORIENTED_EDGE('',*,*,#3155,.T.);
#2134=ORIENTED_EDGE('',*,*,#2910,.F.);
#2135=ORIENTED_EDGE('',*,*,#2754,.F.);
#2136=ORIENTED_EDGE('',*,*,#3131,.F.);
#2137=ORIENTED_EDGE('',*,*,#2793,.F.);
#2138=ORIENTED_EDGE('',*,*,#3156,.T.);
#2139=ORIENTED_EDGE('',*,*,#2836,.F.);
#2140=ORIENTED_EDGE('',*,*,#2873,.F.);
#2141=ORIENTED_EDGE('',*,*,#2816,.F.);
#2142=ORIENTED_EDGE('',*,*,#3157,.T.);
#2143=ORIENTED_EDGE('',*,*,#2817,.F.);
#2144=ORIENTED_EDGE('',*,*,#2858,.F.);
#2145=ORIENTED_EDGE('',*,*,#3158,.T.);
#2146=ORIENTED_EDGE('',*,*,#3159,.T.);
#2147=ORIENTED_EDGE('',*,*,#3160,.T.);
#2148=ORIENTED_EDGE('',*,*,#2891,.T.);
#2149=ORIENTED_EDGE('',*,*,#3161,.T.);
#2150=ORIENTED_EDGE('',*,*,#3162,.T.);
#2151=ORIENTED_EDGE('',*,*,#3163,.T.);
#2152=ORIENTED_EDGE('',*,*,#3164,.T.);
#2153=ORIENTED_EDGE('',*,*,#2882,.T.);
#2154=ORIENTED_EDGE('',*,*,#3165,.T.);
#2155=ORIENTED_EDGE('',*,*,#3166,.T.);
#2156=ORIENTED_EDGE('',*,*,#3167,.T.);
#2157=ORIENTED_EDGE('',*,*,#3168,.T.);
#2158=ORIENTED_EDGE('',*,*,#3169,.T.);
#2159=ORIENTED_EDGE('',*,*,#2888,.F.);
#2160=ORIENTED_EDGE('',*,*,#3170,.T.);
#2161=ORIENTED_EDGE('',*,*,#3171,.T.);
#2162=ORIENTED_EDGE('',*,*,#3158,.F.);
#2163=ORIENTED_EDGE('',*,*,#3172,.T.);
#2164=ORIENTED_EDGE('',*,*,#3173,.F.);
#2165=ORIENTED_EDGE('',*,*,#3174,.T.);
#2166=ORIENTED_EDGE('',*,*,#2807,.F.);
#2167=ORIENTED_EDGE('',*,*,#3175,.T.);
#2168=ORIENTED_EDGE('',*,*,#3176,.T.);
#2169=ORIENTED_EDGE('',*,*,#3177,.T.);
#2170=ORIENTED_EDGE('',*,*,#3162,.F.);
#2171=ORIENTED_EDGE('',*,*,#3178,.T.);
#2172=ORIENTED_EDGE('',*,*,#3179,.F.);
#2173=ORIENTED_EDGE('',*,*,#3180,.T.);
#2174=ORIENTED_EDGE('',*,*,#3168,.F.);
#2175=ORIENTED_EDGE('',*,*,#3181,.T.);
#2176=ORIENTED_EDGE('',*,*,#2611,.F.);
#2177=ORIENTED_EDGE('',*,*,#3182,.T.);
#2178=ORIENTED_EDGE('',*,*,#3183,.T.);
#2179=ORIENTED_EDGE('',*,*,#3184,.T.);
#2180=ORIENTED_EDGE('',*,*,#2599,.F.);
#2181=ORIENTED_EDGE('',*,*,#3185,.T.);
#2182=ORIENTED_EDGE('',*,*,#3186,.T.);
#2183=ORIENTED_EDGE('',*,*,#3187,.T.);
#2184=ORIENTED_EDGE('',*,*,#3165,.F.);
#2185=ORIENTED_EDGE('',*,*,#2886,.F.);
#2186=ORIENTED_EDGE('',*,*,#3169,.F.);
#2187=ORIENTED_EDGE('',*,*,#3180,.F.);
#2188=ORIENTED_EDGE('',*,*,#3179,.T.);
#2189=ORIENTED_EDGE('',*,*,#3178,.F.);
#2190=ORIENTED_EDGE('',*,*,#3174,.F.);
#2191=ORIENTED_EDGE('',*,*,#3173,.T.);
#2192=ORIENTED_EDGE('',*,*,#3172,.F.);
#2193=ORIENTED_EDGE('',*,*,#3161,.F.);
#2194=ORIENTED_EDGE('',*,*,#2894,.F.);
#2195=ORIENTED_EDGE('',*,*,#2808,.F.);
#2196=ORIENTED_EDGE('',*,*,#3188,.F.);
#2197=ORIENTED_EDGE('',*,*,#3157,.F.);
#2198=ORIENTED_EDGE('',*,*,#2818,.F.);
#2199=ORIENTED_EDGE('',*,*,#3188,.T.);
#2200=ORIENTED_EDGE('',*,*,#2815,.F.);
#2201=ORIENTED_EDGE('',*,*,#3189,.F.);
#2202=ORIENTED_EDGE('',*,*,#2862,.F.);
#2203=ORIENTED_EDGE('',*,*,#3190,.F.);
#2204=ORIENTED_EDGE('',*,*,#2861,.F.);
#2205=ORIENTED_EDGE('',*,*,#2868,.F.);
#2206=ORIENTED_EDGE('',*,*,#3191,.F.);
#2207=ORIENTED_EDGE('',*,*,#3142,.F.);
#2208=ORIENTED_EDGE('',*,*,#3190,.T.);
#2209=ORIENTED_EDGE('',*,*,#3192,.F.);
#2210=ORIENTED_EDGE('',*,*,#3150,.F.);
#2211=ORIENTED_EDGE('',*,*,#3193,.F.);
#2212=ORIENTED_EDGE('',*,*,#2803,.F.);
#2213=ORIENTED_EDGE('',*,*,#2871,.F.);
#2214=ORIENTED_EDGE('',*,*,#3189,.T.);
#2215=ORIENTED_EDGE('',*,*,#2907,.F.);
#2216=ORIENTED_EDGE('',*,*,#3194,.F.);
#2217=ORIENTED_EDGE('',*,*,#2864,.F.);
#2218=ORIENTED_EDGE('',*,*,#2863,.F.);
#2219=ORIENTED_EDGE('',*,*,#3191,.T.);
#2220=ORIENTED_EDGE('',*,*,#2867,.F.);
#2221=ORIENTED_EDGE('',*,*,#3195,.F.);
#2222=ORIENTED_EDGE('',*,*,#3143,.F.);
#2223=ORIENTED_EDGE('',*,*,#3193,.T.);
#2224=ORIENTED_EDGE('',*,*,#3149,.F.);
#2225=ORIENTED_EDGE('',*,*,#3196,.F.);
#2226=ORIENTED_EDGE('',*,*,#2804,.F.);
#2227=ORIENTED_EDGE('',*,*,#3197,.F.);
#2228=ORIENTED_EDGE('',*,*,#2792,.F.);
#2229=ORIENTED_EDGE('',*,*,#3192,.T.);
#2230=ORIENTED_EDGE('',*,*,#2870,.F.);
#2231=ORIENTED_EDGE('',*,*,#3198,.F.);
#2232=ORIENTED_EDGE('',*,*,#2837,.F.);
#2233=ORIENTED_EDGE('',*,*,#3156,.F.);
#2234=ORIENTED_EDGE('',*,*,#3197,.T.);
#2235=ORIENTED_EDGE('',*,*,#3194,.T.);
#2236=ORIENTED_EDGE('',*,*,#2906,.F.);
#2237=ORIENTED_EDGE('',*,*,#3199,.F.);
#2238=ORIENTED_EDGE('',*,*,#2865,.F.);
#2239=ORIENTED_EDGE('',*,*,#3195,.T.);
#2240=ORIENTED_EDGE('',*,*,#2866,.F.);
#2241=ORIENTED_EDGE('',*,*,#3199,.T.);
#2242=ORIENTED_EDGE('',*,*,#2855,.F.);
#2243=ORIENTED_EDGE('',*,*,#3200,.F.);
#2244=ORIENTED_EDGE('',*,*,#2799,.F.);
#2245=ORIENTED_EDGE('',*,*,#3196,.T.);
#2246=ORIENTED_EDGE('',*,*,#2788,.F.);
#2247=ORIENTED_EDGE('',*,*,#2869,.F.);
#2248=ORIENTED_EDGE('',*,*,#2801,.F.);
#2249=ORIENTED_EDGE('',*,*,#3201,.F.);
#2250=ORIENTED_EDGE('',*,*,#2912,.F.);
#2251=ORIENTED_EDGE('',*,*,#3198,.T.);
#2252=ORIENTED_EDGE('',*,*,#3200,.T.);
#2253=ORIENTED_EDGE('',*,*,#2913,.F.);
#2254=ORIENTED_EDGE('',*,*,#3201,.T.);
#2255=ORIENTED_EDGE('',*,*,#2800,.F.);
#2256=ORIENTED_EDGE('',*,*,#2859,.F.);
#2257=ORIENTED_EDGE('',*,*,#2763,.F.);
#2258=ORIENTED_EDGE('',*,*,#3202,.F.);
#2259=ORIENTED_EDGE('',*,*,#2811,.F.);
#2260=ORIENTED_EDGE('',*,*,#3203,.F.);
#2261=ORIENTED_EDGE('',*,*,#3152,.F.);
#2262=ORIENTED_EDGE('',*,*,#3202,.T.);
#2263=ORIENTED_EDGE('',*,*,#3127,.F.);
#2264=ORIENTED_EDGE('',*,*,#3203,.T.);
#2265=ORIENTED_EDGE('',*,*,#2762,.F.);
#2266=ORIENTED_EDGE('',*,*,#2872,.F.);
#2267=ORIENTED_EDGE('',*,*,#2834,.F.);
#2268=ORIENTED_EDGE('',*,*,#3204,.F.);
#2269=ORIENTED_EDGE('',*,*,#2751,.F.);
#2270=ORIENTED_EDGE('',*,*,#3204,.T.);
#2271=ORIENTED_EDGE('',*,*,#3154,.F.);
#2272=ORIENTED_EDGE('',*,*,#3205,.F.);
#2273=ORIENTED_EDGE('',*,*,#3205,.T.);
#2274=ORIENTED_EDGE('',*,*,#3129,.F.);
#2275=ORIENTED_EDGE('',*,*,#2752,.F.);
#2276=ORIENTED_EDGE('',*,*,#2896,.F.);
#2277=ORIENTED_EDGE('',*,*,#2613,.F.);
#2278=ORIENTED_EDGE('',*,*,#3206,.F.);
#2279=ORIENTED_EDGE('',*,*,#2805,.F.);
#2280=ORIENTED_EDGE('',*,*,#2892,.F.);
#2281=ORIENTED_EDGE('',*,*,#3160,.F.);
#2282=ORIENTED_EDGE('',*,*,#3207,.F.);
#2283=ORIENTED_EDGE('',*,*,#2609,.F.);
#2284=ORIENTED_EDGE('',*,*,#3206,.T.);
#2285=ORIENTED_EDGE('',*,*,#2612,.F.);
#2286=ORIENTED_EDGE('',*,*,#3208,.F.);
#2287=ORIENTED_EDGE('',*,*,#2610,.F.);
#2288=ORIENTED_EDGE('',*,*,#3207,.T.);
#2289=ORIENTED_EDGE('',*,*,#3209,.F.);
#2290=ORIENTED_EDGE('',*,*,#3208,.T.);
#2291=ORIENTED_EDGE('',*,*,#3184,.F.);
#2292=ORIENTED_EDGE('',*,*,#3210,.F.);
#2293=ORIENTED_EDGE('',*,*,#3175,.F.);
#2294=ORIENTED_EDGE('',*,*,#2806,.F.);
#2295=ORIENTED_EDGE('',*,*,#3159,.F.);
#2296=ORIENTED_EDGE('',*,*,#3171,.F.);
#2297=ORIENTED_EDGE('',*,*,#3211,.F.);
#2298=ORIENTED_EDGE('',*,*,#3182,.F.);
#2299=ORIENTED_EDGE('',*,*,#3209,.T.);
#2300=ORIENTED_EDGE('',*,*,#3210,.T.);
#2301=ORIENTED_EDGE('',*,*,#3183,.F.);
#2302=ORIENTED_EDGE('',*,*,#3211,.T.);
#2303=ORIENTED_EDGE('',*,*,#3170,.F.);
#2304=ORIENTED_EDGE('',*,*,#2887,.F.);
#2305=ORIENTED_EDGE('',*,*,#2601,.F.);
#2306=ORIENTED_EDGE('',*,*,#3212,.F.);
#2307=ORIENTED_EDGE('',*,*,#3166,.F.);
#2308=ORIENTED_EDGE('',*,*,#3212,.T.);
#2309=ORIENTED_EDGE('',*,*,#2600,.F.);
#2310=ORIENTED_EDGE('',*,*,#3213,.F.);
#2311=ORIENTED_EDGE('',*,*,#3213,.T.);
#2312=ORIENTED_EDGE('',*,*,#3187,.F.);
#2313=ORIENTED_EDGE('',*,*,#3214,.F.);
#2314=ORIENTED_EDGE('',*,*,#3181,.F.);
#2315=ORIENTED_EDGE('',*,*,#3167,.F.);
#2316=ORIENTED_EDGE('',*,*,#2883,.F.);
#2317=ORIENTED_EDGE('',*,*,#3164,.F.);
#2318=ORIENTED_EDGE('',*,*,#3215,.F.);
#2319=ORIENTED_EDGE('',*,*,#2597,.F.);
#2320=ORIENTED_EDGE('',*,*,#3214,.T.);
#2321=ORIENTED_EDGE('',*,*,#3186,.F.);
#2322=ORIENTED_EDGE('',*,*,#3216,.F.);
#2323=ORIENTED_EDGE('',*,*,#3176,.F.);
#2324=ORIENTED_EDGE('',*,*,#2598,.F.);
#2325=ORIENTED_EDGE('',*,*,#3215,.T.);
#2326=ORIENTED_EDGE('',*,*,#3217,.F.);
#2327=ORIENTED_EDGE('',*,*,#3216,.T.);
#2328=ORIENTED_EDGE('',*,*,#3185,.F.);
#2329=ORIENTED_EDGE('',*,*,#3217,.T.);
#2330=ORIENTED_EDGE('',*,*,#3163,.F.);
#2331=ORIENTED_EDGE('',*,*,#3177,.F.);
#2332=ORIENTED_EDGE('',*,*,#3218,.F.);
#2333=ORIENTED_EDGE('',*,*,#2928,.F.);
#2334=ORIENTED_EDGE('',*,*,#3219,.F.);
#2335=ORIENTED_EDGE('',*,*,#3220,.F.);
#2336=ORIENTED_EDGE('',*,*,#2930,.F.);
#2337=ORIENTED_EDGE('',*,*,#3221,.F.);
#2338=ORIENTED_EDGE('',*,*,#3219,.T.);
#2339=ORIENTED_EDGE('',*,*,#2929,.F.);
#2340=ORIENTED_EDGE('',*,*,#3222,.F.);
#2341=ORIENTED_EDGE('',*,*,#2931,.F.);
#2342=ORIENTED_EDGE('',*,*,#3220,.T.);
#2343=ORIENTED_EDGE('',*,*,#3223,.F.);
#2344=ORIENTED_EDGE('',*,*,#2926,.F.);
#2345=ORIENTED_EDGE('',*,*,#3218,.T.);
#2346=ORIENTED_EDGE('',*,*,#3221,.T.);
#2347=ORIENTED_EDGE('',*,*,#3222,.T.);
#2348=ORIENTED_EDGE('',*,*,#2923,.F.);
#2349=ORIENTED_EDGE('',*,*,#3223,.T.);
#2350=ORIENTED_EDGE('',*,*,#2726,.T.);
#2351=ORIENTED_EDGE('',*,*,#3224,.T.);
#2352=ORIENTED_EDGE('',*,*,#3225,.T.);
#2353=ORIENTED_EDGE('',*,*,#2618,.F.);
#2354=ORIENTED_EDGE('',*,*,#2785,.F.);
#2355=ORIENTED_EDGE('',*,*,#3226,.T.);
#2356=ORIENTED_EDGE('',*,*,#3227,.T.);
#2357=ORIENTED_EDGE('',*,*,#3228,.T.);
#2358=ORIENTED_EDGE('',*,*,#3229,.T.);
#2359=ORIENTED_EDGE('',*,*,#3230,.T.);
#2360=ORIENTED_EDGE('',*,*,#3231,.T.);
#2361=ORIENTED_EDGE('',*,*,#3232,.T.);
#2362=ORIENTED_EDGE('',*,*,#3224,.F.);
#2363=ORIENTED_EDGE('',*,*,#2725,.T.);
#2364=ORIENTED_EDGE('',*,*,#2735,.T.);
#2365=ORIENTED_EDGE('',*,*,#3233,.T.);
#2366=ORIENTED_EDGE('',*,*,#3234,.T.);
#2367=ORIENTED_EDGE('',*,*,#3235,.T.);
#2368=ORIENTED_EDGE('',*,*,#3236,.T.);
#2369=ORIENTED_EDGE('',*,*,#3237,.T.);
#2370=ORIENTED_EDGE('',*,*,#3238,.T.);
#2371=ORIENTED_EDGE('',*,*,#3239,.T.);
#2372=ORIENTED_EDGE('',*,*,#3240,.T.);
#2373=ORIENTED_EDGE('',*,*,#3241,.F.);
#2374=ORIENTED_EDGE('',*,*,#2736,.T.);
#2375=ORIENTED_EDGE('',*,*,#2745,.T.);
#2376=ORIENTED_EDGE('',*,*,#3242,.T.);
#2377=ORIENTED_EDGE('',*,*,#2744,.T.);
#2378=ORIENTED_EDGE('',*,*,#2626,.T.);
#2379=ORIENTED_EDGE('',*,*,#2592,.F.);
#2380=ORIENTED_EDGE('',*,*,#3243,.T.);
#2381=ORIENTED_EDGE('',*,*,#3242,.F.);
#2382=ORIENTED_EDGE('',*,*,#2734,.T.);
#2383=ORIENTED_EDGE('',*,*,#2783,.T.);
#2384=ORIENTED_EDGE('',*,*,#2606,.F.);
#2385=ORIENTED_EDGE('',*,*,#3244,.T.);
#2386=ORIENTED_EDGE('',*,*,#3233,.F.);
#2387=ORIENTED_EDGE('',*,*,#2737,.T.);
#2388=ORIENTED_EDGE('',*,*,#3241,.T.);
#2389=ORIENTED_EDGE('',*,*,#3245,.T.);
#2390=ORIENTED_EDGE('',*,*,#2588,.F.);
#2391=ORIENTED_EDGE('',*,*,#2781,.F.);
#2392=ORIENTED_EDGE('',*,*,#3246,.F.);
#2393=ORIENTED_EDGE('',*,*,#3247,.T.);
#2394=ORIENTED_EDGE('',*,*,#2775,.F.);
#2395=ORIENTED_EDGE('',*,*,#2622,.F.);
#2396=ORIENTED_EDGE('',*,*,#3248,.T.);
#2397=ORIENTED_EDGE('',*,*,#3246,.T.);
#2398=ORIENTED_EDGE('',*,*,#2702,.F.);
#2399=ORIENTED_EDGE('',*,*,#3249,.F.);
#2400=ORIENTED_EDGE('',*,*,#3250,.T.);
#2401=ORIENTED_EDGE('',*,*,#2779,.F.);
#2402=ORIENTED_EDGE('',*,*,#3251,.T.);
#2403=ORIENTED_EDGE('',*,*,#3249,.T.);
#2404=ORIENTED_EDGE('',*,*,#2724,.F.);
#2405=ORIENTED_EDGE('',*,*,#2772,.F.);
#2406=ORIENTED_EDGE('',*,*,#2776,.F.);
#2407=ORIENTED_EDGE('',*,*,#3247,.F.);
#2408=ORIENTED_EDGE('',*,*,#3248,.F.);
#2409=ORIENTED_EDGE('',*,*,#2621,.F.);
#2410=ORIENTED_EDGE('',*,*,#2778,.F.);
#2411=ORIENTED_EDGE('',*,*,#2767,.F.);
#2412=ORIENTED_EDGE('',*,*,#2746,.F.);
#2413=ORIENTED_EDGE('',*,*,#2623,.F.);
#2414=ORIENTED_EDGE('',*,*,#3250,.F.);
#2415=ORIENTED_EDGE('',*,*,#3251,.F.);
#2416=ORIENTED_EDGE('',*,*,#3252,.T.);
#2417=ORIENTED_EDGE('',*,*,#3253,.T.);
#2418=ORIENTED_EDGE('',*,*,#3254,.T.);
#2419=ORIENTED_EDGE('',*,*,#3255,.T.);
#2420=ORIENTED_EDGE('',*,*,#3256,.T.);
#2421=ORIENTED_EDGE('',*,*,#3257,.T.);
#2422=ORIENTED_EDGE('',*,*,#3258,.T.);
#2423=ORIENTED_EDGE('',*,*,#3259,.T.);
#2424=ORIENTED_EDGE('',*,*,#3260,.F.);
#2425=ORIENTED_EDGE('',*,*,#3261,.T.);
#2426=ORIENTED_EDGE('',*,*,#3260,.T.);
#2427=ORIENTED_EDGE('',*,*,#3262,.T.);
#2428=ORIENTED_EDGE('',*,*,#3254,.F.);
#2429=ORIENTED_EDGE('',*,*,#3263,.T.);
#2430=ORIENTED_EDGE('',*,*,#3264,.T.);
#2431=ORIENTED_EDGE('',*,*,#3265,.T.);
#2432=ORIENTED_EDGE('',*,*,#3266,.T.);
#2433=ORIENTED_EDGE('',*,*,#3267,.T.);
#2434=ORIENTED_EDGE('',*,*,#3268,.T.);
#2435=ORIENTED_EDGE('',*,*,#3269,.T.);
#2436=ORIENTED_EDGE('',*,*,#3270,.T.);
#2437=ORIENTED_EDGE('',*,*,#3271,.T.);
#2438=ORIENTED_EDGE('',*,*,#3272,.T.);
#2439=ORIENTED_EDGE('',*,*,#3273,.T.);
#2440=ORIENTED_EDGE('',*,*,#3274,.T.);
#2441=ORIENTED_EDGE('',*,*,#3275,.T.);
#2442=ORIENTED_EDGE('',*,*,#3276,.F.);
#2443=ORIENTED_EDGE('',*,*,#3277,.T.);
#2444=ORIENTED_EDGE('',*,*,#3276,.T.);
#2445=ORIENTED_EDGE('',*,*,#3278,.T.);
#2446=ORIENTED_EDGE('',*,*,#3270,.F.);
#2447=ORIENTED_EDGE('',*,*,#3279,.T.);
#2448=ORIENTED_EDGE('',*,*,#3280,.T.);
#2449=ORIENTED_EDGE('',*,*,#3281,.T.);
#2450=ORIENTED_EDGE('',*,*,#3282,.T.);
#2451=ORIENTED_EDGE('',*,*,#3283,.T.);
#2452=ORIENTED_EDGE('',*,*,#3284,.F.);
#2453=ORIENTED_EDGE('',*,*,#3261,.F.);
#2454=ORIENTED_EDGE('',*,*,#3285,.F.);
#2455=ORIENTED_EDGE('',*,*,#3267,.F.);
#2456=ORIENTED_EDGE('',*,*,#3286,.F.);
#2457=ORIENTED_EDGE('',*,*,#3285,.T.);
#2458=ORIENTED_EDGE('',*,*,#3263,.F.);
#2459=ORIENTED_EDGE('',*,*,#3287,.F.);
#2460=ORIENTED_EDGE('',*,*,#3264,.F.);
#2461=ORIENTED_EDGE('',*,*,#3286,.T.);
#2462=ORIENTED_EDGE('',*,*,#3266,.F.);
#2463=ORIENTED_EDGE('',*,*,#3288,.F.);
#2464=ORIENTED_EDGE('',*,*,#3289,.F.);
#2465=ORIENTED_EDGE('',*,*,#3232,.F.);
#2466=ORIENTED_EDGE('',*,*,#3290,.T.);
#2467=ORIENTED_EDGE('',*,*,#3284,.T.);
#2468=ORIENTED_EDGE('',*,*,#3291,.F.);
#2469=ORIENTED_EDGE('',*,*,#2619,.F.);
#2470=ORIENTED_EDGE('',*,*,#3225,.F.);
#2471=ORIENTED_EDGE('',*,*,#3287,.T.);
#2472=ORIENTED_EDGE('',*,*,#3257,.F.);
#2473=ORIENTED_EDGE('',*,*,#3292,.F.);
#2474=ORIENTED_EDGE('',*,*,#3288,.T.);
#2475=ORIENTED_EDGE('',*,*,#3265,.F.);
#2476=ORIENTED_EDGE('',*,*,#3291,.T.);
#2477=ORIENTED_EDGE('',*,*,#3289,.T.);
#2478=ORIENTED_EDGE('',*,*,#3293,.F.);
#2479=ORIENTED_EDGE('',*,*,#2604,.F.);
#2480=ORIENTED_EDGE('',*,*,#3293,.T.);
#2481=ORIENTED_EDGE('',*,*,#3292,.T.);
#2482=ORIENTED_EDGE('',*,*,#3294,.T.);
#2483=ORIENTED_EDGE('',*,*,#3226,.F.);
#2484=ORIENTED_EDGE('',*,*,#3244,.F.);
#2485=ORIENTED_EDGE('',*,*,#2605,.F.);
#2486=ORIENTED_EDGE('',*,*,#3243,.F.);
#2487=ORIENTED_EDGE('',*,*,#2591,.F.);
#2488=ORIENTED_EDGE('',*,*,#3295,.F.);
#2489=ORIENTED_EDGE('',*,*,#3296,.T.);
#2490=ORIENTED_EDGE('',*,*,#3297,.T.);
#2491=ORIENTED_EDGE('',*,*,#3234,.F.);
#2492=ORIENTED_EDGE('',*,*,#3295,.T.);
#2493=ORIENTED_EDGE('',*,*,#2590,.F.);
#2494=ORIENTED_EDGE('',*,*,#3298,.F.);
#2495=ORIENTED_EDGE('',*,*,#3299,.F.);
#2496=ORIENTED_EDGE('',*,*,#3296,.F.);
#2497=ORIENTED_EDGE('',*,*,#3300,.F.);
#2498=ORIENTED_EDGE('',*,*,#3283,.F.);
#2499=ORIENTED_EDGE('',*,*,#3301,.F.);
#2500=ORIENTED_EDGE('',*,*,#3273,.F.);
#2501=ORIENTED_EDGE('',*,*,#3245,.F.);
#2502=ORIENTED_EDGE('',*,*,#3240,.F.);
#2503=ORIENTED_EDGE('',*,*,#3302,.T.);
#2504=ORIENTED_EDGE('',*,*,#3303,.F.);
#2505=ORIENTED_EDGE('',*,*,#3298,.T.);
#2506=ORIENTED_EDGE('',*,*,#2589,.F.);
#2507=ORIENTED_EDGE('',*,*,#3300,.T.);
#2508=ORIENTED_EDGE('',*,*,#3299,.T.);
#2509=ORIENTED_EDGE('',*,*,#3304,.F.);
#2510=ORIENTED_EDGE('',*,*,#3280,.F.);
#2511=ORIENTED_EDGE('',*,*,#3301,.T.);
#2512=ORIENTED_EDGE('',*,*,#3282,.F.);
#2513=ORIENTED_EDGE('',*,*,#3305,.F.);
#2514=ORIENTED_EDGE('',*,*,#3279,.F.);
#2515=ORIENTED_EDGE('',*,*,#3303,.T.);
#2516=ORIENTED_EDGE('',*,*,#3277,.F.);
#2517=ORIENTED_EDGE('',*,*,#3305,.T.);
#2518=ORIENTED_EDGE('',*,*,#3281,.F.);
#2519=ORIENTED_EDGE('',*,*,#3304,.T.);
#2520=ORIENTED_EDGE('',*,*,#3297,.F.);
#2521=ORIENTED_EDGE('',*,*,#3272,.F.);
#2522=ORIENTED_EDGE('',*,*,#3306,.F.);
#2523=ORIENTED_EDGE('',*,*,#3307,.F.);
#2524=ORIENTED_EDGE('',*,*,#3235,.F.);
#2525=ORIENTED_EDGE('',*,*,#3308,.F.);
#2526=ORIENTED_EDGE('',*,*,#3237,.F.);
#2527=ORIENTED_EDGE('',*,*,#3309,.F.);
#2528=ORIENTED_EDGE('',*,*,#3268,.F.);
#2529=ORIENTED_EDGE('',*,*,#3306,.T.);
#2530=ORIENTED_EDGE('',*,*,#3271,.F.);
#2531=ORIENTED_EDGE('',*,*,#3310,.F.);
#2532=ORIENTED_EDGE('',*,*,#3236,.F.);
#2533=ORIENTED_EDGE('',*,*,#3307,.T.);
#2534=ORIENTED_EDGE('',*,*,#3311,.F.);
#2535=ORIENTED_EDGE('',*,*,#3309,.T.);
#2536=ORIENTED_EDGE('',*,*,#3238,.F.);
#2537=ORIENTED_EDGE('',*,*,#3308,.T.);
#2538=ORIENTED_EDGE('',*,*,#3312,.F.);
#2539=ORIENTED_EDGE('',*,*,#3313,.F.);
#2540=ORIENTED_EDGE('',*,*,#3310,.T.);
#2541=ORIENTED_EDGE('',*,*,#3278,.F.);
#2542=ORIENTED_EDGE('',*,*,#3314,.F.);
#2543=ORIENTED_EDGE('',*,*,#3312,.T.);
#2544=ORIENTED_EDGE('',*,*,#3269,.F.);
#2545=ORIENTED_EDGE('',*,*,#3311,.T.);
#2546=ORIENTED_EDGE('',*,*,#3239,.F.);
#2547=ORIENTED_EDGE('',*,*,#3313,.T.);
#2548=ORIENTED_EDGE('',*,*,#3315,.F.);
#2549=ORIENTED_EDGE('',*,*,#3274,.F.);
#2550=ORIENTED_EDGE('',*,*,#3302,.F.);
#2551=ORIENTED_EDGE('',*,*,#3315,.T.);
#2552=ORIENTED_EDGE('',*,*,#3314,.T.);
#2553=ORIENTED_EDGE('',*,*,#3275,.F.);
#2554=ORIENTED_EDGE('',*,*,#3316,.F.);
#2555=ORIENTED_EDGE('',*,*,#3229,.F.);
#2556=ORIENTED_EDGE('',*,*,#3317,.F.);
#2557=ORIENTED_EDGE('',*,*,#3252,.F.);
#2558=ORIENTED_EDGE('',*,*,#3290,.F.);
#2559=ORIENTED_EDGE('',*,*,#3231,.F.);
#2560=ORIENTED_EDGE('',*,*,#3318,.F.);
#2561=ORIENTED_EDGE('',*,*,#3319,.F.);
#2562=ORIENTED_EDGE('',*,*,#3258,.F.);
#2563=ORIENTED_EDGE('',*,*,#3317,.T.);
#2564=ORIENTED_EDGE('',*,*,#3228,.F.);
#2565=ORIENTED_EDGE('',*,*,#3320,.F.);
#2566=ORIENTED_EDGE('',*,*,#3321,.F.);
#2567=ORIENTED_EDGE('',*,*,#3230,.F.);
#2568=ORIENTED_EDGE('',*,*,#3316,.T.);
#2569=ORIENTED_EDGE('',*,*,#3322,.F.);
#2570=ORIENTED_EDGE('',*,*,#3318,.T.);
#2571=ORIENTED_EDGE('',*,*,#3259,.F.);
#2572=ORIENTED_EDGE('',*,*,#3319,.T.);
#2573=ORIENTED_EDGE('',*,*,#3323,.F.);
#2574=ORIENTED_EDGE('',*,*,#3294,.F.);
#2575=ORIENTED_EDGE('',*,*,#3256,.F.);
#2576=ORIENTED_EDGE('',*,*,#3324,.F.);
#2577=ORIENTED_EDGE('',*,*,#3320,.T.);
#2578=ORIENTED_EDGE('',*,*,#3227,.F.);
#2579=ORIENTED_EDGE('',*,*,#3253,.F.);
#2580=ORIENTED_EDGE('',*,*,#3321,.T.);
#2581=ORIENTED_EDGE('',*,*,#3325,.F.);
#2582=ORIENTED_EDGE('',*,*,#3262,.F.);
#2583=ORIENTED_EDGE('',*,*,#3323,.T.);
#2584=ORIENTED_EDGE('',*,*,#3322,.T.);
#2585=ORIENTED_EDGE('',*,*,#3324,.T.);
#2586=ORIENTED_EDGE('',*,*,#3255,.F.);
#2587=ORIENTED_EDGE('',*,*,#3325,.T.);
#2588=EDGE_CURVE('',#3326,#3327,#3790,.T.);
#2589=EDGE_CURVE('',#3327,#3328,#338,.F.);
#2590=EDGE_CURVE('',#3328,#3329,#339,.T.);
#2591=EDGE_CURVE('',#3329,#3330,#340,.T.);
#2592=EDGE_CURVE('',#3330,#3331,#3791,.T.);
#2593=EDGE_CURVE('',#3331,#3332,#3792,.T.);
#2594=EDGE_CURVE('',#3333,#3332,#3793,.T.);
#2595=EDGE_CURVE('',#3333,#3334,#341,.T.);
#2596=EDGE_CURVE('',#3335,#3334,#3794,.T.);
#2597=EDGE_CURVE('',#3335,#3336,#342,.T.);
#2598=EDGE_CURVE('',#3336,#3337,#178,.T.);
#2599=EDGE_CURVE('',#3337,#3338,#343,.T.);
#2600=EDGE_CURVE('',#3338,#3339,#179,.T.);
#2601=EDGE_CURVE('',#3339,#3340,#344,.T.);
#2602=EDGE_CURVE('',#3341,#3340,#3795,.T.);
#2603=EDGE_CURVE('',#3341,#3326,#345,.T.);
#2604=EDGE_CURVE('',#3342,#3343,#346,.F.);
#2605=EDGE_CURVE('',#3343,#3344,#347,.T.);
#2606=EDGE_CURVE('',#3344,#3345,#3796,.T.);
#2607=EDGE_CURVE('',#3346,#3345,#348,.F.);
#2608=EDGE_CURVE('',#3346,#3347,#3797,.F.);
#2609=EDGE_CURVE('',#3347,#3348,#349,.T.);
#2610=EDGE_CURVE('',#3348,#3349,#180,.T.);
#2611=EDGE_CURVE('',#3349,#3350,#350,.T.);
#2612=EDGE_CURVE('',#3350,#3351,#181,.T.);
#2613=EDGE_CURVE('',#3351,#3352,#351,.T.);
#2614=EDGE_CURVE('',#3352,#3353,#3798,.F.);
#2615=EDGE_CURVE('',#3354,#3353,#352,.F.);
#2616=EDGE_CURVE('',#3354,#3355,#3799,.F.);
#2617=EDGE_CURVE('',#3356,#3355,#3800,.F.);
#2618=EDGE_CURVE('',#3356,#3357,#3801,.T.);
#2619=EDGE_CURVE('',#3357,#3342,#353,.F.);
#2620=EDGE_CURVE('',#3358,#3359,#354,.T.);
#2621=EDGE_CURVE('',#3359,#3360,#355,.T.);
#2622=EDGE_CURVE('',#3360,#3361,#356,.F.);
#2623=EDGE_CURVE('',#3361,#3362,#357,.T.);
#2624=EDGE_CURVE('',#3362,#3363,#358,.T.);
#2625=EDGE_CURVE('',#3363,#3358,#359,.T.);
#2626=EDGE_CURVE('',#3364,#3331,#360,.T.);
#2627=EDGE_CURVE('',#3364,#3365,#3802,.T.);
#2628=EDGE_CURVE('',#3332,#3365,#361,.T.);
#2629=EDGE_CURVE('',#3366,#3367,#362,.F.);
#2630=EDGE_CURVE('',#3367,#3368,#363,.T.);
#2631=EDGE_CURVE('',#3368,#3369,#364,.F.);
#2632=EDGE_CURVE('',#3369,#3370,#365,.T.);
#2633=EDGE_CURVE('',#3370,#3371,#366,.F.);
#2634=EDGE_CURVE('',#3371,#3372,#367,.T.);
#2635=EDGE_CURVE('',#3372,#3373,#368,.T.);
#2636=EDGE_CURVE('',#3373,#3366,#369,.T.);
#2637=EDGE_CURVE('',#3374,#3375,#370,.F.);
#2638=EDGE_CURVE('',#3375,#3376,#371,.T.);
#2639=EDGE_CURVE('',#3376,#3377,#3803,.F.);
#2640=EDGE_CURVE('',#3377,#3378,#372,.T.);
#2641=EDGE_CURVE('',#3378,#3379,#373,.F.);
#2642=EDGE_CURVE('',#3379,#3380,#374,.F.);
#2643=EDGE_CURVE('',#3380,#3381,#375,.T.);
#2644=EDGE_CURVE('',#3381,#3382,#376,.T.);
#2645=EDGE_CURVE('',#3382,#3383,#3804,.F.);
#2646=EDGE_CURVE('',#3383,#3384,#377,.T.);
#2647=EDGE_CURVE('',#3384,#3385,#378,.T.);
#2648=EDGE_CURVE('',#3385,#3374,#379,.T.);
#2649=EDGE_CURVE('',#3386,#3387,#380,.F.);
#2650=EDGE_CURVE('',#3387,#3388,#381,.T.);
#2651=EDGE_CURVE('',#3388,#3389,#382,.F.);
#2652=EDGE_CURVE('',#3389,#3390,#383,.T.);
#2653=EDGE_CURVE('',#3390,#3391,#384,.F.);
#2654=EDGE_CURVE('',#3391,#3392,#385,.T.);
#2655=EDGE_CURVE('',#3392,#3393,#386,.T.);
#2656=EDGE_CURVE('',#3393,#3386,#387,.T.);
#2657=EDGE_CURVE('',#3394,#3395,#388,.F.);
#2658=EDGE_CURVE('',#3395,#3396,#389,.T.);
#2659=EDGE_CURVE('',#3396,#3397,#3805,.F.);
#2660=EDGE_CURVE('',#3397,#3398,#390,.T.);
#2661=EDGE_CURVE('',#3398,#3399,#391,.F.);
#2662=EDGE_CURVE('',#3399,#3400,#392,.F.);
#2663=EDGE_CURVE('',#3400,#3401,#393,.T.);
#2664=EDGE_CURVE('',#3401,#3402,#394,.T.);
#2665=EDGE_CURVE('',#3402,#3403,#3806,.F.);
#2666=EDGE_CURVE('',#3403,#3404,#395,.T.);
#2667=EDGE_CURVE('',#3404,#3405,#396,.T.);
#2668=EDGE_CURVE('',#3405,#3394,#397,.T.);
#2669=EDGE_CURVE('',#3406,#3407,#398,.F.);
#2670=EDGE_CURVE('',#3407,#3408,#399,.T.);
#2671=EDGE_CURVE('',#3408,#3409,#3807,.F.);
#2672=EDGE_CURVE('',#3409,#3410,#400,.T.);
#2673=EDGE_CURVE('',#3410,#3411,#401,.F.);
#2674=EDGE_CURVE('',#3411,#3412,#402,.F.);
#2675=EDGE_CURVE('',#3412,#3413,#403,.T.);
#2676=EDGE_CURVE('',#3413,#3414,#404,.T.);
#2677=EDGE_CURVE('',#3414,#3415,#3808,.F.);
#2678=EDGE_CURVE('',#3415,#3416,#405,.T.);
#2679=EDGE_CURVE('',#3416,#3417,#406,.T.);
#2680=EDGE_CURVE('',#3417,#3406,#407,.T.);
#2681=EDGE_CURVE('',#3418,#3419,#408,.F.);
#2682=EDGE_CURVE('',#3419,#3420,#409,.F.);
#2683=EDGE_CURVE('',#3420,#3421,#410,.T.);
#2684=EDGE_CURVE('',#3421,#3422,#411,.T.);
#2685=EDGE_CURVE('',#3422,#3423,#412,.F.);
#2686=EDGE_CURVE('',#3423,#3424,#413,.T.);
#2687=EDGE_CURVE('',#3424,#3425,#414,.T.);
#2688=EDGE_CURVE('',#3425,#3426,#415,.T.);
#2689=EDGE_CURVE('',#3426,#3427,#416,.F.);
#2690=EDGE_CURVE('',#3427,#3428,#417,.T.);
#2691=EDGE_CURVE('',#3428,#3429,#418,.T.);
#2692=EDGE_CURVE('',#3429,#3418,#419,.T.);
#2693=EDGE_CURVE('',#3430,#3431,#420,.F.);
#2694=EDGE_CURVE('',#3431,#3432,#421,.T.);
#2695=EDGE_CURVE('',#3432,#3433,#422,.F.);
#2696=EDGE_CURVE('',#3433,#3434,#423,.F.);
#2697=EDGE_CURVE('',#3434,#3435,#424,.F.);
#2698=EDGE_CURVE('',#3435,#3436,#425,.F.);
#2699=EDGE_CURVE('',#3436,#3437,#426,.T.);
#2700=EDGE_CURVE('',#3437,#3430,#427,.T.);
#2701=EDGE_CURVE('',#3438,#3439,#428,.T.);
#2702=EDGE_CURVE('',#3439,#3440,#429,.T.);
#2703=EDGE_CURVE('',#3440,#3441,#430,.T.);
#2704=EDGE_CURVE('',#3441,#3442,#3809,.F.);
#2705=EDGE_CURVE('',#3442,#3443,#431,.T.);
#2706=EDGE_CURVE('',#3443,#3444,#432,.T.);
#2707=EDGE_CURVE('',#3444,#3445,#433,.T.);
#2708=EDGE_CURVE('',#3445,#3446,#434,.F.);
#2709=EDGE_CURVE('',#3446,#3447,#3810,.F.);
#2710=EDGE_CURVE('',#3447,#3448,#3811,.F.);
#2711=EDGE_CURVE('',#3448,#3449,#435,.T.);
#2712=EDGE_CURVE('',#3449,#3450,#3812,.F.);
#2713=EDGE_CURVE('',#3450,#3451,#3813,.F.);
#2714=EDGE_CURVE('',#3451,#3452,#436,.T.);
#2715=EDGE_CURVE('',#3452,#3453,#437,.T.);
#2716=EDGE_CURVE('',#3453,#3454,#438,.T.);
#2717=EDGE_CURVE('',#3455,#3454,#439,.T.);
#2718=EDGE_CURVE('',#3455,#3438,#3814,.F.);
#2719=EDGE_CURVE('',#3456,#3457,#440,.T.);
#2720=EDGE_CURVE('',#3456,#3458,#3815,.F.);
#2721=EDGE_CURVE('',#3459,#3458,#3816,.F.);
#2722=EDGE_CURVE('',#3459,#3457,#3817,.F.);
#2723=EDGE_CURVE('',#3460,#3461,#441,.F.);
#2724=EDGE_CURVE('',#3460,#3359,#3818,.F.);
#2725=EDGE_CURVE('',#3462,#3358,#3819,.F.);
#2726=EDGE_CURVE('',#3463,#3462,#3820,.F.);
#2727=EDGE_CURVE('',#3463,#3464,#3821,.F.);
#2728=EDGE_CURVE('',#3465,#3464,#3822,.F.);
#2729=EDGE_CURVE('',#3465,#3466,#442,.T.);
#2730=EDGE_CURVE('',#3467,#3466,#3823,.F.);
#2731=EDGE_CURVE('',#3467,#3468,#3824,.F.);
#2732=EDGE_CURVE('',#3469,#3468,#3825,.F.);
#2733=EDGE_CURVE('',#3469,#3470,#443,.T.);
#2734=EDGE_CURVE('',#3471,#3470,#3826,.F.);
#2735=EDGE_CURVE('',#3358,#3471,#3827,.F.);
#2736=EDGE_CURVE('',#3472,#3363,#3828,.F.);
#2737=EDGE_CURVE('',#3473,#3472,#3829,.F.);
#2738=EDGE_CURVE('',#3474,#3473,#444,.F.);
#2739=EDGE_CURVE('',#3474,#3475,#3830,.T.);
#2740=EDGE_CURVE('',#3476,#3475,#3831,.T.);
#2741=EDGE_CURVE('',#3476,#3477,#3832,.T.);
#2742=EDGE_CURVE('',#3478,#3477,#445,.F.);
#2743=EDGE_CURVE('',#3478,#3365,#3833,.T.);
#2744=EDGE_CURVE('',#3479,#3364,#3834,.F.);
#2745=EDGE_CURVE('',#3363,#3479,#3835,.F.);
#2746=EDGE_CURVE('',#3362,#3480,#3836,.F.);
#2747=EDGE_CURVE('',#3480,#3481,#446,.T.);
#2748=EDGE_CURVE('',#3481,#3482,#3837,.F.);
#2749=EDGE_CURVE('',#3482,#3483,#3838,.T.);
#2750=EDGE_CURVE('',#3483,#3484,#447,.T.);
#2751=EDGE_CURVE('',#3484,#3485,#448,.F.);
#2752=EDGE_CURVE('',#3485,#3486,#3839,.T.);
#2753=EDGE_CURVE('',#3486,#3487,#449,.F.);
#2754=EDGE_CURVE('',#3487,#3488,#182,.T.);
#2755=EDGE_CURVE('',#3488,#3489,#3840,.T.);
#2756=EDGE_CURVE('',#3489,#3490,#3841,.T.);
#2757=EDGE_CURVE('',#3490,#3491,#450,.F.);
#2758=EDGE_CURVE('',#3491,#3492,#3842,.T.);
#2759=EDGE_CURVE('',#3492,#3493,#3843,.T.);
#2760=EDGE_CURVE('',#3493,#3494,#183,.T.);
#2761=EDGE_CURVE('',#3495,#3494,#451,.F.);
#2762=EDGE_CURVE('',#3495,#3496,#3844,.F.);
#2763=EDGE_CURVE('',#3496,#3497,#452,.F.);
#2764=EDGE_CURVE('',#3498,#3497,#453,.T.);
#2765=EDGE_CURVE('',#3499,#3498,#3845,.F.);
#2766=EDGE_CURVE('',#3499,#3461,#3846,.F.);
#2767=EDGE_CURVE('',#3480,#3500,#454,.F.);
#2768=EDGE_CURVE('',#3500,#3501,#455,.F.);
#2769=EDGE_CURVE('',#3501,#3502,#184,.T.);
#2770=EDGE_CURVE('',#3502,#3481,#456,.T.);
#2771=EDGE_CURVE('',#3503,#3504,#457,.T.);
#2772=EDGE_CURVE('',#3504,#3460,#458,.F.);
#2773=EDGE_CURVE('',#3461,#3505,#459,.F.);
#2774=EDGE_CURVE('',#3505,#3503,#185,.T.);
#2775=EDGE_CURVE('',#3440,#3506,#80,.T.);
#2776=EDGE_CURVE('',#3506,#3504,#186,.T.);
#2777=EDGE_CURVE('',#3503,#3441,#3847,.F.);
#2778=EDGE_CURVE('',#3500,#3507,#187,.F.);
#2779=EDGE_CURVE('',#3507,#3439,#81,.T.);
#2780=EDGE_CURVE('',#3438,#3501,#3848,.T.);
#2781=EDGE_CURVE('',#3473,#3326,#460,.T.);
#2782=EDGE_CURVE('',#3341,#3474,#461,.F.);
#2783=EDGE_CURVE('',#3470,#3345,#462,.T.);
#2784=EDGE_CURVE('',#3346,#3469,#463,.T.);
#2785=EDGE_CURVE('',#3463,#3356,#464,.T.);
#2786=EDGE_CURVE('',#3355,#3464,#465,.T.);
#2787=EDGE_CURVE('',#3508,#3509,#3849,.F.);
#2788=EDGE_CURVE('',#3509,#3510,#3850,.F.);
#2789=EDGE_CURVE('',#3510,#3511,#3851,.F.);
#2790=EDGE_CURVE('',#3511,#3508,#466,.F.);
#2791=EDGE_CURVE('',#3512,#3513,#3852,.F.);
#2792=EDGE_CURVE('',#3513,#3514,#467,.T.);
#2793=EDGE_CURVE('',#3514,#3515,#468,.T.);
#2794=EDGE_CURVE('',#3515,#3516,#469,.T.);
#2795=EDGE_CURVE('',#3517,#3516,#470,.T.);
#2796=EDGE_CURVE('',#3517,#3518,#471,.F.);
#2797=EDGE_CURVE('',#3518,#3519,#472,.F.);
#2798=EDGE_CURVE('',#3519,#3512,#3853,.F.);
#2799=EDGE_CURVE('',#3520,#3521,#3854,.F.);
#2800=EDGE_CURVE('',#3521,#3522,#188,.T.);
#2801=EDGE_CURVE('',#3522,#3523,#189,.T.);
#2802=EDGE_CURVE('',#3524,#3523,#473,.F.);
#2803=EDGE_CURVE('',#3524,#3525,#190,.T.);
#2804=EDGE_CURVE('',#3525,#3520,#191,.T.);
#2805=EDGE_CURVE('',#3526,#3527,#474,.F.);
#2806=EDGE_CURVE('',#3527,#3528,#3855,.T.);
#2807=EDGE_CURVE('',#3528,#3529,#3856,.F.);
#2808=EDGE_CURVE('',#3529,#3530,#192,.T.);
#2809=EDGE_CURVE('',#3526,#3530,#475,.T.);
#2810=EDGE_CURVE('',#3531,#3532,#476,.T.);
#2811=EDGE_CURVE('',#3532,#3533,#477,.T.);
#2812=EDGE_CURVE('',#3533,#3534,#478,.F.);
#2813=EDGE_CURVE('',#3534,#3535,#3857,.F.);
#2814=EDGE_CURVE('',#3535,#3536,#3858,.F.);
#2815=EDGE_CURVE('',#3536,#3537,#479,.F.);
#2816=EDGE_CURVE('',#3537,#3531,#480,.T.);
#2817=EDGE_CURVE('',#3538,#3539,#481,.F.);
#2818=EDGE_CURVE('',#3539,#3540,#482,.T.);
#2819=EDGE_CURVE('',#3540,#3541,#3859,.F.);
#2820=EDGE_CURVE('',#3541,#3542,#3860,.F.);
#2821=EDGE_CURVE('',#3542,#3543,#483,.T.);
#2822=EDGE_CURVE('',#3543,#3544,#484,.F.);
#2823=EDGE_CURVE('',#3545,#3544,#485,.T.);
#2824=EDGE_CURVE('',#3538,#3545,#486,.T.);
#2825=EDGE_CURVE('',#3543,#3445,#3861,.F.);
#2826=EDGE_CURVE('',#3444,#3546,#193,.T.);
#2827=EDGE_CURVE('',#3544,#3546,#194,.T.);
#2828=EDGE_CURVE('',#3534,#3493,#195,.T.);
#2829=EDGE_CURVE('',#3492,#3535,#3862,.F.);
#2830=EDGE_CURVE('',#3450,#3547,#3863,.T.);
#2831=EDGE_CURVE('',#3547,#3548,#3864,.F.);
#2832=EDGE_CURVE('',#3548,#3451,#196,.T.);
#2833=EDGE_CURVE('',#3549,#3550,#487,.T.);
#2834=EDGE_CURVE('',#3550,#3551,#488,.T.);
#2835=EDGE_CURVE('',#3552,#3551,#489,.T.);
#2836=EDGE_CURVE('',#3552,#3553,#490,.F.);
#2837=EDGE_CURVE('',#3553,#3554,#491,.F.);
#2838=EDGE_CURVE('',#3554,#3555,#3865,.F.);
#2839=EDGE_CURVE('',#3555,#3549,#3866,.F.);
#2840=EDGE_CURVE('',#3483,#3556,#492,.F.);
#2841=EDGE_CURVE('',#3556,#3455,#197,.T.);
#2842=EDGE_CURVE('',#3454,#3557,#198,.T.);
#2843=EDGE_CURVE('',#3557,#3516,#493,.T.);
#2844=EDGE_CURVE('',#3516,#3484,#494,.T.);
#2845=EDGE_CURVE('',#3482,#3558,#495,.T.);
#2846=EDGE_CURVE('',#3558,#3556,#3867,.T.);
#2847=EDGE_CURVE('',#3498,#3559,#496,.T.);
#2848=EDGE_CURVE('',#3559,#3560,#3868,.T.);
#2849=EDGE_CURVE('',#3560,#3499,#497,.F.);
#2850=EDGE_CURVE('',#3442,#3559,#199,.T.);
#2851=EDGE_CURVE('',#3545,#3497,#498,.T.);
#2852=EDGE_CURVE('',#3561,#3545,#499,.T.);
#2853=EDGE_CURVE('',#3561,#3443,#200,.T.);
#2854=EDGE_CURVE('',#3562,#3563,#3869,.F.);
#2855=EDGE_CURVE('',#3563,#3564,#3870,.T.);
#2856=EDGE_CURVE('',#3564,#3565,#3871,.F.);
#2857=EDGE_CURVE('',#3565,#3562,#500,.T.);
#2858=EDGE_CURVE('',#3531,#3538,#201,.T.);
#2859=EDGE_CURVE('',#3497,#3532,#202,.T.);
#2860=EDGE_CURVE('',#3566,#3567,#501,.T.);
#2861=EDGE_CURVE('',#3566,#3568,#203,.T.);
#2862=EDGE_CURVE('',#3568,#3569,#502,.T.);
#2863=EDGE_CURVE('',#3569,#3567,#204,.T.);
#2864=EDGE_CURVE('',#3567,#3570,#205,.T.);
#2865=EDGE_CURVE('',#3570,#3571,#206,.T.);
#2866=EDGE_CURVE('',#3571,#3572,#3872,.F.);
#2867=EDGE_CURVE('',#3572,#3573,#207,.T.);
#2868=EDGE_CURVE('',#3573,#3566,#208,.T.);
#2869=EDGE_CURVE('',#3523,#3574,#209,.T.);
#2870=EDGE_CURVE('',#3574,#3575,#503,.T.);
#2871=EDGE_CURVE('',#3575,#3524,#210,.T.);
#2872=EDGE_CURVE('',#3551,#3484,#211,.T.);
#2873=EDGE_CURVE('',#3515,#3552,#212,.T.);
#2874=EDGE_CURVE('',#3557,#3576,#504,.F.);
#2875=EDGE_CURVE('',#3576,#3517,#213,.T.);
#2876=EDGE_CURVE('',#3546,#3561,#505,.F.);
#2877=EDGE_CURVE('',#3452,#3518,#3873,.T.);
#2878=EDGE_CURVE('',#3576,#3453,#214,.T.);
#2879=EDGE_CURVE('',#3333,#3478,#506,.F.);
#2880=EDGE_CURVE('',#3334,#3477,#507,.T.);
#2881=EDGE_CURVE('',#3577,#3476,#508,.T.);
#2882=EDGE_CURVE('',#3578,#3577,#509,.F.);
#2883=EDGE_CURVE('',#3578,#3335,#215,.T.);
#2884=EDGE_CURVE('',#3579,#3475,#510,.T.);
#2885=EDGE_CURVE('',#3580,#3579,#3874,.F.);
#2886=EDGE_CURVE('',#3580,#3577,#3875,.F.);
#2887=EDGE_CURVE('',#3340,#3581,#216,.T.);
#2888=EDGE_CURVE('',#3581,#3580,#511,.T.);
#2889=EDGE_CURVE('',#3582,#3468,#512,.T.);
#2890=EDGE_CURVE('',#3582,#3583,#3876,.F.);
#2891=EDGE_CURVE('',#3584,#3583,#513,.F.);
#2892=EDGE_CURVE('',#3584,#3347,#217,.T.);
#2893=EDGE_CURVE('',#3530,#3467,#514,.T.);
#2894=EDGE_CURVE('',#3530,#3583,#3877,.F.);
#2895=EDGE_CURVE('',#3353,#3466,#515,.F.);
#2896=EDGE_CURVE('',#3352,#3526,#218,.T.);
#2897=EDGE_CURVE('',#3354,#3465,#516,.T.);
#2898=EDGE_CURVE('',#3505,#3560,#219,.F.);
#2899=EDGE_CURVE('',#3505,#3585,#220,.F.);
#2900=EDGE_CURVE('',#3585,#3560,#221,.F.);
#2901=EDGE_CURVE('',#3441,#3585,#222,.T.);
#2902=EDGE_CURVE('',#3558,#3502,#223,.F.);
#2903=EDGE_CURVE('',#3502,#3586,#224,.T.);
#2904=EDGE_CURVE('',#3586,#3438,#225,.T.);
#2905=EDGE_CURVE('',#3558,#3586,#226,.F.);
#2906=EDGE_CURVE('',#3564,#3587,#227,.T.);
#2907=EDGE_CURVE('',#3587,#3536,#228,.T.);
#2908=EDGE_CURVE('',#3565,#3491,#3878,.T.);
#2909=EDGE_CURVE('',#3562,#3490,#3879,.T.);
#2910=EDGE_CURVE('',#3488,#3549,#229,.T.);
#2911=EDGE_CURVE('',#3489,#3555,#3880,.F.);
#2912=EDGE_CURVE('',#3554,#3588,#230,.T.);
#2913=EDGE_CURVE('',#3588,#3563,#231,.T.);
#2914=EDGE_CURVE('',#3589,#3448,#3881,.F.);
#2915=EDGE_CURVE('',#3589,#3590,#517,.T.);
#2916=EDGE_CURVE('',#3449,#3590,#3882,.T.);
#2917=EDGE_CURVE('',#3590,#3547,#3883,.F.);
#2918=EDGE_CURVE('',#3591,#3447,#3884,.F.);
#2919=EDGE_CURVE('',#3591,#3589,#3885,.F.);
#2920=EDGE_CURVE('',#3446,#3592,#232,.T.);
#2921=EDGE_CURVE('',#3592,#3591,#3886,.F.);
#2922=EDGE_CURVE('',#3593,#3456,#518,.F.);
#2923=EDGE_CURVE('',#3593,#3594,#3887,.F.);
#2924=EDGE_CURVE('',#3594,#3458,#519,.T.);
#2925=EDGE_CURVE('',#3595,#3457,#520,.T.);
#2926=EDGE_CURVE('',#3595,#3593,#521,.F.);
#2927=EDGE_CURVE('',#3596,#3459,#522,.T.);
#2928=EDGE_CURVE('',#3596,#3595,#3888,.F.);
#2929=EDGE_CURVE('',#3594,#3596,#3889,.T.);
#2930=EDGE_CURVE('',#3597,#3598,#3890,.T.);
#2931=EDGE_CURVE('',#3598,#3597,#523,.T.);
#2932=EDGE_CURVE('',#3599,#3375,#524,.F.);
#2933=EDGE_CURVE('',#3599,#3600,#525,.F.);
#2934=EDGE_CURVE('',#3600,#3376,#233,.T.);
#2935=EDGE_CURVE('',#3601,#3374,#526,.F.);
#2936=EDGE_CURVE('',#3601,#3599,#527,.T.);
#2937=EDGE_CURVE('',#3602,#3385,#528,.T.);
#2938=EDGE_CURVE('',#3602,#3601,#529,.T.);
#2939=EDGE_CURVE('',#3603,#3384,#530,.T.);
#2940=EDGE_CURVE('',#3603,#3602,#531,.F.);
#2941=EDGE_CURVE('',#3604,#3383,#234,.F.);
#2942=EDGE_CURVE('',#3604,#3603,#532,.F.);
#2943=EDGE_CURVE('',#3605,#3382,#235,.T.);
#2944=EDGE_CURVE('',#3605,#3604,#3891,.F.);
#2945=EDGE_CURVE('',#3606,#3381,#533,.T.);
#2946=EDGE_CURVE('',#3606,#3605,#534,.F.);
#2947=EDGE_CURVE('',#3607,#3380,#535,.T.);
#2948=EDGE_CURVE('',#3607,#3606,#536,.F.);
#2949=EDGE_CURVE('',#3608,#3379,#537,.F.);
#2950=EDGE_CURVE('',#3608,#3607,#538,.F.);
#2951=EDGE_CURVE('',#3609,#3378,#539,.F.);
#2952=EDGE_CURVE('',#3609,#3608,#540,.T.);
#2953=EDGE_CURVE('',#3610,#3377,#236,.F.);
#2954=EDGE_CURVE('',#3610,#3609,#541,.T.);
#2955=EDGE_CURVE('',#3600,#3610,#3892,.F.);
#2956=EDGE_CURVE('',#3611,#3612,#542,.T.);
#2957=EDGE_CURVE('',#3613,#3611,#543,.F.);
#2958=EDGE_CURVE('',#3613,#3614,#544,.F.);
#2959=EDGE_CURVE('',#3614,#3612,#237,.T.);
#2960=EDGE_CURVE('',#3615,#3611,#545,.T.);
#2961=EDGE_CURVE('',#3616,#3615,#546,.F.);
#2962=EDGE_CURVE('',#3616,#3613,#547,.F.);
#2963=EDGE_CURVE('',#3617,#3615,#548,.T.);
#2964=EDGE_CURVE('',#3618,#3617,#549,.F.);
#2965=EDGE_CURVE('',#3618,#3616,#550,.F.);
#2966=EDGE_CURVE('',#3619,#3617,#551,.T.);
#2967=EDGE_CURVE('',#3620,#3619,#552,.T.);
#2968=EDGE_CURVE('',#3620,#3618,#553,.F.);
#2969=EDGE_CURVE('',#3621,#3619,#554,.T.);
#2970=EDGE_CURVE('',#3622,#3621,#238,.F.);
#2971=EDGE_CURVE('',#3622,#3620,#555,.F.);
#2972=EDGE_CURVE('',#3623,#3621,#3893,.F.);
#2973=EDGE_CURVE('',#3624,#3623,#239,.T.);
#2974=EDGE_CURVE('',#3624,#3622,#3894,.F.);
#2975=EDGE_CURVE('',#3625,#3367,#556,.F.);
#2976=EDGE_CURVE('',#3625,#3626,#557,.F.);
#2977=EDGE_CURVE('',#3626,#3368,#558,.F.);
#2978=EDGE_CURVE('',#3627,#3366,#559,.F.);
#2979=EDGE_CURVE('',#3627,#3625,#560,.T.);
#2980=EDGE_CURVE('',#3628,#3373,#561,.T.);
#2981=EDGE_CURVE('',#3628,#3627,#562,.F.);
#2982=EDGE_CURVE('',#3629,#3372,#563,.F.);
#2983=EDGE_CURVE('',#3629,#3628,#564,.F.);
#2984=EDGE_CURVE('',#3630,#3371,#565,.F.);
#2985=EDGE_CURVE('',#3630,#3629,#566,.F.);
#2986=EDGE_CURVE('',#3631,#3370,#567,.F.);
#2987=EDGE_CURVE('',#3631,#3630,#568,.T.);
#2988=EDGE_CURVE('',#3632,#3369,#569,.F.);
#2989=EDGE_CURVE('',#3632,#3631,#570,.F.);
#2990=EDGE_CURVE('',#3626,#3632,#571,.T.);
#2991=EDGE_CURVE('',#3612,#3623,#572,.T.);
#2992=EDGE_CURVE('',#3614,#3624,#573,.F.);
#2993=EDGE_CURVE('',#3633,#3634,#574,.T.);
#2994=EDGE_CURVE('',#3635,#3633,#575,.F.);
#2995=EDGE_CURVE('',#3635,#3636,#576,.F.);
#2996=EDGE_CURVE('',#3636,#3634,#240,.T.);
#2997=EDGE_CURVE('',#3637,#3633,#577,.T.);
#2998=EDGE_CURVE('',#3638,#3637,#578,.F.);
#2999=EDGE_CURVE('',#3638,#3635,#579,.F.);
#3000=EDGE_CURVE('',#3639,#3637,#580,.T.);
#3001=EDGE_CURVE('',#3640,#3639,#581,.F.);
#3002=EDGE_CURVE('',#3640,#3638,#582,.F.);
#3003=EDGE_CURVE('',#3641,#3639,#583,.T.);
#3004=EDGE_CURVE('',#3642,#3641,#584,.T.);
#3005=EDGE_CURVE('',#3642,#3640,#585,.F.);
#3006=EDGE_CURVE('',#3643,#3641,#586,.T.);
#3007=EDGE_CURVE('',#3644,#3643,#241,.F.);
#3008=EDGE_CURVE('',#3644,#3642,#587,.F.);
#3009=EDGE_CURVE('',#3645,#3643,#3895,.F.);
#3010=EDGE_CURVE('',#3646,#3645,#242,.T.);
#3011=EDGE_CURVE('',#3646,#3644,#3896,.F.);
#3012=EDGE_CURVE('',#3647,#3387,#588,.F.);
#3013=EDGE_CURVE('',#3647,#3648,#589,.F.);
#3014=EDGE_CURVE('',#3648,#3388,#590,.F.);
#3015=EDGE_CURVE('',#3649,#3386,#591,.F.);
#3016=EDGE_CURVE('',#3649,#3647,#592,.T.);
#3017=EDGE_CURVE('',#3650,#3393,#593,.T.);
#3018=EDGE_CURVE('',#3650,#3649,#594,.F.);
#3019=EDGE_CURVE('',#3651,#3392,#595,.F.);
#3020=EDGE_CURVE('',#3651,#3650,#596,.F.);
#3021=EDGE_CURVE('',#3652,#3391,#597,.F.);
#3022=EDGE_CURVE('',#3652,#3651,#598,.F.);
#3023=EDGE_CURVE('',#3653,#3390,#599,.F.);
#3024=EDGE_CURVE('',#3653,#3652,#600,.T.);
#3025=EDGE_CURVE('',#3654,#3389,#601,.F.);
#3026=EDGE_CURVE('',#3654,#3653,#602,.F.);
#3027=EDGE_CURVE('',#3648,#3654,#603,.T.);
#3028=EDGE_CURVE('',#3634,#3645,#604,.T.);
#3029=EDGE_CURVE('',#3636,#3646,#605,.F.);
#3030=EDGE_CURVE('',#3655,#3395,#606,.F.);
#3031=EDGE_CURVE('',#3655,#3656,#607,.F.);
#3032=EDGE_CURVE('',#3656,#3396,#243,.T.);
#3033=EDGE_CURVE('',#3657,#3394,#608,.F.);
#3034=EDGE_CURVE('',#3657,#3655,#609,.T.);
#3035=EDGE_CURVE('',#3658,#3405,#610,.T.);
#3036=EDGE_CURVE('',#3658,#3657,#611,.T.);
#3037=EDGE_CURVE('',#3659,#3404,#612,.T.);
#3038=EDGE_CURVE('',#3659,#3658,#613,.F.);
#3039=EDGE_CURVE('',#3660,#3403,#244,.F.);
#3040=EDGE_CURVE('',#3660,#3659,#614,.F.);
#3041=EDGE_CURVE('',#3661,#3402,#245,.T.);
#3042=EDGE_CURVE('',#3661,#3660,#3897,.F.);
#3043=EDGE_CURVE('',#3662,#3401,#615,.T.);
#3044=EDGE_CURVE('',#3662,#3661,#616,.F.);
#3045=EDGE_CURVE('',#3663,#3400,#617,.T.);
#3046=EDGE_CURVE('',#3663,#3662,#618,.F.);
#3047=EDGE_CURVE('',#3664,#3399,#619,.F.);
#3048=EDGE_CURVE('',#3664,#3663,#620,.F.);
#3049=EDGE_CURVE('',#3665,#3398,#621,.F.);
#3050=EDGE_CURVE('',#3665,#3664,#622,.T.);
#3051=EDGE_CURVE('',#3666,#3397,#246,.F.);
#3052=EDGE_CURVE('',#3666,#3665,#623,.T.);
#3053=EDGE_CURVE('',#3656,#3666,#3898,.F.);
#3054=EDGE_CURVE('',#3667,#3407,#624,.F.);
#3055=EDGE_CURVE('',#3667,#3668,#625,.F.);
#3056=EDGE_CURVE('',#3668,#3408,#247,.T.);
#3057=EDGE_CURVE('',#3669,#3406,#626,.F.);
#3058=EDGE_CURVE('',#3669,#3667,#627,.T.);
#3059=EDGE_CURVE('',#3670,#3417,#628,.T.);
#3060=EDGE_CURVE('',#3670,#3669,#629,.T.);
#3061=EDGE_CURVE('',#3671,#3416,#630,.T.);
#3062=EDGE_CURVE('',#3671,#3670,#631,.F.);
#3063=EDGE_CURVE('',#3672,#3415,#248,.F.);
#3064=EDGE_CURVE('',#3672,#3671,#632,.F.);
#3065=EDGE_CURVE('',#3673,#3414,#249,.T.);
#3066=EDGE_CURVE('',#3673,#3672,#3899,.F.);
#3067=EDGE_CURVE('',#3674,#3413,#633,.T.);
#3068=EDGE_CURVE('',#3674,#3673,#634,.F.);
#3069=EDGE_CURVE('',#3675,#3412,#635,.T.);
#3070=EDGE_CURVE('',#3675,#3674,#636,.F.);
#3071=EDGE_CURVE('',#3676,#3411,#637,.F.);
#3072=EDGE_CURVE('',#3676,#3675,#638,.F.);
#3073=EDGE_CURVE('',#3677,#3410,#639,.F.);
#3074=EDGE_CURVE('',#3677,#3676,#640,.T.);
#3075=EDGE_CURVE('',#3678,#3409,#250,.F.);
#3076=EDGE_CURVE('',#3678,#3677,#641,.T.);
#3077=EDGE_CURVE('',#3668,#3678,#3900,.F.);
#3078=EDGE_CURVE('',#3679,#3419,#642,.F.);
#3079=EDGE_CURVE('',#3679,#3680,#643,.F.);
#3080=EDGE_CURVE('',#3680,#3420,#644,.T.);
#3081=EDGE_CURVE('',#3681,#3418,#645,.F.);
#3082=EDGE_CURVE('',#3681,#3679,#646,.T.);
#3083=EDGE_CURVE('',#3682,#3429,#647,.T.);
#3084=EDGE_CURVE('',#3682,#3681,#648,.T.);
#3085=EDGE_CURVE('',#3683,#3428,#649,.F.);
#3086=EDGE_CURVE('',#3683,#3682,#650,.F.);
#3087=EDGE_CURVE('',#3684,#3427,#651,.F.);
#3088=EDGE_CURVE('',#3684,#3683,#652,.T.);
#3089=EDGE_CURVE('',#3685,#3426,#653,.F.);
#3090=EDGE_CURVE('',#3685,#3684,#654,.T.);
#3091=EDGE_CURVE('',#3686,#3425,#655,.T.);
#3092=EDGE_CURVE('',#3686,#3685,#656,.T.);
#3093=EDGE_CURVE('',#3687,#3424,#657,.F.);
#3094=EDGE_CURVE('',#3687,#3686,#658,.F.);
#3095=EDGE_CURVE('',#3688,#3423,#659,.F.);
#3096=EDGE_CURVE('',#3688,#3687,#660,.T.);
#3097=EDGE_CURVE('',#3689,#3422,#661,.F.);
#3098=EDGE_CURVE('',#3689,#3688,#662,.T.);
#3099=EDGE_CURVE('',#3690,#3421,#663,.T.);
#3100=EDGE_CURVE('',#3690,#3689,#664,.T.);
#3101=EDGE_CURVE('',#3680,#3690,#665,.F.);
#3102=EDGE_CURVE('',#3691,#3431,#666,.F.);
#3103=EDGE_CURVE('',#3691,#3692,#667,.T.);
#3104=EDGE_CURVE('',#3692,#3432,#668,.F.);
#3105=EDGE_CURVE('',#3693,#3430,#669,.F.);
#3106=EDGE_CURVE('',#3693,#3691,#670,.T.);
#3107=EDGE_CURVE('',#3694,#3437,#671,.T.);
#3108=EDGE_CURVE('',#3694,#3693,#672,.T.);
#3109=EDGE_CURVE('',#3695,#3436,#673,.T.);
#3110=EDGE_CURVE('',#3695,#3694,#674,.F.);
#3111=EDGE_CURVE('',#3696,#3435,#675,.F.);
#3112=EDGE_CURVE('',#3696,#3695,#676,.F.);
#3113=EDGE_CURVE('',#3697,#3434,#677,.T.);
#3114=EDGE_CURVE('',#3697,#3696,#678,.T.);
#3115=EDGE_CURVE('',#3698,#3433,#679,.F.);
#3116=EDGE_CURVE('',#3698,#3697,#680,.F.);
#3117=EDGE_CURVE('',#3692,#3698,#681,.T.);
#3118=EDGE_CURVE('',#3699,#3700,#682,.T.);
#3119=EDGE_CURVE('',#3700,#3701,#3901,.T.);
#3120=EDGE_CURVE('',#3701,#3702,#683,.F.);
#3121=EDGE_CURVE('',#3702,#3699,#251,.T.);
#3122=EDGE_CURVE('',#3703,#3704,#684,.T.);
#3123=EDGE_CURVE('',#3704,#3705,#3902,.F.);
#3124=EDGE_CURVE('',#3705,#3706,#685,.F.);
#3125=EDGE_CURVE('',#3706,#3703,#252,.T.);
#3126=EDGE_CURVE('',#3707,#3708,#686,.T.);
#3127=EDGE_CURVE('',#3708,#3495,#687,.F.);
#3128=EDGE_CURVE('',#3494,#3707,#253,.T.);
#3129=EDGE_CURVE('',#3486,#3709,#688,.T.);
#3130=EDGE_CURVE('',#3709,#3710,#689,.F.);
#3131=EDGE_CURVE('',#3710,#3487,#254,.T.);
#3132=EDGE_CURVE('',#3701,#3543,#3903,.F.);
#3133=EDGE_CURVE('',#3445,#3700,#255,.T.);
#3134=EDGE_CURVE('',#3446,#3699,#3904,.T.);
#3135=EDGE_CURVE('',#3702,#3542,#3905,.T.);
#3136=EDGE_CURVE('',#3592,#3702,#256,.T.);
#3137=EDGE_CURVE('',#3592,#3542,#3906,.F.);
#3138=EDGE_CURVE('',#3591,#3541,#3907,.F.);
#3139=EDGE_CURVE('',#3706,#3451,#3908,.F.);
#3140=EDGE_CURVE('',#3452,#3705,#257,.T.);
#3141=EDGE_CURVE('',#3518,#3704,#3909,.T.);
#3142=EDGE_CURVE('',#3540,#3711,#258,.T.);
#3143=EDGE_CURVE('',#3711,#3509,#259,.T.);
#3144=EDGE_CURVE('',#3589,#3508,#3910,.T.);
#3145=EDGE_CURVE('',#3703,#3548,#260,.T.);
#3146=EDGE_CURVE('',#3519,#3703,#3911,.F.);
#3147=EDGE_CURVE('',#3590,#3511,#3912,.F.);
#3148=EDGE_CURVE('',#3519,#3548,#3913,.T.);
#3149=EDGE_CURVE('',#3510,#3712,#261,.T.);
#3150=EDGE_CURVE('',#3712,#3513,#262,.T.);
#3151=EDGE_CURVE('',#3547,#3512,#3914,.F.);
#3152=EDGE_CURVE('',#3533,#3708,#3915,.T.);
#3153=EDGE_CURVE('',#3534,#3707,#3916,.T.);
#3154=EDGE_CURVE('',#3709,#3550,#3917,.F.);
#3155=EDGE_CURVE('',#3710,#3549,#3918,.F.);
#3156=EDGE_CURVE('',#3514,#3553,#3919,.F.);
#3157=EDGE_CURVE('',#3537,#3539,#3920,.T.);
#3158=EDGE_CURVE('',#3713,#3714,#263,.T.);
#3159=EDGE_CURVE('',#3714,#3715,#264,.T.);
#3160=EDGE_CURVE('',#3715,#3584,#690,.F.);
#3161=EDGE_CURVE('',#3583,#3713,#265,.T.);
#3162=EDGE_CURVE('',#3716,#3717,#3921,.F.);
#3163=EDGE_CURVE('',#3717,#3718,#3922,.F.);
#3164=EDGE_CURVE('',#3718,#3578,#691,.T.);
#3165=EDGE_CURVE('',#3577,#3716,#266,.T.);
#3166=EDGE_CURVE('',#3581,#3719,#692,.F.);
#3167=EDGE_CURVE('',#3719,#3720,#267,.T.);
#3168=EDGE_CURVE('',#3720,#3721,#268,.T.);
#3169=EDGE_CURVE('',#3721,#3580,#269,.T.);
#3170=EDGE_CURVE('',#3722,#3723,#693,.T.);
#3171=EDGE_CURVE('',#3723,#3714,#270,.T.);
#3172=EDGE_CURVE('',#3713,#3724,#271,.T.);
#3173=EDGE_CURVE('',#3725,#3724,#272,.F.);
#3174=EDGE_CURVE('',#3725,#3529,#273,.T.);
#3175=EDGE_CURVE('',#3528,#3722,#274,.T.);
#3176=EDGE_CURVE('',#3726,#3727,#694,.F.);
#3177=EDGE_CURVE('',#3727,#3717,#275,.T.);
#3178=EDGE_CURVE('',#3716,#3728,#276,.T.);
#3179=EDGE_CURVE('',#3729,#3728,#277,.F.);
#3180=EDGE_CURVE('',#3729,#3721,#278,.T.);
#3181=EDGE_CURVE('',#3720,#3726,#279,.T.);
#3182=EDGE_CURVE('',#3349,#3730,#280,.T.);
#3183=EDGE_CURVE('',#3730,#3731,#695,.F.);
#3184=EDGE_CURVE('',#3731,#3350,#3923,.F.);
#3185=EDGE_CURVE('',#3337,#3732,#3924,.T.);
#3186=EDGE_CURVE('',#3732,#3733,#696,.F.);
#3187=EDGE_CURVE('',#3733,#3338,#281,.T.);
#3188=EDGE_CURVE('',#3539,#3537,#3925,.T.);
#3189=EDGE_CURVE('',#3569,#3536,#3926,.T.);
#3190=EDGE_CURVE('',#3540,#3568,#3927,.T.);
#3191=EDGE_CURVE('',#3711,#3573,#282,.F.);
#3192=EDGE_CURVE('',#3513,#3575,#3928,.T.);
#3193=EDGE_CURVE('',#3525,#3712,#283,.F.);
#3194=EDGE_CURVE('',#3570,#3587,#284,.F.);
#3195=EDGE_CURVE('',#3509,#3572,#3929,.F.);
#3196=EDGE_CURVE('',#3520,#3510,#3930,.T.);
#3197=EDGE_CURVE('',#3514,#3553,#3931,.T.);
#3198=EDGE_CURVE('',#3554,#3574,#3932,.F.);
#3199=EDGE_CURVE('',#3571,#3564,#3933,.F.);
#3200=EDGE_CURVE('',#3521,#3563,#3934,.F.);
#3201=EDGE_CURVE('',#3588,#3522,#285,.F.);
#3202=EDGE_CURVE('',#3533,#3496,#286,.F.);
#3203=EDGE_CURVE('',#3708,#3496,#287,.T.);
#3204=EDGE_CURVE('',#3485,#3550,#288,.F.);
#3205=EDGE_CURVE('',#3485,#3709,#289,.T.);
#3206=EDGE_CURVE('',#3527,#3351,#3935,.F.);
#3207=EDGE_CURVE('',#3348,#3715,#3936,.T.);
#3208=EDGE_CURVE('',#3527,#3350,#290,.T.);
#3209=EDGE_CURVE('',#3349,#3715,#291,.T.);
#3210=EDGE_CURVE('',#3722,#3731,#292,.T.);
#3211=EDGE_CURVE('',#3730,#3723,#293,.T.);
#3212=EDGE_CURVE('',#3719,#3339,#3937,.F.);
#3213=EDGE_CURVE('',#3719,#3338,#294,.T.);
#3214=EDGE_CURVE('',#3726,#3733,#295,.T.);
#3215=EDGE_CURVE('',#3336,#3718,#3938,.T.);
#3216=EDGE_CURVE('',#3727,#3732,#296,.T.);
#3217=EDGE_CURVE('',#3337,#3718,#297,.T.);
#3218=EDGE_CURVE('',#3595,#3734,#3939,.T.);
#3219=EDGE_CURVE('',#3734,#3596,#298,.T.);
#3220=EDGE_CURVE('',#3598,#3735,#299,.T.);
#3221=EDGE_CURVE('',#3734,#3597,#300,.T.);
#3222=EDGE_CURVE('',#3735,#3594,#301,.T.);
#3223=EDGE_CURVE('',#3593,#3735,#3940,.F.);
#3224=EDGE_CURVE('',#3462,#3736,#697,.T.);
#3225=EDGE_CURVE('',#3736,#3357,#302,.T.);
#3226=EDGE_CURVE('',#3737,#3738,#303,.T.);
#3227=EDGE_CURVE('',#3738,#3739,#304,.T.);
#3228=EDGE_CURVE('',#3739,#3740,#305,.T.);
#3229=EDGE_CURVE('',#3740,#3741,#3941,.F.);
#3230=EDGE_CURVE('',#3741,#3742,#306,.T.);
#3231=EDGE_CURVE('',#3742,#3743,#307,.T.);
#3232=EDGE_CURVE('',#3743,#3736,#308,.T.);
#3233=EDGE_CURVE('',#3471,#3737,#698,.T.);
#3234=EDGE_CURVE('',#3744,#3745,#309,.T.);
#3235=EDGE_CURVE('',#3745,#3746,#310,.T.);
#3236=EDGE_CURVE('',#3746,#3747,#311,.T.);
#3237=EDGE_CURVE('',#3747,#3748,#3942,.F.);
#3238=EDGE_CURVE('',#3748,#3749,#312,.T.);
#3239=EDGE_CURVE('',#3749,#3750,#313,.T.);
#3240=EDGE_CURVE('',#3750,#3751,#314,.T.);
#3241=EDGE_CURVE('',#3472,#3751,#699,.T.);
#3242=EDGE_CURVE('',#3479,#3744,#700,.T.);
#3243=EDGE_CURVE('',#3330,#3744,#315,.T.);
#3244=EDGE_CURVE('',#3344,#3737,#316,.T.);
#3245=EDGE_CURVE('',#3751,#3327,#317,.T.);
#3246=EDGE_CURVE('',#3752,#3440,#3943,.T.);
#3247=EDGE_CURVE('',#3752,#3506,#318,.T.);
#3248=EDGE_CURVE('',#3360,#3752,#319,.F.);
#3249=EDGE_CURVE('',#3753,#3439,#3944,.T.);
#3250=EDGE_CURVE('',#3753,#3361,#320,.T.);
#3251=EDGE_CURVE('',#3507,#3753,#321,.T.);
#3252=EDGE_CURVE('',#3754,#3755,#3945,.T.);
#3253=EDGE_CURVE('',#3755,#3754,#3946,.F.);
#3254=EDGE_CURVE('',#3756,#3757,#701,.T.);
#3255=EDGE_CURVE('',#3757,#3758,#702,.F.);
#3256=EDGE_CURVE('',#3758,#3759,#322,.F.);
#3257=EDGE_CURVE('',#3759,#3756,#703,.T.);
#3258=EDGE_CURVE('',#3760,#3761,#323,.T.);
#3259=EDGE_CURVE('',#3761,#3762,#704,.T.);
#3260=EDGE_CURVE('',#3763,#3762,#705,.T.);
#3261=EDGE_CURVE('',#3763,#3760,#706,.F.);
#3262=EDGE_CURVE('',#3762,#3757,#3947,.T.);
#3263=EDGE_CURVE('',#3756,#3763,#3948,.F.);
#3264=EDGE_CURVE('',#3764,#3765,#3949,.T.);
#3265=EDGE_CURVE('',#3765,#3766,#707,.F.);
#3266=EDGE_CURVE('',#3766,#3767,#708,.T.);
#3267=EDGE_CURVE('',#3767,#3764,#709,.T.);
#3268=EDGE_CURVE('',#3768,#3769,#3950,.T.);
#3269=EDGE_CURVE('',#3769,#3768,#3951,.F.);
#3270=EDGE_CURVE('',#3770,#3771,#710,.T.);
#3271=EDGE_CURVE('',#3771,#3772,#711,.F.);
#3272=EDGE_CURVE('',#3772,#3773,#324,.F.);
#3273=EDGE_CURVE('',#3773,#3770,#712,.T.);
#3274=EDGE_CURVE('',#3774,#3775,#325,.T.);
#3275=EDGE_CURVE('',#3775,#3776,#713,.T.);
#3276=EDGE_CURVE('',#3777,#3776,#714,.T.);
#3277=EDGE_CURVE('',#3777,#3774,#715,.F.);
#3278=EDGE_CURVE('',#3776,#3771,#3952,.T.);
#3279=EDGE_CURVE('',#3770,#3777,#3953,.F.);
#3280=EDGE_CURVE('',#3778,#3779,#716,.F.);
#3281=EDGE_CURVE('',#3779,#3780,#717,.T.);
#3282=EDGE_CURVE('',#3780,#3781,#3954,.T.);
#3283=EDGE_CURVE('',#3781,#3778,#718,.F.);
#3284=EDGE_CURVE('',#3760,#3782,#719,.F.);
#3285=EDGE_CURVE('',#3764,#3763,#3955,.T.);
#3286=EDGE_CURVE('',#3782,#3767,#82,.T.);
#3287=EDGE_CURVE('',#3765,#3756,#3956,.T.);
#3288=EDGE_CURVE('',#3783,#3766,#83,.T.);
#3289=EDGE_CURVE('',#3782,#3783,#720,.F.);
#3290=EDGE_CURVE('',#3743,#3760,#326,.T.);
#3291=EDGE_CURVE('',#3342,#3782,#84,.T.);
#3292=EDGE_CURVE('',#3783,#3759,#721,.T.);
#3293=EDGE_CURVE('',#3343,#3783,#85,.T.);
#3294=EDGE_CURVE('',#3759,#3738,#327,.T.);
#3295=EDGE_CURVE('',#3784,#3329,#86,.F.);
#3296=EDGE_CURVE('',#3784,#3773,#722,.T.);
#3297=EDGE_CURVE('',#3773,#3745,#328,.T.);
#3298=EDGE_CURVE('',#3785,#3328,#87,.F.);
#3299=EDGE_CURVE('',#3784,#3785,#723,.F.);
#3300=EDGE_CURVE('',#3778,#3784,#88,.F.);
#3301=EDGE_CURVE('',#3770,#3781,#3957,.T.);
#3302=EDGE_CURVE('',#3750,#3774,#329,.T.);
#3303=EDGE_CURVE('',#3785,#3774,#724,.T.);
#3304=EDGE_CURVE('',#3779,#3785,#89,.F.);
#3305=EDGE_CURVE('',#3777,#3780,#3958,.T.);
#3306=EDGE_CURVE('',#3786,#3772,#330,.T.);
#3307=EDGE_CURVE('',#3746,#3786,#3959,.F.);
#3308=EDGE_CURVE('',#3748,#3768,#3960,.T.);
#3309=EDGE_CURVE('',#3769,#3747,#3961,.T.);
#3310=EDGE_CURVE('',#3786,#3771,#3962,.T.);
#3311=EDGE_CURVE('',#3769,#3786,#331,.T.);
#3312=EDGE_CURVE('',#3787,#3768,#332,.T.);
#3313=EDGE_CURVE('',#3749,#3787,#3963,.T.);
#3314=EDGE_CURVE('',#3787,#3776,#3964,.T.);
#3315=EDGE_CURVE('',#3775,#3787,#333,.T.);
#3316=EDGE_CURVE('',#3741,#3754,#3965,.T.);
#3317=EDGE_CURVE('',#3755,#3740,#3966,.T.);
#3318=EDGE_CURVE('',#3788,#3742,#3967,.F.);
#3319=EDGE_CURVE('',#3761,#3788,#334,.T.);
#3320=EDGE_CURVE('',#3789,#3739,#3968,.T.);
#3321=EDGE_CURVE('',#3755,#3789,#335,.T.);
#3322=EDGE_CURVE('',#3788,#3754,#336,.T.);
#3323=EDGE_CURVE('',#3762,#3788,#3969,.T.);
#3324=EDGE_CURVE('',#3789,#3758,#337,.T.);
#3325=EDGE_CURVE('',#3757,#3789,#3970,.T.);
#3326=VERTEX_POINT('',#6725);
#3327=VERTEX_POINT('',#6726);
#3328=VERTEX_POINT('',#6728);
#3329=VERTEX_POINT('',#6730);
#3330=VERTEX_POINT('',#6732);
#3331=VERTEX_POINT('',#6734);
#3332=VERTEX_POINT('',#6736);
#3333=VERTEX_POINT('',#6738);
#3334=VERTEX_POINT('',#6740);
#3335=VERTEX_POINT('',#6742);
#3336=VERTEX_POINT('',#6744);
#3337=VERTEX_POINT('',#6749);
#3338=VERTEX_POINT('',#6751);
#3339=VERTEX_POINT('',#6756);
#3340=VERTEX_POINT('',#6758);
#3341=VERTEX_POINT('',#6760);
#3342=VERTEX_POINT('',#6764);
#3343=VERTEX_POINT('',#6765);
#3344=VERTEX_POINT('',#6767);
#3345=VERTEX_POINT('',#6769);
#3346=VERTEX_POINT('',#6771);
#3347=VERTEX_POINT('',#6773);
#3348=VERTEX_POINT('',#6775);
#3349=VERTEX_POINT('',#6780);
#3350=VERTEX_POINT('',#6782);
#3351=VERTEX_POINT('',#6787);
#3352=VERTEX_POINT('',#6789);
#3353=VERTEX_POINT('',#6791);
#3354=VERTEX_POINT('',#6793);
#3355=VERTEX_POINT('',#6795);
#3356=VERTEX_POINT('',#6797);
#3357=VERTEX_POINT('',#6799);
#3358=VERTEX_POINT('',#6803);
#3359=VERTEX_POINT('',#6804);
#3360=VERTEX_POINT('',#6806);
#3361=VERTEX_POINT('',#6808);
#3362=VERTEX_POINT('',#6810);
#3363=VERTEX_POINT('',#6812);
#3364=VERTEX_POINT('',#6816);
#3365=VERTEX_POINT('',#6818);
#3366=VERTEX_POINT('',#6822);
#3367=VERTEX_POINT('',#6823);
#3368=VERTEX_POINT('',#6825);
#3369=VERTEX_POINT('',#6827);
#3370=VERTEX_POINT('',#6829);
#3371=VERTEX_POINT('',#6831);
#3372=VERTEX_POINT('',#6833);
#3373=VERTEX_POINT('',#6835);
#3374=VERTEX_POINT('',#6838);
#3375=VERTEX_POINT('',#6839);
#3376=VERTEX_POINT('',#6841);
#3377=VERTEX_POINT('',#6843);
#3378=VERTEX_POINT('',#6845);
#3379=VERTEX_POINT('',#6847);
#3380=VERTEX_POINT('',#6849);
#3381=VERTEX_POINT('',#6851);
#3382=VERTEX_POINT('',#6853);
#3383=VERTEX_POINT('',#6855);
#3384=VERTEX_POINT('',#6857);
#3385=VERTEX_POINT('',#6859);
#3386=VERTEX_POINT('',#6862);
#3387=VERTEX_POINT('',#6863);
#3388=VERTEX_POINT('',#6865);
#3389=VERTEX_POINT('',#6867);
#3390=VERTEX_POINT('',#6869);
#3391=VERTEX_POINT('',#6871);
#3392=VERTEX_POINT('',#6873);
#3393=VERTEX_POINT('',#6875);
#3394=VERTEX_POINT('',#6878);
#3395=VERTEX_POINT('',#6879);
#3396=VERTEX_POINT('',#6881);
#3397=VERTEX_POINT('',#6883);
#3398=VERTEX_POINT('',#6885);
#3399=VERTEX_POINT('',#6887);
#3400=VERTEX_POINT('',#6889);
#3401=VERTEX_POINT('',#6891);
#3402=VERTEX_POINT('',#6893);
#3403=VERTEX_POINT('',#6895);
#3404=VERTEX_POINT('',#6897);
#3405=VERTEX_POINT('',#6899);
#3406=VERTEX_POINT('',#6902);
#3407=VERTEX_POINT('',#6903);
#3408=VERTEX_POINT('',#6905);
#3409=VERTEX_POINT('',#6907);
#3410=VERTEX_POINT('',#6909);
#3411=VERTEX_POINT('',#6911);
#3412=VERTEX_POINT('',#6913);
#3413=VERTEX_POINT('',#6915);
#3414=VERTEX_POINT('',#6917);
#3415=VERTEX_POINT('',#6919);
#3416=VERTEX_POINT('',#6921);
#3417=VERTEX_POINT('',#6923);
#3418=VERTEX_POINT('',#6926);
#3419=VERTEX_POINT('',#6927);
#3420=VERTEX_POINT('',#6929);
#3421=VERTEX_POINT('',#6931);
#3422=VERTEX_POINT('',#6933);
#3423=VERTEX_POINT('',#6935);
#3424=VERTEX_POINT('',#6937);
#3425=VERTEX_POINT('',#6939);
#3426=VERTEX_POINT('',#6941);
#3427=VERTEX_POINT('',#6943);
#3428=VERTEX_POINT('',#6945);
#3429=VERTEX_POINT('',#6947);
#3430=VERTEX_POINT('',#6950);
#3431=VERTEX_POINT('',#6951);
#3432=VERTEX_POINT('',#6953);
#3433=VERTEX_POINT('',#6955);
#3434=VERTEX_POINT('',#6957);
#3435=VERTEX_POINT('',#6959);
#3436=VERTEX_POINT('',#6961);
#3437=VERTEX_POINT('',#6963);
#3438=VERTEX_POINT('',#6966);
#3439=VERTEX_POINT('',#6967);
#3440=VERTEX_POINT('',#6969);
#3441=VERTEX_POINT('',#6971);
#3442=VERTEX_POINT('',#6973);
#3443=VERTEX_POINT('',#6975);
#3444=VERTEX_POINT('',#6977);
#3445=VERTEX_POINT('',#6979);
#3446=VERTEX_POINT('',#6981);
#3447=VERTEX_POINT('',#6983);
#3448=VERTEX_POINT('',#6985);
#3449=VERTEX_POINT('',#6987);
#3450=VERTEX_POINT('',#6989);
#3451=VERTEX_POINT('',#6991);
#3452=VERTEX_POINT('',#6993);
#3453=VERTEX_POINT('',#6995);
#3454=VERTEX_POINT('',#6997);
#3455=VERTEX_POINT('',#6999);
#3456=VERTEX_POINT('',#7003);
#3457=VERTEX_POINT('',#7004);
#3458=VERTEX_POINT('',#7006);
#3459=VERTEX_POINT('',#7008);
#3460=VERTEX_POINT('',#7011);
#3461=VERTEX_POINT('',#7012);
#3462=VERTEX_POINT('',#7015);
#3463=VERTEX_POINT('',#7017);
#3464=VERTEX_POINT('',#7019);
#3465=VERTEX_POINT('',#7021);
#3466=VERTEX_POINT('',#7023);
#3467=VERTEX_POINT('',#7025);
#3468=VERTEX_POINT('',#7027);
#3469=VERTEX_POINT('',#7029);
#3470=VERTEX_POINT('',#7031);
#3471=VERTEX_POINT('',#7033);
#3472=VERTEX_POINT('',#7036);
#3473=VERTEX_POINT('',#7038);
#3474=VERTEX_POINT('',#7040);
#3475=VERTEX_POINT('',#7042);
#3476=VERTEX_POINT('',#7044);
#3477=VERTEX_POINT('',#7046);
#3478=VERTEX_POINT('',#7048);
#3479=VERTEX_POINT('',#7051);
#3480=VERTEX_POINT('',#7054);
#3481=VERTEX_POINT('',#7056);
#3482=VERTEX_POINT('',#7058);
#3483=VERTEX_POINT('',#7060);
#3484=VERTEX_POINT('',#7062);
#3485=VERTEX_POINT('',#7064);
#3486=VERTEX_POINT('',#7066);
#3487=VERTEX_POINT('',#7068);
#3488=VERTEX_POINT('',#7073);
#3489=VERTEX_POINT('',#7075);
#3490=VERTEX_POINT('',#7077);
#3491=VERTEX_POINT('',#7079);
#3492=VERTEX_POINT('',#7081);
#3493=VERTEX_POINT('',#7083);
#3494=VERTEX_POINT('',#7088);
#3495=VERTEX_POINT('',#7090);
#3496=VERTEX_POINT('',#7092);
#3497=VERTEX_POINT('',#7094);
#3498=VERTEX_POINT('',#7096);
#3499=VERTEX_POINT('',#7098);
#3500=VERTEX_POINT('',#7102);
#3501=VERTEX_POINT('',#7104);
#3502=VERTEX_POINT('',#7111);
#3503=VERTEX_POINT('',#7115);
#3504=VERTEX_POINT('',#7116);
#3505=VERTEX_POINT('',#7119);
#3506=VERTEX_POINT('',#7128);
#3507=VERTEX_POINT('',#7139);
#3508=VERTEX_POINT('',#7153);
#3509=VERTEX_POINT('',#7154);
#3510=VERTEX_POINT('',#7156);
#3511=VERTEX_POINT('',#7158);
#3512=VERTEX_POINT('',#7162);
#3513=VERTEX_POINT('',#7163);
#3514=VERTEX_POINT('',#7165);
#3515=VERTEX_POINT('',#7167);
#3516=VERTEX_POINT('',#7169);
#3517=VERTEX_POINT('',#7171);
#3518=VERTEX_POINT('',#7173);
#3519=VERTEX_POINT('',#7175);
#3520=VERTEX_POINT('',#7179);
#3521=VERTEX_POINT('',#7180);
#3522=VERTEX_POINT('',#7185);
#3523=VERTEX_POINT('',#7190);
#3524=VERTEX_POINT('',#7192);
#3525=VERTEX_POINT('',#7197);
#3526=VERTEX_POINT('',#7204);
#3527=VERTEX_POINT('',#7205);
#3528=VERTEX_POINT('',#7207);
#3529=VERTEX_POINT('',#7209);
#3530=VERTEX_POINT('',#7214);
#3531=VERTEX_POINT('',#7218);
#3532=VERTEX_POINT('',#7219);
#3533=VERTEX_POINT('',#7221);
#3534=VERTEX_POINT('',#7223);
#3535=VERTEX_POINT('',#7225);
#3536=VERTEX_POINT('',#7227);
#3537=VERTEX_POINT('',#7229);
#3538=VERTEX_POINT('',#7233);
#3539=VERTEX_POINT('',#7234);
#3540=VERTEX_POINT('',#7236);
#3541=VERTEX_POINT('',#7238);
#3542=VERTEX_POINT('',#7240);
#3543=VERTEX_POINT('',#7242);
#3544=VERTEX_POINT('',#7244);
#3545=VERTEX_POINT('',#7246);
#3546=VERTEX_POINT('',#7254);
#3547=VERTEX_POINT('',#7268);
#3548=VERTEX_POINT('',#7270);
#3549=VERTEX_POINT('',#7277);
#3550=VERTEX_POINT('',#7278);
#3551=VERTEX_POINT('',#7280);
#3552=VERTEX_POINT('',#7282);
#3553=VERTEX_POINT('',#7284);
#3554=VERTEX_POINT('',#7286);
#3555=VERTEX_POINT('',#7288);
#3556=VERTEX_POINT('',#7292);
#3557=VERTEX_POINT('',#7305);
#3558=VERTEX_POINT('',#7310);
#3559=VERTEX_POINT('',#7314);
#3560=VERTEX_POINT('',#7316);
#3561=VERTEX_POINT('',#7328);
#3562=VERTEX_POINT('',#7336);
#3563=VERTEX_POINT('',#7337);
#3564=VERTEX_POINT('',#7339);
#3565=VERTEX_POINT('',#7341);
#3566=VERTEX_POINT('',#7358);
#3567=VERTEX_POINT('',#7359);
#3568=VERTEX_POINT('',#7364);
#3569=VERTEX_POINT('',#7366);
#3570=VERTEX_POINT('',#7376);
#3571=VERTEX_POINT('',#7381);
#3572=VERTEX_POINT('',#7383);
#3573=VERTEX_POINT('',#7388);
#3574=VERTEX_POINT('',#7398);
#3575=VERTEX_POINT('',#7400);
#3576=VERTEX_POINT('',#7420);
#3577=VERTEX_POINT('',#7442);
#3578=VERTEX_POINT('',#7444);
#3579=VERTEX_POINT('',#7451);
#3580=VERTEX_POINT('',#7453);
#3581=VERTEX_POINT('',#7460);
#3582=VERTEX_POINT('',#7464);
#3583=VERTEX_POINT('',#7466);
#3584=VERTEX_POINT('',#7468);
#3585=VERTEX_POINT('',#7495);
#3586=VERTEX_POINT('',#7612);
#3587=VERTEX_POINT('',#7630);
#3588=VERTEX_POINT('',#7650);
#3589=VERTEX_POINT('',#7657);
#3590=VERTEX_POINT('',#7659);
#3591=VERTEX_POINT('',#7665);
#3592=VERTEX_POINT('',#7672);
#3593=VERTEX_POINT('',#7676);
#3594=VERTEX_POINT('',#7678);
#3595=VERTEX_POINT('',#7682);
#3596=VERTEX_POINT('',#7686);
#3597=VERTEX_POINT('',#7692);
#3598=VERTEX_POINT('',#7693);
#3599=VERTEX_POINT('',#7697);
#3600=VERTEX_POINT('',#7699);
#3601=VERTEX_POINT('',#7706);
#3602=VERTEX_POINT('',#7710);
#3603=VERTEX_POINT('',#7714);
#3604=VERTEX_POINT('',#7721);
#3605=VERTEX_POINT('',#7728);
#3606=VERTEX_POINT('',#7732);
#3607=VERTEX_POINT('',#7736);
#3608=VERTEX_POINT('',#7740);
#3609=VERTEX_POINT('',#7744);
#3610=VERTEX_POINT('',#7751);
#3611=VERTEX_POINT('',#7758);
#3612=VERTEX_POINT('',#7759);
#3613=VERTEX_POINT('',#7761);
#3614=VERTEX_POINT('',#7763);
#3615=VERTEX_POINT('',#7770);
#3616=VERTEX_POINT('',#7772);
#3617=VERTEX_POINT('',#7776);
#3618=VERTEX_POINT('',#7778);
#3619=VERTEX_POINT('',#7782);
#3620=VERTEX_POINT('',#7784);
#3621=VERTEX_POINT('',#7788);
#3622=VERTEX_POINT('',#7793);
#3623=VERTEX_POINT('',#7797);
#3624=VERTEX_POINT('',#7802);
#3625=VERTEX_POINT('',#7806);
#3626=VERTEX_POINT('',#7808);
#3627=VERTEX_POINT('',#7812);
#3628=VERTEX_POINT('',#7816);
#3629=VERTEX_POINT('',#7820);
#3630=VERTEX_POINT('',#7824);
#3631=VERTEX_POINT('',#7828);
#3632=VERTEX_POINT('',#7832);
#3633=VERTEX_POINT('',#7842);
#3634=VERTEX_POINT('',#7843);
#3635=VERTEX_POINT('',#7845);
#3636=VERTEX_POINT('',#7847);
#3637=VERTEX_POINT('',#7854);
#3638=VERTEX_POINT('',#7856);
#3639=VERTEX_POINT('',#7860);
#3640=VERTEX_POINT('',#7862);
#3641=VERTEX_POINT('',#7866);
#3642=VERTEX_POINT('',#7868);
#3643=VERTEX_POINT('',#7872);
#3644=VERTEX_POINT('',#7877);
#3645=VERTEX_POINT('',#7881);
#3646=VERTEX_POINT('',#7886);
#3647=VERTEX_POINT('',#7890);
#3648=VERTEX_POINT('',#7892);
#3649=VERTEX_POINT('',#7896);
#3650=VERTEX_POINT('',#7900);
#3651=VERTEX_POINT('',#7904);
#3652=VERTEX_POINT('',#7908);
#3653=VERTEX_POINT('',#7912);
#3654=VERTEX_POINT('',#7916);
#3655=VERTEX_POINT('',#7926);
#3656=VERTEX_POINT('',#7928);
#3657=VERTEX_POINT('',#7935);
#3658=VERTEX_POINT('',#7939);
#3659=VERTEX_POINT('',#7943);
#3660=VERTEX_POINT('',#7950);
#3661=VERTEX_POINT('',#7957);
#3662=VERTEX_POINT('',#7961);
#3663=VERTEX_POINT('',#7965);
#3664=VERTEX_POINT('',#7969);
#3665=VERTEX_POINT('',#7973);
#3666=VERTEX_POINT('',#7980);
#3667=VERTEX_POINT('',#7987);
#3668=VERTEX_POINT('',#7989);
#3669=VERTEX_POINT('',#7996);
#3670=VERTEX_POINT('',#8000);
#3671=VERTEX_POINT('',#8004);
#3672=VERTEX_POINT('',#8011);
#3673=VERTEX_POINT('',#8018);
#3674=VERTEX_POINT('',#8022);
#3675=VERTEX_POINT('',#8026);
#3676=VERTEX_POINT('',#8030);
#3677=VERTEX_POINT('',#8034);
#3678=VERTEX_POINT('',#8041);
#3679=VERTEX_POINT('',#8048);
#3680=VERTEX_POINT('',#8050);
#3681=VERTEX_POINT('',#8054);
#3682=VERTEX_POINT('',#8058);
#3683=VERTEX_POINT('',#8062);
#3684=VERTEX_POINT('',#8066);
#3685=VERTEX_POINT('',#8070);
#3686=VERTEX_POINT('',#8074);
#3687=VERTEX_POINT('',#8078);
#3688=VERTEX_POINT('',#8082);
#3689=VERTEX_POINT('',#8086);
#3690=VERTEX_POINT('',#8090);
#3691=VERTEX_POINT('',#8097);
#3692=VERTEX_POINT('',#8099);
#3693=VERTEX_POINT('',#8103);
#3694=VERTEX_POINT('',#8107);
#3695=VERTEX_POINT('',#8111);
#3696=VERTEX_POINT('',#8115);
#3697=VERTEX_POINT('',#8119);
#3698=VERTEX_POINT('',#8123);
#3699=VERTEX_POINT('',#8132);
#3700=VERTEX_POINT('',#8133);
#3701=VERTEX_POINT('',#8135);
#3702=VERTEX_POINT('',#8137);
#3703=VERTEX_POINT('',#8144);
#3704=VERTEX_POINT('',#8145);
#3705=VERTEX_POINT('',#8147);
#3706=VERTEX_POINT('',#8149);
#3707=VERTEX_POINT('',#8156);
#3708=VERTEX_POINT('',#8157);
#3709=VERTEX_POINT('',#8166);
#3710=VERTEX_POINT('',#8168);
#3711=VERTEX_POINT('',#8221);
#3712=VERTEX_POINT('',#8254);
#3713=VERTEX_POINT('',#8349);
#3714=VERTEX_POINT('',#8350);
#3715=VERTEX_POINT('',#8355);
#3716=VERTEX_POINT('',#8363);
#3717=VERTEX_POINT('',#8364);
#3718=VERTEX_POINT('',#8366);
#3719=VERTEX_POINT('',#8374);
#3720=VERTEX_POINT('',#8379);
#3721=VERTEX_POINT('',#8385);
#3722=VERTEX_POINT('',#8392);
#3723=VERTEX_POINT('',#8393);
#3724=VERTEX_POINT('',#8402);
#3725=VERTEX_POINT('',#8407);
#3726=VERTEX_POINT('',#8418);
#3727=VERTEX_POINT('',#8419);
#3728=VERTEX_POINT('',#8428);
#3729=VERTEX_POINT('',#8433);
#3730=VERTEX_POINT('',#8447);
#3731=VERTEX_POINT('',#8449);
#3732=VERTEX_POINT('',#8453);
#3733=VERTEX_POINT('',#8455);
#3734=VERTEX_POINT('',#8830);
#3735=VERTEX_POINT('',#8845);
#3736=VERTEX_POINT('',#8864);
#3737=VERTEX_POINT('',#8874);
#3738=VERTEX_POINT('',#8875);
#3739=VERTEX_POINT('',#8880);
#3740=VERTEX_POINT('',#8885);
#3741=VERTEX_POINT('',#8887);
#3742=VERTEX_POINT('',#8892);
#3743=VERTEX_POINT('',#8897);
#3744=VERTEX_POINT('',#8908);
#3745=VERTEX_POINT('',#8909);
#3746=VERTEX_POINT('',#8914);
#3747=VERTEX_POINT('',#8919);
#3748=VERTEX_POINT('',#8921);
#3749=VERTEX_POINT('',#8926);
#3750=VERTEX_POINT('',#8931);
#3751=VERTEX_POINT('',#8936);
#3752=VERTEX_POINT('',#8967);
#3753=VERTEX_POINT('',#8978);
#3754=VERTEX_POINT('',#9003);
#3755=VERTEX_POINT('',#9004);
#3756=VERTEX_POINT('',#9008);
#3757=VERTEX_POINT('',#9009);
#3758=VERTEX_POINT('',#9011);
#3759=VERTEX_POINT('',#9016);
#3760=VERTEX_POINT('',#9023);
#3761=VERTEX_POINT('',#9024);
#3762=VERTEX_POINT('',#9026);
#3763=VERTEX_POINT('',#9028);
#3764=VERTEX_POINT('',#9035);
#3765=VERTEX_POINT('',#9036);
#3766=VERTEX_POINT('',#9038);
#3767=VERTEX_POINT('',#9040);
#3768=VERTEX_POINT('',#9044);
#3769=VERTEX_POINT('',#9045);
#3770=VERTEX_POINT('',#9049);
#3771=VERTEX_POINT('',#9050);
#3772=VERTEX_POINT('',#9052);
#3773=VERTEX_POINT('',#9057);
#3774=VERTEX_POINT('',#9064);
#3775=VERTEX_POINT('',#9065);
#3776=VERTEX_POINT('',#9067);
#3777=VERTEX_POINT('',#9069);
#3778=VERTEX_POINT('',#9076);
#3779=VERTEX_POINT('',#9077);
#3780=VERTEX_POINT('',#9079);
#3781=VERTEX_POINT('',#9081);
#3782=VERTEX_POINT('',#9085);
#3783=VERTEX_POINT('',#9092);
#3784=VERTEX_POINT('',#9115);
#3785=VERTEX_POINT('',#9125);
#3786=VERTEX_POINT('',#9159);
#3787=VERTEX_POINT('',#9198);
#3788=VERTEX_POINT('',#9238);
#3789=VERTEX_POINT('',#9256);
#3790=CIRCLE('',#4993,0.00762);
#3791=CIRCLE('',#4994,0.00762000000000015);
#3792=CIRCLE('',#4995,0.0438989);
#3793=CIRCLE('',#4996,0.00255113798932778);
#3794=CIRCLE('',#4997,0.00167981982914658);
#3795=CIRCLE('',#4998,0.00468652266045667);
#3796=CIRCLE('',#5000,0.00761999999999976);
#3797=CIRCLE('',#5001,0.00468652266045661);
#3798=CIRCLE('',#5002,0.00167981982914661);
#3799=CIRCLE('',#5003,0.00255113798932779);
#3800=CIRCLE('',#5004,0.0438988999999995);
#3801=CIRCLE('',#5005,0.00762000000000028);
#3802=CIRCLE('',#5008,0.0438989);
#3803=CIRCLE('',#5010,0.00343907557508167);
#3804=CIRCLE('',#5011,0.00334377528026137);
#3805=CIRCLE('',#5012,0.00343907557509339);
#3806=CIRCLE('',#5013,0.00334377528026625);
#3807=CIRCLE('',#5014,0.00343907557509399);
#3808=CIRCLE('',#5015,0.00334377528026447);
#3809=CIRCLE('',#5016,0.042413);
#3810=CIRCLE('',#5017,0.00528095210000001);
#3811=CIRCLE('',#5018,0.00343809591600972);
#3812=CIRCLE('',#5019,0.00343809591600972);
#3813=CIRCLE('',#5020,0.00528095209999997);
#3814=CIRCLE('',#5021,0.042413);
#3815=CIRCLE('',#5023,0.00190573508605137);
#3816=CIRCLE('',#5024,0.0034349055);
#3817=CIRCLE('',#5025,0.00190573508605142);
#3818=CIRCLE('',#5026,0.0047299217461371);
#3819=CIRCLE('',#5027,0.00254);
#3820=CIRCLE('',#5028,0.00762000000000028);
#3821=CIRCLE('',#5029,0.0438988999999995);
#3822=CIRCLE('',#5030,0.00255113798932779);
#3823=CIRCLE('',#5031,0.00167981982914661);
#3824=CIRCLE('',#5032,0.0488989000000096);
#3825=CIRCLE('',#5033,0.00468652266045661);
#3826=CIRCLE('',#5034,0.00761999999999976);
#3827=CIRCLE('',#5035,0.00253999999999992);
#3828=CIRCLE('',#5036,0.00254);
#3829=CIRCLE('',#5037,0.00762);
#3830=CIRCLE('',#5038,0.00468652266045667);
#3831=CIRCLE('',#5039,0.0488989000000124);
#3832=CIRCLE('',#5040,0.00167981982914658);
#3833=CIRCLE('',#5041,0.00255113798932778);
#3834=CIRCLE('',#5042,0.00762000000000015);
#3835=CIRCLE('',#5043,0.00254000000000007);
#3836=CIRCLE('',#5044,0.0047299217461371);
#3837=CIRCLE('',#5045,0.002413);
#3838=CIRCLE('',#5046,0.04);
#3839=CIRCLE('',#5047,0.00127);
#3840=CIRCLE('',#5048,0.00362159127004167);
#3841=CIRCLE('',#5049,0.0017787350860514);
#3842=CIRCLE('',#5050,0.0017787350860514);
#3843=CIRCLE('',#5051,0.00362159127004167);
#3844=CIRCLE('',#5052,0.00127);
#3845=CIRCLE('',#5053,0.04);
#3846=CIRCLE('',#5054,0.002413);
#3847=CIRCLE('',#5059,0.00127);
#3848=CIRCLE('',#5062,0.00127);
#3849=CIRCLE('',#5067,0.00238862397946256);
#3850=CIRCLE('',#5068,0.0031809055);
#3851=CIRCLE('',#5069,0.0023886239794626);
#3852=CIRCLE('',#5071,0.00238862397946258);
#3853=CIRCLE('',#5072,0.00423148016345287);
#3854=CIRCLE('',#5074,0.0035619055);
#3855=CIRCLE('',#5076,0.0023638002);
#3856=CIRCLE('',#5077,0.00213518894978726);
#3857=CIRCLE('',#5079,0.0052809521);
#3858=CIRCLE('',#5080,0.00343809591600971);
#3859=CIRCLE('',#5082,0.00238862397946263);
#3860=CIRCLE('',#5083,0.00423148016345286);
#3861=CIRCLE('',#5085,0.0020849148324654);
#3862=CIRCLE('',#5087,0.0017190466);
#3863=CIRCLE('',#5089,0.0017190466);
#3864=CIRCLE('',#5090,0.00393264990759743);
#3865=CIRCLE('',#5092,0.00343809591600972);
#3866=CIRCLE('',#5093,0.00528095209999997);
#3867=CIRCLE('',#5096,0.04);
#3868=CIRCLE('',#5098,0.04);
#3869=CIRCLE('',#5101,0.00343809591600973);
#3870=CIRCLE('',#5102,0.0031809055);
#3871=CIRCLE('',#5103,0.00343809591600971);
#3872=CIRCLE('',#5107,0.0035619055);
#3873=CIRCLE('',#5113,0.0020849148324654);
#3874=CIRCLE('',#5120,0.00468652266045667);
#3875=CIRCLE('',#5121,0.0488989000000124);
#3876=CIRCLE('',#5124,0.00468652266045661);
#3877=CIRCLE('',#5126,0.0488989000000096);
#3878=CIRCLE('',#5137,0.0017190466);
#3879=CIRCLE('',#5139,0.0017190466);
#3880=CIRCLE('',#5141,0.0017190466);
#3881=CIRCLE('',#5144,0.0017190466);
#3882=CIRCLE('',#5145,0.0017190466);
#3883=CIRCLE('',#5147,0.00208979372360716);
#3884=CIRCLE('',#5149,0.0017190466);
#3885=CIRCLE('',#5150,0.00208979372360715);
#3886=CIRCLE('',#5152,0.00393264990759743);
#3887=CIRCLE('',#5154,0.00190573508605137);
#3888=CIRCLE('',#5157,0.00190573508605142);
#3889=CIRCLE('',#5159,0.0034349055);
#3890=CIRCLE('',#5161,0.00241890550000001);
#3891=CIRCLE('',#5168,0.00334377528026137);
#3892=CIRCLE('',#5175,0.00343907557508167);
#3893=CIRCLE('',#5183,0.0701481163253815);
#3894=CIRCLE('',#5184,0.0701481163253815);
#3895=CIRCLE('',#5201,0.0701481163284253);
#3896=CIRCLE('',#5202,0.0701481163284253);
#3897=CIRCLE('',#5219,0.00334377528026625);
#3898=CIRCLE('',#5226,0.00343907557509339);
#3899=CIRCLE('',#5234,0.00334377528026447);
#3900=CIRCLE('',#5241,0.00343907557509399);
#3901=CIRCLE('',#5268,0.00170391483246541);
#3902=CIRCLE('',#5270,0.00170391483246541);
#3903=CIRCLE('',#5274,0.000381);
#3904=CIRCLE('',#5276,0.000381);
#3905=CIRCLE('',#5278,0.000381);
#3906=CIRCLE('',#5280,0.000381);
#3907=CIRCLE('',#5282,0.000381);
#3908=CIRCLE('',#5284,0.000381);
#3909=CIRCLE('',#5286,0.000381);
#3910=CIRCLE('',#5288,0.000381);
#3911=CIRCLE('',#5290,0.000381);
#3912=CIRCLE('',#5292,0.000381);
#3913=CIRCLE('',#5294,0.000381);
#3914=CIRCLE('',#5296,0.000381);
#3915=CIRCLE('',#5299,0.000381);
#3916=CIRCLE('',#5300,0.000381);
#3917=CIRCLE('',#5302,0.000381);
#3918=CIRCLE('',#5303,0.000381);
#3919=CIRCLE('',#5305,0.000381);
#3920=CIRCLE('',#5307,0.000381);
#3921=CIRCLE('',#5310,0.00213518894978726);
#3922=CIRCLE('',#5311,0.0023638002);
#3923=CIRCLE('',#5316,0.0021352002);
#3924=CIRCLE('',#5318,0.0021352002);
#3925=CIRCLE('',#5322,0.000381);
#3926=CIRCLE('',#5324,0.000381);
#3927=CIRCLE('',#5325,0.000381);
#3928=CIRCLE('',#5326,0.000381);
#3929=CIRCLE('',#5327,0.000381);
#3930=CIRCLE('',#5328,0.000381);
#3931=CIRCLE('',#5330,0.000381);
#3932=CIRCLE('',#5331,0.000381);
#3933=CIRCLE('',#5333,0.000381);
#3934=CIRCLE('',#5335,0.000381);
#3935=CIRCLE('',#5341,0.0002286);
#3936=CIRCLE('',#5343,0.0002286);
#3937=CIRCLE('',#5348,0.0002286);
#3938=CIRCLE('',#5351,0.0002286);
#3939=CIRCLE('',#5355,0.001016);
#3940=CIRCLE('',#5358,0.001016);
#3941=CIRCLE('',#5362,0.00254);
#3942=CIRCLE('',#5364,0.00254000000000007);
#3943=CIRCLE('',#5368,0.00110377844071698);
#3944=CIRCLE('',#5370,0.00110377844071698);
#3945=CIRCLE('',#5374,0.0029972);
#3946=CIRCLE('',#5375,0.000812799999999973);
#3947=CIRCLE('',#5379,0.00126999999999997);
#3948=CIRCLE('',#5380,0.00126999999999997);
#3949=CIRCLE('',#5382,0.000634999999999972);
#3950=CIRCLE('',#5384,0.00299720000000007);
#3951=CIRCLE('',#5385,0.000812799999999979);
#3952=CIRCLE('',#5389,0.00126999999999998);
#3953=CIRCLE('',#5390,0.00126999999999998);
#3954=CIRCLE('',#5392,0.000634999999999979);
#3955=CIRCLE('',#5394,0.000635);
#3956=CIRCLE('',#5397,0.000635);
#3957=CIRCLE('',#5412,0.000635);
#3958=CIRCLE('',#5417,0.000635);
#3959=CIRCLE('',#5419,0.0004572);
#3960=CIRCLE('',#5421,0.0004572);
#3961=CIRCLE('',#5422,0.0004572);
#3962=CIRCLE('',#5424,0.0004572);
#3963=CIRCLE('',#5425,0.0004572);
#3964=CIRCLE('',#5427,0.0004572);
#3965=CIRCLE('',#5430,0.0004572);
#3966=CIRCLE('',#5431,0.0004572);
#3967=CIRCLE('',#5432,0.0004572);
#3968=CIRCLE('',#5433,0.0004572);
#3969=CIRCLE('',#5435,0.0004572);
#3970=CIRCLE('',#5437,0.0004572);
#3971=EDGE_LOOP('',(#1112,#1113,#1114,#1115,#1116,#1117,#1118,#1119,#1120,
#1121,#1122,#1123,#1124,#1125,#1126,#1127));
#3972=EDGE_LOOP('',(#1128,#1129,#1130,#1131,#1132,#1133,#1134,#1135,#1136,
#1137,#1138,#1139,#1140,#1141,#1142,#1143));
#3973=EDGE_LOOP('',(#1144,#1145,#1146,#1147,#1148,#1149));
#3974=EDGE_LOOP('',(#1150,#1151,#1152,#1153));
#3975=EDGE_LOOP('',(#1154,#1155,#1156,#1157,#1158,#1159,#1160,#1161));
#3976=EDGE_LOOP('',(#1162,#1163,#1164,#1165,#1166,#1167,#1168,#1169,#1170,
#1171,#1172,#1173));
#3977=EDGE_LOOP('',(#1174,#1175,#1176,#1177,#1178,#1179,#1180,#1181));
#3978=EDGE_LOOP('',(#1182,#1183,#1184,#1185,#1186,#1187,#1188,#1189,#1190,
#1191,#1192,#1193));
#3979=EDGE_LOOP('',(#1194,#1195,#1196,#1197,#1198,#1199,#1200,#1201,#1202,
#1203,#1204,#1205));
#3980=EDGE_LOOP('',(#1206,#1207,#1208,#1209,#1210,#1211,#1212,#1213,#1214,
#1215,#1216,#1217));
#3981=EDGE_LOOP('',(#1218,#1219,#1220,#1221,#1222,#1223,#1224,#1225));
#3982=EDGE_LOOP('',(#1226,#1227,#1228,#1229,#1230,#1231,#1232,#1233,#1234,
#1235,#1236,#1237,#1238,#1239,#1240,#1241,#1242,#1243));
#3983=EDGE_LOOP('',(#1244,#1245,#1246,#1247));
#3984=EDGE_LOOP('',(#1248,#1249,#1250,#1251,#1252,#1253,#1254,#1255,#1256,
#1257,#1258,#1259,#1260,#1261,#1262,#1263,#1264,#1265,#1266,#1267,#1268,
#1269,#1270,#1271,#1272,#1273,#1274,#1275,#1276,#1277,#1278,#1279,#1280,
#1281,#1282,#1283,#1284,#1285,#1286,#1287,#1288,#1289,#1290,#1291,#1292,
#1293,#1294,#1295));
#3985=EDGE_LOOP('',(#1296,#1297,#1298,#1299,#1300));
#3986=EDGE_LOOP('',(#1301,#1302,#1303,#1304,#1305));
#3987=EDGE_LOOP('',(#1306,#1307,#1308,#1309,#1310));
#3988=EDGE_LOOP('',(#1311,#1312,#1313,#1314,#1315));
#3989=EDGE_LOOP('',(#1316,#1317,#1318,#1319));
#3990=EDGE_LOOP('',(#1320,#1321,#1322,#1323));
#3991=EDGE_LOOP('',(#1324,#1325,#1326,#1327));
#3992=EDGE_LOOP('',(#1328,#1329,#1330,#1331));
#3993=EDGE_LOOP('',(#1332,#1333,#1334,#1335,#1336,#1337,#1338,#1339));
#3994=EDGE_LOOP('',(#1340,#1341,#1342,#1343,#1344,#1345));
#3995=EDGE_LOOP('',(#1346,#1347,#1348,#1349,#1350));
#3996=EDGE_LOOP('',(#1351,#1352,#1353,#1354,#1355,#1356,#1357));
#3997=EDGE_LOOP('',(#1358,#1359,#1360,#1361,#1362,#1363,#1364,#1365));
#3998=EDGE_LOOP('',(#1366,#1367,#1368,#1369,#1370));
#3999=EDGE_LOOP('',(#1371,#1372,#1373,#1374));
#4000=EDGE_LOOP('',(#1375,#1376,#1377,#1378));
#4001=EDGE_LOOP('',(#1379,#1380,#1381,#1382,#1383,#1384,#1385));
#4002=EDGE_LOOP('',(#1386,#1387,#1388,#1389,#1390,#1391,#1392));
#4003=EDGE_LOOP('',(#1393,#1394,#1395,#1396));
#4004=EDGE_LOOP('',(#1397,#1398,#1399,#1400));
#4005=EDGE_LOOP('',(#1401,#1402,#1403,#1404,#1405,#1406,#1407));
#4006=EDGE_LOOP('',(#1408,#1409,#1410,#1411));
#4007=EDGE_LOOP('',(#1412,#1413,#1414,#1415,#1416));
#4008=EDGE_LOOP('',(#1417,#1418,#1419,#1420));
#4009=EDGE_LOOP('',(#1421,#1422,#1423,#1424,#1425,#1426));
#4010=EDGE_LOOP('',(#1427,#1428,#1429,#1430));
#4011=EDGE_LOOP('',(#1431,#1432,#1433,#1434,#1435));
#4012=EDGE_LOOP('',(#1436,#1437,#1438,#1439));
#4013=EDGE_LOOP('',(#1440,#1441,#1442,#1443));
#4014=EDGE_LOOP('',(#1444,#1445,#1446,#1447,#1448));
#4015=EDGE_LOOP('',(#1449,#1450,#1451,#1452));
#4016=EDGE_LOOP('',(#1453,#1454,#1455,#1456));
#4017=EDGE_LOOP('',(#1457,#1458,#1459,#1460));
#4018=EDGE_LOOP('',(#1461,#1462,#1463,#1464));
#4019=EDGE_LOOP('',(#1465,#1466,#1467,#1468,#1469,#1470));
#4020=EDGE_LOOP('',(#1471,#1472,#1473,#1474,#1475));
#4021=EDGE_LOOP('',(#1476,#1477,#1478,#1479,#1480,#1481,#1482));
#4022=EDGE_LOOP('',(#1483,#1484,#1485,#1486,#1487,#1488,#1489));
#4023=EDGE_LOOP('',(#1490,#1491,#1492,#1493,#1494));
#4024=EDGE_LOOP('',(#1495,#1496,#1497,#1498,#1499,#1500));
#4025=EDGE_LOOP('',(#1501,#1502,#1503,#1504));
#4026=EDGE_LOOP('',(#1505,#1506,#1507,#1508));
#4027=EDGE_LOOP('',(#1509,#1510,#1511,#1512));
#4028=EDGE_LOOP('',(#1513,#1514,#1515));
#4029=EDGE_LOOP('',(#1516,#1517,#1518,#1519));
#4030=EDGE_LOOP('',(#1520,#1521,#1522,#1523,#1524));
#4031=EDGE_LOOP('',(#1525,#1526,#1527,#1528));
#4032=EDGE_LOOP('',(#1529,#1530,#1531,#1532));
#4033=EDGE_LOOP('',(#1533,#1534,#1535));
#4034=EDGE_LOOP('',(#1536,#1537,#1538,#1539,#1540));
#4035=EDGE_LOOP('',(#1541,#1542,#1543,#1544,#1545,#1546,#1547));
#4036=EDGE_LOOP('',(#1548,#1549,#1550,#1551));
#4037=EDGE_LOOP('',(#1552,#1553,#1554,#1555));
#4038=EDGE_LOOP('',(#1556,#1557,#1558,#1559,#1560,#1561,#1562));
#4039=EDGE_LOOP('',(#1563,#1564,#1565,#1566));
#4040=EDGE_LOOP('',(#1567,#1568,#1569,#1570));
#4041=EDGE_LOOP('',(#1571,#1572,#1573,#1574));
#4042=EDGE_LOOP('',(#1575,#1576,#1577,#1578));
#4043=EDGE_LOOP('',(#1579,#1580,#1581,#1582));
#4044=EDGE_LOOP('',(#1583,#1584,#1585,#1586));
#4045=EDGE_LOOP('',(#1587,#1588,#1589,#1590));
#4046=EDGE_LOOP('',(#1591,#1592,#1593,#1594));
#4047=EDGE_LOOP('',(#1595,#1596));
#4048=EDGE_LOOP('',(#1597,#1598,#1599,#1600));
#4049=EDGE_LOOP('',(#1601,#1602,#1603,#1604));
#4050=EDGE_LOOP('',(#1605,#1606,#1607,#1608));
#4051=EDGE_LOOP('',(#1609,#1610,#1611,#1612));
#4052=EDGE_LOOP('',(#1613,#1614,#1615,#1616));
#4053=EDGE_LOOP('',(#1617,#1618,#1619,#1620));
#4054=EDGE_LOOP('',(#1621,#1622,#1623,#1624));
#4055=EDGE_LOOP('',(#1625,#1626,#1627,#1628));
#4056=EDGE_LOOP('',(#1629,#1630,#1631,#1632));
#4057=EDGE_LOOP('',(#1633,#1634,#1635,#1636));
#4058=EDGE_LOOP('',(#1637,#1638,#1639,#1640));
#4059=EDGE_LOOP('',(#1641,#1642,#1643,#1644));
#4060=EDGE_LOOP('',(#1645,#1646,#1647,#1648,#1649,#1650,#1651,#1652,#1653,
#1654,#1655,#1656));
#4061=EDGE_LOOP('',(#1657,#1658,#1659,#1660));
#4062=EDGE_LOOP('',(#1661,#1662,#1663,#1664));
#4063=EDGE_LOOP('',(#1665,#1666,#1667,#1668));
#4064=EDGE_LOOP('',(#1669,#1670,#1671,#1672));
#4065=EDGE_LOOP('',(#1673,#1674,#1675,#1676));
#4066=EDGE_LOOP('',(#1677,#1678,#1679,#1680));
#4067=EDGE_LOOP('',(#1681,#1682,#1683,#1684));
#4068=EDGE_LOOP('',(#1685,#1686,#1687,#1688));
#4069=EDGE_LOOP('',(#1689,#1690,#1691,#1692));
#4070=EDGE_LOOP('',(#1693,#1694,#1695,#1696));
#4071=EDGE_LOOP('',(#1697,#1698,#1699,#1700));
#4072=EDGE_LOOP('',(#1701,#1702,#1703,#1704));
#4073=EDGE_LOOP('',(#1705,#1706,#1707,#1708));
#4074=EDGE_LOOP('',(#1709,#1710,#1711,#1712));
#4075=EDGE_LOOP('',(#1713,#1714,#1715,#1716));
#4076=EDGE_LOOP('',(#1717,#1718,#1719,#1720,#1721,#1722,#1723,#1724));
#4077=EDGE_LOOP('',(#1725,#1726,#1727,#1728,#1729,#1730,#1731));
#4078=EDGE_LOOP('',(#1732,#1733,#1734,#1735));
#4079=EDGE_LOOP('',(#1736,#1737,#1738,#1739));
#4080=EDGE_LOOP('',(#1740,#1741,#1742,#1743));
#4081=EDGE_LOOP('',(#1744,#1745,#1746,#1747));
#4082=EDGE_LOOP('',(#1748,#1749,#1750,#1751));
#4083=EDGE_LOOP('',(#1752,#1753,#1754,#1755));
#4084=EDGE_LOOP('',(#1756,#1757,#1758,#1759));
#4085=EDGE_LOOP('',(#1760,#1761,#1762,#1763));
#4086=EDGE_LOOP('',(#1764,#1765,#1766,#1767));
#4087=EDGE_LOOP('',(#1768,#1769,#1770,#1771));
#4088=EDGE_LOOP('',(#1772,#1773,#1774,#1775));
#4089=EDGE_LOOP('',(#1776,#1777,#1778,#1779));
#4090=EDGE_LOOP('',(#1780,#1781,#1782,#1783));
#4091=EDGE_LOOP('',(#1784,#1785,#1786,#1787));
#4092=EDGE_LOOP('',(#1788,#1789,#1790,#1791));
#4093=EDGE_LOOP('',(#1792,#1793,#1794,#1795,#1796,#1797,#1798,#1799));
#4094=EDGE_LOOP('',(#1800,#1801,#1802,#1803,#1804,#1805,#1806));
#4095=EDGE_LOOP('',(#1807,#1808,#1809,#1810));
#4096=EDGE_LOOP('',(#1811,#1812,#1813,#1814));
#4097=EDGE_LOOP('',(#1815,#1816,#1817,#1818));
#4098=EDGE_LOOP('',(#1819,#1820,#1821,#1822));
#4099=EDGE_LOOP('',(#1823,#1824,#1825,#1826));
#4100=EDGE_LOOP('',(#1827,#1828,#1829,#1830));
#4101=EDGE_LOOP('',(#1831,#1832,#1833,#1834));
#4102=EDGE_LOOP('',(#1835,#1836,#1837,#1838));
#4103=EDGE_LOOP('',(#1839,#1840,#1841,#1842));
#4104=EDGE_LOOP('',(#1843,#1844,#1845,#1846));
#4105=EDGE_LOOP('',(#1847,#1848,#1849,#1850));
#4106=EDGE_LOOP('',(#1851,#1852,#1853,#1854));
#4107=EDGE_LOOP('',(#1855,#1856,#1857,#1858,#1859,#1860,#1861,#1862,#1863,
#1864,#1865,#1866));
#4108=EDGE_LOOP('',(#1867,#1868,#1869,#1870));
#4109=EDGE_LOOP('',(#1871,#1872,#1873,#1874));
#4110=EDGE_LOOP('',(#1875,#1876,#1877,#1878));
#4111=EDGE_LOOP('',(#1879,#1880,#1881,#1882));
#4112=EDGE_LOOP('',(#1883,#1884,#1885,#1886));
#4113=EDGE_LOOP('',(#1887,#1888,#1889,#1890));
#4114=EDGE_LOOP('',(#1891,#1892,#1893,#1894));
#4115=EDGE_LOOP('',(#1895,#1896,#1897,#1898));
#4116=EDGE_LOOP('',(#1899,#1900,#1901,#1902));
#4117=EDGE_LOOP('',(#1903,#1904,#1905,#1906));
#4118=EDGE_LOOP('',(#1907,#1908,#1909,#1910));
#4119=EDGE_LOOP('',(#1911,#1912,#1913,#1914));
#4120=EDGE_LOOP('',(#1915,#1916,#1917,#1918,#1919,#1920,#1921,#1922,#1923,
#1924,#1925,#1926));
#4121=EDGE_LOOP('',(#1927,#1928,#1929,#1930));
#4122=EDGE_LOOP('',(#1931,#1932,#1933,#1934));
#4123=EDGE_LOOP('',(#1935,#1936,#1937,#1938));
#4124=EDGE_LOOP('',(#1939,#1940,#1941,#1942));
#4125=EDGE_LOOP('',(#1943,#1944,#1945,#1946));
#4126=EDGE_LOOP('',(#1947,#1948,#1949,#1950));
#4127=EDGE_LOOP('',(#1951,#1952,#1953,#1954));
#4128=EDGE_LOOP('',(#1955,#1956,#1957,#1958));
#4129=EDGE_LOOP('',(#1959,#1960,#1961,#1962));
#4130=EDGE_LOOP('',(#1963,#1964,#1965,#1966));
#4131=EDGE_LOOP('',(#1967,#1968,#1969,#1970));
#4132=EDGE_LOOP('',(#1971,#1972,#1973,#1974));
#4133=EDGE_LOOP('',(#1975,#1976,#1977,#1978,#1979,#1980,#1981,#1982,#1983,
#1984,#1985,#1986));
#4134=EDGE_LOOP('',(#1987,#1988,#1989,#1990));
#4135=EDGE_LOOP('',(#1991,#1992,#1993,#1994));
#4136=EDGE_LOOP('',(#1995,#1996,#1997,#1998));
#4137=EDGE_LOOP('',(#1999,#2000,#2001,#2002));
#4138=EDGE_LOOP('',(#2003,#2004,#2005,#2006));
#4139=EDGE_LOOP('',(#2007,#2008,#2009,#2010));
#4140=EDGE_LOOP('',(#2011,#2012,#2013,#2014));
#4141=EDGE_LOOP('',(#2015,#2016,#2017,#2018));
#4142=EDGE_LOOP('',(#2019,#2020,#2021,#2022,#2023,#2024,#2025,#2026));
#4143=EDGE_LOOP('',(#2027,#2028,#2029,#2030,#2031,#2032,#2033));
#4144=EDGE_LOOP('',(#2034,#2035,#2036,#2037,#2038,#2039,#2040));
#4145=EDGE_LOOP('',(#2041,#2042,#2043,#2044));
#4146=EDGE_LOOP('',(#2045,#2046,#2047,#2048));
#4147=EDGE_LOOP('',(#2049,#2050,#2051,#2052));
#4148=EDGE_LOOP('',(#2053,#2054,#2055,#2056));
#4149=EDGE_LOOP('',(#2057,#2058,#2059,#2060));
#4150=EDGE_LOOP('',(#2061,#2062,#2063,#2064));
#4151=EDGE_LOOP('',(#2065,#2066,#2067,#2068));
#4152=EDGE_LOOP('',(#2069,#2070,#2071,#2072));
#4153=EDGE_LOOP('',(#2073,#2074,#2075));
#4154=EDGE_LOOP('',(#2076,#2077,#2078,#2079));
#4155=EDGE_LOOP('',(#2080,#2081,#2082,#2083));
#4156=EDGE_LOOP('',(#2084,#2085,#2086,#2087));
#4157=EDGE_LOOP('',(#2088,#2089,#2090,#2091,#2092,#2093,#2094));
#4158=EDGE_LOOP('',(#2095,#2096,#2097,#2098));
#4159=EDGE_LOOP('',(#2099,#2100,#2101,#2102));
#4160=EDGE_LOOP('',(#2103,#2104,#2105,#2106));
#4161=EDGE_LOOP('',(#2107,#2108,#2109));
#4162=EDGE_LOOP('',(#2110,#2111,#2112,#2113,#2114,#2115,#2116));
#4163=EDGE_LOOP('',(#2117,#2118,#2119,#2120));
#4164=EDGE_LOOP('',(#2121,#2122,#2123,#2124));
#4165=EDGE_LOOP('',(#2125,#2126,#2127,#2128));
#4166=EDGE_LOOP('',(#2129,#2130,#2131,#2132));
#4167=EDGE_LOOP('',(#2133,#2134,#2135,#2136));
#4168=EDGE_LOOP('',(#2137,#2138,#2139,#2140));
#4169=EDGE_LOOP('',(#2141,#2142,#2143,#2144));
#4170=EDGE_LOOP('',(#2145,#2146,#2147,#2148,#2149));
#4171=EDGE_LOOP('',(#2150,#2151,#2152,#2153,#2154));
#4172=EDGE_LOOP('',(#2155,#2156,#2157,#2158,#2159));
#4173=EDGE_LOOP('',(#2160,#2161,#2162,#2163,#2164,#2165,#2166,#2167));
#4174=EDGE_LOOP('',(#2168,#2169,#2170,#2171,#2172,#2173,#2174,#2175));
#4175=EDGE_LOOP('',(#2176,#2177,#2178,#2179));
#4176=EDGE_LOOP('',(#2180,#2181,#2182,#2183));
#4177=EDGE_LOOP('',(#2184,#2185,#2186,#2187,#2188,#2189));
#4178=EDGE_LOOP('',(#2190,#2191,#2192,#2193,#2194,#2195));
#4179=EDGE_LOOP('',(#2196,#2197));
#4180=EDGE_LOOP('',(#2198,#2199,#2200,#2201,#2202,#2203));
#4181=EDGE_LOOP('',(#2204,#2205,#2206,#2207,#2208));
#4182=EDGE_LOOP('',(#2209,#2210,#2211,#2212,#2213));
#4183=EDGE_LOOP('',(#2214,#2215,#2216,#2217,#2218));
#4184=EDGE_LOOP('',(#2219,#2220,#2221,#2222));
#4185=EDGE_LOOP('',(#2223,#2224,#2225,#2226));
#4186=EDGE_LOOP('',(#2227,#2228,#2229,#2230,#2231,#2232));
#4187=EDGE_LOOP('',(#2233,#2234));
#4188=EDGE_LOOP('',(#2235,#2236,#2237,#2238));
#4189=EDGE_LOOP('',(#2239,#2240,#2241,#2242,#2243,#2244,#2245,#2246));
#4190=EDGE_LOOP('',(#2247,#2248,#2249,#2250,#2251));
#4191=EDGE_LOOP('',(#2252,#2253,#2254,#2255));
#4192=EDGE_LOOP('',(#2256,#2257,#2258,#2259));
#4193=EDGE_LOOP('',(#2260,#2261,#2262));
#4194=EDGE_LOOP('',(#2263,#2264,#2265));
#4195=EDGE_LOOP('',(#2266,#2267,#2268,#2269));
#4196=EDGE_LOOP('',(#2270,#2271,#2272));
#4197=EDGE_LOOP('',(#2273,#2274,#2275));
#4198=EDGE_LOOP('',(#2276,#2277,#2278,#2279));
#4199=EDGE_LOOP('',(#2280,#2281,#2282,#2283));
#4200=EDGE_LOOP('',(#2284,#2285,#2286));
#4201=EDGE_LOOP('',(#2287,#2288,#2289));
#4202=EDGE_LOOP('',(#2290,#2291,#2292,#2293,#2294));
#4203=EDGE_LOOP('',(#2295,#2296,#2297,#2298,#2299));
#4204=EDGE_LOOP('',(#2300,#2301,#2302,#2303));
#4205=EDGE_LOOP('',(#2304,#2305,#2306,#2307));
#4206=EDGE_LOOP('',(#2308,#2309,#2310));
#4207=EDGE_LOOP('',(#2311,#2312,#2313,#2314,#2315));
#4208=EDGE_LOOP('',(#2316,#2317,#2318,#2319));
#4209=EDGE_LOOP('',(#2320,#2321,#2322,#2323));
#4210=EDGE_LOOP('',(#2324,#2325,#2326));
#4211=EDGE_LOOP('',(#2327,#2328,#2329,#2330,#2331));
#4212=EDGE_LOOP('',(#2332,#2333,#2334));
#4213=EDGE_LOOP('',(#2335,#2336,#2337,#2338,#2339,#2340));
#4214=EDGE_LOOP('',(#2341,#2342,#2343,#2344,#2345,#2346));
#4215=EDGE_LOOP('',(#2347,#2348,#2349));
#4216=EDGE_LOOP('',(#2350,#2351,#2352,#2353,#2354));
#4217=EDGE_LOOP('',(#2355,#2356,#2357,#2358,#2359,#2360,#2361,#2362,#2363,
#2364,#2365));
#4218=EDGE_LOOP('',(#2366,#2367,#2368,#2369,#2370,#2371,#2372,#2373,#2374,
#2375,#2376));
#4219=EDGE_LOOP('',(#2377,#2378,#2379,#2380,#2381));
#4220=EDGE_LOOP('',(#2382,#2383,#2384,#2385,#2386));
#4221=EDGE_LOOP('',(#2387,#2388,#2389,#2390,#2391));
#4222=EDGE_LOOP('',(#2392,#2393,#2394));
#4223=EDGE_LOOP('',(#2395,#2396,#2397,#2398,#2399,#2400));
#4224=EDGE_LOOP('',(#2401,#2402,#2403));
#4225=EDGE_LOOP('',(#2404,#2405,#2406,#2407,#2408,#2409));
#4226=EDGE_LOOP('',(#2410,#2411,#2412,#2413,#2414,#2415));
#4227=EDGE_LOOP('',(#2416,#2417));
#4228=EDGE_LOOP('',(#2418,#2419,#2420,#2421));
#4229=EDGE_LOOP('',(#2422,#2423,#2424,#2425));
#4230=EDGE_LOOP('',(#2426,#2427,#2428,#2429));
#4231=EDGE_LOOP('',(#2430,#2431,#2432,#2433));
#4232=EDGE_LOOP('',(#2434,#2435));
#4233=EDGE_LOOP('',(#2436,#2437,#2438,#2439));
#4234=EDGE_LOOP('',(#2440,#2441,#2442,#2443));
#4235=EDGE_LOOP('',(#2444,#2445,#2446,#2447));
#4236=EDGE_LOOP('',(#2448,#2449,#2450,#2451));
#4237=EDGE_LOOP('',(#2452,#2453,#2454,#2455,#2456));
#4238=EDGE_LOOP('',(#2457,#2458,#2459,#2460));
#4239=EDGE_LOOP('',(#2461,#2462,#2463,#2464));
#4240=EDGE_LOOP('',(#2465,#2466,#2467,#2468,#2469,#2470));
#4241=EDGE_LOOP('',(#2471,#2472,#2473,#2474,#2475));
#4242=EDGE_LOOP('',(#2476,#2477,#2478,#2479));
#4243=EDGE_LOOP('',(#2480,#2481,#2482,#2483,#2484,#2485));
#4244=EDGE_LOOP('',(#2486,#2487,#2488,#2489,#2490,#2491));
#4245=EDGE_LOOP('',(#2492,#2493,#2494,#2495));
#4246=EDGE_LOOP('',(#2496,#2497,#2498,#2499,#2500));
#4247=EDGE_LOOP('',(#2501,#2502,#2503,#2504,#2505,#2506));
#4248=EDGE_LOOP('',(#2507,#2508,#2509,#2510));
#4249=EDGE_LOOP('',(#2511,#2512,#2513,#2514));
#4250=EDGE_LOOP('',(#2515,#2516,#2517,#2518,#2519));
#4251=EDGE_LOOP('',(#2520,#2521,#2522,#2523,#2524));
#4252=EDGE_LOOP('',(#2525,#2526,#2527,#2528));
#4253=EDGE_LOOP('',(#2529,#2530,#2531));
#4254=EDGE_LOOP('',(#2532,#2533,#2534,#2535));
#4255=EDGE_LOOP('',(#2536,#2537,#2538,#2539));
#4256=EDGE_LOOP('',(#2540,#2541,#2542,#2543,#2544,#2545));
#4257=EDGE_LOOP('',(#2546,#2547,#2548,#2549,#2550));
#4258=EDGE_LOOP('',(#2551,#2552,#2553));
#4259=EDGE_LOOP('',(#2554,#2555,#2556,#2557));
#4260=EDGE_LOOP('',(#2558,#2559,#2560,#2561,#2562));
#4261=EDGE_LOOP('',(#2563,#2564,#2565,#2566));
#4262=EDGE_LOOP('',(#2567,#2568,#2569,#2570));
#4263=EDGE_LOOP('',(#2571,#2572,#2573));
#4264=EDGE_LOOP('',(#2574,#2575,#2576,#2577,#2578));
#4265=EDGE_LOOP('',(#2579,#2580,#2581,#2582,#2583,#2584));
#4266=EDGE_LOOP('',(#2585,#2586,#2587));
#4267=FACE_BOUND('',#3971,.T.);
#4268=FACE_BOUND('',#3972,.T.);
#4269=FACE_BOUND('',#3973,.T.);
#4270=FACE_BOUND('',#3974,.T.);
#4271=FACE_BOUND('',#3975,.T.);
#4272=FACE_BOUND('',#3976,.T.);
#4273=FACE_BOUND('',#3977,.T.);
#4274=FACE_BOUND('',#3978,.T.);
#4275=FACE_BOUND('',#3979,.T.);
#4276=FACE_BOUND('',#3980,.T.);
#4277=FACE_BOUND('',#3981,.T.);
#4278=FACE_BOUND('',#3982,.T.);
#4279=FACE_BOUND('',#3983,.T.);
#4280=FACE_BOUND('',#3984,.T.);
#4281=FACE_BOUND('',#3985,.T.);
#4282=FACE_BOUND('',#3986,.T.);
#4283=FACE_BOUND('',#3987,.T.);
#4284=FACE_BOUND('',#3988,.T.);
#4285=FACE_BOUND('',#3989,.T.);
#4286=FACE_BOUND('',#3990,.T.);
#4287=FACE_BOUND('',#3991,.T.);
#4288=FACE_BOUND('',#3992,.T.);
#4289=FACE_BOUND('',#3993,.T.);
#4290=FACE_BOUND('',#3994,.T.);
#4291=FACE_BOUND('',#3995,.T.);
#4292=FACE_BOUND('',#3996,.T.);
#4293=FACE_BOUND('',#3997,.T.);
#4294=FACE_BOUND('',#3998,.T.);
#4295=FACE_BOUND('',#3999,.T.);
#4296=FACE_BOUND('',#4000,.T.);
#4297=FACE_BOUND('',#4001,.T.);
#4298=FACE_BOUND('',#4002,.T.);
#4299=FACE_BOUND('',#4003,.T.);
#4300=FACE_BOUND('',#4004,.T.);
#4301=FACE_BOUND('',#4005,.T.);
#4302=FACE_BOUND('',#4006,.T.);
#4303=FACE_BOUND('',#4007,.T.);
#4304=FACE_BOUND('',#4008,.T.);
#4305=FACE_BOUND('',#4009,.T.);
#4306=FACE_BOUND('',#4010,.T.);
#4307=FACE_BOUND('',#4011,.T.);
#4308=FACE_BOUND('',#4012,.T.);
#4309=FACE_BOUND('',#4013,.T.);
#4310=FACE_BOUND('',#4014,.T.);
#4311=FACE_BOUND('',#4015,.T.);
#4312=FACE_BOUND('',#4016,.T.);
#4313=FACE_BOUND('',#4017,.T.);
#4314=FACE_BOUND('',#4018,.T.);
#4315=FACE_BOUND('',#4019,.T.);
#4316=FACE_BOUND('',#4020,.T.);
#4317=FACE_BOUND('',#4021,.T.);
#4318=FACE_BOUND('',#4022,.T.);
#4319=FACE_BOUND('',#4023,.T.);
#4320=FACE_BOUND('',#4024,.T.);
#4321=FACE_BOUND('',#4025,.T.);
#4322=FACE_BOUND('',#4026,.T.);
#4323=FACE_BOUND('',#4027,.T.);
#4324=FACE_BOUND('',#4028,.T.);
#4325=FACE_BOUND('',#4029,.T.);
#4326=FACE_BOUND('',#4030,.T.);
#4327=FACE_BOUND('',#4031,.T.);
#4328=FACE_BOUND('',#4032,.T.);
#4329=FACE_BOUND('',#4033,.T.);
#4330=FACE_BOUND('',#4034,.T.);
#4331=FACE_BOUND('',#4035,.T.);
#4332=FACE_BOUND('',#4036,.T.);
#4333=FACE_BOUND('',#4037,.T.);
#4334=FACE_BOUND('',#4038,.T.);
#4335=FACE_BOUND('',#4039,.T.);
#4336=FACE_BOUND('',#4040,.T.);
#4337=FACE_BOUND('',#4041,.T.);
#4338=FACE_BOUND('',#4042,.T.);
#4339=FACE_BOUND('',#4043,.T.);
#4340=FACE_BOUND('',#4044,.T.);
#4341=FACE_BOUND('',#4045,.T.);
#4342=FACE_BOUND('',#4046,.T.);
#4343=FACE_BOUND('',#4047,.T.);
#4344=FACE_BOUND('',#4048,.T.);
#4345=FACE_BOUND('',#4049,.T.);
#4346=FACE_BOUND('',#4050,.T.);
#4347=FACE_BOUND('',#4051,.T.);
#4348=FACE_BOUND('',#4052,.T.);
#4349=FACE_BOUND('',#4053,.T.);
#4350=FACE_BOUND('',#4054,.T.);
#4351=FACE_BOUND('',#4055,.T.);
#4352=FACE_BOUND('',#4056,.T.);
#4353=FACE_BOUND('',#4057,.T.);
#4354=FACE_BOUND('',#4058,.T.);
#4355=FACE_BOUND('',#4059,.T.);
#4356=FACE_BOUND('',#4060,.T.);
#4357=FACE_BOUND('',#4061,.T.);
#4358=FACE_BOUND('',#4062,.T.);
#4359=FACE_BOUND('',#4063,.T.);
#4360=FACE_BOUND('',#4064,.T.);
#4361=FACE_BOUND('',#4065,.T.);
#4362=FACE_BOUND('',#4066,.T.);
#4363=FACE_BOUND('',#4067,.T.);
#4364=FACE_BOUND('',#4068,.T.);
#4365=FACE_BOUND('',#4069,.T.);
#4366=FACE_BOUND('',#4070,.T.);
#4367=FACE_BOUND('',#4071,.T.);
#4368=FACE_BOUND('',#4072,.T.);
#4369=FACE_BOUND('',#4073,.T.);
#4370=FACE_BOUND('',#4074,.T.);
#4371=FACE_BOUND('',#4075,.T.);
#4372=FACE_BOUND('',#4076,.T.);
#4373=FACE_BOUND('',#4077,.T.);
#4374=FACE_BOUND('',#4078,.T.);
#4375=FACE_BOUND('',#4079,.T.);
#4376=FACE_BOUND('',#4080,.T.);
#4377=FACE_BOUND('',#4081,.T.);
#4378=FACE_BOUND('',#4082,.T.);
#4379=FACE_BOUND('',#4083,.T.);
#4380=FACE_BOUND('',#4084,.T.);
#4381=FACE_BOUND('',#4085,.T.);
#4382=FACE_BOUND('',#4086,.T.);
#4383=FACE_BOUND('',#4087,.T.);
#4384=FACE_BOUND('',#4088,.T.);
#4385=FACE_BOUND('',#4089,.T.);
#4386=FACE_BOUND('',#4090,.T.);
#4387=FACE_BOUND('',#4091,.T.);
#4388=FACE_BOUND('',#4092,.T.);
#4389=FACE_BOUND('',#4093,.T.);
#4390=FACE_BOUND('',#4094,.T.);
#4391=FACE_BOUND('',#4095,.T.);
#4392=FACE_BOUND('',#4096,.T.);
#4393=FACE_BOUND('',#4097,.T.);
#4394=FACE_BOUND('',#4098,.T.);
#4395=FACE_BOUND('',#4099,.T.);
#4396=FACE_BOUND('',#4100,.T.);
#4397=FACE_BOUND('',#4101,.T.);
#4398=FACE_BOUND('',#4102,.T.);
#4399=FACE_BOUND('',#4103,.T.);
#4400=FACE_BOUND('',#4104,.T.);
#4401=FACE_BOUND('',#4105,.T.);
#4402=FACE_BOUND('',#4106,.T.);
#4403=FACE_BOUND('',#4107,.T.);
#4404=FACE_BOUND('',#4108,.T.);
#4405=FACE_BOUND('',#4109,.T.);
#4406=FACE_BOUND('',#4110,.T.);
#4407=FACE_BOUND('',#4111,.T.);
#4408=FACE_BOUND('',#4112,.T.);
#4409=FACE_BOUND('',#4113,.T.);
#4410=FACE_BOUND('',#4114,.T.);
#4411=FACE_BOUND('',#4115,.T.);
#4412=FACE_BOUND('',#4116,.T.);
#4413=FACE_BOUND('',#4117,.T.);
#4414=FACE_BOUND('',#4118,.T.);
#4415=FACE_BOUND('',#4119,.T.);
#4416=FACE_BOUND('',#4120,.T.);
#4417=FACE_BOUND('',#4121,.T.);
#4418=FACE_BOUND('',#4122,.T.);
#4419=FACE_BOUND('',#4123,.T.);
#4420=FACE_BOUND('',#4124,.T.);
#4421=FACE_BOUND('',#4125,.T.);
#4422=FACE_BOUND('',#4126,.T.);
#4423=FACE_BOUND('',#4127,.T.);
#4424=FACE_BOUND('',#4128,.T.);
#4425=FACE_BOUND('',#4129,.T.);
#4426=FACE_BOUND('',#4130,.T.);
#4427=FACE_BOUND('',#4131,.T.);
#4428=FACE_BOUND('',#4132,.T.);
#4429=FACE_BOUND('',#4133,.T.);
#4430=FACE_BOUND('',#4134,.T.);
#4431=FACE_BOUND('',#4135,.T.);
#4432=FACE_BOUND('',#4136,.T.);
#4433=FACE_BOUND('',#4137,.T.);
#4434=FACE_BOUND('',#4138,.T.);
#4435=FACE_BOUND('',#4139,.T.);
#4436=FACE_BOUND('',#4140,.T.);
#4437=FACE_BOUND('',#4141,.T.);
#4438=FACE_BOUND('',#4142,.T.);
#4439=FACE_BOUND('',#4143,.T.);
#4440=FACE_BOUND('',#4144,.T.);
#4441=FACE_BOUND('',#4145,.T.);
#4442=FACE_BOUND('',#4146,.T.);
#4443=FACE_BOUND('',#4147,.T.);
#4444=FACE_BOUND('',#4148,.T.);
#4445=FACE_BOUND('',#4149,.T.);
#4446=FACE_BOUND('',#4150,.T.);
#4447=FACE_BOUND('',#4151,.T.);
#4448=FACE_BOUND('',#4152,.T.);
#4449=FACE_BOUND('',#4153,.T.);
#4450=FACE_BOUND('',#4154,.T.);
#4451=FACE_BOUND('',#4155,.T.);
#4452=FACE_BOUND('',#4156,.T.);
#4453=FACE_BOUND('',#4157,.T.);
#4454=FACE_BOUND('',#4158,.T.);
#4455=FACE_BOUND('',#4159,.T.);
#4456=FACE_BOUND('',#4160,.T.);
#4457=FACE_BOUND('',#4161,.T.);
#4458=FACE_BOUND('',#4162,.T.);
#4459=FACE_BOUND('',#4163,.T.);
#4460=FACE_BOUND('',#4164,.T.);
#4461=FACE_BOUND('',#4165,.T.);
#4462=FACE_BOUND('',#4166,.T.);
#4463=FACE_BOUND('',#4167,.T.);
#4464=FACE_BOUND('',#4168,.T.);
#4465=FACE_BOUND('',#4169,.T.);
#4466=FACE_BOUND('',#4170,.T.);
#4467=FACE_BOUND('',#4171,.T.);
#4468=FACE_BOUND('',#4172,.T.);
#4469=FACE_BOUND('',#4173,.T.);
#4470=FACE_BOUND('',#4174,.T.);
#4471=FACE_BOUND('',#4175,.T.);
#4472=FACE_BOUND('',#4176,.T.);
#4473=FACE_BOUND('',#4177,.T.);
#4474=FACE_BOUND('',#4178,.T.);
#4475=FACE_BOUND('',#4179,.T.);
#4476=FACE_BOUND('',#4180,.T.);
#4477=FACE_BOUND('',#4181,.T.);
#4478=FACE_BOUND('',#4182,.T.);
#4479=FACE_BOUND('',#4183,.T.);
#4480=FACE_BOUND('',#4184,.T.);
#4481=FACE_BOUND('',#4185,.T.);
#4482=FACE_BOUND('',#4186,.T.);
#4483=FACE_BOUND('',#4187,.T.);
#4484=FACE_BOUND('',#4188,.T.);
#4485=FACE_BOUND('',#4189,.T.);
#4486=FACE_BOUND('',#4190,.T.);
#4487=FACE_BOUND('',#4191,.T.);
#4488=FACE_BOUND('',#4192,.T.);
#4489=FACE_BOUND('',#4193,.T.);
#4490=FACE_BOUND('',#4194,.T.);
#4491=FACE_BOUND('',#4195,.T.);
#4492=FACE_BOUND('',#4196,.T.);
#4493=FACE_BOUND('',#4197,.T.);
#4494=FACE_BOUND('',#4198,.T.);
#4495=FACE_BOUND('',#4199,.T.);
#4496=FACE_BOUND('',#4200,.T.);
#4497=FACE_BOUND('',#4201,.T.);
#4498=FACE_BOUND('',#4202,.T.);
#4499=FACE_BOUND('',#4203,.T.);
#4500=FACE_BOUND('',#4204,.T.);
#4501=FACE_BOUND('',#4205,.T.);
#4502=FACE_BOUND('',#4206,.T.);
#4503=FACE_BOUND('',#4207,.T.);
#4504=FACE_BOUND('',#4208,.T.);
#4505=FACE_BOUND('',#4209,.T.);
#4506=FACE_BOUND('',#4210,.T.);
#4507=FACE_BOUND('',#4211,.T.);
#4508=FACE_BOUND('',#4212,.T.);
#4509=FACE_BOUND('',#4213,.T.);
#4510=FACE_BOUND('',#4214,.T.);
#4511=FACE_BOUND('',#4215,.T.);
#4512=FACE_BOUND('',#4216,.T.);
#4513=FACE_BOUND('',#4217,.T.);
#4514=FACE_BOUND('',#4218,.T.);
#4515=FACE_BOUND('',#4219,.T.);
#4516=FACE_BOUND('',#4220,.T.);
#4517=FACE_BOUND('',#4221,.T.);
#4518=FACE_BOUND('',#4222,.T.);
#4519=FACE_BOUND('',#4223,.T.);
#4520=FACE_BOUND('',#4224,.T.);
#4521=FACE_BOUND('',#4225,.T.);
#4522=FACE_BOUND('',#4226,.T.);
#4523=FACE_BOUND('',#4227,.T.);
#4524=FACE_BOUND('',#4228,.T.);
#4525=FACE_BOUND('',#4229,.T.);
#4526=FACE_BOUND('',#4230,.T.);
#4527=FACE_BOUND('',#4231,.T.);
#4528=FACE_BOUND('',#4232,.T.);
#4529=FACE_BOUND('',#4233,.T.);
#4530=FACE_BOUND('',#4234,.T.);
#4531=FACE_BOUND('',#4235,.T.);
#4532=FACE_BOUND('',#4236,.T.);
#4533=FACE_BOUND('',#4237,.T.);
#4534=FACE_BOUND('',#4238,.T.);
#4535=FACE_BOUND('',#4239,.T.);
#4536=FACE_BOUND('',#4240,.T.);
#4537=FACE_BOUND('',#4241,.T.);
#4538=FACE_BOUND('',#4242,.T.);
#4539=FACE_BOUND('',#4243,.T.);
#4540=FACE_BOUND('',#4244,.T.);
#4541=FACE_BOUND('',#4245,.T.);
#4542=FACE_BOUND('',#4246,.T.);
#4543=FACE_BOUND('',#4247,.T.);
#4544=FACE_BOUND('',#4248,.T.);
#4545=FACE_BOUND('',#4249,.T.);
#4546=FACE_BOUND('',#4250,.T.);
#4547=FACE_BOUND('',#4251,.T.);
#4548=FACE_BOUND('',#4252,.T.);
#4549=FACE_BOUND('',#4253,.T.);
#4550=FACE_BOUND('',#4254,.T.);
#4551=FACE_BOUND('',#4255,.T.);
#4552=FACE_BOUND('',#4256,.T.);
#4553=FACE_BOUND('',#4257,.T.);
#4554=FACE_BOUND('',#4258,.T.);
#4555=FACE_BOUND('',#4259,.T.);
#4556=FACE_BOUND('',#4260,.T.);
#4557=FACE_BOUND('',#4261,.T.);
#4558=FACE_BOUND('',#4262,.T.);
#4559=FACE_BOUND('',#4263,.T.);
#4560=FACE_BOUND('',#4264,.T.);
#4561=FACE_BOUND('',#4265,.T.);
#4562=FACE_BOUND('',#4266,.T.);
#4563=PLANE('',#4992);
#4564=PLANE('',#4999);
#4565=PLANE('',#5006);
#4566=PLANE('',#5009);
#4567=PLANE('',#5022);
#4568=PLANE('',#5055);
#4569=PLANE('',#5056);
#4570=PLANE('',#5063);
#4571=PLANE('',#5064);
#4572=PLANE('',#5066);
#4573=PLANE('',#5070);
#4574=PLANE('',#5075);
#4575=PLANE('',#5078);
#4576=PLANE('',#5081);
#4577=PLANE('',#5091);
#4578=PLANE('',#5094);
#4579=PLANE('',#5099);
#4580=PLANE('',#5100);
#4581=PLANE('',#5104);
#4582=PLANE('',#5105);
#4583=PLANE('',#5108);
#4584=PLANE('',#5109);
#4585=PLANE('',#5110);
#4586=PLANE('',#5111);
#4587=PLANE('',#5117);
#4588=PLANE('',#5128);
#4589=PLANE('',#5155);
#4590=PLANE('',#5160);
#4591=PLANE('',#5162);
#4592=PLANE('',#5163);
#4593=PLANE('',#5164);
#4594=PLANE('',#5165);
#4595=PLANE('',#5166);
#4596=PLANE('',#5169);
#4597=PLANE('',#5170);
#4598=PLANE('',#5171);
#4599=PLANE('',#5172);
#4600=PLANE('',#5173);
#4601=PLANE('',#5176);
#4602=PLANE('',#5177);
#4603=PLANE('',#5178);
#4604=PLANE('',#5179);
#4605=PLANE('',#5180);
#4606=PLANE('',#5181);
#4607=PLANE('',#5185);
#4608=PLANE('',#5186);
#4609=PLANE('',#5187);
#4610=PLANE('',#5188);
#4611=PLANE('',#5189);
#4612=PLANE('',#5190);
#4613=PLANE('',#5191);
#4614=PLANE('',#5192);
#4615=PLANE('',#5193);
#4616=PLANE('',#5194);
#4617=PLANE('',#5195);
#4618=PLANE('',#5196);
#4619=PLANE('',#5197);
#4620=PLANE('',#5198);
#4621=PLANE('',#5199);
#4622=PLANE('',#5203);
#4623=PLANE('',#5204);
#4624=PLANE('',#5205);
#4625=PLANE('',#5206);
#4626=PLANE('',#5207);
#4627=PLANE('',#5208);
#4628=PLANE('',#5209);
#4629=PLANE('',#5210);
#4630=PLANE('',#5211);
#4631=PLANE('',#5212);
#4632=PLANE('',#5213);
#4633=PLANE('',#5214);
#4634=PLANE('',#5215);
#4635=PLANE('',#5216);
#4636=PLANE('',#5217);
#4637=PLANE('',#5220);
#4638=PLANE('',#5221);
#4639=PLANE('',#5222);
#4640=PLANE('',#5223);
#4641=PLANE('',#5224);
#4642=PLANE('',#5227);
#4643=PLANE('',#5228);
#4644=PLANE('',#5229);
#4645=PLANE('',#5230);
#4646=PLANE('',#5231);
#4647=PLANE('',#5232);
#4648=PLANE('',#5235);
#4649=PLANE('',#5236);
#4650=PLANE('',#5237);
#4651=PLANE('',#5238);
#4652=PLANE('',#5239);
#4653=PLANE('',#5242);
#4654=PLANE('',#5243);
#4655=PLANE('',#5244);
#4656=PLANE('',#5245);
#4657=PLANE('',#5246);
#4658=PLANE('',#5247);
#4659=PLANE('',#5248);
#4660=PLANE('',#5249);
#4661=PLANE('',#5250);
#4662=PLANE('',#5251);
#4663=PLANE('',#5252);
#4664=PLANE('',#5253);
#4665=PLANE('',#5254);
#4666=PLANE('',#5255);
#4667=PLANE('',#5256);
#4668=PLANE('',#5257);
#4669=PLANE('',#5258);
#4670=PLANE('',#5259);
#4671=PLANE('',#5260);
#4672=PLANE('',#5261);
#4673=PLANE('',#5262);
#4674=PLANE('',#5263);
#4675=PLANE('',#5264);
#4676=PLANE('',#5265);
#4677=PLANE('',#5266);
#4678=PLANE('',#5267);
#4679=PLANE('',#5269);
#4680=PLANE('',#5271);
#4681=PLANE('',#5272);
#4682=PLANE('',#5308);
#4683=PLANE('',#5309);
#4684=PLANE('',#5312);
#4685=PLANE('',#5373);
#4686=PLANE('',#5376);
#4687=PLANE('',#5377);
#4688=PLANE('',#5381);
#4689=PLANE('',#5383);
#4690=PLANE('',#5386);
#4691=PLANE('',#5387);
#4692=PLANE('',#5391);
#4693=ADVANCED_FACE('',(#4267),#4563,.T.);
#4694=ADVANCED_FACE('',(#4268),#4564,.T.);
#4695=ADVANCED_FACE('',(#4269),#4565,.T.);
#4696=ADVANCED_FACE('',(#4270),#90,.F.);
#4697=ADVANCED_FACE('',(#4271,#4272,#4273,#4274,#4275,#4276,#4277,#4278),
#4566,.T.);
#4698=ADVANCED_FACE('',(#4279,#4280),#4567,.F.);
#4699=ADVANCED_FACE('',(#4281),#4568,.F.);
#4700=ADVANCED_FACE('',(#4282),#4569,.T.);
#4701=ADVANCED_FACE('',(#4283),#91,.T.);
#4702=ADVANCED_FACE('',(#4284),#92,.T.);
#4703=ADVANCED_FACE('',(#4285),#4570,.F.);
#4704=ADVANCED_FACE('',(#4286),#4571,.T.);
#4705=ADVANCED_FACE('',(#4287),#93,.F.);
#4706=ADVANCED_FACE('',(#4288),#4572,.F.);
#4707=ADVANCED_FACE('',(#4289),#4573,.F.);
#4708=ADVANCED_FACE('',(#4290),#94,.F.);
#4709=ADVANCED_FACE('',(#4291),#4574,.F.);
#4710=ADVANCED_FACE('',(#4292),#4575,.T.);
#4711=ADVANCED_FACE('',(#4293),#4576,.F.);
#4712=ADVANCED_FACE('',(#4294),#95,.T.);
#4713=ADVANCED_FACE('',(#4295),#50,.T.);
#4714=ADVANCED_FACE('',(#4296),#51,.T.);
#4715=ADVANCED_FACE('',(#4297),#4577,.T.);
#4716=ADVANCED_FACE('',(#4298),#4578,.F.);
#4717=ADVANCED_FACE('',(#4299),#96,.F.);
#4718=ADVANCED_FACE('',(#4300),#97,.F.);
#4719=ADVANCED_FACE('',(#4301),#4579,.T.);
#4720=ADVANCED_FACE('',(#4302),#4580,.T.);
#4721=ADVANCED_FACE('',(#4303),#4581,.T.);
#4722=ADVANCED_FACE('',(#4304),#4582,.F.);
#4723=ADVANCED_FACE('',(#4305),#98,.F.);
#4724=ADVANCED_FACE('',(#4306),#4583,.T.);
#4725=ADVANCED_FACE('',(#4307),#4584,.F.);
#4726=ADVANCED_FACE('',(#4308),#4585,.F.);
#4727=ADVANCED_FACE('',(#4309),#4586,.F.);
#4728=ADVANCED_FACE('',(#4310),#99,.T.);
#4729=ADVANCED_FACE('',(#4311),#100,.T.);
#4730=ADVANCED_FACE('',(#4312),#101,.T.);
#4731=ADVANCED_FACE('',(#4313),#102,.T.);
#4732=ADVANCED_FACE('',(#4314),#4587,.F.);
#4733=ADVANCED_FACE('',(#4315),#103,.T.);
#4734=ADVANCED_FACE('',(#4316),#104,.F.);
#4735=ADVANCED_FACE('',(#4317),#105,.T.);
#4736=ADVANCED_FACE('',(#4318),#106,.T.);
#4737=ADVANCED_FACE('',(#4319),#107,.F.);
#4738=ADVANCED_FACE('',(#4320),#108,.T.);
#4739=ADVANCED_FACE('',(#4321),#4588,.T.);
#4740=ADVANCED_FACE('',(#4322),#109,.T.);
#4741=ADVANCED_FACE('',(#4323),#110,.T.);
#4742=ADVANCED_FACE('',(#4324),#44,.T.);
#4743=ADVANCED_FACE('',(#4325),#34,.T.);
#4744=ADVANCED_FACE('',(#4326),#52,.T.);
#4745=ADVANCED_FACE('',(#4327),#111,.T.);
#4746=ADVANCED_FACE('',(#4328),#35,.T.);
#4747=ADVANCED_FACE('',(#4329),#45,.T.);
#4748=ADVANCED_FACE('',(#4330),#53,.T.);
#4749=ADVANCED_FACE('',(#4331),#54,.T.);
#4750=ADVANCED_FACE('',(#4332),#112,.T.);
#4751=ADVANCED_FACE('',(#4333),#55,.T.);
#4752=ADVANCED_FACE('',(#4334),#56,.T.);
#4753=ADVANCED_FACE('',(#4335),#113,.T.);
#4754=ADVANCED_FACE('',(#4336),#57,.T.);
#4755=ADVANCED_FACE('',(#4337),#58,.T.);
#4756=ADVANCED_FACE('',(#4338),#59,.T.);
#4757=ADVANCED_FACE('',(#4339),#114,.F.);
#4758=ADVANCED_FACE('',(#4340),#4589,.F.);
#4759=ADVANCED_FACE('',(#4341),#115,.F.);
#4760=ADVANCED_FACE('',(#4342),#116,.T.);
#4761=ADVANCED_FACE('',(#4343),#4590,.T.);
#4762=ADVANCED_FACE('',(#4344),#4591,.T.);
#4763=ADVANCED_FACE('',(#4345),#4592,.T.);
#4764=ADVANCED_FACE('',(#4346),#4593,.T.);
#4765=ADVANCED_FACE('',(#4347),#4594,.T.);
#4766=ADVANCED_FACE('',(#4348),#4595,.T.);
#4767=ADVANCED_FACE('',(#4349),#117,.F.);
#4768=ADVANCED_FACE('',(#4350),#4596,.T.);
#4769=ADVANCED_FACE('',(#4351),#4597,.T.);
#4770=ADVANCED_FACE('',(#4352),#4598,.T.);
#4771=ADVANCED_FACE('',(#4353),#4599,.T.);
#4772=ADVANCED_FACE('',(#4354),#4600,.T.);
#4773=ADVANCED_FACE('',(#4355),#118,.F.);
#4774=ADVANCED_FACE('',(#4356),#4601,.T.);
#4775=ADVANCED_FACE('',(#4357),#4602,.T.);
#4776=ADVANCED_FACE('',(#4358),#4603,.T.);
#4777=ADVANCED_FACE('',(#4359),#4604,.T.);
#4778=ADVANCED_FACE('',(#4360),#4605,.T.);
#4779=ADVANCED_FACE('',(#4361),#4606,.T.);
#4780=ADVANCED_FACE('',(#4362),#119,.F.);
#4781=ADVANCED_FACE('',(#4363),#4607,.T.);
#4782=ADVANCED_FACE('',(#4364),#4608,.T.);
#4783=ADVANCED_FACE('',(#4365),#4609,.T.);
#4784=ADVANCED_FACE('',(#4366),#4610,.T.);
#4785=ADVANCED_FACE('',(#4367),#4611,.T.);
#4786=ADVANCED_FACE('',(#4368),#4612,.T.);
#4787=ADVANCED_FACE('',(#4369),#4613,.T.);
#4788=ADVANCED_FACE('',(#4370),#4614,.T.);
#4789=ADVANCED_FACE('',(#4371),#4615,.T.);
#4790=ADVANCED_FACE('',(#4372,#4373),#4616,.T.);
#4791=ADVANCED_FACE('',(#4374),#4617,.T.);
#4792=ADVANCED_FACE('',(#4375),#4618,.T.);
#4793=ADVANCED_FACE('',(#4376),#4619,.T.);
#4794=ADVANCED_FACE('',(#4377),#4620,.T.);
#4795=ADVANCED_FACE('',(#4378),#4621,.T.);
#4796=ADVANCED_FACE('',(#4379),#120,.F.);
#4797=ADVANCED_FACE('',(#4380),#4622,.T.);
#4798=ADVANCED_FACE('',(#4381),#4623,.T.);
#4799=ADVANCED_FACE('',(#4382),#4624,.T.);
#4800=ADVANCED_FACE('',(#4383),#4625,.T.);
#4801=ADVANCED_FACE('',(#4384),#4626,.T.);
#4802=ADVANCED_FACE('',(#4385),#4627,.T.);
#4803=ADVANCED_FACE('',(#4386),#4628,.T.);
#4804=ADVANCED_FACE('',(#4387),#4629,.T.);
#4805=ADVANCED_FACE('',(#4388),#4630,.T.);
#4806=ADVANCED_FACE('',(#4389,#4390),#4631,.T.);
#4807=ADVANCED_FACE('',(#4391),#4632,.T.);
#4808=ADVANCED_FACE('',(#4392),#4633,.T.);
#4809=ADVANCED_FACE('',(#4393),#4634,.T.);
#4810=ADVANCED_FACE('',(#4394),#4635,.T.);
#4811=ADVANCED_FACE('',(#4395),#4636,.T.);
#4812=ADVANCED_FACE('',(#4396),#121,.F.);
#4813=ADVANCED_FACE('',(#4397),#4637,.T.);
#4814=ADVANCED_FACE('',(#4398),#4638,.T.);
#4815=ADVANCED_FACE('',(#4399),#4639,.T.);
#4816=ADVANCED_FACE('',(#4400),#4640,.T.);
#4817=ADVANCED_FACE('',(#4401),#4641,.T.);
#4818=ADVANCED_FACE('',(#4402),#122,.F.);
#4819=ADVANCED_FACE('',(#4403),#4642,.T.);
#4820=ADVANCED_FACE('',(#4404),#4643,.T.);
#4821=ADVANCED_FACE('',(#4405),#4644,.T.);
#4822=ADVANCED_FACE('',(#4406),#4645,.T.);
#4823=ADVANCED_FACE('',(#4407),#4646,.T.);
#4824=ADVANCED_FACE('',(#4408),#4647,.T.);
#4825=ADVANCED_FACE('',(#4409),#123,.F.);
#4826=ADVANCED_FACE('',(#4410),#4648,.T.);
#4827=ADVANCED_FACE('',(#4411),#4649,.T.);
#4828=ADVANCED_FACE('',(#4412),#4650,.T.);
#4829=ADVANCED_FACE('',(#4413),#4651,.T.);
#4830=ADVANCED_FACE('',(#4414),#4652,.T.);
#4831=ADVANCED_FACE('',(#4415),#124,.F.);
#4832=ADVANCED_FACE('',(#4416),#4653,.T.);
#4833=ADVANCED_FACE('',(#4417),#4654,.T.);
#4834=ADVANCED_FACE('',(#4418),#4655,.T.);
#4835=ADVANCED_FACE('',(#4419),#4656,.T.);
#4836=ADVANCED_FACE('',(#4420),#4657,.T.);
#4837=ADVANCED_FACE('',(#4421),#4658,.T.);
#4838=ADVANCED_FACE('',(#4422),#4659,.T.);
#4839=ADVANCED_FACE('',(#4423),#4660,.T.);
#4840=ADVANCED_FACE('',(#4424),#4661,.T.);
#4841=ADVANCED_FACE('',(#4425),#4662,.T.);
#4842=ADVANCED_FACE('',(#4426),#4663,.T.);
#4843=ADVANCED_FACE('',(#4427),#4664,.T.);
#4844=ADVANCED_FACE('',(#4428),#4665,.T.);
#4845=ADVANCED_FACE('',(#4429),#4666,.T.);
#4846=ADVANCED_FACE('',(#4430),#4667,.T.);
#4847=ADVANCED_FACE('',(#4431),#4668,.T.);
#4848=ADVANCED_FACE('',(#4432),#4669,.T.);
#4849=ADVANCED_FACE('',(#4433),#4670,.T.);
#4850=ADVANCED_FACE('',(#4434),#4671,.T.);
#4851=ADVANCED_FACE('',(#4435),#4672,.T.);
#4852=ADVANCED_FACE('',(#4436),#4673,.T.);
#4853=ADVANCED_FACE('',(#4437),#4674,.T.);
#4854=ADVANCED_FACE('',(#4438),#4675,.T.);
#4855=ADVANCED_FACE('',(#4439),#4676,.T.);
#4856=ADVANCED_FACE('',(#4440),#4677,.T.);
#4857=ADVANCED_FACE('',(#4441),#4678,.T.);
#4858=ADVANCED_FACE('',(#4442),#4679,.F.);
#4859=ADVANCED_FACE('',(#4443),#4680,.T.);
#4860=ADVANCED_FACE('',(#4444),#4681,.F.);
#4861=ADVANCED_FACE('',(#4445),#60,.T.);
#4862=ADVANCED_FACE('',(#4446),#125,.T.);
#4863=ADVANCED_FACE('',(#4447),#126,.T.);
#4864=ADVANCED_FACE('',(#4448),#14,.T.);
#4865=ADVANCED_FACE('',(#4449),#46,.T.);
#4866=ADVANCED_FACE('',(#4450),#61,.T.);
#4867=ADVANCED_FACE('',(#4451),#127,.T.);
#4868=ADVANCED_FACE('',(#4452),#62,.T.);
#4869=ADVANCED_FACE('',(#4453),#63,.T.);
#4870=ADVANCED_FACE('',(#4454),#15,.T.);
#4871=ADVANCED_FACE('',(#4455),#128,.T.);
#4872=ADVANCED_FACE('',(#4456),#129,.T.);
#4873=ADVANCED_FACE('',(#4457),#47,.T.);
#4874=ADVANCED_FACE('',(#4458),#64,.T.);
#4875=ADVANCED_FACE('',(#4459),#65,.T.);
#4876=ADVANCED_FACE('',(#4460),#130,.T.);
#4877=ADVANCED_FACE('',(#4461),#36,.T.);
#4878=ADVANCED_FACE('',(#4462),#131,.T.);
#4879=ADVANCED_FACE('',(#4463),#37,.T.);
#4880=ADVANCED_FACE('',(#4464),#132,.F.);
#4881=ADVANCED_FACE('',(#4465),#133,.F.);
#4882=ADVANCED_FACE('',(#4466),#4682,.F.);
#4883=ADVANCED_FACE('',(#4467),#4683,.T.);
#4884=ADVANCED_FACE('',(#4468),#4684,.F.);
#4885=ADVANCED_FACE('',(#4469),#134,.T.);
#4886=ADVANCED_FACE('',(#4470),#135,.T.);
#4887=ADVANCED_FACE('',(#4471),#136,.F.);
#4888=ADVANCED_FACE('',(#4472),#137,.F.);
#4889=ADVANCED_FACE('',(#4473),#66,.F.);
#4890=ADVANCED_FACE('',(#4474),#67,.F.);
#4891=ADVANCED_FACE('',(#4475),#48,.F.);
#4892=ADVANCED_FACE('',(#4476),#138,.F.);
#4893=ADVANCED_FACE('',(#4477),#16,.F.);
#4894=ADVANCED_FACE('',(#4478),#17,.F.);
#4895=ADVANCED_FACE('',(#4479),#38,.F.);
#4896=ADVANCED_FACE('',(#4480),#18,.F.);
#4897=ADVANCED_FACE('',(#4481),#19,.F.);
#4898=ADVANCED_FACE('',(#4482),#139,.F.);
#4899=ADVANCED_FACE('',(#4483),#49,.F.);
#4900=ADVANCED_FACE('',(#4484),#20,.F.);
#4901=ADVANCED_FACE('',(#4485),#68,.F.);
#4902=ADVANCED_FACE('',(#4486),#39,.F.);
#4903=ADVANCED_FACE('',(#4487),#21,.F.);
#4904=ADVANCED_FACE('',(#4488),#140,.T.);
#4905=ADVANCED_FACE('',(#4489),#22,.T.);
#4906=ADVANCED_FACE('',(#4490),#141,.T.);
#4907=ADVANCED_FACE('',(#4491),#142,.T.);
#4908=ADVANCED_FACE('',(#4492),#23,.T.);
#4909=ADVANCED_FACE('',(#4493),#143,.T.);
#4910=ADVANCED_FACE('',(#4494),#144,.F.);
#4911=ADVANCED_FACE('',(#4495),#145,.F.);
#4912=ADVANCED_FACE('',(#4496),#40,.F.);
#4913=ADVANCED_FACE('',(#4497),#41,.F.);
#4914=ADVANCED_FACE('',(#4498),#69,.T.);
#4915=ADVANCED_FACE('',(#4499),#70,.T.);
#4916=ADVANCED_FACE('',(#4500),#146,.T.);
#4917=ADVANCED_FACE('',(#4501),#147,.F.);
#4918=ADVANCED_FACE('',(#4502),#42,.F.);
#4919=ADVANCED_FACE('',(#4503),#71,.T.);
#4920=ADVANCED_FACE('',(#4504),#148,.F.);
#4921=ADVANCED_FACE('',(#4505),#149,.T.);
#4922=ADVANCED_FACE('',(#4506),#43,.F.);
#4923=ADVANCED_FACE('',(#4507),#72,.T.);
#4924=ADVANCED_FACE('',(#4508),#73,.T.);
#4925=ADVANCED_FACE('',(#4509),#74,.T.);
#4926=ADVANCED_FACE('',(#4510),#150,.T.);
#4927=ADVANCED_FACE('',(#4511),#75,.T.);
#4928=ADVANCED_FACE('',(#4512),#151,.T.);
#4929=ADVANCED_FACE('',(#4513),#152,.T.);
#4930=ADVANCED_FACE('',(#4514),#153,.T.);
#4931=ADVANCED_FACE('',(#4515),#154,.T.);
#4932=ADVANCED_FACE('',(#4516),#155,.T.);
#4933=ADVANCED_FACE('',(#4517),#156,.T.);
#4934=ADVANCED_FACE('',(#4518),#24,.T.);
#4935=ADVANCED_FACE('',(#4519),#157,.T.);
#4936=ADVANCED_FACE('',(#4520),#25,.T.);
#4937=ADVANCED_FACE('',(#4521),#158,.T.);
#4938=ADVANCED_FACE('',(#4522),#159,.T.);
#4939=ADVANCED_FACE('',(#4523),#4685,.F.);
#4940=ADVANCED_FACE('',(#4524),#4686,.T.);
#4941=ADVANCED_FACE('',(#4525),#4687,.F.);
#4942=ADVANCED_FACE('',(#4526),#160,.T.);
#4943=ADVANCED_FACE('',(#4527),#4688,.T.);
#4944=ADVANCED_FACE('',(#4528),#4689,.F.);
#4945=ADVANCED_FACE('',(#4529),#4690,.T.);
#4946=ADVANCED_FACE('',(#4530),#4691,.F.);
#4947=ADVANCED_FACE('',(#4531),#161,.T.);
#4948=ADVANCED_FACE('',(#4532),#4692,.T.);
#4949=ADVANCED_FACE('',(#4533),#162,.T.);
#4950=ADVANCED_FACE('',(#4534),#12,.T.);
#4951=ADVANCED_FACE('',(#4535),#163,.T.);
#4952=ADVANCED_FACE('',(#4536),#164,.F.);
#4953=ADVANCED_FACE('',(#4537),#165,.T.);
#4954=ADVANCED_FACE('',(#4538),#166,.F.);
#4955=ADVANCED_FACE('',(#4539),#167,.F.);
#4956=ADVANCED_FACE('',(#4540),#168,.F.);
#4957=ADVANCED_FACE('',(#4541),#169,.F.);
#4958=ADVANCED_FACE('',(#4542),#170,.T.);
#4959=ADVANCED_FACE('',(#4543),#171,.F.);
#4960=ADVANCED_FACE('',(#4544),#172,.T.);
#4961=ADVANCED_FACE('',(#4545),#13,.T.);
#4962=ADVANCED_FACE('',(#4546),#173,.T.);
#4963=ADVANCED_FACE('',(#4547),#26,.F.);
#4964=ADVANCED_FACE('',(#4548),#76,.F.);
#4965=ADVANCED_FACE('',(#4549),#174,.T.);
#4966=ADVANCED_FACE('',(#4550),#27,.F.);
#4967=ADVANCED_FACE('',(#4551),#28,.F.);
#4968=ADVANCED_FACE('',(#4552),#77,.T.);
#4969=ADVANCED_FACE('',(#4553),#29,.F.);
#4970=ADVANCED_FACE('',(#4554),#175,.T.);
#4971=ADVANCED_FACE('',(#4555),#78,.F.);
#4972=ADVANCED_FACE('',(#4556),#30,.F.);
#4973=ADVANCED_FACE('',(#4557),#31,.F.);
#4974=ADVANCED_FACE('',(#4558),#32,.F.);
#4975=ADVANCED_FACE('',(#4559),#176,.T.);
#4976=ADVANCED_FACE('',(#4560),#33,.F.);
#4977=ADVANCED_FACE('',(#4561),#79,.T.);
#4978=ADVANCED_FACE('',(#4562),#177,.T.);
#4979=CLOSED_SHELL('',(#4693,#4694,#4695,#4696,#4697,#4698,#4699,#4700,
#4701,#4702,#4703,#4704,#4705,#4706,#4707,#4708,#4709,#4710,#4711,#4712,
#4713,#4714,#4715,#4716,#4717,#4718,#4719,#4720,#4721,#4722,#4723,#4724,
#4725,#4726,#4727,#4728,#4729,#4730,#4731,#4732,#4733,#4734,#4735,#4736,
#4737,#4738,#4739,#4740,#4741,#4742,#4743,#4744,#4745,#4746,#4747,#4748,
#4749,#4750,#4751,#4752,#4753,#4754,#4755,#4756,#4757,#4758,#4759,#4760,
#4761,#4762,#4763,#4764,#4765,#4766,#4767,#4768,#4769,#4770,#4771,#4772,
#4773,#4774,#4775,#4776,#4777,#4778,#4779,#4780,#4781,#4782,#4783,#4784,
#4785,#4786,#4787,#4788,#4789,#4790,#4791,#4792,#4793,#4794,#4795,#4796,
#4797,#4798,#4799,#4800,#4801,#4802,#4803,#4804,#4805,#4806,#4807,#4808,
#4809,#4810,#4811,#4812,#4813,#4814,#4815,#4816,#4817,#4818,#4819,#4820,
#4821,#4822,#4823,#4824,#4825,#4826,#4827,#4828,#4829,#4830,#4831,#4832,
#4833,#4834,#4835,#4836,#4837,#4838,#4839,#4840,#4841,#4842,#4843,#4844,
#4845,#4846,#4847,#4848,#4849,#4850,#4851,#4852,#4853,#4854,#4855,#4856,
#4857,#4858,#4859,#4860,#4861,#4862,#4863,#4864,#4865,#4866,#4867,#4868,
#4869,#4870,#4871,#4872,#4873,#4874,#4875,#4876,#4877,#4878,#4879,#4880,
#4881,#4882,#4883,#4884,#4885,#4886,#4887,#4888,#4889,#4890,#4891,#4892,
#4893,#4894,#4895,#4896,#4897,#4898,#4899,#4900,#4901,#4902,#4903,#4904,
#4905,#4906,#4907,#4908,#4909,#4910,#4911,#4912,#4913,#4914,#4915,#4916,
#4917,#4918,#4919,#4920,#4921,#4922,#4923,#4924,#4925,#4926,#4927,#4928,
#4929,#4930,#4931,#4932,#4933,#4934,#4935,#4936,#4937,#4938,#4939,#4940,
#4941,#4942,#4943,#4944,#4945,#4946,#4947,#4948,#4949,#4950,#4951,#4952,
#4953,#4954,#4955,#4956,#4957,#4958,#4959,#4960,#4961,#4962,#4963,#4964,
#4965,#4966,#4967,#4968,#4969,#4970,#4971,#4972,#4973,#4974,#4975,#4976,
#4977,#4978));
#4980=STYLED_ITEM('',(#4981),#4988);
#4981=PRESENTATION_STYLE_ASSIGNMENT((#4982));
#4982=SURFACE_STYLE_USAGE(.BOTH.,#4983);
#4983=SURFACE_SIDE_STYLE('',(#4984));
#4984=SURFACE_STYLE_FILL_AREA(#4985);
#4985=FILL_AREA_STYLE('',(#4986));
#4986=FILL_AREA_STYLE_COLOUR('',#4987);
#4987=DRAUGHTING_PRE_DEFINED_COLOUR('black');
#4988=MANIFOLD_SOLID_BREP('DEXI 3 Antenna v3',#4979);
#4989=SHAPE_DEFINITION_REPRESENTATION(#9304,#4990);
#4990=SHAPE_REPRESENTATION('DEXI 3 Antenna v3',(#4991),#9299);
#4991=AXIS2_PLACEMENT_3D('',#6722,#5439,#5440);
#4992=AXIS2_PLACEMENT_3D('',#6723,#5441,#5442);
#4993=AXIS2_PLACEMENT_3D('',#6724,#5443,#5444);
#4994=AXIS2_PLACEMENT_3D('',#6733,#5448,#5449);
#4995=AXIS2_PLACEMENT_3D('',#6735,#5450,#5451);
#4996=AXIS2_PLACEMENT_3D('',#6737,#5452,#5453);
#4997=AXIS2_PLACEMENT_3D('',#6741,#5455,#5456);
#4998=AXIS2_PLACEMENT_3D('',#6759,#5460,#5461);
#4999=AXIS2_PLACEMENT_3D('',#6762,#5463,#5464);
#5000=AXIS2_PLACEMENT_3D('',#6768,#5467,#5468);
#5001=AXIS2_PLACEMENT_3D('',#6772,#5470,#5471);
#5002=AXIS2_PLACEMENT_3D('',#6790,#5475,#5476);
#5003=AXIS2_PLACEMENT_3D('',#6794,#5478,#5479);
#5004=AXIS2_PLACEMENT_3D('',#6796,#5480,#5481);
#5005=AXIS2_PLACEMENT_3D('',#6798,#5482,#5483);
#5006=AXIS2_PLACEMENT_3D('',#6801,#5485,#5486);
#5007=AXIS2_PLACEMENT_3D('',#6814,#5493,#5494);
#5008=AXIS2_PLACEMENT_3D('',#6817,#5496,#5497);
#5009=AXIS2_PLACEMENT_3D('',#6820,#5499,#5500);
#5010=AXIS2_PLACEMENT_3D('',#6842,#5511,#5512);
#5011=AXIS2_PLACEMENT_3D('',#6854,#5518,#5519);
#5012=AXIS2_PLACEMENT_3D('',#6882,#5533,#5534);
#5013=AXIS2_PLACEMENT_3D('',#6894,#5540,#5541);
#5014=AXIS2_PLACEMENT_3D('',#6906,#5547,#5548);
#5015=AXIS2_PLACEMENT_3D('',#6918,#5554,#5555);
#5016=AXIS2_PLACEMENT_3D('',#6972,#5582,#5583);
#5017=AXIS2_PLACEMENT_3D('',#6982,#5588,#5589);
#5018=AXIS2_PLACEMENT_3D('',#6984,#5590,#5591);
#5019=AXIS2_PLACEMENT_3D('',#6988,#5593,#5594);
#5020=AXIS2_PLACEMENT_3D('',#6990,#5595,#5596);
#5021=AXIS2_PLACEMENT_3D('',#7000,#5601,#5602);
#5022=AXIS2_PLACEMENT_3D('',#7001,#5603,#5604);
#5023=AXIS2_PLACEMENT_3D('',#7005,#5606,#5607);
#5024=AXIS2_PLACEMENT_3D('',#7007,#5608,#5609);
#5025=AXIS2_PLACEMENT_3D('',#7009,#5610,#5611);
#5026=AXIS2_PLACEMENT_3D('',#7013,#5613,#5614);
#5027=AXIS2_PLACEMENT_3D('',#7014,#5615,#5616);
#5028=AXIS2_PLACEMENT_3D('',#7016,#5617,#5618);
#5029=AXIS2_PLACEMENT_3D('',#7018,#5619,#5620);
#5030=AXIS2_PLACEMENT_3D('',#7020,#5621,#5622);
#5031=AXIS2_PLACEMENT_3D('',#7024,#5624,#5625);
#5032=AXIS2_PLACEMENT_3D('',#7026,#5626,#5627);
#5033=AXIS2_PLACEMENT_3D('',#7028,#5628,#5629);
#5034=AXIS2_PLACEMENT_3D('',#7032,#5631,#5632);
#5035=AXIS2_PLACEMENT_3D('',#7034,#5633,#5634);
#5036=AXIS2_PLACEMENT_3D('',#7035,#5635,#5636);
#5037=AXIS2_PLACEMENT_3D('',#7037,#5637,#5638);
#5038=AXIS2_PLACEMENT_3D('',#7041,#5640,#5641);
#5039=AXIS2_PLACEMENT_3D('',#7043,#5642,#5643);
#5040=AXIS2_PLACEMENT_3D('',#7045,#5644,#5645);
#5041=AXIS2_PLACEMENT_3D('',#7049,#5647,#5648);
#5042=AXIS2_PLACEMENT_3D('',#7050,#5649,#5650);
#5043=AXIS2_PLACEMENT_3D('',#7052,#5651,#5652);
#5044=AXIS2_PLACEMENT_3D('',#7053,#5653,#5654);
#5045=AXIS2_PLACEMENT_3D('',#7057,#5656,#5657);
#5046=AXIS2_PLACEMENT_3D('',#7059,#5658,#5659);
#5047=AXIS2_PLACEMENT_3D('',#7065,#5662,#5663);
#5048=AXIS2_PLACEMENT_3D('',#7074,#5665,#5666);
#5049=AXIS2_PLACEMENT_3D('',#7076,#5667,#5668);
#5050=AXIS2_PLACEMENT_3D('',#7080,#5670,#5671);
#5051=AXIS2_PLACEMENT_3D('',#7082,#5672,#5673);
#5052=AXIS2_PLACEMENT_3D('',#7091,#5675,#5676);
#5053=AXIS2_PLACEMENT_3D('',#7097,#5679,#5680);
#5054=AXIS2_PLACEMENT_3D('',#7099,#5681,#5682);
#5055=AXIS2_PLACEMENT_3D('',#7100,#5683,#5684);
#5056=AXIS2_PLACEMENT_3D('',#7113,#5688,#5689);
#5057=AXIS2_PLACEMENT_3D('',#7126,#5693,#5694);
#5058=AXIS2_PLACEMENT_3D('',#7127,#5695,#5696);
#5059=AXIS2_PLACEMENT_3D('',#7133,#5697,#5698);
#5060=AXIS2_PLACEMENT_3D('',#7134,#5699,#5700);
#5061=AXIS2_PLACEMENT_3D('',#7140,#5701,#5702);
#5062=AXIS2_PLACEMENT_3D('',#7141,#5703,#5704);
#5063=AXIS2_PLACEMENT_3D('',#7142,#5705,#5706);
#5064=AXIS2_PLACEMENT_3D('',#7145,#5709,#5710);
#5065=AXIS2_PLACEMENT_3D('',#7148,#5713,#5714);
#5066=AXIS2_PLACEMENT_3D('',#7151,#5717,#5718);
#5067=AXIS2_PLACEMENT_3D('',#7152,#5719,#5720);
#5068=AXIS2_PLACEMENT_3D('',#7155,#5721,#5722);
#5069=AXIS2_PLACEMENT_3D('',#7157,#5723,#5724);
#5070=AXIS2_PLACEMENT_3D('',#7160,#5726,#5727);
#5071=AXIS2_PLACEMENT_3D('',#7161,#5728,#5729);
#5072=AXIS2_PLACEMENT_3D('',#7176,#5736,#5737);
#5073=AXIS2_PLACEMENT_3D('',#7177,#5738,#5739);
#5074=AXIS2_PLACEMENT_3D('',#7178,#5740,#5741);
#5075=AXIS2_PLACEMENT_3D('',#7202,#5743,#5744);
#5076=AXIS2_PLACEMENT_3D('',#7206,#5746,#5747);
#5077=AXIS2_PLACEMENT_3D('',#7208,#5748,#5749);
#5078=AXIS2_PLACEMENT_3D('',#7216,#5751,#5752);
#5079=AXIS2_PLACEMENT_3D('',#7224,#5756,#5757);
#5080=AXIS2_PLACEMENT_3D('',#7226,#5758,#5759);
#5081=AXIS2_PLACEMENT_3D('',#7231,#5762,#5763);
#5082=AXIS2_PLACEMENT_3D('',#7237,#5766,#5767);
#5083=AXIS2_PLACEMENT_3D('',#7239,#5768,#5769);
#5084=AXIS2_PLACEMENT_3D('',#7248,#5774,#5775);
#5085=AXIS2_PLACEMENT_3D('',#7249,#5776,#5777);
#5086=AXIS2_PLACEMENT_3D('',#7259,#5778,#5779);
#5087=AXIS2_PLACEMENT_3D('',#7265,#5780,#5781);
#5088=AXIS2_PLACEMENT_3D('',#7266,#5782,#5783);
#5089=AXIS2_PLACEMENT_3D('',#7267,#5784,#5785);
#5090=AXIS2_PLACEMENT_3D('',#7269,#5786,#5787);
#5091=AXIS2_PLACEMENT_3D('',#7275,#5788,#5789);
#5092=AXIS2_PLACEMENT_3D('',#7287,#5795,#5796);
#5093=AXIS2_PLACEMENT_3D('',#7289,#5797,#5798);
#5094=AXIS2_PLACEMENT_3D('',#7290,#5799,#5800);
#5095=AXIS2_PLACEMENT_3D('',#7308,#5804,#5805);
#5096=AXIS2_PLACEMENT_3D('',#7311,#5807,#5808);
#5097=AXIS2_PLACEMENT_3D('',#7312,#5809,#5810);
#5098=AXIS2_PLACEMENT_3D('',#7315,#5812,#5813);
#5099=AXIS2_PLACEMENT_3D('',#7318,#5815,#5816);
#5100=AXIS2_PLACEMENT_3D('',#7334,#5819,#5820);
#5101=AXIS2_PLACEMENT_3D('',#7335,#5821,#5822);
#5102=AXIS2_PLACEMENT_3D('',#7338,#5823,#5824);
#5103=AXIS2_PLACEMENT_3D('',#7340,#5825,#5826);
#5104=AXIS2_PLACEMENT_3D('',#7343,#5828,#5829);
#5105=AXIS2_PLACEMENT_3D('',#7356,#5830,#5831);
#5106=AXIS2_PLACEMENT_3D('',#7371,#5834,#5835);
#5107=AXIS2_PLACEMENT_3D('',#7382,#5836,#5837);
#5108=AXIS2_PLACEMENT_3D('',#7393,#5838,#5839);
#5109=AXIS2_PLACEMENT_3D('',#7405,#5841,#5842);
#5110=AXIS2_PLACEMENT_3D('',#7418,#5843,#5844);
#5111=AXIS2_PLACEMENT_3D('',#7425,#5846,#5847);
#5112=AXIS2_PLACEMENT_3D('',#7427,#5849,#5850);
#5113=AXIS2_PLACEMENT_3D('',#7428,#5851,#5852);
#5114=AXIS2_PLACEMENT_3D('',#7434,#5853,#5854);
#5115=AXIS2_PLACEMENT_3D('',#7435,#5855,#5856);
#5116=AXIS2_PLACEMENT_3D('',#7436,#5857,#5858);
#5117=AXIS2_PLACEMENT_3D('',#7438,#5860,#5861);
#5118=AXIS2_PLACEMENT_3D('',#7440,#5863,#5864);
#5119=AXIS2_PLACEMENT_3D('',#7449,#5867,#5868);
#5120=AXIS2_PLACEMENT_3D('',#7452,#5870,#5871);
#5121=AXIS2_PLACEMENT_3D('',#7454,#5872,#5873);
#5122=AXIS2_PLACEMENT_3D('',#7455,#5874,#5875);
#5123=AXIS2_PLACEMENT_3D('',#7462,#5877,#5878);
#5124=AXIS2_PLACEMENT_3D('',#7465,#5880,#5881);
#5125=AXIS2_PLACEMENT_3D('',#7473,#5883,#5884);
#5126=AXIS2_PLACEMENT_3D('',#7475,#5886,#5887);
#5127=AXIS2_PLACEMENT_3D('',#7476,#5888,#5889);
#5128=AXIS2_PLACEMENT_3D('',#7482,#5891,#5892);
#5129=AXIS2_PLACEMENT_3D('',#7484,#5894,#5895);
#5130=AXIS2_PLACEMENT_3D('',#7485,#5896,#5897);
#5131=AXIS2_PLACEMENT_3D('',#7490,#5898,#5899);
#5132=AXIS2_PLACEMENT_3D('',#7554,#5900,#5901);
#5133=AXIS2_PLACEMENT_3D('',#7555,#5902,#5903);
#5134=AXIS2_PLACEMENT_3D('',#7619,#5904,#5905);
#5135=AXIS2_PLACEMENT_3D('',#7624,#5906,#5907);
#5136=AXIS2_PLACEMENT_3D('',#7625,#5908,#5909);
#5137=AXIS2_PLACEMENT_3D('',#7635,#5910,#5911);
#5138=AXIS2_PLACEMENT_3D('',#7636,#5912,#5913);
#5139=AXIS2_PLACEMENT_3D('',#7637,#5914,#5915);
#5140=AXIS2_PLACEMENT_3D('',#7638,#5916,#5917);
#5141=AXIS2_PLACEMENT_3D('',#7644,#5918,#5919);
#5142=AXIS2_PLACEMENT_3D('',#7645,#5920,#5921);
#5143=AXIS2_PLACEMENT_3D('',#7655,#5922,#5923);
#5144=AXIS2_PLACEMENT_3D('',#7656,#5924,#5925);
#5145=AXIS2_PLACEMENT_3D('',#7660,#5927,#5928);
#5146=AXIS2_PLACEMENT_3D('',#7661,#5929,#5930);
#5147=AXIS2_PLACEMENT_3D('',#7662,#5931,#5932);
#5148=AXIS2_PLACEMENT_3D('',#7663,#5933,#5934);
#5149=AXIS2_PLACEMENT_3D('',#7664,#5935,#5936);
#5150=AXIS2_PLACEMENT_3D('',#7666,#5937,#5938);
#5151=AXIS2_PLACEMENT_3D('',#7667,#5939,#5940);
#5152=AXIS2_PLACEMENT_3D('',#7673,#5941,#5942);
#5153=AXIS2_PLACEMENT_3D('',#7674,#5943,#5944);
#5154=AXIS2_PLACEMENT_3D('',#7677,#5946,#5947);
#5155=AXIS2_PLACEMENT_3D('',#7680,#5949,#5950);
#5156=AXIS2_PLACEMENT_3D('',#7684,#5953,#5954);
#5157=AXIS2_PLACEMENT_3D('',#7687,#5956,#5957);
#5158=AXIS2_PLACEMENT_3D('',#7688,#5958,#5959);
#5159=AXIS2_PLACEMENT_3D('',#7689,#5960,#5961);
#5160=AXIS2_PLACEMENT_3D('',#7690,#5962,#5963);
#5161=AXIS2_PLACEMENT_3D('',#7691,#5964,#5965);
#5162=AXIS2_PLACEMENT_3D('',#7695,#5967,#5968);
#5163=AXIS2_PLACEMENT_3D('',#7704,#5971,#5972);
#5164=AXIS2_PLACEMENT_3D('',#7708,#5975,#5976);
#5165=AXIS2_PLACEMENT_3D('',#7712,#5979,#5980);
#5166=AXIS2_PLACEMENT_3D('',#7716,#5983,#5984);
#5167=AXIS2_PLACEMENT_3D('',#7723,#5986,#5987);
#5168=AXIS2_PLACEMENT_3D('',#7729,#5988,#5989);
#5169=AXIS2_PLACEMENT_3D('',#7730,#5990,#5991);
#5170=AXIS2_PLACEMENT_3D('',#7734,#5994,#5995);
#5171=AXIS2_PLACEMENT_3D('',#7738,#5998,#5999);
#5172=AXIS2_PLACEMENT_3D('',#7742,#6002,#6003);
#5173=AXIS2_PLACEMENT_3D('',#7746,#6006,#6007);
#5174=AXIS2_PLACEMENT_3D('',#7753,#6009,#6010);
#5175=AXIS2_PLACEMENT_3D('',#7754,#6011,#6012);
#5176=AXIS2_PLACEMENT_3D('',#7755,#6013,#6014);
#5177=AXIS2_PLACEMENT_3D('',#7756,#6015,#6016);
#5178=AXIS2_PLACEMENT_3D('',#7768,#6020,#6021);
#5179=AXIS2_PLACEMENT_3D('',#7774,#6025,#6026);
#5180=AXIS2_PLACEMENT_3D('',#7780,#6030,#6031);
#5181=AXIS2_PLACEMENT_3D('',#7786,#6035,#6036);
#5182=AXIS2_PLACEMENT_3D('',#7795,#6039,#6040);
#5183=AXIS2_PLACEMENT_3D('',#7796,#6041,#6042);
#5184=AXIS2_PLACEMENT_3D('',#7803,#6043,#6044);
#5185=AXIS2_PLACEMENT_3D('',#7804,#6045,#6046);
#5186=AXIS2_PLACEMENT_3D('',#7810,#6050,#6051);
#5187=AXIS2_PLACEMENT_3D('',#7814,#6054,#6055);
#5188=AXIS2_PLACEMENT_3D('',#7818,#6058,#6059);
#5189=AXIS2_PLACEMENT_3D('',#7822,#6062,#6063);
#5190=AXIS2_PLACEMENT_3D('',#7826,#6066,#6067);
#5191=AXIS2_PLACEMENT_3D('',#7830,#6070,#6071);
#5192=AXIS2_PLACEMENT_3D('',#7834,#6074,#6075);
#5193=AXIS2_PLACEMENT_3D('',#7836,#6077,#6078);
#5194=AXIS2_PLACEMENT_3D('',#7839,#6081,#6082);
#5195=AXIS2_PLACEMENT_3D('',#7840,#6083,#6084);
#5196=AXIS2_PLACEMENT_3D('',#7852,#6088,#6089);
#5197=AXIS2_PLACEMENT_3D('',#7858,#6093,#6094);
#5198=AXIS2_PLACEMENT_3D('',#7864,#6098,#6099);
#5199=AXIS2_PLACEMENT_3D('',#7870,#6103,#6104);
#5200=AXIS2_PLACEMENT_3D('',#7879,#6107,#6108);
#5201=AXIS2_PLACEMENT_3D('',#7880,#6109,#6110);
#5202=AXIS2_PLACEMENT_3D('',#7887,#6111,#6112);
#5203=AXIS2_PLACEMENT_3D('',#7888,#6113,#6114);
#5204=AXIS2_PLACEMENT_3D('',#7894,#6118,#6119);
#5205=AXIS2_PLACEMENT_3D('',#7898,#6122,#6123);
#5206=AXIS2_PLACEMENT_3D('',#7902,#6126,#6127);
#5207=AXIS2_PLACEMENT_3D('',#7906,#6130,#6131);
#5208=AXIS2_PLACEMENT_3D('',#7910,#6134,#6135);
#5209=AXIS2_PLACEMENT_3D('',#7914,#6138,#6139);
#5210=AXIS2_PLACEMENT_3D('',#7918,#6142,#6143);
#5211=AXIS2_PLACEMENT_3D('',#7920,#6145,#6146);
#5212=AXIS2_PLACEMENT_3D('',#7923,#6149,#6150);
#5213=AXIS2_PLACEMENT_3D('',#7924,#6151,#6152);
#5214=AXIS2_PLACEMENT_3D('',#7933,#6155,#6156);
#5215=AXIS2_PLACEMENT_3D('',#7937,#6159,#6160);
#5216=AXIS2_PLACEMENT_3D('',#7941,#6163,#6164);
#5217=AXIS2_PLACEMENT_3D('',#7945,#6167,#6168);
#5218=AXIS2_PLACEMENT_3D('',#7952,#6170,#6171);
#5219=AXIS2_PLACEMENT_3D('',#7958,#6172,#6173);
#5220=AXIS2_PLACEMENT_3D('',#7959,#6174,#6175);
#5221=AXIS2_PLACEMENT_3D('',#7963,#6178,#6179);
#5222=AXIS2_PLACEMENT_3D('',#7967,#6182,#6183);
#5223=AXIS2_PLACEMENT_3D('',#7971,#6186,#6187);
#5224=AXIS2_PLACEMENT_3D('',#7975,#6190,#6191);
#5225=AXIS2_PLACEMENT_3D('',#7982,#6193,#6194);
#5226=AXIS2_PLACEMENT_3D('',#7983,#6195,#6196);
#5227=AXIS2_PLACEMENT_3D('',#7984,#6197,#6198);
#5228=AXIS2_PLACEMENT_3D('',#7985,#6199,#6200);
#5229=AXIS2_PLACEMENT_3D('',#7994,#6203,#6204);
#5230=AXIS2_PLACEMENT_3D('',#7998,#6207,#6208);
#5231=AXIS2_PLACEMENT_3D('',#8002,#6211,#6212);
#5232=AXIS2_PLACEMENT_3D('',#8006,#6215,#6216);
#5233=AXIS2_PLACEMENT_3D('',#8013,#6218,#6219);
#5234=AXIS2_PLACEMENT_3D('',#8019,#6220,#6221);
#5235=AXIS2_PLACEMENT_3D('',#8020,#6222,#6223);
#5236=AXIS2_PLACEMENT_3D('',#8024,#6226,#6227);
#5237=AXIS2_PLACEMENT_3D('',#8028,#6230,#6231);
#5238=AXIS2_PLACEMENT_3D('',#8032,#6234,#6235);
#5239=AXIS2_PLACEMENT_3D('',#8036,#6238,#6239);
#5240=AXIS2_PLACEMENT_3D('',#8043,#6241,#6242);
#5241=AXIS2_PLACEMENT_3D('',#8044,#6243,#6244);
#5242=AXIS2_PLACEMENT_3D('',#8045,#6245,#6246);
#5243=AXIS2_PLACEMENT_3D('',#8046,#6247,#6248);
#5244=AXIS2_PLACEMENT_3D('',#8052,#6252,#6253);
#5245=AXIS2_PLACEMENT_3D('',#8056,#6256,#6257);
#5246=AXIS2_PLACEMENT_3D('',#8060,#6260,#6261);
#5247=AXIS2_PLACEMENT_3D('',#8064,#6264,#6265);
#5248=AXIS2_PLACEMENT_3D('',#8068,#6268,#6269);
#5249=AXIS2_PLACEMENT_3D('',#8072,#6272,#6273);
#5250=AXIS2_PLACEMENT_3D('',#8076,#6276,#6277);
#5251=AXIS2_PLACEMENT_3D('',#8080,#6280,#6281);
#5252=AXIS2_PLACEMENT_3D('',#8084,#6284,#6285);
#5253=AXIS2_PLACEMENT_3D('',#8088,#6288,#6289);
#5254=AXIS2_PLACEMENT_3D('',#8092,#6292,#6293);
#5255=AXIS2_PLACEMENT_3D('',#8094,#6295,#6296);
#5256=AXIS2_PLACEMENT_3D('',#8095,#6297,#6298);
#5257=AXIS2_PLACEMENT_3D('',#8101,#6302,#6303);
#5258=AXIS2_PLACEMENT_3D('',#8105,#6306,#6307);
#5259=AXIS2_PLACEMENT_3D('',#8109,#6310,#6311);
#5260=AXIS2_PLACEMENT_3D('',#8113,#6314,#6315);
#5261=AXIS2_PLACEMENT_3D('',#8117,#6318,#6319);
#5262=AXIS2_PLACEMENT_3D('',#8121,#6322,#6323);
#5263=AXIS2_PLACEMENT_3D('',#8125,#6326,#6327);
#5264=AXIS2_PLACEMENT_3D('',#8127,#6329,#6330);
#5265=AXIS2_PLACEMENT_3D('',#8128,#6331,#6332);
#5266=AXIS2_PLACEMENT_3D('',#8129,#6333,#6334);
#5267=AXIS2_PLACEMENT_3D('',#8130,#6335,#6336);
#5268=AXIS2_PLACEMENT_3D('',#8134,#6338,#6339);
#5269=AXIS2_PLACEMENT_3D('',#8142,#6341,#6342);
#5270=AXIS2_PLACEMENT_3D('',#8146,#6344,#6345);
#5271=AXIS2_PLACEMENT_3D('',#8154,#6347,#6348);
#5272=AXIS2_PLACEMENT_3D('',#8164,#6351,#6352);
#5273=AXIS2_PLACEMENT_3D('',#8174,#6355,#6356);
#5274=AXIS2_PLACEMENT_3D('',#8175,#6357,#6358);
#5275=AXIS2_PLACEMENT_3D('',#8182,#6359,#6360);
#5276=AXIS2_PLACEMENT_3D('',#8183,#6361,#6362);
#5277=AXIS2_PLACEMENT_3D('',#8184,#6363,#6364);
#5278=AXIS2_PLACEMENT_3D('',#8185,#6365,#6366);
#5279=AXIS2_PLACEMENT_3D('',#8202,#6367,#6368);
#5280=AXIS2_PLACEMENT_3D('',#8203,#6369,#6370);
#5281=AXIS2_PLACEMENT_3D('',#8204,#6371,#6372);
#5282=AXIS2_PLACEMENT_3D('',#8205,#6373,#6374);
#5283=AXIS2_PLACEMENT_3D('',#8206,#6375,#6376);
#5284=AXIS2_PLACEMENT_3D('',#8207,#6377,#6378);
#5285=AXIS2_PLACEMENT_3D('',#8214,#6379,#6380);
#5286=AXIS2_PLACEMENT_3D('',#8215,#6381,#6382);
#5287=AXIS2_PLACEMENT_3D('',#8216,#6383,#6384);
#5288=AXIS2_PLACEMENT_3D('',#8226,#6385,#6386);
#5289=AXIS2_PLACEMENT_3D('',#8243,#6387,#6388);
#5290=AXIS2_PLACEMENT_3D('',#8244,#6389,#6390);
#5291=AXIS2_PLACEMENT_3D('',#8245,#6391,#6392);
#5292=AXIS2_PLACEMENT_3D('',#8246,#6393,#6394);
#5293=AXIS2_PLACEMENT_3D('',#8247,#6395,#6396);
#5294=AXIS2_PLACEMENT_3D('',#8248,#6397,#6398);
#5295=AXIS2_PLACEMENT_3D('',#8249,#6399,#6400);
#5296=AXIS2_PLACEMENT_3D('',#8259,#6401,#6402);
#5297=AXIS2_PLACEMENT_3D('',#8260,#6403,#6404);
#5298=AXIS2_PLACEMENT_3D('',#8261,#6405,#6406);
#5299=AXIS2_PLACEMENT_3D('',#8262,#6407,#6408);
#5300=AXIS2_PLACEMENT_3D('',#8263,#6409,#6410);
#5301=AXIS2_PLACEMENT_3D('',#8300,#6411,#6412);
#5302=AXIS2_PLACEMENT_3D('',#8301,#6413,#6414);
#5303=AXIS2_PLACEMENT_3D('',#8302,#6415,#6416);
#5304=AXIS2_PLACEMENT_3D('',#8339,#6417,#6418);
#5305=AXIS2_PLACEMENT_3D('',#8340,#6419,#6420);
#5306=AXIS2_PLACEMENT_3D('',#8341,#6421,#6422);
#5307=AXIS2_PLACEMENT_3D('',#8342,#6423,#6424);
#5308=AXIS2_PLACEMENT_3D('',#8343,#6425,#6426);
#5309=AXIS2_PLACEMENT_3D('',#8361,#6428,#6429);
#5310=AXIS2_PLACEMENT_3D('',#8362,#6430,#6431);
#5311=AXIS2_PLACEMENT_3D('',#8365,#6432,#6433);
#5312=AXIS2_PLACEMENT_3D('',#8372,#6435,#6436);
#5313=AXIS2_PLACEMENT_3D('',#8390,#6438,#6439);
#5314=AXIS2_PLACEMENT_3D('',#8416,#6441,#6442);
#5315=AXIS2_PLACEMENT_3D('',#8442,#6444,#6445);
#5316=AXIS2_PLACEMENT_3D('',#8450,#6447,#6448);
#5317=AXIS2_PLACEMENT_3D('',#8451,#6449,#6450);
#5318=AXIS2_PLACEMENT_3D('',#8452,#6451,#6452);
#5319=AXIS2_PLACEMENT_3D('',#8460,#6454,#6455);
#5320=AXIS2_PLACEMENT_3D('',#8461,#6456,#6457);
#5321=AXIS2_PLACEMENT_3D('',#8462,#6458,#6459);
#5322=AXIS2_PLACEMENT_3D('',#8463,#6460,#6461);
#5323=AXIS2_PLACEMENT_3D('',#8464,#6462,#6463);
#5324=AXIS2_PLACEMENT_3D('',#8465,#6464,#6465);
#5325=AXIS2_PLACEMENT_3D('',#8466,#6466,#6467);
#5326=AXIS2_PLACEMENT_3D('',#8495,#6468,#6469);
#5327=AXIS2_PLACEMENT_3D('',#8540,#6470,#6471);
#5328=AXIS2_PLACEMENT_3D('',#8553,#6472,#6473);
#5329=AXIS2_PLACEMENT_3D('',#8554,#6474,#6475);
#5330=AXIS2_PLACEMENT_3D('',#8555,#6476,#6477);
#5331=AXIS2_PLACEMENT_3D('',#8556,#6478,#6479);
#5332=AXIS2_PLACEMENT_3D('',#8557,#6480,#6481);
#5333=AXIS2_PLACEMENT_3D('',#8570,#6482,#6483);
#5334=AXIS2_PLACEMENT_3D('',#8571,#6484,#6485);
#5335=AXIS2_PLACEMENT_3D('',#8572,#6486,#6487);
#5336=AXIS2_PLACEMENT_3D('',#8613,#6488,#6489);
#5337=AXIS2_PLACEMENT_3D('',#8642,#6490,#6491);
#5338=AXIS2_PLACEMENT_3D('',#8643,#6492,#6493);
#5339=AXIS2_PLACEMENT_3D('',#8672,#6494,#6495);
#5340=AXIS2_PLACEMENT_3D('',#8673,#6496,#6497);
#5341=AXIS2_PLACEMENT_3D('',#8674,#6498,#6499);
#5342=AXIS2_PLACEMENT_3D('',#8675,#6500,#6501);
#5343=AXIS2_PLACEMENT_3D('',#8676,#6502,#6503);
#5344=AXIS2_PLACEMENT_3D('',#8740,#6504,#6505);
#5345=AXIS2_PLACEMENT_3D('',#8745,#6506,#6507);
#5346=AXIS2_PLACEMENT_3D('',#8750,#6508,#6509);
#5347=AXIS2_PLACEMENT_3D('',#8751,#6510,#6511);
#5348=AXIS2_PLACEMENT_3D('',#8752,#6512,#6513);
#5349=AXIS2_PLACEMENT_3D('',#8787,#6514,#6515);
#5350=AXIS2_PLACEMENT_3D('',#8792,#6516,#6517);
#5351=AXIS2_PLACEMENT_3D('',#8793,#6518,#6519);
#5352=AXIS2_PLACEMENT_3D('',#8794,#6520,#6521);
#5353=AXIS2_PLACEMENT_3D('',#8827,#6522,#6523);
#5354=AXIS2_PLACEMENT_3D('',#8828,#6524,#6525);
#5355=AXIS2_PLACEMENT_3D('',#8829,#6526,#6527);
#5356=AXIS2_PLACEMENT_3D('',#8840,#6528,#6529);
#5357=AXIS2_PLACEMENT_3D('',#8859,#6530,#6531);
#5358=AXIS2_PLACEMENT_3D('',#8860,#6532,#6533);
#5359=AXIS2_PLACEMENT_3D('',#8861,#6534,#6535);
#5360=AXIS2_PLACEMENT_3D('',#8862,#6536,#6537);
#5361=AXIS2_PLACEMENT_3D('',#8869,#6539,#6540);
#5362=AXIS2_PLACEMENT_3D('',#8886,#6541,#6542);
#5363=AXIS2_PLACEMENT_3D('',#8903,#6544,#6545);
#5364=AXIS2_PLACEMENT_3D('',#8920,#6546,#6547);
#5365=AXIS2_PLACEMENT_3D('',#8939,#6550,#6551);
#5366=AXIS2_PLACEMENT_3D('',#8944,#6552,#6553);
#5367=AXIS2_PLACEMENT_3D('',#8949,#6554,#6555);
#5368=AXIS2_PLACEMENT_3D('',#8966,#6556,#6557);
#5369=AXIS2_PLACEMENT_3D('',#8972,#6558,#6559);
#5370=AXIS2_PLACEMENT_3D('',#8977,#6560,#6561);
#5371=AXIS2_PLACEMENT_3D('',#8999,#6562,#6563);
#5372=AXIS2_PLACEMENT_3D('',#9000,#6564,#6565);
#5373=AXIS2_PLACEMENT_3D('',#9001,#6566,#6567);
#5374=AXIS2_PLACEMENT_3D('',#9002,#6568,#6569);
#5375=AXIS2_PLACEMENT_3D('',#9005,#6570,#6571);
#5376=AXIS2_PLACEMENT_3D('',#9006,#6572,#6573);
#5377=AXIS2_PLACEMENT_3D('',#9018,#6577,#6578);
#5378=AXIS2_PLACEMENT_3D('',#9030,#6582,#6583);
#5379=AXIS2_PLACEMENT_3D('',#9031,#6584,#6585);
#5380=AXIS2_PLACEMENT_3D('',#9032,#6586,#6587);
#5381=AXIS2_PLACEMENT_3D('',#9033,#6588,#6589);
#5382=AXIS2_PLACEMENT_3D('',#9034,#6590,#6591);
#5383=AXIS2_PLACEMENT_3D('',#9042,#6595,#6596);
#5384=AXIS2_PLACEMENT_3D('',#9043,#6597,#6598);
#5385=AXIS2_PLACEMENT_3D('',#9046,#6599,#6600);
#5386=AXIS2_PLACEMENT_3D('',#9047,#6601,#6602);
#5387=AXIS2_PLACEMENT_3D('',#9059,#6606,#6607);
#5388=AXIS2_PLACEMENT_3D('',#9071,#6611,#6612);
#5389=AXIS2_PLACEMENT_3D('',#9072,#6613,#6614);
#5390=AXIS2_PLACEMENT_3D('',#9073,#6615,#6616);
#5391=AXIS2_PLACEMENT_3D('',#9074,#6617,#6618);
#5392=AXIS2_PLACEMENT_3D('',#9080,#6621,#6622);
#5393=AXIS2_PLACEMENT_3D('',#9083,#6624,#6625);
#5394=AXIS2_PLACEMENT_3D('',#9086,#6627,#6628);
#5395=AXIS2_PLACEMENT_3D('',#9087,#6629,#6630);
#5396=AXIS2_PLACEMENT_3D('',#9088,#6631,#6632);
#5397=AXIS2_PLACEMENT_3D('',#9089,#6633,#6634);
#5398=AXIS2_PLACEMENT_3D('',#9090,#6635,#6636);
#5399=AXIS2_PLACEMENT_3D('',#9091,#6637,#6638);
#5400=AXIS2_PLACEMENT_3D('',#9094,#6640,#6641);
#5401=AXIS2_PLACEMENT_3D('',#9101,#6642,#6643);
#5402=AXIS2_PLACEMENT_3D('',#9102,#6644,#6645);
#5403=AXIS2_PLACEMENT_3D('',#9104,#6647,#6648);
#5404=AXIS2_PLACEMENT_3D('',#9105,#6649,#6650);
#5405=AXIS2_PLACEMENT_3D('',#9106,#6651,#6652);
#5406=AXIS2_PLACEMENT_3D('',#9113,#6653,#6654);
#5407=AXIS2_PLACEMENT_3D('',#9114,#6655,#6656);
#5408=AXIS2_PLACEMENT_3D('',#9123,#6658,#6659);
#5409=AXIS2_PLACEMENT_3D('',#9124,#6660,#6661);
#5410=AXIS2_PLACEMENT_3D('',#9127,#6663,#6664);
#5411=AXIS2_PLACEMENT_3D('',#9128,#6665,#6666);
#5412=AXIS2_PLACEMENT_3D('',#9129,#6667,#6668);
#5413=AXIS2_PLACEMENT_3D('',#9130,#6669,#6670);
#5414=AXIS2_PLACEMENT_3D('',#9138,#6672,#6673);
#5415=AXIS2_PLACEMENT_3D('',#9139,#6674,#6675);
#5416=AXIS2_PLACEMENT_3D('',#9140,#6676,#6677);
#5417=AXIS2_PLACEMENT_3D('',#9141,#6678,#6679);
#5418=AXIS2_PLACEMENT_3D('',#9142,#6680,#6681);
#5419=AXIS2_PLACEMENT_3D('',#9160,#6682,#6683);
#5420=AXIS2_PLACEMENT_3D('',#9161,#6684,#6685);
#5421=AXIS2_PLACEMENT_3D('',#9162,#6686,#6687);
#5422=AXIS2_PLACEMENT_3D('',#9163,#6688,#6689);
#5423=AXIS2_PLACEMENT_3D('',#9164,#6690,#6691);
#5424=AXIS2_PLACEMENT_3D('',#9165,#6692,#6693);
#5425=AXIS2_PLACEMENT_3D('',#9199,#6694,#6695);
#5426=AXIS2_PLACEMENT_3D('',#9200,#6696,#6697);
#5427=AXIS2_PLACEMENT_3D('',#9201,#6698,#6699);
#5428=AXIS2_PLACEMENT_3D('',#9218,#6700,#6701);
#5429=AXIS2_PLACEMENT_3D('',#9219,#6702,#6703);
#5430=AXIS2_PLACEMENT_3D('',#9220,#6704,#6705);
#5431=AXIS2_PLACEMENT_3D('',#9221,#6706,#6707);
#5432=AXIS2_PLACEMENT_3D('',#9237,#6708,#6709);
#5433=AXIS2_PLACEMENT_3D('',#9255,#6710,#6711);
#5434=AXIS2_PLACEMENT_3D('',#9277,#6712,#6713);
#5435=AXIS2_PLACEMENT_3D('',#9278,#6714,#6715);
#5436=AXIS2_PLACEMENT_3D('',#9295,#6716,#6717);
#5437=AXIS2_PLACEMENT_3D('',#9296,#6718,#6719);
#5438=AXIS2_PLACEMENT_3D('',#9297,#6720,#6721);
#5439=DIRECTION('',(0.,0.,1.));
#5440=DIRECTION('',(1.,0.,0.));
#5441=DIRECTION('',(0.,0.,1.));
#5442=DIRECTION('',(1.,0.,0.));
#5443=DIRECTION('',(0.,0.,1.));
#5444=DIRECTION('',(1.,0.,0.));
#5445=DIRECTION('',(-1.,0.,0.));
#5446=DIRECTION('',(0.,-1.,0.));
#5447=DIRECTION('',(-1.,0.,0.));
#5448=DIRECTION('',(0.,0.,1.));
#5449=DIRECTION('',(1.,0.,0.));
#5450=DIRECTION('',(0.,0.,-1.));
#5451=DIRECTION('',(-1.,0.,0.));
#5452=DIRECTION('',(0.,0.,-1.));
#5453=DIRECTION('',(-1.,0.,0.));
#5454=DIRECTION('',(0.797864635833357,0.602836646933898,0.));
#5455=DIRECTION('',(0.,0.,-1.));
#5456=DIRECTION('',(-1.,0.,0.));
#5457=DIRECTION('',(-0.963115485528419,-0.269088389818953,0.));
#5458=DIRECTION('',(-0.269088389819276,0.963115485528329,0.));
#5459=DIRECTION('',(0.962294285082629,0.272010494094091,0.));
#5460=DIRECTION('',(0.,0.,-1.));
#5461=DIRECTION('',(-1.,0.,0.));
#5462=DIRECTION('',(-0.983124444175024,-0.182938042149659,0.));
#5463=DIRECTION('',(0.,0.,1.));
#5464=DIRECTION('',(1.,0.,0.));
#5465=DIRECTION('',(0.,1.,0.));
#5466=DIRECTION('',(-1.,0.,0.));
#5467=DIRECTION('',(0.,0.,1.));
#5468=DIRECTION('',(1.,0.,0.));
#5469=DIRECTION('',(0.983124444175023,-0.182938042149664,0.));
#5470=DIRECTION('',(0.,0.,-1.));
#5471=DIRECTION('',(-1.,0.,0.));
#5472=DIRECTION('',(-0.962294285082631,0.272010494094085,0.));
#5473=DIRECTION('',(0.269088389819276,0.963115485528329,0.));
#5474=DIRECTION('',(0.963115485528357,-0.269088389819175,0.));
#5475=DIRECTION('',(0.,0.,-1.));
#5476=DIRECTION('',(-1.,0.,0.));
#5477=DIRECTION('',(-0.797864635833371,0.602836646933879,0.));
#5478=DIRECTION('',(0.,0.,-1.));
#5479=DIRECTION('',(-1.,0.,0.));
#5480=DIRECTION('',(0.,0.,-1.));
#5481=DIRECTION('',(-1.,0.,0.));
#5482=DIRECTION('',(0.,0.,1.));
#5483=DIRECTION('',(1.,0.,0.));
#5484=DIRECTION('',(-1.,0.,0.));
#5485=DIRECTION('',(-1.,0.,0.));
#5486=DIRECTION('',(0.,0.,1.));
#5487=DIRECTION('',(0.,1.,0.));
#5488=DIRECTION('',(0.,0.,-1.));
#5489=DIRECTION('',(0.,1.,0.));
#5490=DIRECTION('',(0.,0.,1.));
#5491=DIRECTION('',(0.,1.,0.));
#5492=DIRECTION('',(0.,1.,0.));
#5493=DIRECTION('',(0.,0.,-1.));
#5494=DIRECTION('',(-1.,0.,0.));
#5495=DIRECTION('',(0.,0.,1.));
#5496=DIRECTION('',(0.,0.,-1.));
#5497=DIRECTION('',(-1.,0.,0.));
#5498=DIRECTION('',(0.,0.,-1.));
#5499=DIRECTION('',(0.,0.,-1.));
#5500=DIRECTION('',(1.,0.,0.));
#5501=DIRECTION('',(0.,-1.,0.));
#5502=DIRECTION('',(-0.944576059074011,0.328292656975771,0.));
#5503=DIRECTION('',(0.,-1.,0.));
#5504=DIRECTION('',(0.944576059073955,0.328292656975931,0.));
#5505=DIRECTION('',(0.,-1.,0.));
#5506=DIRECTION('',(-0.939387862679495,-0.342856301459446,0.));
#5507=DIRECTION('',(0.,-1.,0.));
#5508=DIRECTION('',(0.939868190191649,-0.341537384580188,0.));
#5509=DIRECTION('',(0.,-1.,0.));
#5510=DIRECTION('',(-0.870414599304208,0.492319434227509,0.));
#5511=DIRECTION('',(0.,0.,-1.));
#5512=DIRECTION('',(-1.,0.,0.));
#5513=DIRECTION('',(1.,0.,0.));
#5514=DIRECTION('',(0.,-1.,0.));
#5515=DIRECTION('',(1.,0.,0.));
#5516=DIRECTION('',(0.,-1.,0.));
#5517=DIRECTION('',(0.868977301609363,-0.494851946836334,0.));
#5518=DIRECTION('',(0.,0.,-1.));
#5519=DIRECTION('',(-1.,0.,0.));
#5520=DIRECTION('',(-1.,0.,0.));
#5521=DIRECTION('',(0.,-1.,0.));
#5522=DIRECTION('',(1.,0.,0.));
#5523=DIRECTION('',(0.,-1.,0.));
#5524=DIRECTION('',(-0.944576059073955,0.328292656975931,0.));
#5525=DIRECTION('',(0.,-1.,0.));
#5526=DIRECTION('',(0.944576059073955,0.328292656975931,0.));
#5527=DIRECTION('',(0.,-1.,0.));
#5528=DIRECTION('',(-0.939387862679495,-0.342856301459446,0.));
#5529=DIRECTION('',(0.,-1.,0.));
#5530=DIRECTION('',(0.939868190191634,-0.341537384580228,0.));
#5531=DIRECTION('',(0.,-1.,0.));
#5532=DIRECTION('',(-0.870414599304208,0.492319434227509,0.));
#5533=DIRECTION('',(0.,0.,-1.));
#5534=DIRECTION('',(-1.,0.,0.));
#5535=DIRECTION('',(1.,0.,0.));
#5536=DIRECTION('',(0.,-1.,0.));
#5537=DIRECTION('',(1.,0.,0.));
#5538=DIRECTION('',(0.,-1.,0.));
#5539=DIRECTION('',(0.868977301609363,-0.494851946836334,0.));
#5540=DIRECTION('',(0.,0.,-1.));
#5541=DIRECTION('',(-1.,0.,0.));
#5542=DIRECTION('',(-1.,0.,0.));
#5543=DIRECTION('',(0.,-1.,0.));
#5544=DIRECTION('',(1.,0.,0.));
#5545=DIRECTION('',(0.,-1.,0.));
#5546=DIRECTION('',(-0.870414599304208,0.492319434227509,0.));
#5547=DIRECTION('',(0.,0.,-1.));
#5548=DIRECTION('',(-1.,0.,0.));
#5549=DIRECTION('',(1.,0.,0.));
#5550=DIRECTION('',(0.,-1.,0.));
#5551=DIRECTION('',(1.,0.,0.));
#5552=DIRECTION('',(0.,-1.,0.));
#5553=DIRECTION('',(0.868977301609363,-0.494851946836334,0.));
#5554=DIRECTION('',(0.,0.,-1.));
#5555=DIRECTION('',(-1.,0.,0.));
#5556=DIRECTION('',(-1.,0.,0.));
#5557=DIRECTION('',(0.,-1.,0.));
#5558=DIRECTION('',(1.,0.,0.));
#5559=DIRECTION('',(0.,-1.,0.));
#5560=DIRECTION('',(1.,0.,0.));
#5561=DIRECTION('',(0.,-1.,0.));
#5562=DIRECTION('',(1.,0.,0.));
#5563=DIRECTION('',(0.,-1.,0.));
#5564=DIRECTION('',(1.,0.,0.));
#5565=DIRECTION('',(0.,-1.,0.));
#5566=DIRECTION('',(1.,0.,0.));
#5567=DIRECTION('',(0.,-1.,0.));
#5568=DIRECTION('',(1.,0.,0.));
#5569=DIRECTION('',(0.,-1.,0.));
#5570=DIRECTION('',(1.,0.,0.));
#5571=DIRECTION('',(0.,-1.,0.));
#5572=DIRECTION('',(1.,0.,0.));
#5573=DIRECTION('',(0.,-1.,0.));
#5574=DIRECTION('',(1.,0.,0.));
#5575=DIRECTION('',(0.,-1.,0.));
#5576=DIRECTION('',(1.,0.,0.));
#5577=DIRECTION('',(0.,-1.,0.));
#5578=DIRECTION('',(1.,0.,0.));
#5579=DIRECTION('',(-0.646765250280375,0.762689131317449,0.));
#5580=DIRECTION('',(0.,1.,0.));
#5581=DIRECTION('',(0.646765250280368,0.762689131317454,0.));
#5582=DIRECTION('',(0.,0.,-1.));
#5583=DIRECTION('',(-1.,0.,0.));
#5584=DIRECTION('',(1.,0.,0.));
#5585=DIRECTION('',(-0.707106781186634,-0.707106781186461,0.));
#5586=DIRECTION('',(0.,-1.,0.));
#5587=DIRECTION('',(1.,0.,0.));
#5588=DIRECTION('',(0.,0.,-1.));
#5589=DIRECTION('',(-1.,0.,0.));
#5590=DIRECTION('',(0.,0.,-1.));
#5591=DIRECTION('',(-1.,0.,0.));
#5592=DIRECTION('',(0.,-1.,0.));
#5593=DIRECTION('',(0.,0.,-1.));
#5594=DIRECTION('',(-1.,0.,0.));
#5595=DIRECTION('',(0.,0.,-1.));
#5596=DIRECTION('',(-1.,0.,0.));
#5597=DIRECTION('',(1.,0.,0.));
#5598=DIRECTION('',(0.,-1.,0.));
#5599=DIRECTION('',(0.707106781186548,-0.707106781186548,0.));
#5600=DIRECTION('',(1.,0.,0.));
#5601=DIRECTION('',(0.,0.,-1.));
#5602=DIRECTION('',(-1.,0.,0.));
#5603=DIRECTION('',(0.,0.,-1.));
#5604=DIRECTION('',(1.,0.,0.));
#5605=DIRECTION('',(0.,1.,0.));
#5606=DIRECTION('',(0.,0.,-1.));
#5607=DIRECTION('',(-1.,0.,0.));
#5608=DIRECTION('',(0.,0.,-1.));
#5609=DIRECTION('',(-1.,0.,0.));
#5610=DIRECTION('',(0.,0.,-1.));
#5611=DIRECTION('',(-1.,0.,0.));
#5612=DIRECTION('',(-0.646765250280364,-0.762689131317458,0.));
#5613=DIRECTION('',(0.,0.,-1.));
#5614=DIRECTION('',(-1.,0.,0.));
#5615=DIRECTION('',(0.,0.,-1.));
#5616=DIRECTION('',(-1.,0.,0.));
#5617=DIRECTION('',(0.,0.,-1.));
#5618=DIRECTION('',(-1.,0.,0.));
#5619=DIRECTION('',(0.,0.,-1.));
#5620=DIRECTION('',(-1.,0.,0.));
#5621=DIRECTION('',(0.,0.,-1.));
#5622=DIRECTION('',(-1.,0.,0.));
#5623=DIRECTION('',(0.797864635833376,-0.602836646933872,0.));
#5624=DIRECTION('',(0.,0.,-1.));
#5625=DIRECTION('',(-1.,0.,0.));
#5626=DIRECTION('',(0.,0.,-1.));
#5627=DIRECTION('',(-1.,0.,0.));
#5628=DIRECTION('',(0.,0.,-1.));
#5629=DIRECTION('',(-1.,0.,0.));
#5630=DIRECTION('',(-0.983124444175022,0.182938042149668,0.));
#5631=DIRECTION('',(0.,0.,-1.));
#5632=DIRECTION('',(-1.,0.,0.));
#5633=DIRECTION('',(0.,0.,-1.));
#5634=DIRECTION('',(-1.,0.,0.));
#5635=DIRECTION('',(0.,0.,-1.));
#5636=DIRECTION('',(-1.,0.,0.));
#5637=DIRECTION('',(0.,0.,-1.));
#5638=DIRECTION('',(-1.,0.,0.));
#5639=DIRECTION('',(0.983124444175023,0.182938042149664,0.));
#5640=DIRECTION('',(0.,0.,-1.));
#5641=DIRECTION('',(-1.,0.,0.));
#5642=DIRECTION('',(0.,0.,-1.));
#5643=DIRECTION('',(-1.,0.,0.));
#5644=DIRECTION('',(0.,0.,-1.));
#5645=DIRECTION('',(-1.,0.,0.));
#5646=DIRECTION('',(-0.797864635833366,-0.602836646933886,0.));
#5647=DIRECTION('',(0.,0.,-1.));
#5648=DIRECTION('',(-1.,0.,0.));
#5649=DIRECTION('',(0.,0.,-1.));
#5650=DIRECTION('',(-1.,0.,0.));
#5651=DIRECTION('',(0.,0.,-1.));
#5652=DIRECTION('',(-1.,0.,0.));
#5653=DIRECTION('',(0.,0.,-1.));
#5654=DIRECTION('',(-1.,0.,0.));
#5655=DIRECTION('',(0.646765250280379,-0.762689131317445,0.));
#5656=DIRECTION('',(0.,0.,-1.));
#5657=DIRECTION('',(-1.,0.,0.));
#5658=DIRECTION('',(0.,0.,-1.));
#5659=DIRECTION('',(-1.,0.,0.));
#5660=DIRECTION('',(1.,0.,0.));
#5661=DIRECTION('',(0.,-1.,0.));
#5662=DIRECTION('',(0.,0.,1.));
#5663=DIRECTION('',(1.,0.,0.));
#5664=DIRECTION('',(1.,0.,0.));
#5665=DIRECTION('',(0.,0.,-1.));
#5666=DIRECTION('',(-1.,0.,0.));
#5667=DIRECTION('',(0.,0.,-1.));
#5668=DIRECTION('',(-1.,0.,0.));
#5669=DIRECTION('',(0.,-1.,0.));
#5670=DIRECTION('',(0.,0.,-1.));
#5671=DIRECTION('',(-1.,0.,0.));
#5672=DIRECTION('',(0.,0.,-1.));
#5673=DIRECTION('',(-1.,0.,0.));
#5674=DIRECTION('',(1.,0.,0.));
#5675=DIRECTION('',(0.,0.,-1.));
#5676=DIRECTION('',(-1.,0.,0.));
#5677=DIRECTION('',(0.,-1.,0.));
#5678=DIRECTION('',(1.,0.,0.));
#5679=DIRECTION('',(0.,0.,-1.));
#5680=DIRECTION('',(-1.,0.,0.));
#5681=DIRECTION('',(0.,0.,-1.));
#5682=DIRECTION('',(-1.,0.,0.));
#5683=DIRECTION('',(0.762689131317447,0.646765250280376,0.));
#5684=DIRECTION('',(-0.646765250280376,0.762689131317447,0.));
#5685=DIRECTION('',(0.,0.,1.));
#5686=DIRECTION('',(-0.646765250280376,0.762689131317447,0.));
#5687=DIRECTION('',(0.,0.,1.));
#5688=DIRECTION('',(-0.762689131317458,0.646765250280364,0.));
#5689=DIRECTION('',(-0.646765250280364,-0.762689131317458,0.));
#5690=DIRECTION('',(-0.646765250280364,-0.762689131317458,0.));
#5691=DIRECTION('',(0.,0.,-1.));
#5692=DIRECTION('',(0.,0.,1.));
#5693=DIRECTION('',(0.646765250280364,0.762689131317458,0.));
#5694=DIRECTION('',(-0.762689131317458,0.646765250280364,0.));
#5695=DIRECTION('',(0.755534305897785,0.65510908451307,0.));
#5696=DIRECTION('',(-0.65510908451307,0.755534305897785,0.));
#5697=DIRECTION('',(0.646765250280364,0.762689131317458,0.));
#5698=DIRECTION('',(-0.762689131317458,0.646765250280364,0.));
#5699=DIRECTION('',(-0.646765250280376,0.762689131317448,0.));
#5700=DIRECTION('',(-0.762689131317448,-0.646765250280376,0.));
#5701=DIRECTION('',(0.755534305897776,-0.65510908451308,0.));
#5702=DIRECTION('',(0.65510908451308,0.755534305897776,0.));
#5703=DIRECTION('',(-0.646765250280376,0.762689131317448,0.));
#5704=DIRECTION('',(-0.762689131317448,-0.646765250280376,0.));
#5705=DIRECTION('',(0.182938042149664,-0.983124444175023,0.));
#5706=DIRECTION('',(0.983124444175023,0.182938042149664,0.));
#5707=DIRECTION('',(0.,0.,1.));
#5708=DIRECTION('',(0.,0.,1.));
#5709=DIRECTION('',(-0.182938042149664,-0.983124444175023,0.));
#5710=DIRECTION('',(0.983124444175023,-0.182938042149664,0.));
#5711=DIRECTION('',(0.,0.,1.));
#5712=DIRECTION('',(0.,0.,-1.));
#5713=DIRECTION('',(0.,0.,-1.));
#5714=DIRECTION('',(-1.,0.,0.));
#5715=DIRECTION('',(0.,0.,1.));
#5716=DIRECTION('',(0.,0.,-1.));
#5717=DIRECTION('',(0.,0.,-1.));
#5718=DIRECTION('',(1.,0.,0.));
#5719=DIRECTION('',(0.,0.,1.));
#5720=DIRECTION('',(1.,0.,0.));
#5721=DIRECTION('',(0.,0.,-1.));
#5722=DIRECTION('',(-1.,0.,0.));
#5723=DIRECTION('',(0.,0.,1.));
#5724=DIRECTION('',(1.,0.,0.));
#5725=DIRECTION('',(0.,-1.,0.));
#5726=DIRECTION('',(0.,0.,-1.));
#5727=DIRECTION('',(1.,0.,0.));
#5728=DIRECTION('',(0.,0.,1.));
#5729=DIRECTION('',(1.,0.,0.));
#5730=DIRECTION('',(0.,-1.,0.));
#5731=DIRECTION('',(1.,0.,0.));
#5732=DIRECTION('',(0.857492925712545,-0.514495755427526,0.));
#5733=DIRECTION('',(0.707106781186551,-0.707106781186544,0.));
#5734=DIRECTION('',(0.,-1.,0.));
#5735=DIRECTION('',(1.,0.,0.));
#5736=DIRECTION('',(0.,0.,1.));
#5737=DIRECTION('',(1.,0.,0.));
#5738=DIRECTION('',(0.,0.,1.));
#5739=DIRECTION('',(1.,0.,0.));
#5740=DIRECTION('',(0.,0.,1.));
#5741=DIRECTION('',(1.,0.,0.));
#5742=DIRECTION('',(0.,0.,-1.));
#5743=DIRECTION('',(-0.26908838981898,-0.963115485528412,0.));
#5744=DIRECTION('',(0.963115485528412,-0.26908838981898,0.));
#5745=DIRECTION('',(0.963115485528412,-0.26908838981898,0.));
#5746=DIRECTION('',(-0.26908838981898,-0.963115485528412,0.));
#5747=DIRECTION('',(0.963115485528412,-0.26908838981898,0.));
#5748=DIRECTION('',(-0.26908838981898,-0.963115485528412,0.));
#5749=DIRECTION('',(0.963115485528412,-0.26908838981898,0.));
#5750=DIRECTION('',(0.,0.,-1.));
#5751=DIRECTION('',(0.,0.,-1.));
#5752=DIRECTION('',(1.,0.,0.));
#5753=DIRECTION('',(0.857492925712548,0.514495755427521,0.));
#5754=DIRECTION('',(0.,-1.,0.));
#5755=DIRECTION('',(1.,0.,0.));
#5756=DIRECTION('',(0.,0.,-1.));
#5757=DIRECTION('',(-1.,0.,0.));
#5758=DIRECTION('',(0.,0.,-1.));
#5759=DIRECTION('',(-1.,0.,0.));
#5760=DIRECTION('',(0.,-1.,0.));
#5761=DIRECTION('',(1.,0.,0.));
#5762=DIRECTION('',(0.,0.,-1.));
#5763=DIRECTION('',(1.,0.,0.));
#5764=DIRECTION('',(1.,0.,0.));
#5765=DIRECTION('',(0.,-1.,0.));
#5766=DIRECTION('',(0.,0.,1.));
#5767=DIRECTION('',(1.,0.,0.));
#5768=DIRECTION('',(0.,0.,1.));
#5769=DIRECTION('',(1.,0.,0.));
#5770=DIRECTION('',(1.,0.,0.));
#5771=DIRECTION('',(0.,-1.,0.));
#5772=DIRECTION('',(-0.707106781186551,-0.707106781186544,0.));
#5773=DIRECTION('',(0.857492925712546,0.514495755427524,0.));
#5774=DIRECTION('',(0.,-1.,0.));
#5775=DIRECTION('',(0.,0.,-1.));
#5776=DIRECTION('',(0.,-1.,0.));
#5777=DIRECTION('',(0.,0.,-1.));
#5778=DIRECTION('',(0.,0.,-1.));
#5779=DIRECTION('',(-1.,0.,0.));
#5780=DIRECTION('',(-0.891195649854369,0.453619128433369,0.));
#5781=DIRECTION('',(-0.453619128433369,-0.891195649854369,0.));
#5782=DIRECTION('',(0.,0.,-1.));
#5783=DIRECTION('',(-1.,0.,0.));
#5784=DIRECTION('',(0.891195649854363,0.453619128433381,0.));
#5785=DIRECTION('',(-0.453619128433381,0.891195649854363,0.));
#5786=DIRECTION('',(0.,0.,-1.));
#5787=DIRECTION('',(-1.,0.,0.));
#5788=DIRECTION('',(0.,0.,-1.));
#5789=DIRECTION('',(1.,0.,0.));
#5790=DIRECTION('',(1.,0.,0.));
#5791=DIRECTION('',(0.,-1.,0.));
#5792=DIRECTION('',(0.857492925712546,-0.514495755427524,0.));
#5793=DIRECTION('',(1.,0.,0.));
#5794=DIRECTION('',(0.,-1.,0.));
#5795=DIRECTION('',(0.,0.,-1.));
#5796=DIRECTION('',(-1.,0.,0.));
#5797=DIRECTION('',(0.,0.,-1.));
#5798=DIRECTION('',(-1.,0.,0.));
#5799=DIRECTION('',(0.,1.,0.));
#5800=DIRECTION('',(0.,0.,1.));
#5801=DIRECTION('',(0.,0.,1.));
#5802=DIRECTION('',(0.,0.,1.));
#5803=DIRECTION('',(0.,0.,1.));
#5804=DIRECTION('',(0.,0.,-1.));
#5805=DIRECTION('',(-1.,0.,0.));
#5806=DIRECTION('',(0.,0.,-1.));
#5807=DIRECTION('',(0.,0.,-1.));
#5808=DIRECTION('',(-1.,0.,0.));
#5809=DIRECTION('',(0.,0.,-1.));
#5810=DIRECTION('',(-1.,0.,0.));
#5811=DIRECTION('',(0.,0.,-1.));
#5812=DIRECTION('',(0.,0.,-1.));
#5813=DIRECTION('',(-1.,0.,0.));
#5814=DIRECTION('',(0.,0.,-1.));
#5815=DIRECTION('',(0.,1.,0.));
#5816=DIRECTION('',(0.,0.,1.));
#5817=DIRECTION('',(0.,0.,1.));
#5818=DIRECTION('',(0.,0.,1.));
#5819=DIRECTION('',(0.,0.,-1.));
#5820=DIRECTION('',(1.,0.,0.));
#5821=DIRECTION('',(0.,0.,-1.));
#5822=DIRECTION('',(-1.,0.,0.));
#5823=DIRECTION('',(0.,0.,-1.));
#5824=DIRECTION('',(-1.,0.,0.));
#5825=DIRECTION('',(0.,0.,-1.));
#5826=DIRECTION('',(-1.,0.,0.));
#5827=DIRECTION('',(0.,-1.,0.));
#5828=DIRECTION('',(0.514495755427524,-0.857492925712546,0.));
#5829=DIRECTION('',(0.857492925712546,0.514495755427524,0.));
#5830=DIRECTION('',(-1.,0.,0.));
#5831=DIRECTION('',(0.,0.,1.));
#5832=DIRECTION('',(0.,0.,1.));
#5833=DIRECTION('',(0.,1.,0.));
#5834=DIRECTION('',(0.,0.,1.));
#5835=DIRECTION('',(1.,0.,0.));
#5836=DIRECTION('',(0.,0.,1.));
#5837=DIRECTION('',(1.,0.,0.));
#5838=DIRECTION('',(1.,0.,0.));
#5839=DIRECTION('',(0.,0.,-1.));
#5840=DIRECTION('',(0.,1.,0.));
#5841=DIRECTION('',(-0.514495755427524,-0.857492925712546,0.));
#5842=DIRECTION('',(0.857492925712546,-0.514495755427524,0.));
#5843=DIRECTION('',(-0.707106781186544,-0.707106781186551,0.));
#5844=DIRECTION('',(0.707106781186551,-0.707106781186544,0.));
#5845=DIRECTION('',(0.707106781186551,-0.707106781186544,0.));
#5846=DIRECTION('',(-0.707106781186544,0.707106781186551,0.));
#5847=DIRECTION('',(-0.707106781186551,-0.707106781186544,0.));
#5848=DIRECTION('',(-0.707106781186551,-0.707106781186544,0.));
#5849=DIRECTION('',(0.,-1.,0.));
#5850=DIRECTION('',(0.,0.,-1.));
#5851=DIRECTION('',(0.,-1.,0.));
#5852=DIRECTION('',(0.,0.,-1.));
#5853=DIRECTION('',(-0.707106781186552,0.707106781186544,0.));
#5854=DIRECTION('',(-0.707106781186544,-0.707106781186552,0.));
#5855=DIRECTION('',(0.707106781186552,0.707106781186544,0.));
#5856=DIRECTION('',(-0.707106781186544,0.707106781186552,0.));
#5857=DIRECTION('',(0.,0.,-1.));
#5858=DIRECTION('',(-1.,0.,0.));
#5859=DIRECTION('',(0.,0.,1.));
#5860=DIRECTION('',(-0.602836646933886,0.797864635833366,0.));
#5861=DIRECTION('',(-0.797864635833366,-0.602836646933886,0.));
#5862=DIRECTION('',(0.,0.,-1.));
#5863=DIRECTION('',(0.,0.,-1.));
#5864=DIRECTION('',(-1.,0.,0.));
#5865=DIRECTION('',(0.,0.,-1.));
#5866=DIRECTION('',(0.,0.,1.));
#5867=DIRECTION('',(0.,0.,-1.));
#5868=DIRECTION('',(-1.,0.,0.));
#5869=DIRECTION('',(0.,0.,-1.));
#5870=DIRECTION('',(0.,0.,-1.));
#5871=DIRECTION('',(-1.,0.,0.));
#5872=DIRECTION('',(0.,0.,-1.));
#5873=DIRECTION('',(-1.,0.,0.));
#5874=DIRECTION('',(0.,0.,-1.));
#5875=DIRECTION('',(-1.,0.,0.));
#5876=DIRECTION('',(0.,0.,-1.));
#5877=DIRECTION('',(0.,0.,-1.));
#5878=DIRECTION('',(-1.,0.,0.));
#5879=DIRECTION('',(0.,0.,-1.));
#5880=DIRECTION('',(0.,0.,-1.));
#5881=DIRECTION('',(-1.,0.,0.));
#5882=DIRECTION('',(0.,0.,1.));
#5883=DIRECTION('',(0.,0.,-1.));
#5884=DIRECTION('',(-1.,0.,0.));
#5885=DIRECTION('',(0.,0.,-1.));
#5886=DIRECTION('',(0.,0.,-1.));
#5887=DIRECTION('',(-1.,0.,0.));
#5888=DIRECTION('',(0.,0.,-1.));
#5889=DIRECTION('',(-1.,0.,0.));
#5890=DIRECTION('',(0.,0.,1.));
#5891=DIRECTION('',(0.602836646933879,0.797864635833371,0.));
#5892=DIRECTION('',(-0.797864635833371,0.602836646933879,0.));
#5893=DIRECTION('',(0.,0.,-1.));
#5894=DIRECTION('',(0.,0.,-1.));
#5895=DIRECTION('',(-1.,0.,0.));
#5896=DIRECTION('',(0.,0.,-1.));
#5897=DIRECTION('',(-1.,0.,0.));
#5898=DIRECTION('',(1.,0.,0.));
#5899=DIRECTION('',(0.,0.,-1.));
#5900=DIRECTION('',(0.,0.,-1.));
#5901=DIRECTION('',(-1.,0.,0.));
#5902=DIRECTION('',(0.,0.,-1.));
#5903=DIRECTION('',(-1.,0.,0.));
#5904=DIRECTION('',(1.,0.,0.));
#5905=DIRECTION('',(0.,0.,-1.));
#5906=DIRECTION('',(0.,0.,-1.));
#5907=DIRECTION('',(-1.,0.,0.));
#5908=DIRECTION('',(0.,0.,-1.));
#5909=DIRECTION('',(-1.,0.,0.));
#5910=DIRECTION('',(0.,-1.,0.));
#5911=DIRECTION('',(0.,0.,-1.));
#5912=DIRECTION('',(0.,-1.,0.));
#5913=DIRECTION('',(0.,0.,-1.));
#5914=DIRECTION('',(0.,-1.,0.));
#5915=DIRECTION('',(0.,0.,-1.));
#5916=DIRECTION('',(0.,0.,-1.));
#5917=DIRECTION('',(-1.,0.,0.));
#5918=DIRECTION('',(0.891195649854362,0.453619128433383,0.));
#5919=DIRECTION('',(-0.453619128433383,0.891195649854362,0.));
#5920=DIRECTION('',(0.,0.,-1.));
#5921=DIRECTION('',(-1.,0.,0.));
#5922=DIRECTION('',(0.,-1.,0.));
#5923=DIRECTION('',(0.,0.,-1.));
#5924=DIRECTION('',(1.25253233172932E-14,-1.,0.));
#5925=DIRECTION('',(1.,1.25253233172932E-14,0.));
#5926=DIRECTION('',(0.,-1.,0.));
#5927=DIRECTION('',(0.,-1.,0.));
#5928=DIRECTION('',(0.,0.,-1.));
#5929=DIRECTION('',(0.,0.,-1.));
#5930=DIRECTION('',(-1.,0.,0.));
#5931=DIRECTION('',(0.,0.,-1.));
#5932=DIRECTION('',(-1.,0.,0.));
#5933=DIRECTION('',(0.,0.,-1.));
#5934=DIRECTION('',(-1.,0.,0.));
#5935=DIRECTION('',(-0.891195649854364,0.453619128433378,0.));
#5936=DIRECTION('',(-0.453619128433378,-0.891195649854364,0.));
#5937=DIRECTION('',(0.,0.,-1.));
#5938=DIRECTION('',(-1.,0.,0.));
#5939=DIRECTION('',(0.,0.,-1.));
#5940=DIRECTION('',(-1.,0.,0.));
#5941=DIRECTION('',(0.,0.,-1.));
#5942=DIRECTION('',(-1.,0.,0.));
#5943=DIRECTION('',(0.,0.,-1.));
#5944=DIRECTION('',(-1.,0.,0.));
#5945=DIRECTION('',(0.,0.,1.));
#5946=DIRECTION('',(0.,0.,-1.));
#5947=DIRECTION('',(-1.,0.,0.));
#5948=DIRECTION('',(0.,0.,-1.));
#5949=DIRECTION('',(-1.,0.,0.));
#5950=DIRECTION('',(0.,0.,1.));
#5951=DIRECTION('',(0.,0.,-1.));
#5952=DIRECTION('',(0.,1.,0.));
#5953=DIRECTION('',(0.,0.,-1.));
#5954=DIRECTION('',(-1.,0.,0.));
#5955=DIRECTION('',(0.,0.,-1.));
#5956=DIRECTION('',(0.,0.,-1.));
#5957=DIRECTION('',(-1.,0.,0.));
#5958=DIRECTION('',(0.,0.,-1.));
#5959=DIRECTION('',(-1.,0.,0.));
#5960=DIRECTION('',(0.,0.,-1.));
#5961=DIRECTION('',(-1.,0.,0.));
#5962=DIRECTION('',(0.,0.,1.));
#5963=DIRECTION('',(1.,0.,0.));
#5964=DIRECTION('',(0.,0.,1.));
#5965=DIRECTION('',(1.,0.,0.));
#5966=DIRECTION('',(0.,1.,0.));
#5967=DIRECTION('',(-0.492319434227509,-0.870414599304208,0.));
#5968=DIRECTION('',(0.870414599304208,-0.492319434227509,0.));
#5969=DIRECTION('',(0.,0.,1.));
#5970=DIRECTION('',(0.870414599304208,-0.492319434227509,0.));
#5971=DIRECTION('',(-1.,0.,0.));
#5972=DIRECTION('',(0.,0.,1.));
#5973=DIRECTION('',(0.,0.,1.));
#5974=DIRECTION('',(0.,1.,0.));
#5975=DIRECTION('',(0.,1.,0.));
#5976=DIRECTION('',(0.,0.,1.));
#5977=DIRECTION('',(0.,0.,-1.));
#5978=DIRECTION('',(1.,0.,0.));
#5979=DIRECTION('',(1.,0.,0.));
#5980=DIRECTION('',(0.,0.,-1.));
#5981=DIRECTION('',(0.,0.,-1.));
#5982=DIRECTION('',(0.,1.,0.));
#5983=DIRECTION('',(0.,-1.,0.));
#5984=DIRECTION('',(0.,0.,-1.));
#5985=DIRECTION('',(1.,0.,0.));
#5986=DIRECTION('',(0.,0.,-1.));
#5987=DIRECTION('',(0.0630269605562775,0.998011824701009,0.));
#5988=DIRECTION('',(0.,0.,-1.));
#5989=DIRECTION('',(-1.,0.,0.));
#5990=DIRECTION('',(0.494851946836334,0.868977301609363,0.));
#5991=DIRECTION('',(-0.868977301609363,0.494851946836334,0.));
#5992=DIRECTION('',(0.,0.,-1.));
#5993=DIRECTION('',(-0.868977301609363,0.494851946836334,0.));
#5994=DIRECTION('',(1.,0.,0.));
#5995=DIRECTION('',(0.,0.,-1.));
#5996=DIRECTION('',(0.,0.,-1.));
#5997=DIRECTION('',(0.,1.,0.));
#5998=DIRECTION('',(0.,-1.,0.));
#5999=DIRECTION('',(0.,0.,-1.));
#6000=DIRECTION('',(0.,0.,1.));
#6001=DIRECTION('',(1.,0.,0.));
#6002=DIRECTION('',(-1.,0.,0.));
#6003=DIRECTION('',(0.,0.,1.));
#6004=DIRECTION('',(0.,0.,1.));
#6005=DIRECTION('',(0.,1.,0.));
#6006=DIRECTION('',(0.,1.,0.));
#6007=DIRECTION('',(0.,0.,1.));
#6008=DIRECTION('',(1.,0.,0.));
#6009=DIRECTION('',(0.,0.,-1.));
#6010=DIRECTION('',(-0.0660848206038394,-0.997814008964475,0.));
#6011=DIRECTION('',(0.,0.,-1.));
#6012=DIRECTION('',(-1.,0.,0.));
#6013=DIRECTION('',(0.,0.,-1.));
#6014=DIRECTION('',(1.,0.,0.));
#6015=DIRECTION('',(-0.252421897146951,0.967617272396858,0.));
#6016=DIRECTION('',(-0.967617272396858,-0.252421897146951,0.));
#6017=DIRECTION('',(0.967617272396858,0.252421897146951,0.));
#6018=DIRECTION('',(0.,0.,1.));
#6019=DIRECTION('',(-0.967617272396858,-0.252421897146951,0.));
#6020=DIRECTION('',(-0.292218535598945,-0.956351571051362,0.));
#6021=DIRECTION('',(0.956351571051362,-0.292218535598945,0.));
#6022=DIRECTION('',(-0.956351571051307,0.292218535599126,0.));
#6023=DIRECTION('',(0.,0.,1.));
#6024=DIRECTION('',(0.956351571051362,-0.292218535598945,0.));
#6025=DIRECTION('',(-0.300701747304844,-0.953718228392335,0.));
#6026=DIRECTION('',(0.953718228392335,-0.300701747304844,0.));
#6027=DIRECTION('',(-0.953718228392246,0.300701747305127,0.));
#6028=DIRECTION('',(0.,0.,1.));
#6029=DIRECTION('',(0.953718228392335,-0.300701747304844,0.));
#6030=DIRECTION('',(-0.325184227655996,-0.945650685022632,0.));
#6031=DIRECTION('',(0.945650685022632,-0.325184227655996,0.));
#6032=DIRECTION('',(-0.945650685022643,0.325184227655963,0.));
#6033=DIRECTION('',(0.,0.,-1.));
#6034=DIRECTION('',(0.945650685022632,-0.325184227655996,0.));
#6035=DIRECTION('',(1.,0.,0.));
#6036=DIRECTION('',(0.,0.,-1.));
#6037=DIRECTION('',(0.,-1.,0.));
#6038=DIRECTION('',(0.,1.,0.));
#6039=DIRECTION('',(0.,0.,-1.));
#6040=DIRECTION('',(0.320560253573023,-0.947228126603723,0.));
#6041=DIRECTION('',(0.,0.,-1.));
#6042=DIRECTION('',(-1.,0.,0.));
#6043=DIRECTION('',(0.,0.,-1.));
#6044=DIRECTION('',(-1.,0.,0.));
#6045=DIRECTION('',(-0.328292656975908,-0.944576059073963,0.));
#6046=DIRECTION('',(0.944576059073963,-0.328292656975908,0.));
#6047=DIRECTION('',(0.,0.,1.));
#6048=DIRECTION('',(0.944576059073963,-0.328292656975908,0.));
#6049=DIRECTION('',(0.,0.,1.));
#6050=DIRECTION('',(-1.,0.,0.));
#6051=DIRECTION('',(0.,0.,1.));
#6052=DIRECTION('',(0.,0.,1.));
#6053=DIRECTION('',(0.,1.,0.));
#6054=DIRECTION('',(0.341537384580206,0.939868190191642,0.));
#6055=DIRECTION('',(-0.939868190191642,0.341537384580206,0.));
#6056=DIRECTION('',(0.,0.,-1.));
#6057=DIRECTION('',(-0.939868190191642,0.341537384580206,0.));
#6058=DIRECTION('',(1.,0.,0.));
#6059=DIRECTION('',(0.,0.,-1.));
#6060=DIRECTION('',(0.,0.,1.));
#6061=DIRECTION('',(0.,1.,0.));
#6062=DIRECTION('',(0.342856301459442,-0.939387862679496,0.));
#6063=DIRECTION('',(0.939387862679496,0.342856301459442,0.));
#6064=DIRECTION('',(0.,0.,1.));
#6065=DIRECTION('',(0.939387862679496,0.342856301459442,0.));
#6066=DIRECTION('',(-1.,0.,0.));
#6067=DIRECTION('',(0.,0.,1.));
#6068=DIRECTION('',(0.,0.,1.));
#6069=DIRECTION('',(0.,1.,0.));
#6070=DIRECTION('',(-0.328292656975908,0.944576059073963,0.));
#6071=DIRECTION('',(-0.944576059073963,-0.328292656975908,0.));
#6072=DIRECTION('',(0.,0.,1.));
#6073=DIRECTION('',(-0.944576059073963,-0.328292656975908,0.));
#6074=DIRECTION('',(-1.,0.,0.));
#6075=DIRECTION('',(0.,0.,1.));
#6076=DIRECTION('',(0.,1.,0.));
#6077=DIRECTION('',(-0.2829422568077,0.959136945025352,-9.17663417410847E-27));
#6078=DIRECTION('',(-0.959136945025352,-0.2829422568077,2.56204394872708E-33));
#6079=DIRECTION('',(0.959136945025352,0.2829422568077,0.));
#6080=DIRECTION('',(-0.959136945025352,-0.2829422568077,2.56204394872708E-33));
#6081=DIRECTION('',(0.,0.,-1.));
#6082=DIRECTION('',(1.,0.,0.));
#6083=DIRECTION('',(-0.252421897146898,0.967617272396871,0.));
#6084=DIRECTION('',(-0.967617272396871,-0.252421897146898,0.));
#6085=DIRECTION('',(0.967617272396871,0.252421897146898,0.));
#6086=DIRECTION('',(0.,0.,1.));
#6087=DIRECTION('',(-0.967617272396871,-0.252421897146898,0.));
#6088=DIRECTION('',(-0.292218535598945,-0.956351571051362,0.));
#6089=DIRECTION('',(0.956351571051362,-0.292218535598945,0.));
#6090=DIRECTION('',(-0.956351571051269,0.292218535599249,0.));
#6091=DIRECTION('',(0.,0.,1.));
#6092=DIRECTION('',(0.956351571051362,-0.292218535598945,0.));
#6093=DIRECTION('',(-0.300701747304844,-0.953718228392335,0.));
#6094=DIRECTION('',(0.953718228392335,-0.300701747304844,0.));
#6095=DIRECTION('',(-0.953718228392403,0.300701747304627,0.));
#6096=DIRECTION('',(0.,0.,1.));
#6097=DIRECTION('',(0.953718228392335,-0.300701747304844,0.));
#6098=DIRECTION('',(-0.325184227655996,-0.945650685022632,0.));
#6099=DIRECTION('',(0.945650685022632,-0.325184227655996,0.));
#6100=DIRECTION('',(-0.945650685022594,0.325184227656106,0.));
#6101=DIRECTION('',(0.,0.,-1.));
#6102=DIRECTION('',(0.945650685022632,-0.325184227655996,0.));
#6103=DIRECTION('',(1.,0.,0.));
#6104=DIRECTION('',(0.,0.,-1.));
#6105=DIRECTION('',(0.,-1.,0.));
#6106=DIRECTION('',(0.,1.,0.));
#6107=DIRECTION('',(0.,0.,-1.));
#6108=DIRECTION('',(0.320560253573112,-0.947228126603693,0.));
#6109=DIRECTION('',(0.,0.,-1.));
#6110=DIRECTION('',(-1.,0.,0.));
#6111=DIRECTION('',(0.,0.,-1.));
#6112=DIRECTION('',(-1.,0.,0.));
#6113=DIRECTION('',(-0.328292656975908,-0.944576059073963,0.));
#6114=DIRECTION('',(0.944576059073963,-0.328292656975908,0.));
#6115=DIRECTION('',(0.,0.,1.));
#6116=DIRECTION('',(0.944576059073963,-0.328292656975908,0.));
#6117=DIRECTION('',(0.,0.,1.));
#6118=DIRECTION('',(-1.,0.,0.));
#6119=DIRECTION('',(0.,0.,1.));
#6120=DIRECTION('',(0.,0.,1.));
#6121=DIRECTION('',(0.,1.,0.));
#6122=DIRECTION('',(0.341537384580206,0.939868190191642,0.));
#6123=DIRECTION('',(-0.939868190191642,0.341537384580206,0.));
#6124=DIRECTION('',(0.,0.,-1.));
#6125=DIRECTION('',(-0.939868190191642,0.341537384580206,0.));
#6126=DIRECTION('',(1.,0.,0.));
#6127=DIRECTION('',(0.,0.,-1.));
#6128=DIRECTION('',(0.,0.,1.));
#6129=DIRECTION('',(0.,1.,0.));
#6130=DIRECTION('',(0.342856301459442,-0.939387862679496,0.));
#6131=DIRECTION('',(0.939387862679496,0.342856301459442,0.));
#6132=DIRECTION('',(0.,0.,1.));
#6133=DIRECTION('',(0.939387862679496,0.342856301459442,0.));
#6134=DIRECTION('',(-1.,0.,0.));
#6135=DIRECTION('',(0.,0.,1.));
#6136=DIRECTION('',(0.,0.,1.));
#6137=DIRECTION('',(0.,1.,0.));
#6138=DIRECTION('',(-0.328292656975908,0.944576059073963,0.));
#6139=DIRECTION('',(-0.944576059073963,-0.328292656975908,0.));
#6140=DIRECTION('',(0.,0.,1.));
#6141=DIRECTION('',(-0.944576059073963,-0.328292656975908,0.));
#6142=DIRECTION('',(-1.,0.,0.));
#6143=DIRECTION('',(0.,0.,1.));
#6144=DIRECTION('',(0.,1.,0.));
#6145=DIRECTION('',(-0.282942256806934,0.959136945025578,-3.8079866292051E-26));
#6146=DIRECTION('',(-0.959136945025578,-0.282942256806934,1.06316013719408E-32));
#6147=DIRECTION('',(0.959136945025578,0.282942256806934,0.));
#6148=DIRECTION('',(-0.959136945025578,-0.282942256806934,1.06316013719408E-32));
#6149=DIRECTION('',(0.,0.,-1.));
#6150=DIRECTION('',(1.,0.,0.));
#6151=DIRECTION('',(-0.492319434227509,-0.870414599304208,0.));
#6152=DIRECTION('',(0.870414599304208,-0.492319434227509,0.));
#6153=DIRECTION('',(0.,0.,1.));
#6154=DIRECTION('',(0.870414599304208,-0.492319434227509,0.));
#6155=DIRECTION('',(-1.,0.,0.));
#6156=DIRECTION('',(0.,0.,1.));
#6157=DIRECTION('',(0.,0.,1.));
#6158=DIRECTION('',(0.,1.,0.));
#6159=DIRECTION('',(0.,1.,0.));
#6160=DIRECTION('',(0.,0.,1.));
#6161=DIRECTION('',(0.,0.,-1.));
#6162=DIRECTION('',(1.,0.,0.));
#6163=DIRECTION('',(1.,0.,0.));
#6164=DIRECTION('',(0.,0.,-1.));
#6165=DIRECTION('',(0.,0.,-1.));
#6166=DIRECTION('',(0.,1.,0.));
#6167=DIRECTION('',(0.,-1.,0.));
#6168=DIRECTION('',(0.,0.,-1.));
#6169=DIRECTION('',(1.,0.,0.));
#6170=DIRECTION('',(0.,0.,-1.));
#6171=DIRECTION('',(0.0630269605562355,0.998011824701012,0.));
#6172=DIRECTION('',(0.,0.,-1.));
#6173=DIRECTION('',(-1.,0.,0.));
#6174=DIRECTION('',(0.494851946836334,0.868977301609363,0.));
#6175=DIRECTION('',(-0.868977301609363,0.494851946836334,0.));
#6176=DIRECTION('',(0.,0.,-1.));
#6177=DIRECTION('',(-0.868977301609363,0.494851946836334,0.));
#6178=DIRECTION('',(1.,0.,0.));
#6179=DIRECTION('',(0.,0.,-1.));
#6180=DIRECTION('',(0.,0.,-1.));
#6181=DIRECTION('',(0.,1.,0.));
#6182=DIRECTION('',(0.,-1.,0.));
#6183=DIRECTION('',(0.,0.,-1.));
#6184=DIRECTION('',(0.,0.,1.));
#6185=DIRECTION('',(1.,0.,0.));
#6186=DIRECTION('',(-1.,0.,0.));
#6187=DIRECTION('',(0.,0.,1.));
#6188=DIRECTION('',(0.,0.,1.));
#6189=DIRECTION('',(0.,1.,0.));
#6190=DIRECTION('',(0.,1.,0.));
#6191=DIRECTION('',(0.,0.,1.));
#6192=DIRECTION('',(1.,0.,0.));
#6193=DIRECTION('',(0.,0.,-1.));
#6194=DIRECTION('',(-0.0660848206038444,-0.997814008964475,0.));
#6195=DIRECTION('',(0.,0.,-1.));
#6196=DIRECTION('',(-1.,0.,0.));
#6197=DIRECTION('',(0.,0.,-1.));
#6198=DIRECTION('',(1.,0.,0.));
#6199=DIRECTION('',(-0.492319434227509,-0.870414599304208,0.));
#6200=DIRECTION('',(0.870414599304208,-0.492319434227509,0.));
#6201=DIRECTION('',(0.,0.,1.));
#6202=DIRECTION('',(0.870414599304208,-0.492319434227509,0.));
#6203=DIRECTION('',(-1.,0.,0.));
#6204=DIRECTION('',(0.,0.,1.));
#6205=DIRECTION('',(0.,0.,1.));
#6206=DIRECTION('',(0.,1.,0.));
#6207=DIRECTION('',(0.,1.,0.));
#6208=DIRECTION('',(0.,0.,1.));
#6209=DIRECTION('',(0.,0.,-1.));
#6210=DIRECTION('',(1.,0.,0.));
#6211=DIRECTION('',(1.,0.,0.));
#6212=DIRECTION('',(0.,0.,-1.));
#6213=DIRECTION('',(0.,0.,-1.));
#6214=DIRECTION('',(0.,1.,0.));
#6215=DIRECTION('',(0.,-1.,0.));
#6216=DIRECTION('',(0.,0.,-1.));
#6217=DIRECTION('',(1.,0.,0.));
#6218=DIRECTION('',(0.,0.,-1.));
#6219=DIRECTION('',(0.0630269605562482,0.998011824701011,0.));
#6220=DIRECTION('',(0.,0.,-1.));
#6221=DIRECTION('',(-1.,0.,0.));
#6222=DIRECTION('',(0.494851946836334,0.868977301609363,0.));
#6223=DIRECTION('',(-0.868977301609363,0.494851946836334,0.));
#6224=DIRECTION('',(0.,0.,-1.));
#6225=DIRECTION('',(-0.868977301609363,0.494851946836334,0.));
#6226=DIRECTION('',(1.,0.,0.));
#6227=DIRECTION('',(0.,0.,-1.));
#6228=DIRECTION('',(0.,0.,-1.));
#6229=DIRECTION('',(0.,1.,0.));
#6230=DIRECTION('',(0.,-1.,0.));
#6231=DIRECTION('',(0.,0.,-1.));
#6232=DIRECTION('',(0.,0.,1.));
#6233=DIRECTION('',(1.,0.,0.));
#6234=DIRECTION('',(-1.,0.,0.));
#6235=DIRECTION('',(0.,0.,1.));
#6236=DIRECTION('',(0.,0.,1.));
#6237=DIRECTION('',(0.,1.,0.));
#6238=DIRECTION('',(0.,1.,0.));
#6239=DIRECTION('',(0.,0.,1.));
#6240=DIRECTION('',(1.,0.,0.));
#6241=DIRECTION('',(0.,0.,-1.));
#6242=DIRECTION('',(-0.0660848206038045,-0.997814008964478,0.));
#6243=DIRECTION('',(0.,0.,-1.));
#6244=DIRECTION('',(-1.,0.,0.));
#6245=DIRECTION('',(0.,0.,-1.));
#6246=DIRECTION('',(1.,0.,0.));
#6247=DIRECTION('',(0.,-1.,0.));
#6248=DIRECTION('',(0.,0.,-1.));
#6249=DIRECTION('',(0.,0.,1.));
#6250=DIRECTION('',(1.,0.,0.));
#6251=DIRECTION('',(0.,0.,-1.));
#6252=DIRECTION('',(-1.,0.,0.));
#6253=DIRECTION('',(0.,0.,1.));
#6254=DIRECTION('',(0.,0.,1.));
#6255=DIRECTION('',(0.,1.,0.));
#6256=DIRECTION('',(0.,1.,0.));
#6257=DIRECTION('',(0.,0.,1.));
#6258=DIRECTION('',(0.,0.,-1.));
#6259=DIRECTION('',(1.,0.,0.));
#6260=DIRECTION('',(1.,0.,0.));
#6261=DIRECTION('',(0.,0.,-1.));
#6262=DIRECTION('',(0.,0.,1.));
#6263=DIRECTION('',(0.,1.,0.));
#6264=DIRECTION('',(0.,1.,0.));
#6265=DIRECTION('',(0.,0.,1.));
#6266=DIRECTION('',(0.,0.,1.));
#6267=DIRECTION('',(1.,0.,0.));
#6268=DIRECTION('',(-1.,0.,0.));
#6269=DIRECTION('',(0.,0.,1.));
#6270=DIRECTION('',(0.,0.,1.));
#6271=DIRECTION('',(0.,1.,0.));
#6272=DIRECTION('',(0.,1.,0.));
#6273=DIRECTION('',(0.,0.,1.));
#6274=DIRECTION('',(0.,0.,-1.));
#6275=DIRECTION('',(1.,0.,0.));
#6276=DIRECTION('',(1.,0.,0.));
#6277=DIRECTION('',(0.,0.,-1.));
#6278=DIRECTION('',(0.,0.,1.));
#6279=DIRECTION('',(0.,1.,0.));
#6280=DIRECTION('',(0.,1.,0.));
#6281=DIRECTION('',(0.,0.,1.));
#6282=DIRECTION('',(0.,0.,1.));
#6283=DIRECTION('',(1.,0.,0.));
#6284=DIRECTION('',(-1.,0.,0.));
#6285=DIRECTION('',(0.,0.,1.));
#6286=DIRECTION('',(0.,0.,1.));
#6287=DIRECTION('',(0.,1.,0.));
#6288=DIRECTION('',(0.,1.,0.));
#6289=DIRECTION('',(0.,0.,1.));
#6290=DIRECTION('',(0.,0.,-1.));
#6291=DIRECTION('',(1.,0.,0.));
#6292=DIRECTION('',(1.,0.,0.));
#6293=DIRECTION('',(0.,0.,-1.));
#6294=DIRECTION('',(0.,1.,0.));
#6295=DIRECTION('',(0.,0.,-1.));
#6296=DIRECTION('',(1.,0.,0.));
#6297=DIRECTION('',(0.,1.,0.));
#6298=DIRECTION('',(0.,0.,1.));
#6299=DIRECTION('',(0.,0.,1.));
#6300=DIRECTION('',(1.,0.,0.));
#6301=DIRECTION('',(0.,0.,1.));
#6302=DIRECTION('',(-1.,0.,0.));
#6303=DIRECTION('',(0.,0.,1.));
#6304=DIRECTION('',(0.,0.,1.));
#6305=DIRECTION('',(0.,1.,0.));
#6306=DIRECTION('',(0.,1.,0.));
#6307=DIRECTION('',(0.,0.,1.));
#6308=DIRECTION('',(0.,0.,-1.));
#6309=DIRECTION('',(1.,0.,0.));
#6310=DIRECTION('',(1.,0.,0.));
#6311=DIRECTION('',(0.,0.,-1.));
#6312=DIRECTION('',(0.,0.,-1.));
#6313=DIRECTION('',(0.,1.,0.));
#6314=DIRECTION('',(0.,-1.,0.));
#6315=DIRECTION('',(0.,0.,-1.));
#6316=DIRECTION('',(0.,0.,1.));
#6317=DIRECTION('',(1.,0.,0.));
#6318=DIRECTION('',(-1.,0.,0.));
#6319=DIRECTION('',(0.,0.,1.));
#6320=DIRECTION('',(0.,0.,-1.));
#6321=DIRECTION('',(0.,1.,0.));
#6322=DIRECTION('',(0.,-1.,0.));
#6323=DIRECTION('',(0.,0.,-1.));
#6324=DIRECTION('',(0.,0.,1.));
#6325=DIRECTION('',(1.,0.,0.));
#6326=DIRECTION('',(-1.,0.,0.));
#6327=DIRECTION('',(0.,0.,1.));
#6328=DIRECTION('',(0.,1.,0.));
#6329=DIRECTION('',(0.,0.,-1.));
#6330=DIRECTION('',(1.,0.,0.));
#6331=DIRECTION('',(0.,0.,-1.));
#6332=DIRECTION('',(1.,0.,0.));
#6333=DIRECTION('',(0.,0.,-1.));
#6334=DIRECTION('',(1.,0.,0.));
#6335=DIRECTION('',(0.,-1.,0.));
#6336=DIRECTION('',(0.,0.,-1.));
#6337=DIRECTION('',(1.,0.,0.));
#6338=DIRECTION('',(0.,-1.,0.));
#6339=DIRECTION('',(0.,0.,-1.));
#6340=DIRECTION('',(1.,0.,0.));
#6341=DIRECTION('',(0.,-1.,0.));
#6342=DIRECTION('',(0.,0.,-1.));
#6343=DIRECTION('',(1.,0.,0.));
#6344=DIRECTION('',(0.,-1.,0.));
#6345=DIRECTION('',(0.,0.,-1.));
#6346=DIRECTION('',(1.,0.,0.));
#6347=DIRECTION('',(0.,-1.,0.));
#6348=DIRECTION('',(0.,0.,-1.));
#6349=DIRECTION('',(1.,0.,0.));
#6350=DIRECTION('',(0.,0.,-1.));
#6351=DIRECTION('',(0.,-1.,0.));
#6352=DIRECTION('',(0.,0.,-1.));
#6353=DIRECTION('',(0.,0.,-1.));
#6354=DIRECTION('',(1.,0.,0.));
#6355=DIRECTION('',(0.,-1.,0.));
#6356=DIRECTION('',(0.,0.,-1.));
#6357=DIRECTION('',(1.,0.,0.));
#6358=DIRECTION('',(0.,0.,-1.));
#6359=DIRECTION('',(-1.,0.,0.));
#6360=DIRECTION('',(0.,0.,1.));
#6361=DIRECTION('',(-1.,0.,0.));
#6362=DIRECTION('',(0.,0.,1.));
#6363=DIRECTION('',(1.,0.,0.));
#6364=DIRECTION('',(0.,0.,-1.));
#6365=DIRECTION('',(-1.,1.83697019872103E-16,0.));
#6366=DIRECTION('',(-1.83697019872103E-16,-1.,0.));
#6367=DIRECTION('',(0.,0.,1.));
#6368=DIRECTION('',(1.,0.,0.));
#6369=DIRECTION('',(0.767015555701312,-0.641628504130083,0.));
#6370=DIRECTION('',(0.641628504130083,0.767015555701312,0.));
#6371=DIRECTION('',(0.,0.,1.));
#6372=DIRECTION('',(1.,0.,0.));
#6373=DIRECTION('',(0.89119564985435,-0.453619128433406,0.));
#6374=DIRECTION('',(0.453619128433406,0.89119564985435,0.));
#6375=DIRECTION('',(1.,0.,0.));
#6376=DIRECTION('',(0.,0.,-1.));
#6377=DIRECTION('',(1.,0.,0.));
#6378=DIRECTION('',(0.,0.,-1.));
#6379=DIRECTION('',(0.,-1.,0.));
#6380=DIRECTION('',(0.,0.,-1.));
#6381=DIRECTION('',(-1.,0.,0.));
#6382=DIRECTION('',(0.,0.,1.));
#6383=DIRECTION('',(0.,0.,1.));
#6384=DIRECTION('',(1.,0.,0.));
#6385=DIRECTION('',(0.,-1.,0.));
#6386=DIRECTION('',(0.,0.,-1.));
#6387=DIRECTION('',(-1.,0.,0.));
#6388=DIRECTION('',(0.,0.,1.));
#6389=DIRECTION('',(1.,3.82856869892695E-16,0.));
#6390=DIRECTION('',(-3.82856869892695E-16,1.,0.));
#6391=DIRECTION('',(0.,-1.,0.));
#6392=DIRECTION('',(0.,0.,-1.));
#6393=DIRECTION('',(1.22464679914735E-16,1.,0.));
#6394=DIRECTION('',(-1.,1.22464679914735E-16,0.));
#6395=DIRECTION('',(0.,0.,1.));
#6396=DIRECTION('',(1.,0.,0.));
#6397=DIRECTION('',(-0.767015555701517,-0.641628504129837,0.));
#6398=DIRECTION('',(0.641628504129837,-0.767015555701517,0.));
#6399=DIRECTION('',(0.,0.,1.));
#6400=DIRECTION('',(1.,0.,0.));
#6401=DIRECTION('',(-0.891195649854363,-0.453619128433381,0.));
#6402=DIRECTION('',(0.453619128433381,-0.891195649854363,0.));
#6403=DIRECTION('',(0.,0.,1.));
#6404=DIRECTION('',(1.,0.,0.));
#6405=DIRECTION('',(-1.,0.,0.));
#6406=DIRECTION('',(0.,0.,1.));
#6407=DIRECTION('',(-1.,0.,0.));
#6408=DIRECTION('',(0.,0.,1.));
#6409=DIRECTION('',(-1.,0.,0.));
#6410=DIRECTION('',(0.,0.,1.));
#6411=DIRECTION('',(1.,0.,0.));
#6412=DIRECTION('',(0.,0.,-1.));
#6413=DIRECTION('',(1.,0.,0.));
#6414=DIRECTION('',(0.,0.,-1.));
#6415=DIRECTION('',(1.,0.,0.));
#6416=DIRECTION('',(0.,0.,-1.));
#6417=DIRECTION('',(1.,0.,0.));
#6418=DIRECTION('',(0.,0.,-1.));
#6419=DIRECTION('',(1.,0.,0.));
#6420=DIRECTION('',(0.,0.,-1.));
#6421=DIRECTION('',(-1.,0.,0.));
#6422=DIRECTION('',(0.,0.,1.));
#6423=DIRECTION('',(-1.,0.,0.));
#6424=DIRECTION('',(0.,0.,1.));
#6425=DIRECTION('',(0.272010494094074,0.962294285082634,0.));
#6426=DIRECTION('',(-0.962294285082634,0.272010494094074,0.));
#6427=DIRECTION('',(-0.962294285082634,0.272010494094074,0.));
#6428=DIRECTION('',(0.26908838981898,-0.963115485528412,0.));
#6429=DIRECTION('',(0.963115485528412,0.26908838981898,0.));
#6430=DIRECTION('',(-0.26908838981898,0.963115485528412,0.));
#6431=DIRECTION('',(-0.963115485528412,-0.26908838981898,0.));
#6432=DIRECTION('',(0.26908838981898,-0.963115485528412,0.));
#6433=DIRECTION('',(0.963115485528412,0.26908838981898,0.));
#6434=DIRECTION('',(0.963115485528412,0.26908838981898,0.));
#6435=DIRECTION('',(0.272010494094069,-0.962294285082635,0.));
#6436=DIRECTION('',(0.962294285082635,0.272010494094069,0.));
#6437=DIRECTION('',(0.962294285082635,0.272010494094069,0.));
#6438=DIRECTION('',(-0.26908838981898,-0.963115485528412,0.));
#6439=DIRECTION('',(0.963115485528412,-0.26908838981898,0.));
#6440=DIRECTION('',(-0.26908838981898,-0.963115485528412,0.));
#6441=DIRECTION('',(-0.26908838981898,0.963115485528412,0.));
#6442=DIRECTION('',(-0.963115485528412,-0.26908838981898,0.));
#6443=DIRECTION('',(-0.26908838981898,0.963115485528412,0.));
#6444=DIRECTION('',(-0.269088389818974,-0.963115485528414,0.));
#6445=DIRECTION('',(0.963115485528414,-0.269088389818974,0.));
#6446=DIRECTION('',(-0.269088389818974,-0.963115485528414,0.));
#6447=DIRECTION('',(-0.269088389818974,-0.963115485528414,0.));
#6448=DIRECTION('',(0.963115485528414,-0.269088389818974,0.));
#6449=DIRECTION('',(0.269088389818974,-0.963115485528414,0.));
#6450=DIRECTION('',(0.963115485528414,0.269088389818974,0.));
#6451=DIRECTION('',(0.269088389818974,-0.963115485528414,0.));
#6452=DIRECTION('',(0.963115485528414,0.269088389818974,0.));
#6453=DIRECTION('',(0.269088389818974,-0.963115485528414,0.));
#6454=DIRECTION('',(0.,0.,1.));
#6455=DIRECTION('',(1.,0.,0.));
#6456=DIRECTION('',(0.,0.,1.));
#6457=DIRECTION('',(1.,0.,0.));
#6458=DIRECTION('',(-1.,0.,0.));
#6459=DIRECTION('',(0.,0.,1.));
#6460=DIRECTION('',(0.,1.,0.));
#6461=DIRECTION('',(0.,0.,1.));
#6462=DIRECTION('',(0.,1.,0.));
#6463=DIRECTION('',(0.,0.,1.));
#6464=DIRECTION('',(0.,1.,0.));
#6465=DIRECTION('',(0.,0.,1.));
#6466=DIRECTION('',(0.,1.,0.));
#6467=DIRECTION('',(0.,0.,1.));
#6468=DIRECTION('',(0.,1.,0.));
#6469=DIRECTION('',(0.,0.,1.));
#6470=DIRECTION('',(-0.931940612462373,-0.362610941427941,0.));
#6471=DIRECTION('',(0.362610941427941,-0.931940612462373,0.));
#6472=DIRECTION('',(0.931940612462361,-0.362610941427971,0.));
#6473=DIRECTION('',(0.362610941427971,0.931940612462361,0.));
#6474=DIRECTION('',(0.,1.,0.));
#6475=DIRECTION('',(0.,0.,1.));
#6476=DIRECTION('',(0.,1.,0.));
#6477=DIRECTION('',(0.,0.,1.));
#6478=DIRECTION('',(0.,1.,0.));
#6479=DIRECTION('',(0.,0.,1.));
#6480=DIRECTION('',(1.,0.,0.));
#6481=DIRECTION('',(0.,0.,-1.));
#6482=DIRECTION('',(-0.577612943212172,-0.816310778952338,0.));
#6483=DIRECTION('',(0.816310778952338,-0.577612943212172,0.));
#6484=DIRECTION('',(0.,0.,-1.));
#6485=DIRECTION('',(-1.,0.,0.));
#6486=DIRECTION('',(0.577612943212193,-0.816310778952323,0.));
#6487=DIRECTION('',(0.816310778952323,0.577612943212193,0.));
#6488=DIRECTION('',(0.,-1.,0.));
#6489=DIRECTION('',(0.,0.,-1.));
#6490=DIRECTION('',(0.,0.,-1.));
#6491=DIRECTION('',(-1.,0.,0.));
#6492=DIRECTION('',(0.,-1.,0.));
#6493=DIRECTION('',(0.,0.,-1.));
#6494=DIRECTION('',(0.,0.,1.));
#6495=DIRECTION('',(1.,0.,0.));
#6496=DIRECTION('',(-0.963115485528412,0.26908838981898,0.));
#6497=DIRECTION('',(-0.26908838981898,-0.963115485528412,0.));
#6498=DIRECTION('',(-0.963115485528412,0.26908838981898,0.));
#6499=DIRECTION('',(-0.26908838981898,-0.963115485528412,0.));
#6500=DIRECTION('',(0.962294285082634,-0.272010494094074,0.));
#6501=DIRECTION('',(0.272010494094074,0.962294285082634,0.));
#6502=DIRECTION('',(0.962294285082634,-0.272010494094074,0.));
#6503=DIRECTION('',(0.272010494094074,0.962294285082634,0.));
#6504=DIRECTION('',(-0.26908838981898,-0.963115485528412,0.));
#6505=DIRECTION('',(0.963115485528412,-0.26908838981898,0.));
#6506=DIRECTION('',(0.272017241522268,0.962292377716878,-1.01298662488639E-5));
#6507=DIRECTION('',(-0.96229237776625,0.272017241536224,0.));
#6508=DIRECTION('',(0.26908838981898,0.963115485528412,0.));
#6509=DIRECTION('',(-0.963115485528412,0.26908838981898,0.));
#6510=DIRECTION('',(-0.962294285082635,-0.272010494094069,0.));
#6511=DIRECTION('',(0.272010494094069,-0.962294285082635,0.));
#6512=DIRECTION('',(-0.962294285082635,-0.272010494094069,0.));
#6513=DIRECTION('',(0.272010494094069,-0.962294285082635,0.));
#6514=DIRECTION('',(-0.27201724258462,0.962292377416563,1.01311400976226E-5));
#6515=DIRECTION('',(-0.962292377465948,-0.27201724259858,0.));
#6516=DIRECTION('',(0.963115485528412,0.26908838981898,0.));
#6517=DIRECTION('',(-0.26908838981898,0.963115485528412,0.));
#6518=DIRECTION('',(0.963115485528412,0.26908838981898,0.));
#6519=DIRECTION('',(-0.26908838981898,0.963115485528412,0.));
#6520=DIRECTION('',(-0.26908838981898,0.963115485528412,0.));
#6521=DIRECTION('',(-0.963115485528412,-0.26908838981898,0.));
#6522=DIRECTION('',(0.26908838981898,-0.963115485528412,0.));
#6523=DIRECTION('',(0.963115485528412,0.26908838981898,0.));
#6524=DIRECTION('',(0.,0.,1.));
#6525=DIRECTION('',(1.,0.,0.));
#6526=DIRECTION('',(0.,-1.,0.));
#6527=DIRECTION('',(0.,0.,-1.));
#6528=DIRECTION('',(0.,0.,1.));
#6529=DIRECTION('',(1.,0.,0.));
#6530=DIRECTION('',(0.,-1.,0.));
#6531=DIRECTION('',(0.,0.,-1.));
#6532=DIRECTION('',(1.22464679914735E-16,1.,0.));
#6533=DIRECTION('',(-1.,1.22464679914735E-16,0.));
#6534=DIRECTION('',(0.,0.,1.));
#6535=DIRECTION('',(1.,0.,0.));
#6536=DIRECTION('',(0.,0.,1.));
#6537=DIRECTION('',(1.,0.,0.));
#6538=DIRECTION('',(0.,0.,1.));
#6539=DIRECTION('',(0.,0.,1.));
#6540=DIRECTION('',(1.,0.,0.));
#6541=DIRECTION('',(0.,0.,1.));
#6542=DIRECTION('',(1.,0.,0.));
#6543=DIRECTION('',(0.,0.,1.));
#6544=DIRECTION('',(0.,0.,1.));
#6545=DIRECTION('',(1.,0.,0.));
#6546=DIRECTION('',(0.,0.,1.));
#6547=DIRECTION('',(1.,0.,0.));
#6548=DIRECTION('',(0.,0.,1.));
#6549=DIRECTION('',(0.,0.,1.));
#6550=DIRECTION('',(0.,0.,1.));
#6551=DIRECTION('',(1.,0.,0.));
#6552=DIRECTION('',(0.,0.,1.));
#6553=DIRECTION('',(1.,0.,0.));
#6554=DIRECTION('',(0.,0.,1.));
#6555=DIRECTION('',(1.,0.,0.));
#6556=DIRECTION('',(0.,-1.,0.));
#6557=DIRECTION('',(0.,0.,-1.));
#6558=DIRECTION('',(0.,1.,0.));
#6559=DIRECTION('',(0.,0.,1.));
#6560=DIRECTION('',(0.,-1.,5.02919328585542E-14));
#6561=DIRECTION('',(0.,-5.02919328585542E-14,-1.));
#6562=DIRECTION('',(0.,0.,-1.));
#6563=DIRECTION('',(-1.,0.,0.));
#6564=DIRECTION('',(0.,0.,-1.));
#6565=DIRECTION('',(-1.,0.,0.));
#6566=DIRECTION('',(0.,0.,1.));
#6567=DIRECTION('',(1.,0.,0.));
#6568=DIRECTION('',(0.,0.,1.));
#6569=DIRECTION('',(1.,0.,0.));
#6570=DIRECTION('',(0.,0.,1.));
#6571=DIRECTION('',(1.,0.,0.));
#6572=DIRECTION('',(0.,-1.,0.));
#6573=DIRECTION('',(0.,0.,-1.));
#6574=DIRECTION('',(0.,0.,-1.));
#6575=DIRECTION('',(-1.,0.,0.));
#6576=DIRECTION('',(-1.,0.,0.));
#6577=DIRECTION('',(0.,-1.,0.));
#6578=DIRECTION('',(0.,0.,-1.));
#6579=DIRECTION('',(-1.,0.,0.));
#6580=DIRECTION('',(0.,0.,-1.));
#6581=DIRECTION('',(-1.,0.,0.));
#6582=DIRECTION('',(0.,0.,-1.));
#6583=DIRECTION('',(-1.,0.,0.));
#6584=DIRECTION('',(0.,0.,1.));
#6585=DIRECTION('',(1.,0.,0.));
#6586=DIRECTION('',(0.,0.,1.));
#6587=DIRECTION('',(1.,0.,0.));
#6588=DIRECTION('',(0.,0.,1.));
#6589=DIRECTION('',(1.,0.,0.));
#6590=DIRECTION('',(0.,0.,1.));
#6591=DIRECTION('',(1.,0.,0.));
#6592=DIRECTION('',(-1.,0.,0.));
#6593=DIRECTION('',(0.,1.,0.));
#6594=DIRECTION('',(-1.,0.,0.));
#6595=DIRECTION('',(0.,0.,1.));
#6596=DIRECTION('',(1.,0.,0.));
#6597=DIRECTION('',(0.,0.,1.));
#6598=DIRECTION('',(1.,0.,0.));
#6599=DIRECTION('',(0.,0.,1.));
#6600=DIRECTION('',(1.,0.,0.));
#6601=DIRECTION('',(0.,-1.,0.));
#6602=DIRECTION('',(0.,0.,-1.));
#6603=DIRECTION('',(0.,0.,-1.));
#6604=DIRECTION('',(-1.,0.,0.));
#6605=DIRECTION('',(-1.,0.,0.));
#6606=DIRECTION('',(0.,-1.,0.));
#6607=DIRECTION('',(0.,0.,-1.));
#6608=DIRECTION('',(-1.,0.,0.));
#6609=DIRECTION('',(0.,0.,-1.));
#6610=DIRECTION('',(-1.,0.,0.));
#6611=DIRECTION('',(0.,0.,-1.));
#6612=DIRECTION('',(-1.,0.,0.));
#6613=DIRECTION('',(0.,0.,1.));
#6614=DIRECTION('',(1.,0.,0.));
#6615=DIRECTION('',(0.,0.,1.));
#6616=DIRECTION('',(1.,0.,0.));
#6617=DIRECTION('',(0.,0.,1.));
#6618=DIRECTION('',(1.,0.,0.));
#6619=DIRECTION('',(0.,-1.,0.));
#6620=DIRECTION('',(-1.,0.,0.));
#6621=DIRECTION('',(0.,0.,1.));
#6622=DIRECTION('',(1.,0.,0.));
#6623=DIRECTION('',(-1.,0.,0.));
#6624=DIRECTION('',(1.,0.,0.));
#6625=DIRECTION('',(0.,0.,-1.));
#6626=DIRECTION('',(-1.,0.,0.));
#6627=DIRECTION('',(-1.,0.,0.));
#6628=DIRECTION('',(0.,0.,1.));
#6629=DIRECTION('',(0.707106781186548,-0.707106781186548,0.));
#6630=DIRECTION('',(-0.707106781186548,-0.707106781186548,0.));
#6631=DIRECTION('',(0.,0.,1.));
#6632=DIRECTION('',(1.,0.,0.));
#6633=DIRECTION('',(1.,0.,0.));
#6634=DIRECTION('',(0.,0.,-1.));
#6635=DIRECTION('',(0.,-1.,0.));
#6636=DIRECTION('',(0.,0.,-1.));
#6637=DIRECTION('',(-0.707106781186548,-0.707106781186548,0.));
#6638=DIRECTION('',(0.707106781186548,-0.707106781186548,0.));
#6639=DIRECTION('',(0.,1.,0.));
#6640=DIRECTION('',(-1.,0.,0.));
#6641=DIRECTION('',(0.,0.,1.));
#6642=DIRECTION('',(-0.707106781186548,0.707106781186548,0.));
#6643=DIRECTION('',(0.707106781186548,0.707106781186548,0.));
#6644=DIRECTION('',(-1.,0.,0.));
#6645=DIRECTION('',(0.,0.,1.));
#6646=DIRECTION('',(-1.,0.,0.));
#6647=DIRECTION('',(0.,1.,0.));
#6648=DIRECTION('',(0.,0.,1.));
#6649=DIRECTION('',(0.707106781186548,0.707106781186548,0.));
#6650=DIRECTION('',(-0.707106781186548,0.707106781186548,0.));
#6651=DIRECTION('',(1.,0.,0.));
#6652=DIRECTION('',(0.,0.,-1.));
#6653=DIRECTION('',(1.,0.,0.));
#6654=DIRECTION('',(0.,0.,-1.));
#6655=DIRECTION('',(0.707106781186548,0.707106781186548,0.));
#6656=DIRECTION('',(0.707106781186548,-0.707106781186548,0.));
#6657=DIRECTION('',(-1.,0.,0.));
#6658=DIRECTION('',(0.,1.,0.));
#6659=DIRECTION('',(0.,0.,1.));
#6660=DIRECTION('',(-0.707106781186548,0.707106781186548,0.));
#6661=DIRECTION('',(0.707106781186548,0.707106781186548,0.));
#6662=DIRECTION('',(0.,-1.,0.));
#6663=DIRECTION('',(-1.,0.,0.));
#6664=DIRECTION('',(0.,0.,1.));
#6665=DIRECTION('',(-0.707106781186548,-0.707106781186548,0.));
#6666=DIRECTION('',(0.707106781186548,-0.707106781186548,0.));
#6667=DIRECTION('',(-1.,0.,-2.1854783949314E-14));
#6668=DIRECTION('',(-2.1854783949314E-14,0.,1.));
#6669=DIRECTION('',(-1.,0.,0.));
#6670=DIRECTION('',(0.,0.,1.));
#6671=DIRECTION('',(-1.,0.,0.));
#6672=DIRECTION('',(0.,-1.,0.));
#6673=DIRECTION('',(0.,0.,-1.));
#6674=DIRECTION('',(0.707106781186548,-0.707106781186548,0.));
#6675=DIRECTION('',(-0.707106781186548,-0.707106781186548,0.));
#6676=DIRECTION('',(0.,0.,1.));
#6677=DIRECTION('',(1.,0.,0.));
#6678=DIRECTION('',(1.,-2.18547839493142E-14,-2.1854783949314E-14));
#6679=DIRECTION('',(2.18547839493142E-14,1.,0.));
#6680=DIRECTION('',(1.,0.,0.));
#6681=DIRECTION('',(0.,0.,-1.));
#6682=DIRECTION('',(-0.341616684595533,0.570756763708878,-0.74668250112516));
#6683=DIRECTION('',(0.,0.794478849483702,0.607291822539258));
#6684=DIRECTION('',(0.,0.,1.));
#6685=DIRECTION('',(1.,0.,0.));
#6686=DIRECTION('',(-0.247500709823053,-0.968887712089014,0.));
#6687=DIRECTION('',(0.968887712089014,-0.247500709823053,0.));
#6688=DIRECTION('',(-0.247500709823053,0.968887712089014,0.));
#6689=DIRECTION('',(-0.968887712089014,-0.247500709823053,0.));
#6690=DIRECTION('',(1.,0.,0.));
#6691=DIRECTION('',(0.,0.,-1.));
#6692=DIRECTION('',(-1.,-1.51769332981347E-14,0.));
#6693=DIRECTION('',(1.51769332981347E-14,-1.,0.));
#6694=DIRECTION('',(-0.341616684595529,-0.57075676370896,-0.746682501125099));
#6695=DIRECTION('',(0.,0.794478849483635,-0.607291822539345));
#6696=DIRECTION('',(0.,0.,1.));
#6697=DIRECTION('',(1.,0.,0.));
#6698=DIRECTION('',(1.,-1.51769332981347E-14,0.));
#6699=DIRECTION('',(1.51769332981347E-14,1.,0.));
#6700=DIRECTION('',(-1.,0.,0.));
#6701=DIRECTION('',(0.,0.,1.));
#6702=DIRECTION('',(0.,0.,1.));
#6703=DIRECTION('',(1.,0.,0.));
#6704=DIRECTION('',(-0.285785758733492,-0.958293535460363,-4.33735139785508E-15));
#6705=DIRECTION('',(0.958293535460363,-0.285785758733492,0.));
#6706=DIRECTION('',(-0.20950167739448,0.977808287533348,0.));
#6707=DIRECTION('',(-0.977808287533348,-0.20950167739448,0.));
#6708=DIRECTION('',(-0.400285937047061,-0.668778535385478,-0.626503343335063));
#6709=DIRECTION('',(0.,0.683664316730622,-0.729796616893537));
#6710=DIRECTION('',(-0.246409358783005,0.411688932386243,-0.877379422402203));
#6711=DIRECTION('',(0.,0.905293382238219,0.424786878417503));
#6712=DIRECTION('',(-1.,0.,0.));
#6713=DIRECTION('',(0.,0.,1.));
#6714=DIRECTION('',(-1.,0.,0.));
#6715=DIRECTION('',(0.,0.,1.));
#6716=DIRECTION('',(0.,0.,1.));
#6717=DIRECTION('',(1.,0.,0.));
#6718=DIRECTION('',(1.,0.,0.));
#6719=DIRECTION('',(0.,0.,-1.));
#6720=DIRECTION('',(1.,0.,0.));
#6721=DIRECTION('',(0.,0.,-1.));
#6722=CARTESIAN_POINT('',(0.,0.,0.));
#6723=CARTESIAN_POINT('',(0.0436691340505168,0.0857591449816142,0.03877));
#6724=CARTESIAN_POINT('',(0.0585207182708624,0.0710493475764171,0.03877));
#6725=CARTESIAN_POINT('',(0.0565787910156178,0.0784177475747436,0.03877));
#6726=CARTESIAN_POINT('',(0.0527463444855851,0.0760213700409583,0.03877));
#6727=CARTESIAN_POINT('',(0.0436691340505168,0.0760213700409583,0.03877));
#6728=CARTESIAN_POINT('',(0.0551060549265831,0.0760213700409583,0.03877));
#6729=CARTESIAN_POINT('',(0.0551060549265831,0.0728463700409582,0.03877));
#6730=CARTESIAN_POINT('',(0.0551060549265831,0.0722113700409583,0.03877));
#6731=CARTESIAN_POINT('',(0.0522713504009705,0.0722113700409583,0.03877));
#6732=CARTESIAN_POINT('',(0.052746344485585,0.0722113700409583,0.03877));
#6733=CARTESIAN_POINT('',(0.0585207182708625,0.0771833925054995,0.03877));
#6734=CARTESIAN_POINT('',(0.0541473312106557,0.0709433696191938,0.03877));
#6735=CARTESIAN_POINT('',(0.0364741449816125,0.030759144981613,0.03877));
#6736=CARTESIAN_POINT('',(0.0602953414435638,0.0676327672654501,0.03877));
#6737=CARTESIAN_POINT('',(0.0616796849976238,0.0697756386953133,0.03877));
#6738=CARTESIAN_POINT('',(0.0632176044689758,0.0677401759124976,0.03877));
#6739=CARTESIAN_POINT('',(0.0632176044689758,0.0677401759124976,0.03877));
#6740=CARTESIAN_POINT('',(0.0639674771293282,0.0683067516195686,0.03877));
#6741=CARTESIAN_POINT('',(0.0629548201760724,0.0696470204558163,0.0387699999999995));
#6742=CARTESIAN_POINT('',(0.0646050429327486,0.0699609623481179,0.03877));
#6743=CARTESIAN_POINT('',(0.0646050429327487,0.0699609623481179,0.03877));
#6744=CARTESIAN_POINT('',(0.0625364645109534,0.0693830145889194,0.03877));
#6745=CARTESIAN_POINT('',(0.06253646451096,0.0693830145888957,0.03877));
#6746=CARTESIAN_POINT('',(0.0620552211683488,0.0692485582354052,0.03877));
#6747=CARTESIAN_POINT('',(0.0615513885008597,0.069357877693529,0.03877));
#6748=CARTESIAN_POINT('',(0.0610676830021867,0.0694473557294333,0.03877));
#6749=CARTESIAN_POINT('',(0.0610676830132217,0.0694473557280862,0.03877));
#6750=CARTESIAN_POINT('',(0.0610676830021867,0.0694473557294333,0.03877));
#6751=CARTESIAN_POINT('',(0.0598323173811435,0.0738689431403259,0.0387700007975103));
#6752=CARTESIAN_POINT('',(0.0598323202845105,0.0738689398952806,0.03877));
#6753=CARTESIAN_POINT('',(0.060198605392561,0.0741972911048384,0.03877));
#6754=CARTESIAN_POINT('',(0.0605717351760487,0.0745530638895651,0.03877));
#6755=CARTESIAN_POINT('',(0.0610525701201238,0.0746889808878712,0.03877));
#6756=CARTESIAN_POINT('',(0.0610525702738597,0.0746889803439982,0.0387700000000014));
#6757=CARTESIAN_POINT('',(0.0610525701201238,0.0746889808878712,0.03877));
#6758=CARTESIAN_POINT('',(0.0631303435262152,0.0752763024375964,0.03877));
#6759=CARTESIAN_POINT('',(0.0586127798533482,0.0740292606946839,0.03877));
#6760=CARTESIAN_POINT('',(0.0577554365733543,0.0786366956803591,0.03877));
#6761=CARTESIAN_POINT('',(0.0577554365733543,0.0786366956803591,0.03877));
#6762=CARTESIAN_POINT('',(0.0436691340505168,0.0857591449816142,0.03877));
#6763=CARTESIAN_POINT('',(0.0551060549265831,0.0857591449816142,0.03877));
#6764=CARTESIAN_POINT('',(0.0551060549265831,0.099306919922272,0.03877));
#6765=CARTESIAN_POINT('',(0.0551060549265831,0.095496919922272,0.03877));
#6766=CARTESIAN_POINT('',(0.0522158813973963,0.095496919922272,0.03877));
#6767=CARTESIAN_POINT('',(0.0526606207195036,0.095496919922272,0.03877));
#6768=CARTESIAN_POINT('',(0.0585207182708619,0.100367613578063,0.03877));
#6769=CARTESIAN_POINT('',(0.0558227663267174,0.0932412221134375,0.03877));
#6770=CARTESIAN_POINT('',(0.051857996553565,0.0939789793975454,0.03877));
#6771=CARTESIAN_POINT('',(0.0577554365733543,0.0928815942828658,0.03877));
#6772=CARTESIAN_POINT('',(0.0586127798533483,0.0974890292685408,0.0387699999999995));
#6773=CARTESIAN_POINT('',(0.0631303435262167,0.0962419875256335,0.03877));
#6774=CARTESIAN_POINT('',(0.0631303435262166,0.0962419875256335,0.03877));
#6775=CARTESIAN_POINT('',(0.0610525701201305,0.0968293090753828,0.03877));
#6776=CARTESIAN_POINT('',(0.0610525701201238,0.0968293090753592,0.03877));
#6777=CARTESIAN_POINT('',(0.0605717351760487,0.0969652260736652,0.03877));
#6778=CARTESIAN_POINT('',(0.060198605392534,0.0973209988583618,0.03877));
#6779=CARTESIAN_POINT('',(0.0598323202845106,0.0976493500679497,0.03877));
#6780=CARTESIAN_POINT('',(0.0598323202885185,0.097649350065175,0.0387700003546598));
#6781=CARTESIAN_POINT('',(0.0598323202845106,0.0976493500679497,0.03877));
#6782=CARTESIAN_POINT('',(0.0610676830021867,0.102070934233797,0.03877));
#6783=CARTESIAN_POINT('',(0.0610676830021867,0.102070934233797,0.03877));
#6784=CARTESIAN_POINT('',(0.06155138850086,0.1021604122697,0.03877));
#6785=CARTESIAN_POINT('',(0.0620552211683488,0.102269731727825,0.03877));
#6786=CARTESIAN_POINT('',(0.06253646451096,0.102135275374335,0.03877));
#6787=CARTESIAN_POINT('',(0.0625364643588766,0.102135274830001,0.0387700000000014));
#6788=CARTESIAN_POINT('',(0.06253646451096,0.102135275374335,0.03877));
#6789=CARTESIAN_POINT('',(0.0646050429327497,0.101557327615112,0.03877));
#6790=CARTESIAN_POINT('',(0.0629548201760724,0.101871269507408,0.03877));
#6791=CARTESIAN_POINT('',(0.0639674771293285,0.103211538343656,0.03877));
#6792=CARTESIAN_POINT('',(0.063592540799152,0.103494826197192,0.03877));
#6793=CARTESIAN_POINT('',(0.0632176044689759,0.103778114050727,0.03877));
#6794=CARTESIAN_POINT('',(0.0616796849976238,0.101742651267911,0.03877));
#6795=CARTESIAN_POINT('',(0.0602953414435638,0.103885522697775,0.03877));
#6796=CARTESIAN_POINT('',(0.0364741449816126,0.140759144981612,0.03877));
#6797=CARTESIAN_POINT('',(0.0546689787253218,0.100808407238127,0.03877));
#6798=CARTESIAN_POINT('',(0.0585207182708622,0.0942335686489806,0.03877));
#6799=CARTESIAN_POINT('',(0.052835165803617,0.099306919922272,0.03877));
#6800=CARTESIAN_POINT('',(0.0436691340505168,0.099306919922272,0.03877));
#6801=CARTESIAN_POINT('',(0.051931054926583,0.0857084805772401,0.02353));
#6802=CARTESIAN_POINT('',(0.051931054926583,0.0857591449816136,0.03623));
#6803=CARTESIAN_POINT('',(0.0519310549265826,0.0973005911135219,0.03623));
#6804=CARTESIAN_POINT('',(0.051931054926583,0.0983849298808341,0.03623));
#6805=CARTESIAN_POINT('',(0.051931054926583,0.0983849298808341,0.02353));
#6806=CARTESIAN_POINT('',(0.051931054926583,0.0983849298808341,0.034031778440717));
#6807=CARTESIAN_POINT('',(0.051931054926583,0.0857084805772401,0.034031778440717));
#6808=CARTESIAN_POINT('',(0.051931054926583,0.0731333600823943,0.034031778440717));
#6809=CARTESIAN_POINT('',(0.051931054926583,0.0731333600823943,0.03623));
#6810=CARTESIAN_POINT('',(0.051931054926583,0.0731333600823943,0.03623));
#6811=CARTESIAN_POINT('',(0.051931054926583,0.0857591449816136,0.03623));
#6812=CARTESIAN_POINT('',(0.051931054926583,0.0741163700409582,0.03623));
#6813=CARTESIAN_POINT('',(0.051931054926583,0.0857591449816136,0.03623));
#6814=CARTESIAN_POINT('',(0.0364741449816125,0.030759144981613,0.03877));
#6815=CARTESIAN_POINT('',(0.0541473312106557,0.0709433696191938,0.036228));
#6816=CARTESIAN_POINT('',(0.0541473312106557,0.0709433696191938,0.03623));
#6817=CARTESIAN_POINT('',(0.0364741449816125,0.030759144981613,0.03623));
#6818=CARTESIAN_POINT('',(0.0602953414435638,0.0676327672654501,0.03623));
#6819=CARTESIAN_POINT('',(0.0602953414435638,0.0676327672654501,0.03877));
#6820=CARTESIAN_POINT('',(0.0603112062391552,0.0857591449816142,0.032928));
#6821=CARTESIAN_POINT('',(0.0554802320306358,0.0857591449816142,0.032928));
#6822=CARTESIAN_POINT('',(0.0554802320306358,0.0782656918499685,0.032928));
#6823=CARTESIAN_POINT('',(0.0554802320306358,0.0786786388150204,0.032928));
#6824=CARTESIAN_POINT('',(0.0554802320306358,0.0786786388150204,0.032928));
#6825=CARTESIAN_POINT('',(0.0549708402151935,0.0788556807704318,0.032928));
#6826=CARTESIAN_POINT('',(0.0549708402151935,0.0857591449816142,0.032928));
#6827=CARTESIAN_POINT('',(0.0549708402151935,0.0796154669627093,0.032928));
#6828=CARTESIAN_POINT('',(0.0549708402151935,0.0796154669627093,0.032928));
#6829=CARTESIAN_POINT('',(0.0554802320306358,0.0797925089181208,0.032928));
#6830=CARTESIAN_POINT('',(0.0554802320306358,0.0857591449816142,0.032928));
#6831=CARTESIAN_POINT('',(0.0554802320306358,0.0802099838104211,0.032928));
#6832=CARTESIAN_POINT('',(0.0554802320306358,0.0802099838104211,0.032928));
#6833=CARTESIAN_POINT('',(0.0534865856631759,0.0794823459016071,0.032928));
#6834=CARTESIAN_POINT('',(0.0534865856631759,0.0857591449816142,0.032928));
#6835=CARTESIAN_POINT('',(0.0534865856631759,0.0789901602097086,0.032928));
#6836=CARTESIAN_POINT('',(0.0534865856631759,0.0789901602097086,0.032928));
#6837=CARTESIAN_POINT('',(0.0554802320306358,0.0857591449816142,0.032928));
#6838=CARTESIAN_POINT('',(0.0554802320306358,0.0883656863701958,0.032928));
#6839=CARTESIAN_POINT('',(0.0554802320306358,0.0888556080984701,0.032928));
#6840=CARTESIAN_POINT('',(0.0604671849569474,0.0860349134029037,0.032928));
#6841=CARTESIAN_POINT('',(0.0539448344173072,0.0897242436612909,0.032928));
#6842=CARTESIAN_POINT('',(0.054373804248547,0.0931366427315666,0.032928));
#6843=CARTESIAN_POINT('',(0.0543043226707683,0.089698488656377,0.032928));
#6844=CARTESIAN_POINT('',(0.0603112062391552,0.0896987081521177,0.032928));
#6845=CARTESIAN_POINT('',(0.0554802320306358,0.0896987081521177,0.032928));
#6846=CARTESIAN_POINT('',(0.0554802320306358,0.0857591449816142,0.032928));
#6847=CARTESIAN_POINT('',(0.0554802320306358,0.0900695453937597,0.032928));
#6848=CARTESIAN_POINT('',(0.0603112062391552,0.0900695453937597,0.032928));
#6849=CARTESIAN_POINT('',(0.0534865856631759,0.0900695453937597,0.032928));
#6850=CARTESIAN_POINT('',(0.0534865856631759,0.0857591449816142,0.032928));
#6851=CARTESIAN_POINT('',(0.0534865856631759,0.0895927546545057,0.032928));
#6852=CARTESIAN_POINT('',(0.06028851381864,0.0857192962986447,0.032928));
#6853=CARTESIAN_POINT('',(0.0550346722631954,0.0887110734533375,0.032928));
#6854=CARTESIAN_POINT('',(0.0546197259724781,0.0853930492433023,0.032928));
#6855=CARTESIAN_POINT('',(0.05464528341113,0.0887366252297849,0.032928));
#6856=CARTESIAN_POINT('',(0.0603112062391552,0.0887365236118378,0.032928));
#6857=CARTESIAN_POINT('',(0.0534865856631759,0.0887365236118378,0.032928));
#6858=CARTESIAN_POINT('',(0.0534865856631759,0.0857591449816142,0.032928));
#6859=CARTESIAN_POINT('',(0.0534865856631759,0.0883656863701958,0.032928));
#6860=CARTESIAN_POINT('',(0.0603112062391552,0.0883656863701958,0.032928));
#6861=CARTESIAN_POINT('',(0.0554802320306358,0.0857591449816142,0.032928));
#6862=CARTESIAN_POINT('',(0.0554802320306358,0.0903398626504877,0.032928));
#6863=CARTESIAN_POINT('',(0.0554802320306358,0.0907528096155396,0.032928));
#6864=CARTESIAN_POINT('',(0.0554802320306358,0.0907528096155396,0.032928));
#6865=CARTESIAN_POINT('',(0.0549708402151935,0.0909298515709511,0.032928));
#6866=CARTESIAN_POINT('',(0.0549708402151935,0.0857591449816142,0.032928));
#6867=CARTESIAN_POINT('',(0.0549708402151935,0.0916896377632286,0.032928));
#6868=CARTESIAN_POINT('',(0.0549708402151935,0.0916896377632286,0.032928));
#6869=CARTESIAN_POINT('',(0.0554802320306358,0.0918666797186401,0.032928));
#6870=CARTESIAN_POINT('',(0.0554802320306358,0.0857591449816142,0.032928));
#6871=CARTESIAN_POINT('',(0.0554802320306358,0.0922841546109403,0.032928));
#6872=CARTESIAN_POINT('',(0.0554802320306358,0.0922841546109403,0.032928));
#6873=CARTESIAN_POINT('',(0.0534865856631759,0.0915565167021263,0.032928));
#6874=CARTESIAN_POINT('',(0.0534865856631759,0.0857591449816142,0.032928));
#6875=CARTESIAN_POINT('',(0.0534865856631759,0.0910643310102279,0.032928));
#6876=CARTESIAN_POINT('',(0.0534865856631759,0.0910643310102279,0.032928));
#6877=CARTESIAN_POINT('',(0.0554802320306358,0.0857591449816142,0.032928));
#6878=CARTESIAN_POINT('',(0.0554802320306358,0.0804771315180753,0.032928));
#6879=CARTESIAN_POINT('',(0.0554802320306358,0.0809670532463495,0.032928));
#6880=CARTESIAN_POINT('',(0.0570867654725958,0.0800583740538756,0.032928));
#6881=CARTESIAN_POINT('',(0.0539448344173072,0.0818356888091704,0.032928));
#6882=CARTESIAN_POINT('',(0.0543738042485478,0.0852480878794577,0.032928));
#6883=CARTESIAN_POINT('',(0.0543043226707683,0.0818099338042564,0.032928));
#6884=CARTESIAN_POINT('',(0.0603112062391552,0.0818101532999971,0.032928));
#6885=CARTESIAN_POINT('',(0.0554802320306358,0.0818101532999971,0.032928));
#6886=CARTESIAN_POINT('',(0.0554802320306358,0.0857591449816142,0.032928));
#6887=CARTESIAN_POINT('',(0.0554802320306358,0.0821809905416391,0.032928));
#6888=CARTESIAN_POINT('',(0.0603112062391552,0.0821809905416391,0.032928));
#6889=CARTESIAN_POINT('',(0.0534865856631759,0.0821809905416391,0.032928));
#6890=CARTESIAN_POINT('',(0.0534865856631759,0.0857591449816142,0.032928));
#6891=CARTESIAN_POINT('',(0.0534865856631759,0.0817041998023851,0.032928));
#6892=CARTESIAN_POINT('',(0.0568963160404401,0.0797624785258325,0.032928));
#6893=CARTESIAN_POINT('',(0.0550346722631953,0.080822518601217,0.032928));
#6894=CARTESIAN_POINT('',(0.054619725972478,0.077504494391177,0.032928));
#6895=CARTESIAN_POINT('',(0.05464528341113,0.0808480703776645,0.032928));
#6896=CARTESIAN_POINT('',(0.0603112062391552,0.0808479687597173,0.032928));
#6897=CARTESIAN_POINT('',(0.0534865856631759,0.0808479687597173,0.032928));
#6898=CARTESIAN_POINT('',(0.0534865856631759,0.0857591449816142,0.032928));
#6899=CARTESIAN_POINT('',(0.0534865856631759,0.0804771315180753,0.032928));
#6900=CARTESIAN_POINT('',(0.0603112062391552,0.0804771315180753,0.032928));
#6901=CARTESIAN_POINT('',(0.0554802320306358,0.0857591449816142,0.032928));
#6902=CARTESIAN_POINT('',(0.0554802320306358,0.0825699394922746,0.032928));
#6903=CARTESIAN_POINT('',(0.0554802320306358,0.0830598612205489,0.032928));
#6904=CARTESIAN_POINT('',(0.0579835797796026,0.0816439305267953,0.032928));
#6905=CARTESIAN_POINT('',(0.0539448344173072,0.0839284967833697,0.032928));
#6906=CARTESIAN_POINT('',(0.0543738042485477,0.0873408958536577,0.032928));
#6907=CARTESIAN_POINT('',(0.0543043226707683,0.0839027417784558,0.032928));
#6908=CARTESIAN_POINT('',(0.0603112062391552,0.0839029612741965,0.032928));
#6909=CARTESIAN_POINT('',(0.0554802320306358,0.0839029612741965,0.032928));
#6910=CARTESIAN_POINT('',(0.0554802320306358,0.0857591449816142,0.032928));
#6911=CARTESIAN_POINT('',(0.0554802320306358,0.0842737985158385,0.032928));
#6912=CARTESIAN_POINT('',(0.0603112062391552,0.0842737985158385,0.032928));
#6913=CARTESIAN_POINT('',(0.0534865856631759,0.0842737985158385,0.032928));
#6914=CARTESIAN_POINT('',(0.0534865856631759,0.0857591449816142,0.032928));
#6915=CARTESIAN_POINT('',(0.0534865856631759,0.0837970077765845,0.032928));
#6916=CARTESIAN_POINT('',(0.05779625509054,0.081342802928653,0.032928));
#6917=CARTESIAN_POINT('',(0.0550346722631954,0.0829153265754163,0.032928));
#6918=CARTESIAN_POINT('',(0.054619725972478,0.079597302365378,0.032928));
#6919=CARTESIAN_POINT('',(0.05464528341113,0.0829408783518637,0.032928));
#6920=CARTESIAN_POINT('',(0.0603112062391552,0.0829407767339166,0.032928));
#6921=CARTESIAN_POINT('',(0.0534865856631759,0.0829407767339166,0.032928));
#6922=CARTESIAN_POINT('',(0.0534865856631759,0.0857591449816142,0.032928));
#6923=CARTESIAN_POINT('',(0.0534865856631759,0.0825699394922746,0.032928));
#6924=CARTESIAN_POINT('',(0.0603112062391552,0.0825699394922746,0.032928));
#6925=CARTESIAN_POINT('',(0.0554802320306358,0.0857591449816142,0.032928));
#6926=CARTESIAN_POINT('',(0.0554802320306358,0.0845807919832784,0.032928));
#6927=CARTESIAN_POINT('',(0.0554802320306358,0.0862067706581702,0.032928));
#6928=CARTESIAN_POINT('',(0.0603112062391552,0.0862067706581702,0.032928));
#6929=CARTESIAN_POINT('',(0.0534865856631759,0.0862067706581702,0.032928));
#6930=CARTESIAN_POINT('',(0.0534865856631759,0.0857591449816142,0.032928));
#6931=CARTESIAN_POINT('',(0.0534865856631759,0.0846387494520576,0.032928));
#6932=CARTESIAN_POINT('',(0.0603112062391552,0.0846387494520576,0.032928));
#6933=CARTESIAN_POINT('',(0.0538089740832602,0.0846387494520576,0.032928));
#6934=CARTESIAN_POINT('',(0.0538089740832602,0.0857591449816142,0.032928));
#6935=CARTESIAN_POINT('',(0.0538089740832602,0.0857892957658699,0.032928));
#6936=CARTESIAN_POINT('',(0.0603112062391552,0.0857892957658699,0.032928));
#6937=CARTESIAN_POINT('',(0.0543102156296555,0.0857892957658699,0.032928));
#6938=CARTESIAN_POINT('',(0.0543102156296555,0.0857591449816142,0.032928));
#6939=CARTESIAN_POINT('',(0.0543102156296555,0.0847252328625016,0.032928));
#6940=CARTESIAN_POINT('',(0.0603112062391552,0.0847252328625016,0.032928));
#6941=CARTESIAN_POINT('',(0.0546326040497398,0.0847252328625016,0.032928));
#6942=CARTESIAN_POINT('',(0.0546326040497398,0.0857591449816142,0.032928));
#6943=CARTESIAN_POINT('',(0.0546326040497398,0.0857892957658699,0.032928));
#6944=CARTESIAN_POINT('',(0.0603112062391552,0.0857892957658699,0.032928));
#6945=CARTESIAN_POINT('',(0.0551573908178266,0.0857892957658699,0.032928));
#6946=CARTESIAN_POINT('',(0.0551573908178266,0.0857591449816142,0.032928));
#6947=CARTESIAN_POINT('',(0.0551573908178266,0.0845807919832784,0.032928));
#6948=CARTESIAN_POINT('',(0.0603112062391552,0.0845807919832784,0.032928));
#6949=CARTESIAN_POINT('',(0.0538089740832602,0.0857591449816142,0.032928));
#6950=CARTESIAN_POINT('',(0.0538089740832602,0.0864313558496896,0.032928));
#6951=CARTESIAN_POINT('',(0.0538089740832602,0.0870765854825832,0.032928));
#6952=CARTESIAN_POINT('',(0.0603112062391552,0.0870765854825832,0.032928));
#6953=CARTESIAN_POINT('',(0.0554802320306358,0.0870765854825832,0.032928));
#6954=CARTESIAN_POINT('',(0.0554802320306358,0.0857591449816142,0.032928));
#6955=CARTESIAN_POINT('',(0.0554802320306358,0.0874940603748834,0.032928));
#6956=CARTESIAN_POINT('',(0.0603112062391552,0.0874940603748834,0.032928));
#6957=CARTESIAN_POINT('',(0.0538089740832602,0.0874940603748834,0.032928));
#6958=CARTESIAN_POINT('',(0.0538089740832602,0.0857591449816142,0.032928));
#6959=CARTESIAN_POINT('',(0.0538089740832602,0.0881379316296025,0.032928));
#6960=CARTESIAN_POINT('',(0.0603112062391552,0.0881379316296025,0.032928));
#6961=CARTESIAN_POINT('',(0.0534865856631759,0.0881379316296025,0.032928));
#6962=CARTESIAN_POINT('',(0.0534865856631759,0.0857591449816142,0.032928));
#6963=CARTESIAN_POINT('',(0.0534865856631759,0.0864313558496896,0.032928));
#6964=CARTESIAN_POINT('',(0.0603112062391552,0.0864313558496896,0.032928));
#6965=CARTESIAN_POINT('',(0.0562329955487737,0.0682884720907531,0.032928));
#6966=CARTESIAN_POINT('',(0.0562329955420345,0.0682884720850382,0.032928));
#6967=CARTESIAN_POINT('',(0.0530348333672999,0.0720598613775819,0.032928));
#6968=CARTESIAN_POINT('',(0.0530348333673,0.0857591449816142,0.032928));
#6969=CARTESIAN_POINT('',(0.0530348333673,0.0994584285856463,0.032928));
#6970=CARTESIAN_POINT('',(0.05133411237079,0.0974528764647195,0.032928));
#6971=CARTESIAN_POINT('',(0.0562329955487632,0.103229817872484,0.032928));
#6972=CARTESIAN_POINT('',(0.0364741449816124,0.140759144981612,0.032928));
#6973=CARTESIAN_POINT('',(0.0626014194089259,0.107349144981614,0.032928));
#6974=CARTESIAN_POINT('',(0.0603112062391552,0.107349144981614,0.032928));
#6975=CARTESIAN_POINT('',(0.0684503981878033,0.107349144981614,0.032928));
#6976=CARTESIAN_POINT('',(0.0684503981878033,0.107349144981614,0.032928));
#6977=CARTESIAN_POINT('',(0.0680551936666312,0.106953940460442,0.032928));
#6978=CARTESIAN_POINT('',(0.0680551936666312,0.0857591449816142,0.032928));
#6979=CARTESIAN_POINT('',(0.0680551936666312,0.089004756090625,0.032928));
#6980=CARTESIAN_POINT('',(0.0603112062391552,0.089004756090625,0.032928));
#6981=CARTESIAN_POINT('',(0.0643800138719622,0.089004756090625,0.032928));
#6982=CARTESIAN_POINT('',(0.0602141449816146,0.0857591449816151,0.032928));
#6983=CARTESIAN_POINT('',(0.062609685870515,0.0904655065202244,0.032928));
#6984=CARTESIAN_POINT('',(0.0610500997976243,0.0874014903960945,0.032928));
#6985=CARTESIAN_POINT('',(0.0576120038816146,0.0874014903960945,0.032928));
#6986=CARTESIAN_POINT('',(0.0576120038816146,0.0857591449816142,0.032928));
#6987=CARTESIAN_POINT('',(0.0576120038816146,0.0841167995671358,0.032928));
#6988=CARTESIAN_POINT('',(0.0610500997976243,0.0841167995671358,0.032928));
#6989=CARTESIAN_POINT('',(0.062609685870515,0.0810527834430059,0.032928));
#6990=CARTESIAN_POINT('',(0.0602141449816146,0.0857591449816151,0.032928));
#6991=CARTESIAN_POINT('',(0.0643800138719615,0.0825135338726149,0.032928));
#6992=CARTESIAN_POINT('',(0.0603112062391552,0.0825135338726044,0.032928));
#6993=CARTESIAN_POINT('',(0.0680551936666312,0.0825135338726044,0.032928));
#6994=CARTESIAN_POINT('',(0.0680551936666312,0.0857591449816142,0.032928));
#6995=CARTESIAN_POINT('',(0.0680551936666313,0.0645643495027863,0.032928));
#6996=CARTESIAN_POINT('',(0.0680551936666312,0.0645643495027863,0.032928));
#6997=CARTESIAN_POINT('',(0.0684503981878033,0.0641691449816142,0.032928));
#6998=CARTESIAN_POINT('',(0.0637760504816146,0.0641691449816142,0.032928));
#6999=CARTESIAN_POINT('',(0.0626014194089265,0.0641691449816142,0.032928));
#7000=CARTESIAN_POINT('',(0.0364741449816146,0.0307591449816152,0.032928));
#7001=CARTESIAN_POINT('',(-0.0185258425183865,0.0857591449816136,0.03623));
#7002=CARTESIAN_POINT('',(0.0591443647115729,0.0857591449816151,0.03623));
#7003=CARTESIAN_POINT('',(0.0591443647115729,0.0841167995671358,0.03623));
#7004=CARTESIAN_POINT('',(0.0591443647115729,0.0874014903960945,0.03623));
#7005=CARTESIAN_POINT('',(0.0610500997976243,0.0841167995671358,0.03623));
#7006=CARTESIAN_POINT('',(0.0603906973104693,0.0823287798306281,0.03623));
#7007=CARTESIAN_POINT('',(0.0602141449816146,0.0857591449816151,0.03623));
#7008=CARTESIAN_POINT('',(0.0603906973104691,0.0891895101326021,0.03623));
#7009=CARTESIAN_POINT('',(0.0610500997976243,0.0874014903960945,0.03623));
#7010=CARTESIAN_POINT('',(0.0547604924518144,0.103457006782291,0.03623));
#7011=CARTESIAN_POINT('',(0.0530535167649592,0.101444078902781,0.03623));
#7012=CARTESIAN_POINT('',(0.0573361440975812,0.106494308980321,0.03623));
#7013=CARTESIAN_POINT('',(0.0566609766727201,0.0983849298808341,0.03623));
#7014=CARTESIAN_POINT('',(0.0544710549265825,0.0973005911135219,0.03623));
#7015=CARTESIAN_POINT('',(0.0524462232544429,0.0988341023457924,0.03623));
#7016=CARTESIAN_POINT('',(0.0585207182708622,0.0942335686489806,0.03623));
#7017=CARTESIAN_POINT('',(0.0546689787253218,0.100808407238127,0.03623));
#7018=CARTESIAN_POINT('',(0.0364741449816126,0.140759144981612,0.03623));
#7019=CARTESIAN_POINT('',(0.0602953414435638,0.103885522697775,0.03623));
#7020=CARTESIAN_POINT('',(0.0616796849976238,0.101742651267911,0.03623));
#7021=CARTESIAN_POINT('',(0.0632176044689758,0.103778114050727,0.03623));
#7022=CARTESIAN_POINT('',(0.0632176044689757,0.103778114050727,0.03623));
#7023=CARTESIAN_POINT('',(0.0639674771293284,0.103211538343656,0.03623));
#7024=CARTESIAN_POINT('',(0.0629548201760724,0.101871269507408,0.03623));
#7025=CARTESIAN_POINT('',(0.0645471285202385,0.101336153823193,0.03623));
#7026=CARTESIAN_POINT('',(0.110898603326983,0.0857591449816127,0.03623));
#7027=CARTESIAN_POINT('',(0.0631856409854227,0.0964631463737927,0.03623));
#7028=CARTESIAN_POINT('',(0.0586127798533483,0.0974890292685408,0.03623));
#7029=CARTESIAN_POINT('',(0.0577554365733543,0.0928815942828658,0.03623));
#7030=CARTESIAN_POINT('',(0.0577554365733543,0.0928815942828658,0.03623));
#7031=CARTESIAN_POINT('',(0.0558227663267174,0.0932412221134375,0.03623));
#7032=CARTESIAN_POINT('',(0.0585207182708619,0.100367613578063,0.03623));
#7033=CARTESIAN_POINT('',(0.0524462232544429,0.0957670798812514,0.03623));
#7034=CARTESIAN_POINT('',(0.0544710549265825,0.0973005911135219,0.03623));
#7035=CARTESIAN_POINT('',(0.054471054926583,0.0741163700409582,0.03623));
#7036=CARTESIAN_POINT('',(0.0524462232544433,0.0756498812732288,0.03623));
#7037=CARTESIAN_POINT('',(0.0585207182708624,0.0710493475764171,0.03623));
#7038=CARTESIAN_POINT('',(0.0565787910156178,0.0784177475747436,0.03623));
#7039=CARTESIAN_POINT('',(0.051857996553565,0.0775393105656795,0.03623));
#7040=CARTESIAN_POINT('',(0.0577554365733543,0.0786366956803591,0.03623));
#7041=CARTESIAN_POINT('',(0.0586127798533482,0.0740292606946839,0.03623));
#7042=CARTESIAN_POINT('',(0.0631856409854226,0.0750551435894323,0.03623));
#7043=CARTESIAN_POINT('',(0.110898603326986,0.0857591449816128,0.03623));
#7044=CARTESIAN_POINT('',(0.0645471285202378,0.0701821361400341,0.03623));
#7045=CARTESIAN_POINT('',(0.0629548201760724,0.0696470204558163,0.03623));
#7046=CARTESIAN_POINT('',(0.0639674771293282,0.0683067516195686,0.03623));
#7047=CARTESIAN_POINT('',(0.063592540799152,0.0680234637660331,0.03623));
#7048=CARTESIAN_POINT('',(0.0632176044689758,0.0677401759124976,0.03623));
#7049=CARTESIAN_POINT('',(0.0616796849976238,0.0697756386953133,0.03623));
#7050=CARTESIAN_POINT('',(0.0585207182708625,0.0771833925054995,0.03623));
#7051=CARTESIAN_POINT('',(0.0524462232544433,0.0725828588086877,0.03623));
#7052=CARTESIAN_POINT('',(0.0544710549265831,0.0741163700409583,0.03623));
#7053=CARTESIAN_POINT('',(0.0566609766727201,0.0731333600823943,0.03623));
#7054=CARTESIAN_POINT('',(0.0530535167649593,0.0700742110604474,0.03623));
#7055=CARTESIAN_POINT('',(0.0527822318591575,0.0703941200986275,0.03623));
#7056=CARTESIAN_POINT('',(0.0573361440975808,0.0650239809829077,0.03623));
#7057=CARTESIAN_POINT('',(0.05917651297145,0.0665846255318339,0.03623));
#7058=CARTESIAN_POINT('',(0.0578849086529752,0.0645464088396009,0.03623));
#7059=CARTESIAN_POINT('',(0.0364741449816146,0.0307591449816152,0.03623));
#7060=CARTESIAN_POINT('',(0.0584689602797722,0.0641691449816142,0.03623));
#7061=CARTESIAN_POINT('',(-0.0185258425183865,0.0641691449816142,0.03623));
#7062=CARTESIAN_POINT('',(0.0694910504816146,0.0641691449816142,0.03623));
#7063=CARTESIAN_POINT('',(0.0694910504816146,0.0857591449816136,0.03623));
#7064=CARTESIAN_POINT('',(0.0694910504816146,0.0816245338726044,0.03623));
#7065=CARTESIAN_POINT('',(0.0682210504816146,0.0816245338726044,0.03623));
#7066=CARTESIAN_POINT('',(0.0682210504816146,0.0828945338726044,0.03623));
#7067=CARTESIAN_POINT('',(-0.0185258425183865,0.0828945338726044,0.03623));
#7068=CARTESIAN_POINT('',(0.0625866837901059,0.0828945338726044,0.0362296790619132));
#7069=CARTESIAN_POINT('',(0.0625866837901059,0.0828945338726044,0.03623));
#7070=CARTESIAN_POINT('',(0.0624920710726366,0.082894533872604,0.03623));
#7071=CARTESIAN_POINT('',(0.0623969862913786,0.0828678175702798,0.03623));
#7072=CARTESIAN_POINT('',(0.0623199941022453,0.0828127481156673,0.03623));
#7073=CARTESIAN_POINT('',(0.062319997038794,0.0828127440101008,0.0362299987690578));
#7074=CARTESIAN_POINT('',(0.0602141449816146,0.0857591449816151,0.03623));
#7075=CARTESIAN_POINT('',(0.0618569680570728,0.0825315985962035,0.03623));
#7076=CARTESIAN_POINT('',(0.0610500997976243,0.0841167995671358,0.03623));
#7077=CARTESIAN_POINT('',(0.0592713647115729,0.0841167995671358,0.03623));
#7078=CARTESIAN_POINT('',(0.0592713647115729,0.0857591449816136,0.03623));
#7079=CARTESIAN_POINT('',(0.0592713647115729,0.0874014903960945,0.03623));
#7080=CARTESIAN_POINT('',(0.0610500997976243,0.0874014903960945,0.03623));
#7081=CARTESIAN_POINT('',(0.0618569680570728,0.0889866913670268,0.03623));
#7082=CARTESIAN_POINT('',(0.0602141449816146,0.0857591449816151,0.03623));
#7083=CARTESIAN_POINT('',(0.0623199970072994,0.0887055459604014,0.0362299988150975));
#7084=CARTESIAN_POINT('',(0.0623199940779688,0.088705541864927,0.03623));
#7085=CARTESIAN_POINT('',(0.0623971060908169,0.0886503866968307,0.03623));
#7086=CARTESIAN_POINT('',(0.0624918950096686,0.0886237560906247,0.03623));
#7087=CARTESIAN_POINT('',(0.062586627618469,0.0886237560906251,0.03623));
#7088=CARTESIAN_POINT('',(0.062586627618469,0.088623756090625,0.0362297746220116));
#7089=CARTESIAN_POINT('',(0.0659454649591437,0.088623756090625,0.03623));
#7090=CARTESIAN_POINT('',(0.0682210504816146,0.088623756090625,0.03623));
#7091=CARTESIAN_POINT('',(0.0682210504816146,0.089893756090625,0.03623));
#7092=CARTESIAN_POINT('',(0.0694910504816145,0.0898937557961327,0.0362299995792972));
#7093=CARTESIAN_POINT('',(0.0694910504816146,0.0857591449816136,0.03623));
#7094=CARTESIAN_POINT('',(0.0694910504816146,0.107349144981614,0.03623));
#7095=CARTESIAN_POINT('',(0.0637760504816146,0.107349144981614,0.03623));
#7096=CARTESIAN_POINT('',(0.0584689602797716,0.107349144981614,0.03623));
#7097=CARTESIAN_POINT('',(0.0364741449816124,0.140759144981612,0.03623));
#7098=CARTESIAN_POINT('',(0.0578849086529755,0.106971881123628,0.03623));
#7099=CARTESIAN_POINT('',(0.0591765129714504,0.104933664431395,0.03623));
#7100=CARTESIAN_POINT('',(0.0547604924518145,0.0680612831809374,0.03623));
#7101=CARTESIAN_POINT('',(0.0530535167649593,0.0700742110604474,0.03496));
#7102=CARTESIAN_POINT('',(0.0530535167649593,0.0700742110604474,0.034198));
#7103=CARTESIAN_POINT('',(0.0547604924518145,0.0680612831809374,0.034198));
#7104=CARTESIAN_POINT('',(0.0552643803520006,0.0674670802228971,0.0341979999999871));
#7105=CARTESIAN_POINT('',(0.0552643803520006,0.0674670802228971,0.034198));
#7106=CARTESIAN_POINT('',(0.0556270391179463,0.0670394198019888,0.034198));
#7107=CARTESIAN_POINT('',(0.0561725856823302,0.0663960914303688,0.0342766560431254));
#7108=CARTESIAN_POINT('',(0.0568650297298857,0.0655795361981774,0.0345667837945548));
#7109=CARTESIAN_POINT('',(0.0572031800182559,0.0651807770663595,0.0347973264144218));
#7110=CARTESIAN_POINT('',(0.0573361440975805,0.0650239809829079,0.034995879762311));
#7111=CARTESIAN_POINT('',(0.0573361440894182,0.0650239809925333,0.0349958798278073));
#7112=CARTESIAN_POINT('',(0.0573361440975805,0.0650239809829079,0.03623));
#7113=CARTESIAN_POINT('',(0.0547604924518144,0.103457006782291,0.03623));
#7114=CARTESIAN_POINT('',(0.0547604924518144,0.103457006782291,0.034198));
#7115=CARTESIAN_POINT('',(0.0552643803520004,0.104051209740331,0.034198));
#7116=CARTESIAN_POINT('',(0.0530535167649592,0.101444078902781,0.034198));
#7117=CARTESIAN_POINT('',(0.0530535167649592,0.101444078902781,0.03623));
#7118=CARTESIAN_POINT('',(0.0573361440975811,0.106494308980321,0.03623));
#7119=CARTESIAN_POINT('',(0.0573361440892428,0.106494308970488,0.0349958798505634));
#7120=CARTESIAN_POINT('',(0.0573361440975801,0.10649430898032,0.0349958797623119));
#7121=CARTESIAN_POINT('',(0.057203180018256,0.106337512896869,0.0347973264144218));
#7122=CARTESIAN_POINT('',(0.0568650297298858,0.105938753765051,0.0345667837945548));
#7123=CARTESIAN_POINT('',(0.0561725856823305,0.10512219853286,0.0342766560431254));
#7124=CARTESIAN_POINT('',(0.0556270391179464,0.10447887016124,0.034198));
#7125=CARTESIAN_POINT('',(0.0552643803520004,0.104051209740331,0.034198));
#7126=CARTESIAN_POINT('',(0.0493209846799456,0.0950789229953646,0.034198));
#7127=CARTESIAN_POINT('',(0.0530348333673,0.0994584285856463,0.034198));
#7128=CARTESIAN_POINT('',(0.0523256713959266,0.100276301838326,0.0335136478804307));
#7129=CARTESIAN_POINT('',(0.0523256713959266,0.100276301838326,0.0335136478804307));
#7130=CARTESIAN_POINT('',(0.0525142391389548,0.100708527095841,0.0337258330349954));
#7131=CARTESIAN_POINT('',(0.0527593221120762,0.101097153856718,0.0339622986914653));
#7132=CARTESIAN_POINT('',(0.0530535167649593,0.101444078902781,0.034198));
#7133=CARTESIAN_POINT('',(0.0562329955487736,0.103229817872475,0.034198));
#7134=CARTESIAN_POINT('',(0.0557291076485877,0.0688826750487935,0.034198));
#7135=CARTESIAN_POINT('',(0.0523256713959266,0.0712419881249024,0.0335136478804306));
#7136=CARTESIAN_POINT('',(0.0525142391389548,0.0708097628673877,0.0337258330349952));
#7137=CARTESIAN_POINT('',(0.0527593221122036,0.0704211361063605,0.033962298691085));
#7138=CARTESIAN_POINT('',(0.0530535167649593,0.0700742110604474,0.034198));
#7139=CARTESIAN_POINT('',(0.0523256713959266,0.0712419881249024,0.0335136478804306));
#7140=CARTESIAN_POINT('',(0.0530348333673,0.072059861377582,0.034198));
#7141=CARTESIAN_POINT('',(0.0562329955487738,0.0682884720907532,0.034198));
#7142=CARTESIAN_POINT('',(0.051857996553565,0.0775393105656795,0.03877));
#7143=CARTESIAN_POINT('',(0.0565787910156178,0.0784177475747436,0.036228));
#7144=CARTESIAN_POINT('',(0.0577554365733543,0.0786366956803591,0.03877));
#7145=CARTESIAN_POINT('',(0.051857996553565,0.0939789793975454,0.03877));
#7146=CARTESIAN_POINT('',(0.0558227663267174,0.0932412221134375,0.036228));
#7147=CARTESIAN_POINT('',(0.0577554365733543,0.0928815942828658,0.03877));
#7148=CARTESIAN_POINT('',(0.0364741449816126,0.140759144981612,0.03877));
#7149=CARTESIAN_POINT('',(0.0546689787253218,0.100808407238127,0.036228));
#7150=CARTESIAN_POINT('',(0.0602953414435638,0.103885522697775,0.03877));
#7151=CARTESIAN_POINT('',(0.0603112062391552,0.0857591449816142,0.034198));
#7152=CARTESIAN_POINT('',(0.0610500997976243,0.0874014903960945,0.034198));
#7153=CARTESIAN_POINT('',(0.0586614758181617,0.0874014903960945,0.034198));
#7154=CARTESIAN_POINT('',(0.059060713869967,0.0887235600212963,0.034198));
#7155=CARTESIAN_POINT('',(0.0602141449816146,0.0857591449816152,0.034198));
#7156=CARTESIAN_POINT('',(0.0590607138436647,0.0827947299617562,0.034198));
#7157=CARTESIAN_POINT('',(0.0610500997976243,0.0841167995671358,0.034198));
#7158=CARTESIAN_POINT('',(0.0586614758181617,0.0841167995671358,0.034198));
#7159=CARTESIAN_POINT('',(0.0586614758181617,0.0857591449816142,0.034198));
#7160=CARTESIAN_POINT('',(0.0603112062391552,0.0857591449816142,0.034198));
#7161=CARTESIAN_POINT('',(0.0610500997976243,0.0841167995671358,0.034198));
#7162=CARTESIAN_POINT('',(0.0621336253253432,0.0819880682675009,0.034198));
#7163=CARTESIAN_POINT('',(0.0597120504598209,0.0821381261986872,0.034198));
#7164=CARTESIAN_POINT('',(0.0597120504816146,0.0857591449816142,0.034198));
#7165=CARTESIAN_POINT('',(0.0597120504816146,0.0653121449816142,0.034198));
#7166=CARTESIAN_POINT('',(0.0603112062391552,0.0653121449816142,0.034198));
#7167=CARTESIAN_POINT('',(0.0675860504816146,0.0653121449816142,0.034198));
#7168=CARTESIAN_POINT('',(0.0675860504816146,0.0653121449816142,0.034198));
#7169=CARTESIAN_POINT('',(0.0694910504816146,0.0641691449816142,0.034198));
#7170=CARTESIAN_POINT('',(0.0688560504816146,0.0648041449816142,0.034198));
#7171=CARTESIAN_POINT('',(0.0661361356491492,0.0675240598140796,0.034198));
#7172=CARTESIAN_POINT('',(0.0661361356491492,0.0857591449816142,0.034198));
#7173=CARTESIAN_POINT('',(0.0661361356491492,0.0825135338726044,0.034198));
#7174=CARTESIAN_POINT('',(0.0603112062391552,0.0825135338726044,0.034198));
#7175=CARTESIAN_POINT('',(0.062929183269146,0.0825135338726044,0.034198));
#7176=CARTESIAN_POINT('',(0.0602141449816146,0.0857591449816151,0.034198));
#7177=CARTESIAN_POINT('',(0.0602141449816146,0.0857591449816152,0.034198));
#7178=CARTESIAN_POINT('',(0.0602141449816146,0.0857591449816152,0.034579));
#7179=CARTESIAN_POINT('',(0.0589225590749822,0.0824396605884122,0.034579));
#7180=CARTESIAN_POINT('',(0.057306523128355,0.0837017422623165,0.034579));
#7181=CARTESIAN_POINT('',(0.057306523128355,0.0837017422623165,0.034579));
#7182=CARTESIAN_POINT('',(0.0578034931732849,0.082999399959811,0.034579));
#7183=CARTESIAN_POINT('',(0.0585550807775711,0.0825062016579034,0.0347005815830858));
#7184=CARTESIAN_POINT('',(0.0593345079356598,0.0823075642628265,0.0350061268164231));
#7185=CARTESIAN_POINT('',(0.0593345799664042,0.0823083956517527,0.0350064835629873));
#7186=CARTESIAN_POINT('',(0.0593345254680563,0.082307559794734,0.0350064644257416));
#7187=CARTESIAN_POINT('',(0.0593321783799103,0.0823081579386075,0.034987023261948));
#7188=CARTESIAN_POINT('',(0.0593310504816147,0.0823084472413024,0.0349675050387266));
#7189=CARTESIAN_POINT('',(0.0593310504816146,0.0823084472413024,0.0349479154718156));
#7190=CARTESIAN_POINT('',(0.0593310504816146,0.0823083246988152,0.0349479154718156));
#7191=CARTESIAN_POINT('',(0.0593310504816146,0.0823084472413023,0.034198));
#7192=CARTESIAN_POINT('',(0.0593310504887149,0.0823084472412629,0.0345662027979697));
#7193=CARTESIAN_POINT('',(0.0593310504958152,0.0823084472376682,0.0345662027979718));
#7194=CARTESIAN_POINT('',(0.0593310522230815,0.0823084467956302,0.0345598033107814));
#7195=CARTESIAN_POINT('',(0.0593312114181632,0.082308406043245,0.0345534080064007));
#7196=CARTESIAN_POINT('',(0.0593315288036207,0.0823083248655742,0.0345470169035765));
#7197=CARTESIAN_POINT('',(0.0593315285874323,0.0823083436893646,0.0345470166537469));
#7198=CARTESIAN_POINT('',(0.0593315240776323,0.0823083260743435,0.0345470165366754));
#7199=CARTESIAN_POINT('',(0.0591933335717761,0.0823436712583355,0.0345683895201319));
#7200=CARTESIAN_POINT('',(0.059056976035388,0.0823873599805141,0.034579));
#7201=CARTESIAN_POINT('',(0.0589225590749821,0.0824396605884122,0.034579));
#7202=CARTESIAN_POINT('',(0.0639835678656825,0.101493609114255,0.04004));
#7203=CARTESIAN_POINT('',(0.0639835678656825,0.101493609114255,0.0389986));
#7204=CARTESIAN_POINT('',(0.0645471285202387,0.101336153823193,0.0389986));
#7205=CARTESIAN_POINT('',(0.0624749509050472,0.101915107174343,0.0389986));
#7206=CARTESIAN_POINT('',(0.0611291966080993,0.102291102433789,0.0409052002));
#7207=CARTESIAN_POINT('',(0.0632331013371218,0.101703284727219,0.0400020907821773));
#7208=CARTESIAN_POINT('',(0.0628473142791463,0.10181107119707,0.0379048110502127));
#7209=CARTESIAN_POINT('',(0.0647300715863066,0.101285040684825,0.0387636175906019));
#7210=CARTESIAN_POINT('',(0.0647300715863065,0.101285040684825,0.0387636175906019));
#7211=CARTESIAN_POINT('',(0.0646260904329653,0.101314092362993,0.0387385294280604));
#7212=CARTESIAN_POINT('',(0.0645471288157597,0.101336153740627,0.0386355606266693));
#7213=CARTESIAN_POINT('',(0.0645471285202395,0.101336153823193,0.0385247165801475));
#7214=CARTESIAN_POINT('',(0.0645471285202386,0.101336153823193,0.0385247159020629));
#7215=CARTESIAN_POINT('',(0.0645471285202386,0.101336153823193,0.03877));
#7216=CARTESIAN_POINT('',(-0.0185258425183865,0.0857591449816136,0.03496));
#7217=CARTESIAN_POINT('',(0.0675860504816146,0.106206144981614,0.03496));
#7218=CARTESIAN_POINT('',(0.0675860504816146,0.106206144981614,0.03496));
#7219=CARTESIAN_POINT('',(0.0682210504816146,0.106587144981614,0.03496));
#7220=CARTESIAN_POINT('',(0.0682210504816146,0.0857591449816136,0.03496));
#7221=CARTESIAN_POINT('',(0.0682210504816146,0.0890047560906246,0.03496));
#7222=CARTESIAN_POINT('',(-0.0185258425183865,0.089004756090625,0.03496));
#7223=CARTESIAN_POINT('',(0.0643800138719622,0.089004756090625,0.03496));
#7224=CARTESIAN_POINT('',(0.0602141449816146,0.0857591449816151,0.03496));
#7225=CARTESIAN_POINT('',(0.0626096858705149,0.0904655065202244,0.03496));
#7226=CARTESIAN_POINT('',(0.0610500997976243,0.0874014903960945,0.03496));
#7227=CARTESIAN_POINT('',(0.0597120504816107,0.0905685280585811,0.03496));
#7228=CARTESIAN_POINT('',(0.0597120504816146,0.0857591449816136,0.03496));
#7229=CARTESIAN_POINT('',(0.0597120504816146,0.106206144981614,0.03496));
#7230=CARTESIAN_POINT('',(-0.0185258425183865,0.106206144981614,0.03496));
#7231=CARTESIAN_POINT('',(0.0603112062391552,0.0857591449816142,0.034198));
#7232=CARTESIAN_POINT('',(0.0603112062391552,0.106206144981614,0.034198));
#7233=CARTESIAN_POINT('',(0.0675860504816146,0.106206144981614,0.034198));
#7234=CARTESIAN_POINT('',(0.0597120504816146,0.106206144981614,0.034198));
#7235=CARTESIAN_POINT('',(0.0597120504816146,0.0857591449816142,0.034198));
#7236=CARTESIAN_POINT('',(0.0597120504816146,0.0893801638262465,0.034198));
#7237=CARTESIAN_POINT('',(0.0610500997976243,0.0874014903960945,0.034198));
#7238=CARTESIAN_POINT('',(0.0621336253253432,0.0895302216957294,0.034198));
#7239=CARTESIAN_POINT('',(0.0602141449816146,0.0857591449816151,0.034198));
#7240=CARTESIAN_POINT('',(0.062929183269147,0.089004756090625,0.034198));
#7241=CARTESIAN_POINT('',(0.0603112062391552,0.089004756090625,0.034198));
#7242=CARTESIAN_POINT('',(0.0661361356491492,0.089004756090625,0.034198));
#7243=CARTESIAN_POINT('',(0.0661361356491492,0.0857591449816142,0.034198));
#7244=CARTESIAN_POINT('',(0.0661361371386463,0.103994231638646,0.0341979999999995));
#7245=CARTESIAN_POINT('',(0.0688560504816146,0.106714144981614,0.034198));
#7246=CARTESIAN_POINT('',(0.0694910504816146,0.107349144981614,0.034198));
#7247=CARTESIAN_POINT('',(0.0688560504816146,0.106968144981614,0.034198));
#7248=CARTESIAN_POINT('',(0.0661361356491492,0.0857591449816142,0.0321130851675346));
#7249=CARTESIAN_POINT('',(0.0661361356491492,0.089004756090625,0.0321130851675346));
#7250=CARTESIAN_POINT('',(0.0680551936666313,0.106953940460442,0.032928));
#7251=CARTESIAN_POINT('',(0.0680551936666312,0.106321252157766,0.0329280000000001));
#7252=CARTESIAN_POINT('',(0.0679057147898657,0.105763809289865,0.0333259473279012));
#7253=CARTESIAN_POINT('',(0.0675296890850437,0.105387783585043,0.0336638522938114));
#7254=CARTESIAN_POINT('',(0.0675296890850438,0.105387783585043,0.0336638522938114));
#7255=CARTESIAN_POINT('',(0.0661361386281434,0.103994233128143,0.0341979999999989));
#7256=CARTESIAN_POINT('',(0.0666336096376781,0.104491704137678,0.0341979992891955));
#7257=CARTESIAN_POINT('',(0.0671596683648446,0.105017762864844,0.03399636104851));
#7258=CARTESIAN_POINT('',(0.0675296890850438,0.105387783585043,0.0336638522938114));
#7259=CARTESIAN_POINT('',(0.0602141449816146,0.0857591449816151,0.0366790466));
#7260=CARTESIAN_POINT('',(0.0643800138719622,0.089004756090625,0.03496));
#7261=CARTESIAN_POINT('',(0.063949511701996,0.0889542713709709,0.03496));
#7262=CARTESIAN_POINT('',(0.0631141025453425,0.0888413023815869,0.0351916125651512));
#7263=CARTESIAN_POINT('',(0.0624724801413135,0.0887318129388032,0.0358234055449722));
#7264=CARTESIAN_POINT('',(0.0623199995651229,0.0887055495363834,0.03623));
#7265=CARTESIAN_POINT('',(0.062609685870515,0.0904655065202244,0.0366790466));
#7266=CARTESIAN_POINT('',(0.0602141449816146,0.0857591449816151,0.0346470466));
#7267=CARTESIAN_POINT('',(0.062609685870515,0.0810527834430058,0.0346470466));
#7268=CARTESIAN_POINT('',(0.0619980702051326,0.0822543844915641,0.0335806496706468));
#7269=CARTESIAN_POINT('',(0.0602141449816146,0.0857591449816151,0.0335806496706468));
#7270=CARTESIAN_POINT('',(0.0627374452661187,0.0827427413421647,0.0335806496793044));
#7271=CARTESIAN_POINT('',(0.0627374452590927,0.0827427413273598,0.0335806496706468));
#7272=CARTESIAN_POINT('',(0.063176152217515,0.0826714143758568,0.0331555795279955));
#7273=CARTESIAN_POINT('',(0.0637698614337144,0.082585086066624,0.032928));
#7274=CARTESIAN_POINT('',(0.0643800138719615,0.0825135338726044,0.032928));
#7275=CARTESIAN_POINT('',(-0.0185258425183865,0.0857591449816136,0.03496));
#7276=CARTESIAN_POINT('',(-0.0185258425183865,0.0825135338726044,0.03496));
#7277=CARTESIAN_POINT('',(0.0643800138719615,0.0825135338726044,0.03496));
#7278=CARTESIAN_POINT('',(0.0682210504816146,0.082513560722097,0.0349600000018921));
#7279=CARTESIAN_POINT('',(0.0682210504816146,0.0857591449816136,0.03496));
#7280=CARTESIAN_POINT('',(0.0682210504816146,0.0649311449816142,0.03496));
#7281=CARTESIAN_POINT('',(0.0688560504816146,0.0645501449816142,0.03496));
#7282=CARTESIAN_POINT('',(0.0675860504816146,0.0653121449816142,0.03496));
#7283=CARTESIAN_POINT('',(-0.0185258425183865,0.0653121449816142,0.03496));
#7284=CARTESIAN_POINT('',(0.0597120504816146,0.0653121449816142,0.03496));
#7285=CARTESIAN_POINT('',(0.0597120504816146,0.0857591449816136,0.03496));
#7286=CARTESIAN_POINT('',(0.0597120504816145,0.0809497619046492,0.03496));
#7287=CARTESIAN_POINT('',(0.0610500997976243,0.0841167995671358,0.03496));
#7288=CARTESIAN_POINT('',(0.062609685870515,0.0810527834430059,0.03496));
#7289=CARTESIAN_POINT('',(0.0602141449816146,0.0857591449816151,0.03496));
#7290=CARTESIAN_POINT('',(0.0637760504816146,0.0641691449816142,0.03623));
#7291=CARTESIAN_POINT('',(0.0584689602797722,0.0641691449816142,0.03623));
#7292=CARTESIAN_POINT('',(0.0584689602797722,0.0641691449816142,0.035341));
#7293=CARTESIAN_POINT('',(0.0584689602797722,0.0641691449816142,0.035341));
#7294=CARTESIAN_POINT('',(0.0584689602797722,0.0641691449816142,0.0348993269911528));
#7295=CARTESIAN_POINT('',(0.0589327907213738,0.0641691449816142,0.0340955974170171));
#7296=CARTESIAN_POINT('',(0.0600561225903192,0.0641691449816142,0.0334068383599294));
#7297=CARTESIAN_POINT('',(0.0613048085191741,0.0641691449816142,0.0330144299401878));
#7298=CARTESIAN_POINT('',(0.0621655635422147,0.0641691449816142,0.032928));
#7299=CARTESIAN_POINT('',(0.0626014194089265,0.0641691449816142,0.032928));
#7300=CARTESIAN_POINT('',(0.0684503981878033,0.0641691449816142,0.032928));
#7301=CARTESIAN_POINT('',(0.0686956822857404,0.0641691449816142,0.032928));
#7302=CARTESIAN_POINT('',(0.0692791345795517,0.0641691449816142,0.0330778471713899));
#7303=CARTESIAN_POINT('',(0.0694910504816146,0.0641691449816142,0.0334904102448428));
#7304=CARTESIAN_POINT('',(0.0694910504816146,0.0641691449816142,0.0336638522938113));
#7305=CARTESIAN_POINT('',(0.0694910504816146,0.0641691449816142,0.0336638522938113));
#7306=CARTESIAN_POINT('',(0.0694910504816146,0.0641691449816142,0.03623));
#7307=CARTESIAN_POINT('',(0.0694910504816146,0.0641691449816142,0.03623));
#7308=CARTESIAN_POINT('',(0.0364741449816146,0.0307591449816152,0.03623));
#7309=CARTESIAN_POINT('',(0.0578849086529752,0.0645464088396009,0.03623));
#7310=CARTESIAN_POINT('',(0.05788490865673,0.0645464088372215,0.0353410001111111));
#7311=CARTESIAN_POINT('',(0.0364741449816146,0.0307591449816152,0.035341));
#7312=CARTESIAN_POINT('',(0.0364741449816124,0.140759144981612,0.03623));
#7313=CARTESIAN_POINT('',(0.0584689602797718,0.107349144981614,0.03623));
#7314=CARTESIAN_POINT('',(0.0584689602797716,0.107349144981614,0.035341));
#7315=CARTESIAN_POINT('',(0.0364741449816124,0.140759144981612,0.035341));
#7316=CARTESIAN_POINT('',(0.0578849086567299,0.106971881126007,0.0353410001111107));
#7317=CARTESIAN_POINT('',(0.0578849086529756,0.106971881123628,0.03623));
#7318=CARTESIAN_POINT('',(0.0637760504816146,0.107349144981614,0.03623));
#7319=CARTESIAN_POINT('',(0.0626014194089259,0.107349144981614,0.032928));
#7320=CARTESIAN_POINT('',(0.062165110026755,0.107349144981614,0.032928));
#7321=CARTESIAN_POINT('',(0.0613092901175212,0.107349144981614,0.0330138638026785));
#7322=CARTESIAN_POINT('',(0.0600587811947447,0.107349144981614,0.0334052141435654));
#7323=CARTESIAN_POINT('',(0.0589320067518835,0.107349144981614,0.0340960542912087));
#7324=CARTESIAN_POINT('',(0.0584689602797715,0.107349144981614,0.0348994017968499));
#7325=CARTESIAN_POINT('',(0.0584689602797715,0.107349144981614,0.035341));
#7326=CARTESIAN_POINT('',(0.0694910504816146,0.107349144981614,0.034198));
#7327=CARTESIAN_POINT('',(0.0694910504816146,0.107349144981614,0.032928));
#7328=CARTESIAN_POINT('',(0.0694910504816146,0.107349144981614,0.0336638522938113));
#7329=CARTESIAN_POINT('',(0.0694910504816146,0.107349144981614,0.0336638522938113));
#7330=CARTESIAN_POINT('',(0.0694910504816146,0.107349144981614,0.0334904102448428));
#7331=CARTESIAN_POINT('',(0.0692791345795517,0.107349144981614,0.0330778471713899));
#7332=CARTESIAN_POINT('',(0.0686956822857404,0.107349144981614,0.032928));
#7333=CARTESIAN_POINT('',(0.0684503981878033,0.107349144981614,0.032928));
#7334=CARTESIAN_POINT('',(-0.0185258425183865,0.0857591449816136,0.03496));
#7335=CARTESIAN_POINT('',(0.0610500997976243,0.0841167995671358,0.03496));
#7336=CARTESIAN_POINT('',(0.0576120038816146,0.0841167995671358,0.03496));
#7337=CARTESIAN_POINT('',(0.0576175375378063,0.0839218127891153,0.03496));
#7338=CARTESIAN_POINT('',(0.0602141449816146,0.0857591449816152,0.03496));
#7339=CARTESIAN_POINT('',(0.0576175375351325,0.0875964771695523,0.03496));
#7340=CARTESIAN_POINT('',(0.0610500997976243,0.0874014903960945,0.03496));
#7341=CARTESIAN_POINT('',(0.0576120038816146,0.0874014903960945,0.03496));
#7342=CARTESIAN_POINT('',(0.0576120038816146,0.0857591449816136,0.03496));
#7343=CARTESIAN_POINT('',(0.0688560504816146,0.106968144981614,0.034198));
#7344=CARTESIAN_POINT('',(0.0675860504816146,0.106206144981614,0.03496));
#7345=CARTESIAN_POINT('',(0.0677357214169658,0.106295947542825,0.03496));
#7346=CARTESIAN_POINT('',(0.0680917406260459,0.106509559068273,0.0348775560290836));
#7347=CARTESIAN_POINT('',(0.068285705409399,0.106625937938285,0.034579));
#7348=CARTESIAN_POINT('',(0.0680917406260459,0.106509559068273,0.0342804439709164));
#7349=CARTESIAN_POINT('',(0.0677357214169658,0.106295947542825,0.034198));
#7350=CARTESIAN_POINT('',(0.0675860504816146,0.106206144981614,0.034198));
#7351=CARTESIAN_POINT('',(0.0694910504816146,0.107349144981614,0.03623));
#7352=CARTESIAN_POINT('',(0.0694910504816146,0.107349144981614,0.0359306581292977));
#7353=CARTESIAN_POINT('',(0.0692324307704773,0.107193973154932,0.0352186197111373));
#7354=CARTESIAN_POINT('',(0.0685203923523169,0.106766750104035,0.03496));
#7355=CARTESIAN_POINT('',(0.0682210504816146,0.106587144981614,0.03496));
#7356=CARTESIAN_POINT('',(0.0593310504816146,0.106333144981614,0.034198));
#7357=CARTESIAN_POINT('',(0.0593310504816146,0.089209842721928,0.034198));
#7358=CARTESIAN_POINT('',(0.0593310504887148,0.0892098427220962,0.0345662027984077));
#7359=CARTESIAN_POINT('',(0.0593310504816146,0.0892099635540928,0.0349479164116653));
#7360=CARTESIAN_POINT('',(0.0593310504816146,0.089209842721928,0.0345662027985233));
#7361=CARTESIAN_POINT('',(0.0593310504816146,0.0892663039349614,0.0345746275174603));
#7362=CARTESIAN_POINT('',(0.0593310504816146,0.0893230696157578,0.034579));
#7363=CARTESIAN_POINT('',(0.0593310504816146,0.0893801638262465,0.034579));
#7364=CARTESIAN_POINT('',(0.0593310504816146,0.0893801638262465,0.034579));
#7365=CARTESIAN_POINT('',(0.0593310504816146,0.106333144981614,0.034579));
#7366=CARTESIAN_POINT('',(0.0593310504816146,0.0905685280585811,0.0345790000002226));
#7367=CARTESIAN_POINT('',(0.0593310504816146,0.0905685280585811,0.034579));
#7368=CARTESIAN_POINT('',(0.0593310504816146,0.0900905647000073,0.034579));
#7369=CARTESIAN_POINT('',(0.0593310504816146,0.0896275445398484,0.0347171912555309));
#7370=CARTESIAN_POINT('',(0.0593310504816146,0.089209842721928,0.0349476960051133));
#7371=CARTESIAN_POINT('',(0.0602141449816146,0.0857591449816152,0.034198));
#7372=CARTESIAN_POINT('',(0.0593310504816146,0.089209842721928,0.0349479164116653));
#7373=CARTESIAN_POINT('',(0.0593310504816147,0.089209842721928,0.0349675046534309));
#7374=CARTESIAN_POINT('',(0.0593321782999972,0.089210132003999,0.0349870215749638));
#7375=CARTESIAN_POINT('',(0.0593345251111524,0.0892107300775412,0.0350064614693947));
#7376=CARTESIAN_POINT('',(0.0593345519950603,0.0892098960771454,0.0350064838821767));
#7377=CARTESIAN_POINT('',(0.0593345457303043,0.0892107353321673,0.0350061416325358));
#7378=CARTESIAN_POINT('',(0.0585551052394544,0.089012103628355,0.0347005855134682));
#7379=CARTESIAN_POINT('',(0.0578035012060207,0.0885189013556735,0.034579));
#7380=CARTESIAN_POINT('',(0.057306523128355,0.0878165477009138,0.034579));
#7381=CARTESIAN_POINT('',(0.057306523128355,0.0878165477009138,0.0345790000115754));
#7382=CARTESIAN_POINT('',(0.0602141449816146,0.0857591449816152,0.034579));
#7383=CARTESIAN_POINT('',(0.0589225590749822,0.0890786293748183,0.0345789999999944));
#7384=CARTESIAN_POINT('',(0.0589225590749822,0.0890786293748183,0.034579));
#7385=CARTESIAN_POINT('',(0.0590569760353881,0.0891309299827163,0.034579));
#7386=CARTESIAN_POINT('',(0.0591933335717762,0.0891746187048949,0.0345683895201319));
#7387=CARTESIAN_POINT('',(0.0593315240776323,0.0892099638888869,0.0345470165366754));
#7388=CARTESIAN_POINT('',(0.0593315286428879,0.0892099462877869,0.0345470163510029));
#7389=CARTESIAN_POINT('',(0.0593315288187608,0.0892099651015286,0.0345470165987067));
#7390=CARTESIAN_POINT('',(0.0593312114232187,0.0892098839212799,0.0345534078031003));
#7391=CARTESIAN_POINT('',(0.0593310522231018,0.0892098431676054,0.0345598032092506));
#7392=CARTESIAN_POINT('',(0.0593310504958151,0.0892098427255622,0.0345662027984098));
#7393=CARTESIAN_POINT('',(0.0593310504816146,0.0738737961114583,0.034198));
#7394=CARTESIAN_POINT('',(0.0593310504816146,0.0823084472413023,0.0349476960051133));
#7395=CARTESIAN_POINT('',(0.0593310504816146,0.0818907454233819,0.0347171912555308));
#7396=CARTESIAN_POINT('',(0.0593310504816146,0.0814277252632229,0.034579));
#7397=CARTESIAN_POINT('',(0.0593310504816146,0.0809497619046492,0.034579));
#7398=CARTESIAN_POINT('',(0.0593310504816146,0.0809497619046492,0.0345790000004354));
#7399=CARTESIAN_POINT('',(0.0593310504816146,0.0738737961114583,0.034579));
#7400=CARTESIAN_POINT('',(0.0593310504816146,0.0821381261369838,0.0345789999999936));
#7401=CARTESIAN_POINT('',(0.0593310504816146,0.0821381261369838,0.034579));
#7402=CARTESIAN_POINT('',(0.0593310504816146,0.0821952203474725,0.034579));
#7403=CARTESIAN_POINT('',(0.0593310504816146,0.0822519860282689,0.0345746275174606));
#7404=CARTESIAN_POINT('',(0.0593310504816146,0.0823084472413023,0.0345662027985234));
#7405=CARTESIAN_POINT('',(0.0688560504816146,0.0645501449816142,0.034198));
#7406=CARTESIAN_POINT('',(0.0682210504816146,0.0649311449816142,0.03496));
#7407=CARTESIAN_POINT('',(0.0685203923523169,0.0647515398591928,0.03496));
#7408=CARTESIAN_POINT('',(0.0692324307704773,0.0643243168082966,0.0352186197111373));
#7409=CARTESIAN_POINT('',(0.0694910504816146,0.0641691449816142,0.0359306581292977));
#7410=CARTESIAN_POINT('',(0.0694910504816146,0.0641691449816142,0.03623));
#7411=CARTESIAN_POINT('',(0.0675860504816146,0.0653121449816142,0.034198));
#7412=CARTESIAN_POINT('',(0.0677357214169658,0.0652223424204035,0.034198));
#7413=CARTESIAN_POINT('',(0.0680917406260459,0.0650087308949554,0.0342804439709164));
#7414=CARTESIAN_POINT('',(0.068285705409399,0.0648923520249436,0.034579));
#7415=CARTESIAN_POINT('',(0.0680917406260459,0.0650087308949554,0.0348775560290836));
#7416=CARTESIAN_POINT('',(0.0677357214169658,0.0652223424204035,0.03496));
#7417=CARTESIAN_POINT('',(0.0675860504816146,0.0653121449816142,0.03496));
#7418=CARTESIAN_POINT('',(0.0688560504816146,0.0648041449816142,0.032928));
#7419=CARTESIAN_POINT('',(0.0688560504816146,0.0648041449816142,0.0336638522938113));
#7420=CARTESIAN_POINT('',(0.0675296890850438,0.066130506378185,0.0336638522938113));
#7421=CARTESIAN_POINT('',(0.0675296890850438,0.066130506378185,0.0336638522938113));
#7422=CARTESIAN_POINT('',(0.0671596676751759,0.0665005277880529,0.0339963616682614));
#7423=CARTESIAN_POINT('',(0.0666336075859032,0.0670265878773255,0.034198));
#7424=CARTESIAN_POINT('',(0.0661361356491492,0.0675240598140796,0.034198));
#7425=CARTESIAN_POINT('',(0.0688560504816146,0.106714144981614,0.032928));
#7426=CARTESIAN_POINT('',(0.0688560504816146,0.106714144981614,0.0336638522938114));
#7427=CARTESIAN_POINT('',(0.0661361356491492,0.0857591449816142,0.0321130851675346));
#7428=CARTESIAN_POINT('',(0.0661361356491492,0.0825135338726044,0.0321130851675346));
#7429=CARTESIAN_POINT('',(0.0675296890850438,0.066130506378185,0.0336638522938113));
#7430=CARTESIAN_POINT('',(0.0677179840929883,0.0659422113702405,0.0334946462596901));
#7431=CARTESIAN_POINT('',(0.0679825251913218,0.0654955641340918,0.0331243972762232));
#7432=CARTESIAN_POINT('',(0.0680551936666324,0.0648815120848811,0.0329279999999993));
#7433=CARTESIAN_POINT('',(0.0680551936666326,0.0645643495027869,0.0329279999999989));
#7434=CARTESIAN_POINT('',(0.0535858022134792,0.0790337409559381,0.0336638522938113));
#7435=CARTESIAN_POINT('',(0.0535858022134792,0.0924845490072903,0.0336638522938113));
#7436=CARTESIAN_POINT('',(0.0616796849976238,0.0697756386953133,0.03877));
#7437=CARTESIAN_POINT('',(0.0632176044689758,0.0677401759124976,0.03877));
#7438=CARTESIAN_POINT('',(0.063592540799152,0.0680234637660331,0.03877));
#7439=CARTESIAN_POINT('',(0.0639674771293282,0.0683067516195686,0.03877));
#7440=CARTESIAN_POINT('',(0.0629548201760724,0.0696470204558163,0.03877));
#7441=CARTESIAN_POINT('',(0.0645471285202371,0.0701821361400367,0.03877));
#7442=CARTESIAN_POINT('',(0.064547128520237,0.0701821361400366,0.0385247172574526));
#7443=CARTESIAN_POINT('',(0.0645471285202372,0.0701821361400366,0.04004));
#7444=CARTESIAN_POINT('',(0.064547128520237,0.0701821361400366,0.0389986));
#7445=CARTESIAN_POINT('',(0.0645471285202368,0.0701821361400365,0.0389986));
#7446=CARTESIAN_POINT('',(0.0645471285202368,0.0701821361400365,0.038877786217547));
#7447=CARTESIAN_POINT('',(0.0645824631941144,0.070079651823616,0.0387699999999992));
#7448=CARTESIAN_POINT('',(0.0646050429327487,0.0699609623481182,0.038769999999999));
#7449=CARTESIAN_POINT('',(0.110898603326986,0.0857591449816128,0.03877));
#7450=CARTESIAN_POINT('',(0.0631856409854225,0.0750551435894326,0.03877));
#7451=CARTESIAN_POINT('',(0.0631856409854225,0.0750551435894326,0.0385247159020629));
#7452=CARTESIAN_POINT('',(0.0586127798533482,0.0740292606946839,0.0385247159020629));
#7453=CARTESIAN_POINT('',(0.0631858028863441,0.0750544217973813,0.0385247158993223));
#7454=CARTESIAN_POINT('',(0.110898603326986,0.0857591449816128,0.0385247159020629));
#7455=CARTESIAN_POINT('',(0.0586127798533482,0.0740292606946839,0.03877));
#7456=CARTESIAN_POINT('',(0.0631303435262152,0.0752763024375964,0.03877));
#7457=CARTESIAN_POINT('',(0.0631624816732418,0.0751598780064611,0.03877));
#7458=CARTESIAN_POINT('',(0.0631858028555172,0.0750544217886667,0.038877821086233));
#7459=CARTESIAN_POINT('',(0.0631858028555172,0.0750544217886667,0.0389986));
#7460=CARTESIAN_POINT('',(0.0631858028555161,0.0750544217886672,0.0389986));
#7461=CARTESIAN_POINT('',(0.0631858028555162,0.0750544217886669,0.03877));
#7462=CARTESIAN_POINT('',(0.0586127798533483,0.0974890292685408,0.03877));
#7463=CARTESIAN_POINT('',(0.0631856409854227,0.0964631463737927,0.03877));
#7464=CARTESIAN_POINT('',(0.0631856409854227,0.0964631463737927,0.0385247159020629));
#7465=CARTESIAN_POINT('',(0.0586127798533483,0.0974890292685408,0.0385247159020629));
#7466=CARTESIAN_POINT('',(0.063185802886345,0.0964638681658485,0.0385247159020629));
#7467=CARTESIAN_POINT('',(0.0631858028555172,0.0964638681745625,0.04004));
#7468=CARTESIAN_POINT('',(0.0631858028555172,0.0964638681745625,0.0389986));
#7469=CARTESIAN_POINT('',(0.0631858028555173,0.0964638681745625,0.0389986));
#7470=CARTESIAN_POINT('',(0.0631858028555173,0.0964638681745625,0.0388778212179246));
#7471=CARTESIAN_POINT('',(0.063162481474297,0.0963584112360617,0.038769999999999));
#7472=CARTESIAN_POINT('',(0.0631303435262168,0.0962419875256338,0.0387699999999988));
#7473=CARTESIAN_POINT('',(0.110898603326983,0.0857591449816127,0.03877));
#7474=CARTESIAN_POINT('',(0.0645471285202386,0.101336153823193,0.03877));
#7475=CARTESIAN_POINT('',(0.110898603326983,0.0857591449816127,0.0385247159020629));
#7476=CARTESIAN_POINT('',(0.0629548201760724,0.101871269507408,0.03877));
#7477=CARTESIAN_POINT('',(0.0639674771293285,0.103211538343656,0.03877));
#7478=CARTESIAN_POINT('',(0.0646050429327498,0.101557327615112,0.03877));
#7479=CARTESIAN_POINT('',(0.0645824648904626,0.101438647056391,0.0387700000000002));
#7480=CARTESIAN_POINT('',(0.0645471285202388,0.101336153823193,0.0388777924056643));
#7481=CARTESIAN_POINT('',(0.0645471285202388,0.101336153823193,0.0389986));
#7482=CARTESIAN_POINT('',(0.063592540799152,0.103494826197192,0.03877));
#7483=CARTESIAN_POINT('',(0.0632176044689757,0.103778114050727,0.03877));
#7484=CARTESIAN_POINT('',(0.0616796849976238,0.101742651267911,0.03877));
#7485=CARTESIAN_POINT('',(0.0591765129714504,0.104933664431395,0.03623));
#7486=CARTESIAN_POINT('',(0.0578849086529755,0.106971881123628,0.035341));
#7487=CARTESIAN_POINT('',(0.0576801585956714,0.106842132378448,0.0352246002283285));
#7488=CARTESIAN_POINT('',(0.0574946161906431,0.106681185042298,0.0351079743350768));
#7489=CARTESIAN_POINT('',(0.0573361440975807,0.106494308980321,0.0349958797623124));
#7490=CARTESIAN_POINT('',(0.0594814908649783,0.104404484652964,0.03532055428245));
#7491=CARTESIAN_POINT('',(0.0576592241415178,0.106708432897229,0.0346100688200615));
#7492=CARTESIAN_POINT('',(0.0575287962016267,0.106647365229055,0.0347465638687805));
#7493=CARTESIAN_POINT('',(0.0574200560967896,0.106575730065739,0.0348758105736812));
#7494=CARTESIAN_POINT('',(0.0573292605727778,0.106501014356915,0.0349948380167621));
#7495=CARTESIAN_POINT('',(0.0576651282377746,0.106700853520959,0.0346123190071778));
#7496=CARTESIAN_POINT('',(0.0578855545699121,0.106970842532331,0.0353409918227264));
#7497=CARTESIAN_POINT('',(0.0577864077481285,0.106911220380552,0.0350855681096624));
#7498=CARTESIAN_POINT('',(0.0577121405839461,0.106821529308933,0.0348410593272207));
#7499=CARTESIAN_POINT('',(0.0576591786398344,0.106708375417632,0.0346099991371477));
#7500=CARTESIAN_POINT('',(0.0576651486525511,0.10670090122708,0.0346124128315475));
#7501=CARTESIAN_POINT('',(0.0575985157118793,0.106681733737458,0.0346721709521608));
#7502=CARTESIAN_POINT('',(0.0575361337223621,0.106654232472953,0.0347356634820066));
#7503=CARTESIAN_POINT('',(0.0574246511484974,0.106583945583233,0.0348658244039718));
#7504=CARTESIAN_POINT('',(0.0573757731980157,0.106541041058416,0.0349324376002701));
#7505=CARTESIAN_POINT('',(0.0573346463965255,0.106492542836706,0.0349982774294799));
#7506=CARTESIAN_POINT('',(0.057573967108002,0.106487806881216,0.0341932452232391));
#7507=CARTESIAN_POINT('',(0.0574939797690406,0.106486631780074,0.0342846854858155));
#7508=CARTESIAN_POINT('',(0.0574202537884936,0.106472869994215,0.0343841812876723));
#7509=CARTESIAN_POINT('',(0.0572939088996346,0.106421092576936,0.034590154916544));
#7510=CARTESIAN_POINT('',(0.0572416645243274,0.106382895227595,0.0346964913066942));
#7511=CARTESIAN_POINT('',(0.0572017254411494,0.106335797606586,0.0348011375999315));
#7512=CARTESIAN_POINT('',(0.0574579519895521,0.106214420012581,0.0339500803854083));
#7513=CARTESIAN_POINT('',(0.0573616008390507,0.106235905033576,0.0340532008841414));
#7514=CARTESIAN_POINT('',(0.057273129780321,0.106240461221401,0.034172189201341));
#7515=CARTESIAN_POINT('',(0.0571274971415858,0.106213423803349,0.0344244537265868));
#7516=CARTESIAN_POINT('',(0.0570709496898616,0.106181582079224,0.0345573602653855));
#7517=CARTESIAN_POINT('',(0.0570326437740061,0.106136410348567,0.0346868592751204));
#7518=CARTESIAN_POINT('',(0.0572229776354454,0.105654976066339,0.0335532343104325));
#7519=CARTESIAN_POINT('',(0.0570950873911961,0.105719538645238,0.0336661022177837));
#7520=CARTESIAN_POINT('',(0.0569753317336906,0.105763055020267,0.0338137112726652));
#7521=CARTESIAN_POINT('',(0.0567893000269795,0.105790133114538,0.0341448527039588));
#7522=CARTESIAN_POINT('',(0.0567245355061842,0.105773077861189,0.0343268098482027));
#7523=CARTESIAN_POINT('',(0.056690754658359,0.105733242255496,0.034500488402609));
#7524=CARTESIAN_POINT('',(0.0571040183997888,0.105368918988731,0.0333995530732875));
#7525=CARTESIAN_POINT('',(0.0569612076327956,0.105454490493096,0.0335102819404975));
#7526=CARTESIAN_POINT('',(0.0568251593623392,0.105518843639743,0.0336669894499779));
#7527=CARTESIAN_POINT('',(0.0566180763266162,0.105575210656432,0.0340307680192904));
#7528=CARTESIAN_POINT('',(0.056549193435153,0.105566308106964,0.0342352963505406));
#7529=CARTESIAN_POINT('',(0.0565179337072547,0.105529445497686,0.0344283994120499));
#7530=CARTESIAN_POINT('',(0.0567391474329314,0.104484136567163,0.0330401901640376));
#7531=CARTESIAN_POINT('',(0.0565538908215813,0.104628612713749,0.0331280873954186));
#7532=CARTESIAN_POINT('',(0.0563659450884376,0.104759367165335,0.0332976503860995));
#7533=CARTESIAN_POINT('',(0.0560919537971677,0.1049125733487,0.0337441829393801));
#7534=CARTESIAN_POINT('',(0.0560112913831171,0.104931994422635,0.0340138507915867));
#7535=CARTESIAN_POINT('',(0.0559894112743648,0.104906192601758,0.0342601106801045));
#7536=CARTESIAN_POINT('',(0.0564872281717795,0.103863419431211,0.032928));
#7537=CARTESIAN_POINT('',(0.056277052834185,0.104041649461325,0.032979196733289));
#7538=CARTESIAN_POINT('',(0.0560508674917588,0.104222166597695,0.0331391328674654));
#7539=CARTESIAN_POINT('',(0.0557278090734874,0.104451106783196,0.033622255338676));
#7540=CARTESIAN_POINT('',(0.0556398883554083,0.104494022449841,0.0339324639580256));
#7541=CARTESIAN_POINT('',(0.0556265535070766,0.104478297511224,0.0342080353965391));
#7542=CARTESIAN_POINT('',(0.0562329955487737,0.103229817872475,0.032928));
#7543=CARTESIAN_POINT('',(0.0560032966124765,0.103424604036225,0.032928));
#7544=CARTESIAN_POINT('',(0.0557339476752446,0.103653013653785,0.0330537741927254));
#7545=CARTESIAN_POINT('',(0.0553553025614362,0.103974107126531,0.0335552833643805));
#7546=CARTESIAN_POINT('',(0.0552643803520005,0.104051209740331,0.033907797796477));
#7547=CARTESIAN_POINT('',(0.0552643803520005,0.104051209740331,0.0342089676006151));
#7548=CARTESIAN_POINT('',(0.0562329955487737,0.103229817872475,0.032928));
#7549=CARTESIAN_POINT('',(0.0565002173675381,0.103895791258777,0.032928));
#7550=CARTESIAN_POINT('',(0.0569040248219455,0.104890034623916,0.0331194122493348));
#7551=CARTESIAN_POINT('',(0.0573944296536455,0.106065681300379,0.0337860110322746));
#7552=CARTESIAN_POINT('',(0.0575961389323858,0.106539620906843,0.0342952089292093));
#7553=CARTESIAN_POINT('',(0.057665128241177,0.106700853524601,0.0346123190045858));
#7554=CARTESIAN_POINT('',(0.0364741449816124,0.140759144981612,0.035341));
#7555=CARTESIAN_POINT('',(0.05917651297145,0.0665846255318339,0.03623));
#7556=CARTESIAN_POINT('',(0.0573361440975806,0.0650239809829078,0.0349958797623115));
#7557=CARTESIAN_POINT('',(0.0574946161906429,0.0648371049209311,0.0351079743350793));
#7558=CARTESIAN_POINT('',(0.0576801585956947,0.0646761575847658,0.0352246002282699));
#7559=CARTESIAN_POINT('',(0.0578849086529751,0.0645464088396009,0.035341));
#7560=CARTESIAN_POINT('',(0.0573346463932395,0.0650257471303971,0.03499827743474));
#7561=CARTESIAN_POINT('',(0.0573757731952772,0.0649772489080414,0.0349324376046534));
#7562=CARTESIAN_POINT('',(0.0574246511457034,0.0649343443820683,0.0348658244074792));
#7563=CARTESIAN_POINT('',(0.0575361337207021,0.0648640574910104,0.0347356634836981));
#7564=CARTESIAN_POINT('',(0.0575985157109918,0.0648365562260257,0.0346721709529562));
#7565=CARTESIAN_POINT('',(0.0576651486525509,0.0648173887361485,0.0346124128315472));
#7566=CARTESIAN_POINT('',(0.0572017254379482,0.0651824923604187,0.0348011376083215));
#7567=CARTESIAN_POINT('',(0.0572416645216419,0.0651353947387747,0.0346964913137001));
#7568=CARTESIAN_POINT('',(0.0572939088965095,0.0650971973879898,0.034590154922168));
#7569=CARTESIAN_POINT('',(0.0574202537864841,0.065045419969381,0.0343841812903915));
#7570=CARTESIAN_POINT('',(0.057493979767926,0.0650316581831646,0.0342846854871089));
#7571=CARTESIAN_POINT('',(0.0575739671079582,0.0650304830820091,0.0341932452233229));
#7572=CARTESIAN_POINT('',(0.0570326437709427,0.0653818796182749,0.0346868592854744));
#7573=CARTESIAN_POINT('',(0.0570709496873041,0.0653367078870136,0.0345573602740179));
#7574=CARTESIAN_POINT('',(0.0571274971381066,0.0653048661610689,0.0344244537335011));
#7575=CARTESIAN_POINT('',(0.057273129777959,0.0652778287417176,0.0341721892045361));
#7576=CARTESIAN_POINT('',(0.0573616008377544,0.0652823849293653,0.0340532008855355));
#7577=CARTESIAN_POINT('',(0.0574579519895404,0.0653038699506469,0.0339500803854308));
#7578=CARTESIAN_POINT('',(0.0566907546556626,0.0657850477109125,0.034500488416477));
#7579=CARTESIAN_POINT('',(0.0567245355039418,0.0657452121046901,0.0343268098597553));
#7580=CARTESIAN_POINT('',(0.0567893000227285,0.0657281568487371,0.034144852713206));
#7581=CARTESIAN_POINT('',(0.0569753317305328,0.0657552349418351,0.0338137112766138));
#7582=CARTESIAN_POINT('',(0.0570950873895059,0.0657987513171321,0.0336661022192657));
#7583=CARTESIAN_POINT('',(0.0572229776354566,0.0658633138968905,0.0335532343104101));
#7584=CARTESIAN_POINT('',(0.0565179337047578,0.0659888444684869,0.0344283994274755));
#7585=CARTESIAN_POINT('',(0.0565491934330732,0.0659519818587179,0.0342352963633942));
#7586=CARTESIAN_POINT('',(0.0566180763219437,0.0659430793062151,0.0340307680295854));
#7587=CARTESIAN_POINT('',(0.0568251593587438,0.0659994463218143,0.0336669894542061));
#7588=CARTESIAN_POINT('',(0.0569612076308962,0.0660637994689926,0.0335102819419663));
#7589=CARTESIAN_POINT('',(0.0571040183997904,0.0661493709744963,0.0333995530732815));
#7590=CARTESIAN_POINT('',(0.0559894112726149,0.0666120973635339,0.0342601106997833));
#7591=CARTESIAN_POINT('',(0.0560112913816569,0.0665862955423122,0.0340138508079879));
#7592=CARTESIAN_POINT('',(0.056091953791182,0.0666057166118192,0.0337441829525312));
#7593=CARTESIAN_POINT('',(0.0563659450834684,0.0667589227944855,0.0332976503908034));
#7594=CARTESIAN_POINT('',(0.0565538908191096,0.0668896772475585,0.0331280873966004));
#7595=CARTESIAN_POINT('',(0.0567391474329275,0.0670341533960696,0.0330401901640496));
#7596=CARTESIAN_POINT('',(0.0556265535060153,0.0670399924532575,0.0342080354185555));
#7597=CARTESIAN_POINT('',(0.055639888354517,0.0670242675144236,0.0339324639763744));
#7598=CARTESIAN_POINT('',(0.0557278090665417,0.0670671831755783,0.0336222553533995));
#7599=CARTESIAN_POINT('',(0.0560508674857569,0.0672961233607804,0.0331391328720516));
#7600=CARTESIAN_POINT('',(0.0562770528313517,0.06747664049948,0.0329791967339742));
#7601=CARTESIAN_POINT('',(0.0564872281717443,0.0676548705319629,0.032928));
#7602=CARTESIAN_POINT('',(0.0552643803520005,0.067467080222897,0.0342089676246767));
#7603=CARTESIAN_POINT('',(0.0552643803520005,0.067467080222897,0.0339077978165283));
#7604=CARTESIAN_POINT('',(0.0553553025534803,0.0675441828299507,0.0335552833804842));
#7605=CARTESIAN_POINT('',(0.0557339476680749,0.0678652763033625,0.0330537741966554));
#7606=CARTESIAN_POINT('',(0.0560032966094179,0.0680936859244091,0.032928));
#7607=CARTESIAN_POINT('',(0.0562329955487737,0.0682884720907531,0.032928));
#7608=CARTESIAN_POINT('',(0.0573292605725499,0.0650172756061698,0.0349948380168291));
#7609=CARTESIAN_POINT('',(0.057420056099194,0.0649425598955852,0.0348758105705018));
#7610=CARTESIAN_POINT('',(0.0575287962073662,0.0648709247305447,0.0347465638620137));
#7611=CARTESIAN_POINT('',(0.0576592241514602,0.0648098570610667,0.0346100688094652));
#7612=CARTESIAN_POINT('',(0.0576651282284655,0.064817436463269,0.0346123189664222));
#7613=CARTESIAN_POINT('',(0.057665128232274,0.0648174364594404,0.0346123189636471));
#7614=CARTESIAN_POINT('',(0.0575961414173557,0.0649786632978619,0.0342952202394092));
#7615=CARTESIAN_POINT('',(0.0573946011016759,0.0654521823060445,0.0337859698462112));
#7616=CARTESIAN_POINT('',(0.0569020708513597,0.0666329925798385,0.0331175303632585));
#7617=CARTESIAN_POINT('',(0.0565003133074401,0.0676222596018883,0.032928));
#7618=CARTESIAN_POINT('',(0.0562329955487737,0.0682884720907531,0.032928));
#7619=CARTESIAN_POINT('',(0.0594814909016946,0.0671138053596629,0.0353205542872915));
#7620=CARTESIAN_POINT('',(0.0576591786302175,0.0648099145656054,0.0346099990958408));
#7621=CARTESIAN_POINT('',(0.0577121405764082,0.0646967606639339,0.0348410593004294));
#7622=CARTESIAN_POINT('',(0.0577864077437227,0.064607069586201,0.0350855680971764));
#7623=CARTESIAN_POINT('',(0.0578855545699727,0.0645474474309921,0.0353409918227283));
#7624=CARTESIAN_POINT('',(0.0364741449816146,0.0307591449816152,0.035341));
#7625=CARTESIAN_POINT('',(0.0610500997976243,0.0874014903960945,0.0366790466));
#7626=CARTESIAN_POINT('',(0.0576175375351358,0.08759647716955,0.03496));
#7627=CARTESIAN_POINT('',(0.0580503986864366,0.0883351688596102,0.03496));
#7628=CARTESIAN_POINT('',(0.0587769418653842,0.0888631031680799,0.0351074709674422));
#7629=CARTESIAN_POINT('',(0.0595393852989295,0.089093567399252,0.0354193637700951));
#7630=CARTESIAN_POINT('',(0.0595393849455497,0.0890935675880851,0.0354193640332758));
#7631=CARTESIAN_POINT('',(0.0595393852989295,0.089093567399252,0.0354193637700951));
#7632=CARTESIAN_POINT('',(0.0596117438527825,0.0895421854296953,0.0351533572539201));
#7633=CARTESIAN_POINT('',(0.0596715081784937,0.0900411507647818,0.03496));
#7634=CARTESIAN_POINT('',(0.0597120504816146,0.0905685280585811,0.03496));
#7635=CARTESIAN_POINT('',(0.0576120038816146,0.0874014903960945,0.0366790466));
#7636=CARTESIAN_POINT('',(0.0576120038816146,0.0857591449816151,0.0366790466));
#7637=CARTESIAN_POINT('',(0.0576120038816146,0.0841167995671358,0.0366790466));
#7638=CARTESIAN_POINT('',(0.0602141449816146,0.0857591449816151,0.0366790466));
#7639=CARTESIAN_POINT('',(0.0623199995651217,0.082812740426846,0.03623));
#7640=CARTESIAN_POINT('',(0.0624724801413124,0.0827864770244262,0.0358234055449721));
#7641=CARTESIAN_POINT('',(0.0631141025453417,0.0826769875816424,0.0351916125651512));
#7642=CARTESIAN_POINT('',(0.0639495117019952,0.0825640185922585,0.03496));
#7643=CARTESIAN_POINT('',(0.0643800138719615,0.0825135338726044,0.03496));
#7644=CARTESIAN_POINT('',(0.062609685870515,0.0810527834430059,0.0366790466));
#7645=CARTESIAN_POINT('',(0.0610500997976243,0.0841167995671358,0.0366790466));
#7646=CARTESIAN_POINT('',(0.0597120504816146,0.0809497619046492,0.03496));
#7647=CARTESIAN_POINT('',(0.0596715081784937,0.0814771391984483,0.03496));
#7648=CARTESIAN_POINT('',(0.059611743852783,0.0819761045335347,0.0351533572539202));
#7649=CARTESIAN_POINT('',(0.0595393852989294,0.0824247225639783,0.0354193637700952));
#7650=CARTESIAN_POINT('',(0.0595393849881817,0.0824247223794564,0.0354193640626232));
#7651=CARTESIAN_POINT('',(0.0595393852989294,0.0824247225639783,0.0354193637700952));
#7652=CARTESIAN_POINT('',(0.0587769418653837,0.0826551867951508,0.0351074709674421));
#7653=CARTESIAN_POINT('',(0.0580503986864365,0.08318312110362,0.03496));
#7654=CARTESIAN_POINT('',(0.0576175375351358,0.0839218127936803,0.03496));
#7655=CARTESIAN_POINT('',(0.0576120038816146,0.0857591449816142,0.0346470466));
#7656=CARTESIAN_POINT('',(0.0576120038816146,0.0874014903960945,0.0346470466));
#7657=CARTESIAN_POINT('',(0.0589603060740171,0.0874014903960945,0.0335806496706468));
#7658=CARTESIAN_POINT('',(0.0589603060740172,0.0857591449816142,0.0335806496706468));
#7659=CARTESIAN_POINT('',(0.0589603060740171,0.0841167995671358,0.0335806496706468));
#7660=CARTESIAN_POINT('',(0.0576120038816146,0.0841167995671358,0.0346470466));
#7661=CARTESIAN_POINT('',(0.0610500997976243,0.0841167995671358,0.0346470466));
#7662=CARTESIAN_POINT('',(0.0610500997976243,0.0841167995671358,0.0335806496706468));
#7663=CARTESIAN_POINT('',(0.0610500997976243,0.0874014903960945,0.0346470466));
#7664=CARTESIAN_POINT('',(0.062609685870515,0.0904655065202244,0.0346470466));
#7665=CARTESIAN_POINT('',(0.0619980702051325,0.0892639054716662,0.0335806496706468));
#7666=CARTESIAN_POINT('',(0.0610500997976243,0.0874014903960945,0.0335806496706468));
#7667=CARTESIAN_POINT('',(0.0602141449816146,0.0857591449816151,0.0346470466));
#7668=CARTESIAN_POINT('',(0.0643800138719622,0.089004756090625,0.032928));
#7669=CARTESIAN_POINT('',(0.0637698614337154,0.0889332038966056,0.032928));
#7670=CARTESIAN_POINT('',(0.0631761522175159,0.0888468755873725,0.0331555795279955));
#7671=CARTESIAN_POINT('',(0.0627374452590937,0.0887755486358697,0.0335806496706468));
#7672=CARTESIAN_POINT('',(0.0627374452590963,0.0887755486358664,0.0335806496706466));
#7673=CARTESIAN_POINT('',(0.0602141449816146,0.0857591449816151,0.0335806496706468));
#7674=CARTESIAN_POINT('',(0.0610500997976243,0.0841167995671358,0.038772));
#7675=CARTESIAN_POINT('',(0.0591443647115729,0.0841167995671358,0.038772));
#7676=CARTESIAN_POINT('',(0.0591443647115729,0.0841167995671358,0.037754));
#7677=CARTESIAN_POINT('',(0.0610500997976243,0.0841167995671358,0.037754));
#7678=CARTESIAN_POINT('',(0.0603906973104693,0.0823287798306281,0.037754));
#7679=CARTESIAN_POINT('',(0.0603906973104692,0.0823287798306281,0.038772));
#7680=CARTESIAN_POINT('',(0.0591443647115729,0.0857591449816151,0.038772));
#7681=CARTESIAN_POINT('',(0.0591443647115729,0.0874014903960945,0.038772));
#7682=CARTESIAN_POINT('',(0.0591443647115729,0.0874014903960945,0.037754));
#7683=CARTESIAN_POINT('',(0.0591443647115729,0.0857591449816151,0.037754));
#7684=CARTESIAN_POINT('',(0.0610500997976243,0.0874014903960945,0.038772));
#7685=CARTESIAN_POINT('',(0.0603906973104692,0.0891895101326021,0.038772));
#7686=CARTESIAN_POINT('',(0.0603906973104691,0.0891895101326021,0.037754));
#7687=CARTESIAN_POINT('',(0.0610500997976243,0.0874014903960945,0.037754));
#7688=CARTESIAN_POINT('',(0.0602141449816146,0.0857591449816151,0.038772));
#7689=CARTESIAN_POINT('',(0.0602141449816146,0.0857591449816151,0.037754));
#7690=CARTESIAN_POINT('',(0.0436691340505168,0.0857591449816142,0.03877));
#7691=CARTESIAN_POINT('',(0.0602141449816146,0.0857591449816151,0.03877));
#7692=CARTESIAN_POINT('',(0.0581283647115729,0.086984144770609,0.03877));
#7693=CARTESIAN_POINT('',(0.0581283647115729,0.0845341451926212,0.03877));
#7694=CARTESIAN_POINT('',(0.0581283647115729,0.0857591449816142,0.03877));
#7695=CARTESIAN_POINT('',(0.0547125219656737,0.0892898363215893,0.033182));
#7696=CARTESIAN_POINT('',(0.0554802320306358,0.0888556080984701,0.033182));
#7697=CARTESIAN_POINT('',(0.0554802320306358,0.0888556080984701,0.033182));
#7698=CARTESIAN_POINT('',(0.0547125219656737,0.0892898363215893,0.033182));
#7699=CARTESIAN_POINT('',(0.0539448344173072,0.0897242436612909,0.033182));
#7700=CARTESIAN_POINT('',(0.0539448119007115,0.0897240645447086,0.033182));
#7701=CARTESIAN_POINT('',(0.0539448119007115,0.0897240645447086,0.0330973333333333));
#7702=CARTESIAN_POINT('',(0.0539448119007115,0.0897240645447086,0.0330126666666667));
#7703=CARTESIAN_POINT('',(0.0539448119007115,0.0897240645447086,0.032928));
#7704=CARTESIAN_POINT('',(0.0554802320306358,0.0886106472343329,0.033182));
#7705=CARTESIAN_POINT('',(0.0554802320306358,0.0883656863701958,0.033182));
#7706=CARTESIAN_POINT('',(0.0554802320306358,0.0883656863701958,0.033182));
#7707=CARTESIAN_POINT('',(0.0554802320306358,0.0886106472343329,0.033182));
#7708=CARTESIAN_POINT('',(0.0544834088469058,0.0883656863701958,0.033182));
#7709=CARTESIAN_POINT('',(0.0534865856631759,0.0883656863701958,0.033182));
#7710=CARTESIAN_POINT('',(0.0534865856631759,0.0883656863701958,0.033182));
#7711=CARTESIAN_POINT('',(0.0544834088469058,0.0883656863701958,0.033182));
#7712=CARTESIAN_POINT('',(0.0534865856631759,0.0885511049910168,0.033182));
#7713=CARTESIAN_POINT('',(0.0534865856631759,0.0887365236118378,0.033182));
#7714=CARTESIAN_POINT('',(0.0534865856631759,0.0887365236118378,0.033182));
#7715=CARTESIAN_POINT('',(0.0534865856631759,0.0885511049910168,0.033182));
#7716=CARTESIAN_POINT('',(0.0540659339546056,0.0887365236118378,0.033182));
#7717=CARTESIAN_POINT('',(0.0546452830227651,0.0887365236118378,0.032928));
#7718=CARTESIAN_POINT('',(0.0546452830227651,0.0887365236118378,0.0330126666666667));
#7719=CARTESIAN_POINT('',(0.0546452830227651,0.0887365236118378,0.0330973333333333));
#7720=CARTESIAN_POINT('',(0.0546452830227651,0.0887365236118378,0.033182));
#7721=CARTESIAN_POINT('',(0.05464528341113,0.0887366252297849,0.033182));
#7722=CARTESIAN_POINT('',(0.0540659339546056,0.0887365236118378,0.033182));
#7723=CARTESIAN_POINT('',(0.0546197259724781,0.0853930492433023,0.033182));
#7724=CARTESIAN_POINT('',(0.0550346839893956,0.0887111672192469,0.033182));
#7725=CARTESIAN_POINT('',(0.0550346839893956,0.0887111672192469,0.0330973333333333));
#7726=CARTESIAN_POINT('',(0.0550346839893956,0.0887111672192469,0.0330126666666667));
#7727=CARTESIAN_POINT('',(0.0550346839893956,0.0887111672192469,0.032928));
#7728=CARTESIAN_POINT('',(0.0550346722631954,0.0887110734533375,0.033182));
#7729=CARTESIAN_POINT('',(0.0546197259724781,0.0853930492433023,0.033182));
#7730=CARTESIAN_POINT('',(0.0542606348262857,0.0891519609368763,0.033182));
#7731=CARTESIAN_POINT('',(0.0534865856631759,0.0895927546545057,0.033182));
#7732=CARTESIAN_POINT('',(0.0534865856631759,0.0895927546545057,0.033182));
#7733=CARTESIAN_POINT('',(0.0542606348262857,0.0891519609368763,0.033182));
#7734=CARTESIAN_POINT('',(0.0534865856631759,0.0898311500241327,0.033182));
#7735=CARTESIAN_POINT('',(0.0534865856631759,0.0900695453937597,0.033182));
#7736=CARTESIAN_POINT('',(0.0534865856631759,0.0900695453937597,0.033182));
#7737=CARTESIAN_POINT('',(0.0534865856631759,0.0898311500241327,0.033182));
#7738=CARTESIAN_POINT('',(0.0544834088469058,0.0900695453937597,0.033182));
#7739=CARTESIAN_POINT('',(0.0554802320306358,0.0900695453937597,0.033182));
#7740=CARTESIAN_POINT('',(0.0554802320306358,0.0900695453937597,0.033182));
#7741=CARTESIAN_POINT('',(0.0544834088469058,0.0900695453937597,0.033182));
#7742=CARTESIAN_POINT('',(0.0554802320306358,0.0898841267729387,0.033182));
#7743=CARTESIAN_POINT('',(0.0554802320306358,0.0896987081521177,0.033182));
#7744=CARTESIAN_POINT('',(0.0554802320306358,0.0896987081521177,0.033182));
#7745=CARTESIAN_POINT('',(0.0554802320306358,0.0898841267729387,0.033182));
#7746=CARTESIAN_POINT('',(0.0548922806774342,0.0896987081521177,0.033182));
#7747=CARTESIAN_POINT('',(0.0543043248885897,0.0896987081521177,0.032928));
#7748=CARTESIAN_POINT('',(0.0543043248885897,0.0896987081521177,0.0330126666666667));
#7749=CARTESIAN_POINT('',(0.0543043248885897,0.0896987081521177,0.0330973333333333));
#7750=CARTESIAN_POINT('',(0.0543043248885897,0.0896987081521177,0.033182));
#7751=CARTESIAN_POINT('',(0.0543043226707683,0.089698488656377,0.033182));
#7752=CARTESIAN_POINT('',(0.0548922806774342,0.0896987081521177,0.033182));
#7753=CARTESIAN_POINT('',(0.054373804248547,0.0931366427315666,0.033182));
#7754=CARTESIAN_POINT('',(0.054373804248547,0.0931366427315666,0.033182));
#7755=CARTESIAN_POINT('',(0.0597908800922496,0.0857591449816142,0.033182));
#7756=CARTESIAN_POINT('',(0.0538092004796227,0.0792405545865438,0.033182));
#7757=CARTESIAN_POINT('',(0.0614890704288481,0.0812439989211239,0.032928));
#7758=CARTESIAN_POINT('',(0.0537935791306158,0.0792364794520203,0.032928));
#7759=CARTESIAN_POINT('',(0.0538248435165173,0.0792445602697209,0.032928));
#7760=CARTESIAN_POINT('',(0.0537935791306158,0.0792364794520202,0.033182));
#7761=CARTESIAN_POINT('',(0.0537935791306158,0.0792364794520202,0.033182));
#7762=CARTESIAN_POINT('',(0.0538092004796227,0.0792405545865438,0.033182));
#7763=CARTESIAN_POINT('',(0.0538248437573091,0.0792445603366277,0.0331819999749979));
#7764=CARTESIAN_POINT('',(0.0538248242988759,0.0792446303654794,0.0331819999499957));
#7765=CARTESIAN_POINT('',(0.0538248242182753,0.0792446303444532,0.0330973332999971));
#7766=CARTESIAN_POINT('',(0.0538248241376748,0.0792446303234269,0.0330126666499986));
#7767=CARTESIAN_POINT('',(0.0538248240570742,0.0792446303024007,0.032928));
#7768=CARTESIAN_POINT('',(0.0538424807448982,0.0792215372921006,0.033182));
#7769=CARTESIAN_POINT('',(0.0538913823591807,0.079206595132181,0.032928));
#7770=CARTESIAN_POINT('',(0.0538913823591806,0.079206595132181,0.032928));
#7771=CARTESIAN_POINT('',(0.0538913823591807,0.079206595132181,0.033182));
#7772=CARTESIAN_POINT('',(0.0538913823591843,0.0792065951321799,0.033182));
#7773=CARTESIAN_POINT('',(0.0538424807448982,0.0792215372921006,0.033182));
#7774=CARTESIAN_POINT('',(0.0539876008132087,0.0791762580196169,0.033182));
#7775=CARTESIAN_POINT('',(0.0540838192672367,0.0791459209070527,0.032928));
#7776=CARTESIAN_POINT('',(0.0540838192672366,0.0791459209070528,0.032928));
#7777=CARTESIAN_POINT('',(0.0540838192672367,0.0791459209070528,0.033182));
#7778=CARTESIAN_POINT('',(0.054083819267236,0.079145920907053,0.033182));
#7779=CARTESIAN_POINT('',(0.0539876008132087,0.0791762580196169,0.033182));
#7780=CARTESIAN_POINT('',(0.0543702106656964,0.0790474384894006,0.033182));
#7781=CARTESIAN_POINT('',(0.0546566020641562,0.0789489560717484,0.032928));
#7782=CARTESIAN_POINT('',(0.0546566020641562,0.0789489560717484,0.032928));
#7783=CARTESIAN_POINT('',(0.0546566020641562,0.0789489560717484,0.033182));
#7784=CARTESIAN_POINT('',(0.0546566020641562,0.0789489560717484,0.033182));
#7785=CARTESIAN_POINT('',(0.0543702106656964,0.0790474384894006,0.033182));
#7786=CARTESIAN_POINT('',(0.0546566020641562,0.0792355738665706,0.033182));
#7787=CARTESIAN_POINT('',(0.0546566020641562,0.0857591449816142,0.032928));
#7788=CARTESIAN_POINT('',(0.0546565683607266,0.0795222888145214,0.032928));
#7789=CARTESIAN_POINT('',(0.0546566020641562,0.0795221916613928,0.032928));
#7790=CARTESIAN_POINT('',(0.0546566020641562,0.0795221916613928,0.0330126666666667));
#7791=CARTESIAN_POINT('',(0.0546566020641562,0.0795221916613928,0.0330973333333333));
#7792=CARTESIAN_POINT('',(0.0546566020641562,0.0795221916613928,0.033182));
#7793=CARTESIAN_POINT('',(0.0546565683607266,0.0795222888145214,0.033182));
#7794=CARTESIAN_POINT('',(0.0546566020641562,0.0792355738665706,0.033182));
#7795=CARTESIAN_POINT('',(0.0316655762293336,0.145795865237739,0.033182));
#7796=CARTESIAN_POINT('',(0.0316655762293336,0.145795865237739,0.032928));
#7797=CARTESIAN_POINT('',(0.0539408257445056,0.0792785566617166,0.032928));
#7798=CARTESIAN_POINT('',(0.0539407835866191,0.0792786864374485,0.033182));
#7799=CARTESIAN_POINT('',(0.0539407835866191,0.0792786864374485,0.0330973333333333));
#7800=CARTESIAN_POINT('',(0.0539407835866191,0.0792786864374485,0.0330126666666667));
#7801=CARTESIAN_POINT('',(0.0539407835866191,0.0792786864374485,0.032928));
#7802=CARTESIAN_POINT('',(0.0539408257445056,0.0792785566617166,0.033182));
#7803=CARTESIAN_POINT('',(0.0316655762293336,0.145795865237739,0.033182));
#7804=CARTESIAN_POINT('',(0.0552255361229147,0.0787671597927261,0.033182));
#7805=CARTESIAN_POINT('',(0.0554802320306358,0.0786786388150204,0.033182));
#7806=CARTESIAN_POINT('',(0.0554802320306358,0.0786786388150204,0.033182));
#7807=CARTESIAN_POINT('',(0.0552255361229147,0.0787671597927261,0.033182));
#7808=CARTESIAN_POINT('',(0.0549708402151935,0.0788556807704319,0.033182));
#7809=CARTESIAN_POINT('',(0.0549708402151935,0.0788556807704319,0.033182));
#7810=CARTESIAN_POINT('',(0.0554802320306358,0.0784721653324944,0.033182));
#7811=CARTESIAN_POINT('',(0.0554802320306358,0.0782656918499684,0.033182));
#7812=CARTESIAN_POINT('',(0.0554802320306358,0.0782656918499684,0.033182));
#7813=CARTESIAN_POINT('',(0.0554802320306358,0.0784721653324944,0.033182));
#7814=CARTESIAN_POINT('',(0.0544834088469058,0.0786279260298385,0.033182));
#7815=CARTESIAN_POINT('',(0.0534865856631759,0.0789901602097086,0.033182));
#7816=CARTESIAN_POINT('',(0.0534865856631759,0.0789901602097086,0.033182));
#7817=CARTESIAN_POINT('',(0.0544834088469058,0.0786279260298385,0.033182));
#7818=CARTESIAN_POINT('',(0.0534865856631759,0.0792362530556578,0.033182));
#7819=CARTESIAN_POINT('',(0.0534865856631759,0.0794823459016071,0.033182));
#7820=CARTESIAN_POINT('',(0.0534865856631759,0.0794823459016071,0.033182));
#7821=CARTESIAN_POINT('',(0.0534865856631759,0.0792362530556578,0.033182));
#7822=CARTESIAN_POINT('',(0.0544834088469058,0.0798461648560141,0.033182));
#7823=CARTESIAN_POINT('',(0.0554802320306358,0.0802099838104211,0.033182));
#7824=CARTESIAN_POINT('',(0.0554802320306358,0.0802099838104211,0.033182));
#7825=CARTESIAN_POINT('',(0.0544834088469058,0.0798461648560141,0.033182));
#7826=CARTESIAN_POINT('',(0.0554802320306358,0.0800012463642709,0.033182));
#7827=CARTESIAN_POINT('',(0.0554802320306358,0.0797925089181208,0.033182));
#7828=CARTESIAN_POINT('',(0.0554802320306358,0.0797925089181208,0.033182));
#7829=CARTESIAN_POINT('',(0.0554802320306358,0.0800012463642709,0.033182));
#7830=CARTESIAN_POINT('',(0.0552255361229147,0.0797039879404151,0.033182));
#7831=CARTESIAN_POINT('',(0.0549708402151935,0.0796154669627093,0.033182));
#7832=CARTESIAN_POINT('',(0.0549708402151935,0.0796154669627093,0.033182));
#7833=CARTESIAN_POINT('',(0.0552255361229147,0.0797039879404151,0.033182));
#7834=CARTESIAN_POINT('',(0.0549708402151935,0.0792355738665706,0.033182));
#7835=CARTESIAN_POINT('',(0.0549708402151935,0.0792355738665706,0.033182));
#7836=CARTESIAN_POINT('',(0.0538804915025886,0.0792609004701664,0.0331820000035896));
#7837=CARTESIAN_POINT('',(0.0615598828896045,0.0815262957729138,0.032928));
#7838=CARTESIAN_POINT('',(0.0538804915025886,0.0792609004701664,0.0331819999499957));
#7839=CARTESIAN_POINT('',(0.0597908800922496,0.0857591449816142,0.033182));
#7840=CARTESIAN_POINT('',(0.0538092004796227,0.091314725387063,0.033182));
#7841=CARTESIAN_POINT('',(0.0585399809235895,0.092548842024619,0.032928));
#7842=CARTESIAN_POINT('',(0.0537935791306158,0.0913106502525395,0.032928));
#7843=CARTESIAN_POINT('',(0.0538248435165173,0.0913187310702401,0.032928));
#7844=CARTESIAN_POINT('',(0.0537935791306158,0.0913106502525395,0.033182));
#7845=CARTESIAN_POINT('',(0.0537935791306159,0.0913106502525395,0.033182));
#7846=CARTESIAN_POINT('',(0.0538092004796227,0.091314725387063,0.033182));
#7847=CARTESIAN_POINT('',(0.0538248437573091,0.0913187311371469,0.0331819999749979));
#7848=CARTESIAN_POINT('',(0.0538248242988759,0.0913188011659986,0.0331819999499957));
#7849=CARTESIAN_POINT('',(0.0538248242182753,0.0913188011449724,0.0330973332999971));
#7850=CARTESIAN_POINT('',(0.0538248241376748,0.0913188011239461,0.0330126666499986));
#7851=CARTESIAN_POINT('',(0.0538248240570742,0.0913188011029199,0.032928));
#7852=CARTESIAN_POINT('',(0.0538424807448982,0.0912957080926199,0.033182));
#7853=CARTESIAN_POINT('',(0.0538913823591807,0.0912807659327002,0.032928));
#7854=CARTESIAN_POINT('',(0.0538913823591807,0.0912807659327002,0.032928));
#7855=CARTESIAN_POINT('',(0.0538913823591807,0.0912807659327002,0.033182));
#7856=CARTESIAN_POINT('',(0.05389138235918,0.0912807659327005,0.033182));
#7857=CARTESIAN_POINT('',(0.0538424807448982,0.0912957080926199,0.033182));
#7858=CARTESIAN_POINT('',(0.0539876008132087,0.0912504288201361,0.033182));
#7859=CARTESIAN_POINT('',(0.0540838192672367,0.091220091707572,0.032928));
#7860=CARTESIAN_POINT('',(0.0540838192672368,0.091220091707572,0.032928));
#7861=CARTESIAN_POINT('',(0.0540838192672367,0.0912200917075719,0.033182));
#7862=CARTESIAN_POINT('',(0.0540838192672355,0.0912200917075724,0.033182));
#7863=CARTESIAN_POINT('',(0.0539876008132087,0.0912504288201361,0.033182));
#7864=CARTESIAN_POINT('',(0.0543702106656964,0.0911216092899198,0.033182));
#7865=CARTESIAN_POINT('',(0.0546566020641562,0.0910231268722676,0.032928));
#7866=CARTESIAN_POINT('',(0.0546566020641562,0.0910231268722676,0.032928));
#7867=CARTESIAN_POINT('',(0.0546566020641562,0.0910231268722676,0.033182));
#7868=CARTESIAN_POINT('',(0.0546566020641562,0.0910231268722676,0.033182));
#7869=CARTESIAN_POINT('',(0.0543702106656964,0.0911216092899198,0.033182));
#7870=CARTESIAN_POINT('',(0.0546566020641562,0.0913097446670898,0.033182));
#7871=CARTESIAN_POINT('',(0.0546566020641562,0.0857591449816142,0.032928));
#7872=CARTESIAN_POINT('',(0.0546565683607267,0.0915964596150405,0.032928));
#7873=CARTESIAN_POINT('',(0.0546566020641562,0.091596362461912,0.032928));
#7874=CARTESIAN_POINT('',(0.0546566020641562,0.091596362461912,0.0330126666666667));
#7875=CARTESIAN_POINT('',(0.0546566020641562,0.091596362461912,0.0330973333333333));
#7876=CARTESIAN_POINT('',(0.0546566020641562,0.091596362461912,0.033182));
#7877=CARTESIAN_POINT('',(0.0546565683607267,0.0915964596150405,0.033182));
#7878=CARTESIAN_POINT('',(0.0546566020641562,0.0913097446670898,0.033182));
#7879=CARTESIAN_POINT('',(0.0316655762283517,0.157870036041139,0.033182));
#7880=CARTESIAN_POINT('',(0.0316655762283517,0.157870036041139,0.032928));
#7881=CARTESIAN_POINT('',(0.0539408257445057,0.0913527274622357,0.032928));
#7882=CARTESIAN_POINT('',(0.0539407835866191,0.0913528572379677,0.033182));
#7883=CARTESIAN_POINT('',(0.0539407835866191,0.0913528572379677,0.0330973333333333));
#7884=CARTESIAN_POINT('',(0.0539407835866191,0.0913528572379677,0.0330126666666667));
#7885=CARTESIAN_POINT('',(0.0539407835866191,0.0913528572379677,0.032928));
#7886=CARTESIAN_POINT('',(0.0539408257445057,0.0913527274622357,0.033182));
#7887=CARTESIAN_POINT('',(0.0316655762283517,0.157870036041139,0.033182));
#7888=CARTESIAN_POINT('',(0.0552255361229147,0.0908413305932453,0.033182));
#7889=CARTESIAN_POINT('',(0.0554802320306358,0.0907528096155396,0.033182));
#7890=CARTESIAN_POINT('',(0.0554802320306358,0.0907528096155396,0.033182));
#7891=CARTESIAN_POINT('',(0.0552255361229147,0.0908413305932453,0.033182));
#7892=CARTESIAN_POINT('',(0.0549708402151935,0.0909298515709511,0.033182));
#7893=CARTESIAN_POINT('',(0.0549708402151935,0.0909298515709511,0.033182));
#7894=CARTESIAN_POINT('',(0.0554802320306358,0.0905463361330136,0.033182));
#7895=CARTESIAN_POINT('',(0.0554802320306358,0.0903398626504877,0.033182));
#7896=CARTESIAN_POINT('',(0.0554802320306358,0.0903398626504877,0.033182));
#7897=CARTESIAN_POINT('',(0.0554802320306358,0.0905463361330136,0.033182));
#7898=CARTESIAN_POINT('',(0.0544834088469058,0.0907020968303578,0.033182));
#7899=CARTESIAN_POINT('',(0.0534865856631759,0.0910643310102279,0.033182));
#7900=CARTESIAN_POINT('',(0.0534865856631759,0.0910643310102279,0.033182));
#7901=CARTESIAN_POINT('',(0.0544834088469058,0.0907020968303578,0.033182));
#7902=CARTESIAN_POINT('',(0.0534865856631759,0.0913104238561771,0.033182));
#7903=CARTESIAN_POINT('',(0.0534865856631759,0.0915565167021263,0.033182));
#7904=CARTESIAN_POINT('',(0.0534865856631759,0.0915565167021263,0.033182));
#7905=CARTESIAN_POINT('',(0.0534865856631759,0.0913104238561771,0.033182));
#7906=CARTESIAN_POINT('',(0.0544834088469058,0.0919203356565333,0.033182));
#7907=CARTESIAN_POINT('',(0.0554802320306358,0.0922841546109403,0.033182));
#7908=CARTESIAN_POINT('',(0.0554802320306358,0.0922841546109403,0.033182));
#7909=CARTESIAN_POINT('',(0.0544834088469058,0.0919203356565333,0.033182));
#7910=CARTESIAN_POINT('',(0.0554802320306358,0.0920754171647902,0.033182));
#7911=CARTESIAN_POINT('',(0.0554802320306358,0.09186667971864,0.033182));
#7912=CARTESIAN_POINT('',(0.0554802320306358,0.09186667971864,0.033182));
#7913=CARTESIAN_POINT('',(0.0554802320306358,0.0920754171647902,0.033182));
#7914=CARTESIAN_POINT('',(0.0552255361229147,0.0917781587409343,0.033182));
#7915=CARTESIAN_POINT('',(0.0549708402151935,0.0916896377632286,0.033182));
#7916=CARTESIAN_POINT('',(0.0549708402151935,0.0916896377632286,0.033182));
#7917=CARTESIAN_POINT('',(0.0552255361229147,0.0917781587409343,0.033182));
#7918=CARTESIAN_POINT('',(0.0549708402151935,0.0913097446670898,0.033182));
#7919=CARTESIAN_POINT('',(0.0549708402151935,0.0913097446670898,0.033182));
#7920=CARTESIAN_POINT('',(0.0538804915025886,0.0913350712706857,0.0331820000035896));
#7921=CARTESIAN_POINT('',(0.058283189928431,0.0926338528837899,0.032928));
#7922=CARTESIAN_POINT('',(0.0538804915025886,0.0913350712706857,0.0331819999499957));
#7923=CARTESIAN_POINT('',(0.0597908800922496,0.0857591449816142,0.033182));
#7924=CARTESIAN_POINT('',(0.0547125219656737,0.0814012814694688,0.033182));
#7925=CARTESIAN_POINT('',(0.0554802320306358,0.0809670532463495,0.033182));
#7926=CARTESIAN_POINT('',(0.0554802320306358,0.0809670532463495,0.033182));
#7927=CARTESIAN_POINT('',(0.0547125219656737,0.0814012814694688,0.033182));
#7928=CARTESIAN_POINT('',(0.0539448344173072,0.0818356888091704,0.033182));
#7929=CARTESIAN_POINT('',(0.0539448119007115,0.0818355096925881,0.033182));
#7930=CARTESIAN_POINT('',(0.0539448119007115,0.0818355096925881,0.0330973333333333));
#7931=CARTESIAN_POINT('',(0.0539448119007115,0.0818355096925881,0.0330126666666667));
#7932=CARTESIAN_POINT('',(0.0539448119007115,0.0818355096925881,0.032928));
#7933=CARTESIAN_POINT('',(0.0554802320306358,0.0807220923822124,0.033182));
#7934=CARTESIAN_POINT('',(0.0554802320306358,0.0804771315180753,0.033182));
#7935=CARTESIAN_POINT('',(0.0554802320306358,0.0804771315180753,0.033182));
#7936=CARTESIAN_POINT('',(0.0554802320306358,0.0807220923822124,0.033182));
#7937=CARTESIAN_POINT('',(0.0544834088469058,0.0804771315180753,0.033182));
#7938=CARTESIAN_POINT('',(0.0534865856631759,0.0804771315180753,0.033182));
#7939=CARTESIAN_POINT('',(0.0534865856631759,0.0804771315180753,0.033182));
#7940=CARTESIAN_POINT('',(0.0544834088469058,0.0804771315180753,0.033182));
#7941=CARTESIAN_POINT('',(0.0534865856631759,0.0806625501388963,0.033182));
#7942=CARTESIAN_POINT('',(0.0534865856631759,0.0808479687597173,0.033182));
#7943=CARTESIAN_POINT('',(0.0534865856631759,0.0808479687597173,0.033182));
#7944=CARTESIAN_POINT('',(0.0534865856631759,0.0806625501388963,0.033182));
#7945=CARTESIAN_POINT('',(0.0540659339546056,0.0808479687597173,0.033182));
#7946=CARTESIAN_POINT('',(0.0546452830227651,0.0808479687597173,0.032928));
#7947=CARTESIAN_POINT('',(0.0546452830227651,0.0808479687597173,0.0330126666666667));
#7948=CARTESIAN_POINT('',(0.0546452830227651,0.0808479687597173,0.0330973333333333));
#7949=CARTESIAN_POINT('',(0.0546452830227651,0.0808479687597173,0.033182));
#7950=CARTESIAN_POINT('',(0.05464528341113,0.0808480703776645,0.033182));
#7951=CARTESIAN_POINT('',(0.0540659339546056,0.0808479687597173,0.033182));
#7952=CARTESIAN_POINT('',(0.054619725972478,0.077504494391177,0.033182));
#7953=CARTESIAN_POINT('',(0.0550346839893956,0.0808226123671263,0.033182));
#7954=CARTESIAN_POINT('',(0.0550346839893956,0.0808226123671263,0.0330973333333333));
#7955=CARTESIAN_POINT('',(0.0550346839893956,0.0808226123671263,0.0330126666666667));
#7956=CARTESIAN_POINT('',(0.0550346839893956,0.0808226123671263,0.032928));
#7957=CARTESIAN_POINT('',(0.0550346722631953,0.080822518601217,0.033182));
#7958=CARTESIAN_POINT('',(0.054619725972478,0.077504494391177,0.033182));
#7959=CARTESIAN_POINT('',(0.0542606348262857,0.0812634060847557,0.033182));
#7960=CARTESIAN_POINT('',(0.0534865856631759,0.0817041998023851,0.033182));
#7961=CARTESIAN_POINT('',(0.0534865856631759,0.0817041998023851,0.033182));
#7962=CARTESIAN_POINT('',(0.0542606348262857,0.0812634060847557,0.033182));
#7963=CARTESIAN_POINT('',(0.0534865856631759,0.0819425951720121,0.033182));
#7964=CARTESIAN_POINT('',(0.0534865856631759,0.0821809905416391,0.033182));
#7965=CARTESIAN_POINT('',(0.0534865856631759,0.0821809905416391,0.033182));
#7966=CARTESIAN_POINT('',(0.0534865856631759,0.0819425951720121,0.033182));
#7967=CARTESIAN_POINT('',(0.0544834088469058,0.0821809905416391,0.033182));
#7968=CARTESIAN_POINT('',(0.0554802320306358,0.0821809905416391,0.033182));
#7969=CARTESIAN_POINT('',(0.0554802320306358,0.0821809905416391,0.033182));
#7970=CARTESIAN_POINT('',(0.0544834088469058,0.0821809905416391,0.033182));
#7971=CARTESIAN_POINT('',(0.0554802320306358,0.0819955719208181,0.033182));
#7972=CARTESIAN_POINT('',(0.0554802320306358,0.0818101532999971,0.033182));
#7973=CARTESIAN_POINT('',(0.0554802320306358,0.0818101532999971,0.033182));
#7974=CARTESIAN_POINT('',(0.0554802320306358,0.0819955719208181,0.033182));
#7975=CARTESIAN_POINT('',(0.0548922806774342,0.0818101532999971,0.033182));
#7976=CARTESIAN_POINT('',(0.0543043248885897,0.0818101532999971,0.032928));
#7977=CARTESIAN_POINT('',(0.0543043248885897,0.0818101532999971,0.0330126666666667));
#7978=CARTESIAN_POINT('',(0.0543043248885897,0.0818101532999971,0.0330973333333333));
#7979=CARTESIAN_POINT('',(0.0543043248885897,0.0818101532999971,0.033182));
#7980=CARTESIAN_POINT('',(0.0543043226707683,0.0818099338042564,0.033182));
#7981=CARTESIAN_POINT('',(0.0548922806774342,0.0818101532999971,0.033182));
#7982=CARTESIAN_POINT('',(0.0543738042485478,0.0852480878794577,0.033182));
#7983=CARTESIAN_POINT('',(0.0543738042485478,0.0852480878794577,0.033182));
#7984=CARTESIAN_POINT('',(0.0597908800922496,0.0857591449816142,0.033182));
#7985=CARTESIAN_POINT('',(0.0547125219656737,0.0834940894436681,0.033182));
#7986=CARTESIAN_POINT('',(0.0554802320306358,0.0830598612205489,0.033182));
#7987=CARTESIAN_POINT('',(0.0554802320306358,0.0830598612205489,0.033182));
#7988=CARTESIAN_POINT('',(0.0547125219656737,0.0834940894436681,0.033182));
#7989=CARTESIAN_POINT('',(0.0539448344173072,0.0839284967833697,0.033182));
#7990=CARTESIAN_POINT('',(0.0539448119007115,0.0839283176667874,0.033182));
#7991=CARTESIAN_POINT('',(0.0539448119007115,0.0839283176667874,0.0330973333333333));
#7992=CARTESIAN_POINT('',(0.0539448119007115,0.0839283176667874,0.0330126666666667));
#7993=CARTESIAN_POINT('',(0.0539448119007115,0.0839283176667874,0.032928));
#7994=CARTESIAN_POINT('',(0.0554802320306358,0.0828149003564118,0.033182));
#7995=CARTESIAN_POINT('',(0.0554802320306358,0.0825699394922746,0.033182));
#7996=CARTESIAN_POINT('',(0.0554802320306358,0.0825699394922746,0.033182));
#7997=CARTESIAN_POINT('',(0.0554802320306358,0.0828149003564118,0.033182));
#7998=CARTESIAN_POINT('',(0.0544834088469058,0.0825699394922746,0.033182));
#7999=CARTESIAN_POINT('',(0.0534865856631759,0.0825699394922746,0.033182));
#8000=CARTESIAN_POINT('',(0.0534865856631759,0.0825699394922746,0.033182));
#8001=CARTESIAN_POINT('',(0.0544834088469058,0.0825699394922746,0.033182));
#8002=CARTESIAN_POINT('',(0.0534865856631759,0.0827553581130956,0.033182));
#8003=CARTESIAN_POINT('',(0.0534865856631759,0.0829407767339166,0.033182));
#8004=CARTESIAN_POINT('',(0.0534865856631759,0.0829407767339166,0.033182));
#8005=CARTESIAN_POINT('',(0.0534865856631759,0.0827553581130956,0.033182));
#8006=CARTESIAN_POINT('',(0.0540659339546056,0.0829407767339166,0.033182));
#8007=CARTESIAN_POINT('',(0.0546452830227651,0.0829407767339166,0.032928));
#8008=CARTESIAN_POINT('',(0.0546452830227651,0.0829407767339166,0.0330126666666667));
#8009=CARTESIAN_POINT('',(0.0546452830227651,0.0829407767339166,0.0330973333333333));
#8010=CARTESIAN_POINT('',(0.0546452830227651,0.0829407767339166,0.033182));
#8011=CARTESIAN_POINT('',(0.05464528341113,0.0829408783518637,0.033182));
#8012=CARTESIAN_POINT('',(0.0540659339546056,0.0829407767339166,0.033182));
#8013=CARTESIAN_POINT('',(0.054619725972478,0.079597302365378,0.033182));
#8014=CARTESIAN_POINT('',(0.0550346839893956,0.0829154203413257,0.033182));
#8015=CARTESIAN_POINT('',(0.0550346839893956,0.0829154203413257,0.0330973333333333));
#8016=CARTESIAN_POINT('',(0.0550346839893956,0.0829154203413257,0.0330126666666667));
#8017=CARTESIAN_POINT('',(0.0550346839893956,0.0829154203413257,0.032928));
#8018=CARTESIAN_POINT('',(0.0550346722631954,0.0829153265754163,0.033182));
#8019=CARTESIAN_POINT('',(0.054619725972478,0.079597302365378,0.033182));
#8020=CARTESIAN_POINT('',(0.0542606348262857,0.0833562140589551,0.033182));
#8021=CARTESIAN_POINT('',(0.0534865856631759,0.0837970077765845,0.033182));
#8022=CARTESIAN_POINT('',(0.0534865856631759,0.0837970077765845,0.033182));
#8023=CARTESIAN_POINT('',(0.0542606348262857,0.0833562140589551,0.033182));
#8024=CARTESIAN_POINT('',(0.0534865856631759,0.0840354031462115,0.033182));
#8025=CARTESIAN_POINT('',(0.0534865856631759,0.0842737985158385,0.033182));
#8026=CARTESIAN_POINT('',(0.0534865856631759,0.0842737985158385,0.033182));
#8027=CARTESIAN_POINT('',(0.0534865856631759,0.0840354031462115,0.033182));
#8028=CARTESIAN_POINT('',(0.0544834088469058,0.0842737985158385,0.033182));
#8029=CARTESIAN_POINT('',(0.0554802320306358,0.0842737985158385,0.033182));
#8030=CARTESIAN_POINT('',(0.0554802320306358,0.0842737985158385,0.033182));
#8031=CARTESIAN_POINT('',(0.0544834088469058,0.0842737985158385,0.033182));
#8032=CARTESIAN_POINT('',(0.0554802320306358,0.0840883798950175,0.033182));
#8033=CARTESIAN_POINT('',(0.0554802320306358,0.0839029612741965,0.033182));
#8034=CARTESIAN_POINT('',(0.0554802320306358,0.0839029612741965,0.033182));
#8035=CARTESIAN_POINT('',(0.0554802320306358,0.0840883798950175,0.033182));
#8036=CARTESIAN_POINT('',(0.0548922806774342,0.0839029612741965,0.033182));
#8037=CARTESIAN_POINT('',(0.0543043248885897,0.0839029612741965,0.032928));
#8038=CARTESIAN_POINT('',(0.0543043248885897,0.0839029612741965,0.0330126666666667));
#8039=CARTESIAN_POINT('',(0.0543043248885897,0.0839029612741965,0.0330973333333333));
#8040=CARTESIAN_POINT('',(0.0543043248885897,0.0839029612741965,0.033182));
#8041=CARTESIAN_POINT('',(0.0543043226707683,0.0839027417784558,0.033182));
#8042=CARTESIAN_POINT('',(0.0548922806774342,0.0839029612741965,0.033182));
#8043=CARTESIAN_POINT('',(0.0543738042485477,0.0873408958536577,0.033182));
#8044=CARTESIAN_POINT('',(0.0543738042485477,0.0873408958536577,0.033182));
#8045=CARTESIAN_POINT('',(0.0597908800922496,0.0857591449816142,0.033182));
#8046=CARTESIAN_POINT('',(0.0544834088469058,0.0862067706581702,0.033182));
#8047=CARTESIAN_POINT('',(0.0554802320306358,0.0862067706581702,0.033182));
#8048=CARTESIAN_POINT('',(0.0554802320306358,0.0862067706581702,0.033182));
#8049=CARTESIAN_POINT('',(0.0544834088469058,0.0862067706581702,0.033182));
#8050=CARTESIAN_POINT('',(0.0534865856631759,0.0862067706581702,0.033182));
#8051=CARTESIAN_POINT('',(0.0534865856631759,0.0862067706581702,0.033182));
#8052=CARTESIAN_POINT('',(0.0554802320306358,0.0853937813207243,0.033182));
#8053=CARTESIAN_POINT('',(0.0554802320306358,0.0845807919832784,0.033182));
#8054=CARTESIAN_POINT('',(0.0554802320306358,0.0845807919832784,0.033182));
#8055=CARTESIAN_POINT('',(0.0554802320306358,0.0853937813207243,0.033182));
#8056=CARTESIAN_POINT('',(0.0553188114242312,0.0845807919832784,0.033182));
#8057=CARTESIAN_POINT('',(0.0551573908178266,0.0845807919832784,0.033182));
#8058=CARTESIAN_POINT('',(0.0551573908178266,0.0845807919832784,0.033182));
#8059=CARTESIAN_POINT('',(0.0553188114242312,0.0845807919832784,0.033182));
#8060=CARTESIAN_POINT('',(0.0551573908178266,0.0851850438745741,0.033182));
#8061=CARTESIAN_POINT('',(0.0551573908178266,0.0857892957658699,0.033182));
#8062=CARTESIAN_POINT('',(0.0551573908178266,0.0857892957658699,0.033182));
#8063=CARTESIAN_POINT('',(0.0551573908178266,0.0851850438745741,0.033182));
#8064=CARTESIAN_POINT('',(0.0548949974337832,0.0857892957658699,0.033182));
#8065=CARTESIAN_POINT('',(0.0546326040497398,0.0857892957658699,0.033182));
#8066=CARTESIAN_POINT('',(0.0546326040497398,0.0857892957658699,0.033182));
#8067=CARTESIAN_POINT('',(0.0548949974337832,0.0857892957658699,0.033182));
#8068=CARTESIAN_POINT('',(0.0546326040497398,0.0852572643141857,0.033182));
#8069=CARTESIAN_POINT('',(0.0546326040497398,0.0847252328625016,0.033182));
#8070=CARTESIAN_POINT('',(0.0546326040497398,0.0847252328625016,0.033182));
#8071=CARTESIAN_POINT('',(0.0546326040497398,0.0852572643141857,0.033182));
#8072=CARTESIAN_POINT('',(0.0544714098396976,0.0847252328625016,0.033182));
#8073=CARTESIAN_POINT('',(0.0543102156296555,0.0847252328625016,0.033182));
#8074=CARTESIAN_POINT('',(0.0543102156296555,0.0847252328625016,0.033182));
#8075=CARTESIAN_POINT('',(0.0544714098396976,0.0847252328625016,0.033182));
#8076=CARTESIAN_POINT('',(0.0543102156296555,0.0852572643141857,0.033182));
#8077=CARTESIAN_POINT('',(0.0543102156296555,0.0857892957658699,0.033182));
#8078=CARTESIAN_POINT('',(0.0543102156296555,0.0857892957658699,0.033182));
#8079=CARTESIAN_POINT('',(0.0543102156296555,0.0852572643141857,0.033182));
#8080=CARTESIAN_POINT('',(0.0540595948564579,0.0857892957658699,0.033182));
#8081=CARTESIAN_POINT('',(0.0538089740832602,0.0857892957658699,0.033182));
#8082=CARTESIAN_POINT('',(0.0538089740832602,0.0857892957658699,0.033182));
#8083=CARTESIAN_POINT('',(0.0540595948564579,0.0857892957658699,0.033182));
#8084=CARTESIAN_POINT('',(0.0538089740832602,0.0852140226089637,0.033182));
#8085=CARTESIAN_POINT('',(0.0538089740832602,0.0846387494520576,0.033182));
#8086=CARTESIAN_POINT('',(0.0538089740832602,0.0846387494520576,0.033182));
#8087=CARTESIAN_POINT('',(0.0538089740832602,0.0852140226089637,0.033182));
#8088=CARTESIAN_POINT('',(0.0536477798732181,0.0846387494520576,0.033182));
#8089=CARTESIAN_POINT('',(0.0534865856631759,0.0846387494520576,0.033182));
#8090=CARTESIAN_POINT('',(0.0534865856631759,0.0846387494520576,0.033182));
#8091=CARTESIAN_POINT('',(0.0536477798732181,0.0846387494520576,0.033182));
#8092=CARTESIAN_POINT('',(0.0534865856631759,0.0854227600551139,0.033182));
#8093=CARTESIAN_POINT('',(0.0534865856631759,0.0854227600551139,0.033182));
#8094=CARTESIAN_POINT('',(0.0597908800922496,0.0857591449816142,0.033182));
#8095=CARTESIAN_POINT('',(0.054644603056948,0.0870765854825832,0.033182));
#8096=CARTESIAN_POINT('',(0.0538089740832602,0.0870765854825832,0.033182));
#8097=CARTESIAN_POINT('',(0.0538089740832602,0.0870765854825832,0.033182));
#8098=CARTESIAN_POINT('',(0.054644603056948,0.0870765854825832,0.033182));
#8099=CARTESIAN_POINT('',(0.0554802320306358,0.0870765854825832,0.033182));
#8100=CARTESIAN_POINT('',(0.0554802320306358,0.0870765854825832,0.033182));
#8101=CARTESIAN_POINT('',(0.0538089740832602,0.0867539706661364,0.033182));
#8102=CARTESIAN_POINT('',(0.0538089740832602,0.0864313558496896,0.033182));
#8103=CARTESIAN_POINT('',(0.0538089740832602,0.0864313558496896,0.033182));
#8104=CARTESIAN_POINT('',(0.0538089740832602,0.0867539706661364,0.033182));
#8105=CARTESIAN_POINT('',(0.0536477798732181,0.0864313558496896,0.033182));
#8106=CARTESIAN_POINT('',(0.0534865856631759,0.0864313558496896,0.033182));
#8107=CARTESIAN_POINT('',(0.0534865856631759,0.0864313558496896,0.033182));
#8108=CARTESIAN_POINT('',(0.0536477798732181,0.0864313558496896,0.033182));
#8109=CARTESIAN_POINT('',(0.0534865856631759,0.0872846437396461,0.033182));
#8110=CARTESIAN_POINT('',(0.0534865856631759,0.0881379316296025,0.033182));
#8111=CARTESIAN_POINT('',(0.0534865856631759,0.0881379316296025,0.033182));
#8112=CARTESIAN_POINT('',(0.0534865856631759,0.0872846437396461,0.033182));
#8113=CARTESIAN_POINT('',(0.0536477798732181,0.0881379316296025,0.033182));
#8114=CARTESIAN_POINT('',(0.0538089740832602,0.0881379316296025,0.033182));
#8115=CARTESIAN_POINT('',(0.0538089740832602,0.0881379316296025,0.033182));
#8116=CARTESIAN_POINT('',(0.0536477798732181,0.0881379316296025,0.033182));
#8117=CARTESIAN_POINT('',(0.0538089740832602,0.087815996002243,0.033182));
#8118=CARTESIAN_POINT('',(0.0538089740832602,0.0874940603748834,0.033182));
#8119=CARTESIAN_POINT('',(0.0538089740832602,0.0874940603748834,0.033182));
#8120=CARTESIAN_POINT('',(0.0538089740832602,0.087815996002243,0.033182));
#8121=CARTESIAN_POINT('',(0.054644603056948,0.0874940603748834,0.033182));
#8122=CARTESIAN_POINT('',(0.0554802320306358,0.0874940603748834,0.033182));
#8123=CARTESIAN_POINT('',(0.0554802320306358,0.0874940603748834,0.033182));
#8124=CARTESIAN_POINT('',(0.054644603056948,0.0874940603748834,0.033182));
#8125=CARTESIAN_POINT('',(0.0554802320306358,0.0872853229287333,0.033182));
#8126=CARTESIAN_POINT('',(0.0554802320306358,0.0872853229287333,0.033182));
#8127=CARTESIAN_POINT('',(0.0597908800922496,0.0857591449816142,0.033182));
#8128=CARTESIAN_POINT('',(0.0603112062391552,0.0857591449816142,0.032928));
#8129=CARTESIAN_POINT('',(0.0603112062391552,0.0857591449816142,0.032928));
#8130=CARTESIAN_POINT('',(0.0659454649591437,0.088623756090625,0.058328));
#8131=CARTESIAN_POINT('',(0.0659454649591437,0.088623756090625,0.033309));
#8132=CARTESIAN_POINT('',(0.0643800138719622,0.088623756090625,0.033309));
#8133=CARTESIAN_POINT('',(0.0673498545085994,0.088623756090625,0.033309));
#8134=CARTESIAN_POINT('',(0.0661361356491492,0.088623756090625,0.0321130851675346));
#8135=CARTESIAN_POINT('',(0.0661361356491492,0.088623756090625,0.033817));
#8136=CARTESIAN_POINT('',(0.0659454649591437,0.088623756090625,0.033817));
#8137=CARTESIAN_POINT('',(0.0629291832576852,0.088623756090625,0.0338169999854376));
#8138=CARTESIAN_POINT('',(0.062929183269147,0.088623756090625,0.033817));
#8139=CARTESIAN_POINT('',(0.0633380758066269,0.088623756090625,0.0334852879957198));
#8140=CARTESIAN_POINT('',(0.0638538208429358,0.088623756090625,0.033309));
#8141=CARTESIAN_POINT('',(0.0643800138719622,0.088623756090625,0.033309));
#8142=CARTESIAN_POINT('',(0.0659454649591437,0.0828945338726044,0.058328));
#8143=CARTESIAN_POINT('',(0.0659454649591437,0.0828945338726044,0.033817));
#8144=CARTESIAN_POINT('',(0.062929183269146,0.0828945338726044,0.033817));
#8145=CARTESIAN_POINT('',(0.0661361356491492,0.0828945338726044,0.033817));
#8146=CARTESIAN_POINT('',(0.0661361356491492,0.0828945338726044,0.0321130851675346));
#8147=CARTESIAN_POINT('',(0.0673498545085994,0.0828945338726044,0.033309));
#8148=CARTESIAN_POINT('',(0.0659454649591437,0.0828945338726044,0.033309));
#8149=CARTESIAN_POINT('',(0.0643800138719615,0.0828945338726044,0.0333089999999996));
#8150=CARTESIAN_POINT('',(0.0643800138719615,0.0828945338726044,0.033309));
#8151=CARTESIAN_POINT('',(0.063853820842935,0.0828945338726044,0.033309));
#8152=CARTESIAN_POINT('',(0.063338075806626,0.0828945338726044,0.0334852879957198));
#8153=CARTESIAN_POINT('',(0.0629291832691459,0.0828945338726044,0.033817));
#8154=CARTESIAN_POINT('',(0.0659454649591437,0.088623756090625,0.058328));
#8155=CARTESIAN_POINT('',(0.0659454649591437,0.088623756090625,0.035341));
#8156=CARTESIAN_POINT('',(0.0643800138719622,0.088623756090625,0.0353409999982612));
#8157=CARTESIAN_POINT('',(0.0682210504816146,0.088623756090625,0.035340999999996));
#8158=CARTESIAN_POINT('',(0.0682210504816146,0.088623756090625,0.058328));
#8159=CARTESIAN_POINT('',(0.0625870066067788,0.088623756090625,0.03623));
#8160=CARTESIAN_POINT('',(0.0627680881429252,0.088623756090625,0.0359300153718889));
#8161=CARTESIAN_POINT('',(0.0633513829164123,0.088623756090625,0.0355066770215154));
#8162=CARTESIAN_POINT('',(0.0640308429977137,0.088623756090625,0.035341));
#8163=CARTESIAN_POINT('',(0.0643800138719622,0.088623756090625,0.035341));
#8164=CARTESIAN_POINT('',(0.0659454649591437,0.0828945338726044,0.058328));
#8165=CARTESIAN_POINT('',(0.0682210504816146,0.0828945338726044,0.058328));
#8166=CARTESIAN_POINT('',(0.0682210504816146,0.0828945338707123,0.0353409731505058));
#8167=CARTESIAN_POINT('',(0.0659454649591437,0.0828945338726044,0.035341));
#8168=CARTESIAN_POINT('',(0.0643800138719615,0.0828945338726044,0.035341));
#8169=CARTESIAN_POINT('',(0.0643800138719615,0.0828945338726044,0.035341));
#8170=CARTESIAN_POINT('',(0.0640308429977129,0.0828945338726044,0.035341));
#8171=CARTESIAN_POINT('',(0.0633513829164115,0.0828945338726044,0.0355066770215155));
#8172=CARTESIAN_POINT('',(0.0627680881429239,0.0828945338726044,0.0359300153718888));
#8173=CARTESIAN_POINT('',(0.0625870066067775,0.0828945338726044,0.03623));
#8174=CARTESIAN_POINT('',(0.0661361356491492,0.089004756090625,0.0321130851675346));
#8175=CARTESIAN_POINT('',(0.0661361356491492,0.089004756090625,0.033817));
#8176=CARTESIAN_POINT('',(0.0680551936666313,0.089004756090625,0.032928));
#8177=CARTESIAN_POINT('',(0.0680551936666313,0.0889225366967438,0.032928));
#8178=CARTESIAN_POINT('',(0.0679717422756448,0.088778759115828,0.0329836129128247));
#8179=CARTESIAN_POINT('',(0.0677163372635911,0.0886447867581073,0.0331379964091558));
#8180=CARTESIAN_POINT('',(0.0674983310578494,0.088623756090625,0.0332467461825235));
#8181=CARTESIAN_POINT('',(0.0673498545085993,0.088623756090625,0.033309));
#8182=CARTESIAN_POINT('',(0.0603112062391552,0.089004756090625,0.033309));
#8183=CARTESIAN_POINT('',(0.0643800138719622,0.089004756090625,0.033309));
#8184=CARTESIAN_POINT('',(0.0659454649591437,0.089004756090625,0.033817));
#8185=CARTESIAN_POINT('',(0.062929183269147,0.089004756090625,0.033817));
#8186=CARTESIAN_POINT('',(0.0643800138719622,0.088623756090625,0.033309));
#8187=CARTESIAN_POINT('',(0.0643800138719622,0.0886237560906249,0.032928));
#8188=CARTESIAN_POINT('',(0.0643800138719622,0.089004756090625,0.032928));
#8189=CARTESIAN_POINT('',(0.0638537234253978,0.088623756090625,0.0333090000393069));
#8190=CARTESIAN_POINT('',(0.0638143988074931,0.0886237560906393,0.0329943293386903));
#8191=CARTESIAN_POINT('',(0.0637604697465694,0.0889321025388541,0.032928));
#8192=CARTESIAN_POINT('',(0.0633359120404514,0.088623756090625,0.033487043413432));
#8193=CARTESIAN_POINT('',(0.0632469575841962,0.0886237560906111,0.0332384894440336));
#8194=CARTESIAN_POINT('',(0.0631749544624065,0.0888466808282326,0.0331567400739896));
#8195=CARTESIAN_POINT('',(0.0629291832691485,0.088623756090625,0.0338169999999964));
#8196=CARTESIAN_POINT('',(0.0628094663085297,0.088623756090625,0.0336694280967327));
#8197=CARTESIAN_POINT('',(0.0627374452590955,0.0887755486358702,0.0335806496706424));
#8198=CARTESIAN_POINT('',(0.0627374452590937,0.0887755486358697,0.0335806496706468));
#8199=CARTESIAN_POINT('',(0.0627819836624226,0.0886816788900728,0.0336355509721296));
#8200=CARTESIAN_POINT('',(0.0628551493260258,0.088623756090625,0.0337257403335668));
#8201=CARTESIAN_POINT('',(0.062929183269147,0.088623756090625,0.033817));
#8202=CARTESIAN_POINT('',(0.062929183269147,0.089004756090625,0.033817));
#8203=CARTESIAN_POINT('',(0.062929183269147,0.089004756090625,0.033817));
#8204=CARTESIAN_POINT('',(0.0602141449816146,0.0857591449816151,0.033817));
#8205=CARTESIAN_POINT('',(0.0621336253253433,0.0895302216957293,0.033817));
#8206=CARTESIAN_POINT('',(0.0659454649591437,0.0825135338726044,0.033309));
#8207=CARTESIAN_POINT('',(0.0643800138719615,0.0825135338726044,0.033309));
#8208=CARTESIAN_POINT('',(0.0680551936666313,0.0825135338726044,0.032928));
#8209=CARTESIAN_POINT('',(0.0680551936666313,0.0825957532664855,0.032928));
#8210=CARTESIAN_POINT('',(0.0679717422756448,0.0827395308474013,0.0329836129128247));
#8211=CARTESIAN_POINT('',(0.0677163372635911,0.0828735032051221,0.0331379964091558));
#8212=CARTESIAN_POINT('',(0.0674983310578494,0.0828945338726044,0.0332467461825235));
#8213=CARTESIAN_POINT('',(0.0673498545085993,0.0828945338726044,0.033309));
#8214=CARTESIAN_POINT('',(0.0661361356491492,0.0825135338726044,0.0321130851675346));
#8215=CARTESIAN_POINT('',(0.0661361356491492,0.0825135338726044,0.033817));
#8216=CARTESIAN_POINT('',(0.0610500997976243,0.0874014903960945,0.033817));
#8217=CARTESIAN_POINT('',(0.0597120504816146,0.0893801638262465,0.034198));
#8218=CARTESIAN_POINT('',(0.0596712672293264,0.0892646964158596,0.034198));
#8219=CARTESIAN_POINT('',(0.0596281910745156,0.0891516993849749,0.0341782264973142));
#8220=CARTESIAN_POINT('',(0.0595856646008789,0.0890417322294567,0.034147376708476));
#8221=CARTESIAN_POINT('',(0.0595856645858131,0.089041732208192,0.0341473767573382));
#8222=CARTESIAN_POINT('',(0.0595856646008789,0.0890417322294568,0.034147376708476));
#8223=CARTESIAN_POINT('',(0.0594016648201631,0.0889542577812786,0.034180285242571));
#8224=CARTESIAN_POINT('',(0.059225874077133,0.0888480617693484,0.034198));
#8225=CARTESIAN_POINT('',(0.0590607138436663,0.0887235600014701,0.034198));
#8226=CARTESIAN_POINT('',(0.0586614758181617,0.0874014903960945,0.033817));
#8227=CARTESIAN_POINT('',(0.0643800138719615,0.0825135338726044,0.032928));
#8228=CARTESIAN_POINT('',(0.0643800138719615,0.0828945338726045,0.032928));
#8229=CARTESIAN_POINT('',(0.0643800138719615,0.0828945338726044,0.033309));
#8230=CARTESIAN_POINT('',(0.0637604697465649,0.0825861874243644,0.032928));
#8231=CARTESIAN_POINT('',(0.0638143988074859,0.0828945338726009,0.0329943293386811));
#8232=CARTESIAN_POINT('',(0.063853723425397,0.0828945338726044,0.0333090000393069));
#8233=CARTESIAN_POINT('',(0.0631749544643761,0.0826716091339001,0.0331567400713277));
#8234=CARTESIAN_POINT('',(0.0632469575856331,0.0828945338726049,0.0332384894404296));
#8235=CARTESIAN_POINT('',(0.06333591204159,0.0828945338726044,0.0334870434106409));
#8236=CARTESIAN_POINT('',(0.0627374452590927,0.0827427413273598,0.0335806496706468));
#8237=CARTESIAN_POINT('',(0.0628094663085271,0.0828945338726044,0.0336694280967369));
#8238=CARTESIAN_POINT('',(0.062929183269146,0.0828945338726044,0.033817));
#8239=CARTESIAN_POINT('',(0.0629291832691459,0.0828945338726044,0.033817));
#8240=CARTESIAN_POINT('',(0.0628551493260247,0.0828945338726044,0.0337257403335668));
#8241=CARTESIAN_POINT('',(0.0627819836624218,0.0828366110731568,0.0336355509721295));
#8242=CARTESIAN_POINT('',(0.0627374452590926,0.0827427413273597,0.0335806496706467));
#8243=CARTESIAN_POINT('',(0.0603112062391552,0.0825135338726044,0.033817));
#8244=CARTESIAN_POINT('',(0.0629291832691459,0.0825135338726044,0.033817));
#8245=CARTESIAN_POINT('',(0.0586614758181617,0.0857591449816142,0.033817));
#8246=CARTESIAN_POINT('',(0.0586614758181617,0.0841167995671358,0.033817));
#8247=CARTESIAN_POINT('',(0.0629291832691459,0.0825135338726044,0.033817));
#8248=CARTESIAN_POINT('',(0.0629291832691459,0.0825135338726044,0.033817));
#8249=CARTESIAN_POINT('',(0.0610500997976243,0.0841167995671358,0.033817));
#8250=CARTESIAN_POINT('',(0.0590607138436662,0.0827947299617603,0.034198));
#8251=CARTESIAN_POINT('',(0.0592267664393608,0.0826695555097094,0.034198));
#8252=CARTESIAN_POINT('',(0.0594018899327096,0.0825639251622815,0.0341802449809801));
#8253=CARTESIAN_POINT('',(0.0595856646008795,0.0824765577337732,0.0341473767084759));
#8254=CARTESIAN_POINT('',(0.059585664469324,0.0824765573141944,0.0341473769874808));
#8255=CARTESIAN_POINT('',(0.0595856646008795,0.0824765577337732,0.0341473767084759));
#8256=CARTESIAN_POINT('',(0.0596281910745134,0.0823665905782567,0.0341782264973145));
#8257=CARTESIAN_POINT('',(0.0596712672293264,0.0822535935473706,0.034198));
#8258=CARTESIAN_POINT('',(0.0597120504816146,0.0821381261369838,0.034198));
#8259=CARTESIAN_POINT('',(0.0621336253253432,0.0819880682675009,0.033817));
#8260=CARTESIAN_POINT('',(0.0602141449816146,0.0857591449816151,0.033817));
#8261=CARTESIAN_POINT('',(-0.0185258425183865,0.089004756090625,0.035341));
#8262=CARTESIAN_POINT('',(0.0682210504816146,0.089004756090625,0.035341));
#8263=CARTESIAN_POINT('',(0.0643800138719622,0.089004756090625,0.035341));
#8264=CARTESIAN_POINT('',(0.0643800138719622,0.088623756090625,0.0353453736971435));
#8265=CARTESIAN_POINT('',(0.0643800138719622,0.088623756090625,0.0352548421864089));
#8266=CARTESIAN_POINT('',(0.0643800138719622,0.088659050979637,0.0351489105686567));
#8267=CARTESIAN_POINT('',(0.0643800138719622,0.0888080347683124,0.0349979094948201));
#8268=CARTESIAN_POINT('',(0.0643800138719622,0.0889142245798904,0.03496));
#8269=CARTESIAN_POINT('',(0.0643800138719622,0.089004756090625,0.03496));
#8270=CARTESIAN_POINT('',(0.0640125277751158,0.0886237560906249,0.0353450819483476));
#8271=CARTESIAN_POINT('',(0.0639970238927275,0.0886237560906275,0.0352605899387955));
#8272=CARTESIAN_POINT('',(0.0639788826804566,0.0886533859859152,0.0351646309195628));
#8273=CARTESIAN_POINT('',(0.0639530231436496,0.0887783365604996,0.0350180311991291));
#8274=CARTESIAN_POINT('',(0.0639465309910695,0.0888694298189398,0.0349720790128013));
#8275=CARTESIAN_POINT('',(0.063946530990769,0.0889539218244933,0.03496));
#8276=CARTESIAN_POINT('',(0.0636568145568471,0.088623756090625,0.0354353772308378));
#8277=CARTESIAN_POINT('',(0.063632005148677,0.0886237560906258,0.0353612385987018));
#8278=CARTESIAN_POINT('',(0.0636041494722789,0.0886477860424937,0.0352794623206966));
#8279=CARTESIAN_POINT('',(0.0635592964356598,0.088749049362182,0.0351468815777932));
#8280=CARTESIAN_POINT('',(0.0635433490092316,0.0888237584389206,0.035098763231841));
#8281=CARTESIAN_POINT('',(0.0635366584582924,0.0888984929534209,0.0350766489171935));
#8282=CARTESIAN_POINT('',(0.0629958461223452,0.088623756090625,0.0357620754845877));
#8283=CARTESIAN_POINT('',(0.0629590386379591,0.0886237560906243,0.0357133505186744));
#8284=CARTESIAN_POINT('',(0.0629200924179891,0.0886374452675508,0.035661942738338));
#8285=CARTESIAN_POINT('',(0.0628517904883645,0.0886950535576558,0.0355689708556469));
#8286=CARTESIAN_POINT('',(0.0628229719473961,0.0887383617971192,0.035527883775091));
#8287=CARTESIAN_POINT('',(0.0628035294538094,0.0887881248270515,0.0354979497251044));
#8288=CARTESIAN_POINT('',(0.0626898367511997,0.088623756090625,0.0359982946620656));
#8289=CARTESIAN_POINT('',(0.0626519735452792,0.0886237560906245,0.0359634366688989));
#8290=CARTESIAN_POINT('',(0.0626126842784859,0.0886327294896199,0.0359273945835161));
#8291=CARTESIAN_POINT('',(0.0625398667795818,0.0886704789988249,0.0358598301311109));
#8292=CARTESIAN_POINT('',(0.0625065788698907,0.0886988762251665,0.0358284892050057));
#8293=CARTESIAN_POINT('',(0.062479669543176,0.088733051459967,0.0358022914203913));
#8294=CARTESIAN_POINT('',(0.0625356737368287,0.0886237560906251,0.0363303752001904));
#8295=CARTESIAN_POINT('',(0.0624976433668904,0.088623756090625,0.0363126771599605));
#8296=CARTESIAN_POINT('',(0.0624585432713657,0.088630423195385,0.0362944806726107));
#8297=CARTESIAN_POINT('',(0.062384572928494,0.0886584652725246,0.036260054728414));
#8298=CARTESIAN_POINT('',(0.0623498531641879,0.0886795794360946,0.0362438953260253));
#8299=CARTESIAN_POINT('',(0.0623199884271223,0.0887055476208958,0.0362299948271025));
#8300=CARTESIAN_POINT('',(0.0659454649591437,0.0825135338726044,0.035341));
#8301=CARTESIAN_POINT('',(0.0682210504816146,0.0825135338726044,0.035341));
#8302=CARTESIAN_POINT('',(0.0643800138719615,0.0825135338726044,0.035341));
#8303=CARTESIAN_POINT('',(0.0643800138719615,0.0825135338726044,0.03496));
#8304=CARTESIAN_POINT('',(0.0643800138719615,0.0826040819691316,0.03496));
#8305=CARTESIAN_POINT('',(0.0643800138719615,0.0827102940797241,0.0349979258027286));
#8306=CARTESIAN_POINT('',(0.0643800138719615,0.0828592819759777,0.0351489772592816));
#8307=CARTESIAN_POINT('',(0.0643800138719615,0.0828945338726044,0.0352549251153719));
#8308=CARTESIAN_POINT('',(0.0643800138719615,0.0828945338726044,0.0353454732118991));
#8309=CARTESIAN_POINT('',(0.0639465309907657,0.0825643681387285,0.03496));
#8310=CARTESIAN_POINT('',(0.063946530991067,0.082648875623612,0.0349720812257309));
#8311=CARTESIAN_POINT('',(0.0639530259364425,0.0827399864442782,0.035018049605489));
#8312=CARTESIAN_POINT('',(0.0639788941014917,0.0828649396047626,0.03516469309109));
#8313=CARTESIAN_POINT('',(0.0639970380946427,0.0828945338726038,0.0352606673354348));
#8314=CARTESIAN_POINT('',(0.064012544817414,0.0828945338726044,0.0353451748243155));
#8315=CARTESIAN_POINT('',(0.0635366584582913,0.0826197970098067,0.0350766489171936));
#8316=CARTESIAN_POINT('',(0.0635433502349697,0.0826945452160179,0.0350987672832861));
#8317=CARTESIAN_POINT('',(0.0635593026184649,0.0827692676355542,0.0351469000998449));
#8318=CARTESIAN_POINT('',(0.0636041679424406,0.0828705325372974,0.0352795166700365));
#8319=CARTESIAN_POINT('',(0.0636320278746687,0.0828945338726044,0.0353613065114081));
#8320=CARTESIAN_POINT('',(0.0636568418280383,0.0828945338726044,0.0354354587260852));
#8321=CARTESIAN_POINT('',(0.0628035294538091,0.0827301651361796,0.0354979497251041));
#8322=CARTESIAN_POINT('',(0.0628229755093516,0.0827799372829286,0.0355278892591474));
#8323=CARTESIAN_POINT('',(0.0628518012242461,0.0828232520654397,0.0355689860485026));
#8324=CARTESIAN_POINT('',(0.062920119222777,0.0828808606953221,0.035661978645133));
#8325=CARTESIAN_POINT('',(0.0629590723544684,0.0828945338726043,0.0357133951518726));
#8326=CARTESIAN_POINT('',(0.0629958865821556,0.0828945338726044,0.0357621290444259));
#8327=CARTESIAN_POINT('',(0.0624796695431742,0.0827852385032615,0.0358022914203904));
#8328=CARTESIAN_POINT('',(0.0625065837998035,0.0828194199991224,0.0358284940045596));
#8329=CARTESIAN_POINT('',(0.0625398790475384,0.0828478212735851,0.0358598416665529));
#8330=CARTESIAN_POINT('',(0.0626127120326299,0.0828855709102144,0.0359274201828965));
#8331=CARTESIAN_POINT('',(0.0626520082288538,0.0828945338726036,0.0359634685996277));
#8332=CARTESIAN_POINT('',(0.0626898783714884,0.0828945338726044,0.0359983329789414));
#8333=CARTESIAN_POINT('',(0.0623199884271214,0.0828127423423336,0.0362299948271019));
#8334=CARTESIAN_POINT('',(0.0623498586355454,0.0828387152846266,0.0362438978726606));
#8335=CARTESIAN_POINT('',(0.0623845856923548,0.0828598323676264,0.0362600606690095));
#8336=CARTESIAN_POINT('',(0.0624585711630659,0.0828878745018425,0.0362944936531935));
#8337=CARTESIAN_POINT('',(0.0624976782035902,0.0828945338726044,0.0363126933717753));
#8338=CARTESIAN_POINT('',(0.0625357155408686,0.0828945338726044,0.0363303946543683));
#8339=CARTESIAN_POINT('',(0.0637760504816146,0.0653121449816142,0.034579));
#8340=CARTESIAN_POINT('',(0.0597120504816146,0.0653121449816142,0.034579));
#8341=CARTESIAN_POINT('',(-0.0185258425183865,0.106206144981614,0.034579));
#8342=CARTESIAN_POINT('',(0.0597120504816146,0.106206144981614,0.034579));
#8343=CARTESIAN_POINT('',(0.0626227570106425,0.0966230236229905,0.04004));
#8344=CARTESIAN_POINT('',(0.0633686269095281,0.0964121895331794,0.0387636193676066));
#8345=CARTESIAN_POINT('',(0.0632403865007429,0.0964484390854185,0.0390669627655853));
#8346=CARTESIAN_POINT('',(0.0628223384644029,0.0965666081888651,0.0396462760962943));
#8347=CARTESIAN_POINT('',(0.0621854998570002,0.0967466225430425,0.0399401565983849));
#8348=CARTESIAN_POINT('',(0.0618723080262488,0.0968351520770422,0.0400022135127988));
#8349=CARTESIAN_POINT('',(0.0633686269095281,0.0964121895331794,0.0387636193676066));
#8350=CARTESIAN_POINT('',(0.0618723075018784,0.0968351522252652,0.0400022137362464));
#8351=CARTESIAN_POINT('',(0.0618723080262488,0.0968351520770422,0.0400022135127988));
#8352=CARTESIAN_POINT('',(0.0617160111381189,0.0968793323183931,0.0396092819937587));
#8353=CARTESIAN_POINT('',(0.0614447631087287,0.0969560056517385,0.0392499315029144));
#8354=CARTESIAN_POINT('',(0.0611147519836415,0.097049289474144,0.0389986002014907));
#8355=CARTESIAN_POINT('',(0.061114735529476,0.0970492941252219,0.0389986235329579));
#8356=CARTESIAN_POINT('',(0.0626227570106425,0.0966230236229905,0.0389986));
#8357=CARTESIAN_POINT('',(0.0631858028992884,0.0964638681464794,0.0385247159020629));
#8358=CARTESIAN_POINT('',(0.0631858028992884,0.0964638681464794,0.0386355704905571));
#8359=CARTESIAN_POINT('',(0.063264723337412,0.0964415598229417,0.0387385362347721));
#8360=CARTESIAN_POINT('',(0.0633686269095281,0.0964121895331794,0.0387636193676066));
#8361=CARTESIAN_POINT('',(0.0639835678656825,0.0700246808489754,0.04004));
#8362=CARTESIAN_POINT('',(0.0628473142791467,0.0697072187661607,0.0379048110502127));
#8363=CARTESIAN_POINT('',(0.0647300715863068,0.0702332492784058,0.0387636175906023));
#8364=CARTESIAN_POINT('',(0.0632331013371218,0.0698150052360113,0.0400020907821773));
#8365=CARTESIAN_POINT('',(0.0611291966080993,0.0692271875294415,0.0409052002));
#8366=CARTESIAN_POINT('',(0.0624749504910461,0.0696031826732168,0.0389985994139024));
#8367=CARTESIAN_POINT('',(0.0639835678656825,0.0700246808489754,0.0389986));
#8368=CARTESIAN_POINT('',(0.0645471285202409,0.0701821361400377,0.0385247172574526));
#8369=CARTESIAN_POINT('',(0.0645471291109396,0.0701821363050752,0.038635560920169));
#8370=CARTESIAN_POINT('',(0.0646260907661448,0.0702041976933259,0.0387385295084498));
#8371=CARTESIAN_POINT('',(0.0647300715863069,0.0702332492784057,0.0387636175906022));
#8372=CARTESIAN_POINT('',(0.0626227570106425,0.0748952663402398,0.04004));
#8373=CARTESIAN_POINT('',(0.0626227570106425,0.0748952663402398,0.0389986));
#8374=CARTESIAN_POINT('',(0.061114735487882,0.0744689958262511,0.0389986235012099));
#8375=CARTESIAN_POINT('',(0.0611147519420146,0.0744690004773197,0.0389986001697883));
#8376=CARTESIAN_POINT('',(0.0614447630854356,0.0745622843049076,0.0392499314732149));
#8377=CARTESIAN_POINT('',(0.0617160111315472,0.0746389576429796,0.0396092819772376));
#8378=CARTESIAN_POINT('',(0.0618723080262488,0.0746831378861881,0.0400022135127989));
#8379=CARTESIAN_POINT('',(0.0618723075024307,0.0746831377381211,0.0400022137376339));
#8380=CARTESIAN_POINT('',(0.0618723080262488,0.0746831378861881,0.0400022135127989));
#8381=CARTESIAN_POINT('',(0.0621854998570003,0.0747716674201878,0.0399401565983851));
#8382=CARTESIAN_POINT('',(0.062822338464403,0.0749516817743653,0.0396462760962947));
#8383=CARTESIAN_POINT('',(0.0632403865007432,0.0750698508778119,0.0390669627655857));
#8384=CARTESIAN_POINT('',(0.0633686269095285,0.075106100430051,0.038763619367607));
#8385=CARTESIAN_POINT('',(0.0633686269095285,0.0751061004300509,0.0387636193676069));
#8386=CARTESIAN_POINT('',(0.0633686269095285,0.075106100430051,0.0387636193676069));
#8387=CARTESIAN_POINT('',(0.0632647232070083,0.0750767301034276,0.0387385362032924));
#8388=CARTESIAN_POINT('',(0.0631858029126067,0.0750544218048051,0.0386355706452532));
#8389=CARTESIAN_POINT('',(0.063185802917172,0.0750544218060956,0.0385247158915814));
#8390=CARTESIAN_POINT('',(0.0578575603951389,0.0839518494079176,0.0379048110502127));
#8391=CARTESIAN_POINT('',(0.0581801662020845,0.0838617153809586,0.0400135626244392));
#8392=CARTESIAN_POINT('',(0.0631673840832719,0.101711860362342,0.0400135626244392));
#8393=CARTESIAN_POINT('',(0.0618122936774882,0.0968617189170514,0.0400135613399607));
#8394=CARTESIAN_POINT('',(0.0618122593762654,0.0968616628075691,0.0400135641749669));
#8395=CARTESIAN_POINT('',(0.0618310941634422,0.0968499779128242,0.0400101834041482));
#8396=CARTESIAN_POINT('',(0.0618511046953113,0.0968411226612702,0.0400064136317565));
#8397=CARTESIAN_POINT('',(0.0618723076203251,0.0968351526003436,0.0400022136141922));
#8398=CARTESIAN_POINT('',(0.0633686269095281,0.0964121895331794,0.0387636193676066));
#8399=CARTESIAN_POINT('',(0.0635171464990071,0.0969538204037966,0.0387697767600673));
#8400=CARTESIAN_POINT('',(0.0636681781746175,0.0974948004888151,0.03877));
#8401=CARTESIAN_POINT('',(0.063819312945688,0.0980357388716181,0.03877));
#8402=CARTESIAN_POINT('',(0.0638193129456881,0.0980357388716181,0.03877));
#8403=CARTESIAN_POINT('',(0.0638193129456881,0.0980357388716181,0.03877));
#8404=CARTESIAN_POINT('',(0.0639708478762076,0.0985781094966757,0.03877));
#8405=CARTESIAN_POINT('',(0.0641223828067271,0.0991204801217331,0.03877));
#8406=CARTESIAN_POINT('',(0.0642739177372467,0.0996628507467906,0.03877));
#8407=CARTESIAN_POINT('',(0.0642739177372467,0.0996628507467906,0.03877));
#8408=CARTESIAN_POINT('',(0.0642739177372467,0.0996628507467906,0.03877));
#8409=CARTESIAN_POINT('',(0.0644250675452105,0.100203842949325,0.03877));
#8410=CARTESIAN_POINT('',(0.0645763248840657,0.100744809413801,0.0387697768297545));
#8411=CARTESIAN_POINT('',(0.0647300715863066,0.101285040684825,0.0387636175906019));
#8412=CARTESIAN_POINT('',(0.0632331013371218,0.101703284727219,0.0400020907821773));
#8413=CARTESIAN_POINT('',(0.0632116777430641,0.101709270344225,0.040006339196785));
#8414=CARTESIAN_POINT('',(0.0631897670509719,0.101712109883645,0.0400101490478545));
#8415=CARTESIAN_POINT('',(0.0631673840832719,0.101711860362342,0.0400135626244392));
#8416=CARTESIAN_POINT('',(0.0560124691777446,0.0941703520985824,0.0379048110502127));
#8417=CARTESIAN_POINT('',(0.0563350749846896,0.0942604861255412,0.0400135626244393));
#8418=CARTESIAN_POINT('',(0.0618122787121257,0.0746565620673984,0.0400135640518649));
#8419=CARTESIAN_POINT('',(0.063167384083272,0.0698064296008878,0.0400135626244393));
#8420=CARTESIAN_POINT('',(0.063167384083272,0.0698064296008878,0.0400135626244393));
#8421=CARTESIAN_POINT('',(0.063189767050972,0.0698061800795856,0.0400101490478545));
#8422=CARTESIAN_POINT('',(0.0632116777430642,0.0698090196190051,0.040006339196785));
#8423=CARTESIAN_POINT('',(0.0632331013371218,0.0698150052360113,0.0400020907821773));
#8424=CARTESIAN_POINT('',(0.0647300715863069,0.0702332492784058,0.0387636175906022));
#8425=CARTESIAN_POINT('',(0.0645763261353819,0.0707734761525882,0.0387697767796258));
#8426=CARTESIAN_POINT('',(0.0644250670459712,0.0713144488007737,0.03877));
#8427=CARTESIAN_POINT('',(0.0642739177372786,0.0718554392163271,0.03877));
#8428=CARTESIAN_POINT('',(0.0642739177372788,0.0718554392163271,0.03877));
#8429=CARTESIAN_POINT('',(0.0642739177372786,0.0718554392163271,0.03877));
#8430=CARTESIAN_POINT('',(0.0641223828067391,0.0723978098414563,0.03877));
#8431=CARTESIAN_POINT('',(0.0639708478761995,0.0729401804665855,0.03877));
#8432=CARTESIAN_POINT('',(0.0638193129456599,0.0734825510917147,0.03877));
#8433=CARTESIAN_POINT('',(0.0638193129456601,0.0734825510917147,0.03877));
#8434=CARTESIAN_POINT('',(0.0638193129456599,0.0734825510917147,0.03877));
#8435=CARTESIAN_POINT('',(0.0636681776756239,0.0740234912604048,0.03877));
#8436=CARTESIAN_POINT('',(0.0635171477071574,0.0745644651534744,0.0387697768101555));
#8437=CARTESIAN_POINT('',(0.0633686269095285,0.0751061004300509,0.0387636193676069));
#8438=CARTESIAN_POINT('',(0.061872307525674,0.0746831374785644,0.0400022134860289));
#8439=CARTESIAN_POINT('',(0.0618510989174707,0.0746771658151555,0.0400064146291006));
#8440=CARTESIAN_POINT('',(0.0618310835396749,0.0746683073606057,0.0400101853998545));
#8441=CARTESIAN_POINT('',(0.0618122445404044,0.0746566179419937,0.0400135668348438));
#8442=CARTESIAN_POINT('',(0.0604491295205098,0.0998570206672128,0.0409052002));
#8443=CARTESIAN_POINT('',(0.0598323202845119,0.0976493500679493,0.03877));
#8444=CARTESIAN_POINT('',(0.0605709938781207,0.097440781079441,0.03877));
#8445=CARTESIAN_POINT('',(0.0612939037119886,0.0972366163859419,0.0392194784814734));
#8446=CARTESIAN_POINT('',(0.0616427878003151,0.0971369521258082,0.0398958560602169));
#8447=CARTESIAN_POINT('',(0.0616426861069489,0.0971369807092466,0.0398959318341413));
#8448=CARTESIAN_POINT('',(0.0622612983756918,0.0993507121230682,0.0398958560602169));
#8449=CARTESIAN_POINT('',(0.0628798518573686,0.101564625689652,0.0398958560602169));
#8450=CARTESIAN_POINT('',(0.0610676830021866,0.102070934233797,0.0409052002));
#8451=CARTESIAN_POINT('',(0.0555804636775971,0.0890870953241378,0.0409052002));
#8452=CARTESIAN_POINT('',(0.0610676830021867,0.0694473557294333,0.0409052002));
#8453=CARTESIAN_POINT('',(0.0628798518573688,0.0699536642735779,0.0398958560602169));
#8454=CARTESIAN_POINT('',(0.0573926325327792,0.0895934038682824,0.0398958560602169));
#8455=CARTESIAN_POINT('',(0.0616426785029946,0.0743813072062125,0.0398959172169174));
#8456=CARTESIAN_POINT('',(0.0616427878003152,0.0743813378374221,0.0398958560602169));
#8457=CARTESIAN_POINT('',(0.0612939037119887,0.0742816735772884,0.0392194784814734));
#8458=CARTESIAN_POINT('',(0.0605709938781207,0.0740775088837893,0.03877));
#8459=CARTESIAN_POINT('',(0.0598323202845119,0.073868939895281,0.03877));
#8460=CARTESIAN_POINT('',(0.110898603326986,0.0857591449816128,0.0385247159020629));
#8461=CARTESIAN_POINT('',(0.110898603326983,0.0857591449816127,0.0385247159020629));
#8462=CARTESIAN_POINT('',(0.0597120504816146,0.106206144981614,0.034579));
#8463=CARTESIAN_POINT('',(0.0597120504816146,0.106206144981614,0.034579));
#8464=CARTESIAN_POINT('',(0.0597120504816146,0.0857591449816142,0.034579));
#8465=CARTESIAN_POINT('',(0.0597120504816146,0.0905685280585811,0.034579));
#8466=CARTESIAN_POINT('',(0.0597120504816146,0.0893801638262465,0.034579));
#8467=CARTESIAN_POINT('',(0.0597120504816146,0.0893801638262465,0.034198));
#8468=CARTESIAN_POINT('',(0.0593310504816146,0.0893801638262465,0.034198));
#8469=CARTESIAN_POINT('',(0.0593310504816146,0.0893801638262465,0.034579));
#8470=CARTESIAN_POINT('',(0.059673515229434,0.08927106106421,0.034198));
#8471=CARTESIAN_POINT('',(0.0593310504816126,0.0892763129061457,0.0342346803275908));
#8472=CARTESIAN_POINT('',(0.0593310504816146,0.089214076102781,0.0345789999539637));
#8473=CARTESIAN_POINT('',(0.0596302492426527,0.0891570279809394,0.034179726805797));
#8474=CARTESIAN_POINT('',(0.059331050481615,0.0891461207606111,0.0342491210625086));
#8475=CARTESIAN_POINT('',(0.0593310504816146,0.0890511543145892,0.0345424536222559));
#8476=CARTESIAN_POINT('',(0.0595856645216889,0.0890417320826622,0.034147376716076));
#8477=CARTESIAN_POINT('',(0.0593310504816146,0.0890064708165752,0.0342296709069882));
#8478=CARTESIAN_POINT('',(0.0593310504816146,0.0889001734779995,0.0344777534323478));
#8479=CARTESIAN_POINT('',(0.059331528828518,0.0892099635790797,0.034547016171879));
#8480=CARTESIAN_POINT('',(0.0593403421550073,0.089212202477546,0.0343695469564326));
#8481=CARTESIAN_POINT('',(0.0594628136229781,0.0891307895319383,0.0342325367409995));
#8482=CARTESIAN_POINT('',(0.0595856645464661,0.0890417321467359,0.034147376734054));
#8483=CARTESIAN_POINT('',(0.0593310504816146,0.0821381261369838,0.034579));
#8484=CARTESIAN_POINT('',(0.0593310504816146,0.0821381261369838,0.034198));
#8485=CARTESIAN_POINT('',(0.0597120504816146,0.0821381261369838,0.034198));
#8486=CARTESIAN_POINT('',(0.0593310504816146,0.0823042137989239,0.0345789999539637));
#8487=CARTESIAN_POINT('',(0.0593310504816126,0.0822419770204671,0.0342346803146589));
#8488=CARTESIAN_POINT('',(0.0596735152437072,0.0822472288585998,0.034198));
#8489=CARTESIAN_POINT('',(0.0593310504816146,0.0824671355279439,0.0345424536493321));
#8490=CARTESIAN_POINT('',(0.0593310504816157,0.0823721691107752,0.0342491210523219));
#8491=CARTESIAN_POINT('',(0.0596302492747045,0.0823612618978128,0.0341797268193335));
#8492=CARTESIAN_POINT('',(0.0593310504816146,0.0826181163174435,0.0344777535042501));
#8493=CARTESIAN_POINT('',(0.0593310504816147,0.0825118189982787,0.0342296709276537));
#8494=CARTESIAN_POINT('',(0.0595856645712366,0.0824765577524379,0.0341473767520272));
#8495=CARTESIAN_POINT('',(0.0597120504816146,0.0821381261369838,0.034579));
#8496=CARTESIAN_POINT('',(0.0595856645712366,0.0824765577524379,0.0341473767520272));
#8497=CARTESIAN_POINT('',(0.0594627738501018,0.082387472173806,0.0342325640461147));
#8498=CARTESIAN_POINT('',(0.0593403159420345,0.0823060892258768,0.0343700704137935));
#8499=CARTESIAN_POINT('',(0.0593315288008879,0.0823083261094313,0.0345470167708184));
#8500=CARTESIAN_POINT('',(0.0593310504816146,0.0905685280585811,0.0345748557430104));
#8501=CARTESIAN_POINT('',(0.0593310504816146,0.0905685280585811,0.0346653490137194));
#8502=CARTESIAN_POINT('',(0.0593664445437626,0.0905685280585811,0.0347712431630477));
#8503=CARTESIAN_POINT('',(0.059515418809887,0.0905685280585811,0.0349221280864207));
#8504=CARTESIAN_POINT('',(0.0596215572109056,0.0905685280585811,0.03496));
#8505=CARTESIAN_POINT('',(0.0597120504816146,0.0905685280585811,0.03496));
#8506=CARTESIAN_POINT('',(0.0593310504816145,0.0899648144576069,0.0345750689689011));
#8507=CARTESIAN_POINT('',(0.059331050481616,0.0899868519537097,0.0346609068961896));
#8508=CARTESIAN_POINT('',(0.0593620629402521,0.090012639968371,0.0347591125717744));
#8509=CARTESIAN_POINT('',(0.0594925069503486,0.090049384418164,0.0349066151790198));
#8510=CARTESIAN_POINT('',(0.0595870122169768,0.0900586072234343,0.0349506893271528));
#8511=CARTESIAN_POINT('',(0.0596728501517809,0.0900586072202886,0.03496));
#8512=CARTESIAN_POINT('',(0.0593310504816146,0.089388778906836,0.0347974137121753));
#8513=CARTESIAN_POINT('',(0.0593310504816155,0.0894252188004429,0.0348683249696469));
#8514=CARTESIAN_POINT('',(0.059355940940364,0.0894658391526735,0.0349466844114351));
#8515=CARTESIAN_POINT('',(0.0594605379933085,0.0895306663433535,0.0350739127648678));
#8516=CARTESIAN_POINT('',(0.0595377209596033,0.0895534014782425,0.0351202378309074));
#8517=CARTESIAN_POINT('',(0.0596149323608968,0.0895624239499434,0.0351414464201582));
#8518=CARTESIAN_POINT('',(0.0593310504816146,0.0888984288808258,0.0351376561338799));
#8519=CARTESIAN_POINT('',(0.0593310504816146,0.0889365326744712,0.0351926645658989));
#8520=CARTESIAN_POINT('',(0.0593489125874936,0.0889776481851083,0.0352520205523568));
#8521=CARTESIAN_POINT('',(0.0594239312780521,0.0890479703138593,0.0353535396222162));
#8522=CARTESIAN_POINT('',(0.0594797342998432,0.0890762989219347,0.0353944351918477));
#8523=CARTESIAN_POINT('',(0.0595393846815417,0.0890935677937882,0.0354193643400405));
#8524=CARTESIAN_POINT('',(0.0595393845921699,0.0890935677769182,0.0354193642964563));
#8525=CARTESIAN_POINT('',(0.0594424034592899,0.0891633074578521,0.0353111064372905));
#8526=CARTESIAN_POINT('',(0.059354143376774,0.0892158018163539,0.0351698123565644));
#8527=CARTESIAN_POINT('',(0.0593344886514635,0.0892107391075993,0.0350061483705792));
#8528=CARTESIAN_POINT('',(0.0589225590749822,0.0890786293748183,0.034579));
#8529=CARTESIAN_POINT('',(0.0589225590749822,0.0890786293748184,0.034198));
#8530=CARTESIAN_POINT('',(0.0590607138436663,0.0887235600014701,0.034198));
#8531=CARTESIAN_POINT('',(0.0591634224240134,0.0891723474557557,0.0345789999868833));
#8532=CARTESIAN_POINT('',(0.0591141491395122,0.0891531756275878,0.0342486994161083));
#8533=CARTESIAN_POINT('',(0.0592205013155857,0.0888440116534249,0.034198));
#8534=CARTESIAN_POINT('',(0.0594092112067966,0.0892375991998004,0.0345458447680341));
#8535=CARTESIAN_POINT('',(0.0593399041814027,0.0892212101900285,0.0342676848293768));
#8536=CARTESIAN_POINT('',(0.0593953702777236,0.0889512685174467,0.0341814223881788));
#8537=CARTESIAN_POINT('',(0.0596519110239798,0.0892763972634159,0.0344777536122527));
#8538=CARTESIAN_POINT('',(0.0595806249828903,0.0892650020841304,0.0342449706168768));
#8539=CARTESIAN_POINT('',(0.0595856646251609,0.0890417322696484,0.0341473768062002));
#8540=CARTESIAN_POINT('',(0.0590607138436663,0.0887235600014701,0.034579));
#8541=CARTESIAN_POINT('',(0.0590607138436662,0.0827947299617603,0.034198));
#8542=CARTESIAN_POINT('',(0.0589225590749821,0.0824396605884122,0.034198));
#8543=CARTESIAN_POINT('',(0.0589225590749822,0.0824396605884122,0.034579));
#8544=CARTESIAN_POINT('',(0.0592205013685514,0.0826742782698835,0.034198));
#8545=CARTESIAN_POINT('',(0.0591141491987939,0.0823651143125916,0.0342486994317944));
#8546=CARTESIAN_POINT('',(0.0591634225038493,0.082345942476411,0.0345789999868833));
#8547=CARTESIAN_POINT('',(0.0593953703936528,0.0825670213746721,0.0341814223771912));
#8548=CARTESIAN_POINT('',(0.0593399043228164,0.0822970797305849,0.0342676848412745));
#8549=CARTESIAN_POINT('',(0.0594092113697459,0.0822806907201708,0.0345458447460548));
#8550=CARTESIAN_POINT('',(0.0595856648143951,0.0824765576036221,0.0341473767723443));
#8551=CARTESIAN_POINT('',(0.0595806252107109,0.0822532878376549,0.0342449705953799));
#8552=CARTESIAN_POINT('',(0.0596519112653275,0.0822418926612326,0.034477753544541));
#8553=CARTESIAN_POINT('',(0.0590607138436662,0.0827947299617603,0.034579));
#8554=CARTESIAN_POINT('',(0.0597120504816146,0.0738737961114583,0.034579));
#8555=CARTESIAN_POINT('',(0.0597120504816146,0.0653121449816142,0.034579));
#8556=CARTESIAN_POINT('',(0.0597120504816146,0.0809497619046492,0.034579));
#8557=CARTESIAN_POINT('',(0.0597120504816146,0.0653121449816142,0.034579));
#8558=CARTESIAN_POINT('',(0.0576175375351358,0.08759647716955,0.03496));
#8559=CARTESIAN_POINT('',(0.0573065231283549,0.0878165477009138,0.03496));
#8560=CARTESIAN_POINT('',(0.057306523128355,0.0878165477009138,0.034579));
#8561=CARTESIAN_POINT('',(0.058041743780025,0.0883203989560421,0.03496));
#8562=CARTESIAN_POINT('',(0.0578034724857135,0.0885188607935895,0.0348943306357445));
#8563=CARTESIAN_POINT('',(0.0578763080314358,0.0886217955118141,0.0345789999933371));
#8564=CARTESIAN_POINT('',(0.0587554444778013,0.0888564025534283,0.0350988845783986));
#8565=CARTESIAN_POINT('',(0.0586494649270611,0.0890920477950334,0.0349718873607956));
#8566=CARTESIAN_POINT('',(0.0587879436161987,0.0891377592194274,0.0347486661897783));
#8567=CARTESIAN_POINT('',(0.0595393849164535,0.0890935654700454,0.0354193654784292));
#8568=CARTESIAN_POINT('',(0.0595640300273903,0.0892623455006619,0.0353176907924955));
#8569=CARTESIAN_POINT('',(0.0596519110867041,0.0892763925186938,0.0351401767075622));
#8570=CARTESIAN_POINT('',(0.0576175375351358,0.08759647716955,0.034579));
#8571=CARTESIAN_POINT('',(0.0602141449816146,0.0857591449816152,0.034579));
#8572=CARTESIAN_POINT('',(0.0576175375351359,0.0839218127936804,0.034579));
#8573=CARTESIAN_POINT('',(0.0597120504816146,0.0809497619046492,0.03496));
#8574=CARTESIAN_POINT('',(0.0596216451170934,0.0809497619046492,0.03496));
#8575=CARTESIAN_POINT('',(0.0595156248890722,0.0809497619046492,0.0349222143825154));
#8576=CARTESIAN_POINT('',(0.0593666727892213,0.0809497619046492,0.0347715964053873));
#8577=CARTESIAN_POINT('',(0.0593310504816146,0.0809497619046492,0.0346657885446583));
#8578=CARTESIAN_POINT('',(0.0593310504816146,0.0809497619046492,0.0345753831801371));
#8579=CARTESIAN_POINT('',(0.0596728501503599,0.0814596827614265,0.03496));
#8580=CARTESIAN_POINT('',(0.0595870955996661,0.0814596827582847,0.0349506983713086));
#8581=CARTESIAN_POINT('',(0.0594926891610834,0.0814688845485203,0.0349067100760534));
#8582=CARTESIAN_POINT('',(0.0593622610345689,0.0815055639911984,0.034759447389931));
#8583=CARTESIAN_POINT('',(0.059331050481616,0.0815313309932374,0.0346613238157001));
#8584=CARTESIAN_POINT('',(0.0593310504816145,0.0815533470826641,0.0345755692725147));
#8585=CARTESIAN_POINT('',(0.0596149323566981,0.0819558660492632,0.0351414464333154));
#8586=CARTESIAN_POINT('',(0.0595377959600571,0.0819648797569669,0.0351202584454313));
#8587=CARTESIAN_POINT('',(0.0594606860399013,0.0819875769208773,0.0350740072058952));
#8588=CARTESIAN_POINT('',(0.0593560978465927,0.0820523087119672,0.0349469606843548));
#8589=CARTESIAN_POINT('',(0.0593310504816153,0.0820928942126832,0.03486866940463));
#8590=CARTESIAN_POINT('',(0.0593310504816146,0.0821292987094249,0.0347978270322812));
#8591=CARTESIAN_POINT('',(0.0595393846733257,0.0824247222204308,0.0354193643702644));
#8592=CARTESIAN_POINT('',(0.0594797922385913,0.0824419743180025,0.0353944594381242));
#8593=CARTESIAN_POINT('',(0.0594240383242579,0.0824702631646023,0.0353536212706686));
#8594=CARTESIAN_POINT('',(0.0593490242581066,0.0825404934676269,0.0352522347683306));
#8595=CARTESIAN_POINT('',(0.0593310504816146,0.0825815722696207,0.0351929317802313));
#8596=CARTESIAN_POINT('',(0.0593310504816146,0.0826196390489904,0.0351379767857537));
#8597=CARTESIAN_POINT('',(0.0593345266510921,0.082307541164907,0.0350064639534168));
#8598=CARTESIAN_POINT('',(0.0593542078065458,0.082302572077175,0.0351694819728187));
#8599=CARTESIAN_POINT('',(0.0594422462198658,0.08235486848814,0.0353109302953515));
#8600=CARTESIAN_POINT('',(0.059539384677434,0.0824247221949345,0.0354193643551513));
#8601=CARTESIAN_POINT('',(0.057306523128355,0.0837017422623165,0.034579));
#8602=CARTESIAN_POINT('',(0.057306523128355,0.0837017422623164,0.03496));
#8603=CARTESIAN_POINT('',(0.0576175375351358,0.0839218127936803,0.03496));
#8604=CARTESIAN_POINT('',(0.0578763079973833,0.0828964944995411,0.0345789999933372));
#8605=CARTESIAN_POINT('',(0.0578034724586258,0.0829994292080553,0.0348943306393319));
#8606=CARTESIAN_POINT('',(0.0580417437547236,0.0831978910505054,0.03496));
#8607=CARTESIAN_POINT('',(0.0587879435072353,0.0823805308054662,0.0347486661695144));
#8608=CARTESIAN_POINT('',(0.0586494648328765,0.0824262422320022,0.0349718873521901));
#8609=CARTESIAN_POINT('',(0.0587554443925031,0.082661887473866,0.0350988845618019));
#8610=CARTESIAN_POINT('',(0.0596519109318313,0.0822418974693877,0.0351401766373815));
#8611=CARTESIAN_POINT('',(0.0595640298738226,0.0822559444911637,0.035317690734431));
#8612=CARTESIAN_POINT('',(0.0595393847759262,0.0824247245356984,0.0354193654209808));
#8613=CARTESIAN_POINT('',(0.0682210504816146,0.0857591449816142,0.03623));
#8614=CARTESIAN_POINT('',(0.0694910504816146,0.089893756090625,0.03623));
#8615=CARTESIAN_POINT('',(0.0694910504816146,0.0896610164348715,0.0358975147774951));
#8616=CARTESIAN_POINT('',(0.069215859094576,0.0891973900615521,0.0352351913870386));
#8617=CARTESIAN_POINT('',(0.0685535357041195,0.089004756090625,0.03496));
#8618=CARTESIAN_POINT('',(0.0682210504816146,0.089004756090625,0.03496));
#8619=CARTESIAN_POINT('',(0.0682210504816146,0.089004756090625,0.03496));
#8620=CARTESIAN_POINT('',(0.0682210504816146,0.0886237560906249,0.03496));
#8621=CARTESIAN_POINT('',(0.0682210504816146,0.088623756090625,0.035341));
#8622=CARTESIAN_POINT('',(0.0683872931629841,0.0890047560906646,0.03496));
#8623=CARTESIAN_POINT('',(0.0684371659462909,0.088623756090897,0.0349600000002693));
#8624=CARTESIAN_POINT('',(0.0683872931629841,0.088623756090625,0.0353410000000416));
#8625=CARTESIAN_POINT('',(0.0687194896198641,0.089051104521304,0.0350262120438532));
#8626=CARTESIAN_POINT('',(0.0688330443107096,0.0887259294197337,0.0350621733291101));
#8627=CARTESIAN_POINT('',(0.0687194896198641,0.088689968134478,0.0353873484306783));
#8628=CARTESIAN_POINT('',(0.0692844328621784,0.0893143825908864,0.035402323571785));
#8629=CARTESIAN_POINT('',(0.0693316647610426,0.0891468998706598,0.0354831437800334));
#8630=CARTESIAN_POINT('',(0.0692844328621784,0.0890660796624112,0.0356506265002609));
#8631=CARTESIAN_POINT('',(0.0694910502492252,0.0896610159959168,0.035897514150423));
#8632=CARTESIAN_POINT('',(0.0694910503181236,0.0896111430267845,0.0359473869361625));
#8633=CARTESIAN_POINT('',(0.0694910502492252,0.0895612702410435,0.0359972599052963));
#8634=CARTESIAN_POINT('',(0.0694910504816143,0.0898937555016425,0.0362299991585964));
#8635=CARTESIAN_POINT('',(0.0694910504816143,0.0898937555016425,0.0362299991585964));
#8636=CARTESIAN_POINT('',(0.0694910504816143,0.0898937555016425,0.0362299991585964));
#8637=CARTESIAN_POINT('',(0.0682210504816146,0.088623756090625,0.035341));
#8638=CARTESIAN_POINT('',(0.0685535357041195,0.088623756090625,0.035341));
#8639=CARTESIAN_POINT('',(0.069215859094576,0.0888989474776636,0.035533633970927));
#8640=CARTESIAN_POINT('',(0.0694910504816146,0.0895612708681201,0.0359972603442466));
#8641=CARTESIAN_POINT('',(0.0694910504816146,0.089893756090625,0.03623));
#8642=CARTESIAN_POINT('',(0.0682210504816146,0.089893756090625,0.058328));
#8643=CARTESIAN_POINT('',(0.0682210504816146,0.0857591449816142,0.03623));
#8644=CARTESIAN_POINT('',(0.0682210504816146,0.0825135338726044,0.03496));
#8645=CARTESIAN_POINT('',(0.0685535357041195,0.0825135338726044,0.03496));
#8646=CARTESIAN_POINT('',(0.069215859094576,0.0823208999016774,0.0352351913870386));
#8647=CARTESIAN_POINT('',(0.0694910504816146,0.0818572735283578,0.0358975147774951));
#8648=CARTESIAN_POINT('',(0.0694910504816146,0.0816245338726044,0.03623));
#8649=CARTESIAN_POINT('',(0.0694910504816146,0.0816245338726044,0.03623));
#8650=CARTESIAN_POINT('',(0.0694910504816146,0.0816245338726044,0.03623));
#8651=CARTESIAN_POINT('',(0.0694910504816146,0.0816245338726044,0.03623));
#8652=CARTESIAN_POINT('',(0.0694910504816146,0.0818572735774423,0.0358975147073806));
#8653=CARTESIAN_POINT('',(0.0694910504814436,0.0819071464607507,0.0359473874118654));
#8654=CARTESIAN_POINT('',(0.0694910504816146,0.0819570191652284,0.0359972602951667));
#8655=CARTESIAN_POINT('',(0.0692844331004573,0.0822039072612989,0.0354023237304195));
#8656=CARTESIAN_POINT('',(0.0693316649333246,0.0823713899471146,0.0354831439254871));
#8657=CARTESIAN_POINT('',(0.0692844331004573,0.0824522101421838,0.035650626611305));
#8658=CARTESIAN_POINT('',(0.0687194896198641,0.0824671854419254,0.0350262120438532));
#8659=CARTESIAN_POINT('',(0.0688330443107109,0.0827923605434956,0.035062173329109));
#8660=CARTESIAN_POINT('',(0.0687194896198641,0.0828283218287514,0.0353873484306783));
#8661=CARTESIAN_POINT('',(0.0683872931629841,0.0825135338725648,0.03496));
#8662=CARTESIAN_POINT('',(0.0684371659462891,0.0828945338723336,0.0349600000002721));
#8663=CARTESIAN_POINT('',(0.0683872931629841,0.0828945338726044,0.0353410000000416));
#8664=CARTESIAN_POINT('',(0.0682210504816146,0.0825135338726044,0.03496));
#8665=CARTESIAN_POINT('',(0.0682210504816146,0.0828945338726044,0.03496));
#8666=CARTESIAN_POINT('',(0.0682210504816146,0.0828945338726044,0.035341));
#8667=CARTESIAN_POINT('',(0.0694910504816146,0.0816245338726044,0.03623));
#8668=CARTESIAN_POINT('',(0.0694910504816146,0.0819570190951093,0.0359972603442466));
#8669=CARTESIAN_POINT('',(0.069215859094576,0.0826193424855658,0.035533633970927));
#8670=CARTESIAN_POINT('',(0.0685535357041195,0.0828945338726044,0.035341));
#8671=CARTESIAN_POINT('',(0.0682210504816146,0.0828945338726044,0.035341));
#8672=CARTESIAN_POINT('',(0.0682210504816146,0.0816245338726044,0.03623));
#8673=CARTESIAN_POINT('',(0.0640450814715951,0.101713777314247,0.0389986));
#8674=CARTESIAN_POINT('',(0.06253646451096,0.102135275374335,0.0389986));
#8675=CARTESIAN_POINT('',(0.0625605754116926,0.0964030431494206,0.0389986));
#8676=CARTESIAN_POINT('',(0.0610525701201238,0.0968293090753591,0.0389986));
#8677=CARTESIAN_POINT('',(0.0624749509050474,0.101915107174343,0.0389986));
#8678=CARTESIAN_POINT('',(0.0624749509050474,0.101915107174343,0.0389430420828305));
#8679=CARTESIAN_POINT('',(0.0624814052622177,0.101938208473303,0.0388776603613292));
#8680=CARTESIAN_POINT('',(0.0625068010959095,0.102029104705255,0.0387880266128145));
#8681=CARTESIAN_POINT('',(0.0625242210875721,0.102091453971752,0.03877));
#8682=CARTESIAN_POINT('',(0.062539171078045,0.102144962662121,0.03877));
#8683=CARTESIAN_POINT('',(0.0620777866947102,0.102026072348779,0.038879480749891));
#8684=CARTESIAN_POINT('',(0.062085576783974,0.102053954781554,0.0388383979411599));
#8685=CARTESIAN_POINT('',(0.0620882658717069,0.102097620283043,0.0388097851757259));
#8686=CARTESIAN_POINT('',(0.062075650532819,0.10218640637134,0.0387768599359772));
#8687=CARTESIAN_POINT('',(0.0620629023535331,0.102232651847867,0.038769999999999));
#8688=CARTESIAN_POINT('',(0.0620535231157735,0.102277928431811,0.0387700000000002));
#8689=CARTESIAN_POINT('',(0.0615732977891721,0.102041979802647,0.03877));
#8690=CARTESIAN_POINT('',(0.0615695326816927,0.102062332668582,0.0387700000000052));
#8691=CARTESIAN_POINT('',(0.0615657675490747,0.102082685532977,0.0387700000000076));
#8692=CARTESIAN_POINT('',(0.0615582372335612,0.102123391258686,0.0387700000000073));
#8693=CARTESIAN_POINT('',(0.0615544720479063,0.102143744119831,0.0387700000000042));
#8694=CARTESIAN_POINT('',(0.0615507068429063,0.10216409697979,0.0387699999999991));
#8695=CARTESIAN_POINT('',(0.0610676830021867,0.102070934233797,0.03877));
#8696=CARTESIAN_POINT('',(0.0610676830021867,0.102070934233797,0.03877));
#8697=CARTESIAN_POINT('',(0.0610676830021867,0.102070934233797,0.03877));
#8698=CARTESIAN_POINT('',(0.0610676830021867,0.102070934233797,0.03877));
#8699=CARTESIAN_POINT('',(0.0610676830021867,0.102070934233797,0.03877));
#8700=CARTESIAN_POINT('',(0.0610676830021867,0.102070934233797,0.03877));
#8701=CARTESIAN_POINT('',(0.0624749509050473,0.101915107174343,0.0389986));
#8702=CARTESIAN_POINT('',(0.0620280977943555,0.102039955114022,0.0388645778670505));
#8703=CARTESIAN_POINT('',(0.0615473804143457,0.102043464463841,0.03877));
#8704=CARTESIAN_POINT('',(0.0610676830021867,0.102070934233797,0.03877));
#8705=CARTESIAN_POINT('',(0.0610498341917707,0.0968196301538627,0.03877));
#8706=CARTESIAN_POINT('',(0.0610649465232571,0.0968730932023087,0.03877));
#8707=CARTESIAN_POINT('',(0.0610825556787366,0.0969353892903309,0.0387880266587551));
#8708=CARTESIAN_POINT('',(0.0611082272773867,0.0970262079653687,0.0388776604046012));
#8709=CARTESIAN_POINT('',(0.0611147517190737,0.097049289548929,0.0389430421012628));
#8710=CARTESIAN_POINT('',(0.0611147517190737,0.097049289548929,0.0389986));
#8711=CARTESIAN_POINT('',(0.060566015955925,0.096959113941648,0.0387699999999999));
#8712=CARTESIAN_POINT('',(0.0605976075315453,0.0969928764234562,0.0387700000000003));
#8713=CARTESIAN_POINT('',(0.0606325795572908,0.0970257109877856,0.0387768599217655));
#8714=CARTESIAN_POINT('',(0.0606895984026249,0.0970949276843562,0.038809785014517));
#8715=CARTESIAN_POINT('',(0.0607100491881088,0.0971336016400106,0.0388383976791584));
#8716=CARTESIAN_POINT('',(0.0607179240515327,0.0971614603178832,0.0388794804361308));
#8717=CARTESIAN_POINT('',(0.0601961041251902,0.0973182086876759,0.0387699999999881));
#8718=CARTESIAN_POINT('',(0.0602099202697281,0.0973336206353574,0.0387700000000536));
#8719=CARTESIAN_POINT('',(0.0602237363983691,0.0973490325941255,0.0387700000000934));
#8720=CARTESIAN_POINT('',(0.0602513686098007,0.097379856543638,0.0387700000000984));
#8721=CARTESIAN_POINT('',(0.0602651846948588,0.097395268532801,0.0387700000000675));
#8722=CARTESIAN_POINT('',(0.0602790007592592,0.0974106805363708,0.038770000000003));
#8723=CARTESIAN_POINT('',(0.0598323202845092,0.09764935006795,0.03877));
#8724=CARTESIAN_POINT('',(0.0598323202845092,0.09764935006795,0.03877));
#8725=CARTESIAN_POINT('',(0.0598323202845092,0.09764935006795,0.03877));
#8726=CARTESIAN_POINT('',(0.0598323202845092,0.09764935006795,0.03877));
#8727=CARTESIAN_POINT('',(0.0598323202845092,0.09764935006795,0.03877));
#8728=CARTESIAN_POINT('',(0.0598323202845092,0.09764935006795,0.03877));
#8729=CARTESIAN_POINT('',(0.0598323202063016,0.0976493501107111,0.0387702109485294));
#8730=CARTESIAN_POINT('',(0.0598577912200376,0.0976356652517915,0.0387702231657646));
#8731=CARTESIAN_POINT('',(0.0598612144635792,0.097633786276061,0.0387703510041473));
#8732=CARTESIAN_POINT('',(0.0599189364255599,0.0976026371310149,0.0387711629945733));
#8733=CARTESIAN_POINT('',(0.0599989671065558,0.0975592046575476,0.0387739781623805));
#8734=CARTESIAN_POINT('',(0.0601341023698346,0.0974860411505147,0.0387827976361765));
#8735=CARTESIAN_POINT('',(0.0602975509750479,0.0973990113452459,0.0388006930039811));
#8736=CARTESIAN_POINT('',(0.0605668427042579,0.0972642686626801,0.0388465586453762));
#8737=CARTESIAN_POINT('',(0.060775023904244,0.0971690860491023,0.0388995380282924));
#8738=CARTESIAN_POINT('',(0.0610166079670153,0.0970769451378716,0.0389691467114695));
#8739=CARTESIAN_POINT('',(0.0611147420141268,0.0970492883146093,0.0389985964674471));
#8740=CARTESIAN_POINT('',(0.0610676830021867,0.102070934233797,0.0409052002));
#8741=CARTESIAN_POINT('',(0.0631673840832719,0.101711860362342,0.0400135626244393));
#8742=CARTESIAN_POINT('',(0.0630464730242944,0.101710512467582,0.0400320025009248));
#8743=CARTESIAN_POINT('',(0.0629409158555278,0.101637908163161,0.0399687298504971));
#8744=CARTESIAN_POINT('',(0.0628798518573687,0.101564625689652,0.0398958560602169));
#8745=CARTESIAN_POINT('',(0.0598314740889721,0.0976495918031456,0.0409065300134579));
#8746=CARTESIAN_POINT('',(0.0616427891561057,0.0971369431097048,0.0398958630167745));
#8747=CARTESIAN_POINT('',(0.0616569886769414,0.0970425231108622,0.0399687137747541));
#8748=CARTESIAN_POINT('',(0.0617095503848711,0.0969256074473225,0.0400320102063478));
#8749=CARTESIAN_POINT('',(0.0618122865821327,0.0968617239866109,0.0400135626244393));
#8750=CARTESIAN_POINT('',(0.0624553138128834,0.0992965054340695,0.0397877930924659));
#8751=CARTESIAN_POINT('',(0.0625605754116927,0.0751152468138097,0.0389986));
#8752=CARTESIAN_POINT('',(0.0610525701201238,0.0746889808878711,0.0389986));
#8753=CARTESIAN_POINT('',(0.0611147517190737,0.0744690004143013,0.0389986));
#8754=CARTESIAN_POINT('',(0.0611147517190737,0.0744690004143013,0.0389430420586153));
#8755=CARTESIAN_POINT('',(0.0611082272655643,0.0744920820396858,0.0388776603044812));
#8756=CARTESIAN_POINT('',(0.0610825556314407,0.0745829008402183,0.0387880265524608));
#8757=CARTESIAN_POINT('',(0.0610649464652543,0.0746451969661185,0.03877));
#8758=CARTESIAN_POINT('',(0.0610498341221675,0.0746986600556039,0.03877));
#8759=CARTESIAN_POINT('',(0.0607179240515259,0.0743568296453451,0.0388794804361378));
#8760=CARTESIAN_POINT('',(0.0607100491820564,0.0743846883446059,0.0388383976476288));
#8761=CARTESIAN_POINT('',(0.0606895983694764,0.0744233623351018,0.038809784973865));
#8762=CARTESIAN_POINT('',(0.0606325794591176,0.0744925790786292,0.0387768598866012));
#8763=CARTESIAN_POINT('',(0.0605976074102872,0.0745254136693693,0.0387700000000006));
#8764=CARTESIAN_POINT('',(0.0605660158104178,0.0745591761770933,0.0387699999999999));
#8765=CARTESIAN_POINT('',(0.0602790007592715,0.074107609426866,0.038770000000003));
#8766=CARTESIAN_POINT('',(0.0602651846842639,0.0741230214422702,0.0387700000000053));
#8767=CARTESIAN_POINT('',(0.0602513685885983,0.0741384334432654,0.0387700000000061));
#8768=CARTESIAN_POINT('',(0.0602237363559516,0.0741692574164375,0.0387700000000049));
#8769=CARTESIAN_POINT('',(0.0602099202167027,0.0741846693870328,0.0387700000000027));
#8770=CARTESIAN_POINT('',(0.0601961040615569,0.0742000813465398,0.0387699999999994));
#8771=CARTESIAN_POINT('',(0.0598323202845105,0.0738689398952806,0.03877));
#8772=CARTESIAN_POINT('',(0.0598323202845105,0.0738689398952806,0.03877));
#8773=CARTESIAN_POINT('',(0.0598323202845105,0.0738689398952806,0.03877));
#8774=CARTESIAN_POINT('',(0.0598323202845105,0.0738689398952806,0.03877));
#8775=CARTESIAN_POINT('',(0.0598323202845105,0.0738689398952806,0.03877));
#8776=CARTESIAN_POINT('',(0.0598323202845105,0.0738689398952806,0.03877));
#8777=CARTESIAN_POINT('',(0.0611147417304096,0.074469001570642,0.0389985973061872));
#8778=CARTESIAN_POINT('',(0.0610133889267799,0.0744404374676386,0.0389681798629542));
#8779=CARTESIAN_POINT('',(0.0608195941746233,0.0743657871382877,0.0389126320503556));
#8780=CARTESIAN_POINT('',(0.0606585812920953,0.0742950883051841,0.0388702757378325));
#8781=CARTESIAN_POINT('',(0.0604514342316908,0.0741969974189488,0.0388258829140795));
#8782=CARTESIAN_POINT('',(0.0603382546018892,0.0741395996887263,0.0388076459630893));
#8783=CARTESIAN_POINT('',(0.0601792912113426,0.0740569516102789,0.0387869872784078));
#8784=CARTESIAN_POINT('',(0.0600213364441931,0.0739718658354704,0.0387739468979975));
#8785=CARTESIAN_POINT('',(0.0598848322280086,0.0738975820822034,0.0387702361671995));
#8786=CARTESIAN_POINT('',(0.0598323193273842,0.073868939374384,0.0387702109019215));
#8787=CARTESIAN_POINT('',(0.0598314739401839,0.0738686981134811,0.0409065301975301));
#8788=CARTESIAN_POINT('',(0.0618122791418389,0.0746565613499472,0.0400135639602837));
#8789=CARTESIAN_POINT('',(0.0617095444688752,0.0745926748073276,0.0400320070050405));
#8790=CARTESIAN_POINT('',(0.0616569848581514,0.0744757570939922,0.0399687080632959));
#8791=CARTESIAN_POINT('',(0.0616427878003152,0.0743813378374221,0.0398958560602169));
#8792=CARTESIAN_POINT('',(0.0492793805869318,0.065679068986926,0.0389986));
#8793=CARTESIAN_POINT('',(0.06253646451096,0.0693830145888957,0.0389986));
#8794=CARTESIAN_POINT('',(0.0575866479699707,0.0896476105572812,0.039787793092466));
#8795=CARTESIAN_POINT('',(0.063167384083272,0.0698064296008878,0.0400135626244394));
#8796=CARTESIAN_POINT('',(0.0630464730242945,0.0698077774956486,0.0400320025009249));
#8797=CARTESIAN_POINT('',(0.0629409158554981,0.0698803817999128,0.0399687298503653));
#8798=CARTESIAN_POINT('',(0.0628798518573688,0.0699536642735779,0.039895856060217));
#8799=CARTESIAN_POINT('',(0.0625391710091835,0.0693733275475767,0.03877));
#8800=CARTESIAN_POINT('',(0.0625242210301876,0.0694268361968685,0.03877));
#8801=CARTESIAN_POINT('',(0.0625068010491178,0.0694891854254519,0.0387880267191179));
#8802=CARTESIAN_POINT('',(0.0624814052505214,0.0695800815317909,0.0388776604614577));
#8803=CARTESIAN_POINT('',(0.0624749509050474,0.0696031827888875,0.0389430421254815));
#8804=CARTESIAN_POINT('',(0.0624749509050474,0.0696031827888875,0.0389986));
#8805=CARTESIAN_POINT('',(0.0620535231589754,0.0692403617399749,0.0387700000000001));
#8806=CARTESIAN_POINT('',(0.0620629023895345,0.069285638289164,0.0387699999999995));
#8807=CARTESIAN_POINT('',(0.0620756505628719,0.0693318837311214,0.0387768599711469));
#8808=CARTESIAN_POINT('',(0.0620882658707124,0.0694206697454586,0.0388097852163869));
#8809=CARTESIAN_POINT('',(0.062085576778,0.0694643352030883,0.0388383979726989));
#8810=CARTESIAN_POINT('',(0.0620777866947186,0.0694922176144541,0.038879480749891));
#8811=CARTESIAN_POINT('',(0.0615507068602493,0.0693541930771713,0.038769999999988));
#8812=CARTESIAN_POINT('',(0.0615544720623588,0.0693745459215165,0.0387700000000545));
#8813=CARTESIAN_POINT('',(0.0615582372451229,0.0693948987670434,0.0387700000000946));
#8814=CARTESIAN_POINT('',(0.0615657675548548,0.0694356044615049,0.0387700000000988));
#8815=CARTESIAN_POINT('',(0.061569532684582,0.0694559573102711,0.0387700000000665));
#8816=CARTESIAN_POINT('',(0.0615732977891703,0.0694763101605727,0.03877));
#8817=CARTESIAN_POINT('',(0.0610676830021867,0.0694473557294333,0.03877));
#8818=CARTESIAN_POINT('',(0.0610676830021867,0.0694473557294333,0.03877));
#8819=CARTESIAN_POINT('',(0.0610676830021867,0.0694473557294333,0.03877));
#8820=CARTESIAN_POINT('',(0.0610676830021867,0.0694473557294333,0.03877));
#8821=CARTESIAN_POINT('',(0.0610676830021867,0.0694473557294333,0.03877));
#8822=CARTESIAN_POINT('',(0.0610676830021867,0.0694473557294333,0.03877));
#8823=CARTESIAN_POINT('',(0.0610676830021867,0.0694473557294333,0.03877));
#8824=CARTESIAN_POINT('',(0.0615473804143457,0.0694748254993885,0.03877));
#8825=CARTESIAN_POINT('',(0.0620280977943556,0.069478334849208,0.0388645778670504));
#8826=CARTESIAN_POINT('',(0.0624749509050474,0.0696031827888875,0.0389986));
#8827=CARTESIAN_POINT('',(0.0610676830021867,0.0694473557294333,0.0409052002));
#8828=CARTESIAN_POINT('',(0.0610500997976243,0.0874014903960945,0.037754));
#8829=CARTESIAN_POINT('',(0.0581283647115729,0.0874014903960945,0.037754));
#8830=CARTESIAN_POINT('',(0.0582611901780444,0.0874014903960945,0.0387612801970935));
#8831=CARTESIAN_POINT('',(0.0582611901780444,0.0874014903960945,0.0387612801970935));
#8832=CARTESIAN_POINT('',(0.0583532814954184,0.0876540818687908,0.0387491365331721));
#8833=CARTESIAN_POINT('',(0.0586048225510836,0.0881233730823326,0.0386994178827903));
#8834=CARTESIAN_POINT('',(0.0590640197333344,0.0885976072549029,0.0385664570944787));
#8835=CARTESIAN_POINT('',(0.0594920707130294,0.08888417251072,0.0384107539923622));
#8836=CARTESIAN_POINT('',(0.0598285812716489,0.0890448257232942,0.0382664121098715));
#8837=CARTESIAN_POINT('',(0.060159776384608,0.0891526062645356,0.0380873714464069));
#8838=CARTESIAN_POINT('',(0.0603906973104691,0.0891895101326021,0.0378910861428616));
#8839=CARTESIAN_POINT('',(0.0603906973104691,0.0891895101326021,0.037754));
#8840=CARTESIAN_POINT('',(0.0602141449816146,0.0857591449816151,0.037754));
#8841=CARTESIAN_POINT('',(0.0581283647115729,0.0845341451926212,0.03877));
#8842=CARTESIAN_POINT('',(0.0581668002227028,0.0843933032800075,0.03877));
#8843=CARTESIAN_POINT('',(0.0582112162182517,0.0842538699930925,0.0387678700362861));
#8844=CARTESIAN_POINT('',(0.0582611901780415,0.0841167995671348,0.0387612801970939));
#8845=CARTESIAN_POINT('',(0.0582611901780441,0.0841167995671357,0.0387612801970935));
#8846=CARTESIAN_POINT('',(0.0582611901780444,0.0874014903960945,0.0387612801970935));
#8847=CARTESIAN_POINT('',(0.058211188045499,0.087264342696857,0.0387678737512992));
#8848=CARTESIAN_POINT('',(0.0581668107370574,0.0871250252129964,0.03877));
#8849=CARTESIAN_POINT('',(0.0581283647115729,0.086984144770609,0.03877));
#8850=CARTESIAN_POINT('',(0.0582611901780444,0.0841167995671358,0.0387612801970935));
#8851=CARTESIAN_POINT('',(0.0583532814954184,0.0838642080944395,0.0387491365331721));
#8852=CARTESIAN_POINT('',(0.0586048225510837,0.0833949168808975,0.0386994178827904));
#8853=CARTESIAN_POINT('',(0.0590640197333345,0.0829206827083273,0.0385664570944787));
#8854=CARTESIAN_POINT('',(0.0594920707130295,0.0826341174525102,0.0384107539923622));
#8855=CARTESIAN_POINT('',(0.0598285812716491,0.082473464239936,0.0382664121098715));
#8856=CARTESIAN_POINT('',(0.0601597763846082,0.0823656836986946,0.0380873714464069));
#8857=CARTESIAN_POINT('',(0.0603906973104694,0.0823287798306281,0.0378910861428616));
#8858=CARTESIAN_POINT('',(0.0603906973104694,0.0823287798306281,0.037754));
#8859=CARTESIAN_POINT('',(0.0581283647115729,0.0857591449816142,0.037754));
#8860=CARTESIAN_POINT('',(0.0581283647115729,0.0841167995671358,0.037754));
#8861=CARTESIAN_POINT('',(0.0610500997976243,0.0841167995671358,0.037754));
#8862=CARTESIAN_POINT('',(0.0585207182708622,0.0942335686489806,0.036228));
#8863=CARTESIAN_POINT('',(0.0524462232544429,0.0988341023457924,0.036228));
#8864=CARTESIAN_POINT('',(0.0524462232544429,0.0988341023457924,0.0389811267413813));
#8865=CARTESIAN_POINT('',(0.0524462232544429,0.0988341023457924,0.0389811267413813));
#8866=CARTESIAN_POINT('',(0.0525469236571588,0.0989670660701692,0.0388328097984244));
#8867=CARTESIAN_POINT('',(0.0526872316590706,0.0991411345675414,0.03877));
#8868=CARTESIAN_POINT('',(0.052835165803617,0.099306919922272,0.03877));
#8869=CARTESIAN_POINT('',(0.0544710549265825,0.0973005911135219,0.036228));
#8870=CARTESIAN_POINT('',(0.0524462232544429,0.0957670798812514,0.0388303361012143));
#8871=CARTESIAN_POINT('',(0.0523955510570393,0.0958339869035415,0.0388617903102494));
#8872=CARTESIAN_POINT('',(0.0523520037607413,0.0958985655386407,0.0389064102918562));
#8873=CARTESIAN_POINT('',(0.0523166546758915,0.0959551694101799,0.0389654179179797));
#8874=CARTESIAN_POINT('',(0.0524462232544429,0.0957670798812514,0.0388303361012143));
#8875=CARTESIAN_POINT('',(0.0523166546758922,0.0959551694101793,0.0389654179179805));
#8876=CARTESIAN_POINT('',(0.0523166546758918,0.0959551694101799,0.0389654179179793));
#8877=CARTESIAN_POINT('',(0.0523097961532742,0.0959661518425355,0.0389220461223098));
#8878=CARTESIAN_POINT('',(0.0523013874555094,0.0959797939073353,0.0388798409266811));
#8879=CARTESIAN_POINT('',(0.0522916134931882,0.0959961237745655,0.038838774878375));
#8880=CARTESIAN_POINT('',(0.0522916134931882,0.0959961237745655,0.038838774878375));
#8881=CARTESIAN_POINT('',(0.0522916134931882,0.0959961237745655,0.038838774878375));
#8882=CARTESIAN_POINT('',(0.0522157821849835,0.0961228190854516,0.0385201638521093));
#8883=CARTESIAN_POINT('',(0.052060918206085,0.0964254270437671,0.0383128));
#8884=CARTESIAN_POINT('',(0.0519874218762479,0.0967684568529399,0.0383128));
#8885=CARTESIAN_POINT('',(0.0519874218762479,0.0967684568529399,0.0383128));
#8886=CARTESIAN_POINT('',(0.0544710549265825,0.0973005911135219,0.0383128));
#8887=CARTESIAN_POINT('',(0.0520369893465132,0.098026486940705,0.0383128));
#8888=CARTESIAN_POINT('',(0.0520369893465132,0.098026486940705,0.0383128));
#8889=CARTESIAN_POINT('',(0.0521042126506529,0.0982518993547973,0.0383128));
#8890=CARTESIAN_POINT('',(0.0522038599513269,0.0984584440457024,0.0383978050595508));
#8891=CARTESIAN_POINT('',(0.0522916134931882,0.0986050584524783,0.0385598739735125));
#8892=CARTESIAN_POINT('',(0.0522916134931882,0.0986050584524783,0.0385598739735125));
#8893=CARTESIAN_POINT('',(0.0522916134931882,0.0986050584524783,0.0385598739735125));
#8894=CARTESIAN_POINT('',(0.0523555878188502,0.0987119436859046,0.0386780258937835));
#8895=CARTESIAN_POINT('',(0.0524108644563937,0.098786989352554,0.0388270810312703));
#8896=CARTESIAN_POINT('',(0.0524387720489724,0.0988242138704315,0.038992422895065));
#8897=CARTESIAN_POINT('',(0.0524387720489724,0.0988242138704315,0.038992422895065));
#8898=CARTESIAN_POINT('',(0.0524387720489724,0.0988242138704315,0.038992422895065));
#8899=CARTESIAN_POINT('',(0.0524412164381626,0.0988274743168084,0.0389886082451996));
#8900=CARTESIAN_POINT('',(0.0524437000707591,0.0988307707613018,0.0389848430213604));
#8901=CARTESIAN_POINT('',(0.0524462232544429,0.0988341023457924,0.0389811267413813));
#8902=CARTESIAN_POINT('',(0.0524462232544429,0.0957670798812514,0.036228));
#8903=CARTESIAN_POINT('',(0.0544710549265831,0.0741163700409583,0.036228));
#8904=CARTESIAN_POINT('',(0.0524462232544433,0.0725828588086877,0.0388900037908383));
#8905=CARTESIAN_POINT('',(0.0524196295904409,0.0726179727954764,0.0389153330096755));
#8906=CARTESIAN_POINT('',(0.052395925703495,0.0726511667092839,0.0389446841699084));
#8907=CARTESIAN_POINT('',(0.0523749293918552,0.0726818465163474,0.0389785297359657));
#8908=CARTESIAN_POINT('',(0.0524462232544433,0.0725828588086877,0.0388900037908383));
#8909=CARTESIAN_POINT('',(0.0523749293918549,0.0726818465163473,0.0389785297359656));
#8910=CARTESIAN_POINT('',(0.0523749293918549,0.0726818465163477,0.0389785297359656));
#8911=CARTESIAN_POINT('',(0.0523567629105091,0.0727083913758581,0.0388676912621612));
#8912=CARTESIAN_POINT('',(0.0523273193201151,0.0727522471197629,0.0387639835300645));
#8913=CARTESIAN_POINT('',(0.0522916134931883,0.0728119027020024,0.0386718923574701));
#8914=CARTESIAN_POINT('',(0.0522916134931883,0.0728119027020024,0.0386718923574701));
#8915=CARTESIAN_POINT('',(0.0522916134931883,0.0728119027020024,0.0386718923574701));
#8916=CARTESIAN_POINT('',(0.0522032878193315,0.072959472999462,0.038444085985912));
#8917=CARTESIAN_POINT('',(0.0520806306926609,0.0732115349266137,0.0383128));
#8918=CARTESIAN_POINT('',(0.0520100801378769,0.0734877182380077,0.0383128));
#8919=CARTESIAN_POINT('',(0.0520100801378769,0.0734877182380077,0.0383128));
#8920=CARTESIAN_POINT('',(0.0544710549265831,0.0741163700409583,0.0383128));
#8921=CARTESIAN_POINT('',(0.0520100801378769,0.0747450218439088,0.0383128));
#8922=CARTESIAN_POINT('',(0.0520100801378769,0.0747450218439088,0.0383128));
#8923=CARTESIAN_POINT('',(0.0520807066818244,0.0750215026290629,0.0383128));
#8924=CARTESIAN_POINT('',(0.0522031965783218,0.0752731146413538,0.0384438506604122));
#8925=CARTESIAN_POINT('',(0.0522916134931883,0.0754208373799141,0.0386718923574701));
#8926=CARTESIAN_POINT('',(0.0522916134931883,0.0754208373799141,0.0386718923574701));
#8927=CARTESIAN_POINT('',(0.0522916134931883,0.0754208373799141,0.0386718923574701));
#8928=CARTESIAN_POINT('',(0.0523273389184983,0.0754805257061918,0.0387640340775029));
#8929=CARTESIAN_POINT('',(0.0523567535707005,0.0755243350587317,0.0388676342775359));
#8930=CARTESIAN_POINT('',(0.052374929391855,0.0755508935655689,0.0389785297359661));
#8931=CARTESIAN_POINT('',(0.052374929391855,0.0755508935655689,0.038978529735966));
#8932=CARTESIAN_POINT('',(0.052374929391855,0.0755508935655689,0.0389785297359661));
#8933=CARTESIAN_POINT('',(0.0523958201106188,0.0755814190803398,0.0389448543831689));
#8934=CARTESIAN_POINT('',(0.052419755653607,0.0756149337388834,0.0389152129404169));
#8935=CARTESIAN_POINT('',(0.0524462232544433,0.0756498812732288,0.0388900037908383));
#8936=CARTESIAN_POINT('',(0.0524462232544433,0.0756498812732288,0.0388900037908384));
#8937=CARTESIAN_POINT('',(0.0524462232544433,0.0756498812732288,0.036228));
#8938=CARTESIAN_POINT('',(0.0524462232544433,0.0725828588086877,0.036228));
#8939=CARTESIAN_POINT('',(0.0585207182708625,0.0771833925054995,0.036228));
#8940=CARTESIAN_POINT('',(0.052746344485585,0.0722113700409583,0.03877));
#8941=CARTESIAN_POINT('',(0.0526373993841077,0.0723378959652661,0.03877));
#8942=CARTESIAN_POINT('',(0.0525337917994792,0.072467234247393,0.0388065988549757));
#8943=CARTESIAN_POINT('',(0.0524462232544433,0.0725828588086877,0.0388900037908384));
#8944=CARTESIAN_POINT('',(0.0585207182708619,0.100367613578063,0.036228));
#8945=CARTESIAN_POINT('',(0.0526606207195036,0.095496919922272,0.03877));
#8946=CARTESIAN_POINT('',(0.0525848668492157,0.0955880619856313,0.03877));
#8947=CARTESIAN_POINT('',(0.0525133718051765,0.0956784176599369,0.0387886543771276));
#8948=CARTESIAN_POINT('',(0.0524462232544429,0.0957670798812514,0.0388303361012172));
#8949=CARTESIAN_POINT('',(0.0585207182708624,0.0710493475764171,0.036228));
#8950=CARTESIAN_POINT('',(0.0524462232544433,0.0756498812732288,0.0388900037908384));
#8951=CARTESIAN_POINT('',(0.0525339744843129,0.0757657470496054,0.0388064248562318));
#8952=CARTESIAN_POINT('',(0.0526372612828292,0.0758946837295227,0.03877));
#8953=CARTESIAN_POINT('',(0.0527463444855851,0.0760213700409583,0.03877));
#8954=CARTESIAN_POINT('',(0.0523229577555881,0.100279431467296,0.0335200902519074));
#8955=CARTESIAN_POINT('',(0.0520590631228492,0.100120054189351,0.0336756414051216));
#8956=CARTESIAN_POINT('',(0.0519691392493871,0.0998814627488793,0.0339085050491174));
#8957=CARTESIAN_POINT('',(0.0524739037102363,0.100105346186561,0.0331593436655051));
#8958=CARTESIAN_POINT('',(0.0521134729171957,0.0999990855949956,0.0333668654474142));
#8959=CARTESIAN_POINT('',(0.0519847013567854,0.0997999433157036,0.0337423757760032));
#8960=CARTESIAN_POINT('',(0.0527520513664983,0.0997845597716552,0.0329279999999999));
#8961=CARTESIAN_POINT('',(0.0522228843805592,0.0997606898657526,0.0330895685053384));
#8962=CARTESIAN_POINT('',(0.0520148826142282,0.0996443259020724,0.0336031820098781));
#8963=CARTESIAN_POINT('',(0.0530348333673001,0.0994584285856462,0.032928));
#8964=CARTESIAN_POINT('',(0.0523543843229595,0.0994584285856462,0.0329279999999999));
#8965=CARTESIAN_POINT('',(0.0520487027232878,0.0994584285856463,0.0335359224141007));
#8966=CARTESIAN_POINT('',(0.0530348333673,0.0994584285856463,0.034031778440717));
#8967=CARTESIAN_POINT('',(0.052054485572615,0.0994584285856463,0.0335245851366918));
#8968=CARTESIAN_POINT('',(0.052054485572615,0.0994584285856463,0.0335245851366918));
#8969=CARTESIAN_POINT('',(0.0521165929193873,0.0997249374681213,0.0334045385983034));
#8970=CARTESIAN_POINT('',(0.0522164669894938,0.100025989128771,0.0333907660264829));
#8971=CARTESIAN_POINT('',(0.0523256713959265,0.100276301838326,0.0335136478804307));
#8972=CARTESIAN_POINT('',(0.0530348333673,0.0857591449816142,0.034031778440717));
#8973=CARTESIAN_POINT('',(0.052054485572615,0.0994584285856463,0.0335245851366918));
#8974=CARTESIAN_POINT('',(0.0519713146348637,0.0991015337120698,0.0336853452349802));
#8975=CARTESIAN_POINT('',(0.051931054926583,0.0987432325185074,0.0338586921152745));
#8976=CARTESIAN_POINT('',(0.051931054926583,0.0983849298808341,0.034031778440717));
#8977=CARTESIAN_POINT('',(0.0530348333673,0.072059861377582,0.034031778440717));
#8978=CARTESIAN_POINT('',(0.0520544855726152,0.0720598613775819,0.0335245851366915));
#8979=CARTESIAN_POINT('',(0.0520544855726152,0.072059861377582,0.0335245851366915));
#8980=CARTESIAN_POINT('',(0.0519713146348639,0.0724167562511586,0.0336853452349798));
#8981=CARTESIAN_POINT('',(0.051931054926583,0.0727750574447215,0.0338586921152734));
#8982=CARTESIAN_POINT('',(0.051931054926583,0.0731333600823943,0.034031778440717));
#8983=CARTESIAN_POINT('',(0.0530348333673001,0.0720598613775821,0.032928));
#8984=CARTESIAN_POINT('',(0.0523543843229597,0.0720598613775821,0.0329279999999999));
#8985=CARTESIAN_POINT('',(0.0520487027232879,0.072059861377582,0.0335359224141005));
#8986=CARTESIAN_POINT('',(0.052752051366498,0.0717337301915737,0.032928));
#8987=CARTESIAN_POINT('',(0.0522228843805594,0.0717576000974753,0.0330895685053386));
#8988=CARTESIAN_POINT('',(0.0520148826142284,0.0718739640611556,0.033603182009878));
#8989=CARTESIAN_POINT('',(0.0524739037102368,0.0714129437766651,0.0331593436655065));
#8990=CARTESIAN_POINT('',(0.0521134729171957,0.0715192043682289,0.0333668654474147));
#8991=CARTESIAN_POINT('',(0.0519847013567854,0.0717183466475224,0.0337423757760033));
#8992=CARTESIAN_POINT('',(0.0523229577555882,0.071238858495932,0.0335200902519073));
#8993=CARTESIAN_POINT('',(0.0520590631228493,0.0713982357738772,0.0336756414051215));
#8994=CARTESIAN_POINT('',(0.0519691392493871,0.071636827214349,0.0339085050491173));
#8995=CARTESIAN_POINT('',(0.0523256713959266,0.0712419881249024,0.0335136478804306));
#8996=CARTESIAN_POINT('',(0.0522167170064833,0.0714917277584062,0.0333910473571743));
#8997=CARTESIAN_POINT('',(0.0521164618457454,0.0717939149453111,0.0334047919489587));
#8998=CARTESIAN_POINT('',(0.0520544855726151,0.0720598613775819,0.0335245851366917));
#8999=CARTESIAN_POINT('',(0.0566609766727201,0.0983849298808341,0.02353));
#9000=CARTESIAN_POINT('',(0.0566609766727201,0.0731333600823943,0.02353));
#9001=CARTESIAN_POINT('',(0.0581283647115729,0.0839716789029938,0.03877));
#9002=CARTESIAN_POINT('',(0.0544710549265825,0.0973005911135219,0.03877));
#9003=CARTESIAN_POINT('',(0.0515988575421008,0.0981571481895979,0.03877));
#9004=CARTESIAN_POINT('',(0.0515403679271876,0.0966726726860351,0.03877));
#9005=CARTESIAN_POINT('',(0.0518993140351772,0.097401919922272,0.03877));
#9006=CARTESIAN_POINT('',(0.0531851844808802,0.0961319199222719,0.04004));
#9007=CARTESIAN_POINT('',(0.0518993140351772,0.096131919922272,0.04004));
#9008=CARTESIAN_POINT('',(0.0518993140351772,0.096131919922272,0.039405));
#9009=CARTESIAN_POINT('',(0.0518993140351772,0.096131919922272,0.0392272));
#9010=CARTESIAN_POINT('',(0.0522158813973963,0.0961319199222719,0.0392272));
#9011=CARTESIAN_POINT('',(0.0519531687676263,0.0961319199222719,0.0392272));
#9012=CARTESIAN_POINT('',(0.0520920742391592,0.0961319199222719,0.039405));
#9013=CARTESIAN_POINT('',(0.052053339544714,0.0961319199222719,0.0393398361857381));
#9014=CARTESIAN_POINT('',(0.0520062429779051,0.0961319199222719,0.0392805019522652));
#9015=CARTESIAN_POINT('',(0.0519531687676263,0.0961319199222719,0.0392272));
#9016=CARTESIAN_POINT('',(0.0520920742391592,0.0961319199222719,0.039405));
#9017=CARTESIAN_POINT('',(0.0531851844808802,0.0961319199222719,0.039405));
#9018=CARTESIAN_POINT('',(0.0531851844808802,0.098671919922272,0.04004));
#9019=CARTESIAN_POINT('',(0.0522300918076694,0.098671919922272,0.039405));
#9020=CARTESIAN_POINT('',(0.052194128088738,0.098671919922272,0.0393396972166621));
#9021=CARTESIAN_POINT('',(0.0521487082195512,0.0986719199222722,0.0392799248831359));
#9022=CARTESIAN_POINT('',(0.0520962517272476,0.098671919922272,0.0392271999999986));
#9023=CARTESIAN_POINT('',(0.0522300918076694,0.098671919922272,0.039405));
#9024=CARTESIAN_POINT('',(0.0520962517272477,0.098671919922272,0.0392272));
#9025=CARTESIAN_POINT('',(0.0531851844808802,0.098671919922272,0.0392272));
#9026=CARTESIAN_POINT('',(0.0518993140351772,0.098671919922272,0.0392272));
#9027=CARTESIAN_POINT('',(0.0518993140351772,0.098671919922272,0.04004));
#9028=CARTESIAN_POINT('',(0.0518993140351772,0.098671919922272,0.039405));
#9029=CARTESIAN_POINT('',(0.0544710549265831,0.098671919922272,0.039405));
#9030=CARTESIAN_POINT('',(0.0518993140351772,0.097401919922272,0.04004));
#9031=CARTESIAN_POINT('',(0.0518993140351772,0.097401919922272,0.0392272));
#9032=CARTESIAN_POINT('',(0.0518993140351772,0.097401919922272,0.039405));
#9033=CARTESIAN_POINT('',(0.0581283647115729,0.0839716789029938,0.04004));
#9034=CARTESIAN_POINT('',(0.0518993140351772,0.097401919922272,0.04004));
#9035=CARTESIAN_POINT('',(0.0518993140351772,0.098036919922272,0.04004));
#9036=CARTESIAN_POINT('',(0.0518993140351772,0.096766919922272,0.04004));
#9037=CARTESIAN_POINT('',(0.0581283647115729,0.0967669199222719,0.04004));
#9038=CARTESIAN_POINT('',(0.0538360549265831,0.0967669199222719,0.04004));
#9039=CARTESIAN_POINT('',(0.0538360549265831,0.098671919922272,0.04004));
#9040=CARTESIAN_POINT('',(0.0538360549265831,0.098036919922272,0.04004));
#9041=CARTESIAN_POINT('',(0.0518993140351772,0.098036919922272,0.04004));
#9042=CARTESIAN_POINT('',(0.0581283647115729,0.0839716789029938,0.03877));
#9043=CARTESIAN_POINT('',(0.0544710549265831,0.0741163700409583,0.03877));
#9044=CARTESIAN_POINT('',(0.0515671046759098,0.0748581791684399,0.03877));
#9045=CARTESIAN_POINT('',(0.0515671046759098,0.0733745609134766,0.03877));
#9046=CARTESIAN_POINT('',(0.0518993140351772,0.0741163700409583,0.03877));
#9047=CARTESIAN_POINT('',(0.0531851844808802,0.0728463700409582,0.04004));
#9048=CARTESIAN_POINT('',(0.0518993140351772,0.0728463700409583,0.04004));
#9049=CARTESIAN_POINT('',(0.0518993140351772,0.0728463700409583,0.039405));
#9050=CARTESIAN_POINT('',(0.0518993140351772,0.0728463700409583,0.0392272));
#9051=CARTESIAN_POINT('',(0.0522713504009705,0.0728463700409582,0.0392272));
#9052=CARTESIAN_POINT('',(0.0520215676332908,0.0728463700409582,0.0392272));
#9053=CARTESIAN_POINT('',(0.0521580104117066,0.0728463700409582,0.039405));
#9054=CARTESIAN_POINT('',(0.0521207021704863,0.0728463700409582,0.0393398951015456));
#9055=CARTESIAN_POINT('',(0.0520743889616079,0.0728463700409582,0.0392802688217469));
#9056=CARTESIAN_POINT('',(0.0520215676332908,0.0728463700409582,0.0392272));
#9057=CARTESIAN_POINT('',(0.0521580104117066,0.0728463700409582,0.039405));
#9058=CARTESIAN_POINT('',(0.0531851844808802,0.0728463700409582,0.039405));
#9059=CARTESIAN_POINT('',(0.0531851844808802,0.0753863700409583,0.04004));
#9060=CARTESIAN_POINT('',(0.0521580104117049,0.0753863700409583,0.039405));
#9061=CARTESIAN_POINT('',(0.0521207021704846,0.0753863700409583,0.0393398951015457));
#9062=CARTESIAN_POINT('',(0.0520743889616077,0.0753863700409584,0.0392802688217458));
#9063=CARTESIAN_POINT('',(0.0520215676332906,0.0753863700409583,0.0392271999999991));
#9064=CARTESIAN_POINT('',(0.0521580104117049,0.0753863700409583,0.039405));
#9065=CARTESIAN_POINT('',(0.0520215676332908,0.0753863700409583,0.0392272));
#9066=CARTESIAN_POINT('',(0.0531851844808802,0.0753863700409583,0.0392272));
#9067=CARTESIAN_POINT('',(0.0518993140351772,0.0753863700409582,0.0392272));
#9068=CARTESIAN_POINT('',(0.0518993140351772,0.0753863700409582,0.04004));
#9069=CARTESIAN_POINT('',(0.0518993140351772,0.0753863700409582,0.039405));
#9070=CARTESIAN_POINT('',(0.0544710549265831,0.0753863700409583,0.039405));
#9071=CARTESIAN_POINT('',(0.0518993140351772,0.0741163700409583,0.04004));
#9072=CARTESIAN_POINT('',(0.0518993140351772,0.0741163700409583,0.0392272));
#9073=CARTESIAN_POINT('',(0.0518993140351772,0.0741163700409583,0.039405));
#9074=CARTESIAN_POINT('',(0.0581283647115729,0.0839716789029938,0.04004));
#9075=CARTESIAN_POINT('',(0.0538360549265831,0.0839716789029938,0.04004));
#9076=CARTESIAN_POINT('',(0.0538360549265831,0.0734813700409582,0.04004));
#9077=CARTESIAN_POINT('',(0.0538360549265831,0.0747513700409583,0.04004));
#9078=CARTESIAN_POINT('',(0.0518993140351772,0.0747513700409583,0.04004));
#9079=CARTESIAN_POINT('',(0.0518993140351772,0.0747513700409583,0.04004));
#9080=CARTESIAN_POINT('',(0.0518993140351772,0.0741163700409583,0.04004));
#9081=CARTESIAN_POINT('',(0.0518993140351772,0.0734813700409582,0.04004));
#9082=CARTESIAN_POINT('',(0.0581283647115729,0.0734813700409582,0.04004));
#9083=CARTESIAN_POINT('',(0.0581283647115729,0.098036919922272,0.039405));
#9084=CARTESIAN_POINT('',(0.0544710549265831,0.098671919922272,0.039405));
#9085=CARTESIAN_POINT('',(0.0544710549265831,0.098671919922272,0.039405));
#9086=CARTESIAN_POINT('',(0.0518993140351772,0.098036919922272,0.039405));
#9087=CARTESIAN_POINT('',(0.0538360549265831,0.098036919922272,0.039405));
#9088=CARTESIAN_POINT('',(0.0518993140351772,0.097401919922272,0.039405));
#9089=CARTESIAN_POINT('',(0.0518993140351772,0.096766919922272,0.039405));
#9090=CARTESIAN_POINT('',(0.0538360549265831,0.0839716789029938,0.039405));
#9091=CARTESIAN_POINT('',(0.0538360549265831,0.0967669199222719,0.039405));
#9092=CARTESIAN_POINT('',(0.0544710549265831,0.0961319199222719,0.039405));
#9093=CARTESIAN_POINT('',(0.0544710549265831,0.0961319199222719,0.039405));
#9094=CARTESIAN_POINT('',(0.0531851844808802,0.099306919922272,0.039405));
#9095=CARTESIAN_POINT('',(0.0524387720489724,0.0988242138704315,0.038992422895065));
#9096=CARTESIAN_POINT('',(0.052399762552113,0.0987721810872691,0.0390533000960201));
#9097=CARTESIAN_POINT('',(0.0523292944113972,0.0987209977265849,0.0391472755588924));
#9098=CARTESIAN_POINT('',(0.0521866560638403,0.0986818746004865,0.0392726310620278));
#9099=CARTESIAN_POINT('',(0.052208694734251,0.098671919922272,0.0393661472758926));
#9100=CARTESIAN_POINT('',(0.0522300918076695,0.098671919922272,0.039405));
#9101=CARTESIAN_POINT('',(0.0551060549265831,0.099306919922272,0.039405));
#9102=CARTESIAN_POINT('',(0.0531851844808802,0.0967669199222719,0.039405));
#9103=CARTESIAN_POINT('',(0.0531851844808802,0.0961319199222719,0.039405));
#9104=CARTESIAN_POINT('',(0.0551060549265831,0.097401919922272,0.039405));
#9105=CARTESIAN_POINT('',(0.0551060549265831,0.095496919922272,0.039405));
#9106=CARTESIAN_POINT('',(0.0436691340505168,0.095496919922272,0.039405));
#9107=CARTESIAN_POINT('',(0.0520920742391592,0.0961319199222719,0.039405));
#9108=CARTESIAN_POINT('',(0.0520674507325342,0.0961319199222719,0.0393635755964989));
#9109=CARTESIAN_POINT('',(0.0520472954585568,0.0961201918780503,0.0392620377648612));
#9110=CARTESIAN_POINT('',(0.0522048232843324,0.0960763912100034,0.0391317156247746));
#9111=CARTESIAN_POINT('',(0.0522785163161471,0.0960162396988419,0.039029081633247));
#9112=CARTESIAN_POINT('',(0.0523166546758923,0.0959551694101792,0.0389654179179803));
#9113=CARTESIAN_POINT('',(0.0436691340505168,0.0722113700409583,0.039405));
#9114=CARTESIAN_POINT('',(0.0551060549265831,0.0722113700409583,0.039405));
#9115=CARTESIAN_POINT('',(0.0544710549265831,0.0728463700409582,0.039405));
#9116=CARTESIAN_POINT('',(0.0531851844808802,0.0728463700409582,0.039405));
#9117=CARTESIAN_POINT('',(0.0521580104117066,0.0728463700409582,0.039405));
#9118=CARTESIAN_POINT('',(0.0521349232572561,0.0728463700409582,0.0393647116669954));
#9119=CARTESIAN_POINT('',(0.0521140048344973,0.0728354421134591,0.0392667543737626));
#9120=CARTESIAN_POINT('',(0.0522644302631567,0.072793890690523,0.0391390888245864));
#9121=CARTESIAN_POINT('',(0.0523361984339164,0.0727384401856227,0.0390409631394067));
#9122=CARTESIAN_POINT('',(0.0523749293918551,0.0726818465163475,0.038978529735966));
#9123=CARTESIAN_POINT('',(0.0551060549265831,0.0857591449816142,0.039405));
#9124=CARTESIAN_POINT('',(0.0551060549265831,0.0760213700409583,0.039405));
#9125=CARTESIAN_POINT('',(0.0544710549265831,0.0753863700409583,0.039405));
#9126=CARTESIAN_POINT('',(0.0544710549265831,0.0753863700409583,0.039405));
#9127=CARTESIAN_POINT('',(0.0531851844808802,0.0734813700409582,0.039405));
#9128=CARTESIAN_POINT('',(0.0538360549265831,0.0734813700409582,0.039405));
#9129=CARTESIAN_POINT('',(0.0518993140351772,0.0734813700409582,0.039405));
#9130=CARTESIAN_POINT('',(0.0531851844808802,0.0760213700409583,0.039405));
#9131=CARTESIAN_POINT('',(0.052374929391855,0.0755508935655689,0.038978529735966));
#9132=CARTESIAN_POINT('',(0.0523361065927001,0.0754941656979236,0.0390411111853118));
#9133=CARTESIAN_POINT('',(0.0522641087341537,0.0754386970609248,0.0391391979647495));
#9134=CARTESIAN_POINT('',(0.052113343919369,0.0753970639836227,0.0392678664888448));
#9135=CARTESIAN_POINT('',(0.0521351201070215,0.0753863700409583,0.039365055180481));
#9136=CARTESIAN_POINT('',(0.0521580104117062,0.0753863700409583,0.0394049999999993));
#9137=CARTESIAN_POINT('',(0.0531851844808802,0.0753863700409583,0.039405));
#9138=CARTESIAN_POINT('',(0.0538360549265831,0.0741163700409583,0.039405));
#9139=CARTESIAN_POINT('',(0.0538360549265831,0.0747513700409583,0.039405));
#9140=CARTESIAN_POINT('',(0.0518993140351772,0.0741163700409583,0.039405));
#9141=CARTESIAN_POINT('',(0.0518993140351772,0.0747513700409583,0.039405));
#9142=CARTESIAN_POINT('',(0.0581283647115729,0.0747513700409583,0.039405));
#9143=CARTESIAN_POINT('',(0.0518993140351773,0.0729403343109744,0.038949546178735));
#9144=CARTESIAN_POINT('',(0.0521779317807496,0.0730018366519828,0.0388690868224398));
#9145=CARTESIAN_POINT('',(0.0522916134931883,0.0728119027020025,0.03867189235747));
#9146=CARTESIAN_POINT('',(0.0520012344314659,0.0728551925244227,0.0390609314240356));
#9147=CARTESIAN_POINT('',(0.0522379529874555,0.0728743759742773,0.0389871324182797));
#9148=CARTESIAN_POINT('',(0.0523779866782853,0.0726675945290702,0.0388946628111519));
#9149=CARTESIAN_POINT('',(0.0520520971195274,0.0728234889967153,0.0392263950408885));
#9150=CARTESIAN_POINT('',(0.0522780483002405,0.0728098678006686,0.0392358084283821));
#9151=CARTESIAN_POINT('',(0.0524210906537975,0.0726138597747863,0.0392255900824004));
#9152=CARTESIAN_POINT('',(0.0519917267500175,0.0728679279349909,0.039365936424591));
#9153=CARTESIAN_POINT('',(0.0522380499396695,0.0728833344226573,0.039414313876672));
#9154=CARTESIAN_POINT('',(0.0523699293532224,0.0726891800308441,0.0395046728491819));
#9155=CARTESIAN_POINT('',(0.0518993140351773,0.0729403343109743,0.038949546178735));
#9156=CARTESIAN_POINT('',(0.0519639393880369,0.0728863478417605,0.0390201730278984));
#9157=CARTESIAN_POINT('',(0.0520215676332908,0.0728463700409582,0.0391164458153653));
#9158=CARTESIAN_POINT('',(0.0520215676332908,0.0728463700409582,0.0392272));
#9159=CARTESIAN_POINT('',(0.0518993140351772,0.0729403343109744,0.0389495461787351));
#9160=CARTESIAN_POINT('',(0.0518993140351772,0.0725770985809904,0.0386718923574701));
#9161=CARTESIAN_POINT('',(0.0544710549265831,0.0741163700409583,0.0383128));
#9162=CARTESIAN_POINT('',(0.0515671046759098,0.0748581791684399,0.0383128));
#9163=CARTESIAN_POINT('',(0.0515671046759098,0.0733745609134766,0.0383128));
#9164=CARTESIAN_POINT('',(0.0581283647115729,0.0733035700409583,0.0392272));
#9165=CARTESIAN_POINT('',(0.0518993140351772,0.0733035700409583,0.0392272));
#9166=CARTESIAN_POINT('',(0.0515671046759098,0.0733745609134766,0.03877));
#9167=CARTESIAN_POINT('',(0.0520100801378769,0.0734877182380077,0.03877));
#9168=CARTESIAN_POINT('',(0.0520100801378769,0.0734877182380077,0.0383128));
#9169=CARTESIAN_POINT('',(0.051699492463899,0.0731759050590324,0.03877));
#9170=CARTESIAN_POINT('',(0.0520501010339442,0.0733310489545464,0.0386971965154667));
#9171=CARTESIAN_POINT('',(0.0520782159853176,0.0732209877490921,0.0383127999531904));
#9172=CARTESIAN_POINT('',(0.0518142457975893,0.0730333473683338,0.0388278634817923));
#9173=CARTESIAN_POINT('',(0.0521156770866941,0.0731382273954203,0.0387212917063678));
#9174=CARTESIAN_POINT('',(0.0521972551960874,0.072969552016895,0.0384285269867239));
#9175=CARTESIAN_POINT('',(0.0518993140351772,0.0729403343109744,0.038949546178735));
#9176=CARTESIAN_POINT('',(0.0521779317807496,0.0730018366519827,0.0388690868224398));
#9177=CARTESIAN_POINT('',(0.0522916134931883,0.0728119027020024,0.0386718923574701));
#9178=CARTESIAN_POINT('',(0.0515671046759098,0.0733745609134766,0.03877));
#9179=CARTESIAN_POINT('',(0.0516766087187047,0.07321024343457,0.03877));
#9180=CARTESIAN_POINT('',(0.0518026788727541,0.0730459946206124,0.0388113179363616));
#9181=CARTESIAN_POINT('',(0.0518993140351772,0.0729403343109743,0.0389495461787351));
#9182=CARTESIAN_POINT('',(0.0520100801378769,0.0747450218439088,0.0383128));
#9183=CARTESIAN_POINT('',(0.0520100801378769,0.0747450218439089,0.03877));
#9184=CARTESIAN_POINT('',(0.0515671046759098,0.0748581791684399,0.03877));
#9185=CARTESIAN_POINT('',(0.0520782159853182,0.0750117523328268,0.0383127999531904));
#9186=CARTESIAN_POINT('',(0.0520501010339216,0.0749016911273589,0.0386971965154606));
#9187=CARTESIAN_POINT('',(0.0516994924638889,0.0750568350228841,0.03877));
#9188=CARTESIAN_POINT('',(0.0521972551960969,0.0752631880650374,0.0384285269867102));
#9189=CARTESIAN_POINT('',(0.0521156770866802,0.0750945126865384,0.0387212917063459));
#9190=CARTESIAN_POINT('',(0.0518142457975803,0.075199392713584,0.0388278634817939));
#9191=CARTESIAN_POINT('',(0.0522916134931883,0.0754208373799141,0.0386718923574701));
#9192=CARTESIAN_POINT('',(0.0521779317807496,0.0752309034299338,0.0388690868224398));
#9193=CARTESIAN_POINT('',(0.0518993140351772,0.0752924057709422,0.038949546178735));
#9194=CARTESIAN_POINT('',(0.0518993140351772,0.0752924057709422,0.038949546178735));
#9195=CARTESIAN_POINT('',(0.0518026788727541,0.0751867454613041,0.0388113179363616));
#9196=CARTESIAN_POINT('',(0.0516766087187047,0.0750224966473465,0.03877));
#9197=CARTESIAN_POINT('',(0.0515671046759098,0.0748581791684399,0.03877));
#9198=CARTESIAN_POINT('',(0.0518993140351772,0.0752924057709422,0.0389495461787351));
#9199=CARTESIAN_POINT('',(0.0518993140351772,0.0756556415009261,0.0386718923574701));
#9200=CARTESIAN_POINT('',(0.0518993140351772,0.0741163700409583,0.0392272));
#9201=CARTESIAN_POINT('',(0.0518993140351772,0.0749291700409582,0.0392272));
#9202=CARTESIAN_POINT('',(0.0519917321298584,0.075364816107044,0.0393659239889277));
#9203=CARTESIAN_POINT('',(0.0522380536002762,0.0753494123828245,0.03941429753925));
#9204=CARTESIAN_POINT('',(0.0523699339124096,0.0755435667631375,0.0395046479778555));
#9205=CARTESIAN_POINT('',(0.0520517790023461,0.0754090165983489,0.0392271176418433));
#9206=CARTESIAN_POINT('',(0.0522778434233107,0.0754224954006806,0.0392367060263091));
#9207=CARTESIAN_POINT('',(0.0524208210641156,0.0756184828991819,0.0392270352948865));
#9208=CARTESIAN_POINT('',(0.0520013802551977,0.0753776693891177,0.0390610908081153));
#9209=CARTESIAN_POINT('',(0.052238034778097,0.0753585377834706,0.0389872933250523));
#9210=CARTESIAN_POINT('',(0.0523781102514328,0.0755653520129315,0.0388949816135514));
#9211=CARTESIAN_POINT('',(0.0518993140351773,0.0752924057709422,0.038949546178735));
#9212=CARTESIAN_POINT('',(0.0521779317807496,0.0752309034299338,0.0388690868224398));
#9213=CARTESIAN_POINT('',(0.0522916134931883,0.0754208373799141,0.03867189235747));
#9214=CARTESIAN_POINT('',(0.0520215676332908,0.0753863700409583,0.0392272));
#9215=CARTESIAN_POINT('',(0.0520215676332908,0.0753863700409583,0.0391165389721573));
#9216=CARTESIAN_POINT('',(0.0519638874792515,0.0753463488768023,0.0390201162985533));
#9217=CARTESIAN_POINT('',(0.0518993140351772,0.0752924057709422,0.038949546178735));
#9218=CARTESIAN_POINT('',(0.0531851844808802,0.0749291700409583,0.0392272));
#9219=CARTESIAN_POINT('',(0.0544710549265825,0.0973005911135219,0.0383128));
#9220=CARTESIAN_POINT('',(0.0515988575421008,0.0981571481895979,0.0383128));
#9221=CARTESIAN_POINT('',(0.0515403679271876,0.0966726726860351,0.0383128));
#9222=CARTESIAN_POINT('',(0.0520644494324818,0.0986508881073948,0.0393642735360551));
#9223=CARTESIAN_POINT('',(0.0522984818591288,0.0986352724426431,0.0394139626033271));
#9224=CARTESIAN_POINT('',(0.0524315587451413,0.0988145446550438,0.0395013470721101));
#9225=CARTESIAN_POINT('',(0.052102659044894,0.0986766247819401,0.0392823794013405));
#9226=CARTESIAN_POINT('',(0.0523251017602224,0.0986790190948453,0.0393068683308428));
#9227=CARTESIAN_POINT('',(0.0524639397558315,0.0988581661703959,0.0393375588103265));
#9228=CARTESIAN_POINT('',(0.052105854166872,0.0986792351814625,0.039094530871349));
#9229=CARTESIAN_POINT('',(0.0523263294502357,0.0986826302439428,0.0390328630608872));
#9230=CARTESIAN_POINT('',(0.0524666475201711,0.0988625905162415,0.0389618617455759));
#9231=CARTESIAN_POINT('',(0.0519696643422552,0.0985860601769613,0.0389485909823688));
#9232=CARTESIAN_POINT('',(0.0522307170070709,0.0985203941641169,0.0388574829444196));
#9233=CARTESIAN_POINT('',(0.0523512323801252,0.0987046668278842,0.0386699819513362));
#9234=CARTESIAN_POINT('',(0.0518993140351771,0.0985272912478811,0.0388935369867562));
#9235=CARTESIAN_POINT('',(0.0521896676289728,0.09843473219455,0.0388068288265811));
#9236=CARTESIAN_POINT('',(0.0522916134931881,0.0986050584524782,0.0385598739735124));
#9237=CARTESIAN_POINT('',(0.0518993140351772,0.0988398625734904,0.0385598739735125));
#9238=CARTESIAN_POINT('',(0.0518993140351772,0.0985272912478812,0.0388935369867563));
#9239=CARTESIAN_POINT('',(0.0520962517272477,0.098671919922272,0.0392272));
#9240=CARTESIAN_POINT('',(0.0520962517272477,0.098671919922272,0.0390811912180815));
#9241=CARTESIAN_POINT('',(0.0519943711310614,0.0986066996650646,0.038967925795938));
#9242=CARTESIAN_POINT('',(0.0518993140351777,0.0985272912478815,0.0388935369867555));
#9243=CARTESIAN_POINT('',(0.0515403679271876,0.0966726726860351,0.03877));
#9244=CARTESIAN_POINT('',(0.0519874218762478,0.0967684568529399,0.03877));
#9245=CARTESIAN_POINT('',(0.0519874218762478,0.0967684568529399,0.0383128));
#9246=CARTESIAN_POINT('',(0.0516911234503204,0.0964262262463498,0.03877));
#9247=CARTESIAN_POINT('',(0.0520277169477115,0.0965803874256969,0.0386833021151648));
#9248=CARTESIAN_POINT('',(0.0520573452733471,0.0964421030116417,0.0383127999442578));
#9249=CARTESIAN_POINT('',(0.0518263965718711,0.0962566859877465,0.0388593690546924));
#9250=CARTESIAN_POINT('',(0.052112043710312,0.0963270444888812,0.0387438438066922));
#9251=CARTESIAN_POINT('',(0.0522089690162048,0.0961342022009085,0.0384915381555852));
#9252=CARTESIAN_POINT('',(0.0518993140351772,0.0961752197879127,0.0390329874391875));
#9253=CARTESIAN_POINT('',(0.0521671077825568,0.0962041419413226,0.0389713493909983));
#9254=CARTESIAN_POINT('',(0.0522916134931882,0.0959961237745656,0.0388387748783751));
#9255=CARTESIAN_POINT('',(0.0518993140351772,0.0957613196535534,0.0388387748783751));
#9256=CARTESIAN_POINT('',(0.0518993140351772,0.0961752197879126,0.0390329874391875));
#9257=CARTESIAN_POINT('',(0.0515403679271876,0.0966726726860351,0.03877));
#9258=CARTESIAN_POINT('',(0.0516622000091112,0.0964735085436245,0.03877));
#9259=CARTESIAN_POINT('',(0.0518153818498886,0.0962689921581936,0.0388331425038441));
#9260=CARTESIAN_POINT('',(0.0518993140351772,0.0961752197879127,0.0390329874391875));
#9261=CARTESIAN_POINT('',(0.0520369893465133,0.098026486940705,0.0383128));
#9262=CARTESIAN_POINT('',(0.0520369893465133,0.098026486940705,0.03877));
#9263=CARTESIAN_POINT('',(0.0515988575421008,0.0981571481895979,0.03877));
#9264=CARTESIAN_POINT('',(0.0521024092798559,0.0982458523124798,0.0383127999617687));
#9265=CARTESIAN_POINT('',(0.0520758465487479,0.0981567824806133,0.0387087120627926));
#9266=CARTESIAN_POINT('',(0.0517152329606894,0.0983175163439592,0.03877));
#9267=CARTESIAN_POINT('',(0.0521997065109965,0.0984515046769066,0.0383901343338073));
#9268=CARTESIAN_POINT('',(0.052129969531538,0.0983067250194802,0.0387145986135221));
#9269=CARTESIAN_POINT('',(0.0518144380588179,0.0984366945588309,0.0388086671448251));
#9270=CARTESIAN_POINT('',(0.0522916134931882,0.0986050584524784,0.0385598739735126));
#9271=CARTESIAN_POINT('',(0.0521896676289729,0.0984347321945502,0.0388068288265812));
#9272=CARTESIAN_POINT('',(0.0518993140351772,0.0985272912478813,0.0388935369867563));
#9273=CARTESIAN_POINT('',(0.0518993140351772,0.0985272912478812,0.0388935369867563));
#9274=CARTESIAN_POINT('',(0.0518040973351727,0.0984256568207034,0.0387983271301957));
#9275=CARTESIAN_POINT('',(0.0516972350618527,0.0982927148512995,0.03877));
#9276=CARTESIAN_POINT('',(0.0515988575421008,0.0981571481895979,0.03877));
#9277=CARTESIAN_POINT('',(0.0531851844808802,0.098214719922272,0.0392272));
#9278=CARTESIAN_POINT('',(0.0518993140351772,0.098214719922272,0.0392272));
#9279=CARTESIAN_POINT('',(0.0518993140351771,0.0961752197879127,0.0390329874391875));
#9280=CARTESIAN_POINT('',(0.0521671077825568,0.0962041419413226,0.0389713493909982));
#9281=CARTESIAN_POINT('',(0.0522916134931881,0.0959961237745656,0.038838774878375));
#9282=CARTESIAN_POINT('',(0.0519561571451658,0.0961277344580059,0.0391341867866771));
#9283=CARTESIAN_POINT('',(0.0522020588723173,0.0961287899000474,0.0390938150377145));
#9284=CARTESIAN_POINT('',(0.0523397855928881,0.0959156401419867,0.0390411735699402));
#9285=CARTESIAN_POINT('',(0.0519685614817825,0.0961191038740963,0.0392592362921454));
#9286=CARTESIAN_POINT('',(0.0522113556862494,0.096112125105405,0.0392766749605517));
#9287=CARTESIAN_POINT('',(0.0523502977471604,0.09590101204412,0.0392912725835045));
#9288=CARTESIAN_POINT('',(0.0519252686865801,0.0961539414485736,0.0393673839364177));
#9289=CARTESIAN_POINT('',(0.0521837575656544,0.0961690409735132,0.0394142579819373));
#9290=CARTESIAN_POINT('',(0.0523136089604787,0.0959600587926349,0.0395075678728355));
#9291=CARTESIAN_POINT('',(0.0518993140351772,0.0961752197879126,0.0390329874391875));
#9292=CARTESIAN_POINT('',(0.0519311986455898,0.0961485841493858,0.039089752533674));
#9293=CARTESIAN_POINT('',(0.0519531687676263,0.0961319199222719,0.0391565941339326));
#9294=CARTESIAN_POINT('',(0.0519531687676263,0.0961319199222719,0.0392272));
#9295=CARTESIAN_POINT('',(0.0518993140351772,0.097401919922272,0.0392272));
#9296=CARTESIAN_POINT('',(0.0518993140351772,0.096589119922272,0.0392272));
#9297=CARTESIAN_POINT('',(0.0581283647115729,0.096589119922272,0.0392272));
#9298=MECHANICAL_DESIGN_GEOMETRIC_PRESENTATION_REPRESENTATION('',(#4980),
#9299);
#9299=(
GEOMETRIC_REPRESENTATION_CONTEXT(3)
GLOBAL_UNCERTAINTY_ASSIGNED_CONTEXT((#9300))
GLOBAL_UNIT_ASSIGNED_CONTEXT((#9303,#9302,#9301))
REPRESENTATION_CONTEXT('DEXI 3 Antenna v3','TOP_LEVEL_ASSEMBLY_PART')
);
#9300=UNCERTAINTY_MEASURE_WITH_UNIT(LENGTH_MEASURE(2.E-5),#9303,
'DISTANCE_ACCURACY_VALUE','Maximum Tolerance applied to model');
#9301=(
NAMED_UNIT(*)
SI_UNIT($,.STERADIAN.)
SOLID_ANGLE_UNIT()
);
#9302=(
NAMED_UNIT(*)
PLANE_ANGLE_UNIT()
SI_UNIT($,.RADIAN.)
);
#9303=(
LENGTH_UNIT()
NAMED_UNIT(*)
SI_UNIT($,.METRE.)
);
#9304=PRODUCT_DEFINITION_SHAPE('','',#9305);
#9305=PRODUCT_DEFINITION('','',#9307,#9306);
#9306=PRODUCT_DEFINITION_CONTEXT('',#9313,'design');
#9307=PRODUCT_DEFINITION_FORMATION_WITH_SPECIFIED_SOURCE('','',#9309,
 .NOT_KNOWN.);
#9308=PRODUCT_RELATED_PRODUCT_CATEGORY('','',(#9309));
#9309=PRODUCT('DEXI 3 Antenna v3','DEXI 3 Antenna v3',
'DEXI 3 Antenna v3',(#9311));
#9310=PRODUCT_CATEGORY('','');
#9311=PRODUCT_CONTEXT('',#9313,'mechanical');
#9312=APPLICATION_PROTOCOL_DEFINITION('international standard',
'ap242_managed_model_based_3d_engineering',2020,#9313);
#9313=APPLICATION_CONTEXT('managed model based 3d engineering');
ENDSEC;
END-ISO-10303-21;
