ISO-10303-21;
HEADER;
/* Generated by software containing ST-Developer
 * from STEP Tools, Inc. (www.steptools.com) 
 */
/* OPTION: using custom renumber hook */

FILE_DESCRIPTION(
/* description */ ('STEP AP242 Edition 2',
'CAx-IF Rec.Pracs.---Representation and Presentation of Product Manufa
cturing Information (PMI)---4.0---2014-10-13',
'CAx-IF Rec.Pracs.---3D Tessellated Geometry---0.4---2014-09-14','2;1',
'CAx-IF Rec.Pracs.---User Defined Attributes---1.5---2016-08-15'),
/* implementation_level */ '2;1');

FILE_NAME(
/* name */ 'dexi parts - Part 3',
/* time_stamp */ '2026-06-05T01:18:22Z',
/* author */ (''),
/* organization */ (''),
/* preprocessor_version */ 'ST-DEVELOPER v20',
/* originating_system */ 'ONSHAPE BY PTC INC, 1.215',
/* authorisation */ '  ');

FILE_SCHEMA (('AP242_MANAGED_MODEL_BASED_3D_ENGINEERING_MIM_LF { 1 0 10303 442 3 1 4 }'));
ENDSEC;

DATA;
#10=SHAPE_REPRESENTATION_RELATIONSHIP('','',#2038,#11);
#11=ADVANCED_BREP_SHAPE_REPRESENTATION('',(#2036),#3476);
#12=TOROIDAL_SURFACE('',#2171,0.00423115068941509,0.000490568195874213);
#13=TOROIDAL_SURFACE('',#2177,0.00521228708116351,0.000490568195874213);
#14=TOROIDAL_SURFACE('',#2179,0.00423115068941509,0.000490568195874213);
#15=TOROIDAL_SURFACE('',#2183,0.00423115068941509,0.000490568195874213);
#16=TOROIDAL_SURFACE('',#2184,0.00521228708116351,0.000490568195874213);
#17=TOROIDAL_SURFACE('',#2191,0.00423115068941509,0.000490568195874213);
#18=ELLIPSE('',#2170,0.000517540086988311,0.000490568195874213);
#19=ELLIPSE('',#2173,0.000517540086988311,0.000490568195874213);
#20=ELLIPSE('',#2187,0.000517540086988311,0.000490568195874213);
#21=ELLIPSE('',#2190,0.000517540086988311,0.000490568195874213);
#22=ELLIPSE('',#2194,0.000693768195874213,0.000490568195874213);
#23=ELLIPSE('',#2196,0.000693768195874213,0.000490568195874213);
#24=ELLIPSE('',#2201,0.000718420489685532,0.000508);
#25=ELLIPSE('',#2203,0.000718420489685532,0.000508);
#26=B_SPLINE_SURFACE_WITH_KNOTS('',3,1,((#3167,#3168),(#3169,#3170),(#3171,
#3172),(#3173,#3174)),.SURF_OF_LINEAR_EXTRUSION.,.F.,.F.,.F.,(4,4),(2,2),
(0.,1.),(0.,1.),.PIECEWISE_BEZIER_KNOTS.);
#27=B_SPLINE_SURFACE_WITH_KNOTS('',3,1,((#3187,#3188),(#3189,#3190),(#3191,
#3192),(#3193,#3194)),.SURF_OF_LINEAR_EXTRUSION.,.F.,.F.,.F.,(4,4),(2,2),
(0.,1.),(0.,1.),.PIECEWISE_BEZIER_KNOTS.);
#28=B_SPLINE_SURFACE_WITH_KNOTS('',3,1,((#3204,#3205),(#3206,#3207),(#3208,
#3209),(#3210,#3211)),.SURF_OF_LINEAR_EXTRUSION.,.F.,.F.,.F.,(4,4),(2,2),
(0.,1.),(0.,1.),.PIECEWISE_BEZIER_KNOTS.);
#29=B_SPLINE_SURFACE_WITH_KNOTS('',3,1,((#3253,#3254),(#3255,#3256),(#3257,
#3258),(#3259,#3260)),.SURF_OF_LINEAR_EXTRUSION.,.F.,.F.,.F.,(4,4),(2,2),
(0.,1.),(0.,1.),.PIECEWISE_BEZIER_KNOTS.);
#30=B_SPLINE_SURFACE_WITH_KNOTS('',3,1,((#3266,#3267),(#3268,#3269),(#3270,
#3271),(#3272,#3273)),.SURF_OF_LINEAR_EXTRUSION.,.F.,.F.,.F.,(4,4),(2,2),
(0.,1.),(0.,1.),.PIECEWISE_BEZIER_KNOTS.);
#31=B_SPLINE_SURFACE_WITH_KNOTS('',3,1,((#3279,#3280),(#3281,#3282),(#3283,
#3284),(#3285,#3286)),.SURF_OF_LINEAR_EXTRUSION.,.F.,.F.,.F.,(4,4),(2,2),
(0.,1.),(0.,1.),.PIECEWISE_BEZIER_KNOTS.);
#32=B_SPLINE_SURFACE_WITH_KNOTS('',3,1,((#3292,#3293),(#3294,#3295),(#3296,
#3297),(#3298,#3299)),.SURF_OF_LINEAR_EXTRUSION.,.F.,.F.,.F.,(4,4),(2,2),
(0.,1.),(0.,1.),.PIECEWISE_BEZIER_KNOTS.);
#33=B_SPLINE_SURFACE_WITH_KNOTS('',3,1,((#3323,#3324),(#3325,#3326),(#3327,
#3328),(#3329,#3330)),.SURF_OF_LINEAR_EXTRUSION.,.F.,.F.,.F.,(4,4),(2,2),
(0.,1.),(0.,1.),.PIECEWISE_BEZIER_KNOTS.);
#34=CYLINDRICAL_SURFACE('',#2081,0.00395971888528933);
#35=CYLINDRICAL_SURFACE('',#2086,0.00395971888528924);
#36=CYLINDRICAL_SURFACE('',#2089,0.00548371888528929);
#37=CYLINDRICAL_SURFACE('',#2092,0.00395971888528924);
#38=CYLINDRICAL_SURFACE('',#2097,0.00395971888528929);
#39=CYLINDRICAL_SURFACE('',#2104,0.0047217188852893);
#40=CYLINDRICAL_SURFACE('',#2107,0.0047217188852893);
#41=CYLINDRICAL_SURFACE('',#2112,0.0047217188852893);
#42=CYLINDRICAL_SURFACE('',#2115,0.0047217188852893);
#43=CYLINDRICAL_SURFACE('',#2118,0.0047217188852893);
#44=CYLINDRICAL_SURFACE('',#2125,0.002286);
#45=CYLINDRICAL_SURFACE('',#2130,0.002286);
#46=CYLINDRICAL_SURFACE('',#2133,0.0047217188852893);
#47=CYLINDRICAL_SURFACE('',#2169,0.000490568195874213);
#48=CYLINDRICAL_SURFACE('',#2172,0.000490568195874213);
#49=CYLINDRICAL_SURFACE('',#2174,0.000490568195874213);
#50=CYLINDRICAL_SURFACE('',#2176,0.000490568195874213);
#51=CYLINDRICAL_SURFACE('',#2180,0.000490568195874213);
#52=CYLINDRICAL_SURFACE('',#2181,0.000490568195874213);
#53=CYLINDRICAL_SURFACE('',#2186,0.000490568195874213);
#54=CYLINDRICAL_SURFACE('',#2188,0.000490568195874213);
#55=CYLINDRICAL_SURFACE('',#2189,0.000490568195874213);
#56=CYLINDRICAL_SURFACE('',#2192,0.000490568195874213);
#57=CYLINDRICAL_SURFACE('',#2193,0.000490568195874213);
#58=CYLINDRICAL_SURFACE('',#2195,0.000490568195874213);
#59=CYLINDRICAL_SURFACE('',#2197,0.000490568195874213);
#60=CYLINDRICAL_SURFACE('',#2198,0.001143);
#61=CYLINDRICAL_SURFACE('',#2199,0.001143);
#62=CYLINDRICAL_SURFACE('',#2200,0.000508);
#63=CYLINDRICAL_SURFACE('',#2202,0.000508);
#64=CYLINDRICAL_SURFACE('',#2204,0.000508);
#65=CYLINDRICAL_SURFACE('',#2207,0.00548371888528929);
#66=CYLINDRICAL_SURFACE('',#2208,0.00252697380294466);
#67=CYLINDRICAL_SURFACE('',#2209,0.00252697380294466);
#68=CYLINDRICAL_SURFACE('',#2210,0.00252697380294466);
#69=CYLINDRICAL_SURFACE('',#2211,0.00252697380294466);
#70=CYLINDRICAL_SURFACE('',#2212,0.00252697380294466);
#71=CYLINDRICAL_SURFACE('',#2213,0.00252697380294466);
#72=CYLINDRICAL_SURFACE('',#2214,0.0025269698);
#73=CYLINDRICAL_SURFACE('',#2215,0.0025269698);
#74=B_SPLINE_CURVE_WITH_KNOTS('',2,(#2932,#2933,#2934),.UNSPECIFIED.,.F.,
 .F.,(3,3),(0.,1.),.PIECEWISE_BEZIER_KNOTS.);
#75=B_SPLINE_CURVE_WITH_KNOTS('',2,(#2936,#2937,#2938),.UNSPECIFIED.,.F.,
 .F.,(3,3),(0.,1.),.PIECEWISE_BEZIER_KNOTS.);
#76=B_SPLINE_CURVE_WITH_KNOTS('',2,(#2940,#2941,#2942),.UNSPECIFIED.,.F.,
 .F.,(3,3),(0.,1.),.PIECEWISE_BEZIER_KNOTS.);
#77=B_SPLINE_CURVE_WITH_KNOTS('',2,(#2944,#2945,#2946),.UNSPECIFIED.,.F.,
 .F.,(3,3),(0.,1.),.PIECEWISE_BEZIER_KNOTS.);
#78=B_SPLINE_CURVE_WITH_KNOTS('',2,(#3175,#3176,#3177),.UNSPECIFIED.,.F.,
 .F.,(3,3),(0.,1.),.PIECEWISE_BEZIER_KNOTS.);
#79=B_SPLINE_CURVE_WITH_KNOTS('',2,(#3182,#3183,#3184),.UNSPECIFIED.,.F.,
 .F.,(3,3),(0.,1.),.PIECEWISE_BEZIER_KNOTS.);
#80=B_SPLINE_CURVE_WITH_KNOTS('',2,(#3195,#3196,#3197),.UNSPECIFIED.,.F.,
 .F.,(3,3),(0.,1.),.PIECEWISE_BEZIER_KNOTS.);
#81=B_SPLINE_CURVE_WITH_KNOTS('',2,(#3201,#3202,#3203),.UNSPECIFIED.,.F.,
 .F.,(3,3),(0.,1.),.PIECEWISE_BEZIER_KNOTS.);
#82=B_SPLINE_CURVE_WITH_KNOTS('',2,(#3212,#3213,#3214),.UNSPECIFIED.,.F.,
 .F.,(3,3),(0.,1.),.PIECEWISE_BEZIER_KNOTS.);
#83=B_SPLINE_CURVE_WITH_KNOTS('',2,(#3218,#3219,#3220),.UNSPECIFIED.,.F.,
 .F.,(3,3),(0.,1.),.PIECEWISE_BEZIER_KNOTS.);
#84=B_SPLINE_CURVE_WITH_KNOTS('',2,(#3263,#3264,#3265),.UNSPECIFIED.,.F.,
 .F.,(3,3),(0.,1.),.PIECEWISE_BEZIER_KNOTS.);
#85=B_SPLINE_CURVE_WITH_KNOTS('',2,(#3276,#3277,#3278),.UNSPECIFIED.,.F.,
 .F.,(3,3),(0.,1.),.PIECEWISE_BEZIER_KNOTS.);
#86=B_SPLINE_CURVE_WITH_KNOTS('',2,(#3289,#3290,#3291),.UNSPECIFIED.,.F.,
 .F.,(3,3),(0.,1.),.PIECEWISE_BEZIER_KNOTS.);
#87=B_SPLINE_CURVE_WITH_KNOTS('',2,(#3302,#3303,#3304),.UNSPECIFIED.,.F.,
 .F.,(3,3),(0.,1.),.PIECEWISE_BEZIER_KNOTS.);
#88=B_SPLINE_CURVE_WITH_KNOTS('',2,(#3331,#3332,#3333),.UNSPECIFIED.,.F.,
 .F.,(3,3),(0.,1.),.PIECEWISE_BEZIER_KNOTS.);
#89=B_SPLINE_CURVE_WITH_KNOTS('',2,(#3334,#3335,#3336),.UNSPECIFIED.,.F.,
 .F.,(3,3),(0.,1.),.PIECEWISE_BEZIER_KNOTS.);
#90=B_SPLINE_CURVE_WITH_KNOTS('',3,(#3390,#3391,#3392,#3393),
 .UNSPECIFIED.,.F.,.F.,(4,4),(0.,0.00079748963585503),.UNSPECIFIED.);
#91=B_SPLINE_CURVE_WITH_KNOTS('',3,(#3395,#3396,#3397,#3398,#3399),
 .UNSPECIFIED.,.F.,.F.,(4,1,4),(0.,0.000430093530391914,0.000860187060783828),
 .UNSPECIFIED.);
#92=B_SPLINE_CURVE_WITH_KNOTS('',3,(#3405,#3406,#3407,#3408),
 .UNSPECIFIED.,.F.,.F.,(4,4),(0.,0.000797489635855011),.UNSPECIFIED.);
#93=B_SPLINE_CURVE_WITH_KNOTS('',3,(#3412,#3413,#3414,#3415,#3416),
 .UNSPECIFIED.,.F.,.F.,(4,1,4),(0.,0.000430093530391903,0.000860187060783806),
 .UNSPECIFIED.);
#94=B_SPLINE_CURVE_WITH_KNOTS('',3,(#3418,#3419,#3420,#3421,#3422),
 .UNSPECIFIED.,.F.,.F.,(4,1,4),(0.,0.000430093530391918,0.000860187060783837),
 .UNSPECIFIED.);
#95=B_SPLINE_CURVE_WITH_KNOTS('',3,(#3426,#3427,#3428,#3429),
 .UNSPECIFIED.,.F.,.F.,(4,4),(0.,0.000797489635854998),.UNSPECIFIED.);
#96=B_SPLINE_CURVE_WITH_KNOTS('',3,(#3435,#3436,#3437,#3438,#3439),
 .UNSPECIFIED.,.F.,.F.,(4,1,4),(0.,0.000430093530391915,0.000860187060783829),
 .UNSPECIFIED.);
#97=B_SPLINE_CURVE_WITH_KNOTS('',3,(#3443,#3444,#3445,#3446),
 .UNSPECIFIED.,.F.,.F.,(4,4),(0.,0.000797489635855008),.UNSPECIFIED.);
#98=LINE('',#2776,#293);
#99=LINE('',#2780,#294);
#100=LINE('',#2790,#295);
#101=LINE('',#2794,#296);
#102=LINE('',#2798,#297);
#103=LINE('',#2802,#298);
#104=LINE('',#2806,#299);
#105=LINE('',#2810,#300);
#106=LINE('',#2814,#301);
#107=LINE('',#2818,#302);
#108=LINE('',#2829,#303);
#109=LINE('',#2833,#304);
#110=LINE('',#2839,#305);
#111=LINE('',#2841,#306);
#112=LINE('',#2845,#307);
#113=LINE('',#2849,#308);
#114=LINE('',#2853,#309);
#115=LINE('',#2855,#310);
#116=LINE('',#2859,#311);
#117=LINE('',#2863,#312);
#118=LINE('',#2867,#313);
#119=LINE('',#2869,#314);
#120=LINE('',#2873,#315);
#121=LINE('',#2877,#316);
#122=LINE('',#2881,#317);
#123=LINE('',#2883,#318);
#124=LINE('',#2885,#319);
#125=LINE('',#2888,#320);
#126=LINE('',#2890,#321);
#127=LINE('',#2894,#322);
#128=LINE('',#2898,#323);
#129=LINE('',#2902,#324);
#130=LINE('',#2904,#325);
#131=LINE('',#2906,#326);
#132=LINE('',#2910,#327);
#133=LINE('',#2914,#328);
#134=LINE('',#2917,#329);
#135=LINE('',#2920,#330);
#136=LINE('',#2922,#331);
#137=LINE('',#2924,#332);
#138=LINE('',#2926,#333);
#139=LINE('',#2928,#334);
#140=LINE('',#2930,#335);
#141=LINE('',#2948,#336);
#142=LINE('',#2949,#337);
#143=LINE('',#2952,#338);
#144=LINE('',#2954,#339);
#145=LINE('',#2956,#340);
#146=LINE('',#2958,#341);
#147=LINE('',#2960,#342);
#148=LINE('',#2962,#343);
#149=LINE('',#2964,#344);
#150=LINE('',#2966,#345);
#151=LINE('',#2968,#346);
#152=LINE('',#2970,#347);
#153=LINE('',#2972,#348);
#154=LINE('',#2977,#349);
#155=LINE('',#2978,#350);
#156=LINE('',#2980,#351);
#157=LINE('',#2982,#352);
#158=LINE('',#2984,#353);
#159=LINE('',#2986,#354);
#160=LINE('',#2988,#355);
#161=LINE('',#2990,#356);
#162=LINE('',#2993,#357);
#163=LINE('',#2994,#358);
#164=LINE('',#2998,#359);
#165=LINE('',#3000,#360);
#166=LINE('',#3002,#361);
#167=LINE('',#3006,#362);
#168=LINE('',#3008,#363);
#169=LINE('',#3010,#364);
#170=LINE('',#3014,#365);
#171=LINE('',#3016,#366);
#172=LINE('',#3018,#367);
#173=LINE('',#3020,#368);
#174=LINE('',#3023,#369);
#175=LINE('',#3024,#370);
#176=LINE('',#3026,#371);
#177=LINE('',#3029,#372);
#178=LINE('',#3030,#373);
#179=LINE('',#3032,#374);
#180=LINE('',#3036,#375);
#181=LINE('',#3039,#376);
#182=LINE('',#3041,#377);
#183=LINE('',#3047,#378);
#184=LINE('',#3049,#379);
#185=LINE('',#3051,#380);
#186=LINE('',#3053,#381);
#187=LINE('',#3055,#382);
#188=LINE('',#3057,#383);
#189=LINE('',#3059,#384);
#190=LINE('',#3060,#385);
#191=LINE('',#3064,#386);
#192=LINE('',#3071,#387);
#193=LINE('',#3072,#388);
#194=LINE('',#3073,#389);
#195=LINE('',#3077,#390);
#196=LINE('',#3079,#391);
#197=LINE('',#3081,#392);
#198=LINE('',#3083,#393);
#199=LINE('',#3085,#394);
#200=LINE('',#3087,#395);
#201=LINE('',#3089,#396);
#202=LINE('',#3093,#397);
#203=LINE('',#3095,#398);
#204=LINE('',#3097,#399);
#205=LINE('',#3101,#400);
#206=LINE('',#3103,#401);
#207=LINE('',#3107,#402);
#208=LINE('',#3110,#403);
#209=LINE('',#3112,#404);
#210=LINE('',#3118,#405);
#211=LINE('',#3121,#406);
#212=LINE('',#3122,#407);
#213=LINE('',#3123,#408);
#214=LINE('',#3125,#409);
#215=LINE('',#3126,#410);
#216=LINE('',#3128,#411);
#217=LINE('',#3130,#412);
#218=LINE('',#3132,#413);
#219=LINE('',#3133,#414);
#220=LINE('',#3135,#415);
#221=LINE('',#3138,#416);
#222=LINE('',#3139,#417);
#223=LINE('',#3140,#418);
#224=LINE('',#3142,#419);
#225=LINE('',#3143,#420);
#226=LINE('',#3146,#421);
#227=LINE('',#3148,#422);
#228=LINE('',#3150,#423);
#229=LINE('',#3152,#424);
#230=LINE('',#3155,#425);
#231=LINE('',#3156,#426);
#232=LINE('',#3180,#427);
#233=LINE('',#3186,#428);
#234=LINE('',#3199,#429);
#235=LINE('',#3216,#430);
#236=LINE('',#3222,#431);
#237=LINE('',#3224,#432);
#238=LINE('',#3226,#433);
#239=LINE('',#3228,#434);
#240=LINE('',#3230,#435);
#241=LINE('',#3232,#436);
#242=LINE('',#3234,#437);
#243=LINE('',#3236,#438);
#244=LINE('',#3238,#439);
#245=LINE('',#3240,#440);
#246=LINE('',#3242,#441);
#247=LINE('',#3244,#442);
#248=LINE('',#3246,#443);
#249=LINE('',#3248,#444);
#250=LINE('',#3250,#445);
#251=LINE('',#3252,#446);
#252=LINE('',#3261,#447);
#253=LINE('',#3274,#448);
#254=LINE('',#3287,#449);
#255=LINE('',#3300,#450);
#256=LINE('',#3306,#451);
#257=LINE('',#3308,#452);
#258=LINE('',#3310,#453);
#259=LINE('',#3312,#454);
#260=LINE('',#3314,#455);
#261=LINE('',#3316,#456);
#262=LINE('',#3318,#457);
#263=LINE('',#3320,#458);
#264=LINE('',#3322,#459);
#265=LINE('',#3339,#460);
#266=LINE('',#3341,#461);
#267=LINE('',#3343,#462);
#268=LINE('',#3345,#463);
#269=LINE('',#3347,#464);
#270=LINE('',#3349,#465);
#271=LINE('',#3351,#466);
#272=LINE('',#3353,#467);
#273=LINE('',#3355,#468);
#274=LINE('',#3357,#469);
#275=LINE('',#3359,#470);
#276=LINE('',#3361,#471);
#277=LINE('',#3363,#472);
#278=LINE('',#3365,#473);
#279=LINE('',#3367,#474);
#280=LINE('',#3369,#475);
#281=LINE('',#3371,#476);
#282=LINE('',#3373,#477);
#283=LINE('',#3375,#478);
#284=LINE('',#3377,#479);
#285=LINE('',#3379,#480);
#286=LINE('',#3381,#481);
#287=LINE('',#3383,#482);
#288=LINE('',#3385,#483);
#289=LINE('',#3461,#484);
#290=LINE('',#3462,#485);
#291=LINE('',#3464,#486);
#292=LINE('',#3465,#487);
#293=VECTOR('',#2228,1.);
#294=VECTOR('',#2231,1.);
#295=VECTOR('',#2240,1.);
#296=VECTOR('',#2243,1.);
#297=VECTOR('',#2246,1.);
#298=VECTOR('',#2249,1.);
#299=VECTOR('',#2252,1.);
#300=VECTOR('',#2255,1.);
#301=VECTOR('',#2258,1.);
#302=VECTOR('',#2261,1.);
#303=VECTOR('',#2272,1.);
#304=VECTOR('',#2275,1.);
#305=VECTOR('',#2280,1.);
#306=VECTOR('',#2281,1.);
#307=VECTOR('',#2284,1.);
#308=VECTOR('',#2287,1.);
#309=VECTOR('',#2290,1.);
#310=VECTOR('',#2291,1.);
#311=VECTOR('',#2294,1.);
#312=VECTOR('',#2297,1.);
#313=VECTOR('',#2300,1.);
#314=VECTOR('',#2301,1.);
#315=VECTOR('',#2304,1.);
#316=VECTOR('',#2307,1.);
#317=VECTOR('',#2310,1.);
#318=VECTOR('',#2311,1.);
#319=VECTOR('',#2314,1.);
#320=VECTOR('',#2315,1.);
#321=VECTOR('',#2316,1.);
#322=VECTOR('',#2319,1.);
#323=VECTOR('',#2322,1.);
#324=VECTOR('',#2325,1.);
#325=VECTOR('',#2326,1.);
#326=VECTOR('',#2327,1.);
#327=VECTOR('',#2330,1.);
#328=VECTOR('',#2333,1.);
#329=VECTOR('',#2336,1.);
#330=VECTOR('',#2337,1.);
#331=VECTOR('',#2338,1.);
#332=VECTOR('',#2339,1.);
#333=VECTOR('',#2340,1.);
#334=VECTOR('',#2341,1.);
#335=VECTOR('',#2342,1.);
#336=VECTOR('',#2343,1.);
#337=VECTOR('',#2344,1.);
#338=VECTOR('',#2345,1.);
#339=VECTOR('',#2346,1.);
#340=VECTOR('',#2347,1.);
#341=VECTOR('',#2348,1.);
#342=VECTOR('',#2349,1.);
#343=VECTOR('',#2350,1.);
#344=VECTOR('',#2351,1.);
#345=VECTOR('',#2352,1.);
#346=VECTOR('',#2353,1.);
#347=VECTOR('',#2354,1.);
#348=VECTOR('',#2355,1.);
#349=VECTOR('',#2360,1.);
#350=VECTOR('',#2361,1.);
#351=VECTOR('',#2364,1.);
#352=VECTOR('',#2365,1.);
#353=VECTOR('',#2368,1.);
#354=VECTOR('',#2369,1.);
#355=VECTOR('',#2370,1.);
#356=VECTOR('',#2373,1.);
#357=VECTOR('',#2374,1.);
#358=VECTOR('',#2375,1.);
#359=VECTOR('',#2380,1.);
#360=VECTOR('',#2383,1.);
#361=VECTOR('',#2384,1.);
#362=VECTOR('',#2389,1.);
#363=VECTOR('',#2392,1.);
#364=VECTOR('',#2393,1.);
#365=VECTOR('',#2398,1.);
#366=VECTOR('',#2401,1.);
#367=VECTOR('',#2402,1.);
#368=VECTOR('',#2405,1.);
#369=VECTOR('',#2406,1.);
#370=VECTOR('',#2407,1.);
#371=VECTOR('',#2410,1.);
#372=VECTOR('',#2411,1.);
#373=VECTOR('',#2412,1.);
#374=VECTOR('',#2415,1.);
#375=VECTOR('',#2420,1.);
#376=VECTOR('',#2421,1.);
#377=VECTOR('',#2422,1.);
#378=VECTOR('',#2429,1.);
#379=VECTOR('',#2430,1.);
#380=VECTOR('',#2431,1.);
#381=VECTOR('',#2434,1.);
#382=VECTOR('',#2435,1.);
#383=VECTOR('',#2436,1.);
#384=VECTOR('',#2439,1.);
#385=VECTOR('',#2440,1.);
#386=VECTOR('',#2443,1.);
#387=VECTOR('',#2450,1.);
#388=VECTOR('',#2451,1.);
#389=VECTOR('',#2452,1.);
#390=VECTOR('',#2455,1.);
#391=VECTOR('',#2458,1.);
#392=VECTOR('',#2459,1.);
#393=VECTOR('',#2462,1.);
#394=VECTOR('',#2463,1.);
#395=VECTOR('',#2464,1.);
#396=VECTOR('',#2467,1.);
#397=VECTOR('',#2472,1.);
#398=VECTOR('',#2473,1.);
#399=VECTOR('',#2476,1.);
#400=VECTOR('',#2481,1.);
#401=VECTOR('',#2482,1.);
#402=VECTOR('',#2489,1.);
#403=VECTOR('',#2490,1.);
#404=VECTOR('',#2491,1.);
#405=VECTOR('',#2498,1.);
#406=VECTOR('',#2499,1.);
#407=VECTOR('',#2500,1.);
#408=VECTOR('',#2501,1.);
#409=VECTOR('',#2504,1.);
#410=VECTOR('',#2505,1.);
#411=VECTOR('',#2508,1.);
#412=VECTOR('',#2511,1.);
#413=VECTOR('',#2514,1.);
#414=VECTOR('',#2515,1.);
#415=VECTOR('',#2518,1.);
#416=VECTOR('',#2519,1.);
#417=VECTOR('',#2520,1.);
#418=VECTOR('',#2521,1.);
#419=VECTOR('',#2524,1.);
#420=VECTOR('',#2525,1.);
#421=VECTOR('',#2530,1.);
#422=VECTOR('',#2531,1.);
#423=VECTOR('',#2532,1.);
#424=VECTOR('',#2535,1.);
#425=VECTOR('',#2536,1.);
#426=VECTOR('',#2537,1.);
#427=VECTOR('',#2558,1.);
#428=VECTOR('',#2559,1.);
#429=VECTOR('',#2560,1.);
#430=VECTOR('',#2561,1.);
#431=VECTOR('',#2564,1.);
#432=VECTOR('',#2565,1.);
#433=VECTOR('',#2566,1.);
#434=VECTOR('',#2569,1.);
#435=VECTOR('',#2570,1.);
#436=VECTOR('',#2571,1.);
#437=VECTOR('',#2574,1.);
#438=VECTOR('',#2575,1.);
#439=VECTOR('',#2576,1.);
#440=VECTOR('',#2579,1.);
#441=VECTOR('',#2580,1.);
#442=VECTOR('',#2581,1.);
#443=VECTOR('',#2584,1.);
#444=VECTOR('',#2585,1.);
#445=VECTOR('',#2588,1.);
#446=VECTOR('',#2589,1.);
#447=VECTOR('',#2590,1.);
#448=VECTOR('',#2591,1.);
#449=VECTOR('',#2592,1.);
#450=VECTOR('',#2593,1.);
#451=VECTOR('',#2596,1.);
#452=VECTOR('',#2597,1.);
#453=VECTOR('',#2600,1.);
#454=VECTOR('',#2601,1.);
#455=VECTOR('',#2604,1.);
#456=VECTOR('',#2605,1.);
#457=VECTOR('',#2608,1.);
#458=VECTOR('',#2609,1.);
#459=VECTOR('',#2612,1.);
#460=VECTOR('',#2617,1.);
#461=VECTOR('',#2618,1.);
#462=VECTOR('',#2619,1.);
#463=VECTOR('',#2622,1.);
#464=VECTOR('',#2623,1.);
#465=VECTOR('',#2626,1.);
#466=VECTOR('',#2627,1.);
#467=VECTOR('',#2630,1.);
#468=VECTOR('',#2631,1.);
#469=VECTOR('',#2634,1.);
#470=VECTOR('',#2635,1.);
#471=VECTOR('',#2638,1.);
#472=VECTOR('',#2639,1.);
#473=VECTOR('',#2642,1.);
#474=VECTOR('',#2643,1.);
#475=VECTOR('',#2646,1.);
#476=VECTOR('',#2647,1.);
#477=VECTOR('',#2650,1.);
#478=VECTOR('',#2651,1.);
#479=VECTOR('',#2654,1.);
#480=VECTOR('',#2655,1.);
#481=VECTOR('',#2658,1.);
#482=VECTOR('',#2659,1.);
#483=VECTOR('',#2662,1.);
#484=VECTOR('',#2741,1.);
#485=VECTOR('',#2742,1.);
#486=VECTOR('',#2745,1.);
#487=VECTOR('',#2746,1.);
#488=ORIENTED_EDGE('',*,*,#1074,.F.);
#489=ORIENTED_EDGE('',*,*,#1075,.T.);
#490=ORIENTED_EDGE('',*,*,#1076,.T.);
#491=ORIENTED_EDGE('',*,*,#1077,.T.);
#492=ORIENTED_EDGE('',*,*,#1078,.T.);
#493=ORIENTED_EDGE('',*,*,#1079,.F.);
#494=ORIENTED_EDGE('',*,*,#1080,.T.);
#495=ORIENTED_EDGE('',*,*,#1081,.T.);
#496=ORIENTED_EDGE('',*,*,#1082,.F.);
#497=ORIENTED_EDGE('',*,*,#1083,.T.);
#498=ORIENTED_EDGE('',*,*,#1084,.F.);
#499=ORIENTED_EDGE('',*,*,#1085,.F.);
#500=ORIENTED_EDGE('',*,*,#1086,.T.);
#501=ORIENTED_EDGE('',*,*,#1087,.F.);
#502=ORIENTED_EDGE('',*,*,#1088,.T.);
#503=ORIENTED_EDGE('',*,*,#1089,.T.);
#504=ORIENTED_EDGE('',*,*,#1090,.F.);
#505=ORIENTED_EDGE('',*,*,#1091,.F.);
#506=ORIENTED_EDGE('',*,*,#1092,.F.);
#507=ORIENTED_EDGE('',*,*,#1093,.F.);
#508=ORIENTED_EDGE('',*,*,#1094,.F.);
#509=ORIENTED_EDGE('',*,*,#1095,.T.);
#510=ORIENTED_EDGE('',*,*,#1096,.T.);
#511=ORIENTED_EDGE('',*,*,#1097,.T.);
#512=ORIENTED_EDGE('',*,*,#1098,.T.);
#513=ORIENTED_EDGE('',*,*,#1099,.F.);
#514=ORIENTED_EDGE('',*,*,#1100,.F.);
#515=ORIENTED_EDGE('',*,*,#1101,.F.);
#516=ORIENTED_EDGE('',*,*,#1102,.T.);
#517=ORIENTED_EDGE('',*,*,#1103,.T.);
#518=ORIENTED_EDGE('',*,*,#1104,.F.);
#519=ORIENTED_EDGE('',*,*,#1105,.T.);
#520=ORIENTED_EDGE('',*,*,#1106,.F.);
#521=ORIENTED_EDGE('',*,*,#1107,.T.);
#522=ORIENTED_EDGE('',*,*,#1108,.T.);
#523=ORIENTED_EDGE('',*,*,#1109,.T.);
#524=ORIENTED_EDGE('',*,*,#1110,.F.);
#525=ORIENTED_EDGE('',*,*,#1111,.T.);
#526=ORIENTED_EDGE('',*,*,#1112,.T.);
#527=ORIENTED_EDGE('',*,*,#1113,.T.);
#528=ORIENTED_EDGE('',*,*,#1114,.F.);
#529=ORIENTED_EDGE('',*,*,#1115,.T.);
#530=ORIENTED_EDGE('',*,*,#1116,.F.);
#531=ORIENTED_EDGE('',*,*,#1117,.F.);
#532=ORIENTED_EDGE('',*,*,#1118,.T.);
#533=ORIENTED_EDGE('',*,*,#1119,.T.);
#534=ORIENTED_EDGE('',*,*,#1120,.T.);
#535=ORIENTED_EDGE('',*,*,#1121,.T.);
#536=ORIENTED_EDGE('',*,*,#1122,.T.);
#537=ORIENTED_EDGE('',*,*,#1123,.F.);
#538=ORIENTED_EDGE('',*,*,#1124,.T.);
#539=ORIENTED_EDGE('',*,*,#1125,.T.);
#540=ORIENTED_EDGE('',*,*,#1126,.T.);
#541=ORIENTED_EDGE('',*,*,#1127,.F.);
#542=ORIENTED_EDGE('',*,*,#1128,.F.);
#543=ORIENTED_EDGE('',*,*,#1129,.T.);
#544=ORIENTED_EDGE('',*,*,#1130,.T.);
#545=ORIENTED_EDGE('',*,*,#1131,.T.);
#546=ORIENTED_EDGE('',*,*,#1132,.T.);
#547=ORIENTED_EDGE('',*,*,#1133,.T.);
#548=ORIENTED_EDGE('',*,*,#1134,.T.);
#549=ORIENTED_EDGE('',*,*,#1135,.T.);
#550=ORIENTED_EDGE('',*,*,#1136,.T.);
#551=ORIENTED_EDGE('',*,*,#1137,.T.);
#552=ORIENTED_EDGE('',*,*,#1138,.T.);
#553=ORIENTED_EDGE('',*,*,#1139,.T.);
#554=ORIENTED_EDGE('',*,*,#1140,.T.);
#555=ORIENTED_EDGE('',*,*,#1141,.T.);
#556=ORIENTED_EDGE('',*,*,#1142,.T.);
#557=ORIENTED_EDGE('',*,*,#1143,.T.);
#558=ORIENTED_EDGE('',*,*,#1144,.T.);
#559=ORIENTED_EDGE('',*,*,#1145,.T.);
#560=ORIENTED_EDGE('',*,*,#1146,.T.);
#561=ORIENTED_EDGE('',*,*,#1147,.T.);
#562=ORIENTED_EDGE('',*,*,#1148,.T.);
#563=ORIENTED_EDGE('',*,*,#1149,.T.);
#564=ORIENTED_EDGE('',*,*,#1150,.T.);
#565=ORIENTED_EDGE('',*,*,#1151,.T.);
#566=ORIENTED_EDGE('',*,*,#1152,.T.);
#567=ORIENTED_EDGE('',*,*,#1153,.T.);
#568=ORIENTED_EDGE('',*,*,#1154,.T.);
#569=ORIENTED_EDGE('',*,*,#1155,.T.);
#570=ORIENTED_EDGE('',*,*,#1156,.T.);
#571=ORIENTED_EDGE('',*,*,#1157,.T.);
#572=ORIENTED_EDGE('',*,*,#1158,.T.);
#573=ORIENTED_EDGE('',*,*,#1159,.T.);
#574=ORIENTED_EDGE('',*,*,#1160,.T.);
#575=ORIENTED_EDGE('',*,*,#1161,.T.);
#576=ORIENTED_EDGE('',*,*,#1162,.T.);
#577=ORIENTED_EDGE('',*,*,#1163,.T.);
#578=ORIENTED_EDGE('',*,*,#1164,.T.);
#579=ORIENTED_EDGE('',*,*,#1165,.T.);
#580=ORIENTED_EDGE('',*,*,#1166,.T.);
#581=ORIENTED_EDGE('',*,*,#1167,.T.);
#582=ORIENTED_EDGE('',*,*,#1168,.T.);
#583=ORIENTED_EDGE('',*,*,#1169,.T.);
#584=ORIENTED_EDGE('',*,*,#1170,.T.);
#585=ORIENTED_EDGE('',*,*,#1171,.T.);
#586=ORIENTED_EDGE('',*,*,#1172,.F.);
#587=ORIENTED_EDGE('',*,*,#1173,.T.);
#588=ORIENTED_EDGE('',*,*,#1074,.T.);
#589=ORIENTED_EDGE('',*,*,#1174,.F.);
#590=ORIENTED_EDGE('',*,*,#1099,.T.);
#591=ORIENTED_EDGE('',*,*,#1175,.T.);
#592=ORIENTED_EDGE('',*,*,#1176,.F.);
#593=ORIENTED_EDGE('',*,*,#1174,.T.);
#594=ORIENTED_EDGE('',*,*,#1097,.F.);
#595=ORIENTED_EDGE('',*,*,#1177,.T.);
#596=ORIENTED_EDGE('',*,*,#1178,.T.);
#597=ORIENTED_EDGE('',*,*,#1179,.T.);
#598=ORIENTED_EDGE('',*,*,#1180,.T.);
#599=ORIENTED_EDGE('',*,*,#1181,.T.);
#600=ORIENTED_EDGE('',*,*,#1095,.F.);
#601=ORIENTED_EDGE('',*,*,#1182,.F.);
#602=ORIENTED_EDGE('',*,*,#1183,.F.);
#603=ORIENTED_EDGE('',*,*,#1182,.T.);
#604=ORIENTED_EDGE('',*,*,#1094,.T.);
#605=ORIENTED_EDGE('',*,*,#1184,.F.);
#606=ORIENTED_EDGE('',*,*,#1185,.F.);
#607=ORIENTED_EDGE('',*,*,#1184,.T.);
#608=ORIENTED_EDGE('',*,*,#1093,.T.);
#609=ORIENTED_EDGE('',*,*,#1186,.F.);
#610=ORIENTED_EDGE('',*,*,#1187,.F.);
#611=ORIENTED_EDGE('',*,*,#1186,.T.);
#612=ORIENTED_EDGE('',*,*,#1092,.T.);
#613=ORIENTED_EDGE('',*,*,#1188,.F.);
#614=ORIENTED_EDGE('',*,*,#1189,.F.);
#615=ORIENTED_EDGE('',*,*,#1188,.T.);
#616=ORIENTED_EDGE('',*,*,#1091,.T.);
#617=ORIENTED_EDGE('',*,*,#1190,.F.);
#618=ORIENTED_EDGE('',*,*,#1191,.F.);
#619=ORIENTED_EDGE('',*,*,#1190,.T.);
#620=ORIENTED_EDGE('',*,*,#1090,.T.);
#621=ORIENTED_EDGE('',*,*,#1192,.F.);
#622=ORIENTED_EDGE('',*,*,#1089,.F.);
#623=ORIENTED_EDGE('',*,*,#1193,.T.);
#624=ORIENTED_EDGE('',*,*,#1194,.T.);
#625=ORIENTED_EDGE('',*,*,#1192,.T.);
#626=ORIENTED_EDGE('',*,*,#1195,.F.);
#627=ORIENTED_EDGE('',*,*,#1196,.T.);
#628=ORIENTED_EDGE('',*,*,#1087,.T.);
#629=ORIENTED_EDGE('',*,*,#1197,.T.);
#630=ORIENTED_EDGE('',*,*,#1198,.F.);
#631=ORIENTED_EDGE('',*,*,#1199,.T.);
#632=ORIENTED_EDGE('',*,*,#1085,.T.);
#633=ORIENTED_EDGE('',*,*,#1200,.F.);
#634=ORIENTED_EDGE('',*,*,#1084,.T.);
#635=ORIENTED_EDGE('',*,*,#1201,.T.);
#636=ORIENTED_EDGE('',*,*,#1202,.F.);
#637=ORIENTED_EDGE('',*,*,#1200,.T.);
#638=ORIENTED_EDGE('',*,*,#1203,.F.);
#639=ORIENTED_EDGE('',*,*,#1204,.T.);
#640=ORIENTED_EDGE('',*,*,#1205,.T.);
#641=ORIENTED_EDGE('',*,*,#1206,.T.);
#642=ORIENTED_EDGE('',*,*,#1207,.T.);
#643=ORIENTED_EDGE('',*,*,#1208,.F.);
#644=ORIENTED_EDGE('',*,*,#1209,.T.);
#645=ORIENTED_EDGE('',*,*,#1210,.T.);
#646=ORIENTED_EDGE('',*,*,#1109,.F.);
#647=ORIENTED_EDGE('',*,*,#1211,.F.);
#648=ORIENTED_EDGE('',*,*,#1212,.T.);
#649=ORIENTED_EDGE('',*,*,#1213,.T.);
#650=ORIENTED_EDGE('',*,*,#1117,.T.);
#651=ORIENTED_EDGE('',*,*,#1108,.F.);
#652=ORIENTED_EDGE('',*,*,#1214,.T.);
#653=ORIENTED_EDGE('',*,*,#1076,.F.);
#654=ORIENTED_EDGE('',*,*,#1215,.T.);
#655=ORIENTED_EDGE('',*,*,#1216,.T.);
#656=ORIENTED_EDGE('',*,*,#1217,.F.);
#657=ORIENTED_EDGE('',*,*,#1218,.T.);
#658=ORIENTED_EDGE('',*,*,#1208,.T.);
#659=ORIENTED_EDGE('',*,*,#1219,.T.);
#660=ORIENTED_EDGE('',*,*,#1220,.T.);
#661=ORIENTED_EDGE('',*,*,#1082,.T.);
#662=ORIENTED_EDGE('',*,*,#1221,.T.);
#663=ORIENTED_EDGE('',*,*,#1102,.F.);
#664=ORIENTED_EDGE('',*,*,#1222,.F.);
#665=ORIENTED_EDGE('',*,*,#1223,.T.);
#666=ORIENTED_EDGE('',*,*,#1224,.T.);
#667=ORIENTED_EDGE('',*,*,#1225,.F.);
#668=ORIENTED_EDGE('',*,*,#1226,.T.);
#669=ORIENTED_EDGE('',*,*,#1222,.T.);
#670=ORIENTED_EDGE('',*,*,#1131,.F.);
#671=ORIENTED_EDGE('',*,*,#1227,.F.);
#672=ORIENTED_EDGE('',*,*,#1228,.T.);
#673=ORIENTED_EDGE('',*,*,#1229,.T.);
#674=ORIENTED_EDGE('',*,*,#1123,.T.);
#675=ORIENTED_EDGE('',*,*,#1230,.F.);
#676=ORIENTED_EDGE('',*,*,#1231,.T.);
#677=ORIENTED_EDGE('',*,*,#1227,.T.);
#678=ORIENTED_EDGE('',*,*,#1122,.F.);
#679=ORIENTED_EDGE('',*,*,#1232,.F.);
#680=ORIENTED_EDGE('',*,*,#1233,.T.);
#681=ORIENTED_EDGE('',*,*,#1230,.T.);
#682=ORIENTED_EDGE('',*,*,#1121,.F.);
#683=ORIENTED_EDGE('',*,*,#1234,.F.);
#684=ORIENTED_EDGE('',*,*,#1235,.T.);
#685=ORIENTED_EDGE('',*,*,#1232,.T.);
#686=ORIENTED_EDGE('',*,*,#1120,.F.);
#687=ORIENTED_EDGE('',*,*,#1236,.F.);
#688=ORIENTED_EDGE('',*,*,#1237,.T.);
#689=ORIENTED_EDGE('',*,*,#1234,.T.);
#690=ORIENTED_EDGE('',*,*,#1119,.F.);
#691=ORIENTED_EDGE('',*,*,#1213,.F.);
#692=ORIENTED_EDGE('',*,*,#1238,.T.);
#693=ORIENTED_EDGE('',*,*,#1236,.T.);
#694=ORIENTED_EDGE('',*,*,#1118,.F.);
#695=ORIENTED_EDGE('',*,*,#1239,.F.);
#696=ORIENTED_EDGE('',*,*,#1240,.T.);
#697=ORIENTED_EDGE('',*,*,#1241,.T.);
#698=ORIENTED_EDGE('',*,*,#1242,.F.);
#699=ORIENTED_EDGE('',*,*,#1243,.T.);
#700=ORIENTED_EDGE('',*,*,#1244,.T.);
#701=ORIENTED_EDGE('',*,*,#1245,.T.);
#702=ORIENTED_EDGE('',*,*,#1110,.T.);
#703=ORIENTED_EDGE('',*,*,#1210,.F.);
#704=ORIENTED_EDGE('',*,*,#1246,.T.);
#705=ORIENTED_EDGE('',*,*,#1211,.T.);
#706=ORIENTED_EDGE('',*,*,#1116,.T.);
#707=ORIENTED_EDGE('',*,*,#1247,.T.);
#708=ORIENTED_EDGE('',*,*,#1241,.F.);
#709=ORIENTED_EDGE('',*,*,#1248,.T.);
#710=ORIENTED_EDGE('',*,*,#1114,.T.);
#711=ORIENTED_EDGE('',*,*,#1249,.F.);
#712=ORIENTED_EDGE('',*,*,#1113,.F.);
#713=ORIENTED_EDGE('',*,*,#1250,.F.);
#714=ORIENTED_EDGE('',*,*,#1242,.T.);
#715=ORIENTED_EDGE('',*,*,#1249,.T.);
#716=ORIENTED_EDGE('',*,*,#1112,.F.);
#717=ORIENTED_EDGE('',*,*,#1251,.T.);
#718=ORIENTED_EDGE('',*,*,#1239,.T.);
#719=ORIENTED_EDGE('',*,*,#1250,.T.);
#720=ORIENTED_EDGE('',*,*,#1126,.F.);
#721=ORIENTED_EDGE('',*,*,#1252,.T.);
#722=ORIENTED_EDGE('',*,*,#1203,.T.);
#723=ORIENTED_EDGE('',*,*,#1253,.T.);
#724=ORIENTED_EDGE('',*,*,#1254,.T.);
#725=ORIENTED_EDGE('',*,*,#1255,.T.);
#726=ORIENTED_EDGE('',*,*,#1124,.F.);
#727=ORIENTED_EDGE('',*,*,#1229,.F.);
#728=ORIENTED_EDGE('',*,*,#1256,.T.);
#729=ORIENTED_EDGE('',*,*,#1225,.T.);
#730=ORIENTED_EDGE('',*,*,#1130,.F.);
#731=ORIENTED_EDGE('',*,*,#1257,.T.);
#732=ORIENTED_EDGE('',*,*,#1205,.F.);
#733=ORIENTED_EDGE('',*,*,#1258,.T.);
#734=ORIENTED_EDGE('',*,*,#1128,.T.);
#735=ORIENTED_EDGE('',*,*,#1259,.F.);
#736=ORIENTED_EDGE('',*,*,#1127,.T.);
#737=ORIENTED_EDGE('',*,*,#1253,.F.);
#738=ORIENTED_EDGE('',*,*,#1206,.F.);
#739=ORIENTED_EDGE('',*,*,#1259,.T.);
#740=ORIENTED_EDGE('',*,*,#1224,.F.);
#741=ORIENTED_EDGE('',*,*,#1260,.T.);
#742=ORIENTED_EDGE('',*,*,#1261,.F.);
#743=ORIENTED_EDGE('',*,*,#1262,.T.);
#744=ORIENTED_EDGE('',*,*,#1263,.T.);
#745=ORIENTED_EDGE('',*,*,#1264,.T.);
#746=ORIENTED_EDGE('',*,*,#1217,.T.);
#747=ORIENTED_EDGE('',*,*,#1265,.T.);
#748=ORIENTED_EDGE('',*,*,#1261,.T.);
#749=ORIENTED_EDGE('',*,*,#1266,.T.);
#750=ORIENTED_EDGE('',*,*,#1263,.F.);
#751=ORIENTED_EDGE('',*,*,#1267,.F.);
#752=ORIENTED_EDGE('',*,*,#1262,.F.);
#753=ORIENTED_EDGE('',*,*,#1267,.T.);
#754=ORIENTED_EDGE('',*,*,#1265,.F.);
#755=ORIENTED_EDGE('',*,*,#1216,.F.);
#756=ORIENTED_EDGE('',*,*,#1268,.T.);
#757=ORIENTED_EDGE('',*,*,#1172,.T.);
#758=ORIENTED_EDGE('',*,*,#1176,.T.);
#759=ORIENTED_EDGE('',*,*,#1269,.T.);
#760=ORIENTED_EDGE('',*,*,#1178,.F.);
#761=ORIENTED_EDGE('',*,*,#1270,.T.);
#762=ORIENTED_EDGE('',*,*,#1180,.F.);
#763=ORIENTED_EDGE('',*,*,#1183,.T.);
#764=ORIENTED_EDGE('',*,*,#1185,.T.);
#765=ORIENTED_EDGE('',*,*,#1187,.T.);
#766=ORIENTED_EDGE('',*,*,#1189,.T.);
#767=ORIENTED_EDGE('',*,*,#1191,.T.);
#768=ORIENTED_EDGE('',*,*,#1194,.F.);
#769=ORIENTED_EDGE('',*,*,#1271,.T.);
#770=ORIENTED_EDGE('',*,*,#1195,.T.);
#771=ORIENTED_EDGE('',*,*,#1272,.T.);
#772=ORIENTED_EDGE('',*,*,#1198,.T.);
#773=ORIENTED_EDGE('',*,*,#1202,.T.);
#774=ORIENTED_EDGE('',*,*,#1273,.T.);
#775=ORIENTED_EDGE('',*,*,#1219,.F.);
#776=ORIENTED_EDGE('',*,*,#1274,.F.);
#777=ORIENTED_EDGE('',*,*,#1275,.F.);
#778=ORIENTED_EDGE('',*,*,#1276,.T.);
#779=ORIENTED_EDGE('',*,*,#1277,.T.);
#780=ORIENTED_EDGE('',*,*,#1278,.F.);
#781=ORIENTED_EDGE('',*,*,#1279,.F.);
#782=ORIENTED_EDGE('',*,*,#1280,.T.);
#783=ORIENTED_EDGE('',*,*,#1275,.T.);
#784=ORIENTED_EDGE('',*,*,#1281,.F.);
#785=ORIENTED_EDGE('',*,*,#1282,.F.);
#786=ORIENTED_EDGE('',*,*,#1283,.T.);
#787=ORIENTED_EDGE('',*,*,#1279,.T.);
#788=ORIENTED_EDGE('',*,*,#1284,.F.);
#789=ORIENTED_EDGE('',*,*,#1285,.F.);
#790=ORIENTED_EDGE('',*,*,#1286,.T.);
#791=ORIENTED_EDGE('',*,*,#1282,.T.);
#792=ORIENTED_EDGE('',*,*,#1287,.F.);
#793=ORIENTED_EDGE('',*,*,#1288,.F.);
#794=ORIENTED_EDGE('',*,*,#1289,.T.);
#795=ORIENTED_EDGE('',*,*,#1285,.T.);
#796=ORIENTED_EDGE('',*,*,#1290,.F.);
#797=ORIENTED_EDGE('',*,*,#1291,.F.);
#798=ORIENTED_EDGE('',*,*,#1292,.T.);
#799=ORIENTED_EDGE('',*,*,#1288,.T.);
#800=ORIENTED_EDGE('',*,*,#1149,.F.);
#801=ORIENTED_EDGE('',*,*,#1293,.F.);
#802=ORIENTED_EDGE('',*,*,#1294,.T.);
#803=ORIENTED_EDGE('',*,*,#1295,.T.);
#804=ORIENTED_EDGE('',*,*,#1148,.F.);
#805=ORIENTED_EDGE('',*,*,#1296,.F.);
#806=ORIENTED_EDGE('',*,*,#1297,.T.);
#807=ORIENTED_EDGE('',*,*,#1293,.T.);
#808=ORIENTED_EDGE('',*,*,#1159,.F.);
#809=ORIENTED_EDGE('',*,*,#1298,.F.);
#810=ORIENTED_EDGE('',*,*,#1299,.T.);
#811=ORIENTED_EDGE('',*,*,#1296,.T.);
#812=ORIENTED_EDGE('',*,*,#1158,.F.);
#813=ORIENTED_EDGE('',*,*,#1300,.F.);
#814=ORIENTED_EDGE('',*,*,#1301,.T.);
#815=ORIENTED_EDGE('',*,*,#1298,.T.);
#816=ORIENTED_EDGE('',*,*,#1157,.F.);
#817=ORIENTED_EDGE('',*,*,#1302,.F.);
#818=ORIENTED_EDGE('',*,*,#1303,.T.);
#819=ORIENTED_EDGE('',*,*,#1300,.T.);
#820=ORIENTED_EDGE('',*,*,#1156,.F.);
#821=ORIENTED_EDGE('',*,*,#1304,.F.);
#822=ORIENTED_EDGE('',*,*,#1305,.T.);
#823=ORIENTED_EDGE('',*,*,#1302,.T.);
#824=ORIENTED_EDGE('',*,*,#1155,.F.);
#825=ORIENTED_EDGE('',*,*,#1306,.F.);
#826=ORIENTED_EDGE('',*,*,#1307,.T.);
#827=ORIENTED_EDGE('',*,*,#1304,.T.);
#828=ORIENTED_EDGE('',*,*,#1154,.F.);
#829=ORIENTED_EDGE('',*,*,#1308,.F.);
#830=ORIENTED_EDGE('',*,*,#1309,.T.);
#831=ORIENTED_EDGE('',*,*,#1306,.T.);
#832=ORIENTED_EDGE('',*,*,#1153,.F.);
#833=ORIENTED_EDGE('',*,*,#1310,.F.);
#834=ORIENTED_EDGE('',*,*,#1311,.T.);
#835=ORIENTED_EDGE('',*,*,#1308,.T.);
#836=ORIENTED_EDGE('',*,*,#1152,.F.);
#837=ORIENTED_EDGE('',*,*,#1312,.F.);
#838=ORIENTED_EDGE('',*,*,#1313,.T.);
#839=ORIENTED_EDGE('',*,*,#1310,.T.);
#840=ORIENTED_EDGE('',*,*,#1151,.F.);
#841=ORIENTED_EDGE('',*,*,#1314,.F.);
#842=ORIENTED_EDGE('',*,*,#1315,.T.);
#843=ORIENTED_EDGE('',*,*,#1312,.T.);
#844=ORIENTED_EDGE('',*,*,#1150,.F.);
#845=ORIENTED_EDGE('',*,*,#1295,.F.);
#846=ORIENTED_EDGE('',*,*,#1316,.T.);
#847=ORIENTED_EDGE('',*,*,#1314,.T.);
#848=ORIENTED_EDGE('',*,*,#1317,.F.);
#849=ORIENTED_EDGE('',*,*,#1277,.F.);
#850=ORIENTED_EDGE('',*,*,#1318,.T.);
#851=ORIENTED_EDGE('',*,*,#1291,.T.);
#852=ORIENTED_EDGE('',*,*,#1294,.F.);
#853=ORIENTED_EDGE('',*,*,#1297,.F.);
#854=ORIENTED_EDGE('',*,*,#1299,.F.);
#855=ORIENTED_EDGE('',*,*,#1301,.F.);
#856=ORIENTED_EDGE('',*,*,#1303,.F.);
#857=ORIENTED_EDGE('',*,*,#1305,.F.);
#858=ORIENTED_EDGE('',*,*,#1307,.F.);
#859=ORIENTED_EDGE('',*,*,#1309,.F.);
#860=ORIENTED_EDGE('',*,*,#1311,.F.);
#861=ORIENTED_EDGE('',*,*,#1313,.F.);
#862=ORIENTED_EDGE('',*,*,#1315,.F.);
#863=ORIENTED_EDGE('',*,*,#1316,.F.);
#864=ORIENTED_EDGE('',*,*,#1276,.F.);
#865=ORIENTED_EDGE('',*,*,#1280,.F.);
#866=ORIENTED_EDGE('',*,*,#1283,.F.);
#867=ORIENTED_EDGE('',*,*,#1286,.F.);
#868=ORIENTED_EDGE('',*,*,#1289,.F.);
#869=ORIENTED_EDGE('',*,*,#1292,.F.);
#870=ORIENTED_EDGE('',*,*,#1318,.F.);
#871=ORIENTED_EDGE('',*,*,#1161,.F.);
#872=ORIENTED_EDGE('',*,*,#1319,.F.);
#873=ORIENTED_EDGE('',*,*,#1320,.T.);
#874=ORIENTED_EDGE('',*,*,#1321,.T.);
#875=ORIENTED_EDGE('',*,*,#1160,.F.);
#876=ORIENTED_EDGE('',*,*,#1322,.F.);
#877=ORIENTED_EDGE('',*,*,#1323,.T.);
#878=ORIENTED_EDGE('',*,*,#1319,.T.);
#879=ORIENTED_EDGE('',*,*,#1171,.F.);
#880=ORIENTED_EDGE('',*,*,#1324,.F.);
#881=ORIENTED_EDGE('',*,*,#1325,.T.);
#882=ORIENTED_EDGE('',*,*,#1322,.T.);
#883=ORIENTED_EDGE('',*,*,#1170,.F.);
#884=ORIENTED_EDGE('',*,*,#1326,.F.);
#885=ORIENTED_EDGE('',*,*,#1327,.T.);
#886=ORIENTED_EDGE('',*,*,#1324,.T.);
#887=ORIENTED_EDGE('',*,*,#1169,.F.);
#888=ORIENTED_EDGE('',*,*,#1328,.F.);
#889=ORIENTED_EDGE('',*,*,#1329,.T.);
#890=ORIENTED_EDGE('',*,*,#1326,.T.);
#891=ORIENTED_EDGE('',*,*,#1168,.F.);
#892=ORIENTED_EDGE('',*,*,#1330,.F.);
#893=ORIENTED_EDGE('',*,*,#1331,.T.);
#894=ORIENTED_EDGE('',*,*,#1328,.T.);
#895=ORIENTED_EDGE('',*,*,#1167,.F.);
#896=ORIENTED_EDGE('',*,*,#1332,.F.);
#897=ORIENTED_EDGE('',*,*,#1333,.T.);
#898=ORIENTED_EDGE('',*,*,#1330,.T.);
#899=ORIENTED_EDGE('',*,*,#1166,.F.);
#900=ORIENTED_EDGE('',*,*,#1334,.F.);
#901=ORIENTED_EDGE('',*,*,#1335,.T.);
#902=ORIENTED_EDGE('',*,*,#1332,.T.);
#903=ORIENTED_EDGE('',*,*,#1165,.F.);
#904=ORIENTED_EDGE('',*,*,#1336,.F.);
#905=ORIENTED_EDGE('',*,*,#1337,.T.);
#906=ORIENTED_EDGE('',*,*,#1334,.T.);
#907=ORIENTED_EDGE('',*,*,#1164,.F.);
#908=ORIENTED_EDGE('',*,*,#1338,.F.);
#909=ORIENTED_EDGE('',*,*,#1339,.T.);
#910=ORIENTED_EDGE('',*,*,#1336,.T.);
#911=ORIENTED_EDGE('',*,*,#1163,.F.);
#912=ORIENTED_EDGE('',*,*,#1340,.F.);
#913=ORIENTED_EDGE('',*,*,#1341,.T.);
#914=ORIENTED_EDGE('',*,*,#1338,.T.);
#915=ORIENTED_EDGE('',*,*,#1162,.F.);
#916=ORIENTED_EDGE('',*,*,#1321,.F.);
#917=ORIENTED_EDGE('',*,*,#1342,.T.);
#918=ORIENTED_EDGE('',*,*,#1340,.T.);
#919=ORIENTED_EDGE('',*,*,#1320,.F.);
#920=ORIENTED_EDGE('',*,*,#1323,.F.);
#921=ORIENTED_EDGE('',*,*,#1325,.F.);
#922=ORIENTED_EDGE('',*,*,#1327,.F.);
#923=ORIENTED_EDGE('',*,*,#1329,.F.);
#924=ORIENTED_EDGE('',*,*,#1331,.F.);
#925=ORIENTED_EDGE('',*,*,#1333,.F.);
#926=ORIENTED_EDGE('',*,*,#1335,.F.);
#927=ORIENTED_EDGE('',*,*,#1337,.F.);
#928=ORIENTED_EDGE('',*,*,#1339,.F.);
#929=ORIENTED_EDGE('',*,*,#1341,.F.);
#930=ORIENTED_EDGE('',*,*,#1342,.F.);
#931=ORIENTED_EDGE('',*,*,#1278,.T.);
#932=ORIENTED_EDGE('',*,*,#1274,.T.);
#933=ORIENTED_EDGE('',*,*,#1317,.T.);
#934=ORIENTED_EDGE('',*,*,#1290,.T.);
#935=ORIENTED_EDGE('',*,*,#1287,.T.);
#936=ORIENTED_EDGE('',*,*,#1284,.T.);
#937=ORIENTED_EDGE('',*,*,#1281,.T.);
#938=ORIENTED_EDGE('',*,*,#1343,.F.);
#939=ORIENTED_EDGE('',*,*,#1132,.F.);
#940=ORIENTED_EDGE('',*,*,#1344,.F.);
#941=ORIENTED_EDGE('',*,*,#1212,.F.);
#942=ORIENTED_EDGE('',*,*,#1344,.T.);
#943=ORIENTED_EDGE('',*,*,#1147,.F.);
#944=ORIENTED_EDGE('',*,*,#1345,.F.);
#945=ORIENTED_EDGE('',*,*,#1238,.F.);
#946=ORIENTED_EDGE('',*,*,#1343,.T.);
#947=ORIENTED_EDGE('',*,*,#1246,.F.);
#948=ORIENTED_EDGE('',*,*,#1346,.F.);
#949=ORIENTED_EDGE('',*,*,#1133,.F.);
#950=ORIENTED_EDGE('',*,*,#1345,.T.);
#951=ORIENTED_EDGE('',*,*,#1146,.F.);
#952=ORIENTED_EDGE('',*,*,#1347,.F.);
#953=ORIENTED_EDGE('',*,*,#1237,.F.);
#954=ORIENTED_EDGE('',*,*,#1346,.T.);
#955=ORIENTED_EDGE('',*,*,#1209,.F.);
#956=ORIENTED_EDGE('',*,*,#1348,.F.);
#957=ORIENTED_EDGE('',*,*,#1134,.F.);
#958=ORIENTED_EDGE('',*,*,#1347,.T.);
#959=ORIENTED_EDGE('',*,*,#1145,.F.);
#960=ORIENTED_EDGE('',*,*,#1349,.F.);
#961=ORIENTED_EDGE('',*,*,#1235,.F.);
#962=ORIENTED_EDGE('',*,*,#1348,.T.);
#963=ORIENTED_EDGE('',*,*,#1218,.F.);
#964=ORIENTED_EDGE('',*,*,#1350,.F.);
#965=ORIENTED_EDGE('',*,*,#1135,.F.);
#966=ORIENTED_EDGE('',*,*,#1349,.T.);
#967=ORIENTED_EDGE('',*,*,#1144,.F.);
#968=ORIENTED_EDGE('',*,*,#1351,.F.);
#969=ORIENTED_EDGE('',*,*,#1233,.F.);
#970=ORIENTED_EDGE('',*,*,#1350,.T.);
#971=ORIENTED_EDGE('',*,*,#1264,.F.);
#972=ORIENTED_EDGE('',*,*,#1352,.F.);
#973=ORIENTED_EDGE('',*,*,#1136,.F.);
#974=ORIENTED_EDGE('',*,*,#1351,.T.);
#975=ORIENTED_EDGE('',*,*,#1143,.F.);
#976=ORIENTED_EDGE('',*,*,#1353,.F.);
#977=ORIENTED_EDGE('',*,*,#1231,.F.);
#978=ORIENTED_EDGE('',*,*,#1352,.T.);
#979=ORIENTED_EDGE('',*,*,#1266,.F.);
#980=ORIENTED_EDGE('',*,*,#1354,.F.);
#981=ORIENTED_EDGE('',*,*,#1137,.F.);
#982=ORIENTED_EDGE('',*,*,#1353,.T.);
#983=ORIENTED_EDGE('',*,*,#1142,.F.);
#984=ORIENTED_EDGE('',*,*,#1355,.F.);
#985=ORIENTED_EDGE('',*,*,#1228,.F.);
#986=ORIENTED_EDGE('',*,*,#1354,.T.);
#987=ORIENTED_EDGE('',*,*,#1260,.F.);
#988=ORIENTED_EDGE('',*,*,#1356,.F.);
#989=ORIENTED_EDGE('',*,*,#1138,.F.);
#990=ORIENTED_EDGE('',*,*,#1355,.T.);
#991=ORIENTED_EDGE('',*,*,#1141,.F.);
#992=ORIENTED_EDGE('',*,*,#1357,.F.);
#993=ORIENTED_EDGE('',*,*,#1256,.F.);
#994=ORIENTED_EDGE('',*,*,#1356,.T.);
#995=ORIENTED_EDGE('',*,*,#1223,.F.);
#996=ORIENTED_EDGE('',*,*,#1358,.F.);
#997=ORIENTED_EDGE('',*,*,#1139,.F.);
#998=ORIENTED_EDGE('',*,*,#1357,.T.);
#999=ORIENTED_EDGE('',*,*,#1140,.F.);
#1000=ORIENTED_EDGE('',*,*,#1358,.T.);
#1001=ORIENTED_EDGE('',*,*,#1226,.F.);
#1002=ORIENTED_EDGE('',*,*,#1129,.F.);
#1003=ORIENTED_EDGE('',*,*,#1258,.F.);
#1004=ORIENTED_EDGE('',*,*,#1359,.F.);
#1005=ORIENTED_EDGE('',*,*,#1257,.F.);
#1006=ORIENTED_EDGE('',*,*,#1359,.T.);
#1007=ORIENTED_EDGE('',*,*,#1204,.F.);
#1008=ORIENTED_EDGE('',*,*,#1360,.F.);
#1009=ORIENTED_EDGE('',*,*,#1254,.F.);
#1010=ORIENTED_EDGE('',*,*,#1360,.T.);
#1011=ORIENTED_EDGE('',*,*,#1252,.F.);
#1012=ORIENTED_EDGE('',*,*,#1125,.F.);
#1013=ORIENTED_EDGE('',*,*,#1255,.F.);
#1014=ORIENTED_EDGE('',*,*,#1101,.T.);
#1015=ORIENTED_EDGE('',*,*,#1207,.F.);
#1016=ORIENTED_EDGE('',*,*,#1100,.T.);
#1017=ORIENTED_EDGE('',*,*,#1243,.F.);
#1018=ORIENTED_EDGE('',*,*,#1115,.F.);
#1019=ORIENTED_EDGE('',*,*,#1248,.F.);
#1020=ORIENTED_EDGE('',*,*,#1361,.F.);
#1021=ORIENTED_EDGE('',*,*,#1247,.F.);
#1022=ORIENTED_EDGE('',*,*,#1361,.T.);
#1023=ORIENTED_EDGE('',*,*,#1240,.F.);
#1024=ORIENTED_EDGE('',*,*,#1362,.F.);
#1025=ORIENTED_EDGE('',*,*,#1244,.F.);
#1026=ORIENTED_EDGE('',*,*,#1362,.T.);
#1027=ORIENTED_EDGE('',*,*,#1251,.F.);
#1028=ORIENTED_EDGE('',*,*,#1111,.F.);
#1029=ORIENTED_EDGE('',*,*,#1245,.F.);
#1030=ORIENTED_EDGE('',*,*,#1078,.F.);
#1031=ORIENTED_EDGE('',*,*,#1363,.T.);
#1032=ORIENTED_EDGE('',*,*,#1106,.T.);
#1033=ORIENTED_EDGE('',*,*,#1364,.T.);
#1034=ORIENTED_EDGE('',*,*,#1104,.T.);
#1035=ORIENTED_EDGE('',*,*,#1365,.T.);
#1036=ORIENTED_EDGE('',*,*,#1080,.F.);
#1037=ORIENTED_EDGE('',*,*,#1366,.F.);
#1038=ORIENTED_EDGE('',*,*,#1366,.T.);
#1039=ORIENTED_EDGE('',*,*,#1079,.T.);
#1040=ORIENTED_EDGE('',*,*,#1364,.F.);
#1041=ORIENTED_EDGE('',*,*,#1105,.F.);
#1042=ORIENTED_EDGE('',*,*,#1270,.F.);
#1043=ORIENTED_EDGE('',*,*,#1177,.F.);
#1044=ORIENTED_EDGE('',*,*,#1096,.F.);
#1045=ORIENTED_EDGE('',*,*,#1181,.F.);
#1046=ORIENTED_EDGE('',*,*,#1271,.F.);
#1047=ORIENTED_EDGE('',*,*,#1193,.F.);
#1048=ORIENTED_EDGE('',*,*,#1088,.F.);
#1049=ORIENTED_EDGE('',*,*,#1196,.F.);
#1050=ORIENTED_EDGE('',*,*,#1272,.F.);
#1051=ORIENTED_EDGE('',*,*,#1197,.F.);
#1052=ORIENTED_EDGE('',*,*,#1086,.F.);
#1053=ORIENTED_EDGE('',*,*,#1199,.F.);
#1054=ORIENTED_EDGE('',*,*,#1269,.F.);
#1055=ORIENTED_EDGE('',*,*,#1175,.F.);
#1056=ORIENTED_EDGE('',*,*,#1098,.F.);
#1057=ORIENTED_EDGE('',*,*,#1179,.F.);
#1058=ORIENTED_EDGE('',*,*,#1083,.F.);
#1059=ORIENTED_EDGE('',*,*,#1220,.F.);
#1060=ORIENTED_EDGE('',*,*,#1273,.F.);
#1061=ORIENTED_EDGE('',*,*,#1201,.F.);
#1062=ORIENTED_EDGE('',*,*,#1215,.F.);
#1063=ORIENTED_EDGE('',*,*,#1075,.F.);
#1064=ORIENTED_EDGE('',*,*,#1173,.F.);
#1065=ORIENTED_EDGE('',*,*,#1268,.F.);
#1066=ORIENTED_EDGE('',*,*,#1103,.F.);
#1067=ORIENTED_EDGE('',*,*,#1221,.F.);
#1068=ORIENTED_EDGE('',*,*,#1081,.F.);
#1069=ORIENTED_EDGE('',*,*,#1365,.F.);
#1070=ORIENTED_EDGE('',*,*,#1077,.F.);
#1071=ORIENTED_EDGE('',*,*,#1214,.F.);
#1072=ORIENTED_EDGE('',*,*,#1107,.F.);
#1073=ORIENTED_EDGE('',*,*,#1363,.F.);
#1074=EDGE_CURVE('',#1367,#1368,#1557,.T.);
#1075=EDGE_CURVE('',#1367,#1369,#1558,.F.);
#1076=EDGE_CURVE('',#1369,#1370,#1559,.T.);
#1077=EDGE_CURVE('',#1370,#1371,#1560,.F.);
#1078=EDGE_CURVE('',#1371,#1372,#98,.T.);
#1079=EDGE_CURVE('',#1373,#1372,#1561,.T.);
#1080=EDGE_CURVE('',#1373,#1374,#99,.T.);
#1081=EDGE_CURVE('',#1374,#1375,#1562,.F.);
#1082=EDGE_CURVE('',#1376,#1375,#1563,.F.);
#1083=EDGE_CURVE('',#1376,#1377,#1564,.F.);
#1084=EDGE_CURVE('',#1378,#1377,#1565,.T.);
#1085=EDGE_CURVE('',#1379,#1378,#100,.T.);
#1086=EDGE_CURVE('',#1379,#1380,#1566,.F.);
#1087=EDGE_CURVE('',#1381,#1380,#101,.T.);
#1088=EDGE_CURVE('',#1381,#1382,#1567,.F.);
#1089=EDGE_CURVE('',#1382,#1383,#102,.T.);
#1090=EDGE_CURVE('',#1384,#1383,#1568,.T.);
#1091=EDGE_CURVE('',#1385,#1384,#103,.T.);
#1092=EDGE_CURVE('',#1386,#1385,#1569,.T.);
#1093=EDGE_CURVE('',#1387,#1386,#104,.T.);
#1094=EDGE_CURVE('',#1388,#1387,#1570,.T.);
#1095=EDGE_CURVE('',#1388,#1389,#105,.T.);
#1096=EDGE_CURVE('',#1389,#1390,#1571,.F.);
#1097=EDGE_CURVE('',#1390,#1391,#106,.T.);
#1098=EDGE_CURVE('',#1391,#1392,#1572,.F.);
#1099=EDGE_CURVE('',#1368,#1392,#107,.T.);
#1100=EDGE_CURVE('',#1393,#1393,#1573,.T.);
#1101=EDGE_CURVE('',#1394,#1394,#1574,.T.);
#1102=EDGE_CURVE('',#1395,#1396,#1575,.T.);
#1103=EDGE_CURVE('',#1396,#1397,#1576,.T.);
#1104=EDGE_CURVE('',#1398,#1397,#108,.T.);
#1105=EDGE_CURVE('',#1398,#1399,#1577,.T.);
#1106=EDGE_CURVE('',#1400,#1399,#109,.T.);
#1107=EDGE_CURVE('',#1400,#1401,#1578,.T.);
#1108=EDGE_CURVE('',#1401,#1402,#1579,.T.);
#1109=EDGE_CURVE('',#1402,#1403,#110,.T.);
#1110=EDGE_CURVE('',#1404,#1403,#111,.T.);
#1111=EDGE_CURVE('',#1404,#1405,#1580,.T.);
#1112=EDGE_CURVE('',#1405,#1406,#112,.T.);
#1113=EDGE_CURVE('',#1406,#1407,#1581,.T.);
#1114=EDGE_CURVE('',#1408,#1407,#113,.T.);
#1115=EDGE_CURVE('',#1408,#1409,#1582,.T.);
#1116=EDGE_CURVE('',#1410,#1409,#114,.T.);
#1117=EDGE_CURVE('',#1411,#1410,#115,.T.);
#1118=EDGE_CURVE('',#1411,#1412,#1583,.T.);
#1119=EDGE_CURVE('',#1412,#1413,#116,.T.);
#1120=EDGE_CURVE('',#1413,#1414,#1584,.F.);
#1121=EDGE_CURVE('',#1414,#1415,#117,.T.);
#1122=EDGE_CURVE('',#1415,#1416,#1585,.T.);
#1123=EDGE_CURVE('',#1417,#1416,#118,.T.);
#1124=EDGE_CURVE('',#1417,#1418,#119,.T.);
#1125=EDGE_CURVE('',#1418,#1419,#1586,.T.);
#1126=EDGE_CURVE('',#1419,#1420,#120,.T.);
#1127=EDGE_CURVE('',#1421,#1420,#1587,.T.);
#1128=EDGE_CURVE('',#1422,#1421,#121,.T.);
#1129=EDGE_CURVE('',#1422,#1423,#1588,.T.);
#1130=EDGE_CURVE('',#1423,#1424,#122,.T.);
#1131=EDGE_CURVE('',#1424,#1395,#123,.T.);
#1132=EDGE_CURVE('',#1425,#1426,#124,.T.);
#1133=EDGE_CURVE('',#1426,#1427,#125,.T.);
#1134=EDGE_CURVE('',#1427,#1428,#126,.F.);
#1135=EDGE_CURVE('',#1428,#1429,#1589,.T.);
#1136=EDGE_CURVE('',#1429,#1430,#127,.T.);
#1137=EDGE_CURVE('',#1430,#1431,#1590,.F.);
#1138=EDGE_CURVE('',#1431,#1432,#128,.T.);
#1139=EDGE_CURVE('',#1432,#1433,#1591,.T.);
#1140=EDGE_CURVE('',#1433,#1434,#129,.F.);
#1141=EDGE_CURVE('',#1434,#1435,#130,.F.);
#1142=EDGE_CURVE('',#1435,#1436,#131,.T.);
#1143=EDGE_CURVE('',#1436,#1437,#1592,.T.);
#1144=EDGE_CURVE('',#1437,#1438,#132,.F.);
#1145=EDGE_CURVE('',#1438,#1439,#1593,.F.);
#1146=EDGE_CURVE('',#1439,#1440,#133,.F.);
#1147=EDGE_CURVE('',#1440,#1425,#1594,.T.);
#1148=EDGE_CURVE('',#1441,#1442,#134,.T.);
#1149=EDGE_CURVE('',#1442,#1443,#135,.T.);
#1150=EDGE_CURVE('',#1443,#1444,#136,.T.);
#1151=EDGE_CURVE('',#1444,#1445,#137,.T.);
#1152=EDGE_CURVE('',#1445,#1446,#138,.T.);
#1153=EDGE_CURVE('',#1446,#1447,#139,.T.);
#1154=EDGE_CURVE('',#1447,#1448,#140,.T.);
#1155=EDGE_CURVE('',#1448,#1449,#74,.T.);
#1156=EDGE_CURVE('',#1449,#1450,#75,.T.);
#1157=EDGE_CURVE('',#1450,#1451,#76,.T.);
#1158=EDGE_CURVE('',#1451,#1452,#77,.T.);
#1159=EDGE_CURVE('',#1452,#1441,#141,.T.);
#1160=EDGE_CURVE('',#1453,#1454,#142,.T.);
#1161=EDGE_CURVE('',#1454,#1455,#143,.T.);
#1162=EDGE_CURVE('',#1455,#1456,#144,.T.);
#1163=EDGE_CURVE('',#1456,#1457,#145,.T.);
#1164=EDGE_CURVE('',#1457,#1458,#146,.T.);
#1165=EDGE_CURVE('',#1458,#1459,#147,.T.);
#1166=EDGE_CURVE('',#1459,#1460,#148,.T.);
#1167=EDGE_CURVE('',#1460,#1461,#149,.T.);
#1168=EDGE_CURVE('',#1461,#1462,#150,.T.);
#1169=EDGE_CURVE('',#1462,#1463,#151,.T.);
#1170=EDGE_CURVE('',#1463,#1464,#152,.T.);
#1171=EDGE_CURVE('',#1464,#1453,#153,.T.);
#1172=EDGE_CURVE('',#1465,#1466,#1595,.T.);
#1173=EDGE_CURVE('',#1465,#1367,#154,.T.);
#1174=EDGE_CURVE('',#1466,#1368,#155,.T.);
#1175=EDGE_CURVE('',#1392,#1467,#156,.F.);
#1176=EDGE_CURVE('',#1466,#1467,#157,.T.);
#1177=EDGE_CURVE('',#1390,#1468,#158,.F.);
#1178=EDGE_CURVE('',#1468,#1469,#159,.T.);
#1179=EDGE_CURVE('',#1469,#1391,#160,.T.);
#1180=EDGE_CURVE('',#1470,#1471,#161,.T.);
#1181=EDGE_CURVE('',#1471,#1389,#162,.T.);
#1182=EDGE_CURVE('',#1470,#1388,#163,.T.);
#1183=EDGE_CURVE('',#1470,#1472,#1596,.T.);
#1184=EDGE_CURVE('',#1472,#1387,#164,.T.);
#1185=EDGE_CURVE('',#1472,#1473,#165,.T.);
#1186=EDGE_CURVE('',#1473,#1386,#166,.T.);
#1187=EDGE_CURVE('',#1473,#1474,#1597,.T.);
#1188=EDGE_CURVE('',#1474,#1385,#167,.T.);
#1189=EDGE_CURVE('',#1474,#1475,#168,.T.);
#1190=EDGE_CURVE('',#1475,#1384,#169,.T.);
#1191=EDGE_CURVE('',#1475,#1476,#1598,.T.);
#1192=EDGE_CURVE('',#1476,#1383,#170,.T.);
#1193=EDGE_CURVE('',#1382,#1477,#171,.F.);
#1194=EDGE_CURVE('',#1477,#1476,#172,.T.);
#1195=EDGE_CURVE('',#1478,#1479,#173,.T.);
#1196=EDGE_CURVE('',#1478,#1381,#174,.T.);
#1197=EDGE_CURVE('',#1380,#1479,#175,.F.);
#1198=EDGE_CURVE('',#1480,#1481,#176,.T.);
#1199=EDGE_CURVE('',#1480,#1379,#177,.T.);
#1200=EDGE_CURVE('',#1481,#1378,#178,.T.);
#1201=EDGE_CURVE('',#1377,#1482,#179,.F.);
#1202=EDGE_CURVE('',#1481,#1482,#1599,.T.);
#1203=EDGE_CURVE('',#1483,#1484,#180,.T.);
#1204=EDGE_CURVE('',#1483,#1485,#181,.T.);
#1205=EDGE_CURVE('',#1485,#1486,#182,.T.);
#1206=EDGE_CURVE('',#1486,#1484,#1600,.T.);
#1207=EDGE_CURVE('',#1487,#1487,#1601,.F.);
#1208=EDGE_CURVE('',#1488,#1402,#183,.T.);
#1209=EDGE_CURVE('',#1488,#1489,#184,.T.);
#1210=EDGE_CURVE('',#1489,#1403,#185,.T.);
#1211=EDGE_CURVE('',#1490,#1410,#186,.T.);
#1212=EDGE_CURVE('',#1490,#1491,#187,.F.);
#1213=EDGE_CURVE('',#1491,#1411,#188,.T.);
#1214=EDGE_CURVE('',#1401,#1370,#189,.F.);
#1215=EDGE_CURVE('',#1369,#1492,#190,.F.);
#1216=EDGE_CURVE('',#1492,#1493,#1602,.T.);
#1217=EDGE_CURVE('',#1494,#1493,#191,.T.);
#1218=EDGE_CURVE('',#1494,#1488,#1603,.F.);
#1219=EDGE_CURVE('',#1495,#1496,#1604,.T.);
#1220=EDGE_CURVE('',#1496,#1376,#192,.T.);
#1221=EDGE_CURVE('',#1375,#1396,#193,.T.);
#1222=EDGE_CURVE('',#1497,#1395,#194,.T.);
#1223=EDGE_CURVE('',#1497,#1498,#1605,.F.);
#1224=EDGE_CURVE('',#1498,#1495,#195,.T.);
#1225=EDGE_CURVE('',#1499,#1424,#196,.T.);
#1226=EDGE_CURVE('',#1499,#1497,#197,.T.);
#1227=EDGE_CURVE('',#1500,#1416,#198,.T.);
#1228=EDGE_CURVE('',#1500,#1501,#199,.F.);
#1229=EDGE_CURVE('',#1501,#1417,#200,.T.);
#1230=EDGE_CURVE('',#1502,#1415,#201,.T.);
#1231=EDGE_CURVE('',#1502,#1500,#1606,.F.);
#1232=EDGE_CURVE('',#1503,#1414,#202,.T.);
#1233=EDGE_CURVE('',#1503,#1502,#203,.T.);
#1234=EDGE_CURVE('',#1504,#1413,#204,.T.);
#1235=EDGE_CURVE('',#1504,#1503,#1607,.T.);
#1236=EDGE_CURVE('',#1505,#1412,#205,.T.);
#1237=EDGE_CURVE('',#1505,#1504,#206,.T.);
#1238=EDGE_CURVE('',#1491,#1505,#1608,.F.);
#1239=EDGE_CURVE('',#1506,#1507,#207,.T.);
#1240=EDGE_CURVE('',#1506,#1508,#208,.F.);
#1241=EDGE_CURVE('',#1508,#1509,#209,.T.);
#1242=EDGE_CURVE('',#1507,#1509,#1609,.T.);
#1243=EDGE_CURVE('',#1510,#1510,#1610,.F.);
#1244=EDGE_CURVE('',#1511,#1512,#210,.T.);
#1245=EDGE_CURVE('',#1512,#1404,#211,.T.);
#1246=EDGE_CURVE('',#1489,#1490,#212,.F.);
#1247=EDGE_CURVE('',#1409,#1511,#213,.F.);
#1248=EDGE_CURVE('',#1508,#1408,#214,.T.);
#1249=EDGE_CURVE('',#1509,#1407,#215,.T.);
#1250=EDGE_CURVE('',#1507,#1406,#216,.T.);
#1251=EDGE_CURVE('',#1405,#1506,#217,.F.);
#1252=EDGE_CURVE('',#1419,#1483,#218,.F.);
#1253=EDGE_CURVE('',#1484,#1420,#219,.T.);
#1254=EDGE_CURVE('',#1513,#1514,#220,.F.);
#1255=EDGE_CURVE('',#1514,#1418,#221,.T.);
#1256=EDGE_CURVE('',#1501,#1499,#222,.T.);
#1257=EDGE_CURVE('',#1423,#1513,#223,.F.);
#1258=EDGE_CURVE('',#1485,#1422,#224,.T.);
#1259=EDGE_CURVE('',#1486,#1421,#225,.T.);
#1260=EDGE_CURVE('',#1498,#1515,#226,.F.);
#1261=EDGE_CURVE('',#1516,#1515,#227,.T.);
#1262=EDGE_CURVE('',#1516,#1495,#228,.T.);
#1263=EDGE_CURVE('',#1517,#1518,#229,.T.);
#1264=EDGE_CURVE('',#1518,#1494,#230,.F.);
#1265=EDGE_CURVE('',#1493,#1517,#231,.T.);
#1266=EDGE_CURVE('',#1515,#1518,#1611,.T.);
#1267=EDGE_CURVE('',#1516,#1517,#1612,.F.);
#1268=EDGE_CURVE('',#1492,#1465,#1613,.T.);
#1269=EDGE_CURVE('',#1467,#1469,#1614,.T.);
#1270=EDGE_CURVE('',#1468,#1471,#1615,.T.);
#1271=EDGE_CURVE('',#1477,#1478,#1616,.T.);
#1272=EDGE_CURVE('',#1479,#1480,#1617,.T.);
#1273=EDGE_CURVE('',#1482,#1496,#1618,.T.);
#1274=EDGE_CURVE('',#1519,#1520,#78,.T.);
#1275=EDGE_CURVE('',#1521,#1519,#232,.T.);
#1276=EDGE_CURVE('',#1521,#1522,#79,.T.);
#1277=EDGE_CURVE('',#1522,#1520,#233,.T.);
#1278=EDGE_CURVE('',#1523,#1519,#80,.T.);
#1279=EDGE_CURVE('',#1524,#1523,#234,.T.);
#1280=EDGE_CURVE('',#1524,#1521,#81,.T.);
#1281=EDGE_CURVE('',#1525,#1523,#82,.T.);
#1282=EDGE_CURVE('',#1526,#1525,#235,.T.);
#1283=EDGE_CURVE('',#1526,#1524,#83,.T.);
#1284=EDGE_CURVE('',#1527,#1525,#236,.T.);
#1285=EDGE_CURVE('',#1528,#1527,#237,.T.);
#1286=EDGE_CURVE('',#1528,#1526,#238,.T.);
#1287=EDGE_CURVE('',#1529,#1527,#239,.T.);
#1288=EDGE_CURVE('',#1530,#1529,#240,.T.);
#1289=EDGE_CURVE('',#1530,#1528,#241,.T.);
#1290=EDGE_CURVE('',#1531,#1529,#242,.T.);
#1291=EDGE_CURVE('',#1532,#1531,#243,.T.);
#1292=EDGE_CURVE('',#1532,#1530,#244,.T.);
#1293=EDGE_CURVE('',#1533,#1442,#245,.T.);
#1294=EDGE_CURVE('',#1533,#1534,#246,.T.);
#1295=EDGE_CURVE('',#1534,#1443,#247,.T.);
#1296=EDGE_CURVE('',#1535,#1441,#248,.T.);
#1297=EDGE_CURVE('',#1535,#1533,#249,.T.);
#1298=EDGE_CURVE('',#1536,#1452,#250,.T.);
#1299=EDGE_CURVE('',#1536,#1535,#251,.T.);
#1300=EDGE_CURVE('',#1537,#1451,#252,.T.);
#1301=EDGE_CURVE('',#1537,#1536,#84,.T.);
#1302=EDGE_CURVE('',#1538,#1450,#253,.T.);
#1303=EDGE_CURVE('',#1538,#1537,#85,.T.);
#1304=EDGE_CURVE('',#1539,#1449,#254,.T.);
#1305=EDGE_CURVE('',#1539,#1538,#86,.T.);
#1306=EDGE_CURVE('',#1540,#1448,#255,.T.);
#1307=EDGE_CURVE('',#1540,#1539,#87,.T.);
#1308=EDGE_CURVE('',#1541,#1447,#256,.T.);
#1309=EDGE_CURVE('',#1541,#1540,#257,.T.);
#1310=EDGE_CURVE('',#1542,#1446,#258,.T.);
#1311=EDGE_CURVE('',#1542,#1541,#259,.T.);
#1312=EDGE_CURVE('',#1543,#1445,#260,.T.);
#1313=EDGE_CURVE('',#1543,#1542,#261,.T.);
#1314=EDGE_CURVE('',#1544,#1444,#262,.T.);
#1315=EDGE_CURVE('',#1544,#1543,#263,.T.);
#1316=EDGE_CURVE('',#1534,#1544,#264,.T.);
#1317=EDGE_CURVE('',#1520,#1531,#88,.T.);
#1318=EDGE_CURVE('',#1522,#1532,#89,.T.);
#1319=EDGE_CURVE('',#1545,#1454,#265,.T.);
#1320=EDGE_CURVE('',#1545,#1546,#266,.T.);
#1321=EDGE_CURVE('',#1546,#1455,#267,.T.);
#1322=EDGE_CURVE('',#1547,#1453,#268,.T.);
#1323=EDGE_CURVE('',#1547,#1545,#269,.T.);
#1324=EDGE_CURVE('',#1548,#1464,#270,.T.);
#1325=EDGE_CURVE('',#1548,#1547,#271,.T.);
#1326=EDGE_CURVE('',#1549,#1463,#272,.T.);
#1327=EDGE_CURVE('',#1549,#1548,#273,.T.);
#1328=EDGE_CURVE('',#1550,#1462,#274,.T.);
#1329=EDGE_CURVE('',#1550,#1549,#275,.T.);
#1330=EDGE_CURVE('',#1551,#1461,#276,.T.);
#1331=EDGE_CURVE('',#1551,#1550,#277,.T.);
#1332=EDGE_CURVE('',#1552,#1460,#278,.T.);
#1333=EDGE_CURVE('',#1552,#1551,#279,.T.);
#1334=EDGE_CURVE('',#1553,#1459,#280,.T.);
#1335=EDGE_CURVE('',#1553,#1552,#281,.T.);
#1336=EDGE_CURVE('',#1554,#1458,#282,.T.);
#1337=EDGE_CURVE('',#1554,#1553,#283,.T.);
#1338=EDGE_CURVE('',#1555,#1457,#284,.T.);
#1339=EDGE_CURVE('',#1555,#1554,#285,.T.);
#1340=EDGE_CURVE('',#1556,#1456,#286,.T.);
#1341=EDGE_CURVE('',#1556,#1555,#287,.T.);
#1342=EDGE_CURVE('',#1546,#1556,#288,.T.);
#1343=EDGE_CURVE('',#1426,#1490,#18,.F.);
#1344=EDGE_CURVE('',#1491,#1425,#90,.T.);
#1345=EDGE_CURVE('',#1505,#1440,#91,.T.);
#1346=EDGE_CURVE('',#1427,#1489,#19,.F.);
#1347=EDGE_CURVE('',#1504,#1439,#1619,.T.);
#1348=EDGE_CURVE('',#1428,#1488,#92,.F.);
#1349=EDGE_CURVE('',#1503,#1438,#1620,.T.);
#1350=EDGE_CURVE('',#1429,#1494,#93,.F.);
#1351=EDGE_CURVE('',#1502,#1437,#94,.T.);
#1352=EDGE_CURVE('',#1430,#1518,#1621,.T.);
#1353=EDGE_CURVE('',#1500,#1436,#95,.T.);
#1354=EDGE_CURVE('',#1431,#1515,#1622,.T.);
#1355=EDGE_CURVE('',#1501,#1435,#20,.T.);
#1356=EDGE_CURVE('',#1432,#1498,#96,.F.);
#1357=EDGE_CURVE('',#1499,#1434,#21,.T.);
#1358=EDGE_CURVE('',#1433,#1497,#97,.F.);
#1359=EDGE_CURVE('',#1513,#1485,#22,.F.);
#1360=EDGE_CURVE('',#1514,#1483,#23,.F.);
#1361=EDGE_CURVE('',#1511,#1508,#24,.F.);
#1362=EDGE_CURVE('',#1512,#1506,#25,.F.);
#1363=EDGE_CURVE('',#1371,#1400,#289,.F.);
#1364=EDGE_CURVE('',#1399,#1372,#290,.T.);
#1365=EDGE_CURVE('',#1397,#1374,#291,.T.);
#1366=EDGE_CURVE('',#1398,#1373,#292,.T.);
#1367=VERTEX_POINT('',#2768);
#1368=VERTEX_POINT('',#2769);
#1369=VERTEX_POINT('',#2771);
#1370=VERTEX_POINT('',#2773);
#1371=VERTEX_POINT('',#2775);
#1372=VERTEX_POINT('',#2777);
#1373=VERTEX_POINT('',#2779);
#1374=VERTEX_POINT('',#2781);
#1375=VERTEX_POINT('',#2783);
#1376=VERTEX_POINT('',#2785);
#1377=VERTEX_POINT('',#2787);
#1378=VERTEX_POINT('',#2789);
#1379=VERTEX_POINT('',#2791);
#1380=VERTEX_POINT('',#2793);
#1381=VERTEX_POINT('',#2795);
#1382=VERTEX_POINT('',#2797);
#1383=VERTEX_POINT('',#2799);
#1384=VERTEX_POINT('',#2801);
#1385=VERTEX_POINT('',#2803);
#1386=VERTEX_POINT('',#2805);
#1387=VERTEX_POINT('',#2807);
#1388=VERTEX_POINT('',#2809);
#1389=VERTEX_POINT('',#2811);
#1390=VERTEX_POINT('',#2813);
#1391=VERTEX_POINT('',#2815);
#1392=VERTEX_POINT('',#2817);
#1393=VERTEX_POINT('',#2821);
#1394=VERTEX_POINT('',#2823);
#1395=VERTEX_POINT('',#2825);
#1396=VERTEX_POINT('',#2826);
#1397=VERTEX_POINT('',#2828);
#1398=VERTEX_POINT('',#2830);
#1399=VERTEX_POINT('',#2832);
#1400=VERTEX_POINT('',#2834);
#1401=VERTEX_POINT('',#2836);
#1402=VERTEX_POINT('',#2838);
#1403=VERTEX_POINT('',#2840);
#1404=VERTEX_POINT('',#2842);
#1405=VERTEX_POINT('',#2844);
#1406=VERTEX_POINT('',#2846);
#1407=VERTEX_POINT('',#2848);
#1408=VERTEX_POINT('',#2850);
#1409=VERTEX_POINT('',#2852);
#1410=VERTEX_POINT('',#2854);
#1411=VERTEX_POINT('',#2856);
#1412=VERTEX_POINT('',#2858);
#1413=VERTEX_POINT('',#2860);
#1414=VERTEX_POINT('',#2862);
#1415=VERTEX_POINT('',#2864);
#1416=VERTEX_POINT('',#2866);
#1417=VERTEX_POINT('',#2868);
#1418=VERTEX_POINT('',#2870);
#1419=VERTEX_POINT('',#2872);
#1420=VERTEX_POINT('',#2874);
#1421=VERTEX_POINT('',#2876);
#1422=VERTEX_POINT('',#2878);
#1423=VERTEX_POINT('',#2880);
#1424=VERTEX_POINT('',#2882);
#1425=VERTEX_POINT('',#2886);
#1426=VERTEX_POINT('',#2887);
#1427=VERTEX_POINT('',#2889);
#1428=VERTEX_POINT('',#2891);
#1429=VERTEX_POINT('',#2893);
#1430=VERTEX_POINT('',#2895);
#1431=VERTEX_POINT('',#2897);
#1432=VERTEX_POINT('',#2899);
#1433=VERTEX_POINT('',#2901);
#1434=VERTEX_POINT('',#2903);
#1435=VERTEX_POINT('',#2905);
#1436=VERTEX_POINT('',#2907);
#1437=VERTEX_POINT('',#2909);
#1438=VERTEX_POINT('',#2911);
#1439=VERTEX_POINT('',#2913);
#1440=VERTEX_POINT('',#2915);
#1441=VERTEX_POINT('',#2918);
#1442=VERTEX_POINT('',#2919);
#1443=VERTEX_POINT('',#2921);
#1444=VERTEX_POINT('',#2923);
#1445=VERTEX_POINT('',#2925);
#1446=VERTEX_POINT('',#2927);
#1447=VERTEX_POINT('',#2929);
#1448=VERTEX_POINT('',#2931);
#1449=VERTEX_POINT('',#2935);
#1450=VERTEX_POINT('',#2939);
#1451=VERTEX_POINT('',#2943);
#1452=VERTEX_POINT('',#2947);
#1453=VERTEX_POINT('',#2950);
#1454=VERTEX_POINT('',#2951);
#1455=VERTEX_POINT('',#2953);
#1456=VERTEX_POINT('',#2955);
#1457=VERTEX_POINT('',#2957);
#1458=VERTEX_POINT('',#2959);
#1459=VERTEX_POINT('',#2961);
#1460=VERTEX_POINT('',#2963);
#1461=VERTEX_POINT('',#2965);
#1462=VERTEX_POINT('',#2967);
#1463=VERTEX_POINT('',#2969);
#1464=VERTEX_POINT('',#2971);
#1465=VERTEX_POINT('',#2975);
#1466=VERTEX_POINT('',#2976);
#1467=VERTEX_POINT('',#2981);
#1468=VERTEX_POINT('',#2985);
#1469=VERTEX_POINT('',#2987);
#1470=VERTEX_POINT('',#2991);
#1471=VERTEX_POINT('',#2992);
#1472=VERTEX_POINT('',#2997);
#1473=VERTEX_POINT('',#3001);
#1474=VERTEX_POINT('',#3005);
#1475=VERTEX_POINT('',#3009);
#1476=VERTEX_POINT('',#3013);
#1477=VERTEX_POINT('',#3017);
#1478=VERTEX_POINT('',#3021);
#1479=VERTEX_POINT('',#3022);
#1480=VERTEX_POINT('',#3027);
#1481=VERTEX_POINT('',#3028);
#1482=VERTEX_POINT('',#3033);
#1483=VERTEX_POINT('',#3037);
#1484=VERTEX_POINT('',#3038);
#1485=VERTEX_POINT('',#3040);
#1486=VERTEX_POINT('',#3042);
#1487=VERTEX_POINT('',#3045);
#1488=VERTEX_POINT('',#3048);
#1489=VERTEX_POINT('',#3050);
#1490=VERTEX_POINT('',#3054);
#1491=VERTEX_POINT('',#3056);
#1492=VERTEX_POINT('',#3061);
#1493=VERTEX_POINT('',#3063);
#1494=VERTEX_POINT('',#3065);
#1495=VERTEX_POINT('',#3069);
#1496=VERTEX_POINT('',#3070);
#1497=VERTEX_POINT('',#3074);
#1498=VERTEX_POINT('',#3076);
#1499=VERTEX_POINT('',#3080);
#1500=VERTEX_POINT('',#3084);
#1501=VERTEX_POINT('',#3086);
#1502=VERTEX_POINT('',#3090);
#1503=VERTEX_POINT('',#3094);
#1504=VERTEX_POINT('',#3098);
#1505=VERTEX_POINT('',#3102);
#1506=VERTEX_POINT('',#3108);
#1507=VERTEX_POINT('',#3109);
#1508=VERTEX_POINT('',#3111);
#1509=VERTEX_POINT('',#3113);
#1510=VERTEX_POINT('',#3116);
#1511=VERTEX_POINT('',#3119);
#1512=VERTEX_POINT('',#3120);
#1513=VERTEX_POINT('',#3136);
#1514=VERTEX_POINT('',#3137);
#1515=VERTEX_POINT('',#3147);
#1516=VERTEX_POINT('',#3149);
#1517=VERTEX_POINT('',#3153);
#1518=VERTEX_POINT('',#3154);
#1519=VERTEX_POINT('',#3178);
#1520=VERTEX_POINT('',#3179);
#1521=VERTEX_POINT('',#3181);
#1522=VERTEX_POINT('',#3185);
#1523=VERTEX_POINT('',#3198);
#1524=VERTEX_POINT('',#3200);
#1525=VERTEX_POINT('',#3215);
#1526=VERTEX_POINT('',#3217);
#1527=VERTEX_POINT('',#3223);
#1528=VERTEX_POINT('',#3225);
#1529=VERTEX_POINT('',#3229);
#1530=VERTEX_POINT('',#3231);
#1531=VERTEX_POINT('',#3235);
#1532=VERTEX_POINT('',#3237);
#1533=VERTEX_POINT('',#3241);
#1534=VERTEX_POINT('',#3243);
#1535=VERTEX_POINT('',#3247);
#1536=VERTEX_POINT('',#3251);
#1537=VERTEX_POINT('',#3262);
#1538=VERTEX_POINT('',#3275);
#1539=VERTEX_POINT('',#3288);
#1540=VERTEX_POINT('',#3301);
#1541=VERTEX_POINT('',#3307);
#1542=VERTEX_POINT('',#3311);
#1543=VERTEX_POINT('',#3315);
#1544=VERTEX_POINT('',#3319);
#1545=VERTEX_POINT('',#3340);
#1546=VERTEX_POINT('',#3342);
#1547=VERTEX_POINT('',#3346);
#1548=VERTEX_POINT('',#3350);
#1549=VERTEX_POINT('',#3354);
#1550=VERTEX_POINT('',#3358);
#1551=VERTEX_POINT('',#3362);
#1552=VERTEX_POINT('',#3366);
#1553=VERTEX_POINT('',#3370);
#1554=VERTEX_POINT('',#3374);
#1555=VERTEX_POINT('',#3378);
#1556=VERTEX_POINT('',#3382);
#1557=CIRCLE('',#2041,0.00395971888528933);
#1558=CIRCLE('',#2042,0.00252697380294466);
#1559=CIRCLE('',#2043,0.0047217188852893);
#1560=CIRCLE('',#2044,0.0025269698);
#1561=CIRCLE('',#2045,0.00548371888528929);
#1562=CIRCLE('',#2046,0.0025269698);
#1563=CIRCLE('',#2047,0.0047217188852893);
#1564=CIRCLE('',#2048,0.00252697380294466);
#1565=CIRCLE('',#2049,0.00395971888528929);
#1566=CIRCLE('',#2050,0.00252697380294466);
#1567=CIRCLE('',#2051,0.00252697380294466);
#1568=CIRCLE('',#2052,0.00395971888528924);
#1569=CIRCLE('',#2053,0.00548371888528929);
#1570=CIRCLE('',#2054,0.00395971888528924);
#1571=CIRCLE('',#2055,0.00252697380294466);
#1572=CIRCLE('',#2056,0.00252697380294466);
#1573=CIRCLE('',#2058,0.001143);
#1574=CIRCLE('',#2059,0.001143);
#1575=CIRCLE('',#2060,0.0047217188852893);
#1576=CIRCLE('',#2061,0.0025269698);
#1577=CIRCLE('',#2062,0.00548371888528929);
#1578=CIRCLE('',#2063,0.0025269698);
#1579=CIRCLE('',#2064,0.0047217188852893);
#1580=CIRCLE('',#2065,0.000508);
#1581=CIRCLE('',#2066,0.002286);
#1582=CIRCLE('',#2067,0.000508);
#1583=CIRCLE('',#2068,0.0047217188852893);
#1584=CIRCLE('',#2069,0.0047217188852893);
#1585=CIRCLE('',#2070,0.0047217188852893);
#1586=CIRCLE('',#2071,0.000490568195874213);
#1587=CIRCLE('',#2072,0.002286);
#1588=CIRCLE('',#2073,0.000490568195874213);
#1589=CIRCLE('',#2075,0.00423115068941509);
#1590=CIRCLE('',#2076,0.00521228708116351);
#1591=CIRCLE('',#2077,0.00423115068941509);
#1592=CIRCLE('',#2078,0.00423115068941509);
#1593=CIRCLE('',#2079,0.00521228708116351);
#1594=CIRCLE('',#2080,0.00423115068941509);
#1595=CIRCLE('',#2082,0.00395971888528933);
#1596=CIRCLE('',#2087,0.00395971888528924);
#1597=CIRCLE('',#2090,0.00548371888528929);
#1598=CIRCLE('',#2093,0.00395971888528924);
#1599=CIRCLE('',#2098,0.00395971888528929);
#1600=CIRCLE('',#2100,0.002286);
#1601=CIRCLE('',#2101,0.001143);
#1602=CIRCLE('',#2105,0.0047217188852893);
#1603=CIRCLE('',#2106,0.0047217188852893);
#1604=CIRCLE('',#2108,0.0047217188852893);
#1605=CIRCLE('',#2109,0.0047217188852893);
#1606=CIRCLE('',#2113,0.0047217188852893);
#1607=CIRCLE('',#2116,0.0047217188852893);
#1608=CIRCLE('',#2119,0.0047217188852893);
#1609=CIRCLE('',#2121,0.002286);
#1610=CIRCLE('',#2122,0.001143);
#1611=CIRCLE('',#2134,0.0047217188852893);
#1612=CIRCLE('',#2135,0.0047217188852893);
#1613=CIRCLE('',#2137,0.00252697380294466);
#1614=CIRCLE('',#2138,0.00252697380294466);
#1615=CIRCLE('',#2139,0.00252697380294466);
#1616=CIRCLE('',#2140,0.00252697380294466);
#1617=CIRCLE('',#2141,0.00252697380294466);
#1618=CIRCLE('',#2142,0.00252697380294466);
#1619=CIRCLE('',#2175,0.000490568195874213);
#1620=CIRCLE('',#2178,0.000490568195874213);
#1621=CIRCLE('',#2182,0.000490568195874213);
#1622=CIRCLE('',#2185,0.000490568195874213);
#1623=EDGE_LOOP('',(#488,#489,#490,#491,#492,#493,#494,#495,#496,#497,#498,
#499,#500,#501,#502,#503,#504,#505,#506,#507,#508,#509,#510,#511,#512,#513));
#1624=EDGE_LOOP('',(#514));
#1625=EDGE_LOOP('',(#515));
#1626=EDGE_LOOP('',(#516,#517,#518,#519,#520,#521,#522,#523,#524,#525,#526,
#527,#528,#529,#530,#531,#532,#533,#534,#535,#536,#537,#538,#539,#540,#541,
#542,#543,#544,#545));
#1627=EDGE_LOOP('',(#546,#547,#548,#549,#550,#551,#552,#553,#554,#555,#556,
#557,#558,#559,#560,#561));
#1628=EDGE_LOOP('',(#562,#563,#564,#565,#566,#567,#568,#569,#570,#571,#572,
#573));
#1629=EDGE_LOOP('',(#574,#575,#576,#577,#578,#579,#580,#581,#582,#583,#584,
#585));
#1630=EDGE_LOOP('',(#586,#587,#588,#589));
#1631=EDGE_LOOP('',(#590,#591,#592,#593));
#1632=EDGE_LOOP('',(#594,#595,#596,#597));
#1633=EDGE_LOOP('',(#598,#599,#600,#601));
#1634=EDGE_LOOP('',(#602,#603,#604,#605));
#1635=EDGE_LOOP('',(#606,#607,#608,#609));
#1636=EDGE_LOOP('',(#610,#611,#612,#613));
#1637=EDGE_LOOP('',(#614,#615,#616,#617));
#1638=EDGE_LOOP('',(#618,#619,#620,#621));
#1639=EDGE_LOOP('',(#622,#623,#624,#625));
#1640=EDGE_LOOP('',(#626,#627,#628,#629));
#1641=EDGE_LOOP('',(#630,#631,#632,#633));
#1642=EDGE_LOOP('',(#634,#635,#636,#637));
#1643=EDGE_LOOP('',(#638,#639,#640,#641));
#1644=EDGE_LOOP('',(#642));
#1645=EDGE_LOOP('',(#643,#644,#645,#646));
#1646=EDGE_LOOP('',(#647,#648,#649,#650));
#1647=EDGE_LOOP('',(#651,#652,#653,#654,#655,#656,#657,#658));
#1648=EDGE_LOOP('',(#659,#660,#661,#662,#663,#664,#665,#666));
#1649=EDGE_LOOP('',(#667,#668,#669,#670));
#1650=EDGE_LOOP('',(#671,#672,#673,#674));
#1651=EDGE_LOOP('',(#675,#676,#677,#678));
#1652=EDGE_LOOP('',(#679,#680,#681,#682));
#1653=EDGE_LOOP('',(#683,#684,#685,#686));
#1654=EDGE_LOOP('',(#687,#688,#689,#690));
#1655=EDGE_LOOP('',(#691,#692,#693,#694));
#1656=EDGE_LOOP('',(#695,#696,#697,#698));
#1657=EDGE_LOOP('',(#699));
#1658=EDGE_LOOP('',(#700,#701,#702,#703,#704,#705,#706,#707));
#1659=EDGE_LOOP('',(#708,#709,#710,#711));
#1660=EDGE_LOOP('',(#712,#713,#714,#715));
#1661=EDGE_LOOP('',(#716,#717,#718,#719));
#1662=EDGE_LOOP('',(#720,#721,#722,#723));
#1663=EDGE_LOOP('',(#724,#725,#726,#727,#728,#729,#730,#731));
#1664=EDGE_LOOP('',(#732,#733,#734,#735));
#1665=EDGE_LOOP('',(#736,#737,#738,#739));
#1666=EDGE_LOOP('',(#740,#741,#742,#743));
#1667=EDGE_LOOP('',(#744,#745,#746,#747));
#1668=EDGE_LOOP('',(#748,#749,#750,#751));
#1669=EDGE_LOOP('',(#752,#753,#754,#755,#756,#757,#758,#759,#760,#761,#762,
#763,#764,#765,#766,#767,#768,#769,#770,#771,#772,#773,#774,#775));
#1670=EDGE_LOOP('',(#776,#777,#778,#779));
#1671=EDGE_LOOP('',(#780,#781,#782,#783));
#1672=EDGE_LOOP('',(#784,#785,#786,#787));
#1673=EDGE_LOOP('',(#788,#789,#790,#791));
#1674=EDGE_LOOP('',(#792,#793,#794,#795));
#1675=EDGE_LOOP('',(#796,#797,#798,#799));
#1676=EDGE_LOOP('',(#800,#801,#802,#803));
#1677=EDGE_LOOP('',(#804,#805,#806,#807));
#1678=EDGE_LOOP('',(#808,#809,#810,#811));
#1679=EDGE_LOOP('',(#812,#813,#814,#815));
#1680=EDGE_LOOP('',(#816,#817,#818,#819));
#1681=EDGE_LOOP('',(#820,#821,#822,#823));
#1682=EDGE_LOOP('',(#824,#825,#826,#827));
#1683=EDGE_LOOP('',(#828,#829,#830,#831));
#1684=EDGE_LOOP('',(#832,#833,#834,#835));
#1685=EDGE_LOOP('',(#836,#837,#838,#839));
#1686=EDGE_LOOP('',(#840,#841,#842,#843));
#1687=EDGE_LOOP('',(#844,#845,#846,#847));
#1688=EDGE_LOOP('',(#848,#849,#850,#851));
#1689=EDGE_LOOP('',(#852,#853,#854,#855,#856,#857,#858,#859,#860,#861,#862,
#863));
#1690=EDGE_LOOP('',(#864,#865,#866,#867,#868,#869,#870));
#1691=EDGE_LOOP('',(#871,#872,#873,#874));
#1692=EDGE_LOOP('',(#875,#876,#877,#878));
#1693=EDGE_LOOP('',(#879,#880,#881,#882));
#1694=EDGE_LOOP('',(#883,#884,#885,#886));
#1695=EDGE_LOOP('',(#887,#888,#889,#890));
#1696=EDGE_LOOP('',(#891,#892,#893,#894));
#1697=EDGE_LOOP('',(#895,#896,#897,#898));
#1698=EDGE_LOOP('',(#899,#900,#901,#902));
#1699=EDGE_LOOP('',(#903,#904,#905,#906));
#1700=EDGE_LOOP('',(#907,#908,#909,#910));
#1701=EDGE_LOOP('',(#911,#912,#913,#914));
#1702=EDGE_LOOP('',(#915,#916,#917,#918));
#1703=EDGE_LOOP('',(#919,#920,#921,#922,#923,#924,#925,#926,#927,#928,#929,
#930));
#1704=EDGE_LOOP('',(#931,#932,#933,#934,#935,#936,#937));
#1705=EDGE_LOOP('',(#938,#939,#940,#941));
#1706=EDGE_LOOP('',(#942,#943,#944,#945));
#1707=EDGE_LOOP('',(#946,#947,#948,#949));
#1708=EDGE_LOOP('',(#950,#951,#952,#953));
#1709=EDGE_LOOP('',(#954,#955,#956,#957));
#1710=EDGE_LOOP('',(#958,#959,#960,#961));
#1711=EDGE_LOOP('',(#962,#963,#964,#965));
#1712=EDGE_LOOP('',(#966,#967,#968,#969));
#1713=EDGE_LOOP('',(#970,#971,#972,#973));
#1714=EDGE_LOOP('',(#974,#975,#976,#977));
#1715=EDGE_LOOP('',(#978,#979,#980,#981));
#1716=EDGE_LOOP('',(#982,#983,#984,#985));
#1717=EDGE_LOOP('',(#986,#987,#988,#989));
#1718=EDGE_LOOP('',(#990,#991,#992,#993));
#1719=EDGE_LOOP('',(#994,#995,#996,#997));
#1720=EDGE_LOOP('',(#998,#999,#1000,#1001));
#1721=EDGE_LOOP('',(#1002,#1003,#1004,#1005));
#1722=EDGE_LOOP('',(#1006,#1007,#1008,#1009));
#1723=EDGE_LOOP('',(#1010,#1011,#1012,#1013));
#1724=EDGE_LOOP('',(#1014));
#1725=EDGE_LOOP('',(#1015));
#1726=EDGE_LOOP('',(#1016));
#1727=EDGE_LOOP('',(#1017));
#1728=EDGE_LOOP('',(#1018,#1019,#1020,#1021));
#1729=EDGE_LOOP('',(#1022,#1023,#1024,#1025));
#1730=EDGE_LOOP('',(#1026,#1027,#1028,#1029));
#1731=EDGE_LOOP('',(#1030,#1031,#1032,#1033));
#1732=EDGE_LOOP('',(#1034,#1035,#1036,#1037));
#1733=EDGE_LOOP('',(#1038,#1039,#1040,#1041));
#1734=EDGE_LOOP('',(#1042,#1043,#1044,#1045));
#1735=EDGE_LOOP('',(#1046,#1047,#1048,#1049));
#1736=EDGE_LOOP('',(#1050,#1051,#1052,#1053));
#1737=EDGE_LOOP('',(#1054,#1055,#1056,#1057));
#1738=EDGE_LOOP('',(#1058,#1059,#1060,#1061));
#1739=EDGE_LOOP('',(#1062,#1063,#1064,#1065));
#1740=EDGE_LOOP('',(#1066,#1067,#1068,#1069));
#1741=EDGE_LOOP('',(#1070,#1071,#1072,#1073));
#1742=FACE_BOUND('',#1623,.T.);
#1743=FACE_BOUND('',#1624,.T.);
#1744=FACE_BOUND('',#1625,.T.);
#1745=FACE_BOUND('',#1626,.T.);
#1746=FACE_BOUND('',#1627,.T.);
#1747=FACE_BOUND('',#1628,.T.);
#1748=FACE_BOUND('',#1629,.T.);
#1749=FACE_BOUND('',#1630,.T.);
#1750=FACE_BOUND('',#1631,.T.);
#1751=FACE_BOUND('',#1632,.T.);
#1752=FACE_BOUND('',#1633,.T.);
#1753=FACE_BOUND('',#1634,.T.);
#1754=FACE_BOUND('',#1635,.T.);
#1755=FACE_BOUND('',#1636,.T.);
#1756=FACE_BOUND('',#1637,.T.);
#1757=FACE_BOUND('',#1638,.T.);
#1758=FACE_BOUND('',#1639,.T.);
#1759=FACE_BOUND('',#1640,.T.);
#1760=FACE_BOUND('',#1641,.T.);
#1761=FACE_BOUND('',#1642,.T.);
#1762=FACE_BOUND('',#1643,.T.);
#1763=FACE_BOUND('',#1644,.T.);
#1764=FACE_BOUND('',#1645,.T.);
#1765=FACE_BOUND('',#1646,.T.);
#1766=FACE_BOUND('',#1647,.T.);
#1767=FACE_BOUND('',#1648,.T.);
#1768=FACE_BOUND('',#1649,.T.);
#1769=FACE_BOUND('',#1650,.T.);
#1770=FACE_BOUND('',#1651,.T.);
#1771=FACE_BOUND('',#1652,.T.);
#1772=FACE_BOUND('',#1653,.T.);
#1773=FACE_BOUND('',#1654,.T.);
#1774=FACE_BOUND('',#1655,.T.);
#1775=FACE_BOUND('',#1656,.T.);
#1776=FACE_BOUND('',#1657,.T.);
#1777=FACE_BOUND('',#1658,.T.);
#1778=FACE_BOUND('',#1659,.T.);
#1779=FACE_BOUND('',#1660,.T.);
#1780=FACE_BOUND('',#1661,.T.);
#1781=FACE_BOUND('',#1662,.T.);
#1782=FACE_BOUND('',#1663,.T.);
#1783=FACE_BOUND('',#1664,.T.);
#1784=FACE_BOUND('',#1665,.T.);
#1785=FACE_BOUND('',#1666,.T.);
#1786=FACE_BOUND('',#1667,.T.);
#1787=FACE_BOUND('',#1668,.T.);
#1788=FACE_BOUND('',#1669,.T.);
#1789=FACE_BOUND('',#1670,.T.);
#1790=FACE_BOUND('',#1671,.T.);
#1791=FACE_BOUND('',#1672,.T.);
#1792=FACE_BOUND('',#1673,.T.);
#1793=FACE_BOUND('',#1674,.T.);
#1794=FACE_BOUND('',#1675,.T.);
#1795=FACE_BOUND('',#1676,.T.);
#1796=FACE_BOUND('',#1677,.T.);
#1797=FACE_BOUND('',#1678,.T.);
#1798=FACE_BOUND('',#1679,.T.);
#1799=FACE_BOUND('',#1680,.T.);
#1800=FACE_BOUND('',#1681,.T.);
#1801=FACE_BOUND('',#1682,.T.);
#1802=FACE_BOUND('',#1683,.T.);
#1803=FACE_BOUND('',#1684,.T.);
#1804=FACE_BOUND('',#1685,.T.);
#1805=FACE_BOUND('',#1686,.T.);
#1806=FACE_BOUND('',#1687,.T.);
#1807=FACE_BOUND('',#1688,.T.);
#1808=FACE_BOUND('',#1689,.T.);
#1809=FACE_BOUND('',#1690,.T.);
#1810=FACE_BOUND('',#1691,.T.);
#1811=FACE_BOUND('',#1692,.T.);
#1812=FACE_BOUND('',#1693,.T.);
#1813=FACE_BOUND('',#1694,.T.);
#1814=FACE_BOUND('',#1695,.T.);
#1815=FACE_BOUND('',#1696,.T.);
#1816=FACE_BOUND('',#1697,.T.);
#1817=FACE_BOUND('',#1698,.T.);
#1818=FACE_BOUND('',#1699,.T.);
#1819=FACE_BOUND('',#1700,.T.);
#1820=FACE_BOUND('',#1701,.T.);
#1821=FACE_BOUND('',#1702,.T.);
#1822=FACE_BOUND('',#1703,.T.);
#1823=FACE_BOUND('',#1704,.T.);
#1824=FACE_BOUND('',#1705,.T.);
#1825=FACE_BOUND('',#1706,.T.);
#1826=FACE_BOUND('',#1707,.T.);
#1827=FACE_BOUND('',#1708,.T.);
#1828=FACE_BOUND('',#1709,.T.);
#1829=FACE_BOUND('',#1710,.T.);
#1830=FACE_BOUND('',#1711,.T.);
#1831=FACE_BOUND('',#1712,.T.);
#1832=FACE_BOUND('',#1713,.T.);
#1833=FACE_BOUND('',#1714,.T.);
#1834=FACE_BOUND('',#1715,.T.);
#1835=FACE_BOUND('',#1716,.T.);
#1836=FACE_BOUND('',#1717,.T.);
#1837=FACE_BOUND('',#1718,.T.);
#1838=FACE_BOUND('',#1719,.T.);
#1839=FACE_BOUND('',#1720,.T.);
#1840=FACE_BOUND('',#1721,.T.);
#1841=FACE_BOUND('',#1722,.T.);
#1842=FACE_BOUND('',#1723,.T.);
#1843=FACE_BOUND('',#1724,.T.);
#1844=FACE_BOUND('',#1725,.T.);
#1845=FACE_BOUND('',#1726,.T.);
#1846=FACE_BOUND('',#1727,.T.);
#1847=FACE_BOUND('',#1728,.T.);
#1848=FACE_BOUND('',#1729,.T.);
#1849=FACE_BOUND('',#1730,.T.);
#1850=FACE_BOUND('',#1731,.T.);
#1851=FACE_BOUND('',#1732,.T.);
#1852=FACE_BOUND('',#1733,.T.);
#1853=FACE_BOUND('',#1734,.T.);
#1854=FACE_BOUND('',#1735,.T.);
#1855=FACE_BOUND('',#1736,.T.);
#1856=FACE_BOUND('',#1737,.T.);
#1857=FACE_BOUND('',#1738,.T.);
#1858=FACE_BOUND('',#1739,.T.);
#1859=FACE_BOUND('',#1740,.T.);
#1860=FACE_BOUND('',#1741,.T.);
#1861=PLANE('',#2040);
#1862=PLANE('',#2057);
#1863=PLANE('',#2074);
#1864=PLANE('',#2083);
#1865=PLANE('',#2084);
#1866=PLANE('',#2085);
#1867=PLANE('',#2088);
#1868=PLANE('',#2091);
#1869=PLANE('',#2094);
#1870=PLANE('',#2095);
#1871=PLANE('',#2096);
#1872=PLANE('',#2099);
#1873=PLANE('',#2102);
#1874=PLANE('',#2103);
#1875=PLANE('',#2110);
#1876=PLANE('',#2111);
#1877=PLANE('',#2114);
#1878=PLANE('',#2117);
#1879=PLANE('',#2120);
#1880=PLANE('',#2123);
#1881=PLANE('',#2124);
#1882=PLANE('',#2126);
#1883=PLANE('',#2127);
#1884=PLANE('',#2128);
#1885=PLANE('',#2129);
#1886=PLANE('',#2131);
#1887=PLANE('',#2132);
#1888=PLANE('',#2136);
#1889=PLANE('',#2143);
#1890=PLANE('',#2144);
#1891=PLANE('',#2145);
#1892=PLANE('',#2146);
#1893=PLANE('',#2147);
#1894=PLANE('',#2148);
#1895=PLANE('',#2149);
#1896=PLANE('',#2150);
#1897=PLANE('',#2151);
#1898=PLANE('',#2152);
#1899=PLANE('',#2153);
#1900=PLANE('',#2154);
#1901=PLANE('',#2155);
#1902=PLANE('',#2156);
#1903=PLANE('',#2157);
#1904=PLANE('',#2158);
#1905=PLANE('',#2159);
#1906=PLANE('',#2160);
#1907=PLANE('',#2161);
#1908=PLANE('',#2162);
#1909=PLANE('',#2163);
#1910=PLANE('',#2164);
#1911=PLANE('',#2165);
#1912=PLANE('',#2166);
#1913=PLANE('',#2167);
#1914=PLANE('',#2168);
#1915=PLANE('',#2205);
#1916=PLANE('',#2206);
#1917=ADVANCED_FACE('',(#1742),#1861,.T.);
#1918=ADVANCED_FACE('',(#1743,#1744,#1745),#1862,.F.);
#1919=ADVANCED_FACE('',(#1746,#1747,#1748),#1863,.T.);
#1920=ADVANCED_FACE('',(#1749),#34,.F.);
#1921=ADVANCED_FACE('',(#1750),#1864,.F.);
#1922=ADVANCED_FACE('',(#1751),#1865,.T.);
#1923=ADVANCED_FACE('',(#1752),#1866,.T.);
#1924=ADVANCED_FACE('',(#1753),#35,.F.);
#1925=ADVANCED_FACE('',(#1754),#1867,.F.);
#1926=ADVANCED_FACE('',(#1755),#36,.T.);
#1927=ADVANCED_FACE('',(#1756),#1868,.F.);
#1928=ADVANCED_FACE('',(#1757),#37,.F.);
#1929=ADVANCED_FACE('',(#1758),#1869,.T.);
#1930=ADVANCED_FACE('',(#1759),#1870,.F.);
#1931=ADVANCED_FACE('',(#1760),#1871,.F.);
#1932=ADVANCED_FACE('',(#1761),#38,.F.);
#1933=ADVANCED_FACE('',(#1762,#1763),#1872,.T.);
#1934=ADVANCED_FACE('',(#1764),#1873,.T.);
#1935=ADVANCED_FACE('',(#1765),#1874,.F.);
#1936=ADVANCED_FACE('',(#1766),#39,.T.);
#1937=ADVANCED_FACE('',(#1767),#40,.T.);
#1938=ADVANCED_FACE('',(#1768),#1875,.T.);
#1939=ADVANCED_FACE('',(#1769),#1876,.F.);
#1940=ADVANCED_FACE('',(#1770),#41,.T.);
#1941=ADVANCED_FACE('',(#1771),#1877,.T.);
#1942=ADVANCED_FACE('',(#1772),#42,.F.);
#1943=ADVANCED_FACE('',(#1773),#1878,.T.);
#1944=ADVANCED_FACE('',(#1774),#43,.T.);
#1945=ADVANCED_FACE('',(#1775,#1776),#1879,.T.);
#1946=ADVANCED_FACE('',(#1777),#1880,.F.);
#1947=ADVANCED_FACE('',(#1778),#1881,.F.);
#1948=ADVANCED_FACE('',(#1779),#44,.T.);
#1949=ADVANCED_FACE('',(#1780),#1882,.T.);
#1950=ADVANCED_FACE('',(#1781),#1883,.T.);
#1951=ADVANCED_FACE('',(#1782),#1884,.T.);
#1952=ADVANCED_FACE('',(#1783),#1885,.F.);
#1953=ADVANCED_FACE('',(#1784),#45,.T.);
#1954=ADVANCED_FACE('',(#1785),#1886,.T.);
#1955=ADVANCED_FACE('',(#1786),#1887,.T.);
#1956=ADVANCED_FACE('',(#1787),#46,.F.);
#1957=ADVANCED_FACE('',(#1788),#1888,.F.);
#1958=ADVANCED_FACE('',(#1789),#26,.T.);
#1959=ADVANCED_FACE('',(#1790),#27,.T.);
#1960=ADVANCED_FACE('',(#1791),#28,.T.);
#1961=ADVANCED_FACE('',(#1792),#1889,.T.);
#1962=ADVANCED_FACE('',(#1793),#1890,.T.);
#1963=ADVANCED_FACE('',(#1794),#1891,.T.);
#1964=ADVANCED_FACE('',(#1795),#1892,.T.);
#1965=ADVANCED_FACE('',(#1796),#1893,.T.);
#1966=ADVANCED_FACE('',(#1797),#1894,.T.);
#1967=ADVANCED_FACE('',(#1798),#29,.T.);
#1968=ADVANCED_FACE('',(#1799),#30,.T.);
#1969=ADVANCED_FACE('',(#1800),#31,.T.);
#1970=ADVANCED_FACE('',(#1801),#32,.T.);
#1971=ADVANCED_FACE('',(#1802),#1895,.T.);
#1972=ADVANCED_FACE('',(#1803),#1896,.T.);
#1973=ADVANCED_FACE('',(#1804),#1897,.T.);
#1974=ADVANCED_FACE('',(#1805),#1898,.T.);
#1975=ADVANCED_FACE('',(#1806),#1899,.T.);
#1976=ADVANCED_FACE('',(#1807),#33,.T.);
#1977=ADVANCED_FACE('',(#1808,#1809),#1900,.T.);
#1978=ADVANCED_FACE('',(#1810),#1901,.T.);
#1979=ADVANCED_FACE('',(#1811),#1902,.T.);
#1980=ADVANCED_FACE('',(#1812),#1903,.T.);
#1981=ADVANCED_FACE('',(#1813),#1904,.T.);
#1982=ADVANCED_FACE('',(#1814),#1905,.T.);
#1983=ADVANCED_FACE('',(#1815),#1906,.T.);
#1984=ADVANCED_FACE('',(#1816),#1907,.T.);
#1985=ADVANCED_FACE('',(#1817),#1908,.T.);
#1986=ADVANCED_FACE('',(#1818),#1909,.T.);
#1987=ADVANCED_FACE('',(#1819),#1910,.T.);
#1988=ADVANCED_FACE('',(#1820),#1911,.T.);
#1989=ADVANCED_FACE('',(#1821),#1912,.T.);
#1990=ADVANCED_FACE('',(#1822),#1913,.T.);
#1991=ADVANCED_FACE('',(#1823),#1914,.T.);
#1992=ADVANCED_FACE('',(#1824),#47,.T.);
#1993=ADVANCED_FACE('',(#1825),#12,.T.);
#1994=ADVANCED_FACE('',(#1826),#48,.T.);
#1995=ADVANCED_FACE('',(#1827),#49,.T.);
#1996=ADVANCED_FACE('',(#1828),#50,.T.);
#1997=ADVANCED_FACE('',(#1829),#13,.T.);
#1998=ADVANCED_FACE('',(#1830),#14,.T.);
#1999=ADVANCED_FACE('',(#1831),#51,.T.);
#2000=ADVANCED_FACE('',(#1832),#52,.T.);
#2001=ADVANCED_FACE('',(#1833),#15,.T.);
#2002=ADVANCED_FACE('',(#1834),#16,.T.);
#2003=ADVANCED_FACE('',(#1835),#53,.T.);
#2004=ADVANCED_FACE('',(#1836),#54,.T.);
#2005=ADVANCED_FACE('',(#1837),#55,.T.);
#2006=ADVANCED_FACE('',(#1838),#17,.T.);
#2007=ADVANCED_FACE('',(#1839),#56,.T.);
#2008=ADVANCED_FACE('',(#1840),#57,.F.);
#2009=ADVANCED_FACE('',(#1841),#58,.F.);
#2010=ADVANCED_FACE('',(#1842),#59,.F.);
#2011=ADVANCED_FACE('',(#1843,#1844),#60,.F.);
#2012=ADVANCED_FACE('',(#1845,#1846),#61,.F.);
#2013=ADVANCED_FACE('',(#1847),#62,.F.);
#2014=ADVANCED_FACE('',(#1848),#63,.F.);
#2015=ADVANCED_FACE('',(#1849),#64,.F.);
#2016=ADVANCED_FACE('',(#1850),#1915,.T.);
#2017=ADVANCED_FACE('',(#1851),#1916,.T.);
#2018=ADVANCED_FACE('',(#1852),#65,.F.);
#2019=ADVANCED_FACE('',(#1853),#66,.T.);
#2020=ADVANCED_FACE('',(#1854),#67,.T.);
#2021=ADVANCED_FACE('',(#1855),#68,.T.);
#2022=ADVANCED_FACE('',(#1856),#69,.T.);
#2023=ADVANCED_FACE('',(#1857),#70,.T.);
#2024=ADVANCED_FACE('',(#1858),#71,.T.);
#2025=ADVANCED_FACE('',(#1859),#72,.F.);
#2026=ADVANCED_FACE('',(#1860),#73,.F.);
#2027=CLOSED_SHELL('',(#1917,#1918,#1919,#1920,#1921,#1922,#1923,#1924,
#1925,#1926,#1927,#1928,#1929,#1930,#1931,#1932,#1933,#1934,#1935,#1936,
#1937,#1938,#1939,#1940,#1941,#1942,#1943,#1944,#1945,#1946,#1947,#1948,
#1949,#1950,#1951,#1952,#1953,#1954,#1955,#1956,#1957,#1958,#1959,#1960,
#1961,#1962,#1963,#1964,#1965,#1966,#1967,#1968,#1969,#1970,#1971,#1972,
#1973,#1974,#1975,#1976,#1977,#1978,#1979,#1980,#1981,#1982,#1983,#1984,
#1985,#1986,#1987,#1988,#1989,#1990,#1991,#1992,#1993,#1994,#1995,#1996,
#1997,#1998,#1999,#2000,#2001,#2002,#2003,#2004,#2005,#2006,#2007,#2008,
#2009,#2010,#2011,#2012,#2013,#2014,#2015,#2016,#2017,#2018,#2019,#2020,
#2021,#2022,#2023,#2024,#2025,#2026));
#2028=STYLED_ITEM('',(#2029),#2036);
#2029=PRESENTATION_STYLE_ASSIGNMENT((#2030));
#2030=SURFACE_STYLE_USAGE(.BOTH.,#2031);
#2031=SURFACE_SIDE_STYLE('',(#2032));
#2032=SURFACE_STYLE_FILL_AREA(#2033);
#2033=FILL_AREA_STYLE('',(#2034));
#2034=FILL_AREA_STYLE_COLOUR('',#2035);
#2035=COLOUR_RGB('',0.0745098039215686,0.588235294117647,0.945098039215686);
#2036=MANIFOLD_SOLID_BREP('Part 3',#2027);
#2037=SHAPE_DEFINITION_REPRESENTATION(#3481,#2038);
#2038=SHAPE_REPRESENTATION('Part 3',(#2039),#3476);
#2039=AXIS2_PLACEMENT_3D('',#2765,#2216,#2217);
#2040=AXIS2_PLACEMENT_3D('',#2766,#2218,#2219);
#2041=AXIS2_PLACEMENT_3D('',#2767,#2220,#2221);
#2042=AXIS2_PLACEMENT_3D('',#2770,#2222,#2223);
#2043=AXIS2_PLACEMENT_3D('',#2772,#2224,#2225);
#2044=AXIS2_PLACEMENT_3D('',#2774,#2226,#2227);
#2045=AXIS2_PLACEMENT_3D('',#2778,#2229,#2230);
#2046=AXIS2_PLACEMENT_3D('',#2782,#2232,#2233);
#2047=AXIS2_PLACEMENT_3D('',#2784,#2234,#2235);
#2048=AXIS2_PLACEMENT_3D('',#2786,#2236,#2237);
#2049=AXIS2_PLACEMENT_3D('',#2788,#2238,#2239);
#2050=AXIS2_PLACEMENT_3D('',#2792,#2241,#2242);
#2051=AXIS2_PLACEMENT_3D('',#2796,#2244,#2245);
#2052=AXIS2_PLACEMENT_3D('',#2800,#2247,#2248);
#2053=AXIS2_PLACEMENT_3D('',#2804,#2250,#2251);
#2054=AXIS2_PLACEMENT_3D('',#2808,#2253,#2254);
#2055=AXIS2_PLACEMENT_3D('',#2812,#2256,#2257);
#2056=AXIS2_PLACEMENT_3D('',#2816,#2259,#2260);
#2057=AXIS2_PLACEMENT_3D('',#2819,#2262,#2263);
#2058=AXIS2_PLACEMENT_3D('',#2820,#2264,#2265);
#2059=AXIS2_PLACEMENT_3D('',#2822,#2266,#2267);
#2060=AXIS2_PLACEMENT_3D('',#2824,#2268,#2269);
#2061=AXIS2_PLACEMENT_3D('',#2827,#2270,#2271);
#2062=AXIS2_PLACEMENT_3D('',#2831,#2273,#2274);
#2063=AXIS2_PLACEMENT_3D('',#2835,#2276,#2277);
#2064=AXIS2_PLACEMENT_3D('',#2837,#2278,#2279);
#2065=AXIS2_PLACEMENT_3D('',#2843,#2282,#2283);
#2066=AXIS2_PLACEMENT_3D('',#2847,#2285,#2286);
#2067=AXIS2_PLACEMENT_3D('',#2851,#2288,#2289);
#2068=AXIS2_PLACEMENT_3D('',#2857,#2292,#2293);
#2069=AXIS2_PLACEMENT_3D('',#2861,#2295,#2296);
#2070=AXIS2_PLACEMENT_3D('',#2865,#2298,#2299);
#2071=AXIS2_PLACEMENT_3D('',#2871,#2302,#2303);
#2072=AXIS2_PLACEMENT_3D('',#2875,#2305,#2306);
#2073=AXIS2_PLACEMENT_3D('',#2879,#2308,#2309);
#2074=AXIS2_PLACEMENT_3D('',#2884,#2312,#2313);
#2075=AXIS2_PLACEMENT_3D('',#2892,#2317,#2318);
#2076=AXIS2_PLACEMENT_3D('',#2896,#2320,#2321);
#2077=AXIS2_PLACEMENT_3D('',#2900,#2323,#2324);
#2078=AXIS2_PLACEMENT_3D('',#2908,#2328,#2329);
#2079=AXIS2_PLACEMENT_3D('',#2912,#2331,#2332);
#2080=AXIS2_PLACEMENT_3D('',#2916,#2334,#2335);
#2081=AXIS2_PLACEMENT_3D('',#2973,#2356,#2357);
#2082=AXIS2_PLACEMENT_3D('',#2974,#2358,#2359);
#2083=AXIS2_PLACEMENT_3D('',#2979,#2362,#2363);
#2084=AXIS2_PLACEMENT_3D('',#2983,#2366,#2367);
#2085=AXIS2_PLACEMENT_3D('',#2989,#2371,#2372);
#2086=AXIS2_PLACEMENT_3D('',#2995,#2376,#2377);
#2087=AXIS2_PLACEMENT_3D('',#2996,#2378,#2379);
#2088=AXIS2_PLACEMENT_3D('',#2999,#2381,#2382);
#2089=AXIS2_PLACEMENT_3D('',#3003,#2385,#2386);
#2090=AXIS2_PLACEMENT_3D('',#3004,#2387,#2388);
#2091=AXIS2_PLACEMENT_3D('',#3007,#2390,#2391);
#2092=AXIS2_PLACEMENT_3D('',#3011,#2394,#2395);
#2093=AXIS2_PLACEMENT_3D('',#3012,#2396,#2397);
#2094=AXIS2_PLACEMENT_3D('',#3015,#2399,#2400);
#2095=AXIS2_PLACEMENT_3D('',#3019,#2403,#2404);
#2096=AXIS2_PLACEMENT_3D('',#3025,#2408,#2409);
#2097=AXIS2_PLACEMENT_3D('',#3031,#2413,#2414);
#2098=AXIS2_PLACEMENT_3D('',#3034,#2416,#2417);
#2099=AXIS2_PLACEMENT_3D('',#3035,#2418,#2419);
#2100=AXIS2_PLACEMENT_3D('',#3043,#2423,#2424);
#2101=AXIS2_PLACEMENT_3D('',#3044,#2425,#2426);
#2102=AXIS2_PLACEMENT_3D('',#3046,#2427,#2428);
#2103=AXIS2_PLACEMENT_3D('',#3052,#2432,#2433);
#2104=AXIS2_PLACEMENT_3D('',#3058,#2437,#2438);
#2105=AXIS2_PLACEMENT_3D('',#3062,#2441,#2442);
#2106=AXIS2_PLACEMENT_3D('',#3066,#2444,#2445);
#2107=AXIS2_PLACEMENT_3D('',#3067,#2446,#2447);
#2108=AXIS2_PLACEMENT_3D('',#3068,#2448,#2449);
#2109=AXIS2_PLACEMENT_3D('',#3075,#2453,#2454);
#2110=AXIS2_PLACEMENT_3D('',#3078,#2456,#2457);
#2111=AXIS2_PLACEMENT_3D('',#3082,#2460,#2461);
#2112=AXIS2_PLACEMENT_3D('',#3088,#2465,#2466);
#2113=AXIS2_PLACEMENT_3D('',#3091,#2468,#2469);
#2114=AXIS2_PLACEMENT_3D('',#3092,#2470,#2471);
#2115=AXIS2_PLACEMENT_3D('',#3096,#2474,#2475);
#2116=AXIS2_PLACEMENT_3D('',#3099,#2477,#2478);
#2117=AXIS2_PLACEMENT_3D('',#3100,#2479,#2480);
#2118=AXIS2_PLACEMENT_3D('',#3104,#2483,#2484);
#2119=AXIS2_PLACEMENT_3D('',#3105,#2485,#2486);
#2120=AXIS2_PLACEMENT_3D('',#3106,#2487,#2488);
#2121=AXIS2_PLACEMENT_3D('',#3114,#2492,#2493);
#2122=AXIS2_PLACEMENT_3D('',#3115,#2494,#2495);
#2123=AXIS2_PLACEMENT_3D('',#3117,#2496,#2497);
#2124=AXIS2_PLACEMENT_3D('',#3124,#2502,#2503);
#2125=AXIS2_PLACEMENT_3D('',#3127,#2506,#2507);
#2126=AXIS2_PLACEMENT_3D('',#3129,#2509,#2510);
#2127=AXIS2_PLACEMENT_3D('',#3131,#2512,#2513);
#2128=AXIS2_PLACEMENT_3D('',#3134,#2516,#2517);
#2129=AXIS2_PLACEMENT_3D('',#3141,#2522,#2523);
#2130=AXIS2_PLACEMENT_3D('',#3144,#2526,#2527);
#2131=AXIS2_PLACEMENT_3D('',#3145,#2528,#2529);
#2132=AXIS2_PLACEMENT_3D('',#3151,#2533,#2534);
#2133=AXIS2_PLACEMENT_3D('',#3157,#2538,#2539);
#2134=AXIS2_PLACEMENT_3D('',#3158,#2540,#2541);
#2135=AXIS2_PLACEMENT_3D('',#3159,#2542,#2543);
#2136=AXIS2_PLACEMENT_3D('',#3160,#2544,#2545);
#2137=AXIS2_PLACEMENT_3D('',#3161,#2546,#2547);
#2138=AXIS2_PLACEMENT_3D('',#3162,#2548,#2549);
#2139=AXIS2_PLACEMENT_3D('',#3163,#2550,#2551);
#2140=AXIS2_PLACEMENT_3D('',#3164,#2552,#2553);
#2141=AXIS2_PLACEMENT_3D('',#3165,#2554,#2555);
#2142=AXIS2_PLACEMENT_3D('',#3166,#2556,#2557);
#2143=AXIS2_PLACEMENT_3D('',#3221,#2562,#2563);
#2144=AXIS2_PLACEMENT_3D('',#3227,#2567,#2568);
#2145=AXIS2_PLACEMENT_3D('',#3233,#2572,#2573);
#2146=AXIS2_PLACEMENT_3D('',#3239,#2577,#2578);
#2147=AXIS2_PLACEMENT_3D('',#3245,#2582,#2583);
#2148=AXIS2_PLACEMENT_3D('',#3249,#2586,#2587);
#2149=AXIS2_PLACEMENT_3D('',#3305,#2594,#2595);
#2150=AXIS2_PLACEMENT_3D('',#3309,#2598,#2599);
#2151=AXIS2_PLACEMENT_3D('',#3313,#2602,#2603);
#2152=AXIS2_PLACEMENT_3D('',#3317,#2606,#2607);
#2153=AXIS2_PLACEMENT_3D('',#3321,#2610,#2611);
#2154=AXIS2_PLACEMENT_3D('',#3337,#2613,#2614);
#2155=AXIS2_PLACEMENT_3D('',#3338,#2615,#2616);
#2156=AXIS2_PLACEMENT_3D('',#3344,#2620,#2621);
#2157=AXIS2_PLACEMENT_3D('',#3348,#2624,#2625);
#2158=AXIS2_PLACEMENT_3D('',#3352,#2628,#2629);
#2159=AXIS2_PLACEMENT_3D('',#3356,#2632,#2633);
#2160=AXIS2_PLACEMENT_3D('',#3360,#2636,#2637);
#2161=AXIS2_PLACEMENT_3D('',#3364,#2640,#2641);
#2162=AXIS2_PLACEMENT_3D('',#3368,#2644,#2645);
#2163=AXIS2_PLACEMENT_3D('',#3372,#2648,#2649);
#2164=AXIS2_PLACEMENT_3D('',#3376,#2652,#2653);
#2165=AXIS2_PLACEMENT_3D('',#3380,#2656,#2657);
#2166=AXIS2_PLACEMENT_3D('',#3384,#2660,#2661);
#2167=AXIS2_PLACEMENT_3D('',#3386,#2663,#2664);
#2168=AXIS2_PLACEMENT_3D('',#3387,#2665,#2666);
#2169=AXIS2_PLACEMENT_3D('',#3388,#2667,#2668);
#2170=AXIS2_PLACEMENT_3D('',#3389,#2669,#2670);
#2171=AXIS2_PLACEMENT_3D('',#3394,#2671,#2672);
#2172=AXIS2_PLACEMENT_3D('',#3400,#2673,#2674);
#2173=AXIS2_PLACEMENT_3D('',#3401,#2675,#2676);
#2174=AXIS2_PLACEMENT_3D('',#3402,#2677,#2678);
#2175=AXIS2_PLACEMENT_3D('',#3403,#2679,#2680);
#2176=AXIS2_PLACEMENT_3D('',#3404,#2681,#2682);
#2177=AXIS2_PLACEMENT_3D('',#3409,#2683,#2684);
#2178=AXIS2_PLACEMENT_3D('',#3410,#2685,#2686);
#2179=AXIS2_PLACEMENT_3D('',#3411,#2687,#2688);
#2180=AXIS2_PLACEMENT_3D('',#3417,#2689,#2690);
#2181=AXIS2_PLACEMENT_3D('',#3423,#2691,#2692);
#2182=AXIS2_PLACEMENT_3D('',#3424,#2693,#2694);
#2183=AXIS2_PLACEMENT_3D('',#3425,#2695,#2696);
#2184=AXIS2_PLACEMENT_3D('',#3430,#2697,#2698);
#2185=AXIS2_PLACEMENT_3D('',#3431,#2699,#2700);
#2186=AXIS2_PLACEMENT_3D('',#3432,#2701,#2702);
#2187=AXIS2_PLACEMENT_3D('',#3433,#2703,#2704);
#2188=AXIS2_PLACEMENT_3D('',#3434,#2705,#2706);
#2189=AXIS2_PLACEMENT_3D('',#3440,#2707,#2708);
#2190=AXIS2_PLACEMENT_3D('',#3441,#2709,#2710);
#2191=AXIS2_PLACEMENT_3D('',#3442,#2711,#2712);
#2192=AXIS2_PLACEMENT_3D('',#3447,#2713,#2714);
#2193=AXIS2_PLACEMENT_3D('',#3448,#2715,#2716);
#2194=AXIS2_PLACEMENT_3D('',#3449,#2717,#2718);
#2195=AXIS2_PLACEMENT_3D('',#3450,#2719,#2720);
#2196=AXIS2_PLACEMENT_3D('',#3451,#2721,#2722);
#2197=AXIS2_PLACEMENT_3D('',#3452,#2723,#2724);
#2198=AXIS2_PLACEMENT_3D('',#3453,#2725,#2726);
#2199=AXIS2_PLACEMENT_3D('',#3454,#2727,#2728);
#2200=AXIS2_PLACEMENT_3D('',#3455,#2729,#2730);
#2201=AXIS2_PLACEMENT_3D('',#3456,#2731,#2732);
#2202=AXIS2_PLACEMENT_3D('',#3457,#2733,#2734);
#2203=AXIS2_PLACEMENT_3D('',#3458,#2735,#2736);
#2204=AXIS2_PLACEMENT_3D('',#3459,#2737,#2738);
#2205=AXIS2_PLACEMENT_3D('',#3460,#2739,#2740);
#2206=AXIS2_PLACEMENT_3D('',#3463,#2743,#2744);
#2207=AXIS2_PLACEMENT_3D('',#3466,#2747,#2748);
#2208=AXIS2_PLACEMENT_3D('',#3467,#2749,#2750);
#2209=AXIS2_PLACEMENT_3D('',#3468,#2751,#2752);
#2210=AXIS2_PLACEMENT_3D('',#3469,#2753,#2754);
#2211=AXIS2_PLACEMENT_3D('',#3470,#2755,#2756);
#2212=AXIS2_PLACEMENT_3D('',#3471,#2757,#2758);
#2213=AXIS2_PLACEMENT_3D('',#3472,#2759,#2760);
#2214=AXIS2_PLACEMENT_3D('',#3473,#2761,#2762);
#2215=AXIS2_PLACEMENT_3D('',#3474,#2763,#2764);
#2216=DIRECTION('',(0.,0.,1.));
#2217=DIRECTION('',(1.,0.,0.));
#2218=DIRECTION('',(0.,0.,-1.));
#2219=DIRECTION('',(1.,0.,0.));
#2220=DIRECTION('',(0.,0.,1.));
#2221=DIRECTION('',(-1.,0.,0.));
#2222=DIRECTION('',(0.,0.,-1.));
#2223=DIRECTION('',(-1.,0.,0.));
#2224=DIRECTION('',(0.,0.,-1.));
#2225=DIRECTION('',(-1.,0.,0.));
#2226=DIRECTION('',(0.,0.,-1.));
#2227=DIRECTION('',(-1.,0.,0.));
#2228=DIRECTION('',(0.604019119678042,-0.796969825691891,0.));
#2229=DIRECTION('',(0.,0.,-1.));
#2230=DIRECTION('',(-1.,0.,0.));
#2231=DIRECTION('',(0.604019119678042,0.796969825691891,0.));
#2232=DIRECTION('',(0.,0.,-1.));
#2233=DIRECTION('',(-1.,0.,0.));
#2234=DIRECTION('',(0.,0.,-1.));
#2235=DIRECTION('',(-1.,0.,0.));
#2236=DIRECTION('',(0.,0.,-1.));
#2237=DIRECTION('',(-1.,0.,0.));
#2238=DIRECTION('',(0.,0.,1.));
#2239=DIRECTION('',(-1.,0.,0.));
#2240=DIRECTION('',(0.604019119678043,0.79696982569189,0.));
#2241=DIRECTION('',(0.,0.,-1.));
#2242=DIRECTION('',(-1.,0.,0.));
#2243=DIRECTION('',(2.15851608375283E-15,1.,0.));
#2244=DIRECTION('',(0.,0.,-1.));
#2245=DIRECTION('',(-1.,0.,0.));
#2246=DIRECTION('',(0.604019119678045,-0.796969825691889,0.));
#2247=DIRECTION('',(0.,0.,1.));
#2248=DIRECTION('',(-1.,0.,0.));
#2249=DIRECTION('',(0.604019119678044,-0.79696982569189,0.));
#2250=DIRECTION('',(0.,0.,-1.));
#2251=DIRECTION('',(-1.,0.,0.));
#2252=DIRECTION('',(0.604019119678044,0.79696982569189,0.));
#2253=DIRECTION('',(0.,0.,1.));
#2254=DIRECTION('',(-1.,0.,0.));
#2255=DIRECTION('',(0.604019119678045,0.796969825691889,0.));
#2256=DIRECTION('',(0.,0.,-1.));
#2257=DIRECTION('',(-1.,0.,0.));
#2258=DIRECTION('',(0.,1.,0.));
#2259=DIRECTION('',(0.,0.,-1.));
#2260=DIRECTION('',(-1.,0.,0.));
#2261=DIRECTION('',(0.604019119678047,-0.796969825691887,0.));
#2262=DIRECTION('',(0.,0.,-1.));
#2263=DIRECTION('',(1.,0.,0.));
#2264=DIRECTION('',(0.,0.,1.));
#2265=DIRECTION('',(1.,0.,0.));
#2266=DIRECTION('',(0.,0.,1.));
#2267=DIRECTION('',(1.,0.,0.));
#2268=DIRECTION('',(0.,0.,1.));
#2269=DIRECTION('',(1.,0.,0.));
#2270=DIRECTION('',(0.,0.,-1.));
#2271=DIRECTION('',(-1.,0.,0.));
#2272=DIRECTION('',(0.604019119678042,0.796969825691891,0.));
#2273=DIRECTION('',(0.,0.,-1.));
#2274=DIRECTION('',(-1.,0.,0.));
#2275=DIRECTION('',(0.604019119678042,-0.796969825691891,0.));
#2276=DIRECTION('',(0.,0.,-1.));
#2277=DIRECTION('',(-1.,0.,0.));
#2278=DIRECTION('',(0.,0.,1.));
#2279=DIRECTION('',(1.,0.,0.));
#2280=DIRECTION('',(0.604019119678045,-0.796969825691889,0.));
#2281=DIRECTION('',(0.,1.,0.));
#2282=DIRECTION('',(0.,0.,-1.));
#2283=DIRECTION('',(-1.,0.,0.));
#2284=DIRECTION('',(-1.,0.,0.));
#2285=DIRECTION('',(0.,0.,1.));
#2286=DIRECTION('',(-1.,0.,0.));
#2287=DIRECTION('',(-1.,0.,0.));
#2288=DIRECTION('',(0.,0.,-1.));
#2289=DIRECTION('',(-1.,0.,0.));
#2290=DIRECTION('',(0.,1.,0.));
#2291=DIRECTION('',(0.604019119678045,0.796969825691889,0.));
#2292=DIRECTION('',(0.,0.,1.));
#2293=DIRECTION('',(1.,0.,0.));
#2294=DIRECTION('',(0.604019119678045,0.796969825691889,0.));
#2295=DIRECTION('',(0.,0.,1.));
#2296=DIRECTION('',(1.,0.,0.));
#2297=DIRECTION('',(0.604019119678046,-0.796969825691889,0.));
#2298=DIRECTION('',(0.,0.,1.));
#2299=DIRECTION('',(1.,0.,0.));
#2300=DIRECTION('',(0.604019119678045,-0.796969825691889,0.));
#2301=DIRECTION('',(2.34538826858337E-15,1.,0.));
#2302=DIRECTION('',(0.,0.,-1.));
#2303=DIRECTION('',(-1.,0.,0.));
#2304=DIRECTION('',(1.,-3.46919818712584E-15,0.));
#2305=DIRECTION('',(0.,0.,-1.));
#2306=DIRECTION('',(-1.,0.,0.));
#2307=DIRECTION('',(1.,-3.46919818712584E-15,0.));
#2308=DIRECTION('',(0.,0.,-1.));
#2309=DIRECTION('',(-1.,0.,0.));
#2310=DIRECTION('',(0.,1.,0.));
#2311=DIRECTION('',(0.604019119678046,0.796969825691889,0.));
#2312=DIRECTION('',(0.,0.,-1.));
#2313=DIRECTION('',(1.,0.,0.));
#2314=DIRECTION('',(0.604019119678045,0.796969825691889,0.));
#2315=DIRECTION('',(0.,1.,0.));
#2316=DIRECTION('',(0.604019119678045,-0.796969825691889,0.));
#2317=DIRECTION('',(0.,0.,-1.));
#2318=DIRECTION('',(-1.,0.,0.));
#2319=DIRECTION('',(0.604019119678045,-0.796969825691889,0.));
#2320=DIRECTION('',(0.,0.,-1.));
#2321=DIRECTION('',(-1.,0.,0.));
#2322=DIRECTION('',(0.604019119678045,0.796969825691889,0.));
#2323=DIRECTION('',(0.,0.,-1.));
#2324=DIRECTION('',(-1.,0.,0.));
#2325=DIRECTION('',(0.604019119678046,0.796969825691889,0.));
#2326=DIRECTION('',(2.34538826858337E-15,1.,0.));
#2327=DIRECTION('',(0.604019119678045,-0.796969825691889,0.));
#2328=DIRECTION('',(0.,0.,-1.));
#2329=DIRECTION('',(-1.,0.,0.));
#2330=DIRECTION('',(0.604019119678046,-0.796969825691889,0.));
#2331=DIRECTION('',(0.,0.,-1.));
#2332=DIRECTION('',(-1.,0.,0.));
#2333=DIRECTION('',(0.604019119678045,0.796969825691889,0.));
#2334=DIRECTION('',(0.,0.,-1.));
#2335=DIRECTION('',(-1.,0.,0.));
#2336=DIRECTION('',(0.,1.,0.));
#2337=DIRECTION('',(-0.847685534277085,0.530499043333137,0.));
#2338=DIRECTION('',(0.,1.,0.));
#2339=DIRECTION('',(1.,0.,0.));
#2340=DIRECTION('',(0.,1.,0.));
#2341=DIRECTION('',(-1.,0.,0.));
#2342=DIRECTION('',(0.,-1.,0.));
#2343=DIRECTION('',(0.835017957405312,-0.550222692017206,0.));
#2344=DIRECTION('',(0.,1.,0.));
#2345=DIRECTION('',(-0.824329193271064,0.566110749872388,0.));
#2346=DIRECTION('',(0.818732078241233,0.574175743182166,0.));
#2347=DIRECTION('',(0.,1.,0.));
#2348=DIRECTION('',(-0.806886832895149,-0.590706051179803,0.));
#2349=DIRECTION('',(-0.807132335996206,0.590370554981621,0.));
#2350=DIRECTION('',(0.,-1.,0.));
#2351=DIRECTION('',(0.815801738631828,-0.57833167235185,0.));
#2352=DIRECTION('',(-0.823374014292509,-0.567499103600913,0.));
#2353=DIRECTION('',(0.,-1.,0.));
#2354=DIRECTION('',(0.811843080494291,0.58387568253314,0.));
#2355=DIRECTION('',(0.816281469892237,-0.57765436197658,0.));
#2356=DIRECTION('',(0.,0.,1.));
#2357=DIRECTION('',(1.,0.,0.));
#2358=DIRECTION('',(0.,0.,1.));
#2359=DIRECTION('',(-1.,0.,0.));
#2360=DIRECTION('',(0.,0.,1.));
#2361=DIRECTION('',(0.,0.,1.));
#2362=DIRECTION('',(-0.796969825691887,-0.604019119678047,0.));
#2363=DIRECTION('',(0.604019119678047,-0.796969825691887,0.));
#2364=DIRECTION('',(0.,0.,1.));
#2365=DIRECTION('',(0.604019119678047,-0.796969825691887,0.));
#2366=DIRECTION('',(1.,0.,0.));
#2367=DIRECTION('',(0.,0.,-1.));
#2368=DIRECTION('',(0.,0.,1.));
#2369=DIRECTION('',(0.,1.,0.));
#2370=DIRECTION('',(0.,0.,1.));
#2371=DIRECTION('',(0.796969825691889,-0.604019119678045,0.));
#2372=DIRECTION('',(0.604019119678045,0.796969825691889,0.));
#2373=DIRECTION('',(0.604019119678045,0.796969825691889,0.));
#2374=DIRECTION('',(0.,0.,1.));
#2375=DIRECTION('',(0.,0.,1.));
#2376=DIRECTION('',(0.,0.,1.));
#2377=DIRECTION('',(1.,0.,0.));
#2378=DIRECTION('',(0.,0.,1.));
#2379=DIRECTION('',(-1.,0.,0.));
#2380=DIRECTION('',(0.,0.,1.));
#2381=DIRECTION('',(0.79696982569189,-0.604019119678044,0.));
#2382=DIRECTION('',(0.604019119678044,0.79696982569189,0.));
#2383=DIRECTION('',(0.604019119678044,0.79696982569189,0.));
#2384=DIRECTION('',(0.,0.,1.));
#2385=DIRECTION('',(0.,0.,1.));
#2386=DIRECTION('',(1.,0.,0.));
#2387=DIRECTION('',(0.,0.,-1.));
#2388=DIRECTION('',(-1.,0.,0.));
#2389=DIRECTION('',(0.,0.,1.));
#2390=DIRECTION('',(-0.79696982569189,-0.604019119678044,0.));
#2391=DIRECTION('',(0.604019119678044,-0.79696982569189,0.));
#2392=DIRECTION('',(0.604019119678044,-0.79696982569189,0.));
#2393=DIRECTION('',(0.,0.,1.));
#2394=DIRECTION('',(0.,0.,1.));
#2395=DIRECTION('',(1.,0.,0.));
#2396=DIRECTION('',(0.,0.,1.));
#2397=DIRECTION('',(-1.,0.,0.));
#2398=DIRECTION('',(0.,0.,1.));
#2399=DIRECTION('',(-0.796969825691889,-0.604019119678045,0.));
#2400=DIRECTION('',(0.604019119678045,-0.796969825691889,0.));
#2401=DIRECTION('',(0.,0.,1.));
#2402=DIRECTION('',(0.604019119678045,-0.796969825691889,0.));
#2403=DIRECTION('',(1.,-2.15851608375283E-15,0.));
#2404=DIRECTION('',(2.15851608375283E-15,1.,0.));
#2405=DIRECTION('',(2.15851608375283E-15,1.,0.));
#2406=DIRECTION('',(0.,0.,1.));
#2407=DIRECTION('',(0.,0.,1.));
#2408=DIRECTION('',(0.79696982569189,-0.604019119678043,0.));
#2409=DIRECTION('',(0.604019119678043,0.79696982569189,0.));
#2410=DIRECTION('',(0.604019119678043,0.79696982569189,0.));
#2411=DIRECTION('',(0.,0.,1.));
#2412=DIRECTION('',(0.,0.,1.));
#2413=DIRECTION('',(0.,0.,1.));
#2414=DIRECTION('',(1.,0.,0.));
#2415=DIRECTION('',(0.,0.,1.));
#2416=DIRECTION('',(0.,0.,1.));
#2417=DIRECTION('',(-1.,0.,0.));
#2418=DIRECTION('',(0.,0.,-1.));
#2419=DIRECTION('',(1.,0.,0.));
#2420=DIRECTION('',(1.,-3.46919818712584E-15,0.));
#2421=DIRECTION('',(2.34538826858337E-15,1.,0.));
#2422=DIRECTION('',(1.,-3.46919818712584E-15,0.));
#2423=DIRECTION('',(0.,0.,-1.));
#2424=DIRECTION('',(-1.,0.,0.));
#2425=DIRECTION('',(0.,0.,-1.));
#2426=DIRECTION('',(-1.,0.,0.));
#2427=DIRECTION('',(-0.796969825691889,-0.604019119678045,0.));
#2428=DIRECTION('',(0.604019119678045,-0.796969825691889,0.));
#2429=DIRECTION('',(0.,0.,1.));
#2430=DIRECTION('',(0.604019119678045,-0.796969825691889,0.));
#2431=DIRECTION('',(0.,0.,1.));
#2432=DIRECTION('',(0.796969825691889,-0.604019119678045,0.));
#2433=DIRECTION('',(0.604019119678045,0.796969825691889,0.));
#2434=DIRECTION('',(0.,0.,1.));
#2435=DIRECTION('',(0.604019119678045,0.796969825691889,0.));
#2436=DIRECTION('',(0.,0.,1.));
#2437=DIRECTION('',(0.,0.,1.));
#2438=DIRECTION('',(1.,0.,0.));
#2439=DIRECTION('',(0.,0.,1.));
#2440=DIRECTION('',(0.,0.,1.));
#2441=DIRECTION('',(0.,0.,-1.));
#2442=DIRECTION('',(-1.,0.,0.));
#2443=DIRECTION('',(0.,0.,1.));
#2444=DIRECTION('',(0.,0.,-1.));
#2445=DIRECTION('',(-1.,0.,0.));
#2446=DIRECTION('',(0.,0.,1.));
#2447=DIRECTION('',(1.,0.,0.));
#2448=DIRECTION('',(0.,0.,-1.));
#2449=DIRECTION('',(-1.,0.,0.));
#2450=DIRECTION('',(0.,0.,1.));
#2451=DIRECTION('',(0.,0.,1.));
#2452=DIRECTION('',(0.,0.,1.));
#2453=DIRECTION('',(0.,0.,-1.));
#2454=DIRECTION('',(-1.,0.,0.));
#2455=DIRECTION('',(0.,0.,1.));
#2456=DIRECTION('',(0.796969825691888,-0.604019119678045,0.));
#2457=DIRECTION('',(0.604019119678046,0.796969825691889,0.));
#2458=DIRECTION('',(0.,0.,1.));
#2459=DIRECTION('',(0.604019119678046,0.796969825691889,0.));
#2460=DIRECTION('',(-0.796969825691889,-0.604019119678045,0.));
#2461=DIRECTION('',(0.604019119678045,-0.796969825691889,0.));
#2462=DIRECTION('',(0.,0.,1.));
#2463=DIRECTION('',(0.604019119678045,-0.796969825691889,0.));
#2464=DIRECTION('',(0.,0.,1.));
#2465=DIRECTION('',(0.,0.,1.));
#2466=DIRECTION('',(1.,0.,0.));
#2467=DIRECTION('',(0.,0.,1.));
#2468=DIRECTION('',(0.,0.,-1.));
#2469=DIRECTION('',(-1.,0.,0.));
#2470=DIRECTION('',(-0.796969825691888,-0.604019119678045,0.));
#2471=DIRECTION('',(0.604019119678046,-0.796969825691889,0.));
#2472=DIRECTION('',(0.,0.,1.));
#2473=DIRECTION('',(0.604019119678046,-0.796969825691889,0.));
#2474=DIRECTION('',(0.,0.,1.));
#2475=DIRECTION('',(1.,0.,0.));
#2476=DIRECTION('',(0.,0.,1.));
#2477=DIRECTION('',(0.,0.,-1.));
#2478=DIRECTION('',(-1.,0.,0.));
#2479=DIRECTION('',(0.796969825691889,-0.604019119678045,0.));
#2480=DIRECTION('',(0.604019119678045,0.796969825691889,0.));
#2481=DIRECTION('',(0.,0.,1.));
#2482=DIRECTION('',(0.604019119678045,0.796969825691889,0.));
#2483=DIRECTION('',(0.,0.,1.));
#2484=DIRECTION('',(1.,0.,0.));
#2485=DIRECTION('',(0.,0.,-1.));
#2486=DIRECTION('',(-1.,0.,0.));
#2487=DIRECTION('',(0.,0.,-1.));
#2488=DIRECTION('',(1.,0.,0.));
#2489=DIRECTION('',(-1.,0.,0.));
#2490=DIRECTION('',(0.,1.,0.));
#2491=DIRECTION('',(-1.,0.,0.));
#2492=DIRECTION('',(0.,0.,1.));
#2493=DIRECTION('',(-1.,0.,0.));
#2494=DIRECTION('',(0.,0.,-1.));
#2495=DIRECTION('',(-1.,0.,0.));
#2496=DIRECTION('',(1.,0.,0.));
#2497=DIRECTION('',(0.,0.,-1.));
#2498=DIRECTION('',(0.,1.,0.));
#2499=DIRECTION('',(0.,0.,1.));
#2500=DIRECTION('',(0.,1.,0.));
#2501=DIRECTION('',(0.,0.,1.));
#2502=DIRECTION('',(0.,1.,0.));
#2503=DIRECTION('',(0.,0.,1.));
#2504=DIRECTION('',(0.,0.,1.));
#2505=DIRECTION('',(0.,0.,1.));
#2506=DIRECTION('',(0.,0.,1.));
#2507=DIRECTION('',(1.,0.,0.));
#2508=DIRECTION('',(0.,0.,1.));
#2509=DIRECTION('',(0.,1.,0.));
#2510=DIRECTION('',(0.,0.,1.));
#2511=DIRECTION('',(0.,0.,1.));
#2512=DIRECTION('',(-3.46919818712584E-15,-1.,0.));
#2513=DIRECTION('',(1.,-3.46919818712584E-15,0.));
#2514=DIRECTION('',(0.,0.,1.));
#2515=DIRECTION('',(0.,0.,1.));
#2516=DIRECTION('',(1.,-2.34538826858337E-15,0.));
#2517=DIRECTION('',(2.34538826858337E-15,1.,0.));
#2518=DIRECTION('',(2.34538826858337E-15,1.,0.));
#2519=DIRECTION('',(0.,0.,1.));
#2520=DIRECTION('',(2.34538826858337E-15,1.,0.));
#2521=DIRECTION('',(0.,0.,1.));
#2522=DIRECTION('',(-3.46919818712584E-15,-1.,0.));
#2523=DIRECTION('',(1.,-3.46919818712584E-15,0.));
#2524=DIRECTION('',(0.,0.,1.));
#2525=DIRECTION('',(0.,0.,1.));
#2526=DIRECTION('',(0.,0.,1.));
#2527=DIRECTION('',(1.,0.,0.));
#2528=DIRECTION('',(-0.796969825691889,0.604019119678045,0.));
#2529=DIRECTION('',(-0.604019119678045,-0.796969825691889,0.));
#2530=DIRECTION('',(0.604019119678045,0.796969825691889,0.));
#2531=DIRECTION('',(0.,0.,-1.));
#2532=DIRECTION('',(0.604019119678045,0.796969825691889,0.));
#2533=DIRECTION('',(0.796969825691889,0.604019119678045,0.));
#2534=DIRECTION('',(-0.604019119678045,0.796969825691889,0.));
#2535=DIRECTION('',(0.,0.,-1.));
#2536=DIRECTION('',(0.604019119678045,-0.796969825691889,0.));
#2537=DIRECTION('',(0.604019119678045,-0.796969825691889,0.));
#2538=DIRECTION('',(0.,0.,-1.));
#2539=DIRECTION('',(-1.,0.,0.));
#2540=DIRECTION('',(0.,0.,-1.));
#2541=DIRECTION('',(-1.,0.,0.));
#2542=DIRECTION('',(0.,0.,1.));
#2543=DIRECTION('',(1.,0.,0.));
#2544=DIRECTION('',(0.,0.,-1.));
#2545=DIRECTION('',(1.,0.,0.));
#2546=DIRECTION('',(0.,0.,-1.));
#2547=DIRECTION('',(-1.,0.,0.));
#2548=DIRECTION('',(0.,0.,-1.));
#2549=DIRECTION('',(-1.,0.,0.));
#2550=DIRECTION('',(0.,0.,-1.));
#2551=DIRECTION('',(-1.,0.,0.));
#2552=DIRECTION('',(0.,0.,-1.));
#2553=DIRECTION('',(-1.,0.,0.));
#2554=DIRECTION('',(0.,0.,-1.));
#2555=DIRECTION('',(-1.,0.,0.));
#2556=DIRECTION('',(0.,0.,-1.));
#2557=DIRECTION('',(-1.,0.,0.));
#2558=DIRECTION('',(0.,0.,-1.));
#2559=DIRECTION('',(0.,0.,-1.));
#2560=DIRECTION('',(0.,0.,-1.));
#2561=DIRECTION('',(0.,0.,-1.));
#2562=DIRECTION('',(1.,0.,0.));
#2563=DIRECTION('',(0.,0.,-1.));
#2564=DIRECTION('',(0.,-1.,0.));
#2565=DIRECTION('',(0.,0.,-1.));
#2566=DIRECTION('',(0.,-1.,0.));
#2567=DIRECTION('',(0.,1.,0.));
#2568=DIRECTION('',(0.,0.,1.));
#2569=DIRECTION('',(1.,0.,0.));
#2570=DIRECTION('',(0.,0.,-1.));
#2571=DIRECTION('',(1.,0.,0.));
#2572=DIRECTION('',(-1.,0.,0.));
#2573=DIRECTION('',(0.,0.,1.));
#2574=DIRECTION('',(0.,1.,0.));
#2575=DIRECTION('',(0.,0.,-1.));
#2576=DIRECTION('',(0.,1.,0.));
#2577=DIRECTION('',(-0.530499043333137,-0.847685534277085,0.));
#2578=DIRECTION('',(0.847685534277085,-0.530499043333137,0.));
#2579=DIRECTION('',(0.,0.,-1.));
#2580=DIRECTION('',(-0.847685534277085,0.530499043333137,0.));
#2581=DIRECTION('',(0.,0.,-1.));
#2582=DIRECTION('',(-1.,0.,0.));
#2583=DIRECTION('',(0.,0.,1.));
#2584=DIRECTION('',(0.,0.,-1.));
#2585=DIRECTION('',(0.,1.,0.));
#2586=DIRECTION('',(0.550222692017206,0.835017957405312,0.));
#2587=DIRECTION('',(-0.835017957405312,0.550222692017206,0.));
#2588=DIRECTION('',(0.,0.,-1.));
#2589=DIRECTION('',(0.835017957405312,-0.550222692017206,0.));
#2590=DIRECTION('',(0.,0.,-1.));
#2591=DIRECTION('',(0.,0.,-1.));
#2592=DIRECTION('',(0.,0.,-1.));
#2593=DIRECTION('',(0.,0.,-1.));
#2594=DIRECTION('',(1.,0.,0.));
#2595=DIRECTION('',(0.,0.,-1.));
#2596=DIRECTION('',(0.,0.,-1.));
#2597=DIRECTION('',(0.,-1.,0.));
#2598=DIRECTION('',(0.,-1.,0.));
#2599=DIRECTION('',(0.,0.,-1.));
#2600=DIRECTION('',(0.,0.,-1.));
#2601=DIRECTION('',(-1.,0.,0.));
#2602=DIRECTION('',(-1.,0.,0.));
#2603=DIRECTION('',(0.,0.,1.));
#2604=DIRECTION('',(0.,0.,-1.));
#2605=DIRECTION('',(0.,1.,0.));
#2606=DIRECTION('',(0.,1.,0.));
#2607=DIRECTION('',(0.,0.,1.));
#2608=DIRECTION('',(0.,0.,-1.));
#2609=DIRECTION('',(1.,0.,0.));
#2610=DIRECTION('',(-1.,0.,0.));
#2611=DIRECTION('',(0.,0.,1.));
#2612=DIRECTION('',(0.,1.,0.));
#2613=DIRECTION('',(0.,0.,-1.));
#2614=DIRECTION('',(1.,0.,0.));
#2615=DIRECTION('',(-0.566110749872388,-0.824329193271064,0.));
#2616=DIRECTION('',(0.824329193271064,-0.566110749872388,0.));
#2617=DIRECTION('',(0.,0.,-1.));
#2618=DIRECTION('',(-0.824329193271064,0.566110749872388,0.));
#2619=DIRECTION('',(0.,0.,-1.));
#2620=DIRECTION('',(-1.,0.,0.));
#2621=DIRECTION('',(0.,0.,1.));
#2622=DIRECTION('',(0.,0.,-1.));
#2623=DIRECTION('',(0.,1.,0.));
#2624=DIRECTION('',(0.57765436197658,0.816281469892237,0.));
#2625=DIRECTION('',(-0.816281469892237,0.57765436197658,0.));
#2626=DIRECTION('',(0.,0.,-1.));
#2627=DIRECTION('',(0.816281469892237,-0.57765436197658,0.));
#2628=DIRECTION('',(-0.58387568253314,0.811843080494291,0.));
#2629=DIRECTION('',(-0.811843080494291,-0.58387568253314,0.));
#2630=DIRECTION('',(0.,0.,-1.));
#2631=DIRECTION('',(0.811843080494291,0.58387568253314,0.));
#2632=DIRECTION('',(1.,0.,0.));
#2633=DIRECTION('',(0.,0.,-1.));
#2634=DIRECTION('',(0.,0.,-1.));
#2635=DIRECTION('',(0.,-1.,0.));
#2636=DIRECTION('',(0.567499103600913,-0.823374014292509,0.));
#2637=DIRECTION('',(0.823374014292509,0.567499103600913,0.));
#2638=DIRECTION('',(0.,0.,-1.));
#2639=DIRECTION('',(-0.823374014292509,-0.567499103600913,0.));
#2640=DIRECTION('',(0.57833167235185,0.815801738631828,0.));
#2641=DIRECTION('',(-0.815801738631828,0.57833167235185,0.));
#2642=DIRECTION('',(0.,0.,-1.));
#2643=DIRECTION('',(0.815801738631828,-0.57833167235185,0.));
#2644=DIRECTION('',(1.,0.,0.));
#2645=DIRECTION('',(0.,0.,-1.));
#2646=DIRECTION('',(0.,0.,-1.));
#2647=DIRECTION('',(0.,-1.,0.));
#2648=DIRECTION('',(-0.590370554981621,-0.807132335996206,0.));
#2649=DIRECTION('',(0.807132335996206,-0.590370554981621,0.));
#2650=DIRECTION('',(0.,0.,-1.));
#2651=DIRECTION('',(-0.807132335996206,0.590370554981621,0.));
#2652=DIRECTION('',(0.590706051179803,-0.806886832895149,0.));
#2653=DIRECTION('',(0.806886832895149,0.590706051179803,0.));
#2654=DIRECTION('',(0.,0.,-1.));
#2655=DIRECTION('',(-0.806886832895149,-0.590706051179803,0.));
#2656=DIRECTION('',(-1.,0.,0.));
#2657=DIRECTION('',(0.,0.,1.));
#2658=DIRECTION('',(0.,0.,-1.));
#2659=DIRECTION('',(0.,1.,0.));
#2660=DIRECTION('',(-0.574175743182166,0.818732078241233,0.));
#2661=DIRECTION('',(-0.818732078241233,-0.574175743182166,0.));
#2662=DIRECTION('',(0.818732078241233,0.574175743182166,0.));
#2663=DIRECTION('',(0.,0.,-1.));
#2664=DIRECTION('',(1.,0.,0.));
#2665=DIRECTION('',(0.,0.,-1.));
#2666=DIRECTION('',(1.,0.,0.));
#2667=DIRECTION('',(-0.604019119678045,-0.796969825691889,0.));
#2668=DIRECTION('',(0.796969825691889,-0.604019119678045,0.));
#2669=DIRECTION('',(-0.318614323523058,-0.947884440660329,0.));
#2670=DIRECTION('',(0.947884440660329,-0.318614323523058,0.));
#2671=DIRECTION('',(0.,0.,-1.));
#2672=DIRECTION('',(-1.,0.,0.));
#2673=DIRECTION('',(0.,-1.,0.));
#2674=DIRECTION('',(0.,0.,-1.));
#2675=DIRECTION('',(0.318614323523057,-0.947884440660329,0.));
#2676=DIRECTION('',(0.947884440660329,0.318614323523057,0.));
#2677=DIRECTION('',(0.604019119678045,0.796969825691889,0.));
#2678=DIRECTION('',(-0.796969825691889,0.604019119678045,0.));
#2679=DIRECTION('',(0.604019119678057,0.79696982569188,0.));
#2680=DIRECTION('',(-0.79696982569188,0.604019119678057,0.));
#2681=DIRECTION('',(0.604019119678045,-0.796969825691889,0.));
#2682=DIRECTION('',(0.796969825691889,0.604019119678045,0.));
#2683=DIRECTION('',(0.,0.,-1.));
#2684=DIRECTION('',(-1.,0.,0.));
#2685=DIRECTION('',(0.604019119678057,-0.79696982569188,0.));
#2686=DIRECTION('',(0.79696982569188,0.604019119678057,0.));
#2687=DIRECTION('',(0.,0.,-1.));
#2688=DIRECTION('',(-1.,0.,0.));
#2689=DIRECTION('',(0.604019119678046,-0.796969825691889,0.));
#2690=DIRECTION('',(0.796969825691888,0.604019119678045,0.));
#2691=DIRECTION('',(0.604019119678045,-0.796969825691889,0.));
#2692=DIRECTION('',(0.796969825691889,0.604019119678045,0.));
#2693=DIRECTION('',(0.604019119678044,-0.79696982569189,0.));
#2694=DIRECTION('',(0.79696982569189,0.604019119678044,0.));
#2695=DIRECTION('',(0.,0.,-1.));
#2696=DIRECTION('',(-1.,0.,0.));
#2697=DIRECTION('',(0.,0.,-1.));
#2698=DIRECTION('',(-1.,0.,0.));
#2699=DIRECTION('',(0.604019119678057,0.79696982569188,0.));
#2700=DIRECTION('',(-0.79696982569188,0.604019119678057,0.));
#2701=DIRECTION('',(-0.604019119678045,0.796969825691889,0.));
#2702=DIRECTION('',(-0.796969825691889,-0.604019119678045,0.));
#2703=DIRECTION('',(-0.318614323523056,0.947884440660329,0.));
#2704=DIRECTION('',(-0.947884440660329,-0.318614323523056,0.));
#2705=DIRECTION('',(0.604019119678045,0.796969825691889,0.));
#2706=DIRECTION('',(-0.796969825691889,0.604019119678045,0.));
#2707=DIRECTION('',(2.34538826858337E-15,1.,0.));
#2708=DIRECTION('',(-1.,2.34538826858337E-15,0.));
#2709=DIRECTION('',(0.318614323523059,0.947884440660328,0.));
#2710=DIRECTION('',(0.947884440660329,-0.318614323523059,0.));
#2711=DIRECTION('',(0.,0.,-1.));
#2712=DIRECTION('',(-1.,0.,0.));
#2713=DIRECTION('',(0.604019119678046,0.796969825691889,0.));
#2714=DIRECTION('',(-0.796969825691888,0.604019119678045,0.));
#2715=DIRECTION('',(0.,0.,1.));
#2716=DIRECTION('',(1.,0.,0.));
#2717=DIRECTION('',(-1.65843994923068E-15,-0.707106781186548,-0.707106781186548));
#2718=DIRECTION('',(-1.65843994923068E-15,-0.707106781186548,0.707106781186548));
#2719=DIRECTION('',(-2.34538826858337E-15,-1.,0.));
#2720=DIRECTION('',(1.,-2.34538826858337E-15,0.));
#2721=DIRECTION('',(-1.65843994923068E-15,-0.707106781186548,0.707106781186548));
#2722=DIRECTION('',(-1.65843994923068E-15,-0.707106781186548,-0.707106781186548));
#2723=DIRECTION('',(0.,0.,-1.));
#2724=DIRECTION('',(-1.,0.,0.));
#2725=DIRECTION('',(0.,0.,1.));
#2726=DIRECTION('',(1.,0.,0.));
#2727=DIRECTION('',(0.,0.,1.));
#2728=DIRECTION('',(1.,0.,0.));
#2729=DIRECTION('',(0.,0.,-1.));
#2730=DIRECTION('',(-1.,0.,0.));
#2731=DIRECTION('',(0.,0.707106781186548,-0.707106781186548));
#2732=DIRECTION('',(0.,0.707106781186548,0.707106781186548));
#2733=DIRECTION('',(0.,1.,0.));
#2734=DIRECTION('',(0.,0.,1.));
#2735=DIRECTION('',(0.,0.707106781186548,0.707106781186548));
#2736=DIRECTION('',(0.,0.707106781186548,-0.707106781186548));
#2737=DIRECTION('',(0.,0.,1.));
#2738=DIRECTION('',(1.,0.,0.));
#2739=DIRECTION('',(0.796969825691891,0.604019119678042,0.));
#2740=DIRECTION('',(-0.604019119678042,0.796969825691891,0.));
#2741=DIRECTION('',(0.,0.,-1.));
#2742=DIRECTION('',(0.,0.,-1.));
#2743=DIRECTION('',(-0.796969825691891,0.604019119678042,0.));
#2744=DIRECTION('',(-0.604019119678042,-0.796969825691891,0.));
#2745=DIRECTION('',(0.,0.,-1.));
#2746=DIRECTION('',(0.,0.,-1.));
#2747=DIRECTION('',(0.,0.,-1.));
#2748=DIRECTION('',(-1.,0.,0.));
#2749=DIRECTION('',(0.,0.,1.));
#2750=DIRECTION('',(1.,0.,0.));
#2751=DIRECTION('',(0.,0.,-1.));
#2752=DIRECTION('',(-1.,0.,0.));
#2753=DIRECTION('',(0.,0.,1.));
#2754=DIRECTION('',(1.,0.,0.));
#2755=DIRECTION('',(0.,0.,-1.));
#2756=DIRECTION('',(-1.,0.,0.));
#2757=DIRECTION('',(0.,0.,1.));
#2758=DIRECTION('',(1.,0.,0.));
#2759=DIRECTION('',(0.,0.,1.));
#2760=DIRECTION('',(1.,0.,0.));
#2761=DIRECTION('',(0.,0.,1.));
#2762=DIRECTION('',(1.,0.,0.));
#2763=DIRECTION('',(0.,0.,1.));
#2764=DIRECTION('',(1.,0.,0.));
#2765=CARTESIAN_POINT('',(0.,0.,0.));
#2766=CARTESIAN_POINT('',(-0.0223358425183855,0.0857591449816152,0.03369));
#2767=CARTESIAN_POINT('',(-0.0737780722338544,0.0929124213963259,0.03369));
#2768=CARTESIAN_POINT('',(-0.0760937835341316,0.0961244075146466,0.03369));
#2769=CARTESIAN_POINT('',(-0.0776768143123541,0.0936046524674665,0.03369));
#2770=CARTESIAN_POINT('',(-0.0775716010157521,0.0981742006973325,0.03369));
#2771=CARTESIAN_POINT('',(-0.07515724345271,0.0974282287417269,0.03369));
#2772=CARTESIAN_POINT('',(-0.0737780722338544,0.0929124213963259,0.03369));
#2773=CARTESIAN_POINT('',(-0.0751429525443738,0.0974325686250845,0.03369));
#2774=CARTESIAN_POINT('',(-0.0726468618460091,0.097038731608478,0.03369));
#2775=CARTESIAN_POINT('',(-0.0746607805270438,0.095512393534429,0.03369));
#2776=CARTESIAN_POINT('',(-0.0746455097213562,0.0954922445508116,0.03369));
#2777=CARTESIAN_POINT('',(-0.073870154903296,0.0944692067461007,0.03369));
#2778=CARTESIAN_POINT('',(-0.0694997964191437,0.097781477799755,0.03369));
#2779=CARTESIAN_POINT('',(-0.0651294379349913,0.0944692067461007,0.03369));
#2780=CARTESIAN_POINT('',(-0.0643540831169311,0.0954922445508116,0.03369));
#2781=CARTESIAN_POINT('',(-0.0643388123112435,0.095512393534429,0.03369));
#2782=CARTESIAN_POINT('',(-0.0663527309922782,0.097038731608478,0.03369));
#2783=CARTESIAN_POINT('',(-0.0638566402939136,0.0974325686250845,0.03369));
#2784=CARTESIAN_POINT('',(-0.065221520604433,0.0929124213963259,0.03369));
#2785=CARTESIAN_POINT('',(-0.0638423493855773,0.0974282287417269,0.03369));
#2786=CARTESIAN_POINT('',(-0.0614279918225352,0.0981742006973324,0.03369));
#2787=CARTESIAN_POINT('',(-0.0629058093041557,0.0961244075146466,0.03369));
#2788=CARTESIAN_POINT('',(-0.065221520604433,0.0929124213963259,0.03369));
#2789=CARTESIAN_POINT('',(-0.0613227785259332,0.0936046524674665,0.03369));
#2790=CARTESIAN_POINT('',(-0.0622113523859812,0.0924322283979531,0.03369));
#2791=CARTESIAN_POINT('',(-0.0625868743143452,0.0919367479801291,0.03369));
#2792=CARTESIAN_POINT('',(-0.0605729524430845,0.090410407488225,0.03369));
#2793=CARTESIAN_POINT('',(-0.0630999262460291,0.090410407488225,0.03369));
#2794=CARTESIAN_POINT('',(-0.0630999262460291,0.0818658153082029,0.03369));
#2795=CARTESIAN_POINT('',(-0.0630999262460291,0.0811078824750055,0.03369));
#2796=CARTESIAN_POINT('',(-0.0605729524430845,0.0811078824750055,0.03369));
#2797=CARTESIAN_POINT('',(-0.0625868743143453,0.0795815419831014,0.03369));
#2798=CARTESIAN_POINT('',(-0.0622113523859812,0.0790860615652773,0.03369));
#2799=CARTESIAN_POINT('',(-0.0613227785259332,0.077913637495764,0.03369));
#2800=CARTESIAN_POINT('',(-0.0652215206044329,0.0786058685669045,0.03369));
#2801=CARTESIAN_POINT('',(-0.0635787282988709,0.075003007607708,0.03369));
#2802=CARTESIAN_POINT('',(-0.0643540831169311,0.0760260454124188,0.03369));
#2803=CARTESIAN_POINT('',(-0.0651294379349914,0.0770490832171297,0.03369));
#2804=CARTESIAN_POINT('',(-0.0694997964191437,0.0737368121634754,0.03369));
#2805=CARTESIAN_POINT('',(-0.073870154903296,0.0770490832171297,0.03369));
#2806=CARTESIAN_POINT('',(-0.0746455097213562,0.0760260454124188,0.03369));
#2807=CARTESIAN_POINT('',(-0.0754208645394164,0.0750030076077079,0.03369));
#2808=CARTESIAN_POINT('',(-0.0737780722338544,0.0786058685669044,0.03369));
#2809=CARTESIAN_POINT('',(-0.0776768143123541,0.0779136374957639,0.03369));
#2810=CARTESIAN_POINT('',(-0.0767882404523061,0.0790860615652773,0.03369));
#2811=CARTESIAN_POINT('',(-0.0764127185239421,0.0795815419831013,0.03369));
#2812=CARTESIAN_POINT('',(-0.0784266403952029,0.0811078824750054,0.03369));
#2813=CARTESIAN_POINT('',(-0.0758996665922582,0.0811078824750054,0.03369));
#2814=CARTESIAN_POINT('',(-0.0758996665922582,0.0896524746550275,0.03369));
#2815=CARTESIAN_POINT('',(-0.0758996665922582,0.090410407488225,0.03369));
#2816=CARTESIAN_POINT('',(-0.0784266403952029,0.090410407488225,0.03369));
#2817=CARTESIAN_POINT('',(-0.0764127185239421,0.0919367479801291,0.03369));
#2818=CARTESIAN_POINT('',(-0.0767882404523061,0.0924322283979531,0.03369));
#2819=CARTESIAN_POINT('',(-0.0223358425183855,0.0857591449816152,0.03496));
#2820=CARTESIAN_POINT('',(-0.0806619534191437,0.0857591449816152,0.03496));
#2821=CARTESIAN_POINT('',(-0.0795189534191437,0.0857591449816152,0.03496));
#2822=CARTESIAN_POINT('',(-0.0583376394191437,0.0857591449816152,0.03496));
#2823=CARTESIAN_POINT('',(-0.0571946394191437,0.0857591449816152,0.03496));
#2824=CARTESIAN_POINT('',(-0.065221520604433,0.0929124213963259,0.03496));
#2825=CARTESIAN_POINT('',(-0.0605246496039144,0.0933961899734214,0.03496));
#2826=CARTESIAN_POINT('',(-0.0638566402939135,0.0974325686250845,0.03496));
#2827=CARTESIAN_POINT('',(-0.0663527309922782,0.097038731608478,0.03496));
#2828=CARTESIAN_POINT('',(-0.0643388123112435,0.095512393534429,0.03496));
#2829=CARTESIAN_POINT('',(-0.05370955442011,0.109537111515618,0.03496));
#2830=CARTESIAN_POINT('',(-0.0651294379349913,0.0944692067461007,0.03496));
#2831=CARTESIAN_POINT('',(-0.0694997964191437,0.097781477799755,0.03496));
#2832=CARTESIAN_POINT('',(-0.073870154903296,0.0944692067461007,0.03496));
#2833=CARTESIAN_POINT('',(-0.0508755297199497,0.0641290704371871,0.03496));
#2834=CARTESIAN_POINT('',(-0.0746607805270438,0.095512393534429,0.03496));
#2835=CARTESIAN_POINT('',(-0.0726468618460091,0.097038731608478,0.03496));
#2836=CARTESIAN_POINT('',(-0.0751429525443738,0.0974325686250845,0.03496));
#2837=CARTESIAN_POINT('',(-0.0737780722338544,0.0929124213963259,0.03496));
#2838=CARTESIAN_POINT('',(-0.078474943234373,0.0933961899734215,0.03496));
#2839=CARTESIAN_POINT('',(-0.0755933296334375,0.0895940601824422,0.03496));
#2840=CARTESIAN_POINT('',(-0.0766616665922582,0.0910036717197481,0.03496));
#2841=CARTESIAN_POINT('',(-0.0766616665922582,0.0895244083506817,0.03496));
#2842=CARTESIAN_POINT('',(-0.0766616665922582,0.0885531449816152,0.03496));
#2843=CARTESIAN_POINT('',(-0.0771696665922582,0.0885531449816152,0.03496));
#2844=CARTESIAN_POINT('',(-0.0771696665922582,0.0880451449816152,0.03496));
#2845=CARTESIAN_POINT('',(-0.0786618100057009,0.0880451449816152,0.03496));
#2846=CARTESIAN_POINT('',(-0.0806619534191436,0.0880451449816152,0.03496));
#2847=CARTESIAN_POINT('',(-0.0806619534191436,0.0857591449816152,0.03496));
#2848=CARTESIAN_POINT('',(-0.0806619534191436,0.0834731449816152,0.03496));
#2849=CARTESIAN_POINT('',(-0.0786618100057009,0.0834731449816152,0.03496));
#2850=CARTESIAN_POINT('',(-0.0771696665922582,0.0834731449816152,0.03496));
#2851=CARTESIAN_POINT('',(-0.0771696665922582,0.0829651449816152,0.03496));
#2852=CARTESIAN_POINT('',(-0.0766616665922582,0.0829651449816152,0.03496));
#2853=CARTESIAN_POINT('',(-0.0766616665922582,0.0819938816125487,0.03496));
#2854=CARTESIAN_POINT('',(-0.0766616665922582,0.0805146182434823,0.03496));
#2855=CARTESIAN_POINT('',(-0.0755933296334375,0.0819242297807882,0.03496));
#2856=CARTESIAN_POINT('',(-0.078474943234373,0.078122099989809,0.03496));
#2857=CARTESIAN_POINT('',(-0.0737780722338544,0.0786058685669045,0.03496));
#2858=CARTESIAN_POINT('',(-0.0751567697702587,0.0740899165814633,0.03496));
#2859=CARTESIAN_POINT('',(-0.0724062579048499,0.0777190648824422,0.03496));
#2860=CARTESIAN_POINT('',(-0.0732628638961188,0.076588820647935,0.03496));
#2861=CARTESIAN_POINT('',(-0.0694997964191437,0.0737368121634754,0.03496));
#2862=CARTESIAN_POINT('',(-0.0657367289421686,0.076588820647935,0.03496));
#2863=CARTESIAN_POINT('',(-0.0665933349334374,0.0777190648824422,0.03496));
#2864=CARTESIAN_POINT('',(-0.0638428230680286,0.0740899165814633,0.03496));
#2865=CARTESIAN_POINT('',(-0.065221520604433,0.0786058685669045,0.03496));
#2866=CARTESIAN_POINT('',(-0.0605246496039144,0.078122099989809,0.03496));
#2867=CARTESIAN_POINT('',(-0.0634062632048499,0.0819242297807882,0.03496));
#2868=CARTESIAN_POINT('',(-0.0623379262460292,0.0805146182434823,0.03496));
#2869=CARTESIAN_POINT('',(-0.0623379262460292,0.0819938816125488,0.03496));
#2870=CARTESIAN_POINT('',(-0.0623379262460292,0.082982576785741,0.03496));
#2871=CARTESIAN_POINT('',(-0.0618473580501549,0.082982576785741,0.03496));
#2872=CARTESIAN_POINT('',(-0.0618473580501549,0.0834731449816152,0.03496));
#2873=CARTESIAN_POINT('',(-0.0603377828325864,0.0834731449816152,0.03496));
#2874=CARTESIAN_POINT('',(-0.0583376394191437,0.0834731449816152,0.03496));
#2875=CARTESIAN_POINT('',(-0.0583376394191437,0.0857591449816152,0.03496));
#2876=CARTESIAN_POINT('',(-0.0583376394191437,0.0880451449816152,0.03496));
#2877=CARTESIAN_POINT('',(-0.0603377828325864,0.0880451449816152,0.03496));
#2878=CARTESIAN_POINT('',(-0.0618473580501549,0.0880451449816152,0.03496));
#2879=CARTESIAN_POINT('',(-0.0618473580501549,0.0885357131774894,0.03496));
#2880=CARTESIAN_POINT('',(-0.0623379262460292,0.0885357131774894,0.03496));
#2881=CARTESIAN_POINT('',(-0.0623379262460292,0.0895244083506817,0.03496));
#2882=CARTESIAN_POINT('',(-0.0623379262460292,0.0910036717197481,0.03496));
#2883=CARTESIAN_POINT('',(-0.0634062632048499,0.0895940601824422,0.03496));
#2884=CARTESIAN_POINT('',(-0.0694997964191437,0.0857591449816152,0.02607));
#2885=CARTESIAN_POINT('',(-0.0762706985427023,0.0802183056736683,0.02607));
#2886=CARTESIAN_POINT('',(-0.0779634040446187,0.0779848743718091,0.02607));
#2887=CARTESIAN_POINT('',(-0.076171098396384,0.0803497225587704,0.02607));
#2888=CARTESIAN_POINT('',(-0.076171098396384,0.0910036717197481,0.02607));
#2889=CARTESIAN_POINT('',(-0.076171098396384,0.09116856740446,0.02607));
#2890=CARTESIAN_POINT('',(-0.0711331317268452,0.084521248987447,0.02607));
#2891=CARTESIAN_POINT('',(-0.0779634040446187,0.0935334155914213,0.02607));
#2892=CARTESIAN_POINT('',(-0.0737780722338544,0.0929124213963259,0.02607));
#2893=CARTESIAN_POINT('',(-0.0753322842589202,0.0968477817531012,0.02607));
#2894=CARTESIAN_POINT('',(-0.0678664611114421,0.0869970409757834,0.02607));
#2895=CARTESIAN_POINT('',(-0.0736538319456746,0.0946331567454814,0.02607));
#2896=CARTESIAN_POINT('',(-0.0694997964191437,0.097781477799755,0.02607));
#2897=CARTESIAN_POINT('',(-0.0653457608926127,0.0946331567454814,0.02607));
#2898=CARTESIAN_POINT('',(-0.0711331317268452,0.0869970409757834,0.02607));
#2899=CARTESIAN_POINT('',(-0.0636673085793671,0.0968477817531012,0.02607));
#2900=CARTESIAN_POINT('',(-0.065221520604433,0.0929124213963259,0.02607));
#2901=CARTESIAN_POINT('',(-0.0610361887936687,0.0935334155914213,0.02607));
#2902=CARTESIAN_POINT('',(-0.0678664611114422,0.084521248987447,0.02607));
#2903=CARTESIAN_POINT('',(-0.0628284944419033,0.09116856740446,0.02607));
#2904=CARTESIAN_POINT('',(-0.0628284944419034,0.0857591449816152,0.02607));
#2905=CARTESIAN_POINT('',(-0.0628284944419034,0.0803497225587704,0.02607));
#2906=CARTESIAN_POINT('',(-0.0609156176534702,0.077825787419995,0.02607));
#2907=CARTESIAN_POINT('',(-0.0610361887936684,0.0779848743718094,0.02607));
#2908=CARTESIAN_POINT('',(-0.065221520604433,0.0786058685669045,0.02607));
#2909=CARTESIAN_POINT('',(-0.0636673085793671,0.0746705082101292,0.02607));
#2910=CARTESIAN_POINT('',(-0.0711331317268452,0.084521248987447,0.02607));
#2911=CARTESIAN_POINT('',(-0.0653457608926127,0.076885133217749,0.02607));
#2912=CARTESIAN_POINT('',(-0.0694997964191437,0.0737368121634754,0.02607));
#2913=CARTESIAN_POINT('',(-0.0736538319456746,0.076885133217749,0.02607));
#2914=CARTESIAN_POINT('',(-0.0678664611114421,0.084521248987447,0.02607));
#2915=CARTESIAN_POINT('',(-0.0753322842589202,0.0746705082101292,0.02607));
#2916=CARTESIAN_POINT('',(-0.0737780722338544,0.0786058685669045,0.02607));
#2917=CARTESIAN_POINT('',(-0.0668266664325265,0.0864767365166511,0.02607));
#2918=CARTESIAN_POINT('',(-0.0668266664325265,0.0860782034652609,0.02607));
#2919=CARTESIAN_POINT('',(-0.0668266664325265,0.0868752695680413,0.02607));
#2920=CARTESIAN_POINT('',(-0.0678871008108981,0.0875389112140244,0.02607));
#2921=CARTESIAN_POINT('',(-0.0689475351892696,0.0882025528600075,0.02607));
#2922=CARTESIAN_POINT('',(-0.0689475351892696,0.0889984587501201,0.02607));
#2923=CARTESIAN_POINT('',(-0.0689475351892696,0.0897943646402327,0.02607));
#2924=CARTESIAN_POINT('',(-0.0678871008108981,0.0897943646402327,0.02607));
#2925=CARTESIAN_POINT('',(-0.0668266664325265,0.0897943646402327,0.02607));
#2926=CARTESIAN_POINT('',(-0.0668266664325265,0.0901406881215718,0.02607));
#2927=CARTESIAN_POINT('',(-0.0668266664325265,0.0904870116029109,0.02607));
#2928=CARTESIAN_POINT('',(-0.0693808746206939,0.0904870116029109,0.02607));
#2929=CARTESIAN_POINT('',(-0.0719350828088614,0.0904870116029109,0.02607));
#2930=CARTESIAN_POINT('',(-0.0719350828088614,0.0892850312790674,0.02607));
#2931=CARTESIAN_POINT('',(-0.0719350828088614,0.0880830509552239,0.02607));
#2932=CARTESIAN_POINT('',(-0.0719350828088614,0.0880830509552239,0.02607));
#2933=CARTESIAN_POINT('',(-0.0719350828088614,0.0872198527303787,0.02607));
#2934=CARTESIAN_POINT('',(-0.071549312096817,0.0867505467062526,0.02607));
#2935=CARTESIAN_POINT('',(-0.071549312096817,0.0867505467062526,0.02607));
#2936=CARTESIAN_POINT('',(-0.071549312096817,0.0867505467062526,0.02607));
#2937=CARTESIAN_POINT('',(-0.0711635413847726,0.0862812406821264,0.02607));
#2938=CARTESIAN_POINT('',(-0.0704743750600979,0.0862812406821264,0.02607));
#2939=CARTESIAN_POINT('',(-0.0704743750600979,0.0862812406821264,0.02607));
#2940=CARTESIAN_POINT('',(-0.0704743750600979,0.0862812406821264,0.02607));
#2941=CARTESIAN_POINT('',(-0.0699047106402068,0.0862812406821264,0.02607));
#2942=CARTESIAN_POINT('',(-0.0695166195028268,0.086613061505118,0.02607));
#2943=CARTESIAN_POINT('',(-0.0695166195028268,0.086613061505118,0.02607));
#2944=CARTESIAN_POINT('',(-0.0695166195028268,0.086613061505118,0.02607));
#2945=CARTESIAN_POINT('',(-0.0691285283654469,0.0869448823281095,0.02607));
#2946=CARTESIAN_POINT('',(-0.069027589863348,0.0875284693000142,0.02607));
#2947=CARTESIAN_POINT('',(-0.069027589863348,0.0875284693000142,0.02607));
#2948=CARTESIAN_POINT('',(-0.0679271281479373,0.0868033363826376,0.02607));
#2949=CARTESIAN_POINT('',(-0.0668266664325265,0.0813195912082685,0.02607));
#2950=CARTESIAN_POINT('',(-0.0668266664325265,0.0809373011342276,0.02607));
#2951=CARTESIAN_POINT('',(-0.0668266664325265,0.0817018812823095,0.02607));
#2952=CARTESIAN_POINT('',(-0.0679433711252865,0.082468781855727,0.02607));
#2953=CARTESIAN_POINT('',(-0.0690600758180465,0.0832356824291445,0.02607));
#2954=CARTESIAN_POINT('',(-0.0679433711252865,0.0840188259799113,0.02607));
#2955=CARTESIAN_POINT('',(-0.0668266664325265,0.0848019695306781,0.02607));
#2956=CARTESIAN_POINT('',(-0.0668266664325265,0.085184259604719,0.02607));
#2957=CARTESIAN_POINT('',(-0.0668266664325265,0.08556654967876,0.02607));
#2958=CARTESIAN_POINT('',(-0.0681539497244927,0.0845948715694753,0.02607));
#2959=CARTESIAN_POINT('',(-0.0694812330164588,0.0836231934601906,0.02607));
#2960=CARTESIAN_POINT('',(-0.0707081579126601,0.0845206179587359,0.02607));
#2961=CARTESIAN_POINT('',(-0.0719350828088614,0.0854180424572813,0.02607));
#2962=CARTESIAN_POINT('',(-0.0719350828088614,0.0850357523832403,0.02607));
#2963=CARTESIAN_POINT('',(-0.0719350828088614,0.0846534623091993,0.02607));
#2964=CARTESIAN_POINT('',(-0.0709326590638799,0.0839428320501702,0.02607));
#2965=CARTESIAN_POINT('',(-0.0699302353188985,0.0832322017911411,0.02607));
#2966=CARTESIAN_POINT('',(-0.0709326590638799,0.0825412951474647,0.02607));
#2967=CARTESIAN_POINT('',(-0.0719350828088614,0.0818503885037882,0.02607));
#2968=CARTESIAN_POINT('',(-0.0719350828088614,0.0814680984297472,0.02607));
#2969=CARTESIAN_POINT('',(-0.0719350828088614,0.0810858083557063,0.02607));
#2970=CARTESIAN_POINT('',(-0.0707203401456721,0.0819594484945617,0.02607));
#2971=CARTESIAN_POINT('',(-0.0695055974824827,0.082833088633417,0.02607));
#2972=CARTESIAN_POINT('',(-0.0681661319575046,0.0818851948838223,0.02607));
#2973=CARTESIAN_POINT('',(-0.0737780722338544,0.0929124213963259,0.02607));
#2974=CARTESIAN_POINT('',(-0.0737780722338544,0.0929124213963259,0.02734));
#2975=CARTESIAN_POINT('',(-0.0760937835341316,0.0961244075146466,0.02734));
#2976=CARTESIAN_POINT('',(-0.0776768143123541,0.0936046524674665,0.02734));
#2977=CARTESIAN_POINT('',(-0.0760937835341316,0.0961244075146466,0.02607));
#2978=CARTESIAN_POINT('',(-0.0776768143123541,0.0936046524674665,0.02607));
#2979=CARTESIAN_POINT('',(-0.0767882404523061,0.0924322283979531,0.02607));
#2980=CARTESIAN_POINT('',(-0.0764127185239421,0.0919367479801291,0.02734));
#2981=CARTESIAN_POINT('',(-0.0764127185239421,0.0919367479801291,0.02734));
#2982=CARTESIAN_POINT('',(-0.0767882404523061,0.0924322283979531,0.02734));
#2983=CARTESIAN_POINT('',(-0.0758996665922582,0.0896524746550275,0.02607));
#2984=CARTESIAN_POINT('',(-0.0758996665922582,0.0811078824750054,0.02607));
#2985=CARTESIAN_POINT('',(-0.0758996665922582,0.0811078824750054,0.02734));
#2986=CARTESIAN_POINT('',(-0.0758996665922582,0.0896524746550275,0.02734));
#2987=CARTESIAN_POINT('',(-0.0758996665922582,0.090410407488225,0.02734));
#2988=CARTESIAN_POINT('',(-0.0758996665922582,0.090410407488225,0.03369));
#2989=CARTESIAN_POINT('',(-0.0767882404523061,0.0790860615652773,0.02607));
#2990=CARTESIAN_POINT('',(-0.0767882404523061,0.0790860615652773,0.02734));
#2991=CARTESIAN_POINT('',(-0.0776768143123541,0.0779136374957639,0.02734));
#2992=CARTESIAN_POINT('',(-0.0764127185239421,0.0795815419831013,0.02734));
#2993=CARTESIAN_POINT('',(-0.0764127185239421,0.0795815419831013,0.02607));
#2994=CARTESIAN_POINT('',(-0.0776768143123541,0.0779136374957639,0.02607));
#2995=CARTESIAN_POINT('',(-0.0737780722338544,0.0786058685669044,0.02607));
#2996=CARTESIAN_POINT('',(-0.0737780722338544,0.0786058685669044,0.02734));
#2997=CARTESIAN_POINT('',(-0.0754208645394164,0.0750030076077079,0.02734));
#2998=CARTESIAN_POINT('',(-0.0754208645394164,0.0750030076077079,0.02607));
#2999=CARTESIAN_POINT('',(-0.0746455097213562,0.0760260454124188,0.02607));
#3000=CARTESIAN_POINT('',(-0.0746455097213562,0.0760260454124188,0.02734));
#3001=CARTESIAN_POINT('',(-0.073870154903296,0.0770490832171297,0.02734));
#3002=CARTESIAN_POINT('',(-0.073870154903296,0.0770490832171297,0.02607));
#3003=CARTESIAN_POINT('',(-0.0694997964191437,0.0737368121634754,0.02607));
#3004=CARTESIAN_POINT('',(-0.0694997964191437,0.0737368121634754,0.02734));
#3005=CARTESIAN_POINT('',(-0.0651294379349914,0.0770490832171297,0.02734));
#3006=CARTESIAN_POINT('',(-0.0651294379349914,0.0770490832171297,0.02607));
#3007=CARTESIAN_POINT('',(-0.0643540831169311,0.0760260454124188,0.02607));
#3008=CARTESIAN_POINT('',(-0.0643540831169311,0.0760260454124188,0.02734));
#3009=CARTESIAN_POINT('',(-0.0635787282988709,0.075003007607708,0.02734));
#3010=CARTESIAN_POINT('',(-0.0635787282988709,0.075003007607708,0.02607));
#3011=CARTESIAN_POINT('',(-0.0652215206044329,0.0786058685669045,0.02607));
#3012=CARTESIAN_POINT('',(-0.0652215206044329,0.0786058685669045,0.02734));
#3013=CARTESIAN_POINT('',(-0.0613227785259332,0.077913637495764,0.02734));
#3014=CARTESIAN_POINT('',(-0.0613227785259332,0.077913637495764,0.02607));
#3015=CARTESIAN_POINT('',(-0.0622113523859812,0.0790860615652773,0.02607));
#3016=CARTESIAN_POINT('',(-0.0625868743143453,0.0795815419831014,0.02734));
#3017=CARTESIAN_POINT('',(-0.0625868743143453,0.0795815419831014,0.02734));
#3018=CARTESIAN_POINT('',(-0.0622113523859812,0.0790860615652773,0.02734));
#3019=CARTESIAN_POINT('',(-0.0630999262460291,0.0818658153082029,0.02607));
#3020=CARTESIAN_POINT('',(-0.0630999262460291,0.0818658153082029,0.02734));
#3021=CARTESIAN_POINT('',(-0.0630999262460291,0.0811078824750055,0.02734));
#3022=CARTESIAN_POINT('',(-0.0630999262460291,0.090410407488225,0.02734));
#3023=CARTESIAN_POINT('',(-0.0630999262460291,0.0811078824750055,0.03369));
#3024=CARTESIAN_POINT('',(-0.0630999262460291,0.090410407488225,0.02607));
#3025=CARTESIAN_POINT('',(-0.0622113523859812,0.0924322283979531,0.02607));
#3026=CARTESIAN_POINT('',(-0.0622113523859812,0.0924322283979531,0.02734));
#3027=CARTESIAN_POINT('',(-0.0625868743143452,0.0919367479801291,0.02734));
#3028=CARTESIAN_POINT('',(-0.0613227785259332,0.0936046524674665,0.02734));
#3029=CARTESIAN_POINT('',(-0.0625868743143452,0.0919367479801291,0.02607));
#3030=CARTESIAN_POINT('',(-0.0613227785259332,0.0936046524674665,0.02607));
#3031=CARTESIAN_POINT('',(-0.065221520604433,0.0929124213963259,0.02607));
#3032=CARTESIAN_POINT('',(-0.0629058093041557,0.0961244075146466,0.02607));
#3033=CARTESIAN_POINT('',(-0.0629058093041557,0.0961244075146466,0.02734));
#3034=CARTESIAN_POINT('',(-0.065221520604433,0.0929124213963259,0.02734));
#3035=CARTESIAN_POINT('',(-0.0223358425183855,0.0857591449816152,0.03369));
#3036=CARTESIAN_POINT('',(-0.0603377828325864,0.0834731449816152,0.03369));
#3037=CARTESIAN_POINT('',(-0.0618473580501549,0.0834731449816152,0.03369));
#3038=CARTESIAN_POINT('',(-0.0583376394191437,0.0834731449816152,0.03369));
#3039=CARTESIAN_POINT('',(-0.0618473580501549,0.0880451449816152,0.03369));
#3040=CARTESIAN_POINT('',(-0.0618473580501549,0.0880451449816152,0.03369));
#3041=CARTESIAN_POINT('',(-0.0603377828325864,0.0880451449816152,0.03369));
#3042=CARTESIAN_POINT('',(-0.0583376394191437,0.0880451449816152,0.03369));
#3043=CARTESIAN_POINT('',(-0.0583376394191437,0.0857591449816152,0.03369));
#3044=CARTESIAN_POINT('',(-0.0583376394191437,0.0857591449816152,0.03369));
#3045=CARTESIAN_POINT('',(-0.0594806394191437,0.0857591449816152,0.03369));
#3046=CARTESIAN_POINT('',(-0.0755933296334375,0.0895940601824422,0.03369));
#3047=CARTESIAN_POINT('',(-0.078474943234373,0.0933961899734215,0.03369));
#3048=CARTESIAN_POINT('',(-0.078474943234373,0.0933961899734215,0.0265605681958742));
#3049=CARTESIAN_POINT('',(-0.0755933296334375,0.0895940601824422,0.0265605681958742));
#3050=CARTESIAN_POINT('',(-0.0766616665922582,0.0910036717197481,0.0265605681958742));
#3051=CARTESIAN_POINT('',(-0.0766616665922582,0.0910036717197481,0.03369));
#3052=CARTESIAN_POINT('',(-0.0755933296334375,0.0819242297807882,0.03369));
#3053=CARTESIAN_POINT('',(-0.0766616665922582,0.0805146182434823,0.03369));
#3054=CARTESIAN_POINT('',(-0.0766616665922582,0.0805146182434823,0.0265605681958742));
#3055=CARTESIAN_POINT('',(-0.078474943234373,0.078122099989809,0.0265605681958742));
#3056=CARTESIAN_POINT('',(-0.078474943234373,0.078122099989809,0.0265605681958742));
#3057=CARTESIAN_POINT('',(-0.078474943234373,0.078122099989809,0.03369));
#3058=CARTESIAN_POINT('',(-0.0737780722338544,0.0929124213963259,0.03369));
#3059=CARTESIAN_POINT('',(-0.0751429525443738,0.0974325686250845,0.034325));
#3060=CARTESIAN_POINT('',(-0.07515724345271,0.0974282287417269,0.030515));
#3061=CARTESIAN_POINT('',(-0.07515724345271,0.0974282287417269,0.02734));
#3062=CARTESIAN_POINT('',(-0.0737780722338544,0.0929124213963259,0.02734));
#3063=CARTESIAN_POINT('',(-0.0751567697702587,0.0974283733817671,0.02734));
#3064=CARTESIAN_POINT('',(-0.0751567697702587,0.0974283733817671,0.02607));
#3065=CARTESIAN_POINT('',(-0.0751567697702587,0.0974283733817671,0.0265605681958742));
#3066=CARTESIAN_POINT('',(-0.0737780722338544,0.0929124213963259,0.0265605681958742));
#3067=CARTESIAN_POINT('',(-0.065221520604433,0.0929124213963259,0.03369));
#3068=CARTESIAN_POINT('',(-0.065221520604433,0.0929124213963259,0.02734));
#3069=CARTESIAN_POINT('',(-0.0638428230680286,0.0974283733817671,0.02734));
#3070=CARTESIAN_POINT('',(-0.0638423493855783,0.0974282287417278,0.02734));
#3071=CARTESIAN_POINT('',(-0.0638423493855773,0.0974282287417269,0.030515));
#3072=CARTESIAN_POINT('',(-0.0638566402939136,0.0974325686250845,0.034325));
#3073=CARTESIAN_POINT('',(-0.0605246496039144,0.0933961899734214,0.03369));
#3074=CARTESIAN_POINT('',(-0.0605246496039144,0.0933961899734214,0.0265605681958742));
#3075=CARTESIAN_POINT('',(-0.065221520604433,0.0929124213963259,0.0265605681958742));
#3076=CARTESIAN_POINT('',(-0.0638428230680286,0.0974283733817671,0.0265605681958742));
#3077=CARTESIAN_POINT('',(-0.0638428230680286,0.0974283733817671,0.02607));
#3078=CARTESIAN_POINT('',(-0.0634062632048499,0.0895940601824422,0.03369));
#3079=CARTESIAN_POINT('',(-0.0623379262460292,0.0910036717197481,0.03369));
#3080=CARTESIAN_POINT('',(-0.0623379262460292,0.0910036717197481,0.0265605681958742));
#3081=CARTESIAN_POINT('',(-0.0634062632048499,0.0895940601824422,0.0265605681958742));
#3082=CARTESIAN_POINT('',(-0.0634062632048499,0.0819242297807882,0.03369));
#3083=CARTESIAN_POINT('',(-0.0605246496039144,0.078122099989809,0.03369));
#3084=CARTESIAN_POINT('',(-0.0605246496039144,0.078122099989809,0.0265605681958742));
#3085=CARTESIAN_POINT('',(-0.0623379262460292,0.0805146182434823,0.0265605681958742));
#3086=CARTESIAN_POINT('',(-0.0623379262460292,0.0805146182434823,0.0265605681958742));
#3087=CARTESIAN_POINT('',(-0.0623379262460292,0.0805146182434823,0.03369));
#3088=CARTESIAN_POINT('',(-0.065221520604433,0.0786058685669045,0.03369));
#3089=CARTESIAN_POINT('',(-0.0638428230680286,0.0740899165814633,0.03369));
#3090=CARTESIAN_POINT('',(-0.0638428230680286,0.0740899165814633,0.0265605681958742));
#3091=CARTESIAN_POINT('',(-0.065221520604433,0.0786058685669045,0.0265605681958742));
#3092=CARTESIAN_POINT('',(-0.0665933349334374,0.0777190648824422,0.03369));
#3093=CARTESIAN_POINT('',(-0.0657367289421686,0.076588820647935,0.03369));
#3094=CARTESIAN_POINT('',(-0.0657367289421686,0.076588820647935,0.0265605681958742));
#3095=CARTESIAN_POINT('',(-0.0665933349334374,0.0777190648824422,0.0265605681958742));
#3096=CARTESIAN_POINT('',(-0.0694997964191437,0.0737368121634754,0.03369));
#3097=CARTESIAN_POINT('',(-0.0732628638961188,0.076588820647935,0.03369));
#3098=CARTESIAN_POINT('',(-0.0732628638961188,0.076588820647935,0.0265605681958742));
#3099=CARTESIAN_POINT('',(-0.0694997964191437,0.0737368121634754,0.0265605681958742));
#3100=CARTESIAN_POINT('',(-0.0724062579048499,0.0777190648824422,0.03369));
#3101=CARTESIAN_POINT('',(-0.0751567697702587,0.0740899165814633,0.03369));
#3102=CARTESIAN_POINT('',(-0.0751567697702587,0.0740899165814633,0.0265605681958742));
#3103=CARTESIAN_POINT('',(-0.0724062579048499,0.0777190648824422,0.0265605681958742));
#3104=CARTESIAN_POINT('',(-0.0737780722338544,0.0786058685669045,0.03369));
#3105=CARTESIAN_POINT('',(-0.0737780722338544,0.0786058685669045,0.0265605681958742));
#3106=CARTESIAN_POINT('',(-0.0223358425183855,0.0857591449816152,0.03369));
#3107=CARTESIAN_POINT('',(-0.0786618100057009,0.0880451449816152,0.03369));
#3108=CARTESIAN_POINT('',(-0.0771696665922582,0.0880451449816152,0.03369));
#3109=CARTESIAN_POINT('',(-0.0806619534191436,0.0880451449816152,0.03369));
#3110=CARTESIAN_POINT('',(-0.0771696665922582,0.0857591449816152,0.03369));
#3111=CARTESIAN_POINT('',(-0.0771696665922582,0.0834731449816152,0.03369));
#3112=CARTESIAN_POINT('',(-0.0786618100057009,0.0834731449816152,0.03369));
#3113=CARTESIAN_POINT('',(-0.0806619534191436,0.0834731449816152,0.03369));
#3114=CARTESIAN_POINT('',(-0.0806619534191436,0.0857591449816152,0.03369));
#3115=CARTESIAN_POINT('',(-0.0806619534191437,0.0857591449816152,0.03369));
#3116=CARTESIAN_POINT('',(-0.0818049534191437,0.0857591449816152,0.03369));
#3117=CARTESIAN_POINT('',(-0.0766616665922582,0.0819938816125487,0.03369));
#3118=CARTESIAN_POINT('',(-0.0766616665922582,0.0819938816125487,0.033182));
#3119=CARTESIAN_POINT('',(-0.0766616665922582,0.0829651449816152,0.033182));
#3120=CARTESIAN_POINT('',(-0.0766616665922582,0.0885531449816152,0.033182));
#3121=CARTESIAN_POINT('',(-0.0766616665922582,0.0885531449816152,0.03369));
#3122=CARTESIAN_POINT('',(-0.0766616665922582,0.0805146182434823,0.0265605681958742));
#3123=CARTESIAN_POINT('',(-0.0766616665922582,0.0829651449816152,0.03369));
#3124=CARTESIAN_POINT('',(-0.0786618100057009,0.0834731449816152,0.03369));
#3125=CARTESIAN_POINT('',(-0.0771696665922582,0.0834731449816152,0.03496));
#3126=CARTESIAN_POINT('',(-0.0806619534191436,0.0834731449816152,0.03369));
#3127=CARTESIAN_POINT('',(-0.0806619534191436,0.0857591449816152,0.03369));
#3128=CARTESIAN_POINT('',(-0.0806619534191436,0.0880451449816152,0.03369));
#3129=CARTESIAN_POINT('',(-0.0786618100057009,0.0880451449816152,0.03369));
#3130=CARTESIAN_POINT('',(-0.0771696665922582,0.0880451449816152,0.03369));
#3131=CARTESIAN_POINT('',(-0.0603377828325864,0.0834731449816152,0.03369));
#3132=CARTESIAN_POINT('',(-0.0618473580501549,0.0834731449816152,0.03369));
#3133=CARTESIAN_POINT('',(-0.0583376394191437,0.0834731449816152,0.03369));
#3134=CARTESIAN_POINT('',(-0.0623379262460292,0.0819938816125488,0.03369));
#3135=CARTESIAN_POINT('',(-0.0623379262460292,0.0834731449816152,0.0331994318041258));
#3136=CARTESIAN_POINT('',(-0.0623379262460291,0.0885357131774894,0.0331994318041258));
#3137=CARTESIAN_POINT('',(-0.0623379262460292,0.082982576785741,0.0331994318041258));
#3138=CARTESIAN_POINT('',(-0.0623379262460292,0.082982576785741,0.03496));
#3139=CARTESIAN_POINT('',(-0.0623379262460292,0.0819938816125488,0.0265605681958742));
#3140=CARTESIAN_POINT('',(-0.0623379262460291,0.0885357131774894,0.03369));
#3141=CARTESIAN_POINT('',(-0.0603377828325864,0.0880451449816152,0.03369));
#3142=CARTESIAN_POINT('',(-0.0618473580501549,0.0880451449816152,0.03369));
#3143=CARTESIAN_POINT('',(-0.0583376394191437,0.0880451449816152,0.03369));
#3144=CARTESIAN_POINT('',(-0.0583376394191437,0.0857591449816152,0.03369));
#3145=CARTESIAN_POINT('',(-0.0665933349334374,0.0937992250807882,0.02734));
#3146=CARTESIAN_POINT('',(-0.0665933349334374,0.0937992250807882,0.0265605681958742));
#3147=CARTESIAN_POINT('',(-0.0657367289421686,0.0949294693152954,0.0265605681958742));
#3148=CARTESIAN_POINT('',(-0.0657367289421686,0.0949294693152954,0.02734));
#3149=CARTESIAN_POINT('',(-0.0657367289421686,0.0949294693152954,0.02734));
#3150=CARTESIAN_POINT('',(-0.0665933349334374,0.0937992250807882,0.02734));
#3151=CARTESIAN_POINT('',(-0.0724062579048499,0.0937992250807882,0.02734));
#3152=CARTESIAN_POINT('',(-0.0732628638961188,0.0949294693152954,0.02734));
#3153=CARTESIAN_POINT('',(-0.0732628638961188,0.0949294693152954,0.02734));
#3154=CARTESIAN_POINT('',(-0.0732628638961188,0.0949294693152954,0.0265605681958742));
#3155=CARTESIAN_POINT('',(-0.0724062579048499,0.0937992250807882,0.0265605681958742));
#3156=CARTESIAN_POINT('',(-0.0724062579048499,0.0937992250807882,0.02734));
#3157=CARTESIAN_POINT('',(-0.0694997964191437,0.097781477799755,0.02734));
#3158=CARTESIAN_POINT('',(-0.0694997964191437,0.097781477799755,0.0265605681958742));
#3159=CARTESIAN_POINT('',(-0.0694997964191437,0.097781477799755,0.02734));
#3160=CARTESIAN_POINT('',(-0.0223358425183855,0.0857591449816152,0.02734));
#3161=CARTESIAN_POINT('',(-0.0775716010157521,0.0981742006973325,0.02734));
#3162=CARTESIAN_POINT('',(-0.0784266403952029,0.090410407488225,0.02734));
#3163=CARTESIAN_POINT('',(-0.0784266403952029,0.0811078824750054,0.02734));
#3164=CARTESIAN_POINT('',(-0.0605729524430845,0.0811078824750055,0.02734));
#3165=CARTESIAN_POINT('',(-0.0605729524430845,0.090410407488225,0.02734));
#3166=CARTESIAN_POINT('',(-0.0614279918225352,0.0981742006973324,0.02734));
#3167=CARTESIAN_POINT('',(-0.0704674137840911,0.086977368282808,0.026451));
#3168=CARTESIAN_POINT('',(-0.0704674137840911,0.086977368282808,0.02607));
#3169=CARTESIAN_POINT('',(-0.0707644282270486,0.086977368282808,0.026451));
#3170=CARTESIAN_POINT('',(-0.0707644282270486,0.086977368282808,0.02607));
#3171=CARTESIAN_POINT('',(-0.070990863066048,0.0870783067849068,0.026451));
#3172=CARTESIAN_POINT('',(-0.070990863066048,0.0870783067849068,0.02607));
#3173=CARTESIAN_POINT('',(-0.0711467183010895,0.0872801837891045,0.026451));
#3174=CARTESIAN_POINT('',(-0.0711467183010895,0.0872801837891045,0.02607));
#3175=CARTESIAN_POINT('',(-0.0704674137840911,0.086977368282808,0.02607));
#3176=CARTESIAN_POINT('',(-0.0709129354485273,0.086977368282808,0.02607));
#3177=CARTESIAN_POINT('',(-0.0711467183010895,0.0872801837891045,0.02607));
#3178=CARTESIAN_POINT('',(-0.0704674137840911,0.086977368282808,0.02607));
#3179=CARTESIAN_POINT('',(-0.0711467183010895,0.0872801837891045,0.02607));
#3180=CARTESIAN_POINT('',(-0.0704674137840911,0.086977368282808,0.026451));
#3181=CARTESIAN_POINT('',(-0.0704674137840911,0.086977368282808,0.026451));
#3182=CARTESIAN_POINT('',(-0.0704674137840911,0.086977368282808,0.026451));
#3183=CARTESIAN_POINT('',(-0.0709129354485273,0.086977368282808,0.026451));
#3184=CARTESIAN_POINT('',(-0.0711467183010895,0.0872801837891045,0.026451));
#3185=CARTESIAN_POINT('',(-0.0711467183010895,0.0872801837891045,0.026451));
#3186=CARTESIAN_POINT('',(-0.0711467183010895,0.0872801837891045,0.026451));
#3187=CARTESIAN_POINT('',(-0.069750982461723,0.0872767031511011,0.026451));
#3188=CARTESIAN_POINT('',(-0.069750982461723,0.0872767031511011,0.02607));
#3189=CARTESIAN_POINT('',(-0.0699215337238899,0.087077146572239,0.026451));
#3190=CARTESIAN_POINT('',(-0.0699215337238899,0.087077146572239,0.02607));
#3191=CARTESIAN_POINT('',(-0.0701603441646793,0.086977368282808,0.026451));
#3192=CARTESIAN_POINT('',(-0.0701603441646793,0.086977368282808,0.02607));
#3193=CARTESIAN_POINT('',(-0.0704674137840911,0.086977368282808,0.026451));
#3194=CARTESIAN_POINT('',(-0.0704674137840911,0.086977368282808,0.02607));
#3195=CARTESIAN_POINT('',(-0.069750982461723,0.0872767031511011,0.02607));
#3196=CARTESIAN_POINT('',(-0.0700068093549734,0.086977368282808,0.02607));
#3197=CARTESIAN_POINT('',(-0.0704674137840911,0.086977368282808,0.02607));
#3198=CARTESIAN_POINT('',(-0.069750982461723,0.0872767031511011,0.02607));
#3199=CARTESIAN_POINT('',(-0.069750982461723,0.0872767031511011,0.026451));
#3200=CARTESIAN_POINT('',(-0.069750982461723,0.0872767031511011,0.026451));
#3201=CARTESIAN_POINT('',(-0.069750982461723,0.0872767031511011,0.026451));
#3202=CARTESIAN_POINT('',(-0.0700068093549734,0.086977368282808,0.026451));
#3203=CARTESIAN_POINT('',(-0.0704674137840911,0.086977368282808,0.026451));
#3204=CARTESIAN_POINT('',(-0.0694951555684725,0.0881224981859292,0.026451));
#3205=CARTESIAN_POINT('',(-0.0694951555684725,0.0881224981859292,0.02607));
#3206=CARTESIAN_POINT('',(-0.0694951555684725,0.0877581914082391,0.026451));
#3207=CARTESIAN_POINT('',(-0.0694951555684725,0.0877581914082391,0.02607));
#3208=CARTESIAN_POINT('',(-0.069580431199556,0.0874762597299631,0.026451));
#3209=CARTESIAN_POINT('',(-0.069580431199556,0.0874762597299631,0.02607));
#3210=CARTESIAN_POINT('',(-0.069750982461723,0.0872767031511011,0.026451));
#3211=CARTESIAN_POINT('',(-0.069750982461723,0.0872767031511011,0.02607));
#3212=CARTESIAN_POINT('',(-0.0694951555684725,0.0881224981859292,0.02607));
#3213=CARTESIAN_POINT('',(-0.0694951555684725,0.0875760380193941,0.02607));
#3214=CARTESIAN_POINT('',(-0.069750982461723,0.0872767031511011,0.02607));
#3215=CARTESIAN_POINT('',(-0.0694951555684725,0.0881224981859292,0.02607));
#3216=CARTESIAN_POINT('',(-0.0694951555684725,0.0881224981859292,0.026451));
#3217=CARTESIAN_POINT('',(-0.0694951555684725,0.0881224981859292,0.026451));
#3218=CARTESIAN_POINT('',(-0.0694951555684725,0.0881224981859292,0.026451));
#3219=CARTESIAN_POINT('',(-0.0694951555684725,0.0875760380193941,0.026451));
#3220=CARTESIAN_POINT('',(-0.069750982461723,0.0872767031511011,0.026451));
#3221=CARTESIAN_POINT('',(-0.0694951555684725,0.0889584314130809,0.026451));
#3222=CARTESIAN_POINT('',(-0.0694951555684725,0.0889584314130809,0.02607));
#3223=CARTESIAN_POINT('',(-0.0694951555684725,0.0897943646402327,0.02607));
#3224=CARTESIAN_POINT('',(-0.0694951555684725,0.0897943646402327,0.026451));
#3225=CARTESIAN_POINT('',(-0.0694951555684725,0.0897943646402327,0.026451));
#3226=CARTESIAN_POINT('',(-0.0694951555684725,0.0889584314130809,0.026451));
#3227=CARTESIAN_POINT('',(-0.0704378283610621,0.0897943646402327,0.026451));
#3228=CARTESIAN_POINT('',(-0.0704378283610621,0.0897943646402327,0.02607));
#3229=CARTESIAN_POINT('',(-0.0713805011536517,0.0897943646402327,0.02607));
#3230=CARTESIAN_POINT('',(-0.0713805011536517,0.0897943646402327,0.026451));
#3231=CARTESIAN_POINT('',(-0.0713805011536517,0.0897943646402327,0.026451));
#3232=CARTESIAN_POINT('',(-0.0704378283610621,0.0897943646402327,0.026451));
#3233=CARTESIAN_POINT('',(-0.0713805011536517,0.0889729340714285,0.026451));
#3234=CARTESIAN_POINT('',(-0.0713805011536517,0.0889729340714285,0.02607));
#3235=CARTESIAN_POINT('',(-0.0713805011536517,0.0881515035026242,0.02607));
#3236=CARTESIAN_POINT('',(-0.0713805011536517,0.0881515035026242,0.026451));
#3237=CARTESIAN_POINT('',(-0.0713805011536517,0.0881515035026242,0.026451));
#3238=CARTESIAN_POINT('',(-0.0713805011536517,0.0889729340714285,0.026451));
#3239=CARTESIAN_POINT('',(-0.0678871008108981,0.0875389112140244,0.026451));
#3240=CARTESIAN_POINT('',(-0.0668266664325265,0.0868752695680413,0.026451));
#3241=CARTESIAN_POINT('',(-0.0668266664325265,0.0868752695680413,0.026451));
#3242=CARTESIAN_POINT('',(-0.0678871008108981,0.0875389112140244,0.026451));
#3243=CARTESIAN_POINT('',(-0.0689475351892696,0.0882025528600075,0.026451));
#3244=CARTESIAN_POINT('',(-0.0689475351892696,0.0882025528600075,0.026451));
#3245=CARTESIAN_POINT('',(-0.0668266664325265,0.0864767365166511,0.026451));
#3246=CARTESIAN_POINT('',(-0.0668266664325265,0.0860782034652609,0.026451));
#3247=CARTESIAN_POINT('',(-0.0668266664325265,0.0860782034652609,0.026451));
#3248=CARTESIAN_POINT('',(-0.0668266664325265,0.0864767365166511,0.026451));
#3249=CARTESIAN_POINT('',(-0.0679271281479373,0.0868033363826376,0.026451));
#3250=CARTESIAN_POINT('',(-0.069027589863348,0.0875284693000142,0.026451));
#3251=CARTESIAN_POINT('',(-0.069027589863348,0.0875284693000142,0.026451));
#3252=CARTESIAN_POINT('',(-0.0679271281479373,0.0868033363826376,0.026451));
#3253=CARTESIAN_POINT('',(-0.0695166195028268,0.086613061505118,0.026451));
#3254=CARTESIAN_POINT('',(-0.0695166195028268,0.086613061505118,0.02607));
#3255=CARTESIAN_POINT('',(-0.0692578920779069,0.0868342753871123,0.026451));
#3256=CARTESIAN_POINT('',(-0.0692578920779069,0.0868342753871123,0.02607));
#3257=CARTESIAN_POINT('',(-0.0690948821980806,0.0871394113187444,0.026451));
#3258=CARTESIAN_POINT('',(-0.0690948821980806,0.0871394113187444,0.02607));
#3259=CARTESIAN_POINT('',(-0.069027589863348,0.0875284693000142,0.026451));
#3260=CARTESIAN_POINT('',(-0.069027589863348,0.0875284693000142,0.02607));
#3261=CARTESIAN_POINT('',(-0.0695166195028268,0.086613061505118,0.026451));
#3262=CARTESIAN_POINT('',(-0.0695166195028268,0.086613061505118,0.026451));
#3263=CARTESIAN_POINT('',(-0.0695166195028268,0.086613061505118,0.026451));
#3264=CARTESIAN_POINT('',(-0.0691285283654469,0.0869448823281095,0.026451));
#3265=CARTESIAN_POINT('',(-0.069027589863348,0.0875284693000142,0.026451));
#3266=CARTESIAN_POINT('',(-0.0704743750600979,0.0862812406821264,0.026451));
#3267=CARTESIAN_POINT('',(-0.0704743750600979,0.0862812406821264,0.02607));
#3268=CARTESIAN_POINT('',(-0.0700945987801705,0.0862812406821264,0.026451));
#3269=CARTESIAN_POINT('',(-0.0700945987801705,0.0862812406821264,0.02607));
#3270=CARTESIAN_POINT('',(-0.0697753469277468,0.0863918476231236,0.026451));
#3271=CARTESIAN_POINT('',(-0.0697753469277468,0.0863918476231236,0.02607));
#3272=CARTESIAN_POINT('',(-0.0695166195028268,0.086613061505118,0.026451));
#3273=CARTESIAN_POINT('',(-0.0695166195028268,0.086613061505118,0.02607));
#3274=CARTESIAN_POINT('',(-0.0704743750600979,0.0862812406821264,0.026451));
#3275=CARTESIAN_POINT('',(-0.0704743750600979,0.0862812406821264,0.026451));
#3276=CARTESIAN_POINT('',(-0.0704743750600979,0.0862812406821264,0.026451));
#3277=CARTESIAN_POINT('',(-0.0699047106402068,0.0862812406821264,0.026451));
#3278=CARTESIAN_POINT('',(-0.0695166195028268,0.086613061505118,0.026451));
#3279=CARTESIAN_POINT('',(-0.071549312096817,0.0867505467062526,0.026451));
#3280=CARTESIAN_POINT('',(-0.071549312096817,0.0867505467062526,0.02607));
#3281=CARTESIAN_POINT('',(-0.0712921316221207,0.0864376760235018,0.026451));
#3282=CARTESIAN_POINT('',(-0.0712921316221207,0.0864376760235018,0.02607));
#3283=CARTESIAN_POINT('',(-0.0709338192765477,0.0862812406821264,0.026451));
#3284=CARTESIAN_POINT('',(-0.0709338192765477,0.0862812406821264,0.02607));
#3285=CARTESIAN_POINT('',(-0.0704743750600979,0.0862812406821264,0.026451));
#3286=CARTESIAN_POINT('',(-0.0704743750600979,0.0862812406821264,0.02607));
#3287=CARTESIAN_POINT('',(-0.071549312096817,0.0867505467062526,0.026451));
#3288=CARTESIAN_POINT('',(-0.071549312096817,0.0867505467062526,0.026451));
#3289=CARTESIAN_POINT('',(-0.071549312096817,0.0867505467062526,0.026451));
#3290=CARTESIAN_POINT('',(-0.0711635413847726,0.0862812406821264,0.026451));
#3291=CARTESIAN_POINT('',(-0.0704743750600979,0.0862812406821264,0.026451));
#3292=CARTESIAN_POINT('',(-0.0719350828088614,0.0880830509552239,0.026451));
#3293=CARTESIAN_POINT('',(-0.0719350828088614,0.0880830509552239,0.02607));
#3294=CARTESIAN_POINT('',(-0.0719350828088614,0.0875075854719938,0.026451));
#3295=CARTESIAN_POINT('',(-0.0719350828088614,0.0875075854719938,0.02607));
#3296=CARTESIAN_POINT('',(-0.0718064925715133,0.0870634173890033,0.026451));
#3297=CARTESIAN_POINT('',(-0.0718064925715133,0.0870634173890033,0.02607));
#3298=CARTESIAN_POINT('',(-0.071549312096817,0.0867505467062526,0.026451));
#3299=CARTESIAN_POINT('',(-0.071549312096817,0.0867505467062526,0.02607));
#3300=CARTESIAN_POINT('',(-0.0719350828088614,0.0880830509552239,0.026451));
#3301=CARTESIAN_POINT('',(-0.0719350828088614,0.0880830509552239,0.026451));
#3302=CARTESIAN_POINT('',(-0.0719350828088614,0.0880830509552239,0.026451));
#3303=CARTESIAN_POINT('',(-0.0719350828088614,0.0872198527303787,0.026451));
#3304=CARTESIAN_POINT('',(-0.071549312096817,0.0867505467062526,0.026451));
#3305=CARTESIAN_POINT('',(-0.0719350828088614,0.0892850312790674,0.026451));
#3306=CARTESIAN_POINT('',(-0.0719350828088614,0.0904870116029109,0.026451));
#3307=CARTESIAN_POINT('',(-0.0719350828088614,0.0904870116029109,0.026451));
#3308=CARTESIAN_POINT('',(-0.0719350828088614,0.0892850312790674,0.026451));
#3309=CARTESIAN_POINT('',(-0.0693808746206939,0.0904870116029109,0.026451));
#3310=CARTESIAN_POINT('',(-0.0668266664325265,0.0904870116029109,0.026451));
#3311=CARTESIAN_POINT('',(-0.0668266664325265,0.0904870116029109,0.026451));
#3312=CARTESIAN_POINT('',(-0.0693808746206939,0.0904870116029109,0.026451));
#3313=CARTESIAN_POINT('',(-0.0668266664325265,0.0901406881215718,0.026451));
#3314=CARTESIAN_POINT('',(-0.0668266664325265,0.0897943646402327,0.026451));
#3315=CARTESIAN_POINT('',(-0.0668266664325265,0.0897943646402327,0.026451));
#3316=CARTESIAN_POINT('',(-0.0668266664325265,0.0901406881215718,0.026451));
#3317=CARTESIAN_POINT('',(-0.0678871008108981,0.0897943646402327,0.026451));
#3318=CARTESIAN_POINT('',(-0.0689475351892697,0.0897943646402327,0.026451));
#3319=CARTESIAN_POINT('',(-0.0689475351892697,0.0897943646402327,0.026451));
#3320=CARTESIAN_POINT('',(-0.0678871008108981,0.0897943646402327,0.026451));
#3321=CARTESIAN_POINT('',(-0.0689475351892696,0.0889984587501201,0.026451));
#3322=CARTESIAN_POINT('',(-0.0689475351892696,0.0889984587501201,0.026451));
#3323=CARTESIAN_POINT('',(-0.0711467183010895,0.0872801837891045,0.026451));
#3324=CARTESIAN_POINT('',(-0.0711467183010895,0.0872801837891045,0.02607));
#3325=CARTESIAN_POINT('',(-0.071302573536131,0.0874820607933021,0.026451));
#3326=CARTESIAN_POINT('',(-0.071302573536131,0.0874820607933021,0.02607));
#3327=CARTESIAN_POINT('',(-0.0713805011536517,0.0877725006978087,0.026451));
#3328=CARTESIAN_POINT('',(-0.0713805011536517,0.0877725006978087,0.02607));
#3329=CARTESIAN_POINT('',(-0.0713805011536517,0.0881515035026242,0.026451));
#3330=CARTESIAN_POINT('',(-0.0713805011536517,0.0881515035026242,0.02607));
#3331=CARTESIAN_POINT('',(-0.0711467183010895,0.0872801837891045,0.02607));
#3332=CARTESIAN_POINT('',(-0.0713805011536517,0.0875829992954009,0.02607));
#3333=CARTESIAN_POINT('',(-0.0713805011536517,0.0881515035026242,0.02607));
#3334=CARTESIAN_POINT('',(-0.0711467183010895,0.0872801837891045,0.026451));
#3335=CARTESIAN_POINT('',(-0.0713805011536517,0.0875829992954009,0.026451));
#3336=CARTESIAN_POINT('',(-0.0713805011536517,0.0881515035026242,0.026451));
#3337=CARTESIAN_POINT('',(-0.0694997964191437,0.0857591449816152,0.026451));
#3338=CARTESIAN_POINT('',(-0.0679433711252865,0.082468781855727,0.026451));
#3339=CARTESIAN_POINT('',(-0.0668266664325265,0.0817018812823095,0.026451));
#3340=CARTESIAN_POINT('',(-0.0668266664325265,0.0817018812823095,0.026451));
#3341=CARTESIAN_POINT('',(-0.0679433711252865,0.082468781855727,0.026451));
#3342=CARTESIAN_POINT('',(-0.0690600758180465,0.0832356824291445,0.026451));
#3343=CARTESIAN_POINT('',(-0.0690600758180465,0.0832356824291445,0.026451));
#3344=CARTESIAN_POINT('',(-0.0668266664325265,0.0813195912082685,0.026451));
#3345=CARTESIAN_POINT('',(-0.0668266664325265,0.0809373011342276,0.026451));
#3346=CARTESIAN_POINT('',(-0.0668266664325265,0.0809373011342276,0.026451));
#3347=CARTESIAN_POINT('',(-0.0668266664325265,0.0813195912082685,0.026451));
#3348=CARTESIAN_POINT('',(-0.0681661319575046,0.0818851948838223,0.026451));
#3349=CARTESIAN_POINT('',(-0.0695055974824827,0.082833088633417,0.026451));
#3350=CARTESIAN_POINT('',(-0.0695055974824827,0.082833088633417,0.026451));
#3351=CARTESIAN_POINT('',(-0.0681661319575046,0.0818851948838223,0.026451));
#3352=CARTESIAN_POINT('',(-0.0707203401456721,0.0819594484945617,0.026451));
#3353=CARTESIAN_POINT('',(-0.0719350828088614,0.0810858083557063,0.026451));
#3354=CARTESIAN_POINT('',(-0.0719350828088614,0.0810858083557063,0.026451));
#3355=CARTESIAN_POINT('',(-0.0707203401456721,0.0819594484945617,0.026451));
#3356=CARTESIAN_POINT('',(-0.0719350828088614,0.0814680984297472,0.026451));
#3357=CARTESIAN_POINT('',(-0.0719350828088614,0.0818503885037882,0.026451));
#3358=CARTESIAN_POINT('',(-0.0719350828088614,0.0818503885037882,0.026451));
#3359=CARTESIAN_POINT('',(-0.0719350828088614,0.0814680984297472,0.026451));
#3360=CARTESIAN_POINT('',(-0.0709326590638799,0.0825412951474647,0.026451));
#3361=CARTESIAN_POINT('',(-0.0699302353188985,0.0832322017911411,0.026451));
#3362=CARTESIAN_POINT('',(-0.0699302353188985,0.0832322017911411,0.026451));
#3363=CARTESIAN_POINT('',(-0.0709326590638799,0.0825412951474647,0.026451));
#3364=CARTESIAN_POINT('',(-0.0709326590638799,0.0839428320501702,0.026451));
#3365=CARTESIAN_POINT('',(-0.0719350828088614,0.0846534623091993,0.026451));
#3366=CARTESIAN_POINT('',(-0.0719350828088614,0.0846534623091993,0.026451));
#3367=CARTESIAN_POINT('',(-0.0709326590638799,0.0839428320501702,0.026451));
#3368=CARTESIAN_POINT('',(-0.0719350828088614,0.0850357523832403,0.026451));
#3369=CARTESIAN_POINT('',(-0.0719350828088614,0.0854180424572813,0.026451));
#3370=CARTESIAN_POINT('',(-0.0719350828088614,0.0854180424572813,0.026451));
#3371=CARTESIAN_POINT('',(-0.0719350828088614,0.0850357523832403,0.026451));
#3372=CARTESIAN_POINT('',(-0.0707081579126601,0.0845206179587359,0.026451));
#3373=CARTESIAN_POINT('',(-0.0694812330164588,0.0836231934601906,0.026451));
#3374=CARTESIAN_POINT('',(-0.0694812330164588,0.0836231934601906,0.026451));
#3375=CARTESIAN_POINT('',(-0.0707081579126601,0.0845206179587359,0.026451));
#3376=CARTESIAN_POINT('',(-0.0681539497244927,0.0845948715694753,0.026451));
#3377=CARTESIAN_POINT('',(-0.0668266664325265,0.08556654967876,0.026451));
#3378=CARTESIAN_POINT('',(-0.0668266664325265,0.08556654967876,0.026451));
#3379=CARTESIAN_POINT('',(-0.0681539497244927,0.0845948715694753,0.026451));
#3380=CARTESIAN_POINT('',(-0.0668266664325265,0.085184259604719,0.026451));
#3381=CARTESIAN_POINT('',(-0.0668266664325265,0.0848019695306781,0.026451));
#3382=CARTESIAN_POINT('',(-0.0668266664325265,0.0848019695306781,0.026451));
#3383=CARTESIAN_POINT('',(-0.0668266664325265,0.085184259604719,0.026451));
#3384=CARTESIAN_POINT('',(-0.0679433711252865,0.0840188259799113,0.026451));
#3385=CARTESIAN_POINT('',(-0.0679433711252865,0.0840188259799113,0.026451));
#3386=CARTESIAN_POINT('',(-0.0694997964191437,0.0857591449816152,0.026451));
#3387=CARTESIAN_POINT('',(-0.0694997964191437,0.0857591449816152,0.02607));
#3388=CARTESIAN_POINT('',(-0.0711331317268452,0.0869970409757834,0.0265605681958742));
#3389=CARTESIAN_POINT('',(-0.076171098396384,0.0803497225587704,0.0265605681958742));
#3390=CARTESIAN_POINT('',(-0.078474943234373,0.078122099989809,0.0265605681958742));
#3391=CARTESIAN_POINT('',(-0.078474943234373,0.078122099989809,0.0262907918185794));
#3392=CARTESIAN_POINT('',(-0.0782209239939839,0.0780508323629581,0.02607));
#3393=CARTESIAN_POINT('',(-0.0779634040446188,0.0779848743718096,0.02607));
#3394=CARTESIAN_POINT('',(-0.0737780722338544,0.0786058685669045,0.0265605681958742));
#3395=CARTESIAN_POINT('',(-0.0751567697702587,0.0740899165814633,0.0265605681958742));
#3396=CARTESIAN_POINT('',(-0.0751567697702587,0.0740899165814633,0.0264149317598971));
#3397=CARTESIAN_POINT('',(-0.0752091650787094,0.0742499724040529,0.0261477632403477));
#3398=CARTESIAN_POINT('',(-0.0752935987593888,0.0745324611524815,0.02607));
#3399=CARTESIAN_POINT('',(-0.0753322842589202,0.0746705082101292,0.02607));
#3400=CARTESIAN_POINT('',(-0.076171098396384,0.0857591449816152,0.0265605681958742));
#3401=CARTESIAN_POINT('',(-0.076171098396384,0.09116856740446,0.0265605681958742));
#3402=CARTESIAN_POINT('',(-0.0727972259544057,0.0780153774522562,0.0265605681958742));
#3403=CARTESIAN_POINT('',(-0.0736538319456746,0.076885133217749,0.0265605681958742));
#3404=CARTESIAN_POINT('',(-0.0752023615838816,0.0898903727522562,0.0265605681958742));
#3405=CARTESIAN_POINT('',(-0.078474943234373,0.0933961899734215,0.0265605681958742));
#3406=CARTESIAN_POINT('',(-0.078474943234373,0.0933961899734215,0.0262907918185794));
#3407=CARTESIAN_POINT('',(-0.0782209239939837,0.0934674576002717,0.02607));
#3408=CARTESIAN_POINT('',(-0.0779634040446188,0.0935334155914208,0.02607));
#3409=CARTESIAN_POINT('',(-0.0694997964191437,0.0737368121634754,0.0265605681958742));
#3410=CARTESIAN_POINT('',(-0.0653457608926127,0.076885133217749,0.0265605681958742));
#3411=CARTESIAN_POINT('',(-0.0737780722338544,0.0929124213963259,0.0265605681958742));
#3412=CARTESIAN_POINT('',(-0.0751567697702587,0.0974283733817671,0.0265605681958742));
#3413=CARTESIAN_POINT('',(-0.0751567697702587,0.0974283733817671,0.0264149317598971));
#3414=CARTESIAN_POINT('',(-0.0752091650787095,0.0972683175591775,0.0261477632403477));
#3415=CARTESIAN_POINT('',(-0.0752935987593887,0.0969858288107489,0.02607));
#3416=CARTESIAN_POINT('',(-0.0753322842589202,0.0968477817531012,0.02607));
#3417=CARTESIAN_POINT('',(-0.0662023668838816,0.0780153774522562,0.0265605681958742));
#3418=CARTESIAN_POINT('',(-0.0638428230680286,0.0740899165814633,0.0265605681958742));
#3419=CARTESIAN_POINT('',(-0.0638428230680286,0.0740899165814633,0.0264149317598971));
#3420=CARTESIAN_POINT('',(-0.0637904277595763,0.0742499724040525,0.0261477632403477));
#3421=CARTESIAN_POINT('',(-0.0637059940789018,0.0745324611524824,0.02607));
#3422=CARTESIAN_POINT('',(-0.0636673085793671,0.0746705082101292,0.02607));
#3423=CARTESIAN_POINT('',(-0.0678664611114421,0.0869970409757834,0.0265605681958742));
#3424=CARTESIAN_POINT('',(-0.0736538319456746,0.0946331567454814,0.0265605681958742));
#3425=CARTESIAN_POINT('',(-0.065221520604433,0.0786058685669045,0.0265605681958742));
#3426=CARTESIAN_POINT('',(-0.0605246496039144,0.078122099989809,0.0265605681958742));
#3427=CARTESIAN_POINT('',(-0.0605246496039144,0.078122099989809,0.0262907918185794));
#3428=CARTESIAN_POINT('',(-0.0607786688443032,0.0780508323629569,0.02607));
#3429=CARTESIAN_POINT('',(-0.0610361887936686,0.0779848743718097,0.02607));
#3430=CARTESIAN_POINT('',(-0.0694997964191437,0.097781477799755,0.0265605681958742));
#3431=CARTESIAN_POINT('',(-0.0653457608926127,0.0946331567454814,0.0265605681958742));
#3432=CARTESIAN_POINT('',(-0.0678664611114421,0.0869970409757834,0.0265605681958742));
#3433=CARTESIAN_POINT('',(-0.0628284944419034,0.0803497225587704,0.0265605681958742));
#3434=CARTESIAN_POINT('',(-0.0711331317268452,0.0869970409757834,0.0265605681958742));
#3435=CARTESIAN_POINT('',(-0.0638428230680286,0.0974283733817671,0.0265605681958742));
#3436=CARTESIAN_POINT('',(-0.0638428230680286,0.0974283733817671,0.0264149317598971));
#3437=CARTESIAN_POINT('',(-0.0637904277595763,0.0972683175591779,0.0261477632403477));
#3438=CARTESIAN_POINT('',(-0.0637059940789018,0.096985828810748,0.02607));
#3439=CARTESIAN_POINT('',(-0.0636673085793671,0.0968477817531012,0.02607));
#3440=CARTESIAN_POINT('',(-0.0628284944419034,0.0819938816125488,0.0265605681958742));
#3441=CARTESIAN_POINT('',(-0.0628284944419034,0.09116856740446,0.0265605681958742));
#3442=CARTESIAN_POINT('',(-0.065221520604433,0.0929124213963259,0.0265605681958742));
#3443=CARTESIAN_POINT('',(-0.0605246496039144,0.0933961899734214,0.0265605681958742));
#3444=CARTESIAN_POINT('',(-0.0605246496039144,0.0933961899734214,0.0262907918185794));
#3445=CARTESIAN_POINT('',(-0.0607786688443034,0.093467457600273,0.02607));
#3446=CARTESIAN_POINT('',(-0.0610361887936686,0.0935334155914208,0.02607));
#3447=CARTESIAN_POINT('',(-0.0637972312544057,0.0898903727522562,0.0265605681958742));
#3448=CARTESIAN_POINT('',(-0.0618473580501549,0.0885357131774894,0.03369));
#3449=CARTESIAN_POINT('',(-0.0618473580501549,0.0885357131774894,0.0331994318041258));
#3450=CARTESIAN_POINT('',(-0.0618473580501549,0.0857591449816153,0.0331994318041258));
#3451=CARTESIAN_POINT('',(-0.0618473580501549,0.082982576785741,0.0331994318041258));
#3452=CARTESIAN_POINT('',(-0.0618473580501549,0.082982576785741,0.03369));
#3453=CARTESIAN_POINT('',(-0.0583376394191437,0.0857591449816152,0.033688));
#3454=CARTESIAN_POINT('',(-0.0806619534191437,0.0857591449816152,0.033688));
#3455=CARTESIAN_POINT('',(-0.0771696665922582,0.0829651449816152,0.03369));
#3456=CARTESIAN_POINT('',(-0.0771696665922582,0.0829651449816152,0.033182));
#3457=CARTESIAN_POINT('',(-0.0771696665922582,0.0819938816125487,0.033182));
#3458=CARTESIAN_POINT('',(-0.0771696665922582,0.0885531449816152,0.033182));
#3459=CARTESIAN_POINT('',(-0.0771696665922582,0.0885531449816152,0.03369));
#3460=CARTESIAN_POINT('',(-0.0746455097213562,0.0954922445508116,0.05909));
#3461=CARTESIAN_POINT('',(-0.0746607805270438,0.095512393534429,0.03496));
#3462=CARTESIAN_POINT('',(-0.073870154903296,0.0944692067461007,0.05909));
#3463=CARTESIAN_POINT('',(-0.0643540831169311,0.0954922445508116,0.05909));
#3464=CARTESIAN_POINT('',(-0.0643388123112435,0.095512393534429,0.03369));
#3465=CARTESIAN_POINT('',(-0.0651294379349913,0.0944692067461007,0.05909));
#3466=CARTESIAN_POINT('',(-0.0694997964191437,0.097781477799755,0.05909));
#3467=CARTESIAN_POINT('',(-0.0784266403952029,0.0811078824750054,0.02607));
#3468=CARTESIAN_POINT('',(-0.0605729524430845,0.0811078824750055,0.02607));
#3469=CARTESIAN_POINT('',(-0.0605729524430845,0.090410407488225,0.02607));
#3470=CARTESIAN_POINT('',(-0.0784266403952029,0.090410407488225,0.02607));
#3471=CARTESIAN_POINT('',(-0.0614279918225352,0.0981742006973324,0.02607));
#3472=CARTESIAN_POINT('',(-0.0775716010157521,0.0981742006973325,0.02607));
#3473=CARTESIAN_POINT('',(-0.0663527309922782,0.097038731608478,0.02607));
#3474=CARTESIAN_POINT('',(-0.0726468618460091,0.097038731608478,0.02607));
#3475=MECHANICAL_DESIGN_GEOMETRIC_PRESENTATION_REPRESENTATION('',(#2028),
#3476);
#3476=(
GEOMETRIC_REPRESENTATION_CONTEXT(3)
GLOBAL_UNCERTAINTY_ASSIGNED_CONTEXT((#3477))
GLOBAL_UNIT_ASSIGNED_CONTEXT((#3480,#3479,#3478))
REPRESENTATION_CONTEXT('Part 3','TOP_LEVEL_ASSEMBLY_PART')
);
#3477=UNCERTAINTY_MEASURE_WITH_UNIT(LENGTH_MEASURE(2.E-5),#3480,
'DISTANCE_ACCURACY_VALUE','Maximum Tolerance applied to model');
#3478=(
NAMED_UNIT(*)
SI_UNIT($,.STERADIAN.)
SOLID_ANGLE_UNIT()
);
#3479=(
NAMED_UNIT(*)
PLANE_ANGLE_UNIT()
SI_UNIT($,.RADIAN.)
);
#3480=(
LENGTH_UNIT()
NAMED_UNIT(*)
SI_UNIT($,.METRE.)
);
#3481=PRODUCT_DEFINITION_SHAPE('','',#3482);
#3482=PRODUCT_DEFINITION('','',#3484,#3483);
#3483=PRODUCT_DEFINITION_CONTEXT('',#3490,'design');
#3484=PRODUCT_DEFINITION_FORMATION_WITH_SPECIFIED_SOURCE('','',#3486,
 .NOT_KNOWN.);
#3485=PRODUCT_RELATED_PRODUCT_CATEGORY('','',(#3486));
#3486=PRODUCT('Part 3','Part 3','Part 3',(#3488));
#3487=PRODUCT_CATEGORY('','');
#3488=PRODUCT_CONTEXT('',#3490,'mechanical');
#3489=APPLICATION_PROTOCOL_DEFINITION('international standard',
'ap242_managed_model_based_3d_engineering',2020,#3490);
#3490=APPLICATION_CONTEXT('managed model based 3d engineering');
ENDSEC;
END-ISO-10303-21;
