ISO-10303-21;
HEADER;
/* Generated by software containing ST-Developer
 * from STEP Tools, Inc. (www.steptools.com) 
 */
/* OPTION: using custom renumber hook */

FILE_DESCRIPTION(
/* description */ ('STEP AP242 Edition 2',
'CAx-IF Rec.Pracs.---Representation and Presentation of Product Manufa
cturing Information (PMI)---4.0---2014-10-13',
'CAx-IF Rec.Pracs.---3D Tessellated Geometry---0.4---2014-09-14','2;1',
'CAx-IF Rec.Pracs.---User Defined Attributes---1.5---2016-08-15'),
/* implementation_level */ '2;1');

FILE_NAME(
/* name */ 'DEXI 3 Battery Mount - DEXI 3 Battery Mount',
/* time_stamp */ '2026-10-01T05:17:45Z',
/* author */ (''),
/* organization */ (''),
/* preprocessor_version */ 'ST-DEVELOPER v20',
/* originating_system */ 'ONSHAPE BY PTC INC, 1.221',
/* authorisation */ '  ');

FILE_SCHEMA (('AP242_MANAGED_MODEL_BASED_3D_ENGINEERING_MIM_LF { 1 0 10303 442 3 1 4 }'));
ENDSEC;

DATA;
#10=SHAPE_REPRESENTATION_RELATIONSHIP('','',#2648,#11);
#11=ADVANCED_BREP_SHAPE_REPRESENTATION('',(#2646),#4766);
#12=(
BOUNDED_SURFACE()
B_SPLINE_SURFACE(3,2,((#4606,#4607,#4608),(#4609,#4610,#4611),(#4612,#4613,
#4614),(#4615,#4616,#4617),(#4618,#4619,#4620),(#4621,#4622,#4623),(#4624,
#4625,#4626),(#4627,#4628,#4629),(#4630,#4631,#4632),(#4633,#4634,#4635),
(#4636,#4637,#4638)),.UNSPECIFIED.,.F.,.F.,.F.)
B_SPLINE_SURFACE_WITH_KNOTS((4,1,1,1,1,1,1,1,4),(3,3),(1.67015933295796,
2.03801766311592,2.40587599327388,2.77373432343184,3.14159265358979,3.50945098374775,
3.87730931390571,4.24516764406367,4.61302597422163),(0.,1.),
 .UNSPECIFIED.)
GEOMETRIC_REPRESENTATION_ITEM()
RATIONAL_B_SPLINE_SURFACE(((1.,0.997536826977532,1.),(1.,0.991469972962568,
1.),(1.,0.956412973961008,1.),(1.,0.8529150891486,1.),(1.,0.741447560464617,
1.),(1.,0.689936391547514,1.),(1.,0.741447560464614,1.),(1.,0.852915089148613,
1.),(1.,0.956412973960987,1.),(1.,0.991469972962611,1.),(1.,0.997536826977533,
1.)))
REPRESENTATION_ITEM('')
SURFACE()
);
#13=(
BOUNDED_SURFACE()
B_SPLINE_SURFACE(3,2,((#4656,#4657,#4658),(#4659,#4660,#4661),(#4662,#4663,
#4664),(#4665,#4666,#4667),(#4668,#4669,#4670),(#4671,#4672,#4673),(#4674,
#4675,#4676),(#4677,#4678,#4679),(#4680,#4681,#4682),(#4683,#4684,#4685),
(#4686,#4687,#4688)),.UNSPECIFIED.,.F.,.F.,.F.)
B_SPLINE_SURFACE_WITH_KNOTS((4,1,1,1,1,1,1,1,4),(3,3),(1.67015933295796,
2.03801766311592,2.40587599327388,2.77373432343184,3.14159265358979,3.50945098374775,
3.87730931390571,4.24516764406367,4.61302597422163),(0.,1.),
 .UNSPECIFIED.)
GEOMETRIC_REPRESENTATION_ITEM()
RATIONAL_B_SPLINE_SURFACE(((1.,0.997536826977532,1.),(1.,0.991469972962568,
1.),(1.,0.956412973961007,1.),(1.,0.852915089148602,1.),(1.,0.74144756046461,
1.),(1.,0.689936391547517,1.),(1.,0.741447560464606,1.),(1.,0.852915089148617,
1.),(1.,0.956412973960985,1.),(1.,0.991469972962611,1.),(1.,0.997536826977533,
1.)))
REPRESENTATION_ITEM('')
SURFACE()
);
#14=(
BOUNDED_SURFACE()
B_SPLINE_SURFACE(3,2,((#4705,#4706,#4707),(#4708,#4709,#4710),(#4711,#4712,
#4713),(#4714,#4715,#4716)),.UNSPECIFIED.,.F.,.F.,.F.)
B_SPLINE_SURFACE_WITH_KNOTS((4,4),(3,3),(-2.90227369047213E-17,0.00138917483210066),
(0.,1.),.PIECEWISE_BEZIER_KNOTS.)
GEOMETRIC_REPRESENTATION_ITEM()
RATIONAL_B_SPLINE_SURFACE(((1.,0.747176475285374,1.),(1.,0.733424717625769,
1.),(1.,0.719970210938321,1.),(1.,0.707106781186548,1.)))
REPRESENTATION_ITEM('')
SURFACE()
);
#15=(
BOUNDED_SURFACE()
B_SPLINE_SURFACE(3,2,((#4722,#4723,#4724),(#4725,#4726,#4727),(#4728,#4729,
#4730),(#4731,#4732,#4733)),.UNSPECIFIED.,.F.,.F.,.F.)
B_SPLINE_SURFACE_WITH_KNOTS((4,4),(3,3),(-6.93889390390723E-18,0.00138352478820903),
(0.,1.),.PIECEWISE_BEZIER_KNOTS.)
GEOMETRIC_REPRESENTATION_ITEM()
RATIONAL_B_SPLINE_SURFACE(((1.,0.707106781186548,1.),(1.,0.719972947474496,
1.),(1.,0.733421696517358,1.),(1.,0.747176475285374,1.)))
REPRESENTATION_ITEM('')
SURFACE()
);
#16=(
BOUNDED_SURFACE()
B_SPLINE_SURFACE(3,2,((#4735,#4736,#4737),(#4738,#4739,#4740),(#4741,#4742,
#4743),(#4744,#4745,#4746)),.UNSPECIFIED.,.F.,.F.,.F.)
B_SPLINE_SURFACE_WITH_KNOTS((4,4),(3,3),(-8.46761896711179E-17,0.00138352478820893),
(0.,1.),.PIECEWISE_BEZIER_KNOTS.)
GEOMETRIC_REPRESENTATION_ITEM()
RATIONAL_B_SPLINE_SURFACE(((1.,0.707106781186548,1.),(1.,0.71997294747569,
1.),(1.,0.733421696517981,1.),(1.,0.747176475285374,1.)))
REPRESENTATION_ITEM('')
SURFACE()
);
#17=(
BOUNDED_SURFACE()
B_SPLINE_SURFACE(3,2,((#4751,#4752,#4753),(#4754,#4755,#4756),(#4757,#4758,
#4759),(#4760,#4761,#4762)),.UNSPECIFIED.,.F.,.F.,.F.)
B_SPLINE_SURFACE_WITH_KNOTS((4,4),(3,3),(-2.92328010756404E-17,0.00138917483210066),
(0.,1.),.PIECEWISE_BEZIER_KNOTS.)
GEOMETRIC_REPRESENTATION_ITEM()
RATIONAL_B_SPLINE_SURFACE(((1.,0.747176475285374,1.),(1.,0.733424717625769,
1.),(1.,0.719970210939722,1.),(1.,0.707106781186548,1.)))
REPRESENTATION_ITEM('')
SURFACE()
);
#18=ELLIPSE('',#2849,0.00143684097937106,0.001016);
#19=ELLIPSE('',#2851,0.00143684097937106,0.001016);
#20=ELLIPSE('',#2898,0.00160643705136554,0.001524);
#21=ELLIPSE('',#2901,0.00160643705136554,0.001524);
#22=ELLIPSE('',#2903,0.00160643705136554,0.001524);
#23=ELLIPSE('',#2904,0.00160643705136554,0.001524);
#24=TOROIDAL_SURFACE('',#2817,0.0032766,0.001016);
#25=TOROIDAL_SURFACE('',#2819,0.033909,0.001016);
#26=TOROIDAL_SURFACE('',#2829,0.0032766,0.001016);
#27=TOROIDAL_SURFACE('',#2831,0.0032766,0.001016);
#28=TOROIDAL_SURFACE('',#2837,0.0339089999999988,0.001016);
#29=TOROIDAL_SURFACE('',#2839,0.0032766,0.001016);
#30=TOROIDAL_SURFACE('',#2873,0.00592351741108749,0.00254);
#31=TOROIDAL_SURFACE('',#2876,0.00592351741108749,0.00254);
#32=TOROIDAL_SURFACE('',#2879,0.00592351741108749,0.00254);
#33=TOROIDAL_SURFACE('',#2882,0.00592351741108749,0.00254);
#34=TOROIDAL_SURFACE('',#2908,0.00244381536726415,0.000919815367264149);
#35=TOROIDAL_SURFACE('',#2911,0.00244381536726415,0.000919815367264149);
#36=TOROIDAL_SURFACE('',#2919,0.00244381536726415,0.000919815367264149);
#37=TOROIDAL_SURFACE('',#2921,0.00244381536726415,0.000919815367264149);
#38=SPHERICAL_SURFACE('',#2814,0.001016);
#39=SPHERICAL_SURFACE('',#2825,0.001016);
#40=SPHERICAL_SURFACE('',#2833,0.001016);
#41=SPHERICAL_SURFACE('',#2841,0.001016);
#42=B_SPLINE_SURFACE_WITH_KNOTS('',3,1,((#4069,#4070),(#4071,#4072),(#4073,
#4074),(#4075,#4076)),.SURF_OF_LINEAR_EXTRUSION.,.F.,.F.,.F.,(4,4),(2,2),
(0.,1.),(0.,1.),.PIECEWISE_BEZIER_KNOTS.);
#43=B_SPLINE_SURFACE_WITH_KNOTS('',3,1,((#4154,#4155),(#4156,#4157),(#4158,
#4159),(#4160,#4161)),.SURF_OF_LINEAR_EXTRUSION.,.F.,.F.,.F.,(4,4),(2,2),
(0.,1.),(0.,1.),.PIECEWISE_BEZIER_KNOTS.);
#44=B_SPLINE_SURFACE_WITH_KNOTS('',3,1,((#4168,#4169),(#4170,#4171),(#4172,
#4173),(#4174,#4175)),.SURF_OF_LINEAR_EXTRUSION.,.F.,.F.,.F.,(4,4),(2,2),
(-2.81822216351724E-9,1.),(0.,1.),.PIECEWISE_BEZIER_KNOTS.);
#45=B_SPLINE_SURFACE_WITH_KNOTS('',3,1,((#4209,#4210),(#4211,#4212),(#4213,
#4214),(#4215,#4216)),.SURF_OF_LINEAR_EXTRUSION.,.F.,.F.,.F.,(4,4),(2,2),
(-7.1734198974287E-18,1.00600006051316),(0.,1.),
 .PIECEWISE_BEZIER_KNOTS.);
#46=CYLINDRICAL_SURFACE('',#2662,0.033654999999998);
#47=CYLINDRICAL_SURFACE('',#2669,0.0042926);
#48=CYLINDRICAL_SURFACE('',#2682,0.0042926);
#49=CYLINDRICAL_SURFACE('',#2724,0.00695794394584968);
#50=CYLINDRICAL_SURFACE('',#2727,0.00460622296970004);
#51=CYLINDRICAL_SURFACE('',#2730,0.00548008848493008);
#52=CYLINDRICAL_SURFACE('',#2736,0.00836895066817624);
#53=CYLINDRICAL_SURFACE('',#2741,0.00744749431251076);
#54=CYLINDRICAL_SURFACE('',#2743,0.00607592906349106);
#55=CYLINDRICAL_SURFACE('',#2747,0.0042926);
#56=CYLINDRICAL_SURFACE('',#2750,0.0042926);
#57=CYLINDRICAL_SURFACE('',#2781,0.00338351741108749);
#58=CYLINDRICAL_SURFACE('',#2783,0.001143);
#59=CYLINDRICAL_SURFACE('',#2785,0.001143);
#60=CYLINDRICAL_SURFACE('',#2787,0.00338351741108749);
#61=CYLINDRICAL_SURFACE('',#2789,0.00338351741108749);
#62=CYLINDRICAL_SURFACE('',#2791,0.001143);
#63=CYLINDRICAL_SURFACE('',#2793,0.001143);
#64=CYLINDRICAL_SURFACE('',#2795,0.00338351741108749);
#65=CYLINDRICAL_SURFACE('',#2797,0.033655);
#66=CYLINDRICAL_SURFACE('',#2804,0.0349249999999988);
#67=CYLINDRICAL_SURFACE('',#2806,0.034925);
#68=CYLINDRICAL_SURFACE('',#2808,0.001016);
#69=CYLINDRICAL_SURFACE('',#2809,0.001016);
#70=CYLINDRICAL_SURFACE('',#2810,0.001016);
#71=CYLINDRICAL_SURFACE('',#2811,0.001016);
#72=CYLINDRICAL_SURFACE('',#2812,0.001016);
#73=CYLINDRICAL_SURFACE('',#2821,0.001016);
#74=CYLINDRICAL_SURFACE('',#2823,0.001016);
#75=CYLINDRICAL_SURFACE('',#2827,0.001016);
#76=CYLINDRICAL_SURFACE('',#2835,0.001016);
#77=CYLINDRICAL_SURFACE('',#2843,0.001016);
#78=CYLINDRICAL_SURFACE('',#2848,0.001016);
#79=CYLINDRICAL_SURFACE('',#2850,0.001016);
#80=CYLINDRICAL_SURFACE('',#2852,0.001016);
#81=CYLINDRICAL_SURFACE('',#2853,0.00380190351802515);
#82=CYLINDRICAL_SURFACE('',#2855,0.00380190351802515);
#83=CYLINDRICAL_SURFACE('',#2857,0.00380190351802515);
#84=CYLINDRICAL_SURFACE('',#2859,0.00380190351802515);
#85=CYLINDRICAL_SURFACE('',#2863,0.014410440753805);
#86=CYLINDRICAL_SURFACE('',#2865,0.014410440753805);
#87=CYLINDRICAL_SURFACE('',#2867,0.014410440753805);
#88=CYLINDRICAL_SURFACE('',#2869,0.014410440753805);
#89=CYLINDRICAL_SURFACE('',#2871,0.00254);
#90=CYLINDRICAL_SURFACE('',#2874,0.00254);
#91=CYLINDRICAL_SURFACE('',#2877,0.00254);
#92=CYLINDRICAL_SURFACE('',#2880,0.00254);
#93=CYLINDRICAL_SURFACE('',#2883,0.00261835819475129);
#94=CYLINDRICAL_SURFACE('',#2885,0.00261835819475129);
#95=CYLINDRICAL_SURFACE('',#2887,0.00261835819475129);
#96=CYLINDRICAL_SURFACE('',#2889,0.00261835819475129);
#97=CYLINDRICAL_SURFACE('',#2891,0.00171698868555975);
#98=CYLINDRICAL_SURFACE('',#2892,0.00171698868555975);
#99=CYLINDRICAL_SURFACE('',#2897,0.001524);
#100=CYLINDRICAL_SURFACE('',#2902,0.001524);
#101=CYLINDRICAL_SURFACE('',#2905,0.001524);
#102=CYLINDRICAL_SURFACE('',#2913,0.000919815367264149);
#103=CYLINDRICAL_SURFACE('',#2917,0.000919815367264149);
#104=CIRCLE('',#2651,0.00171698868555975);
#105=CIRCLE('',#2652,0.00171698868555975);
#106=CIRCLE('',#2654,0.00244381536726415);
#107=CIRCLE('',#2655,0.00244381536726415);
#108=CIRCLE('',#2657,0.00171698868555975);
#109=CIRCLE('',#2658,0.00171698868555975);
#110=CIRCLE('',#2660,0.033654999999998);
#111=CIRCLE('',#2661,0.033654999999998);
#112=CIRCLE('',#2663,0.033654999999998);
#113=CIRCLE('',#2664,0.033654999999998);
#114=CIRCLE('',#2665,0.033654999999998);
#115=CIRCLE('',#2666,0.033654999999998);
#116=CIRCLE('',#2667,0.033654999999998);
#117=CIRCLE('',#2668,0.033654999999998);
#118=CIRCLE('',#2670,0.0042926);
#119=CIRCLE('',#2671,0.0042926);
#120=CIRCLE('',#2673,0.0339089999999988);
#121=CIRCLE('',#2674,0.0032766);
#122=CIRCLE('',#2675,0.0032766);
#123=CIRCLE('',#2676,0.033909);
#124=CIRCLE('',#2677,0.00327660000000005);
#125=CIRCLE('',#2678,0.0032766);
#126=CIRCLE('',#2679,0.00836895066817624);
#127=CIRCLE('',#2680,0.00607592906349106);
#128=CIRCLE('',#2681,0.00744749431251076);
#129=CIRCLE('',#2683,0.0042926);
#130=CIRCLE('',#2684,0.0042926);
#131=CIRCLE('',#2686,0.034925);
#132=CIRCLE('',#2687,0.001016);
#133=CIRCLE('',#2688,0.0042926);
#134=CIRCLE('',#2689,0.033655);
#135=CIRCLE('',#2690,0.001016);
#136=CIRCLE('',#2692,0.033655);
#137=CIRCLE('',#2725,0.00695794394584968);
#138=CIRCLE('',#2726,0.00695794394584968);
#139=CIRCLE('',#2728,0.00460622296970004);
#140=CIRCLE('',#2729,0.00460622296970004);
#141=CIRCLE('',#2731,0.00548008848493008);
#142=CIRCLE('',#2732,0.00548008848493008);
#143=CIRCLE('',#2737,0.00836895066817624);
#144=CIRCLE('',#2742,0.00744749431251076);
#145=CIRCLE('',#2744,0.00607592906349106);
#146=CIRCLE('',#2748,0.0042926);
#147=CIRCLE('',#2749,0.0042926);
#148=CIRCLE('',#2751,0.0042926);
#149=CIRCLE('',#2753,0.00244381536726415);
#150=CIRCLE('',#2754,0.00244381536726415);
#151=CIRCLE('',#2756,0.00408504161848102);
#152=CIRCLE('',#2757,0.014410440753805);
#153=CIRCLE('',#2758,0.00338351741108749);
#154=CIRCLE('',#2759,0.00380190351802515);
#155=CIRCLE('',#2760,0.001143);
#156=CIRCLE('',#2762,0.00408504161848102);
#157=CIRCLE('',#2763,0.00380190351802515);
#158=CIRCLE('',#2764,0.00338351741108749);
#159=CIRCLE('',#2765,0.014410440753805);
#160=CIRCLE('',#2766,0.001143);
#161=CIRCLE('',#2768,0.00408504161848102);
#162=CIRCLE('',#2769,0.033655);
#163=CIRCLE('',#2770,0.00380190351802515);
#164=CIRCLE('',#2771,0.00338351741108749);
#165=CIRCLE('',#2772,0.014410440753805);
#166=CIRCLE('',#2773,0.001143);
#167=CIRCLE('',#2775,0.033655);
#168=CIRCLE('',#2776,0.00408504161848102);
#169=CIRCLE('',#2777,0.014410440753805);
#170=CIRCLE('',#2778,0.00338351741108749);
#171=CIRCLE('',#2779,0.00380190351802515);
#172=CIRCLE('',#2780,0.001143);
#173=CIRCLE('',#2782,0.00338351741108749);
#174=CIRCLE('',#2784,0.001143);
#175=CIRCLE('',#2786,0.001143);
#176=CIRCLE('',#2788,0.00338351741108749);
#177=CIRCLE('',#2790,0.00338351741108749);
#178=CIRCLE('',#2792,0.001143);
#179=CIRCLE('',#2794,0.001143);
#180=CIRCLE('',#2796,0.00338351741108749);
#181=CIRCLE('',#2798,0.033655);
#182=CIRCLE('',#2799,0.033655);
#183=CIRCLE('',#2801,0.001016);
#184=CIRCLE('',#2802,0.0349249999999988);
#185=CIRCLE('',#2803,0.001016);
#186=CIRCLE('',#2805,0.0349249999999988);
#187=CIRCLE('',#2807,0.034925);
#188=CIRCLE('',#2813,0.001016);
#189=CIRCLE('',#2815,0.001016);
#190=CIRCLE('',#2816,0.001016);
#191=CIRCLE('',#2818,0.001016);
#192=CIRCLE('',#2820,0.001016);
#193=CIRCLE('',#2822,0.001016);
#194=CIRCLE('',#2824,0.001016);
#195=CIRCLE('',#2826,0.001016);
#196=CIRCLE('',#2828,0.001016);
#197=CIRCLE('',#2830,0.001016);
#198=CIRCLE('',#2832,0.001016);
#199=CIRCLE('',#2834,0.001016);
#200=CIRCLE('',#2836,0.001016);
#201=CIRCLE('',#2838,0.001016);
#202=CIRCLE('',#2840,0.001016);
#203=CIRCLE('',#2842,0.001016);
#204=CIRCLE('',#2854,0.00380190351802515);
#205=CIRCLE('',#2856,0.00380190351802515);
#206=CIRCLE('',#2858,0.00380190351802515);
#207=CIRCLE('',#2860,0.00380190351802515);
#208=CIRCLE('',#2864,0.014410440753805);
#209=CIRCLE('',#2866,0.014410440753805);
#210=CIRCLE('',#2868,0.014410440753805);
#211=CIRCLE('',#2870,0.014410440753805);
#212=CIRCLE('',#2872,0.00254);
#213=CIRCLE('',#2875,0.00254);
#214=CIRCLE('',#2878,0.00254);
#215=CIRCLE('',#2881,0.00254);
#216=CIRCLE('',#2884,0.00261835819475129);
#217=CIRCLE('',#2886,0.00261835819475129);
#218=CIRCLE('',#2888,0.00261835819475129);
#219=CIRCLE('',#2890,0.00261835819475129);
#220=CIRCLE('',#2899,0.001524);
#221=CIRCLE('',#2900,0.001524);
#222=CIRCLE('',#2906,0.001524);
#223=CIRCLE('',#2907,0.001524);
#224=CIRCLE('',#2909,0.000919815367264149);
#225=CIRCLE('',#2910,0.000919815367264149);
#226=CIRCLE('',#2912,0.000919815367264149);
#227=CIRCLE('',#2914,0.000919815367264149);
#228=CIRCLE('',#2915,0.000919815367264149);
#229=CIRCLE('',#2916,0.000919815367264149);
#230=CIRCLE('',#2918,0.000919815367264149);
#231=CIRCLE('',#2920,0.000919815367264149);
#232=B_SPLINE_CURVE_WITH_KNOTS('',3,(#3674,#3675,#3676,#3677,#3678),
 .UNSPECIFIED.,.F.,.F.,(4,1,4),(0.,0.00107724885409991,0.00215449770819983),
 .UNSPECIFIED.);
#233=B_SPLINE_CURVE_WITH_KNOTS('',3,(#3680,#3681,#3682,#3683,#3684),
 .UNSPECIFIED.,.F.,.F.,(4,1,4),(0.,0.00107724885409992,0.00215449770819983),
 .UNSPECIFIED.);
#234=B_SPLINE_CURVE_WITH_KNOTS('',3,(#3714,#3715,#3716,#3717),
 .UNSPECIFIED.,.F.,.F.,(4,4),(0.,0.00139094454195687),.UNSPECIFIED.);
#235=B_SPLINE_CURVE_WITH_KNOTS('',3,(#3727,#3728,#3729,#3730),
 .UNSPECIFIED.,.F.,.F.,(4,4),(0.,0.00138497074807595),.UNSPECIFIED.);
#236=B_SPLINE_CURVE_WITH_KNOTS('',3,(#3734,#3735,#3736,#3737,#3738),
 .UNSPECIFIED.,.F.,.F.,(4,1,4),(0.,0.00107724885409992,0.00215449770819984),
 .UNSPECIFIED.);
#237=B_SPLINE_CURVE_WITH_KNOTS('',3,(#3740,#3741,#3742,#3743,#3744),
 .UNSPECIFIED.,.F.,.F.,(4,1,4),(0.,0.00107724885409992,0.00215449770819984),
 .UNSPECIFIED.);
#238=B_SPLINE_CURVE_WITH_KNOTS('',3,(#3804,#3805,#3806,#3807),
 .UNSPECIFIED.,.F.,.F.,(4,4),(0.,0.00140106229907842),.UNSPECIFIED.);
#239=B_SPLINE_CURVE_WITH_KNOTS('',3,(#3808,#3809,#3810,#3811,#3812),
 .UNSPECIFIED.,.F.,.F.,(4,1,4),(0.,0.00079437942426006,0.00158875884852012),
 .UNSPECIFIED.);
#240=B_SPLINE_CURVE_WITH_KNOTS('',3,(#3820,#3821,#3822,#3823,#3824),
 .UNSPECIFIED.,.F.,.F.,(4,1,4),(0.,0.000795313437976972,0.00159062687595394),
 .UNSPECIFIED.);
#241=B_SPLINE_CURVE_WITH_KNOTS('',3,(#3825,#3826,#3827,#3828),
 .UNSPECIFIED.,.F.,.F.,(4,4),(0.,0.00140178998074113),.UNSPECIFIED.);
#242=B_SPLINE_CURVE_WITH_KNOTS('',3,(#3852,#3853,#3854,#3855),
 .UNSPECIFIED.,.F.,.F.,(4,4),(0.,1.),.UNSPECIFIED.);
#243=B_SPLINE_CURVE_WITH_KNOTS('',3,(#3870,#3871,#3872,#3873),
 .UNSPECIFIED.,.F.,.F.,(4,4),(0.,1.),.UNSPECIFIED.);
#244=B_SPLINE_CURVE_WITH_KNOTS('',3,(#4077,#4078,#4079,#4080),
 .UNSPECIFIED.,.F.,.F.,(4,4),(0.,1.),.UNSPECIFIED.);
#245=B_SPLINE_CURVE_WITH_KNOTS('',3,(#4083,#4084,#4085,#4086),
 .UNSPECIFIED.,.F.,.F.,(4,4),(0.,1.),.UNSPECIFIED.);
#246=B_SPLINE_CURVE_WITH_KNOTS('',3,(#4088,#4089,#4090,#4091),
 .UNSPECIFIED.,.F.,.F.,(4,4),(0.,1.),.UNSPECIFIED.);
#247=B_SPLINE_CURVE_WITH_KNOTS('',3,(#4097,#4098,#4099,#4100),
 .UNSPECIFIED.,.F.,.F.,(4,4),(0.,1.),.UNSPECIFIED.);
#248=B_SPLINE_CURVE_WITH_KNOTS('',3,(#4106,#4107,#4108,#4109),
 .UNSPECIFIED.,.F.,.F.,(4,4),(0.,1.),.UNSPECIFIED.);
#249=B_SPLINE_CURVE_WITH_KNOTS('',3,(#4115,#4116,#4117,#4118),
 .UNSPECIFIED.,.F.,.F.,(4,4),(0.,0.000254),.UNSPECIFIED.);
#250=B_SPLINE_CURVE_WITH_KNOTS('',3,(#4136,#4137,#4138,#4139),
 .UNSPECIFIED.,.F.,.F.,(4,4),(0.,0.000254),.UNSPECIFIED.);
#251=B_SPLINE_CURVE_WITH_KNOTS('',3,(#4143,#4144,#4145,#4146),
 .UNSPECIFIED.,.F.,.F.,(4,4),(0.,1.),.UNSPECIFIED.);
#252=B_SPLINE_CURVE_WITH_KNOTS('',3,(#4150,#4151,#4152,#4153),
 .UNSPECIFIED.,.F.,.F.,(4,4),(0.,1.),.UNSPECIFIED.);
#253=B_SPLINE_CURVE_WITH_KNOTS('',3,(#4164,#4165,#4166,#4167),
 .UNSPECIFIED.,.F.,.F.,(4,4),(0.,1.),.UNSPECIFIED.);
#254=B_SPLINE_CURVE_WITH_KNOTS('',3,(#4176,#4177,#4178,#4179),
 .UNSPECIFIED.,.F.,.F.,(4,4),(0.,0.000254),.UNSPECIFIED.);
#255=B_SPLINE_CURVE_WITH_KNOTS('',3,(#4181,#4182,#4183,#4184),
 .UNSPECIFIED.,.F.,.F.,(4,4),(0.,1.),.UNSPECIFIED.);
#256=B_SPLINE_CURVE_WITH_KNOTS('',3,(#4194,#4195,#4196,#4197),
 .UNSPECIFIED.,.F.,.F.,(4,4),(0.,0.000254),.UNSPECIFIED.);
#257=B_SPLINE_CURVE_WITH_KNOTS('',3,(#4201,#4202,#4203,#4204),
 .UNSPECIFIED.,.F.,.F.,(4,4),(0.,1.),.UNSPECIFIED.);
#258=B_SPLINE_CURVE_WITH_KNOTS('',3,(#4217,#4218,#4219,#4220),
 .UNSPECIFIED.,.F.,.F.,(4,4),(0.,1.),.UNSPECIFIED.);
#259=B_SPLINE_CURVE_WITH_KNOTS('',3,(#4221,#4222,#4223,#4224),
 .UNSPECIFIED.,.F.,.F.,(4,4),(0.,1.),.UNSPECIFIED.);
#260=B_SPLINE_CURVE_WITH_KNOTS('',3,(#4238,#4239,#4240,#4241),
 .UNSPECIFIED.,.F.,.F.,(4,4),(0.,0.00139094454195686),.UNSPECIFIED.);
#261=B_SPLINE_CURVE_WITH_KNOTS('',3,(#4248,#4249,#4250,#4251),
 .UNSPECIFIED.,.F.,.F.,(4,4),(0.,0.00138497074807595),.UNSPECIFIED.);
#262=B_SPLINE_CURVE_WITH_KNOTS('',3,(#4359,#4360,#4361,#4362),
 .UNSPECIFIED.,.F.,.F.,(4,4),(0.,0.00140106229907832),.UNSPECIFIED.);
#263=B_SPLINE_CURVE_WITH_KNOTS('',3,(#4363,#4364,#4365,#4366),
 .UNSPECIFIED.,.F.,.F.,(4,4),(0.,0.00140178998074123),.UNSPECIFIED.);
#264=B_SPLINE_CURVE_WITH_KNOTS('',3,(#4386,#4387,#4388,#4389,#4390,#4391,
#4392),.UNSPECIFIED.,.F.,.F.,(4,1,1,1,4),(1.05004518624757E-16,0.000627300039925296,
0.00125460007985049,0.00188190011977568,0.00250920015970087),
 .UNSPECIFIED.);
#265=B_SPLINE_CURVE_WITH_KNOTS('',3,(#4394,#4395,#4396,#4397,#4398,#4399,
#4400),.UNSPECIFIED.,.F.,.F.,(4,1,1,1,4),(0.,0.000632408189317087,0.00126481637863417,
0.00189722456795126,0.00252963275726835),.UNSPECIFIED.);
#266=B_SPLINE_CURVE_WITH_KNOTS('',3,(#4402,#4403,#4404,#4405,#4406,#4407,
#4408),.UNSPECIFIED.,.F.,.F.,(4,1,1,1,4),(4.77048955893622E-18,0.000627300039925214,
0.00125460007985042,0.00188190011977563,0.00250920015970084),
 .UNSPECIFIED.);
#267=B_SPLINE_CURVE_WITH_KNOTS('',3,(#4410,#4411,#4412,#4413,#4414,#4415,
#4416),.UNSPECIFIED.,.F.,.F.,(4,1,1,1,4),(0.,0.000632408189317106,0.00126481637863421,
0.00189722456795132,0.00252963275726842),.UNSPECIFIED.);
#268=B_SPLINE_CURVE_WITH_KNOTS('',3,(#4503,#4504,#4505,#4506),
 .UNSPECIFIED.,.F.,.F.,(4,4),(0.000821461126401924,0.00192309946896399),
 .UNSPECIFIED.);
#269=B_SPLINE_CURVE_WITH_KNOTS('',3,(#4516,#4517,#4518,#4519),
 .UNSPECIFIED.,.F.,.F.,(4,4),(0.000821461126401948,0.00192309946897536),
 .UNSPECIFIED.);
#270=B_SPLINE_CURVE_WITH_KNOTS('',3,(#4521,#4522,#4523,#4524),
 .UNSPECIFIED.,.F.,.F.,(4,4),(0.000821461126402078,0.00192309946896382),
 .UNSPECIFIED.);
#271=B_SPLINE_CURVE_WITH_KNOTS('',3,(#4534,#4535,#4536,#4537),
 .UNSPECIFIED.,.F.,.F.,(4,4),(0.000821461126402041,0.00192309946897536),
 .UNSPECIFIED.);
#272=B_SPLINE_CURVE_WITH_KNOTS('',3,(#4541,#4542,#4543,#4544),
 .UNSPECIFIED.,.F.,.F.,(4,4),(0.,0.00191945823549851),.UNSPECIFIED.);
#273=B_SPLINE_CURVE_WITH_KNOTS('',3,(#4546,#4547,#4548,#4549),
 .UNSPECIFIED.,.F.,.F.,(4,4),(1.32567381895146E-16,0.000669566255343807),
 .UNSPECIFIED.);
#274=B_SPLINE_CURVE_WITH_KNOTS('',3,(#4551,#4552,#4553,#4554),
 .UNSPECIFIED.,.F.,.F.,(4,4),(0.,0.00192167621736608),.UNSPECIFIED.);
#275=B_SPLINE_CURVE_WITH_KNOTS('',3,(#4558,#4559,#4560,#4561),
 .UNSPECIFIED.,.F.,.F.,(4,4),(0.,0.000669566255343998),.UNSPECIFIED.);
#276=B_SPLINE_CURVE_WITH_KNOTS('',3,(#4565,#4566,#4567,#4568),
 .UNSPECIFIED.,.F.,.F.,(4,4),(0.,0.00191945823549862),.UNSPECIFIED.);
#277=B_SPLINE_CURVE_WITH_KNOTS('',3,(#4570,#4571,#4572,#4573),
 .UNSPECIFIED.,.F.,.F.,(4,4),(2.0425770422844E-16,0.000669566255343709),
 .UNSPECIFIED.);
#278=B_SPLINE_CURVE_WITH_KNOTS('',3,(#4575,#4576,#4577,#4578),
 .UNSPECIFIED.,.F.,.F.,(4,4),(0.,0.00192167621736611),.UNSPECIFIED.);
#279=B_SPLINE_CURVE_WITH_KNOTS('',3,(#4582,#4583,#4584,#4585),
 .UNSPECIFIED.,.F.,.F.,(4,4),(0.,0.00066956625534389),.UNSPECIFIED.);
#280=B_SPLINE_CURVE_WITH_KNOTS('',3,(#4642,#4643,#4644,#4645),
 .UNSPECIFIED.,.F.,.F.,(4,4),(0.,0.000851040819120352),.UNSPECIFIED.);
#281=B_SPLINE_CURVE_WITH_KNOTS('',3,(#4646,#4647,#4648,#4649),
 .UNSPECIFIED.,.F.,.F.,(4,4),(0.,0.000847730641838758),.UNSPECIFIED.);
#282=B_SPLINE_CURVE_WITH_KNOTS('',3,(#4689,#4690,#4691,#4692),
 .UNSPECIFIED.,.F.,.F.,(4,4),(0.,0.000851040819120431),.UNSPECIFIED.);
#283=B_SPLINE_CURVE_WITH_KNOTS('',3,(#4696,#4697,#4698,#4699),
 .UNSPECIFIED.,.F.,.F.,(4,4),(0.,0.000847730641838746),.UNSPECIFIED.);
#284=ORIENTED_EDGE('',*,*,#1058,.F.);
#285=ORIENTED_EDGE('',*,*,#1059,.T.);
#286=ORIENTED_EDGE('',*,*,#1060,.T.);
#287=ORIENTED_EDGE('',*,*,#1061,.F.);
#288=ORIENTED_EDGE('',*,*,#1062,.T.);
#289=ORIENTED_EDGE('',*,*,#1063,.F.);
#290=ORIENTED_EDGE('',*,*,#1064,.T.);
#291=ORIENTED_EDGE('',*,*,#1065,.F.);
#292=ORIENTED_EDGE('',*,*,#1066,.F.);
#293=ORIENTED_EDGE('',*,*,#1067,.T.);
#294=ORIENTED_EDGE('',*,*,#1068,.T.);
#295=ORIENTED_EDGE('',*,*,#1069,.T.);
#296=ORIENTED_EDGE('',*,*,#1070,.T.);
#297=ORIENTED_EDGE('',*,*,#1071,.T.);
#298=ORIENTED_EDGE('',*,*,#1072,.T.);
#299=ORIENTED_EDGE('',*,*,#1073,.F.);
#300=ORIENTED_EDGE('',*,*,#1074,.T.);
#301=ORIENTED_EDGE('',*,*,#1075,.T.);
#302=ORIENTED_EDGE('',*,*,#1076,.T.);
#303=ORIENTED_EDGE('',*,*,#1077,.F.);
#304=ORIENTED_EDGE('',*,*,#1078,.T.);
#305=ORIENTED_EDGE('',*,*,#1061,.T.);
#306=ORIENTED_EDGE('',*,*,#1079,.T.);
#307=ORIENTED_EDGE('',*,*,#1080,.T.);
#308=ORIENTED_EDGE('',*,*,#1081,.T.);
#309=ORIENTED_EDGE('',*,*,#1077,.T.);
#310=ORIENTED_EDGE('',*,*,#1082,.T.);
#311=ORIENTED_EDGE('',*,*,#1083,.T.);
#312=ORIENTED_EDGE('',*,*,#1084,.T.);
#313=ORIENTED_EDGE('',*,*,#1085,.T.);
#314=ORIENTED_EDGE('',*,*,#1086,.F.);
#315=ORIENTED_EDGE('',*,*,#1087,.T.);
#316=ORIENTED_EDGE('',*,*,#1088,.F.);
#317=ORIENTED_EDGE('',*,*,#1089,.F.);
#318=ORIENTED_EDGE('',*,*,#1090,.T.);
#319=ORIENTED_EDGE('',*,*,#1091,.T.);
#320=ORIENTED_EDGE('',*,*,#1092,.T.);
#321=ORIENTED_EDGE('',*,*,#1093,.F.);
#322=ORIENTED_EDGE('',*,*,#1094,.T.);
#323=ORIENTED_EDGE('',*,*,#1095,.F.);
#324=ORIENTED_EDGE('',*,*,#1096,.F.);
#325=ORIENTED_EDGE('',*,*,#1097,.T.);
#326=ORIENTED_EDGE('',*,*,#1098,.T.);
#327=ORIENTED_EDGE('',*,*,#1099,.T.);
#328=ORIENTED_EDGE('',*,*,#1100,.T.);
#329=ORIENTED_EDGE('',*,*,#1101,.T.);
#330=ORIENTED_EDGE('',*,*,#1102,.T.);
#331=ORIENTED_EDGE('',*,*,#1103,.T.);
#332=ORIENTED_EDGE('',*,*,#1104,.T.);
#333=ORIENTED_EDGE('',*,*,#1105,.T.);
#334=ORIENTED_EDGE('',*,*,#1106,.F.);
#335=ORIENTED_EDGE('',*,*,#1107,.T.);
#336=ORIENTED_EDGE('',*,*,#1108,.F.);
#337=ORIENTED_EDGE('',*,*,#1071,.F.);
#338=ORIENTED_EDGE('',*,*,#1109,.T.);
#339=ORIENTED_EDGE('',*,*,#1088,.T.);
#340=ORIENTED_EDGE('',*,*,#1110,.T.);
#341=ORIENTED_EDGE('',*,*,#1111,.T.);
#342=ORIENTED_EDGE('',*,*,#1112,.F.);
#343=ORIENTED_EDGE('',*,*,#1113,.T.);
#344=ORIENTED_EDGE('',*,*,#1105,.F.);
#345=ORIENTED_EDGE('',*,*,#1114,.T.);
#346=ORIENTED_EDGE('',*,*,#1115,.F.);
#347=ORIENTED_EDGE('',*,*,#1116,.T.);
#348=ORIENTED_EDGE('',*,*,#1117,.T.);
#349=ORIENTED_EDGE('',*,*,#1118,.T.);
#350=ORIENTED_EDGE('',*,*,#1101,.F.);
#351=ORIENTED_EDGE('',*,*,#1119,.T.);
#352=ORIENTED_EDGE('',*,*,#1120,.T.);
#353=ORIENTED_EDGE('',*,*,#1121,.T.);
#354=ORIENTED_EDGE('',*,*,#1122,.T.);
#355=ORIENTED_EDGE('',*,*,#1069,.F.);
#356=ORIENTED_EDGE('',*,*,#1123,.T.);
#357=ORIENTED_EDGE('',*,*,#1124,.T.);
#358=ORIENTED_EDGE('',*,*,#1125,.T.);
#359=ORIENTED_EDGE('',*,*,#1126,.T.);
#360=ORIENTED_EDGE('',*,*,#1127,.T.);
#361=ORIENTED_EDGE('',*,*,#1128,.T.);
#362=ORIENTED_EDGE('',*,*,#1129,.T.);
#363=ORIENTED_EDGE('',*,*,#1130,.T.);
#364=ORIENTED_EDGE('',*,*,#1131,.T.);
#365=ORIENTED_EDGE('',*,*,#1132,.T.);
#366=ORIENTED_EDGE('',*,*,#1133,.T.);
#367=ORIENTED_EDGE('',*,*,#1134,.T.);
#368=ORIENTED_EDGE('',*,*,#1135,.T.);
#369=ORIENTED_EDGE('',*,*,#1136,.T.);
#370=ORIENTED_EDGE('',*,*,#1137,.T.);
#371=ORIENTED_EDGE('',*,*,#1138,.T.);
#372=ORIENTED_EDGE('',*,*,#1139,.T.);
#373=ORIENTED_EDGE('',*,*,#1140,.T.);
#374=ORIENTED_EDGE('',*,*,#1141,.T.);
#375=ORIENTED_EDGE('',*,*,#1142,.T.);
#376=ORIENTED_EDGE('',*,*,#1143,.T.);
#377=ORIENTED_EDGE('',*,*,#1144,.T.);
#378=ORIENTED_EDGE('',*,*,#1145,.T.);
#379=ORIENTED_EDGE('',*,*,#1146,.T.);
#380=ORIENTED_EDGE('',*,*,#1147,.T.);
#381=ORIENTED_EDGE('',*,*,#1148,.T.);
#382=ORIENTED_EDGE('',*,*,#1149,.T.);
#383=ORIENTED_EDGE('',*,*,#1150,.T.);
#384=ORIENTED_EDGE('',*,*,#1151,.T.);
#385=ORIENTED_EDGE('',*,*,#1152,.T.);
#386=ORIENTED_EDGE('',*,*,#1153,.T.);
#387=ORIENTED_EDGE('',*,*,#1154,.T.);
#388=ORIENTED_EDGE('',*,*,#1155,.T.);
#389=ORIENTED_EDGE('',*,*,#1156,.T.);
#390=ORIENTED_EDGE('',*,*,#1157,.T.);
#391=ORIENTED_EDGE('',*,*,#1158,.T.);
#392=ORIENTED_EDGE('',*,*,#1159,.T.);
#393=ORIENTED_EDGE('',*,*,#1160,.T.);
#394=ORIENTED_EDGE('',*,*,#1161,.T.);
#395=ORIENTED_EDGE('',*,*,#1162,.T.);
#396=ORIENTED_EDGE('',*,*,#1163,.T.);
#397=ORIENTED_EDGE('',*,*,#1164,.T.);
#398=ORIENTED_EDGE('',*,*,#1165,.T.);
#399=ORIENTED_EDGE('',*,*,#1166,.T.);
#400=ORIENTED_EDGE('',*,*,#1167,.T.);
#401=ORIENTED_EDGE('',*,*,#1168,.T.);
#402=ORIENTED_EDGE('',*,*,#1169,.F.);
#403=ORIENTED_EDGE('',*,*,#1092,.F.);
#404=ORIENTED_EDGE('',*,*,#1170,.T.);
#405=ORIENTED_EDGE('',*,*,#1171,.T.);
#406=ORIENTED_EDGE('',*,*,#1172,.T.);
#407=ORIENTED_EDGE('',*,*,#1066,.T.);
#408=ORIENTED_EDGE('',*,*,#1173,.F.);
#409=ORIENTED_EDGE('',*,*,#1093,.T.);
#410=ORIENTED_EDGE('',*,*,#1169,.T.);
#411=ORIENTED_EDGE('',*,*,#1174,.T.);
#412=ORIENTED_EDGE('',*,*,#1175,.T.);
#413=ORIENTED_EDGE('',*,*,#1176,.F.);
#414=ORIENTED_EDGE('',*,*,#1177,.T.);
#415=ORIENTED_EDGE('',*,*,#1178,.T.);
#416=ORIENTED_EDGE('',*,*,#1140,.F.);
#417=ORIENTED_EDGE('',*,*,#1179,.F.);
#418=ORIENTED_EDGE('',*,*,#1180,.T.);
#419=ORIENTED_EDGE('',*,*,#1181,.T.);
#420=ORIENTED_EDGE('',*,*,#1139,.F.);
#421=ORIENTED_EDGE('',*,*,#1182,.F.);
#422=ORIENTED_EDGE('',*,*,#1183,.T.);
#423=ORIENTED_EDGE('',*,*,#1179,.T.);
#424=ORIENTED_EDGE('',*,*,#1150,.F.);
#425=ORIENTED_EDGE('',*,*,#1184,.F.);
#426=ORIENTED_EDGE('',*,*,#1185,.T.);
#427=ORIENTED_EDGE('',*,*,#1182,.T.);
#428=ORIENTED_EDGE('',*,*,#1149,.F.);
#429=ORIENTED_EDGE('',*,*,#1186,.F.);
#430=ORIENTED_EDGE('',*,*,#1187,.T.);
#431=ORIENTED_EDGE('',*,*,#1184,.T.);
#432=ORIENTED_EDGE('',*,*,#1148,.F.);
#433=ORIENTED_EDGE('',*,*,#1188,.F.);
#434=ORIENTED_EDGE('',*,*,#1189,.T.);
#435=ORIENTED_EDGE('',*,*,#1186,.T.);
#436=ORIENTED_EDGE('',*,*,#1147,.F.);
#437=ORIENTED_EDGE('',*,*,#1190,.F.);
#438=ORIENTED_EDGE('',*,*,#1191,.T.);
#439=ORIENTED_EDGE('',*,*,#1188,.T.);
#440=ORIENTED_EDGE('',*,*,#1146,.F.);
#441=ORIENTED_EDGE('',*,*,#1192,.F.);
#442=ORIENTED_EDGE('',*,*,#1193,.T.);
#443=ORIENTED_EDGE('',*,*,#1190,.T.);
#444=ORIENTED_EDGE('',*,*,#1145,.F.);
#445=ORIENTED_EDGE('',*,*,#1194,.F.);
#446=ORIENTED_EDGE('',*,*,#1195,.T.);
#447=ORIENTED_EDGE('',*,*,#1192,.T.);
#448=ORIENTED_EDGE('',*,*,#1144,.F.);
#449=ORIENTED_EDGE('',*,*,#1196,.F.);
#450=ORIENTED_EDGE('',*,*,#1197,.T.);
#451=ORIENTED_EDGE('',*,*,#1194,.T.);
#452=ORIENTED_EDGE('',*,*,#1143,.F.);
#453=ORIENTED_EDGE('',*,*,#1198,.F.);
#454=ORIENTED_EDGE('',*,*,#1199,.T.);
#455=ORIENTED_EDGE('',*,*,#1196,.T.);
#456=ORIENTED_EDGE('',*,*,#1142,.F.);
#457=ORIENTED_EDGE('',*,*,#1200,.F.);
#458=ORIENTED_EDGE('',*,*,#1201,.T.);
#459=ORIENTED_EDGE('',*,*,#1198,.T.);
#460=ORIENTED_EDGE('',*,*,#1141,.F.);
#461=ORIENTED_EDGE('',*,*,#1181,.F.);
#462=ORIENTED_EDGE('',*,*,#1202,.T.);
#463=ORIENTED_EDGE('',*,*,#1200,.T.);
#464=ORIENTED_EDGE('',*,*,#1180,.F.);
#465=ORIENTED_EDGE('',*,*,#1183,.F.);
#466=ORIENTED_EDGE('',*,*,#1185,.F.);
#467=ORIENTED_EDGE('',*,*,#1187,.F.);
#468=ORIENTED_EDGE('',*,*,#1189,.F.);
#469=ORIENTED_EDGE('',*,*,#1191,.F.);
#470=ORIENTED_EDGE('',*,*,#1193,.F.);
#471=ORIENTED_EDGE('',*,*,#1195,.F.);
#472=ORIENTED_EDGE('',*,*,#1197,.F.);
#473=ORIENTED_EDGE('',*,*,#1199,.F.);
#474=ORIENTED_EDGE('',*,*,#1201,.F.);
#475=ORIENTED_EDGE('',*,*,#1202,.F.);
#476=ORIENTED_EDGE('',*,*,#1152,.F.);
#477=ORIENTED_EDGE('',*,*,#1203,.F.);
#478=ORIENTED_EDGE('',*,*,#1204,.T.);
#479=ORIENTED_EDGE('',*,*,#1205,.T.);
#480=ORIENTED_EDGE('',*,*,#1151,.F.);
#481=ORIENTED_EDGE('',*,*,#1206,.F.);
#482=ORIENTED_EDGE('',*,*,#1207,.T.);
#483=ORIENTED_EDGE('',*,*,#1203,.T.);
#484=ORIENTED_EDGE('',*,*,#1162,.F.);
#485=ORIENTED_EDGE('',*,*,#1208,.F.);
#486=ORIENTED_EDGE('',*,*,#1209,.T.);
#487=ORIENTED_EDGE('',*,*,#1206,.T.);
#488=ORIENTED_EDGE('',*,*,#1161,.F.);
#489=ORIENTED_EDGE('',*,*,#1210,.F.);
#490=ORIENTED_EDGE('',*,*,#1211,.T.);
#491=ORIENTED_EDGE('',*,*,#1208,.T.);
#492=ORIENTED_EDGE('',*,*,#1160,.F.);
#493=ORIENTED_EDGE('',*,*,#1212,.F.);
#494=ORIENTED_EDGE('',*,*,#1213,.T.);
#495=ORIENTED_EDGE('',*,*,#1210,.T.);
#496=ORIENTED_EDGE('',*,*,#1159,.F.);
#497=ORIENTED_EDGE('',*,*,#1214,.F.);
#498=ORIENTED_EDGE('',*,*,#1215,.T.);
#499=ORIENTED_EDGE('',*,*,#1212,.T.);
#500=ORIENTED_EDGE('',*,*,#1158,.F.);
#501=ORIENTED_EDGE('',*,*,#1216,.F.);
#502=ORIENTED_EDGE('',*,*,#1217,.T.);
#503=ORIENTED_EDGE('',*,*,#1214,.T.);
#504=ORIENTED_EDGE('',*,*,#1157,.F.);
#505=ORIENTED_EDGE('',*,*,#1218,.F.);
#506=ORIENTED_EDGE('',*,*,#1219,.T.);
#507=ORIENTED_EDGE('',*,*,#1216,.T.);
#508=ORIENTED_EDGE('',*,*,#1156,.F.);
#509=ORIENTED_EDGE('',*,*,#1220,.F.);
#510=ORIENTED_EDGE('',*,*,#1221,.T.);
#511=ORIENTED_EDGE('',*,*,#1218,.T.);
#512=ORIENTED_EDGE('',*,*,#1155,.F.);
#513=ORIENTED_EDGE('',*,*,#1222,.F.);
#514=ORIENTED_EDGE('',*,*,#1223,.T.);
#515=ORIENTED_EDGE('',*,*,#1220,.T.);
#516=ORIENTED_EDGE('',*,*,#1154,.F.);
#517=ORIENTED_EDGE('',*,*,#1224,.F.);
#518=ORIENTED_EDGE('',*,*,#1225,.T.);
#519=ORIENTED_EDGE('',*,*,#1222,.T.);
#520=ORIENTED_EDGE('',*,*,#1153,.F.);
#521=ORIENTED_EDGE('',*,*,#1205,.F.);
#522=ORIENTED_EDGE('',*,*,#1226,.T.);
#523=ORIENTED_EDGE('',*,*,#1224,.T.);
#524=ORIENTED_EDGE('',*,*,#1204,.F.);
#525=ORIENTED_EDGE('',*,*,#1207,.F.);
#526=ORIENTED_EDGE('',*,*,#1209,.F.);
#527=ORIENTED_EDGE('',*,*,#1211,.F.);
#528=ORIENTED_EDGE('',*,*,#1213,.F.);
#529=ORIENTED_EDGE('',*,*,#1215,.F.);
#530=ORIENTED_EDGE('',*,*,#1217,.F.);
#531=ORIENTED_EDGE('',*,*,#1219,.F.);
#532=ORIENTED_EDGE('',*,*,#1221,.F.);
#533=ORIENTED_EDGE('',*,*,#1223,.F.);
#534=ORIENTED_EDGE('',*,*,#1225,.F.);
#535=ORIENTED_EDGE('',*,*,#1226,.F.);
#536=ORIENTED_EDGE('',*,*,#1164,.F.);
#537=ORIENTED_EDGE('',*,*,#1227,.F.);
#538=ORIENTED_EDGE('',*,*,#1228,.T.);
#539=ORIENTED_EDGE('',*,*,#1229,.T.);
#540=ORIENTED_EDGE('',*,*,#1163,.F.);
#541=ORIENTED_EDGE('',*,*,#1230,.F.);
#542=ORIENTED_EDGE('',*,*,#1231,.T.);
#543=ORIENTED_EDGE('',*,*,#1227,.T.);
#544=ORIENTED_EDGE('',*,*,#1166,.F.);
#545=ORIENTED_EDGE('',*,*,#1232,.F.);
#546=ORIENTED_EDGE('',*,*,#1233,.T.);
#547=ORIENTED_EDGE('',*,*,#1230,.T.);
#548=ORIENTED_EDGE('',*,*,#1165,.F.);
#549=ORIENTED_EDGE('',*,*,#1229,.F.);
#550=ORIENTED_EDGE('',*,*,#1234,.T.);
#551=ORIENTED_EDGE('',*,*,#1232,.T.);
#552=ORIENTED_EDGE('',*,*,#1228,.F.);
#553=ORIENTED_EDGE('',*,*,#1231,.F.);
#554=ORIENTED_EDGE('',*,*,#1233,.F.);
#555=ORIENTED_EDGE('',*,*,#1234,.F.);
#556=ORIENTED_EDGE('',*,*,#1235,.F.);
#557=ORIENTED_EDGE('',*,*,#1236,.F.);
#558=ORIENTED_EDGE('',*,*,#1237,.T.);
#559=ORIENTED_EDGE('',*,*,#1238,.T.);
#560=ORIENTED_EDGE('',*,*,#1239,.F.);
#561=ORIENTED_EDGE('',*,*,#1240,.F.);
#562=ORIENTED_EDGE('',*,*,#1241,.T.);
#563=ORIENTED_EDGE('',*,*,#1236,.T.);
#564=ORIENTED_EDGE('',*,*,#1242,.F.);
#565=ORIENTED_EDGE('',*,*,#1243,.F.);
#566=ORIENTED_EDGE('',*,*,#1244,.T.);
#567=ORIENTED_EDGE('',*,*,#1240,.T.);
#568=ORIENTED_EDGE('',*,*,#1245,.F.);
#569=ORIENTED_EDGE('',*,*,#1246,.F.);
#570=ORIENTED_EDGE('',*,*,#1247,.T.);
#571=ORIENTED_EDGE('',*,*,#1243,.T.);
#572=ORIENTED_EDGE('',*,*,#1248,.F.);
#573=ORIENTED_EDGE('',*,*,#1249,.F.);
#574=ORIENTED_EDGE('',*,*,#1250,.T.);
#575=ORIENTED_EDGE('',*,*,#1246,.T.);
#576=ORIENTED_EDGE('',*,*,#1251,.F.);
#577=ORIENTED_EDGE('',*,*,#1252,.F.);
#578=ORIENTED_EDGE('',*,*,#1253,.T.);
#579=ORIENTED_EDGE('',*,*,#1249,.T.);
#580=ORIENTED_EDGE('',*,*,#1254,.F.);
#581=ORIENTED_EDGE('',*,*,#1255,.F.);
#582=ORIENTED_EDGE('',*,*,#1256,.T.);
#583=ORIENTED_EDGE('',*,*,#1252,.T.);
#584=ORIENTED_EDGE('',*,*,#1132,.F.);
#585=ORIENTED_EDGE('',*,*,#1257,.F.);
#586=ORIENTED_EDGE('',*,*,#1258,.T.);
#587=ORIENTED_EDGE('',*,*,#1259,.T.);
#588=ORIENTED_EDGE('',*,*,#1131,.F.);
#589=ORIENTED_EDGE('',*,*,#1260,.F.);
#590=ORIENTED_EDGE('',*,*,#1261,.T.);
#591=ORIENTED_EDGE('',*,*,#1257,.T.);
#592=ORIENTED_EDGE('',*,*,#1138,.F.);
#593=ORIENTED_EDGE('',*,*,#1262,.F.);
#594=ORIENTED_EDGE('',*,*,#1263,.T.);
#595=ORIENTED_EDGE('',*,*,#1260,.T.);
#596=ORIENTED_EDGE('',*,*,#1137,.F.);
#597=ORIENTED_EDGE('',*,*,#1264,.F.);
#598=ORIENTED_EDGE('',*,*,#1265,.T.);
#599=ORIENTED_EDGE('',*,*,#1262,.T.);
#600=ORIENTED_EDGE('',*,*,#1136,.F.);
#601=ORIENTED_EDGE('',*,*,#1266,.F.);
#602=ORIENTED_EDGE('',*,*,#1267,.T.);
#603=ORIENTED_EDGE('',*,*,#1264,.T.);
#604=ORIENTED_EDGE('',*,*,#1135,.F.);
#605=ORIENTED_EDGE('',*,*,#1268,.F.);
#606=ORIENTED_EDGE('',*,*,#1269,.T.);
#607=ORIENTED_EDGE('',*,*,#1266,.T.);
#608=ORIENTED_EDGE('',*,*,#1134,.F.);
#609=ORIENTED_EDGE('',*,*,#1270,.F.);
#610=ORIENTED_EDGE('',*,*,#1271,.T.);
#611=ORIENTED_EDGE('',*,*,#1268,.T.);
#612=ORIENTED_EDGE('',*,*,#1133,.F.);
#613=ORIENTED_EDGE('',*,*,#1259,.F.);
#614=ORIENTED_EDGE('',*,*,#1272,.T.);
#615=ORIENTED_EDGE('',*,*,#1270,.T.);
#616=ORIENTED_EDGE('',*,*,#1273,.F.);
#617=ORIENTED_EDGE('',*,*,#1238,.F.);
#618=ORIENTED_EDGE('',*,*,#1274,.T.);
#619=ORIENTED_EDGE('',*,*,#1255,.T.);
#620=ORIENTED_EDGE('',*,*,#1258,.F.);
#621=ORIENTED_EDGE('',*,*,#1261,.F.);
#622=ORIENTED_EDGE('',*,*,#1263,.F.);
#623=ORIENTED_EDGE('',*,*,#1265,.F.);
#624=ORIENTED_EDGE('',*,*,#1267,.F.);
#625=ORIENTED_EDGE('',*,*,#1269,.F.);
#626=ORIENTED_EDGE('',*,*,#1271,.F.);
#627=ORIENTED_EDGE('',*,*,#1272,.F.);
#628=ORIENTED_EDGE('',*,*,#1237,.F.);
#629=ORIENTED_EDGE('',*,*,#1241,.F.);
#630=ORIENTED_EDGE('',*,*,#1244,.F.);
#631=ORIENTED_EDGE('',*,*,#1247,.F.);
#632=ORIENTED_EDGE('',*,*,#1250,.F.);
#633=ORIENTED_EDGE('',*,*,#1253,.F.);
#634=ORIENTED_EDGE('',*,*,#1256,.F.);
#635=ORIENTED_EDGE('',*,*,#1274,.F.);
#636=ORIENTED_EDGE('',*,*,#1239,.T.);
#637=ORIENTED_EDGE('',*,*,#1235,.T.);
#638=ORIENTED_EDGE('',*,*,#1273,.T.);
#639=ORIENTED_EDGE('',*,*,#1254,.T.);
#640=ORIENTED_EDGE('',*,*,#1251,.T.);
#641=ORIENTED_EDGE('',*,*,#1248,.T.);
#642=ORIENTED_EDGE('',*,*,#1245,.T.);
#643=ORIENTED_EDGE('',*,*,#1242,.T.);
#644=ORIENTED_EDGE('',*,*,#1275,.F.);
#645=ORIENTED_EDGE('',*,*,#1276,.T.);
#646=ORIENTED_EDGE('',*,*,#1277,.T.);
#647=ORIENTED_EDGE('',*,*,#1090,.F.);
#648=ORIENTED_EDGE('',*,*,#1278,.T.);
#649=ORIENTED_EDGE('',*,*,#1279,.T.);
#650=ORIENTED_EDGE('',*,*,#1067,.F.);
#651=ORIENTED_EDGE('',*,*,#1172,.F.);
#652=ORIENTED_EDGE('',*,*,#1280,.T.);
#653=ORIENTED_EDGE('',*,*,#1281,.T.);
#654=ORIENTED_EDGE('',*,*,#1058,.T.);
#655=ORIENTED_EDGE('',*,*,#1282,.T.);
#656=ORIENTED_EDGE('',*,*,#1084,.F.);
#657=ORIENTED_EDGE('',*,*,#1283,.T.);
#658=ORIENTED_EDGE('',*,*,#1284,.T.);
#659=ORIENTED_EDGE('',*,*,#1285,.T.);
#660=ORIENTED_EDGE('',*,*,#1106,.T.);
#661=ORIENTED_EDGE('',*,*,#1286,.T.);
#662=ORIENTED_EDGE('',*,*,#1287,.T.);
#663=ORIENTED_EDGE('',*,*,#1288,.T.);
#664=ORIENTED_EDGE('',*,*,#1289,.F.);
#665=ORIENTED_EDGE('',*,*,#1290,.F.);
#666=ORIENTED_EDGE('',*,*,#1291,.T.);
#667=ORIENTED_EDGE('',*,*,#1292,.T.);
#668=ORIENTED_EDGE('',*,*,#1293,.T.);
#669=ORIENTED_EDGE('',*,*,#1294,.T.);
#670=ORIENTED_EDGE('',*,*,#1295,.T.);
#671=ORIENTED_EDGE('',*,*,#1112,.T.);
#672=ORIENTED_EDGE('',*,*,#1296,.T.);
#673=ORIENTED_EDGE('',*,*,#1297,.T.);
#674=ORIENTED_EDGE('',*,*,#1298,.T.);
#675=ORIENTED_EDGE('',*,*,#1299,.F.);
#676=ORIENTED_EDGE('',*,*,#1300,.T.);
#677=ORIENTED_EDGE('',*,*,#1301,.T.);
#678=ORIENTED_EDGE('',*,*,#1302,.T.);
#679=ORIENTED_EDGE('',*,*,#1303,.T.);
#680=ORIENTED_EDGE('',*,*,#1304,.T.);
#681=ORIENTED_EDGE('',*,*,#1305,.T.);
#682=ORIENTED_EDGE('',*,*,#1306,.T.);
#683=ORIENTED_EDGE('',*,*,#1307,.F.);
#684=ORIENTED_EDGE('',*,*,#1308,.T.);
#685=ORIENTED_EDGE('',*,*,#1309,.T.);
#686=ORIENTED_EDGE('',*,*,#1310,.T.);
#687=ORIENTED_EDGE('',*,*,#1311,.T.);
#688=ORIENTED_EDGE('',*,*,#1312,.F.);
#689=ORIENTED_EDGE('',*,*,#1313,.F.);
#690=ORIENTED_EDGE('',*,*,#1314,.T.);
#691=ORIENTED_EDGE('',*,*,#1315,.T.);
#692=ORIENTED_EDGE('',*,*,#1316,.T.);
#693=ORIENTED_EDGE('',*,*,#1305,.F.);
#694=ORIENTED_EDGE('',*,*,#1317,.T.);
#695=ORIENTED_EDGE('',*,*,#1318,.F.);
#696=ORIENTED_EDGE('',*,*,#1307,.T.);
#697=ORIENTED_EDGE('',*,*,#1319,.F.);
#698=ORIENTED_EDGE('',*,*,#1292,.F.);
#699=ORIENTED_EDGE('',*,*,#1320,.T.);
#700=ORIENTED_EDGE('',*,*,#1290,.T.);
#701=ORIENTED_EDGE('',*,*,#1321,.T.);
#702=ORIENTED_EDGE('',*,*,#1322,.T.);
#703=ORIENTED_EDGE('',*,*,#1323,.T.);
#704=ORIENTED_EDGE('',*,*,#1313,.T.);
#705=ORIENTED_EDGE('',*,*,#1324,.T.);
#706=ORIENTED_EDGE('',*,*,#1325,.T.);
#707=ORIENTED_EDGE('',*,*,#1326,.T.);
#708=ORIENTED_EDGE('',*,*,#1315,.F.);
#709=ORIENTED_EDGE('',*,*,#1327,.T.);
#710=ORIENTED_EDGE('',*,*,#1299,.T.);
#711=ORIENTED_EDGE('',*,*,#1328,.F.);
#712=ORIENTED_EDGE('',*,*,#1329,.T.);
#713=ORIENTED_EDGE('',*,*,#1297,.F.);
#714=ORIENTED_EDGE('',*,*,#1330,.T.);
#715=ORIENTED_EDGE('',*,*,#1331,.F.);
#716=ORIENTED_EDGE('',*,*,#1308,.F.);
#717=ORIENTED_EDGE('',*,*,#1332,.T.);
#718=ORIENTED_EDGE('',*,*,#1333,.F.);
#719=ORIENTED_EDGE('',*,*,#1094,.F.);
#720=ORIENTED_EDGE('',*,*,#1173,.T.);
#721=ORIENTED_EDGE('',*,*,#1065,.T.);
#722=ORIENTED_EDGE('',*,*,#1334,.T.);
#723=ORIENTED_EDGE('',*,*,#1335,.T.);
#724=ORIENTED_EDGE('',*,*,#1303,.F.);
#725=ORIENTED_EDGE('',*,*,#1336,.T.);
#726=ORIENTED_EDGE('',*,*,#1178,.F.);
#727=ORIENTED_EDGE('',*,*,#1337,.T.);
#728=ORIENTED_EDGE('',*,*,#1122,.F.);
#729=ORIENTED_EDGE('',*,*,#1338,.T.);
#730=ORIENTED_EDGE('',*,*,#1339,.T.);
#731=ORIENTED_EDGE('',*,*,#1340,.T.);
#732=ORIENTED_EDGE('',*,*,#1275,.T.);
#733=ORIENTED_EDGE('',*,*,#1089,.T.);
#734=ORIENTED_EDGE('',*,*,#1109,.F.);
#735=ORIENTED_EDGE('',*,*,#1070,.F.);
#736=ORIENTED_EDGE('',*,*,#1339,.F.);
#737=ORIENTED_EDGE('',*,*,#1341,.T.);
#738=ORIENTED_EDGE('',*,*,#1342,.T.);
#739=ORIENTED_EDGE('',*,*,#1343,.T.);
#740=ORIENTED_EDGE('',*,*,#1344,.T.);
#741=ORIENTED_EDGE('',*,*,#1345,.T.);
#742=ORIENTED_EDGE('',*,*,#1170,.F.);
#743=ORIENTED_EDGE('',*,*,#1346,.T.);
#744=ORIENTED_EDGE('',*,*,#1337,.F.);
#745=ORIENTED_EDGE('',*,*,#1177,.F.);
#746=ORIENTED_EDGE('',*,*,#1347,.T.);
#747=ORIENTED_EDGE('',*,*,#1309,.F.);
#748=ORIENTED_EDGE('',*,*,#1336,.F.);
#749=ORIENTED_EDGE('',*,*,#1302,.F.);
#750=ORIENTED_EDGE('',*,*,#1348,.T.);
#751=ORIENTED_EDGE('',*,*,#1175,.F.);
#752=ORIENTED_EDGE('',*,*,#1100,.F.);
#753=ORIENTED_EDGE('',*,*,#1349,.T.);
#754=ORIENTED_EDGE('',*,*,#1286,.F.);
#755=ORIENTED_EDGE('',*,*,#1119,.F.);
#756=ORIENTED_EDGE('',*,*,#1295,.F.);
#757=ORIENTED_EDGE('',*,*,#1350,.T.);
#758=ORIENTED_EDGE('',*,*,#1098,.F.);
#759=ORIENTED_EDGE('',*,*,#1113,.F.);
#760=ORIENTED_EDGE('',*,*,#1351,.F.);
#761=ORIENTED_EDGE('',*,*,#1346,.F.);
#762=ORIENTED_EDGE('',*,*,#1174,.F.);
#763=ORIENTED_EDGE('',*,*,#1168,.F.);
#764=ORIENTED_EDGE('',*,*,#1352,.F.);
#765=ORIENTED_EDGE('',*,*,#1351,.T.);
#766=ORIENTED_EDGE('',*,*,#1353,.F.);
#767=ORIENTED_EDGE('',*,*,#1353,.T.);
#768=ORIENTED_EDGE('',*,*,#1167,.F.);
#769=ORIENTED_EDGE('',*,*,#1354,.F.);
#770=ORIENTED_EDGE('',*,*,#1128,.F.);
#771=ORIENTED_EDGE('',*,*,#1352,.T.);
#772=ORIENTED_EDGE('',*,*,#1127,.F.);
#773=ORIENTED_EDGE('',*,*,#1355,.F.);
#774=ORIENTED_EDGE('',*,*,#1344,.F.);
#775=ORIENTED_EDGE('',*,*,#1171,.F.);
#776=ORIENTED_EDGE('',*,*,#1345,.F.);
#777=ORIENTED_EDGE('',*,*,#1356,.F.);
#778=ORIENTED_EDGE('',*,*,#1278,.F.);
#779=ORIENTED_EDGE('',*,*,#1354,.T.);
#780=ORIENTED_EDGE('',*,*,#1091,.F.);
#781=ORIENTED_EDGE('',*,*,#1357,.F.);
#782=ORIENTED_EDGE('',*,*,#1129,.F.);
#783=ORIENTED_EDGE('',*,*,#1356,.T.);
#784=ORIENTED_EDGE('',*,*,#1355,.T.);
#785=ORIENTED_EDGE('',*,*,#1358,.F.);
#786=ORIENTED_EDGE('',*,*,#1340,.F.);
#787=ORIENTED_EDGE('',*,*,#1343,.F.);
#788=ORIENTED_EDGE('',*,*,#1359,.F.);
#789=ORIENTED_EDGE('',*,*,#1276,.F.);
#790=ORIENTED_EDGE('',*,*,#1357,.T.);
#791=ORIENTED_EDGE('',*,*,#1277,.F.);
#792=ORIENTED_EDGE('',*,*,#1360,.F.);
#793=ORIENTED_EDGE('',*,*,#1130,.F.);
#794=ORIENTED_EDGE('',*,*,#1358,.T.);
#795=ORIENTED_EDGE('',*,*,#1126,.F.);
#796=ORIENTED_EDGE('',*,*,#1361,.F.);
#797=ORIENTED_EDGE('',*,*,#1279,.F.);
#798=ORIENTED_EDGE('',*,*,#1360,.T.);
#799=ORIENTED_EDGE('',*,*,#1359,.T.);
#800=ORIENTED_EDGE('',*,*,#1362,.F.);
#801=ORIENTED_EDGE('',*,*,#1361,.T.);
#802=ORIENTED_EDGE('',*,*,#1125,.F.);
#803=ORIENTED_EDGE('',*,*,#1363,.F.);
#804=ORIENTED_EDGE('',*,*,#1068,.F.);
#805=ORIENTED_EDGE('',*,*,#1362,.T.);
#806=ORIENTED_EDGE('',*,*,#1342,.F.);
#807=ORIENTED_EDGE('',*,*,#1364,.F.);
#808=ORIENTED_EDGE('',*,*,#1123,.F.);
#809=ORIENTED_EDGE('',*,*,#1363,.T.);
#810=ORIENTED_EDGE('',*,*,#1124,.F.);
#811=ORIENTED_EDGE('',*,*,#1365,.F.);
#812=ORIENTED_EDGE('',*,*,#1120,.F.);
#813=ORIENTED_EDGE('',*,*,#1365,.T.);
#814=ORIENTED_EDGE('',*,*,#1364,.T.);
#815=ORIENTED_EDGE('',*,*,#1366,.F.);
#816=ORIENTED_EDGE('',*,*,#1366,.T.);
#817=ORIENTED_EDGE('',*,*,#1341,.F.);
#818=ORIENTED_EDGE('',*,*,#1338,.F.);
#819=ORIENTED_EDGE('',*,*,#1121,.F.);
#820=ORIENTED_EDGE('',*,*,#1367,.F.);
#821=ORIENTED_EDGE('',*,*,#1368,.T.);
#822=ORIENTED_EDGE('',*,*,#1117,.F.);
#823=ORIENTED_EDGE('',*,*,#1369,.T.);
#824=ORIENTED_EDGE('',*,*,#1370,.T.);
#825=ORIENTED_EDGE('',*,*,#1371,.F.);
#826=ORIENTED_EDGE('',*,*,#1369,.F.);
#827=ORIENTED_EDGE('',*,*,#1116,.F.);
#828=ORIENTED_EDGE('',*,*,#1115,.T.);
#829=ORIENTED_EDGE('',*,*,#1372,.T.);
#830=ORIENTED_EDGE('',*,*,#1373,.T.);
#831=ORIENTED_EDGE('',*,*,#1370,.F.);
#832=ORIENTED_EDGE('',*,*,#1373,.F.);
#833=ORIENTED_EDGE('',*,*,#1374,.T.);
#834=ORIENTED_EDGE('',*,*,#1367,.T.);
#835=ORIENTED_EDGE('',*,*,#1371,.T.);
#836=ORIENTED_EDGE('',*,*,#1114,.F.);
#837=ORIENTED_EDGE('',*,*,#1104,.F.);
#838=ORIENTED_EDGE('',*,*,#1375,.F.);
#839=ORIENTED_EDGE('',*,*,#1372,.F.);
#840=ORIENTED_EDGE('',*,*,#1375,.T.);
#841=ORIENTED_EDGE('',*,*,#1103,.F.);
#842=ORIENTED_EDGE('',*,*,#1376,.F.);
#843=ORIENTED_EDGE('',*,*,#1374,.F.);
#844=ORIENTED_EDGE('',*,*,#1118,.F.);
#845=ORIENTED_EDGE('',*,*,#1368,.F.);
#846=ORIENTED_EDGE('',*,*,#1376,.T.);
#847=ORIENTED_EDGE('',*,*,#1102,.F.);
#848=ORIENTED_EDGE('',*,*,#1107,.F.);
#849=ORIENTED_EDGE('',*,*,#1291,.F.);
#850=ORIENTED_EDGE('',*,*,#1323,.F.);
#851=ORIENTED_EDGE('',*,*,#1377,.F.);
#852=ORIENTED_EDGE('',*,*,#1335,.F.);
#853=ORIENTED_EDGE('',*,*,#1378,.F.);
#854=ORIENTED_EDGE('',*,*,#1317,.F.);
#855=ORIENTED_EDGE('',*,*,#1304,.F.);
#856=ORIENTED_EDGE('',*,*,#1332,.F.);
#857=ORIENTED_EDGE('',*,*,#1314,.F.);
#858=ORIENTED_EDGE('',*,*,#1326,.F.);
#859=ORIENTED_EDGE('',*,*,#1379,.F.);
#860=ORIENTED_EDGE('',*,*,#1111,.F.);
#861=ORIENTED_EDGE('',*,*,#1380,.F.);
#862=ORIENTED_EDGE('',*,*,#1330,.F.);
#863=ORIENTED_EDGE('',*,*,#1296,.F.);
#864=ORIENTED_EDGE('',*,*,#1381,.T.);
#865=ORIENTED_EDGE('',*,*,#1073,.T.);
#866=ORIENTED_EDGE('',*,*,#1382,.T.);
#867=ORIENTED_EDGE('',*,*,#1383,.T.);
#868=ORIENTED_EDGE('',*,*,#1384,.F.);
#869=ORIENTED_EDGE('',*,*,#1099,.F.);
#870=ORIENTED_EDGE('',*,*,#1385,.F.);
#871=ORIENTED_EDGE('',*,*,#1386,.T.);
#872=ORIENTED_EDGE('',*,*,#1387,.F.);
#873=ORIENTED_EDGE('',*,*,#1086,.T.);
#874=ORIENTED_EDGE('',*,*,#1388,.T.);
#875=ORIENTED_EDGE('',*,*,#1389,.F.);
#876=ORIENTED_EDGE('',*,*,#1063,.T.);
#877=ORIENTED_EDGE('',*,*,#1390,.T.);
#878=ORIENTED_EDGE('',*,*,#1096,.T.);
#879=ORIENTED_EDGE('',*,*,#1391,.T.);
#880=ORIENTED_EDGE('',*,*,#1392,.T.);
#881=ORIENTED_EDGE('',*,*,#1393,.T.);
#882=ORIENTED_EDGE('',*,*,#1176,.T.);
#883=ORIENTED_EDGE('',*,*,#1394,.T.);
#884=ORIENTED_EDGE('',*,*,#1395,.T.);
#885=ORIENTED_EDGE('',*,*,#1396,.T.);
#886=ORIENTED_EDGE('',*,*,#1397,.F.);
#887=ORIENTED_EDGE('',*,*,#1321,.F.);
#888=ORIENTED_EDGE('',*,*,#1289,.T.);
#889=ORIENTED_EDGE('',*,*,#1329,.F.);
#890=ORIENTED_EDGE('',*,*,#1398,.F.);
#891=ORIENTED_EDGE('',*,*,#1399,.T.);
#892=ORIENTED_EDGE('',*,*,#1400,.T.);
#893=ORIENTED_EDGE('',*,*,#1298,.F.);
#894=ORIENTED_EDGE('',*,*,#1401,.T.);
#895=ORIENTED_EDGE('',*,*,#1402,.T.);
#896=ORIENTED_EDGE('',*,*,#1403,.F.);
#897=ORIENTED_EDGE('',*,*,#1324,.F.);
#898=ORIENTED_EDGE('',*,*,#1312,.T.);
#899=ORIENTED_EDGE('',*,*,#1316,.F.);
#900=ORIENTED_EDGE('',*,*,#1404,.F.);
#901=ORIENTED_EDGE('',*,*,#1405,.T.);
#902=ORIENTED_EDGE('',*,*,#1406,.T.);
#903=ORIENTED_EDGE('',*,*,#1306,.F.);
#904=ORIENTED_EDGE('',*,*,#1407,.F.);
#905=ORIENTED_EDGE('',*,*,#1408,.T.);
#906=ORIENTED_EDGE('',*,*,#1394,.F.);
#907=ORIENTED_EDGE('',*,*,#1348,.F.);
#908=ORIENTED_EDGE('',*,*,#1301,.F.);
#909=ORIENTED_EDGE('',*,*,#1406,.F.);
#910=ORIENTED_EDGE('',*,*,#1409,.T.);
#911=ORIENTED_EDGE('',*,*,#1407,.T.);
#912=ORIENTED_EDGE('',*,*,#1300,.F.);
#913=ORIENTED_EDGE('',*,*,#1393,.F.);
#914=ORIENTED_EDGE('',*,*,#1410,.T.);
#915=ORIENTED_EDGE('',*,*,#1411,.F.);
#916=ORIENTED_EDGE('',*,*,#1310,.F.);
#917=ORIENTED_EDGE('',*,*,#1347,.F.);
#918=ORIENTED_EDGE('',*,*,#1411,.T.);
#919=ORIENTED_EDGE('',*,*,#1412,.T.);
#920=ORIENTED_EDGE('',*,*,#1401,.F.);
#921=ORIENTED_EDGE('',*,*,#1311,.F.);
#922=ORIENTED_EDGE('',*,*,#1413,.F.);
#923=ORIENTED_EDGE('',*,*,#1414,.T.);
#924=ORIENTED_EDGE('',*,*,#1385,.T.);
#925=ORIENTED_EDGE('',*,*,#1350,.F.);
#926=ORIENTED_EDGE('',*,*,#1294,.F.);
#927=ORIENTED_EDGE('',*,*,#1400,.F.);
#928=ORIENTED_EDGE('',*,*,#1415,.T.);
#929=ORIENTED_EDGE('',*,*,#1413,.T.);
#930=ORIENTED_EDGE('',*,*,#1293,.F.);
#931=ORIENTED_EDGE('',*,*,#1384,.T.);
#932=ORIENTED_EDGE('',*,*,#1416,.T.);
#933=ORIENTED_EDGE('',*,*,#1417,.F.);
#934=ORIENTED_EDGE('',*,*,#1287,.F.);
#935=ORIENTED_EDGE('',*,*,#1349,.F.);
#936=ORIENTED_EDGE('',*,*,#1417,.T.);
#937=ORIENTED_EDGE('',*,*,#1418,.T.);
#938=ORIENTED_EDGE('',*,*,#1395,.F.);
#939=ORIENTED_EDGE('',*,*,#1288,.F.);
#940=ORIENTED_EDGE('',*,*,#1415,.F.);
#941=ORIENTED_EDGE('',*,*,#1399,.F.);
#942=ORIENTED_EDGE('',*,*,#1419,.F.);
#943=ORIENTED_EDGE('',*,*,#1386,.F.);
#944=ORIENTED_EDGE('',*,*,#1414,.F.);
#945=ORIENTED_EDGE('',*,*,#1392,.F.);
#946=ORIENTED_EDGE('',*,*,#1420,.F.);
#947=ORIENTED_EDGE('',*,*,#1402,.F.);
#948=ORIENTED_EDGE('',*,*,#1412,.F.);
#949=ORIENTED_EDGE('',*,*,#1410,.F.);
#950=ORIENTED_EDGE('',*,*,#1383,.F.);
#951=ORIENTED_EDGE('',*,*,#1421,.F.);
#952=ORIENTED_EDGE('',*,*,#1396,.F.);
#953=ORIENTED_EDGE('',*,*,#1418,.F.);
#954=ORIENTED_EDGE('',*,*,#1416,.F.);
#955=ORIENTED_EDGE('',*,*,#1409,.F.);
#956=ORIENTED_EDGE('',*,*,#1405,.F.);
#957=ORIENTED_EDGE('',*,*,#1422,.F.);
#958=ORIENTED_EDGE('',*,*,#1388,.F.);
#959=ORIENTED_EDGE('',*,*,#1408,.F.);
#960=ORIENTED_EDGE('',*,*,#1097,.F.);
#961=ORIENTED_EDGE('',*,*,#1390,.F.);
#962=ORIENTED_EDGE('',*,*,#1062,.F.);
#963=ORIENTED_EDGE('',*,*,#1078,.F.);
#964=ORIENTED_EDGE('',*,*,#1085,.F.);
#965=ORIENTED_EDGE('',*,*,#1282,.F.);
#966=ORIENTED_EDGE('',*,*,#1074,.F.);
#967=ORIENTED_EDGE('',*,*,#1381,.F.);
#968=ORIENTED_EDGE('',*,*,#1387,.T.);
#969=ORIENTED_EDGE('',*,*,#1419,.T.);
#970=ORIENTED_EDGE('',*,*,#1398,.T.);
#971=ORIENTED_EDGE('',*,*,#1331,.T.);
#972=ORIENTED_EDGE('',*,*,#1380,.T.);
#973=ORIENTED_EDGE('',*,*,#1110,.F.);
#974=ORIENTED_EDGE('',*,*,#1087,.F.);
#975=ORIENTED_EDGE('',*,*,#1328,.T.);
#976=ORIENTED_EDGE('',*,*,#1403,.T.);
#977=ORIENTED_EDGE('',*,*,#1420,.T.);
#978=ORIENTED_EDGE('',*,*,#1391,.F.);
#979=ORIENTED_EDGE('',*,*,#1095,.T.);
#980=ORIENTED_EDGE('',*,*,#1333,.T.);
#981=ORIENTED_EDGE('',*,*,#1379,.T.);
#982=ORIENTED_EDGE('',*,*,#1325,.F.);
#983=ORIENTED_EDGE('',*,*,#1327,.F.);
#984=ORIENTED_EDGE('',*,*,#1397,.T.);
#985=ORIENTED_EDGE('',*,*,#1421,.T.);
#986=ORIENTED_EDGE('',*,*,#1382,.F.);
#987=ORIENTED_EDGE('',*,*,#1072,.F.);
#988=ORIENTED_EDGE('',*,*,#1108,.T.);
#989=ORIENTED_EDGE('',*,*,#1377,.T.);
#990=ORIENTED_EDGE('',*,*,#1322,.F.);
#991=ORIENTED_EDGE('',*,*,#1320,.F.);
#992=ORIENTED_EDGE('',*,*,#1389,.T.);
#993=ORIENTED_EDGE('',*,*,#1422,.T.);
#994=ORIENTED_EDGE('',*,*,#1404,.T.);
#995=ORIENTED_EDGE('',*,*,#1318,.T.);
#996=ORIENTED_EDGE('',*,*,#1378,.T.);
#997=ORIENTED_EDGE('',*,*,#1334,.F.);
#998=ORIENTED_EDGE('',*,*,#1064,.F.);
#999=ORIENTED_EDGE('',*,*,#1319,.T.);
#1000=ORIENTED_EDGE('',*,*,#1423,.F.);
#1001=ORIENTED_EDGE('',*,*,#1424,.T.);
#1002=ORIENTED_EDGE('',*,*,#1425,.T.);
#1003=ORIENTED_EDGE('',*,*,#1426,.F.);
#1004=ORIENTED_EDGE('',*,*,#1427,.T.);
#1005=ORIENTED_EDGE('',*,*,#1423,.T.);
#1006=ORIENTED_EDGE('',*,*,#1428,.T.);
#1007=ORIENTED_EDGE('',*,*,#1429,.F.);
#1008=ORIENTED_EDGE('',*,*,#1430,.T.);
#1009=ORIENTED_EDGE('',*,*,#1426,.T.);
#1010=ORIENTED_EDGE('',*,*,#1431,.T.);
#1011=ORIENTED_EDGE('',*,*,#1429,.T.);
#1012=ORIENTED_EDGE('',*,*,#1432,.T.);
#1013=ORIENTED_EDGE('',*,*,#1433,.F.);
#1014=ORIENTED_EDGE('',*,*,#1434,.T.);
#1015=ORIENTED_EDGE('',*,*,#1433,.T.);
#1016=ORIENTED_EDGE('',*,*,#1435,.T.);
#1017=ORIENTED_EDGE('',*,*,#1436,.T.);
#1018=ORIENTED_EDGE('',*,*,#1060,.F.);
#1019=ORIENTED_EDGE('',*,*,#1424,.F.);
#1020=ORIENTED_EDGE('',*,*,#1437,.F.);
#1021=ORIENTED_EDGE('',*,*,#1079,.F.);
#1022=ORIENTED_EDGE('',*,*,#1437,.T.);
#1023=ORIENTED_EDGE('',*,*,#1427,.F.);
#1024=ORIENTED_EDGE('',*,*,#1438,.F.);
#1025=ORIENTED_EDGE('',*,*,#1080,.F.);
#1026=ORIENTED_EDGE('',*,*,#1059,.F.);
#1027=ORIENTED_EDGE('',*,*,#1281,.F.);
#1028=ORIENTED_EDGE('',*,*,#1439,.F.);
#1029=ORIENTED_EDGE('',*,*,#1425,.F.);
#1030=ORIENTED_EDGE('',*,*,#1438,.T.);
#1031=ORIENTED_EDGE('',*,*,#1430,.F.);
#1032=ORIENTED_EDGE('',*,*,#1440,.F.);
#1033=ORIENTED_EDGE('',*,*,#1081,.F.);
#1034=ORIENTED_EDGE('',*,*,#1439,.T.);
#1035=ORIENTED_EDGE('',*,*,#1280,.F.);
#1036=ORIENTED_EDGE('',*,*,#1441,.F.);
#1037=ORIENTED_EDGE('',*,*,#1428,.F.);
#1038=ORIENTED_EDGE('',*,*,#1440,.T.);
#1039=ORIENTED_EDGE('',*,*,#1434,.F.);
#1040=ORIENTED_EDGE('',*,*,#1442,.F.);
#1041=ORIENTED_EDGE('',*,*,#1075,.F.);
#1042=ORIENTED_EDGE('',*,*,#1441,.T.);
#1043=ORIENTED_EDGE('',*,*,#1285,.F.);
#1044=ORIENTED_EDGE('',*,*,#1443,.F.);
#1045=ORIENTED_EDGE('',*,*,#1431,.F.);
#1046=ORIENTED_EDGE('',*,*,#1442,.T.);
#1047=ORIENTED_EDGE('',*,*,#1436,.F.);
#1048=ORIENTED_EDGE('',*,*,#1082,.F.);
#1049=ORIENTED_EDGE('',*,*,#1076,.F.);
#1050=ORIENTED_EDGE('',*,*,#1443,.T.);
#1051=ORIENTED_EDGE('',*,*,#1284,.F.);
#1052=ORIENTED_EDGE('',*,*,#1444,.F.);
#1053=ORIENTED_EDGE('',*,*,#1432,.F.);
#1054=ORIENTED_EDGE('',*,*,#1083,.F.);
#1055=ORIENTED_EDGE('',*,*,#1435,.F.);
#1056=ORIENTED_EDGE('',*,*,#1444,.T.);
#1057=ORIENTED_EDGE('',*,*,#1283,.F.);
#1058=EDGE_CURVE('',#1445,#1446,#1695,.T.);
#1059=EDGE_CURVE('',#1445,#1447,#232,.T.);
#1060=EDGE_CURVE('',#1447,#1448,#233,.F.);
#1061=EDGE_CURVE('',#1449,#1448,#1696,.T.);
#1062=EDGE_CURVE('',#1449,#1450,#104,.T.);
#1063=EDGE_CURVE('',#1451,#1450,#1697,.T.);
#1064=EDGE_CURVE('',#1451,#1452,#1698,.F.);
#1065=EDGE_CURVE('',#1453,#1452,#1699,.T.);
#1066=EDGE_CURVE('',#1454,#1453,#1700,.T.);
#1067=EDGE_CURVE('',#1454,#1455,#1701,.F.);
#1068=EDGE_CURVE('',#1455,#1456,#1702,.T.);
#1069=EDGE_CURVE('',#1456,#1457,#1703,.T.);
#1070=EDGE_CURVE('',#1457,#1458,#1704,.F.);
#1071=EDGE_CURVE('',#1458,#1459,#1705,.T.);
#1072=EDGE_CURVE('',#1459,#1460,#1706,.F.);
#1073=EDGE_CURVE('',#1461,#1460,#1707,.T.);
#1074=EDGE_CURVE('',#1461,#1446,#105,.T.);
#1075=EDGE_CURVE('',#1462,#1463,#234,.T.);
#1076=EDGE_CURVE('',#1463,#1464,#106,.F.);
#1077=EDGE_CURVE('',#1465,#1464,#1708,.T.);
#1078=EDGE_CURVE('',#1465,#1449,#1709,.T.);
#1079=EDGE_CURVE('',#1448,#1466,#107,.F.);
#1080=EDGE_CURVE('',#1466,#1467,#235,.T.);
#1081=EDGE_CURVE('',#1467,#1462,#1710,.T.);
#1082=EDGE_CURVE('',#1464,#1468,#236,.T.);
#1083=EDGE_CURVE('',#1468,#1469,#237,.F.);
#1084=EDGE_CURVE('',#1469,#1470,#1711,.T.);
#1085=EDGE_CURVE('',#1470,#1471,#108,.F.);
#1086=EDGE_CURVE('',#1472,#1471,#1712,.T.);
#1087=EDGE_CURVE('',#1472,#1473,#1713,.T.);
#1088=EDGE_CURVE('',#1474,#1473,#1714,.T.);
#1089=EDGE_CURVE('',#1475,#1474,#1715,.F.);
#1090=EDGE_CURVE('',#1475,#1476,#1716,.F.);
#1091=EDGE_CURVE('',#1476,#1477,#1717,.F.);
#1092=EDGE_CURVE('',#1477,#1478,#1718,.T.);
#1093=EDGE_CURVE('',#1479,#1478,#1719,.F.);
#1094=EDGE_CURVE('',#1479,#1480,#1720,.T.);
#1095=EDGE_CURVE('',#1481,#1480,#1721,.F.);
#1096=EDGE_CURVE('',#1482,#1481,#1722,.T.);
#1097=EDGE_CURVE('',#1482,#1465,#109,.F.);
#1098=EDGE_CURVE('',#1483,#1484,#1723,.F.);
#1099=EDGE_CURVE('',#1484,#1485,#1724,.T.);
#1100=EDGE_CURVE('',#1485,#1486,#1725,.T.);
#1101=EDGE_CURVE('',#1486,#1487,#110,.T.);
#1102=EDGE_CURVE('',#1487,#1488,#1726,.F.);
#1103=EDGE_CURVE('',#1488,#1489,#1727,.T.);
#1104=EDGE_CURVE('',#1489,#1490,#1728,.T.);
#1105=EDGE_CURVE('',#1490,#1483,#111,.T.);
#1106=EDGE_CURVE('',#1491,#1492,#112,.T.);
#1107=EDGE_CURVE('',#1491,#1493,#1729,.F.);
#1108=EDGE_CURVE('',#1459,#1493,#113,.F.);
#1109=EDGE_CURVE('',#1458,#1474,#114,.T.);
#1110=EDGE_CURVE('',#1473,#1494,#115,.T.);
#1111=EDGE_CURVE('',#1494,#1495,#1730,.T.);
#1112=EDGE_CURVE('',#1496,#1495,#116,.T.);
#1113=EDGE_CURVE('',#1496,#1483,#238,.T.);
#1114=EDGE_CURVE('',#1490,#1497,#239,.T.);
#1115=EDGE_CURVE('',#1498,#1497,#1731,.T.);
#1116=EDGE_CURVE('',#1498,#1499,#117,.F.);
#1117=EDGE_CURVE('',#1499,#1500,#1732,.T.);
#1118=EDGE_CURVE('',#1500,#1487,#240,.T.);
#1119=EDGE_CURVE('',#1486,#1492,#241,.T.);
#1120=EDGE_CURVE('',#1456,#1501,#118,.F.);
#1121=EDGE_CURVE('',#1501,#1502,#1733,.F.);
#1122=EDGE_CURVE('',#1502,#1457,#119,.T.);
#1123=EDGE_CURVE('',#1503,#1504,#120,.T.);
#1124=EDGE_CURVE('',#1504,#1505,#121,.T.);
#1125=EDGE_CURVE('',#1505,#1506,#1734,.F.);
#1126=EDGE_CURVE('',#1506,#1507,#122,.T.);
#1127=EDGE_CURVE('',#1507,#1508,#123,.T.);
#1128=EDGE_CURVE('',#1508,#1509,#124,.T.);
#1129=EDGE_CURVE('',#1509,#1510,#1735,.T.);
#1130=EDGE_CURVE('',#1510,#1503,#125,.T.);
#1131=EDGE_CURVE('',#1511,#1512,#242,.T.);
#1132=EDGE_CURVE('',#1512,#1513,#126,.T.);
#1133=EDGE_CURVE('',#1513,#1514,#127,.T.);
#1134=EDGE_CURVE('',#1514,#1515,#128,.T.);
#1135=EDGE_CURVE('',#1515,#1516,#1736,.F.);
#1136=EDGE_CURVE('',#1516,#1517,#1737,.T.);
#1137=EDGE_CURVE('',#1517,#1518,#1738,.T.);
#1138=EDGE_CURVE('',#1518,#1511,#243,.T.);
#1139=EDGE_CURVE('',#1519,#1520,#1739,.F.);
#1140=EDGE_CURVE('',#1520,#1521,#1740,.T.);
#1141=EDGE_CURVE('',#1521,#1522,#1741,.T.);
#1142=EDGE_CURVE('',#1522,#1523,#1742,.F.);
#1143=EDGE_CURVE('',#1523,#1524,#1743,.F.);
#1144=EDGE_CURVE('',#1524,#1525,#1744,.F.);
#1145=EDGE_CURVE('',#1525,#1526,#1745,.T.);
#1146=EDGE_CURVE('',#1526,#1527,#1746,.F.);
#1147=EDGE_CURVE('',#1527,#1528,#1747,.F.);
#1148=EDGE_CURVE('',#1528,#1529,#1748,.F.);
#1149=EDGE_CURVE('',#1529,#1530,#1749,.T.);
#1150=EDGE_CURVE('',#1530,#1519,#1750,.F.);
#1151=EDGE_CURVE('',#1531,#1532,#1751,.F.);
#1152=EDGE_CURVE('',#1532,#1533,#1752,.T.);
#1153=EDGE_CURVE('',#1533,#1534,#1753,.T.);
#1154=EDGE_CURVE('',#1534,#1535,#1754,.F.);
#1155=EDGE_CURVE('',#1535,#1536,#1755,.T.);
#1156=EDGE_CURVE('',#1536,#1537,#1756,.T.);
#1157=EDGE_CURVE('',#1537,#1538,#1757,.T.);
#1158=EDGE_CURVE('',#1538,#1539,#1758,.T.);
#1159=EDGE_CURVE('',#1539,#1540,#1759,.T.);
#1160=EDGE_CURVE('',#1540,#1541,#1760,.T.);
#1161=EDGE_CURVE('',#1541,#1542,#1761,.T.);
#1162=EDGE_CURVE('',#1542,#1531,#1762,.T.);
#1163=EDGE_CURVE('',#1543,#1544,#1763,.F.);
#1164=EDGE_CURVE('',#1544,#1545,#1764,.T.);
#1165=EDGE_CURVE('',#1545,#1546,#1765,.T.);
#1166=EDGE_CURVE('',#1546,#1543,#1766,.F.);
#1167=EDGE_CURVE('',#1477,#1547,#129,.T.);
#1168=EDGE_CURVE('',#1547,#1548,#1767,.T.);
#1169=EDGE_CURVE('',#1478,#1548,#130,.T.);
#1170=EDGE_CURVE('',#1549,#1550,#131,.T.);
#1171=EDGE_CURVE('',#1550,#1551,#132,.T.);
#1172=EDGE_CURVE('',#1551,#1454,#133,.F.);
#1173=EDGE_CURVE('',#1479,#1453,#134,.T.);
#1174=EDGE_CURVE('',#1548,#1549,#135,.T.);
#1175=EDGE_CURVE('',#1552,#1553,#1768,.T.);
#1176=EDGE_CURVE('',#1554,#1553,#1769,.T.);
#1177=EDGE_CURVE('',#1554,#1555,#1770,.F.);
#1178=EDGE_CURVE('',#1555,#1552,#136,.T.);
#1179=EDGE_CURVE('',#1556,#1520,#1771,.T.);
#1180=EDGE_CURVE('',#1556,#1557,#1772,.F.);
#1181=EDGE_CURVE('',#1557,#1521,#1773,.T.);
#1182=EDGE_CURVE('',#1558,#1519,#1774,.F.);
#1183=EDGE_CURVE('',#1558,#1556,#1775,.F.);
#1184=EDGE_CURVE('',#1559,#1530,#1776,.F.);
#1185=EDGE_CURVE('',#1559,#1558,#1777,.T.);
#1186=EDGE_CURVE('',#1560,#1529,#1778,.F.);
#1187=EDGE_CURVE('',#1560,#1559,#1779,.T.);
#1188=EDGE_CURVE('',#1561,#1528,#1780,.T.);
#1189=EDGE_CURVE('',#1561,#1560,#1781,.T.);
#1190=EDGE_CURVE('',#1562,#1527,#1782,.F.);
#1191=EDGE_CURVE('',#1562,#1561,#1783,.F.);
#1192=EDGE_CURVE('',#1563,#1526,#1784,.F.);
#1193=EDGE_CURVE('',#1563,#1562,#1785,.T.);
#1194=EDGE_CURVE('',#1564,#1525,#1786,.F.);
#1195=EDGE_CURVE('',#1564,#1563,#1787,.T.);
#1196=EDGE_CURVE('',#1565,#1524,#1788,.T.);
#1197=EDGE_CURVE('',#1565,#1564,#1789,.T.);
#1198=EDGE_CURVE('',#1566,#1523,#1790,.F.);
#1199=EDGE_CURVE('',#1566,#1565,#1791,.F.);
#1200=EDGE_CURVE('',#1567,#1522,#1792,.F.);
#1201=EDGE_CURVE('',#1567,#1566,#1793,.T.);
#1202=EDGE_CURVE('',#1557,#1567,#1794,.T.);
#1203=EDGE_CURVE('',#1568,#1532,#1795,.T.);
#1204=EDGE_CURVE('',#1568,#1569,#1796,.F.);
#1205=EDGE_CURVE('',#1569,#1533,#1797,.F.);
#1206=EDGE_CURVE('',#1570,#1531,#1798,.F.);
#1207=EDGE_CURVE('',#1570,#1568,#1799,.F.);
#1208=EDGE_CURVE('',#1571,#1542,#1800,.F.);
#1209=EDGE_CURVE('',#1571,#1570,#1801,.F.);
#1210=EDGE_CURVE('',#1572,#1541,#1802,.F.);
#1211=EDGE_CURVE('',#1572,#1571,#1803,.F.);
#1212=EDGE_CURVE('',#1573,#1540,#1804,.F.);
#1213=EDGE_CURVE('',#1573,#1572,#1805,.T.);
#1214=EDGE_CURVE('',#1574,#1539,#1806,.F.);
#1215=EDGE_CURVE('',#1574,#1573,#1807,.F.);
#1216=EDGE_CURVE('',#1575,#1538,#1808,.F.);
#1217=EDGE_CURVE('',#1575,#1574,#1809,.F.);
#1218=EDGE_CURVE('',#1576,#1537,#1810,.F.);
#1219=EDGE_CURVE('',#1576,#1575,#1811,.T.);
#1220=EDGE_CURVE('',#1577,#1536,#1812,.F.);
#1221=EDGE_CURVE('',#1577,#1576,#1813,.F.);
#1222=EDGE_CURVE('',#1578,#1535,#1814,.T.);
#1223=EDGE_CURVE('',#1578,#1577,#1815,.F.);
#1224=EDGE_CURVE('',#1579,#1534,#1816,.F.);
#1225=EDGE_CURVE('',#1579,#1578,#1817,.F.);
#1226=EDGE_CURVE('',#1569,#1579,#1818,.F.);
#1227=EDGE_CURVE('',#1580,#1544,#1819,.T.);
#1228=EDGE_CURVE('',#1580,#1581,#1820,.F.);
#1229=EDGE_CURVE('',#1581,#1545,#1821,.T.);
#1230=EDGE_CURVE('',#1582,#1543,#1822,.F.);
#1231=EDGE_CURVE('',#1582,#1580,#1823,.F.);
#1232=EDGE_CURVE('',#1583,#1546,#1824,.F.);
#1233=EDGE_CURVE('',#1583,#1582,#1825,.T.);
#1234=EDGE_CURVE('',#1581,#1583,#1826,.T.);
#1235=EDGE_CURVE('',#1584,#1585,#244,.T.);
#1236=EDGE_CURVE('',#1586,#1584,#245,.T.);
#1237=EDGE_CURVE('',#1586,#1587,#246,.F.);
#1238=EDGE_CURVE('',#1587,#1585,#1827,.T.);
#1239=EDGE_CURVE('',#1588,#1584,#137,.F.);
#1240=EDGE_CURVE('',#1589,#1588,#247,.F.);
#1241=EDGE_CURVE('',#1589,#1586,#138,.F.);
#1242=EDGE_CURVE('',#1590,#1588,#139,.F.);
#1243=EDGE_CURVE('',#1591,#1590,#248,.F.);
#1244=EDGE_CURVE('',#1591,#1589,#140,.F.);
#1245=EDGE_CURVE('',#1592,#1590,#141,.F.);
#1246=EDGE_CURVE('',#1593,#1592,#249,.T.);
#1247=EDGE_CURVE('',#1593,#1591,#142,.F.);
#1248=EDGE_CURVE('',#1594,#1592,#1828,.T.);
#1249=EDGE_CURVE('',#1595,#1594,#1829,.F.);
#1250=EDGE_CURVE('',#1595,#1593,#1830,.T.);
#1251=EDGE_CURVE('',#1596,#1594,#1831,.F.);
#1252=EDGE_CURVE('',#1597,#1596,#1832,.T.);
#1253=EDGE_CURVE('',#1597,#1595,#1833,.T.);
#1254=EDGE_CURVE('',#1598,#1596,#1834,.F.);
#1255=EDGE_CURVE('',#1599,#1598,#250,.F.);
#1256=EDGE_CURVE('',#1599,#1597,#1835,.F.);
#1257=EDGE_CURVE('',#1600,#1512,#251,.F.);
#1258=EDGE_CURVE('',#1600,#1601,#143,.T.);
#1259=EDGE_CURVE('',#1601,#1513,#252,.T.);
#1260=EDGE_CURVE('',#1602,#1511,#1836,.T.);
#1261=EDGE_CURVE('',#1602,#1600,#253,.F.);
#1262=EDGE_CURVE('',#1603,#1518,#254,.T.);
#1263=EDGE_CURVE('',#1603,#1602,#255,.F.);
#1264=EDGE_CURVE('',#1604,#1517,#1837,.T.);
#1265=EDGE_CURVE('',#1604,#1603,#1838,.T.);
#1266=EDGE_CURVE('',#1605,#1516,#1839,.T.);
#1267=EDGE_CURVE('',#1605,#1604,#1840,.F.);
#1268=EDGE_CURVE('',#1606,#1515,#256,.F.);
#1269=EDGE_CURVE('',#1606,#1605,#1841,.F.);
#1270=EDGE_CURVE('',#1607,#1514,#257,.F.);
#1271=EDGE_CURVE('',#1607,#1606,#144,.T.);
#1272=EDGE_CURVE('',#1601,#1607,#145,.T.);
#1273=EDGE_CURVE('',#1585,#1598,#258,.T.);
#1274=EDGE_CURVE('',#1587,#1599,#259,.F.);
#1275=EDGE_CURVE('',#1608,#1475,#146,.T.);
#1276=EDGE_CURVE('',#1608,#1609,#1842,.F.);
#1277=EDGE_CURVE('',#1609,#1476,#147,.T.);
#1278=EDGE_CURVE('',#1551,#1610,#1843,.T.);
#1279=EDGE_CURVE('',#1610,#1455,#148,.F.);
#1280=EDGE_CURVE('',#1611,#1612,#260,.T.);
#1281=EDGE_CURVE('',#1612,#1445,#149,.F.);
#1282=EDGE_CURVE('',#1446,#1470,#1844,.F.);
#1283=EDGE_CURVE('',#1469,#1613,#150,.F.);
#1284=EDGE_CURVE('',#1613,#1614,#261,.T.);
#1285=EDGE_CURVE('',#1614,#1611,#1845,.F.);
#1286=EDGE_CURVE('',#1492,#1615,#1846,.F.);
#1287=EDGE_CURVE('',#1615,#1616,#1847,.T.);
#1288=EDGE_CURVE('',#1616,#1617,#151,.T.);
#1289=EDGE_CURVE('',#1618,#1617,#152,.F.);
#1290=EDGE_CURVE('',#1619,#1618,#153,.F.);
#1291=EDGE_CURVE('',#1619,#1491,#154,.T.);
#1292=EDGE_CURVE('',#1620,#1620,#155,.F.);
#1293=EDGE_CURVE('',#1621,#1622,#156,.T.);
#1294=EDGE_CURVE('',#1622,#1623,#1848,.T.);
#1295=EDGE_CURVE('',#1623,#1496,#1849,.T.);
#1296=EDGE_CURVE('',#1495,#1624,#157,.T.);
#1297=EDGE_CURVE('',#1624,#1625,#158,.T.);
#1298=EDGE_CURVE('',#1625,#1621,#159,.T.);
#1299=EDGE_CURVE('',#1626,#1626,#160,.T.);
#1300=EDGE_CURVE('',#1627,#1628,#161,.T.);
#1301=EDGE_CURVE('',#1628,#1629,#1850,.F.);
#1302=EDGE_CURVE('',#1629,#1630,#1851,.F.);
#1303=EDGE_CURVE('',#1630,#1631,#162,.T.);
#1304=EDGE_CURVE('',#1631,#1632,#163,.T.);
#1305=EDGE_CURVE('',#1632,#1633,#164,.T.);
#1306=EDGE_CURVE('',#1633,#1627,#165,.T.);
#1307=EDGE_CURVE('',#1634,#1634,#166,.T.);
#1308=EDGE_CURVE('',#1635,#1636,#167,.T.);
#1309=EDGE_CURVE('',#1636,#1637,#1852,.T.);
#1310=EDGE_CURVE('',#1637,#1638,#1853,.F.);
#1311=EDGE_CURVE('',#1638,#1639,#168,.T.);
#1312=EDGE_CURVE('',#1640,#1639,#169,.F.);
#1313=EDGE_CURVE('',#1641,#1640,#170,.F.);
#1314=EDGE_CURVE('',#1641,#1635,#171,.T.);
#1315=EDGE_CURVE('',#1642,#1642,#172,.F.);
#1316=EDGE_CURVE('',#1643,#1633,#1854,.T.);
#1317=EDGE_CURVE('',#1632,#1644,#1855,.F.);
#1318=EDGE_CURVE('',#1643,#1644,#173,.F.);
#1319=EDGE_CURVE('',#1645,#1645,#174,.T.);
#1320=EDGE_CURVE('',#1646,#1646,#175,.F.);
#1321=EDGE_CURVE('',#1618,#1647,#1856,.F.);
#1322=EDGE_CURVE('',#1647,#1648,#176,.T.);
#1323=EDGE_CURVE('',#1648,#1619,#1857,.T.);
#1324=EDGE_CURVE('',#1640,#1649,#1858,.F.);
#1325=EDGE_CURVE('',#1649,#1650,#177,.T.);
#1326=EDGE_CURVE('',#1650,#1641,#1859,.T.);
#1327=EDGE_CURVE('',#1651,#1651,#178,.F.);
#1328=EDGE_CURVE('',#1652,#1652,#179,.T.);
#1329=EDGE_CURVE('',#1653,#1625,#1860,.T.);
#1330=EDGE_CURVE('',#1624,#1654,#1861,.F.);
#1331=EDGE_CURVE('',#1653,#1654,#180,.F.);
#1332=EDGE_CURVE('',#1635,#1655,#1862,.F.);
#1333=EDGE_CURVE('',#1480,#1655,#181,.F.);
#1334=EDGE_CURVE('',#1452,#1656,#182,.T.);
#1335=EDGE_CURVE('',#1656,#1631,#1863,.T.);
#1336=EDGE_CURVE('',#1630,#1552,#262,.T.);
#1337=EDGE_CURVE('',#1555,#1636,#263,.T.);
#1338=EDGE_CURVE('',#1502,#1657,#183,.T.);
#1339=EDGE_CURVE('',#1657,#1658,#184,.T.);
#1340=EDGE_CURVE('',#1658,#1608,#185,.T.);
#1341=EDGE_CURVE('',#1657,#1659,#1864,.F.);
#1342=EDGE_CURVE('',#1659,#1660,#186,.T.);
#1343=EDGE_CURVE('',#1660,#1658,#1865,.T.);
#1344=EDGE_CURVE('',#1661,#1662,#187,.T.);
#1345=EDGE_CURVE('',#1662,#1550,#1866,.T.);
#1346=EDGE_CURVE('',#1549,#1661,#1867,.F.);
#1347=EDGE_CURVE('',#1554,#1637,#264,.T.);
#1348=EDGE_CURVE('',#1629,#1553,#265,.T.);
#1349=EDGE_CURVE('',#1485,#1615,#266,.T.);
#1350=EDGE_CURVE('',#1623,#1484,#267,.T.);
#1351=EDGE_CURVE('',#1661,#1547,#188,.T.);
#1352=EDGE_CURVE('',#1661,#1508,#189,.T.);
#1353=EDGE_CURVE('',#1508,#1547,#190,.F.);
#1354=EDGE_CURVE('',#1509,#1477,#191,.F.);
#1355=EDGE_CURVE('',#1662,#1507,#192,.T.);
#1356=EDGE_CURVE('',#1610,#1662,#193,.T.);
#1357=EDGE_CURVE('',#1510,#1476,#194,.F.);
#1358=EDGE_CURVE('',#1610,#1507,#195,.T.);
#1359=EDGE_CURVE('',#1609,#1660,#196,.T.);
#1360=EDGE_CURVE('',#1503,#1609,#197,.F.);
#1361=EDGE_CURVE('',#1455,#1506,#198,.T.);
#1362=EDGE_CURVE('',#1503,#1660,#199,.F.);
#1363=EDGE_CURVE('',#1456,#1505,#200,.T.);
#1364=EDGE_CURVE('',#1504,#1659,#201,.F.);
#1365=EDGE_CURVE('',#1501,#1504,#202,.T.);
#1366=EDGE_CURVE('',#1501,#1659,#203,.T.);
#1367=EDGE_CURVE('',#1663,#1664,#1868,.F.);
#1368=EDGE_CURVE('',#1663,#1500,#1869,.T.);
#1369=EDGE_CURVE('',#1499,#1664,#1870,.F.);
#1370=EDGE_CURVE('',#1498,#1665,#1871,.F.);
#1371=EDGE_CURVE('',#1664,#1665,#1872,.T.);
#1372=EDGE_CURVE('',#1497,#1666,#1873,.F.);
#1373=EDGE_CURVE('',#1666,#1665,#1874,.F.);
#1374=EDGE_CURVE('',#1666,#1663,#1875,.F.);
#1375=EDGE_CURVE('',#1666,#1489,#18,.F.);
#1376=EDGE_CURVE('',#1663,#1488,#19,.F.);
#1377=EDGE_CURVE('',#1493,#1648,#204,.T.);
#1378=EDGE_CURVE('',#1644,#1656,#205,.T.);
#1379=EDGE_CURVE('',#1655,#1650,#206,.T.);
#1380=EDGE_CURVE('',#1654,#1494,#207,.T.);
#1381=EDGE_CURVE('',#1471,#1461,#1876,.T.);
#1382=EDGE_CURVE('',#1460,#1667,#1877,.T.);
#1383=EDGE_CURVE('',#1667,#1668,#1878,.T.);
#1384=EDGE_CURVE('',#1485,#1668,#1879,.T.);
#1385=EDGE_CURVE('',#1669,#1484,#1880,.T.);
#1386=EDGE_CURVE('',#1669,#1670,#1881,.F.);
#1387=EDGE_CURVE('',#1472,#1670,#1882,.F.);
#1388=EDGE_CURVE('',#1671,#1672,#1883,.T.);
#1389=EDGE_CURVE('',#1451,#1672,#1884,.F.);
#1390=EDGE_CURVE('',#1450,#1482,#1885,.F.);
#1391=EDGE_CURVE('',#1481,#1673,#1886,.T.);
#1392=EDGE_CURVE('',#1673,#1674,#1887,.F.);
#1393=EDGE_CURVE('',#1674,#1554,#1888,.T.);
#1394=EDGE_CURVE('',#1553,#1671,#1889,.T.);
#1395=EDGE_CURVE('',#1617,#1675,#268,.F.);
#1396=EDGE_CURVE('',#1675,#1676,#1890,.F.);
#1397=EDGE_CURVE('',#1647,#1676,#208,.T.);
#1398=EDGE_CURVE('',#1677,#1653,#209,.T.);
#1399=EDGE_CURVE('',#1677,#1678,#1891,.T.);
#1400=EDGE_CURVE('',#1678,#1621,#269,.T.);
#1401=EDGE_CURVE('',#1639,#1679,#270,.F.);
#1402=EDGE_CURVE('',#1679,#1680,#1892,.F.);
#1403=EDGE_CURVE('',#1649,#1680,#210,.T.);
#1404=EDGE_CURVE('',#1681,#1643,#211,.T.);
#1405=EDGE_CURVE('',#1681,#1682,#1893,.T.);
#1406=EDGE_CURVE('',#1682,#1627,#271,.T.);
#1407=EDGE_CURVE('',#1683,#1628,#212,.T.);
#1408=EDGE_CURVE('',#1683,#1671,#272,.T.);
#1409=EDGE_CURVE('',#1682,#1683,#273,.T.);
#1410=EDGE_CURVE('',#1674,#1684,#274,.T.);
#1411=EDGE_CURVE('',#1638,#1684,#213,.T.);
#1412=EDGE_CURVE('',#1684,#1679,#275,.T.);
#1413=EDGE_CURVE('',#1685,#1622,#214,.T.);
#1414=EDGE_CURVE('',#1685,#1669,#276,.T.);
#1415=EDGE_CURVE('',#1678,#1685,#277,.T.);
#1416=EDGE_CURVE('',#1668,#1686,#278,.T.);
#1417=EDGE_CURVE('',#1616,#1686,#215,.T.);
#1418=EDGE_CURVE('',#1686,#1675,#279,.T.);
#1419=EDGE_CURVE('',#1670,#1677,#216,.F.);
#1420=EDGE_CURVE('',#1680,#1673,#217,.F.);
#1421=EDGE_CURVE('',#1676,#1667,#218,.F.);
#1422=EDGE_CURVE('',#1672,#1681,#219,.F.);
#1423=EDGE_CURVE('',#1687,#1688,#20,.T.);
#1424=EDGE_CURVE('',#1687,#1447,#220,.T.);
#1425=EDGE_CURVE('',#1447,#1688,#221,.T.);
#1426=EDGE_CURVE('',#1689,#1690,#21,.T.);
#1427=EDGE_CURVE('',#1689,#1687,#280,.T.);
#1428=EDGE_CURVE('',#1688,#1690,#281,.T.);
#1429=EDGE_CURVE('',#1691,#1692,#22,.T.);
#1430=EDGE_CURVE('',#1691,#1689,#1894,.T.);
#1431=EDGE_CURVE('',#1690,#1692,#1895,.F.);
#1432=EDGE_CURVE('',#1692,#1693,#282,.T.);
#1433=EDGE_CURVE('',#1694,#1693,#23,.T.);
#1434=EDGE_CURVE('',#1694,#1691,#283,.T.);
#1435=EDGE_CURVE('',#1693,#1468,#222,.T.);
#1436=EDGE_CURVE('',#1468,#1694,#223,.T.);
#1437=EDGE_CURVE('',#1466,#1687,#224,.T.);
#1438=EDGE_CURVE('',#1467,#1689,#225,.T.);
#1439=EDGE_CURVE('',#1688,#1612,#226,.T.);
#1440=EDGE_CURVE('',#1462,#1691,#227,.T.);
#1441=EDGE_CURVE('',#1690,#1611,#228,.T.);
#1442=EDGE_CURVE('',#1463,#1694,#229,.T.);
#1443=EDGE_CURVE('',#1692,#1614,#230,.T.);
#1444=EDGE_CURVE('',#1693,#1613,#231,.T.);
#1445=VERTEX_POINT('',#3672);
#1446=VERTEX_POINT('',#3673);
#1447=VERTEX_POINT('',#3679);
#1448=VERTEX_POINT('',#3685);
#1449=VERTEX_POINT('',#3687);
#1450=VERTEX_POINT('',#3689);
#1451=VERTEX_POINT('',#3691);
#1452=VERTEX_POINT('',#3693);
#1453=VERTEX_POINT('',#3695);
#1454=VERTEX_POINT('',#3697);
#1455=VERTEX_POINT('',#3699);
#1456=VERTEX_POINT('',#3701);
#1457=VERTEX_POINT('',#3703);
#1458=VERTEX_POINT('',#3705);
#1459=VERTEX_POINT('',#3707);
#1460=VERTEX_POINT('',#3709);
#1461=VERTEX_POINT('',#3711);
#1462=VERTEX_POINT('',#3718);
#1463=VERTEX_POINT('',#3719);
#1464=VERTEX_POINT('',#3721);
#1465=VERTEX_POINT('',#3723);
#1466=VERTEX_POINT('',#3726);
#1467=VERTEX_POINT('',#3731);
#1468=VERTEX_POINT('',#3739);
#1469=VERTEX_POINT('',#3745);
#1470=VERTEX_POINT('',#3747);
#1471=VERTEX_POINT('',#3749);
#1472=VERTEX_POINT('',#3751);
#1473=VERTEX_POINT('',#3753);
#1474=VERTEX_POINT('',#3755);
#1475=VERTEX_POINT('',#3757);
#1476=VERTEX_POINT('',#3759);
#1477=VERTEX_POINT('',#3761);
#1478=VERTEX_POINT('',#3763);
#1479=VERTEX_POINT('',#3765);
#1480=VERTEX_POINT('',#3767);
#1481=VERTEX_POINT('',#3769);
#1482=VERTEX_POINT('',#3771);
#1483=VERTEX_POINT('',#3775);
#1484=VERTEX_POINT('',#3776);
#1485=VERTEX_POINT('',#3778);
#1486=VERTEX_POINT('',#3780);
#1487=VERTEX_POINT('',#3782);
#1488=VERTEX_POINT('',#3784);
#1489=VERTEX_POINT('',#3786);
#1490=VERTEX_POINT('',#3788);
#1491=VERTEX_POINT('',#3792);
#1492=VERTEX_POINT('',#3793);
#1493=VERTEX_POINT('',#3795);
#1494=VERTEX_POINT('',#3799);
#1495=VERTEX_POINT('',#3801);
#1496=VERTEX_POINT('',#3803);
#1497=VERTEX_POINT('',#3813);
#1498=VERTEX_POINT('',#3815);
#1499=VERTEX_POINT('',#3817);
#1500=VERTEX_POINT('',#3819);
#1501=VERTEX_POINT('',#3831);
#1502=VERTEX_POINT('',#3833);
#1503=VERTEX_POINT('',#3837);
#1504=VERTEX_POINT('',#3838);
#1505=VERTEX_POINT('',#3840);
#1506=VERTEX_POINT('',#3842);
#1507=VERTEX_POINT('',#3844);
#1508=VERTEX_POINT('',#3846);
#1509=VERTEX_POINT('',#3848);
#1510=VERTEX_POINT('',#3850);
#1511=VERTEX_POINT('',#3856);
#1512=VERTEX_POINT('',#3857);
#1513=VERTEX_POINT('',#3859);
#1514=VERTEX_POINT('',#3861);
#1515=VERTEX_POINT('',#3863);
#1516=VERTEX_POINT('',#3865);
#1517=VERTEX_POINT('',#3867);
#1518=VERTEX_POINT('',#3869);
#1519=VERTEX_POINT('',#3875);
#1520=VERTEX_POINT('',#3876);
#1521=VERTEX_POINT('',#3878);
#1522=VERTEX_POINT('',#3880);
#1523=VERTEX_POINT('',#3882);
#1524=VERTEX_POINT('',#3884);
#1525=VERTEX_POINT('',#3886);
#1526=VERTEX_POINT('',#3888);
#1527=VERTEX_POINT('',#3890);
#1528=VERTEX_POINT('',#3892);
#1529=VERTEX_POINT('',#3894);
#1530=VERTEX_POINT('',#3896);
#1531=VERTEX_POINT('',#3899);
#1532=VERTEX_POINT('',#3900);
#1533=VERTEX_POINT('',#3902);
#1534=VERTEX_POINT('',#3904);
#1535=VERTEX_POINT('',#3906);
#1536=VERTEX_POINT('',#3908);
#1537=VERTEX_POINT('',#3910);
#1538=VERTEX_POINT('',#3912);
#1539=VERTEX_POINT('',#3914);
#1540=VERTEX_POINT('',#3916);
#1541=VERTEX_POINT('',#3918);
#1542=VERTEX_POINT('',#3920);
#1543=VERTEX_POINT('',#3923);
#1544=VERTEX_POINT('',#3924);
#1545=VERTEX_POINT('',#3926);
#1546=VERTEX_POINT('',#3928);
#1547=VERTEX_POINT('',#3932);
#1548=VERTEX_POINT('',#3934);
#1549=VERTEX_POINT('',#3938);
#1550=VERTEX_POINT('',#3939);
#1551=VERTEX_POINT('',#3941);
#1552=VERTEX_POINT('',#3947);
#1553=VERTEX_POINT('',#3948);
#1554=VERTEX_POINT('',#3950);
#1555=VERTEX_POINT('',#3952);
#1556=VERTEX_POINT('',#3956);
#1557=VERTEX_POINT('',#3958);
#1558=VERTEX_POINT('',#3962);
#1559=VERTEX_POINT('',#3966);
#1560=VERTEX_POINT('',#3970);
#1561=VERTEX_POINT('',#3974);
#1562=VERTEX_POINT('',#3978);
#1563=VERTEX_POINT('',#3982);
#1564=VERTEX_POINT('',#3986);
#1565=VERTEX_POINT('',#3990);
#1566=VERTEX_POINT('',#3994);
#1567=VERTEX_POINT('',#3998);
#1568=VERTEX_POINT('',#4005);
#1569=VERTEX_POINT('',#4007);
#1570=VERTEX_POINT('',#4011);
#1571=VERTEX_POINT('',#4015);
#1572=VERTEX_POINT('',#4019);
#1573=VERTEX_POINT('',#4023);
#1574=VERTEX_POINT('',#4027);
#1575=VERTEX_POINT('',#4031);
#1576=VERTEX_POINT('',#4035);
#1577=VERTEX_POINT('',#4039);
#1578=VERTEX_POINT('',#4043);
#1579=VERTEX_POINT('',#4047);
#1580=VERTEX_POINT('',#4054);
#1581=VERTEX_POINT('',#4056);
#1582=VERTEX_POINT('',#4060);
#1583=VERTEX_POINT('',#4064);
#1584=VERTEX_POINT('',#4081);
#1585=VERTEX_POINT('',#4082);
#1586=VERTEX_POINT('',#4087);
#1587=VERTEX_POINT('',#4092);
#1588=VERTEX_POINT('',#4096);
#1589=VERTEX_POINT('',#4101);
#1590=VERTEX_POINT('',#4105);
#1591=VERTEX_POINT('',#4110);
#1592=VERTEX_POINT('',#4114);
#1593=VERTEX_POINT('',#4119);
#1594=VERTEX_POINT('',#4123);
#1595=VERTEX_POINT('',#4125);
#1596=VERTEX_POINT('',#4129);
#1597=VERTEX_POINT('',#4131);
#1598=VERTEX_POINT('',#4135);
#1599=VERTEX_POINT('',#4140);
#1600=VERTEX_POINT('',#4147);
#1601=VERTEX_POINT('',#4149);
#1602=VERTEX_POINT('',#4163);
#1603=VERTEX_POINT('',#4180);
#1604=VERTEX_POINT('',#4187);
#1605=VERTEX_POINT('',#4191);
#1606=VERTEX_POINT('',#4198);
#1607=VERTEX_POINT('',#4205);
#1608=VERTEX_POINT('',#4229);
#1609=VERTEX_POINT('',#4231);
#1610=VERTEX_POINT('',#4235);
#1611=VERTEX_POINT('',#4242);
#1612=VERTEX_POINT('',#4243);
#1613=VERTEX_POINT('',#4247);
#1614=VERTEX_POINT('',#4252);
#1615=VERTEX_POINT('',#4256);
#1616=VERTEX_POINT('',#4258);
#1617=VERTEX_POINT('',#4260);
#1618=VERTEX_POINT('',#4262);
#1619=VERTEX_POINT('',#4264);
#1620=VERTEX_POINT('',#4267);
#1621=VERTEX_POINT('',#4270);
#1622=VERTEX_POINT('',#4271);
#1623=VERTEX_POINT('',#4273);
#1624=VERTEX_POINT('',#4276);
#1625=VERTEX_POINT('',#4278);
#1626=VERTEX_POINT('',#4281);
#1627=VERTEX_POINT('',#4284);
#1628=VERTEX_POINT('',#4285);
#1629=VERTEX_POINT('',#4287);
#1630=VERTEX_POINT('',#4289);
#1631=VERTEX_POINT('',#4291);
#1632=VERTEX_POINT('',#4293);
#1633=VERTEX_POINT('',#4295);
#1634=VERTEX_POINT('',#4298);
#1635=VERTEX_POINT('',#4301);
#1636=VERTEX_POINT('',#4302);
#1637=VERTEX_POINT('',#4304);
#1638=VERTEX_POINT('',#4306);
#1639=VERTEX_POINT('',#4308);
#1640=VERTEX_POINT('',#4310);
#1641=VERTEX_POINT('',#4312);
#1642=VERTEX_POINT('',#4315);
#1643=VERTEX_POINT('',#4318);
#1644=VERTEX_POINT('',#4320);
#1645=VERTEX_POINT('',#4324);
#1646=VERTEX_POINT('',#4327);
#1647=VERTEX_POINT('',#4330);
#1648=VERTEX_POINT('',#4332);
#1649=VERTEX_POINT('',#4336);
#1650=VERTEX_POINT('',#4338);
#1651=VERTEX_POINT('',#4342);
#1652=VERTEX_POINT('',#4345);
#1653=VERTEX_POINT('',#4348);
#1654=VERTEX_POINT('',#4350);
#1655=VERTEX_POINT('',#4354);
#1656=VERTEX_POINT('',#4357);
#1657=VERTEX_POINT('',#4369);
#1658=VERTEX_POINT('',#4371);
#1659=VERTEX_POINT('',#4375);
#1660=VERTEX_POINT('',#4377);
#1661=VERTEX_POINT('',#4381);
#1662=VERTEX_POINT('',#4382);
#1663=VERTEX_POINT('',#4451);
#1664=VERTEX_POINT('',#4452);
#1665=VERTEX_POINT('',#4457);
#1666=VERTEX_POINT('',#4461);
#1667=VERTEX_POINT('',#4481);
#1668=VERTEX_POINT('',#4483);
#1669=VERTEX_POINT('',#4486);
#1670=VERTEX_POINT('',#4488);
#1671=VERTEX_POINT('',#4492);
#1672=VERTEX_POINT('',#4493);
#1673=VERTEX_POINT('',#4497);
#1674=VERTEX_POINT('',#4499);
#1675=VERTEX_POINT('',#4507);
#1676=VERTEX_POINT('',#4509);
#1677=VERTEX_POINT('',#4513);
#1678=VERTEX_POINT('',#4515);
#1679=VERTEX_POINT('',#4525);
#1680=VERTEX_POINT('',#4527);
#1681=VERTEX_POINT('',#4531);
#1682=VERTEX_POINT('',#4533);
#1683=VERTEX_POINT('',#4540);
#1684=VERTEX_POINT('',#4555);
#1685=VERTEX_POINT('',#4564);
#1686=VERTEX_POINT('',#4579);
#1687=VERTEX_POINT('',#4602);
#1688=VERTEX_POINT('',#4603);
#1689=VERTEX_POINT('',#4640);
#1690=VERTEX_POINT('',#4641);
#1691=VERTEX_POINT('',#4652);
#1692=VERTEX_POINT('',#4653);
#1693=VERTEX_POINT('',#4693);
#1694=VERTEX_POINT('',#4695);
#1695=LINE('',#3671,#1896);
#1696=LINE('',#3686,#1897);
#1697=LINE('',#3690,#1898);
#1698=LINE('',#3692,#1899);
#1699=LINE('',#3694,#1900);
#1700=LINE('',#3696,#1901);
#1701=LINE('',#3698,#1902);
#1702=LINE('',#3700,#1903);
#1703=LINE('',#3702,#1904);
#1704=LINE('',#3704,#1905);
#1705=LINE('',#3706,#1906);
#1706=LINE('',#3708,#1907);
#1707=LINE('',#3710,#1908);
#1708=LINE('',#3722,#1909);
#1709=LINE('',#3724,#1910);
#1710=LINE('',#3732,#1911);
#1711=LINE('',#3746,#1912);
#1712=LINE('',#3750,#1913);
#1713=LINE('',#3752,#1914);
#1714=LINE('',#3754,#1915);
#1715=LINE('',#3756,#1916);
#1716=LINE('',#3758,#1917);
#1717=LINE('',#3760,#1918);
#1718=LINE('',#3762,#1919);
#1719=LINE('',#3764,#1920);
#1720=LINE('',#3766,#1921);
#1721=LINE('',#3768,#1922);
#1722=LINE('',#3770,#1923);
#1723=LINE('',#3774,#1924);
#1724=LINE('',#3777,#1925);
#1725=LINE('',#3779,#1926);
#1726=LINE('',#3783,#1927);
#1727=LINE('',#3785,#1928);
#1728=LINE('',#3787,#1929);
#1729=LINE('',#3794,#1930);
#1730=LINE('',#3800,#1931);
#1731=LINE('',#3814,#1932);
#1732=LINE('',#3818,#1933);
#1733=LINE('',#3832,#1934);
#1734=LINE('',#3841,#1935);
#1735=LINE('',#3849,#1936);
#1736=LINE('',#3864,#1937);
#1737=LINE('',#3866,#1938);
#1738=LINE('',#3868,#1939);
#1739=LINE('',#3874,#1940);
#1740=LINE('',#3877,#1941);
#1741=LINE('',#3879,#1942);
#1742=LINE('',#3881,#1943);
#1743=LINE('',#3883,#1944);
#1744=LINE('',#3885,#1945);
#1745=LINE('',#3887,#1946);
#1746=LINE('',#3889,#1947);
#1747=LINE('',#3891,#1948);
#1748=LINE('',#3893,#1949);
#1749=LINE('',#3895,#1950);
#1750=LINE('',#3897,#1951);
#1751=LINE('',#3898,#1952);
#1752=LINE('',#3901,#1953);
#1753=LINE('',#3903,#1954);
#1754=LINE('',#3905,#1955);
#1755=LINE('',#3907,#1956);
#1756=LINE('',#3909,#1957);
#1757=LINE('',#3911,#1958);
#1758=LINE('',#3913,#1959);
#1759=LINE('',#3915,#1960);
#1760=LINE('',#3917,#1961);
#1761=LINE('',#3919,#1962);
#1762=LINE('',#3921,#1963);
#1763=LINE('',#3922,#1964);
#1764=LINE('',#3925,#1965);
#1765=LINE('',#3927,#1966);
#1766=LINE('',#3929,#1967);
#1767=LINE('',#3933,#1968);
#1768=LINE('',#3946,#1969);
#1769=LINE('',#3949,#1970);
#1770=LINE('',#3951,#1971);
#1771=LINE('',#3955,#1972);
#1772=LINE('',#3957,#1973);
#1773=LINE('',#3959,#1974);
#1774=LINE('',#3961,#1975);
#1775=LINE('',#3963,#1976);
#1776=LINE('',#3965,#1977);
#1777=LINE('',#3967,#1978);
#1778=LINE('',#3969,#1979);
#1779=LINE('',#3971,#1980);
#1780=LINE('',#3973,#1981);
#1781=LINE('',#3975,#1982);
#1782=LINE('',#3977,#1983);
#1783=LINE('',#3979,#1984);
#1784=LINE('',#3981,#1985);
#1785=LINE('',#3983,#1986);
#1786=LINE('',#3985,#1987);
#1787=LINE('',#3987,#1988);
#1788=LINE('',#3989,#1989);
#1789=LINE('',#3991,#1990);
#1790=LINE('',#3993,#1991);
#1791=LINE('',#3995,#1992);
#1792=LINE('',#3997,#1993);
#1793=LINE('',#3999,#1994);
#1794=LINE('',#4001,#1995);
#1795=LINE('',#4004,#1996);
#1796=LINE('',#4006,#1997);
#1797=LINE('',#4008,#1998);
#1798=LINE('',#4010,#1999);
#1799=LINE('',#4012,#2000);
#1800=LINE('',#4014,#2001);
#1801=LINE('',#4016,#2002);
#1802=LINE('',#4018,#2003);
#1803=LINE('',#4020,#2004);
#1804=LINE('',#4022,#2005);
#1805=LINE('',#4024,#2006);
#1806=LINE('',#4026,#2007);
#1807=LINE('',#4028,#2008);
#1808=LINE('',#4030,#2009);
#1809=LINE('',#4032,#2010);
#1810=LINE('',#4034,#2011);
#1811=LINE('',#4036,#2012);
#1812=LINE('',#4038,#2013);
#1813=LINE('',#4040,#2014);
#1814=LINE('',#4042,#2015);
#1815=LINE('',#4044,#2016);
#1816=LINE('',#4046,#2017);
#1817=LINE('',#4048,#2018);
#1818=LINE('',#4050,#2019);
#1819=LINE('',#4053,#2020);
#1820=LINE('',#4055,#2021);
#1821=LINE('',#4057,#2022);
#1822=LINE('',#4059,#2023);
#1823=LINE('',#4061,#2024);
#1824=LINE('',#4063,#2025);
#1825=LINE('',#4065,#2026);
#1826=LINE('',#4067,#2027);
#1827=LINE('',#4093,#2028);
#1828=LINE('',#4122,#2029);
#1829=LINE('',#4124,#2030);
#1830=LINE('',#4126,#2031);
#1831=LINE('',#4128,#2032);
#1832=LINE('',#4130,#2033);
#1833=LINE('',#4132,#2034);
#1834=LINE('',#4134,#2035);
#1835=LINE('',#4141,#2036);
#1836=LINE('',#4162,#2037);
#1837=LINE('',#4186,#2038);
#1838=LINE('',#4188,#2039);
#1839=LINE('',#4190,#2040);
#1840=LINE('',#4192,#2041);
#1841=LINE('',#4199,#2042);
#1842=LINE('',#4230,#2043);
#1843=LINE('',#4234,#2044);
#1844=LINE('',#4245,#2045);
#1845=LINE('',#4253,#2046);
#1846=LINE('',#4255,#2047);
#1847=LINE('',#4257,#2048);
#1848=LINE('',#4272,#2049);
#1849=LINE('',#4274,#2050);
#1850=LINE('',#4286,#2051);
#1851=LINE('',#4288,#2052);
#1852=LINE('',#4303,#2053);
#1853=LINE('',#4305,#2054);
#1854=LINE('',#4317,#2055);
#1855=LINE('',#4319,#2056);
#1856=LINE('',#4329,#2057);
#1857=LINE('',#4333,#2058);
#1858=LINE('',#4335,#2059);
#1859=LINE('',#4339,#2060);
#1860=LINE('',#4347,#2061);
#1861=LINE('',#4349,#2062);
#1862=LINE('',#4353,#2063);
#1863=LINE('',#4358,#2064);
#1864=LINE('',#4374,#2065);
#1865=LINE('',#4378,#2066);
#1866=LINE('',#4383,#2067);
#1867=LINE('',#4384,#2068);
#1868=LINE('',#4450,#2069);
#1869=LINE('',#4453,#2070);
#1870=LINE('',#4454,#2071);
#1871=LINE('',#4456,#2072);
#1872=LINE('',#4458,#2073);
#1873=LINE('',#4460,#2074);
#1874=LINE('',#4462,#2075);
#1875=LINE('',#4464,#2076);
#1876=LINE('',#4479,#2077);
#1877=LINE('',#4480,#2078);
#1878=LINE('',#4482,#2079);
#1879=LINE('',#4484,#2080);
#1880=LINE('',#4485,#2081);
#1881=LINE('',#4487,#2082);
#1882=LINE('',#4489,#2083);
#1883=LINE('',#4491,#2084);
#1884=LINE('',#4494,#2085);
#1885=LINE('',#4495,#2086);
#1886=LINE('',#4496,#2087);
#1887=LINE('',#4498,#2088);
#1888=LINE('',#4500,#2089);
#1889=LINE('',#4501,#2090);
#1890=LINE('',#4508,#2091);
#1891=LINE('',#4514,#2092);
#1892=LINE('',#4526,#2093);
#1893=LINE('',#4532,#2094);
#1894=LINE('',#4654,#2095);
#1895=LINE('',#4655,#2096);
#1896=VECTOR('',#2926,1.);
#1897=VECTOR('',#2927,1.);
#1898=VECTOR('',#2930,1.);
#1899=VECTOR('',#2931,1.);
#1900=VECTOR('',#2932,1.);
#1901=VECTOR('',#2933,1.);
#1902=VECTOR('',#2934,1.);
#1903=VECTOR('',#2935,1.);
#1904=VECTOR('',#2936,1.);
#1905=VECTOR('',#2937,1.);
#1906=VECTOR('',#2938,1.);
#1907=VECTOR('',#2939,1.);
#1908=VECTOR('',#2940,1.);
#1909=VECTOR('',#2947,1.);
#1910=VECTOR('',#2948,1.);
#1911=VECTOR('',#2951,1.);
#1912=VECTOR('',#2954,1.);
#1913=VECTOR('',#2957,1.);
#1914=VECTOR('',#2958,1.);
#1915=VECTOR('',#2959,1.);
#1916=VECTOR('',#2960,1.);
#1917=VECTOR('',#2961,1.);
#1918=VECTOR('',#2962,1.);
#1919=VECTOR('',#2963,1.);
#1920=VECTOR('',#2964,1.);
#1921=VECTOR('',#2965,1.);
#1922=VECTOR('',#2966,1.);
#1923=VECTOR('',#2967,1.);
#1924=VECTOR('',#2972,1.);
#1925=VECTOR('',#2973,1.);
#1926=VECTOR('',#2974,1.);
#1927=VECTOR('',#2977,1.);
#1928=VECTOR('',#2978,1.);
#1929=VECTOR('',#2979,1.);
#1930=VECTOR('',#2986,1.);
#1931=VECTOR('',#2993,1.);
#1932=VECTOR('',#2996,1.);
#1933=VECTOR('',#2999,1.);
#1934=VECTOR('',#3004,1.);
#1935=VECTOR('',#3013,1.);
#1936=VECTOR('',#3020,1.);
#1937=VECTOR('',#3029,1.);
#1938=VECTOR('',#3030,1.);
#1939=VECTOR('',#3031,1.);
#1940=VECTOR('',#3032,1.);
#1941=VECTOR('',#3033,1.);
#1942=VECTOR('',#3034,1.);
#1943=VECTOR('',#3035,1.);
#1944=VECTOR('',#3036,1.);
#1945=VECTOR('',#3037,1.);
#1946=VECTOR('',#3038,1.);
#1947=VECTOR('',#3039,1.);
#1948=VECTOR('',#3040,1.);
#1949=VECTOR('',#3041,1.);
#1950=VECTOR('',#3042,1.);
#1951=VECTOR('',#3043,1.);
#1952=VECTOR('',#3044,1.);
#1953=VECTOR('',#3045,1.);
#1954=VECTOR('',#3046,1.);
#1955=VECTOR('',#3047,1.);
#1956=VECTOR('',#3048,1.);
#1957=VECTOR('',#3049,1.);
#1958=VECTOR('',#3050,1.);
#1959=VECTOR('',#3051,1.);
#1960=VECTOR('',#3052,1.);
#1961=VECTOR('',#3053,1.);
#1962=VECTOR('',#3054,1.);
#1963=VECTOR('',#3055,1.);
#1964=VECTOR('',#3056,1.);
#1965=VECTOR('',#3057,1.);
#1966=VECTOR('',#3058,1.);
#1967=VECTOR('',#3059,1.);
#1968=VECTOR('',#3064,1.);
#1969=VECTOR('',#3081,1.);
#1970=VECTOR('',#3082,1.);
#1971=VECTOR('',#3083,1.);
#1972=VECTOR('',#3088,1.);
#1973=VECTOR('',#3089,1.);
#1974=VECTOR('',#3090,1.);
#1975=VECTOR('',#3093,1.);
#1976=VECTOR('',#3094,1.);
#1977=VECTOR('',#3097,1.);
#1978=VECTOR('',#3098,1.);
#1979=VECTOR('',#3101,1.);
#1980=VECTOR('',#3102,1.);
#1981=VECTOR('',#3105,1.);
#1982=VECTOR('',#3106,1.);
#1983=VECTOR('',#3109,1.);
#1984=VECTOR('',#3110,1.);
#1985=VECTOR('',#3113,1.);
#1986=VECTOR('',#3114,1.);
#1987=VECTOR('',#3117,1.);
#1988=VECTOR('',#3118,1.);
#1989=VECTOR('',#3121,1.);
#1990=VECTOR('',#3122,1.);
#1991=VECTOR('',#3125,1.);
#1992=VECTOR('',#3126,1.);
#1993=VECTOR('',#3129,1.);
#1994=VECTOR('',#3130,1.);
#1995=VECTOR('',#3133,1.);
#1996=VECTOR('',#3138,1.);
#1997=VECTOR('',#3139,1.);
#1998=VECTOR('',#3140,1.);
#1999=VECTOR('',#3143,1.);
#2000=VECTOR('',#3144,1.);
#2001=VECTOR('',#3147,1.);
#2002=VECTOR('',#3148,1.);
#2003=VECTOR('',#3151,1.);
#2004=VECTOR('',#3152,1.);
#2005=VECTOR('',#3155,1.);
#2006=VECTOR('',#3156,1.);
#2007=VECTOR('',#3159,1.);
#2008=VECTOR('',#3160,1.);
#2009=VECTOR('',#3163,1.);
#2010=VECTOR('',#3164,1.);
#2011=VECTOR('',#3167,1.);
#2012=VECTOR('',#3168,1.);
#2013=VECTOR('',#3171,1.);
#2014=VECTOR('',#3172,1.);
#2015=VECTOR('',#3175,1.);
#2016=VECTOR('',#3176,1.);
#2017=VECTOR('',#3179,1.);
#2018=VECTOR('',#3180,1.);
#2019=VECTOR('',#3183,1.);
#2020=VECTOR('',#3188,1.);
#2021=VECTOR('',#3189,1.);
#2022=VECTOR('',#3190,1.);
#2023=VECTOR('',#3193,1.);
#2024=VECTOR('',#3194,1.);
#2025=VECTOR('',#3197,1.);
#2026=VECTOR('',#3198,1.);
#2027=VECTOR('',#3201,1.);
#2028=VECTOR('',#3204,1.);
#2029=VECTOR('',#3225,1.);
#2030=VECTOR('',#3226,1.);
#2031=VECTOR('',#3227,1.);
#2032=VECTOR('',#3230,1.);
#2033=VECTOR('',#3231,1.);
#2034=VECTOR('',#3232,1.);
#2035=VECTOR('',#3235,1.);
#2036=VECTOR('',#3236,1.);
#2037=VECTOR('',#3241,1.);
#2038=VECTOR('',#3244,1.);
#2039=VECTOR('',#3245,1.);
#2040=VECTOR('',#3248,1.);
#2041=VECTOR('',#3249,1.);
#2042=VECTOR('',#3252,1.);
#2043=VECTOR('',#3269,1.);
#2044=VECTOR('',#3274,1.);
#2045=VECTOR('',#3281,1.);
#2046=VECTOR('',#3284,1.);
#2047=VECTOR('',#3287,1.);
#2048=VECTOR('',#3288,1.);
#2049=VECTOR('',#3303,1.);
#2050=VECTOR('',#3304,1.);
#2051=VECTOR('',#3317,1.);
#2052=VECTOR('',#3318,1.);
#2053=VECTOR('',#3333,1.);
#2054=VECTOR('',#3334,1.);
#2055=VECTOR('',#3347,1.);
#2056=VECTOR('',#3348,1.);
#2057=VECTOR('',#3361,1.);
#2058=VECTOR('',#3364,1.);
#2059=VECTOR('',#3367,1.);
#2060=VECTOR('',#3370,1.);
#2061=VECTOR('',#3381,1.);
#2062=VECTOR('',#3382,1.);
#2063=VECTOR('',#3387,1.);
#2064=VECTOR('',#3392,1.);
#2065=VECTOR('',#3403,1.);
#2066=VECTOR('',#3406,1.);
#2067=VECTOR('',#3411,1.);
#2068=VECTOR('',#3412,1.);
#2069=VECTOR('',#3487,1.);
#2070=VECTOR('',#3488,1.);
#2071=VECTOR('',#3489,1.);
#2072=VECTOR('',#3492,1.);
#2073=VECTOR('',#3493,1.);
#2074=VECTOR('',#3496,1.);
#2075=VECTOR('',#3497,1.);
#2076=VECTOR('',#3500,1.);
#2077=VECTOR('',#3529,1.);
#2078=VECTOR('',#3530,1.);
#2079=VECTOR('',#3531,1.);
#2080=VECTOR('',#3532,1.);
#2081=VECTOR('',#3533,1.);
#2082=VECTOR('',#3534,1.);
#2083=VECTOR('',#3535,1.);
#2084=VECTOR('',#3538,1.);
#2085=VECTOR('',#3539,1.);
#2086=VECTOR('',#3540,1.);
#2087=VECTOR('',#3541,1.);
#2088=VECTOR('',#3542,1.);
#2089=VECTOR('',#3543,1.);
#2090=VECTOR('',#3544,1.);
#2091=VECTOR('',#3547,1.);
#2092=VECTOR('',#3554,1.);
#2093=VECTOR('',#3557,1.);
#2094=VECTOR('',#3564,1.);
#2095=VECTOR('',#3631,1.);
#2096=VECTOR('',#3632,1.);
#2097=EDGE_LOOP('',(#284,#285,#286,#287,#288,#289,#290,#291,#292,#293,#294,
#295,#296,#297,#298,#299,#300));
#2098=EDGE_LOOP('',(#301,#302,#303,#304,#305,#306,#307,#308));
#2099=EDGE_LOOP('',(#309,#310,#311,#312,#313,#314,#315,#316,#317,#318,#319,
#320,#321,#322,#323,#324,#325));
#2100=EDGE_LOOP('',(#326,#327,#328,#329,#330,#331,#332,#333));
#2101=EDGE_LOOP('',(#334,#335,#336,#337,#338,#339,#340,#341,#342,#343,#344,
#345,#346,#347,#348,#349,#350,#351));
#2102=EDGE_LOOP('',(#352,#353,#354,#355));
#2103=EDGE_LOOP('',(#356,#357,#358,#359,#360,#361,#362,#363));
#2104=EDGE_LOOP('',(#364,#365,#366,#367,#368,#369,#370,#371));
#2105=EDGE_LOOP('',(#372,#373,#374,#375,#376,#377,#378,#379,#380,#381,#382,
#383));
#2106=EDGE_LOOP('',(#384,#385,#386,#387,#388,#389,#390,#391,#392,#393,#394,
#395));
#2107=EDGE_LOOP('',(#396,#397,#398,#399));
#2108=EDGE_LOOP('',(#400,#401,#402,#403));
#2109=EDGE_LOOP('',(#404,#405,#406,#407,#408,#409,#410,#411));
#2110=EDGE_LOOP('',(#412,#413,#414,#415));
#2111=EDGE_LOOP('',(#416,#417,#418,#419));
#2112=EDGE_LOOP('',(#420,#421,#422,#423));
#2113=EDGE_LOOP('',(#424,#425,#426,#427));
#2114=EDGE_LOOP('',(#428,#429,#430,#431));
#2115=EDGE_LOOP('',(#432,#433,#434,#435));
#2116=EDGE_LOOP('',(#436,#437,#438,#439));
#2117=EDGE_LOOP('',(#440,#441,#442,#443));
#2118=EDGE_LOOP('',(#444,#445,#446,#447));
#2119=EDGE_LOOP('',(#448,#449,#450,#451));
#2120=EDGE_LOOP('',(#452,#453,#454,#455));
#2121=EDGE_LOOP('',(#456,#457,#458,#459));
#2122=EDGE_LOOP('',(#460,#461,#462,#463));
#2123=EDGE_LOOP('',(#464,#465,#466,#467,#468,#469,#470,#471,#472,#473,#474,
#475));
#2124=EDGE_LOOP('',(#476,#477,#478,#479));
#2125=EDGE_LOOP('',(#480,#481,#482,#483));
#2126=EDGE_LOOP('',(#484,#485,#486,#487));
#2127=EDGE_LOOP('',(#488,#489,#490,#491));
#2128=EDGE_LOOP('',(#492,#493,#494,#495));
#2129=EDGE_LOOP('',(#496,#497,#498,#499));
#2130=EDGE_LOOP('',(#500,#501,#502,#503));
#2131=EDGE_LOOP('',(#504,#505,#506,#507));
#2132=EDGE_LOOP('',(#508,#509,#510,#511));
#2133=EDGE_LOOP('',(#512,#513,#514,#515));
#2134=EDGE_LOOP('',(#516,#517,#518,#519));
#2135=EDGE_LOOP('',(#520,#521,#522,#523));
#2136=EDGE_LOOP('',(#524,#525,#526,#527,#528,#529,#530,#531,#532,#533,#534,
#535));
#2137=EDGE_LOOP('',(#536,#537,#538,#539));
#2138=EDGE_LOOP('',(#540,#541,#542,#543));
#2139=EDGE_LOOP('',(#544,#545,#546,#547));
#2140=EDGE_LOOP('',(#548,#549,#550,#551));
#2141=EDGE_LOOP('',(#552,#553,#554,#555));
#2142=EDGE_LOOP('',(#556,#557,#558,#559));
#2143=EDGE_LOOP('',(#560,#561,#562,#563));
#2144=EDGE_LOOP('',(#564,#565,#566,#567));
#2145=EDGE_LOOP('',(#568,#569,#570,#571));
#2146=EDGE_LOOP('',(#572,#573,#574,#575));
#2147=EDGE_LOOP('',(#576,#577,#578,#579));
#2148=EDGE_LOOP('',(#580,#581,#582,#583));
#2149=EDGE_LOOP('',(#584,#585,#586,#587));
#2150=EDGE_LOOP('',(#588,#589,#590,#591));
#2151=EDGE_LOOP('',(#592,#593,#594,#595));
#2152=EDGE_LOOP('',(#596,#597,#598,#599));
#2153=EDGE_LOOP('',(#600,#601,#602,#603));
#2154=EDGE_LOOP('',(#604,#605,#606,#607));
#2155=EDGE_LOOP('',(#608,#609,#610,#611));
#2156=EDGE_LOOP('',(#612,#613,#614,#615));
#2157=EDGE_LOOP('',(#616,#617,#618,#619));
#2158=EDGE_LOOP('',(#620,#621,#622,#623,#624,#625,#626,#627));
#2159=EDGE_LOOP('',(#628,#629,#630,#631,#632,#633,#634,#635));
#2160=EDGE_LOOP('',(#636,#637,#638,#639,#640,#641,#642,#643));
#2161=EDGE_LOOP('',(#644,#645,#646,#647));
#2162=EDGE_LOOP('',(#648,#649,#650,#651));
#2163=EDGE_LOOP('',(#652,#653,#654,#655,#656,#657,#658,#659));
#2164=EDGE_LOOP('',(#660,#661,#662,#663,#664,#665,#666));
#2165=EDGE_LOOP('',(#667));
#2166=EDGE_LOOP('',(#668,#669,#670,#671,#672,#673,#674));
#2167=EDGE_LOOP('',(#675));
#2168=EDGE_LOOP('',(#676,#677,#678,#679,#680,#681,#682));
#2169=EDGE_LOOP('',(#683));
#2170=EDGE_LOOP('',(#684,#685,#686,#687,#688,#689,#690));
#2171=EDGE_LOOP('',(#691));
#2172=EDGE_LOOP('',(#692,#693,#694,#695));
#2173=EDGE_LOOP('',(#696));
#2174=EDGE_LOOP('',(#697));
#2175=EDGE_LOOP('',(#698));
#2176=EDGE_LOOP('',(#699));
#2177=EDGE_LOOP('',(#700,#701,#702,#703));
#2178=EDGE_LOOP('',(#704,#705,#706,#707));
#2179=EDGE_LOOP('',(#708));
#2180=EDGE_LOOP('',(#709));
#2181=EDGE_LOOP('',(#710));
#2182=EDGE_LOOP('',(#711));
#2183=EDGE_LOOP('',(#712,#713,#714,#715));
#2184=EDGE_LOOP('',(#716,#717,#718,#719,#720,#721,#722,#723,#724,#725,#726,
#727));
#2185=EDGE_LOOP('',(#728,#729,#730,#731,#732,#733,#734,#735));
#2186=EDGE_LOOP('',(#736,#737,#738,#739));
#2187=EDGE_LOOP('',(#740,#741,#742,#743));
#2188=EDGE_LOOP('',(#744,#745,#746,#747));
#2189=EDGE_LOOP('',(#748,#749,#750,#751));
#2190=EDGE_LOOP('',(#752,#753,#754,#755));
#2191=EDGE_LOOP('',(#756,#757,#758,#759));
#2192=EDGE_LOOP('',(#760,#761,#762,#763));
#2193=EDGE_LOOP('',(#764,#765,#766));
#2194=EDGE_LOOP('',(#767,#768,#769,#770));
#2195=EDGE_LOOP('',(#771,#772,#773,#774));
#2196=EDGE_LOOP('',(#775,#776,#777,#778));
#2197=EDGE_LOOP('',(#779,#780,#781,#782));
#2198=EDGE_LOOP('',(#783,#784,#785));
#2199=EDGE_LOOP('',(#786,#787,#788,#789));
#2200=EDGE_LOOP('',(#790,#791,#792,#793));
#2201=EDGE_LOOP('',(#794,#795,#796,#797));
#2202=EDGE_LOOP('',(#798,#799,#800));
#2203=EDGE_LOOP('',(#801,#802,#803,#804));
#2204=EDGE_LOOP('',(#805,#806,#807,#808));
#2205=EDGE_LOOP('',(#809,#810,#811,#812));
#2206=EDGE_LOOP('',(#813,#814,#815));
#2207=EDGE_LOOP('',(#816,#817,#818,#819));
#2208=EDGE_LOOP('',(#820,#821,#822,#823));
#2209=EDGE_LOOP('',(#824,#825,#826,#827));
#2210=EDGE_LOOP('',(#828,#829,#830,#831));
#2211=EDGE_LOOP('',(#832,#833,#834,#835));
#2212=EDGE_LOOP('',(#836,#837,#838,#839));
#2213=EDGE_LOOP('',(#840,#841,#842,#843));
#2214=EDGE_LOOP('',(#844,#845,#846,#847));
#2215=EDGE_LOOP('',(#848,#849,#850,#851));
#2216=EDGE_LOOP('',(#852,#853,#854,#855));
#2217=EDGE_LOOP('',(#856,#857,#858,#859));
#2218=EDGE_LOOP('',(#860,#861,#862,#863));
#2219=EDGE_LOOP('',(#864,#865,#866,#867,#868,#869,#870,#871,#872,#873));
#2220=EDGE_LOOP('',(#874,#875,#876,#877,#878,#879,#880,#881,#882,#883));
#2221=EDGE_LOOP('',(#884,#885,#886,#887,#888));
#2222=EDGE_LOOP('',(#889,#890,#891,#892,#893));
#2223=EDGE_LOOP('',(#894,#895,#896,#897,#898));
#2224=EDGE_LOOP('',(#899,#900,#901,#902,#903));
#2225=EDGE_LOOP('',(#904,#905,#906,#907,#908));
#2226=EDGE_LOOP('',(#909,#910,#911,#912));
#2227=EDGE_LOOP('',(#913,#914,#915,#916,#917));
#2228=EDGE_LOOP('',(#918,#919,#920,#921));
#2229=EDGE_LOOP('',(#922,#923,#924,#925,#926));
#2230=EDGE_LOOP('',(#927,#928,#929,#930));
#2231=EDGE_LOOP('',(#931,#932,#933,#934,#935));
#2232=EDGE_LOOP('',(#936,#937,#938,#939));
#2233=EDGE_LOOP('',(#940,#941,#942,#943,#944));
#2234=EDGE_LOOP('',(#945,#946,#947,#948,#949));
#2235=EDGE_LOOP('',(#950,#951,#952,#953,#954));
#2236=EDGE_LOOP('',(#955,#956,#957,#958,#959));
#2237=EDGE_LOOP('',(#960,#961,#962,#963));
#2238=EDGE_LOOP('',(#964,#965,#966,#967));
#2239=EDGE_LOOP('',(#968,#969,#970,#971,#972,#973,#974));
#2240=EDGE_LOOP('',(#975));
#2241=EDGE_LOOP('',(#976,#977,#978,#979,#980,#981,#982));
#2242=EDGE_LOOP('',(#983));
#2243=EDGE_LOOP('',(#984,#985,#986,#987,#988,#989,#990));
#2244=EDGE_LOOP('',(#991));
#2245=EDGE_LOOP('',(#992,#993,#994,#995,#996,#997,#998));
#2246=EDGE_LOOP('',(#999));
#2247=EDGE_LOOP('',(#1000,#1001,#1002));
#2248=EDGE_LOOP('',(#1003,#1004,#1005,#1006));
#2249=EDGE_LOOP('',(#1007,#1008,#1009,#1010));
#2250=EDGE_LOOP('',(#1011,#1012,#1013,#1014));
#2251=EDGE_LOOP('',(#1015,#1016,#1017));
#2252=EDGE_LOOP('',(#1018,#1019,#1020,#1021));
#2253=EDGE_LOOP('',(#1022,#1023,#1024,#1025));
#2254=EDGE_LOOP('',(#1026,#1027,#1028,#1029));
#2255=EDGE_LOOP('',(#1030,#1031,#1032,#1033));
#2256=EDGE_LOOP('',(#1034,#1035,#1036,#1037));
#2257=EDGE_LOOP('',(#1038,#1039,#1040,#1041));
#2258=EDGE_LOOP('',(#1042,#1043,#1044,#1045));
#2259=EDGE_LOOP('',(#1046,#1047,#1048,#1049));
#2260=EDGE_LOOP('',(#1050,#1051,#1052,#1053));
#2261=EDGE_LOOP('',(#1054,#1055,#1056,#1057));
#2262=FACE_BOUND('',#2097,.T.);
#2263=FACE_BOUND('',#2098,.T.);
#2264=FACE_BOUND('',#2099,.T.);
#2265=FACE_BOUND('',#2100,.T.);
#2266=FACE_BOUND('',#2101,.T.);
#2267=FACE_BOUND('',#2102,.T.);
#2268=FACE_BOUND('',#2103,.T.);
#2269=FACE_BOUND('',#2104,.T.);
#2270=FACE_BOUND('',#2105,.T.);
#2271=FACE_BOUND('',#2106,.T.);
#2272=FACE_BOUND('',#2107,.T.);
#2273=FACE_BOUND('',#2108,.T.);
#2274=FACE_BOUND('',#2109,.T.);
#2275=FACE_BOUND('',#2110,.T.);
#2276=FACE_BOUND('',#2111,.T.);
#2277=FACE_BOUND('',#2112,.T.);
#2278=FACE_BOUND('',#2113,.T.);
#2279=FACE_BOUND('',#2114,.T.);
#2280=FACE_BOUND('',#2115,.T.);
#2281=FACE_BOUND('',#2116,.T.);
#2282=FACE_BOUND('',#2117,.T.);
#2283=FACE_BOUND('',#2118,.T.);
#2284=FACE_BOUND('',#2119,.T.);
#2285=FACE_BOUND('',#2120,.T.);
#2286=FACE_BOUND('',#2121,.T.);
#2287=FACE_BOUND('',#2122,.T.);
#2288=FACE_BOUND('',#2123,.T.);
#2289=FACE_BOUND('',#2124,.T.);
#2290=FACE_BOUND('',#2125,.T.);
#2291=FACE_BOUND('',#2126,.T.);
#2292=FACE_BOUND('',#2127,.T.);
#2293=FACE_BOUND('',#2128,.T.);
#2294=FACE_BOUND('',#2129,.T.);
#2295=FACE_BOUND('',#2130,.T.);
#2296=FACE_BOUND('',#2131,.T.);
#2297=FACE_BOUND('',#2132,.T.);
#2298=FACE_BOUND('',#2133,.T.);
#2299=FACE_BOUND('',#2134,.T.);
#2300=FACE_BOUND('',#2135,.T.);
#2301=FACE_BOUND('',#2136,.T.);
#2302=FACE_BOUND('',#2137,.T.);
#2303=FACE_BOUND('',#2138,.T.);
#2304=FACE_BOUND('',#2139,.T.);
#2305=FACE_BOUND('',#2140,.T.);
#2306=FACE_BOUND('',#2141,.T.);
#2307=FACE_BOUND('',#2142,.T.);
#2308=FACE_BOUND('',#2143,.T.);
#2309=FACE_BOUND('',#2144,.T.);
#2310=FACE_BOUND('',#2145,.T.);
#2311=FACE_BOUND('',#2146,.T.);
#2312=FACE_BOUND('',#2147,.T.);
#2313=FACE_BOUND('',#2148,.T.);
#2314=FACE_BOUND('',#2149,.T.);
#2315=FACE_BOUND('',#2150,.T.);
#2316=FACE_BOUND('',#2151,.T.);
#2317=FACE_BOUND('',#2152,.T.);
#2318=FACE_BOUND('',#2153,.T.);
#2319=FACE_BOUND('',#2154,.T.);
#2320=FACE_BOUND('',#2155,.T.);
#2321=FACE_BOUND('',#2156,.T.);
#2322=FACE_BOUND('',#2157,.T.);
#2323=FACE_BOUND('',#2158,.T.);
#2324=FACE_BOUND('',#2159,.T.);
#2325=FACE_BOUND('',#2160,.T.);
#2326=FACE_BOUND('',#2161,.T.);
#2327=FACE_BOUND('',#2162,.T.);
#2328=FACE_BOUND('',#2163,.T.);
#2329=FACE_BOUND('',#2164,.T.);
#2330=FACE_BOUND('',#2165,.T.);
#2331=FACE_BOUND('',#2166,.T.);
#2332=FACE_BOUND('',#2167,.T.);
#2333=FACE_BOUND('',#2168,.T.);
#2334=FACE_BOUND('',#2169,.T.);
#2335=FACE_BOUND('',#2170,.T.);
#2336=FACE_BOUND('',#2171,.T.);
#2337=FACE_BOUND('',#2172,.T.);
#2338=FACE_BOUND('',#2173,.T.);
#2339=FACE_BOUND('',#2174,.T.);
#2340=FACE_BOUND('',#2175,.T.);
#2341=FACE_BOUND('',#2176,.T.);
#2342=FACE_BOUND('',#2177,.T.);
#2343=FACE_BOUND('',#2178,.T.);
#2344=FACE_BOUND('',#2179,.T.);
#2345=FACE_BOUND('',#2180,.T.);
#2346=FACE_BOUND('',#2181,.T.);
#2347=FACE_BOUND('',#2182,.T.);
#2348=FACE_BOUND('',#2183,.T.);
#2349=FACE_BOUND('',#2184,.T.);
#2350=FACE_BOUND('',#2185,.T.);
#2351=FACE_BOUND('',#2186,.T.);
#2352=FACE_BOUND('',#2187,.T.);
#2353=FACE_BOUND('',#2188,.T.);
#2354=FACE_BOUND('',#2189,.T.);
#2355=FACE_BOUND('',#2190,.T.);
#2356=FACE_BOUND('',#2191,.T.);
#2357=FACE_BOUND('',#2192,.T.);
#2358=FACE_BOUND('',#2193,.T.);
#2359=FACE_BOUND('',#2194,.T.);
#2360=FACE_BOUND('',#2195,.T.);
#2361=FACE_BOUND('',#2196,.T.);
#2362=FACE_BOUND('',#2197,.T.);
#2363=FACE_BOUND('',#2198,.T.);
#2364=FACE_BOUND('',#2199,.T.);
#2365=FACE_BOUND('',#2200,.T.);
#2366=FACE_BOUND('',#2201,.T.);
#2367=FACE_BOUND('',#2202,.T.);
#2368=FACE_BOUND('',#2203,.T.);
#2369=FACE_BOUND('',#2204,.T.);
#2370=FACE_BOUND('',#2205,.T.);
#2371=FACE_BOUND('',#2206,.T.);
#2372=FACE_BOUND('',#2207,.T.);
#2373=FACE_BOUND('',#2208,.T.);
#2374=FACE_BOUND('',#2209,.T.);
#2375=FACE_BOUND('',#2210,.T.);
#2376=FACE_BOUND('',#2211,.T.);
#2377=FACE_BOUND('',#2212,.T.);
#2378=FACE_BOUND('',#2213,.T.);
#2379=FACE_BOUND('',#2214,.T.);
#2380=FACE_BOUND('',#2215,.T.);
#2381=FACE_BOUND('',#2216,.T.);
#2382=FACE_BOUND('',#2217,.T.);
#2383=FACE_BOUND('',#2218,.T.);
#2384=FACE_BOUND('',#2219,.T.);
#2385=FACE_BOUND('',#2220,.T.);
#2386=FACE_BOUND('',#2221,.T.);
#2387=FACE_BOUND('',#2222,.T.);
#2388=FACE_BOUND('',#2223,.T.);
#2389=FACE_BOUND('',#2224,.T.);
#2390=FACE_BOUND('',#2225,.T.);
#2391=FACE_BOUND('',#2226,.T.);
#2392=FACE_BOUND('',#2227,.T.);
#2393=FACE_BOUND('',#2228,.T.);
#2394=FACE_BOUND('',#2229,.T.);
#2395=FACE_BOUND('',#2230,.T.);
#2396=FACE_BOUND('',#2231,.T.);
#2397=FACE_BOUND('',#2232,.T.);
#2398=FACE_BOUND('',#2233,.T.);
#2399=FACE_BOUND('',#2234,.T.);
#2400=FACE_BOUND('',#2235,.T.);
#2401=FACE_BOUND('',#2236,.T.);
#2402=FACE_BOUND('',#2237,.T.);
#2403=FACE_BOUND('',#2238,.T.);
#2404=FACE_BOUND('',#2239,.T.);
#2405=FACE_BOUND('',#2240,.T.);
#2406=FACE_BOUND('',#2241,.T.);
#2407=FACE_BOUND('',#2242,.T.);
#2408=FACE_BOUND('',#2243,.T.);
#2409=FACE_BOUND('',#2244,.T.);
#2410=FACE_BOUND('',#2245,.T.);
#2411=FACE_BOUND('',#2246,.T.);
#2412=FACE_BOUND('',#2247,.T.);
#2413=FACE_BOUND('',#2248,.T.);
#2414=FACE_BOUND('',#2249,.T.);
#2415=FACE_BOUND('',#2250,.T.);
#2416=FACE_BOUND('',#2251,.T.);
#2417=FACE_BOUND('',#2252,.T.);
#2418=FACE_BOUND('',#2253,.T.);
#2419=FACE_BOUND('',#2254,.T.);
#2420=FACE_BOUND('',#2255,.T.);
#2421=FACE_BOUND('',#2256,.T.);
#2422=FACE_BOUND('',#2257,.T.);
#2423=FACE_BOUND('',#2258,.T.);
#2424=FACE_BOUND('',#2259,.T.);
#2425=FACE_BOUND('',#2260,.T.);
#2426=FACE_BOUND('',#2261,.T.);
#2427=PLANE('',#2650);
#2428=PLANE('',#2653);
#2429=PLANE('',#2656);
#2430=PLANE('',#2659);
#2431=PLANE('',#2672);
#2432=PLANE('',#2685);
#2433=PLANE('',#2691);
#2434=PLANE('',#2693);
#2435=PLANE('',#2694);
#2436=PLANE('',#2695);
#2437=PLANE('',#2696);
#2438=PLANE('',#2697);
#2439=PLANE('',#2698);
#2440=PLANE('',#2699);
#2441=PLANE('',#2700);
#2442=PLANE('',#2701);
#2443=PLANE('',#2702);
#2444=PLANE('',#2703);
#2445=PLANE('',#2704);
#2446=PLANE('',#2705);
#2447=PLANE('',#2706);
#2448=PLANE('',#2707);
#2449=PLANE('',#2708);
#2450=PLANE('',#2709);
#2451=PLANE('',#2710);
#2452=PLANE('',#2711);
#2453=PLANE('',#2712);
#2454=PLANE('',#2713);
#2455=PLANE('',#2714);
#2456=PLANE('',#2715);
#2457=PLANE('',#2716);
#2458=PLANE('',#2717);
#2459=PLANE('',#2718);
#2460=PLANE('',#2719);
#2461=PLANE('',#2720);
#2462=PLANE('',#2721);
#2463=PLANE('',#2722);
#2464=PLANE('',#2723);
#2465=PLANE('',#2733);
#2466=PLANE('',#2734);
#2467=PLANE('',#2735);
#2468=PLANE('',#2738);
#2469=PLANE('',#2739);
#2470=PLANE('',#2740);
#2471=PLANE('',#2745);
#2472=PLANE('',#2746);
#2473=PLANE('',#2752);
#2474=PLANE('',#2755);
#2475=PLANE('',#2761);
#2476=PLANE('',#2767);
#2477=PLANE('',#2774);
#2478=PLANE('',#2800);
#2479=PLANE('',#2844);
#2480=PLANE('',#2845);
#2481=PLANE('',#2846);
#2482=PLANE('',#2847);
#2483=PLANE('',#2861);
#2484=PLANE('',#2862);
#2485=PLANE('',#2893);
#2486=PLANE('',#2894);
#2487=PLANE('',#2895);
#2488=PLANE('',#2896);
#2489=ADVANCED_FACE('',(#2262),#2427,.F.);
#2490=ADVANCED_FACE('',(#2263),#2428,.T.);
#2491=ADVANCED_FACE('',(#2264),#2429,.T.);
#2492=ADVANCED_FACE('',(#2265),#2430,.T.);
#2493=ADVANCED_FACE('',(#2266),#46,.T.);
#2494=ADVANCED_FACE('',(#2267),#47,.T.);
#2495=ADVANCED_FACE('',(#2268,#2269,#2270,#2271,#2272),#2431,.T.);
#2496=ADVANCED_FACE('',(#2273),#48,.T.);
#2497=ADVANCED_FACE('',(#2274),#2432,.T.);
#2498=ADVANCED_FACE('',(#2275),#2433,.T.);
#2499=ADVANCED_FACE('',(#2276),#2434,.T.);
#2500=ADVANCED_FACE('',(#2277),#2435,.T.);
#2501=ADVANCED_FACE('',(#2278),#2436,.T.);
#2502=ADVANCED_FACE('',(#2279),#2437,.T.);
#2503=ADVANCED_FACE('',(#2280),#2438,.T.);
#2504=ADVANCED_FACE('',(#2281),#2439,.T.);
#2505=ADVANCED_FACE('',(#2282),#2440,.T.);
#2506=ADVANCED_FACE('',(#2283),#2441,.T.);
#2507=ADVANCED_FACE('',(#2284),#2442,.T.);
#2508=ADVANCED_FACE('',(#2285),#2443,.T.);
#2509=ADVANCED_FACE('',(#2286),#2444,.T.);
#2510=ADVANCED_FACE('',(#2287),#2445,.T.);
#2511=ADVANCED_FACE('',(#2288),#2446,.T.);
#2512=ADVANCED_FACE('',(#2289),#2447,.T.);
#2513=ADVANCED_FACE('',(#2290),#2448,.T.);
#2514=ADVANCED_FACE('',(#2291),#2449,.T.);
#2515=ADVANCED_FACE('',(#2292),#2450,.T.);
#2516=ADVANCED_FACE('',(#2293),#2451,.T.);
#2517=ADVANCED_FACE('',(#2294),#2452,.T.);
#2518=ADVANCED_FACE('',(#2295),#2453,.T.);
#2519=ADVANCED_FACE('',(#2296),#2454,.T.);
#2520=ADVANCED_FACE('',(#2297),#2455,.T.);
#2521=ADVANCED_FACE('',(#2298),#2456,.T.);
#2522=ADVANCED_FACE('',(#2299),#2457,.T.);
#2523=ADVANCED_FACE('',(#2300),#2458,.T.);
#2524=ADVANCED_FACE('',(#2301),#2459,.T.);
#2525=ADVANCED_FACE('',(#2302),#2460,.T.);
#2526=ADVANCED_FACE('',(#2303),#2461,.T.);
#2527=ADVANCED_FACE('',(#2304),#2462,.T.);
#2528=ADVANCED_FACE('',(#2305),#2463,.T.);
#2529=ADVANCED_FACE('',(#2306),#2464,.T.);
#2530=ADVANCED_FACE('',(#2307),#42,.T.);
#2531=ADVANCED_FACE('',(#2308),#49,.T.);
#2532=ADVANCED_FACE('',(#2309),#50,.T.);
#2533=ADVANCED_FACE('',(#2310),#51,.T.);
#2534=ADVANCED_FACE('',(#2311),#2465,.T.);
#2535=ADVANCED_FACE('',(#2312),#2466,.T.);
#2536=ADVANCED_FACE('',(#2313),#2467,.T.);
#2537=ADVANCED_FACE('',(#2314),#52,.F.);
#2538=ADVANCED_FACE('',(#2315),#43,.T.);
#2539=ADVANCED_FACE('',(#2316),#44,.T.);
#2540=ADVANCED_FACE('',(#2317),#2468,.T.);
#2541=ADVANCED_FACE('',(#2318),#2469,.T.);
#2542=ADVANCED_FACE('',(#2319),#2470,.T.);
#2543=ADVANCED_FACE('',(#2320),#53,.F.);
#2544=ADVANCED_FACE('',(#2321),#54,.F.);
#2545=ADVANCED_FACE('',(#2322),#45,.T.);
#2546=ADVANCED_FACE('',(#2323,#2324),#2471,.T.);
#2547=ADVANCED_FACE('',(#2325),#2472,.T.);
#2548=ADVANCED_FACE('',(#2326),#55,.T.);
#2549=ADVANCED_FACE('',(#2327),#56,.T.);
#2550=ADVANCED_FACE('',(#2328),#2473,.T.);
#2551=ADVANCED_FACE('',(#2329,#2330),#2474,.F.);
#2552=ADVANCED_FACE('',(#2331,#2332),#2475,.F.);
#2553=ADVANCED_FACE('',(#2333,#2334),#2476,.F.);
#2554=ADVANCED_FACE('',(#2335,#2336),#2477,.F.);
#2555=ADVANCED_FACE('',(#2337),#57,.T.);
#2556=ADVANCED_FACE('',(#2338,#2339),#58,.F.);
#2557=ADVANCED_FACE('',(#2340,#2341),#59,.F.);
#2558=ADVANCED_FACE('',(#2342),#60,.T.);
#2559=ADVANCED_FACE('',(#2343),#61,.T.);
#2560=ADVANCED_FACE('',(#2344,#2345),#62,.F.);
#2561=ADVANCED_FACE('',(#2346,#2347),#63,.F.);
#2562=ADVANCED_FACE('',(#2348),#64,.T.);
#2563=ADVANCED_FACE('',(#2349),#65,.T.);
#2564=ADVANCED_FACE('',(#2350),#2478,.T.);
#2565=ADVANCED_FACE('',(#2351),#66,.T.);
#2566=ADVANCED_FACE('',(#2352),#67,.T.);
#2567=ADVANCED_FACE('',(#2353),#68,.T.);
#2568=ADVANCED_FACE('',(#2354),#69,.T.);
#2569=ADVANCED_FACE('',(#2355),#70,.T.);
#2570=ADVANCED_FACE('',(#2356),#71,.T.);
#2571=ADVANCED_FACE('',(#2357),#72,.T.);
#2572=ADVANCED_FACE('',(#2358),#38,.T.);
#2573=ADVANCED_FACE('',(#2359),#24,.T.);
#2574=ADVANCED_FACE('',(#2360),#25,.T.);
#2575=ADVANCED_FACE('',(#2361),#73,.T.);
#2576=ADVANCED_FACE('',(#2362),#74,.T.);
#2577=ADVANCED_FACE('',(#2363),#39,.T.);
#2578=ADVANCED_FACE('',(#2364),#75,.T.);
#2579=ADVANCED_FACE('',(#2365),#26,.T.);
#2580=ADVANCED_FACE('',(#2366),#27,.T.);
#2581=ADVANCED_FACE('',(#2367),#40,.T.);
#2582=ADVANCED_FACE('',(#2368),#76,.T.);
#2583=ADVANCED_FACE('',(#2369),#28,.T.);
#2584=ADVANCED_FACE('',(#2370),#29,.T.);
#2585=ADVANCED_FACE('',(#2371),#41,.T.);
#2586=ADVANCED_FACE('',(#2372),#77,.T.);
#2587=ADVANCED_FACE('',(#2373),#2479,.T.);
#2588=ADVANCED_FACE('',(#2374),#2480,.T.);
#2589=ADVANCED_FACE('',(#2375),#2481,.F.);
#2590=ADVANCED_FACE('',(#2376),#2482,.T.);
#2591=ADVANCED_FACE('',(#2377),#78,.T.);
#2592=ADVANCED_FACE('',(#2378),#79,.T.);
#2593=ADVANCED_FACE('',(#2379),#80,.T.);
#2594=ADVANCED_FACE('',(#2380),#81,.F.);
#2595=ADVANCED_FACE('',(#2381),#82,.F.);
#2596=ADVANCED_FACE('',(#2382),#83,.F.);
#2597=ADVANCED_FACE('',(#2383),#84,.F.);
#2598=ADVANCED_FACE('',(#2384),#2483,.F.);
#2599=ADVANCED_FACE('',(#2385),#2484,.T.);
#2600=ADVANCED_FACE('',(#2386),#85,.F.);
#2601=ADVANCED_FACE('',(#2387),#86,.F.);
#2602=ADVANCED_FACE('',(#2388),#87,.F.);
#2603=ADVANCED_FACE('',(#2389),#88,.F.);
#2604=ADVANCED_FACE('',(#2390),#89,.F.);
#2605=ADVANCED_FACE('',(#2391),#30,.F.);
#2606=ADVANCED_FACE('',(#2392),#90,.F.);
#2607=ADVANCED_FACE('',(#2393),#31,.F.);
#2608=ADVANCED_FACE('',(#2394),#91,.F.);
#2609=ADVANCED_FACE('',(#2395),#32,.F.);
#2610=ADVANCED_FACE('',(#2396),#92,.F.);
#2611=ADVANCED_FACE('',(#2397),#33,.F.);
#2612=ADVANCED_FACE('',(#2398),#93,.T.);
#2613=ADVANCED_FACE('',(#2399),#94,.T.);
#2614=ADVANCED_FACE('',(#2400),#95,.T.);
#2615=ADVANCED_FACE('',(#2401),#96,.T.);
#2616=ADVANCED_FACE('',(#2402),#97,.F.);
#2617=ADVANCED_FACE('',(#2403),#98,.F.);
#2618=ADVANCED_FACE('',(#2404,#2405),#2485,.F.);
#2619=ADVANCED_FACE('',(#2406,#2407),#2486,.F.);
#2620=ADVANCED_FACE('',(#2408,#2409),#2487,.F.);
#2621=ADVANCED_FACE('',(#2410,#2411),#2488,.F.);
#2622=ADVANCED_FACE('',(#2412),#99,.T.);
#2623=ADVANCED_FACE('',(#2413),#12,.T.);
#2624=ADVANCED_FACE('',(#2414),#100,.T.);
#2625=ADVANCED_FACE('',(#2415),#13,.T.);
#2626=ADVANCED_FACE('',(#2416),#101,.T.);
#2627=ADVANCED_FACE('',(#2417),#34,.F.);
#2628=ADVANCED_FACE('',(#2418),#14,.F.);
#2629=ADVANCED_FACE('',(#2419),#35,.F.);
#2630=ADVANCED_FACE('',(#2420),#102,.F.);
#2631=ADVANCED_FACE('',(#2421),#15,.F.);
#2632=ADVANCED_FACE('',(#2422),#16,.F.);
#2633=ADVANCED_FACE('',(#2423),#103,.F.);
#2634=ADVANCED_FACE('',(#2424),#36,.F.);
#2635=ADVANCED_FACE('',(#2425),#17,.F.);
#2636=ADVANCED_FACE('',(#2426),#37,.F.);
#2637=CLOSED_SHELL('',(#2489,#2490,#2491,#2492,#2493,#2494,#2495,#2496,
#2497,#2498,#2499,#2500,#2501,#2502,#2503,#2504,#2505,#2506,#2507,#2508,
#2509,#2510,#2511,#2512,#2513,#2514,#2515,#2516,#2517,#2518,#2519,#2520,
#2521,#2522,#2523,#2524,#2525,#2526,#2527,#2528,#2529,#2530,#2531,#2532,
#2533,#2534,#2535,#2536,#2537,#2538,#2539,#2540,#2541,#2542,#2543,#2544,
#2545,#2546,#2547,#2548,#2549,#2550,#2551,#2552,#2553,#2554,#2555,#2556,
#2557,#2558,#2559,#2560,#2561,#2562,#2563,#2564,#2565,#2566,#2567,#2568,
#2569,#2570,#2571,#2572,#2573,#2574,#2575,#2576,#2577,#2578,#2579,#2580,
#2581,#2582,#2583,#2584,#2585,#2586,#2587,#2588,#2589,#2590,#2591,#2592,
#2593,#2594,#2595,#2596,#2597,#2598,#2599,#2600,#2601,#2602,#2603,#2604,
#2605,#2606,#2607,#2608,#2609,#2610,#2611,#2612,#2613,#2614,#2615,#2616,
#2617,#2618,#2619,#2620,#2621,#2622,#2623,#2624,#2625,#2626,#2627,#2628,
#2629,#2630,#2631,#2632,#2633,#2634,#2635,#2636));
#2638=STYLED_ITEM('',(#2639),#2646);
#2639=PRESENTATION_STYLE_ASSIGNMENT((#2640));
#2640=SURFACE_STYLE_USAGE(.BOTH.,#2641);
#2641=SURFACE_SIDE_STYLE('',(#2642));
#2642=SURFACE_STYLE_FILL_AREA(#2643);
#2643=FILL_AREA_STYLE('',(#2644));
#2644=FILL_AREA_STYLE_COLOUR('',#2645);
#2645=COLOUR_RGB('',0.917647058823529,0.917647058823529,0.917647058823529);
#2646=MANIFOLD_SOLID_BREP('DEXI 3 Battery Mount',#2637);
#2647=SHAPE_DEFINITION_REPRESENTATION(#4771,#2648);
#2648=SHAPE_REPRESENTATION('DEXI 3 Battery Mount',(#2649),#4766);
#2649=AXIS2_PLACEMENT_3D('',#3669,#2922,#2923);
#2650=AXIS2_PLACEMENT_3D('',#3670,#2924,#2925);
#2651=AXIS2_PLACEMENT_3D('',#3688,#2928,#2929);
#2652=AXIS2_PLACEMENT_3D('',#3712,#2941,#2942);
#2653=AXIS2_PLACEMENT_3D('',#3713,#2943,#2944);
#2654=AXIS2_PLACEMENT_3D('',#3720,#2945,#2946);
#2655=AXIS2_PLACEMENT_3D('',#3725,#2949,#2950);
#2656=AXIS2_PLACEMENT_3D('',#3733,#2952,#2953);
#2657=AXIS2_PLACEMENT_3D('',#3748,#2955,#2956);
#2658=AXIS2_PLACEMENT_3D('',#3772,#2968,#2969);
#2659=AXIS2_PLACEMENT_3D('',#3773,#2970,#2971);
#2660=AXIS2_PLACEMENT_3D('',#3781,#2975,#2976);
#2661=AXIS2_PLACEMENT_3D('',#3789,#2980,#2981);
#2662=AXIS2_PLACEMENT_3D('',#3790,#2982,#2983);
#2663=AXIS2_PLACEMENT_3D('',#3791,#2984,#2985);
#2664=AXIS2_PLACEMENT_3D('',#3796,#2987,#2988);
#2665=AXIS2_PLACEMENT_3D('',#3797,#2989,#2990);
#2666=AXIS2_PLACEMENT_3D('',#3798,#2991,#2992);
#2667=AXIS2_PLACEMENT_3D('',#3802,#2994,#2995);
#2668=AXIS2_PLACEMENT_3D('',#3816,#2997,#2998);
#2669=AXIS2_PLACEMENT_3D('',#3829,#3000,#3001);
#2670=AXIS2_PLACEMENT_3D('',#3830,#3002,#3003);
#2671=AXIS2_PLACEMENT_3D('',#3834,#3005,#3006);
#2672=AXIS2_PLACEMENT_3D('',#3835,#3007,#3008);
#2673=AXIS2_PLACEMENT_3D('',#3836,#3009,#3010);
#2674=AXIS2_PLACEMENT_3D('',#3839,#3011,#3012);
#2675=AXIS2_PLACEMENT_3D('',#3843,#3014,#3015);
#2676=AXIS2_PLACEMENT_3D('',#3845,#3016,#3017);
#2677=AXIS2_PLACEMENT_3D('',#3847,#3018,#3019);
#2678=AXIS2_PLACEMENT_3D('',#3851,#3021,#3022);
#2679=AXIS2_PLACEMENT_3D('',#3858,#3023,#3024);
#2680=AXIS2_PLACEMENT_3D('',#3860,#3025,#3026);
#2681=AXIS2_PLACEMENT_3D('',#3862,#3027,#3028);
#2682=AXIS2_PLACEMENT_3D('',#3930,#3060,#3061);
#2683=AXIS2_PLACEMENT_3D('',#3931,#3062,#3063);
#2684=AXIS2_PLACEMENT_3D('',#3935,#3065,#3066);
#2685=AXIS2_PLACEMENT_3D('',#3936,#3067,#3068);
#2686=AXIS2_PLACEMENT_3D('',#3937,#3069,#3070);
#2687=AXIS2_PLACEMENT_3D('',#3940,#3071,#3072);
#2688=AXIS2_PLACEMENT_3D('',#3942,#3073,#3074);
#2689=AXIS2_PLACEMENT_3D('',#3943,#3075,#3076);
#2690=AXIS2_PLACEMENT_3D('',#3944,#3077,#3078);
#2691=AXIS2_PLACEMENT_3D('',#3945,#3079,#3080);
#2692=AXIS2_PLACEMENT_3D('',#3953,#3084,#3085);
#2693=AXIS2_PLACEMENT_3D('',#3954,#3086,#3087);
#2694=AXIS2_PLACEMENT_3D('',#3960,#3091,#3092);
#2695=AXIS2_PLACEMENT_3D('',#3964,#3095,#3096);
#2696=AXIS2_PLACEMENT_3D('',#3968,#3099,#3100);
#2697=AXIS2_PLACEMENT_3D('',#3972,#3103,#3104);
#2698=AXIS2_PLACEMENT_3D('',#3976,#3107,#3108);
#2699=AXIS2_PLACEMENT_3D('',#3980,#3111,#3112);
#2700=AXIS2_PLACEMENT_3D('',#3984,#3115,#3116);
#2701=AXIS2_PLACEMENT_3D('',#3988,#3119,#3120);
#2702=AXIS2_PLACEMENT_3D('',#3992,#3123,#3124);
#2703=AXIS2_PLACEMENT_3D('',#3996,#3127,#3128);
#2704=AXIS2_PLACEMENT_3D('',#4000,#3131,#3132);
#2705=AXIS2_PLACEMENT_3D('',#4002,#3134,#3135);
#2706=AXIS2_PLACEMENT_3D('',#4003,#3136,#3137);
#2707=AXIS2_PLACEMENT_3D('',#4009,#3141,#3142);
#2708=AXIS2_PLACEMENT_3D('',#4013,#3145,#3146);
#2709=AXIS2_PLACEMENT_3D('',#4017,#3149,#3150);
#2710=AXIS2_PLACEMENT_3D('',#4021,#3153,#3154);
#2711=AXIS2_PLACEMENT_3D('',#4025,#3157,#3158);
#2712=AXIS2_PLACEMENT_3D('',#4029,#3161,#3162);
#2713=AXIS2_PLACEMENT_3D('',#4033,#3165,#3166);
#2714=AXIS2_PLACEMENT_3D('',#4037,#3169,#3170);
#2715=AXIS2_PLACEMENT_3D('',#4041,#3173,#3174);
#2716=AXIS2_PLACEMENT_3D('',#4045,#3177,#3178);
#2717=AXIS2_PLACEMENT_3D('',#4049,#3181,#3182);
#2718=AXIS2_PLACEMENT_3D('',#4051,#3184,#3185);
#2719=AXIS2_PLACEMENT_3D('',#4052,#3186,#3187);
#2720=AXIS2_PLACEMENT_3D('',#4058,#3191,#3192);
#2721=AXIS2_PLACEMENT_3D('',#4062,#3195,#3196);
#2722=AXIS2_PLACEMENT_3D('',#4066,#3199,#3200);
#2723=AXIS2_PLACEMENT_3D('',#4068,#3202,#3203);
#2724=AXIS2_PLACEMENT_3D('',#4094,#3205,#3206);
#2725=AXIS2_PLACEMENT_3D('',#4095,#3207,#3208);
#2726=AXIS2_PLACEMENT_3D('',#4102,#3209,#3210);
#2727=AXIS2_PLACEMENT_3D('',#4103,#3211,#3212);
#2728=AXIS2_PLACEMENT_3D('',#4104,#3213,#3214);
#2729=AXIS2_PLACEMENT_3D('',#4111,#3215,#3216);
#2730=AXIS2_PLACEMENT_3D('',#4112,#3217,#3218);
#2731=AXIS2_PLACEMENT_3D('',#4113,#3219,#3220);
#2732=AXIS2_PLACEMENT_3D('',#4120,#3221,#3222);
#2733=AXIS2_PLACEMENT_3D('',#4121,#3223,#3224);
#2734=AXIS2_PLACEMENT_3D('',#4127,#3228,#3229);
#2735=AXIS2_PLACEMENT_3D('',#4133,#3233,#3234);
#2736=AXIS2_PLACEMENT_3D('',#4142,#3237,#3238);
#2737=AXIS2_PLACEMENT_3D('',#4148,#3239,#3240);
#2738=AXIS2_PLACEMENT_3D('',#4185,#3242,#3243);
#2739=AXIS2_PLACEMENT_3D('',#4189,#3246,#3247);
#2740=AXIS2_PLACEMENT_3D('',#4193,#3250,#3251);
#2741=AXIS2_PLACEMENT_3D('',#4200,#3253,#3254);
#2742=AXIS2_PLACEMENT_3D('',#4206,#3255,#3256);
#2743=AXIS2_PLACEMENT_3D('',#4207,#3257,#3258);
#2744=AXIS2_PLACEMENT_3D('',#4208,#3259,#3260);
#2745=AXIS2_PLACEMENT_3D('',#4225,#3261,#3262);
#2746=AXIS2_PLACEMENT_3D('',#4226,#3263,#3264);
#2747=AXIS2_PLACEMENT_3D('',#4227,#3265,#3266);
#2748=AXIS2_PLACEMENT_3D('',#4228,#3267,#3268);
#2749=AXIS2_PLACEMENT_3D('',#4232,#3270,#3271);
#2750=AXIS2_PLACEMENT_3D('',#4233,#3272,#3273);
#2751=AXIS2_PLACEMENT_3D('',#4236,#3275,#3276);
#2752=AXIS2_PLACEMENT_3D('',#4237,#3277,#3278);
#2753=AXIS2_PLACEMENT_3D('',#4244,#3279,#3280);
#2754=AXIS2_PLACEMENT_3D('',#4246,#3282,#3283);
#2755=AXIS2_PLACEMENT_3D('',#4254,#3285,#3286);
#2756=AXIS2_PLACEMENT_3D('',#4259,#3289,#3290);
#2757=AXIS2_PLACEMENT_3D('',#4261,#3291,#3292);
#2758=AXIS2_PLACEMENT_3D('',#4263,#3293,#3294);
#2759=AXIS2_PLACEMENT_3D('',#4265,#3295,#3296);
#2760=AXIS2_PLACEMENT_3D('',#4266,#3297,#3298);
#2761=AXIS2_PLACEMENT_3D('',#4268,#3299,#3300);
#2762=AXIS2_PLACEMENT_3D('',#4269,#3301,#3302);
#2763=AXIS2_PLACEMENT_3D('',#4275,#3305,#3306);
#2764=AXIS2_PLACEMENT_3D('',#4277,#3307,#3308);
#2765=AXIS2_PLACEMENT_3D('',#4279,#3309,#3310);
#2766=AXIS2_PLACEMENT_3D('',#4280,#3311,#3312);
#2767=AXIS2_PLACEMENT_3D('',#4282,#3313,#3314);
#2768=AXIS2_PLACEMENT_3D('',#4283,#3315,#3316);
#2769=AXIS2_PLACEMENT_3D('',#4290,#3319,#3320);
#2770=AXIS2_PLACEMENT_3D('',#4292,#3321,#3322);
#2771=AXIS2_PLACEMENT_3D('',#4294,#3323,#3324);
#2772=AXIS2_PLACEMENT_3D('',#4296,#3325,#3326);
#2773=AXIS2_PLACEMENT_3D('',#4297,#3327,#3328);
#2774=AXIS2_PLACEMENT_3D('',#4299,#3329,#3330);
#2775=AXIS2_PLACEMENT_3D('',#4300,#3331,#3332);
#2776=AXIS2_PLACEMENT_3D('',#4307,#3335,#3336);
#2777=AXIS2_PLACEMENT_3D('',#4309,#3337,#3338);
#2778=AXIS2_PLACEMENT_3D('',#4311,#3339,#3340);
#2779=AXIS2_PLACEMENT_3D('',#4313,#3341,#3342);
#2780=AXIS2_PLACEMENT_3D('',#4314,#3343,#3344);
#2781=AXIS2_PLACEMENT_3D('',#4316,#3345,#3346);
#2782=AXIS2_PLACEMENT_3D('',#4321,#3349,#3350);
#2783=AXIS2_PLACEMENT_3D('',#4322,#3351,#3352);
#2784=AXIS2_PLACEMENT_3D('',#4323,#3353,#3354);
#2785=AXIS2_PLACEMENT_3D('',#4325,#3355,#3356);
#2786=AXIS2_PLACEMENT_3D('',#4326,#3357,#3358);
#2787=AXIS2_PLACEMENT_3D('',#4328,#3359,#3360);
#2788=AXIS2_PLACEMENT_3D('',#4331,#3362,#3363);
#2789=AXIS2_PLACEMENT_3D('',#4334,#3365,#3366);
#2790=AXIS2_PLACEMENT_3D('',#4337,#3368,#3369);
#2791=AXIS2_PLACEMENT_3D('',#4340,#3371,#3372);
#2792=AXIS2_PLACEMENT_3D('',#4341,#3373,#3374);
#2793=AXIS2_PLACEMENT_3D('',#4343,#3375,#3376);
#2794=AXIS2_PLACEMENT_3D('',#4344,#3377,#3378);
#2795=AXIS2_PLACEMENT_3D('',#4346,#3379,#3380);
#2796=AXIS2_PLACEMENT_3D('',#4351,#3383,#3384);
#2797=AXIS2_PLACEMENT_3D('',#4352,#3385,#3386);
#2798=AXIS2_PLACEMENT_3D('',#4355,#3388,#3389);
#2799=AXIS2_PLACEMENT_3D('',#4356,#3390,#3391);
#2800=AXIS2_PLACEMENT_3D('',#4367,#3393,#3394);
#2801=AXIS2_PLACEMENT_3D('',#4368,#3395,#3396);
#2802=AXIS2_PLACEMENT_3D('',#4370,#3397,#3398);
#2803=AXIS2_PLACEMENT_3D('',#4372,#3399,#3400);
#2804=AXIS2_PLACEMENT_3D('',#4373,#3401,#3402);
#2805=AXIS2_PLACEMENT_3D('',#4376,#3404,#3405);
#2806=AXIS2_PLACEMENT_3D('',#4379,#3407,#3408);
#2807=AXIS2_PLACEMENT_3D('',#4380,#3409,#3410);
#2808=AXIS2_PLACEMENT_3D('',#4385,#3413,#3414);
#2809=AXIS2_PLACEMENT_3D('',#4393,#3415,#3416);
#2810=AXIS2_PLACEMENT_3D('',#4401,#3417,#3418);
#2811=AXIS2_PLACEMENT_3D('',#4409,#3419,#3420);
#2812=AXIS2_PLACEMENT_3D('',#4417,#3421,#3422);
#2813=AXIS2_PLACEMENT_3D('',#4418,#3423,#3424);
#2814=AXIS2_PLACEMENT_3D('',#4419,#3425,#3426);
#2815=AXIS2_PLACEMENT_3D('',#4420,#3427,#3428);
#2816=AXIS2_PLACEMENT_3D('',#4421,#3429,#3430);
#2817=AXIS2_PLACEMENT_3D('',#4422,#3431,#3432);
#2818=AXIS2_PLACEMENT_3D('',#4423,#3433,#3434);
#2819=AXIS2_PLACEMENT_3D('',#4424,#3435,#3436);
#2820=AXIS2_PLACEMENT_3D('',#4425,#3437,#3438);
#2821=AXIS2_PLACEMENT_3D('',#4426,#3439,#3440);
#2822=AXIS2_PLACEMENT_3D('',#4427,#3441,#3442);
#2823=AXIS2_PLACEMENT_3D('',#4428,#3443,#3444);
#2824=AXIS2_PLACEMENT_3D('',#4429,#3445,#3446);
#2825=AXIS2_PLACEMENT_3D('',#4430,#3447,#3448);
#2826=AXIS2_PLACEMENT_3D('',#4431,#3449,#3450);
#2827=AXIS2_PLACEMENT_3D('',#4432,#3451,#3452);
#2828=AXIS2_PLACEMENT_3D('',#4433,#3453,#3454);
#2829=AXIS2_PLACEMENT_3D('',#4434,#3455,#3456);
#2830=AXIS2_PLACEMENT_3D('',#4435,#3457,#3458);
#2831=AXIS2_PLACEMENT_3D('',#4436,#3459,#3460);
#2832=AXIS2_PLACEMENT_3D('',#4437,#3461,#3462);
#2833=AXIS2_PLACEMENT_3D('',#4438,#3463,#3464);
#2834=AXIS2_PLACEMENT_3D('',#4439,#3465,#3466);
#2835=AXIS2_PLACEMENT_3D('',#4440,#3467,#3468);
#2836=AXIS2_PLACEMENT_3D('',#4441,#3469,#3470);
#2837=AXIS2_PLACEMENT_3D('',#4442,#3471,#3472);
#2838=AXIS2_PLACEMENT_3D('',#4443,#3473,#3474);
#2839=AXIS2_PLACEMENT_3D('',#4444,#3475,#3476);
#2840=AXIS2_PLACEMENT_3D('',#4445,#3477,#3478);
#2841=AXIS2_PLACEMENT_3D('',#4446,#3479,#3480);
#2842=AXIS2_PLACEMENT_3D('',#4447,#3481,#3482);
#2843=AXIS2_PLACEMENT_3D('',#4448,#3483,#3484);
#2844=AXIS2_PLACEMENT_3D('',#4449,#3485,#3486);
#2845=AXIS2_PLACEMENT_3D('',#4455,#3490,#3491);
#2846=AXIS2_PLACEMENT_3D('',#4459,#3494,#3495);
#2847=AXIS2_PLACEMENT_3D('',#4463,#3498,#3499);
#2848=AXIS2_PLACEMENT_3D('',#4465,#3501,#3502);
#2849=AXIS2_PLACEMENT_3D('',#4466,#3503,#3504);
#2850=AXIS2_PLACEMENT_3D('',#4467,#3505,#3506);
#2851=AXIS2_PLACEMENT_3D('',#4468,#3507,#3508);
#2852=AXIS2_PLACEMENT_3D('',#4469,#3509,#3510);
#2853=AXIS2_PLACEMENT_3D('',#4470,#3511,#3512);
#2854=AXIS2_PLACEMENT_3D('',#4471,#3513,#3514);
#2855=AXIS2_PLACEMENT_3D('',#4472,#3515,#3516);
#2856=AXIS2_PLACEMENT_3D('',#4473,#3517,#3518);
#2857=AXIS2_PLACEMENT_3D('',#4474,#3519,#3520);
#2858=AXIS2_PLACEMENT_3D('',#4475,#3521,#3522);
#2859=AXIS2_PLACEMENT_3D('',#4476,#3523,#3524);
#2860=AXIS2_PLACEMENT_3D('',#4477,#3525,#3526);
#2861=AXIS2_PLACEMENT_3D('',#4478,#3527,#3528);
#2862=AXIS2_PLACEMENT_3D('',#4490,#3536,#3537);
#2863=AXIS2_PLACEMENT_3D('',#4502,#3545,#3546);
#2864=AXIS2_PLACEMENT_3D('',#4510,#3548,#3549);
#2865=AXIS2_PLACEMENT_3D('',#4511,#3550,#3551);
#2866=AXIS2_PLACEMENT_3D('',#4512,#3552,#3553);
#2867=AXIS2_PLACEMENT_3D('',#4520,#3555,#3556);
#2868=AXIS2_PLACEMENT_3D('',#4528,#3558,#3559);
#2869=AXIS2_PLACEMENT_3D('',#4529,#3560,#3561);
#2870=AXIS2_PLACEMENT_3D('',#4530,#3562,#3563);
#2871=AXIS2_PLACEMENT_3D('',#4538,#3565,#3566);
#2872=AXIS2_PLACEMENT_3D('',#4539,#3567,#3568);
#2873=AXIS2_PLACEMENT_3D('',#4545,#3569,#3570);
#2874=AXIS2_PLACEMENT_3D('',#4550,#3571,#3572);
#2875=AXIS2_PLACEMENT_3D('',#4556,#3573,#3574);
#2876=AXIS2_PLACEMENT_3D('',#4557,#3575,#3576);
#2877=AXIS2_PLACEMENT_3D('',#4562,#3577,#3578);
#2878=AXIS2_PLACEMENT_3D('',#4563,#3579,#3580);
#2879=AXIS2_PLACEMENT_3D('',#4569,#3581,#3582);
#2880=AXIS2_PLACEMENT_3D('',#4574,#3583,#3584);
#2881=AXIS2_PLACEMENT_3D('',#4580,#3585,#3586);
#2882=AXIS2_PLACEMENT_3D('',#4581,#3587,#3588);
#2883=AXIS2_PLACEMENT_3D('',#4586,#3589,#3590);
#2884=AXIS2_PLACEMENT_3D('',#4587,#3591,#3592);
#2885=AXIS2_PLACEMENT_3D('',#4588,#3593,#3594);
#2886=AXIS2_PLACEMENT_3D('',#4589,#3595,#3596);
#2887=AXIS2_PLACEMENT_3D('',#4590,#3597,#3598);
#2888=AXIS2_PLACEMENT_3D('',#4591,#3599,#3600);
#2889=AXIS2_PLACEMENT_3D('',#4592,#3601,#3602);
#2890=AXIS2_PLACEMENT_3D('',#4593,#3603,#3604);
#2891=AXIS2_PLACEMENT_3D('',#4594,#3605,#3606);
#2892=AXIS2_PLACEMENT_3D('',#4595,#3607,#3608);
#2893=AXIS2_PLACEMENT_3D('',#4596,#3609,#3610);
#2894=AXIS2_PLACEMENT_3D('',#4597,#3611,#3612);
#2895=AXIS2_PLACEMENT_3D('',#4598,#3613,#3614);
#2896=AXIS2_PLACEMENT_3D('',#4599,#3615,#3616);
#2897=AXIS2_PLACEMENT_3D('',#4600,#3617,#3618);
#2898=AXIS2_PLACEMENT_3D('',#4601,#3619,#3620);
#2899=AXIS2_PLACEMENT_3D('',#4604,#3621,#3622);
#2900=AXIS2_PLACEMENT_3D('',#4605,#3623,#3624);
#2901=AXIS2_PLACEMENT_3D('',#4639,#3625,#3626);
#2902=AXIS2_PLACEMENT_3D('',#4650,#3627,#3628);
#2903=AXIS2_PLACEMENT_3D('',#4651,#3629,#3630);
#2904=AXIS2_PLACEMENT_3D('',#4694,#3633,#3634);
#2905=AXIS2_PLACEMENT_3D('',#4700,#3635,#3636);
#2906=AXIS2_PLACEMENT_3D('',#4701,#3637,#3638);
#2907=AXIS2_PLACEMENT_3D('',#4702,#3639,#3640);
#2908=AXIS2_PLACEMENT_3D('',#4703,#3641,#3642);
#2909=AXIS2_PLACEMENT_3D('',#4704,#3643,#3644);
#2910=AXIS2_PLACEMENT_3D('',#4717,#3645,#3646);
#2911=AXIS2_PLACEMENT_3D('',#4718,#3647,#3648);
#2912=AXIS2_PLACEMENT_3D('',#4719,#3649,#3650);
#2913=AXIS2_PLACEMENT_3D('',#4720,#3651,#3652);
#2914=AXIS2_PLACEMENT_3D('',#4721,#3653,#3654);
#2915=AXIS2_PLACEMENT_3D('',#4734,#3655,#3656);
#2916=AXIS2_PLACEMENT_3D('',#4747,#3657,#3658);
#2917=AXIS2_PLACEMENT_3D('',#4748,#3659,#3660);
#2918=AXIS2_PLACEMENT_3D('',#4749,#3661,#3662);
#2919=AXIS2_PLACEMENT_3D('',#4750,#3663,#3664);
#2920=AXIS2_PLACEMENT_3D('',#4763,#3665,#3666);
#2921=AXIS2_PLACEMENT_3D('',#4764,#3667,#3668);
#2922=DIRECTION('',(0.,0.,1.));
#2923=DIRECTION('',(1.,0.,0.));
#2924=DIRECTION('',(0.,1.,0.));
#2925=DIRECTION('',(0.,0.,1.));
#2926=DIRECTION('',(1.,0.,0.));
#2927=DIRECTION('',(1.,0.,0.));
#2928=DIRECTION('',(0.,1.,0.));
#2929=DIRECTION('',(0.,0.,1.));
#2930=DIRECTION('',(0.,0.,1.));
#2931=DIRECTION('',(1.,0.,0.));
#2932=DIRECTION('',(0.,0.,1.));
#2933=DIRECTION('',(1.,0.,0.));
#2934=DIRECTION('',(0.,0.,1.));
#2935=DIRECTION('',(1.,0.,0.));
#2936=DIRECTION('',(0.,0.,1.));
#2937=DIRECTION('',(1.,0.,0.));
#2938=DIRECTION('',(0.,0.,1.));
#2939=DIRECTION('',(1.,0.,0.));
#2940=DIRECTION('',(0.,0.,-1.));
#2941=DIRECTION('',(0.,1.,0.));
#2942=DIRECTION('',(0.,0.,1.));
#2943=DIRECTION('',(0.,0.,1.));
#2944=DIRECTION('',(1.,0.,0.));
#2945=DIRECTION('',(0.,0.,1.));
#2946=DIRECTION('',(1.,0.,0.));
#2947=DIRECTION('',(1.,0.,0.));
#2948=DIRECTION('',(0.,-1.,0.));
#2949=DIRECTION('',(0.,0.,1.));
#2950=DIRECTION('',(1.,0.,0.));
#2951=DIRECTION('',(0.,1.,0.));
#2952=DIRECTION('',(0.,1.,0.));
#2953=DIRECTION('',(0.,0.,1.));
#2954=DIRECTION('',(1.,0.,0.));
#2955=DIRECTION('',(0.,1.,0.));
#2956=DIRECTION('',(0.,0.,1.));
#2957=DIRECTION('',(0.,0.,1.));
#2958=DIRECTION('',(1.,0.,0.));
#2959=DIRECTION('',(0.,0.,1.));
#2960=DIRECTION('',(1.,0.,0.));
#2961=DIRECTION('',(0.,0.,1.));
#2962=DIRECTION('',(1.,0.,0.));
#2963=DIRECTION('',(0.,0.,1.));
#2964=DIRECTION('',(1.,0.,0.));
#2965=DIRECTION('',(0.,0.,1.));
#2966=DIRECTION('',(1.,0.,0.));
#2967=DIRECTION('',(0.,0.,-1.));
#2968=DIRECTION('',(0.,1.,0.));
#2969=DIRECTION('',(0.,0.,1.));
#2970=DIRECTION('',(0.,0.,1.));
#2971=DIRECTION('',(1.,0.,0.));
#2972=DIRECTION('',(1.,0.,0.));
#2973=DIRECTION('',(3.028542234765E-16,-1.,0.));
#2974=DIRECTION('',(1.,0.,0.));
#2975=DIRECTION('',(0.,0.,1.));
#2976=DIRECTION('',(1.,0.,0.));
#2977=DIRECTION('',(1.,0.,0.));
#2978=DIRECTION('',(0.,1.,0.));
#2979=DIRECTION('',(1.,0.,0.));
#2980=DIRECTION('',(0.,0.,1.));
#2981=DIRECTION('',(1.,0.,0.));
#2982=DIRECTION('',(0.,0.,1.));
#2983=DIRECTION('',(1.,0.,0.));
#2984=DIRECTION('',(0.,0.,1.));
#2985=DIRECTION('',(1.,0.,0.));
#2986=DIRECTION('',(0.,0.,1.));
#2987=DIRECTION('',(0.,0.,1.));
#2988=DIRECTION('',(1.,0.,0.));
#2989=DIRECTION('',(0.,0.,1.));
#2990=DIRECTION('',(1.,0.,0.));
#2991=DIRECTION('',(0.,0.,1.));
#2992=DIRECTION('',(1.,0.,0.));
#2993=DIRECTION('',(0.,0.,1.));
#2994=DIRECTION('',(0.,0.,1.));
#2995=DIRECTION('',(1.,0.,0.));
#2996=DIRECTION('',(0.,0.,1.));
#2997=DIRECTION('',(0.,0.,1.));
#2998=DIRECTION('',(1.,0.,0.));
#2999=DIRECTION('',(0.,0.,1.));
#3000=DIRECTION('',(0.,0.,-1.));
#3001=DIRECTION('',(-1.,0.,0.));
#3002=DIRECTION('',(0.,0.,-1.));
#3003=DIRECTION('',(-1.,0.,0.));
#3004=DIRECTION('',(0.,0.,-1.));
#3005=DIRECTION('',(0.,0.,-1.));
#3006=DIRECTION('',(-1.,0.,0.));
#3007=DIRECTION('',(0.,0.,-1.));
#3008=DIRECTION('',(1.,0.,0.));
#3009=DIRECTION('',(0.,0.,-1.));
#3010=DIRECTION('',(-1.,0.,0.));
#3011=DIRECTION('',(0.,0.,-1.));
#3012=DIRECTION('',(-1.,0.,0.));
#3013=DIRECTION('',(1.,0.,0.));
#3014=DIRECTION('',(0.,0.,-1.));
#3015=DIRECTION('',(-1.,0.,0.));
#3016=DIRECTION('',(0.,0.,-1.));
#3017=DIRECTION('',(-1.,0.,0.));
#3018=DIRECTION('',(0.,0.,-1.));
#3019=DIRECTION('',(-1.,0.,0.));
#3020=DIRECTION('',(1.,0.,0.));
#3021=DIRECTION('',(0.,0.,-1.));
#3022=DIRECTION('',(-1.,0.,0.));
#3023=DIRECTION('',(-7.04313175368921E-15,8.18492049000131E-15,1.));
#3024=DIRECTION('',(0.,-1.,8.18492049000131E-15));
#3025=DIRECTION('',(1.61979977149581E-14,-1.89544907823036E-14,1.));
#3026=DIRECTION('',(0.,-1.,-1.89544907823036E-14));
#3027=DIRECTION('',(2.01924690551916E-14,-9.98682205144823E-15,1.));
#3028=DIRECTION('',(1.,0.,-2.01924690551916E-14));
#3029=DIRECTION('',(1.,0.,0.));
#3030=DIRECTION('',(0.,-1.,0.));
#3031=DIRECTION('',(1.,0.,0.));
#3032=DIRECTION('',(1.,0.,0.));
#3033=DIRECTION('',(0.,-1.,0.));
#3034=DIRECTION('',(1.,0.,0.));
#3035=DIRECTION('',(0.,-1.,0.));
#3036=DIRECTION('',(1.,0.,0.));
#3037=DIRECTION('',(0.,-1.,0.));
#3038=DIRECTION('',(1.,0.,0.));
#3039=DIRECTION('',(0.,-1.,0.));
#3040=DIRECTION('',(1.,0.,0.));
#3041=DIRECTION('',(0.,-1.,0.));
#3042=DIRECTION('',(1.,0.,0.));
#3043=DIRECTION('',(0.,-1.,0.));
#3044=DIRECTION('',(1.,0.,0.));
#3045=DIRECTION('',(-0.566110749872389,-0.824329193271063,0.));
#3046=DIRECTION('',(-0.574175743182164,0.818732078241234,0.));
#3047=DIRECTION('',(1.,0.,0.));
#3048=DIRECTION('',(0.590706051179801,-0.806886832895151,0.));
#3049=DIRECTION('',(-0.590370554981623,-0.807132335996205,0.));
#3050=DIRECTION('',(1.,0.,0.));
#3051=DIRECTION('',(0.578331672351848,0.815801738631829,0.));
#3052=DIRECTION('',(0.567499103600915,-0.823374014292508,0.));
#3053=DIRECTION('',(1.,0.,0.));
#3054=DIRECTION('',(-0.583875682533136,0.811843080494294,0.));
#3055=DIRECTION('',(0.577654361976579,0.816281469892237,0.));
#3056=DIRECTION('',(1.,0.,0.));
#3057=DIRECTION('',(0.,-1.,0.));
#3058=DIRECTION('',(1.,0.,0.));
#3059=DIRECTION('',(0.,-1.,0.));
#3060=DIRECTION('',(0.,0.,1.));
#3061=DIRECTION('',(1.,0.,0.));
#3062=DIRECTION('',(0.,0.,1.));
#3063=DIRECTION('',(1.,0.,0.));
#3064=DIRECTION('',(0.,0.,1.));
#3065=DIRECTION('',(0.,0.,1.));
#3066=DIRECTION('',(1.,0.,0.));
#3067=DIRECTION('',(0.,0.,1.));
#3068=DIRECTION('',(1.,0.,0.));
#3069=DIRECTION('',(0.,0.,1.));
#3070=DIRECTION('',(1.,0.,0.));
#3071=DIRECTION('',(0.,0.,1.));
#3072=DIRECTION('',(1.,0.,0.));
#3073=DIRECTION('',(0.,0.,-1.));
#3074=DIRECTION('',(-1.,0.,0.));
#3075=DIRECTION('',(0.,0.,1.));
#3076=DIRECTION('',(1.,0.,0.));
#3077=DIRECTION('',(0.,0.,1.));
#3078=DIRECTION('',(1.,0.,0.));
#3079=DIRECTION('',(0.,0.,1.));
#3080=DIRECTION('',(1.,0.,0.));
#3081=DIRECTION('',(1.,0.,0.));
#3082=DIRECTION('',(0.,-1.,0.));
#3083=DIRECTION('',(1.,0.,0.));
#3084=DIRECTION('',(0.,0.,1.));
#3085=DIRECTION('',(1.,0.,0.));
#3086=DIRECTION('',(1.,0.,0.));
#3087=DIRECTION('',(0.,0.,-1.));
#3088=DIRECTION('',(0.,0.,-1.));
#3089=DIRECTION('',(0.,1.,0.));
#3090=DIRECTION('',(0.,0.,-1.));
#3091=DIRECTION('',(0.,-1.,0.));
#3092=DIRECTION('',(0.,0.,-1.));
#3093=DIRECTION('',(0.,0.,1.));
#3094=DIRECTION('',(1.,0.,0.));
#3095=DIRECTION('',(-1.,0.,0.));
#3096=DIRECTION('',(0.,0.,1.));
#3097=DIRECTION('',(0.,0.,1.));
#3098=DIRECTION('',(0.,1.,0.));
#3099=DIRECTION('',(0.,1.,0.));
#3100=DIRECTION('',(0.,0.,1.));
#3101=DIRECTION('',(0.,0.,1.));
#3102=DIRECTION('',(1.,0.,0.));
#3103=DIRECTION('',(-1.,0.,0.));
#3104=DIRECTION('',(0.,0.,1.));
#3105=DIRECTION('',(0.,0.,-1.));
#3106=DIRECTION('',(0.,1.,0.));
#3107=DIRECTION('',(0.,-1.,0.));
#3108=DIRECTION('',(0.,0.,-1.));
#3109=DIRECTION('',(0.,0.,1.));
#3110=DIRECTION('',(1.,0.,0.));
#3111=DIRECTION('',(-1.,0.,0.));
#3112=DIRECTION('',(0.,0.,1.));
#3113=DIRECTION('',(0.,0.,1.));
#3114=DIRECTION('',(0.,1.,0.));
#3115=DIRECTION('',(0.,1.,0.));
#3116=DIRECTION('',(0.,0.,1.));
#3117=DIRECTION('',(0.,0.,1.));
#3118=DIRECTION('',(1.,0.,0.));
#3119=DIRECTION('',(-1.,0.,0.));
#3120=DIRECTION('',(0.,0.,1.));
#3121=DIRECTION('',(0.,0.,-1.));
#3122=DIRECTION('',(0.,1.,0.));
#3123=DIRECTION('',(0.,-1.,0.));
#3124=DIRECTION('',(0.,0.,-1.));
#3125=DIRECTION('',(0.,0.,1.));
#3126=DIRECTION('',(1.,0.,0.));
#3127=DIRECTION('',(-1.,0.,0.));
#3128=DIRECTION('',(0.,0.,1.));
#3129=DIRECTION('',(0.,0.,1.));
#3130=DIRECTION('',(0.,1.,0.));
#3131=DIRECTION('',(0.,1.,0.));
#3132=DIRECTION('',(0.,0.,1.));
#3133=DIRECTION('',(1.,0.,0.));
#3134=DIRECTION('',(0.,0.,-1.));
#3135=DIRECTION('',(1.,0.,0.));
#3136=DIRECTION('',(0.824329193271064,-0.566110749872388,0.));
#3137=DIRECTION('',(0.566110749872388,0.824329193271064,0.));
#3138=DIRECTION('',(0.,0.,-1.));
#3139=DIRECTION('',(0.566110749872388,0.824329193271064,0.));
#3140=DIRECTION('',(0.,0.,1.));
#3141=DIRECTION('',(0.,-1.,0.));
#3142=DIRECTION('',(0.,0.,-1.));
#3143=DIRECTION('',(0.,0.,1.));
#3144=DIRECTION('',(1.,0.,0.));
#3145=DIRECTION('',(-0.816281469892239,0.577654361976577,0.));
#3146=DIRECTION('',(-0.577654361976577,-0.816281469892239,0.));
#3147=DIRECTION('',(0.,0.,1.));
#3148=DIRECTION('',(-0.577654361976577,-0.816281469892239,0.));
#3149=DIRECTION('',(-0.811843080494289,-0.583875682533142,0.));
#3150=DIRECTION('',(0.583875682533142,-0.811843080494289,0.));
#3151=DIRECTION('',(0.,0.,1.));
#3152=DIRECTION('',(0.583875682533142,-0.811843080494289,0.));
#3153=DIRECTION('',(0.,1.,0.));
#3154=DIRECTION('',(0.,0.,1.));
#3155=DIRECTION('',(0.,0.,1.));
#3156=DIRECTION('',(1.,0.,0.));
#3157=DIRECTION('',(0.823374014292509,0.567499103600913,0.));
#3158=DIRECTION('',(-0.567499103600913,0.823374014292509,0.));
#3159=DIRECTION('',(0.,0.,1.));
#3160=DIRECTION('',(-0.567499103600913,0.823374014292509,0.));
#3161=DIRECTION('',(-0.815801738631829,0.578331672351847,0.));
#3162=DIRECTION('',(-0.578331672351847,-0.815801738631829,0.));
#3163=DIRECTION('',(0.,0.,1.));
#3164=DIRECTION('',(-0.578331672351847,-0.815801738631829,0.));
#3165=DIRECTION('',(0.,1.,0.));
#3166=DIRECTION('',(0.,0.,1.));
#3167=DIRECTION('',(0.,0.,1.));
#3168=DIRECTION('',(1.,0.,0.));
#3169=DIRECTION('',(0.807132335996206,-0.590370554981622,0.));
#3170=DIRECTION('',(0.590370554981622,0.807132335996206,0.));
#3171=DIRECTION('',(0.,0.,1.));
#3172=DIRECTION('',(0.590370554981622,0.807132335996206,0.));
#3173=DIRECTION('',(0.806886832895152,0.590706051179799,0.));
#3174=DIRECTION('',(-0.590706051179799,0.806886832895152,0.));
#3175=DIRECTION('',(0.,0.,-1.));
#3176=DIRECTION('',(-0.590706051179799,0.806886832895152,0.));
#3177=DIRECTION('',(0.,-1.,0.));
#3178=DIRECTION('',(0.,0.,-1.));
#3179=DIRECTION('',(0.,0.,1.));
#3180=DIRECTION('',(1.,0.,0.));
#3181=DIRECTION('',(-0.818732078241234,-0.574175743182164,0.));
#3182=DIRECTION('',(0.574175743182164,-0.818732078241234,0.));
#3183=DIRECTION('',(0.574175743182164,-0.818732078241234,0.));
#3184=DIRECTION('',(0.,0.,-1.));
#3185=DIRECTION('',(1.,0.,0.));
#3186=DIRECTION('',(1.,0.,0.));
#3187=DIRECTION('',(0.,0.,-1.));
#3188=DIRECTION('',(0.,0.,-1.));
#3189=DIRECTION('',(0.,1.,0.));
#3190=DIRECTION('',(0.,0.,-1.));
#3191=DIRECTION('',(0.,-1.,0.));
#3192=DIRECTION('',(0.,0.,-1.));
#3193=DIRECTION('',(0.,0.,1.));
#3194=DIRECTION('',(1.,0.,0.));
#3195=DIRECTION('',(-1.,0.,0.));
#3196=DIRECTION('',(0.,0.,1.));
#3197=DIRECTION('',(0.,0.,1.));
#3198=DIRECTION('',(0.,1.,0.));
#3199=DIRECTION('',(0.,1.,0.));
#3200=DIRECTION('',(0.,0.,1.));
#3201=DIRECTION('',(1.,0.,0.));
#3202=DIRECTION('',(0.,0.,-1.));
#3203=DIRECTION('',(1.,0.,0.));
#3204=DIRECTION('',(2.22450479484079E-15,-1.99034639538294E-15,-1.));
#3205=DIRECTION('',(6.47786558155285E-16,1.28202358185586E-14,1.));
#3206=DIRECTION('',(0.,-1.,1.28202358185586E-14));
#3207=DIRECTION('',(6.47786558155285E-16,1.28202358185586E-14,1.));
#3208=DIRECTION('',(0.,-1.,1.28202358185586E-14));
#3209=DIRECTION('',(6.47786558155285E-16,1.28202358185586E-14,1.));
#3210=DIRECTION('',(0.,-1.,1.28202358185586E-14));
#3211=DIRECTION('',(1.47603808404397E-14,-7.50028903795011E-15,1.));
#3212=DIRECTION('',(1.,0.,-1.47603808404397E-14));
#3213=DIRECTION('',(1.47603808404397E-14,-7.50028903795011E-15,1.));
#3214=DIRECTION('',(1.,0.,-1.47603808404397E-14));
#3215=DIRECTION('',(1.47603808404397E-14,-7.50028903795011E-15,1.));
#3216=DIRECTION('',(1.,0.,-1.47603808404397E-14));
#3217=DIRECTION('',(-3.47587690016749E-14,9.88447028130911E-15,1.));
#3218=DIRECTION('',(1.,0.,3.47587690016749E-14));
#3219=DIRECTION('',(-3.47587690016749E-14,9.88447028130911E-15,1.));
#3220=DIRECTION('',(1.,0.,3.47587690016749E-14));
#3221=DIRECTION('',(-3.47587690016749E-14,9.88447028130911E-15,1.));
#3222=DIRECTION('',(1.,0.,3.47587690016749E-14));
#3223=DIRECTION('',(0.,1.,0.));
#3224=DIRECTION('',(0.,0.,1.));
#3225=DIRECTION('',(1.,0.,0.));
#3226=DIRECTION('',(0.,0.,1.));
#3227=DIRECTION('',(1.,0.,0.));
#3228=DIRECTION('',(-1.,0.,0.));
#3229=DIRECTION('',(0.,0.,1.));
#3230=DIRECTION('',(0.,-1.,0.));
#3231=DIRECTION('',(0.,0.,-1.));
#3232=DIRECTION('',(0.,1.,0.));
#3233=DIRECTION('',(0.,-1.,0.));
#3234=DIRECTION('',(0.,0.,-1.));
#3235=DIRECTION('',(1.,0.,0.));
#3236=DIRECTION('',(1.,0.,0.));
#3237=DIRECTION('',(-7.04313175368921E-15,8.18492049000131E-15,1.));
#3238=DIRECTION('',(0.,-1.,8.18492049000131E-15));
#3239=DIRECTION('',(-7.04313175368921E-15,8.18492049000131E-15,1.));
#3240=DIRECTION('',(0.,-1.,8.18492049000131E-15));
#3241=DIRECTION('',(3.13186859273645E-15,5.50272238723077E-15,-1.));
#3242=DIRECTION('',(0.,1.,0.));
#3243=DIRECTION('',(0.,0.,1.));
#3244=DIRECTION('',(0.,0.,-1.));
#3245=DIRECTION('',(1.,0.,0.));
#3246=DIRECTION('',(1.,0.,0.));
#3247=DIRECTION('',(0.,0.,-1.));
#3248=DIRECTION('',(0.,0.,-1.));
#3249=DIRECTION('',(0.,1.,0.));
#3250=DIRECTION('',(0.,-1.,0.));
#3251=DIRECTION('',(0.,0.,-1.));
#3252=DIRECTION('',(1.,0.,0.));
#3253=DIRECTION('',(2.01924690551916E-14,-9.98682205144823E-15,1.));
#3254=DIRECTION('',(1.,0.,-2.01924690551916E-14));
#3255=DIRECTION('',(2.01924690551916E-14,-9.98682205144823E-15,1.));
#3256=DIRECTION('',(1.,0.,-2.01924690551916E-14));
#3257=DIRECTION('',(1.61979977149581E-14,-1.89544907823036E-14,1.));
#3258=DIRECTION('',(0.,-1.,-1.89544907823036E-14));
#3259=DIRECTION('',(1.61979977149581E-14,-1.89544907823036E-14,1.));
#3260=DIRECTION('',(0.,-1.,-1.89544907823036E-14));
#3261=DIRECTION('',(0.,0.,-1.));
#3262=DIRECTION('',(1.,0.,0.));
#3263=DIRECTION('',(0.,0.,-1.));
#3264=DIRECTION('',(1.,0.,0.));
#3265=DIRECTION('',(0.,0.,1.));
#3266=DIRECTION('',(1.,0.,0.));
#3267=DIRECTION('',(0.,0.,1.));
#3268=DIRECTION('',(1.,0.,0.));
#3269=DIRECTION('',(0.,0.,1.));
#3270=DIRECTION('',(0.,0.,1.));
#3271=DIRECTION('',(1.,0.,0.));
#3272=DIRECTION('',(0.,0.,-1.));
#3273=DIRECTION('',(-1.,0.,0.));
#3274=DIRECTION('',(0.,0.,-1.));
#3275=DIRECTION('',(0.,0.,-1.));
#3276=DIRECTION('',(-1.,0.,0.));
#3277=DIRECTION('',(0.,0.,1.));
#3278=DIRECTION('',(1.,0.,0.));
#3279=DIRECTION('',(0.,0.,1.));
#3280=DIRECTION('',(1.,0.,0.));
#3281=DIRECTION('',(3.028542234765E-16,-1.,0.));
#3282=DIRECTION('',(0.,0.,1.));
#3283=DIRECTION('',(1.,0.,0.));
#3284=DIRECTION('',(0.,1.,0.));
#3285=DIRECTION('',(0.,0.,-1.));
#3286=DIRECTION('',(1.,0.,0.));
#3287=DIRECTION('',(1.,0.,0.));
#3288=DIRECTION('',(0.,-1.,0.));
#3289=DIRECTION('',(0.,0.,1.));
#3290=DIRECTION('',(1.,0.,0.));
#3291=DIRECTION('',(0.,0.,-1.));
#3292=DIRECTION('',(-1.,0.,0.));
#3293=DIRECTION('',(0.,0.,1.));
#3294=DIRECTION('',(1.,0.,0.));
#3295=DIRECTION('',(0.,0.,-1.));
#3296=DIRECTION('',(-1.,0.,0.));
#3297=DIRECTION('',(0.,0.,1.));
#3298=DIRECTION('',(1.,0.,0.));
#3299=DIRECTION('',(0.,0.,-1.));
#3300=DIRECTION('',(1.,0.,0.));
#3301=DIRECTION('',(0.,0.,1.));
#3302=DIRECTION('',(1.,0.,0.));
#3303=DIRECTION('',(0.,-1.,0.));
#3304=DIRECTION('',(1.,0.,0.));
#3305=DIRECTION('',(0.,0.,-1.));
#3306=DIRECTION('',(-1.,0.,0.));
#3307=DIRECTION('',(0.,0.,1.));
#3308=DIRECTION('',(1.,0.,0.));
#3309=DIRECTION('',(0.,0.,-1.));
#3310=DIRECTION('',(-1.,0.,0.));
#3311=DIRECTION('',(0.,0.,1.));
#3312=DIRECTION('',(1.,0.,0.));
#3313=DIRECTION('',(0.,0.,-1.));
#3314=DIRECTION('',(1.,0.,0.));
#3315=DIRECTION('',(0.,0.,1.));
#3316=DIRECTION('',(1.,0.,0.));
#3317=DIRECTION('',(0.,-1.,0.));
#3318=DIRECTION('',(1.,0.,0.));
#3319=DIRECTION('',(0.,0.,1.));
#3320=DIRECTION('',(1.,0.,0.));
#3321=DIRECTION('',(0.,0.,-1.));
#3322=DIRECTION('',(-1.,0.,0.));
#3323=DIRECTION('',(0.,0.,1.));
#3324=DIRECTION('',(1.,0.,0.));
#3325=DIRECTION('',(0.,0.,-1.));
#3326=DIRECTION('',(-1.,0.,0.));
#3327=DIRECTION('',(0.,0.,1.));
#3328=DIRECTION('',(1.,0.,0.));
#3329=DIRECTION('',(0.,0.,-1.));
#3330=DIRECTION('',(1.,0.,0.));
#3331=DIRECTION('',(0.,0.,1.));
#3332=DIRECTION('',(1.,0.,0.));
#3333=DIRECTION('',(1.,0.,0.));
#3334=DIRECTION('',(0.,-1.,0.));
#3335=DIRECTION('',(0.,0.,1.));
#3336=DIRECTION('',(1.,0.,0.));
#3337=DIRECTION('',(0.,0.,-1.));
#3338=DIRECTION('',(-1.,0.,0.));
#3339=DIRECTION('',(0.,0.,1.));
#3340=DIRECTION('',(1.,0.,0.));
#3341=DIRECTION('',(0.,0.,-1.));
#3342=DIRECTION('',(-1.,0.,0.));
#3343=DIRECTION('',(0.,0.,1.));
#3344=DIRECTION('',(1.,0.,0.));
#3345=DIRECTION('',(0.,0.,1.));
#3346=DIRECTION('',(1.,0.,0.));
#3347=DIRECTION('',(0.,0.,1.));
#3348=DIRECTION('',(0.,0.,1.));
#3349=DIRECTION('',(0.,0.,1.));
#3350=DIRECTION('',(1.,0.,0.));
#3351=DIRECTION('',(0.,0.,1.));
#3352=DIRECTION('',(1.,0.,0.));
#3353=DIRECTION('',(0.,0.,1.));
#3354=DIRECTION('',(1.,0.,0.));
#3355=DIRECTION('',(0.,0.,1.));
#3356=DIRECTION('',(1.,0.,0.));
#3357=DIRECTION('',(0.,0.,1.));
#3358=DIRECTION('',(1.,0.,0.));
#3359=DIRECTION('',(0.,0.,1.));
#3360=DIRECTION('',(1.,0.,0.));
#3361=DIRECTION('',(0.,0.,1.));
#3362=DIRECTION('',(0.,0.,1.));
#3363=DIRECTION('',(1.,0.,0.));
#3364=DIRECTION('',(0.,0.,1.));
#3365=DIRECTION('',(0.,0.,1.));
#3366=DIRECTION('',(1.,0.,0.));
#3367=DIRECTION('',(0.,0.,1.));
#3368=DIRECTION('',(0.,0.,1.));
#3369=DIRECTION('',(1.,0.,0.));
#3370=DIRECTION('',(0.,0.,1.));
#3371=DIRECTION('',(0.,0.,1.));
#3372=DIRECTION('',(1.,0.,0.));
#3373=DIRECTION('',(0.,0.,1.));
#3374=DIRECTION('',(1.,0.,0.));
#3375=DIRECTION('',(0.,0.,1.));
#3376=DIRECTION('',(1.,0.,0.));
#3377=DIRECTION('',(0.,0.,1.));
#3378=DIRECTION('',(1.,0.,0.));
#3379=DIRECTION('',(0.,0.,1.));
#3380=DIRECTION('',(1.,0.,0.));
#3381=DIRECTION('',(0.,0.,1.));
#3382=DIRECTION('',(0.,0.,1.));
#3383=DIRECTION('',(0.,0.,1.));
#3384=DIRECTION('',(1.,0.,0.));
#3385=DIRECTION('',(0.,0.,1.));
#3386=DIRECTION('',(1.,0.,0.));
#3387=DIRECTION('',(0.,0.,1.));
#3388=DIRECTION('',(0.,0.,1.));
#3389=DIRECTION('',(1.,0.,0.));
#3390=DIRECTION('',(0.,0.,1.));
#3391=DIRECTION('',(1.,0.,0.));
#3392=DIRECTION('',(0.,0.,1.));
#3393=DIRECTION('',(0.,0.,1.));
#3394=DIRECTION('',(1.,0.,0.));
#3395=DIRECTION('',(0.,0.,1.));
#3396=DIRECTION('',(1.,0.,0.));
#3397=DIRECTION('',(0.,0.,1.));
#3398=DIRECTION('',(1.,0.,0.));
#3399=DIRECTION('',(0.,0.,1.));
#3400=DIRECTION('',(1.,0.,0.));
#3401=DIRECTION('',(0.,0.,1.));
#3402=DIRECTION('',(1.,0.,0.));
#3403=DIRECTION('',(0.,0.,1.));
#3404=DIRECTION('',(0.,0.,1.));
#3405=DIRECTION('',(1.,0.,0.));
#3406=DIRECTION('',(0.,0.,1.));
#3407=DIRECTION('',(0.,0.,1.));
#3408=DIRECTION('',(1.,0.,0.));
#3409=DIRECTION('',(0.,0.,1.));
#3410=DIRECTION('',(1.,0.,0.));
#3411=DIRECTION('',(0.,0.,1.));
#3412=DIRECTION('',(0.,0.,1.));
#3413=DIRECTION('',(1.,0.,0.));
#3414=DIRECTION('',(0.,0.,-1.));
#3415=DIRECTION('',(-1.,0.,0.));
#3416=DIRECTION('',(0.,0.,1.));
#3417=DIRECTION('',(-1.,0.,0.));
#3418=DIRECTION('',(0.,0.,1.));
#3419=DIRECTION('',(1.,0.,0.));
#3420=DIRECTION('',(0.,0.,-1.));
#3421=DIRECTION('',(0.,0.,1.));
#3422=DIRECTION('',(1.,0.,0.));
#3423=DIRECTION('',(0.,0.,-1.));
#3424=DIRECTION('',(-1.,0.,0.));
#3425=DIRECTION('',(0.,0.,-1.));
#3426=DIRECTION('',(-1.,0.,0.));
#3427=DIRECTION('',(-0.392313226567885,-0.919831686918806,0.));
#3428=DIRECTION('',(0.919831686918806,-0.392313226567885,0.));
#3429=DIRECTION('',(-0.999743584774968,-0.0226443083642794,0.));
#3430=DIRECTION('',(0.0226443083642794,-0.999743584774968,0.));
#3431=DIRECTION('',(0.,0.,-1.));
#3432=DIRECTION('',(-1.,0.,0.));
#3433=DIRECTION('',(-1.,0.,0.));
#3434=DIRECTION('',(0.,0.,1.));
#3435=DIRECTION('',(0.,0.,-1.));
#3436=DIRECTION('',(-1.,0.,0.));
#3437=DIRECTION('',(0.392313226567753,-0.919831686918862,-2.67935025221767E-15));
#3438=DIRECTION('',(0.919831686918862,0.392313226567753,0.));
#3439=DIRECTION('',(0.,0.,1.));
#3440=DIRECTION('',(1.,0.,0.));
#3441=DIRECTION('',(-6.82961998416066E-15,0.,-1.));
#3442=DIRECTION('',(-1.,0.,6.82961998416066E-15));
#3443=DIRECTION('',(-1.,0.,0.));
#3444=DIRECTION('',(0.,0.,1.));
#3445=DIRECTION('',(-1.,3.82856869892695E-16,0.));
#3446=DIRECTION('',(-3.82856869892695E-16,-1.,0.));
#3447=DIRECTION('',(-6.82961998416066E-15,0.,-1.));
#3448=DIRECTION('',(-1.,0.,6.82961998416066E-15));
#3449=DIRECTION('',(0.999743584774953,-0.0226443083649531,0.));
#3450=DIRECTION('',(0.0226443083649531,0.999743584774953,0.));
#3451=DIRECTION('',(0.,0.,1.));
#3452=DIRECTION('',(1.,0.,0.));
#3453=DIRECTION('',(-3.41480999208033E-15,0.,-1.));
#3454=DIRECTION('',(-1.,0.,3.41480999208033E-15));
#3455=DIRECTION('',(0.,0.,-1.));
#3456=DIRECTION('',(-1.,0.,0.));
#3457=DIRECTION('',(-0.999743584774966,0.022644308364351,3.41393438280777E-15));
#3458=DIRECTION('',(-0.022644308364351,-0.999743584774966,0.));
#3459=DIRECTION('',(0.,0.,-1.));
#3460=DIRECTION('',(-1.,0.,0.));
#3461=DIRECTION('',(1.,0.,0.));
#3462=DIRECTION('',(0.,0.,-1.));
#3463=DIRECTION('',(-3.41480999208033E-15,0.,-1.));
#3464=DIRECTION('',(-1.,0.,3.41480999208033E-15));
#3465=DIRECTION('',(-0.392313226567885,0.919831686918805,0.));
#3466=DIRECTION('',(-0.919831686918805,-0.392313226567885,0.));
#3467=DIRECTION('',(1.,0.,0.));
#3468=DIRECTION('',(0.,0.,-1.));
#3469=DIRECTION('',(1.,-1.59265981952815E-15,0.));
#3470=DIRECTION('',(1.59265981952815E-15,1.,0.));
#3471=DIRECTION('',(0.,0.,-1.));
#3472=DIRECTION('',(-1.,0.,0.));
#3473=DIRECTION('',(0.39231322656772,0.919831686918876,-1.33967512610872E-15));
#3474=DIRECTION('',(-0.919831686918876,0.39231322656772,0.));
#3475=DIRECTION('',(0.,0.,-1.));
#3476=DIRECTION('',(-1.,0.,0.));
#3477=DIRECTION('',(0.999743584774955,0.0226443083648629,-3.41393438280773E-15));
#3478=DIRECTION('',(-0.0226443083648629,0.999743584774955,0.));
#3479=DIRECTION('',(-3.41480999208033E-15,0.,-1.));
#3480=DIRECTION('',(-1.,0.,3.41480999208033E-15));
#3481=DIRECTION('',(0.,0.,1.));
#3482=DIRECTION('',(1.,0.,0.));
#3483=DIRECTION('',(0.,0.,1.));
#3484=DIRECTION('',(1.,0.,0.));
#3485=DIRECTION('',(0.,1.,0.));
#3486=DIRECTION('',(0.,0.,1.));
#3487=DIRECTION('',(0.,0.,1.));
#3488=DIRECTION('',(1.,0.,0.));
#3489=DIRECTION('',(1.,0.,0.));
#3490=DIRECTION('',(0.,0.,1.));
#3491=DIRECTION('',(1.,0.,0.));
#3492=DIRECTION('',(1.,0.,0.));
#3493=DIRECTION('',(0.,1.,0.));
#3494=DIRECTION('',(0.,1.,0.));
#3495=DIRECTION('',(0.,0.,1.));
#3496=DIRECTION('',(1.,0.,0.));
#3497=DIRECTION('',(0.,0.,1.));
#3498=DIRECTION('',(1.,0.,0.));
#3499=DIRECTION('',(0.,1.,0.));
#3500=DIRECTION('',(0.,1.,0.));
#3501=DIRECTION('',(1.,0.,0.));
#3502=DIRECTION('',(0.,0.,-1.));
#3503=DIRECTION('',(0.707106781186548,0.707106781186548,0.));
#3504=DIRECTION('',(0.707106781186548,-0.707106781186548,0.));
#3505=DIRECTION('',(0.,1.,0.));
#3506=DIRECTION('',(0.,0.,1.));
#3507=DIRECTION('',(-0.707106781186548,0.707106781186548,0.));
#3508=DIRECTION('',(0.707106781186548,0.707106781186548,0.));
#3509=DIRECTION('',(-1.,0.,0.));
#3510=DIRECTION('',(0.,0.,1.));
#3511=DIRECTION('',(0.,0.,1.));
#3512=DIRECTION('',(1.,0.,0.));
#3513=DIRECTION('',(0.,0.,1.));
#3514=DIRECTION('',(1.,0.,0.));
#3515=DIRECTION('',(0.,0.,1.));
#3516=DIRECTION('',(1.,0.,0.));
#3517=DIRECTION('',(0.,0.,1.));
#3518=DIRECTION('',(1.,0.,0.));
#3519=DIRECTION('',(0.,0.,1.));
#3520=DIRECTION('',(1.,0.,0.));
#3521=DIRECTION('',(0.,0.,1.));
#3522=DIRECTION('',(1.,0.,0.));
#3523=DIRECTION('',(0.,0.,1.));
#3524=DIRECTION('',(1.,0.,0.));
#3525=DIRECTION('',(0.,0.,1.));
#3526=DIRECTION('',(1.,0.,0.));
#3527=DIRECTION('',(1.,3.028542234765E-16,0.));
#3528=DIRECTION('',(-3.028542234765E-16,1.,0.));
#3529=DIRECTION('',(3.028542234765E-16,-1.,0.));
#3530=DIRECTION('',(3.028542234765E-16,-1.,0.));
#3531=DIRECTION('',(0.,0.,1.));
#3532=DIRECTION('',(3.028542234765E-16,-1.,0.));
#3533=DIRECTION('',(3.028542234765E-16,-1.,0.));
#3534=DIRECTION('',(0.,0.,1.));
#3535=DIRECTION('',(3.028542234765E-16,-1.,0.));
#3536=DIRECTION('',(1.,0.,0.));
#3537=DIRECTION('',(0.,0.,-1.));
#3538=DIRECTION('',(0.,0.,-1.));
#3539=DIRECTION('',(0.,1.,0.));
#3540=DIRECTION('',(0.,-1.,0.));
#3541=DIRECTION('',(0.,1.,0.));
#3542=DIRECTION('',(0.,0.,-1.));
#3543=DIRECTION('',(0.,-1.,0.));
#3544=DIRECTION('',(0.,-1.,0.));
#3545=DIRECTION('',(0.,0.,1.));
#3546=DIRECTION('',(1.,0.,0.));
#3547=DIRECTION('',(0.,0.,1.));
#3548=DIRECTION('',(0.,0.,1.));
#3549=DIRECTION('',(1.,0.,0.));
#3550=DIRECTION('',(0.,0.,1.));
#3551=DIRECTION('',(1.,0.,0.));
#3552=DIRECTION('',(0.,0.,1.));
#3553=DIRECTION('',(1.,0.,0.));
#3554=DIRECTION('',(0.,0.,1.));
#3555=DIRECTION('',(0.,0.,1.));
#3556=DIRECTION('',(1.,0.,0.));
#3557=DIRECTION('',(0.,0.,1.));
#3558=DIRECTION('',(0.,0.,1.));
#3559=DIRECTION('',(1.,0.,0.));
#3560=DIRECTION('',(0.,0.,1.));
#3561=DIRECTION('',(1.,0.,0.));
#3562=DIRECTION('',(0.,0.,1.));
#3563=DIRECTION('',(1.,0.,0.));
#3564=DIRECTION('',(0.,0.,1.));
#3565=DIRECTION('',(0.,-1.,0.));
#3566=DIRECTION('',(0.,0.,-1.));
#3567=DIRECTION('',(0.,1.,0.));
#3568=DIRECTION('',(0.,0.,1.));
#3569=DIRECTION('',(0.,0.,1.));
#3570=DIRECTION('',(1.,0.,0.));
#3571=DIRECTION('',(0.,-1.,0.));
#3572=DIRECTION('',(0.,0.,-1.));
#3573=DIRECTION('',(0.,-1.,0.));
#3574=DIRECTION('',(0.,0.,-1.));
#3575=DIRECTION('',(0.,0.,1.));
#3576=DIRECTION('',(1.,0.,0.));
#3577=DIRECTION('',(0.,-1.,0.));
#3578=DIRECTION('',(0.,0.,-1.));
#3579=DIRECTION('',(0.,-1.,0.));
#3580=DIRECTION('',(0.,0.,-1.));
#3581=DIRECTION('',(0.,0.,1.));
#3582=DIRECTION('',(1.,0.,0.));
#3583=DIRECTION('',(0.,-1.,0.));
#3584=DIRECTION('',(0.,0.,-1.));
#3585=DIRECTION('',(0.,1.,0.));
#3586=DIRECTION('',(0.,0.,1.));
#3587=DIRECTION('',(0.,0.,1.));
#3588=DIRECTION('',(1.,0.,0.));
#3589=DIRECTION('',(0.,0.,1.));
#3590=DIRECTION('',(1.,0.,0.));
#3591=DIRECTION('',(0.,0.,1.));
#3592=DIRECTION('',(1.,0.,0.));
#3593=DIRECTION('',(0.,0.,1.));
#3594=DIRECTION('',(1.,0.,0.));
#3595=DIRECTION('',(0.,0.,1.));
#3596=DIRECTION('',(1.,0.,0.));
#3597=DIRECTION('',(0.,0.,1.));
#3598=DIRECTION('',(1.,0.,0.));
#3599=DIRECTION('',(0.,0.,1.));
#3600=DIRECTION('',(1.,0.,0.));
#3601=DIRECTION('',(0.,0.,1.));
#3602=DIRECTION('',(1.,0.,0.));
#3603=DIRECTION('',(0.,0.,1.));
#3604=DIRECTION('',(1.,0.,0.));
#3605=DIRECTION('',(0.,1.,0.));
#3606=DIRECTION('',(0.,0.,1.));
#3607=DIRECTION('',(3.028542234765E-16,-1.,0.));
#3608=DIRECTION('',(1.,3.028542234765E-16,0.));
#3609=DIRECTION('',(0.,0.,1.));
#3610=DIRECTION('',(1.,0.,0.));
#3611=DIRECTION('',(0.,0.,1.));
#3612=DIRECTION('',(1.,0.,0.));
#3613=DIRECTION('',(0.,0.,1.));
#3614=DIRECTION('',(1.,0.,0.));
#3615=DIRECTION('',(0.,0.,1.));
#3616=DIRECTION('',(1.,0.,0.));
#3617=DIRECTION('',(0.,0.,-1.));
#3618=DIRECTION('',(-1.,0.,0.));
#3619=DIRECTION('',(0.,0.316227766016839,0.948683298050513));
#3620=DIRECTION('',(0.,0.948683298050513,-0.316227766016839));
#3621=DIRECTION('',(0.,0.,1.));
#3622=DIRECTION('',(1.,0.,0.));
#3623=DIRECTION('',(0.,0.,1.));
#3624=DIRECTION('',(1.,0.,0.));
#3625=DIRECTION('',(0.,0.948683298050514,0.316227766016835));
#3626=DIRECTION('',(0.,0.316227766016835,-0.948683298050515));
#3627=DIRECTION('',(0.,-1.,0.));
#3628=DIRECTION('',(0.,0.,-1.));
#3629=DIRECTION('',(0.,0.948683298050514,-0.316227766016835));
#3630=DIRECTION('',(0.,-0.316227766016835,-0.948683298050515));
#3631=DIRECTION('',(0.,-1.,0.));
#3632=DIRECTION('',(0.,-1.,0.));
#3633=DIRECTION('',(0.,0.316227766016839,-0.948683298050513));
#3634=DIRECTION('',(0.,-0.948683298050513,-0.316227766016839));
#3635=DIRECTION('',(0.,0.,-1.));
#3636=DIRECTION('',(-1.,0.,0.));
#3637=DIRECTION('',(0.,0.,1.));
#3638=DIRECTION('',(1.,0.,0.));
#3639=DIRECTION('',(0.,0.,1.));
#3640=DIRECTION('',(1.,0.,0.));
#3641=DIRECTION('',(0.,0.,1.));
#3642=DIRECTION('',(1.,0.,0.));
#3643=DIRECTION('',(0.560660171779825,-0.828045996174015,0.));
#3644=DIRECTION('',(0.828045996174015,0.560660171779826,0.));
#3645=DIRECTION('',(0.,-1.,0.));
#3646=DIRECTION('',(0.,0.,-1.));
#3647=DIRECTION('',(0.,0.,1.));
#3648=DIRECTION('',(1.,0.,0.));
#3649=DIRECTION('',(-0.560660171779825,-0.828045996174015,0.));
#3650=DIRECTION('',(0.828045996174015,-0.560660171779826,0.));
#3651=DIRECTION('',(0.,-1.,0.));
#3652=DIRECTION('',(0.,0.,-1.));
#3653=DIRECTION('',(0.,-1.,0.));
#3654=DIRECTION('',(0.,0.,-1.));
#3655=DIRECTION('',(0.,-1.,0.));
#3656=DIRECTION('',(0.,0.,-1.));
#3657=DIRECTION('',(-0.560660171779824,-0.828045996174016,0.));
#3658=DIRECTION('',(0.828045996174016,-0.560660171779824,0.));
#3659=DIRECTION('',(0.,-1.,0.));
#3660=DIRECTION('',(0.,0.,-1.));
#3661=DIRECTION('',(0.,-1.,0.));
#3662=DIRECTION('',(0.,0.,-1.));
#3663=DIRECTION('',(0.,0.,1.));
#3664=DIRECTION('',(1.,0.,0.));
#3665=DIRECTION('',(0.560660171779824,-0.828045996174016,-2.11475127867123E-15));
#3666=DIRECTION('',(0.828045996174016,0.560660171779824,0.));
#3667=DIRECTION('',(0.,0.,1.));
#3668=DIRECTION('',(1.,0.,0.));
#3669=CARTESIAN_POINT('',(0.,0.,0.));
#3670=CARTESIAN_POINT('',(0.00928225289391843,0.0714393556118012,0.0272638));
#3671=CARTESIAN_POINT('',(-0.0204308550183854,0.0714393556118012,0.0324962));
#3672=CARTESIAN_POINT('',(-0.0185204473264839,0.0714393556118012,0.0324962));
#3673=CARTESIAN_POINT('',(-0.00429696111503256,0.0714393556118012,0.0324962));
#3674=CARTESIAN_POINT('',(-0.0185204473264839,0.0714393556118012,0.0324962));
#3675=CARTESIAN_POINT('',(-0.0188849567723463,0.0714393556118012,0.0324962));
#3676=CARTESIAN_POINT('',(-0.0195756700357446,0.0714393556118012,0.0327505843648339));
#3677=CARTESIAN_POINT('',(-0.0201472891454606,0.0714393556118012,0.0331957179281629));
#3678=CARTESIAN_POINT('',(-0.0204308550183854,0.0714393556118012,0.0334160153672641));
#3679=CARTESIAN_POINT('',(-0.0204308550183854,0.0714393556118012,0.0334160153672641));
#3680=CARTESIAN_POINT('',(-0.0223412627102869,0.0714393556118012,0.0324962));
#3681=CARTESIAN_POINT('',(-0.0219767532644245,0.0714393556118012,0.0324962));
#3682=CARTESIAN_POINT('',(-0.0212860400010261,0.0714393556118012,0.0327505843648339));
#3683=CARTESIAN_POINT('',(-0.0207144208913103,0.0714393556118012,0.033195717928163));
#3684=CARTESIAN_POINT('',(-0.0204308550183854,0.0714393556118012,0.0334160153672641));
#3685=CARTESIAN_POINT('',(-0.0223412627102869,0.0714393556118012,0.0324962));
#3686=CARTESIAN_POINT('',(-0.0204308550183854,0.0714393556118012,0.0324962));
#3687=CARTESIAN_POINT('',(-0.0365647489217382,0.0714393556118012,0.0324962));
#3688=CARTESIAN_POINT('',(-0.0365647489217382,0.0714393556118012,0.0342131886855597));
#3689=CARTESIAN_POINT('',(-0.038281737607298,0.0714393556118012,0.0342131886855597));
#3690=CARTESIAN_POINT('',(-0.038281737607298,0.0714393556118012,0.0342254));
#3691=CARTESIAN_POINT('',(-0.038281737607298,0.0714393556118012,0.0318358));
#3692=CARTESIAN_POINT('',(0.00928225289391843,0.0714393556118012,0.0318358));
#3693=CARTESIAN_POINT('',(-0.050887425038729,0.0714393556117958,0.0318358));
#3694=CARTESIAN_POINT('',(-0.050887425038729,0.0714393556117958,0.0299308));
#3695=CARTESIAN_POINT('',(-0.0508874250387296,0.0714393556117972,0.0299308));
#3696=CARTESIAN_POINT('',(-0.0204308550183854,0.0714393556117985,0.0299308));
#3697=CARTESIAN_POINT('',(-0.0515472313493289,0.0714393556117999,0.0299308));
#3698=CARTESIAN_POINT('',(-0.0515472313493289,0.0714393556118012,0.0272638));
#3699=CARTESIAN_POINT('',(-0.0515472313493289,0.0714393556118012,0.0282798));
#3700=CARTESIAN_POINT('',(0.00928225289391843,0.0714393556118012,0.0282798));
#3701=CARTESIAN_POINT('',(0.010685521312558,0.0714393556118012,0.0282798));
#3702=CARTESIAN_POINT('',(0.010685521312558,0.0714393556118012,0.0272638));
#3703=CARTESIAN_POINT('',(0.010685521312558,0.0714393556118012,0.0299308));
#3704=CARTESIAN_POINT('',(0.00928225289391843,0.0714393556118012,0.0299308));
#3705=CARTESIAN_POINT('',(0.010025715001959,0.0714393556118012,0.0299308));
#3706=CARTESIAN_POINT('',(0.010025715001958,0.0714393556118012,0.0272638));
#3707=CARTESIAN_POINT('',(0.010025715001958,0.0714393556118012,0.0318358));
#3708=CARTESIAN_POINT('',(0.00928225289391843,0.0714393556118012,0.0318358));
#3709=CARTESIAN_POINT('',(-0.00257997242947281,0.0714393556118012,0.0318358));
#3710=CARTESIAN_POINT('',(-0.00257997242947281,0.0714393556118012,0.0272638));
#3711=CARTESIAN_POINT('',(-0.00257997242947281,0.0714393556118012,0.0342131886855597));
#3712=CARTESIAN_POINT('',(-0.00429696111503256,0.0714393556118012,0.0342131886855597));
#3713=CARTESIAN_POINT('',(-0.0204308550183854,-0.282365266406437,0.0324962));
#3714=CARTESIAN_POINT('',(-0.0228580166849925,0.0986141393996124,0.0324962));
#3715=CARTESIAN_POINT('',(-0.0228580166849924,0.0990818198503035,0.0324962));
#3716=CARTESIAN_POINT('',(-0.0227166119476031,0.0995378889494861,0.0324962));
#3717=CARTESIAN_POINT('',(-0.022454446548637,0.0999250842950375,0.0324962));
#3718=CARTESIAN_POINT('',(-0.0228580166849925,0.0986141393996124,0.0324962));
#3719=CARTESIAN_POINT('',(-0.022454446548637,0.0999250842950375,0.0324962));
#3720=CARTESIAN_POINT('',(-0.0204308550183854,0.098554934351429,0.0324962));
#3721=CARTESIAN_POINT('',(-0.0223412627102869,0.100078934351429,0.0324962));
#3722=CARTESIAN_POINT('',(-0.00866507476521749,0.100078934351429,0.0324962));
#3723=CARTESIAN_POINT('',(-0.0365647489217382,0.100078934351429,0.0324962));
#3724=CARTESIAN_POINT('',(-0.0365647489217382,0.0714393556118012,0.0324962));
#3725=CARTESIAN_POINT('',(-0.0204308550183854,0.0729633556118012,0.0324962));
#3726=CARTESIAN_POINT('',(-0.022454446548637,0.0715932056681927,0.0324962));
#3727=CARTESIAN_POINT('',(-0.022454446548637,0.0715932056681927,0.0324962));
#3728=CARTESIAN_POINT('',(-0.0227165561870025,0.0719803186602181,0.0324962));
#3729=CARTESIAN_POINT('',(-0.0228580166849925,0.0724365728342839,0.0324962));
#3730=CARTESIAN_POINT('',(-0.0228580166849925,0.0729041505636178,0.0324962));
#3731=CARTESIAN_POINT('',(-0.0228580166849925,0.0729041505636178,0.0324962));
#3732=CARTESIAN_POINT('',(-0.0228580166849925,0.098554934351429,0.0324962));
#3733=CARTESIAN_POINT('',(-0.00866507476521749,0.100078934351429,0.0272638));
#3734=CARTESIAN_POINT('',(-0.0223412627102869,0.100078934351429,0.0324962));
#3735=CARTESIAN_POINT('',(-0.0219767532644245,0.100078934351429,0.0324962));
#3736=CARTESIAN_POINT('',(-0.0212860400010261,0.100078934351429,0.0327505843648339));
#3737=CARTESIAN_POINT('',(-0.0207144208913103,0.100078934351429,0.033195717928163));
#3738=CARTESIAN_POINT('',(-0.0204308550183854,0.100078934351429,0.0334160153672641));
#3739=CARTESIAN_POINT('',(-0.0204308550183854,0.100078934351429,0.0334160153672641));
#3740=CARTESIAN_POINT('',(-0.0185204473264839,0.100078934351429,0.0324962));
#3741=CARTESIAN_POINT('',(-0.0188849567723463,0.100078934351429,0.0324962));
#3742=CARTESIAN_POINT('',(-0.0195756700357446,0.100078934351429,0.0327505843648339));
#3743=CARTESIAN_POINT('',(-0.0201472891454606,0.100078934351429,0.0331957179281629));
#3744=CARTESIAN_POINT('',(-0.0204308550183854,0.100078934351429,0.0334160153672641));
#3745=CARTESIAN_POINT('',(-0.0185204473264839,0.100078934351429,0.0324962));
#3746=CARTESIAN_POINT('',(-0.00866507476521749,0.100078934351429,0.0324962));
#3747=CARTESIAN_POINT('',(-0.00429696111503257,0.100078934351429,0.0324962));
#3748=CARTESIAN_POINT('',(-0.00429696111503257,0.100078934351429,0.0342131886855597));
#3749=CARTESIAN_POINT('',(-0.00257997242947282,0.100078934351429,0.0342131886855597));
#3750=CARTESIAN_POINT('',(-0.00257997242947282,0.100078934351429,0.0342254));
#3751=CARTESIAN_POINT('',(-0.00257997242947282,0.100078934351429,0.0318358));
#3752=CARTESIAN_POINT('',(-0.00866507476521749,0.100078934351429,0.0318358));
#3753=CARTESIAN_POINT('',(0.0100257150019582,0.100078934351429,0.0318358));
#3754=CARTESIAN_POINT('',(0.0100257150019582,0.100078934351429,0.0299308));
#3755=CARTESIAN_POINT('',(0.0100257150019581,0.100078934351429,0.0299308));
#3756=CARTESIAN_POINT('',(-0.0204308550183854,0.100078934351429,0.0299308));
#3757=CARTESIAN_POINT('',(0.010685521312558,0.100078934351429,0.0299308));
#3758=CARTESIAN_POINT('',(0.010685521312558,0.100078934351429,0.0272638));
#3759=CARTESIAN_POINT('',(0.010685521312558,0.100078934351429,0.0282798));
#3760=CARTESIAN_POINT('',(-0.00866507476521749,0.100078934351429,0.0282798));
#3761=CARTESIAN_POINT('',(-0.0515472313493288,0.100078934351429,0.0282798));
#3762=CARTESIAN_POINT('',(-0.0515472313493288,0.100078934351429,0.0272638));
#3763=CARTESIAN_POINT('',(-0.0515472313493288,0.100078934351429,0.0299308));
#3764=CARTESIAN_POINT('',(-0.0204308550183854,0.100078934351429,0.0299308));
#3765=CARTESIAN_POINT('',(-0.050887425038729,0.100078934351429,0.0299308));
#3766=CARTESIAN_POINT('',(-0.0508874250387289,0.100078934351429,0.0272638));
#3767=CARTESIAN_POINT('',(-0.0508874250387289,0.100078934351429,0.0318358));
#3768=CARTESIAN_POINT('',(-0.0204308550183854,0.100078934351429,0.0318358));
#3769=CARTESIAN_POINT('',(-0.038281737607298,0.100078934351429,0.0318358));
#3770=CARTESIAN_POINT('',(-0.038281737607298,0.100078934351429,0.0272638));
#3771=CARTESIAN_POINT('',(-0.038281737607298,0.100078934351429,0.0342131886855597));
#3772=CARTESIAN_POINT('',(-0.0365647489217382,0.100078934351429,0.0342131886855597));
#3773=CARTESIAN_POINT('',(-0.298056556316179,0.0857591449816152,0.0342234));
#3774=CARTESIAN_POINT('',(-0.298056556316179,0.0958123858477181,0.0342234));
#3775=CARTESIAN_POINT('',(0.0116875411602544,0.0958123858477181,0.0342234));
#3776=CARTESIAN_POINT('',(-0.00257997242947282,0.0958123858477181,0.0342234));
#3777=CARTESIAN_POINT('',(-0.00257997242947282,0.0857591449816151,0.0342234));
#3778=CARTESIAN_POINT('',(-0.00257997242947281,0.0757059041155124,0.0342234));
#3779=CARTESIAN_POINT('',(-0.298056556316179,0.0757059041155124,0.0342234));
#3780=CARTESIAN_POINT('',(0.0116875411602557,0.0757059041155124,0.0342234));
#3781=CARTESIAN_POINT('',(-0.0204308550183835,0.0857591449816132,0.0342234));
#3782=CARTESIAN_POINT('',(0.0130357535489611,0.0822031449816125,0.0342234));
#3783=CARTESIAN_POINT('',(-0.298056556316179,0.0822031449816125,0.0342234));
#3784=CARTESIAN_POINT('',(0.005334,0.0822031449816125,0.0342234));
#3785=CARTESIAN_POINT('',(0.005334,0.0857591449816152,0.0342234));
#3786=CARTESIAN_POINT('',(0.005334,0.0883048843917847,0.0342234));
#3787=CARTESIAN_POINT('',(-0.298056556316179,0.0883048843917847,0.0342234));
#3788=CARTESIAN_POINT('',(0.013127724150815,0.0883048843917847,0.0342234));
#3789=CARTESIAN_POINT('',(-0.0204308550183835,0.0857591449816132,0.0342234));
#3790=CARTESIAN_POINT('',(-0.0204308550183835,0.0857591449816132,0.0299308));
#3791=CARTESIAN_POINT('',(-0.0204308550183835,0.0857591449816132,0.0350108));
#3792=CARTESIAN_POINT('',(0.0100209148552574,0.0714291506842423,0.0350108));
#3793=CARTESIAN_POINT('',(0.0113607632723285,0.0747159556118012,0.0350108));
#3794=CARTESIAN_POINT('',(0.0100209148552574,0.0714291506842423,0.0350108));
#3795=CARTESIAN_POINT('',(0.0100209148552574,0.0714291506842423,0.0318358));
#3796=CARTESIAN_POINT('',(-0.0204308550183835,0.0857591449816132,0.0318358));
#3797=CARTESIAN_POINT('',(-0.0204308550183835,0.0857591449816132,0.0299308));
#3798=CARTESIAN_POINT('',(-0.0204308550183835,0.0857591449816132,0.0318358));
#3799=CARTESIAN_POINT('',(0.0100209148552555,0.100089139278988,0.0318358));
#3800=CARTESIAN_POINT('',(0.0100209148552555,0.100089139278988,0.0331058));
#3801=CARTESIAN_POINT('',(0.0100209148552555,0.100089139278988,0.0350108));
#3802=CARTESIAN_POINT('',(-0.0204308550183835,0.0857591449816132,0.0350108));
#3803=CARTESIAN_POINT('',(0.0113607632723271,0.0968023343514293,0.0350108));
#3804=CARTESIAN_POINT('',(0.0113607632723271,0.0968023343514293,0.0350108));
#3805=CARTESIAN_POINT('',(0.0115161585936782,0.0963549754793576,0.0350108));
#3806=CARTESIAN_POINT('',(0.0116542209750609,0.0959188381771755,0.0346843900448947));
#3807=CARTESIAN_POINT('',(0.0116875411602544,0.0958123858477181,0.0342234));
#3808=CARTESIAN_POINT('',(0.013127724150815,0.0883048843917847,0.0342234));
#3809=CARTESIAN_POINT('',(0.0131480414145575,0.088037057095291,0.0342234));
#3810=CARTESIAN_POINT('',(0.0131802244405667,0.0875113489863158,0.0340033250096545));
#3811=CARTESIAN_POINT('',(0.0131893609585675,0.0872888843917847,0.0334760130965237));
#3812=CARTESIAN_POINT('',(0.0131893609585675,0.0872888843917847,0.0332074));
#3813=CARTESIAN_POINT('',(0.0131893609585675,0.0872888843917847,0.0332074));
#3814=CARTESIAN_POINT('',(0.0131893609585675,0.0872888843917847,0.033944));
#3815=CARTESIAN_POINT('',(0.0131893609585675,0.0872888843917847,0.032928));
#3816=CARTESIAN_POINT('',(-0.0204308550183835,0.0857591449816132,0.032928));
#3817=CARTESIAN_POINT('',(0.0131281590463929,0.0832191449816125,0.032928));
#3818=CARTESIAN_POINT('',(0.0131281590463929,0.0832191449816125,0.0299308));
#3819=CARTESIAN_POINT('',(0.0131281590463929,0.0832191449816125,0.0332074));
#3820=CARTESIAN_POINT('',(0.0131281590463929,0.0832191449816125,0.0332074));
#3821=CARTESIAN_POINT('',(0.0131281590463929,0.0832191449816125,0.0334763244609795));
#3822=CARTESIAN_POINT('',(0.0131123463810457,0.0829970168493771,0.0340030526625543));
#3823=CARTESIAN_POINT('',(0.0130641649192357,0.0824705331165518,0.0342234));
#3824=CARTESIAN_POINT('',(0.0130357535489611,0.0822031449816125,0.0342234));
#3825=CARTESIAN_POINT('',(0.0116875411602557,0.0757059041155124,0.0342234));
#3826=CARTESIAN_POINT('',(0.0116542267363249,0.0755994701923104,0.0346843103369112));
#3827=CARTESIAN_POINT('',(0.0115161436262384,0.0751632713949462,0.0350108));
#3828=CARTESIAN_POINT('',(0.0113607632723285,0.0747159556118011,0.0350108));
#3829=CARTESIAN_POINT('',(0.010685521312558,0.0757319556118012,0.0272638));
#3830=CARTESIAN_POINT('',(0.010685521312558,0.0757319556118012,0.0282798));
#3831=CARTESIAN_POINT('',(0.010782724270645,0.0714404562997962,0.0282798));
#3832=CARTESIAN_POINT('',(0.010782724270645,0.0714404562997962,0.0272638));
#3833=CARTESIAN_POINT('',(0.010782724270645,0.0714404562997962,0.0299308));
#3834=CARTESIAN_POINT('',(0.010685521312558,0.0757319556118012,0.0299308));
#3835=CARTESIAN_POINT('',(-0.0204308425183855,0.0857591449816152,0.0272638));
#3836=CARTESIAN_POINT('',(-0.0204308550183843,0.085759144981613,0.0272638));
#3837=CARTESIAN_POINT('',(0.0107597176533444,0.0990620941813029,0.0272638));
#3838=CARTESIAN_POINT('',(0.0107597176533463,0.0724561957819276,0.0272638));
#3839=CARTESIAN_POINT('',(0.010685521312558,0.0757319556118012,0.0272638));
#3840=CARTESIAN_POINT('',(0.010685521312558,0.0724553556118012,0.0272638));
#3841=CARTESIAN_POINT('',(-0.0204308425183855,0.0724553556118012,0.0272638));
#3842=CARTESIAN_POINT('',(-0.0515472313493289,0.0724553556118012,0.0272638));
#3843=CARTESIAN_POINT('',(-0.0515472313493289,0.0757319556118012,0.0272638));
#3844=CARTESIAN_POINT('',(-0.0516214276901175,0.0724561957819276,0.0272638));
#3845=CARTESIAN_POINT('',(-0.0204308550183854,0.0857591449816125,0.0272638));
#3846=CARTESIAN_POINT('',(-0.0516214276901152,0.0990620941813029,0.0272638));
#3847=CARTESIAN_POINT('',(-0.0515472313493288,0.0957863343514292,0.0272638));
#3848=CARTESIAN_POINT('',(-0.0515472313493288,0.0990629343514293,0.0272638));
#3849=CARTESIAN_POINT('',(-0.0204308425183855,0.0990629343514293,0.0272638));
#3850=CARTESIAN_POINT('',(0.010685521312558,0.0990629343514292,0.0272638));
#3851=CARTESIAN_POINT('',(0.010685521312558,0.0957863343514292,0.0272638));
#3852=CARTESIAN_POINT('',(-0.0325233410573312,0.0807162373005147,0.0272638));
#3853=CARTESIAN_POINT('',(-0.0311943042692475,0.0819425360474143,0.0272638));
#3854=CARTESIAN_POINT('',(-0.0305297858752057,0.0836858038738892,0.0272638));
#3855=CARTESIAN_POINT('',(-0.0305297858752057,0.0859460407799395,0.0272638));
#3856=CARTESIAN_POINT('',(-0.0325233410573312,0.0807162373005147,0.0272638));
#3857=CARTESIAN_POINT('',(-0.0305297858752057,0.0859460407797466,0.0272638));
#3858=CARTESIAN_POINT('',(-0.0389035263996151,0.0861597085923334,0.0272638));
#3859=CARTESIAN_POINT('',(-0.0314019662673855,0.0898544581764751,0.0272638));
#3860=CARTESIAN_POINT('',(-0.0368271661468112,0.0871132942907038,0.0272638));
#3861=CARTESIAN_POINT('',(-0.0338725975662862,0.0924218162481927,0.0272638));
#3862=CARTESIAN_POINT('',(-0.0373874737990959,0.0858619017464247,0.0272638));
#3863=CARTESIAN_POINT('',(-0.0375596910741072,0.0933136698823015,0.0272638000833334));
#3864=CARTESIAN_POINT('',(-0.0204308425183855,0.0933136698823015,0.0272638));
#3865=CARTESIAN_POINT('',(-0.042959995900597,0.0933136698823015,0.0272638));
#3866=CARTESIAN_POINT('',(-0.042959995900597,0.0857591449816152,0.0272638));
#3867=CARTESIAN_POINT('',(-0.042959995900597,0.0788767891801653,0.0272638));
#3868=CARTESIAN_POINT('',(-0.0204308425183855,0.0788767891801653,0.0272638));
#3869=CARTESIAN_POINT('',(-0.0381859558591911,0.0788767891801653,0.0272638000416667));
#3870=CARTESIAN_POINT('',(-0.0381859558591911,0.0788767891801653,0.0272638));
#3871=CARTESIAN_POINT('',(-0.0357399161127016,0.0788767891801653,0.0272638));
#3872=CARTESIAN_POINT('',(-0.0338523778454149,0.0794899385536151,0.0272638));
#3873=CARTESIAN_POINT('',(-0.0325233410573312,0.0807162373005147,0.0272638));
#3874=CARTESIAN_POINT('',(-0.0204308425183855,0.0933136698823015,0.0272638));
#3875=CARTESIAN_POINT('',(-0.0164306291595151,0.0933136698823015,0.0272638));
#3876=CARTESIAN_POINT('',(-0.027805041868057,0.0933136698823015,0.0272638));
#3877=CARTESIAN_POINT('',(-0.027805041868057,0.0857591449816152,0.0272638));
#3878=CARTESIAN_POINT('',(-0.027805041868057,0.0788767891801653,0.0272638));
#3879=CARTESIAN_POINT('',(-0.0204308425183855,0.0788767891801653,0.0272638));
#3880=CARTESIAN_POINT('',(-0.016850324987331,0.0788767891801653,0.0272638));
#3881=CARTESIAN_POINT('',(-0.016850324987331,0.0857591449816152,0.0272638));
#3882=CARTESIAN_POINT('',(-0.016850324987331,0.0804736006500587,0.0272638));
#3883=CARTESIAN_POINT('',(-0.0204308425183855,0.0804736006500587,0.0272638));
#3884=CARTESIAN_POINT('',(-0.0258475542961345,0.0804736006500587,0.0272638));
#3885=CARTESIAN_POINT('',(-0.0258475542961345,0.0857591449816152,0.0272638));
#3886=CARTESIAN_POINT('',(-0.0258475542961345,0.0851066491243077,0.0272638));
#3887=CARTESIAN_POINT('',(-0.0204308425183855,0.0851066491243077,0.0272638));
#3888=CARTESIAN_POINT('',(-0.0174667532344356,0.0851066491243077,0.0272638));
#3889=CARTESIAN_POINT('',(-0.0174667532344356,0.0857591449816152,0.0272638));
#3890=CARTESIAN_POINT('',(-0.0174667532344356,0.0866837873522721,0.0272638));
#3891=CARTESIAN_POINT('',(-0.0204308425183855,0.0866837873522721,0.0272638));
#3892=CARTESIAN_POINT('',(-0.0258475542961345,0.0866837873522721,0.0272638));
#3893=CARTESIAN_POINT('',(-0.0258475542961345,0.0857591449816152,0.0272638));
#3894=CARTESIAN_POINT('',(-0.0258475542961345,0.0917135795387534,0.0272638));
#3895=CARTESIAN_POINT('',(-0.0204308425183855,0.0917135795387534,0.0272638));
#3896=CARTESIAN_POINT('',(-0.0164306291595151,0.0917135795387534,0.0272638));
#3897=CARTESIAN_POINT('',(-0.0164306291595151,0.0857591449816152,0.0272638));
#3898=CARTESIAN_POINT('',(-0.0204308425183855,0.0933136698823015,0.0272638));
#3899=CARTESIAN_POINT('',(-0.00197407521545005,0.0933136698823015,0.0272638));
#3900=CARTESIAN_POINT('',(-0.00413485295397101,0.0933136698823015,0.0272638));
#3901=CARTESIAN_POINT('',(-0.00413485295397101,0.0933136698823015,0.0272638));
#3902=CARTESIAN_POINT('',(-0.00846952392563215,0.0870018380967889,0.0272638));
#3903=CARTESIAN_POINT('',(-0.00846952392563215,0.0870018380967889,0.0272638));
#3904=CARTESIAN_POINT('',(-0.012896003359628,0.0933136698823015,0.0272638));
#3905=CARTESIAN_POINT('',(-0.0204308425183855,0.0933136698823015,0.0272638));
#3906=CARTESIAN_POINT('',(-0.015056781098149,0.0933136698823015,0.0272638));
#3907=CARTESIAN_POINT('',(-0.015056781098149,0.0933136698823015,0.0272638));
#3908=CARTESIAN_POINT('',(-0.00956466772633928,0.0858116069600922,0.0272638));
#3909=CARTESIAN_POINT('',(-0.00956466772633928,0.0858116069600922,0.0272638));
#3910=CARTESIAN_POINT('',(-0.0146370852703331,0.0788767891801653,0.0272638));
#3911=CARTESIAN_POINT('',(-0.0204308425183855,0.0788767891801653,0.0272638));
#3912=CARTESIAN_POINT('',(-0.0124763075318121,0.0788767891801653,0.0272638));
#3913=CARTESIAN_POINT('',(-0.0124763075318121,0.0788767891801653,0.0272638));
#3914=CARTESIAN_POINT('',(-0.00845968730466772,0.08454268285568,0.0272638));
#3915=CARTESIAN_POINT('',(-0.00845968730466771,0.08454268285568,0.0272638));
#3916=CARTESIAN_POINT('',(-0.00455454878178691,0.0788767891801653,0.0272638));
#3917=CARTESIAN_POINT('',(-0.0204308425183855,0.0788767891801653,0.0272638));
#3918=CARTESIAN_POINT('',(-0.00239377104326597,0.0788767891801653,0.0272638));
#3919=CARTESIAN_POINT('',(-0.00239377104326598,0.0788767891801653,0.0272638));
#3920=CARTESIAN_POINT('',(-0.00733175476741248,0.0857427506133412,0.0272638));
#3921=CARTESIAN_POINT('',(-0.00733175476741246,0.0857427506133412,0.0272638));
#3922=CARTESIAN_POINT('',(-0.0204308425183855,0.0933136698823015,0.0272638));
#3923=CARTESIAN_POINT('',(0.00236387462986589,0.0933136698823015,0.0272638));
#3924=CARTESIAN_POINT('',(0.000406387057943279,0.0933136698823015,0.0272638));
#3925=CARTESIAN_POINT('',(0.00040638705794328,0.0857591449816152,0.0272638));
#3926=CARTESIAN_POINT('',(0.000406387057943278,0.0788767891801653,0.0272638));
#3927=CARTESIAN_POINT('',(-0.0204308425183855,0.0788767891801653,0.0272638));
#3928=CARTESIAN_POINT('',(0.00236387462986589,0.0788767891801653,0.0272638));
#3929=CARTESIAN_POINT('',(0.00236387462986588,0.0857591449816152,0.0272638));
#3930=CARTESIAN_POINT('',(-0.0515472313493288,0.0957863343514292,0.0272638));
#3931=CARTESIAN_POINT('',(-0.0515472313493288,0.0957863343514292,0.0282798));
#3932=CARTESIAN_POINT('',(-0.0516444343074133,0.100077833663434,0.0282798));
#3933=CARTESIAN_POINT('',(-0.0516444343074133,0.100077833663434,0.0272638));
#3934=CARTESIAN_POINT('',(-0.0516444343074133,0.100077833663434,0.0299308));
#3935=CARTESIAN_POINT('',(-0.0515472313493288,0.0957863343514292,0.0299308));
#3936=CARTESIAN_POINT('',(-0.0204308550183854,0.0884507590022493,0.0299308));
#3937=CARTESIAN_POINT('',(-0.0204308550183854,0.0857591449816125,0.0299308));
#3938=CARTESIAN_POINT('',(-0.0525559766840247,0.0994606844194959,0.0299308));
#3939=CARTESIAN_POINT('',(-0.0525559766840271,0.0720576055437347,0.0299308));
#3940=CARTESIAN_POINT('',(-0.0516214276901175,0.0724561957819275,0.0299308));
#3941=CARTESIAN_POINT('',(-0.0516444343074163,0.0714404562997962,0.0299308));
#3942=CARTESIAN_POINT('',(-0.0515472313493289,0.0757319556118012,0.0299308));
#3943=CARTESIAN_POINT('',(-0.0204308550183858,0.0857591449816125,0.0299308));
#3944=CARTESIAN_POINT('',(-0.0516214276901152,0.0990620941813029,0.0299308));
#3945=CARTESIAN_POINT('',(-0.298056556316179,0.0857591449816152,0.0342234));
#3946=CARTESIAN_POINT('',(-0.298056556316179,0.0757059041155123,0.0342234));
#3947=CARTESIAN_POINT('',(-0.052549251197027,0.0757059041155123,0.0342234));
#3948=CARTESIAN_POINT('',(-0.038281737607298,0.0757059041155123,0.0342234));
#3949=CARTESIAN_POINT('',(-0.038281737607298,0.0857591449816151,0.0342234));
#3950=CARTESIAN_POINT('',(-0.038281737607298,0.0958123858477181,0.0342234));
#3951=CARTESIAN_POINT('',(-0.298056556316179,0.0958123858477181,0.0342234));
#3952=CARTESIAN_POINT('',(-0.0525492511970253,0.0958123858477181,0.0342234));
#3953=CARTESIAN_POINT('',(-0.0204308550183858,0.0857591449816125,0.0342234));
#3954=CARTESIAN_POINT('',(-0.027805041868057,0.0860952295312334,0.0275178));
#3955=CARTESIAN_POINT('',(-0.027805041868057,0.0933136698823015,0.0275178));
#3956=CARTESIAN_POINT('',(-0.027805041868057,0.0933136698823015,0.0275178));
#3957=CARTESIAN_POINT('',(-0.027805041868057,0.0860952295312334,0.0275178));
#3958=CARTESIAN_POINT('',(-0.027805041868057,0.0788767891801653,0.0275178));
#3959=CARTESIAN_POINT('',(-0.027805041868057,0.0788767891801653,0.0275178));
#3960=CARTESIAN_POINT('',(-0.022117835513786,0.0933136698823015,0.0275178));
#3961=CARTESIAN_POINT('',(-0.0164306291595151,0.0933136698823015,0.0275178));
#3962=CARTESIAN_POINT('',(-0.0164306291595151,0.0933136698823015,0.0275178));
#3963=CARTESIAN_POINT('',(-0.022117835513786,0.0933136698823015,0.0275178));
#3964=CARTESIAN_POINT('',(-0.0164306291595151,0.0925136247105274,0.0275178));
#3965=CARTESIAN_POINT('',(-0.0164306291595151,0.0917135795387534,0.0275178));
#3966=CARTESIAN_POINT('',(-0.0164306291595151,0.0917135795387534,0.0275178));
#3967=CARTESIAN_POINT('',(-0.0164306291595151,0.0925136247105274,0.0275178));
#3968=CARTESIAN_POINT('',(-0.0211390917278248,0.0917135795387534,0.0275178));
#3969=CARTESIAN_POINT('',(-0.0258475542961345,0.0917135795387534,0.0275178));
#3970=CARTESIAN_POINT('',(-0.0258475542961345,0.0917135795387534,0.0275178));
#3971=CARTESIAN_POINT('',(-0.0211390917278248,0.0917135795387534,0.0275178));
#3972=CARTESIAN_POINT('',(-0.0258475542961345,0.0891986834455127,0.0275178));
#3973=CARTESIAN_POINT('',(-0.0258475542961345,0.0866837873522721,0.0275178));
#3974=CARTESIAN_POINT('',(-0.0258475542961345,0.0866837873522721,0.0275178));
#3975=CARTESIAN_POINT('',(-0.0258475542961345,0.0891986834455127,0.0275178));
#3976=CARTESIAN_POINT('',(-0.021657153765285,0.0866837873522721,0.0275178));
#3977=CARTESIAN_POINT('',(-0.0174667532344356,0.0866837873522721,0.0275178));
#3978=CARTESIAN_POINT('',(-0.0174667532344356,0.0866837873522721,0.0275178));
#3979=CARTESIAN_POINT('',(-0.021657153765285,0.0866837873522721,0.0275178));
#3980=CARTESIAN_POINT('',(-0.0174667532344356,0.0858952182382899,0.0275178));
#3981=CARTESIAN_POINT('',(-0.0174667532344356,0.0851066491243077,0.0275178));
#3982=CARTESIAN_POINT('',(-0.0174667532344356,0.0851066491243077,0.0275178));
#3983=CARTESIAN_POINT('',(-0.0174667532344356,0.0858952182382899,0.0275178));
#3984=CARTESIAN_POINT('',(-0.021657153765285,0.0851066491243077,0.0275178));
#3985=CARTESIAN_POINT('',(-0.0258475542961345,0.0851066491243077,0.0275178));
#3986=CARTESIAN_POINT('',(-0.0258475542961345,0.0851066491243077,0.0275178));
#3987=CARTESIAN_POINT('',(-0.021657153765285,0.0851066491243077,0.0275178));
#3988=CARTESIAN_POINT('',(-0.0258475542961345,0.0827901248871832,0.0275178));
#3989=CARTESIAN_POINT('',(-0.0258475542961345,0.0804736006500587,0.0275178));
#3990=CARTESIAN_POINT('',(-0.0258475542961345,0.0804736006500587,0.0275178));
#3991=CARTESIAN_POINT('',(-0.0258475542961345,0.0827901248871832,0.0275178));
#3992=CARTESIAN_POINT('',(-0.0213489396417327,0.0804736006500587,0.0275178));
#3993=CARTESIAN_POINT('',(-0.016850324987331,0.0804736006500587,0.0275178));
#3994=CARTESIAN_POINT('',(-0.016850324987331,0.0804736006500587,0.0275178));
#3995=CARTESIAN_POINT('',(-0.0213489396417327,0.0804736006500587,0.0275178));
#3996=CARTESIAN_POINT('',(-0.016850324987331,0.079675194915112,0.0275178));
#3997=CARTESIAN_POINT('',(-0.016850324987331,0.0788767891801653,0.0275178));
#3998=CARTESIAN_POINT('',(-0.016850324987331,0.0788767891801653,0.0275178));
#3999=CARTESIAN_POINT('',(-0.016850324987331,0.079675194915112,0.0275178));
#4000=CARTESIAN_POINT('',(-0.022327683427694,0.0788767891801653,0.0275178));
#4001=CARTESIAN_POINT('',(-0.022327683427694,0.0788767891801653,0.0275178));
#4002=CARTESIAN_POINT('',(-0.0204308550183854,0.0857591449816152,0.0275178));
#4003=CARTESIAN_POINT('',(-0.00630218843980158,0.0901577539895452,0.0275178));
#4004=CARTESIAN_POINT('',(-0.00413485295397101,0.0933136698823015,0.0275178));
#4005=CARTESIAN_POINT('',(-0.00413485295397102,0.0933136698823015,0.0275178));
#4006=CARTESIAN_POINT('',(-0.00630218843980158,0.0901577539895452,0.0275178));
#4007=CARTESIAN_POINT('',(-0.00846952392563213,0.0870018380967889,0.0275178));
#4008=CARTESIAN_POINT('',(-0.00846952392563215,0.0870018380967889,0.0275178));
#4009=CARTESIAN_POINT('',(-0.00305446408471053,0.0933136698823015,0.0275178));
#4010=CARTESIAN_POINT('',(-0.00197407521545005,0.0933136698823015,0.0275178));
#4011=CARTESIAN_POINT('',(-0.00197407521545005,0.0933136698823015,0.0275178));
#4012=CARTESIAN_POINT('',(-0.00305446408471053,0.0933136698823015,0.0275178));
#4013=CARTESIAN_POINT('',(-0.00465291499143126,0.0895282102478213,0.0275178));
#4014=CARTESIAN_POINT('',(-0.00733175476741251,0.0857427506133412,0.0275178));
#4015=CARTESIAN_POINT('',(-0.00733175476741249,0.0857427506133412,0.0275178));
#4016=CARTESIAN_POINT('',(-0.00465291499143126,0.0895282102478213,0.0275178));
#4017=CARTESIAN_POINT('',(-0.00486276290533921,0.0823097698967532,0.0275178));
#4018=CARTESIAN_POINT('',(-0.00239377104326597,0.0788767891801653,0.0275178));
#4019=CARTESIAN_POINT('',(-0.00239377104326597,0.0788767891801653,0.0275178));
#4020=CARTESIAN_POINT('',(-0.00486276290533921,0.0823097698967532,0.0275178));
#4021=CARTESIAN_POINT('',(-0.00347415991252644,0.0788767891801653,0.0275178));
#4022=CARTESIAN_POINT('',(-0.00455454878178689,0.0788767891801653,0.0275178));
#4023=CARTESIAN_POINT('',(-0.00455454878178688,0.0788767891801653,0.0275178));
#4024=CARTESIAN_POINT('',(-0.00347415991252644,0.0788767891801653,0.0275178));
#4025=CARTESIAN_POINT('',(-0.00650711804322731,0.0817097360179227,0.0275178));
#4026=CARTESIAN_POINT('',(-0.00845968730466773,0.08454268285568,0.0275178));
#4027=CARTESIAN_POINT('',(-0.00845968730466772,0.08454268285568,0.0275178));
#4028=CARTESIAN_POINT('',(-0.00650711804322731,0.0817097360179227,0.0275178));
#4029=CARTESIAN_POINT('',(-0.0104679974182399,0.0817097360179227,0.0275178));
#4030=CARTESIAN_POINT('',(-0.0124763075318121,0.0788767891801653,0.0275178));
#4031=CARTESIAN_POINT('',(-0.0124763075318121,0.0788767891801653,0.0275178));
#4032=CARTESIAN_POINT('',(-0.0104679974182399,0.0817097360179227,0.0275178));
#4033=CARTESIAN_POINT('',(-0.0135566964010726,0.0788767891801653,0.0275178));
#4034=CARTESIAN_POINT('',(-0.0146370852703331,0.0788767891801653,0.0275178));
#4035=CARTESIAN_POINT('',(-0.0146370852703331,0.0788767891801653,0.0275178));
#4036=CARTESIAN_POINT('',(-0.0135566964010726,0.0788767891801653,0.0275178));
#4037=CARTESIAN_POINT('',(-0.0121008764983362,0.0823441980701288,0.0275178));
#4038=CARTESIAN_POINT('',(-0.00956466772633929,0.0858116069600922,0.0275178));
#4039=CARTESIAN_POINT('',(-0.0095646677263393,0.0858116069600922,0.0275178));
#4040=CARTESIAN_POINT('',(-0.0121008764983362,0.0823441980701288,0.0275178));
#4041=CARTESIAN_POINT('',(-0.0123107244122441,0.0895626384211968,0.0275178));
#4042=CARTESIAN_POINT('',(-0.015056781098149,0.0933136698823015,0.0275178));
#4043=CARTESIAN_POINT('',(-0.015056781098149,0.0933136698823015,0.0275178));
#4044=CARTESIAN_POINT('',(-0.0123107244122441,0.0895626384211968,0.0275178));
#4045=CARTESIAN_POINT('',(-0.0139763922288885,0.0933136698823015,0.0275178));
#4046=CARTESIAN_POINT('',(-0.0128960033596279,0.0933136698823015,0.0275178));
#4047=CARTESIAN_POINT('',(-0.0128960033596279,0.0933136698823015,0.0275178));
#4048=CARTESIAN_POINT('',(-0.0139763922288885,0.0933136698823015,0.0275178));
#4049=CARTESIAN_POINT('',(-0.01068276364263,0.0901577539895452,0.0275178));
#4050=CARTESIAN_POINT('',(-0.01068276364263,0.0901577539895452,0.0275178));
#4051=CARTESIAN_POINT('',(-0.0204308550183854,0.0857591449816152,0.0275178));
#4052=CARTESIAN_POINT('',(0.000406387057943277,0.0860952295312334,0.0275178));
#4053=CARTESIAN_POINT('',(0.000406387057943277,0.0933136698823015,0.0275178));
#4054=CARTESIAN_POINT('',(0.000406387057943277,0.0933136698823015,0.0275178));
#4055=CARTESIAN_POINT('',(0.000406387057943277,0.0860952295312334,0.0275178));
#4056=CARTESIAN_POINT('',(0.000406387057943277,0.0788767891801653,0.0275178));
#4057=CARTESIAN_POINT('',(0.000406387057943277,0.0788767891801653,0.0275178));
#4058=CARTESIAN_POINT('',(0.00138513084390458,0.0933136698823015,0.0275178));
#4059=CARTESIAN_POINT('',(0.00236387462986589,0.0933136698823015,0.0275178));
#4060=CARTESIAN_POINT('',(0.00236387462986589,0.0933136698823015,0.0275178));
#4061=CARTESIAN_POINT('',(0.00138513084390458,0.0933136698823015,0.0275178));
#4062=CARTESIAN_POINT('',(0.00236387462986589,0.0860952295312334,0.0275178));
#4063=CARTESIAN_POINT('',(0.00236387462986589,0.0788767891801653,0.0275178));
#4064=CARTESIAN_POINT('',(0.00236387462986589,0.0788767891801653,0.0275178));
#4065=CARTESIAN_POINT('',(0.00236387462986589,0.0860952295312334,0.0275178));
#4066=CARTESIAN_POINT('',(0.00138513084390458,0.0788767891801653,0.0275178));
#4067=CARTESIAN_POINT('',(0.00138513084390458,0.0788767891801653,0.0275178));
#4068=CARTESIAN_POINT('',(-0.0204308550183854,0.0857591449816152,0.0275178));
#4069=CARTESIAN_POINT('',(-0.0324971100680927,0.0859460407799395,0.0275178));
#4070=CARTESIAN_POINT('',(-0.0324971100680927,0.0859460407799395,0.0272638));
#4071=CARTESIAN_POINT('',(-0.0324971100680927,0.0841557757644122,0.0275178));
#4072=CARTESIAN_POINT('',(-0.0324971100680927,0.0841557757644122,0.0272638));
#4073=CARTESIAN_POINT('',(-0.0329873016794871,0.0827912178450681,0.0275178));
#4074=CARTESIAN_POINT('',(-0.0329873016794871,0.0827912178450681,0.0272638));
#4075=CARTESIAN_POINT('',(-0.0339676849022758,0.081852367021907,0.0275178));
#4076=CARTESIAN_POINT('',(-0.0339676849022758,0.081852367021907,0.0272638));
#4077=CARTESIAN_POINT('',(-0.0324971100680927,0.0859460407799395,0.0272638));
#4078=CARTESIAN_POINT('',(-0.0324971100680927,0.0841557757644122,0.0272638));
#4079=CARTESIAN_POINT('',(-0.0329873016794871,0.0827912178450681,0.0272638));
#4080=CARTESIAN_POINT('',(-0.0339676849022758,0.081852367021907,0.0272638));
#4081=CARTESIAN_POINT('',(-0.0324971100680927,0.0859460407797892,0.0272638));
#4082=CARTESIAN_POINT('',(-0.0339676849022758,0.081852367021907,0.0272638));
#4083=CARTESIAN_POINT('',(-0.0325036060867146,0.0859462188342627,0.0275177999999999));
#4084=CARTESIAN_POINT('',(-0.0325036060867146,0.0859462188342627,0.0274331333333333));
#4085=CARTESIAN_POINT('',(-0.0325036060867146,0.0859462188342627,0.0273484666666666));
#4086=CARTESIAN_POINT('',(-0.0325036060867146,0.0859462188342627,0.0272637999999999));
#4087=CARTESIAN_POINT('',(-0.0324971100680927,0.0859460407797892,0.0275178));
#4088=CARTESIAN_POINT('',(-0.0339676849022758,0.081852367021907,0.0275178));
#4089=CARTESIAN_POINT('',(-0.0329873016794871,0.0827912178450681,0.0275178));
#4090=CARTESIAN_POINT('',(-0.0324971100680927,0.0841557757644122,0.0275178));
#4091=CARTESIAN_POINT('',(-0.0324971100680927,0.0859460407799395,0.0275178));
#4092=CARTESIAN_POINT('',(-0.0339676849022758,0.081852367021907,0.0275178));
#4093=CARTESIAN_POINT('',(-0.0339676849022758,0.081852367021907,0.0275178));
#4094=CARTESIAN_POINT('',(-0.0394589377700078,0.0861368628191235,0.0273908));
#4095=CARTESIAN_POINT('',(-0.0394589377700078,0.0861368628191235,0.0272638));
#4096=CARTESIAN_POINT('',(-0.0331430481780906,0.0890412975100817,0.0272638));
#4097=CARTESIAN_POINT('',(-0.0331373798446192,0.0890439041586203,0.0272637999999999));
#4098=CARTESIAN_POINT('',(-0.0331373798446192,0.0890439041586203,0.0273484666666666));
#4099=CARTESIAN_POINT('',(-0.0331373798446192,0.0890439041586203,0.0274331333333333));
#4100=CARTESIAN_POINT('',(-0.0331373798446192,0.0890439041586203,0.0275177999999999));
#4101=CARTESIAN_POINT('',(-0.0331430481780906,0.0890412975100817,0.0275178));
#4102=CARTESIAN_POINT('',(-0.0394589377700078,0.0861368628191235,0.0275178));
#4103=CARTESIAN_POINT('',(-0.0373088182272278,0.0870695769170449,0.0273908));
#4104=CARTESIAN_POINT('',(-0.0373088182272278,0.0870695769170449,0.0272638));
#4105=CARTESIAN_POINT('',(-0.0349923329194044,0.091049607623654,0.0272638));
#4106=CARTESIAN_POINT('',(-0.0349917572522715,0.0910505966965646,0.0272637999999999));
#4107=CARTESIAN_POINT('',(-0.0349917572522715,0.0910505966965646,0.0273484666666666));
#4108=CARTESIAN_POINT('',(-0.0349917572522715,0.0910505966965646,0.0274331333333333));
#4109=CARTESIAN_POINT('',(-0.0349917572522715,0.0910505966965646,0.0275177999999999));
#4110=CARTESIAN_POINT('',(-0.0349923329194044,0.091049607623654,0.0275178));
#4111=CARTESIAN_POINT('',(-0.0373088182272278,0.0870695769170449,0.0275178));
#4112=CARTESIAN_POINT('',(-0.0376518156393974,0.086262890891991,0.0273908));
#4113=CARTESIAN_POINT('',(-0.0376518156393974,0.086262890891991,0.0272638));
#4114=CARTESIAN_POINT('',(-0.0377859340757243,0.0917463682753015,0.0272638000833334));
#4115=CARTESIAN_POINT('',(-0.0377859332733041,0.0917463682753015,0.0275178));
#4116=CARTESIAN_POINT('',(-0.0377859332733041,0.0917463682753015,0.0274331333333333));
#4117=CARTESIAN_POINT('',(-0.0377859332733041,0.0917463682753015,0.0273484666666667));
#4118=CARTESIAN_POINT('',(-0.0377859332733041,0.0917463682753015,0.0272638));
#4119=CARTESIAN_POINT('',(-0.0377859333563724,0.0917463682753015,0.0275177999166667));
#4120=CARTESIAN_POINT('',(-0.0376518156393974,0.086262890891991,0.0275178));
#4121=CARTESIAN_POINT('',(-0.0393942208009892,0.0917463682753015,0.0275178));
#4122=CARTESIAN_POINT('',(-0.0204308425183855,0.0917463682753015,0.0272638));
#4123=CARTESIAN_POINT('',(-0.0410025083286743,0.0917463682753015,0.0272638));
#4124=CARTESIAN_POINT('',(-0.0410025083286743,0.0917463682753015,0.0275178));
#4125=CARTESIAN_POINT('',(-0.0410025083286743,0.0917463682753015,0.0275178));
#4126=CARTESIAN_POINT('',(-0.0393942208009892,0.0917463682753015,0.0275178));
#4127=CARTESIAN_POINT('',(-0.0410025083286743,0.0860952295312334,0.0275178));
#4128=CARTESIAN_POINT('',(-0.0410025083286743,0.0857591449816152,0.0272638));
#4129=CARTESIAN_POINT('',(-0.0410025083286743,0.0804440907871653,0.0272638));
#4130=CARTESIAN_POINT('',(-0.0410025083286743,0.0804440907871653,0.0275178));
#4131=CARTESIAN_POINT('',(-0.0410025083286743,0.0804440907871653,0.0275178));
#4132=CARTESIAN_POINT('',(-0.0410025083286743,0.0860952295312334,0.0275178));
#4133=CARTESIAN_POINT('',(-0.0396139053358616,0.0804440907871653,0.0275178));
#4134=CARTESIAN_POINT('',(-0.0204308425183855,0.0804440907871653,0.0272638));
#4135=CARTESIAN_POINT('',(-0.0382253023430488,0.0804440907871653,0.0272638000416667));
#4136=CARTESIAN_POINT('',(-0.0382253023430488,0.0804440907871653,0.0272638));
#4137=CARTESIAN_POINT('',(-0.0382253023430488,0.0804440907871653,0.0273484666666667));
#4138=CARTESIAN_POINT('',(-0.0382253023430488,0.0804440907871653,0.0274331333333333));
#4139=CARTESIAN_POINT('',(-0.0382253023430488,0.0804440907871653,0.0275178));
#4140=CARTESIAN_POINT('',(-0.0382253026783425,0.0804440907871653,0.0275178));
#4141=CARTESIAN_POINT('',(-0.0396139053358616,0.0804440907871653,0.0275178));
#4142=CARTESIAN_POINT('',(-0.0389035263996151,0.0861597085923334,0.0273908));
#4143=CARTESIAN_POINT('',(-0.0305372988604135,0.0859462324843647,0.0272637999999999));
#4144=CARTESIAN_POINT('',(-0.0305372988604135,0.0859462324843647,0.0273484666666666));
#4145=CARTESIAN_POINT('',(-0.0305372988604135,0.0859462324843647,0.0274331333333333));
#4146=CARTESIAN_POINT('',(-0.0305372988604135,0.0859462324843647,0.0275177999999999));
#4147=CARTESIAN_POINT('',(-0.0305297858752057,0.0859460407797466,0.0275178));
#4148=CARTESIAN_POINT('',(-0.0389035263996151,0.0861597085923334,0.0275178));
#4149=CARTESIAN_POINT('',(-0.0314019662673855,0.0898544581764751,0.0275178));
#4150=CARTESIAN_POINT('',(-0.0313958132165709,0.0898574887436555,0.0275177999999999));
#4151=CARTESIAN_POINT('',(-0.0313958132165709,0.0898574887436556,0.0274331333333333));
#4152=CARTESIAN_POINT('',(-0.0313958132165709,0.0898574887436556,0.0273484666666666));
#4153=CARTESIAN_POINT('',(-0.0313958132165709,0.0898574887436555,0.0272638));
#4154=CARTESIAN_POINT('',(-0.0325233410573312,0.0807162373005147,0.0275178));
#4155=CARTESIAN_POINT('',(-0.0325233410573312,0.0807162373005147,0.0272638));
#4156=CARTESIAN_POINT('',(-0.0311943042692475,0.0819425360474143,0.0275178));
#4157=CARTESIAN_POINT('',(-0.0311943042692475,0.0819425360474143,0.0272638));
#4158=CARTESIAN_POINT('',(-0.0305297858752057,0.0836858038738892,0.0275178));
#4159=CARTESIAN_POINT('',(-0.0305297858752057,0.0836858038738892,0.0272638));
#4160=CARTESIAN_POINT('',(-0.0305297858752057,0.0859460407799395,0.0275178));
#4161=CARTESIAN_POINT('',(-0.0305297858752057,0.0859460407799395,0.0272638));
#4162=CARTESIAN_POINT('',(-0.0325233410573312,0.0807162373005147,0.0275178));
#4163=CARTESIAN_POINT('',(-0.0325233410573312,0.0807162373005147,0.0275178));
#4164=CARTESIAN_POINT('',(-0.0305297858752057,0.0859460407799395,0.0275178));
#4165=CARTESIAN_POINT('',(-0.0305297858752057,0.0836858038738892,0.0275178));
#4166=CARTESIAN_POINT('',(-0.0311943042692475,0.0819425360474143,0.0275178));
#4167=CARTESIAN_POINT('',(-0.0325233410573312,0.0807162373005147,0.0275178));
#4168=CARTESIAN_POINT('',(-0.0381859558798716,0.0788767891801653,0.0275178));
#4169=CARTESIAN_POINT('',(-0.0381859558798716,0.0788767891801653,0.0272638000416667));
#4170=CARTESIAN_POINT('',(-0.0357399161264885,0.0788767891801653,0.0275178));
#4171=CARTESIAN_POINT('',(-0.0357399161264885,0.0788767891801653,0.0272638000416667));
#4172=CARTESIAN_POINT('',(-0.0338523778491604,0.0794899385501591,0.0275178));
#4173=CARTESIAN_POINT('',(-0.0338523778491604,0.0794899385501591,0.0272638000416667));
#4174=CARTESIAN_POINT('',(-0.0325233410573312,0.0807162373005147,0.0275178));
#4175=CARTESIAN_POINT('',(-0.0325233410573312,0.0807162373005147,0.0272638000416667));
#4176=CARTESIAN_POINT('',(-0.0381859558591911,0.0788767891801653,0.0275178));
#4177=CARTESIAN_POINT('',(-0.0381859558591911,0.0788767891801653,0.0274331333333333));
#4178=CARTESIAN_POINT('',(-0.0381859558591911,0.0788767891801653,0.0273484666666667));
#4179=CARTESIAN_POINT('',(-0.0381859558591911,0.0788767891801653,0.0272638));
#4180=CARTESIAN_POINT('',(-0.038185955900552,0.0788767891801653,0.0275178));
#4181=CARTESIAN_POINT('',(-0.0325233410573312,0.0807162373005147,0.0275178));
#4182=CARTESIAN_POINT('',(-0.0338523778454149,0.0794899385536151,0.0275178));
#4183=CARTESIAN_POINT('',(-0.0357399161127016,0.0788767891801653,0.0275178));
#4184=CARTESIAN_POINT('',(-0.0381859558591911,0.0788767891801653,0.0275178));
#4185=CARTESIAN_POINT('',(-0.0405729758798941,0.0788767891801653,0.0275178));
#4186=CARTESIAN_POINT('',(-0.042959995900597,0.0788767891801653,0.0275178));
#4187=CARTESIAN_POINT('',(-0.042959995900597,0.0788767891801653,0.0275178));
#4188=CARTESIAN_POINT('',(-0.0405729758798941,0.0788767891801653,0.0275178));
#4189=CARTESIAN_POINT('',(-0.042959995900597,0.0860952295312334,0.0275178));
#4190=CARTESIAN_POINT('',(-0.042959995900597,0.0933136698823015,0.0275178));
#4191=CARTESIAN_POINT('',(-0.042959995900597,0.0933136698823015,0.0275178));
#4192=CARTESIAN_POINT('',(-0.042959995900597,0.0860952295312334,0.0275178));
#4193=CARTESIAN_POINT('',(-0.0402598434458595,0.0933136698823015,0.0275178));
#4194=CARTESIAN_POINT('',(-0.037559690991122,0.0933136698823015,0.0272638));
#4195=CARTESIAN_POINT('',(-0.037559690991122,0.0933136698823015,0.0273484666666667));
#4196=CARTESIAN_POINT('',(-0.037559690991122,0.0933136698823015,0.0274331333333333));
#4197=CARTESIAN_POINT('',(-0.037559690991122,0.0933136698823015,0.0275178));
#4198=CARTESIAN_POINT('',(-0.037559691813651,0.0933136698823015,0.0275177999166667));
#4199=CARTESIAN_POINT('',(-0.0402598434458595,0.0933136698823015,0.0275178));
#4200=CARTESIAN_POINT('',(-0.0373874737990959,0.0858619017464247,0.0273908));
#4201=CARTESIAN_POINT('',(-0.0338701127496523,0.0924264537328696,0.0272637999999999));
#4202=CARTESIAN_POINT('',(-0.0338701127496523,0.0924264537328696,0.0273484666666666));
#4203=CARTESIAN_POINT('',(-0.0338701127496523,0.0924264537328696,0.0274331333333333));
#4204=CARTESIAN_POINT('',(-0.0338701127496523,0.0924264537328696,0.0275177999999999));
#4205=CARTESIAN_POINT('',(-0.0338725975662862,0.0924218162481927,0.0275178));
#4206=CARTESIAN_POINT('',(-0.0373874737990959,0.0858619017464247,0.0275178));
#4207=CARTESIAN_POINT('',(-0.0368271661468112,0.0871132942907038,0.0273908));
#4208=CARTESIAN_POINT('',(-0.0368271661468112,0.0871132942907038,0.0275178));
#4209=CARTESIAN_POINT('',(-0.0339676849022758,0.081852367021907,0.0275178));
#4210=CARTESIAN_POINT('',(-0.0339676849022758,0.081852367021907,0.0272638));
#4211=CARTESIAN_POINT('',(-0.0349539504837273,0.0809078830369941,0.0275178));
#4212=CARTESIAN_POINT('',(-0.0349539504837273,0.0809078830369941,0.0272638));
#4213=CARTESIAN_POINT('',(-0.0363895705043786,0.0804440907871653,0.0275178));
#4214=CARTESIAN_POINT('',(-0.0363895705043786,0.0804440907871653,0.0272638));
#4215=CARTESIAN_POINT('',(-0.0382587471916334,0.0804440907871653,0.0275178));
#4216=CARTESIAN_POINT('',(-0.0382587471916334,0.0804440907871653,0.0272638));
#4217=CARTESIAN_POINT('',(-0.0339676849022758,0.081852367021907,0.0272638));
#4218=CARTESIAN_POINT('',(-0.0349480681250645,0.0809135161987459,0.0272638));
#4219=CARTESIAN_POINT('',(-0.0363672739386555,0.0804440907871653,0.0272638));
#4220=CARTESIAN_POINT('',(-0.0382253023430488,0.0804440907871653,0.0272638));
#4221=CARTESIAN_POINT('',(-0.0382253023430488,0.0804440907871653,0.0275178));
#4222=CARTESIAN_POINT('',(-0.0363672739386555,0.0804440907871653,0.0275178));
#4223=CARTESIAN_POINT('',(-0.0349480681250645,0.0809135161987459,0.0275178));
#4224=CARTESIAN_POINT('',(-0.0339676849022758,0.081852367021907,0.0275178));
#4225=CARTESIAN_POINT('',(-0.0204308550183854,0.0857591449816152,0.0275178));
#4226=CARTESIAN_POINT('',(-0.0204308425183855,0.0857591449816152,0.0272638));
#4227=CARTESIAN_POINT('',(0.010685521312558,0.0957863343514292,0.0272638));
#4228=CARTESIAN_POINT('',(0.010685521312558,0.0957863343514292,0.0299308));
#4229=CARTESIAN_POINT('',(0.0107827242706425,0.100077833663434,0.0299308));
#4230=CARTESIAN_POINT('',(0.0107827242706425,0.100077833663434,0.0272638));
#4231=CARTESIAN_POINT('',(0.0107827242706425,0.100077833663434,0.0282798));
#4232=CARTESIAN_POINT('',(0.010685521312558,0.0957863343514292,0.0282798));
#4233=CARTESIAN_POINT('',(-0.0515472313493289,0.0757319556118012,0.0272638));
#4234=CARTESIAN_POINT('',(-0.0516444343074163,0.0714404562997962,0.0272638));
#4235=CARTESIAN_POINT('',(-0.0516444343074163,0.0714404562997962,0.0282798));
#4236=CARTESIAN_POINT('',(-0.0515472313493289,0.0757319556118012,0.0282798));
#4237=CARTESIAN_POINT('',(-0.0204308550183854,-0.282365266406437,0.0324962));
#4238=CARTESIAN_POINT('',(-0.0180036933517784,0.0729041505636178,0.0324962));
#4239=CARTESIAN_POINT('',(-0.0180036933517784,0.0724364701129267,0.0324962));
#4240=CARTESIAN_POINT('',(-0.0181450980891677,0.0719804010137441,0.0324962));
#4241=CARTESIAN_POINT('',(-0.0184072634881338,0.0715932056681927,0.0324962));
#4242=CARTESIAN_POINT('',(-0.0180036933517784,0.0729041505636178,0.0324962));
#4243=CARTESIAN_POINT('',(-0.0184072634881338,0.0715932056681927,0.0324962));
#4244=CARTESIAN_POINT('',(-0.0204308550183854,0.0729633556118012,0.0324962));
#4245=CARTESIAN_POINT('',(-0.00429696111503246,-0.282365266406437,0.0324962));
#4246=CARTESIAN_POINT('',(-0.0204308550183854,0.098554934351429,0.0324962));
#4247=CARTESIAN_POINT('',(-0.0184072634881338,0.0999250842950375,0.0324962));
#4248=CARTESIAN_POINT('',(-0.0184072634881338,0.0999250842950375,0.0324962));
#4249=CARTESIAN_POINT('',(-0.0181451538497683,0.0995379713030121,0.0324962));
#4250=CARTESIAN_POINT('',(-0.0180036933517784,0.0990817171289463,0.0324962));
#4251=CARTESIAN_POINT('',(-0.0180036933517784,0.0986141393996124,0.0324962));
#4252=CARTESIAN_POINT('',(-0.0180036933517784,0.0986141393996124,0.0324962));
#4253=CARTESIAN_POINT('',(-0.0180036933517784,0.0729633556118012,0.0324962));
#4254=CARTESIAN_POINT('',(-0.0204308425183855,0.0857591449816152,0.0350108));
#4255=CARTESIAN_POINT('',(-0.0204308425183855,0.0747159556118012,0.0350108));
#4256=CARTESIAN_POINT('',(-0.000741496636866339,0.0747159556118012,0.0350108));
#4257=CARTESIAN_POINT('',(-0.000741496636866339,0.0747159556118012,0.0350108));
#4258=CARTESIAN_POINT('',(-0.000741496636866339,0.0694396449816152,0.0350108));
#4259=CARTESIAN_POINT('',(0.00334354498161473,0.0694396449816152,0.0350108));
#4260=CARTESIAN_POINT('',(-0.0006196658267968,0.0684494303014513,0.0350108));
#4261=CARTESIAN_POINT('',(-0.00940787552641653,0.0570289148579962,0.0350108));
#4262=CARTESIAN_POINT('',(0.000918865047829885,0.0670797472529343,0.0350108));
#4263=CARTESIAN_POINT('',(0.00334354498161473,0.0694396449816152,0.0350108));
#4264=CARTESIAN_POINT('',(0.00661891064145171,0.0685910167558928,0.0350108));
#4265=CARTESIAN_POINT('',(0.0102992889909607,0.0676374520937761,0.0350108));
#4266=CARTESIAN_POINT('',(0.00334354498161473,0.0694396449816152,0.0350108));
#4267=CARTESIAN_POINT('',(0.00448654498161473,0.0694396449816152,0.0350108));
#4268=CARTESIAN_POINT('',(-0.0204308425183855,0.0857591449816152,0.0350108));
#4269=CARTESIAN_POINT('',(0.00334354498161474,0.102078644981615,0.0350108));
#4270=CARTESIAN_POINT('',(-0.000619665826786762,0.103068859661776,0.0350108000000109));
#4271=CARTESIAN_POINT('',(-0.000741496636866336,0.102078644981615,0.0350108));
#4272=CARTESIAN_POINT('',(-0.000741496636866336,0.102078644981615,0.0350108));
#4273=CARTESIAN_POINT('',(-0.000741496636866339,0.0968023343514293,0.0350108));
#4274=CARTESIAN_POINT('',(-0.0204308425183855,0.0968023343514293,0.0350108));
#4275=CARTESIAN_POINT('',(0.0102992889909607,0.103880837869454,0.0350108));
#4276=CARTESIAN_POINT('',(0.00661891064145173,0.102927273207337,0.0350108));
#4277=CARTESIAN_POINT('',(0.00334354498161474,0.102078644981615,0.0350108));
#4278=CARTESIAN_POINT('',(0.000918865047829894,0.104438542710296,0.0350108));
#4279=CARTESIAN_POINT('',(-0.00940787552641652,0.114489375105234,0.0350108));
#4280=CARTESIAN_POINT('',(0.00334354498161474,0.102078644981615,0.0350108));
#4281=CARTESIAN_POINT('',(0.00448654498161474,0.102078644981615,0.0350108));
#4282=CARTESIAN_POINT('',(-0.0204308425183855,0.0857591449816152,0.0350108));
#4283=CARTESIAN_POINT('',(-0.0442052550183854,0.0694396449816152,0.0350108));
#4284=CARTESIAN_POINT('',(-0.0402420442099839,0.068449430301454,0.0350108000000109));
#4285=CARTESIAN_POINT('',(-0.0401202133999044,0.0694396449816152,0.0350108));
#4286=CARTESIAN_POINT('',(-0.0401202133999044,0.0694396449816152,0.0350108));
#4287=CARTESIAN_POINT('',(-0.0401202133999044,0.0747159556118012,0.0350108));
#4288=CARTESIAN_POINT('',(-0.0204308425183855,0.0747159556118012,0.0350108));
#4289=CARTESIAN_POINT('',(-0.0522224733090999,0.0747159556118012,0.0350108));
#4290=CARTESIAN_POINT('',(-0.0204308550183858,0.0857591449816125,0.0350108));
#4291=CARTESIAN_POINT('',(-0.0508826248920293,0.0714291506842424,0.0350108));
#4292=CARTESIAN_POINT('',(-0.0511609990277313,0.0676374520937761,0.0350108));
#4293=CARTESIAN_POINT('',(-0.0474806206782224,0.0685910167558928,0.0350108));
#4294=CARTESIAN_POINT('',(-0.0442052550183854,0.0694396449816152,0.0350108));
#4295=CARTESIAN_POINT('',(-0.0417805750846005,0.0670797472529343,0.0350108));
#4296=CARTESIAN_POINT('',(-0.0314538345103541,0.0570289148579962,0.0350108));
#4297=CARTESIAN_POINT('',(-0.0442052550183854,0.0694396449816152,0.0350108));
#4298=CARTESIAN_POINT('',(-0.0430622550183854,0.0694396449816152,0.0350108));
#4299=CARTESIAN_POINT('',(-0.0204308425183855,0.0857591449816152,0.0350108));
#4300=CARTESIAN_POINT('',(-0.0204308550183858,0.0857591449816125,0.0350108));
#4301=CARTESIAN_POINT('',(-0.0508826248920267,0.100089139278988,0.0350108));
#4302=CARTESIAN_POINT('',(-0.052222473309098,0.0968023343514293,0.0350108));
#4303=CARTESIAN_POINT('',(-0.0204308425183855,0.0968023343514293,0.0350108));
#4304=CARTESIAN_POINT('',(-0.0401202133999044,0.0968023343514293,0.0350108));
#4305=CARTESIAN_POINT('',(-0.0401202133999044,0.0968023343514293,0.0350108));
#4306=CARTESIAN_POINT('',(-0.0401202133999044,0.102078644981615,0.0350108));
#4307=CARTESIAN_POINT('',(-0.0442052550183854,0.102078644981615,0.0350108));
#4308=CARTESIAN_POINT('',(-0.0402420442099738,0.103068859661779,0.0350108));
#4309=CARTESIAN_POINT('',(-0.0314538345103541,0.114489375105234,0.0350108));
#4310=CARTESIAN_POINT('',(-0.0417805750846005,0.104438542710296,0.0350108));
#4311=CARTESIAN_POINT('',(-0.0442052550183854,0.102078644981615,0.0350108));
#4312=CARTESIAN_POINT('',(-0.0474806206782224,0.102927273207337,0.0350108));
#4313=CARTESIAN_POINT('',(-0.0511609990277313,0.103880837869454,0.0350108));
#4314=CARTESIAN_POINT('',(-0.0442052550183854,0.102078644981615,0.0350108));
#4315=CARTESIAN_POINT('',(-0.0430622550183854,0.102078644981615,0.0350108));
#4316=CARTESIAN_POINT('',(-0.0442052550183854,0.0694396449816152,0.0331058));
#4317=CARTESIAN_POINT('',(-0.0417805750846005,0.0670797472529343,0.0331058));
#4318=CARTESIAN_POINT('',(-0.0417805750846005,0.0670797472529343,0.0318358));
#4319=CARTESIAN_POINT('',(-0.0474806206782224,0.0685910167558928,0.0331058));
#4320=CARTESIAN_POINT('',(-0.0474806206782224,0.0685910167558928,0.0318358));
#4321=CARTESIAN_POINT('',(-0.0442052550183854,0.0694396449816152,0.0318358));
#4322=CARTESIAN_POINT('',(-0.0442052550183854,0.0694396449816152,0.0331058));
#4323=CARTESIAN_POINT('',(-0.0442052550183854,0.0694396449816152,0.0318358));
#4324=CARTESIAN_POINT('',(-0.0430622550183854,0.0694396449816152,0.0318358));
#4325=CARTESIAN_POINT('',(0.00334354498161473,0.0694396449816152,0.0331058));
#4326=CARTESIAN_POINT('',(0.00334354498161473,0.0694396449816152,0.0318358));
#4327=CARTESIAN_POINT('',(0.00448654498161473,0.0694396449816152,0.0318358));
#4328=CARTESIAN_POINT('',(0.00334354498161473,0.0694396449816152,0.0331058));
#4329=CARTESIAN_POINT('',(0.000918865047829885,0.0670797472529343,0.0331058));
#4330=CARTESIAN_POINT('',(0.000918865047829884,0.0670797472529343,0.0318358));
#4331=CARTESIAN_POINT('',(0.00334354498161473,0.0694396449816152,0.0318358));
#4332=CARTESIAN_POINT('',(0.00661891064145172,0.0685910167558928,0.0318358));
#4333=CARTESIAN_POINT('',(0.00661891064145172,0.0685910167558928,0.0331058));
#4334=CARTESIAN_POINT('',(-0.0442052550183854,0.102078644981615,0.0331058));
#4335=CARTESIAN_POINT('',(-0.0417805750846005,0.104438542710296,0.0331058));
#4336=CARTESIAN_POINT('',(-0.0417805750846005,0.104438542710296,0.0318358));
#4337=CARTESIAN_POINT('',(-0.0442052550183854,0.102078644981615,0.0318358));
#4338=CARTESIAN_POINT('',(-0.0474806206782224,0.102927273207337,0.0318358));
#4339=CARTESIAN_POINT('',(-0.0474806206782224,0.102927273207337,0.0331058));
#4340=CARTESIAN_POINT('',(-0.0442052550183854,0.102078644981615,0.0331058));
#4341=CARTESIAN_POINT('',(-0.0442052550183854,0.102078644981615,0.0318358));
#4342=CARTESIAN_POINT('',(-0.0430622550183854,0.102078644981615,0.0318358));
#4343=CARTESIAN_POINT('',(0.00334354498161474,0.102078644981615,0.0331058));
#4344=CARTESIAN_POINT('',(0.00334354498161474,0.102078644981615,0.0318358));
#4345=CARTESIAN_POINT('',(0.00448654498161474,0.102078644981615,0.0318358));
#4346=CARTESIAN_POINT('',(0.00334354498161474,0.102078644981615,0.0331058));
#4347=CARTESIAN_POINT('',(0.000918865047829895,0.104438542710296,0.0331058));
#4348=CARTESIAN_POINT('',(0.000918865047829894,0.104438542710296,0.0318358));
#4349=CARTESIAN_POINT('',(0.00661891064145173,0.102927273207337,0.0331058));
#4350=CARTESIAN_POINT('',(0.00661891064145173,0.102927273207337,0.0318358));
#4351=CARTESIAN_POINT('',(0.00334354498161474,0.102078644981615,0.0318358));
#4352=CARTESIAN_POINT('',(-0.0204308550183858,0.0857591449816125,0.0299308));
#4353=CARTESIAN_POINT('',(-0.0508826248920267,0.100089139278988,0.0350108));
#4354=CARTESIAN_POINT('',(-0.0508826248920267,0.100089139278988,0.0318358));
#4355=CARTESIAN_POINT('',(-0.0204308550183858,0.0857591449816125,0.0318358));
#4356=CARTESIAN_POINT('',(-0.0204308550183858,0.0857591449816125,0.0318358));
#4357=CARTESIAN_POINT('',(-0.0508826248920293,0.0714291506842424,0.0318358));
#4358=CARTESIAN_POINT('',(-0.0508826248920293,0.0714291506842424,0.0331058));
#4359=CARTESIAN_POINT('',(-0.0522224733090999,0.0747159556118012,0.0350108));
#4360=CARTESIAN_POINT('',(-0.0523778686304509,0.0751633144838729,0.0350108));
#4361=CARTESIAN_POINT('',(-0.0525159310118334,0.075599451786055,0.0346843900448947));
#4362=CARTESIAN_POINT('',(-0.052549251197027,0.0757059041155124,0.0342234));
#4363=CARTESIAN_POINT('',(-0.0525492511970253,0.0958123858477181,0.0342234));
#4364=CARTESIAN_POINT('',(-0.0525159367730945,0.0959188197709201,0.0346843103369112));
#4365=CARTESIAN_POINT('',(-0.0523778536630079,0.0963550185682842,0.0350108));
#4366=CARTESIAN_POINT('',(-0.052222473309098,0.0968023343514293,0.0350108));
#4367=CARTESIAN_POINT('',(-0.0204308550183854,0.0884507590022493,0.0299308));
#4368=CARTESIAN_POINT('',(0.0107597176533463,0.0724561957819275,0.0299308));
#4369=CARTESIAN_POINT('',(0.0116942666472558,0.0720576055437347,0.0299308));
#4370=CARTESIAN_POINT('',(-0.0204308550183843,0.085759144981613,0.0299308));
#4371=CARTESIAN_POINT('',(0.0116942666472539,0.0994606844194958,0.0299308));
#4372=CARTESIAN_POINT('',(0.0107597176533444,0.0990620941813029,0.0299308));
#4373=CARTESIAN_POINT('',(-0.0204308550183843,0.085759144981613,0.0096108));
#4374=CARTESIAN_POINT('',(0.0116942666472558,0.0720576055437347,0.0096108));
#4375=CARTESIAN_POINT('',(0.0116942666472559,0.0720576055437347,0.0282798));
#4376=CARTESIAN_POINT('',(-0.0204308550183843,0.085759144981613,0.0282798));
#4377=CARTESIAN_POINT('',(0.0116942666472539,0.0994606844194958,0.0282798));
#4378=CARTESIAN_POINT('',(0.0116942666472539,0.0994606844194958,0.0096108));
#4379=CARTESIAN_POINT('',(-0.0204308550183854,0.0857591449816125,0.0096108));
#4380=CARTESIAN_POINT('',(-0.0204308550183854,0.0857591449816125,0.0282798));
#4381=CARTESIAN_POINT('',(-0.0525559766840247,0.0994606844194959,0.0282798));
#4382=CARTESIAN_POINT('',(-0.0525559766840271,0.0720576055437348,0.0282798));
#4383=CARTESIAN_POINT('',(-0.0525559766840271,0.0720576055437347,0.0096108));
#4384=CARTESIAN_POINT('',(-0.0525559766840247,0.0994606844194959,0.0096108));
#4385=CARTESIAN_POINT('',(-0.0204308425183855,0.0968023343514293,0.0339948));
#4386=CARTESIAN_POINT('',(-0.0382817376072979,0.0958123858477181,0.0342234));
#4387=CARTESIAN_POINT('',(-0.038493871245729,0.0958123858477181,0.0342234));
#4388=CARTESIAN_POINT('',(-0.0389095898278845,0.0958225841617601,0.0342758015432095));
#4389=CARTESIAN_POINT('',(-0.039502083823485,0.0959036381982886,0.0345050264438274));
#4390=CARTESIAN_POINT('',(-0.0399857415923231,0.096180151208058,0.0348596368811056));
#4391=CARTESIAN_POINT('',(-0.0401202133999044,0.0965879398630604,0.0350108));
#4392=CARTESIAN_POINT('',(-0.0401202133999044,0.0968023343514293,0.0350108));
#4393=CARTESIAN_POINT('',(-0.298056556316179,0.0747159556118012,0.0339948));
#4394=CARTESIAN_POINT('',(-0.0401202133999044,0.0747159556118012,0.0350108));
#4395=CARTESIAN_POINT('',(-0.0401202133999044,0.0749301193189572,0.0350108));
#4396=CARTESIAN_POINT('',(-0.0399858464386846,0.0753381210040892,0.0348596858922576));
#4397=CARTESIAN_POINT('',(-0.0395021811310139,0.0756144647366596,0.0345052545424215));
#4398=CARTESIAN_POINT('',(-0.0389117815487778,0.0756955862409302,0.0342762835760837));
#4399=CARTESIAN_POINT('',(-0.0384937363525267,0.0757059041155124,0.0342234));
#4400=CARTESIAN_POINT('',(-0.0382817376072979,0.0757059041155124,0.0342234));
#4401=CARTESIAN_POINT('',(-0.298056556316179,0.0747159556118012,0.0339948));
#4402=CARTESIAN_POINT('',(-0.00257997242947281,0.0757059041155124,0.0342234));
#4403=CARTESIAN_POINT('',(-0.00236783879104175,0.0757059041155124,0.0342234));
#4404=CARTESIAN_POINT('',(-0.00195212020888632,0.0756957058014704,0.0342758015432095));
#4405=CARTESIAN_POINT('',(-0.00135962621328572,0.075614651764942,0.0345050264438274));
#4406=CARTESIAN_POINT('',(-0.000875968444447624,0.0753381387551725,0.0348596368811055));
#4407=CARTESIAN_POINT('',(-0.000741496636866339,0.0749303501001701,0.0350108));
#4408=CARTESIAN_POINT('',(-0.000741496636866339,0.0747159556118012,0.0350108));
#4409=CARTESIAN_POINT('',(-0.0204308425183855,0.0968023343514293,0.0339948));
#4410=CARTESIAN_POINT('',(-0.000741496636866339,0.0968023343514293,0.0350108));
#4411=CARTESIAN_POINT('',(-0.000741496636866339,0.0965881706442733,0.0350108));
#4412=CARTESIAN_POINT('',(-0.000875863598086131,0.0961801689591413,0.0348596858922576));
#4413=CARTESIAN_POINT('',(-0.00135952890575687,0.0959038252265708,0.0345052545424214));
#4414=CARTESIAN_POINT('',(-0.00194992848799306,0.0958227037223003,0.0342762835760836));
#4415=CARTESIAN_POINT('',(-0.00236797368424407,0.0958123858477181,0.0342234));
#4416=CARTESIAN_POINT('',(-0.00257997242947281,0.0958123858477181,0.0342234));
#4417=CARTESIAN_POINT('',(-0.0516214276901152,0.0990620941813029,0.0096108));
#4418=CARTESIAN_POINT('',(-0.0516214276901152,0.0990620941813029,0.0282798));
#4419=CARTESIAN_POINT('',(-0.0516214276901152,0.0990620941813029,0.0282798));
#4420=CARTESIAN_POINT('',(-0.0516214276901152,0.0990620941813029,0.0282798));
#4421=CARTESIAN_POINT('',(-0.0516214276901152,0.0990620941813029,0.0282798));
#4422=CARTESIAN_POINT('',(-0.0515472313493288,0.0957863343514292,0.0282798));
#4423=CARTESIAN_POINT('',(-0.0515472313493288,0.0990629343514293,0.0282798));
#4424=CARTESIAN_POINT('',(-0.0204308550183854,0.0857591449816125,0.0282798));
#4425=CARTESIAN_POINT('',(-0.0516214276901175,0.0724561957819276,0.0282798));
#4426=CARTESIAN_POINT('',(-0.0516214276901175,0.0724561957819275,0.0272638));
#4427=CARTESIAN_POINT('',(-0.0516214276901175,0.0724561957819276,0.0282798));
#4428=CARTESIAN_POINT('',(-0.00866507476521749,0.0990629343514293,0.0282798));
#4429=CARTESIAN_POINT('',(0.010685521312558,0.0990629343514292,0.0282798));
#4430=CARTESIAN_POINT('',(-0.0516214276901175,0.0724561957819276,0.0282798));
#4431=CARTESIAN_POINT('',(-0.0516214276901175,0.0724561957819276,0.0282798));
#4432=CARTESIAN_POINT('',(0.0107597176533444,0.0990620941813029,0.0272638));
#4433=CARTESIAN_POINT('',(0.0107597176533444,0.0990620941813029,0.0282798));
#4434=CARTESIAN_POINT('',(0.010685521312558,0.0957863343514292,0.0282798));
#4435=CARTESIAN_POINT('',(0.0107597176533444,0.0990620941813029,0.0282798));
#4436=CARTESIAN_POINT('',(-0.0515472313493289,0.0757319556118012,0.0282798));
#4437=CARTESIAN_POINT('',(-0.0515472313493289,0.0724553556118012,0.0282798));
#4438=CARTESIAN_POINT('',(0.0107597176533444,0.0990620941813029,0.0282798));
#4439=CARTESIAN_POINT('',(0.0107597176533444,0.0990620941813029,0.0282798));
#4440=CARTESIAN_POINT('',(-0.0204308425183855,0.0724553556118012,0.0282798));
#4441=CARTESIAN_POINT('',(0.010685521312558,0.0724553556118012,0.0282798));
#4442=CARTESIAN_POINT('',(-0.0204308550183843,0.085759144981613,0.0282798));
#4443=CARTESIAN_POINT('',(0.0107597176533463,0.0724561957819275,0.0282798));
#4444=CARTESIAN_POINT('',(0.010685521312558,0.0757319556118012,0.0282798));
#4445=CARTESIAN_POINT('',(0.0107597176533463,0.0724561957819275,0.0282798));
#4446=CARTESIAN_POINT('',(0.0107597176533463,0.0724561957819275,0.0282798));
#4447=CARTESIAN_POINT('',(0.0107597176533463,0.0724561957819275,0.0282798));
#4448=CARTESIAN_POINT('',(0.0107597176533463,0.0724561957819275,0.0096108));
#4449=CARTESIAN_POINT('',(0.01905,0.0832191449816125,0.033944));
#4450=CARTESIAN_POINT('',(0.00635,0.0832191449816125,0.0316199));
#4451=CARTESIAN_POINT('',(0.00635,0.0832191449816125,0.0332074));
#4452=CARTESIAN_POINT('',(0.00635,0.0832191449816125,0.032928));
#4453=CARTESIAN_POINT('',(0.01905,0.0832191449816125,0.0332074));
#4454=CARTESIAN_POINT('',(0.01905,0.0832191449816125,0.032928));
#4455=CARTESIAN_POINT('',(0.01905,0.0852540146866986,0.032928));
#4456=CARTESIAN_POINT('',(0.01905,0.0872888843917847,0.032928));
#4457=CARTESIAN_POINT('',(0.00635,0.0872888843917847,0.032928));
#4458=CARTESIAN_POINT('',(0.00635,0.0857591449816125,0.032928));
#4459=CARTESIAN_POINT('',(0.01905,0.0872888843917847,0.033944));
#4460=CARTESIAN_POINT('',(0.01905,0.0872888843917847,0.0332074));
#4461=CARTESIAN_POINT('',(0.00635,0.0872888843917847,0.0332074));
#4462=CARTESIAN_POINT('',(0.00635,0.0872888843917847,0.033944));
#4463=CARTESIAN_POINT('',(0.00635,0.0857591449816125,0.0316199));
#4464=CARTESIAN_POINT('',(0.00635,0.0857591449816125,0.0332074));
#4465=CARTESIAN_POINT('',(0.01905,0.0883048843917847,0.0332074));
#4466=CARTESIAN_POINT('',(0.005334,0.0883048843917847,0.0332074));
#4467=CARTESIAN_POINT('',(0.005334,0.0857591449816152,0.0332074));
#4468=CARTESIAN_POINT('',(0.005334,0.0822031449816125,0.0332074));
#4469=CARTESIAN_POINT('',(-0.298056556316179,0.0822031449816125,0.0332074));
#4470=CARTESIAN_POINT('',(0.0102992889909607,0.0676374520937761,0.0331058));
#4471=CARTESIAN_POINT('',(0.0102992889909607,0.0676374520937761,0.0318358));
#4472=CARTESIAN_POINT('',(-0.0511609990277313,0.0676374520937761,0.0331058));
#4473=CARTESIAN_POINT('',(-0.0511609990277313,0.0676374520937761,0.0318358));
#4474=CARTESIAN_POINT('',(-0.0511609990277313,0.103880837869454,0.0331058));
#4475=CARTESIAN_POINT('',(-0.0511609990277313,0.103880837869454,0.0318358));
#4476=CARTESIAN_POINT('',(0.0102992889909607,0.103880837869454,0.0331058));
#4477=CARTESIAN_POINT('',(0.0102992889909607,0.103880837869454,0.0318358));
#4478=CARTESIAN_POINT('',(-0.00257997242947282,0.0857591449816151,0.0342254));
#4479=CARTESIAN_POINT('',(-0.00257997242947282,0.0857591449816151,0.0342131886855597));
#4480=CARTESIAN_POINT('',(-0.00257997242947282,0.0857591449816151,0.0318358));
#4481=CARTESIAN_POINT('',(-0.00257997242947281,0.0711974765789112,0.0318358));
#4482=CARTESIAN_POINT('',(-0.00257997242947281,0.0711974765789112,0.0342254));
#4483=CARTESIAN_POINT('',(-0.00257997242947281,0.0711974765789112,0.0342234));
#4484=CARTESIAN_POINT('',(-0.00257997242947282,0.0857591449816151,0.0342234));
#4485=CARTESIAN_POINT('',(-0.00257997242947282,0.0857591449816151,0.0342234));
#4486=CARTESIAN_POINT('',(-0.00257997242947282,0.100320813384319,0.0342234));
#4487=CARTESIAN_POINT('',(-0.00257997242947282,0.100320813384319,0.0342254));
#4488=CARTESIAN_POINT('',(-0.00257997242947282,0.100320813384319,0.0318358));
#4489=CARTESIAN_POINT('',(-0.00257997242947282,0.0857591449816151,0.0318358));
#4490=CARTESIAN_POINT('',(-0.038281737607298,0.0857591449816151,0.0342254));
#4491=CARTESIAN_POINT('',(-0.038281737607298,0.0711974765789111,0.0331058));
#4492=CARTESIAN_POINT('',(-0.038281737607298,0.0711974765789111,0.0342234));
#4493=CARTESIAN_POINT('',(-0.038281737607298,0.0711974765789111,0.0318358));
#4494=CARTESIAN_POINT('',(-0.038281737607298,0.0857591449816152,0.0318358));
#4495=CARTESIAN_POINT('',(-0.038281737607298,0.100078934351429,0.0342131886855597));
#4496=CARTESIAN_POINT('',(-0.038281737607298,0.0857591449816152,0.0318358));
#4497=CARTESIAN_POINT('',(-0.038281737607298,0.100320813384319,0.0318358));
#4498=CARTESIAN_POINT('',(-0.038281737607298,0.100320813384319,0.0342234));
#4499=CARTESIAN_POINT('',(-0.038281737607298,0.100320813384319,0.0342234));
#4500=CARTESIAN_POINT('',(-0.038281737607298,0.0857591449816151,0.0342234));
#4501=CARTESIAN_POINT('',(-0.038281737607298,0.0857591449816151,0.0342234));
#4502=CARTESIAN_POINT('',(-0.00940787552641653,0.0570289148579962,0.0331058));
#4503=CARTESIAN_POINT('',(-0.00141407695611422,0.0690189101514213,0.0344972935986174));
#4504=CARTESIAN_POINT('',(-0.00112958550198358,0.0688292380686858,0.034632312116642));
#4505=CARTESIAN_POINT('',(-0.000863130228045863,0.0686367787817612,0.0348106613518408));
#4506=CARTESIAN_POINT('',(-0.000619665826794317,0.0684494303014598,0.0350108000000047));
#4507=CARTESIAN_POINT('',(-0.00141407695611423,0.0690189101514213,0.0344972935986174));
#4508=CARTESIAN_POINT('',(-0.00141407695611435,0.0690189101514214,0.0331058));
#4509=CARTESIAN_POINT('',(-0.00141407695611435,0.0690189101514214,0.0318358));
#4510=CARTESIAN_POINT('',(-0.00940787552641653,0.0570289148579962,0.0318358));
#4511=CARTESIAN_POINT('',(-0.00940787552641652,0.114489375105234,0.0331058));
#4512=CARTESIAN_POINT('',(-0.00940787552641652,0.114489375105234,0.0318358));
#4513=CARTESIAN_POINT('',(-0.00141407695611437,0.102499379811809,0.0318358));
#4514=CARTESIAN_POINT('',(-0.00141407695611437,0.102499379811809,0.0331058));
#4515=CARTESIAN_POINT('',(-0.00141407695611425,0.102499379811809,0.0344972935986174));
#4516=CARTESIAN_POINT('',(-0.00141407695611418,0.102499379811809,0.0344972935986175));
#4517=CARTESIAN_POINT('',(-0.00112958550198062,0.102689051894546,0.0346323121166434));
#4518=CARTESIAN_POINT('',(-0.000863130228040406,0.102881511181473,0.0348106613518444));
#4519=CARTESIAN_POINT('',(-0.000619665826786762,0.103068859661776,0.0350108000000109));
#4520=CARTESIAN_POINT('',(-0.0314538345103541,0.114489375105234,0.0331058));
#4521=CARTESIAN_POINT('',(-0.0394476330806566,0.102499379811809,0.0344972935986175));
#4522=CARTESIAN_POINT('',(-0.0397321245347871,0.102689051894544,0.034632312116642));
#4523=CARTESIAN_POINT('',(-0.0399985798087248,0.102881511181469,0.0348106613518408));
#4524=CARTESIAN_POINT('',(-0.0402420442099762,0.10306885966177,0.0350108000000046));
#4525=CARTESIAN_POINT('',(-0.0394476330806566,0.102499379811809,0.0344972935986175));
#4526=CARTESIAN_POINT('',(-0.0394476330806564,0.102499379811809,0.0331058));
#4527=CARTESIAN_POINT('',(-0.0394476330806564,0.102499379811809,0.0318358));
#4528=CARTESIAN_POINT('',(-0.0314538345103541,0.114489375105234,0.0318358));
#4529=CARTESIAN_POINT('',(-0.0314538345103541,0.0570289148579962,0.0331058));
#4530=CARTESIAN_POINT('',(-0.0314538345103541,0.0570289148579962,0.0318358));
#4531=CARTESIAN_POINT('',(-0.0394476330806564,0.0690189101514214,0.0318358));
#4532=CARTESIAN_POINT('',(-0.0394476330806564,0.0690189101514214,0.0331058));
#4533=CARTESIAN_POINT('',(-0.0394476330806566,0.0690189101514213,0.0344972935986175));
#4534=CARTESIAN_POINT('',(-0.0394476330806565,0.0690189101514213,0.0344972935986175));
#4535=CARTESIAN_POINT('',(-0.0397321245347901,0.0688292380686838,0.0346323121166434));
#4536=CARTESIAN_POINT('',(-0.0399985798087303,0.0686367787817572,0.0348106613518444));
#4537=CARTESIAN_POINT('',(-0.0402420442099839,0.068449430301454,0.0350108000000109));
#4538=CARTESIAN_POINT('',(-0.0382817376072979,0.0857591449816152,0.0367634));
#4539=CARTESIAN_POINT('',(-0.0382817376072979,0.0694396449816152,0.0367634));
#4540=CARTESIAN_POINT('',(-0.0389595217345194,0.0694396449816152,0.0343155011710271));
#4541=CARTESIAN_POINT('',(-0.0389595217345194,0.0694396449816152,0.0343155011710271));
#4542=CARTESIAN_POINT('',(-0.0385303710545544,0.0699134097505976,0.0341966761952463));
#4543=CARTESIAN_POINT('',(-0.038281737607298,0.0705483973194652,0.0342234));
#4544=CARTESIAN_POINT('',(-0.038281737607298,0.0711974765789111,0.0342234));
#4545=CARTESIAN_POINT('',(-0.0442052550183854,0.0694396449816152,0.0367634));
#4546=CARTESIAN_POINT('',(-0.0394476330806564,0.0690189101514214,0.0344972935986175));
#4547=CARTESIAN_POINT('',(-0.0392728285189633,0.0691354533544125,0.0344143320455689));
#4548=CARTESIAN_POINT('',(-0.0391085261814369,0.0692751501767206,0.0343567581248729));
#4549=CARTESIAN_POINT('',(-0.0389595217345194,0.0694396449816152,0.0343155011710271));
#4550=CARTESIAN_POINT('',(-0.0382817376072979,0.0857591449816152,0.0367634));
#4551=CARTESIAN_POINT('',(-0.038281737607298,0.100320813384319,0.0342234));
#4552=CARTESIAN_POINT('',(-0.038281737607298,0.100970443431676,0.0342234));
#4553=CARTESIAN_POINT('',(-0.0385301384877593,0.101604623468419,0.0341966118012116));
#4554=CARTESIAN_POINT('',(-0.0389595217345194,0.102078644981615,0.0343155011710272));
#4555=CARTESIAN_POINT('',(-0.0389595217345194,0.102078644981615,0.0343155011710271));
#4556=CARTESIAN_POINT('',(-0.0382817376072979,0.102078644981615,0.0367634));
#4557=CARTESIAN_POINT('',(-0.0442052550183854,0.102078644981615,0.0367634));
#4558=CARTESIAN_POINT('',(-0.0389595217345194,0.102078644981615,0.0343155011710271));
#4559=CARTESIAN_POINT('',(-0.039108526181437,0.10224313978651,0.034356758124873));
#4560=CARTESIAN_POINT('',(-0.0392728285189633,0.102382836608818,0.0344143320455688));
#4561=CARTESIAN_POINT('',(-0.0394476330806564,0.102499379811809,0.0344972935986174));
#4562=CARTESIAN_POINT('',(-0.00257997242947281,-0.282365266406437,0.0367634));
#4563=CARTESIAN_POINT('',(-0.00257997242947281,0.102078644981615,0.0367634));
#4564=CARTESIAN_POINT('',(-0.00190218830225132,0.102078644981615,0.0343155011710271));
#4565=CARTESIAN_POINT('',(-0.00190218830225132,0.102078644981615,0.0343155011710272));
#4566=CARTESIAN_POINT('',(-0.00233133898221639,0.101604880212633,0.0341966761952463));
#4567=CARTESIAN_POINT('',(-0.00257997242947282,0.100969892643765,0.0342234));
#4568=CARTESIAN_POINT('',(-0.00257997242947282,0.100320813384319,0.0342234));
#4569=CARTESIAN_POINT('',(0.00334354498161474,0.102078644981615,0.0367634));
#4570=CARTESIAN_POINT('',(-0.00141407695611437,0.102499379811809,0.0344972935986174));
#4571=CARTESIAN_POINT('',(-0.00158888151780743,0.102382836608818,0.0344143320455689));
#4572=CARTESIAN_POINT('',(-0.00175318385533384,0.10224313978651,0.0343567581248729));
#4573=CARTESIAN_POINT('',(-0.00190218830225132,0.102078644981615,0.0343155011710271));
#4574=CARTESIAN_POINT('',(-0.00257997242947281,-0.282365266406437,0.0367634));
#4575=CARTESIAN_POINT('',(-0.00257997242947281,0.0711974765789112,0.0342234));
#4576=CARTESIAN_POINT('',(-0.00257997242947281,0.0705478465315543,0.0342234));
#4577=CARTESIAN_POINT('',(-0.00233157154901146,0.0699136664948115,0.0341966118012116));
#4578=CARTESIAN_POINT('',(-0.00190218830225134,0.0694396449816152,0.0343155011710271));
#4579=CARTESIAN_POINT('',(-0.00190218830225134,0.0694396449816152,0.0343155011710271));
#4580=CARTESIAN_POINT('',(-0.00257997242947281,0.0694396449816152,0.0367634));
#4581=CARTESIAN_POINT('',(0.00334354498161473,0.0694396449816152,0.0367634));
#4582=CARTESIAN_POINT('',(-0.00190218830225134,0.0694396449816152,0.0343155011710271));
#4583=CARTESIAN_POINT('',(-0.00175318385533378,0.0692751501767206,0.034356758124873));
#4584=CARTESIAN_POINT('',(-0.00158888151780752,0.0691354533544126,0.0344143320455688));
#4585=CARTESIAN_POINT('',(-0.00141407695611435,0.0690189101514214,0.0344972935986174));
#4586=CARTESIAN_POINT('',(3.838576527847E-5,0.100320813384319,0.0331058));
#4587=CARTESIAN_POINT('',(3.838576527847E-5,0.100320813384319,0.0318358));
#4588=CARTESIAN_POINT('',(-0.0409000958020493,0.100320813384319,0.0331058));
#4589=CARTESIAN_POINT('',(-0.0409000958020493,0.100320813384319,0.0318358));
#4590=CARTESIAN_POINT('',(3.83857652784788E-5,0.0711974765789112,0.0331058));
#4591=CARTESIAN_POINT('',(3.83857652784788E-5,0.0711974765789112,0.0318358));
#4592=CARTESIAN_POINT('',(-0.0409000958020493,0.0711974765789111,0.0331058));
#4593=CARTESIAN_POINT('',(-0.0409000958020493,0.0711974765789111,0.0318358));
#4594=CARTESIAN_POINT('',(-0.0365647489217382,-0.282365266406437,0.0342131886855597));
#4595=CARTESIAN_POINT('',(-0.00429696111503256,0.0857591449816151,0.0342131886855597));
#4596=CARTESIAN_POINT('',(-0.0204308550183854,0.0857591449816152,0.0318358));
#4597=CARTESIAN_POINT('',(-0.0204308550183854,0.0857591449816152,0.0318358));
#4598=CARTESIAN_POINT('',(-0.0204308550183854,0.0857591449816152,0.0318358));
#4599=CARTESIAN_POINT('',(-0.0204308550183854,0.0857591449816152,0.0318358));
#4600=CARTESIAN_POINT('',(-0.0204308550183854,0.0729633556118012,0.0272638));
#4601=CARTESIAN_POINT('',(-0.0204308550183854,0.0729633556118012,0.0331312));
#4602=CARTESIAN_POINT('',(-0.0216927971165546,0.0721089095100088,0.0334160153672641));
#4603=CARTESIAN_POINT('',(-0.0191689129202162,0.0721089095100087,0.0334160153672641));
#4604=CARTESIAN_POINT('',(-0.0204308550183854,0.0729633556118012,0.0334160153672641));
#4605=CARTESIAN_POINT('',(-0.0204308550183854,0.0729633556118012,0.0334160153672641));
#4606=CARTESIAN_POINT('',(-0.0189143720620084,0.0729129622226647,0.0332823801674096));
#4607=CARTESIAN_POINT('',(-0.0189093731198346,0.0728623196579896,0.0332322359538116));
#4608=CARTESIAN_POINT('',(-0.0189143720620084,0.0728121754443916,0.0331815933891365));
#4609=CARTESIAN_POINT('',(-0.0189329097020184,0.0728509787504334,0.0334683305841097));
#4610=CARTESIAN_POINT('',(-0.0189156519170512,0.0727366660270818,0.0333578895847146));
#4611=CARTESIAN_POINT('',(-0.018932909702019,0.0726262250276852,0.0332435768613657));
#4612=CARTESIAN_POINT('',(-0.0190391564582692,0.0727293329646215,0.0338332679415361));
#4613=CARTESIAN_POINT('',(-0.018952520540715,0.0724742826880215,0.033620272923782));
#4614=CARTESIAN_POINT('',(-0.0190391564582689,0.0722612876702681,0.0333652226471806));
#4615=CARTESIAN_POINT('',(-0.0193847420331493,0.0725781591093741,0.0342867895072822));
#4616=CARTESIAN_POINT('',(-0.0191186622110146,0.0720543198365003,0.0340402357753002));
#4617=CARTESIAN_POINT('',(-0.0193847420331494,0.0718077661045182,0.0335163965024269));
#4618=CARTESIAN_POINT('',(-0.01987029682116,0.0724785295304486,0.0345856782440574));
#4619=CARTESIAN_POINT('',(-0.019546824977,0.0716029918386033,0.0344915637731981));
#4620=CARTESIAN_POINT('',(-0.01987029682116,0.0715088773677439,0.0336160260813526));
#4621=CARTESIAN_POINT('',(-0.0204308550183854,0.0724437686524775,0.0346899608779713));
#4622=CARTESIAN_POINT('',(-0.0204308550183854,0.0713514288966341,0.034743126715167));
#4623=CARTESIAN_POINT('',(-0.0204308550183854,0.0714045947338299,0.0336507869593237));
#4624=CARTESIAN_POINT('',(-0.0209914132156108,0.0724785295304485,0.0345856782440573));
#4625=CARTESIAN_POINT('',(-0.0213148850597706,0.0716029918386032,0.0344915637731981));
#4626=CARTESIAN_POINT('',(-0.0209914132156108,0.0715088773677437,0.0336160260813526));
#4627=CARTESIAN_POINT('',(-0.0214769680036215,0.0725781591093744,0.0342867895072827));
#4628=CARTESIAN_POINT('',(-0.0217430478257566,0.0720543198365009,0.0340402357753003));
#4629=CARTESIAN_POINT('',(-0.0214769680036215,0.0718077661045192,0.033516396502427));
#4630=CARTESIAN_POINT('',(-0.0218225535785018,0.0727293329646204,0.0338332679415343));
#4631=CARTESIAN_POINT('',(-0.0219091894960547,0.0724742826880198,0.0336202729237816));
#4632=CARTESIAN_POINT('',(-0.0218225535785016,0.0722612876702647,0.0333652226471801));
#4633=CARTESIAN_POINT('',(-0.0219288003347521,0.0728509787504358,0.0334683305841134));
#4634=CARTESIAN_POINT('',(-0.021946058119722,0.0727366660270853,0.0333578895847156));
#4635=CARTESIAN_POINT('',(-0.0219288003347525,0.0726262250276924,0.0332435768613669));
#4636=CARTESIAN_POINT('',(-0.0219473379747624,0.0729129622226647,0.0332823801674096));
#4637=CARTESIAN_POINT('',(-0.0219523369169361,0.0728623196579896,0.0332322359538116));
#4638=CARTESIAN_POINT('',(-0.0219473379747624,0.0728121754443916,0.0331815933891365));
#4639=CARTESIAN_POINT('',(-0.0204308550183854,0.0729633556118012,0.0331312));
#4640=CARTESIAN_POINT('',(-0.0219444695203067,0.0729041505636178,0.0333088151445502));
#4641=CARTESIAN_POINT('',(-0.0189172405164641,0.0729041505636178,0.0333088151445502));
#4642=CARTESIAN_POINT('',(-0.0219444695203067,0.0729041505636178,0.0333088151445502));
#4643=CARTESIAN_POINT('',(-0.0219400257278318,0.0726204535479944,0.0333466845996048));
#4644=CARTESIAN_POINT('',(-0.0218521758382829,0.0723442979307406,0.0333827264175617));
#4645=CARTESIAN_POINT('',(-0.0216927971165546,0.0721089095100088,0.0334160153672642));
#4646=CARTESIAN_POINT('',(-0.0191689129202162,0.0721089095100087,0.0334160153672642));
#4647=CARTESIAN_POINT('',(-0.0190095016953214,0.0723443459350722,0.033382719628724));
#4648=CARTESIAN_POINT('',(-0.0189216852433227,0.0726203938958226,0.0333466925623083));
#4649=CARTESIAN_POINT('',(-0.0189172405164641,0.0729041505636178,0.0333088151445502));
#4650=CARTESIAN_POINT('',(-0.0204308550183854,0.0857591449816152,0.0331312));
#4651=CARTESIAN_POINT('',(-0.0204308550183854,0.098554934351429,0.0331312));
#4652=CARTESIAN_POINT('',(-0.0219444695203067,0.0986141393996124,0.0333088151445502));
#4653=CARTESIAN_POINT('',(-0.0189172405164641,0.0986141393996124,0.0333088151445502));
#4654=CARTESIAN_POINT('',(-0.0219444695203067,0.0857591449816152,0.0333088151445502));
#4655=CARTESIAN_POINT('',(-0.0189172405164641,0.0857591449816152,0.0333088151445502));
#4656=CARTESIAN_POINT('',(-0.0189143720620084,0.0987061145188386,0.0331815933891365));
#4657=CARTESIAN_POINT('',(-0.0189093731198346,0.0986559703052406,0.0332322359538116));
#4658=CARTESIAN_POINT('',(-0.0189143720620084,0.0986053277405655,0.0332823801674096));
#4659=CARTESIAN_POINT('',(-0.018932909702019,0.098892064935545,0.0332435768613657));
#4660=CARTESIAN_POINT('',(-0.0189156519170512,0.098781623936148,0.0333578895847146));
#4661=CARTESIAN_POINT('',(-0.0189329097020184,0.0986673112127968,0.0334683305841097));
#4662=CARTESIAN_POINT('',(-0.0190391564582689,0.0992570022929621,0.0333652226471806));
#4663=CARTESIAN_POINT('',(-0.018952520540715,0.0990440072752088,0.0336202729237821));
#4664=CARTESIAN_POINT('',(-0.0190391564582692,0.0987889569986086,0.0338332679415361));
#4665=CARTESIAN_POINT('',(-0.0193847420331494,0.099710523858712,0.0335163965024269));
#4666=CARTESIAN_POINT('',(-0.0191186622110146,0.0994639701267299,0.0340402357753002));
#4667=CARTESIAN_POINT('',(-0.0193847420331493,0.0989401308538561,0.0342867895072822));
#4668=CARTESIAN_POINT('',(-0.01987029682116,0.100009412595486,0.0336160260813526));
#4669=CARTESIAN_POINT('',(-0.019546824977,0.0999152981246269,0.0344915637731981));
#4670=CARTESIAN_POINT('',(-0.01987029682116,0.0990397604327816,0.0345856782440574));
#4671=CARTESIAN_POINT('',(-0.0204308550183854,0.1001136952294,0.0336507869593237));
#4672=CARTESIAN_POINT('',(-0.0204308550183854,0.100166861066596,0.034743126715167));
#4673=CARTESIAN_POINT('',(-0.0204308550183854,0.0990745213107527,0.0346899608779713));
#4674=CARTESIAN_POINT('',(-0.0209914132156108,0.100009412595486,0.0336160260813526));
#4675=CARTESIAN_POINT('',(-0.0213148850597707,0.099915298124627,0.0344915637731981));
#4676=CARTESIAN_POINT('',(-0.0209914132156108,0.0990397604327816,0.0345856782440573));
#4677=CARTESIAN_POINT('',(-0.0214769680036215,0.099710523858711,0.033516396502427));
#4678=CARTESIAN_POINT('',(-0.0217430478257566,0.0994639701267294,0.0340402357753003));
#4679=CARTESIAN_POINT('',(-0.0214769680036215,0.0989401308538558,0.0342867895072827));
#4680=CARTESIAN_POINT('',(-0.0218225535785016,0.0992570022929655,0.0333652226471801));
#4681=CARTESIAN_POINT('',(-0.0219091894960547,0.0990440072752103,0.0336202729237816));
#4682=CARTESIAN_POINT('',(-0.0218225535785018,0.0987889569986098,0.0338332679415343));
#4683=CARTESIAN_POINT('',(-0.0219288003347525,0.0988920649355377,0.0332435768613669));
#4684=CARTESIAN_POINT('',(-0.021946058119722,0.0987816239361449,0.0333578895847156));
#4685=CARTESIAN_POINT('',(-0.0219288003347521,0.0986673112127944,0.0334683305841134));
#4686=CARTESIAN_POINT('',(-0.0219473379747624,0.0987061145188386,0.0331815933891365));
#4687=CARTESIAN_POINT('',(-0.0219523369169361,0.0986559703052406,0.0332322359538116));
#4688=CARTESIAN_POINT('',(-0.0219473379747624,0.0986053277405655,0.0332823801674096));
#4689=CARTESIAN_POINT('',(-0.0189172405164641,0.0986141393996124,0.0333088151445502));
#4690=CARTESIAN_POINT('',(-0.018921684308939,0.0988978364152358,0.0333466845996048));
#4691=CARTESIAN_POINT('',(-0.0190095341984879,0.0991739920324896,0.0333827264175617));
#4692=CARTESIAN_POINT('',(-0.0191689129202162,0.0994093804532214,0.0334160153672641));
#4693=CARTESIAN_POINT('',(-0.0191689129202162,0.0994093804532215,0.0334160153672641));
#4694=CARTESIAN_POINT('',(-0.0204308550183854,0.098554934351429,0.0331312));
#4695=CARTESIAN_POINT('',(-0.0216927971165546,0.0994093804532215,0.0334160153672641));
#4696=CARTESIAN_POINT('',(-0.0216927971165546,0.0994093804532215,0.0334160153672641));
#4697=CARTESIAN_POINT('',(-0.0218522083414494,0.099173944028158,0.033382719628724));
#4698=CARTESIAN_POINT('',(-0.0219400247934481,0.0988978960674076,0.0333466925623083));
#4699=CARTESIAN_POINT('',(-0.0219444695203067,0.0986141393996124,0.0333088151445502));
#4700=CARTESIAN_POINT('',(-0.0204308550183854,0.098554934351429,0.0272638));
#4701=CARTESIAN_POINT('',(-0.0204308550183854,0.098554934351429,0.0334160153672641));
#4702=CARTESIAN_POINT('',(-0.0204308550183854,0.098554934351429,0.0334160153672641));
#4703=CARTESIAN_POINT('',(-0.0204308550183854,0.0729633556118012,0.0334160153672641));
#4704=CARTESIAN_POINT('',(-0.022454446548637,0.0715932056681927,0.0334160153672641));
#4705=CARTESIAN_POINT('',(-0.0219444695203067,0.0729041505636178,0.0333088151445502));
#4706=CARTESIAN_POINT('',(-0.0220398258717289,0.0729041505636178,0.0324962));
#4707=CARTESIAN_POINT('',(-0.0228580166849925,0.0729041505636178,0.0324962));
#4708=CARTESIAN_POINT('',(-0.021940033364663,0.0726209410857787,0.033346619519465));
#4709=CARTESIAN_POINT('',(-0.0220050959939151,0.0725960256415662,0.0324961999999985));
#4710=CARTESIAN_POINT('',(-0.0228580166720705,0.0724365728361004,0.0324962));
#4711=CARTESIAN_POINT('',(-0.0218530230018179,0.072345549117125,0.0333825494731275));
#4712=CARTESIAN_POINT('',(-0.0218773765027383,0.0723228934053869,0.0324961999999951));
#4713=CARTESIAN_POINT('',(-0.0227165561760211,0.0719803186653497,0.0324962));
#4714=CARTESIAN_POINT('',(-0.0216927971165546,0.0721089095100087,0.0334160153672641));
#4715=CARTESIAN_POINT('',(-0.0216927971165546,0.0721089095100087,0.0324962));
#4716=CARTESIAN_POINT('',(-0.022454446548637,0.0715932056681927,0.0324962));
#4717=CARTESIAN_POINT('',(-0.0228580166849925,0.0729041505636178,0.0334160153672641));
#4718=CARTESIAN_POINT('',(-0.0204308550183854,0.0729633556118012,0.0334160153672641));
#4719=CARTESIAN_POINT('',(-0.0184072634881338,0.0715932056681927,0.0334160153672641));
#4720=CARTESIAN_POINT('',(-0.0228580166849925,0.0857591449816152,0.0334160153672641));
#4721=CARTESIAN_POINT('',(-0.0228580166849925,0.0986141393996124,0.0334160153672641));
#4722=CARTESIAN_POINT('',(-0.0191689129202162,0.0721089095100087,0.0334160153672641));
#4723=CARTESIAN_POINT('',(-0.0191689129202162,0.0721089095100087,0.0324962));
#4724=CARTESIAN_POINT('',(-0.0184072634881338,0.0715932056681927,0.0324962));
#4725=CARTESIAN_POINT('',(-0.0190086529489477,0.0723455994591709,0.0333825423536687));
#4726=CARTESIAN_POINT('',(-0.0189842949690644,0.0723229381145658,0.0324962000000034));
#4727=CARTESIAN_POINT('',(-0.0181450981008101,0.0719804010190683,0.0324962));
#4728=CARTESIAN_POINT('',(-0.0189216776466766,0.0726208788678462,0.0333466278246204));
#4729=CARTESIAN_POINT('',(-0.0188566218152284,0.0725959566803209,0.0324961999999991));
#4730=CARTESIAN_POINT('',(-0.0180036933639811,0.0724364701145456,0.0324962));
#4731=CARTESIAN_POINT('',(-0.0189172405164641,0.0729041505636178,0.0333088151445502));
#4732=CARTESIAN_POINT('',(-0.0188218841650419,0.0729041505636178,0.0324962));
#4733=CARTESIAN_POINT('',(-0.0180036933517784,0.0729041505636178,0.0324962));
#4734=CARTESIAN_POINT('',(-0.0180036933517784,0.0729041505636178,0.0334160153672641));
#4735=CARTESIAN_POINT('',(-0.0216927971165546,0.0994093804532215,0.0334160153672641));
#4736=CARTESIAN_POINT('',(-0.0216927971165546,0.0994093804532215,0.0324962));
#4737=CARTESIAN_POINT('',(-0.022454446548637,0.0999250842950375,0.0324962));
#4738=CARTESIAN_POINT('',(-0.0218530570878323,0.0991726905040456,0.0333825423536687));
#4739=CARTESIAN_POINT('',(-0.0218774150677015,0.0991953518486338,0.032496200000007));
#4740=CARTESIAN_POINT('',(-0.0227166119359574,0.0995378889441522,0.0324962));
#4741=CARTESIAN_POINT('',(-0.0219400323900939,0.098897411095384,0.0333466278246229));
#4742=CARTESIAN_POINT('',(-0.0220050882215067,0.0989223332829007,0.0324961999999991));
#4743=CARTESIAN_POINT('',(-0.0228580166727532,0.0990818198486846,0.0324962));
#4744=CARTESIAN_POINT('',(-0.0219444695203067,0.0986141393996124,0.0333088151445502));
#4745=CARTESIAN_POINT('',(-0.0220398258717289,0.0986141393996124,0.0324962));
#4746=CARTESIAN_POINT('',(-0.0228580166849925,0.0986141393996124,0.0324962));
#4747=CARTESIAN_POINT('',(-0.022454446548637,0.0999250842950375,0.0334160153672641));
#4748=CARTESIAN_POINT('',(-0.0180036933517784,0.0857591449816152,0.0334160153672641));
#4749=CARTESIAN_POINT('',(-0.0180036933517784,0.0986141393996124,0.0334160153672641));
#4750=CARTESIAN_POINT('',(-0.0204308550183854,0.098554934351429,0.0334160153672641));
#4751=CARTESIAN_POINT('',(-0.0189172405164641,0.0986141393996124,0.0333088151445502));
#4752=CARTESIAN_POINT('',(-0.0188218841650419,0.0986141393996124,0.0324962));
#4753=CARTESIAN_POINT('',(-0.0180036933517784,0.0986141393996124,0.0324962));
#4754=CARTESIAN_POINT('',(-0.0189216766721074,0.0988973488774547,0.0333466195194608));
#4755=CARTESIAN_POINT('',(-0.0188566140428163,0.0989222643216533,0.0324961999999985));
#4756=CARTESIAN_POINT('',(-0.0180036933646638,0.0990817171271428,0.0324962));
#4757=CARTESIAN_POINT('',(-0.0190086870349526,0.0991727408461048,0.0333825494731259));
#4758=CARTESIAN_POINT('',(-0.0189843335340401,0.099195396557832,0.0324962000000028));
#4759=CARTESIAN_POINT('',(-0.0181451538607513,0.0995379712978805,0.0324962));
#4760=CARTESIAN_POINT('',(-0.0191689129202162,0.0994093804532215,0.0334160153672641));
#4761=CARTESIAN_POINT('',(-0.0191689129202162,0.0994093804532215,0.0324962));
#4762=CARTESIAN_POINT('',(-0.0184072634881338,0.0999250842950375,0.0324962));
#4763=CARTESIAN_POINT('',(-0.0184072634881338,0.0999250842950375,0.0334160153672641));
#4764=CARTESIAN_POINT('',(-0.0204308550183854,0.098554934351429,0.0334160153672641));
#4765=MECHANICAL_DESIGN_GEOMETRIC_PRESENTATION_REPRESENTATION('',(#2638),
#4766);
#4766=(
GEOMETRIC_REPRESENTATION_CONTEXT(3)
GLOBAL_UNCERTAINTY_ASSIGNED_CONTEXT((#4767))
GLOBAL_UNIT_ASSIGNED_CONTEXT((#4770,#4769,#4768))
REPRESENTATION_CONTEXT('DEXI 3 Battery Mount','TOP_LEVEL_ASSEMBLY_PART')
);
#4767=UNCERTAINTY_MEASURE_WITH_UNIT(LENGTH_MEASURE(2.E-5),#4770,
'DISTANCE_ACCURACY_VALUE','Maximum Tolerance applied to model');
#4768=(
NAMED_UNIT(*)
SI_UNIT($,.STERADIAN.)
SOLID_ANGLE_UNIT()
);
#4769=(
NAMED_UNIT(*)
PLANE_ANGLE_UNIT()
SI_UNIT($,.RADIAN.)
);
#4770=(
LENGTH_UNIT()
NAMED_UNIT(*)
SI_UNIT($,.METRE.)
);
#4771=PRODUCT_DEFINITION_SHAPE('','',#4772);
#4772=PRODUCT_DEFINITION('','',#4774,#4773);
#4773=PRODUCT_DEFINITION_CONTEXT('',#4780,'design');
#4774=PRODUCT_DEFINITION_FORMATION_WITH_SPECIFIED_SOURCE('','',#4776,
 .NOT_KNOWN.);
#4775=PRODUCT_RELATED_PRODUCT_CATEGORY('','',(#4776));
#4776=PRODUCT('DEXI 3 Battery Mount','DEXI 3 Battery Mount',
'DEXI 3 Battery Mount',(#4778));
#4777=PRODUCT_CATEGORY('','');
#4778=PRODUCT_CONTEXT('',#4780,'mechanical');
#4779=APPLICATION_PROTOCOL_DEFINITION('international standard',
'ap242_managed_model_based_3d_engineering',2020,#4780);
#4780=APPLICATION_CONTEXT('managed model based 3d engineering');
ENDSEC;
END-ISO-10303-21;
