ISO-10303-21;
HEADER;
/* Generated by software containing ST-Developer
 * from STEP Tools, Inc. (www.steptools.com) 
 */
/* OPTION: using custom renumber hook */

FILE_DESCRIPTION(
/* description */ ('STEP AP242 Edition 2',
'CAx-IF Rec.Pracs.---Representation and Presentation of Product Manufa
cturing Information (PMI)---4.0---2014-10-13',
'CAx-IF Rec.Pracs.---3D Tessellated Geometry---0.4---2014-09-14','2;1',
'CAx-IF Rec.Pracs.---User Defined Attributes---1.5---2016-08-15'),
/* implementation_level */ '2;1');

FILE_NAME(
/* name */ 'DEXI 3 Battery Mount - DEXI 3 Battery Mount',
/* time_stamp */ '2026-08-25T20:42:10Z',
/* author */ (''),
/* organization */ (''),
/* preprocessor_version */ 'ST-DEVELOPER v20',
/* originating_system */ 'ONSHAPE BY PTC INC, 1.219',
/* authorisation */ '  ');

FILE_SCHEMA (('AP242_MANAGED_MODEL_BASED_3D_ENGINEERING_MIM_LF { 1 0 10303 442 3 1 4 }'));
ENDSEC;

DATA;
#10=SHAPE_REPRESENTATION_RELATIONSHIP('','',#2652,#11);
#11=ADVANCED_BREP_SHAPE_REPRESENTATION('',(#2650),#4638);
#12=ELLIPSE('',#2880,0.00143684097937106,0.001016);
#13=ELLIPSE('',#2882,0.00143684097937106,0.001016);
#14=TOROIDAL_SURFACE('',#2848,0.0032766,0.001016);
#15=TOROIDAL_SURFACE('',#2850,0.033909,0.001016);
#16=TOROIDAL_SURFACE('',#2860,0.0032766,0.001016);
#17=TOROIDAL_SURFACE('',#2862,0.0032766,0.001016);
#18=TOROIDAL_SURFACE('',#2868,0.0339089999999988,0.001016);
#19=TOROIDAL_SURFACE('',#2870,0.0032766,0.001016);
#20=TOROIDAL_SURFACE('',#2904,0.00592351741108749,0.00254);
#21=TOROIDAL_SURFACE('',#2907,0.00592351741108749,0.00254);
#22=TOROIDAL_SURFACE('',#2910,0.00592351741108749,0.00254);
#23=TOROIDAL_SURFACE('',#2913,0.00592351741108749,0.00254);
#24=SPHERICAL_SURFACE('',#2826,0.001016);
#25=SPHERICAL_SURFACE('',#2828,0.001016);
#26=SPHERICAL_SURFACE('',#2838,0.001016);
#27=SPHERICAL_SURFACE('',#2840,0.001016);
#28=SPHERICAL_SURFACE('',#2845,0.001016);
#29=SPHERICAL_SURFACE('',#2856,0.001016);
#30=SPHERICAL_SURFACE('',#2864,0.001016);
#31=SPHERICAL_SURFACE('',#2872,0.001016);
#32=B_SPLINE_SURFACE_WITH_KNOTS('',3,1,((#4095,#4096),(#4097,#4098),(#4099,
#4100),(#4101,#4102)),.SURF_OF_LINEAR_EXTRUSION.,.F.,.F.,.F.,(4,4),(2,2),
(0.,1.),(0.,1.),.PIECEWISE_BEZIER_KNOTS.);
#33=B_SPLINE_SURFACE_WITH_KNOTS('',3,1,((#4180,#4181),(#4182,#4183),(#4184,
#4185),(#4186,#4187)),.SURF_OF_LINEAR_EXTRUSION.,.F.,.F.,.F.,(4,4),(2,2),
(0.,1.),(0.,1.),.PIECEWISE_BEZIER_KNOTS.);
#34=B_SPLINE_SURFACE_WITH_KNOTS('',3,1,((#4194,#4195),(#4196,#4197),(#4198,
#4199),(#4200,#4201)),.SURF_OF_LINEAR_EXTRUSION.,.F.,.F.,.F.,(4,4),(2,2),
(-2.81822216351724E-9,1.),(0.,1.),.PIECEWISE_BEZIER_KNOTS.);
#35=B_SPLINE_SURFACE_WITH_KNOTS('',3,1,((#4235,#4236),(#4237,#4238),(#4239,
#4240),(#4241,#4242)),.SURF_OF_LINEAR_EXTRUSION.,.F.,.F.,.F.,(4,4),(2,2),
(-7.1734198974287E-18,1.00600006051316),(0.,1.),
 .PIECEWISE_BEZIER_KNOTS.);
#36=B_SPLINE_CURVE_WITH_KNOTS('',3,(#3806,#3807,#3808,#3809),
 .UNSPECIFIED.,.F.,.F.,(4,4),(0.,0.00140106229907842),.UNSPECIFIED.);
#37=B_SPLINE_CURVE_WITH_KNOTS('',3,(#3810,#3811,#3812,#3813,#3814),
 .UNSPECIFIED.,.F.,.F.,(4,1,4),(0.,0.00079437942426006,0.00158875884852012),
 .UNSPECIFIED.);
#38=B_SPLINE_CURVE_WITH_KNOTS('',3,(#3822,#3823,#3824,#3825,#3826),
 .UNSPECIFIED.,.F.,.F.,(4,1,4),(0.,0.000795313437976972,0.00159062687595394),
 .UNSPECIFIED.);
#39=B_SPLINE_CURVE_WITH_KNOTS('',3,(#3827,#3828,#3829,#3830),
 .UNSPECIFIED.,.F.,.F.,(4,4),(0.,0.00140178998074113),.UNSPECIFIED.);
#40=B_SPLINE_CURVE_WITH_KNOTS('',3,(#3854,#3855,#3856,#3857),
 .UNSPECIFIED.,.F.,.F.,(4,4),(0.,1.),.UNSPECIFIED.);
#41=B_SPLINE_CURVE_WITH_KNOTS('',3,(#3872,#3873,#3874,#3875),
 .UNSPECIFIED.,.F.,.F.,(4,4),(0.,1.),.UNSPECIFIED.);
#42=B_SPLINE_CURVE_WITH_KNOTS('',3,(#4103,#4104,#4105,#4106),
 .UNSPECIFIED.,.F.,.F.,(4,4),(0.,1.),.UNSPECIFIED.);
#43=B_SPLINE_CURVE_WITH_KNOTS('',3,(#4109,#4110,#4111,#4112),
 .UNSPECIFIED.,.F.,.F.,(4,4),(0.,1.),.UNSPECIFIED.);
#44=B_SPLINE_CURVE_WITH_KNOTS('',3,(#4114,#4115,#4116,#4117),
 .UNSPECIFIED.,.F.,.F.,(4,4),(0.,1.),.UNSPECIFIED.);
#45=B_SPLINE_CURVE_WITH_KNOTS('',3,(#4123,#4124,#4125,#4126),
 .UNSPECIFIED.,.F.,.F.,(4,4),(0.,1.),.UNSPECIFIED.);
#46=B_SPLINE_CURVE_WITH_KNOTS('',3,(#4132,#4133,#4134,#4135),
 .UNSPECIFIED.,.F.,.F.,(4,4),(0.,1.),.UNSPECIFIED.);
#47=B_SPLINE_CURVE_WITH_KNOTS('',3,(#4141,#4142,#4143,#4144),
 .UNSPECIFIED.,.F.,.F.,(4,4),(0.,0.000254),.UNSPECIFIED.);
#48=B_SPLINE_CURVE_WITH_KNOTS('',3,(#4162,#4163,#4164,#4165),
 .UNSPECIFIED.,.F.,.F.,(4,4),(0.,0.000254),.UNSPECIFIED.);
#49=B_SPLINE_CURVE_WITH_KNOTS('',3,(#4169,#4170,#4171,#4172),
 .UNSPECIFIED.,.F.,.F.,(4,4),(0.,1.),.UNSPECIFIED.);
#50=B_SPLINE_CURVE_WITH_KNOTS('',3,(#4176,#4177,#4178,#4179),
 .UNSPECIFIED.,.F.,.F.,(4,4),(0.,1.),.UNSPECIFIED.);
#51=B_SPLINE_CURVE_WITH_KNOTS('',3,(#4190,#4191,#4192,#4193),
 .UNSPECIFIED.,.F.,.F.,(4,4),(0.,1.),.UNSPECIFIED.);
#52=B_SPLINE_CURVE_WITH_KNOTS('',3,(#4202,#4203,#4204,#4205),
 .UNSPECIFIED.,.F.,.F.,(4,4),(0.,0.000254),.UNSPECIFIED.);
#53=B_SPLINE_CURVE_WITH_KNOTS('',3,(#4207,#4208,#4209,#4210),
 .UNSPECIFIED.,.F.,.F.,(4,4),(0.,1.),.UNSPECIFIED.);
#54=B_SPLINE_CURVE_WITH_KNOTS('',3,(#4220,#4221,#4222,#4223),
 .UNSPECIFIED.,.F.,.F.,(4,4),(0.,0.000254),.UNSPECIFIED.);
#55=B_SPLINE_CURVE_WITH_KNOTS('',3,(#4227,#4228,#4229,#4230),
 .UNSPECIFIED.,.F.,.F.,(4,4),(0.,1.),.UNSPECIFIED.);
#56=B_SPLINE_CURVE_WITH_KNOTS('',3,(#4243,#4244,#4245,#4246),
 .UNSPECIFIED.,.F.,.F.,(4,4),(0.,1.),.UNSPECIFIED.);
#57=B_SPLINE_CURVE_WITH_KNOTS('',3,(#4247,#4248,#4249,#4250),
 .UNSPECIFIED.,.F.,.F.,(4,4),(0.,1.),.UNSPECIFIED.);
#58=B_SPLINE_CURVE_WITH_KNOTS('',3,(#4372,#4373,#4374,#4375),
 .UNSPECIFIED.,.F.,.F.,(4,4),(0.,0.00140106229907832),.UNSPECIFIED.);
#59=B_SPLINE_CURVE_WITH_KNOTS('',3,(#4376,#4377,#4378,#4379),
 .UNSPECIFIED.,.F.,.F.,(4,4),(0.,0.00140178998074123),.UNSPECIFIED.);
#60=B_SPLINE_CURVE_WITH_KNOTS('',3,(#4399,#4400,#4401,#4402,#4403,#4404,
#4405),.UNSPECIFIED.,.F.,.F.,(4,1,1,1,4),(1.05004518624757E-16,0.000627300039925296,
0.00125460007985049,0.00188190011977568,0.00250920015970087),
 .UNSPECIFIED.);
#61=B_SPLINE_CURVE_WITH_KNOTS('',3,(#4407,#4408,#4409,#4410,#4411,#4412,
#4413),.UNSPECIFIED.,.F.,.F.,(4,1,1,1,4),(0.,0.000632408189317087,0.00126481637863417,
0.00189722456795126,0.00252963275726835),.UNSPECIFIED.);
#62=B_SPLINE_CURVE_WITH_KNOTS('',3,(#4415,#4416,#4417,#4418,#4419,#4420,
#4421),.UNSPECIFIED.,.F.,.F.,(4,1,1,1,4),(4.77048955893622E-18,0.000627300039925214,
0.00125460007985042,0.00188190011977563,0.00250920015970084),
 .UNSPECIFIED.);
#63=B_SPLINE_CURVE_WITH_KNOTS('',3,(#4423,#4424,#4425,#4426,#4427,#4428,
#4429),.UNSPECIFIED.,.F.,.F.,(4,1,1,1,4),(0.,0.000632408189317106,0.00126481637863421,
0.00189722456795132,0.00252963275726842),.UNSPECIFIED.);
#64=B_SPLINE_CURVE_WITH_KNOTS('',3,(#4540,#4541,#4542,#4543),
 .UNSPECIFIED.,.F.,.F.,(4,4),(0.000821461126401924,0.00192309946896399),
 .UNSPECIFIED.);
#65=B_SPLINE_CURVE_WITH_KNOTS('',3,(#4553,#4554,#4555,#4556),
 .UNSPECIFIED.,.F.,.F.,(4,4),(0.000821461126401948,0.00192309946897536),
 .UNSPECIFIED.);
#66=B_SPLINE_CURVE_WITH_KNOTS('',3,(#4558,#4559,#4560,#4561),
 .UNSPECIFIED.,.F.,.F.,(4,4),(0.000821461126402078,0.00192309946896382),
 .UNSPECIFIED.);
#67=B_SPLINE_CURVE_WITH_KNOTS('',3,(#4571,#4572,#4573,#4574),
 .UNSPECIFIED.,.F.,.F.,(4,4),(0.000821461126402041,0.00192309946897536),
 .UNSPECIFIED.);
#68=B_SPLINE_CURVE_WITH_KNOTS('',3,(#4578,#4579,#4580,#4581),
 .UNSPECIFIED.,.F.,.F.,(4,4),(0.,0.00191945823549851),.UNSPECIFIED.);
#69=B_SPLINE_CURVE_WITH_KNOTS('',3,(#4583,#4584,#4585,#4586),
 .UNSPECIFIED.,.F.,.F.,(4,4),(1.32567381895146E-16,0.000669566255343807),
 .UNSPECIFIED.);
#70=B_SPLINE_CURVE_WITH_KNOTS('',3,(#4588,#4589,#4590,#4591),
 .UNSPECIFIED.,.F.,.F.,(4,4),(0.,0.00192167621736608),.UNSPECIFIED.);
#71=B_SPLINE_CURVE_WITH_KNOTS('',3,(#4595,#4596,#4597,#4598),
 .UNSPECIFIED.,.F.,.F.,(4,4),(0.,0.000669566255343998),.UNSPECIFIED.);
#72=B_SPLINE_CURVE_WITH_KNOTS('',3,(#4602,#4603,#4604,#4605),
 .UNSPECIFIED.,.F.,.F.,(4,4),(0.,0.00191945823549862),.UNSPECIFIED.);
#73=B_SPLINE_CURVE_WITH_KNOTS('',3,(#4607,#4608,#4609,#4610),
 .UNSPECIFIED.,.F.,.F.,(4,4),(2.0425770422844E-16,0.000669566255343709),
 .UNSPECIFIED.);
#74=B_SPLINE_CURVE_WITH_KNOTS('',3,(#4612,#4613,#4614,#4615),
 .UNSPECIFIED.,.F.,.F.,(4,4),(0.,0.00192167621736611),.UNSPECIFIED.);
#75=B_SPLINE_CURVE_WITH_KNOTS('',3,(#4619,#4620,#4621,#4622),
 .UNSPECIFIED.,.F.,.F.,(4,4),(0.,0.00066956625534389),.UNSPECIFIED.);
#76=CYLINDRICAL_SURFACE('',#2666,0.033654999999998);
#77=CYLINDRICAL_SURFACE('',#2673,0.0042926);
#78=CYLINDRICAL_SURFACE('',#2686,0.0042926);
#79=CYLINDRICAL_SURFACE('',#2731,0.00695794394584968);
#80=CYLINDRICAL_SURFACE('',#2734,0.00460622296970004);
#81=CYLINDRICAL_SURFACE('',#2737,0.00548008848493008);
#82=CYLINDRICAL_SURFACE('',#2743,0.00836895066817624);
#83=CYLINDRICAL_SURFACE('',#2748,0.00744749431251076);
#84=CYLINDRICAL_SURFACE('',#2750,0.00607592906349106);
#85=CYLINDRICAL_SURFACE('',#2754,0.0042926);
#86=CYLINDRICAL_SURFACE('',#2757,0.0042926);
#87=CYLINDRICAL_SURFACE('',#2788,0.00338351741108749);
#88=CYLINDRICAL_SURFACE('',#2790,0.001143);
#89=CYLINDRICAL_SURFACE('',#2792,0.001143);
#90=CYLINDRICAL_SURFACE('',#2794,0.00338351741108749);
#91=CYLINDRICAL_SURFACE('',#2796,0.00338351741108749);
#92=CYLINDRICAL_SURFACE('',#2798,0.001143);
#93=CYLINDRICAL_SURFACE('',#2800,0.001143);
#94=CYLINDRICAL_SURFACE('',#2802,0.00338351741108749);
#95=CYLINDRICAL_SURFACE('',#2804,0.033655);
#96=CYLINDRICAL_SURFACE('',#2811,0.0349249999999988);
#97=CYLINDRICAL_SURFACE('',#2813,0.034925);
#98=CYLINDRICAL_SURFACE('',#2815,0.001016);
#99=CYLINDRICAL_SURFACE('',#2816,0.001016);
#100=CYLINDRICAL_SURFACE('',#2817,0.001016);
#101=CYLINDRICAL_SURFACE('',#2818,0.001016);
#102=CYLINDRICAL_SURFACE('',#2819,0.001016);
#103=CYLINDRICAL_SURFACE('',#2821,0.001016);
#104=CYLINDRICAL_SURFACE('',#2823,0.001016);
#105=CYLINDRICAL_SURFACE('',#2830,0.001016);
#106=CYLINDRICAL_SURFACE('',#2832,0.001016);
#107=CYLINDRICAL_SURFACE('',#2834,0.001016);
#108=CYLINDRICAL_SURFACE('',#2836,0.001016);
#109=CYLINDRICAL_SURFACE('',#2842,0.001016);
#110=CYLINDRICAL_SURFACE('',#2843,0.001016);
#111=CYLINDRICAL_SURFACE('',#2852,0.001016);
#112=CYLINDRICAL_SURFACE('',#2854,0.001016);
#113=CYLINDRICAL_SURFACE('',#2858,0.001016);
#114=CYLINDRICAL_SURFACE('',#2866,0.001016);
#115=CYLINDRICAL_SURFACE('',#2874,0.001016);
#116=CYLINDRICAL_SURFACE('',#2879,0.001016);
#117=CYLINDRICAL_SURFACE('',#2881,0.001016);
#118=CYLINDRICAL_SURFACE('',#2883,0.001016);
#119=CYLINDRICAL_SURFACE('',#2884,0.00380190351802515);
#120=CYLINDRICAL_SURFACE('',#2886,0.00380190351802515);
#121=CYLINDRICAL_SURFACE('',#2888,0.00380190351802515);
#122=CYLINDRICAL_SURFACE('',#2890,0.00380190351802515);
#123=CYLINDRICAL_SURFACE('',#2894,0.014410440753805);
#124=CYLINDRICAL_SURFACE('',#2896,0.014410440753805);
#125=CYLINDRICAL_SURFACE('',#2898,0.014410440753805);
#126=CYLINDRICAL_SURFACE('',#2900,0.014410440753805);
#127=CYLINDRICAL_SURFACE('',#2902,0.00254);
#128=CYLINDRICAL_SURFACE('',#2905,0.00254);
#129=CYLINDRICAL_SURFACE('',#2908,0.00254);
#130=CYLINDRICAL_SURFACE('',#2911,0.00254);
#131=CYLINDRICAL_SURFACE('',#2914,0.00261835819475129);
#132=CYLINDRICAL_SURFACE('',#2916,0.00261835819475129);
#133=CYLINDRICAL_SURFACE('',#2918,0.00261835819475129);
#134=CYLINDRICAL_SURFACE('',#2920,0.00261835819475129);
#135=CYLINDRICAL_SURFACE('',#2922,0.00171698868555975);
#136=CYLINDRICAL_SURFACE('',#2923,0.00171698868555975);
#137=CIRCLE('',#2655,0.00171698868555975);
#138=CIRCLE('',#2656,0.00171698868555975);
#139=CIRCLE('',#2658,0.001016);
#140=CIRCLE('',#2659,0.001016);
#141=CIRCLE('',#2661,0.00171698868555975);
#142=CIRCLE('',#2662,0.00171698868555975);
#143=CIRCLE('',#2664,0.033654999999998);
#144=CIRCLE('',#2665,0.033654999999998);
#145=CIRCLE('',#2667,0.033654999999998);
#146=CIRCLE('',#2668,0.033654999999998);
#147=CIRCLE('',#2669,0.033654999999998);
#148=CIRCLE('',#2670,0.033654999999998);
#149=CIRCLE('',#2671,0.033654999999998);
#150=CIRCLE('',#2672,0.033654999999998);
#151=CIRCLE('',#2674,0.0042926);
#152=CIRCLE('',#2675,0.0042926);
#153=CIRCLE('',#2677,0.0339089999999988);
#154=CIRCLE('',#2678,0.0032766);
#155=CIRCLE('',#2679,0.0032766);
#156=CIRCLE('',#2680,0.033909);
#157=CIRCLE('',#2681,0.00327660000000005);
#158=CIRCLE('',#2682,0.0032766);
#159=CIRCLE('',#2683,0.00836895066817624);
#160=CIRCLE('',#2684,0.00607592906349106);
#161=CIRCLE('',#2685,0.00744749431251076);
#162=CIRCLE('',#2687,0.0042926);
#163=CIRCLE('',#2688,0.0042926);
#164=CIRCLE('',#2690,0.034925);
#165=CIRCLE('',#2691,0.001016);
#166=CIRCLE('',#2692,0.0042926);
#167=CIRCLE('',#2693,0.033655);
#168=CIRCLE('',#2694,0.001016);
#169=CIRCLE('',#2696,0.033655);
#170=CIRCLE('',#2732,0.00695794394584968);
#171=CIRCLE('',#2733,0.00695794394584968);
#172=CIRCLE('',#2735,0.00460622296970004);
#173=CIRCLE('',#2736,0.00460622296970004);
#174=CIRCLE('',#2738,0.00548008848493008);
#175=CIRCLE('',#2739,0.00548008848493008);
#176=CIRCLE('',#2744,0.00836895066817624);
#177=CIRCLE('',#2749,0.00744749431251076);
#178=CIRCLE('',#2751,0.00607592906349106);
#179=CIRCLE('',#2755,0.0042926);
#180=CIRCLE('',#2756,0.0042926);
#181=CIRCLE('',#2758,0.0042926);
#182=CIRCLE('',#2760,0.001016);
#183=CIRCLE('',#2761,0.001016);
#184=CIRCLE('',#2763,0.00408504161848102);
#185=CIRCLE('',#2764,0.014410440753805);
#186=CIRCLE('',#2765,0.00338351741108749);
#187=CIRCLE('',#2766,0.00380190351802515);
#188=CIRCLE('',#2767,0.001143);
#189=CIRCLE('',#2769,0.00408504161848102);
#190=CIRCLE('',#2770,0.00380190351802515);
#191=CIRCLE('',#2771,0.00338351741108749);
#192=CIRCLE('',#2772,0.014410440753805);
#193=CIRCLE('',#2773,0.001143);
#194=CIRCLE('',#2775,0.00408504161848102);
#195=CIRCLE('',#2776,0.033655);
#196=CIRCLE('',#2777,0.00380190351802515);
#197=CIRCLE('',#2778,0.00338351741108749);
#198=CIRCLE('',#2779,0.014410440753805);
#199=CIRCLE('',#2780,0.001143);
#200=CIRCLE('',#2782,0.033655);
#201=CIRCLE('',#2783,0.00408504161848102);
#202=CIRCLE('',#2784,0.014410440753805);
#203=CIRCLE('',#2785,0.00338351741108749);
#204=CIRCLE('',#2786,0.00380190351802515);
#205=CIRCLE('',#2787,0.001143);
#206=CIRCLE('',#2789,0.00338351741108749);
#207=CIRCLE('',#2791,0.001143);
#208=CIRCLE('',#2793,0.001143);
#209=CIRCLE('',#2795,0.00338351741108749);
#210=CIRCLE('',#2797,0.00338351741108749);
#211=CIRCLE('',#2799,0.001143);
#212=CIRCLE('',#2801,0.001143);
#213=CIRCLE('',#2803,0.00338351741108749);
#214=CIRCLE('',#2805,0.033655);
#215=CIRCLE('',#2806,0.033655);
#216=CIRCLE('',#2808,0.001016);
#217=CIRCLE('',#2809,0.0349249999999988);
#218=CIRCLE('',#2810,0.001016);
#219=CIRCLE('',#2812,0.0349249999999988);
#220=CIRCLE('',#2814,0.034925);
#221=CIRCLE('',#2820,0.001016);
#222=CIRCLE('',#2822,0.001016);
#223=CIRCLE('',#2824,0.001016);
#224=CIRCLE('',#2825,0.001016);
#225=CIRCLE('',#2827,0.001016);
#226=CIRCLE('',#2829,0.001016);
#227=CIRCLE('',#2831,0.001016);
#228=CIRCLE('',#2833,0.001016);
#229=CIRCLE('',#2835,0.001016);
#230=CIRCLE('',#2837,0.001016);
#231=CIRCLE('',#2839,0.001016);
#232=CIRCLE('',#2841,0.001016);
#233=CIRCLE('',#2844,0.001016);
#234=CIRCLE('',#2846,0.001016);
#235=CIRCLE('',#2847,0.001016);
#236=CIRCLE('',#2849,0.001016);
#237=CIRCLE('',#2851,0.001016);
#238=CIRCLE('',#2853,0.001016);
#239=CIRCLE('',#2855,0.001016);
#240=CIRCLE('',#2857,0.001016);
#241=CIRCLE('',#2859,0.001016);
#242=CIRCLE('',#2861,0.001016);
#243=CIRCLE('',#2863,0.001016);
#244=CIRCLE('',#2865,0.001016);
#245=CIRCLE('',#2867,0.001016);
#246=CIRCLE('',#2869,0.001016);
#247=CIRCLE('',#2871,0.001016);
#248=CIRCLE('',#2873,0.001016);
#249=CIRCLE('',#2885,0.00380190351802515);
#250=CIRCLE('',#2887,0.00380190351802515);
#251=CIRCLE('',#2889,0.00380190351802515);
#252=CIRCLE('',#2891,0.00380190351802515);
#253=CIRCLE('',#2895,0.014410440753805);
#254=CIRCLE('',#2897,0.014410440753805);
#255=CIRCLE('',#2899,0.014410440753805);
#256=CIRCLE('',#2901,0.014410440753805);
#257=CIRCLE('',#2903,0.00254);
#258=CIRCLE('',#2906,0.00254);
#259=CIRCLE('',#2909,0.00254);
#260=CIRCLE('',#2912,0.00254);
#261=CIRCLE('',#2915,0.00261835819475129);
#262=CIRCLE('',#2917,0.00261835819475129);
#263=CIRCLE('',#2919,0.00261835819475129);
#264=CIRCLE('',#2921,0.00261835819475129);
#265=ORIENTED_EDGE('',*,*,#1035,.T.);
#266=ORIENTED_EDGE('',*,*,#1036,.T.);
#267=ORIENTED_EDGE('',*,*,#1037,.F.);
#268=ORIENTED_EDGE('',*,*,#1038,.T.);
#269=ORIENTED_EDGE('',*,*,#1039,.F.);
#270=ORIENTED_EDGE('',*,*,#1040,.T.);
#271=ORIENTED_EDGE('',*,*,#1041,.T.);
#272=ORIENTED_EDGE('',*,*,#1042,.T.);
#273=ORIENTED_EDGE('',*,*,#1043,.F.);
#274=ORIENTED_EDGE('',*,*,#1044,.T.);
#275=ORIENTED_EDGE('',*,*,#1045,.F.);
#276=ORIENTED_EDGE('',*,*,#1046,.T.);
#277=ORIENTED_EDGE('',*,*,#1047,.F.);
#278=ORIENTED_EDGE('',*,*,#1048,.F.);
#279=ORIENTED_EDGE('',*,*,#1049,.T.);
#280=ORIENTED_EDGE('',*,*,#1050,.T.);
#281=ORIENTED_EDGE('',*,*,#1051,.T.);
#282=ORIENTED_EDGE('',*,*,#1052,.T.);
#283=ORIENTED_EDGE('',*,*,#1053,.F.);
#284=ORIENTED_EDGE('',*,*,#1054,.T.);
#285=ORIENTED_EDGE('',*,*,#1043,.T.);
#286=ORIENTED_EDGE('',*,*,#1055,.T.);
#287=ORIENTED_EDGE('',*,*,#1056,.F.);
#288=ORIENTED_EDGE('',*,*,#1057,.T.);
#289=ORIENTED_EDGE('',*,*,#1058,.F.);
#290=ORIENTED_EDGE('',*,*,#1059,.F.);
#291=ORIENTED_EDGE('',*,*,#1060,.T.);
#292=ORIENTED_EDGE('',*,*,#1053,.T.);
#293=ORIENTED_EDGE('',*,*,#1061,.T.);
#294=ORIENTED_EDGE('',*,*,#1062,.T.);
#295=ORIENTED_EDGE('',*,*,#1063,.T.);
#296=ORIENTED_EDGE('',*,*,#1064,.T.);
#297=ORIENTED_EDGE('',*,*,#1065,.T.);
#298=ORIENTED_EDGE('',*,*,#1066,.F.);
#299=ORIENTED_EDGE('',*,*,#1067,.T.);
#300=ORIENTED_EDGE('',*,*,#1068,.F.);
#301=ORIENTED_EDGE('',*,*,#1069,.F.);
#302=ORIENTED_EDGE('',*,*,#1070,.T.);
#303=ORIENTED_EDGE('',*,*,#1071,.T.);
#304=ORIENTED_EDGE('',*,*,#1072,.T.);
#305=ORIENTED_EDGE('',*,*,#1073,.F.);
#306=ORIENTED_EDGE('',*,*,#1074,.T.);
#307=ORIENTED_EDGE('',*,*,#1075,.T.);
#308=ORIENTED_EDGE('',*,*,#1076,.T.);
#309=ORIENTED_EDGE('',*,*,#1077,.T.);
#310=ORIENTED_EDGE('',*,*,#1078,.T.);
#311=ORIENTED_EDGE('',*,*,#1079,.T.);
#312=ORIENTED_EDGE('',*,*,#1080,.T.);
#313=ORIENTED_EDGE('',*,*,#1081,.T.);
#314=ORIENTED_EDGE('',*,*,#1082,.T.);
#315=ORIENTED_EDGE('',*,*,#1083,.F.);
#316=ORIENTED_EDGE('',*,*,#1084,.T.);
#317=ORIENTED_EDGE('',*,*,#1085,.F.);
#318=ORIENTED_EDGE('',*,*,#1035,.F.);
#319=ORIENTED_EDGE('',*,*,#1086,.T.);
#320=ORIENTED_EDGE('',*,*,#1068,.T.);
#321=ORIENTED_EDGE('',*,*,#1087,.T.);
#322=ORIENTED_EDGE('',*,*,#1088,.T.);
#323=ORIENTED_EDGE('',*,*,#1089,.F.);
#324=ORIENTED_EDGE('',*,*,#1090,.T.);
#325=ORIENTED_EDGE('',*,*,#1082,.F.);
#326=ORIENTED_EDGE('',*,*,#1091,.T.);
#327=ORIENTED_EDGE('',*,*,#1092,.F.);
#328=ORIENTED_EDGE('',*,*,#1093,.T.);
#329=ORIENTED_EDGE('',*,*,#1094,.T.);
#330=ORIENTED_EDGE('',*,*,#1095,.T.);
#331=ORIENTED_EDGE('',*,*,#1078,.F.);
#332=ORIENTED_EDGE('',*,*,#1096,.T.);
#333=ORIENTED_EDGE('',*,*,#1097,.T.);
#334=ORIENTED_EDGE('',*,*,#1098,.T.);
#335=ORIENTED_EDGE('',*,*,#1099,.T.);
#336=ORIENTED_EDGE('',*,*,#1051,.F.);
#337=ORIENTED_EDGE('',*,*,#1100,.T.);
#338=ORIENTED_EDGE('',*,*,#1101,.T.);
#339=ORIENTED_EDGE('',*,*,#1102,.T.);
#340=ORIENTED_EDGE('',*,*,#1103,.T.);
#341=ORIENTED_EDGE('',*,*,#1104,.T.);
#342=ORIENTED_EDGE('',*,*,#1105,.T.);
#343=ORIENTED_EDGE('',*,*,#1106,.T.);
#344=ORIENTED_EDGE('',*,*,#1107,.T.);
#345=ORIENTED_EDGE('',*,*,#1108,.T.);
#346=ORIENTED_EDGE('',*,*,#1109,.T.);
#347=ORIENTED_EDGE('',*,*,#1110,.T.);
#348=ORIENTED_EDGE('',*,*,#1111,.T.);
#349=ORIENTED_EDGE('',*,*,#1112,.T.);
#350=ORIENTED_EDGE('',*,*,#1113,.T.);
#351=ORIENTED_EDGE('',*,*,#1114,.T.);
#352=ORIENTED_EDGE('',*,*,#1115,.T.);
#353=ORIENTED_EDGE('',*,*,#1116,.T.);
#354=ORIENTED_EDGE('',*,*,#1117,.T.);
#355=ORIENTED_EDGE('',*,*,#1118,.T.);
#356=ORIENTED_EDGE('',*,*,#1119,.T.);
#357=ORIENTED_EDGE('',*,*,#1120,.T.);
#358=ORIENTED_EDGE('',*,*,#1121,.T.);
#359=ORIENTED_EDGE('',*,*,#1122,.T.);
#360=ORIENTED_EDGE('',*,*,#1123,.T.);
#361=ORIENTED_EDGE('',*,*,#1124,.T.);
#362=ORIENTED_EDGE('',*,*,#1125,.T.);
#363=ORIENTED_EDGE('',*,*,#1126,.T.);
#364=ORIENTED_EDGE('',*,*,#1127,.T.);
#365=ORIENTED_EDGE('',*,*,#1128,.T.);
#366=ORIENTED_EDGE('',*,*,#1129,.T.);
#367=ORIENTED_EDGE('',*,*,#1130,.T.);
#368=ORIENTED_EDGE('',*,*,#1131,.T.);
#369=ORIENTED_EDGE('',*,*,#1132,.T.);
#370=ORIENTED_EDGE('',*,*,#1133,.T.);
#371=ORIENTED_EDGE('',*,*,#1134,.T.);
#372=ORIENTED_EDGE('',*,*,#1135,.T.);
#373=ORIENTED_EDGE('',*,*,#1136,.T.);
#374=ORIENTED_EDGE('',*,*,#1137,.T.);
#375=ORIENTED_EDGE('',*,*,#1138,.T.);
#376=ORIENTED_EDGE('',*,*,#1139,.T.);
#377=ORIENTED_EDGE('',*,*,#1140,.T.);
#378=ORIENTED_EDGE('',*,*,#1141,.T.);
#379=ORIENTED_EDGE('',*,*,#1142,.T.);
#380=ORIENTED_EDGE('',*,*,#1143,.T.);
#381=ORIENTED_EDGE('',*,*,#1144,.T.);
#382=ORIENTED_EDGE('',*,*,#1145,.T.);
#383=ORIENTED_EDGE('',*,*,#1146,.F.);
#384=ORIENTED_EDGE('',*,*,#1072,.F.);
#385=ORIENTED_EDGE('',*,*,#1147,.T.);
#386=ORIENTED_EDGE('',*,*,#1148,.T.);
#387=ORIENTED_EDGE('',*,*,#1149,.T.);
#388=ORIENTED_EDGE('',*,*,#1048,.T.);
#389=ORIENTED_EDGE('',*,*,#1150,.F.);
#390=ORIENTED_EDGE('',*,*,#1073,.T.);
#391=ORIENTED_EDGE('',*,*,#1146,.T.);
#392=ORIENTED_EDGE('',*,*,#1151,.T.);
#393=ORIENTED_EDGE('',*,*,#1152,.T.);
#394=ORIENTED_EDGE('',*,*,#1153,.F.);
#395=ORIENTED_EDGE('',*,*,#1154,.T.);
#396=ORIENTED_EDGE('',*,*,#1155,.T.);
#397=ORIENTED_EDGE('',*,*,#1156,.F.);
#398=ORIENTED_EDGE('',*,*,#1157,.T.);
#399=ORIENTED_EDGE('',*,*,#1158,.T.);
#400=ORIENTED_EDGE('',*,*,#1159,.T.);
#401=ORIENTED_EDGE('',*,*,#1160,.T.);
#402=ORIENTED_EDGE('',*,*,#1161,.T.);
#403=ORIENTED_EDGE('',*,*,#1056,.T.);
#404=ORIENTED_EDGE('',*,*,#1162,.T.);
#405=ORIENTED_EDGE('',*,*,#1163,.T.);
#406=ORIENTED_EDGE('',*,*,#1164,.T.);
#407=ORIENTED_EDGE('',*,*,#1165,.T.);
#408=ORIENTED_EDGE('',*,*,#1166,.T.);
#409=ORIENTED_EDGE('',*,*,#1117,.F.);
#410=ORIENTED_EDGE('',*,*,#1167,.F.);
#411=ORIENTED_EDGE('',*,*,#1168,.T.);
#412=ORIENTED_EDGE('',*,*,#1169,.T.);
#413=ORIENTED_EDGE('',*,*,#1116,.F.);
#414=ORIENTED_EDGE('',*,*,#1170,.F.);
#415=ORIENTED_EDGE('',*,*,#1171,.T.);
#416=ORIENTED_EDGE('',*,*,#1167,.T.);
#417=ORIENTED_EDGE('',*,*,#1127,.F.);
#418=ORIENTED_EDGE('',*,*,#1172,.F.);
#419=ORIENTED_EDGE('',*,*,#1173,.T.);
#420=ORIENTED_EDGE('',*,*,#1170,.T.);
#421=ORIENTED_EDGE('',*,*,#1126,.F.);
#422=ORIENTED_EDGE('',*,*,#1174,.F.);
#423=ORIENTED_EDGE('',*,*,#1175,.T.);
#424=ORIENTED_EDGE('',*,*,#1172,.T.);
#425=ORIENTED_EDGE('',*,*,#1125,.F.);
#426=ORIENTED_EDGE('',*,*,#1176,.F.);
#427=ORIENTED_EDGE('',*,*,#1177,.T.);
#428=ORIENTED_EDGE('',*,*,#1174,.T.);
#429=ORIENTED_EDGE('',*,*,#1124,.F.);
#430=ORIENTED_EDGE('',*,*,#1178,.F.);
#431=ORIENTED_EDGE('',*,*,#1179,.T.);
#432=ORIENTED_EDGE('',*,*,#1176,.T.);
#433=ORIENTED_EDGE('',*,*,#1123,.F.);
#434=ORIENTED_EDGE('',*,*,#1180,.F.);
#435=ORIENTED_EDGE('',*,*,#1181,.T.);
#436=ORIENTED_EDGE('',*,*,#1178,.T.);
#437=ORIENTED_EDGE('',*,*,#1122,.F.);
#438=ORIENTED_EDGE('',*,*,#1182,.F.);
#439=ORIENTED_EDGE('',*,*,#1183,.T.);
#440=ORIENTED_EDGE('',*,*,#1180,.T.);
#441=ORIENTED_EDGE('',*,*,#1121,.F.);
#442=ORIENTED_EDGE('',*,*,#1184,.F.);
#443=ORIENTED_EDGE('',*,*,#1185,.T.);
#444=ORIENTED_EDGE('',*,*,#1182,.T.);
#445=ORIENTED_EDGE('',*,*,#1120,.F.);
#446=ORIENTED_EDGE('',*,*,#1186,.F.);
#447=ORIENTED_EDGE('',*,*,#1187,.T.);
#448=ORIENTED_EDGE('',*,*,#1184,.T.);
#449=ORIENTED_EDGE('',*,*,#1119,.F.);
#450=ORIENTED_EDGE('',*,*,#1188,.F.);
#451=ORIENTED_EDGE('',*,*,#1189,.T.);
#452=ORIENTED_EDGE('',*,*,#1186,.T.);
#453=ORIENTED_EDGE('',*,*,#1118,.F.);
#454=ORIENTED_EDGE('',*,*,#1169,.F.);
#455=ORIENTED_EDGE('',*,*,#1190,.T.);
#456=ORIENTED_EDGE('',*,*,#1188,.T.);
#457=ORIENTED_EDGE('',*,*,#1168,.F.);
#458=ORIENTED_EDGE('',*,*,#1171,.F.);
#459=ORIENTED_EDGE('',*,*,#1173,.F.);
#460=ORIENTED_EDGE('',*,*,#1175,.F.);
#461=ORIENTED_EDGE('',*,*,#1177,.F.);
#462=ORIENTED_EDGE('',*,*,#1179,.F.);
#463=ORIENTED_EDGE('',*,*,#1181,.F.);
#464=ORIENTED_EDGE('',*,*,#1183,.F.);
#465=ORIENTED_EDGE('',*,*,#1185,.F.);
#466=ORIENTED_EDGE('',*,*,#1187,.F.);
#467=ORIENTED_EDGE('',*,*,#1189,.F.);
#468=ORIENTED_EDGE('',*,*,#1190,.F.);
#469=ORIENTED_EDGE('',*,*,#1129,.F.);
#470=ORIENTED_EDGE('',*,*,#1191,.F.);
#471=ORIENTED_EDGE('',*,*,#1192,.T.);
#472=ORIENTED_EDGE('',*,*,#1193,.T.);
#473=ORIENTED_EDGE('',*,*,#1128,.F.);
#474=ORIENTED_EDGE('',*,*,#1194,.F.);
#475=ORIENTED_EDGE('',*,*,#1195,.T.);
#476=ORIENTED_EDGE('',*,*,#1191,.T.);
#477=ORIENTED_EDGE('',*,*,#1139,.F.);
#478=ORIENTED_EDGE('',*,*,#1196,.F.);
#479=ORIENTED_EDGE('',*,*,#1197,.T.);
#480=ORIENTED_EDGE('',*,*,#1194,.T.);
#481=ORIENTED_EDGE('',*,*,#1138,.F.);
#482=ORIENTED_EDGE('',*,*,#1198,.F.);
#483=ORIENTED_EDGE('',*,*,#1199,.T.);
#484=ORIENTED_EDGE('',*,*,#1196,.T.);
#485=ORIENTED_EDGE('',*,*,#1137,.F.);
#486=ORIENTED_EDGE('',*,*,#1200,.F.);
#487=ORIENTED_EDGE('',*,*,#1201,.T.);
#488=ORIENTED_EDGE('',*,*,#1198,.T.);
#489=ORIENTED_EDGE('',*,*,#1136,.F.);
#490=ORIENTED_EDGE('',*,*,#1202,.F.);
#491=ORIENTED_EDGE('',*,*,#1203,.T.);
#492=ORIENTED_EDGE('',*,*,#1200,.T.);
#493=ORIENTED_EDGE('',*,*,#1135,.F.);
#494=ORIENTED_EDGE('',*,*,#1204,.F.);
#495=ORIENTED_EDGE('',*,*,#1205,.T.);
#496=ORIENTED_EDGE('',*,*,#1202,.T.);
#497=ORIENTED_EDGE('',*,*,#1134,.F.);
#498=ORIENTED_EDGE('',*,*,#1206,.F.);
#499=ORIENTED_EDGE('',*,*,#1207,.T.);
#500=ORIENTED_EDGE('',*,*,#1204,.T.);
#501=ORIENTED_EDGE('',*,*,#1133,.F.);
#502=ORIENTED_EDGE('',*,*,#1208,.F.);
#503=ORIENTED_EDGE('',*,*,#1209,.T.);
#504=ORIENTED_EDGE('',*,*,#1206,.T.);
#505=ORIENTED_EDGE('',*,*,#1132,.F.);
#506=ORIENTED_EDGE('',*,*,#1210,.F.);
#507=ORIENTED_EDGE('',*,*,#1211,.T.);
#508=ORIENTED_EDGE('',*,*,#1208,.T.);
#509=ORIENTED_EDGE('',*,*,#1131,.F.);
#510=ORIENTED_EDGE('',*,*,#1212,.F.);
#511=ORIENTED_EDGE('',*,*,#1213,.T.);
#512=ORIENTED_EDGE('',*,*,#1210,.T.);
#513=ORIENTED_EDGE('',*,*,#1130,.F.);
#514=ORIENTED_EDGE('',*,*,#1193,.F.);
#515=ORIENTED_EDGE('',*,*,#1214,.T.);
#516=ORIENTED_EDGE('',*,*,#1212,.T.);
#517=ORIENTED_EDGE('',*,*,#1192,.F.);
#518=ORIENTED_EDGE('',*,*,#1195,.F.);
#519=ORIENTED_EDGE('',*,*,#1197,.F.);
#520=ORIENTED_EDGE('',*,*,#1199,.F.);
#521=ORIENTED_EDGE('',*,*,#1201,.F.);
#522=ORIENTED_EDGE('',*,*,#1203,.F.);
#523=ORIENTED_EDGE('',*,*,#1205,.F.);
#524=ORIENTED_EDGE('',*,*,#1207,.F.);
#525=ORIENTED_EDGE('',*,*,#1209,.F.);
#526=ORIENTED_EDGE('',*,*,#1211,.F.);
#527=ORIENTED_EDGE('',*,*,#1213,.F.);
#528=ORIENTED_EDGE('',*,*,#1214,.F.);
#529=ORIENTED_EDGE('',*,*,#1141,.F.);
#530=ORIENTED_EDGE('',*,*,#1215,.F.);
#531=ORIENTED_EDGE('',*,*,#1216,.T.);
#532=ORIENTED_EDGE('',*,*,#1217,.T.);
#533=ORIENTED_EDGE('',*,*,#1140,.F.);
#534=ORIENTED_EDGE('',*,*,#1218,.F.);
#535=ORIENTED_EDGE('',*,*,#1219,.T.);
#536=ORIENTED_EDGE('',*,*,#1215,.T.);
#537=ORIENTED_EDGE('',*,*,#1143,.F.);
#538=ORIENTED_EDGE('',*,*,#1220,.F.);
#539=ORIENTED_EDGE('',*,*,#1221,.T.);
#540=ORIENTED_EDGE('',*,*,#1218,.T.);
#541=ORIENTED_EDGE('',*,*,#1142,.F.);
#542=ORIENTED_EDGE('',*,*,#1217,.F.);
#543=ORIENTED_EDGE('',*,*,#1222,.T.);
#544=ORIENTED_EDGE('',*,*,#1220,.T.);
#545=ORIENTED_EDGE('',*,*,#1216,.F.);
#546=ORIENTED_EDGE('',*,*,#1219,.F.);
#547=ORIENTED_EDGE('',*,*,#1221,.F.);
#548=ORIENTED_EDGE('',*,*,#1222,.F.);
#549=ORIENTED_EDGE('',*,*,#1223,.F.);
#550=ORIENTED_EDGE('',*,*,#1224,.F.);
#551=ORIENTED_EDGE('',*,*,#1225,.T.);
#552=ORIENTED_EDGE('',*,*,#1226,.T.);
#553=ORIENTED_EDGE('',*,*,#1227,.F.);
#554=ORIENTED_EDGE('',*,*,#1228,.F.);
#555=ORIENTED_EDGE('',*,*,#1229,.T.);
#556=ORIENTED_EDGE('',*,*,#1224,.T.);
#557=ORIENTED_EDGE('',*,*,#1230,.F.);
#558=ORIENTED_EDGE('',*,*,#1231,.F.);
#559=ORIENTED_EDGE('',*,*,#1232,.T.);
#560=ORIENTED_EDGE('',*,*,#1228,.T.);
#561=ORIENTED_EDGE('',*,*,#1233,.F.);
#562=ORIENTED_EDGE('',*,*,#1234,.F.);
#563=ORIENTED_EDGE('',*,*,#1235,.T.);
#564=ORIENTED_EDGE('',*,*,#1231,.T.);
#565=ORIENTED_EDGE('',*,*,#1236,.F.);
#566=ORIENTED_EDGE('',*,*,#1237,.F.);
#567=ORIENTED_EDGE('',*,*,#1238,.T.);
#568=ORIENTED_EDGE('',*,*,#1234,.T.);
#569=ORIENTED_EDGE('',*,*,#1239,.F.);
#570=ORIENTED_EDGE('',*,*,#1240,.F.);
#571=ORIENTED_EDGE('',*,*,#1241,.T.);
#572=ORIENTED_EDGE('',*,*,#1237,.T.);
#573=ORIENTED_EDGE('',*,*,#1242,.F.);
#574=ORIENTED_EDGE('',*,*,#1243,.F.);
#575=ORIENTED_EDGE('',*,*,#1244,.T.);
#576=ORIENTED_EDGE('',*,*,#1240,.T.);
#577=ORIENTED_EDGE('',*,*,#1109,.F.);
#578=ORIENTED_EDGE('',*,*,#1245,.F.);
#579=ORIENTED_EDGE('',*,*,#1246,.T.);
#580=ORIENTED_EDGE('',*,*,#1247,.T.);
#581=ORIENTED_EDGE('',*,*,#1108,.F.);
#582=ORIENTED_EDGE('',*,*,#1248,.F.);
#583=ORIENTED_EDGE('',*,*,#1249,.T.);
#584=ORIENTED_EDGE('',*,*,#1245,.T.);
#585=ORIENTED_EDGE('',*,*,#1115,.F.);
#586=ORIENTED_EDGE('',*,*,#1250,.F.);
#587=ORIENTED_EDGE('',*,*,#1251,.T.);
#588=ORIENTED_EDGE('',*,*,#1248,.T.);
#589=ORIENTED_EDGE('',*,*,#1114,.F.);
#590=ORIENTED_EDGE('',*,*,#1252,.F.);
#591=ORIENTED_EDGE('',*,*,#1253,.T.);
#592=ORIENTED_EDGE('',*,*,#1250,.T.);
#593=ORIENTED_EDGE('',*,*,#1113,.F.);
#594=ORIENTED_EDGE('',*,*,#1254,.F.);
#595=ORIENTED_EDGE('',*,*,#1255,.T.);
#596=ORIENTED_EDGE('',*,*,#1252,.T.);
#597=ORIENTED_EDGE('',*,*,#1112,.F.);
#598=ORIENTED_EDGE('',*,*,#1256,.F.);
#599=ORIENTED_EDGE('',*,*,#1257,.T.);
#600=ORIENTED_EDGE('',*,*,#1254,.T.);
#601=ORIENTED_EDGE('',*,*,#1111,.F.);
#602=ORIENTED_EDGE('',*,*,#1258,.F.);
#603=ORIENTED_EDGE('',*,*,#1259,.T.);
#604=ORIENTED_EDGE('',*,*,#1256,.T.);
#605=ORIENTED_EDGE('',*,*,#1110,.F.);
#606=ORIENTED_EDGE('',*,*,#1247,.F.);
#607=ORIENTED_EDGE('',*,*,#1260,.T.);
#608=ORIENTED_EDGE('',*,*,#1258,.T.);
#609=ORIENTED_EDGE('',*,*,#1261,.F.);
#610=ORIENTED_EDGE('',*,*,#1226,.F.);
#611=ORIENTED_EDGE('',*,*,#1262,.T.);
#612=ORIENTED_EDGE('',*,*,#1243,.T.);
#613=ORIENTED_EDGE('',*,*,#1246,.F.);
#614=ORIENTED_EDGE('',*,*,#1249,.F.);
#615=ORIENTED_EDGE('',*,*,#1251,.F.);
#616=ORIENTED_EDGE('',*,*,#1253,.F.);
#617=ORIENTED_EDGE('',*,*,#1255,.F.);
#618=ORIENTED_EDGE('',*,*,#1257,.F.);
#619=ORIENTED_EDGE('',*,*,#1259,.F.);
#620=ORIENTED_EDGE('',*,*,#1260,.F.);
#621=ORIENTED_EDGE('',*,*,#1225,.F.);
#622=ORIENTED_EDGE('',*,*,#1229,.F.);
#623=ORIENTED_EDGE('',*,*,#1232,.F.);
#624=ORIENTED_EDGE('',*,*,#1235,.F.);
#625=ORIENTED_EDGE('',*,*,#1238,.F.);
#626=ORIENTED_EDGE('',*,*,#1241,.F.);
#627=ORIENTED_EDGE('',*,*,#1244,.F.);
#628=ORIENTED_EDGE('',*,*,#1262,.F.);
#629=ORIENTED_EDGE('',*,*,#1227,.T.);
#630=ORIENTED_EDGE('',*,*,#1223,.T.);
#631=ORIENTED_EDGE('',*,*,#1261,.T.);
#632=ORIENTED_EDGE('',*,*,#1242,.T.);
#633=ORIENTED_EDGE('',*,*,#1239,.T.);
#634=ORIENTED_EDGE('',*,*,#1236,.T.);
#635=ORIENTED_EDGE('',*,*,#1233,.T.);
#636=ORIENTED_EDGE('',*,*,#1230,.T.);
#637=ORIENTED_EDGE('',*,*,#1263,.F.);
#638=ORIENTED_EDGE('',*,*,#1264,.T.);
#639=ORIENTED_EDGE('',*,*,#1265,.T.);
#640=ORIENTED_EDGE('',*,*,#1070,.F.);
#641=ORIENTED_EDGE('',*,*,#1266,.T.);
#642=ORIENTED_EDGE('',*,*,#1267,.T.);
#643=ORIENTED_EDGE('',*,*,#1049,.F.);
#644=ORIENTED_EDGE('',*,*,#1149,.F.);
#645=ORIENTED_EDGE('',*,*,#1039,.T.);
#646=ORIENTED_EDGE('',*,*,#1268,.T.);
#647=ORIENTED_EDGE('',*,*,#1064,.F.);
#648=ORIENTED_EDGE('',*,*,#1269,.T.);
#649=ORIENTED_EDGE('',*,*,#1156,.T.);
#650=ORIENTED_EDGE('',*,*,#1270,.T.);
#651=ORIENTED_EDGE('',*,*,#1083,.T.);
#652=ORIENTED_EDGE('',*,*,#1271,.T.);
#653=ORIENTED_EDGE('',*,*,#1272,.T.);
#654=ORIENTED_EDGE('',*,*,#1273,.T.);
#655=ORIENTED_EDGE('',*,*,#1274,.F.);
#656=ORIENTED_EDGE('',*,*,#1275,.F.);
#657=ORIENTED_EDGE('',*,*,#1276,.T.);
#658=ORIENTED_EDGE('',*,*,#1277,.T.);
#659=ORIENTED_EDGE('',*,*,#1278,.T.);
#660=ORIENTED_EDGE('',*,*,#1279,.T.);
#661=ORIENTED_EDGE('',*,*,#1280,.T.);
#662=ORIENTED_EDGE('',*,*,#1089,.T.);
#663=ORIENTED_EDGE('',*,*,#1281,.T.);
#664=ORIENTED_EDGE('',*,*,#1282,.T.);
#665=ORIENTED_EDGE('',*,*,#1283,.T.);
#666=ORIENTED_EDGE('',*,*,#1284,.F.);
#667=ORIENTED_EDGE('',*,*,#1285,.T.);
#668=ORIENTED_EDGE('',*,*,#1286,.T.);
#669=ORIENTED_EDGE('',*,*,#1287,.T.);
#670=ORIENTED_EDGE('',*,*,#1288,.T.);
#671=ORIENTED_EDGE('',*,*,#1289,.T.);
#672=ORIENTED_EDGE('',*,*,#1290,.T.);
#673=ORIENTED_EDGE('',*,*,#1291,.T.);
#674=ORIENTED_EDGE('',*,*,#1292,.F.);
#675=ORIENTED_EDGE('',*,*,#1293,.T.);
#676=ORIENTED_EDGE('',*,*,#1294,.T.);
#677=ORIENTED_EDGE('',*,*,#1295,.T.);
#678=ORIENTED_EDGE('',*,*,#1296,.T.);
#679=ORIENTED_EDGE('',*,*,#1297,.F.);
#680=ORIENTED_EDGE('',*,*,#1298,.F.);
#681=ORIENTED_EDGE('',*,*,#1299,.T.);
#682=ORIENTED_EDGE('',*,*,#1300,.T.);
#683=ORIENTED_EDGE('',*,*,#1301,.T.);
#684=ORIENTED_EDGE('',*,*,#1290,.F.);
#685=ORIENTED_EDGE('',*,*,#1302,.T.);
#686=ORIENTED_EDGE('',*,*,#1303,.F.);
#687=ORIENTED_EDGE('',*,*,#1292,.T.);
#688=ORIENTED_EDGE('',*,*,#1304,.F.);
#689=ORIENTED_EDGE('',*,*,#1277,.F.);
#690=ORIENTED_EDGE('',*,*,#1305,.T.);
#691=ORIENTED_EDGE('',*,*,#1275,.T.);
#692=ORIENTED_EDGE('',*,*,#1306,.T.);
#693=ORIENTED_EDGE('',*,*,#1307,.T.);
#694=ORIENTED_EDGE('',*,*,#1308,.T.);
#695=ORIENTED_EDGE('',*,*,#1298,.T.);
#696=ORIENTED_EDGE('',*,*,#1309,.T.);
#697=ORIENTED_EDGE('',*,*,#1310,.T.);
#698=ORIENTED_EDGE('',*,*,#1311,.T.);
#699=ORIENTED_EDGE('',*,*,#1300,.F.);
#700=ORIENTED_EDGE('',*,*,#1312,.T.);
#701=ORIENTED_EDGE('',*,*,#1284,.T.);
#702=ORIENTED_EDGE('',*,*,#1313,.F.);
#703=ORIENTED_EDGE('',*,*,#1314,.T.);
#704=ORIENTED_EDGE('',*,*,#1282,.F.);
#705=ORIENTED_EDGE('',*,*,#1315,.T.);
#706=ORIENTED_EDGE('',*,*,#1316,.F.);
#707=ORIENTED_EDGE('',*,*,#1293,.F.);
#708=ORIENTED_EDGE('',*,*,#1317,.T.);
#709=ORIENTED_EDGE('',*,*,#1318,.F.);
#710=ORIENTED_EDGE('',*,*,#1074,.F.);
#711=ORIENTED_EDGE('',*,*,#1150,.T.);
#712=ORIENTED_EDGE('',*,*,#1047,.T.);
#713=ORIENTED_EDGE('',*,*,#1319,.T.);
#714=ORIENTED_EDGE('',*,*,#1320,.T.);
#715=ORIENTED_EDGE('',*,*,#1288,.F.);
#716=ORIENTED_EDGE('',*,*,#1321,.T.);
#717=ORIENTED_EDGE('',*,*,#1155,.F.);
#718=ORIENTED_EDGE('',*,*,#1322,.T.);
#719=ORIENTED_EDGE('',*,*,#1099,.F.);
#720=ORIENTED_EDGE('',*,*,#1323,.T.);
#721=ORIENTED_EDGE('',*,*,#1324,.T.);
#722=ORIENTED_EDGE('',*,*,#1325,.T.);
#723=ORIENTED_EDGE('',*,*,#1263,.T.);
#724=ORIENTED_EDGE('',*,*,#1069,.T.);
#725=ORIENTED_EDGE('',*,*,#1086,.F.);
#726=ORIENTED_EDGE('',*,*,#1052,.F.);
#727=ORIENTED_EDGE('',*,*,#1324,.F.);
#728=ORIENTED_EDGE('',*,*,#1326,.T.);
#729=ORIENTED_EDGE('',*,*,#1327,.T.);
#730=ORIENTED_EDGE('',*,*,#1328,.T.);
#731=ORIENTED_EDGE('',*,*,#1329,.T.);
#732=ORIENTED_EDGE('',*,*,#1330,.T.);
#733=ORIENTED_EDGE('',*,*,#1147,.F.);
#734=ORIENTED_EDGE('',*,*,#1331,.T.);
#735=ORIENTED_EDGE('',*,*,#1322,.F.);
#736=ORIENTED_EDGE('',*,*,#1154,.F.);
#737=ORIENTED_EDGE('',*,*,#1332,.T.);
#738=ORIENTED_EDGE('',*,*,#1294,.F.);
#739=ORIENTED_EDGE('',*,*,#1321,.F.);
#740=ORIENTED_EDGE('',*,*,#1287,.F.);
#741=ORIENTED_EDGE('',*,*,#1333,.T.);
#742=ORIENTED_EDGE('',*,*,#1152,.F.);
#743=ORIENTED_EDGE('',*,*,#1077,.F.);
#744=ORIENTED_EDGE('',*,*,#1334,.T.);
#745=ORIENTED_EDGE('',*,*,#1271,.F.);
#746=ORIENTED_EDGE('',*,*,#1096,.F.);
#747=ORIENTED_EDGE('',*,*,#1280,.F.);
#748=ORIENTED_EDGE('',*,*,#1335,.T.);
#749=ORIENTED_EDGE('',*,*,#1075,.F.);
#750=ORIENTED_EDGE('',*,*,#1090,.F.);
#751=ORIENTED_EDGE('',*,*,#1055,.F.);
#752=ORIENTED_EDGE('',*,*,#1042,.F.);
#753=ORIENTED_EDGE('',*,*,#1336,.F.);
#754=ORIENTED_EDGE('',*,*,#1162,.F.);
#755=ORIENTED_EDGE('',*,*,#1270,.F.);
#756=ORIENTED_EDGE('',*,*,#1159,.F.);
#757=ORIENTED_EDGE('',*,*,#1337,.F.);
#758=ORIENTED_EDGE('',*,*,#1040,.F.);
#759=ORIENTED_EDGE('',*,*,#1338,.F.);
#760=ORIENTED_EDGE('',*,*,#1041,.F.);
#761=ORIENTED_EDGE('',*,*,#1339,.F.);
#762=ORIENTED_EDGE('',*,*,#1165,.F.);
#763=ORIENTED_EDGE('',*,*,#1336,.T.);
#764=ORIENTED_EDGE('',*,*,#1338,.T.);
#765=ORIENTED_EDGE('',*,*,#1340,.F.);
#766=ORIENTED_EDGE('',*,*,#1339,.T.);
#767=ORIENTED_EDGE('',*,*,#1337,.T.);
#768=ORIENTED_EDGE('',*,*,#1341,.F.);
#769=ORIENTED_EDGE('',*,*,#1340,.T.);
#770=ORIENTED_EDGE('',*,*,#1164,.F.);
#771=ORIENTED_EDGE('',*,*,#1342,.F.);
#772=ORIENTED_EDGE('',*,*,#1160,.F.);
#773=ORIENTED_EDGE('',*,*,#1057,.F.);
#774=ORIENTED_EDGE('',*,*,#1161,.F.);
#775=ORIENTED_EDGE('',*,*,#1343,.F.);
#776=ORIENTED_EDGE('',*,*,#1061,.F.);
#777=ORIENTED_EDGE('',*,*,#1269,.F.);
#778=ORIENTED_EDGE('',*,*,#1063,.F.);
#779=ORIENTED_EDGE('',*,*,#1344,.F.);
#780=ORIENTED_EDGE('',*,*,#1157,.F.);
#781=ORIENTED_EDGE('',*,*,#1341,.T.);
#782=ORIENTED_EDGE('',*,*,#1158,.F.);
#783=ORIENTED_EDGE('',*,*,#1345,.F.);
#784=ORIENTED_EDGE('',*,*,#1166,.F.);
#785=ORIENTED_EDGE('',*,*,#1343,.T.);
#786=ORIENTED_EDGE('',*,*,#1342,.T.);
#787=ORIENTED_EDGE('',*,*,#1346,.F.);
#788=ORIENTED_EDGE('',*,*,#1345,.T.);
#789=ORIENTED_EDGE('',*,*,#1344,.T.);
#790=ORIENTED_EDGE('',*,*,#1347,.F.);
#791=ORIENTED_EDGE('',*,*,#1346,.T.);
#792=ORIENTED_EDGE('',*,*,#1163,.F.);
#793=ORIENTED_EDGE('',*,*,#1347,.T.);
#794=ORIENTED_EDGE('',*,*,#1062,.F.);
#795=ORIENTED_EDGE('',*,*,#1348,.F.);
#796=ORIENTED_EDGE('',*,*,#1331,.F.);
#797=ORIENTED_EDGE('',*,*,#1151,.F.);
#798=ORIENTED_EDGE('',*,*,#1145,.F.);
#799=ORIENTED_EDGE('',*,*,#1349,.F.);
#800=ORIENTED_EDGE('',*,*,#1348,.T.);
#801=ORIENTED_EDGE('',*,*,#1350,.F.);
#802=ORIENTED_EDGE('',*,*,#1350,.T.);
#803=ORIENTED_EDGE('',*,*,#1144,.F.);
#804=ORIENTED_EDGE('',*,*,#1351,.F.);
#805=ORIENTED_EDGE('',*,*,#1105,.F.);
#806=ORIENTED_EDGE('',*,*,#1349,.T.);
#807=ORIENTED_EDGE('',*,*,#1104,.F.);
#808=ORIENTED_EDGE('',*,*,#1352,.F.);
#809=ORIENTED_EDGE('',*,*,#1329,.F.);
#810=ORIENTED_EDGE('',*,*,#1148,.F.);
#811=ORIENTED_EDGE('',*,*,#1330,.F.);
#812=ORIENTED_EDGE('',*,*,#1353,.F.);
#813=ORIENTED_EDGE('',*,*,#1266,.F.);
#814=ORIENTED_EDGE('',*,*,#1351,.T.);
#815=ORIENTED_EDGE('',*,*,#1071,.F.);
#816=ORIENTED_EDGE('',*,*,#1354,.F.);
#817=ORIENTED_EDGE('',*,*,#1106,.F.);
#818=ORIENTED_EDGE('',*,*,#1353,.T.);
#819=ORIENTED_EDGE('',*,*,#1352,.T.);
#820=ORIENTED_EDGE('',*,*,#1355,.F.);
#821=ORIENTED_EDGE('',*,*,#1325,.F.);
#822=ORIENTED_EDGE('',*,*,#1328,.F.);
#823=ORIENTED_EDGE('',*,*,#1356,.F.);
#824=ORIENTED_EDGE('',*,*,#1264,.F.);
#825=ORIENTED_EDGE('',*,*,#1354,.T.);
#826=ORIENTED_EDGE('',*,*,#1265,.F.);
#827=ORIENTED_EDGE('',*,*,#1357,.F.);
#828=ORIENTED_EDGE('',*,*,#1107,.F.);
#829=ORIENTED_EDGE('',*,*,#1355,.T.);
#830=ORIENTED_EDGE('',*,*,#1103,.F.);
#831=ORIENTED_EDGE('',*,*,#1358,.F.);
#832=ORIENTED_EDGE('',*,*,#1267,.F.);
#833=ORIENTED_EDGE('',*,*,#1357,.T.);
#834=ORIENTED_EDGE('',*,*,#1356,.T.);
#835=ORIENTED_EDGE('',*,*,#1359,.F.);
#836=ORIENTED_EDGE('',*,*,#1358,.T.);
#837=ORIENTED_EDGE('',*,*,#1102,.F.);
#838=ORIENTED_EDGE('',*,*,#1360,.F.);
#839=ORIENTED_EDGE('',*,*,#1050,.F.);
#840=ORIENTED_EDGE('',*,*,#1359,.T.);
#841=ORIENTED_EDGE('',*,*,#1327,.F.);
#842=ORIENTED_EDGE('',*,*,#1361,.F.);
#843=ORIENTED_EDGE('',*,*,#1100,.F.);
#844=ORIENTED_EDGE('',*,*,#1360,.T.);
#845=ORIENTED_EDGE('',*,*,#1101,.F.);
#846=ORIENTED_EDGE('',*,*,#1362,.F.);
#847=ORIENTED_EDGE('',*,*,#1097,.F.);
#848=ORIENTED_EDGE('',*,*,#1362,.T.);
#849=ORIENTED_EDGE('',*,*,#1361,.T.);
#850=ORIENTED_EDGE('',*,*,#1363,.F.);
#851=ORIENTED_EDGE('',*,*,#1363,.T.);
#852=ORIENTED_EDGE('',*,*,#1326,.F.);
#853=ORIENTED_EDGE('',*,*,#1323,.F.);
#854=ORIENTED_EDGE('',*,*,#1098,.F.);
#855=ORIENTED_EDGE('',*,*,#1364,.F.);
#856=ORIENTED_EDGE('',*,*,#1365,.T.);
#857=ORIENTED_EDGE('',*,*,#1094,.F.);
#858=ORIENTED_EDGE('',*,*,#1366,.T.);
#859=ORIENTED_EDGE('',*,*,#1367,.T.);
#860=ORIENTED_EDGE('',*,*,#1368,.F.);
#861=ORIENTED_EDGE('',*,*,#1366,.F.);
#862=ORIENTED_EDGE('',*,*,#1093,.F.);
#863=ORIENTED_EDGE('',*,*,#1092,.T.);
#864=ORIENTED_EDGE('',*,*,#1369,.T.);
#865=ORIENTED_EDGE('',*,*,#1370,.T.);
#866=ORIENTED_EDGE('',*,*,#1367,.F.);
#867=ORIENTED_EDGE('',*,*,#1370,.F.);
#868=ORIENTED_EDGE('',*,*,#1371,.T.);
#869=ORIENTED_EDGE('',*,*,#1364,.T.);
#870=ORIENTED_EDGE('',*,*,#1368,.T.);
#871=ORIENTED_EDGE('',*,*,#1091,.F.);
#872=ORIENTED_EDGE('',*,*,#1081,.F.);
#873=ORIENTED_EDGE('',*,*,#1372,.F.);
#874=ORIENTED_EDGE('',*,*,#1369,.F.);
#875=ORIENTED_EDGE('',*,*,#1372,.T.);
#876=ORIENTED_EDGE('',*,*,#1080,.F.);
#877=ORIENTED_EDGE('',*,*,#1373,.F.);
#878=ORIENTED_EDGE('',*,*,#1371,.F.);
#879=ORIENTED_EDGE('',*,*,#1095,.F.);
#880=ORIENTED_EDGE('',*,*,#1365,.F.);
#881=ORIENTED_EDGE('',*,*,#1373,.T.);
#882=ORIENTED_EDGE('',*,*,#1079,.F.);
#883=ORIENTED_EDGE('',*,*,#1084,.F.);
#884=ORIENTED_EDGE('',*,*,#1276,.F.);
#885=ORIENTED_EDGE('',*,*,#1308,.F.);
#886=ORIENTED_EDGE('',*,*,#1374,.F.);
#887=ORIENTED_EDGE('',*,*,#1320,.F.);
#888=ORIENTED_EDGE('',*,*,#1375,.F.);
#889=ORIENTED_EDGE('',*,*,#1302,.F.);
#890=ORIENTED_EDGE('',*,*,#1289,.F.);
#891=ORIENTED_EDGE('',*,*,#1317,.F.);
#892=ORIENTED_EDGE('',*,*,#1299,.F.);
#893=ORIENTED_EDGE('',*,*,#1311,.F.);
#894=ORIENTED_EDGE('',*,*,#1376,.F.);
#895=ORIENTED_EDGE('',*,*,#1088,.F.);
#896=ORIENTED_EDGE('',*,*,#1377,.F.);
#897=ORIENTED_EDGE('',*,*,#1315,.F.);
#898=ORIENTED_EDGE('',*,*,#1281,.F.);
#899=ORIENTED_EDGE('',*,*,#1378,.T.);
#900=ORIENTED_EDGE('',*,*,#1037,.T.);
#901=ORIENTED_EDGE('',*,*,#1379,.T.);
#902=ORIENTED_EDGE('',*,*,#1380,.T.);
#903=ORIENTED_EDGE('',*,*,#1381,.F.);
#904=ORIENTED_EDGE('',*,*,#1076,.F.);
#905=ORIENTED_EDGE('',*,*,#1382,.F.);
#906=ORIENTED_EDGE('',*,*,#1383,.T.);
#907=ORIENTED_EDGE('',*,*,#1384,.F.);
#908=ORIENTED_EDGE('',*,*,#1066,.T.);
#909=ORIENTED_EDGE('',*,*,#1385,.T.);
#910=ORIENTED_EDGE('',*,*,#1386,.F.);
#911=ORIENTED_EDGE('',*,*,#1045,.T.);
#912=ORIENTED_EDGE('',*,*,#1387,.T.);
#913=ORIENTED_EDGE('',*,*,#1059,.T.);
#914=ORIENTED_EDGE('',*,*,#1388,.T.);
#915=ORIENTED_EDGE('',*,*,#1389,.T.);
#916=ORIENTED_EDGE('',*,*,#1390,.T.);
#917=ORIENTED_EDGE('',*,*,#1153,.T.);
#918=ORIENTED_EDGE('',*,*,#1391,.T.);
#919=ORIENTED_EDGE('',*,*,#1392,.T.);
#920=ORIENTED_EDGE('',*,*,#1393,.T.);
#921=ORIENTED_EDGE('',*,*,#1394,.F.);
#922=ORIENTED_EDGE('',*,*,#1306,.F.);
#923=ORIENTED_EDGE('',*,*,#1274,.T.);
#924=ORIENTED_EDGE('',*,*,#1314,.F.);
#925=ORIENTED_EDGE('',*,*,#1395,.F.);
#926=ORIENTED_EDGE('',*,*,#1396,.T.);
#927=ORIENTED_EDGE('',*,*,#1397,.T.);
#928=ORIENTED_EDGE('',*,*,#1283,.F.);
#929=ORIENTED_EDGE('',*,*,#1398,.T.);
#930=ORIENTED_EDGE('',*,*,#1399,.T.);
#931=ORIENTED_EDGE('',*,*,#1400,.F.);
#932=ORIENTED_EDGE('',*,*,#1309,.F.);
#933=ORIENTED_EDGE('',*,*,#1297,.T.);
#934=ORIENTED_EDGE('',*,*,#1301,.F.);
#935=ORIENTED_EDGE('',*,*,#1401,.F.);
#936=ORIENTED_EDGE('',*,*,#1402,.T.);
#937=ORIENTED_EDGE('',*,*,#1403,.T.);
#938=ORIENTED_EDGE('',*,*,#1291,.F.);
#939=ORIENTED_EDGE('',*,*,#1404,.F.);
#940=ORIENTED_EDGE('',*,*,#1405,.T.);
#941=ORIENTED_EDGE('',*,*,#1391,.F.);
#942=ORIENTED_EDGE('',*,*,#1333,.F.);
#943=ORIENTED_EDGE('',*,*,#1286,.F.);
#944=ORIENTED_EDGE('',*,*,#1403,.F.);
#945=ORIENTED_EDGE('',*,*,#1406,.T.);
#946=ORIENTED_EDGE('',*,*,#1404,.T.);
#947=ORIENTED_EDGE('',*,*,#1285,.F.);
#948=ORIENTED_EDGE('',*,*,#1390,.F.);
#949=ORIENTED_EDGE('',*,*,#1407,.T.);
#950=ORIENTED_EDGE('',*,*,#1408,.F.);
#951=ORIENTED_EDGE('',*,*,#1295,.F.);
#952=ORIENTED_EDGE('',*,*,#1332,.F.);
#953=ORIENTED_EDGE('',*,*,#1408,.T.);
#954=ORIENTED_EDGE('',*,*,#1409,.T.);
#955=ORIENTED_EDGE('',*,*,#1398,.F.);
#956=ORIENTED_EDGE('',*,*,#1296,.F.);
#957=ORIENTED_EDGE('',*,*,#1410,.F.);
#958=ORIENTED_EDGE('',*,*,#1411,.T.);
#959=ORIENTED_EDGE('',*,*,#1382,.T.);
#960=ORIENTED_EDGE('',*,*,#1335,.F.);
#961=ORIENTED_EDGE('',*,*,#1279,.F.);
#962=ORIENTED_EDGE('',*,*,#1397,.F.);
#963=ORIENTED_EDGE('',*,*,#1412,.T.);
#964=ORIENTED_EDGE('',*,*,#1410,.T.);
#965=ORIENTED_EDGE('',*,*,#1278,.F.);
#966=ORIENTED_EDGE('',*,*,#1381,.T.);
#967=ORIENTED_EDGE('',*,*,#1413,.T.);
#968=ORIENTED_EDGE('',*,*,#1414,.F.);
#969=ORIENTED_EDGE('',*,*,#1272,.F.);
#970=ORIENTED_EDGE('',*,*,#1334,.F.);
#971=ORIENTED_EDGE('',*,*,#1414,.T.);
#972=ORIENTED_EDGE('',*,*,#1415,.T.);
#973=ORIENTED_EDGE('',*,*,#1392,.F.);
#974=ORIENTED_EDGE('',*,*,#1273,.F.);
#975=ORIENTED_EDGE('',*,*,#1412,.F.);
#976=ORIENTED_EDGE('',*,*,#1396,.F.);
#977=ORIENTED_EDGE('',*,*,#1416,.F.);
#978=ORIENTED_EDGE('',*,*,#1383,.F.);
#979=ORIENTED_EDGE('',*,*,#1411,.F.);
#980=ORIENTED_EDGE('',*,*,#1389,.F.);
#981=ORIENTED_EDGE('',*,*,#1417,.F.);
#982=ORIENTED_EDGE('',*,*,#1399,.F.);
#983=ORIENTED_EDGE('',*,*,#1409,.F.);
#984=ORIENTED_EDGE('',*,*,#1407,.F.);
#985=ORIENTED_EDGE('',*,*,#1380,.F.);
#986=ORIENTED_EDGE('',*,*,#1418,.F.);
#987=ORIENTED_EDGE('',*,*,#1393,.F.);
#988=ORIENTED_EDGE('',*,*,#1415,.F.);
#989=ORIENTED_EDGE('',*,*,#1413,.F.);
#990=ORIENTED_EDGE('',*,*,#1406,.F.);
#991=ORIENTED_EDGE('',*,*,#1402,.F.);
#992=ORIENTED_EDGE('',*,*,#1419,.F.);
#993=ORIENTED_EDGE('',*,*,#1385,.F.);
#994=ORIENTED_EDGE('',*,*,#1405,.F.);
#995=ORIENTED_EDGE('',*,*,#1060,.F.);
#996=ORIENTED_EDGE('',*,*,#1387,.F.);
#997=ORIENTED_EDGE('',*,*,#1044,.F.);
#998=ORIENTED_EDGE('',*,*,#1054,.F.);
#999=ORIENTED_EDGE('',*,*,#1065,.F.);
#1000=ORIENTED_EDGE('',*,*,#1268,.F.);
#1001=ORIENTED_EDGE('',*,*,#1038,.F.);
#1002=ORIENTED_EDGE('',*,*,#1378,.F.);
#1003=ORIENTED_EDGE('',*,*,#1384,.T.);
#1004=ORIENTED_EDGE('',*,*,#1416,.T.);
#1005=ORIENTED_EDGE('',*,*,#1395,.T.);
#1006=ORIENTED_EDGE('',*,*,#1316,.T.);
#1007=ORIENTED_EDGE('',*,*,#1377,.T.);
#1008=ORIENTED_EDGE('',*,*,#1087,.F.);
#1009=ORIENTED_EDGE('',*,*,#1067,.F.);
#1010=ORIENTED_EDGE('',*,*,#1313,.T.);
#1011=ORIENTED_EDGE('',*,*,#1400,.T.);
#1012=ORIENTED_EDGE('',*,*,#1417,.T.);
#1013=ORIENTED_EDGE('',*,*,#1388,.F.);
#1014=ORIENTED_EDGE('',*,*,#1058,.T.);
#1015=ORIENTED_EDGE('',*,*,#1318,.T.);
#1016=ORIENTED_EDGE('',*,*,#1376,.T.);
#1017=ORIENTED_EDGE('',*,*,#1310,.F.);
#1018=ORIENTED_EDGE('',*,*,#1312,.F.);
#1019=ORIENTED_EDGE('',*,*,#1394,.T.);
#1020=ORIENTED_EDGE('',*,*,#1418,.T.);
#1021=ORIENTED_EDGE('',*,*,#1379,.F.);
#1022=ORIENTED_EDGE('',*,*,#1036,.F.);
#1023=ORIENTED_EDGE('',*,*,#1085,.T.);
#1024=ORIENTED_EDGE('',*,*,#1374,.T.);
#1025=ORIENTED_EDGE('',*,*,#1307,.F.);
#1026=ORIENTED_EDGE('',*,*,#1305,.F.);
#1027=ORIENTED_EDGE('',*,*,#1386,.T.);
#1028=ORIENTED_EDGE('',*,*,#1419,.T.);
#1029=ORIENTED_EDGE('',*,*,#1401,.T.);
#1030=ORIENTED_EDGE('',*,*,#1303,.T.);
#1031=ORIENTED_EDGE('',*,*,#1375,.T.);
#1032=ORIENTED_EDGE('',*,*,#1319,.F.);
#1033=ORIENTED_EDGE('',*,*,#1046,.F.);
#1034=ORIENTED_EDGE('',*,*,#1304,.T.);
#1035=EDGE_CURVE('',#1420,#1421,#1668,.T.);
#1036=EDGE_CURVE('',#1421,#1422,#1669,.F.);
#1037=EDGE_CURVE('',#1423,#1422,#1670,.T.);
#1038=EDGE_CURVE('',#1423,#1424,#137,.T.);
#1039=EDGE_CURVE('',#1425,#1424,#1671,.T.);
#1040=EDGE_CURVE('',#1425,#1426,#1672,.T.);
#1041=EDGE_CURVE('',#1426,#1427,#1673,.F.);
#1042=EDGE_CURVE('',#1427,#1428,#1674,.F.);
#1043=EDGE_CURVE('',#1429,#1428,#1675,.T.);
#1044=EDGE_CURVE('',#1429,#1430,#138,.T.);
#1045=EDGE_CURVE('',#1431,#1430,#1676,.T.);
#1046=EDGE_CURVE('',#1431,#1432,#1677,.F.);
#1047=EDGE_CURVE('',#1433,#1432,#1678,.T.);
#1048=EDGE_CURVE('',#1434,#1433,#1679,.T.);
#1049=EDGE_CURVE('',#1434,#1435,#1680,.F.);
#1050=EDGE_CURVE('',#1435,#1436,#1681,.T.);
#1051=EDGE_CURVE('',#1436,#1437,#1682,.T.);
#1052=EDGE_CURVE('',#1437,#1420,#1683,.F.);
#1053=EDGE_CURVE('',#1438,#1439,#1684,.T.);
#1054=EDGE_CURVE('',#1438,#1429,#1685,.T.);
#1055=EDGE_CURVE('',#1428,#1440,#139,.T.);
#1056=EDGE_CURVE('',#1441,#1440,#1686,.F.);
#1057=EDGE_CURVE('',#1441,#1439,#140,.F.);
#1058=EDGE_CURVE('',#1442,#1443,#1687,.F.);
#1059=EDGE_CURVE('',#1444,#1442,#1688,.T.);
#1060=EDGE_CURVE('',#1444,#1438,#141,.F.);
#1061=EDGE_CURVE('',#1439,#1445,#1689,.T.);
#1062=EDGE_CURVE('',#1445,#1446,#1690,.T.);
#1063=EDGE_CURVE('',#1446,#1447,#1691,.F.);
#1064=EDGE_CURVE('',#1447,#1448,#1692,.T.);
#1065=EDGE_CURVE('',#1448,#1449,#142,.F.);
#1066=EDGE_CURVE('',#1450,#1449,#1693,.T.);
#1067=EDGE_CURVE('',#1450,#1451,#1694,.T.);
#1068=EDGE_CURVE('',#1452,#1451,#1695,.T.);
#1069=EDGE_CURVE('',#1453,#1452,#1696,.F.);
#1070=EDGE_CURVE('',#1453,#1454,#1697,.F.);
#1071=EDGE_CURVE('',#1454,#1455,#1698,.F.);
#1072=EDGE_CURVE('',#1455,#1456,#1699,.T.);
#1073=EDGE_CURVE('',#1457,#1456,#1700,.F.);
#1074=EDGE_CURVE('',#1457,#1443,#1701,.T.);
#1075=EDGE_CURVE('',#1458,#1459,#1702,.F.);
#1076=EDGE_CURVE('',#1459,#1460,#1703,.T.);
#1077=EDGE_CURVE('',#1460,#1461,#1704,.T.);
#1078=EDGE_CURVE('',#1461,#1462,#143,.T.);
#1079=EDGE_CURVE('',#1462,#1463,#1705,.F.);
#1080=EDGE_CURVE('',#1463,#1464,#1706,.T.);
#1081=EDGE_CURVE('',#1464,#1465,#1707,.T.);
#1082=EDGE_CURVE('',#1465,#1458,#144,.T.);
#1083=EDGE_CURVE('',#1466,#1467,#145,.T.);
#1084=EDGE_CURVE('',#1466,#1468,#1708,.F.);
#1085=EDGE_CURVE('',#1421,#1468,#146,.F.);
#1086=EDGE_CURVE('',#1420,#1452,#147,.T.);
#1087=EDGE_CURVE('',#1451,#1469,#148,.T.);
#1088=EDGE_CURVE('',#1469,#1470,#1709,.T.);
#1089=EDGE_CURVE('',#1471,#1470,#149,.T.);
#1090=EDGE_CURVE('',#1471,#1458,#36,.T.);
#1091=EDGE_CURVE('',#1465,#1472,#37,.T.);
#1092=EDGE_CURVE('',#1473,#1472,#1710,.T.);
#1093=EDGE_CURVE('',#1473,#1474,#150,.F.);
#1094=EDGE_CURVE('',#1474,#1475,#1711,.T.);
#1095=EDGE_CURVE('',#1475,#1462,#38,.T.);
#1096=EDGE_CURVE('',#1461,#1467,#39,.T.);
#1097=EDGE_CURVE('',#1436,#1476,#151,.F.);
#1098=EDGE_CURVE('',#1476,#1477,#1712,.F.);
#1099=EDGE_CURVE('',#1477,#1437,#152,.T.);
#1100=EDGE_CURVE('',#1478,#1479,#153,.T.);
#1101=EDGE_CURVE('',#1479,#1480,#154,.T.);
#1102=EDGE_CURVE('',#1480,#1481,#1713,.F.);
#1103=EDGE_CURVE('',#1481,#1482,#155,.T.);
#1104=EDGE_CURVE('',#1482,#1483,#156,.T.);
#1105=EDGE_CURVE('',#1483,#1484,#157,.T.);
#1106=EDGE_CURVE('',#1484,#1485,#1714,.T.);
#1107=EDGE_CURVE('',#1485,#1478,#158,.T.);
#1108=EDGE_CURVE('',#1486,#1487,#40,.T.);
#1109=EDGE_CURVE('',#1487,#1488,#159,.T.);
#1110=EDGE_CURVE('',#1488,#1489,#160,.T.);
#1111=EDGE_CURVE('',#1489,#1490,#161,.T.);
#1112=EDGE_CURVE('',#1490,#1491,#1715,.F.);
#1113=EDGE_CURVE('',#1491,#1492,#1716,.T.);
#1114=EDGE_CURVE('',#1492,#1493,#1717,.T.);
#1115=EDGE_CURVE('',#1493,#1486,#41,.T.);
#1116=EDGE_CURVE('',#1494,#1495,#1718,.F.);
#1117=EDGE_CURVE('',#1495,#1496,#1719,.T.);
#1118=EDGE_CURVE('',#1496,#1497,#1720,.T.);
#1119=EDGE_CURVE('',#1497,#1498,#1721,.F.);
#1120=EDGE_CURVE('',#1498,#1499,#1722,.F.);
#1121=EDGE_CURVE('',#1499,#1500,#1723,.F.);
#1122=EDGE_CURVE('',#1500,#1501,#1724,.T.);
#1123=EDGE_CURVE('',#1501,#1502,#1725,.F.);
#1124=EDGE_CURVE('',#1502,#1503,#1726,.F.);
#1125=EDGE_CURVE('',#1503,#1504,#1727,.F.);
#1126=EDGE_CURVE('',#1504,#1505,#1728,.T.);
#1127=EDGE_CURVE('',#1505,#1494,#1729,.F.);
#1128=EDGE_CURVE('',#1506,#1507,#1730,.F.);
#1129=EDGE_CURVE('',#1507,#1508,#1731,.T.);
#1130=EDGE_CURVE('',#1508,#1509,#1732,.T.);
#1131=EDGE_CURVE('',#1509,#1510,#1733,.F.);
#1132=EDGE_CURVE('',#1510,#1511,#1734,.T.);
#1133=EDGE_CURVE('',#1511,#1512,#1735,.T.);
#1134=EDGE_CURVE('',#1512,#1513,#1736,.T.);
#1135=EDGE_CURVE('',#1513,#1514,#1737,.T.);
#1136=EDGE_CURVE('',#1514,#1515,#1738,.T.);
#1137=EDGE_CURVE('',#1515,#1516,#1739,.T.);
#1138=EDGE_CURVE('',#1516,#1517,#1740,.T.);
#1139=EDGE_CURVE('',#1517,#1506,#1741,.T.);
#1140=EDGE_CURVE('',#1518,#1519,#1742,.F.);
#1141=EDGE_CURVE('',#1519,#1520,#1743,.T.);
#1142=EDGE_CURVE('',#1520,#1521,#1744,.T.);
#1143=EDGE_CURVE('',#1521,#1518,#1745,.F.);
#1144=EDGE_CURVE('',#1455,#1522,#162,.T.);
#1145=EDGE_CURVE('',#1522,#1523,#1746,.T.);
#1146=EDGE_CURVE('',#1456,#1523,#163,.T.);
#1147=EDGE_CURVE('',#1524,#1525,#164,.T.);
#1148=EDGE_CURVE('',#1525,#1526,#165,.T.);
#1149=EDGE_CURVE('',#1526,#1434,#166,.F.);
#1150=EDGE_CURVE('',#1457,#1433,#167,.T.);
#1151=EDGE_CURVE('',#1523,#1524,#168,.T.);
#1152=EDGE_CURVE('',#1527,#1528,#1747,.T.);
#1153=EDGE_CURVE('',#1529,#1528,#1748,.T.);
#1154=EDGE_CURVE('',#1529,#1530,#1749,.F.);
#1155=EDGE_CURVE('',#1530,#1527,#169,.T.);
#1156=EDGE_CURVE('',#1531,#1532,#1750,.F.);
#1157=EDGE_CURVE('',#1531,#1533,#1751,.F.);
#1158=EDGE_CURVE('',#1533,#1534,#1752,.F.);
#1159=EDGE_CURVE('',#1534,#1532,#1753,.T.);
#1160=EDGE_CURVE('',#1535,#1536,#1754,.T.);
#1161=EDGE_CURVE('',#1536,#1441,#1755,.T.);
#1162=EDGE_CURVE('',#1440,#1535,#1756,.F.);
#1163=EDGE_CURVE('',#1537,#1538,#1757,.F.);
#1164=EDGE_CURVE('',#1538,#1539,#1758,.T.);
#1165=EDGE_CURVE('',#1539,#1540,#1759,.T.);
#1166=EDGE_CURVE('',#1540,#1537,#1760,.F.);
#1167=EDGE_CURVE('',#1541,#1495,#1761,.T.);
#1168=EDGE_CURVE('',#1541,#1542,#1762,.F.);
#1169=EDGE_CURVE('',#1542,#1496,#1763,.T.);
#1170=EDGE_CURVE('',#1543,#1494,#1764,.F.);
#1171=EDGE_CURVE('',#1543,#1541,#1765,.F.);
#1172=EDGE_CURVE('',#1544,#1505,#1766,.F.);
#1173=EDGE_CURVE('',#1544,#1543,#1767,.T.);
#1174=EDGE_CURVE('',#1545,#1504,#1768,.F.);
#1175=EDGE_CURVE('',#1545,#1544,#1769,.T.);
#1176=EDGE_CURVE('',#1546,#1503,#1770,.T.);
#1177=EDGE_CURVE('',#1546,#1545,#1771,.T.);
#1178=EDGE_CURVE('',#1547,#1502,#1772,.F.);
#1179=EDGE_CURVE('',#1547,#1546,#1773,.F.);
#1180=EDGE_CURVE('',#1548,#1501,#1774,.F.);
#1181=EDGE_CURVE('',#1548,#1547,#1775,.T.);
#1182=EDGE_CURVE('',#1549,#1500,#1776,.F.);
#1183=EDGE_CURVE('',#1549,#1548,#1777,.T.);
#1184=EDGE_CURVE('',#1550,#1499,#1778,.T.);
#1185=EDGE_CURVE('',#1550,#1549,#1779,.T.);
#1186=EDGE_CURVE('',#1551,#1498,#1780,.F.);
#1187=EDGE_CURVE('',#1551,#1550,#1781,.F.);
#1188=EDGE_CURVE('',#1552,#1497,#1782,.F.);
#1189=EDGE_CURVE('',#1552,#1551,#1783,.T.);
#1190=EDGE_CURVE('',#1542,#1552,#1784,.T.);
#1191=EDGE_CURVE('',#1553,#1507,#1785,.T.);
#1192=EDGE_CURVE('',#1553,#1554,#1786,.F.);
#1193=EDGE_CURVE('',#1554,#1508,#1787,.F.);
#1194=EDGE_CURVE('',#1555,#1506,#1788,.F.);
#1195=EDGE_CURVE('',#1555,#1553,#1789,.F.);
#1196=EDGE_CURVE('',#1556,#1517,#1790,.F.);
#1197=EDGE_CURVE('',#1556,#1555,#1791,.F.);
#1198=EDGE_CURVE('',#1557,#1516,#1792,.F.);
#1199=EDGE_CURVE('',#1557,#1556,#1793,.F.);
#1200=EDGE_CURVE('',#1558,#1515,#1794,.F.);
#1201=EDGE_CURVE('',#1558,#1557,#1795,.T.);
#1202=EDGE_CURVE('',#1559,#1514,#1796,.F.);
#1203=EDGE_CURVE('',#1559,#1558,#1797,.F.);
#1204=EDGE_CURVE('',#1560,#1513,#1798,.F.);
#1205=EDGE_CURVE('',#1560,#1559,#1799,.F.);
#1206=EDGE_CURVE('',#1561,#1512,#1800,.F.);
#1207=EDGE_CURVE('',#1561,#1560,#1801,.T.);
#1208=EDGE_CURVE('',#1562,#1511,#1802,.F.);
#1209=EDGE_CURVE('',#1562,#1561,#1803,.F.);
#1210=EDGE_CURVE('',#1563,#1510,#1804,.T.);
#1211=EDGE_CURVE('',#1563,#1562,#1805,.F.);
#1212=EDGE_CURVE('',#1564,#1509,#1806,.F.);
#1213=EDGE_CURVE('',#1564,#1563,#1807,.F.);
#1214=EDGE_CURVE('',#1554,#1564,#1808,.F.);
#1215=EDGE_CURVE('',#1565,#1519,#1809,.T.);
#1216=EDGE_CURVE('',#1565,#1566,#1810,.F.);
#1217=EDGE_CURVE('',#1566,#1520,#1811,.T.);
#1218=EDGE_CURVE('',#1567,#1518,#1812,.F.);
#1219=EDGE_CURVE('',#1567,#1565,#1813,.F.);
#1220=EDGE_CURVE('',#1568,#1521,#1814,.F.);
#1221=EDGE_CURVE('',#1568,#1567,#1815,.T.);
#1222=EDGE_CURVE('',#1566,#1568,#1816,.T.);
#1223=EDGE_CURVE('',#1569,#1570,#42,.T.);
#1224=EDGE_CURVE('',#1571,#1569,#43,.T.);
#1225=EDGE_CURVE('',#1571,#1572,#44,.F.);
#1226=EDGE_CURVE('',#1572,#1570,#1817,.T.);
#1227=EDGE_CURVE('',#1573,#1569,#170,.F.);
#1228=EDGE_CURVE('',#1574,#1573,#45,.F.);
#1229=EDGE_CURVE('',#1574,#1571,#171,.F.);
#1230=EDGE_CURVE('',#1575,#1573,#172,.F.);
#1231=EDGE_CURVE('',#1576,#1575,#46,.F.);
#1232=EDGE_CURVE('',#1576,#1574,#173,.F.);
#1233=EDGE_CURVE('',#1577,#1575,#174,.F.);
#1234=EDGE_CURVE('',#1578,#1577,#47,.T.);
#1235=EDGE_CURVE('',#1578,#1576,#175,.F.);
#1236=EDGE_CURVE('',#1579,#1577,#1818,.T.);
#1237=EDGE_CURVE('',#1580,#1579,#1819,.F.);
#1238=EDGE_CURVE('',#1580,#1578,#1820,.T.);
#1239=EDGE_CURVE('',#1581,#1579,#1821,.F.);
#1240=EDGE_CURVE('',#1582,#1581,#1822,.T.);
#1241=EDGE_CURVE('',#1582,#1580,#1823,.T.);
#1242=EDGE_CURVE('',#1583,#1581,#1824,.F.);
#1243=EDGE_CURVE('',#1584,#1583,#48,.F.);
#1244=EDGE_CURVE('',#1584,#1582,#1825,.F.);
#1245=EDGE_CURVE('',#1585,#1487,#49,.F.);
#1246=EDGE_CURVE('',#1585,#1586,#176,.T.);
#1247=EDGE_CURVE('',#1586,#1488,#50,.T.);
#1248=EDGE_CURVE('',#1587,#1486,#1826,.T.);
#1249=EDGE_CURVE('',#1587,#1585,#51,.F.);
#1250=EDGE_CURVE('',#1588,#1493,#52,.T.);
#1251=EDGE_CURVE('',#1588,#1587,#53,.F.);
#1252=EDGE_CURVE('',#1589,#1492,#1827,.T.);
#1253=EDGE_CURVE('',#1589,#1588,#1828,.T.);
#1254=EDGE_CURVE('',#1590,#1491,#1829,.T.);
#1255=EDGE_CURVE('',#1590,#1589,#1830,.F.);
#1256=EDGE_CURVE('',#1591,#1490,#54,.F.);
#1257=EDGE_CURVE('',#1591,#1590,#1831,.F.);
#1258=EDGE_CURVE('',#1592,#1489,#55,.F.);
#1259=EDGE_CURVE('',#1592,#1591,#177,.T.);
#1260=EDGE_CURVE('',#1586,#1592,#178,.T.);
#1261=EDGE_CURVE('',#1570,#1583,#56,.T.);
#1262=EDGE_CURVE('',#1572,#1584,#57,.F.);
#1263=EDGE_CURVE('',#1593,#1453,#179,.T.);
#1264=EDGE_CURVE('',#1593,#1594,#1832,.F.);
#1265=EDGE_CURVE('',#1594,#1454,#180,.T.);
#1266=EDGE_CURVE('',#1526,#1595,#1833,.T.);
#1267=EDGE_CURVE('',#1595,#1435,#181,.F.);
#1268=EDGE_CURVE('',#1424,#1448,#1834,.F.);
#1269=EDGE_CURVE('',#1447,#1531,#182,.T.);
#1270=EDGE_CURVE('',#1532,#1425,#183,.F.);
#1271=EDGE_CURVE('',#1467,#1596,#1835,.F.);
#1272=EDGE_CURVE('',#1596,#1597,#1836,.T.);
#1273=EDGE_CURVE('',#1597,#1598,#184,.T.);
#1274=EDGE_CURVE('',#1599,#1598,#185,.F.);
#1275=EDGE_CURVE('',#1600,#1599,#186,.F.);
#1276=EDGE_CURVE('',#1600,#1466,#187,.T.);
#1277=EDGE_CURVE('',#1601,#1601,#188,.F.);
#1278=EDGE_CURVE('',#1602,#1603,#189,.T.);
#1279=EDGE_CURVE('',#1603,#1604,#1837,.T.);
#1280=EDGE_CURVE('',#1604,#1471,#1838,.T.);
#1281=EDGE_CURVE('',#1470,#1605,#190,.T.);
#1282=EDGE_CURVE('',#1605,#1606,#191,.T.);
#1283=EDGE_CURVE('',#1606,#1602,#192,.T.);
#1284=EDGE_CURVE('',#1607,#1607,#193,.T.);
#1285=EDGE_CURVE('',#1608,#1609,#194,.T.);
#1286=EDGE_CURVE('',#1609,#1610,#1839,.F.);
#1287=EDGE_CURVE('',#1610,#1611,#1840,.F.);
#1288=EDGE_CURVE('',#1611,#1612,#195,.T.);
#1289=EDGE_CURVE('',#1612,#1613,#196,.T.);
#1290=EDGE_CURVE('',#1613,#1614,#197,.T.);
#1291=EDGE_CURVE('',#1614,#1608,#198,.T.);
#1292=EDGE_CURVE('',#1615,#1615,#199,.T.);
#1293=EDGE_CURVE('',#1616,#1617,#200,.T.);
#1294=EDGE_CURVE('',#1617,#1618,#1841,.T.);
#1295=EDGE_CURVE('',#1618,#1619,#1842,.F.);
#1296=EDGE_CURVE('',#1619,#1620,#201,.T.);
#1297=EDGE_CURVE('',#1621,#1620,#202,.F.);
#1298=EDGE_CURVE('',#1622,#1621,#203,.F.);
#1299=EDGE_CURVE('',#1622,#1616,#204,.T.);
#1300=EDGE_CURVE('',#1623,#1623,#205,.F.);
#1301=EDGE_CURVE('',#1624,#1614,#1843,.T.);
#1302=EDGE_CURVE('',#1613,#1625,#1844,.F.);
#1303=EDGE_CURVE('',#1624,#1625,#206,.F.);
#1304=EDGE_CURVE('',#1626,#1626,#207,.T.);
#1305=EDGE_CURVE('',#1627,#1627,#208,.F.);
#1306=EDGE_CURVE('',#1599,#1628,#1845,.F.);
#1307=EDGE_CURVE('',#1628,#1629,#209,.T.);
#1308=EDGE_CURVE('',#1629,#1600,#1846,.T.);
#1309=EDGE_CURVE('',#1621,#1630,#1847,.F.);
#1310=EDGE_CURVE('',#1630,#1631,#210,.T.);
#1311=EDGE_CURVE('',#1631,#1622,#1848,.T.);
#1312=EDGE_CURVE('',#1632,#1632,#211,.F.);
#1313=EDGE_CURVE('',#1633,#1633,#212,.T.);
#1314=EDGE_CURVE('',#1634,#1606,#1849,.T.);
#1315=EDGE_CURVE('',#1605,#1635,#1850,.F.);
#1316=EDGE_CURVE('',#1634,#1635,#213,.F.);
#1317=EDGE_CURVE('',#1616,#1636,#1851,.F.);
#1318=EDGE_CURVE('',#1443,#1636,#214,.F.);
#1319=EDGE_CURVE('',#1432,#1637,#215,.T.);
#1320=EDGE_CURVE('',#1637,#1612,#1852,.T.);
#1321=EDGE_CURVE('',#1611,#1527,#58,.T.);
#1322=EDGE_CURVE('',#1530,#1617,#59,.T.);
#1323=EDGE_CURVE('',#1477,#1638,#216,.T.);
#1324=EDGE_CURVE('',#1638,#1639,#217,.T.);
#1325=EDGE_CURVE('',#1639,#1593,#218,.T.);
#1326=EDGE_CURVE('',#1638,#1640,#1853,.F.);
#1327=EDGE_CURVE('',#1640,#1641,#219,.T.);
#1328=EDGE_CURVE('',#1641,#1639,#1854,.T.);
#1329=EDGE_CURVE('',#1642,#1643,#220,.T.);
#1330=EDGE_CURVE('',#1643,#1525,#1855,.T.);
#1331=EDGE_CURVE('',#1524,#1642,#1856,.F.);
#1332=EDGE_CURVE('',#1529,#1618,#60,.T.);
#1333=EDGE_CURVE('',#1610,#1528,#61,.T.);
#1334=EDGE_CURVE('',#1460,#1596,#62,.T.);
#1335=EDGE_CURVE('',#1604,#1459,#63,.T.);
#1336=EDGE_CURVE('',#1535,#1427,#221,.T.);
#1337=EDGE_CURVE('',#1426,#1534,#222,.F.);
#1338=EDGE_CURVE('',#1427,#1539,#223,.F.);
#1339=EDGE_CURVE('',#1540,#1426,#224,.T.);
#1340=EDGE_CURVE('',#1535,#1539,#225,.F.);
#1341=EDGE_CURVE('',#1540,#1534,#226,.T.);
#1342=EDGE_CURVE('',#1536,#1538,#227,.F.);
#1343=EDGE_CURVE('',#1445,#1536,#228,.T.);
#1344=EDGE_CURVE('',#1533,#1446,#229,.F.);
#1345=EDGE_CURVE('',#1537,#1533,#230,.T.);
#1346=EDGE_CURVE('',#1445,#1538,#231,.F.);
#1347=EDGE_CURVE('',#1537,#1446,#232,.T.);
#1348=EDGE_CURVE('',#1642,#1522,#233,.T.);
#1349=EDGE_CURVE('',#1642,#1483,#234,.T.);
#1350=EDGE_CURVE('',#1483,#1522,#235,.F.);
#1351=EDGE_CURVE('',#1484,#1455,#236,.F.);
#1352=EDGE_CURVE('',#1643,#1482,#237,.T.);
#1353=EDGE_CURVE('',#1595,#1643,#238,.T.);
#1354=EDGE_CURVE('',#1485,#1454,#239,.F.);
#1355=EDGE_CURVE('',#1595,#1482,#240,.T.);
#1356=EDGE_CURVE('',#1594,#1641,#241,.T.);
#1357=EDGE_CURVE('',#1478,#1594,#242,.F.);
#1358=EDGE_CURVE('',#1435,#1481,#243,.T.);
#1359=EDGE_CURVE('',#1478,#1641,#244,.F.);
#1360=EDGE_CURVE('',#1436,#1480,#245,.T.);
#1361=EDGE_CURVE('',#1479,#1640,#246,.F.);
#1362=EDGE_CURVE('',#1476,#1479,#247,.T.);
#1363=EDGE_CURVE('',#1476,#1640,#248,.T.);
#1364=EDGE_CURVE('',#1644,#1645,#1857,.F.);
#1365=EDGE_CURVE('',#1644,#1475,#1858,.T.);
#1366=EDGE_CURVE('',#1474,#1645,#1859,.F.);
#1367=EDGE_CURVE('',#1473,#1646,#1860,.F.);
#1368=EDGE_CURVE('',#1645,#1646,#1861,.T.);
#1369=EDGE_CURVE('',#1472,#1647,#1862,.F.);
#1370=EDGE_CURVE('',#1647,#1646,#1863,.F.);
#1371=EDGE_CURVE('',#1647,#1644,#1864,.F.);
#1372=EDGE_CURVE('',#1647,#1464,#12,.F.);
#1373=EDGE_CURVE('',#1644,#1463,#13,.F.);
#1374=EDGE_CURVE('',#1468,#1629,#249,.T.);
#1375=EDGE_CURVE('',#1625,#1637,#250,.T.);
#1376=EDGE_CURVE('',#1636,#1631,#251,.T.);
#1377=EDGE_CURVE('',#1635,#1469,#252,.T.);
#1378=EDGE_CURVE('',#1449,#1423,#1865,.T.);
#1379=EDGE_CURVE('',#1422,#1648,#1866,.T.);
#1380=EDGE_CURVE('',#1648,#1649,#1867,.T.);
#1381=EDGE_CURVE('',#1460,#1649,#1868,.T.);
#1382=EDGE_CURVE('',#1650,#1459,#1869,.T.);
#1383=EDGE_CURVE('',#1650,#1651,#1870,.F.);
#1384=EDGE_CURVE('',#1450,#1651,#1871,.F.);
#1385=EDGE_CURVE('',#1652,#1653,#1872,.T.);
#1386=EDGE_CURVE('',#1431,#1653,#1873,.F.);
#1387=EDGE_CURVE('',#1430,#1444,#1874,.F.);
#1388=EDGE_CURVE('',#1442,#1654,#1875,.T.);
#1389=EDGE_CURVE('',#1654,#1655,#1876,.F.);
#1390=EDGE_CURVE('',#1655,#1529,#1877,.T.);
#1391=EDGE_CURVE('',#1528,#1652,#1878,.T.);
#1392=EDGE_CURVE('',#1598,#1656,#64,.F.);
#1393=EDGE_CURVE('',#1656,#1657,#1879,.F.);
#1394=EDGE_CURVE('',#1628,#1657,#253,.T.);
#1395=EDGE_CURVE('',#1658,#1634,#254,.T.);
#1396=EDGE_CURVE('',#1658,#1659,#1880,.T.);
#1397=EDGE_CURVE('',#1659,#1602,#65,.T.);
#1398=EDGE_CURVE('',#1620,#1660,#66,.F.);
#1399=EDGE_CURVE('',#1660,#1661,#1881,.F.);
#1400=EDGE_CURVE('',#1630,#1661,#255,.T.);
#1401=EDGE_CURVE('',#1662,#1624,#256,.T.);
#1402=EDGE_CURVE('',#1662,#1663,#1882,.T.);
#1403=EDGE_CURVE('',#1663,#1608,#67,.T.);
#1404=EDGE_CURVE('',#1664,#1609,#257,.T.);
#1405=EDGE_CURVE('',#1664,#1652,#68,.T.);
#1406=EDGE_CURVE('',#1663,#1664,#69,.T.);
#1407=EDGE_CURVE('',#1655,#1665,#70,.T.);
#1408=EDGE_CURVE('',#1619,#1665,#258,.T.);
#1409=EDGE_CURVE('',#1665,#1660,#71,.T.);
#1410=EDGE_CURVE('',#1666,#1603,#259,.T.);
#1411=EDGE_CURVE('',#1666,#1650,#72,.T.);
#1412=EDGE_CURVE('',#1659,#1666,#73,.T.);
#1413=EDGE_CURVE('',#1649,#1667,#74,.T.);
#1414=EDGE_CURVE('',#1597,#1667,#260,.T.);
#1415=EDGE_CURVE('',#1667,#1656,#75,.T.);
#1416=EDGE_CURVE('',#1651,#1658,#261,.F.);
#1417=EDGE_CURVE('',#1661,#1654,#262,.F.);
#1418=EDGE_CURVE('',#1657,#1648,#263,.F.);
#1419=EDGE_CURVE('',#1653,#1662,#264,.F.);
#1420=VERTEX_POINT('',#3696);
#1421=VERTEX_POINT('',#3697);
#1422=VERTEX_POINT('',#3699);
#1423=VERTEX_POINT('',#3701);
#1424=VERTEX_POINT('',#3703);
#1425=VERTEX_POINT('',#3705);
#1426=VERTEX_POINT('',#3707);
#1427=VERTEX_POINT('',#3709);
#1428=VERTEX_POINT('',#3711);
#1429=VERTEX_POINT('',#3713);
#1430=VERTEX_POINT('',#3715);
#1431=VERTEX_POINT('',#3717);
#1432=VERTEX_POINT('',#3719);
#1433=VERTEX_POINT('',#3721);
#1434=VERTEX_POINT('',#3723);
#1435=VERTEX_POINT('',#3725);
#1436=VERTEX_POINT('',#3727);
#1437=VERTEX_POINT('',#3729);
#1438=VERTEX_POINT('',#3733);
#1439=VERTEX_POINT('',#3734);
#1440=VERTEX_POINT('',#3737);
#1441=VERTEX_POINT('',#3739);
#1442=VERTEX_POINT('',#3743);
#1443=VERTEX_POINT('',#3744);
#1444=VERTEX_POINT('',#3746);
#1445=VERTEX_POINT('',#3749);
#1446=VERTEX_POINT('',#3751);
#1447=VERTEX_POINT('',#3753);
#1448=VERTEX_POINT('',#3755);
#1449=VERTEX_POINT('',#3757);
#1450=VERTEX_POINT('',#3759);
#1451=VERTEX_POINT('',#3761);
#1452=VERTEX_POINT('',#3763);
#1453=VERTEX_POINT('',#3765);
#1454=VERTEX_POINT('',#3767);
#1455=VERTEX_POINT('',#3769);
#1456=VERTEX_POINT('',#3771);
#1457=VERTEX_POINT('',#3773);
#1458=VERTEX_POINT('',#3777);
#1459=VERTEX_POINT('',#3778);
#1460=VERTEX_POINT('',#3780);
#1461=VERTEX_POINT('',#3782);
#1462=VERTEX_POINT('',#3784);
#1463=VERTEX_POINT('',#3786);
#1464=VERTEX_POINT('',#3788);
#1465=VERTEX_POINT('',#3790);
#1466=VERTEX_POINT('',#3794);
#1467=VERTEX_POINT('',#3795);
#1468=VERTEX_POINT('',#3797);
#1469=VERTEX_POINT('',#3801);
#1470=VERTEX_POINT('',#3803);
#1471=VERTEX_POINT('',#3805);
#1472=VERTEX_POINT('',#3815);
#1473=VERTEX_POINT('',#3817);
#1474=VERTEX_POINT('',#3819);
#1475=VERTEX_POINT('',#3821);
#1476=VERTEX_POINT('',#3833);
#1477=VERTEX_POINT('',#3835);
#1478=VERTEX_POINT('',#3839);
#1479=VERTEX_POINT('',#3840);
#1480=VERTEX_POINT('',#3842);
#1481=VERTEX_POINT('',#3844);
#1482=VERTEX_POINT('',#3846);
#1483=VERTEX_POINT('',#3848);
#1484=VERTEX_POINT('',#3850);
#1485=VERTEX_POINT('',#3852);
#1486=VERTEX_POINT('',#3858);
#1487=VERTEX_POINT('',#3859);
#1488=VERTEX_POINT('',#3861);
#1489=VERTEX_POINT('',#3863);
#1490=VERTEX_POINT('',#3865);
#1491=VERTEX_POINT('',#3867);
#1492=VERTEX_POINT('',#3869);
#1493=VERTEX_POINT('',#3871);
#1494=VERTEX_POINT('',#3877);
#1495=VERTEX_POINT('',#3878);
#1496=VERTEX_POINT('',#3880);
#1497=VERTEX_POINT('',#3882);
#1498=VERTEX_POINT('',#3884);
#1499=VERTEX_POINT('',#3886);
#1500=VERTEX_POINT('',#3888);
#1501=VERTEX_POINT('',#3890);
#1502=VERTEX_POINT('',#3892);
#1503=VERTEX_POINT('',#3894);
#1504=VERTEX_POINT('',#3896);
#1505=VERTEX_POINT('',#3898);
#1506=VERTEX_POINT('',#3901);
#1507=VERTEX_POINT('',#3902);
#1508=VERTEX_POINT('',#3904);
#1509=VERTEX_POINT('',#3906);
#1510=VERTEX_POINT('',#3908);
#1511=VERTEX_POINT('',#3910);
#1512=VERTEX_POINT('',#3912);
#1513=VERTEX_POINT('',#3914);
#1514=VERTEX_POINT('',#3916);
#1515=VERTEX_POINT('',#3918);
#1516=VERTEX_POINT('',#3920);
#1517=VERTEX_POINT('',#3922);
#1518=VERTEX_POINT('',#3925);
#1519=VERTEX_POINT('',#3926);
#1520=VERTEX_POINT('',#3928);
#1521=VERTEX_POINT('',#3930);
#1522=VERTEX_POINT('',#3934);
#1523=VERTEX_POINT('',#3936);
#1524=VERTEX_POINT('',#3940);
#1525=VERTEX_POINT('',#3941);
#1526=VERTEX_POINT('',#3943);
#1527=VERTEX_POINT('',#3949);
#1528=VERTEX_POINT('',#3950);
#1529=VERTEX_POINT('',#3952);
#1530=VERTEX_POINT('',#3954);
#1531=VERTEX_POINT('',#3958);
#1532=VERTEX_POINT('',#3959);
#1533=VERTEX_POINT('',#3961);
#1534=VERTEX_POINT('',#3963);
#1535=VERTEX_POINT('',#3967);
#1536=VERTEX_POINT('',#3968);
#1537=VERTEX_POINT('',#3973);
#1538=VERTEX_POINT('',#3974);
#1539=VERTEX_POINT('',#3976);
#1540=VERTEX_POINT('',#3978);
#1541=VERTEX_POINT('',#3982);
#1542=VERTEX_POINT('',#3984);
#1543=VERTEX_POINT('',#3988);
#1544=VERTEX_POINT('',#3992);
#1545=VERTEX_POINT('',#3996);
#1546=VERTEX_POINT('',#4000);
#1547=VERTEX_POINT('',#4004);
#1548=VERTEX_POINT('',#4008);
#1549=VERTEX_POINT('',#4012);
#1550=VERTEX_POINT('',#4016);
#1551=VERTEX_POINT('',#4020);
#1552=VERTEX_POINT('',#4024);
#1553=VERTEX_POINT('',#4031);
#1554=VERTEX_POINT('',#4033);
#1555=VERTEX_POINT('',#4037);
#1556=VERTEX_POINT('',#4041);
#1557=VERTEX_POINT('',#4045);
#1558=VERTEX_POINT('',#4049);
#1559=VERTEX_POINT('',#4053);
#1560=VERTEX_POINT('',#4057);
#1561=VERTEX_POINT('',#4061);
#1562=VERTEX_POINT('',#4065);
#1563=VERTEX_POINT('',#4069);
#1564=VERTEX_POINT('',#4073);
#1565=VERTEX_POINT('',#4080);
#1566=VERTEX_POINT('',#4082);
#1567=VERTEX_POINT('',#4086);
#1568=VERTEX_POINT('',#4090);
#1569=VERTEX_POINT('',#4107);
#1570=VERTEX_POINT('',#4108);
#1571=VERTEX_POINT('',#4113);
#1572=VERTEX_POINT('',#4118);
#1573=VERTEX_POINT('',#4122);
#1574=VERTEX_POINT('',#4127);
#1575=VERTEX_POINT('',#4131);
#1576=VERTEX_POINT('',#4136);
#1577=VERTEX_POINT('',#4140);
#1578=VERTEX_POINT('',#4145);
#1579=VERTEX_POINT('',#4149);
#1580=VERTEX_POINT('',#4151);
#1581=VERTEX_POINT('',#4155);
#1582=VERTEX_POINT('',#4157);
#1583=VERTEX_POINT('',#4161);
#1584=VERTEX_POINT('',#4166);
#1585=VERTEX_POINT('',#4173);
#1586=VERTEX_POINT('',#4175);
#1587=VERTEX_POINT('',#4189);
#1588=VERTEX_POINT('',#4206);
#1589=VERTEX_POINT('',#4213);
#1590=VERTEX_POINT('',#4217);
#1591=VERTEX_POINT('',#4224);
#1592=VERTEX_POINT('',#4231);
#1593=VERTEX_POINT('',#4255);
#1594=VERTEX_POINT('',#4257);
#1595=VERTEX_POINT('',#4261);
#1596=VERTEX_POINT('',#4269);
#1597=VERTEX_POINT('',#4271);
#1598=VERTEX_POINT('',#4273);
#1599=VERTEX_POINT('',#4275);
#1600=VERTEX_POINT('',#4277);
#1601=VERTEX_POINT('',#4280);
#1602=VERTEX_POINT('',#4283);
#1603=VERTEX_POINT('',#4284);
#1604=VERTEX_POINT('',#4286);
#1605=VERTEX_POINT('',#4289);
#1606=VERTEX_POINT('',#4291);
#1607=VERTEX_POINT('',#4294);
#1608=VERTEX_POINT('',#4297);
#1609=VERTEX_POINT('',#4298);
#1610=VERTEX_POINT('',#4300);
#1611=VERTEX_POINT('',#4302);
#1612=VERTEX_POINT('',#4304);
#1613=VERTEX_POINT('',#4306);
#1614=VERTEX_POINT('',#4308);
#1615=VERTEX_POINT('',#4311);
#1616=VERTEX_POINT('',#4314);
#1617=VERTEX_POINT('',#4315);
#1618=VERTEX_POINT('',#4317);
#1619=VERTEX_POINT('',#4319);
#1620=VERTEX_POINT('',#4321);
#1621=VERTEX_POINT('',#4323);
#1622=VERTEX_POINT('',#4325);
#1623=VERTEX_POINT('',#4328);
#1624=VERTEX_POINT('',#4331);
#1625=VERTEX_POINT('',#4333);
#1626=VERTEX_POINT('',#4337);
#1627=VERTEX_POINT('',#4340);
#1628=VERTEX_POINT('',#4343);
#1629=VERTEX_POINT('',#4345);
#1630=VERTEX_POINT('',#4349);
#1631=VERTEX_POINT('',#4351);
#1632=VERTEX_POINT('',#4355);
#1633=VERTEX_POINT('',#4358);
#1634=VERTEX_POINT('',#4361);
#1635=VERTEX_POINT('',#4363);
#1636=VERTEX_POINT('',#4367);
#1637=VERTEX_POINT('',#4370);
#1638=VERTEX_POINT('',#4382);
#1639=VERTEX_POINT('',#4384);
#1640=VERTEX_POINT('',#4388);
#1641=VERTEX_POINT('',#4390);
#1642=VERTEX_POINT('',#4394);
#1643=VERTEX_POINT('',#4395);
#1644=VERTEX_POINT('',#4488);
#1645=VERTEX_POINT('',#4489);
#1646=VERTEX_POINT('',#4494);
#1647=VERTEX_POINT('',#4498);
#1648=VERTEX_POINT('',#4518);
#1649=VERTEX_POINT('',#4520);
#1650=VERTEX_POINT('',#4523);
#1651=VERTEX_POINT('',#4525);
#1652=VERTEX_POINT('',#4529);
#1653=VERTEX_POINT('',#4530);
#1654=VERTEX_POINT('',#4534);
#1655=VERTEX_POINT('',#4536);
#1656=VERTEX_POINT('',#4544);
#1657=VERTEX_POINT('',#4546);
#1658=VERTEX_POINT('',#4550);
#1659=VERTEX_POINT('',#4552);
#1660=VERTEX_POINT('',#4562);
#1661=VERTEX_POINT('',#4564);
#1662=VERTEX_POINT('',#4568);
#1663=VERTEX_POINT('',#4570);
#1664=VERTEX_POINT('',#4577);
#1665=VERTEX_POINT('',#4592);
#1666=VERTEX_POINT('',#4601);
#1667=VERTEX_POINT('',#4616);
#1668=LINE('',#3695,#1883);
#1669=LINE('',#3698,#1884);
#1670=LINE('',#3700,#1885);
#1671=LINE('',#3704,#1886);
#1672=LINE('',#3706,#1887);
#1673=LINE('',#3708,#1888);
#1674=LINE('',#3710,#1889);
#1675=LINE('',#3712,#1890);
#1676=LINE('',#3716,#1891);
#1677=LINE('',#3718,#1892);
#1678=LINE('',#3720,#1893);
#1679=LINE('',#3722,#1894);
#1680=LINE('',#3724,#1895);
#1681=LINE('',#3726,#1896);
#1682=LINE('',#3728,#1897);
#1683=LINE('',#3730,#1898);
#1684=LINE('',#3732,#1899);
#1685=LINE('',#3735,#1900);
#1686=LINE('',#3738,#1901);
#1687=LINE('',#3742,#1902);
#1688=LINE('',#3745,#1903);
#1689=LINE('',#3748,#1904);
#1690=LINE('',#3750,#1905);
#1691=LINE('',#3752,#1906);
#1692=LINE('',#3754,#1907);
#1693=LINE('',#3758,#1908);
#1694=LINE('',#3760,#1909);
#1695=LINE('',#3762,#1910);
#1696=LINE('',#3764,#1911);
#1697=LINE('',#3766,#1912);
#1698=LINE('',#3768,#1913);
#1699=LINE('',#3770,#1914);
#1700=LINE('',#3772,#1915);
#1701=LINE('',#3774,#1916);
#1702=LINE('',#3776,#1917);
#1703=LINE('',#3779,#1918);
#1704=LINE('',#3781,#1919);
#1705=LINE('',#3785,#1920);
#1706=LINE('',#3787,#1921);
#1707=LINE('',#3789,#1922);
#1708=LINE('',#3796,#1923);
#1709=LINE('',#3802,#1924);
#1710=LINE('',#3816,#1925);
#1711=LINE('',#3820,#1926);
#1712=LINE('',#3834,#1927);
#1713=LINE('',#3843,#1928);
#1714=LINE('',#3851,#1929);
#1715=LINE('',#3866,#1930);
#1716=LINE('',#3868,#1931);
#1717=LINE('',#3870,#1932);
#1718=LINE('',#3876,#1933);
#1719=LINE('',#3879,#1934);
#1720=LINE('',#3881,#1935);
#1721=LINE('',#3883,#1936);
#1722=LINE('',#3885,#1937);
#1723=LINE('',#3887,#1938);
#1724=LINE('',#3889,#1939);
#1725=LINE('',#3891,#1940);
#1726=LINE('',#3893,#1941);
#1727=LINE('',#3895,#1942);
#1728=LINE('',#3897,#1943);
#1729=LINE('',#3899,#1944);
#1730=LINE('',#3900,#1945);
#1731=LINE('',#3903,#1946);
#1732=LINE('',#3905,#1947);
#1733=LINE('',#3907,#1948);
#1734=LINE('',#3909,#1949);
#1735=LINE('',#3911,#1950);
#1736=LINE('',#3913,#1951);
#1737=LINE('',#3915,#1952);
#1738=LINE('',#3917,#1953);
#1739=LINE('',#3919,#1954);
#1740=LINE('',#3921,#1955);
#1741=LINE('',#3923,#1956);
#1742=LINE('',#3924,#1957);
#1743=LINE('',#3927,#1958);
#1744=LINE('',#3929,#1959);
#1745=LINE('',#3931,#1960);
#1746=LINE('',#3935,#1961);
#1747=LINE('',#3948,#1962);
#1748=LINE('',#3951,#1963);
#1749=LINE('',#3953,#1964);
#1750=LINE('',#3957,#1965);
#1751=LINE('',#3960,#1966);
#1752=LINE('',#3962,#1967);
#1753=LINE('',#3964,#1968);
#1754=LINE('',#3966,#1969);
#1755=LINE('',#3969,#1970);
#1756=LINE('',#3970,#1971);
#1757=LINE('',#3972,#1972);
#1758=LINE('',#3975,#1973);
#1759=LINE('',#3977,#1974);
#1760=LINE('',#3979,#1975);
#1761=LINE('',#3981,#1976);
#1762=LINE('',#3983,#1977);
#1763=LINE('',#3985,#1978);
#1764=LINE('',#3987,#1979);
#1765=LINE('',#3989,#1980);
#1766=LINE('',#3991,#1981);
#1767=LINE('',#3993,#1982);
#1768=LINE('',#3995,#1983);
#1769=LINE('',#3997,#1984);
#1770=LINE('',#3999,#1985);
#1771=LINE('',#4001,#1986);
#1772=LINE('',#4003,#1987);
#1773=LINE('',#4005,#1988);
#1774=LINE('',#4007,#1989);
#1775=LINE('',#4009,#1990);
#1776=LINE('',#4011,#1991);
#1777=LINE('',#4013,#1992);
#1778=LINE('',#4015,#1993);
#1779=LINE('',#4017,#1994);
#1780=LINE('',#4019,#1995);
#1781=LINE('',#4021,#1996);
#1782=LINE('',#4023,#1997);
#1783=LINE('',#4025,#1998);
#1784=LINE('',#4027,#1999);
#1785=LINE('',#4030,#2000);
#1786=LINE('',#4032,#2001);
#1787=LINE('',#4034,#2002);
#1788=LINE('',#4036,#2003);
#1789=LINE('',#4038,#2004);
#1790=LINE('',#4040,#2005);
#1791=LINE('',#4042,#2006);
#1792=LINE('',#4044,#2007);
#1793=LINE('',#4046,#2008);
#1794=LINE('',#4048,#2009);
#1795=LINE('',#4050,#2010);
#1796=LINE('',#4052,#2011);
#1797=LINE('',#4054,#2012);
#1798=LINE('',#4056,#2013);
#1799=LINE('',#4058,#2014);
#1800=LINE('',#4060,#2015);
#1801=LINE('',#4062,#2016);
#1802=LINE('',#4064,#2017);
#1803=LINE('',#4066,#2018);
#1804=LINE('',#4068,#2019);
#1805=LINE('',#4070,#2020);
#1806=LINE('',#4072,#2021);
#1807=LINE('',#4074,#2022);
#1808=LINE('',#4076,#2023);
#1809=LINE('',#4079,#2024);
#1810=LINE('',#4081,#2025);
#1811=LINE('',#4083,#2026);
#1812=LINE('',#4085,#2027);
#1813=LINE('',#4087,#2028);
#1814=LINE('',#4089,#2029);
#1815=LINE('',#4091,#2030);
#1816=LINE('',#4093,#2031);
#1817=LINE('',#4119,#2032);
#1818=LINE('',#4148,#2033);
#1819=LINE('',#4150,#2034);
#1820=LINE('',#4152,#2035);
#1821=LINE('',#4154,#2036);
#1822=LINE('',#4156,#2037);
#1823=LINE('',#4158,#2038);
#1824=LINE('',#4160,#2039);
#1825=LINE('',#4167,#2040);
#1826=LINE('',#4188,#2041);
#1827=LINE('',#4212,#2042);
#1828=LINE('',#4214,#2043);
#1829=LINE('',#4216,#2044);
#1830=LINE('',#4218,#2045);
#1831=LINE('',#4225,#2046);
#1832=LINE('',#4256,#2047);
#1833=LINE('',#4260,#2048);
#1834=LINE('',#4264,#2049);
#1835=LINE('',#4268,#2050);
#1836=LINE('',#4270,#2051);
#1837=LINE('',#4285,#2052);
#1838=LINE('',#4287,#2053);
#1839=LINE('',#4299,#2054);
#1840=LINE('',#4301,#2055);
#1841=LINE('',#4316,#2056);
#1842=LINE('',#4318,#2057);
#1843=LINE('',#4330,#2058);
#1844=LINE('',#4332,#2059);
#1845=LINE('',#4342,#2060);
#1846=LINE('',#4346,#2061);
#1847=LINE('',#4348,#2062);
#1848=LINE('',#4352,#2063);
#1849=LINE('',#4360,#2064);
#1850=LINE('',#4362,#2065);
#1851=LINE('',#4366,#2066);
#1852=LINE('',#4371,#2067);
#1853=LINE('',#4387,#2068);
#1854=LINE('',#4391,#2069);
#1855=LINE('',#4396,#2070);
#1856=LINE('',#4397,#2071);
#1857=LINE('',#4487,#2072);
#1858=LINE('',#4490,#2073);
#1859=LINE('',#4491,#2074);
#1860=LINE('',#4493,#2075);
#1861=LINE('',#4495,#2076);
#1862=LINE('',#4497,#2077);
#1863=LINE('',#4499,#2078);
#1864=LINE('',#4501,#2079);
#1865=LINE('',#4516,#2080);
#1866=LINE('',#4517,#2081);
#1867=LINE('',#4519,#2082);
#1868=LINE('',#4521,#2083);
#1869=LINE('',#4522,#2084);
#1870=LINE('',#4524,#2085);
#1871=LINE('',#4526,#2086);
#1872=LINE('',#4528,#2087);
#1873=LINE('',#4531,#2088);
#1874=LINE('',#4532,#2089);
#1875=LINE('',#4533,#2090);
#1876=LINE('',#4535,#2091);
#1877=LINE('',#4537,#2092);
#1878=LINE('',#4538,#2093);
#1879=LINE('',#4545,#2094);
#1880=LINE('',#4551,#2095);
#1881=LINE('',#4563,#2096);
#1882=LINE('',#4569,#2097);
#1883=VECTOR('',#2932,1.);
#1884=VECTOR('',#2933,1.);
#1885=VECTOR('',#2934,1.);
#1886=VECTOR('',#2937,1.);
#1887=VECTOR('',#2938,1.);
#1888=VECTOR('',#2939,1.);
#1889=VECTOR('',#2940,1.);
#1890=VECTOR('',#2941,1.);
#1891=VECTOR('',#2944,1.);
#1892=VECTOR('',#2945,1.);
#1893=VECTOR('',#2946,1.);
#1894=VECTOR('',#2947,1.);
#1895=VECTOR('',#2948,1.);
#1896=VECTOR('',#2949,1.);
#1897=VECTOR('',#2950,1.);
#1898=VECTOR('',#2951,1.);
#1899=VECTOR('',#2954,1.);
#1900=VECTOR('',#2955,1.);
#1901=VECTOR('',#2958,1.);
#1902=VECTOR('',#2963,1.);
#1903=VECTOR('',#2964,1.);
#1904=VECTOR('',#2967,1.);
#1905=VECTOR('',#2968,1.);
#1906=VECTOR('',#2969,1.);
#1907=VECTOR('',#2970,1.);
#1908=VECTOR('',#2973,1.);
#1909=VECTOR('',#2974,1.);
#1910=VECTOR('',#2975,1.);
#1911=VECTOR('',#2976,1.);
#1912=VECTOR('',#2977,1.);
#1913=VECTOR('',#2978,1.);
#1914=VECTOR('',#2979,1.);
#1915=VECTOR('',#2980,1.);
#1916=VECTOR('',#2981,1.);
#1917=VECTOR('',#2984,1.);
#1918=VECTOR('',#2985,1.);
#1919=VECTOR('',#2986,1.);
#1920=VECTOR('',#2989,1.);
#1921=VECTOR('',#2990,1.);
#1922=VECTOR('',#2991,1.);
#1923=VECTOR('',#2998,1.);
#1924=VECTOR('',#3005,1.);
#1925=VECTOR('',#3008,1.);
#1926=VECTOR('',#3011,1.);
#1927=VECTOR('',#3016,1.);
#1928=VECTOR('',#3025,1.);
#1929=VECTOR('',#3032,1.);
#1930=VECTOR('',#3041,1.);
#1931=VECTOR('',#3042,1.);
#1932=VECTOR('',#3043,1.);
#1933=VECTOR('',#3044,1.);
#1934=VECTOR('',#3045,1.);
#1935=VECTOR('',#3046,1.);
#1936=VECTOR('',#3047,1.);
#1937=VECTOR('',#3048,1.);
#1938=VECTOR('',#3049,1.);
#1939=VECTOR('',#3050,1.);
#1940=VECTOR('',#3051,1.);
#1941=VECTOR('',#3052,1.);
#1942=VECTOR('',#3053,1.);
#1943=VECTOR('',#3054,1.);
#1944=VECTOR('',#3055,1.);
#1945=VECTOR('',#3056,1.);
#1946=VECTOR('',#3057,1.);
#1947=VECTOR('',#3058,1.);
#1948=VECTOR('',#3059,1.);
#1949=VECTOR('',#3060,1.);
#1950=VECTOR('',#3061,1.);
#1951=VECTOR('',#3062,1.);
#1952=VECTOR('',#3063,1.);
#1953=VECTOR('',#3064,1.);
#1954=VECTOR('',#3065,1.);
#1955=VECTOR('',#3066,1.);
#1956=VECTOR('',#3067,1.);
#1957=VECTOR('',#3068,1.);
#1958=VECTOR('',#3069,1.);
#1959=VECTOR('',#3070,1.);
#1960=VECTOR('',#3071,1.);
#1961=VECTOR('',#3076,1.);
#1962=VECTOR('',#3093,1.);
#1963=VECTOR('',#3094,1.);
#1964=VECTOR('',#3095,1.);
#1965=VECTOR('',#3100,1.);
#1966=VECTOR('',#3101,1.);
#1967=VECTOR('',#3102,1.);
#1968=VECTOR('',#3103,1.);
#1969=VECTOR('',#3106,1.);
#1970=VECTOR('',#3107,1.);
#1971=VECTOR('',#3108,1.);
#1972=VECTOR('',#3111,1.);
#1973=VECTOR('',#3112,1.);
#1974=VECTOR('',#3113,1.);
#1975=VECTOR('',#3114,1.);
#1976=VECTOR('',#3117,1.);
#1977=VECTOR('',#3118,1.);
#1978=VECTOR('',#3119,1.);
#1979=VECTOR('',#3122,1.);
#1980=VECTOR('',#3123,1.);
#1981=VECTOR('',#3126,1.);
#1982=VECTOR('',#3127,1.);
#1983=VECTOR('',#3130,1.);
#1984=VECTOR('',#3131,1.);
#1985=VECTOR('',#3134,1.);
#1986=VECTOR('',#3135,1.);
#1987=VECTOR('',#3138,1.);
#1988=VECTOR('',#3139,1.);
#1989=VECTOR('',#3142,1.);
#1990=VECTOR('',#3143,1.);
#1991=VECTOR('',#3146,1.);
#1992=VECTOR('',#3147,1.);
#1993=VECTOR('',#3150,1.);
#1994=VECTOR('',#3151,1.);
#1995=VECTOR('',#3154,1.);
#1996=VECTOR('',#3155,1.);
#1997=VECTOR('',#3158,1.);
#1998=VECTOR('',#3159,1.);
#1999=VECTOR('',#3162,1.);
#2000=VECTOR('',#3167,1.);
#2001=VECTOR('',#3168,1.);
#2002=VECTOR('',#3169,1.);
#2003=VECTOR('',#3172,1.);
#2004=VECTOR('',#3173,1.);
#2005=VECTOR('',#3176,1.);
#2006=VECTOR('',#3177,1.);
#2007=VECTOR('',#3180,1.);
#2008=VECTOR('',#3181,1.);
#2009=VECTOR('',#3184,1.);
#2010=VECTOR('',#3185,1.);
#2011=VECTOR('',#3188,1.);
#2012=VECTOR('',#3189,1.);
#2013=VECTOR('',#3192,1.);
#2014=VECTOR('',#3193,1.);
#2015=VECTOR('',#3196,1.);
#2016=VECTOR('',#3197,1.);
#2017=VECTOR('',#3200,1.);
#2018=VECTOR('',#3201,1.);
#2019=VECTOR('',#3204,1.);
#2020=VECTOR('',#3205,1.);
#2021=VECTOR('',#3208,1.);
#2022=VECTOR('',#3209,1.);
#2023=VECTOR('',#3212,1.);
#2024=VECTOR('',#3217,1.);
#2025=VECTOR('',#3218,1.);
#2026=VECTOR('',#3219,1.);
#2027=VECTOR('',#3222,1.);
#2028=VECTOR('',#3223,1.);
#2029=VECTOR('',#3226,1.);
#2030=VECTOR('',#3227,1.);
#2031=VECTOR('',#3230,1.);
#2032=VECTOR('',#3233,1.);
#2033=VECTOR('',#3254,1.);
#2034=VECTOR('',#3255,1.);
#2035=VECTOR('',#3256,1.);
#2036=VECTOR('',#3259,1.);
#2037=VECTOR('',#3260,1.);
#2038=VECTOR('',#3261,1.);
#2039=VECTOR('',#3264,1.);
#2040=VECTOR('',#3265,1.);
#2041=VECTOR('',#3270,1.);
#2042=VECTOR('',#3273,1.);
#2043=VECTOR('',#3274,1.);
#2044=VECTOR('',#3277,1.);
#2045=VECTOR('',#3278,1.);
#2046=VECTOR('',#3281,1.);
#2047=VECTOR('',#3298,1.);
#2048=VECTOR('',#3303,1.);
#2049=VECTOR('',#3308,1.);
#2050=VECTOR('',#3315,1.);
#2051=VECTOR('',#3316,1.);
#2052=VECTOR('',#3331,1.);
#2053=VECTOR('',#3332,1.);
#2054=VECTOR('',#3345,1.);
#2055=VECTOR('',#3346,1.);
#2056=VECTOR('',#3361,1.);
#2057=VECTOR('',#3362,1.);
#2058=VECTOR('',#3375,1.);
#2059=VECTOR('',#3376,1.);
#2060=VECTOR('',#3389,1.);
#2061=VECTOR('',#3392,1.);
#2062=VECTOR('',#3395,1.);
#2063=VECTOR('',#3398,1.);
#2064=VECTOR('',#3409,1.);
#2065=VECTOR('',#3410,1.);
#2066=VECTOR('',#3415,1.);
#2067=VECTOR('',#3420,1.);
#2068=VECTOR('',#3431,1.);
#2069=VECTOR('',#3434,1.);
#2070=VECTOR('',#3439,1.);
#2071=VECTOR('',#3440,1.);
#2072=VECTOR('',#3563,1.);
#2073=VECTOR('',#3564,1.);
#2074=VECTOR('',#3565,1.);
#2075=VECTOR('',#3568,1.);
#2076=VECTOR('',#3569,1.);
#2077=VECTOR('',#3572,1.);
#2078=VECTOR('',#3573,1.);
#2079=VECTOR('',#3576,1.);
#2080=VECTOR('',#3605,1.);
#2081=VECTOR('',#3606,1.);
#2082=VECTOR('',#3607,1.);
#2083=VECTOR('',#3608,1.);
#2084=VECTOR('',#3609,1.);
#2085=VECTOR('',#3610,1.);
#2086=VECTOR('',#3611,1.);
#2087=VECTOR('',#3614,1.);
#2088=VECTOR('',#3615,1.);
#2089=VECTOR('',#3616,1.);
#2090=VECTOR('',#3617,1.);
#2091=VECTOR('',#3618,1.);
#2092=VECTOR('',#3619,1.);
#2093=VECTOR('',#3620,1.);
#2094=VECTOR('',#3623,1.);
#2095=VECTOR('',#3630,1.);
#2096=VECTOR('',#3633,1.);
#2097=VECTOR('',#3640,1.);
#2098=EDGE_LOOP('',(#265,#266,#267,#268,#269,#270,#271,#272,#273,#274,#275,
#276,#277,#278,#279,#280,#281,#282));
#2099=EDGE_LOOP('',(#283,#284,#285,#286,#287,#288));
#2100=EDGE_LOOP('',(#289,#290,#291,#292,#293,#294,#295,#296,#297,#298,#299,
#300,#301,#302,#303,#304,#305,#306));
#2101=EDGE_LOOP('',(#307,#308,#309,#310,#311,#312,#313,#314));
#2102=EDGE_LOOP('',(#315,#316,#317,#318,#319,#320,#321,#322,#323,#324,#325,
#326,#327,#328,#329,#330,#331,#332));
#2103=EDGE_LOOP('',(#333,#334,#335,#336));
#2104=EDGE_LOOP('',(#337,#338,#339,#340,#341,#342,#343,#344));
#2105=EDGE_LOOP('',(#345,#346,#347,#348,#349,#350,#351,#352));
#2106=EDGE_LOOP('',(#353,#354,#355,#356,#357,#358,#359,#360,#361,#362,#363,
#364));
#2107=EDGE_LOOP('',(#365,#366,#367,#368,#369,#370,#371,#372,#373,#374,#375,
#376));
#2108=EDGE_LOOP('',(#377,#378,#379,#380));
#2109=EDGE_LOOP('',(#381,#382,#383,#384));
#2110=EDGE_LOOP('',(#385,#386,#387,#388,#389,#390,#391,#392));
#2111=EDGE_LOOP('',(#393,#394,#395,#396));
#2112=EDGE_LOOP('',(#397,#398,#399,#400));
#2113=EDGE_LOOP('',(#401,#402,#403,#404));
#2114=EDGE_LOOP('',(#405,#406,#407,#408));
#2115=EDGE_LOOP('',(#409,#410,#411,#412));
#2116=EDGE_LOOP('',(#413,#414,#415,#416));
#2117=EDGE_LOOP('',(#417,#418,#419,#420));
#2118=EDGE_LOOP('',(#421,#422,#423,#424));
#2119=EDGE_LOOP('',(#425,#426,#427,#428));
#2120=EDGE_LOOP('',(#429,#430,#431,#432));
#2121=EDGE_LOOP('',(#433,#434,#435,#436));
#2122=EDGE_LOOP('',(#437,#438,#439,#440));
#2123=EDGE_LOOP('',(#441,#442,#443,#444));
#2124=EDGE_LOOP('',(#445,#446,#447,#448));
#2125=EDGE_LOOP('',(#449,#450,#451,#452));
#2126=EDGE_LOOP('',(#453,#454,#455,#456));
#2127=EDGE_LOOP('',(#457,#458,#459,#460,#461,#462,#463,#464,#465,#466,#467,
#468));
#2128=EDGE_LOOP('',(#469,#470,#471,#472));
#2129=EDGE_LOOP('',(#473,#474,#475,#476));
#2130=EDGE_LOOP('',(#477,#478,#479,#480));
#2131=EDGE_LOOP('',(#481,#482,#483,#484));
#2132=EDGE_LOOP('',(#485,#486,#487,#488));
#2133=EDGE_LOOP('',(#489,#490,#491,#492));
#2134=EDGE_LOOP('',(#493,#494,#495,#496));
#2135=EDGE_LOOP('',(#497,#498,#499,#500));
#2136=EDGE_LOOP('',(#501,#502,#503,#504));
#2137=EDGE_LOOP('',(#505,#506,#507,#508));
#2138=EDGE_LOOP('',(#509,#510,#511,#512));
#2139=EDGE_LOOP('',(#513,#514,#515,#516));
#2140=EDGE_LOOP('',(#517,#518,#519,#520,#521,#522,#523,#524,#525,#526,#527,
#528));
#2141=EDGE_LOOP('',(#529,#530,#531,#532));
#2142=EDGE_LOOP('',(#533,#534,#535,#536));
#2143=EDGE_LOOP('',(#537,#538,#539,#540));
#2144=EDGE_LOOP('',(#541,#542,#543,#544));
#2145=EDGE_LOOP('',(#545,#546,#547,#548));
#2146=EDGE_LOOP('',(#549,#550,#551,#552));
#2147=EDGE_LOOP('',(#553,#554,#555,#556));
#2148=EDGE_LOOP('',(#557,#558,#559,#560));
#2149=EDGE_LOOP('',(#561,#562,#563,#564));
#2150=EDGE_LOOP('',(#565,#566,#567,#568));
#2151=EDGE_LOOP('',(#569,#570,#571,#572));
#2152=EDGE_LOOP('',(#573,#574,#575,#576));
#2153=EDGE_LOOP('',(#577,#578,#579,#580));
#2154=EDGE_LOOP('',(#581,#582,#583,#584));
#2155=EDGE_LOOP('',(#585,#586,#587,#588));
#2156=EDGE_LOOP('',(#589,#590,#591,#592));
#2157=EDGE_LOOP('',(#593,#594,#595,#596));
#2158=EDGE_LOOP('',(#597,#598,#599,#600));
#2159=EDGE_LOOP('',(#601,#602,#603,#604));
#2160=EDGE_LOOP('',(#605,#606,#607,#608));
#2161=EDGE_LOOP('',(#609,#610,#611,#612));
#2162=EDGE_LOOP('',(#613,#614,#615,#616,#617,#618,#619,#620));
#2163=EDGE_LOOP('',(#621,#622,#623,#624,#625,#626,#627,#628));
#2164=EDGE_LOOP('',(#629,#630,#631,#632,#633,#634,#635,#636));
#2165=EDGE_LOOP('',(#637,#638,#639,#640));
#2166=EDGE_LOOP('',(#641,#642,#643,#644));
#2167=EDGE_LOOP('',(#645,#646,#647,#648,#649,#650));
#2168=EDGE_LOOP('',(#651,#652,#653,#654,#655,#656,#657));
#2169=EDGE_LOOP('',(#658));
#2170=EDGE_LOOP('',(#659,#660,#661,#662,#663,#664,#665));
#2171=EDGE_LOOP('',(#666));
#2172=EDGE_LOOP('',(#667,#668,#669,#670,#671,#672,#673));
#2173=EDGE_LOOP('',(#674));
#2174=EDGE_LOOP('',(#675,#676,#677,#678,#679,#680,#681));
#2175=EDGE_LOOP('',(#682));
#2176=EDGE_LOOP('',(#683,#684,#685,#686));
#2177=EDGE_LOOP('',(#687));
#2178=EDGE_LOOP('',(#688));
#2179=EDGE_LOOP('',(#689));
#2180=EDGE_LOOP('',(#690));
#2181=EDGE_LOOP('',(#691,#692,#693,#694));
#2182=EDGE_LOOP('',(#695,#696,#697,#698));
#2183=EDGE_LOOP('',(#699));
#2184=EDGE_LOOP('',(#700));
#2185=EDGE_LOOP('',(#701));
#2186=EDGE_LOOP('',(#702));
#2187=EDGE_LOOP('',(#703,#704,#705,#706));
#2188=EDGE_LOOP('',(#707,#708,#709,#710,#711,#712,#713,#714,#715,#716,#717,
#718));
#2189=EDGE_LOOP('',(#719,#720,#721,#722,#723,#724,#725,#726));
#2190=EDGE_LOOP('',(#727,#728,#729,#730));
#2191=EDGE_LOOP('',(#731,#732,#733,#734));
#2192=EDGE_LOOP('',(#735,#736,#737,#738));
#2193=EDGE_LOOP('',(#739,#740,#741,#742));
#2194=EDGE_LOOP('',(#743,#744,#745,#746));
#2195=EDGE_LOOP('',(#747,#748,#749,#750));
#2196=EDGE_LOOP('',(#751,#752,#753,#754));
#2197=EDGE_LOOP('',(#755,#756,#757,#758));
#2198=EDGE_LOOP('',(#759,#760,#761,#762));
#2199=EDGE_LOOP('',(#763,#764,#765));
#2200=EDGE_LOOP('',(#766,#767,#768));
#2201=EDGE_LOOP('',(#769,#770,#771,#772));
#2202=EDGE_LOOP('',(#773,#774,#775,#776));
#2203=EDGE_LOOP('',(#777,#778,#779,#780));
#2204=EDGE_LOOP('',(#781,#782,#783,#784));
#2205=EDGE_LOOP('',(#785,#786,#787));
#2206=EDGE_LOOP('',(#788,#789,#790));
#2207=EDGE_LOOP('',(#791,#792,#793,#794));
#2208=EDGE_LOOP('',(#795,#796,#797,#798));
#2209=EDGE_LOOP('',(#799,#800,#801));
#2210=EDGE_LOOP('',(#802,#803,#804,#805));
#2211=EDGE_LOOP('',(#806,#807,#808,#809));
#2212=EDGE_LOOP('',(#810,#811,#812,#813));
#2213=EDGE_LOOP('',(#814,#815,#816,#817));
#2214=EDGE_LOOP('',(#818,#819,#820));
#2215=EDGE_LOOP('',(#821,#822,#823,#824));
#2216=EDGE_LOOP('',(#825,#826,#827,#828));
#2217=EDGE_LOOP('',(#829,#830,#831,#832));
#2218=EDGE_LOOP('',(#833,#834,#835));
#2219=EDGE_LOOP('',(#836,#837,#838,#839));
#2220=EDGE_LOOP('',(#840,#841,#842,#843));
#2221=EDGE_LOOP('',(#844,#845,#846,#847));
#2222=EDGE_LOOP('',(#848,#849,#850));
#2223=EDGE_LOOP('',(#851,#852,#853,#854));
#2224=EDGE_LOOP('',(#855,#856,#857,#858));
#2225=EDGE_LOOP('',(#859,#860,#861,#862));
#2226=EDGE_LOOP('',(#863,#864,#865,#866));
#2227=EDGE_LOOP('',(#867,#868,#869,#870));
#2228=EDGE_LOOP('',(#871,#872,#873,#874));
#2229=EDGE_LOOP('',(#875,#876,#877,#878));
#2230=EDGE_LOOP('',(#879,#880,#881,#882));
#2231=EDGE_LOOP('',(#883,#884,#885,#886));
#2232=EDGE_LOOP('',(#887,#888,#889,#890));
#2233=EDGE_LOOP('',(#891,#892,#893,#894));
#2234=EDGE_LOOP('',(#895,#896,#897,#898));
#2235=EDGE_LOOP('',(#899,#900,#901,#902,#903,#904,#905,#906,#907,#908));
#2236=EDGE_LOOP('',(#909,#910,#911,#912,#913,#914,#915,#916,#917,#918));
#2237=EDGE_LOOP('',(#919,#920,#921,#922,#923));
#2238=EDGE_LOOP('',(#924,#925,#926,#927,#928));
#2239=EDGE_LOOP('',(#929,#930,#931,#932,#933));
#2240=EDGE_LOOP('',(#934,#935,#936,#937,#938));
#2241=EDGE_LOOP('',(#939,#940,#941,#942,#943));
#2242=EDGE_LOOP('',(#944,#945,#946,#947));
#2243=EDGE_LOOP('',(#948,#949,#950,#951,#952));
#2244=EDGE_LOOP('',(#953,#954,#955,#956));
#2245=EDGE_LOOP('',(#957,#958,#959,#960,#961));
#2246=EDGE_LOOP('',(#962,#963,#964,#965));
#2247=EDGE_LOOP('',(#966,#967,#968,#969,#970));
#2248=EDGE_LOOP('',(#971,#972,#973,#974));
#2249=EDGE_LOOP('',(#975,#976,#977,#978,#979));
#2250=EDGE_LOOP('',(#980,#981,#982,#983,#984));
#2251=EDGE_LOOP('',(#985,#986,#987,#988,#989));
#2252=EDGE_LOOP('',(#990,#991,#992,#993,#994));
#2253=EDGE_LOOP('',(#995,#996,#997,#998));
#2254=EDGE_LOOP('',(#999,#1000,#1001,#1002));
#2255=EDGE_LOOP('',(#1003,#1004,#1005,#1006,#1007,#1008,#1009));
#2256=EDGE_LOOP('',(#1010));
#2257=EDGE_LOOP('',(#1011,#1012,#1013,#1014,#1015,#1016,#1017));
#2258=EDGE_LOOP('',(#1018));
#2259=EDGE_LOOP('',(#1019,#1020,#1021,#1022,#1023,#1024,#1025));
#2260=EDGE_LOOP('',(#1026));
#2261=EDGE_LOOP('',(#1027,#1028,#1029,#1030,#1031,#1032,#1033));
#2262=EDGE_LOOP('',(#1034));
#2263=FACE_BOUND('',#2098,.T.);
#2264=FACE_BOUND('',#2099,.T.);
#2265=FACE_BOUND('',#2100,.T.);
#2266=FACE_BOUND('',#2101,.T.);
#2267=FACE_BOUND('',#2102,.T.);
#2268=FACE_BOUND('',#2103,.T.);
#2269=FACE_BOUND('',#2104,.T.);
#2270=FACE_BOUND('',#2105,.T.);
#2271=FACE_BOUND('',#2106,.T.);
#2272=FACE_BOUND('',#2107,.T.);
#2273=FACE_BOUND('',#2108,.T.);
#2274=FACE_BOUND('',#2109,.T.);
#2275=FACE_BOUND('',#2110,.T.);
#2276=FACE_BOUND('',#2111,.T.);
#2277=FACE_BOUND('',#2112,.T.);
#2278=FACE_BOUND('',#2113,.T.);
#2279=FACE_BOUND('',#2114,.T.);
#2280=FACE_BOUND('',#2115,.T.);
#2281=FACE_BOUND('',#2116,.T.);
#2282=FACE_BOUND('',#2117,.T.);
#2283=FACE_BOUND('',#2118,.T.);
#2284=FACE_BOUND('',#2119,.T.);
#2285=FACE_BOUND('',#2120,.T.);
#2286=FACE_BOUND('',#2121,.T.);
#2287=FACE_BOUND('',#2122,.T.);
#2288=FACE_BOUND('',#2123,.T.);
#2289=FACE_BOUND('',#2124,.T.);
#2290=FACE_BOUND('',#2125,.T.);
#2291=FACE_BOUND('',#2126,.T.);
#2292=FACE_BOUND('',#2127,.T.);
#2293=FACE_BOUND('',#2128,.T.);
#2294=FACE_BOUND('',#2129,.T.);
#2295=FACE_BOUND('',#2130,.T.);
#2296=FACE_BOUND('',#2131,.T.);
#2297=FACE_BOUND('',#2132,.T.);
#2298=FACE_BOUND('',#2133,.T.);
#2299=FACE_BOUND('',#2134,.T.);
#2300=FACE_BOUND('',#2135,.T.);
#2301=FACE_BOUND('',#2136,.T.);
#2302=FACE_BOUND('',#2137,.T.);
#2303=FACE_BOUND('',#2138,.T.);
#2304=FACE_BOUND('',#2139,.T.);
#2305=FACE_BOUND('',#2140,.T.);
#2306=FACE_BOUND('',#2141,.T.);
#2307=FACE_BOUND('',#2142,.T.);
#2308=FACE_BOUND('',#2143,.T.);
#2309=FACE_BOUND('',#2144,.T.);
#2310=FACE_BOUND('',#2145,.T.);
#2311=FACE_BOUND('',#2146,.T.);
#2312=FACE_BOUND('',#2147,.T.);
#2313=FACE_BOUND('',#2148,.T.);
#2314=FACE_BOUND('',#2149,.T.);
#2315=FACE_BOUND('',#2150,.T.);
#2316=FACE_BOUND('',#2151,.T.);
#2317=FACE_BOUND('',#2152,.T.);
#2318=FACE_BOUND('',#2153,.T.);
#2319=FACE_BOUND('',#2154,.T.);
#2320=FACE_BOUND('',#2155,.T.);
#2321=FACE_BOUND('',#2156,.T.);
#2322=FACE_BOUND('',#2157,.T.);
#2323=FACE_BOUND('',#2158,.T.);
#2324=FACE_BOUND('',#2159,.T.);
#2325=FACE_BOUND('',#2160,.T.);
#2326=FACE_BOUND('',#2161,.T.);
#2327=FACE_BOUND('',#2162,.T.);
#2328=FACE_BOUND('',#2163,.T.);
#2329=FACE_BOUND('',#2164,.T.);
#2330=FACE_BOUND('',#2165,.T.);
#2331=FACE_BOUND('',#2166,.T.);
#2332=FACE_BOUND('',#2167,.T.);
#2333=FACE_BOUND('',#2168,.T.);
#2334=FACE_BOUND('',#2169,.T.);
#2335=FACE_BOUND('',#2170,.T.);
#2336=FACE_BOUND('',#2171,.T.);
#2337=FACE_BOUND('',#2172,.T.);
#2338=FACE_BOUND('',#2173,.T.);
#2339=FACE_BOUND('',#2174,.T.);
#2340=FACE_BOUND('',#2175,.T.);
#2341=FACE_BOUND('',#2176,.T.);
#2342=FACE_BOUND('',#2177,.T.);
#2343=FACE_BOUND('',#2178,.T.);
#2344=FACE_BOUND('',#2179,.T.);
#2345=FACE_BOUND('',#2180,.T.);
#2346=FACE_BOUND('',#2181,.T.);
#2347=FACE_BOUND('',#2182,.T.);
#2348=FACE_BOUND('',#2183,.T.);
#2349=FACE_BOUND('',#2184,.T.);
#2350=FACE_BOUND('',#2185,.T.);
#2351=FACE_BOUND('',#2186,.T.);
#2352=FACE_BOUND('',#2187,.T.);
#2353=FACE_BOUND('',#2188,.T.);
#2354=FACE_BOUND('',#2189,.T.);
#2355=FACE_BOUND('',#2190,.T.);
#2356=FACE_BOUND('',#2191,.T.);
#2357=FACE_BOUND('',#2192,.T.);
#2358=FACE_BOUND('',#2193,.T.);
#2359=FACE_BOUND('',#2194,.T.);
#2360=FACE_BOUND('',#2195,.T.);
#2361=FACE_BOUND('',#2196,.T.);
#2362=FACE_BOUND('',#2197,.T.);
#2363=FACE_BOUND('',#2198,.T.);
#2364=FACE_BOUND('',#2199,.T.);
#2365=FACE_BOUND('',#2200,.T.);
#2366=FACE_BOUND('',#2201,.T.);
#2367=FACE_BOUND('',#2202,.T.);
#2368=FACE_BOUND('',#2203,.T.);
#2369=FACE_BOUND('',#2204,.T.);
#2370=FACE_BOUND('',#2205,.T.);
#2371=FACE_BOUND('',#2206,.T.);
#2372=FACE_BOUND('',#2207,.T.);
#2373=FACE_BOUND('',#2208,.T.);
#2374=FACE_BOUND('',#2209,.T.);
#2375=FACE_BOUND('',#2210,.T.);
#2376=FACE_BOUND('',#2211,.T.);
#2377=FACE_BOUND('',#2212,.T.);
#2378=FACE_BOUND('',#2213,.T.);
#2379=FACE_BOUND('',#2214,.T.);
#2380=FACE_BOUND('',#2215,.T.);
#2381=FACE_BOUND('',#2216,.T.);
#2382=FACE_BOUND('',#2217,.T.);
#2383=FACE_BOUND('',#2218,.T.);
#2384=FACE_BOUND('',#2219,.T.);
#2385=FACE_BOUND('',#2220,.T.);
#2386=FACE_BOUND('',#2221,.T.);
#2387=FACE_BOUND('',#2222,.T.);
#2388=FACE_BOUND('',#2223,.T.);
#2389=FACE_BOUND('',#2224,.T.);
#2390=FACE_BOUND('',#2225,.T.);
#2391=FACE_BOUND('',#2226,.T.);
#2392=FACE_BOUND('',#2227,.T.);
#2393=FACE_BOUND('',#2228,.T.);
#2394=FACE_BOUND('',#2229,.T.);
#2395=FACE_BOUND('',#2230,.T.);
#2396=FACE_BOUND('',#2231,.T.);
#2397=FACE_BOUND('',#2232,.T.);
#2398=FACE_BOUND('',#2233,.T.);
#2399=FACE_BOUND('',#2234,.T.);
#2400=FACE_BOUND('',#2235,.T.);
#2401=FACE_BOUND('',#2236,.T.);
#2402=FACE_BOUND('',#2237,.T.);
#2403=FACE_BOUND('',#2238,.T.);
#2404=FACE_BOUND('',#2239,.T.);
#2405=FACE_BOUND('',#2240,.T.);
#2406=FACE_BOUND('',#2241,.T.);
#2407=FACE_BOUND('',#2242,.T.);
#2408=FACE_BOUND('',#2243,.T.);
#2409=FACE_BOUND('',#2244,.T.);
#2410=FACE_BOUND('',#2245,.T.);
#2411=FACE_BOUND('',#2246,.T.);
#2412=FACE_BOUND('',#2247,.T.);
#2413=FACE_BOUND('',#2248,.T.);
#2414=FACE_BOUND('',#2249,.T.);
#2415=FACE_BOUND('',#2250,.T.);
#2416=FACE_BOUND('',#2251,.T.);
#2417=FACE_BOUND('',#2252,.T.);
#2418=FACE_BOUND('',#2253,.T.);
#2419=FACE_BOUND('',#2254,.T.);
#2420=FACE_BOUND('',#2255,.T.);
#2421=FACE_BOUND('',#2256,.T.);
#2422=FACE_BOUND('',#2257,.T.);
#2423=FACE_BOUND('',#2258,.T.);
#2424=FACE_BOUND('',#2259,.T.);
#2425=FACE_BOUND('',#2260,.T.);
#2426=FACE_BOUND('',#2261,.T.);
#2427=FACE_BOUND('',#2262,.T.);
#2428=PLANE('',#2654);
#2429=PLANE('',#2657);
#2430=PLANE('',#2660);
#2431=PLANE('',#2663);
#2432=PLANE('',#2676);
#2433=PLANE('',#2689);
#2434=PLANE('',#2695);
#2435=PLANE('',#2697);
#2436=PLANE('',#2698);
#2437=PLANE('',#2699);
#2438=PLANE('',#2700);
#2439=PLANE('',#2701);
#2440=PLANE('',#2702);
#2441=PLANE('',#2703);
#2442=PLANE('',#2704);
#2443=PLANE('',#2705);
#2444=PLANE('',#2706);
#2445=PLANE('',#2707);
#2446=PLANE('',#2708);
#2447=PLANE('',#2709);
#2448=PLANE('',#2710);
#2449=PLANE('',#2711);
#2450=PLANE('',#2712);
#2451=PLANE('',#2713);
#2452=PLANE('',#2714);
#2453=PLANE('',#2715);
#2454=PLANE('',#2716);
#2455=PLANE('',#2717);
#2456=PLANE('',#2718);
#2457=PLANE('',#2719);
#2458=PLANE('',#2720);
#2459=PLANE('',#2721);
#2460=PLANE('',#2722);
#2461=PLANE('',#2723);
#2462=PLANE('',#2724);
#2463=PLANE('',#2725);
#2464=PLANE('',#2726);
#2465=PLANE('',#2727);
#2466=PLANE('',#2728);
#2467=PLANE('',#2729);
#2468=PLANE('',#2730);
#2469=PLANE('',#2740);
#2470=PLANE('',#2741);
#2471=PLANE('',#2742);
#2472=PLANE('',#2745);
#2473=PLANE('',#2746);
#2474=PLANE('',#2747);
#2475=PLANE('',#2752);
#2476=PLANE('',#2753);
#2477=PLANE('',#2759);
#2478=PLANE('',#2762);
#2479=PLANE('',#2768);
#2480=PLANE('',#2774);
#2481=PLANE('',#2781);
#2482=PLANE('',#2807);
#2483=PLANE('',#2875);
#2484=PLANE('',#2876);
#2485=PLANE('',#2877);
#2486=PLANE('',#2878);
#2487=PLANE('',#2892);
#2488=PLANE('',#2893);
#2489=PLANE('',#2924);
#2490=PLANE('',#2925);
#2491=PLANE('',#2926);
#2492=PLANE('',#2927);
#2493=ADVANCED_FACE('',(#2263),#2428,.F.);
#2494=ADVANCED_FACE('',(#2264),#2429,.T.);
#2495=ADVANCED_FACE('',(#2265),#2430,.T.);
#2496=ADVANCED_FACE('',(#2266),#2431,.T.);
#2497=ADVANCED_FACE('',(#2267),#76,.T.);
#2498=ADVANCED_FACE('',(#2268),#77,.T.);
#2499=ADVANCED_FACE('',(#2269,#2270,#2271,#2272,#2273),#2432,.T.);
#2500=ADVANCED_FACE('',(#2274),#78,.T.);
#2501=ADVANCED_FACE('',(#2275),#2433,.T.);
#2502=ADVANCED_FACE('',(#2276),#2434,.T.);
#2503=ADVANCED_FACE('',(#2277),#2435,.T.);
#2504=ADVANCED_FACE('',(#2278),#2436,.F.);
#2505=ADVANCED_FACE('',(#2279),#2437,.F.);
#2506=ADVANCED_FACE('',(#2280),#2438,.T.);
#2507=ADVANCED_FACE('',(#2281),#2439,.T.);
#2508=ADVANCED_FACE('',(#2282),#2440,.T.);
#2509=ADVANCED_FACE('',(#2283),#2441,.T.);
#2510=ADVANCED_FACE('',(#2284),#2442,.T.);
#2511=ADVANCED_FACE('',(#2285),#2443,.T.);
#2512=ADVANCED_FACE('',(#2286),#2444,.T.);
#2513=ADVANCED_FACE('',(#2287),#2445,.T.);
#2514=ADVANCED_FACE('',(#2288),#2446,.T.);
#2515=ADVANCED_FACE('',(#2289),#2447,.T.);
#2516=ADVANCED_FACE('',(#2290),#2448,.T.);
#2517=ADVANCED_FACE('',(#2291),#2449,.T.);
#2518=ADVANCED_FACE('',(#2292),#2450,.T.);
#2519=ADVANCED_FACE('',(#2293),#2451,.T.);
#2520=ADVANCED_FACE('',(#2294),#2452,.T.);
#2521=ADVANCED_FACE('',(#2295),#2453,.T.);
#2522=ADVANCED_FACE('',(#2296),#2454,.T.);
#2523=ADVANCED_FACE('',(#2297),#2455,.T.);
#2524=ADVANCED_FACE('',(#2298),#2456,.T.);
#2525=ADVANCED_FACE('',(#2299),#2457,.T.);
#2526=ADVANCED_FACE('',(#2300),#2458,.T.);
#2527=ADVANCED_FACE('',(#2301),#2459,.T.);
#2528=ADVANCED_FACE('',(#2302),#2460,.T.);
#2529=ADVANCED_FACE('',(#2303),#2461,.T.);
#2530=ADVANCED_FACE('',(#2304),#2462,.T.);
#2531=ADVANCED_FACE('',(#2305),#2463,.T.);
#2532=ADVANCED_FACE('',(#2306),#2464,.T.);
#2533=ADVANCED_FACE('',(#2307),#2465,.T.);
#2534=ADVANCED_FACE('',(#2308),#2466,.T.);
#2535=ADVANCED_FACE('',(#2309),#2467,.T.);
#2536=ADVANCED_FACE('',(#2310),#2468,.T.);
#2537=ADVANCED_FACE('',(#2311),#32,.T.);
#2538=ADVANCED_FACE('',(#2312),#79,.T.);
#2539=ADVANCED_FACE('',(#2313),#80,.T.);
#2540=ADVANCED_FACE('',(#2314),#81,.T.);
#2541=ADVANCED_FACE('',(#2315),#2469,.T.);
#2542=ADVANCED_FACE('',(#2316),#2470,.T.);
#2543=ADVANCED_FACE('',(#2317),#2471,.T.);
#2544=ADVANCED_FACE('',(#2318),#82,.F.);
#2545=ADVANCED_FACE('',(#2319),#33,.T.);
#2546=ADVANCED_FACE('',(#2320),#34,.T.);
#2547=ADVANCED_FACE('',(#2321),#2472,.T.);
#2548=ADVANCED_FACE('',(#2322),#2473,.T.);
#2549=ADVANCED_FACE('',(#2323),#2474,.T.);
#2550=ADVANCED_FACE('',(#2324),#83,.F.);
#2551=ADVANCED_FACE('',(#2325),#84,.F.);
#2552=ADVANCED_FACE('',(#2326),#35,.T.);
#2553=ADVANCED_FACE('',(#2327,#2328),#2475,.T.);
#2554=ADVANCED_FACE('',(#2329),#2476,.T.);
#2555=ADVANCED_FACE('',(#2330),#85,.T.);
#2556=ADVANCED_FACE('',(#2331),#86,.T.);
#2557=ADVANCED_FACE('',(#2332),#2477,.T.);
#2558=ADVANCED_FACE('',(#2333,#2334),#2478,.F.);
#2559=ADVANCED_FACE('',(#2335,#2336),#2479,.F.);
#2560=ADVANCED_FACE('',(#2337,#2338),#2480,.F.);
#2561=ADVANCED_FACE('',(#2339,#2340),#2481,.F.);
#2562=ADVANCED_FACE('',(#2341),#87,.T.);
#2563=ADVANCED_FACE('',(#2342,#2343),#88,.F.);
#2564=ADVANCED_FACE('',(#2344,#2345),#89,.F.);
#2565=ADVANCED_FACE('',(#2346),#90,.T.);
#2566=ADVANCED_FACE('',(#2347),#91,.T.);
#2567=ADVANCED_FACE('',(#2348,#2349),#92,.F.);
#2568=ADVANCED_FACE('',(#2350,#2351),#93,.F.);
#2569=ADVANCED_FACE('',(#2352),#94,.T.);
#2570=ADVANCED_FACE('',(#2353),#95,.T.);
#2571=ADVANCED_FACE('',(#2354),#2482,.T.);
#2572=ADVANCED_FACE('',(#2355),#96,.T.);
#2573=ADVANCED_FACE('',(#2356),#97,.T.);
#2574=ADVANCED_FACE('',(#2357),#98,.T.);
#2575=ADVANCED_FACE('',(#2358),#99,.T.);
#2576=ADVANCED_FACE('',(#2359),#100,.T.);
#2577=ADVANCED_FACE('',(#2360),#101,.T.);
#2578=ADVANCED_FACE('',(#2361),#102,.T.);
#2579=ADVANCED_FACE('',(#2362),#103,.T.);
#2580=ADVANCED_FACE('',(#2363),#104,.T.);
#2581=ADVANCED_FACE('',(#2364),#24,.T.);
#2582=ADVANCED_FACE('',(#2365),#25,.T.);
#2583=ADVANCED_FACE('',(#2366),#105,.T.);
#2584=ADVANCED_FACE('',(#2367),#106,.T.);
#2585=ADVANCED_FACE('',(#2368),#107,.T.);
#2586=ADVANCED_FACE('',(#2369),#108,.T.);
#2587=ADVANCED_FACE('',(#2370),#26,.T.);
#2588=ADVANCED_FACE('',(#2371),#27,.T.);
#2589=ADVANCED_FACE('',(#2372),#109,.T.);
#2590=ADVANCED_FACE('',(#2373),#110,.T.);
#2591=ADVANCED_FACE('',(#2374),#28,.T.);
#2592=ADVANCED_FACE('',(#2375),#14,.T.);
#2593=ADVANCED_FACE('',(#2376),#15,.T.);
#2594=ADVANCED_FACE('',(#2377),#111,.T.);
#2595=ADVANCED_FACE('',(#2378),#112,.T.);
#2596=ADVANCED_FACE('',(#2379),#29,.T.);
#2597=ADVANCED_FACE('',(#2380),#113,.T.);
#2598=ADVANCED_FACE('',(#2381),#16,.T.);
#2599=ADVANCED_FACE('',(#2382),#17,.T.);
#2600=ADVANCED_FACE('',(#2383),#30,.T.);
#2601=ADVANCED_FACE('',(#2384),#114,.T.);
#2602=ADVANCED_FACE('',(#2385),#18,.T.);
#2603=ADVANCED_FACE('',(#2386),#19,.T.);
#2604=ADVANCED_FACE('',(#2387),#31,.T.);
#2605=ADVANCED_FACE('',(#2388),#115,.T.);
#2606=ADVANCED_FACE('',(#2389),#2483,.T.);
#2607=ADVANCED_FACE('',(#2390),#2484,.T.);
#2608=ADVANCED_FACE('',(#2391),#2485,.F.);
#2609=ADVANCED_FACE('',(#2392),#2486,.T.);
#2610=ADVANCED_FACE('',(#2393),#116,.T.);
#2611=ADVANCED_FACE('',(#2394),#117,.T.);
#2612=ADVANCED_FACE('',(#2395),#118,.T.);
#2613=ADVANCED_FACE('',(#2396),#119,.F.);
#2614=ADVANCED_FACE('',(#2397),#120,.F.);
#2615=ADVANCED_FACE('',(#2398),#121,.F.);
#2616=ADVANCED_FACE('',(#2399),#122,.F.);
#2617=ADVANCED_FACE('',(#2400),#2487,.F.);
#2618=ADVANCED_FACE('',(#2401),#2488,.T.);
#2619=ADVANCED_FACE('',(#2402),#123,.F.);
#2620=ADVANCED_FACE('',(#2403),#124,.F.);
#2621=ADVANCED_FACE('',(#2404),#125,.F.);
#2622=ADVANCED_FACE('',(#2405),#126,.F.);
#2623=ADVANCED_FACE('',(#2406),#127,.F.);
#2624=ADVANCED_FACE('',(#2407),#20,.F.);
#2625=ADVANCED_FACE('',(#2408),#128,.F.);
#2626=ADVANCED_FACE('',(#2409),#21,.F.);
#2627=ADVANCED_FACE('',(#2410),#129,.F.);
#2628=ADVANCED_FACE('',(#2411),#22,.F.);
#2629=ADVANCED_FACE('',(#2412),#130,.F.);
#2630=ADVANCED_FACE('',(#2413),#23,.F.);
#2631=ADVANCED_FACE('',(#2414),#131,.T.);
#2632=ADVANCED_FACE('',(#2415),#132,.T.);
#2633=ADVANCED_FACE('',(#2416),#133,.T.);
#2634=ADVANCED_FACE('',(#2417),#134,.T.);
#2635=ADVANCED_FACE('',(#2418),#135,.F.);
#2636=ADVANCED_FACE('',(#2419),#136,.F.);
#2637=ADVANCED_FACE('',(#2420,#2421),#2489,.F.);
#2638=ADVANCED_FACE('',(#2422,#2423),#2490,.F.);
#2639=ADVANCED_FACE('',(#2424,#2425),#2491,.F.);
#2640=ADVANCED_FACE('',(#2426,#2427),#2492,.F.);
#2641=CLOSED_SHELL('',(#2493,#2494,#2495,#2496,#2497,#2498,#2499,#2500,
#2501,#2502,#2503,#2504,#2505,#2506,#2507,#2508,#2509,#2510,#2511,#2512,
#2513,#2514,#2515,#2516,#2517,#2518,#2519,#2520,#2521,#2522,#2523,#2524,
#2525,#2526,#2527,#2528,#2529,#2530,#2531,#2532,#2533,#2534,#2535,#2536,
#2537,#2538,#2539,#2540,#2541,#2542,#2543,#2544,#2545,#2546,#2547,#2548,
#2549,#2550,#2551,#2552,#2553,#2554,#2555,#2556,#2557,#2558,#2559,#2560,
#2561,#2562,#2563,#2564,#2565,#2566,#2567,#2568,#2569,#2570,#2571,#2572,
#2573,#2574,#2575,#2576,#2577,#2578,#2579,#2580,#2581,#2582,#2583,#2584,
#2585,#2586,#2587,#2588,#2589,#2590,#2591,#2592,#2593,#2594,#2595,#2596,
#2597,#2598,#2599,#2600,#2601,#2602,#2603,#2604,#2605,#2606,#2607,#2608,
#2609,#2610,#2611,#2612,#2613,#2614,#2615,#2616,#2617,#2618,#2619,#2620,
#2621,#2622,#2623,#2624,#2625,#2626,#2627,#2628,#2629,#2630,#2631,#2632,
#2633,#2634,#2635,#2636,#2637,#2638,#2639,#2640));
#2642=STYLED_ITEM('',(#2643),#2650);
#2643=PRESENTATION_STYLE_ASSIGNMENT((#2644));
#2644=SURFACE_STYLE_USAGE(.BOTH.,#2645);
#2645=SURFACE_SIDE_STYLE('',(#2646));
#2646=SURFACE_STYLE_FILL_AREA(#2647);
#2647=FILL_AREA_STYLE('',(#2648));
#2648=FILL_AREA_STYLE_COLOUR('',#2649);
#2649=DRAUGHTING_PRE_DEFINED_COLOUR('black');
#2650=MANIFOLD_SOLID_BREP('DEXI 3 Battery Mount',#2641);
#2651=SHAPE_DEFINITION_REPRESENTATION(#4643,#2652);
#2652=SHAPE_REPRESENTATION('DEXI 3 Battery Mount',(#2653),#4638);
#2653=AXIS2_PLACEMENT_3D('',#3693,#2928,#2929);
#2654=AXIS2_PLACEMENT_3D('',#3694,#2930,#2931);
#2655=AXIS2_PLACEMENT_3D('',#3702,#2935,#2936);
#2656=AXIS2_PLACEMENT_3D('',#3714,#2942,#2943);
#2657=AXIS2_PLACEMENT_3D('',#3731,#2952,#2953);
#2658=AXIS2_PLACEMENT_3D('',#3736,#2956,#2957);
#2659=AXIS2_PLACEMENT_3D('',#3740,#2959,#2960);
#2660=AXIS2_PLACEMENT_3D('',#3741,#2961,#2962);
#2661=AXIS2_PLACEMENT_3D('',#3747,#2965,#2966);
#2662=AXIS2_PLACEMENT_3D('',#3756,#2971,#2972);
#2663=AXIS2_PLACEMENT_3D('',#3775,#2982,#2983);
#2664=AXIS2_PLACEMENT_3D('',#3783,#2987,#2988);
#2665=AXIS2_PLACEMENT_3D('',#3791,#2992,#2993);
#2666=AXIS2_PLACEMENT_3D('',#3792,#2994,#2995);
#2667=AXIS2_PLACEMENT_3D('',#3793,#2996,#2997);
#2668=AXIS2_PLACEMENT_3D('',#3798,#2999,#3000);
#2669=AXIS2_PLACEMENT_3D('',#3799,#3001,#3002);
#2670=AXIS2_PLACEMENT_3D('',#3800,#3003,#3004);
#2671=AXIS2_PLACEMENT_3D('',#3804,#3006,#3007);
#2672=AXIS2_PLACEMENT_3D('',#3818,#3009,#3010);
#2673=AXIS2_PLACEMENT_3D('',#3831,#3012,#3013);
#2674=AXIS2_PLACEMENT_3D('',#3832,#3014,#3015);
#2675=AXIS2_PLACEMENT_3D('',#3836,#3017,#3018);
#2676=AXIS2_PLACEMENT_3D('',#3837,#3019,#3020);
#2677=AXIS2_PLACEMENT_3D('',#3838,#3021,#3022);
#2678=AXIS2_PLACEMENT_3D('',#3841,#3023,#3024);
#2679=AXIS2_PLACEMENT_3D('',#3845,#3026,#3027);
#2680=AXIS2_PLACEMENT_3D('',#3847,#3028,#3029);
#2681=AXIS2_PLACEMENT_3D('',#3849,#3030,#3031);
#2682=AXIS2_PLACEMENT_3D('',#3853,#3033,#3034);
#2683=AXIS2_PLACEMENT_3D('',#3860,#3035,#3036);
#2684=AXIS2_PLACEMENT_3D('',#3862,#3037,#3038);
#2685=AXIS2_PLACEMENT_3D('',#3864,#3039,#3040);
#2686=AXIS2_PLACEMENT_3D('',#3932,#3072,#3073);
#2687=AXIS2_PLACEMENT_3D('',#3933,#3074,#3075);
#2688=AXIS2_PLACEMENT_3D('',#3937,#3077,#3078);
#2689=AXIS2_PLACEMENT_3D('',#3938,#3079,#3080);
#2690=AXIS2_PLACEMENT_3D('',#3939,#3081,#3082);
#2691=AXIS2_PLACEMENT_3D('',#3942,#3083,#3084);
#2692=AXIS2_PLACEMENT_3D('',#3944,#3085,#3086);
#2693=AXIS2_PLACEMENT_3D('',#3945,#3087,#3088);
#2694=AXIS2_PLACEMENT_3D('',#3946,#3089,#3090);
#2695=AXIS2_PLACEMENT_3D('',#3947,#3091,#3092);
#2696=AXIS2_PLACEMENT_3D('',#3955,#3096,#3097);
#2697=AXIS2_PLACEMENT_3D('',#3956,#3098,#3099);
#2698=AXIS2_PLACEMENT_3D('',#3965,#3104,#3105);
#2699=AXIS2_PLACEMENT_3D('',#3971,#3109,#3110);
#2700=AXIS2_PLACEMENT_3D('',#3980,#3115,#3116);
#2701=AXIS2_PLACEMENT_3D('',#3986,#3120,#3121);
#2702=AXIS2_PLACEMENT_3D('',#3990,#3124,#3125);
#2703=AXIS2_PLACEMENT_3D('',#3994,#3128,#3129);
#2704=AXIS2_PLACEMENT_3D('',#3998,#3132,#3133);
#2705=AXIS2_PLACEMENT_3D('',#4002,#3136,#3137);
#2706=AXIS2_PLACEMENT_3D('',#4006,#3140,#3141);
#2707=AXIS2_PLACEMENT_3D('',#4010,#3144,#3145);
#2708=AXIS2_PLACEMENT_3D('',#4014,#3148,#3149);
#2709=AXIS2_PLACEMENT_3D('',#4018,#3152,#3153);
#2710=AXIS2_PLACEMENT_3D('',#4022,#3156,#3157);
#2711=AXIS2_PLACEMENT_3D('',#4026,#3160,#3161);
#2712=AXIS2_PLACEMENT_3D('',#4028,#3163,#3164);
#2713=AXIS2_PLACEMENT_3D('',#4029,#3165,#3166);
#2714=AXIS2_PLACEMENT_3D('',#4035,#3170,#3171);
#2715=AXIS2_PLACEMENT_3D('',#4039,#3174,#3175);
#2716=AXIS2_PLACEMENT_3D('',#4043,#3178,#3179);
#2717=AXIS2_PLACEMENT_3D('',#4047,#3182,#3183);
#2718=AXIS2_PLACEMENT_3D('',#4051,#3186,#3187);
#2719=AXIS2_PLACEMENT_3D('',#4055,#3190,#3191);
#2720=AXIS2_PLACEMENT_3D('',#4059,#3194,#3195);
#2721=AXIS2_PLACEMENT_3D('',#4063,#3198,#3199);
#2722=AXIS2_PLACEMENT_3D('',#4067,#3202,#3203);
#2723=AXIS2_PLACEMENT_3D('',#4071,#3206,#3207);
#2724=AXIS2_PLACEMENT_3D('',#4075,#3210,#3211);
#2725=AXIS2_PLACEMENT_3D('',#4077,#3213,#3214);
#2726=AXIS2_PLACEMENT_3D('',#4078,#3215,#3216);
#2727=AXIS2_PLACEMENT_3D('',#4084,#3220,#3221);
#2728=AXIS2_PLACEMENT_3D('',#4088,#3224,#3225);
#2729=AXIS2_PLACEMENT_3D('',#4092,#3228,#3229);
#2730=AXIS2_PLACEMENT_3D('',#4094,#3231,#3232);
#2731=AXIS2_PLACEMENT_3D('',#4120,#3234,#3235);
#2732=AXIS2_PLACEMENT_3D('',#4121,#3236,#3237);
#2733=AXIS2_PLACEMENT_3D('',#4128,#3238,#3239);
#2734=AXIS2_PLACEMENT_3D('',#4129,#3240,#3241);
#2735=AXIS2_PLACEMENT_3D('',#4130,#3242,#3243);
#2736=AXIS2_PLACEMENT_3D('',#4137,#3244,#3245);
#2737=AXIS2_PLACEMENT_3D('',#4138,#3246,#3247);
#2738=AXIS2_PLACEMENT_3D('',#4139,#3248,#3249);
#2739=AXIS2_PLACEMENT_3D('',#4146,#3250,#3251);
#2740=AXIS2_PLACEMENT_3D('',#4147,#3252,#3253);
#2741=AXIS2_PLACEMENT_3D('',#4153,#3257,#3258);
#2742=AXIS2_PLACEMENT_3D('',#4159,#3262,#3263);
#2743=AXIS2_PLACEMENT_3D('',#4168,#3266,#3267);
#2744=AXIS2_PLACEMENT_3D('',#4174,#3268,#3269);
#2745=AXIS2_PLACEMENT_3D('',#4211,#3271,#3272);
#2746=AXIS2_PLACEMENT_3D('',#4215,#3275,#3276);
#2747=AXIS2_PLACEMENT_3D('',#4219,#3279,#3280);
#2748=AXIS2_PLACEMENT_3D('',#4226,#3282,#3283);
#2749=AXIS2_PLACEMENT_3D('',#4232,#3284,#3285);
#2750=AXIS2_PLACEMENT_3D('',#4233,#3286,#3287);
#2751=AXIS2_PLACEMENT_3D('',#4234,#3288,#3289);
#2752=AXIS2_PLACEMENT_3D('',#4251,#3290,#3291);
#2753=AXIS2_PLACEMENT_3D('',#4252,#3292,#3293);
#2754=AXIS2_PLACEMENT_3D('',#4253,#3294,#3295);
#2755=AXIS2_PLACEMENT_3D('',#4254,#3296,#3297);
#2756=AXIS2_PLACEMENT_3D('',#4258,#3299,#3300);
#2757=AXIS2_PLACEMENT_3D('',#4259,#3301,#3302);
#2758=AXIS2_PLACEMENT_3D('',#4262,#3304,#3305);
#2759=AXIS2_PLACEMENT_3D('',#4263,#3306,#3307);
#2760=AXIS2_PLACEMENT_3D('',#4265,#3309,#3310);
#2761=AXIS2_PLACEMENT_3D('',#4266,#3311,#3312);
#2762=AXIS2_PLACEMENT_3D('',#4267,#3313,#3314);
#2763=AXIS2_PLACEMENT_3D('',#4272,#3317,#3318);
#2764=AXIS2_PLACEMENT_3D('',#4274,#3319,#3320);
#2765=AXIS2_PLACEMENT_3D('',#4276,#3321,#3322);
#2766=AXIS2_PLACEMENT_3D('',#4278,#3323,#3324);
#2767=AXIS2_PLACEMENT_3D('',#4279,#3325,#3326);
#2768=AXIS2_PLACEMENT_3D('',#4281,#3327,#3328);
#2769=AXIS2_PLACEMENT_3D('',#4282,#3329,#3330);
#2770=AXIS2_PLACEMENT_3D('',#4288,#3333,#3334);
#2771=AXIS2_PLACEMENT_3D('',#4290,#3335,#3336);
#2772=AXIS2_PLACEMENT_3D('',#4292,#3337,#3338);
#2773=AXIS2_PLACEMENT_3D('',#4293,#3339,#3340);
#2774=AXIS2_PLACEMENT_3D('',#4295,#3341,#3342);
#2775=AXIS2_PLACEMENT_3D('',#4296,#3343,#3344);
#2776=AXIS2_PLACEMENT_3D('',#4303,#3347,#3348);
#2777=AXIS2_PLACEMENT_3D('',#4305,#3349,#3350);
#2778=AXIS2_PLACEMENT_3D('',#4307,#3351,#3352);
#2779=AXIS2_PLACEMENT_3D('',#4309,#3353,#3354);
#2780=AXIS2_PLACEMENT_3D('',#4310,#3355,#3356);
#2781=AXIS2_PLACEMENT_3D('',#4312,#3357,#3358);
#2782=AXIS2_PLACEMENT_3D('',#4313,#3359,#3360);
#2783=AXIS2_PLACEMENT_3D('',#4320,#3363,#3364);
#2784=AXIS2_PLACEMENT_3D('',#4322,#3365,#3366);
#2785=AXIS2_PLACEMENT_3D('',#4324,#3367,#3368);
#2786=AXIS2_PLACEMENT_3D('',#4326,#3369,#3370);
#2787=AXIS2_PLACEMENT_3D('',#4327,#3371,#3372);
#2788=AXIS2_PLACEMENT_3D('',#4329,#3373,#3374);
#2789=AXIS2_PLACEMENT_3D('',#4334,#3377,#3378);
#2790=AXIS2_PLACEMENT_3D('',#4335,#3379,#3380);
#2791=AXIS2_PLACEMENT_3D('',#4336,#3381,#3382);
#2792=AXIS2_PLACEMENT_3D('',#4338,#3383,#3384);
#2793=AXIS2_PLACEMENT_3D('',#4339,#3385,#3386);
#2794=AXIS2_PLACEMENT_3D('',#4341,#3387,#3388);
#2795=AXIS2_PLACEMENT_3D('',#4344,#3390,#3391);
#2796=AXIS2_PLACEMENT_3D('',#4347,#3393,#3394);
#2797=AXIS2_PLACEMENT_3D('',#4350,#3396,#3397);
#2798=AXIS2_PLACEMENT_3D('',#4353,#3399,#3400);
#2799=AXIS2_PLACEMENT_3D('',#4354,#3401,#3402);
#2800=AXIS2_PLACEMENT_3D('',#4356,#3403,#3404);
#2801=AXIS2_PLACEMENT_3D('',#4357,#3405,#3406);
#2802=AXIS2_PLACEMENT_3D('',#4359,#3407,#3408);
#2803=AXIS2_PLACEMENT_3D('',#4364,#3411,#3412);
#2804=AXIS2_PLACEMENT_3D('',#4365,#3413,#3414);
#2805=AXIS2_PLACEMENT_3D('',#4368,#3416,#3417);
#2806=AXIS2_PLACEMENT_3D('',#4369,#3418,#3419);
#2807=AXIS2_PLACEMENT_3D('',#4380,#3421,#3422);
#2808=AXIS2_PLACEMENT_3D('',#4381,#3423,#3424);
#2809=AXIS2_PLACEMENT_3D('',#4383,#3425,#3426);
#2810=AXIS2_PLACEMENT_3D('',#4385,#3427,#3428);
#2811=AXIS2_PLACEMENT_3D('',#4386,#3429,#3430);
#2812=AXIS2_PLACEMENT_3D('',#4389,#3432,#3433);
#2813=AXIS2_PLACEMENT_3D('',#4392,#3435,#3436);
#2814=AXIS2_PLACEMENT_3D('',#4393,#3437,#3438);
#2815=AXIS2_PLACEMENT_3D('',#4398,#3441,#3442);
#2816=AXIS2_PLACEMENT_3D('',#4406,#3443,#3444);
#2817=AXIS2_PLACEMENT_3D('',#4414,#3445,#3446);
#2818=AXIS2_PLACEMENT_3D('',#4422,#3447,#3448);
#2819=AXIS2_PLACEMENT_3D('',#4430,#3449,#3450);
#2820=AXIS2_PLACEMENT_3D('',#4431,#3451,#3452);
#2821=AXIS2_PLACEMENT_3D('',#4432,#3453,#3454);
#2822=AXIS2_PLACEMENT_3D('',#4433,#3455,#3456);
#2823=AXIS2_PLACEMENT_3D('',#4434,#3457,#3458);
#2824=AXIS2_PLACEMENT_3D('',#4435,#3459,#3460);
#2825=AXIS2_PLACEMENT_3D('',#4436,#3461,#3462);
#2826=AXIS2_PLACEMENT_3D('',#4437,#3463,#3464);
#2827=AXIS2_PLACEMENT_3D('',#4438,#3465,#3466);
#2828=AXIS2_PLACEMENT_3D('',#4439,#3467,#3468);
#2829=AXIS2_PLACEMENT_3D('',#4440,#3469,#3470);
#2830=AXIS2_PLACEMENT_3D('',#4441,#3471,#3472);
#2831=AXIS2_PLACEMENT_3D('',#4442,#3473,#3474);
#2832=AXIS2_PLACEMENT_3D('',#4443,#3475,#3476);
#2833=AXIS2_PLACEMENT_3D('',#4444,#3477,#3478);
#2834=AXIS2_PLACEMENT_3D('',#4445,#3479,#3480);
#2835=AXIS2_PLACEMENT_3D('',#4446,#3481,#3482);
#2836=AXIS2_PLACEMENT_3D('',#4447,#3483,#3484);
#2837=AXIS2_PLACEMENT_3D('',#4448,#3485,#3486);
#2838=AXIS2_PLACEMENT_3D('',#4449,#3487,#3488);
#2839=AXIS2_PLACEMENT_3D('',#4450,#3489,#3490);
#2840=AXIS2_PLACEMENT_3D('',#4451,#3491,#3492);
#2841=AXIS2_PLACEMENT_3D('',#4452,#3493,#3494);
#2842=AXIS2_PLACEMENT_3D('',#4453,#3495,#3496);
#2843=AXIS2_PLACEMENT_3D('',#4454,#3497,#3498);
#2844=AXIS2_PLACEMENT_3D('',#4455,#3499,#3500);
#2845=AXIS2_PLACEMENT_3D('',#4456,#3501,#3502);
#2846=AXIS2_PLACEMENT_3D('',#4457,#3503,#3504);
#2847=AXIS2_PLACEMENT_3D('',#4458,#3505,#3506);
#2848=AXIS2_PLACEMENT_3D('',#4459,#3507,#3508);
#2849=AXIS2_PLACEMENT_3D('',#4460,#3509,#3510);
#2850=AXIS2_PLACEMENT_3D('',#4461,#3511,#3512);
#2851=AXIS2_PLACEMENT_3D('',#4462,#3513,#3514);
#2852=AXIS2_PLACEMENT_3D('',#4463,#3515,#3516);
#2853=AXIS2_PLACEMENT_3D('',#4464,#3517,#3518);
#2854=AXIS2_PLACEMENT_3D('',#4465,#3519,#3520);
#2855=AXIS2_PLACEMENT_3D('',#4466,#3521,#3522);
#2856=AXIS2_PLACEMENT_3D('',#4467,#3523,#3524);
#2857=AXIS2_PLACEMENT_3D('',#4468,#3525,#3526);
#2858=AXIS2_PLACEMENT_3D('',#4469,#3527,#3528);
#2859=AXIS2_PLACEMENT_3D('',#4470,#3529,#3530);
#2860=AXIS2_PLACEMENT_3D('',#4471,#3531,#3532);
#2861=AXIS2_PLACEMENT_3D('',#4472,#3533,#3534);
#2862=AXIS2_PLACEMENT_3D('',#4473,#3535,#3536);
#2863=AXIS2_PLACEMENT_3D('',#4474,#3537,#3538);
#2864=AXIS2_PLACEMENT_3D('',#4475,#3539,#3540);
#2865=AXIS2_PLACEMENT_3D('',#4476,#3541,#3542);
#2866=AXIS2_PLACEMENT_3D('',#4477,#3543,#3544);
#2867=AXIS2_PLACEMENT_3D('',#4478,#3545,#3546);
#2868=AXIS2_PLACEMENT_3D('',#4479,#3547,#3548);
#2869=AXIS2_PLACEMENT_3D('',#4480,#3549,#3550);
#2870=AXIS2_PLACEMENT_3D('',#4481,#3551,#3552);
#2871=AXIS2_PLACEMENT_3D('',#4482,#3553,#3554);
#2872=AXIS2_PLACEMENT_3D('',#4483,#3555,#3556);
#2873=AXIS2_PLACEMENT_3D('',#4484,#3557,#3558);
#2874=AXIS2_PLACEMENT_3D('',#4485,#3559,#3560);
#2875=AXIS2_PLACEMENT_3D('',#4486,#3561,#3562);
#2876=AXIS2_PLACEMENT_3D('',#4492,#3566,#3567);
#2877=AXIS2_PLACEMENT_3D('',#4496,#3570,#3571);
#2878=AXIS2_PLACEMENT_3D('',#4500,#3574,#3575);
#2879=AXIS2_PLACEMENT_3D('',#4502,#3577,#3578);
#2880=AXIS2_PLACEMENT_3D('',#4503,#3579,#3580);
#2881=AXIS2_PLACEMENT_3D('',#4504,#3581,#3582);
#2882=AXIS2_PLACEMENT_3D('',#4505,#3583,#3584);
#2883=AXIS2_PLACEMENT_3D('',#4506,#3585,#3586);
#2884=AXIS2_PLACEMENT_3D('',#4507,#3587,#3588);
#2885=AXIS2_PLACEMENT_3D('',#4508,#3589,#3590);
#2886=AXIS2_PLACEMENT_3D('',#4509,#3591,#3592);
#2887=AXIS2_PLACEMENT_3D('',#4510,#3593,#3594);
#2888=AXIS2_PLACEMENT_3D('',#4511,#3595,#3596);
#2889=AXIS2_PLACEMENT_3D('',#4512,#3597,#3598);
#2890=AXIS2_PLACEMENT_3D('',#4513,#3599,#3600);
#2891=AXIS2_PLACEMENT_3D('',#4514,#3601,#3602);
#2892=AXIS2_PLACEMENT_3D('',#4515,#3603,#3604);
#2893=AXIS2_PLACEMENT_3D('',#4527,#3612,#3613);
#2894=AXIS2_PLACEMENT_3D('',#4539,#3621,#3622);
#2895=AXIS2_PLACEMENT_3D('',#4547,#3624,#3625);
#2896=AXIS2_PLACEMENT_3D('',#4548,#3626,#3627);
#2897=AXIS2_PLACEMENT_3D('',#4549,#3628,#3629);
#2898=AXIS2_PLACEMENT_3D('',#4557,#3631,#3632);
#2899=AXIS2_PLACEMENT_3D('',#4565,#3634,#3635);
#2900=AXIS2_PLACEMENT_3D('',#4566,#3636,#3637);
#2901=AXIS2_PLACEMENT_3D('',#4567,#3638,#3639);
#2902=AXIS2_PLACEMENT_3D('',#4575,#3641,#3642);
#2903=AXIS2_PLACEMENT_3D('',#4576,#3643,#3644);
#2904=AXIS2_PLACEMENT_3D('',#4582,#3645,#3646);
#2905=AXIS2_PLACEMENT_3D('',#4587,#3647,#3648);
#2906=AXIS2_PLACEMENT_3D('',#4593,#3649,#3650);
#2907=AXIS2_PLACEMENT_3D('',#4594,#3651,#3652);
#2908=AXIS2_PLACEMENT_3D('',#4599,#3653,#3654);
#2909=AXIS2_PLACEMENT_3D('',#4600,#3655,#3656);
#2910=AXIS2_PLACEMENT_3D('',#4606,#3657,#3658);
#2911=AXIS2_PLACEMENT_3D('',#4611,#3659,#3660);
#2912=AXIS2_PLACEMENT_3D('',#4617,#3661,#3662);
#2913=AXIS2_PLACEMENT_3D('',#4618,#3663,#3664);
#2914=AXIS2_PLACEMENT_3D('',#4623,#3665,#3666);
#2915=AXIS2_PLACEMENT_3D('',#4624,#3667,#3668);
#2916=AXIS2_PLACEMENT_3D('',#4625,#3669,#3670);
#2917=AXIS2_PLACEMENT_3D('',#4626,#3671,#3672);
#2918=AXIS2_PLACEMENT_3D('',#4627,#3673,#3674);
#2919=AXIS2_PLACEMENT_3D('',#4628,#3675,#3676);
#2920=AXIS2_PLACEMENT_3D('',#4629,#3677,#3678);
#2921=AXIS2_PLACEMENT_3D('',#4630,#3679,#3680);
#2922=AXIS2_PLACEMENT_3D('',#4631,#3681,#3682);
#2923=AXIS2_PLACEMENT_3D('',#4632,#3683,#3684);
#2924=AXIS2_PLACEMENT_3D('',#4633,#3685,#3686);
#2925=AXIS2_PLACEMENT_3D('',#4634,#3687,#3688);
#2926=AXIS2_PLACEMENT_3D('',#4635,#3689,#3690);
#2927=AXIS2_PLACEMENT_3D('',#4636,#3691,#3692);
#2928=DIRECTION('',(0.,0.,1.));
#2929=DIRECTION('',(1.,0.,0.));
#2930=DIRECTION('',(0.,1.,0.));
#2931=DIRECTION('',(0.,0.,1.));
#2932=DIRECTION('',(0.,0.,1.));
#2933=DIRECTION('',(1.,0.,0.));
#2934=DIRECTION('',(0.,0.,-1.));
#2935=DIRECTION('',(0.,1.,0.));
#2936=DIRECTION('',(0.,0.,1.));
#2937=DIRECTION('',(1.,0.,0.));
#2938=DIRECTION('',(0.,0.,1.));
#2939=DIRECTION('',(1.,0.,0.));
#2940=DIRECTION('',(0.,0.,1.));
#2941=DIRECTION('',(1.,0.,0.));
#2942=DIRECTION('',(0.,1.,0.));
#2943=DIRECTION('',(0.,0.,1.));
#2944=DIRECTION('',(0.,0.,1.));
#2945=DIRECTION('',(1.,0.,0.));
#2946=DIRECTION('',(0.,0.,1.));
#2947=DIRECTION('',(1.,0.,0.));
#2948=DIRECTION('',(0.,0.,1.));
#2949=DIRECTION('',(1.,0.,0.));
#2950=DIRECTION('',(0.,0.,1.));
#2951=DIRECTION('',(1.,0.,0.));
#2952=DIRECTION('',(0.,0.,1.));
#2953=DIRECTION('',(1.,0.,0.));
#2954=DIRECTION('',(1.,0.,0.));
#2955=DIRECTION('',(0.,-1.,0.));
#2956=DIRECTION('',(0.,0.,-1.));
#2957=DIRECTION('',(-1.,0.,0.));
#2958=DIRECTION('',(0.,1.,0.));
#2959=DIRECTION('',(0.,0.,1.));
#2960=DIRECTION('',(1.,0.,0.));
#2961=DIRECTION('',(0.,1.,0.));
#2962=DIRECTION('',(0.,0.,1.));
#2963=DIRECTION('',(1.,0.,0.));
#2964=DIRECTION('',(0.,0.,-1.));
#2965=DIRECTION('',(0.,1.,0.));
#2966=DIRECTION('',(0.,0.,1.));
#2967=DIRECTION('',(0.,0.,1.));
#2968=DIRECTION('',(1.,0.,0.));
#2969=DIRECTION('',(0.,0.,1.));
#2970=DIRECTION('',(1.,0.,0.));
#2971=DIRECTION('',(0.,1.,0.));
#2972=DIRECTION('',(0.,0.,1.));
#2973=DIRECTION('',(0.,0.,1.));
#2974=DIRECTION('',(1.,0.,0.));
#2975=DIRECTION('',(0.,0.,1.));
#2976=DIRECTION('',(1.,0.,0.));
#2977=DIRECTION('',(0.,0.,1.));
#2978=DIRECTION('',(1.,0.,0.));
#2979=DIRECTION('',(0.,0.,1.));
#2980=DIRECTION('',(1.,0.,0.));
#2981=DIRECTION('',(0.,0.,1.));
#2982=DIRECTION('',(0.,0.,1.));
#2983=DIRECTION('',(1.,0.,0.));
#2984=DIRECTION('',(1.,0.,0.));
#2985=DIRECTION('',(3.028542234765E-16,-1.,0.));
#2986=DIRECTION('',(1.,0.,0.));
#2987=DIRECTION('',(0.,0.,1.));
#2988=DIRECTION('',(1.,0.,0.));
#2989=DIRECTION('',(1.,0.,0.));
#2990=DIRECTION('',(0.,1.,0.));
#2991=DIRECTION('',(1.,0.,0.));
#2992=DIRECTION('',(0.,0.,1.));
#2993=DIRECTION('',(1.,0.,0.));
#2994=DIRECTION('',(0.,0.,1.));
#2995=DIRECTION('',(1.,0.,0.));
#2996=DIRECTION('',(0.,0.,1.));
#2997=DIRECTION('',(1.,0.,0.));
#2998=DIRECTION('',(0.,0.,1.));
#2999=DIRECTION('',(0.,0.,1.));
#3000=DIRECTION('',(1.,0.,0.));
#3001=DIRECTION('',(0.,0.,1.));
#3002=DIRECTION('',(1.,0.,0.));
#3003=DIRECTION('',(0.,0.,1.));
#3004=DIRECTION('',(1.,0.,0.));
#3005=DIRECTION('',(0.,0.,1.));
#3006=DIRECTION('',(0.,0.,1.));
#3007=DIRECTION('',(1.,0.,0.));
#3008=DIRECTION('',(0.,0.,1.));
#3009=DIRECTION('',(0.,0.,1.));
#3010=DIRECTION('',(1.,0.,0.));
#3011=DIRECTION('',(0.,0.,1.));
#3012=DIRECTION('',(0.,0.,-1.));
#3013=DIRECTION('',(-1.,0.,0.));
#3014=DIRECTION('',(0.,0.,-1.));
#3015=DIRECTION('',(-1.,0.,0.));
#3016=DIRECTION('',(0.,0.,-1.));
#3017=DIRECTION('',(0.,0.,-1.));
#3018=DIRECTION('',(-1.,0.,0.));
#3019=DIRECTION('',(0.,0.,-1.));
#3020=DIRECTION('',(1.,0.,0.));
#3021=DIRECTION('',(0.,0.,-1.));
#3022=DIRECTION('',(-1.,0.,0.));
#3023=DIRECTION('',(0.,0.,-1.));
#3024=DIRECTION('',(-1.,0.,0.));
#3025=DIRECTION('',(1.,0.,0.));
#3026=DIRECTION('',(0.,0.,-1.));
#3027=DIRECTION('',(-1.,0.,0.));
#3028=DIRECTION('',(0.,0.,-1.));
#3029=DIRECTION('',(-1.,0.,0.));
#3030=DIRECTION('',(0.,0.,-1.));
#3031=DIRECTION('',(-1.,0.,0.));
#3032=DIRECTION('',(1.,0.,0.));
#3033=DIRECTION('',(0.,0.,-1.));
#3034=DIRECTION('',(-1.,0.,0.));
#3035=DIRECTION('',(-7.04313175368921E-15,8.18492049000131E-15,1.));
#3036=DIRECTION('',(0.,-1.,8.18492049000131E-15));
#3037=DIRECTION('',(1.61979977149581E-14,-1.89544907823036E-14,1.));
#3038=DIRECTION('',(0.,-1.,-1.89544907823036E-14));
#3039=DIRECTION('',(2.01924690551916E-14,-9.98682205144823E-15,1.));
#3040=DIRECTION('',(1.,0.,-2.01924690551916E-14));
#3041=DIRECTION('',(1.,0.,0.));
#3042=DIRECTION('',(0.,-1.,0.));
#3043=DIRECTION('',(1.,0.,0.));
#3044=DIRECTION('',(1.,0.,0.));
#3045=DIRECTION('',(0.,-1.,0.));
#3046=DIRECTION('',(1.,0.,0.));
#3047=DIRECTION('',(0.,-1.,0.));
#3048=DIRECTION('',(1.,0.,0.));
#3049=DIRECTION('',(0.,-1.,0.));
#3050=DIRECTION('',(1.,0.,0.));
#3051=DIRECTION('',(0.,-1.,0.));
#3052=DIRECTION('',(1.,0.,0.));
#3053=DIRECTION('',(0.,-1.,0.));
#3054=DIRECTION('',(1.,0.,0.));
#3055=DIRECTION('',(0.,-1.,0.));
#3056=DIRECTION('',(1.,0.,0.));
#3057=DIRECTION('',(-0.566110749872389,-0.824329193271063,0.));
#3058=DIRECTION('',(-0.574175743182164,0.818732078241234,0.));
#3059=DIRECTION('',(1.,0.,0.));
#3060=DIRECTION('',(0.590706051179801,-0.806886832895151,0.));
#3061=DIRECTION('',(-0.590370554981623,-0.807132335996205,0.));
#3062=DIRECTION('',(1.,0.,0.));
#3063=DIRECTION('',(0.578331672351848,0.815801738631829,0.));
#3064=DIRECTION('',(0.567499103600915,-0.823374014292508,0.));
#3065=DIRECTION('',(1.,0.,0.));
#3066=DIRECTION('',(-0.583875682533136,0.811843080494294,0.));
#3067=DIRECTION('',(0.577654361976579,0.816281469892237,0.));
#3068=DIRECTION('',(1.,0.,0.));
#3069=DIRECTION('',(0.,-1.,0.));
#3070=DIRECTION('',(1.,0.,0.));
#3071=DIRECTION('',(0.,-1.,0.));
#3072=DIRECTION('',(0.,0.,1.));
#3073=DIRECTION('',(1.,0.,0.));
#3074=DIRECTION('',(0.,0.,1.));
#3075=DIRECTION('',(1.,0.,0.));
#3076=DIRECTION('',(0.,0.,1.));
#3077=DIRECTION('',(0.,0.,1.));
#3078=DIRECTION('',(1.,0.,0.));
#3079=DIRECTION('',(0.,0.,1.));
#3080=DIRECTION('',(1.,0.,0.));
#3081=DIRECTION('',(0.,0.,1.));
#3082=DIRECTION('',(1.,0.,0.));
#3083=DIRECTION('',(0.,0.,1.));
#3084=DIRECTION('',(1.,0.,0.));
#3085=DIRECTION('',(0.,0.,-1.));
#3086=DIRECTION('',(-1.,0.,0.));
#3087=DIRECTION('',(0.,0.,1.));
#3088=DIRECTION('',(1.,0.,0.));
#3089=DIRECTION('',(0.,0.,1.));
#3090=DIRECTION('',(1.,0.,0.));
#3091=DIRECTION('',(0.,0.,1.));
#3092=DIRECTION('',(1.,0.,0.));
#3093=DIRECTION('',(1.,0.,0.));
#3094=DIRECTION('',(0.,-1.,0.));
#3095=DIRECTION('',(1.,0.,0.));
#3096=DIRECTION('',(0.,0.,1.));
#3097=DIRECTION('',(1.,0.,0.));
#3098=DIRECTION('',(1.,0.,0.));
#3099=DIRECTION('',(0.,0.,-1.));
#3100=DIRECTION('',(0.,1.,0.));
#3101=DIRECTION('',(0.,0.,-1.));
#3102=DIRECTION('',(0.,1.,0.));
#3103=DIRECTION('',(0.,0.,-1.));
#3104=DIRECTION('',(1.,0.,0.));
#3105=DIRECTION('',(0.,0.,-1.));
#3106=DIRECTION('',(0.,1.,0.));
#3107=DIRECTION('',(0.,0.,-1.));
#3108=DIRECTION('',(0.,0.,-1.));
#3109=DIRECTION('',(0.,0.,-1.));
#3110=DIRECTION('',(1.,0.,0.));
#3111=DIRECTION('',(1.,0.,0.));
#3112=DIRECTION('',(0.,-1.,0.));
#3113=DIRECTION('',(1.,0.,0.));
#3114=DIRECTION('',(0.,-1.,0.));
#3115=DIRECTION('',(1.,0.,0.));
#3116=DIRECTION('',(0.,0.,-1.));
#3117=DIRECTION('',(0.,0.,-1.));
#3118=DIRECTION('',(0.,1.,0.));
#3119=DIRECTION('',(0.,0.,-1.));
#3120=DIRECTION('',(0.,-1.,0.));
#3121=DIRECTION('',(0.,0.,-1.));
#3122=DIRECTION('',(0.,0.,1.));
#3123=DIRECTION('',(1.,0.,0.));
#3124=DIRECTION('',(-1.,0.,0.));
#3125=DIRECTION('',(0.,0.,1.));
#3126=DIRECTION('',(0.,0.,1.));
#3127=DIRECTION('',(0.,1.,0.));
#3128=DIRECTION('',(0.,1.,0.));
#3129=DIRECTION('',(0.,0.,1.));
#3130=DIRECTION('',(0.,0.,1.));
#3131=DIRECTION('',(1.,0.,0.));
#3132=DIRECTION('',(-1.,0.,0.));
#3133=DIRECTION('',(0.,0.,1.));
#3134=DIRECTION('',(0.,0.,-1.));
#3135=DIRECTION('',(0.,1.,0.));
#3136=DIRECTION('',(0.,-1.,0.));
#3137=DIRECTION('',(0.,0.,-1.));
#3138=DIRECTION('',(0.,0.,1.));
#3139=DIRECTION('',(1.,0.,0.));
#3140=DIRECTION('',(-1.,0.,0.));
#3141=DIRECTION('',(0.,0.,1.));
#3142=DIRECTION('',(0.,0.,1.));
#3143=DIRECTION('',(0.,1.,0.));
#3144=DIRECTION('',(0.,1.,0.));
#3145=DIRECTION('',(0.,0.,1.));
#3146=DIRECTION('',(0.,0.,1.));
#3147=DIRECTION('',(1.,0.,0.));
#3148=DIRECTION('',(-1.,0.,0.));
#3149=DIRECTION('',(0.,0.,1.));
#3150=DIRECTION('',(0.,0.,-1.));
#3151=DIRECTION('',(0.,1.,0.));
#3152=DIRECTION('',(0.,-1.,0.));
#3153=DIRECTION('',(0.,0.,-1.));
#3154=DIRECTION('',(0.,0.,1.));
#3155=DIRECTION('',(1.,0.,0.));
#3156=DIRECTION('',(-1.,0.,0.));
#3157=DIRECTION('',(0.,0.,1.));
#3158=DIRECTION('',(0.,0.,1.));
#3159=DIRECTION('',(0.,1.,0.));
#3160=DIRECTION('',(0.,1.,0.));
#3161=DIRECTION('',(0.,0.,1.));
#3162=DIRECTION('',(1.,0.,0.));
#3163=DIRECTION('',(0.,0.,-1.));
#3164=DIRECTION('',(1.,0.,0.));
#3165=DIRECTION('',(0.824329193271064,-0.566110749872388,0.));
#3166=DIRECTION('',(0.566110749872388,0.824329193271064,0.));
#3167=DIRECTION('',(0.,0.,-1.));
#3168=DIRECTION('',(0.566110749872388,0.824329193271064,0.));
#3169=DIRECTION('',(0.,0.,1.));
#3170=DIRECTION('',(0.,-1.,0.));
#3171=DIRECTION('',(0.,0.,-1.));
#3172=DIRECTION('',(0.,0.,1.));
#3173=DIRECTION('',(1.,0.,0.));
#3174=DIRECTION('',(-0.816281469892239,0.577654361976577,0.));
#3175=DIRECTION('',(-0.577654361976577,-0.816281469892239,0.));
#3176=DIRECTION('',(0.,0.,1.));
#3177=DIRECTION('',(-0.577654361976577,-0.816281469892239,0.));
#3178=DIRECTION('',(-0.811843080494289,-0.583875682533142,0.));
#3179=DIRECTION('',(0.583875682533142,-0.811843080494289,0.));
#3180=DIRECTION('',(0.,0.,1.));
#3181=DIRECTION('',(0.583875682533142,-0.811843080494289,0.));
#3182=DIRECTION('',(0.,1.,0.));
#3183=DIRECTION('',(0.,0.,1.));
#3184=DIRECTION('',(0.,0.,1.));
#3185=DIRECTION('',(1.,0.,0.));
#3186=DIRECTION('',(0.823374014292509,0.567499103600913,0.));
#3187=DIRECTION('',(-0.567499103600913,0.823374014292509,0.));
#3188=DIRECTION('',(0.,0.,1.));
#3189=DIRECTION('',(-0.567499103600913,0.823374014292509,0.));
#3190=DIRECTION('',(-0.815801738631829,0.578331672351847,0.));
#3191=DIRECTION('',(-0.578331672351847,-0.815801738631829,0.));
#3192=DIRECTION('',(0.,0.,1.));
#3193=DIRECTION('',(-0.578331672351847,-0.815801738631829,0.));
#3194=DIRECTION('',(0.,1.,0.));
#3195=DIRECTION('',(0.,0.,1.));
#3196=DIRECTION('',(0.,0.,1.));
#3197=DIRECTION('',(1.,0.,0.));
#3198=DIRECTION('',(0.807132335996206,-0.590370554981622,0.));
#3199=DIRECTION('',(0.590370554981622,0.807132335996206,0.));
#3200=DIRECTION('',(0.,0.,1.));
#3201=DIRECTION('',(0.590370554981622,0.807132335996206,0.));
#3202=DIRECTION('',(0.806886832895152,0.590706051179799,0.));
#3203=DIRECTION('',(-0.590706051179799,0.806886832895152,0.));
#3204=DIRECTION('',(0.,0.,-1.));
#3205=DIRECTION('',(-0.590706051179799,0.806886832895152,0.));
#3206=DIRECTION('',(0.,-1.,0.));
#3207=DIRECTION('',(0.,0.,-1.));
#3208=DIRECTION('',(0.,0.,1.));
#3209=DIRECTION('',(1.,0.,0.));
#3210=DIRECTION('',(-0.818732078241234,-0.574175743182164,0.));
#3211=DIRECTION('',(0.574175743182164,-0.818732078241234,0.));
#3212=DIRECTION('',(0.574175743182164,-0.818732078241234,0.));
#3213=DIRECTION('',(0.,0.,-1.));
#3214=DIRECTION('',(1.,0.,0.));
#3215=DIRECTION('',(1.,0.,0.));
#3216=DIRECTION('',(0.,0.,-1.));
#3217=DIRECTION('',(0.,0.,-1.));
#3218=DIRECTION('',(0.,1.,0.));
#3219=DIRECTION('',(0.,0.,-1.));
#3220=DIRECTION('',(0.,-1.,0.));
#3221=DIRECTION('',(0.,0.,-1.));
#3222=DIRECTION('',(0.,0.,1.));
#3223=DIRECTION('',(1.,0.,0.));
#3224=DIRECTION('',(-1.,0.,0.));
#3225=DIRECTION('',(0.,0.,1.));
#3226=DIRECTION('',(0.,0.,1.));
#3227=DIRECTION('',(0.,1.,0.));
#3228=DIRECTION('',(0.,1.,0.));
#3229=DIRECTION('',(0.,0.,1.));
#3230=DIRECTION('',(1.,0.,0.));
#3231=DIRECTION('',(0.,0.,-1.));
#3232=DIRECTION('',(1.,0.,0.));
#3233=DIRECTION('',(2.22450479484079E-15,-1.99034639538294E-15,-1.));
#3234=DIRECTION('',(6.47786558155285E-16,1.28202358185586E-14,1.));
#3235=DIRECTION('',(0.,-1.,1.28202358185586E-14));
#3236=DIRECTION('',(6.47786558155285E-16,1.28202358185586E-14,1.));
#3237=DIRECTION('',(0.,-1.,1.28202358185586E-14));
#3238=DIRECTION('',(6.47786558155285E-16,1.28202358185586E-14,1.));
#3239=DIRECTION('',(0.,-1.,1.28202358185586E-14));
#3240=DIRECTION('',(1.47603808404397E-14,-7.50028903795011E-15,1.));
#3241=DIRECTION('',(1.,0.,-1.47603808404397E-14));
#3242=DIRECTION('',(1.47603808404397E-14,-7.50028903795011E-15,1.));
#3243=DIRECTION('',(1.,0.,-1.47603808404397E-14));
#3244=DIRECTION('',(1.47603808404397E-14,-7.50028903795011E-15,1.));
#3245=DIRECTION('',(1.,0.,-1.47603808404397E-14));
#3246=DIRECTION('',(-3.47587690016749E-14,9.88447028130911E-15,1.));
#3247=DIRECTION('',(1.,0.,3.47587690016749E-14));
#3248=DIRECTION('',(-3.47587690016749E-14,9.88447028130911E-15,1.));
#3249=DIRECTION('',(1.,0.,3.47587690016749E-14));
#3250=DIRECTION('',(-3.47587690016749E-14,9.88447028130911E-15,1.));
#3251=DIRECTION('',(1.,0.,3.47587690016749E-14));
#3252=DIRECTION('',(0.,1.,0.));
#3253=DIRECTION('',(0.,0.,1.));
#3254=DIRECTION('',(1.,0.,0.));
#3255=DIRECTION('',(0.,0.,1.));
#3256=DIRECTION('',(1.,0.,0.));
#3257=DIRECTION('',(-1.,0.,0.));
#3258=DIRECTION('',(0.,0.,1.));
#3259=DIRECTION('',(0.,-1.,0.));
#3260=DIRECTION('',(0.,0.,-1.));
#3261=DIRECTION('',(0.,1.,0.));
#3262=DIRECTION('',(0.,-1.,0.));
#3263=DIRECTION('',(0.,0.,-1.));
#3264=DIRECTION('',(1.,0.,0.));
#3265=DIRECTION('',(1.,0.,0.));
#3266=DIRECTION('',(-7.04313175368921E-15,8.18492049000131E-15,1.));
#3267=DIRECTION('',(0.,-1.,8.18492049000131E-15));
#3268=DIRECTION('',(-7.04313175368921E-15,8.18492049000131E-15,1.));
#3269=DIRECTION('',(0.,-1.,8.18492049000131E-15));
#3270=DIRECTION('',(3.13186859273645E-15,5.50272238723077E-15,-1.));
#3271=DIRECTION('',(0.,1.,0.));
#3272=DIRECTION('',(0.,0.,1.));
#3273=DIRECTION('',(0.,0.,-1.));
#3274=DIRECTION('',(1.,0.,0.));
#3275=DIRECTION('',(1.,0.,0.));
#3276=DIRECTION('',(0.,0.,-1.));
#3277=DIRECTION('',(0.,0.,-1.));
#3278=DIRECTION('',(0.,1.,0.));
#3279=DIRECTION('',(0.,-1.,0.));
#3280=DIRECTION('',(0.,0.,-1.));
#3281=DIRECTION('',(1.,0.,0.));
#3282=DIRECTION('',(2.01924690551916E-14,-9.98682205144823E-15,1.));
#3283=DIRECTION('',(1.,0.,-2.01924690551916E-14));
#3284=DIRECTION('',(2.01924690551916E-14,-9.98682205144823E-15,1.));
#3285=DIRECTION('',(1.,0.,-2.01924690551916E-14));
#3286=DIRECTION('',(1.61979977149581E-14,-1.89544907823036E-14,1.));
#3287=DIRECTION('',(0.,-1.,-1.89544907823036E-14));
#3288=DIRECTION('',(1.61979977149581E-14,-1.89544907823036E-14,1.));
#3289=DIRECTION('',(0.,-1.,-1.89544907823036E-14));
#3290=DIRECTION('',(0.,0.,-1.));
#3291=DIRECTION('',(1.,0.,0.));
#3292=DIRECTION('',(0.,0.,-1.));
#3293=DIRECTION('',(1.,0.,0.));
#3294=DIRECTION('',(0.,0.,1.));
#3295=DIRECTION('',(1.,0.,0.));
#3296=DIRECTION('',(0.,0.,1.));
#3297=DIRECTION('',(1.,0.,0.));
#3298=DIRECTION('',(0.,0.,1.));
#3299=DIRECTION('',(0.,0.,1.));
#3300=DIRECTION('',(1.,0.,0.));
#3301=DIRECTION('',(0.,0.,-1.));
#3302=DIRECTION('',(-1.,0.,0.));
#3303=DIRECTION('',(0.,0.,-1.));
#3304=DIRECTION('',(0.,0.,-1.));
#3305=DIRECTION('',(-1.,0.,0.));
#3306=DIRECTION('',(0.,0.,1.));
#3307=DIRECTION('',(1.,0.,0.));
#3308=DIRECTION('',(3.028542234765E-16,-1.,0.));
#3309=DIRECTION('',(0.,0.,-1.));
#3310=DIRECTION('',(-1.,0.,0.));
#3311=DIRECTION('',(0.,0.,1.));
#3312=DIRECTION('',(1.,0.,0.));
#3313=DIRECTION('',(0.,0.,-1.));
#3314=DIRECTION('',(1.,0.,0.));
#3315=DIRECTION('',(1.,0.,0.));
#3316=DIRECTION('',(0.,-1.,0.));
#3317=DIRECTION('',(0.,0.,1.));
#3318=DIRECTION('',(1.,0.,0.));
#3319=DIRECTION('',(0.,0.,-1.));
#3320=DIRECTION('',(-1.,0.,0.));
#3321=DIRECTION('',(0.,0.,1.));
#3322=DIRECTION('',(1.,0.,0.));
#3323=DIRECTION('',(0.,0.,-1.));
#3324=DIRECTION('',(-1.,0.,0.));
#3325=DIRECTION('',(0.,0.,1.));
#3326=DIRECTION('',(1.,0.,0.));
#3327=DIRECTION('',(0.,0.,-1.));
#3328=DIRECTION('',(1.,0.,0.));
#3329=DIRECTION('',(0.,0.,1.));
#3330=DIRECTION('',(1.,0.,0.));
#3331=DIRECTION('',(0.,-1.,0.));
#3332=DIRECTION('',(1.,0.,0.));
#3333=DIRECTION('',(0.,0.,-1.));
#3334=DIRECTION('',(-1.,0.,0.));
#3335=DIRECTION('',(0.,0.,1.));
#3336=DIRECTION('',(1.,0.,0.));
#3337=DIRECTION('',(0.,0.,-1.));
#3338=DIRECTION('',(-1.,0.,0.));
#3339=DIRECTION('',(0.,0.,1.));
#3340=DIRECTION('',(1.,0.,0.));
#3341=DIRECTION('',(0.,0.,-1.));
#3342=DIRECTION('',(1.,0.,0.));
#3343=DIRECTION('',(0.,0.,1.));
#3344=DIRECTION('',(1.,0.,0.));
#3345=DIRECTION('',(0.,-1.,0.));
#3346=DIRECTION('',(1.,0.,0.));
#3347=DIRECTION('',(0.,0.,1.));
#3348=DIRECTION('',(1.,0.,0.));
#3349=DIRECTION('',(0.,0.,-1.));
#3350=DIRECTION('',(-1.,0.,0.));
#3351=DIRECTION('',(0.,0.,1.));
#3352=DIRECTION('',(1.,0.,0.));
#3353=DIRECTION('',(0.,0.,-1.));
#3354=DIRECTION('',(-1.,0.,0.));
#3355=DIRECTION('',(0.,0.,1.));
#3356=DIRECTION('',(1.,0.,0.));
#3357=DIRECTION('',(0.,0.,-1.));
#3358=DIRECTION('',(1.,0.,0.));
#3359=DIRECTION('',(0.,0.,1.));
#3360=DIRECTION('',(1.,0.,0.));
#3361=DIRECTION('',(1.,0.,0.));
#3362=DIRECTION('',(0.,-1.,0.));
#3363=DIRECTION('',(0.,0.,1.));
#3364=DIRECTION('',(1.,0.,0.));
#3365=DIRECTION('',(0.,0.,-1.));
#3366=DIRECTION('',(-1.,0.,0.));
#3367=DIRECTION('',(0.,0.,1.));
#3368=DIRECTION('',(1.,0.,0.));
#3369=DIRECTION('',(0.,0.,-1.));
#3370=DIRECTION('',(-1.,0.,0.));
#3371=DIRECTION('',(0.,0.,1.));
#3372=DIRECTION('',(1.,0.,0.));
#3373=DIRECTION('',(0.,0.,1.));
#3374=DIRECTION('',(1.,0.,0.));
#3375=DIRECTION('',(0.,0.,1.));
#3376=DIRECTION('',(0.,0.,1.));
#3377=DIRECTION('',(0.,0.,1.));
#3378=DIRECTION('',(1.,0.,0.));
#3379=DIRECTION('',(0.,0.,1.));
#3380=DIRECTION('',(1.,0.,0.));
#3381=DIRECTION('',(0.,0.,1.));
#3382=DIRECTION('',(1.,0.,0.));
#3383=DIRECTION('',(0.,0.,1.));
#3384=DIRECTION('',(1.,0.,0.));
#3385=DIRECTION('',(0.,0.,1.));
#3386=DIRECTION('',(1.,0.,0.));
#3387=DIRECTION('',(0.,0.,1.));
#3388=DIRECTION('',(1.,0.,0.));
#3389=DIRECTION('',(0.,0.,1.));
#3390=DIRECTION('',(0.,0.,1.));
#3391=DIRECTION('',(1.,0.,0.));
#3392=DIRECTION('',(0.,0.,1.));
#3393=DIRECTION('',(0.,0.,1.));
#3394=DIRECTION('',(1.,0.,0.));
#3395=DIRECTION('',(0.,0.,1.));
#3396=DIRECTION('',(0.,0.,1.));
#3397=DIRECTION('',(1.,0.,0.));
#3398=DIRECTION('',(0.,0.,1.));
#3399=DIRECTION('',(0.,0.,1.));
#3400=DIRECTION('',(1.,0.,0.));
#3401=DIRECTION('',(0.,0.,1.));
#3402=DIRECTION('',(1.,0.,0.));
#3403=DIRECTION('',(0.,0.,1.));
#3404=DIRECTION('',(1.,0.,0.));
#3405=DIRECTION('',(0.,0.,1.));
#3406=DIRECTION('',(1.,0.,0.));
#3407=DIRECTION('',(0.,0.,1.));
#3408=DIRECTION('',(1.,0.,0.));
#3409=DIRECTION('',(0.,0.,1.));
#3410=DIRECTION('',(0.,0.,1.));
#3411=DIRECTION('',(0.,0.,1.));
#3412=DIRECTION('',(1.,0.,0.));
#3413=DIRECTION('',(0.,0.,1.));
#3414=DIRECTION('',(1.,0.,0.));
#3415=DIRECTION('',(0.,0.,1.));
#3416=DIRECTION('',(0.,0.,1.));
#3417=DIRECTION('',(1.,0.,0.));
#3418=DIRECTION('',(0.,0.,1.));
#3419=DIRECTION('',(1.,0.,0.));
#3420=DIRECTION('',(0.,0.,1.));
#3421=DIRECTION('',(0.,0.,1.));
#3422=DIRECTION('',(1.,0.,0.));
#3423=DIRECTION('',(0.,0.,1.));
#3424=DIRECTION('',(1.,0.,0.));
#3425=DIRECTION('',(0.,0.,1.));
#3426=DIRECTION('',(1.,0.,0.));
#3427=DIRECTION('',(0.,0.,1.));
#3428=DIRECTION('',(1.,0.,0.));
#3429=DIRECTION('',(0.,0.,1.));
#3430=DIRECTION('',(1.,0.,0.));
#3431=DIRECTION('',(0.,0.,1.));
#3432=DIRECTION('',(0.,0.,1.));
#3433=DIRECTION('',(1.,0.,0.));
#3434=DIRECTION('',(0.,0.,1.));
#3435=DIRECTION('',(0.,0.,1.));
#3436=DIRECTION('',(1.,0.,0.));
#3437=DIRECTION('',(0.,0.,1.));
#3438=DIRECTION('',(1.,0.,0.));
#3439=DIRECTION('',(0.,0.,1.));
#3440=DIRECTION('',(0.,0.,1.));
#3441=DIRECTION('',(1.,0.,0.));
#3442=DIRECTION('',(0.,0.,-1.));
#3443=DIRECTION('',(-1.,0.,0.));
#3444=DIRECTION('',(0.,0.,1.));
#3445=DIRECTION('',(-1.,0.,0.));
#3446=DIRECTION('',(0.,0.,1.));
#3447=DIRECTION('',(1.,0.,0.));
#3448=DIRECTION('',(0.,0.,-1.));
#3449=DIRECTION('',(0.,0.,-1.));
#3450=DIRECTION('',(-1.,0.,0.));
#3451=DIRECTION('',(1.83697019872103E-16,0.,1.));
#3452=DIRECTION('',(1.,0.,-1.83697019872103E-16));
#3453=DIRECTION('',(0.,0.,1.));
#3454=DIRECTION('',(1.,0.,0.));
#3455=DIRECTION('',(3.82856869892695E-16,0.,-1.));
#3456=DIRECTION('',(-1.,0.,-3.82856869892695E-16));
#3457=DIRECTION('',(1.,0.,0.));
#3458=DIRECTION('',(0.,0.,-1.));
#3459=DIRECTION('',(1.,0.,-1.22464679914735E-16));
#3460=DIRECTION('',(-1.22464679914735E-16,0.,-1.));
#3461=DIRECTION('',(1.,0.,-1.22464679914735E-16));
#3462=DIRECTION('',(-1.22464679914735E-16,0.,-1.));
#3463=DIRECTION('',(0.,-1.,0.));
#3464=DIRECTION('',(0.,0.,-1.));
#3465=DIRECTION('',(0.,-1.,0.));
#3466=DIRECTION('',(0.,0.,-1.));
#3467=DIRECTION('',(0.,-1.,0.));
#3468=DIRECTION('',(0.,0.,-1.));
#3469=DIRECTION('',(0.,1.,0.));
#3470=DIRECTION('',(0.,0.,1.));
#3471=DIRECTION('',(0.,-1.,0.));
#3472=DIRECTION('',(0.,0.,-1.));
#3473=DIRECTION('',(0.,-1.,0.));
#3474=DIRECTION('',(0.,0.,-1.));
#3475=DIRECTION('',(0.,0.,1.));
#3476=DIRECTION('',(1.,0.,0.));
#3477=DIRECTION('',(0.,3.82856869892695E-16,1.));
#3478=DIRECTION('',(0.,-1.,3.82856869892695E-16));
#3479=DIRECTION('',(0.,0.,-1.));
#3480=DIRECTION('',(-1.,0.,0.));
#3481=DIRECTION('',(0.,3.82856869892695E-16,-1.));
#3482=DIRECTION('',(0.,1.,3.82856869892695E-16));
#3483=DIRECTION('',(0.,1.,0.));
#3484=DIRECTION('',(0.,0.,1.));
#3485=DIRECTION('',(0.,1.,-1.22464679914735E-16));
#3486=DIRECTION('',(0.,1.22464679914735E-16,1.));
#3487=DIRECTION('',(-1.,0.,0.));
#3488=DIRECTION('',(0.,0.,1.));
#3489=DIRECTION('',(-1.,0.,0.));
#3490=DIRECTION('',(0.,0.,1.));
#3491=DIRECTION('',(1.,0.,0.));
#3492=DIRECTION('',(0.,0.,-1.));
#3493=DIRECTION('',(-1.,0.,0.));
#3494=DIRECTION('',(0.,0.,1.));
#3495=DIRECTION('',(-1.,0.,0.));
#3496=DIRECTION('',(0.,0.,1.));
#3497=DIRECTION('',(0.,0.,1.));
#3498=DIRECTION('',(1.,0.,0.));
#3499=DIRECTION('',(0.,0.,-1.));
#3500=DIRECTION('',(-1.,0.,0.));
#3501=DIRECTION('',(0.,0.,-1.));
#3502=DIRECTION('',(-1.,0.,0.));
#3503=DIRECTION('',(-0.392313226567885,-0.919831686918806,0.));
#3504=DIRECTION('',(0.919831686918806,-0.392313226567885,0.));
#3505=DIRECTION('',(-0.999743584774968,-0.0226443083642794,0.));
#3506=DIRECTION('',(0.0226443083642794,-0.999743584774968,0.));
#3507=DIRECTION('',(0.,0.,-1.));
#3508=DIRECTION('',(-1.,0.,0.));
#3509=DIRECTION('',(-1.,0.,0.));
#3510=DIRECTION('',(0.,0.,1.));
#3511=DIRECTION('',(0.,0.,-1.));
#3512=DIRECTION('',(-1.,0.,0.));
#3513=DIRECTION('',(0.392313226567753,-0.919831686918862,-2.67935025221767E-15));
#3514=DIRECTION('',(0.919831686918862,0.392313226567753,0.));
#3515=DIRECTION('',(0.,0.,1.));
#3516=DIRECTION('',(1.,0.,0.));
#3517=DIRECTION('',(-6.82961998416066E-15,0.,-1.));
#3518=DIRECTION('',(-1.,0.,6.82961998416066E-15));
#3519=DIRECTION('',(-1.,0.,0.));
#3520=DIRECTION('',(0.,0.,1.));
#3521=DIRECTION('',(-1.,3.82856869892695E-16,0.));
#3522=DIRECTION('',(-3.82856869892695E-16,-1.,0.));
#3523=DIRECTION('',(-6.82961998416066E-15,0.,-1.));
#3524=DIRECTION('',(-1.,0.,6.82961998416066E-15));
#3525=DIRECTION('',(0.999743584774953,-0.0226443083649531,0.));
#3526=DIRECTION('',(0.0226443083649531,0.999743584774953,0.));
#3527=DIRECTION('',(0.,0.,1.));
#3528=DIRECTION('',(1.,0.,0.));
#3529=DIRECTION('',(-3.41480999208033E-15,0.,-1.));
#3530=DIRECTION('',(-1.,0.,3.41480999208033E-15));
#3531=DIRECTION('',(0.,0.,-1.));
#3532=DIRECTION('',(-1.,0.,0.));
#3533=DIRECTION('',(-0.999743584774966,0.022644308364351,3.41393438280777E-15));
#3534=DIRECTION('',(-0.022644308364351,-0.999743584774966,0.));
#3535=DIRECTION('',(0.,0.,-1.));
#3536=DIRECTION('',(-1.,0.,0.));
#3537=DIRECTION('',(1.,0.,0.));
#3538=DIRECTION('',(0.,0.,-1.));
#3539=DIRECTION('',(-3.41480999208033E-15,0.,-1.));
#3540=DIRECTION('',(-1.,0.,3.41480999208033E-15));
#3541=DIRECTION('',(-0.392313226567885,0.919831686918805,0.));
#3542=DIRECTION('',(-0.919831686918805,-0.392313226567885,0.));
#3543=DIRECTION('',(1.,0.,0.));
#3544=DIRECTION('',(0.,0.,-1.));
#3545=DIRECTION('',(1.,-1.59265981952815E-15,0.));
#3546=DIRECTION('',(1.59265981952815E-15,1.,0.));
#3547=DIRECTION('',(0.,0.,-1.));
#3548=DIRECTION('',(-1.,0.,0.));
#3549=DIRECTION('',(0.39231322656772,0.919831686918876,-1.33967512610872E-15));
#3550=DIRECTION('',(-0.919831686918876,0.39231322656772,0.));
#3551=DIRECTION('',(0.,0.,-1.));
#3552=DIRECTION('',(-1.,0.,0.));
#3553=DIRECTION('',(0.999743584774955,0.0226443083648629,-3.41393438280773E-15));
#3554=DIRECTION('',(-0.0226443083648629,0.999743584774955,0.));
#3555=DIRECTION('',(-3.41480999208033E-15,0.,-1.));
#3556=DIRECTION('',(-1.,0.,3.41480999208033E-15));
#3557=DIRECTION('',(0.,0.,1.));
#3558=DIRECTION('',(1.,0.,0.));
#3559=DIRECTION('',(0.,0.,1.));
#3560=DIRECTION('',(1.,0.,0.));
#3561=DIRECTION('',(0.,1.,0.));
#3562=DIRECTION('',(0.,0.,1.));
#3563=DIRECTION('',(0.,0.,1.));
#3564=DIRECTION('',(1.,0.,0.));
#3565=DIRECTION('',(1.,0.,0.));
#3566=DIRECTION('',(0.,0.,1.));
#3567=DIRECTION('',(1.,0.,0.));
#3568=DIRECTION('',(1.,0.,0.));
#3569=DIRECTION('',(0.,1.,0.));
#3570=DIRECTION('',(0.,1.,0.));
#3571=DIRECTION('',(0.,0.,1.));
#3572=DIRECTION('',(1.,0.,0.));
#3573=DIRECTION('',(0.,0.,1.));
#3574=DIRECTION('',(1.,0.,0.));
#3575=DIRECTION('',(0.,1.,0.));
#3576=DIRECTION('',(0.,1.,0.));
#3577=DIRECTION('',(1.,0.,0.));
#3578=DIRECTION('',(0.,0.,-1.));
#3579=DIRECTION('',(0.707106781186548,0.707106781186548,0.));
#3580=DIRECTION('',(0.707106781186548,-0.707106781186548,0.));
#3581=DIRECTION('',(0.,1.,0.));
#3582=DIRECTION('',(0.,0.,1.));
#3583=DIRECTION('',(-0.707106781186548,0.707106781186548,0.));
#3584=DIRECTION('',(0.707106781186548,0.707106781186548,0.));
#3585=DIRECTION('',(-1.,0.,0.));
#3586=DIRECTION('',(0.,0.,1.));
#3587=DIRECTION('',(0.,0.,1.));
#3588=DIRECTION('',(1.,0.,0.));
#3589=DIRECTION('',(0.,0.,1.));
#3590=DIRECTION('',(1.,0.,0.));
#3591=DIRECTION('',(0.,0.,1.));
#3592=DIRECTION('',(1.,0.,0.));
#3593=DIRECTION('',(0.,0.,1.));
#3594=DIRECTION('',(1.,0.,0.));
#3595=DIRECTION('',(0.,0.,1.));
#3596=DIRECTION('',(1.,0.,0.));
#3597=DIRECTION('',(0.,0.,1.));
#3598=DIRECTION('',(1.,0.,0.));
#3599=DIRECTION('',(0.,0.,1.));
#3600=DIRECTION('',(1.,0.,0.));
#3601=DIRECTION('',(0.,0.,1.));
#3602=DIRECTION('',(1.,0.,0.));
#3603=DIRECTION('',(1.,3.028542234765E-16,0.));
#3604=DIRECTION('',(-3.028542234765E-16,1.,0.));
#3605=DIRECTION('',(3.028542234765E-16,-1.,0.));
#3606=DIRECTION('',(3.028542234765E-16,-1.,0.));
#3607=DIRECTION('',(0.,0.,1.));
#3608=DIRECTION('',(3.028542234765E-16,-1.,0.));
#3609=DIRECTION('',(3.028542234765E-16,-1.,0.));
#3610=DIRECTION('',(0.,0.,1.));
#3611=DIRECTION('',(3.028542234765E-16,-1.,0.));
#3612=DIRECTION('',(1.,0.,0.));
#3613=DIRECTION('',(0.,0.,-1.));
#3614=DIRECTION('',(0.,0.,-1.));
#3615=DIRECTION('',(0.,1.,0.));
#3616=DIRECTION('',(0.,-1.,0.));
#3617=DIRECTION('',(0.,1.,0.));
#3618=DIRECTION('',(0.,0.,-1.));
#3619=DIRECTION('',(0.,-1.,0.));
#3620=DIRECTION('',(0.,-1.,0.));
#3621=DIRECTION('',(0.,0.,1.));
#3622=DIRECTION('',(1.,0.,0.));
#3623=DIRECTION('',(0.,0.,1.));
#3624=DIRECTION('',(0.,0.,1.));
#3625=DIRECTION('',(1.,0.,0.));
#3626=DIRECTION('',(0.,0.,1.));
#3627=DIRECTION('',(1.,0.,0.));
#3628=DIRECTION('',(0.,0.,1.));
#3629=DIRECTION('',(1.,0.,0.));
#3630=DIRECTION('',(0.,0.,1.));
#3631=DIRECTION('',(0.,0.,1.));
#3632=DIRECTION('',(1.,0.,0.));
#3633=DIRECTION('',(0.,0.,1.));
#3634=DIRECTION('',(0.,0.,1.));
#3635=DIRECTION('',(1.,0.,0.));
#3636=DIRECTION('',(0.,0.,1.));
#3637=DIRECTION('',(1.,0.,0.));
#3638=DIRECTION('',(0.,0.,1.));
#3639=DIRECTION('',(1.,0.,0.));
#3640=DIRECTION('',(0.,0.,1.));
#3641=DIRECTION('',(0.,-1.,0.));
#3642=DIRECTION('',(0.,0.,-1.));
#3643=DIRECTION('',(0.,1.,0.));
#3644=DIRECTION('',(0.,0.,1.));
#3645=DIRECTION('',(0.,0.,1.));
#3646=DIRECTION('',(1.,0.,0.));
#3647=DIRECTION('',(0.,-1.,0.));
#3648=DIRECTION('',(0.,0.,-1.));
#3649=DIRECTION('',(0.,-1.,0.));
#3650=DIRECTION('',(0.,0.,-1.));
#3651=DIRECTION('',(0.,0.,1.));
#3652=DIRECTION('',(1.,0.,0.));
#3653=DIRECTION('',(0.,-1.,0.));
#3654=DIRECTION('',(0.,0.,-1.));
#3655=DIRECTION('',(0.,-1.,0.));
#3656=DIRECTION('',(0.,0.,-1.));
#3657=DIRECTION('',(0.,0.,1.));
#3658=DIRECTION('',(1.,0.,0.));
#3659=DIRECTION('',(0.,-1.,0.));
#3660=DIRECTION('',(0.,0.,-1.));
#3661=DIRECTION('',(0.,1.,0.));
#3662=DIRECTION('',(0.,0.,1.));
#3663=DIRECTION('',(0.,0.,1.));
#3664=DIRECTION('',(1.,0.,0.));
#3665=DIRECTION('',(0.,0.,1.));
#3666=DIRECTION('',(1.,0.,0.));
#3667=DIRECTION('',(0.,0.,1.));
#3668=DIRECTION('',(1.,0.,0.));
#3669=DIRECTION('',(0.,0.,1.));
#3670=DIRECTION('',(1.,0.,0.));
#3671=DIRECTION('',(0.,0.,1.));
#3672=DIRECTION('',(1.,0.,0.));
#3673=DIRECTION('',(0.,0.,1.));
#3674=DIRECTION('',(1.,0.,0.));
#3675=DIRECTION('',(0.,0.,1.));
#3676=DIRECTION('',(1.,0.,0.));
#3677=DIRECTION('',(0.,0.,1.));
#3678=DIRECTION('',(1.,0.,0.));
#3679=DIRECTION('',(0.,0.,1.));
#3680=DIRECTION('',(1.,0.,0.));
#3681=DIRECTION('',(0.,1.,0.));
#3682=DIRECTION('',(0.,0.,1.));
#3683=DIRECTION('',(3.028542234765E-16,-1.,0.));
#3684=DIRECTION('',(1.,3.028542234765E-16,0.));
#3685=DIRECTION('',(0.,0.,1.));
#3686=DIRECTION('',(1.,0.,0.));
#3687=DIRECTION('',(0.,0.,1.));
#3688=DIRECTION('',(1.,0.,0.));
#3689=DIRECTION('',(0.,0.,1.));
#3690=DIRECTION('',(1.,0.,0.));
#3691=DIRECTION('',(0.,0.,1.));
#3692=DIRECTION('',(1.,0.,0.));
#3693=CARTESIAN_POINT('',(0.,0.,0.));
#3694=CARTESIAN_POINT('',(0.00928225289391843,0.0714393556118012,0.0272638));
#3695=CARTESIAN_POINT('',(0.010025715001958,0.0714393556118012,0.0272638));
#3696=CARTESIAN_POINT('',(0.010025715001959,0.0714393556118012,0.0299308));
#3697=CARTESIAN_POINT('',(0.010025715001958,0.0714393556118012,0.0318358));
#3698=CARTESIAN_POINT('',(0.00928225289391843,0.0714393556118012,0.0318358));
#3699=CARTESIAN_POINT('',(-0.00257997242947281,0.0714393556118012,0.0318358));
#3700=CARTESIAN_POINT('',(-0.00257997242947281,0.0714393556118012,0.0272638));
#3701=CARTESIAN_POINT('',(-0.00257997242947281,0.0714393556118012,0.0342131886855597));
#3702=CARTESIAN_POINT('',(-0.00429696111503256,0.0714393556118012,0.0342131886855597));
#3703=CARTESIAN_POINT('',(-0.00429696111503256,0.0714393556118012,0.0324962));
#3704=CARTESIAN_POINT('',(-0.0204308550183854,0.0714393556118012,0.0324962));
#3705=CARTESIAN_POINT('',(-0.0189068550183854,0.0714393556118012,0.0324962));
#3706=CARTESIAN_POINT('',(-0.0189068550183854,0.0714393556118012,0.0272638));
#3707=CARTESIAN_POINT('',(-0.0189068550183854,0.0714393556118012,0.0336392));
#3708=CARTESIAN_POINT('',(0.00928225289391843,0.0714393556118012,0.0336392));
#3709=CARTESIAN_POINT('',(-0.0219548550183854,0.0714393556118012,0.0336392));
#3710=CARTESIAN_POINT('',(-0.0219548550183854,0.0714393556118012,0.0272638));
#3711=CARTESIAN_POINT('',(-0.0219548550183854,0.0714393556118012,0.0324962));
#3712=CARTESIAN_POINT('',(-0.0204308550183854,0.0714393556118012,0.0324962));
#3713=CARTESIAN_POINT('',(-0.0365647489217382,0.0714393556118012,0.0324962));
#3714=CARTESIAN_POINT('',(-0.0365647489217382,0.0714393556118012,0.0342131886855597));
#3715=CARTESIAN_POINT('',(-0.038281737607298,0.0714393556118012,0.0342131886855597));
#3716=CARTESIAN_POINT('',(-0.038281737607298,0.0714393556118012,0.0342254));
#3717=CARTESIAN_POINT('',(-0.038281737607298,0.0714393556118012,0.0318358));
#3718=CARTESIAN_POINT('',(0.00928225289391843,0.0714393556118012,0.0318358));
#3719=CARTESIAN_POINT('',(-0.050887425038729,0.0714393556117958,0.0318358));
#3720=CARTESIAN_POINT('',(-0.050887425038729,0.0714393556117958,0.0299308));
#3721=CARTESIAN_POINT('',(-0.0508874250387296,0.0714393556117972,0.0299308));
#3722=CARTESIAN_POINT('',(-0.0204308550183854,0.0714393556117985,0.0299308));
#3723=CARTESIAN_POINT('',(-0.0515472313493289,0.0714393556117999,0.0299308));
#3724=CARTESIAN_POINT('',(-0.0515472313493289,0.0714393556118012,0.0272638));
#3725=CARTESIAN_POINT('',(-0.0515472313493289,0.0714393556118012,0.0282798));
#3726=CARTESIAN_POINT('',(0.00928225289391843,0.0714393556118012,0.0282798));
#3727=CARTESIAN_POINT('',(0.010685521312558,0.0714393556118012,0.0282798));
#3728=CARTESIAN_POINT('',(0.010685521312558,0.0714393556118012,0.0272638));
#3729=CARTESIAN_POINT('',(0.010685521312558,0.0714393556118012,0.0299308));
#3730=CARTESIAN_POINT('',(0.00928225289391843,0.0714393556118012,0.0299308));
#3731=CARTESIAN_POINT('',(-0.0204308550183854,-0.282365266406437,0.0324962));
#3732=CARTESIAN_POINT('',(-0.00866507476521749,0.100078934351429,0.0324962));
#3733=CARTESIAN_POINT('',(-0.0365647489217382,0.100078934351429,0.0324962));
#3734=CARTESIAN_POINT('',(-0.0219548550183854,0.100078934351429,0.0324962));
#3735=CARTESIAN_POINT('',(-0.0365647489217382,0.0714393556118012,0.0324962));
#3736=CARTESIAN_POINT('',(-0.0219548550183854,0.0724553556118012,0.0324962));
#3737=CARTESIAN_POINT('',(-0.0229708550183854,0.0724553556118012,0.0324962));
#3738=CARTESIAN_POINT('',(-0.0229708550183854,0.0695836409467082,0.0324962));
#3739=CARTESIAN_POINT('',(-0.0229708550183854,0.0990629343514293,0.0324962));
#3740=CARTESIAN_POINT('',(-0.0219548550183854,0.0990629343514293,0.0324962));
#3741=CARTESIAN_POINT('',(-0.00866507476521749,0.100078934351429,0.0272638));
#3742=CARTESIAN_POINT('',(-0.0204308550183854,0.100078934351429,0.0318358));
#3743=CARTESIAN_POINT('',(-0.038281737607298,0.100078934351429,0.0318358));
#3744=CARTESIAN_POINT('',(-0.0508874250387289,0.100078934351429,0.0318358));
#3745=CARTESIAN_POINT('',(-0.038281737607298,0.100078934351429,0.0272638));
#3746=CARTESIAN_POINT('',(-0.038281737607298,0.100078934351429,0.0342131886855597));
#3747=CARTESIAN_POINT('',(-0.0365647489217382,0.100078934351429,0.0342131886855597));
#3748=CARTESIAN_POINT('',(-0.0219548550183854,0.100078934351429,0.0272638));
#3749=CARTESIAN_POINT('',(-0.0219548550183854,0.100078934351429,0.0336392));
#3750=CARTESIAN_POINT('',(-0.00866507476521749,0.100078934351429,0.0336392));
#3751=CARTESIAN_POINT('',(-0.0189068550183854,0.100078934351429,0.0336392));
#3752=CARTESIAN_POINT('',(-0.0189068550183854,0.100078934351429,0.0272638));
#3753=CARTESIAN_POINT('',(-0.0189068550183854,0.100078934351429,0.0324962));
#3754=CARTESIAN_POINT('',(-0.00866507476521749,0.100078934351429,0.0324962));
#3755=CARTESIAN_POINT('',(-0.00429696111503257,0.100078934351429,0.0324962));
#3756=CARTESIAN_POINT('',(-0.00429696111503257,0.100078934351429,0.0342131886855597));
#3757=CARTESIAN_POINT('',(-0.00257997242947282,0.100078934351429,0.0342131886855597));
#3758=CARTESIAN_POINT('',(-0.00257997242947282,0.100078934351429,0.0342254));
#3759=CARTESIAN_POINT('',(-0.00257997242947282,0.100078934351429,0.0318358));
#3760=CARTESIAN_POINT('',(-0.00866507476521749,0.100078934351429,0.0318358));
#3761=CARTESIAN_POINT('',(0.0100257150019582,0.100078934351429,0.0318358));
#3762=CARTESIAN_POINT('',(0.0100257150019582,0.100078934351429,0.0299308));
#3763=CARTESIAN_POINT('',(0.0100257150019581,0.100078934351429,0.0299308));
#3764=CARTESIAN_POINT('',(-0.0204308550183854,0.100078934351429,0.0299308));
#3765=CARTESIAN_POINT('',(0.010685521312558,0.100078934351429,0.0299308));
#3766=CARTESIAN_POINT('',(0.010685521312558,0.100078934351429,0.0272638));
#3767=CARTESIAN_POINT('',(0.010685521312558,0.100078934351429,0.0282798));
#3768=CARTESIAN_POINT('',(-0.00866507476521749,0.100078934351429,0.0282798));
#3769=CARTESIAN_POINT('',(-0.0515472313493288,0.100078934351429,0.0282798));
#3770=CARTESIAN_POINT('',(-0.0515472313493288,0.100078934351429,0.0272638));
#3771=CARTESIAN_POINT('',(-0.0515472313493288,0.100078934351429,0.0299308));
#3772=CARTESIAN_POINT('',(-0.0204308550183854,0.100078934351429,0.0299308));
#3773=CARTESIAN_POINT('',(-0.050887425038729,0.100078934351429,0.0299308));
#3774=CARTESIAN_POINT('',(-0.0508874250387289,0.100078934351429,0.0272638));
#3775=CARTESIAN_POINT('',(-0.298056556316179,0.0857591449816152,0.0342234));
#3776=CARTESIAN_POINT('',(-0.298056556316179,0.0958123858477181,0.0342234));
#3777=CARTESIAN_POINT('',(0.0116875411602544,0.0958123858477181,0.0342234));
#3778=CARTESIAN_POINT('',(-0.00257997242947282,0.0958123858477181,0.0342234));
#3779=CARTESIAN_POINT('',(-0.00257997242947282,0.0857591449816151,0.0342234));
#3780=CARTESIAN_POINT('',(-0.00257997242947281,0.0757059041155124,0.0342234));
#3781=CARTESIAN_POINT('',(-0.298056556316179,0.0757059041155124,0.0342234));
#3782=CARTESIAN_POINT('',(0.0116875411602557,0.0757059041155124,0.0342234));
#3783=CARTESIAN_POINT('',(-0.0204308550183835,0.0857591449816132,0.0342234));
#3784=CARTESIAN_POINT('',(0.0130357535489611,0.0822031449816125,0.0342234));
#3785=CARTESIAN_POINT('',(-0.298056556316179,0.0822031449816125,0.0342234));
#3786=CARTESIAN_POINT('',(0.005334,0.0822031449816125,0.0342234));
#3787=CARTESIAN_POINT('',(0.005334,0.0857591449816152,0.0342234));
#3788=CARTESIAN_POINT('',(0.005334,0.0883048843917847,0.0342234));
#3789=CARTESIAN_POINT('',(-0.298056556316179,0.0883048843917847,0.0342234));
#3790=CARTESIAN_POINT('',(0.013127724150815,0.0883048843917847,0.0342234));
#3791=CARTESIAN_POINT('',(-0.0204308550183835,0.0857591449816132,0.0342234));
#3792=CARTESIAN_POINT('',(-0.0204308550183835,0.0857591449816132,0.0299308));
#3793=CARTESIAN_POINT('',(-0.0204308550183835,0.0857591449816132,0.0350108));
#3794=CARTESIAN_POINT('',(0.0100209148552574,0.0714291506842423,0.0350108));
#3795=CARTESIAN_POINT('',(0.0113607632723285,0.0747159556118012,0.0350108));
#3796=CARTESIAN_POINT('',(0.0100209148552574,0.0714291506842423,0.0350108));
#3797=CARTESIAN_POINT('',(0.0100209148552574,0.0714291506842423,0.0318358));
#3798=CARTESIAN_POINT('',(-0.0204308550183835,0.0857591449816132,0.0318358));
#3799=CARTESIAN_POINT('',(-0.0204308550183835,0.0857591449816132,0.0299308));
#3800=CARTESIAN_POINT('',(-0.0204308550183835,0.0857591449816132,0.0318358));
#3801=CARTESIAN_POINT('',(0.0100209148552555,0.100089139278988,0.0318358));
#3802=CARTESIAN_POINT('',(0.0100209148552555,0.100089139278988,0.0331058));
#3803=CARTESIAN_POINT('',(0.0100209148552555,0.100089139278988,0.0350108));
#3804=CARTESIAN_POINT('',(-0.0204308550183835,0.0857591449816132,0.0350108));
#3805=CARTESIAN_POINT('',(0.0113607632723271,0.0968023343514293,0.0350108));
#3806=CARTESIAN_POINT('',(0.0113607632723271,0.0968023343514293,0.0350108));
#3807=CARTESIAN_POINT('',(0.0115161585936782,0.0963549754793576,0.0350108));
#3808=CARTESIAN_POINT('',(0.0116542209750609,0.0959188381771755,0.0346843900448947));
#3809=CARTESIAN_POINT('',(0.0116875411602544,0.0958123858477181,0.0342234));
#3810=CARTESIAN_POINT('',(0.013127724150815,0.0883048843917847,0.0342234));
#3811=CARTESIAN_POINT('',(0.0131480414145575,0.088037057095291,0.0342234));
#3812=CARTESIAN_POINT('',(0.0131802244405667,0.0875113489863158,0.0340033250096545));
#3813=CARTESIAN_POINT('',(0.0131893609585675,0.0872888843917847,0.0334760130965237));
#3814=CARTESIAN_POINT('',(0.0131893609585675,0.0872888843917847,0.0332074));
#3815=CARTESIAN_POINT('',(0.0131893609585675,0.0872888843917847,0.0332074));
#3816=CARTESIAN_POINT('',(0.0131893609585675,0.0872888843917847,0.033944));
#3817=CARTESIAN_POINT('',(0.0131893609585675,0.0872888843917847,0.032928));
#3818=CARTESIAN_POINT('',(-0.0204308550183835,0.0857591449816132,0.032928));
#3819=CARTESIAN_POINT('',(0.0131281590463929,0.0832191449816125,0.032928));
#3820=CARTESIAN_POINT('',(0.0131281590463929,0.0832191449816125,0.0299308));
#3821=CARTESIAN_POINT('',(0.0131281590463929,0.0832191449816125,0.0332074));
#3822=CARTESIAN_POINT('',(0.0131281590463929,0.0832191449816125,0.0332074));
#3823=CARTESIAN_POINT('',(0.0131281590463929,0.0832191449816125,0.0334763244609795));
#3824=CARTESIAN_POINT('',(0.0131123463810457,0.0829970168493771,0.0340030526625543));
#3825=CARTESIAN_POINT('',(0.0130641649192357,0.0824705331165518,0.0342234));
#3826=CARTESIAN_POINT('',(0.0130357535489611,0.0822031449816125,0.0342234));
#3827=CARTESIAN_POINT('',(0.0116875411602557,0.0757059041155124,0.0342234));
#3828=CARTESIAN_POINT('',(0.0116542267363249,0.0755994701923104,0.0346843103369112));
#3829=CARTESIAN_POINT('',(0.0115161436262384,0.0751632713949462,0.0350108));
#3830=CARTESIAN_POINT('',(0.0113607632723285,0.0747159556118011,0.0350108));
#3831=CARTESIAN_POINT('',(0.010685521312558,0.0757319556118012,0.0272638));
#3832=CARTESIAN_POINT('',(0.010685521312558,0.0757319556118012,0.0282798));
#3833=CARTESIAN_POINT('',(0.010782724270645,0.0714404562997962,0.0282798));
#3834=CARTESIAN_POINT('',(0.010782724270645,0.0714404562997962,0.0272638));
#3835=CARTESIAN_POINT('',(0.010782724270645,0.0714404562997962,0.0299308));
#3836=CARTESIAN_POINT('',(0.010685521312558,0.0757319556118012,0.0299308));
#3837=CARTESIAN_POINT('',(-0.0204308425183855,0.0857591449816152,0.0272638));
#3838=CARTESIAN_POINT('',(-0.0204308550183843,0.085759144981613,0.0272638));
#3839=CARTESIAN_POINT('',(0.0107597176533444,0.0990620941813029,0.0272638));
#3840=CARTESIAN_POINT('',(0.0107597176533463,0.0724561957819276,0.0272638));
#3841=CARTESIAN_POINT('',(0.010685521312558,0.0757319556118012,0.0272638));
#3842=CARTESIAN_POINT('',(0.010685521312558,0.0724553556118012,0.0272638));
#3843=CARTESIAN_POINT('',(-0.0204308425183855,0.0724553556118012,0.0272638));
#3844=CARTESIAN_POINT('',(-0.0515472313493289,0.0724553556118012,0.0272638));
#3845=CARTESIAN_POINT('',(-0.0515472313493289,0.0757319556118012,0.0272638));
#3846=CARTESIAN_POINT('',(-0.0516214276901175,0.0724561957819276,0.0272638));
#3847=CARTESIAN_POINT('',(-0.0204308550183854,0.0857591449816125,0.0272638));
#3848=CARTESIAN_POINT('',(-0.0516214276901152,0.0990620941813029,0.0272638));
#3849=CARTESIAN_POINT('',(-0.0515472313493288,0.0957863343514292,0.0272638));
#3850=CARTESIAN_POINT('',(-0.0515472313493288,0.0990629343514293,0.0272638));
#3851=CARTESIAN_POINT('',(-0.0204308425183855,0.0990629343514293,0.0272638));
#3852=CARTESIAN_POINT('',(0.010685521312558,0.0990629343514292,0.0272638));
#3853=CARTESIAN_POINT('',(0.010685521312558,0.0957863343514292,0.0272638));
#3854=CARTESIAN_POINT('',(-0.0325233410573312,0.0807162373005147,0.0272638));
#3855=CARTESIAN_POINT('',(-0.0311943042692475,0.0819425360474143,0.0272638));
#3856=CARTESIAN_POINT('',(-0.0305297858752057,0.0836858038738892,0.0272638));
#3857=CARTESIAN_POINT('',(-0.0305297858752057,0.0859460407799395,0.0272638));
#3858=CARTESIAN_POINT('',(-0.0325233410573312,0.0807162373005147,0.0272638));
#3859=CARTESIAN_POINT('',(-0.0305297858752057,0.0859460407797466,0.0272638));
#3860=CARTESIAN_POINT('',(-0.0389035263996151,0.0861597085923334,0.0272638));
#3861=CARTESIAN_POINT('',(-0.0314019662673855,0.0898544581764751,0.0272638));
#3862=CARTESIAN_POINT('',(-0.0368271661468112,0.0871132942907038,0.0272638));
#3863=CARTESIAN_POINT('',(-0.0338725975662862,0.0924218162481927,0.0272638));
#3864=CARTESIAN_POINT('',(-0.0373874737990959,0.0858619017464247,0.0272638));
#3865=CARTESIAN_POINT('',(-0.0375596910741072,0.0933136698823015,0.0272638000833334));
#3866=CARTESIAN_POINT('',(-0.0204308425183855,0.0933136698823015,0.0272638));
#3867=CARTESIAN_POINT('',(-0.042959995900597,0.0933136698823015,0.0272638));
#3868=CARTESIAN_POINT('',(-0.042959995900597,0.0857591449816152,0.0272638));
#3869=CARTESIAN_POINT('',(-0.042959995900597,0.0788767891801653,0.0272638));
#3870=CARTESIAN_POINT('',(-0.0204308425183855,0.0788767891801653,0.0272638));
#3871=CARTESIAN_POINT('',(-0.0381859558591911,0.0788767891801653,0.0272638000416667));
#3872=CARTESIAN_POINT('',(-0.0381859558591911,0.0788767891801653,0.0272638));
#3873=CARTESIAN_POINT('',(-0.0357399161127016,0.0788767891801653,0.0272638));
#3874=CARTESIAN_POINT('',(-0.0338523778454149,0.0794899385536151,0.0272638));
#3875=CARTESIAN_POINT('',(-0.0325233410573312,0.0807162373005147,0.0272638));
#3876=CARTESIAN_POINT('',(-0.0204308425183855,0.0933136698823015,0.0272638));
#3877=CARTESIAN_POINT('',(-0.0164306291595151,0.0933136698823015,0.0272638));
#3878=CARTESIAN_POINT('',(-0.027805041868057,0.0933136698823015,0.0272638));
#3879=CARTESIAN_POINT('',(-0.027805041868057,0.0857591449816152,0.0272638));
#3880=CARTESIAN_POINT('',(-0.027805041868057,0.0788767891801653,0.0272638));
#3881=CARTESIAN_POINT('',(-0.0204308425183855,0.0788767891801653,0.0272638));
#3882=CARTESIAN_POINT('',(-0.016850324987331,0.0788767891801653,0.0272638));
#3883=CARTESIAN_POINT('',(-0.016850324987331,0.0857591449816152,0.0272638));
#3884=CARTESIAN_POINT('',(-0.016850324987331,0.0804736006500587,0.0272638));
#3885=CARTESIAN_POINT('',(-0.0204308425183855,0.0804736006500587,0.0272638));
#3886=CARTESIAN_POINT('',(-0.0258475542961345,0.0804736006500587,0.0272638));
#3887=CARTESIAN_POINT('',(-0.0258475542961345,0.0857591449816152,0.0272638));
#3888=CARTESIAN_POINT('',(-0.0258475542961345,0.0851066491243077,0.0272638));
#3889=CARTESIAN_POINT('',(-0.0204308425183855,0.0851066491243077,0.0272638));
#3890=CARTESIAN_POINT('',(-0.0174667532344356,0.0851066491243077,0.0272638));
#3891=CARTESIAN_POINT('',(-0.0174667532344356,0.0857591449816152,0.0272638));
#3892=CARTESIAN_POINT('',(-0.0174667532344356,0.0866837873522721,0.0272638));
#3893=CARTESIAN_POINT('',(-0.0204308425183855,0.0866837873522721,0.0272638));
#3894=CARTESIAN_POINT('',(-0.0258475542961345,0.0866837873522721,0.0272638));
#3895=CARTESIAN_POINT('',(-0.0258475542961345,0.0857591449816152,0.0272638));
#3896=CARTESIAN_POINT('',(-0.0258475542961345,0.0917135795387534,0.0272638));
#3897=CARTESIAN_POINT('',(-0.0204308425183855,0.0917135795387534,0.0272638));
#3898=CARTESIAN_POINT('',(-0.0164306291595151,0.0917135795387534,0.0272638));
#3899=CARTESIAN_POINT('',(-0.0164306291595151,0.0857591449816152,0.0272638));
#3900=CARTESIAN_POINT('',(-0.0204308425183855,0.0933136698823015,0.0272638));
#3901=CARTESIAN_POINT('',(-0.00197407521545005,0.0933136698823015,0.0272638));
#3902=CARTESIAN_POINT('',(-0.00413485295397101,0.0933136698823015,0.0272638));
#3903=CARTESIAN_POINT('',(-0.00413485295397101,0.0933136698823015,0.0272638));
#3904=CARTESIAN_POINT('',(-0.00846952392563215,0.0870018380967889,0.0272638));
#3905=CARTESIAN_POINT('',(-0.00846952392563215,0.0870018380967889,0.0272638));
#3906=CARTESIAN_POINT('',(-0.012896003359628,0.0933136698823015,0.0272638));
#3907=CARTESIAN_POINT('',(-0.0204308425183855,0.0933136698823015,0.0272638));
#3908=CARTESIAN_POINT('',(-0.015056781098149,0.0933136698823015,0.0272638));
#3909=CARTESIAN_POINT('',(-0.015056781098149,0.0933136698823015,0.0272638));
#3910=CARTESIAN_POINT('',(-0.00956466772633928,0.0858116069600922,0.0272638));
#3911=CARTESIAN_POINT('',(-0.00956466772633928,0.0858116069600922,0.0272638));
#3912=CARTESIAN_POINT('',(-0.0146370852703331,0.0788767891801653,0.0272638));
#3913=CARTESIAN_POINT('',(-0.0204308425183855,0.0788767891801653,0.0272638));
#3914=CARTESIAN_POINT('',(-0.0124763075318121,0.0788767891801653,0.0272638));
#3915=CARTESIAN_POINT('',(-0.0124763075318121,0.0788767891801653,0.0272638));
#3916=CARTESIAN_POINT('',(-0.00845968730466772,0.08454268285568,0.0272638));
#3917=CARTESIAN_POINT('',(-0.00845968730466771,0.08454268285568,0.0272638));
#3918=CARTESIAN_POINT('',(-0.00455454878178691,0.0788767891801653,0.0272638));
#3919=CARTESIAN_POINT('',(-0.0204308425183855,0.0788767891801653,0.0272638));
#3920=CARTESIAN_POINT('',(-0.00239377104326597,0.0788767891801653,0.0272638));
#3921=CARTESIAN_POINT('',(-0.00239377104326598,0.0788767891801653,0.0272638));
#3922=CARTESIAN_POINT('',(-0.00733175476741248,0.0857427506133412,0.0272638));
#3923=CARTESIAN_POINT('',(-0.00733175476741246,0.0857427506133412,0.0272638));
#3924=CARTESIAN_POINT('',(-0.0204308425183855,0.0933136698823015,0.0272638));
#3925=CARTESIAN_POINT('',(0.00236387462986589,0.0933136698823015,0.0272638));
#3926=CARTESIAN_POINT('',(0.000406387057943279,0.0933136698823015,0.0272638));
#3927=CARTESIAN_POINT('',(0.00040638705794328,0.0857591449816152,0.0272638));
#3928=CARTESIAN_POINT('',(0.000406387057943278,0.0788767891801653,0.0272638));
#3929=CARTESIAN_POINT('',(-0.0204308425183855,0.0788767891801653,0.0272638));
#3930=CARTESIAN_POINT('',(0.00236387462986589,0.0788767891801653,0.0272638));
#3931=CARTESIAN_POINT('',(0.00236387462986588,0.0857591449816152,0.0272638));
#3932=CARTESIAN_POINT('',(-0.0515472313493288,0.0957863343514292,0.0272638));
#3933=CARTESIAN_POINT('',(-0.0515472313493288,0.0957863343514292,0.0282798));
#3934=CARTESIAN_POINT('',(-0.0516444343074133,0.100077833663434,0.0282798));
#3935=CARTESIAN_POINT('',(-0.0516444343074133,0.100077833663434,0.0272638));
#3936=CARTESIAN_POINT('',(-0.0516444343074133,0.100077833663434,0.0299308));
#3937=CARTESIAN_POINT('',(-0.0515472313493288,0.0957863343514292,0.0299308));
#3938=CARTESIAN_POINT('',(-0.0204308550183854,0.0884507590022493,0.0299308));
#3939=CARTESIAN_POINT('',(-0.0204308550183854,0.0857591449816125,0.0299308));
#3940=CARTESIAN_POINT('',(-0.0525559766840247,0.0994606844194959,0.0299308));
#3941=CARTESIAN_POINT('',(-0.0525559766840271,0.0720576055437347,0.0299308));
#3942=CARTESIAN_POINT('',(-0.0516214276901175,0.0724561957819275,0.0299308));
#3943=CARTESIAN_POINT('',(-0.0516444343074163,0.0714404562997962,0.0299308));
#3944=CARTESIAN_POINT('',(-0.0515472313493289,0.0757319556118012,0.0299308));
#3945=CARTESIAN_POINT('',(-0.0204308550183858,0.0857591449816125,0.0299308));
#3946=CARTESIAN_POINT('',(-0.0516214276901152,0.0990620941813029,0.0299308));
#3947=CARTESIAN_POINT('',(-0.298056556316179,0.0857591449816152,0.0342234));
#3948=CARTESIAN_POINT('',(-0.298056556316179,0.0757059041155123,0.0342234));
#3949=CARTESIAN_POINT('',(-0.052549251197027,0.0757059041155123,0.0342234));
#3950=CARTESIAN_POINT('',(-0.038281737607298,0.0757059041155123,0.0342234));
#3951=CARTESIAN_POINT('',(-0.038281737607298,0.0857591449816151,0.0342234));
#3952=CARTESIAN_POINT('',(-0.038281737607298,0.0958123858477181,0.0342234));
#3953=CARTESIAN_POINT('',(-0.298056556316179,0.0958123858477181,0.0342234));
#3954=CARTESIAN_POINT('',(-0.0525492511970253,0.0958123858477181,0.0342234));
#3955=CARTESIAN_POINT('',(-0.0204308550183858,0.0857591449816125,0.0342234));
#3956=CARTESIAN_POINT('',(-0.0178908550183854,0.0695836409467082,0.0272638));
#3957=CARTESIAN_POINT('',(-0.0178908550183854,-0.282365266406437,0.0324962));
#3958=CARTESIAN_POINT('',(-0.0178908550183854,0.0990629343514293,0.0324962));
#3959=CARTESIAN_POINT('',(-0.0178908550183854,0.0724553556118012,0.0324962));
#3960=CARTESIAN_POINT('',(-0.0178908550183854,0.0990629343514293,0.0272638));
#3961=CARTESIAN_POINT('',(-0.0178908550183854,0.0990629343514293,0.0336392));
#3962=CARTESIAN_POINT('',(-0.0178908550183854,0.0695836409467082,0.0336392));
#3963=CARTESIAN_POINT('',(-0.0178908550183854,0.0724553556118012,0.0336392));
#3964=CARTESIAN_POINT('',(-0.0178908550183854,0.0724553556118012,0.0272638));
#3965=CARTESIAN_POINT('',(-0.0229708550183854,0.0695836409467082,0.0272638));
#3966=CARTESIAN_POINT('',(-0.0229708550183854,0.0695836409467082,0.0336392));
#3967=CARTESIAN_POINT('',(-0.0229708550183854,0.0724553556118012,0.0336392));
#3968=CARTESIAN_POINT('',(-0.0229708550183854,0.0990629343514293,0.0336392));
#3969=CARTESIAN_POINT('',(-0.0229708550183854,0.0990629343514293,0.0272638));
#3970=CARTESIAN_POINT('',(-0.0229708550183854,0.0724553556118012,0.0272638));
#3971=CARTESIAN_POINT('',(-0.0204308425183855,0.0857591449816152,0.0346552));
#3972=CARTESIAN_POINT('',(-0.0204308425183855,0.0990629343514293,0.0346552));
#3973=CARTESIAN_POINT('',(-0.0189068550183854,0.0990629343514293,0.0346552));
#3974=CARTESIAN_POINT('',(-0.0219548550183854,0.0990629343514293,0.0346552));
#3975=CARTESIAN_POINT('',(-0.0219548550183854,0.0857591449816152,0.0346552));
#3976=CARTESIAN_POINT('',(-0.0219548550183854,0.0724553556118012,0.0346552));
#3977=CARTESIAN_POINT('',(-0.0204308425183855,0.0724553556118012,0.0346552));
#3978=CARTESIAN_POINT('',(-0.0189068550183854,0.0724553556118012,0.0346552));
#3979=CARTESIAN_POINT('',(-0.0189068550183854,0.0857591449816152,0.0346552));
#3980=CARTESIAN_POINT('',(-0.027805041868057,0.0860952295312334,0.0275178));
#3981=CARTESIAN_POINT('',(-0.027805041868057,0.0933136698823015,0.0275178));
#3982=CARTESIAN_POINT('',(-0.027805041868057,0.0933136698823015,0.0275178));
#3983=CARTESIAN_POINT('',(-0.027805041868057,0.0860952295312334,0.0275178));
#3984=CARTESIAN_POINT('',(-0.027805041868057,0.0788767891801653,0.0275178));
#3985=CARTESIAN_POINT('',(-0.027805041868057,0.0788767891801653,0.0275178));
#3986=CARTESIAN_POINT('',(-0.022117835513786,0.0933136698823015,0.0275178));
#3987=CARTESIAN_POINT('',(-0.0164306291595151,0.0933136698823015,0.0275178));
#3988=CARTESIAN_POINT('',(-0.0164306291595151,0.0933136698823015,0.0275178));
#3989=CARTESIAN_POINT('',(-0.022117835513786,0.0933136698823015,0.0275178));
#3990=CARTESIAN_POINT('',(-0.0164306291595151,0.0925136247105274,0.0275178));
#3991=CARTESIAN_POINT('',(-0.0164306291595151,0.0917135795387534,0.0275178));
#3992=CARTESIAN_POINT('',(-0.0164306291595151,0.0917135795387534,0.0275178));
#3993=CARTESIAN_POINT('',(-0.0164306291595151,0.0925136247105274,0.0275178));
#3994=CARTESIAN_POINT('',(-0.0211390917278248,0.0917135795387534,0.0275178));
#3995=CARTESIAN_POINT('',(-0.0258475542961345,0.0917135795387534,0.0275178));
#3996=CARTESIAN_POINT('',(-0.0258475542961345,0.0917135795387534,0.0275178));
#3997=CARTESIAN_POINT('',(-0.0211390917278248,0.0917135795387534,0.0275178));
#3998=CARTESIAN_POINT('',(-0.0258475542961345,0.0891986834455127,0.0275178));
#3999=CARTESIAN_POINT('',(-0.0258475542961345,0.0866837873522721,0.0275178));
#4000=CARTESIAN_POINT('',(-0.0258475542961345,0.0866837873522721,0.0275178));
#4001=CARTESIAN_POINT('',(-0.0258475542961345,0.0891986834455127,0.0275178));
#4002=CARTESIAN_POINT('',(-0.021657153765285,0.0866837873522721,0.0275178));
#4003=CARTESIAN_POINT('',(-0.0174667532344356,0.0866837873522721,0.0275178));
#4004=CARTESIAN_POINT('',(-0.0174667532344356,0.0866837873522721,0.0275178));
#4005=CARTESIAN_POINT('',(-0.021657153765285,0.0866837873522721,0.0275178));
#4006=CARTESIAN_POINT('',(-0.0174667532344356,0.0858952182382899,0.0275178));
#4007=CARTESIAN_POINT('',(-0.0174667532344356,0.0851066491243077,0.0275178));
#4008=CARTESIAN_POINT('',(-0.0174667532344356,0.0851066491243077,0.0275178));
#4009=CARTESIAN_POINT('',(-0.0174667532344356,0.0858952182382899,0.0275178));
#4010=CARTESIAN_POINT('',(-0.021657153765285,0.0851066491243077,0.0275178));
#4011=CARTESIAN_POINT('',(-0.0258475542961345,0.0851066491243077,0.0275178));
#4012=CARTESIAN_POINT('',(-0.0258475542961345,0.0851066491243077,0.0275178));
#4013=CARTESIAN_POINT('',(-0.021657153765285,0.0851066491243077,0.0275178));
#4014=CARTESIAN_POINT('',(-0.0258475542961345,0.0827901248871832,0.0275178));
#4015=CARTESIAN_POINT('',(-0.0258475542961345,0.0804736006500587,0.0275178));
#4016=CARTESIAN_POINT('',(-0.0258475542961345,0.0804736006500587,0.0275178));
#4017=CARTESIAN_POINT('',(-0.0258475542961345,0.0827901248871832,0.0275178));
#4018=CARTESIAN_POINT('',(-0.0213489396417327,0.0804736006500587,0.0275178));
#4019=CARTESIAN_POINT('',(-0.016850324987331,0.0804736006500587,0.0275178));
#4020=CARTESIAN_POINT('',(-0.016850324987331,0.0804736006500587,0.0275178));
#4021=CARTESIAN_POINT('',(-0.0213489396417327,0.0804736006500587,0.0275178));
#4022=CARTESIAN_POINT('',(-0.016850324987331,0.079675194915112,0.0275178));
#4023=CARTESIAN_POINT('',(-0.016850324987331,0.0788767891801653,0.0275178));
#4024=CARTESIAN_POINT('',(-0.016850324987331,0.0788767891801653,0.0275178));
#4025=CARTESIAN_POINT('',(-0.016850324987331,0.079675194915112,0.0275178));
#4026=CARTESIAN_POINT('',(-0.022327683427694,0.0788767891801653,0.0275178));
#4027=CARTESIAN_POINT('',(-0.022327683427694,0.0788767891801653,0.0275178));
#4028=CARTESIAN_POINT('',(-0.0204308550183854,0.0857591449816152,0.0275178));
#4029=CARTESIAN_POINT('',(-0.00630218843980158,0.0901577539895452,0.0275178));
#4030=CARTESIAN_POINT('',(-0.00413485295397101,0.0933136698823015,0.0275178));
#4031=CARTESIAN_POINT('',(-0.00413485295397102,0.0933136698823015,0.0275178));
#4032=CARTESIAN_POINT('',(-0.00630218843980158,0.0901577539895452,0.0275178));
#4033=CARTESIAN_POINT('',(-0.00846952392563213,0.0870018380967889,0.0275178));
#4034=CARTESIAN_POINT('',(-0.00846952392563215,0.0870018380967889,0.0275178));
#4035=CARTESIAN_POINT('',(-0.00305446408471053,0.0933136698823015,0.0275178));
#4036=CARTESIAN_POINT('',(-0.00197407521545005,0.0933136698823015,0.0275178));
#4037=CARTESIAN_POINT('',(-0.00197407521545005,0.0933136698823015,0.0275178));
#4038=CARTESIAN_POINT('',(-0.00305446408471053,0.0933136698823015,0.0275178));
#4039=CARTESIAN_POINT('',(-0.00465291499143126,0.0895282102478213,0.0275178));
#4040=CARTESIAN_POINT('',(-0.00733175476741251,0.0857427506133412,0.0275178));
#4041=CARTESIAN_POINT('',(-0.00733175476741249,0.0857427506133412,0.0275178));
#4042=CARTESIAN_POINT('',(-0.00465291499143126,0.0895282102478213,0.0275178));
#4043=CARTESIAN_POINT('',(-0.00486276290533921,0.0823097698967532,0.0275178));
#4044=CARTESIAN_POINT('',(-0.00239377104326597,0.0788767891801653,0.0275178));
#4045=CARTESIAN_POINT('',(-0.00239377104326597,0.0788767891801653,0.0275178));
#4046=CARTESIAN_POINT('',(-0.00486276290533921,0.0823097698967532,0.0275178));
#4047=CARTESIAN_POINT('',(-0.00347415991252644,0.0788767891801653,0.0275178));
#4048=CARTESIAN_POINT('',(-0.00455454878178689,0.0788767891801653,0.0275178));
#4049=CARTESIAN_POINT('',(-0.00455454878178688,0.0788767891801653,0.0275178));
#4050=CARTESIAN_POINT('',(-0.00347415991252644,0.0788767891801653,0.0275178));
#4051=CARTESIAN_POINT('',(-0.00650711804322731,0.0817097360179227,0.0275178));
#4052=CARTESIAN_POINT('',(-0.00845968730466773,0.08454268285568,0.0275178));
#4053=CARTESIAN_POINT('',(-0.00845968730466772,0.08454268285568,0.0275178));
#4054=CARTESIAN_POINT('',(-0.00650711804322731,0.0817097360179227,0.0275178));
#4055=CARTESIAN_POINT('',(-0.0104679974182399,0.0817097360179227,0.0275178));
#4056=CARTESIAN_POINT('',(-0.0124763075318121,0.0788767891801653,0.0275178));
#4057=CARTESIAN_POINT('',(-0.0124763075318121,0.0788767891801653,0.0275178));
#4058=CARTESIAN_POINT('',(-0.0104679974182399,0.0817097360179227,0.0275178));
#4059=CARTESIAN_POINT('',(-0.0135566964010726,0.0788767891801653,0.0275178));
#4060=CARTESIAN_POINT('',(-0.0146370852703331,0.0788767891801653,0.0275178));
#4061=CARTESIAN_POINT('',(-0.0146370852703331,0.0788767891801653,0.0275178));
#4062=CARTESIAN_POINT('',(-0.0135566964010726,0.0788767891801653,0.0275178));
#4063=CARTESIAN_POINT('',(-0.0121008764983362,0.0823441980701288,0.0275178));
#4064=CARTESIAN_POINT('',(-0.00956466772633929,0.0858116069600922,0.0275178));
#4065=CARTESIAN_POINT('',(-0.0095646677263393,0.0858116069600922,0.0275178));
#4066=CARTESIAN_POINT('',(-0.0121008764983362,0.0823441980701288,0.0275178));
#4067=CARTESIAN_POINT('',(-0.0123107244122441,0.0895626384211968,0.0275178));
#4068=CARTESIAN_POINT('',(-0.015056781098149,0.0933136698823015,0.0275178));
#4069=CARTESIAN_POINT('',(-0.015056781098149,0.0933136698823015,0.0275178));
#4070=CARTESIAN_POINT('',(-0.0123107244122441,0.0895626384211968,0.0275178));
#4071=CARTESIAN_POINT('',(-0.0139763922288885,0.0933136698823015,0.0275178));
#4072=CARTESIAN_POINT('',(-0.0128960033596279,0.0933136698823015,0.0275178));
#4073=CARTESIAN_POINT('',(-0.0128960033596279,0.0933136698823015,0.0275178));
#4074=CARTESIAN_POINT('',(-0.0139763922288885,0.0933136698823015,0.0275178));
#4075=CARTESIAN_POINT('',(-0.01068276364263,0.0901577539895452,0.0275178));
#4076=CARTESIAN_POINT('',(-0.01068276364263,0.0901577539895452,0.0275178));
#4077=CARTESIAN_POINT('',(-0.0204308550183854,0.0857591449816152,0.0275178));
#4078=CARTESIAN_POINT('',(0.000406387057943277,0.0860952295312334,0.0275178));
#4079=CARTESIAN_POINT('',(0.000406387057943277,0.0933136698823015,0.0275178));
#4080=CARTESIAN_POINT('',(0.000406387057943277,0.0933136698823015,0.0275178));
#4081=CARTESIAN_POINT('',(0.000406387057943277,0.0860952295312334,0.0275178));
#4082=CARTESIAN_POINT('',(0.000406387057943277,0.0788767891801653,0.0275178));
#4083=CARTESIAN_POINT('',(0.000406387057943277,0.0788767891801653,0.0275178));
#4084=CARTESIAN_POINT('',(0.00138513084390458,0.0933136698823015,0.0275178));
#4085=CARTESIAN_POINT('',(0.00236387462986589,0.0933136698823015,0.0275178));
#4086=CARTESIAN_POINT('',(0.00236387462986589,0.0933136698823015,0.0275178));
#4087=CARTESIAN_POINT('',(0.00138513084390458,0.0933136698823015,0.0275178));
#4088=CARTESIAN_POINT('',(0.00236387462986589,0.0860952295312334,0.0275178));
#4089=CARTESIAN_POINT('',(0.00236387462986589,0.0788767891801653,0.0275178));
#4090=CARTESIAN_POINT('',(0.00236387462986589,0.0788767891801653,0.0275178));
#4091=CARTESIAN_POINT('',(0.00236387462986589,0.0860952295312334,0.0275178));
#4092=CARTESIAN_POINT('',(0.00138513084390458,0.0788767891801653,0.0275178));
#4093=CARTESIAN_POINT('',(0.00138513084390458,0.0788767891801653,0.0275178));
#4094=CARTESIAN_POINT('',(-0.0204308550183854,0.0857591449816152,0.0275178));
#4095=CARTESIAN_POINT('',(-0.0324971100680927,0.0859460407799395,0.0275178));
#4096=CARTESIAN_POINT('',(-0.0324971100680927,0.0859460407799395,0.0272638));
#4097=CARTESIAN_POINT('',(-0.0324971100680927,0.0841557757644122,0.0275178));
#4098=CARTESIAN_POINT('',(-0.0324971100680927,0.0841557757644122,0.0272638));
#4099=CARTESIAN_POINT('',(-0.0329873016794871,0.0827912178450681,0.0275178));
#4100=CARTESIAN_POINT('',(-0.0329873016794871,0.0827912178450681,0.0272638));
#4101=CARTESIAN_POINT('',(-0.0339676849022758,0.081852367021907,0.0275178));
#4102=CARTESIAN_POINT('',(-0.0339676849022758,0.081852367021907,0.0272638));
#4103=CARTESIAN_POINT('',(-0.0324971100680927,0.0859460407799395,0.0272638));
#4104=CARTESIAN_POINT('',(-0.0324971100680927,0.0841557757644122,0.0272638));
#4105=CARTESIAN_POINT('',(-0.0329873016794871,0.0827912178450681,0.0272638));
#4106=CARTESIAN_POINT('',(-0.0339676849022758,0.081852367021907,0.0272638));
#4107=CARTESIAN_POINT('',(-0.0324971100680927,0.0859460407797892,0.0272638));
#4108=CARTESIAN_POINT('',(-0.0339676849022758,0.081852367021907,0.0272638));
#4109=CARTESIAN_POINT('',(-0.0325036060867146,0.0859462188342627,0.0275177999999999));
#4110=CARTESIAN_POINT('',(-0.0325036060867146,0.0859462188342627,0.0274331333333333));
#4111=CARTESIAN_POINT('',(-0.0325036060867146,0.0859462188342627,0.0273484666666666));
#4112=CARTESIAN_POINT('',(-0.0325036060867146,0.0859462188342627,0.0272637999999999));
#4113=CARTESIAN_POINT('',(-0.0324971100680927,0.0859460407797892,0.0275178));
#4114=CARTESIAN_POINT('',(-0.0339676849022758,0.081852367021907,0.0275178));
#4115=CARTESIAN_POINT('',(-0.0329873016794871,0.0827912178450681,0.0275178));
#4116=CARTESIAN_POINT('',(-0.0324971100680927,0.0841557757644122,0.0275178));
#4117=CARTESIAN_POINT('',(-0.0324971100680927,0.0859460407799395,0.0275178));
#4118=CARTESIAN_POINT('',(-0.0339676849022758,0.081852367021907,0.0275178));
#4119=CARTESIAN_POINT('',(-0.0339676849022758,0.081852367021907,0.0275178));
#4120=CARTESIAN_POINT('',(-0.0394589377700078,0.0861368628191235,0.0273908));
#4121=CARTESIAN_POINT('',(-0.0394589377700078,0.0861368628191235,0.0272638));
#4122=CARTESIAN_POINT('',(-0.0331430481780906,0.0890412975100817,0.0272638));
#4123=CARTESIAN_POINT('',(-0.0331373798446192,0.0890439041586203,0.0272637999999999));
#4124=CARTESIAN_POINT('',(-0.0331373798446192,0.0890439041586203,0.0273484666666666));
#4125=CARTESIAN_POINT('',(-0.0331373798446192,0.0890439041586203,0.0274331333333333));
#4126=CARTESIAN_POINT('',(-0.0331373798446192,0.0890439041586203,0.0275177999999999));
#4127=CARTESIAN_POINT('',(-0.0331430481780906,0.0890412975100817,0.0275178));
#4128=CARTESIAN_POINT('',(-0.0394589377700078,0.0861368628191235,0.0275178));
#4129=CARTESIAN_POINT('',(-0.0373088182272278,0.0870695769170449,0.0273908));
#4130=CARTESIAN_POINT('',(-0.0373088182272278,0.0870695769170449,0.0272638));
#4131=CARTESIAN_POINT('',(-0.0349923329194044,0.091049607623654,0.0272638));
#4132=CARTESIAN_POINT('',(-0.0349917572522715,0.0910505966965646,0.0272637999999999));
#4133=CARTESIAN_POINT('',(-0.0349917572522715,0.0910505966965646,0.0273484666666666));
#4134=CARTESIAN_POINT('',(-0.0349917572522715,0.0910505966965646,0.0274331333333333));
#4135=CARTESIAN_POINT('',(-0.0349917572522715,0.0910505966965646,0.0275177999999999));
#4136=CARTESIAN_POINT('',(-0.0349923329194044,0.091049607623654,0.0275178));
#4137=CARTESIAN_POINT('',(-0.0373088182272278,0.0870695769170449,0.0275178));
#4138=CARTESIAN_POINT('',(-0.0376518156393974,0.086262890891991,0.0273908));
#4139=CARTESIAN_POINT('',(-0.0376518156393974,0.086262890891991,0.0272638));
#4140=CARTESIAN_POINT('',(-0.0377859340757243,0.0917463682753015,0.0272638000833334));
#4141=CARTESIAN_POINT('',(-0.0377859332733041,0.0917463682753015,0.0275178));
#4142=CARTESIAN_POINT('',(-0.0377859332733041,0.0917463682753015,0.0274331333333333));
#4143=CARTESIAN_POINT('',(-0.0377859332733041,0.0917463682753015,0.0273484666666667));
#4144=CARTESIAN_POINT('',(-0.0377859332733041,0.0917463682753015,0.0272638));
#4145=CARTESIAN_POINT('',(-0.0377859333563724,0.0917463682753015,0.0275177999166667));
#4146=CARTESIAN_POINT('',(-0.0376518156393974,0.086262890891991,0.0275178));
#4147=CARTESIAN_POINT('',(-0.0393942208009892,0.0917463682753015,0.0275178));
#4148=CARTESIAN_POINT('',(-0.0204308425183855,0.0917463682753015,0.0272638));
#4149=CARTESIAN_POINT('',(-0.0410025083286743,0.0917463682753015,0.0272638));
#4150=CARTESIAN_POINT('',(-0.0410025083286743,0.0917463682753015,0.0275178));
#4151=CARTESIAN_POINT('',(-0.0410025083286743,0.0917463682753015,0.0275178));
#4152=CARTESIAN_POINT('',(-0.0393942208009892,0.0917463682753015,0.0275178));
#4153=CARTESIAN_POINT('',(-0.0410025083286743,0.0860952295312334,0.0275178));
#4154=CARTESIAN_POINT('',(-0.0410025083286743,0.0857591449816152,0.0272638));
#4155=CARTESIAN_POINT('',(-0.0410025083286743,0.0804440907871653,0.0272638));
#4156=CARTESIAN_POINT('',(-0.0410025083286743,0.0804440907871653,0.0275178));
#4157=CARTESIAN_POINT('',(-0.0410025083286743,0.0804440907871653,0.0275178));
#4158=CARTESIAN_POINT('',(-0.0410025083286743,0.0860952295312334,0.0275178));
#4159=CARTESIAN_POINT('',(-0.0396139053358616,0.0804440907871653,0.0275178));
#4160=CARTESIAN_POINT('',(-0.0204308425183855,0.0804440907871653,0.0272638));
#4161=CARTESIAN_POINT('',(-0.0382253023430488,0.0804440907871653,0.0272638000416667));
#4162=CARTESIAN_POINT('',(-0.0382253023430488,0.0804440907871653,0.0272638));
#4163=CARTESIAN_POINT('',(-0.0382253023430488,0.0804440907871653,0.0273484666666667));
#4164=CARTESIAN_POINT('',(-0.0382253023430488,0.0804440907871653,0.0274331333333333));
#4165=CARTESIAN_POINT('',(-0.0382253023430488,0.0804440907871653,0.0275178));
#4166=CARTESIAN_POINT('',(-0.0382253026783425,0.0804440907871653,0.0275178));
#4167=CARTESIAN_POINT('',(-0.0396139053358616,0.0804440907871653,0.0275178));
#4168=CARTESIAN_POINT('',(-0.0389035263996151,0.0861597085923334,0.0273908));
#4169=CARTESIAN_POINT('',(-0.0305372988604135,0.0859462324843647,0.0272637999999999));
#4170=CARTESIAN_POINT('',(-0.0305372988604135,0.0859462324843647,0.0273484666666666));
#4171=CARTESIAN_POINT('',(-0.0305372988604135,0.0859462324843647,0.0274331333333333));
#4172=CARTESIAN_POINT('',(-0.0305372988604135,0.0859462324843647,0.0275177999999999));
#4173=CARTESIAN_POINT('',(-0.0305297858752057,0.0859460407797466,0.0275178));
#4174=CARTESIAN_POINT('',(-0.0389035263996151,0.0861597085923334,0.0275178));
#4175=CARTESIAN_POINT('',(-0.0314019662673855,0.0898544581764751,0.0275178));
#4176=CARTESIAN_POINT('',(-0.0313958132165709,0.0898574887436555,0.0275177999999999));
#4177=CARTESIAN_POINT('',(-0.0313958132165709,0.0898574887436556,0.0274331333333333));
#4178=CARTESIAN_POINT('',(-0.0313958132165709,0.0898574887436556,0.0273484666666666));
#4179=CARTESIAN_POINT('',(-0.0313958132165709,0.0898574887436555,0.0272638));
#4180=CARTESIAN_POINT('',(-0.0325233410573312,0.0807162373005147,0.0275178));
#4181=CARTESIAN_POINT('',(-0.0325233410573312,0.0807162373005147,0.0272638));
#4182=CARTESIAN_POINT('',(-0.0311943042692475,0.0819425360474143,0.0275178));
#4183=CARTESIAN_POINT('',(-0.0311943042692475,0.0819425360474143,0.0272638));
#4184=CARTESIAN_POINT('',(-0.0305297858752057,0.0836858038738892,0.0275178));
#4185=CARTESIAN_POINT('',(-0.0305297858752057,0.0836858038738892,0.0272638));
#4186=CARTESIAN_POINT('',(-0.0305297858752057,0.0859460407799395,0.0275178));
#4187=CARTESIAN_POINT('',(-0.0305297858752057,0.0859460407799395,0.0272638));
#4188=CARTESIAN_POINT('',(-0.0325233410573312,0.0807162373005147,0.0275178));
#4189=CARTESIAN_POINT('',(-0.0325233410573312,0.0807162373005147,0.0275178));
#4190=CARTESIAN_POINT('',(-0.0305297858752057,0.0859460407799395,0.0275178));
#4191=CARTESIAN_POINT('',(-0.0305297858752057,0.0836858038738892,0.0275178));
#4192=CARTESIAN_POINT('',(-0.0311943042692475,0.0819425360474143,0.0275178));
#4193=CARTESIAN_POINT('',(-0.0325233410573312,0.0807162373005147,0.0275178));
#4194=CARTESIAN_POINT('',(-0.0381859558798716,0.0788767891801653,0.0275178));
#4195=CARTESIAN_POINT('',(-0.0381859558798716,0.0788767891801653,0.0272638000416667));
#4196=CARTESIAN_POINT('',(-0.0357399161264885,0.0788767891801653,0.0275178));
#4197=CARTESIAN_POINT('',(-0.0357399161264885,0.0788767891801653,0.0272638000416667));
#4198=CARTESIAN_POINT('',(-0.0338523778491604,0.0794899385501591,0.0275178));
#4199=CARTESIAN_POINT('',(-0.0338523778491604,0.0794899385501591,0.0272638000416667));
#4200=CARTESIAN_POINT('',(-0.0325233410573312,0.0807162373005147,0.0275178));
#4201=CARTESIAN_POINT('',(-0.0325233410573312,0.0807162373005147,0.0272638000416667));
#4202=CARTESIAN_POINT('',(-0.0381859558591911,0.0788767891801653,0.0275178));
#4203=CARTESIAN_POINT('',(-0.0381859558591911,0.0788767891801653,0.0274331333333333));
#4204=CARTESIAN_POINT('',(-0.0381859558591911,0.0788767891801653,0.0273484666666667));
#4205=CARTESIAN_POINT('',(-0.0381859558591911,0.0788767891801653,0.0272638));
#4206=CARTESIAN_POINT('',(-0.038185955900552,0.0788767891801653,0.0275178));
#4207=CARTESIAN_POINT('',(-0.0325233410573312,0.0807162373005147,0.0275178));
#4208=CARTESIAN_POINT('',(-0.0338523778454149,0.0794899385536151,0.0275178));
#4209=CARTESIAN_POINT('',(-0.0357399161127016,0.0788767891801653,0.0275178));
#4210=CARTESIAN_POINT('',(-0.0381859558591911,0.0788767891801653,0.0275178));
#4211=CARTESIAN_POINT('',(-0.0405729758798941,0.0788767891801653,0.0275178));
#4212=CARTESIAN_POINT('',(-0.042959995900597,0.0788767891801653,0.0275178));
#4213=CARTESIAN_POINT('',(-0.042959995900597,0.0788767891801653,0.0275178));
#4214=CARTESIAN_POINT('',(-0.0405729758798941,0.0788767891801653,0.0275178));
#4215=CARTESIAN_POINT('',(-0.042959995900597,0.0860952295312334,0.0275178));
#4216=CARTESIAN_POINT('',(-0.042959995900597,0.0933136698823015,0.0275178));
#4217=CARTESIAN_POINT('',(-0.042959995900597,0.0933136698823015,0.0275178));
#4218=CARTESIAN_POINT('',(-0.042959995900597,0.0860952295312334,0.0275178));
#4219=CARTESIAN_POINT('',(-0.0402598434458595,0.0933136698823015,0.0275178));
#4220=CARTESIAN_POINT('',(-0.037559690991122,0.0933136698823015,0.0272638));
#4221=CARTESIAN_POINT('',(-0.037559690991122,0.0933136698823015,0.0273484666666667));
#4222=CARTESIAN_POINT('',(-0.037559690991122,0.0933136698823015,0.0274331333333333));
#4223=CARTESIAN_POINT('',(-0.037559690991122,0.0933136698823015,0.0275178));
#4224=CARTESIAN_POINT('',(-0.037559691813651,0.0933136698823015,0.0275177999166667));
#4225=CARTESIAN_POINT('',(-0.0402598434458595,0.0933136698823015,0.0275178));
#4226=CARTESIAN_POINT('',(-0.0373874737990959,0.0858619017464247,0.0273908));
#4227=CARTESIAN_POINT('',(-0.0338701127496523,0.0924264537328696,0.0272637999999999));
#4228=CARTESIAN_POINT('',(-0.0338701127496523,0.0924264537328696,0.0273484666666666));
#4229=CARTESIAN_POINT('',(-0.0338701127496523,0.0924264537328696,0.0274331333333333));
#4230=CARTESIAN_POINT('',(-0.0338701127496523,0.0924264537328696,0.0275177999999999));
#4231=CARTESIAN_POINT('',(-0.0338725975662862,0.0924218162481927,0.0275178));
#4232=CARTESIAN_POINT('',(-0.0373874737990959,0.0858619017464247,0.0275178));
#4233=CARTESIAN_POINT('',(-0.0368271661468112,0.0871132942907038,0.0273908));
#4234=CARTESIAN_POINT('',(-0.0368271661468112,0.0871132942907038,0.0275178));
#4235=CARTESIAN_POINT('',(-0.0339676849022758,0.081852367021907,0.0275178));
#4236=CARTESIAN_POINT('',(-0.0339676849022758,0.081852367021907,0.0272638));
#4237=CARTESIAN_POINT('',(-0.0349539504837273,0.0809078830369941,0.0275178));
#4238=CARTESIAN_POINT('',(-0.0349539504837273,0.0809078830369941,0.0272638));
#4239=CARTESIAN_POINT('',(-0.0363895705043786,0.0804440907871653,0.0275178));
#4240=CARTESIAN_POINT('',(-0.0363895705043786,0.0804440907871653,0.0272638));
#4241=CARTESIAN_POINT('',(-0.0382587471916334,0.0804440907871653,0.0275178));
#4242=CARTESIAN_POINT('',(-0.0382587471916334,0.0804440907871653,0.0272638));
#4243=CARTESIAN_POINT('',(-0.0339676849022758,0.081852367021907,0.0272638));
#4244=CARTESIAN_POINT('',(-0.0349480681250645,0.0809135161987459,0.0272638));
#4245=CARTESIAN_POINT('',(-0.0363672739386555,0.0804440907871653,0.0272638));
#4246=CARTESIAN_POINT('',(-0.0382253023430488,0.0804440907871653,0.0272638));
#4247=CARTESIAN_POINT('',(-0.0382253023430488,0.0804440907871653,0.0275178));
#4248=CARTESIAN_POINT('',(-0.0363672739386555,0.0804440907871653,0.0275178));
#4249=CARTESIAN_POINT('',(-0.0349480681250645,0.0809135161987459,0.0275178));
#4250=CARTESIAN_POINT('',(-0.0339676849022758,0.081852367021907,0.0275178));
#4251=CARTESIAN_POINT('',(-0.0204308550183854,0.0857591449816152,0.0275178));
#4252=CARTESIAN_POINT('',(-0.0204308425183855,0.0857591449816152,0.0272638));
#4253=CARTESIAN_POINT('',(0.010685521312558,0.0957863343514292,0.0272638));
#4254=CARTESIAN_POINT('',(0.010685521312558,0.0957863343514292,0.0299308));
#4255=CARTESIAN_POINT('',(0.0107827242706425,0.100077833663434,0.0299308));
#4256=CARTESIAN_POINT('',(0.0107827242706425,0.100077833663434,0.0272638));
#4257=CARTESIAN_POINT('',(0.0107827242706425,0.100077833663434,0.0282798));
#4258=CARTESIAN_POINT('',(0.010685521312558,0.0957863343514292,0.0282798));
#4259=CARTESIAN_POINT('',(-0.0515472313493289,0.0757319556118012,0.0272638));
#4260=CARTESIAN_POINT('',(-0.0516444343074163,0.0714404562997962,0.0272638));
#4261=CARTESIAN_POINT('',(-0.0516444343074163,0.0714404562997962,0.0282798));
#4262=CARTESIAN_POINT('',(-0.0515472313493289,0.0757319556118012,0.0282798));
#4263=CARTESIAN_POINT('',(-0.0204308550183854,-0.282365266406437,0.0324962));
#4264=CARTESIAN_POINT('',(-0.00429696111503246,-0.282365266406437,0.0324962));
#4265=CARTESIAN_POINT('',(-0.0189068550183854,0.0990629343514293,0.0324962));
#4266=CARTESIAN_POINT('',(-0.0189068550183854,0.0724553556118012,0.0324962));
#4267=CARTESIAN_POINT('',(-0.0204308425183855,0.0857591449816152,0.0350108));
#4268=CARTESIAN_POINT('',(-0.0204308425183855,0.0747159556118012,0.0350108));
#4269=CARTESIAN_POINT('',(-0.000741496636866339,0.0747159556118012,0.0350108));
#4270=CARTESIAN_POINT('',(-0.000741496636866339,0.0747159556118012,0.0350108));
#4271=CARTESIAN_POINT('',(-0.000741496636866339,0.0694396449816152,0.0350108));
#4272=CARTESIAN_POINT('',(0.00334354498161473,0.0694396449816152,0.0350108));
#4273=CARTESIAN_POINT('',(-0.0006196658267968,0.0684494303014513,0.0350108));
#4274=CARTESIAN_POINT('',(-0.00940787552641653,0.0570289148579962,0.0350108));
#4275=CARTESIAN_POINT('',(0.000918865047829885,0.0670797472529343,0.0350108));
#4276=CARTESIAN_POINT('',(0.00334354498161473,0.0694396449816152,0.0350108));
#4277=CARTESIAN_POINT('',(0.00661891064145171,0.0685910167558928,0.0350108));
#4278=CARTESIAN_POINT('',(0.0102992889909607,0.0676374520937761,0.0350108));
#4279=CARTESIAN_POINT('',(0.00334354498161473,0.0694396449816152,0.0350108));
#4280=CARTESIAN_POINT('',(0.00448654498161473,0.0694396449816152,0.0350108));
#4281=CARTESIAN_POINT('',(-0.0204308425183855,0.0857591449816152,0.0350108));
#4282=CARTESIAN_POINT('',(0.00334354498161474,0.102078644981615,0.0350108));
#4283=CARTESIAN_POINT('',(-0.000619665826786762,0.103068859661776,0.0350108000000109));
#4284=CARTESIAN_POINT('',(-0.000741496636866336,0.102078644981615,0.0350108));
#4285=CARTESIAN_POINT('',(-0.000741496636866336,0.102078644981615,0.0350108));
#4286=CARTESIAN_POINT('',(-0.000741496636866339,0.0968023343514293,0.0350108));
#4287=CARTESIAN_POINT('',(-0.0204308425183855,0.0968023343514293,0.0350108));
#4288=CARTESIAN_POINT('',(0.0102992889909607,0.103880837869454,0.0350108));
#4289=CARTESIAN_POINT('',(0.00661891064145173,0.102927273207337,0.0350108));
#4290=CARTESIAN_POINT('',(0.00334354498161474,0.102078644981615,0.0350108));
#4291=CARTESIAN_POINT('',(0.000918865047829894,0.104438542710296,0.0350108));
#4292=CARTESIAN_POINT('',(-0.00940787552641652,0.114489375105234,0.0350108));
#4293=CARTESIAN_POINT('',(0.00334354498161474,0.102078644981615,0.0350108));
#4294=CARTESIAN_POINT('',(0.00448654498161474,0.102078644981615,0.0350108));
#4295=CARTESIAN_POINT('',(-0.0204308425183855,0.0857591449816152,0.0350108));
#4296=CARTESIAN_POINT('',(-0.0442052550183854,0.0694396449816152,0.0350108));
#4297=CARTESIAN_POINT('',(-0.0402420442099839,0.068449430301454,0.0350108000000109));
#4298=CARTESIAN_POINT('',(-0.0401202133999044,0.0694396449816152,0.0350108));
#4299=CARTESIAN_POINT('',(-0.0401202133999044,0.0694396449816152,0.0350108));
#4300=CARTESIAN_POINT('',(-0.0401202133999044,0.0747159556118012,0.0350108));
#4301=CARTESIAN_POINT('',(-0.0204308425183855,0.0747159556118012,0.0350108));
#4302=CARTESIAN_POINT('',(-0.0522224733090999,0.0747159556118012,0.0350108));
#4303=CARTESIAN_POINT('',(-0.0204308550183858,0.0857591449816125,0.0350108));
#4304=CARTESIAN_POINT('',(-0.0508826248920293,0.0714291506842424,0.0350108));
#4305=CARTESIAN_POINT('',(-0.0511609990277313,0.0676374520937761,0.0350108));
#4306=CARTESIAN_POINT('',(-0.0474806206782224,0.0685910167558928,0.0350108));
#4307=CARTESIAN_POINT('',(-0.0442052550183854,0.0694396449816152,0.0350108));
#4308=CARTESIAN_POINT('',(-0.0417805750846005,0.0670797472529343,0.0350108));
#4309=CARTESIAN_POINT('',(-0.0314538345103541,0.0570289148579962,0.0350108));
#4310=CARTESIAN_POINT('',(-0.0442052550183854,0.0694396449816152,0.0350108));
#4311=CARTESIAN_POINT('',(-0.0430622550183854,0.0694396449816152,0.0350108));
#4312=CARTESIAN_POINT('',(-0.0204308425183855,0.0857591449816152,0.0350108));
#4313=CARTESIAN_POINT('',(-0.0204308550183858,0.0857591449816125,0.0350108));
#4314=CARTESIAN_POINT('',(-0.0508826248920267,0.100089139278988,0.0350108));
#4315=CARTESIAN_POINT('',(-0.052222473309098,0.0968023343514293,0.0350108));
#4316=CARTESIAN_POINT('',(-0.0204308425183855,0.0968023343514293,0.0350108));
#4317=CARTESIAN_POINT('',(-0.0401202133999044,0.0968023343514293,0.0350108));
#4318=CARTESIAN_POINT('',(-0.0401202133999044,0.0968023343514293,0.0350108));
#4319=CARTESIAN_POINT('',(-0.0401202133999044,0.102078644981615,0.0350108));
#4320=CARTESIAN_POINT('',(-0.0442052550183854,0.102078644981615,0.0350108));
#4321=CARTESIAN_POINT('',(-0.0402420442099738,0.103068859661779,0.0350108));
#4322=CARTESIAN_POINT('',(-0.0314538345103541,0.114489375105234,0.0350108));
#4323=CARTESIAN_POINT('',(-0.0417805750846005,0.104438542710296,0.0350108));
#4324=CARTESIAN_POINT('',(-0.0442052550183854,0.102078644981615,0.0350108));
#4325=CARTESIAN_POINT('',(-0.0474806206782224,0.102927273207337,0.0350108));
#4326=CARTESIAN_POINT('',(-0.0511609990277313,0.103880837869454,0.0350108));
#4327=CARTESIAN_POINT('',(-0.0442052550183854,0.102078644981615,0.0350108));
#4328=CARTESIAN_POINT('',(-0.0430622550183854,0.102078644981615,0.0350108));
#4329=CARTESIAN_POINT('',(-0.0442052550183854,0.0694396449816152,0.0331058));
#4330=CARTESIAN_POINT('',(-0.0417805750846005,0.0670797472529343,0.0331058));
#4331=CARTESIAN_POINT('',(-0.0417805750846005,0.0670797472529343,0.0318358));
#4332=CARTESIAN_POINT('',(-0.0474806206782224,0.0685910167558928,0.0331058));
#4333=CARTESIAN_POINT('',(-0.0474806206782224,0.0685910167558928,0.0318358));
#4334=CARTESIAN_POINT('',(-0.0442052550183854,0.0694396449816152,0.0318358));
#4335=CARTESIAN_POINT('',(-0.0442052550183854,0.0694396449816152,0.0331058));
#4336=CARTESIAN_POINT('',(-0.0442052550183854,0.0694396449816152,0.0318358));
#4337=CARTESIAN_POINT('',(-0.0430622550183854,0.0694396449816152,0.0318358));
#4338=CARTESIAN_POINT('',(0.00334354498161473,0.0694396449816152,0.0331058));
#4339=CARTESIAN_POINT('',(0.00334354498161473,0.0694396449816152,0.0318358));
#4340=CARTESIAN_POINT('',(0.00448654498161473,0.0694396449816152,0.0318358));
#4341=CARTESIAN_POINT('',(0.00334354498161473,0.0694396449816152,0.0331058));
#4342=CARTESIAN_POINT('',(0.000918865047829885,0.0670797472529343,0.0331058));
#4343=CARTESIAN_POINT('',(0.000918865047829884,0.0670797472529343,0.0318358));
#4344=CARTESIAN_POINT('',(0.00334354498161473,0.0694396449816152,0.0318358));
#4345=CARTESIAN_POINT('',(0.00661891064145172,0.0685910167558928,0.0318358));
#4346=CARTESIAN_POINT('',(0.00661891064145172,0.0685910167558928,0.0331058));
#4347=CARTESIAN_POINT('',(-0.0442052550183854,0.102078644981615,0.0331058));
#4348=CARTESIAN_POINT('',(-0.0417805750846005,0.104438542710296,0.0331058));
#4349=CARTESIAN_POINT('',(-0.0417805750846005,0.104438542710296,0.0318358));
#4350=CARTESIAN_POINT('',(-0.0442052550183854,0.102078644981615,0.0318358));
#4351=CARTESIAN_POINT('',(-0.0474806206782224,0.102927273207337,0.0318358));
#4352=CARTESIAN_POINT('',(-0.0474806206782224,0.102927273207337,0.0331058));
#4353=CARTESIAN_POINT('',(-0.0442052550183854,0.102078644981615,0.0331058));
#4354=CARTESIAN_POINT('',(-0.0442052550183854,0.102078644981615,0.0318358));
#4355=CARTESIAN_POINT('',(-0.0430622550183854,0.102078644981615,0.0318358));
#4356=CARTESIAN_POINT('',(0.00334354498161474,0.102078644981615,0.0331058));
#4357=CARTESIAN_POINT('',(0.00334354498161474,0.102078644981615,0.0318358));
#4358=CARTESIAN_POINT('',(0.00448654498161474,0.102078644981615,0.0318358));
#4359=CARTESIAN_POINT('',(0.00334354498161474,0.102078644981615,0.0331058));
#4360=CARTESIAN_POINT('',(0.000918865047829895,0.104438542710296,0.0331058));
#4361=CARTESIAN_POINT('',(0.000918865047829894,0.104438542710296,0.0318358));
#4362=CARTESIAN_POINT('',(0.00661891064145173,0.102927273207337,0.0331058));
#4363=CARTESIAN_POINT('',(0.00661891064145173,0.102927273207337,0.0318358));
#4364=CARTESIAN_POINT('',(0.00334354498161474,0.102078644981615,0.0318358));
#4365=CARTESIAN_POINT('',(-0.0204308550183858,0.0857591449816125,0.0299308));
#4366=CARTESIAN_POINT('',(-0.0508826248920267,0.100089139278988,0.0350108));
#4367=CARTESIAN_POINT('',(-0.0508826248920267,0.100089139278988,0.0318358));
#4368=CARTESIAN_POINT('',(-0.0204308550183858,0.0857591449816125,0.0318358));
#4369=CARTESIAN_POINT('',(-0.0204308550183858,0.0857591449816125,0.0318358));
#4370=CARTESIAN_POINT('',(-0.0508826248920293,0.0714291506842424,0.0318358));
#4371=CARTESIAN_POINT('',(-0.0508826248920293,0.0714291506842424,0.0331058));
#4372=CARTESIAN_POINT('',(-0.0522224733090999,0.0747159556118012,0.0350108));
#4373=CARTESIAN_POINT('',(-0.0523778686304509,0.0751633144838729,0.0350108));
#4374=CARTESIAN_POINT('',(-0.0525159310118334,0.075599451786055,0.0346843900448947));
#4375=CARTESIAN_POINT('',(-0.052549251197027,0.0757059041155124,0.0342234));
#4376=CARTESIAN_POINT('',(-0.0525492511970253,0.0958123858477181,0.0342234));
#4377=CARTESIAN_POINT('',(-0.0525159367730945,0.0959188197709201,0.0346843103369112));
#4378=CARTESIAN_POINT('',(-0.0523778536630079,0.0963550185682842,0.0350108));
#4379=CARTESIAN_POINT('',(-0.052222473309098,0.0968023343514293,0.0350108));
#4380=CARTESIAN_POINT('',(-0.0204308550183854,0.0884507590022493,0.0299308));
#4381=CARTESIAN_POINT('',(0.0107597176533463,0.0724561957819275,0.0299308));
#4382=CARTESIAN_POINT('',(0.0116942666472558,0.0720576055437347,0.0299308));
#4383=CARTESIAN_POINT('',(-0.0204308550183843,0.085759144981613,0.0299308));
#4384=CARTESIAN_POINT('',(0.0116942666472539,0.0994606844194958,0.0299308));
#4385=CARTESIAN_POINT('',(0.0107597176533444,0.0990620941813029,0.0299308));
#4386=CARTESIAN_POINT('',(-0.0204308550183843,0.085759144981613,0.0096108));
#4387=CARTESIAN_POINT('',(0.0116942666472558,0.0720576055437347,0.0096108));
#4388=CARTESIAN_POINT('',(0.0116942666472559,0.0720576055437347,0.0282798));
#4389=CARTESIAN_POINT('',(-0.0204308550183843,0.085759144981613,0.0282798));
#4390=CARTESIAN_POINT('',(0.0116942666472539,0.0994606844194958,0.0282798));
#4391=CARTESIAN_POINT('',(0.0116942666472539,0.0994606844194958,0.0096108));
#4392=CARTESIAN_POINT('',(-0.0204308550183854,0.0857591449816125,0.0096108));
#4393=CARTESIAN_POINT('',(-0.0204308550183854,0.0857591449816125,0.0282798));
#4394=CARTESIAN_POINT('',(-0.0525559766840247,0.0994606844194959,0.0282798));
#4395=CARTESIAN_POINT('',(-0.0525559766840271,0.0720576055437348,0.0282798));
#4396=CARTESIAN_POINT('',(-0.0525559766840271,0.0720576055437347,0.0096108));
#4397=CARTESIAN_POINT('',(-0.0525559766840247,0.0994606844194959,0.0096108));
#4398=CARTESIAN_POINT('',(-0.0204308425183855,0.0968023343514293,0.0339948));
#4399=CARTESIAN_POINT('',(-0.0382817376072979,0.0958123858477181,0.0342234));
#4400=CARTESIAN_POINT('',(-0.038493871245729,0.0958123858477181,0.0342234));
#4401=CARTESIAN_POINT('',(-0.0389095898278845,0.0958225841617601,0.0342758015432095));
#4402=CARTESIAN_POINT('',(-0.039502083823485,0.0959036381982886,0.0345050264438274));
#4403=CARTESIAN_POINT('',(-0.0399857415923231,0.096180151208058,0.0348596368811056));
#4404=CARTESIAN_POINT('',(-0.0401202133999044,0.0965879398630604,0.0350108));
#4405=CARTESIAN_POINT('',(-0.0401202133999044,0.0968023343514293,0.0350108));
#4406=CARTESIAN_POINT('',(-0.298056556316179,0.0747159556118012,0.0339948));
#4407=CARTESIAN_POINT('',(-0.0401202133999044,0.0747159556118012,0.0350108));
#4408=CARTESIAN_POINT('',(-0.0401202133999044,0.0749301193189572,0.0350108));
#4409=CARTESIAN_POINT('',(-0.0399858464386846,0.0753381210040892,0.0348596858922576));
#4410=CARTESIAN_POINT('',(-0.0395021811310139,0.0756144647366596,0.0345052545424215));
#4411=CARTESIAN_POINT('',(-0.0389117815487778,0.0756955862409302,0.0342762835760837));
#4412=CARTESIAN_POINT('',(-0.0384937363525267,0.0757059041155124,0.0342234));
#4413=CARTESIAN_POINT('',(-0.0382817376072979,0.0757059041155124,0.0342234));
#4414=CARTESIAN_POINT('',(-0.298056556316179,0.0747159556118012,0.0339948));
#4415=CARTESIAN_POINT('',(-0.00257997242947281,0.0757059041155124,0.0342234));
#4416=CARTESIAN_POINT('',(-0.00236783879104175,0.0757059041155124,0.0342234));
#4417=CARTESIAN_POINT('',(-0.00195212020888632,0.0756957058014704,0.0342758015432095));
#4418=CARTESIAN_POINT('',(-0.00135962621328572,0.075614651764942,0.0345050264438274));
#4419=CARTESIAN_POINT('',(-0.000875968444447624,0.0753381387551725,0.0348596368811055));
#4420=CARTESIAN_POINT('',(-0.000741496636866339,0.0749303501001701,0.0350108));
#4421=CARTESIAN_POINT('',(-0.000741496636866339,0.0747159556118012,0.0350108));
#4422=CARTESIAN_POINT('',(-0.0204308425183855,0.0968023343514293,0.0339948));
#4423=CARTESIAN_POINT('',(-0.000741496636866339,0.0968023343514293,0.0350108));
#4424=CARTESIAN_POINT('',(-0.000741496636866339,0.0965881706442733,0.0350108));
#4425=CARTESIAN_POINT('',(-0.000875863598086131,0.0961801689591413,0.0348596858922576));
#4426=CARTESIAN_POINT('',(-0.00135952890575687,0.0959038252265708,0.0345052545424214));
#4427=CARTESIAN_POINT('',(-0.00194992848799306,0.0958227037223003,0.0342762835760836));
#4428=CARTESIAN_POINT('',(-0.00236797368424407,0.0958123858477181,0.0342234));
#4429=CARTESIAN_POINT('',(-0.00257997242947281,0.0958123858477181,0.0342234));
#4430=CARTESIAN_POINT('',(-0.0219548550183854,0.0724553556118012,0.0272638));
#4431=CARTESIAN_POINT('',(-0.0219548550183854,0.0724553556118012,0.0336392));
#4432=CARTESIAN_POINT('',(-0.0189068550183854,0.0724553556118012,0.0272638));
#4433=CARTESIAN_POINT('',(-0.0189068550183854,0.0724553556118012,0.0336392));
#4434=CARTESIAN_POINT('',(-0.0204308425183855,0.0724553556118012,0.0336392));
#4435=CARTESIAN_POINT('',(-0.0219548550183854,0.0724553556118012,0.0336392));
#4436=CARTESIAN_POINT('',(-0.0189068550183854,0.0724553556118012,0.0336392));
#4437=CARTESIAN_POINT('',(-0.0219548550183854,0.0724553556118012,0.0336392));
#4438=CARTESIAN_POINT('',(-0.0219548550183854,0.0724553556118012,0.0336392));
#4439=CARTESIAN_POINT('',(-0.0189068550183854,0.0724553556118012,0.0336392));
#4440=CARTESIAN_POINT('',(-0.0189068550183854,0.0724553556118012,0.0336392));
#4441=CARTESIAN_POINT('',(-0.0219548550183854,0.0857591449816152,0.0336392));
#4442=CARTESIAN_POINT('',(-0.0219548550183854,0.0990629343514293,0.0336392));
#4443=CARTESIAN_POINT('',(-0.0219548550183854,0.0990629343514293,0.0272638));
#4444=CARTESIAN_POINT('',(-0.0219548550183854,0.0990629343514293,0.0336392));
#4445=CARTESIAN_POINT('',(-0.0189068550183854,0.0990629343514293,0.0272638));
#4446=CARTESIAN_POINT('',(-0.0189068550183854,0.0990629343514293,0.0336392));
#4447=CARTESIAN_POINT('',(-0.0189068550183854,0.0695836409467082,0.0336392));
#4448=CARTESIAN_POINT('',(-0.0189068550183854,0.0990629343514293,0.0336392));
#4449=CARTESIAN_POINT('',(-0.0219548550183854,0.0990629343514293,0.0336392));
#4450=CARTESIAN_POINT('',(-0.0219548550183854,0.0990629343514293,0.0336392));
#4451=CARTESIAN_POINT('',(-0.0189068550183854,0.0990629343514293,0.0336392));
#4452=CARTESIAN_POINT('',(-0.0189068550183854,0.0990629343514293,0.0336392));
#4453=CARTESIAN_POINT('',(-0.00866507476521749,0.0990629343514293,0.0336392));
#4454=CARTESIAN_POINT('',(-0.0516214276901152,0.0990620941813029,0.0096108));
#4455=CARTESIAN_POINT('',(-0.0516214276901152,0.0990620941813029,0.0282798));
#4456=CARTESIAN_POINT('',(-0.0516214276901152,0.0990620941813029,0.0282798));
#4457=CARTESIAN_POINT('',(-0.0516214276901152,0.0990620941813029,0.0282798));
#4458=CARTESIAN_POINT('',(-0.0516214276901152,0.0990620941813029,0.0282798));
#4459=CARTESIAN_POINT('',(-0.0515472313493288,0.0957863343514292,0.0282798));
#4460=CARTESIAN_POINT('',(-0.0515472313493288,0.0990629343514293,0.0282798));
#4461=CARTESIAN_POINT('',(-0.0204308550183854,0.0857591449816125,0.0282798));
#4462=CARTESIAN_POINT('',(-0.0516214276901175,0.0724561957819276,0.0282798));
#4463=CARTESIAN_POINT('',(-0.0516214276901175,0.0724561957819275,0.0272638));
#4464=CARTESIAN_POINT('',(-0.0516214276901175,0.0724561957819276,0.0282798));
#4465=CARTESIAN_POINT('',(-0.00866507476521749,0.0990629343514293,0.0282798));
#4466=CARTESIAN_POINT('',(0.010685521312558,0.0990629343514292,0.0282798));
#4467=CARTESIAN_POINT('',(-0.0516214276901175,0.0724561957819276,0.0282798));
#4468=CARTESIAN_POINT('',(-0.0516214276901175,0.0724561957819276,0.0282798));
#4469=CARTESIAN_POINT('',(0.0107597176533444,0.0990620941813029,0.0272638));
#4470=CARTESIAN_POINT('',(0.0107597176533444,0.0990620941813029,0.0282798));
#4471=CARTESIAN_POINT('',(0.010685521312558,0.0957863343514292,0.0282798));
#4472=CARTESIAN_POINT('',(0.0107597176533444,0.0990620941813029,0.0282798));
#4473=CARTESIAN_POINT('',(-0.0515472313493289,0.0757319556118012,0.0282798));
#4474=CARTESIAN_POINT('',(-0.0515472313493289,0.0724553556118012,0.0282798));
#4475=CARTESIAN_POINT('',(0.0107597176533444,0.0990620941813029,0.0282798));
#4476=CARTESIAN_POINT('',(0.0107597176533444,0.0990620941813029,0.0282798));
#4477=CARTESIAN_POINT('',(-0.0204308425183855,0.0724553556118012,0.0282798));
#4478=CARTESIAN_POINT('',(0.010685521312558,0.0724553556118012,0.0282798));
#4479=CARTESIAN_POINT('',(-0.0204308550183843,0.085759144981613,0.0282798));
#4480=CARTESIAN_POINT('',(0.0107597176533463,0.0724561957819275,0.0282798));
#4481=CARTESIAN_POINT('',(0.010685521312558,0.0757319556118012,0.0282798));
#4482=CARTESIAN_POINT('',(0.0107597176533463,0.0724561957819275,0.0282798));
#4483=CARTESIAN_POINT('',(0.0107597176533463,0.0724561957819275,0.0282798));
#4484=CARTESIAN_POINT('',(0.0107597176533463,0.0724561957819275,0.0282798));
#4485=CARTESIAN_POINT('',(0.0107597176533463,0.0724561957819275,0.0096108));
#4486=CARTESIAN_POINT('',(0.01905,0.0832191449816125,0.033944));
#4487=CARTESIAN_POINT('',(0.00635,0.0832191449816125,0.0316199));
#4488=CARTESIAN_POINT('',(0.00635,0.0832191449816125,0.0332074));
#4489=CARTESIAN_POINT('',(0.00635,0.0832191449816125,0.032928));
#4490=CARTESIAN_POINT('',(0.01905,0.0832191449816125,0.0332074));
#4491=CARTESIAN_POINT('',(0.01905,0.0832191449816125,0.032928));
#4492=CARTESIAN_POINT('',(0.01905,0.0852540146866986,0.032928));
#4493=CARTESIAN_POINT('',(0.01905,0.0872888843917847,0.032928));
#4494=CARTESIAN_POINT('',(0.00635,0.0872888843917847,0.032928));
#4495=CARTESIAN_POINT('',(0.00635,0.0857591449816125,0.032928));
#4496=CARTESIAN_POINT('',(0.01905,0.0872888843917847,0.033944));
#4497=CARTESIAN_POINT('',(0.01905,0.0872888843917847,0.0332074));
#4498=CARTESIAN_POINT('',(0.00635,0.0872888843917847,0.0332074));
#4499=CARTESIAN_POINT('',(0.00635,0.0872888843917847,0.033944));
#4500=CARTESIAN_POINT('',(0.00635,0.0857591449816125,0.0316199));
#4501=CARTESIAN_POINT('',(0.00635,0.0857591449816125,0.0332074));
#4502=CARTESIAN_POINT('',(0.01905,0.0883048843917847,0.0332074));
#4503=CARTESIAN_POINT('',(0.005334,0.0883048843917847,0.0332074));
#4504=CARTESIAN_POINT('',(0.005334,0.0857591449816152,0.0332074));
#4505=CARTESIAN_POINT('',(0.005334,0.0822031449816125,0.0332074));
#4506=CARTESIAN_POINT('',(-0.298056556316179,0.0822031449816125,0.0332074));
#4507=CARTESIAN_POINT('',(0.0102992889909607,0.0676374520937761,0.0331058));
#4508=CARTESIAN_POINT('',(0.0102992889909607,0.0676374520937761,0.0318358));
#4509=CARTESIAN_POINT('',(-0.0511609990277313,0.0676374520937761,0.0331058));
#4510=CARTESIAN_POINT('',(-0.0511609990277313,0.0676374520937761,0.0318358));
#4511=CARTESIAN_POINT('',(-0.0511609990277313,0.103880837869454,0.0331058));
#4512=CARTESIAN_POINT('',(-0.0511609990277313,0.103880837869454,0.0318358));
#4513=CARTESIAN_POINT('',(0.0102992889909607,0.103880837869454,0.0331058));
#4514=CARTESIAN_POINT('',(0.0102992889909607,0.103880837869454,0.0318358));
#4515=CARTESIAN_POINT('',(-0.00257997242947282,0.0857591449816151,0.0342254));
#4516=CARTESIAN_POINT('',(-0.00257997242947282,0.0857591449816151,0.0342131886855597));
#4517=CARTESIAN_POINT('',(-0.00257997242947282,0.0857591449816151,0.0318358));
#4518=CARTESIAN_POINT('',(-0.00257997242947281,0.0711974765789112,0.0318358));
#4519=CARTESIAN_POINT('',(-0.00257997242947281,0.0711974765789112,0.0342254));
#4520=CARTESIAN_POINT('',(-0.00257997242947281,0.0711974765789112,0.0342234));
#4521=CARTESIAN_POINT('',(-0.00257997242947282,0.0857591449816151,0.0342234));
#4522=CARTESIAN_POINT('',(-0.00257997242947282,0.0857591449816151,0.0342234));
#4523=CARTESIAN_POINT('',(-0.00257997242947282,0.100320813384319,0.0342234));
#4524=CARTESIAN_POINT('',(-0.00257997242947282,0.100320813384319,0.0342254));
#4525=CARTESIAN_POINT('',(-0.00257997242947282,0.100320813384319,0.0318358));
#4526=CARTESIAN_POINT('',(-0.00257997242947282,0.0857591449816151,0.0318358));
#4527=CARTESIAN_POINT('',(-0.038281737607298,0.0857591449816151,0.0342254));
#4528=CARTESIAN_POINT('',(-0.038281737607298,0.0711974765789111,0.0331058));
#4529=CARTESIAN_POINT('',(-0.038281737607298,0.0711974765789111,0.0342234));
#4530=CARTESIAN_POINT('',(-0.038281737607298,0.0711974765789111,0.0318358));
#4531=CARTESIAN_POINT('',(-0.038281737607298,0.0857591449816152,0.0318358));
#4532=CARTESIAN_POINT('',(-0.038281737607298,0.100078934351429,0.0342131886855597));
#4533=CARTESIAN_POINT('',(-0.038281737607298,0.0857591449816152,0.0318358));
#4534=CARTESIAN_POINT('',(-0.038281737607298,0.100320813384319,0.0318358));
#4535=CARTESIAN_POINT('',(-0.038281737607298,0.100320813384319,0.0342234));
#4536=CARTESIAN_POINT('',(-0.038281737607298,0.100320813384319,0.0342234));
#4537=CARTESIAN_POINT('',(-0.038281737607298,0.0857591449816151,0.0342234));
#4538=CARTESIAN_POINT('',(-0.038281737607298,0.0857591449816151,0.0342234));
#4539=CARTESIAN_POINT('',(-0.00940787552641653,0.0570289148579962,0.0331058));
#4540=CARTESIAN_POINT('',(-0.00141407695611422,0.0690189101514213,0.0344972935986174));
#4541=CARTESIAN_POINT('',(-0.00112958550198358,0.0688292380686858,0.034632312116642));
#4542=CARTESIAN_POINT('',(-0.000863130228045863,0.0686367787817612,0.0348106613518408));
#4543=CARTESIAN_POINT('',(-0.000619665826794317,0.0684494303014598,0.0350108000000047));
#4544=CARTESIAN_POINT('',(-0.00141407695611423,0.0690189101514213,0.0344972935986174));
#4545=CARTESIAN_POINT('',(-0.00141407695611435,0.0690189101514214,0.0331058));
#4546=CARTESIAN_POINT('',(-0.00141407695611435,0.0690189101514214,0.0318358));
#4547=CARTESIAN_POINT('',(-0.00940787552641653,0.0570289148579962,0.0318358));
#4548=CARTESIAN_POINT('',(-0.00940787552641652,0.114489375105234,0.0331058));
#4549=CARTESIAN_POINT('',(-0.00940787552641652,0.114489375105234,0.0318358));
#4550=CARTESIAN_POINT('',(-0.00141407695611437,0.102499379811809,0.0318358));
#4551=CARTESIAN_POINT('',(-0.00141407695611437,0.102499379811809,0.0331058));
#4552=CARTESIAN_POINT('',(-0.00141407695611425,0.102499379811809,0.0344972935986174));
#4553=CARTESIAN_POINT('',(-0.00141407695611418,0.102499379811809,0.0344972935986175));
#4554=CARTESIAN_POINT('',(-0.00112958550198062,0.102689051894546,0.0346323121166434));
#4555=CARTESIAN_POINT('',(-0.000863130228040406,0.102881511181473,0.0348106613518444));
#4556=CARTESIAN_POINT('',(-0.000619665826786762,0.103068859661776,0.0350108000000109));
#4557=CARTESIAN_POINT('',(-0.0314538345103541,0.114489375105234,0.0331058));
#4558=CARTESIAN_POINT('',(-0.0394476330806566,0.102499379811809,0.0344972935986175));
#4559=CARTESIAN_POINT('',(-0.0397321245347871,0.102689051894544,0.034632312116642));
#4560=CARTESIAN_POINT('',(-0.0399985798087248,0.102881511181469,0.0348106613518408));
#4561=CARTESIAN_POINT('',(-0.0402420442099762,0.10306885966177,0.0350108000000046));
#4562=CARTESIAN_POINT('',(-0.0394476330806566,0.102499379811809,0.0344972935986175));
#4563=CARTESIAN_POINT('',(-0.0394476330806564,0.102499379811809,0.0331058));
#4564=CARTESIAN_POINT('',(-0.0394476330806564,0.102499379811809,0.0318358));
#4565=CARTESIAN_POINT('',(-0.0314538345103541,0.114489375105234,0.0318358));
#4566=CARTESIAN_POINT('',(-0.0314538345103541,0.0570289148579962,0.0331058));
#4567=CARTESIAN_POINT('',(-0.0314538345103541,0.0570289148579962,0.0318358));
#4568=CARTESIAN_POINT('',(-0.0394476330806564,0.0690189101514214,0.0318358));
#4569=CARTESIAN_POINT('',(-0.0394476330806564,0.0690189101514214,0.0331058));
#4570=CARTESIAN_POINT('',(-0.0394476330806566,0.0690189101514213,0.0344972935986175));
#4571=CARTESIAN_POINT('',(-0.0394476330806565,0.0690189101514213,0.0344972935986175));
#4572=CARTESIAN_POINT('',(-0.0397321245347901,0.0688292380686838,0.0346323121166434));
#4573=CARTESIAN_POINT('',(-0.0399985798087303,0.0686367787817572,0.0348106613518444));
#4574=CARTESIAN_POINT('',(-0.0402420442099839,0.068449430301454,0.0350108000000109));
#4575=CARTESIAN_POINT('',(-0.0382817376072979,0.0857591449816152,0.0367634));
#4576=CARTESIAN_POINT('',(-0.0382817376072979,0.0694396449816152,0.0367634));
#4577=CARTESIAN_POINT('',(-0.0389595217345194,0.0694396449816152,0.0343155011710271));
#4578=CARTESIAN_POINT('',(-0.0389595217345194,0.0694396449816152,0.0343155011710271));
#4579=CARTESIAN_POINT('',(-0.0385303710545544,0.0699134097505976,0.0341966761952463));
#4580=CARTESIAN_POINT('',(-0.038281737607298,0.0705483973194652,0.0342234));
#4581=CARTESIAN_POINT('',(-0.038281737607298,0.0711974765789111,0.0342234));
#4582=CARTESIAN_POINT('',(-0.0442052550183854,0.0694396449816152,0.0367634));
#4583=CARTESIAN_POINT('',(-0.0394476330806564,0.0690189101514214,0.0344972935986175));
#4584=CARTESIAN_POINT('',(-0.0392728285189633,0.0691354533544125,0.0344143320455689));
#4585=CARTESIAN_POINT('',(-0.0391085261814369,0.0692751501767206,0.0343567581248729));
#4586=CARTESIAN_POINT('',(-0.0389595217345194,0.0694396449816152,0.0343155011710271));
#4587=CARTESIAN_POINT('',(-0.0382817376072979,0.0857591449816152,0.0367634));
#4588=CARTESIAN_POINT('',(-0.038281737607298,0.100320813384319,0.0342234));
#4589=CARTESIAN_POINT('',(-0.038281737607298,0.100970443431676,0.0342234));
#4590=CARTESIAN_POINT('',(-0.0385301384877593,0.101604623468419,0.0341966118012116));
#4591=CARTESIAN_POINT('',(-0.0389595217345194,0.102078644981615,0.0343155011710272));
#4592=CARTESIAN_POINT('',(-0.0389595217345194,0.102078644981615,0.0343155011710271));
#4593=CARTESIAN_POINT('',(-0.0382817376072979,0.102078644981615,0.0367634));
#4594=CARTESIAN_POINT('',(-0.0442052550183854,0.102078644981615,0.0367634));
#4595=CARTESIAN_POINT('',(-0.0389595217345194,0.102078644981615,0.0343155011710271));
#4596=CARTESIAN_POINT('',(-0.039108526181437,0.10224313978651,0.034356758124873));
#4597=CARTESIAN_POINT('',(-0.0392728285189633,0.102382836608818,0.0344143320455688));
#4598=CARTESIAN_POINT('',(-0.0394476330806564,0.102499379811809,0.0344972935986174));
#4599=CARTESIAN_POINT('',(-0.00257997242947281,-0.282365266406437,0.0367634));
#4600=CARTESIAN_POINT('',(-0.00257997242947281,0.102078644981615,0.0367634));
#4601=CARTESIAN_POINT('',(-0.00190218830225132,0.102078644981615,0.0343155011710271));
#4602=CARTESIAN_POINT('',(-0.00190218830225132,0.102078644981615,0.0343155011710272));
#4603=CARTESIAN_POINT('',(-0.00233133898221639,0.101604880212633,0.0341966761952463));
#4604=CARTESIAN_POINT('',(-0.00257997242947282,0.100969892643765,0.0342234));
#4605=CARTESIAN_POINT('',(-0.00257997242947282,0.100320813384319,0.0342234));
#4606=CARTESIAN_POINT('',(0.00334354498161474,0.102078644981615,0.0367634));
#4607=CARTESIAN_POINT('',(-0.00141407695611437,0.102499379811809,0.0344972935986174));
#4608=CARTESIAN_POINT('',(-0.00158888151780743,0.102382836608818,0.0344143320455689));
#4609=CARTESIAN_POINT('',(-0.00175318385533384,0.10224313978651,0.0343567581248729));
#4610=CARTESIAN_POINT('',(-0.00190218830225132,0.102078644981615,0.0343155011710271));
#4611=CARTESIAN_POINT('',(-0.00257997242947281,-0.282365266406437,0.0367634));
#4612=CARTESIAN_POINT('',(-0.00257997242947281,0.0711974765789112,0.0342234));
#4613=CARTESIAN_POINT('',(-0.00257997242947281,0.0705478465315543,0.0342234));
#4614=CARTESIAN_POINT('',(-0.00233157154901146,0.0699136664948115,0.0341966118012116));
#4615=CARTESIAN_POINT('',(-0.00190218830225134,0.0694396449816152,0.0343155011710271));
#4616=CARTESIAN_POINT('',(-0.00190218830225134,0.0694396449816152,0.0343155011710271));
#4617=CARTESIAN_POINT('',(-0.00257997242947281,0.0694396449816152,0.0367634));
#4618=CARTESIAN_POINT('',(0.00334354498161473,0.0694396449816152,0.0367634));
#4619=CARTESIAN_POINT('',(-0.00190218830225134,0.0694396449816152,0.0343155011710271));
#4620=CARTESIAN_POINT('',(-0.00175318385533378,0.0692751501767206,0.034356758124873));
#4621=CARTESIAN_POINT('',(-0.00158888151780752,0.0691354533544126,0.0344143320455688));
#4622=CARTESIAN_POINT('',(-0.00141407695611435,0.0690189101514214,0.0344972935986174));
#4623=CARTESIAN_POINT('',(3.838576527847E-5,0.100320813384319,0.0331058));
#4624=CARTESIAN_POINT('',(3.838576527847E-5,0.100320813384319,0.0318358));
#4625=CARTESIAN_POINT('',(-0.0409000958020493,0.100320813384319,0.0331058));
#4626=CARTESIAN_POINT('',(-0.0409000958020493,0.100320813384319,0.0318358));
#4627=CARTESIAN_POINT('',(3.83857652784788E-5,0.0711974765789112,0.0331058));
#4628=CARTESIAN_POINT('',(3.83857652784788E-5,0.0711974765789112,0.0318358));
#4629=CARTESIAN_POINT('',(-0.0409000958020493,0.0711974765789111,0.0331058));
#4630=CARTESIAN_POINT('',(-0.0409000958020493,0.0711974765789111,0.0318358));
#4631=CARTESIAN_POINT('',(-0.0365647489217382,-0.282365266406437,0.0342131886855597));
#4632=CARTESIAN_POINT('',(-0.00429696111503256,0.0857591449816151,0.0342131886855597));
#4633=CARTESIAN_POINT('',(-0.0204308550183854,0.0857591449816152,0.0318358));
#4634=CARTESIAN_POINT('',(-0.0204308550183854,0.0857591449816152,0.0318358));
#4635=CARTESIAN_POINT('',(-0.0204308550183854,0.0857591449816152,0.0318358));
#4636=CARTESIAN_POINT('',(-0.0204308550183854,0.0857591449816152,0.0318358));
#4637=MECHANICAL_DESIGN_GEOMETRIC_PRESENTATION_REPRESENTATION('',(#2642),
#4638);
#4638=(
GEOMETRIC_REPRESENTATION_CONTEXT(3)
GLOBAL_UNCERTAINTY_ASSIGNED_CONTEXT((#4639))
GLOBAL_UNIT_ASSIGNED_CONTEXT((#4642,#4641,#4640))
REPRESENTATION_CONTEXT('DEXI 3 Battery Mount','TOP_LEVEL_ASSEMBLY_PART')
);
#4639=UNCERTAINTY_MEASURE_WITH_UNIT(LENGTH_MEASURE(2.E-5),#4642,
'DISTANCE_ACCURACY_VALUE','Maximum Tolerance applied to model');
#4640=(
NAMED_UNIT(*)
SI_UNIT($,.STERADIAN.)
SOLID_ANGLE_UNIT()
);
#4641=(
NAMED_UNIT(*)
PLANE_ANGLE_UNIT()
SI_UNIT($,.RADIAN.)
);
#4642=(
LENGTH_UNIT()
NAMED_UNIT(*)
SI_UNIT($,.METRE.)
);
#4643=PRODUCT_DEFINITION_SHAPE('','',#4644);
#4644=PRODUCT_DEFINITION('','',#4646,#4645);
#4645=PRODUCT_DEFINITION_CONTEXT('',#4652,'design');
#4646=PRODUCT_DEFINITION_FORMATION_WITH_SPECIFIED_SOURCE('','',#4648,
 .NOT_KNOWN.);
#4647=PRODUCT_RELATED_PRODUCT_CATEGORY('','',(#4648));
#4648=PRODUCT('DEXI 3 Battery Mount','DEXI 3 Battery Mount',
'DEXI 3 Battery Mount',(#4650));
#4649=PRODUCT_CATEGORY('','');
#4650=PRODUCT_CONTEXT('',#4652,'mechanical');
#4651=APPLICATION_PROTOCOL_DEFINITION('international standard',
'ap242_managed_model_based_3d_engineering',2020,#4652);
#4652=APPLICATION_CONTEXT('managed model based 3d engineering');
ENDSEC;
END-ISO-10303-21;
