ISO-10303-21;
HEADER;
/* Generated by software containing ST-Developer
 * from STEP Tools, Inc. (www.steptools.com) 
 */
/* OPTION: using custom renumber hook */

FILE_DESCRIPTION(
/* description */ ('STEP AP242 Edition 2',
'CAx-IF Rec.Pracs.---Representation and Presentation of Product Manufa
cturing Information (PMI)---4.0---2014-10-13',
'CAx-IF Rec.Pracs.---3D Tessellated Geometry---0.4---2014-09-14','2;1',
'CAx-IF Rec.Pracs.---User Defined Attributes---1.5---2016-08-15'),
/* implementation_level */ '2;1');

FILE_NAME(
/* name */ 'dexi parts - Part 19',
/* time_stamp */ '2026-07-21T17:59:02Z',
/* author */ (''),
/* organization */ (''),
/* preprocessor_version */ 'ST-DEVELOPER v20',
/* originating_system */ 'ONSHAPE BY PTC INC, 1.218',
/* authorisation */ '  ');

FILE_SCHEMA (('AP242_MANAGED_MODEL_BASED_3D_ENGINEERING_MIM_LF { 1 0 10303 442 3 1 4 }'));
ENDSEC;

DATA;
#10=SHAPE_REPRESENTATION_RELATIONSHIP('','',#5442,#11);
#11=ADVANCED_BREP_SHAPE_REPRESENTATION('',(#5440),#9772);
#12=SPHERICAL_SURFACE('',#5807,0.000381);
#13=SPHERICAL_SURFACE('',#5822,0.000381);
#14=SPHERICAL_SURFACE('',#5860,0.000381);
#15=SPHERICAL_SURFACE('',#5871,0.000381);
#16=SPHERICAL_SURFACE('',#5911,0.000254);
#17=SPHERICAL_SURFACE('',#5918,0.000254);
#18=SPHERICAL_SURFACE('',#5927,0.000254);
#19=SPHERICAL_SURFACE('',#5934,0.000254);
#20=(
BOUNDED_SURFACE()
B_SPLINE_SURFACE(3,2,((#8449,#8450,#8451),(#8452,#8453,#8454),(#8455,#8456,
#8457),(#8458,#8459,#8460)),.UNSPECIFIED.,.F.,.F.,.F.)
B_SPLINE_SURFACE_WITH_KNOTS((4,4),(3,3),(-6.76166379584882E-6,0.000480977123679684),
(0.,1.),.PIECEWISE_BEZIER_KNOTS.)
GEOMETRIC_REPRESENTATION_ITEM()
RATIONAL_B_SPLINE_SURFACE(((1.,1.,1.),(1.,0.999999999984089,1.),(1.,0.992190615004437,
1.),(1.,0.976634202419244,1.)))
REPRESENTATION_ITEM('')
SURFACE()
);
#21=(
BOUNDED_SURFACE()
B_SPLINE_SURFACE(3,2,((#8467,#8468,#8469),(#8470,#8471,#8472),(#8473,#8474,
#8475),(#8476,#8477,#8478),(#8479,#8480,#8481),(#8482,#8483,#8484),(#8485,
#8486,#8487)),.UNSPECIFIED.,.F.,.F.,.F.)
B_SPLINE_SURFACE_WITH_KNOTS((4,1,1,1,4),(3,3),(-8.0766285586592E-17,0.000839295946990585,
0.00167859189398125,0.00251788784097192,0.00335718378796258),(0.,1.),
 .UNSPECIFIED.)
GEOMETRIC_REPRESENTATION_ITEM()
RATIONAL_B_SPLINE_SURFACE(((1.,0.976634202419354,1.),(1.,0.962871859986314,
1.),(1.,0.926572575249199,1.),(1.,0.864577929153551,1.),(1.,0.792397890350867,
1.),(1.,0.737157567479488,1.),(1.,0.707106781186548,1.)))
REPRESENTATION_ITEM('')
SURFACE()
);
#22=(
BOUNDED_SURFACE()
B_SPLINE_SURFACE(3,2,((#8500,#8501,#8502),(#8503,#8504,#8505),(#8506,#8507,
#8508),(#8509,#8510,#8511),(#8512,#8513,#8514),(#8515,#8516,#8517),(#8518,
#8519,#8520)),.UNSPECIFIED.,.F.,.F.,.F.)
B_SPLINE_SURFACE_WITH_KNOTS((4,1,1,1,4),(3,3),(-2.76471553983804E-17,0.0008392959469905,
0.00167859189398103,0.00251788784097155,0.00335718378796208),(0.,1.),
 .UNSPECIFIED.)
GEOMETRIC_REPRESENTATION_ITEM()
RATIONAL_B_SPLINE_SURFACE(((1.,0.976634202419342,1.),(1.,0.962871859989351,
1.),(1.,0.92657257524772,1.),(1.,0.864577929154169,1.),(1.,0.792397890349897,
1.),(1.,0.737157567481363,1.),(1.,0.70710678118656,1.)))
REPRESENTATION_ITEM('')
SURFACE()
);
#23=(
BOUNDED_SURFACE()
B_SPLINE_SURFACE(3,2,((#8529,#8530,#8531),(#8532,#8533,#8534),(#8535,#8536,
#8537),(#8538,#8539,#8540)),.UNSPECIFIED.,.F.,.F.,.F.)
B_SPLINE_SURFACE_WITH_KNOTS((4,4),(3,3),(-6.76166379579535E-6,0.000480977123679825),
(0.,1.),.PIECEWISE_BEZIER_KNOTS.)
GEOMETRIC_REPRESENTATION_ITEM()
RATIONAL_B_SPLINE_SURFACE(((1.,1.,1.),(1.,0.999999999984089,1.),(1.,0.992190615004417,
1.),(1.,0.976634202419231,1.)))
REPRESENTATION_ITEM('')
SURFACE()
);
#24=(
BOUNDED_SURFACE()
B_SPLINE_SURFACE(3,2,((#9053,#9054,#9055),(#9056,#9057,#9058),(#9059,#9060,
#9061),(#9062,#9063,#9064)),.UNSPECIFIED.,.F.,.F.,.F.)
B_SPLINE_SURFACE_WITH_KNOTS((4,4),(3,3),(3.90312782094782E-18,0.00156117815589275),
(0.,1.),.PIECEWISE_BEZIER_KNOTS.)
GEOMETRIC_REPRESENTATION_ITEM()
RATIONAL_B_SPLINE_SURFACE(((1.,0.707106781186561,1.),(1.,0.774526490808205,
1.),(1.,0.842714815039327,1.),(1.,0.89487271984209,1.)))
REPRESENTATION_ITEM('')
SURFACE()
);
#25=(
BOUNDED_SURFACE()
B_SPLINE_SURFACE(3,2,((#9091,#9092,#9093),(#9094,#9095,#9096),(#9097,#9098,
#9099),(#9100,#9101,#9102)),.UNSPECIFIED.,.F.,.F.,.F.)
B_SPLINE_SURFACE_WITH_KNOTS((4,4),(3,3),(9.75781955236954E-19,0.00156117815589311),
(0.,1.),.PIECEWISE_BEZIER_KNOTS.)
GEOMETRIC_REPRESENTATION_ITEM()
RATIONAL_B_SPLINE_SURFACE(((1.,0.70710678118656,1.),(1.,0.774526490798169,
1.),(1.,0.842714814746007,1.),(1.,0.894872719842508,1.)))
REPRESENTATION_ITEM('')
SURFACE()
);
#26=(
BOUNDED_SURFACE()
B_SPLINE_SURFACE(3,2,((#9125,#9126,#9127),(#9128,#9129,#9130),(#9131,#9132,
#9133),(#9134,#9135,#9136),(#9137,#9138,#9139)),.UNSPECIFIED.,.F.,.F.,.F.)
B_SPLINE_SURFACE_WITH_KNOTS((4,1,4),(3,3),(3.90312782094782E-18,0.00109887993592081,
0.00219775987184161),(0.,1.),.UNSPECIFIED.)
GEOMETRIC_REPRESENTATION_ITEM()
RATIONAL_B_SPLINE_SURFACE(((1.,0.707106781186561,1.),(1.,0.754562073786697,
1.),(1.,0.848339797483358,1.),(1.,0.926749534828957,1.),(1.,0.945487058960449,
1.)))
REPRESENTATION_ITEM('')
SURFACE()
);
#27=(
BOUNDED_SURFACE()
B_SPLINE_SURFACE(3,2,((#9143,#9144,#9145),(#9146,#9147,#9148),(#9149,#9150,
#9151),(#9152,#9153,#9154),(#9155,#9156,#9157)),.UNSPECIFIED.,.F.,.F.,.F.)
B_SPLINE_SURFACE_WITH_KNOTS((4,1,4),(3,3),(9.75781955236954E-19,0.00109887993592106,
0.00219775987184212),(0.,1.),.UNSPECIFIED.)
GEOMETRIC_REPRESENTATION_ITEM()
RATIONAL_B_SPLINE_SURFACE(((1.,0.70710678118656,1.),(1.,0.754562073779633,
1.),(1.,0.848339797487277,1.),(1.,0.92674953482831,1.),(1.,0.945487058960504,
1.)))
REPRESENTATION_ITEM('')
SURFACE()
);
#28=(
BOUNDED_SURFACE()
B_SPLINE_SURFACE(3,2,((#9264,#9265,#9266),(#9267,#9268,#9269),(#9270,#9271,
#9272),(#9273,#9274,#9275)),.UNSPECIFIED.,.F.,.F.,.F.)
B_SPLINE_SURFACE_WITH_KNOTS((4,4),(3,3),(0.00286279501622192,0.00335436478597586),
(0.,1.),.PIECEWISE_BEZIER_KNOTS.)
GEOMETRIC_REPRESENTATION_ITEM()
RATIONAL_B_SPLINE_SURFACE(((1.,0.70710678118656,1.),(1.,0.743080583853069,
1.),(1.,0.780597201503663,1.),(1.,0.816648184410866,1.)))
REPRESENTATION_ITEM('')
SURFACE()
);
#29=(
BOUNDED_SURFACE()
B_SPLINE_SURFACE(3,2,((#9280,#9281,#9282),(#9283,#9284,#9285),(#9286,#9287,
#9288),(#9289,#9290,#9291)),.UNSPECIFIED.,.F.,.F.,.F.)
B_SPLINE_SURFACE_WITH_KNOTS((4,4),(3,3),(0.00286279501622193,0.00335436478597735),
(0.,1.),.PIECEWISE_BEZIER_KNOTS.)
GEOMETRIC_REPRESENTATION_ITEM()
RATIONAL_B_SPLINE_SURFACE(((1.,0.70710678118656,1.),(1.,0.743080583854791,
1.),(1.,0.780597201505544,1.),(1.,0.816648184411189,1.)))
REPRESENTATION_ITEM('')
SURFACE()
);
#30=(
BOUNDED_SURFACE()
B_SPLINE_SURFACE(3,2,((#9297,#9298,#9299),(#9300,#9301,#9302),(#9303,#9304,
#9305),(#9306,#9307,#9308)),.UNSPECIFIED.,.F.,.F.,.F.)
B_SPLINE_SURFACE_WITH_KNOTS((4,4),(3,3),(-2.19008838842072E-17,0.00179308916836921),
(0.,1.),.PIECEWISE_BEZIER_KNOTS.)
GEOMETRIC_REPRESENTATION_ITEM()
RATIONAL_B_SPLINE_SURFACE(((1.,0.707106781186548,1.),(1.,0.743701400798523,
1.),(1.,0.794857142343435,1.),(1.,0.853453148374144,1.)))
REPRESENTATION_ITEM('')
SURFACE()
);
#31=(
BOUNDED_SURFACE()
B_SPLINE_SURFACE(3,2,((#9313,#9314,#9315),(#9316,#9317,#9318),(#9319,#9320,
#9321),(#9322,#9323,#9324)),.UNSPECIFIED.,.F.,.F.,.F.)
B_SPLINE_SURFACE_WITH_KNOTS((4,4),(3,3),(0.00362625630788566,0.0043128491618386),
(0.,1.),.PIECEWISE_BEZIER_KNOTS.)
GEOMETRIC_REPRESENTATION_ITEM()
RATIONAL_B_SPLINE_SURFACE(((1.,0.707106781186557,1.),(1.,0.757809729192675,
1.),(1.,0.802244970418624,1.),(1.,0.843123909405328,1.)))
REPRESENTATION_ITEM('')
SURFACE()
);
#32=(
BOUNDED_SURFACE()
B_SPLINE_SURFACE(3,2,((#9326,#9327,#9328),(#9329,#9330,#9331),(#9332,#9333,
#9334),(#9335,#9336,#9337)),.UNSPECIFIED.,.F.,.F.,.F.)
B_SPLINE_SURFACE_WITH_KNOTS((4,4),(3,3),(0.00362625630788517,0.00431284916185051),
(0.,1.),.PIECEWISE_BEZIER_KNOTS.)
GEOMETRIC_REPRESENTATION_ITEM()
RATIONAL_B_SPLINE_SURFACE(((1.,0.707106781186567,1.),(1.,0.757809729196114,
1.),(1.,0.802244970424155,1.),(1.,0.843123909407543,1.)))
REPRESENTATION_ITEM('')
SURFACE()
);
#33=(
BOUNDED_SURFACE()
B_SPLINE_SURFACE(3,2,((#9343,#9344,#9345),(#9346,#9347,#9348),(#9349,#9350,
#9351),(#9352,#9353,#9354)),.UNSPECIFIED.,.F.,.F.,.F.)
B_SPLINE_SURFACE_WITH_KNOTS((4,4),(3,3),(-3.64291929955129E-17,0.0026284071377056),
(0.,1.),.PIECEWISE_BEZIER_KNOTS.)
GEOMETRIC_REPRESENTATION_ITEM()
RATIONAL_B_SPLINE_SURFACE(((1.,0.707106781186548,1.),(1.,0.774192442266058,
1.),(1.,0.831344201726271,1.),(1.,0.887792446919322,1.)))
REPRESENTATION_ITEM('')
SURFACE()
);
#34=(
BOUNDED_SURFACE()
B_SPLINE_SURFACE(3,2,((#9358,#9359,#9360),(#9361,#9362,#9363),(#9364,#9365,
#9366),(#9367,#9368,#9369)),.UNSPECIFIED.,.F.,.F.,.F.)
B_SPLINE_SURFACE_WITH_KNOTS((4,4),(3,3),(-3.56702514747731E-17,0.00179308916836928),
(0.,1.),.PIECEWISE_BEZIER_KNOTS.)
GEOMETRIC_REPRESENTATION_ITEM()
RATIONAL_B_SPLINE_SURFACE(((1.,0.707106781186548,1.),(1.,0.743701400798524,
1.),(1.,0.794857142339282,1.),(1.,0.853453148374156,1.)))
REPRESENTATION_ITEM('')
SURFACE()
);
#35=(
BOUNDED_SURFACE()
B_SPLINE_SURFACE(3,2,((#9374,#9375,#9376),(#9377,#9378,#9379),(#9380,#9381,
#9382),(#9383,#9384,#9385)),.UNSPECIFIED.,.F.,.F.,.F.)
B_SPLINE_SURFACE_WITH_KNOTS((4,4),(3,3),(4.97648797170847E-17,0.00262840713770567),
(0.,1.),.PIECEWISE_BEZIER_KNOTS.)
GEOMETRIC_REPRESENTATION_ITEM()
RATIONAL_B_SPLINE_SURFACE(((1.,0.707106781186555,1.),(1.,0.774192442256866,
1.),(1.,0.831344201735892,1.),(1.,0.887792446919325,1.)))
REPRESENTATION_ITEM('')
SURFACE()
);
#36=(
BOUNDED_SURFACE()
B_SPLINE_SURFACE(3,2,((#9388,#9389,#9390),(#9391,#9392,#9393),(#9394,#9395,
#9396),(#9397,#9398,#9399),(#9400,#9401,#9402),(#9403,#9404,#9405)),
 .UNSPECIFIED.,.F.,.F.,.F.)
B_SPLINE_SURFACE_WITH_KNOTS((4,1,1,4),(3,3),(6.28318530717959,6.67588438887831,
7.06858347057703,7.85398163397448),(0.,1.),.UNSPECIFIED.)
GEOMETRIC_REPRESENTATION_ITEM()
RATIONAL_B_SPLINE_SURFACE(((1.,0.707106781186561,1.),(1.,0.707106781414851,
1.),(1.,0.746332197531584,1.),(1.,0.911046408301273,1.),(1.,0.999999999958817,
1.),(1.,1.,1.)))
REPRESENTATION_ITEM('')
SURFACE()
);
#37=(
BOUNDED_SURFACE()
B_SPLINE_SURFACE(3,2,((#9410,#9411,#9412),(#9413,#9414,#9415),(#9416,#9417,
#9418),(#9419,#9420,#9421),(#9422,#9423,#9424),(#9425,#9426,#9427)),
 .UNSPECIFIED.,.F.,.F.,.F.)
B_SPLINE_SURFACE_WITH_KNOTS((4,1,1,4),(3,3),(1.5707963267949,2.35619449019234,
2.74889357189107,3.14159265358979),(0.,1.),.UNSPECIFIED.)
GEOMETRIC_REPRESENTATION_ITEM()
RATIONAL_B_SPLINE_SURFACE(((1.,1.,1.),(1.,0.999999999958817,1.),(1.,0.911046408301893,
1.),(1.,0.74633219753055,1.),(1.,0.707106781417086,1.),(1.,0.707106781186548,
1.)))
REPRESENTATION_ITEM('')
SURFACE()
);
#38=(
BOUNDED_SURFACE()
B_SPLINE_SURFACE(3,2,((#9599,#9600,#9601),(#9602,#9603,#9604),(#9605,#9606,
#9607),(#9608,#9609,#9610),(#9611,#9612,#9613)),.UNSPECIFIED.,.F.,.F.,.F.)
B_SPLINE_SURFACE_WITH_KNOTS((4,1,4),(3,3),(1.81468338619761E-17,0.000737867866762413,
0.00147573573352481),(0.,1.),.UNSPECIFIED.)
GEOMETRIC_REPRESENTATION_ITEM()
RATIONAL_B_SPLINE_SURFACE(((1.,0.707106781186548,1.),(1.,0.799221831696348,
1.),(1.,0.945877124803304,1.),(1.,1.0000000000289,1.),(1.,1.,1.)))
REPRESENTATION_ITEM('')
SURFACE()
);
#39=(
BOUNDED_SURFACE()
B_SPLINE_SURFACE(3,2,((#9618,#9619,#9620),(#9621,#9622,#9623),(#9624,#9625,
#9626),(#9627,#9628,#9629),(#9630,#9631,#9632)),.UNSPECIFIED.,.F.,.F.,.F.)
B_SPLINE_SURFACE_WITH_KNOTS((4,1,4),(3,3),(8.13151629364128E-18,0.000737870868578999,
0.00147574173715799),(0.,1.),.UNSPECIFIED.)
GEOMETRIC_REPRESENTATION_ITEM()
RATIONAL_B_SPLINE_SURFACE(((1.,0.707106781186548,1.),(1.,0.799222074329948,
1.),(1.,0.945877346850691,1.),(1.,1.00000000002897,1.),(1.,1.,1.)))
REPRESENTATION_ITEM('')
SURFACE()
);
#40=(
BOUNDED_SURFACE()
B_SPLINE_SURFACE(3,2,((#9642,#9643,#9644),(#9645,#9646,#9647),(#9648,#9649,
#9650),(#9651,#9652,#9653),(#9654,#9655,#9656)),.UNSPECIFIED.,.F.,.F.,.F.)
B_SPLINE_SURFACE_WITH_KNOTS((4,1,4),(3,3),(0.38489334445753,0.981381325633184,
1.57786930680884),(0.,1.),.UNSPECIFIED.)
GEOMETRIC_REPRESENTATION_ITEM()
RATIONAL_B_SPLINE_SURFACE(((1.,0.708100710448569,1.),(1.,0.708020710264052,
1.),(1.,0.707739488043264,1.),(1.,0.707312559664901,1.),(1.,0.707099190908571,
1.)))
REPRESENTATION_ITEM('')
SURFACE()
);
#41=(
BOUNDED_SURFACE()
B_SPLINE_SURFACE(3,2,((#9664,#9665,#9666),(#9667,#9668,#9669),(#9670,#9671,
#9672),(#9673,#9674,#9675),(#9676,#9677,#9678)),.UNSPECIFIED.,.F.,.F.,.F.)
B_SPLINE_SURFACE_WITH_KNOTS((4,1,4),(3,3),(-1.03812358015487E-17,0.000737870868578978,
0.00147574173715797),(0.,1.),.UNSPECIFIED.)
GEOMETRIC_REPRESENTATION_ITEM()
RATIONAL_B_SPLINE_SURFACE(((1.,0.707106781186548,1.),(1.,0.799222074324982,
1.),(1.,0.945877346853176,1.),(1.,1.00000000002897,1.),(1.,1.,1.)))
REPRESENTATION_ITEM('')
SURFACE()
);
#42=(
BOUNDED_SURFACE()
B_SPLINE_SURFACE(3,2,((#9683,#9684,#9685),(#9686,#9687,#9688),(#9689,#9690,
#9691),(#9692,#9693,#9694),(#9695,#9696,#9697)),.UNSPECIFIED.,.F.,.F.,.F.)
B_SPLINE_SURFACE_WITH_KNOTS((4,1,4),(3,3),(1.56372334678095,2.16021132795663,
2.7566993091323),(0.,1.),.UNSPECIFIED.)
GEOMETRIC_REPRESENTATION_ITEM()
RATIONAL_B_SPLINE_SURFACE(((1.,0.707099190908574,1.),(1.,0.707312559662869,
1.),(1.,0.707739488041349,1.),(1.,0.708020710269914,1.),(1.,0.70810071044856,
1.)))
REPRESENTATION_ITEM('')
SURFACE()
);
#43=(
BOUNDED_SURFACE()
B_SPLINE_SURFACE(3,2,((#9709,#9710,#9711),(#9712,#9713,#9714),(#9715,#9716,
#9717),(#9718,#9719,#9720),(#9721,#9722,#9723)),.UNSPECIFIED.,.F.,.F.,.F.)
B_SPLINE_SURFACE_WITH_KNOTS((4,1,4),(3,3),(1.10182045778839E-17,0.000737867866762471,
0.00147573573352493),(0.,1.),.UNSPECIFIED.)
GEOMETRIC_REPRESENTATION_ITEM()
RATIONAL_B_SPLINE_SURFACE(((1.,0.707106781186548,1.),(1.,0.799221831698928,
1.),(1.,0.945877124802021,1.),(1.,1.00000000002889,1.),(1.,1.,1.)))
REPRESENTATION_ITEM('')
SURFACE()
);
#44=TOROIDAL_SURFACE('',#5500,0.0052809521,0.0017190466);
#45=TOROIDAL_SURFACE('',#5503,0.0052809521,0.0017190466);
#46=TOROIDAL_SURFACE('',#5655,0.0127653010966496,0.00127);
#47=TOROIDAL_SURFACE('',#5656,0.0127653010966496,0.00127);
#48=TOROIDAL_SURFACE('',#5659,0.042413,0.002413);
#49=TOROIDAL_SURFACE('',#5662,0.042413,0.002413);
#50=TOROIDAL_SURFACE('',#5663,0.00343809591600973,0.0017190466);
#51=TOROIDAL_SURFACE('',#5667,0.0052809521,0.0017190466);
#52=TOROIDAL_SURFACE('',#5669,0.00343809591600973,0.0017190466);
#53=TOROIDAL_SURFACE('',#5673,0.00343809591600973,0.0017190466);
#54=TOROIDAL_SURFACE('',#5675,0.00343809591600973,0.0017190466);
#55=TOROIDAL_SURFACE('',#5678,0.0052809521,0.0017190466);
#56=TOROIDAL_SURFACE('',#5800,0.00170391483246541,0.000381);
#57=TOROIDAL_SURFACE('',#5809,0.00423148016345286,0.000381);
#58=TOROIDAL_SURFACE('',#5813,0.00170391483246541,0.000381);
#59=TOROIDAL_SURFACE('',#5815,0.0023886239794626,0.000381);
#60=TOROIDAL_SURFACE('',#5824,0.0023886239794626,0.000381);
#61=TOROIDAL_SURFACE('',#5826,0.00423148016345286,0.000381);
#62=TOROIDAL_SURFACE('',#5858,0.0486536159020752,0.000245284097937107);
#63=TOROIDAL_SURFACE('',#5859,0.0486536159020725,0.000245284097937107);
#64=TOROIDAL_SURFACE('',#5873,0.00318090550000001,0.000381);
#65=TOROIDAL_SURFACE('',#5906,0.00759906181323986,0.000254);
#66=TOROIDAL_SURFACE('',#5914,0.00759906181323986,0.000254);
#67=TOROIDAL_SURFACE('',#5923,0.00759906181323986,0.000254);
#68=TOROIDAL_SURFACE('',#5932,0.00759906181323986,0.000254);
#69=TOROIDAL_SURFACE('',#5941,0.0023638002,0.0002286);
#70=TOROIDAL_SURFACE('',#5948,0.0023638002,0.0002286);
#71=TOROIDAL_SURFACE('',#5957,0.00292173508605142,0.001016);
#72=TOROIDAL_SURFACE('',#5959,0.00241890550000001,0.001016);
#73=TOROIDAL_SURFACE('',#5962,0.00292173508605138,0.001016);
#74=ELLIPSE('',#5499,0.00294851483246539,0.0020849148324654);
#75=ELLIPSE('',#5576,0.00104065229381132,0.00073585229381132);
#76=ELLIPSE('',#5580,0.0032690177917903,0.00196227278349685);
#77=ELLIPSE('',#5583,0.00326901779179033,0.00196227278349685);
#78=ELLIPSE('',#5587,0.00104065229381132,0.00073585229381132);
#79=ELLIPSE('',#5593,0.00211573672656016,0.00127);
#80=ELLIPSE('',#5595,0.000740530890645357,0.000381);
#81=ELLIPSE('',#5596,0.0014810617812907,0.00127);
#82=ELLIPSE('',#5602,0.0014810617812907,0.00127);
#83=ELLIPSE('',#5603,0.000740530890645357,0.000381);
#84=ELLIPSE('',#5605,0.00211573672656013,0.00127);
#85=ELLIPSE('',#5607,0.00294851483246539,0.0020849148324654);
#86=ELLIPSE('',#5620,0.00196314160892302,0.00196227278349685);
#87=ELLIPSE('',#5623,0.00196314160892302,0.00196227278349685);
#88=ELLIPSE('',#5633,0.000258359968064003,0.000254);
#89=ELLIPSE('',#5647,0.000258359968064003,0.000254);
#90=ELLIPSE('',#5838,0.00213519878564833,0.00213518894978726);
#91=ELLIPSE('',#5839,0.00236381108897091,0.0023638002);
#92=ELLIPSE('',#5848,0.00236381108897091,0.0023638002);
#93=ELLIPSE('',#5849,0.00213519878564833,0.00213518894978726);
#94=ELLIPSE('',#5853,0.00213521225476575,0.0021352002);
#95=ELLIPSE('',#5857,0.00213521225476575,0.0021352002);
#96=ELLIPSE('',#5876,0.00155023256319818,0.00127);
#97=ELLIPSE('',#5877,0.00155023256319818,0.00127);
#98=ELLIPSE('',#5880,0.00155023256319818,0.00127);
#99=ELLIPSE('',#5881,0.00155023256319818,0.00127);
#100=CYLINDRICAL_SURFACE('',#5484,0.00356190550000001);
#101=CYLINDRICAL_SURFACE('',#5497,0.0020849148324654);
#102=CYLINDRICAL_SURFACE('',#5555,0.0114953010966496);
#103=CYLINDRICAL_SURFACE('',#5557,0.0114953010966496);
#104=CYLINDRICAL_SURFACE('',#5571,0.0438354);
#105=CYLINDRICAL_SURFACE('',#5573,0.0438354);
#106=CYLINDRICAL_SURFACE('',#5577,0.04);
#107=CYLINDRICAL_SURFACE('',#5584,0.04);
#108=CYLINDRICAL_SURFACE('',#5598,0.00356190550000001);
#109=CYLINDRICAL_SURFACE('',#5609,0.0020849148324654);
#110=CYLINDRICAL_SURFACE('',#5611,0.00073585229381132);
#111=CYLINDRICAL_SURFACE('',#5612,0.00073585229381132);
#112=CYLINDRICAL_SURFACE('',#5613,0.00734506181323984);
#113=CYLINDRICAL_SURFACE('',#5614,0.00734506181323984);
#114=CYLINDRICAL_SURFACE('',#5615,0.00734506181323984);
#115=CYLINDRICAL_SURFACE('',#5616,0.00734506181323984);
#116=CYLINDRICAL_SURFACE('',#5617,0.0114953010966496);
#117=CYLINDRICAL_SURFACE('',#5618,0.0114953010966496);
#118=CYLINDRICAL_SURFACE('',#5619,0.00196227278349685);
#119=CYLINDRICAL_SURFACE('',#5621,0.00196227278349685);
#120=CYLINDRICAL_SURFACE('',#5622,0.00196227278349685);
#121=CYLINDRICAL_SURFACE('',#5624,0.00196227278349685);
#122=CYLINDRICAL_SURFACE('',#5625,0.00127);
#123=CYLINDRICAL_SURFACE('',#5627,0.00127);
#124=CYLINDRICAL_SURFACE('',#5635,0.0438989);
#125=CYLINDRICAL_SURFACE('',#5636,0.00255113798932778);
#126=CYLINDRICAL_SURFACE('',#5638,0.00167981982914658);
#127=CYLINDRICAL_SURFACE('',#5639,0.0488989000000124);
#128=CYLINDRICAL_SURFACE('',#5641,0.00468652266045667);
#129=CYLINDRICAL_SURFACE('',#5648,0.00468652266045661);
#130=CYLINDRICAL_SURFACE('',#5649,0.0488989000000096);
#131=CYLINDRICAL_SURFACE('',#5651,0.00167981982914661);
#132=CYLINDRICAL_SURFACE('',#5653,0.00255113798932779);
#133=CYLINDRICAL_SURFACE('',#5654,0.0438988999999995);
#134=CYLINDRICAL_SURFACE('',#5657,0.002413);
#135=CYLINDRICAL_SURFACE('',#5660,0.002413);
#136=CYLINDRICAL_SURFACE('',#5665,0.0017190466);
#137=CYLINDRICAL_SURFACE('',#5670,0.0017190466);
#138=CYLINDRICAL_SURFACE('',#5680,0.00190573508605137);
#139=CYLINDRICAL_SURFACE('',#5683,0.00190573508605142);
#140=CYLINDRICAL_SURFACE('',#5685,0.00343490550000001);
#141=CYLINDRICAL_SURFACE('',#5694,0.00334377528026137);
#142=CYLINDRICAL_SURFACE('',#5701,0.00343907557508167);
#143=CYLINDRICAL_SURFACE('',#5709,0.0701481163253815);
#144=CYLINDRICAL_SURFACE('',#5727,0.0701481163284253);
#145=CYLINDRICAL_SURFACE('',#5745,0.00334377528026625);
#146=CYLINDRICAL_SURFACE('',#5752,0.00343907557509339);
#147=CYLINDRICAL_SURFACE('',#5760,0.00334377528026447);
#148=CYLINDRICAL_SURFACE('',#5767,0.00343907557509399);
#149=CYLINDRICAL_SURFACE('',#5802,0.000381);
#150=CYLINDRICAL_SURFACE('',#5804,0.000381);
#151=CYLINDRICAL_SURFACE('',#5811,0.000381);
#152=CYLINDRICAL_SURFACE('',#5818,0.000381);
#153=CYLINDRICAL_SURFACE('',#5820,0.000381);
#154=CYLINDRICAL_SURFACE('',#5827,0.000381);
#155=CYLINDRICAL_SURFACE('',#5830,0.000381);
#156=CYLINDRICAL_SURFACE('',#5833,0.000381);
#157=CYLINDRICAL_SURFACE('',#5835,0.000381);
#158=CYLINDRICAL_SURFACE('',#5850,0.00213518894978726);
#159=CYLINDRICAL_SURFACE('',#5851,0.00213518894978726);
#160=CYLINDRICAL_SURFACE('',#5852,0.0021352002);
#161=CYLINDRICAL_SURFACE('',#5855,0.0021352002);
#162=CYLINDRICAL_SURFACE('',#5862,0.000381);
#163=CYLINDRICAL_SURFACE('',#5868,0.000381);
#164=CYLINDRICAL_SURFACE('',#5875,0.00127);
#165=CYLINDRICAL_SURFACE('',#5878,0.00127);
#166=CYLINDRICAL_SURFACE('',#5879,0.00127);
#167=CYLINDRICAL_SURFACE('',#5882,0.00127);
#168=CYLINDRICAL_SURFACE('',#5883,0.00734506181323986);
#169=CYLINDRICAL_SURFACE('',#5886,0.00734506181323986);
#170=CYLINDRICAL_SURFACE('',#5896,0.00734506181323986);
#171=CYLINDRICAL_SURFACE('',#5899,0.00734506181323986);
#172=CYLINDRICAL_SURFACE('',#5905,0.000254);
#173=CYLINDRICAL_SURFACE('',#5908,0.000254);
#174=CYLINDRICAL_SURFACE('',#5910,0.000254);
#175=CYLINDRICAL_SURFACE('',#5913,0.000254);
#176=CYLINDRICAL_SURFACE('',#5916,0.000254);
#177=CYLINDRICAL_SURFACE('',#5920,0.000254);
#178=CYLINDRICAL_SURFACE('',#5921,0.000254);
#179=CYLINDRICAL_SURFACE('',#5925,0.000254);
#180=CYLINDRICAL_SURFACE('',#5926,0.000254);
#181=CYLINDRICAL_SURFACE('',#5929,0.000254);
#182=CYLINDRICAL_SURFACE('',#5930,0.000254);
#183=CYLINDRICAL_SURFACE('',#5936,0.000254);
#184=CYLINDRICAL_SURFACE('',#5937,0.0002286);
#185=CYLINDRICAL_SURFACE('',#5939,0.0002286);
#186=CYLINDRICAL_SURFACE('',#5942,0.0002286);
#187=CYLINDRICAL_SURFACE('',#5943,0.0002286);
#188=CYLINDRICAL_SURFACE('',#5945,0.0002286);
#189=CYLINDRICAL_SURFACE('',#5947,0.0002286);
#190=CYLINDRICAL_SURFACE('',#5949,0.0002286);
#191=CYLINDRICAL_SURFACE('',#5950,0.0002286);
#192=CYLINDRICAL_SURFACE('',#5951,0.0002286);
#193=CYLINDRICAL_SURFACE('',#5952,0.0002286);
#194=CYLINDRICAL_SURFACE('',#5953,0.0002286);
#195=CYLINDRICAL_SURFACE('',#5954,0.0002286);
#196=CYLINDRICAL_SURFACE('',#5955,0.0002286);
#197=CYLINDRICAL_SURFACE('',#5956,0.0002286);
#198=CYLINDRICAL_SURFACE('',#5960,0.001016);
#199=B_SPLINE_CURVE_WITH_KNOTS('',3,(#7511,#7512,#7513,#7514),
 .UNSPECIFIED.,.F.,.F.,(4,4),(0.,0.00147573573352487),.UNSPECIFIED.);
#200=B_SPLINE_CURVE_WITH_KNOTS('',3,(#7518,#7519,#7520,#7521),
 .UNSPECIFIED.,.F.,.F.,(4,4),(4.38854183572088E-17,0.00147574173715789),
 .UNSPECIFIED.);
#201=B_SPLINE_CURVE_WITH_KNOTS('',3,(#7581,#7582,#7583,#7584),
 .UNSPECIFIED.,.F.,.F.,(4,4),(5.0037075531084E-17,0.00147574173715785),
 .UNSPECIFIED.);
#202=B_SPLINE_CURVE_WITH_KNOTS('',3,(#7588,#7589,#7590,#7591),
 .UNSPECIFIED.,.F.,.F.,(4,4),(0.,0.00147573573352486),.UNSPECIFIED.);
#203=B_SPLINE_CURVE_WITH_KNOTS('',3,(#7632,#7633,#7634,#7635),
 .UNSPECIFIED.,.F.,.F.,(4,4),(0.,0.00255289695665609),.UNSPECIFIED.);
#204=B_SPLINE_CURVE_WITH_KNOTS('',3,(#7637,#7638,#7639,#7640),
 .UNSPECIFIED.,.F.,.F.,(4,4),(0.,5.8556851702064E-5),.UNSPECIFIED.);
#205=B_SPLINE_CURVE_WITH_KNOTS('',3,(#7644,#7645,#7646,#7647),
 .UNSPECIFIED.,.F.,.F.,(4,4),(0.,1.91924885909153E-5),.UNSPECIFIED.);
#206=B_SPLINE_CURVE_WITH_KNOTS('',3,(#7649,#7650,#7651,#7652),
 .UNSPECIFIED.,.F.,.F.,(4,4),(-4.9205168979705E-7,0.000430233002305992),
 .UNSPECIFIED.);
#207=B_SPLINE_CURVE_WITH_KNOTS('',3,(#7661,#7662,#7663,#7664),
 .UNSPECIFIED.,.F.,.F.,(4,4),(0.,0.0003278026393244),.UNSPECIFIED.);
#208=B_SPLINE_CURVE_WITH_KNOTS('',3,(#7713,#7714,#7715,#7716),
 .UNSPECIFIED.,.F.,.F.,(4,4),(0.,0.00187060431192702),.UNSPECIFIED.);
#209=B_SPLINE_CURVE_WITH_KNOTS('',3,(#7720,#7721,#7722,#7723,#7724),
 .UNSPECIFIED.,.F.,.F.,(4,1,4),(0.,0.0012827375178657,0.0025654750357314),
 .UNSPECIFIED.);
#210=B_SPLINE_CURVE_WITH_KNOTS('',3,(#7735,#7736,#7737,#7738),
 .UNSPECIFIED.,.F.,.F.,(4,4),(0.,0.00184420781108956),.UNSPECIFIED.);
#211=B_SPLINE_CURVE_WITH_KNOTS('',3,(#8004,#8005,#8006,#8007),
 .UNSPECIFIED.,.F.,.F.,(4,4),(0.,0.000282081014192587),.UNSPECIFIED.);
#212=B_SPLINE_CURVE_WITH_KNOTS('',3,(#8016,#8017,#8018,#8019),
 .UNSPECIFIED.,.F.,.F.,(4,4),(0.,0.00028204038462089),.UNSPECIFIED.);
#213=B_SPLINE_CURVE_WITH_KNOTS('',3,(#8104,#8105,#8106,#8107,#8108,#8109,
#8110),.UNSPECIFIED.,.F.,.F.,(4,1,1,1,4),(0.,0.00130465894616896,0.00260931789233793,
0.00391397683850689,0.00521863578467585),.UNSPECIFIED.);
#214=B_SPLINE_CURVE_WITH_KNOTS('',3,(#8123,#8124,#8125,#8126,#8127,#8128),
 .UNSPECIFIED.,.F.,.F.,(4,1,1,4),(0.,0.00167872644706593,0.0025180896705989,
0.00335745289413186),.UNSPECIFIED.);
#215=B_SPLINE_CURVE_WITH_KNOTS('',3,(#8147,#8148,#8149,#8150,#8151,#8152),
 .UNSPECIFIED.,.F.,.F.,(4,1,1,4),(0.,0.000839295946990673,0.00167859189398135,
0.00335718378796269),.UNSPECIFIED.);
#216=B_SPLINE_CURVE_WITH_KNOTS('',3,(#8165,#8166,#8167,#8168,#8169,#8170,
#8171),.UNSPECIFIED.,.F.,.F.,(4,1,1,1,4),(0.,0.00128991830188274,0.00257983660376547,
0.00386975490564821,0.00515967320753094),.UNSPECIFIED.);
#217=B_SPLINE_CURVE_WITH_KNOTS('',3,(#8196,#8197,#8198,#8199),
 .UNSPECIFIED.,.F.,.F.,(4,4),(0.,0.000170801191277782),.UNSPECIFIED.);
#218=B_SPLINE_CURVE_WITH_KNOTS('',3,(#8203,#8204,#8205,#8206),
 .UNSPECIFIED.,.F.,.F.,(4,4),(0.,0.00141349630680956),.UNSPECIFIED.);
#219=B_SPLINE_CURVE_WITH_KNOTS('',3,(#8208,#8209,#8210,#8211),
 .UNSPECIFIED.,.F.,.F.,(4,4),(0.,5.8556851701967E-5),.UNSPECIFIED.);
#220=B_SPLINE_CURVE_WITH_KNOTS('',3,(#8213,#8214,#8215,#8216),
 .UNSPECIFIED.,.F.,.F.,(4,4),(-3.84763109813213E-6,0.00257019623705493),
 .UNSPECIFIED.);
#221=B_SPLINE_CURVE_WITH_KNOTS('',3,(#8220,#8221,#8222,#8223),
 .UNSPECIFIED.,.F.,.F.,(4,4),(0.,0.000430725053995665),.UNSPECIFIED.);
#222=B_SPLINE_CURVE_WITH_KNOTS('',3,(#8225,#8226,#8227,#8228),
 .UNSPECIFIED.,.F.,.F.,(4,4),(0.,1.91924885909153E-5),.UNSPECIFIED.);
#223=B_SPLINE_CURVE_WITH_KNOTS('',3,(#8230,#8231,#8232,#8233),
 .UNSPECIFIED.,.F.,.F.,(4,4),(0.,0.00142601707243491),.UNSPECIFIED.);
#224=B_SPLINE_CURVE_WITH_KNOTS('',3,(#8237,#8238,#8239,#8240),
 .UNSPECIFIED.,.F.,.F.,(4,4),(0.,0.000170801191277764),.UNSPECIFIED.);
#225=B_SPLINE_CURVE_WITH_KNOTS('',3,(#8256,#8257,#8258,#8259,#8260),
 .UNSPECIFIED.,.F.,.F.,(4,1,4),(0.,0.000933704913089734,0.00186740982617947),
 .UNSPECIFIED.);
#226=B_SPLINE_CURVE_WITH_KNOTS('',3,(#8265,#8266,#8267,#8268,#8269),
 .UNSPECIFIED.,.F.,.F.,(4,1,4),(0.,0.00293834540906057,0.00587669081812113),
 .UNSPECIFIED.);
#227=B_SPLINE_CURVE_WITH_KNOTS('',3,(#8272,#8273,#8274,#8275,#8276),
 .UNSPECIFIED.,.F.,.F.,(4,1,4),(0.,0.00293834540906052,0.00587669081812103),
 .UNSPECIFIED.);
#228=B_SPLINE_CURVE_WITH_KNOTS('',3,(#8282,#8283,#8284,#8285,#8286,#8287,
#8288),.UNSPECIFIED.,.F.,.F.,(4,1,1,1,4),(0.,0.000491327240987366,0.000982654481974732,
0.0014739817229621,0.00196530896394946),.UNSPECIFIED.);
#229=B_SPLINE_CURVE_WITH_KNOTS('',3,(#8292,#8293,#8294,#8295,#8296,#8297,
#8298),.UNSPECIFIED.,.F.,.F.,(4,1,1,1,4),(0.,0.000499748580532431,0.000999497161064862,
0.00149924574159729,0.00199899432212972),.UNSPECIFIED.);
#230=B_SPLINE_CURVE_WITH_KNOTS('',3,(#8318,#8319,#8320,#8321,#8322),
 .UNSPECIFIED.,.F.,.F.,(4,1,4),(0.,0.00106892213237836,0.00213784426475672),
 .UNSPECIFIED.);
#231=B_SPLINE_CURVE_WITH_KNOTS('',3,(#8332,#8333,#8334,#8335),
 .UNSPECIFIED.,.F.,.F.,(4,4),(0.000308885166642171,0.000405734340968686),
 .UNSPECIFIED.);
#232=B_SPLINE_CURVE_WITH_KNOTS('',3,(#8336,#8337,#8338,#8339,#8340,#8341,
#8342,#8343,#8344,#8345),.UNSPECIFIED.,.F.,.F.,(4,1,1,1,1,1,1,4),(0.,0.00106745341359763,
0.00213490682719526,0.00266863353399407,0.00320236024079289,0.0037360869475917,
0.00400295030099111,0.00426981365439052),.UNSPECIFIED.);
#233=B_SPLINE_CURVE_WITH_KNOTS('',3,(#8356,#8357,#8358,#8359),
 .UNSPECIFIED.,.F.,.F.,(4,4),(8.86224707013472E-16,0.000357290331762579),
 .UNSPECIFIED.);
#234=B_SPLINE_CURVE_WITH_KNOTS('',3,(#8363,#8364,#8365,#8366),
 .UNSPECIFIED.,.F.,.F.,(4,4),(0.,1.),.UNSPECIFIED.);
#235=B_SPLINE_CURVE_WITH_KNOTS('',3,(#8370,#8371,#8372,#8373),
 .UNSPECIFIED.,.F.,.F.,(4,4),(0.,0.000357188397689896),.UNSPECIFIED.);
#236=B_SPLINE_CURVE_WITH_KNOTS('',3,(#8392,#8393,#8394,#8395,#8396),
 .UNSPECIFIED.,.F.,.F.,(4,1,4),(0.,0.0010632924703213,0.0021265849406426),
 .UNSPECIFIED.);
#237=B_SPLINE_CURVE_WITH_KNOTS('',3,(#8401,#8402,#8403,#8404),
 .UNSPECIFIED.,.F.,.F.,(4,4),(0.,1.),.UNSPECIFIED.);
#238=B_SPLINE_CURVE_WITH_KNOTS('',3,(#8408,#8409,#8410,#8411),
 .UNSPECIFIED.,.F.,.F.,(4,4),(0.,0.000357188480589607),.UNSPECIFIED.);
#239=B_SPLINE_CURVE_WITH_KNOTS('',3,(#8417,#8418,#8419,#8420),
 .UNSPECIFIED.,.F.,.F.,(4,4),(0.,0.000357295590392018),.UNSPECIFIED.);
#240=B_SPLINE_CURVE_WITH_KNOTS('',3,(#8426,#8427,#8428,#8429,#8430,#8431,
#8432,#8433,#8434,#8435),.UNSPECIFIED.,.F.,.F.,(4,1,1,1,1,1,1,4),(2.08166817117217E-17,
0.000271673239815875,0.000543346479631729,0.00108669295926344,0.00163003943889514,
0.00217338591852685,0.00326007887779027,0.00434677183705368),
 .UNSPECIFIED.);
#241=B_SPLINE_CURVE_WITH_KNOTS('',3,(#8436,#8437,#8438,#8439),
 .UNSPECIFIED.,.F.,.F.,(4,4),(0.,9.71061344942459E-5),.UNSPECIFIED.);
#242=B_SPLINE_CURVE_WITH_KNOTS('',3,(#8445,#8446,#8447,#8448),
 .UNSPECIFIED.,.F.,.F.,(4,4),(0.,0.000806693414282194),.UNSPECIFIED.);
#243=B_SPLINE_CURVE_WITH_KNOTS('',3,(#8463,#8464,#8465,#8466),
 .UNSPECIFIED.,.F.,.F.,(4,4),(0.,0.000809378060280416),.UNSPECIFIED.);
#244=B_SPLINE_CURVE_WITH_KNOTS('',3,(#8488,#8489,#8490,#8491,#8492,#8493),
 .UNSPECIFIED.,.F.,.F.,(4,1,1,4),(3.17980065539225E-17,0.00213925208037827,
0.00320887812056739,0.00427850416075651),.UNSPECIFIED.);
#245=B_SPLINE_CURVE_WITH_KNOTS('',3,(#8496,#8497,#8498,#8499),
 .UNSPECIFIED.,.F.,.F.,(4,4),(3.73670872517614E-17,0.000806693414282346),
 .UNSPECIFIED.);
#246=B_SPLINE_CURVE_WITH_KNOTS('',3,(#8523,#8524,#8525,#8526,#8527,#8528),
 .UNSPECIFIED.,.F.,.F.,(4,1,1,4),(0.,0.00106517026206383,0.00213034052412766,
0.00426068104825531),.UNSPECIFIED.);
#247=B_SPLINE_CURVE_WITH_KNOTS('',3,(#8541,#8542,#8543,#8544),
 .UNSPECIFIED.,.F.,.F.,(4,4),(0.,0.000809378060280499),.UNSPECIFIED.);
#248=B_SPLINE_CURVE_WITH_KNOTS('',3,(#8547,#8548,#8549,#8550),
 .UNSPECIFIED.,.F.,.F.,(4,4),(0.,0.00254337490698617),.UNSPECIFIED.);
#249=B_SPLINE_CURVE_WITH_KNOTS('',3,(#8552,#8553,#8554,#8555),
 .UNSPECIFIED.,.F.,.F.,(4,4),(0.,0.00157125164715321),.UNSPECIFIED.);
#250=B_SPLINE_CURVE_WITH_KNOTS('',3,(#8560,#8561,#8562,#8563,#8564),
 .UNSPECIFIED.,.F.,.F.,(4,1,4),(0.,0.00129704026063639,0.00259408052127278),
 .UNSPECIFIED.);
#251=B_SPLINE_CURVE_WITH_KNOTS('',3,(#8567,#8568,#8569,#8570),
 .UNSPECIFIED.,.F.,.F.,(4,4),(0.,0.00156620561223772),.UNSPECIFIED.);
#252=B_SPLINE_CURVE_WITH_KNOTS('',3,(#8572,#8573,#8574,#8575),
 .UNSPECIFIED.,.F.,.F.,(4,4),(1.42880570444356E-16,0.00254949371176826),
 .UNSPECIFIED.);
#253=B_SPLINE_CURVE_WITH_KNOTS('',3,(#8589,#8590,#8591,#8592),
 .UNSPECIFIED.,.F.,.F.,(4,4),(0.,0.00181802898744527),.UNSPECIFIED.);
#254=B_SPLINE_CURVE_WITH_KNOTS('',3,(#9005,#9006,#9007,#9008),
 .UNSPECIFIED.,.F.,.F.,(4,4),(0.,0.00157897768017153),.UNSPECIFIED.);
#255=B_SPLINE_CURVE_WITH_KNOTS('',3,(#9017,#9018,#9019,#9020),
 .UNSPECIFIED.,.F.,.F.,(4,4),(0.,0.00156088916072857),.UNSPECIFIED.);
#256=B_SPLINE_CURVE_WITH_KNOTS('',3,(#9026,#9027,#9028,#9029,#9030),
 .UNSPECIFIED.,.F.,.F.,(4,1,4),(5.59431511413976E-17,0.00104902217658116,
0.00209804435316227),.UNSPECIFIED.);
#257=B_SPLINE_CURVE_WITH_KNOTS('',3,(#9036,#9037,#9038,#9039,#9040),
 .UNSPECIFIED.,.F.,.F.,(4,1,4),(0.,0.00103577395136725,0.00207154790273451),
 .UNSPECIFIED.);
#258=B_SPLINE_CURVE_WITH_KNOTS('',3,(#9043,#9044,#9045,#9046,#9047,#9048),
 .UNSPECIFIED.,.F.,.F.,(4,1,1,4),(0.,0.000241499078179788,0.000482998156359577,
0.000965996312719153),.UNSPECIFIED.);
#259=B_SPLINE_CURVE_WITH_KNOTS('',3,(#9072,#9073,#9074,#9075,#9076,#9077),
 .UNSPECIFIED.,.F.,.F.,(4,1,1,4),(0.,0.000241499078179808,0.000482998156359616,
0.000965996312719231),.UNSPECIFIED.);
#260=B_SPLINE_CURVE_WITH_KNOTS('',3,(#9081,#9082,#9083,#9084),
 .UNSPECIFIED.,.F.,.F.,(4,4),(0.,0.000365018906368139),.UNSPECIFIED.);
#261=B_SPLINE_CURVE_WITH_KNOTS('',3,(#9086,#9087,#9088,#9089),
 .UNSPECIFIED.,.F.,.F.,(4,4),(0.00139180229861035,0.00201712776123567),
 .UNSPECIFIED.);
#262=B_SPLINE_CURVE_WITH_KNOTS('',3,(#9111,#9112,#9113,#9114),
 .UNSPECIFIED.,.F.,.F.,(4,4),(0.,0.000615605508170344),.UNSPECIFIED.);
#263=B_SPLINE_CURVE_WITH_KNOTS('',3,(#9116,#9117,#9118,#9119),
 .UNSPECIFIED.,.F.,.F.,(4,4),(0.00102343457212922,0.00138927572174852),
 .UNSPECIFIED.);
#264=B_SPLINE_CURVE_WITH_KNOTS('',3,(#9169,#9170,#9171,#9172),
 .UNSPECIFIED.,.F.,.F.,(4,4),(0.,0.000327840694354229),.UNSPECIFIED.);
#265=B_SPLINE_CURVE_WITH_KNOTS('',3,(#9190,#9191,#9192,#9193),
 .UNSPECIFIED.,.F.,.F.,(4,4),(0.,0.000327807290512835),.UNSPECIFIED.);
#266=B_SPLINE_CURVE_WITH_KNOTS('',3,(#9201,#9202,#9203,#9204),
 .UNSPECIFIED.,.F.,.F.,(4,4),(0.,0.000327835445404569),.UNSPECIFIED.);
#267=B_SPLINE_CURVE_WITH_KNOTS('',3,(#9209,#9210,#9211,#9212),
 .UNSPECIFIED.,.F.,.F.,(4,4),(0.,6.6614131135594E-5),.UNSPECIFIED.);
#268=B_SPLINE_CURVE_WITH_KNOTS('',3,(#9213,#9214,#9215,#9216),
 .UNSPECIFIED.,.F.,.F.,(4,4),(0.,0.00168496644597109),.UNSPECIFIED.);
#269=B_SPLINE_CURVE_WITH_KNOTS('',3,(#9217,#9218,#9219,#9220),
 .UNSPECIFIED.,.F.,.F.,(4,4),(0.,0.00168513163445709),.UNSPECIFIED.);
#270=B_SPLINE_CURVE_WITH_KNOTS('',3,(#9221,#9222,#9223,#9224),
 .UNSPECIFIED.,.F.,.F.,(4,4),(0.,6.72599593831778E-5),.UNSPECIFIED.);
#271=B_SPLINE_CURVE_WITH_KNOTS('',3,(#9229,#9230,#9231,#9232),
 .UNSPECIFIED.,.F.,.F.,(4,4),(0.,6.72599593830899E-5),.UNSPECIFIED.);
#272=B_SPLINE_CURVE_WITH_KNOTS('',3,(#9233,#9234,#9235,#9236),
 .UNSPECIFIED.,.F.,.F.,(4,4),(0.,0.00168512852568362),.UNSPECIFIED.);
#273=B_SPLINE_CURVE_WITH_KNOTS('',3,(#9237,#9238,#9239,#9240),
 .UNSPECIFIED.,.F.,.F.,(4,4),(0.,0.00168496955471471),.UNSPECIFIED.);
#274=B_SPLINE_CURVE_WITH_KNOTS('',3,(#9241,#9242,#9243,#9244),
 .UNSPECIFIED.,.F.,.F.,(4,4),(0.,6.66141311354863E-5),.UNSPECIFIED.);
#275=B_SPLINE_CURVE_WITH_KNOTS('',3,(#9276,#9277,#9278,#9279),
 .UNSPECIFIED.,.F.,.F.,(4,4),(0.,0.000521996765513416),.UNSPECIFIED.);
#276=B_SPLINE_CURVE_WITH_KNOTS('',3,(#9293,#9294,#9295,#9296),
 .UNSPECIFIED.,.F.,.F.,(4,4),(0.,0.000522164975201737),.UNSPECIFIED.);
#277=B_SPLINE_CURVE_WITH_KNOTS('',3,(#9309,#9310,#9311,#9312),
 .UNSPECIFIED.,.F.,.F.,(4,4),(0.,0.000483627266751771),.UNSPECIFIED.);
#278=B_SPLINE_CURVE_WITH_KNOTS('',3,(#9370,#9371,#9372,#9373),
 .UNSPECIFIED.,.F.,.F.,(4,4),(0.,0.000484728089090125),.UNSPECIFIED.);
#279=B_SPLINE_CURVE_WITH_KNOTS('',3,(#9447,#9448,#9449,#9450),
 .UNSPECIFIED.,.F.,.F.,(4,4),(0.,0.000122628601395779),.UNSPECIFIED.);
#280=B_SPLINE_CURVE_WITH_KNOTS('',3,(#9486,#9487,#9488,#9489),
 .UNSPECIFIED.,.F.,.F.,(4,4),(0.,0.000122628601403496),.UNSPECIFIED.);
#281=B_SPLINE_CURVE_WITH_KNOTS('',3,(#9508,#9509,#9510,#9511),
 .UNSPECIFIED.,.F.,.F.,(4,4),(0.,0.000403859996213983),.UNSPECIFIED.);
#282=B_SPLINE_CURVE_WITH_KNOTS('',3,(#9513,#9514,#9515,#9516),
 .UNSPECIFIED.,.F.,.F.,(4,4),(0.,0.000211278565824527),.UNSPECIFIED.);
#283=B_SPLINE_CURVE_WITH_KNOTS('',3,(#9519,#9520,#9521,#9522),
 .UNSPECIFIED.,.F.,.F.,(4,4),(0.,0.000445033837862568),.UNSPECIFIED.);
#284=B_SPLINE_CURVE_WITH_KNOTS('',3,(#9526,#9527,#9528,#9529),
 .UNSPECIFIED.,.F.,.F.,(4,4),(0.,0.000445033837862573),.UNSPECIFIED.);
#285=B_SPLINE_CURVE_WITH_KNOTS('',3,(#9533,#9534,#9535,#9536,#9537),
 .UNSPECIFIED.,.F.,.F.,(4,1,4),(0.,0.000236360247018405,0.000472720494036809),
 .UNSPECIFIED.);
#286=B_SPLINE_CURVE_WITH_KNOTS('',3,(#9539,#9540,#9541,#9542,#9543),
 .UNSPECIFIED.,.F.,.F.,(4,1,4),(0.,0.000236360247018553,0.000472720494037106),
 .UNSPECIFIED.);
#287=B_SPLINE_CURVE_WITH_KNOTS('',3,(#9554,#9555,#9556,#9557),
 .UNSPECIFIED.,.F.,.F.,(4,4),(0.,0.000445033837862569),.UNSPECIFIED.);
#288=B_SPLINE_CURVE_WITH_KNOTS('',3,(#9560,#9561,#9562,#9563),
 .UNSPECIFIED.,.F.,.F.,(4,4),(0.,0.000211681477124366),.UNSPECIFIED.);
#289=B_SPLINE_CURVE_WITH_KNOTS('',3,(#9565,#9566,#9567,#9568),
 .UNSPECIFIED.,.F.,.F.,(4,4),(0.,0.000403859996213877),.UNSPECIFIED.);
#290=B_SPLINE_CURVE_WITH_KNOTS('',3,(#9570,#9571,#9572,#9573,#9574),
 .UNSPECIFIED.,.F.,.F.,(4,1,4),(0.,0.000236360247018479,0.000472720494036958),
 .UNSPECIFIED.);
#291=B_SPLINE_CURVE_WITH_KNOTS('',3,(#9576,#9577,#9578,#9579,#9580),
 .UNSPECIFIED.,.F.,.F.,(4,1,4),(0.,0.00023636024701831,0.00047272049403662),
 .UNSPECIFIED.);
#292=B_SPLINE_CURVE_WITH_KNOTS('',3,(#9584,#9585,#9586,#9587),
 .UNSPECIFIED.,.F.,.F.,(4,4),(0.,0.000445033837862613),.UNSPECIFIED.);
#293=B_SPLINE_CURVE_WITH_KNOTS('',3,(#9614,#9615,#9616,#9617),
 .UNSPECIFIED.,.F.,.F.,(4,4),(0.,0.00144144892932118),.UNSPECIFIED.);
#294=B_SPLINE_CURVE_WITH_KNOTS('',3,(#9633,#9634,#9635,#9636),
 .UNSPECIFIED.,.F.,.F.,(4,4),(0.,0.00144145515522257),.UNSPECIFIED.);
#295=B_SPLINE_CURVE_WITH_KNOTS('',3,(#9638,#9639,#9640,#9641),
 .UNSPECIFIED.,.F.,.F.,(4,4),(0.,0.000360119731599569),.UNSPECIFIED.);
#296=B_SPLINE_CURVE_WITH_KNOTS('',3,(#9657,#9658,#9659,#9660),
 .UNSPECIFIED.,.F.,.F.,(4,4),(0.,0.000360306388956655),.UNSPECIFIED.);
#297=B_SPLINE_CURVE_WITH_KNOTS('',3,(#9679,#9680,#9681,#9682),
 .UNSPECIFIED.,.F.,.F.,(4,4),(0.,0.00144145515522265),.UNSPECIFIED.);
#298=B_SPLINE_CURVE_WITH_KNOTS('',3,(#9698,#9699,#9700,#9701),
 .UNSPECIFIED.,.F.,.F.,(4,4),(0.,0.000360306388956596),.UNSPECIFIED.);
#299=B_SPLINE_CURVE_WITH_KNOTS('',3,(#9705,#9706,#9707,#9708),
 .UNSPECIFIED.,.F.,.F.,(4,4),(0.,0.00036011973159962),.UNSPECIFIED.);
#300=B_SPLINE_CURVE_WITH_KNOTS('',3,(#9724,#9725,#9726,#9727),
 .UNSPECIFIED.,.F.,.F.,(4,4),(0.,0.00144144892932117),.UNSPECIFIED.);
#301=B_SPLINE_CURVE_WITH_KNOTS('',3,(#9740,#9741,#9742,#9743,#9744,#9745,
#9746,#9747,#9748),.UNSPECIFIED.,.F.,.F.,(4,1,1,1,1,1,4),(0.,0.000404486267560194,
0.000808972535120388,0.00121345880268058,0.00161794507024078,0.00242691760536116,
0.00323589014048155),.UNSPECIFIED.);
#302=B_SPLINE_CURVE_WITH_KNOTS('',3,(#9750,#9751,#9752,#9753),
 .UNSPECIFIED.,.F.,.F.,(4,4),(0.,0.000438096502365902),.UNSPECIFIED.);
#303=B_SPLINE_CURVE_WITH_KNOTS('',3,(#9755,#9756,#9757,#9758),
 .UNSPECIFIED.,.F.,.F.,(4,4),(0.,0.000438096502366011),.UNSPECIFIED.);
#304=B_SPLINE_CURVE_WITH_KNOTS('',3,(#9759,#9760,#9761,#9762,#9763,#9764,
#9765,#9766,#9767),.UNSPECIFIED.,.F.,.F.,(4,1,1,1,1,1,4),(1.38777878078145E-17,
0.000404486267560181,0.000808972535120348,0.00121345880268052,0.00161794507024068,
0.00242691760536102,0.00323589014048135),.UNSPECIFIED.);
#305=LINE('',#7468,#765);
#306=LINE('',#7472,#766);
#307=LINE('',#7482,#767);
#308=LINE('',#7485,#768);
#309=LINE('',#7489,#769);
#310=LINE('',#7495,#770);
#311=LINE('',#7499,#771);
#312=LINE('',#7505,#772);
#313=LINE('',#7509,#773);
#314=LINE('',#7516,#774);
#315=LINE('',#7523,#775);
#316=LINE('',#7527,#776);
#317=LINE('',#7532,#777);
#318=LINE('',#7542,#778);
#319=LINE('',#7544,#779);
#320=LINE('',#7547,#780);
#321=LINE('',#7549,#781);
#322=LINE('',#7551,#782);
#323=LINE('',#7553,#783);
#324=LINE('',#7556,#784);
#325=LINE('',#7557,#785);
#326=LINE('',#7559,#786);
#327=LINE('',#7562,#787);
#328=LINE('',#7563,#788);
#329=LINE('',#7565,#789);
#330=LINE('',#7568,#790);
#331=LINE('',#7572,#791);
#332=LINE('',#7574,#792);
#333=LINE('',#7575,#793);
#334=LINE('',#7579,#794);
#335=LINE('',#7586,#795);
#336=LINE('',#7593,#796);
#337=LINE('',#7597,#797);
#338=LINE('',#7610,#798);
#339=LINE('',#7615,#799);
#340=LINE('',#7617,#800);
#341=LINE('',#7619,#801);
#342=LINE('',#7621,#802);
#343=LINE('',#7623,#803);
#344=LINE('',#7625,#804);
#345=LINE('',#7642,#805);
#346=LINE('',#7654,#806);
#347=LINE('',#7666,#807);
#348=LINE('',#7671,#808);
#349=LINE('',#7673,#809);
#350=LINE('',#7675,#810);
#351=LINE('',#7677,#811);
#352=LINE('',#7680,#812);
#353=LINE('',#7682,#813);
#354=LINE('',#7688,#814);
#355=LINE('',#7690,#815);
#356=LINE('',#7692,#816);
#357=LINE('',#7695,#817);
#358=LINE('',#7701,#818);
#359=LINE('',#7703,#819);
#360=LINE('',#7705,#820);
#361=LINE('',#7707,#821);
#362=LINE('',#7711,#822);
#363=LINE('',#7742,#823);
#364=LINE('',#7744,#824);
#365=LINE('',#7746,#825);
#366=LINE('',#7748,#826);
#367=LINE('',#7752,#827);
#368=LINE('',#7754,#828);
#369=LINE('',#7756,#829);
#370=LINE('',#7758,#830);
#371=LINE('',#7760,#831);
#372=LINE('',#7764,#832);
#373=LINE('',#7766,#833);
#374=LINE('',#7767,#834);
#375=LINE('',#7773,#835);
#376=LINE('',#7776,#836);
#377=LINE('',#7779,#837);
#378=LINE('',#7781,#838);
#379=LINE('',#7783,#839);
#380=LINE('',#7785,#840);
#381=LINE('',#7787,#841);
#382=LINE('',#7789,#842);
#383=LINE('',#7791,#843);
#384=LINE('',#7792,#844);
#385=LINE('',#7795,#845);
#386=LINE('',#7799,#846);
#387=LINE('',#7801,#847);
#388=LINE('',#7803,#848);
#389=LINE('',#7805,#849);
#390=LINE('',#7807,#850);
#391=LINE('',#7811,#851);
#392=LINE('',#7813,#852);
#393=LINE('',#7815,#853);
#394=LINE('',#7816,#854);
#395=LINE('',#7819,#855);
#396=LINE('',#7821,#856);
#397=LINE('',#7823,#857);
#398=LINE('',#7825,#858);
#399=LINE('',#7827,#859);
#400=LINE('',#7829,#860);
#401=LINE('',#7831,#861);
#402=LINE('',#7832,#862);
#403=LINE('',#7835,#863);
#404=LINE('',#7839,#864);
#405=LINE('',#7841,#865);
#406=LINE('',#7843,#866);
#407=LINE('',#7845,#867);
#408=LINE('',#7847,#868);
#409=LINE('',#7851,#869);
#410=LINE('',#7853,#870);
#411=LINE('',#7855,#871);
#412=LINE('',#7856,#872);
#413=LINE('',#7859,#873);
#414=LINE('',#7863,#874);
#415=LINE('',#7865,#875);
#416=LINE('',#7867,#876);
#417=LINE('',#7869,#877);
#418=LINE('',#7871,#878);
#419=LINE('',#7875,#879);
#420=LINE('',#7877,#880);
#421=LINE('',#7879,#881);
#422=LINE('',#7880,#882);
#423=LINE('',#7883,#883);
#424=LINE('',#7885,#884);
#425=LINE('',#7887,#885);
#426=LINE('',#7889,#886);
#427=LINE('',#7891,#887);
#428=LINE('',#7893,#888);
#429=LINE('',#7895,#889);
#430=LINE('',#7897,#890);
#431=LINE('',#7899,#891);
#432=LINE('',#7901,#892);
#433=LINE('',#7903,#893);
#434=LINE('',#7904,#894);
#435=LINE('',#7907,#895);
#436=LINE('',#7909,#896);
#437=LINE('',#7911,#897);
#438=LINE('',#7913,#898);
#439=LINE('',#7915,#899);
#440=LINE('',#7917,#900);
#441=LINE('',#7919,#901);
#442=LINE('',#7921,#902);
#443=LINE('',#7926,#903);
#444=LINE('',#7928,#904);
#445=LINE('',#7934,#905);
#446=LINE('',#7946,#906);
#447=LINE('',#7954,#907);
#448=LINE('',#7958,#908);
#449=LINE('',#7962,#909);
#450=LINE('',#7966,#910);
#451=LINE('',#7970,#911);
#452=LINE('',#7978,#912);
#453=LINE('',#7990,#913);
#454=LINE('',#7996,#914);
#455=LINE('',#7998,#915);
#456=LINE('',#8002,#916);
#457=LINE('',#8013,#917);
#458=LINE('',#8020,#918);
#459=LINE('',#8029,#919);
#460=LINE('',#8032,#920);
#461=LINE('',#8034,#921);
#462=LINE('',#8036,#922);
#463=LINE('',#8038,#923);
#464=LINE('',#8044,#924);
#465=LINE('',#8048,#925);
#466=LINE('',#8050,#926);
#467=LINE('',#8054,#927);
#468=LINE('',#8056,#928);
#469=LINE('',#8059,#929);
#470=LINE('',#8063,#930);
#471=LINE('',#8072,#931);
#472=LINE('',#8077,#932);
#473=LINE('',#8079,#933);
#474=LINE('',#8081,#934);
#475=LINE('',#8090,#935);
#476=LINE('',#8092,#936);
#477=LINE('',#8093,#937);
#478=LINE('',#8095,#938);
#479=LINE('',#8097,#939);
#480=LINE('',#8099,#940);
#481=LINE('',#8100,#941);
#482=LINE('',#8102,#942);
#483=LINE('',#8113,#943);
#484=LINE('',#8114,#944);
#485=LINE('',#8116,#945);
#486=LINE('',#8120,#946);
#487=LINE('',#8130,#947);
#488=LINE('',#8131,#948);
#489=LINE('',#8134,#949);
#490=LINE('',#8136,#950);
#491=LINE('',#8138,#951);
#492=LINE('',#8139,#952);
#493=LINE('',#8141,#953);
#494=LINE('',#8143,#954);
#495=LINE('',#8145,#955);
#496=LINE('',#8154,#956);
#497=LINE('',#8157,#957);
#498=LINE('',#8159,#958);
#499=LINE('',#8163,#959);
#500=LINE('',#8172,#960);
#501=LINE('',#8173,#961);
#502=LINE('',#8184,#962);
#503=LINE('',#8186,#963);
#504=LINE('',#8193,#964);
#505=LINE('',#8201,#965);
#506=LINE('',#8235,#966);
#507=LINE('',#8247,#967);
#508=LINE('',#8249,#968);
#509=LINE('',#8253,#969);
#510=LINE('',#8278,#970);
#511=LINE('',#8280,#971);
#512=LINE('',#8306,#972);
#513=LINE('',#8313,#973);
#514=LINE('',#8315,#974);
#515=LINE('',#8317,#975);
#516=LINE('',#8323,#976);
#517=LINE('',#8326,#977);
#518=LINE('',#8328,#978);
#519=LINE('',#8330,#979);
#520=LINE('',#8346,#980);
#521=LINE('',#8348,#981);
#522=LINE('',#8350,#982);
#523=LINE('',#8352,#983);
#524=LINE('',#8354,#984);
#525=LINE('',#8361,#985);
#526=LINE('',#8375,#986);
#527=LINE('',#8382,#987);
#528=LINE('',#8384,#988);
#529=LINE('',#8386,#989);
#530=LINE('',#8387,#990);
#531=LINE('',#8389,#991);
#532=LINE('',#8397,#992);
#533=LINE('',#8399,#993);
#534=LINE('',#8406,#994);
#535=LINE('',#8413,#995);
#536=LINE('',#8416,#996);
#537=LINE('',#8422,#997);
#538=LINE('',#8424,#998);
#539=LINE('',#8441,#999);
#540=LINE('',#8579,#1000);
#541=LINE('',#8596,#1001);
#542=LINE('',#8600,#1002);
#543=LINE('',#8602,#1003);
#544=LINE('',#8604,#1004);
#545=LINE('',#8606,#1005);
#546=LINE('',#8615,#1006);
#547=LINE('',#8617,#1007);
#548=LINE('',#8619,#1008);
#549=LINE('',#8621,#1009);
#550=LINE('',#8623,#1010);
#551=LINE('',#8625,#1011);
#552=LINE('',#8627,#1012);
#553=LINE('',#8629,#1013);
#554=LINE('',#8631,#1014);
#555=LINE('',#8633,#1015);
#556=LINE('',#8635,#1016);
#557=LINE('',#8637,#1017);
#558=LINE('',#8639,#1018);
#559=LINE('',#8643,#1019);
#560=LINE('',#8645,#1020);
#561=LINE('',#8647,#1021);
#562=LINE('',#8649,#1022);
#563=LINE('',#8651,#1023);
#564=LINE('',#8653,#1024);
#565=LINE('',#8655,#1025);
#566=LINE('',#8657,#1026);
#567=LINE('',#8659,#1027);
#568=LINE('',#8661,#1028);
#569=LINE('',#8666,#1029);
#570=LINE('',#8669,#1030);
#571=LINE('',#8671,#1031);
#572=LINE('',#8673,#1032);
#573=LINE('',#8675,#1033);
#574=LINE('',#8677,#1034);
#575=LINE('',#8679,#1035);
#576=LINE('',#8681,#1036);
#577=LINE('',#8683,#1037);
#578=LINE('',#8685,#1038);
#579=LINE('',#8687,#1039);
#580=LINE('',#8689,#1040);
#581=LINE('',#8691,#1041);
#582=LINE('',#8693,#1042);
#583=LINE('',#8695,#1043);
#584=LINE('',#8697,#1044);
#585=LINE('',#8701,#1045);
#586=LINE('',#8705,#1046);
#587=LINE('',#8707,#1047);
#588=LINE('',#8709,#1048);
#589=LINE('',#8711,#1049);
#590=LINE('',#8713,#1050);
#591=LINE('',#8715,#1051);
#592=LINE('',#8717,#1052);
#593=LINE('',#8719,#1053);
#594=LINE('',#8721,#1054);
#595=LINE('',#8723,#1055);
#596=LINE('',#8725,#1056);
#597=LINE('',#8727,#1057);
#598=LINE('',#8729,#1058);
#599=LINE('',#8731,#1059);
#600=LINE('',#8733,#1060);
#601=LINE('',#8735,#1061);
#602=LINE('',#8737,#1062);
#603=LINE('',#8738,#1063);
#604=LINE('',#8741,#1064);
#605=LINE('',#8744,#1065);
#606=LINE('',#8746,#1066);
#607=LINE('',#8748,#1067);
#608=LINE('',#8750,#1068);
#609=LINE('',#8752,#1069);
#610=LINE('',#8754,#1070);
#611=LINE('',#8756,#1071);
#612=LINE('',#8758,#1072);
#613=LINE('',#8760,#1073);
#614=LINE('',#8762,#1074);
#615=LINE('',#8764,#1075);
#616=LINE('',#8766,#1076);
#617=LINE('',#8768,#1077);
#618=LINE('',#8770,#1078);
#619=LINE('',#8772,#1079);
#620=LINE('',#8776,#1080);
#621=LINE('',#8780,#1081);
#622=LINE('',#8782,#1082);
#623=LINE('',#8784,#1083);
#624=LINE('',#8786,#1084);
#625=LINE('',#8788,#1085);
#626=LINE('',#8790,#1086);
#627=LINE('',#8792,#1087);
#628=LINE('',#8794,#1088);
#629=LINE('',#8796,#1089);
#630=LINE('',#8798,#1090);
#631=LINE('',#8800,#1091);
#632=LINE('',#8802,#1092);
#633=LINE('',#8804,#1093);
#634=LINE('',#8806,#1094);
#635=LINE('',#8808,#1095);
#636=LINE('',#8810,#1096);
#637=LINE('',#8812,#1097);
#638=LINE('',#8813,#1098);
#639=LINE('',#8816,#1099);
#640=LINE('',#8818,#1100);
#641=LINE('',#8820,#1101);
#642=LINE('',#8822,#1102);
#643=LINE('',#8824,#1103);
#644=LINE('',#8826,#1104);
#645=LINE('',#8828,#1105);
#646=LINE('',#8830,#1106);
#647=LINE('',#8832,#1107);
#648=LINE('',#8834,#1108);
#649=LINE('',#8836,#1109);
#650=LINE('',#8838,#1110);
#651=LINE('',#8842,#1111);
#652=LINE('',#8844,#1112);
#653=LINE('',#8846,#1113);
#654=LINE('',#8848,#1114);
#655=LINE('',#8850,#1115);
#656=LINE('',#8852,#1116);
#657=LINE('',#8854,#1117);
#658=LINE('',#8856,#1118);
#659=LINE('',#8858,#1119);
#660=LINE('',#8860,#1120);
#661=LINE('',#8865,#1121);
#662=LINE('',#8867,#1122);
#663=LINE('',#8869,#1123);
#664=LINE('',#8871,#1124);
#665=LINE('',#8873,#1125);
#666=LINE('',#8875,#1126);
#667=LINE('',#8877,#1127);
#668=LINE('',#8879,#1128);
#669=LINE('',#8881,#1129);
#670=LINE('',#8883,#1130);
#671=LINE('',#8885,#1131);
#672=LINE('',#8887,#1132);
#673=LINE('',#8891,#1133);
#674=LINE('',#8893,#1134);
#675=LINE('',#8895,#1135);
#676=LINE('',#8897,#1136);
#677=LINE('',#8899,#1137);
#678=LINE('',#8901,#1138);
#679=LINE('',#8903,#1139);
#680=LINE('',#8905,#1140);
#681=LINE('',#8907,#1141);
#682=LINE('',#8909,#1142);
#683=LINE('',#8914,#1143);
#684=LINE('',#8916,#1144);
#685=LINE('',#8918,#1145);
#686=LINE('',#8920,#1146);
#687=LINE('',#8922,#1147);
#688=LINE('',#8924,#1148);
#689=LINE('',#8926,#1149);
#690=LINE('',#8928,#1150);
#691=LINE('',#8930,#1151);
#692=LINE('',#8932,#1152);
#693=LINE('',#8934,#1153);
#694=LINE('',#8936,#1154);
#695=LINE('',#8938,#1155);
#696=LINE('',#8940,#1156);
#697=LINE('',#8942,#1157);
#698=LINE('',#8944,#1158);
#699=LINE('',#8946,#1159);
#700=LINE('',#8948,#1160);
#701=LINE('',#8950,#1161);
#702=LINE('',#8952,#1162);
#703=LINE('',#8954,#1163);
#704=LINE('',#8956,#1164);
#705=LINE('',#8958,#1165);
#706=LINE('',#8960,#1166);
#707=LINE('',#8963,#1167);
#708=LINE('',#8965,#1168);
#709=LINE('',#8967,#1169);
#710=LINE('',#8969,#1170);
#711=LINE('',#8971,#1171);
#712=LINE('',#8973,#1172);
#713=LINE('',#8975,#1173);
#714=LINE('',#8977,#1174);
#715=LINE('',#8979,#1175);
#716=LINE('',#8981,#1176);
#717=LINE('',#8983,#1177);
#718=LINE('',#8985,#1178);
#719=LINE('',#8987,#1179);
#720=LINE('',#8989,#1180);
#721=LINE('',#8991,#1181);
#722=LINE('',#8993,#1182);
#723=LINE('',#8998,#1183);
#724=LINE('',#9003,#1184);
#725=LINE('',#9010,#1185);
#726=LINE('',#9015,#1186);
#727=LINE('',#9022,#1187);
#728=LINE('',#9025,#1188);
#729=LINE('',#9032,#1189);
#730=LINE('',#9034,#1190);
#731=LINE('',#9168,#1191);
#732=LINE('',#9174,#1192);
#733=LINE('',#9179,#1193);
#734=LINE('',#9189,#1194);
#735=LINE('',#9195,#1195);
#736=LINE('',#9206,#1196);
#737=LINE('',#9226,#1197);
#738=LINE('',#9248,#1198);
#739=LINE('',#9254,#1199);
#740=LINE('',#9431,#1200);
#741=LINE('',#9435,#1201);
#742=LINE('',#9437,#1202);
#743=LINE('',#9439,#1203);
#744=LINE('',#9444,#1204);
#745=LINE('',#9445,#1205);
#746=LINE('',#9455,#1206);
#747=LINE('',#9459,#1207);
#748=LINE('',#9463,#1208);
#749=LINE('',#9466,#1209);
#750=LINE('',#9475,#1210);
#751=LINE('',#9476,#1211);
#752=LINE('',#9478,#1212);
#753=LINE('',#9480,#1213);
#754=LINE('',#9482,#1214);
#755=LINE('',#9491,#1215);
#756=LINE('',#9493,#1216);
#757=LINE('',#9495,#1217);
#758=LINE('',#9497,#1218);
#759=LINE('',#9502,#1219);
#760=LINE('',#9506,#1220);
#761=LINE('',#9512,#1221);
#762=LINE('',#9538,#1222);
#763=LINE('',#9564,#1223);
#764=LINE('',#9575,#1224);
#765=VECTOR('',#5969,1.);
#766=VECTOR('',#5972,1.);
#767=VECTOR('',#5983,1.);
#768=VECTOR('',#5984,1.);
#769=VECTOR('',#5987,1.);
#770=VECTOR('',#5992,1.);
#771=VECTOR('',#5997,1.);
#772=VECTOR('',#6002,1.);
#773=VECTOR('',#6005,1.);
#774=VECTOR('',#6006,1.);
#775=VECTOR('',#6007,1.);
#776=VECTOR('',#6010,1.);
#777=VECTOR('',#6015,1.);
#778=VECTOR('',#6024,1.);
#779=VECTOR('',#6027,1.);
#780=VECTOR('',#6028,1.);
#781=VECTOR('',#6029,1.);
#782=VECTOR('',#6030,1.);
#783=VECTOR('',#6033,1.);
#784=VECTOR('',#6034,1.);
#785=VECTOR('',#6035,1.);
#786=VECTOR('',#6038,1.);
#787=VECTOR('',#6039,1.);
#788=VECTOR('',#6040,1.);
#789=VECTOR('',#6043,1.);
#790=VECTOR('',#6044,1.);
#791=VECTOR('',#6047,1.);
#792=VECTOR('',#6050,1.);
#793=VECTOR('',#6051,1.);
#794=VECTOR('',#6054,1.);
#795=VECTOR('',#6055,1.);
#796=VECTOR('',#6056,1.);
#797=VECTOR('',#6059,1.);
#798=VECTOR('',#6072,1.);
#799=VECTOR('',#6077,1.);
#800=VECTOR('',#6078,1.);
#801=VECTOR('',#6079,1.);
#802=VECTOR('',#6080,1.);
#803=VECTOR('',#6081,1.);
#804=VECTOR('',#6082,1.);
#805=VECTOR('',#6089,1.);
#806=VECTOR('',#6092,1.);
#807=VECTOR('',#6097,1.);
#808=VECTOR('',#6102,1.);
#809=VECTOR('',#6103,1.);
#810=VECTOR('',#6104,1.);
#811=VECTOR('',#6107,1.);
#812=VECTOR('',#6108,1.);
#813=VECTOR('',#6109,1.);
#814=VECTOR('',#6114,1.);
#815=VECTOR('',#6115,1.);
#816=VECTOR('',#6118,1.);
#817=VECTOR('',#6119,1.);
#818=VECTOR('',#6124,1.);
#819=VECTOR('',#6125,1.);
#820=VECTOR('',#6126,1.);
#821=VECTOR('',#6127,1.);
#822=VECTOR('',#6132,1.);
#823=VECTOR('',#6151,1.);
#824=VECTOR('',#6152,1.);
#825=VECTOR('',#6153,1.);
#826=VECTOR('',#6154,1.);
#827=VECTOR('',#6157,1.);
#828=VECTOR('',#6158,1.);
#829=VECTOR('',#6159,1.);
#830=VECTOR('',#6160,1.);
#831=VECTOR('',#6161,1.);
#832=VECTOR('',#6164,1.);
#833=VECTOR('',#6165,1.);
#834=VECTOR('',#6166,1.);
#835=VECTOR('',#6171,1.);
#836=VECTOR('',#6174,1.);
#837=VECTOR('',#6175,1.);
#838=VECTOR('',#6176,1.);
#839=VECTOR('',#6177,1.);
#840=VECTOR('',#6178,1.);
#841=VECTOR('',#6179,1.);
#842=VECTOR('',#6180,1.);
#843=VECTOR('',#6181,1.);
#844=VECTOR('',#6182,1.);
#845=VECTOR('',#6183,1.);
#846=VECTOR('',#6186,1.);
#847=VECTOR('',#6187,1.);
#848=VECTOR('',#6188,1.);
#849=VECTOR('',#6189,1.);
#850=VECTOR('',#6190,1.);
#851=VECTOR('',#6193,1.);
#852=VECTOR('',#6194,1.);
#853=VECTOR('',#6195,1.);
#854=VECTOR('',#6196,1.);
#855=VECTOR('',#6197,1.);
#856=VECTOR('',#6198,1.);
#857=VECTOR('',#6199,1.);
#858=VECTOR('',#6200,1.);
#859=VECTOR('',#6201,1.);
#860=VECTOR('',#6202,1.);
#861=VECTOR('',#6203,1.);
#862=VECTOR('',#6204,1.);
#863=VECTOR('',#6205,1.);
#864=VECTOR('',#6208,1.);
#865=VECTOR('',#6209,1.);
#866=VECTOR('',#6210,1.);
#867=VECTOR('',#6211,1.);
#868=VECTOR('',#6212,1.);
#869=VECTOR('',#6215,1.);
#870=VECTOR('',#6216,1.);
#871=VECTOR('',#6217,1.);
#872=VECTOR('',#6218,1.);
#873=VECTOR('',#6219,1.);
#874=VECTOR('',#6222,1.);
#875=VECTOR('',#6223,1.);
#876=VECTOR('',#6224,1.);
#877=VECTOR('',#6225,1.);
#878=VECTOR('',#6226,1.);
#879=VECTOR('',#6229,1.);
#880=VECTOR('',#6230,1.);
#881=VECTOR('',#6231,1.);
#882=VECTOR('',#6232,1.);
#883=VECTOR('',#6233,1.);
#884=VECTOR('',#6234,1.);
#885=VECTOR('',#6235,1.);
#886=VECTOR('',#6236,1.);
#887=VECTOR('',#6237,1.);
#888=VECTOR('',#6238,1.);
#889=VECTOR('',#6239,1.);
#890=VECTOR('',#6240,1.);
#891=VECTOR('',#6241,1.);
#892=VECTOR('',#6242,1.);
#893=VECTOR('',#6243,1.);
#894=VECTOR('',#6244,1.);
#895=VECTOR('',#6245,1.);
#896=VECTOR('',#6246,1.);
#897=VECTOR('',#6247,1.);
#898=VECTOR('',#6248,1.);
#899=VECTOR('',#6249,1.);
#900=VECTOR('',#6250,1.);
#901=VECTOR('',#6251,1.);
#902=VECTOR('',#6254,1.);
#903=VECTOR('',#6257,1.);
#904=VECTOR('',#6258,1.);
#905=VECTOR('',#6263,1.);
#906=VECTOR('',#6274,1.);
#907=VECTOR('',#6281,1.);
#908=VECTOR('',#6284,1.);
#909=VECTOR('',#6287,1.);
#910=VECTOR('',#6290,1.);
#911=VECTOR('',#6293,1.);
#912=VECTOR('',#6300,1.);
#913=VECTOR('',#6311,1.);
#914=VECTOR('',#6316,1.);
#915=VECTOR('',#6317,1.);
#916=VECTOR('',#6320,1.);
#917=VECTOR('',#6325,1.);
#918=VECTOR('',#6328,1.);
#919=VECTOR('',#6337,1.);
#920=VECTOR('',#6338,1.);
#921=VECTOR('',#6339,1.);
#922=VECTOR('',#6340,1.);
#923=VECTOR('',#6341,1.);
#924=VECTOR('',#6348,1.);
#925=VECTOR('',#6351,1.);
#926=VECTOR('',#6354,1.);
#927=VECTOR('',#6357,1.);
#928=VECTOR('',#6360,1.);
#929=VECTOR('',#6361,1.);
#930=VECTOR('',#6364,1.);
#931=VECTOR('',#6373,1.);
#932=VECTOR('',#6378,1.);
#933=VECTOR('',#6379,1.);
#934=VECTOR('',#6380,1.);
#935=VECTOR('',#6389,1.);
#936=VECTOR('',#6392,1.);
#937=VECTOR('',#6393,1.);
#938=VECTOR('',#6396,1.);
#939=VECTOR('',#6399,1.);
#940=VECTOR('',#6402,1.);
#941=VECTOR('',#6403,1.);
#942=VECTOR('',#6406,1.);
#943=VECTOR('',#6409,1.);
#944=VECTOR('',#6410,1.);
#945=VECTOR('',#6413,1.);
#946=VECTOR('',#6418,1.);
#947=VECTOR('',#6419,1.);
#948=VECTOR('',#6420,1.);
#949=VECTOR('',#6425,1.);
#950=VECTOR('',#6426,1.);
#951=VECTOR('',#6427,1.);
#952=VECTOR('',#6428,1.);
#953=VECTOR('',#6429,1.);
#954=VECTOR('',#6430,1.);
#955=VECTOR('',#6433,1.);
#956=VECTOR('',#6434,1.);
#957=VECTOR('',#6437,1.);
#958=VECTOR('',#6440,1.);
#959=VECTOR('',#6443,1.);
#960=VECTOR('',#6446,1.);
#961=VECTOR('',#6447,1.);
#962=VECTOR('',#6458,1.);
#963=VECTOR('',#6461,1.);
#964=VECTOR('',#6472,1.);
#965=VECTOR('',#6473,1.);
#966=VECTOR('',#6480,1.);
#967=VECTOR('',#6491,1.);
#968=VECTOR('',#6494,1.);
#969=VECTOR('',#6499,1.);
#970=VECTOR('',#6518,1.);
#971=VECTOR('',#6521,1.);
#972=VECTOR('',#6544,1.);
#973=VECTOR('',#6549,1.);
#974=VECTOR('',#6552,1.);
#975=VECTOR('',#6553,1.);
#976=VECTOR('',#6554,1.);
#977=VECTOR('',#6557,1.);
#978=VECTOR('',#6560,1.);
#979=VECTOR('',#6563,1.);
#980=VECTOR('',#6564,1.);
#981=VECTOR('',#6567,1.);
#982=VECTOR('',#6570,1.);
#983=VECTOR('',#6573,1.);
#984=VECTOR('',#6574,1.);
#985=VECTOR('',#6577,1.);
#986=VECTOR('',#6582,1.);
#987=VECTOR('',#6589,1.);
#988=VECTOR('',#6590,1.);
#989=VECTOR('',#6593,1.);
#990=VECTOR('',#6594,1.);
#991=VECTOR('',#6597,1.);
#992=VECTOR('',#6600,1.);
#993=VECTOR('',#6603,1.);
#994=VECTOR('',#6604,1.);
#995=VECTOR('',#6607,1.);
#996=VECTOR('',#6612,1.);
#997=VECTOR('',#6615,1.);
#998=VECTOR('',#6618,1.);
#999=VECTOR('',#6621,1.);
#1000=VECTOR('',#6656,1.);
#1001=VECTOR('',#6675,1.);
#1002=VECTOR('',#6678,1.);
#1003=VECTOR('',#6681,1.);
#1004=VECTOR('',#6682,1.);
#1005=VECTOR('',#6685,1.);
#1006=VECTOR('',#6696,1.);
#1007=VECTOR('',#6699,1.);
#1008=VECTOR('',#6700,1.);
#1009=VECTOR('',#6701,1.);
#1010=VECTOR('',#6704,1.);
#1011=VECTOR('',#6705,1.);
#1012=VECTOR('',#6708,1.);
#1013=VECTOR('',#6709,1.);
#1014=VECTOR('',#6712,1.);
#1015=VECTOR('',#6713,1.);
#1016=VECTOR('',#6716,1.);
#1017=VECTOR('',#6717,1.);
#1018=VECTOR('',#6720,1.);
#1019=VECTOR('',#6725,1.);
#1020=VECTOR('',#6726,1.);
#1021=VECTOR('',#6729,1.);
#1022=VECTOR('',#6730,1.);
#1023=VECTOR('',#6733,1.);
#1024=VECTOR('',#6734,1.);
#1025=VECTOR('',#6737,1.);
#1026=VECTOR('',#6738,1.);
#1027=VECTOR('',#6741,1.);
#1028=VECTOR('',#6742,1.);
#1029=VECTOR('',#6751,1.);
#1030=VECTOR('',#6752,1.);
#1031=VECTOR('',#6753,1.);
#1032=VECTOR('',#6754,1.);
#1033=VECTOR('',#6757,1.);
#1034=VECTOR('',#6758,1.);
#1035=VECTOR('',#6759,1.);
#1036=VECTOR('',#6762,1.);
#1037=VECTOR('',#6763,1.);
#1038=VECTOR('',#6764,1.);
#1039=VECTOR('',#6767,1.);
#1040=VECTOR('',#6768,1.);
#1041=VECTOR('',#6769,1.);
#1042=VECTOR('',#6772,1.);
#1043=VECTOR('',#6773,1.);
#1044=VECTOR('',#6774,1.);
#1045=VECTOR('',#6779,1.);
#1046=VECTOR('',#6784,1.);
#1047=VECTOR('',#6785,1.);
#1048=VECTOR('',#6786,1.);
#1049=VECTOR('',#6789,1.);
#1050=VECTOR('',#6790,1.);
#1051=VECTOR('',#6793,1.);
#1052=VECTOR('',#6794,1.);
#1053=VECTOR('',#6797,1.);
#1054=VECTOR('',#6798,1.);
#1055=VECTOR('',#6801,1.);
#1056=VECTOR('',#6802,1.);
#1057=VECTOR('',#6805,1.);
#1058=VECTOR('',#6806,1.);
#1059=VECTOR('',#6809,1.);
#1060=VECTOR('',#6810,1.);
#1061=VECTOR('',#6813,1.);
#1062=VECTOR('',#6816,1.);
#1063=VECTOR('',#6817,1.);
#1064=VECTOR('',#6822,1.);
#1065=VECTOR('',#6823,1.);
#1066=VECTOR('',#6824,1.);
#1067=VECTOR('',#6825,1.);
#1068=VECTOR('',#6828,1.);
#1069=VECTOR('',#6829,1.);
#1070=VECTOR('',#6830,1.);
#1071=VECTOR('',#6833,1.);
#1072=VECTOR('',#6834,1.);
#1073=VECTOR('',#6835,1.);
#1074=VECTOR('',#6838,1.);
#1075=VECTOR('',#6839,1.);
#1076=VECTOR('',#6840,1.);
#1077=VECTOR('',#6843,1.);
#1078=VECTOR('',#6844,1.);
#1079=VECTOR('',#6845,1.);
#1080=VECTOR('',#6850,1.);
#1081=VECTOR('',#6855,1.);
#1082=VECTOR('',#6856,1.);
#1083=VECTOR('',#6857,1.);
#1084=VECTOR('',#6860,1.);
#1085=VECTOR('',#6861,1.);
#1086=VECTOR('',#6864,1.);
#1087=VECTOR('',#6865,1.);
#1088=VECTOR('',#6868,1.);
#1089=VECTOR('',#6869,1.);
#1090=VECTOR('',#6872,1.);
#1091=VECTOR('',#6873,1.);
#1092=VECTOR('',#6876,1.);
#1093=VECTOR('',#6877,1.);
#1094=VECTOR('',#6880,1.);
#1095=VECTOR('',#6881,1.);
#1096=VECTOR('',#6884,1.);
#1097=VECTOR('',#6887,1.);
#1098=VECTOR('',#6888,1.);
#1099=VECTOR('',#6893,1.);
#1100=VECTOR('',#6894,1.);
#1101=VECTOR('',#6895,1.);
#1102=VECTOR('',#6898,1.);
#1103=VECTOR('',#6899,1.);
#1104=VECTOR('',#6902,1.);
#1105=VECTOR('',#6903,1.);
#1106=VECTOR('',#6906,1.);
#1107=VECTOR('',#6907,1.);
#1108=VECTOR('',#6910,1.);
#1109=VECTOR('',#6911,1.);
#1110=VECTOR('',#6914,1.);
#1111=VECTOR('',#6919,1.);
#1112=VECTOR('',#6920,1.);
#1113=VECTOR('',#6923,1.);
#1114=VECTOR('',#6924,1.);
#1115=VECTOR('',#6927,1.);
#1116=VECTOR('',#6928,1.);
#1117=VECTOR('',#6931,1.);
#1118=VECTOR('',#6932,1.);
#1119=VECTOR('',#6935,1.);
#1120=VECTOR('',#6936,1.);
#1121=VECTOR('',#6945,1.);
#1122=VECTOR('',#6946,1.);
#1123=VECTOR('',#6947,1.);
#1124=VECTOR('',#6950,1.);
#1125=VECTOR('',#6951,1.);
#1126=VECTOR('',#6954,1.);
#1127=VECTOR('',#6955,1.);
#1128=VECTOR('',#6958,1.);
#1129=VECTOR('',#6959,1.);
#1130=VECTOR('',#6962,1.);
#1131=VECTOR('',#6963,1.);
#1132=VECTOR('',#6966,1.);
#1133=VECTOR('',#6971,1.);
#1134=VECTOR('',#6972,1.);
#1135=VECTOR('',#6975,1.);
#1136=VECTOR('',#6976,1.);
#1137=VECTOR('',#6979,1.);
#1138=VECTOR('',#6980,1.);
#1139=VECTOR('',#6983,1.);
#1140=VECTOR('',#6984,1.);
#1141=VECTOR('',#6987,1.);
#1142=VECTOR('',#6988,1.);
#1143=VECTOR('',#6997,1.);
#1144=VECTOR('',#6998,1.);
#1145=VECTOR('',#6999,1.);
#1146=VECTOR('',#7002,1.);
#1147=VECTOR('',#7003,1.);
#1148=VECTOR('',#7006,1.);
#1149=VECTOR('',#7007,1.);
#1150=VECTOR('',#7010,1.);
#1151=VECTOR('',#7011,1.);
#1152=VECTOR('',#7014,1.);
#1153=VECTOR('',#7015,1.);
#1154=VECTOR('',#7018,1.);
#1155=VECTOR('',#7019,1.);
#1156=VECTOR('',#7022,1.);
#1157=VECTOR('',#7023,1.);
#1158=VECTOR('',#7026,1.);
#1159=VECTOR('',#7027,1.);
#1160=VECTOR('',#7030,1.);
#1161=VECTOR('',#7031,1.);
#1162=VECTOR('',#7034,1.);
#1163=VECTOR('',#7035,1.);
#1164=VECTOR('',#7038,1.);
#1165=VECTOR('',#7039,1.);
#1166=VECTOR('',#7042,1.);
#1167=VECTOR('',#7047,1.);
#1168=VECTOR('',#7048,1.);
#1169=VECTOR('',#7049,1.);
#1170=VECTOR('',#7052,1.);
#1171=VECTOR('',#7053,1.);
#1172=VECTOR('',#7056,1.);
#1173=VECTOR('',#7057,1.);
#1174=VECTOR('',#7060,1.);
#1175=VECTOR('',#7061,1.);
#1176=VECTOR('',#7064,1.);
#1177=VECTOR('',#7065,1.);
#1178=VECTOR('',#7068,1.);
#1179=VECTOR('',#7069,1.);
#1180=VECTOR('',#7072,1.);
#1181=VECTOR('',#7073,1.);
#1182=VECTOR('',#7076,1.);
#1183=VECTOR('',#7085,1.);
#1184=VECTOR('',#7088,1.);
#1185=VECTOR('',#7091,1.);
#1186=VECTOR('',#7094,1.);
#1187=VECTOR('',#7097,1.);
#1188=VECTOR('',#7098,1.);
#1189=VECTOR('',#7101,1.);
#1190=VECTOR('',#7102,1.);
#1191=VECTOR('',#7183,1.);
#1192=VECTOR('',#7186,1.);
#1193=VECTOR('',#7191,1.);
#1194=VECTOR('',#7200,1.);
#1195=VECTOR('',#7203,1.);
#1196=VECTOR('',#7210,1.);
#1197=VECTOR('',#7213,1.);
#1198=VECTOR('',#7218,1.);
#1199=VECTOR('',#7225,1.);
#1200=VECTOR('',#7280,1.);
#1201=VECTOR('',#7285,1.);
#1202=VECTOR('',#7286,1.);
#1203=VECTOR('',#7287,1.);
#1204=VECTOR('',#7292,1.);
#1205=VECTOR('',#7293,1.);
#1206=VECTOR('',#7298,1.);
#1207=VECTOR('',#7301,1.);
#1208=VECTOR('',#7306,1.);
#1209=VECTOR('',#7309,1.);
#1210=VECTOR('',#7318,1.);
#1211=VECTOR('',#7319,1.);
#1212=VECTOR('',#7322,1.);
#1213=VECTOR('',#7323,1.);
#1214=VECTOR('',#7326,1.);
#1215=VECTOR('',#7329,1.);
#1216=VECTOR('',#7332,1.);
#1217=VECTOR('',#7333,1.);
#1218=VECTOR('',#7334,1.);
#1219=VECTOR('',#7339,1.);
#1220=VECTOR('',#7342,1.);
#1221=VECTOR('',#7345,1.);
#1222=VECTOR('',#7362,1.);
#1223=VECTOR('',#7387,1.);
#1224=VECTOR('',#7390,1.);
#1225=ORIENTED_EDGE('',*,*,#2825,.T.);
#1226=ORIENTED_EDGE('',*,*,#2826,.T.);
#1227=ORIENTED_EDGE('',*,*,#2827,.T.);
#1228=ORIENTED_EDGE('',*,*,#2828,.F.);
#1229=ORIENTED_EDGE('',*,*,#2829,.T.);
#1230=ORIENTED_EDGE('',*,*,#2830,.F.);
#1231=ORIENTED_EDGE('',*,*,#2831,.T.);
#1232=ORIENTED_EDGE('',*,*,#2832,.T.);
#1233=ORIENTED_EDGE('',*,*,#2833,.F.);
#1234=ORIENTED_EDGE('',*,*,#2834,.T.);
#1235=ORIENTED_EDGE('',*,*,#2835,.T.);
#1236=ORIENTED_EDGE('',*,*,#2836,.T.);
#1237=ORIENTED_EDGE('',*,*,#2837,.T.);
#1238=ORIENTED_EDGE('',*,*,#2838,.F.);
#1239=ORIENTED_EDGE('',*,*,#2839,.T.);
#1240=ORIENTED_EDGE('',*,*,#2840,.T.);
#1241=ORIENTED_EDGE('',*,*,#2841,.T.);
#1242=ORIENTED_EDGE('',*,*,#2842,.T.);
#1243=ORIENTED_EDGE('',*,*,#2843,.F.);
#1244=ORIENTED_EDGE('',*,*,#2844,.T.);
#1245=ORIENTED_EDGE('',*,*,#2845,.F.);
#1246=ORIENTED_EDGE('',*,*,#2846,.T.);
#1247=ORIENTED_EDGE('',*,*,#2847,.T.);
#1248=ORIENTED_EDGE('',*,*,#2848,.T.);
#1249=ORIENTED_EDGE('',*,*,#2849,.T.);
#1250=ORIENTED_EDGE('',*,*,#2850,.T.);
#1251=ORIENTED_EDGE('',*,*,#2851,.F.);
#1252=ORIENTED_EDGE('',*,*,#2852,.T.);
#1253=ORIENTED_EDGE('',*,*,#2853,.T.);
#1254=ORIENTED_EDGE('',*,*,#2854,.T.);
#1255=ORIENTED_EDGE('',*,*,#2855,.F.);
#1256=ORIENTED_EDGE('',*,*,#2856,.T.);
#1257=ORIENTED_EDGE('',*,*,#2857,.T.);
#1258=ORIENTED_EDGE('',*,*,#2858,.T.);
#1259=ORIENTED_EDGE('',*,*,#2859,.T.);
#1260=ORIENTED_EDGE('',*,*,#2860,.T.);
#1261=ORIENTED_EDGE('',*,*,#2861,.T.);
#1262=ORIENTED_EDGE('',*,*,#2862,.T.);
#1263=ORIENTED_EDGE('',*,*,#2863,.T.);
#1264=ORIENTED_EDGE('',*,*,#2864,.T.);
#1265=ORIENTED_EDGE('',*,*,#2865,.T.);
#1266=ORIENTED_EDGE('',*,*,#2839,.F.);
#1267=ORIENTED_EDGE('',*,*,#2866,.F.);
#1268=ORIENTED_EDGE('',*,*,#2867,.T.);
#1269=ORIENTED_EDGE('',*,*,#2868,.T.);
#1270=ORIENTED_EDGE('',*,*,#2859,.F.);
#1271=ORIENTED_EDGE('',*,*,#2869,.T.);
#1272=ORIENTED_EDGE('',*,*,#2870,.F.);
#1273=ORIENTED_EDGE('',*,*,#2871,.T.);
#1274=ORIENTED_EDGE('',*,*,#2872,.F.);
#1275=ORIENTED_EDGE('',*,*,#2873,.T.);
#1276=ORIENTED_EDGE('',*,*,#2874,.T.);
#1277=ORIENTED_EDGE('',*,*,#2875,.F.);
#1278=ORIENTED_EDGE('',*,*,#2876,.T.);
#1279=ORIENTED_EDGE('',*,*,#2877,.T.);
#1280=ORIENTED_EDGE('',*,*,#2878,.T.);
#1281=ORIENTED_EDGE('',*,*,#2879,.T.);
#1282=ORIENTED_EDGE('',*,*,#2880,.T.);
#1283=ORIENTED_EDGE('',*,*,#2881,.T.);
#1284=ORIENTED_EDGE('',*,*,#2882,.T.);
#1285=ORIENTED_EDGE('',*,*,#2883,.F.);
#1286=ORIENTED_EDGE('',*,*,#2884,.T.);
#1287=ORIENTED_EDGE('',*,*,#2885,.F.);
#1288=ORIENTED_EDGE('',*,*,#2886,.T.);
#1289=ORIENTED_EDGE('',*,*,#2887,.T.);
#1290=ORIENTED_EDGE('',*,*,#2888,.T.);
#1291=ORIENTED_EDGE('',*,*,#2889,.T.);
#1292=ORIENTED_EDGE('',*,*,#2890,.T.);
#1293=ORIENTED_EDGE('',*,*,#2891,.T.);
#1294=ORIENTED_EDGE('',*,*,#2892,.T.);
#1295=ORIENTED_EDGE('',*,*,#2893,.T.);
#1296=ORIENTED_EDGE('',*,*,#2894,.F.);
#1297=ORIENTED_EDGE('',*,*,#2895,.T.);
#1298=ORIENTED_EDGE('',*,*,#2896,.T.);
#1299=ORIENTED_EDGE('',*,*,#2897,.T.);
#1300=ORIENTED_EDGE('',*,*,#2898,.T.);
#1301=ORIENTED_EDGE('',*,*,#2899,.T.);
#1302=ORIENTED_EDGE('',*,*,#2900,.T.);
#1303=ORIENTED_EDGE('',*,*,#2901,.F.);
#1304=ORIENTED_EDGE('',*,*,#2902,.T.);
#1305=ORIENTED_EDGE('',*,*,#2903,.T.);
#1306=ORIENTED_EDGE('',*,*,#2904,.T.);
#1307=ORIENTED_EDGE('',*,*,#2905,.T.);
#1308=ORIENTED_EDGE('',*,*,#2906,.T.);
#1309=ORIENTED_EDGE('',*,*,#2907,.T.);
#1310=ORIENTED_EDGE('',*,*,#2908,.F.);
#1311=ORIENTED_EDGE('',*,*,#2909,.T.);
#1312=ORIENTED_EDGE('',*,*,#2910,.T.);
#1313=ORIENTED_EDGE('',*,*,#2911,.T.);
#1314=ORIENTED_EDGE('',*,*,#2912,.F.);
#1315=ORIENTED_EDGE('',*,*,#2913,.T.);
#1316=ORIENTED_EDGE('',*,*,#2914,.T.);
#1317=ORIENTED_EDGE('',*,*,#2915,.T.);
#1318=ORIENTED_EDGE('',*,*,#2916,.T.);
#1319=ORIENTED_EDGE('',*,*,#2917,.T.);
#1320=ORIENTED_EDGE('',*,*,#2918,.T.);
#1321=ORIENTED_EDGE('',*,*,#2919,.T.);
#1322=ORIENTED_EDGE('',*,*,#2920,.T.);
#1323=ORIENTED_EDGE('',*,*,#2921,.T.);
#1324=ORIENTED_EDGE('',*,*,#2922,.T.);
#1325=ORIENTED_EDGE('',*,*,#2923,.T.);
#1326=ORIENTED_EDGE('',*,*,#2924,.T.);
#1327=ORIENTED_EDGE('',*,*,#2925,.T.);
#1328=ORIENTED_EDGE('',*,*,#2926,.F.);
#1329=ORIENTED_EDGE('',*,*,#2927,.F.);
#1330=ORIENTED_EDGE('',*,*,#2925,.F.);
#1331=ORIENTED_EDGE('',*,*,#2928,.T.);
#1332=ORIENTED_EDGE('',*,*,#2929,.F.);
#1333=ORIENTED_EDGE('',*,*,#2930,.T.);
#1334=ORIENTED_EDGE('',*,*,#2931,.F.);
#1335=ORIENTED_EDGE('',*,*,#2916,.F.);
#1336=ORIENTED_EDGE('',*,*,#2932,.T.);
#1337=ORIENTED_EDGE('',*,*,#2933,.F.);
#1338=ORIENTED_EDGE('',*,*,#2934,.T.);
#1339=ORIENTED_EDGE('',*,*,#2935,.T.);
#1340=ORIENTED_EDGE('',*,*,#2936,.T.);
#1341=ORIENTED_EDGE('',*,*,#2937,.T.);
#1342=ORIENTED_EDGE('',*,*,#2938,.F.);
#1343=ORIENTED_EDGE('',*,*,#2938,.T.);
#1344=ORIENTED_EDGE('',*,*,#2939,.T.);
#1345=ORIENTED_EDGE('',*,*,#2940,.T.);
#1346=ORIENTED_EDGE('',*,*,#2941,.T.);
#1347=ORIENTED_EDGE('',*,*,#2942,.F.);
#1348=ORIENTED_EDGE('',*,*,#2943,.T.);
#1349=ORIENTED_EDGE('',*,*,#2944,.T.);
#1350=ORIENTED_EDGE('',*,*,#2945,.F.);
#1351=ORIENTED_EDGE('',*,*,#2946,.T.);
#1352=ORIENTED_EDGE('',*,*,#2947,.F.);
#1353=ORIENTED_EDGE('',*,*,#2948,.T.);
#1354=ORIENTED_EDGE('',*,*,#2949,.T.);
#1355=ORIENTED_EDGE('',*,*,#2950,.T.);
#1356=ORIENTED_EDGE('',*,*,#2951,.T.);
#1357=ORIENTED_EDGE('',*,*,#2929,.T.);
#1358=ORIENTED_EDGE('',*,*,#2952,.T.);
#1359=ORIENTED_EDGE('',*,*,#2953,.T.);
#1360=ORIENTED_EDGE('',*,*,#2954,.T.);
#1361=ORIENTED_EDGE('',*,*,#2955,.T.);
#1362=ORIENTED_EDGE('',*,*,#2956,.T.);
#1363=ORIENTED_EDGE('',*,*,#2957,.T.);
#1364=ORIENTED_EDGE('',*,*,#2958,.T.);
#1365=ORIENTED_EDGE('',*,*,#2959,.T.);
#1366=ORIENTED_EDGE('',*,*,#2960,.T.);
#1367=ORIENTED_EDGE('',*,*,#2961,.T.);
#1368=ORIENTED_EDGE('',*,*,#2962,.T.);
#1369=ORIENTED_EDGE('',*,*,#2963,.T.);
#1370=ORIENTED_EDGE('',*,*,#2964,.T.);
#1371=ORIENTED_EDGE('',*,*,#2965,.T.);
#1372=ORIENTED_EDGE('',*,*,#2966,.T.);
#1373=ORIENTED_EDGE('',*,*,#2967,.T.);
#1374=ORIENTED_EDGE('',*,*,#2968,.T.);
#1375=ORIENTED_EDGE('',*,*,#2969,.T.);
#1376=ORIENTED_EDGE('',*,*,#2970,.T.);
#1377=ORIENTED_EDGE('',*,*,#2971,.T.);
#1378=ORIENTED_EDGE('',*,*,#2972,.T.);
#1379=ORIENTED_EDGE('',*,*,#2973,.T.);
#1380=ORIENTED_EDGE('',*,*,#2974,.T.);
#1381=ORIENTED_EDGE('',*,*,#2975,.T.);
#1382=ORIENTED_EDGE('',*,*,#2976,.T.);
#1383=ORIENTED_EDGE('',*,*,#2977,.T.);
#1384=ORIENTED_EDGE('',*,*,#2978,.T.);
#1385=ORIENTED_EDGE('',*,*,#2979,.T.);
#1386=ORIENTED_EDGE('',*,*,#2980,.T.);
#1387=ORIENTED_EDGE('',*,*,#2981,.T.);
#1388=ORIENTED_EDGE('',*,*,#2982,.T.);
#1389=ORIENTED_EDGE('',*,*,#2983,.T.);
#1390=ORIENTED_EDGE('',*,*,#2984,.T.);
#1391=ORIENTED_EDGE('',*,*,#2985,.T.);
#1392=ORIENTED_EDGE('',*,*,#2986,.T.);
#1393=ORIENTED_EDGE('',*,*,#2987,.T.);
#1394=ORIENTED_EDGE('',*,*,#2988,.T.);
#1395=ORIENTED_EDGE('',*,*,#2989,.T.);
#1396=ORIENTED_EDGE('',*,*,#2990,.T.);
#1397=ORIENTED_EDGE('',*,*,#2991,.T.);
#1398=ORIENTED_EDGE('',*,*,#2992,.T.);
#1399=ORIENTED_EDGE('',*,*,#2993,.T.);
#1400=ORIENTED_EDGE('',*,*,#2994,.T.);
#1401=ORIENTED_EDGE('',*,*,#2995,.T.);
#1402=ORIENTED_EDGE('',*,*,#2996,.T.);
#1403=ORIENTED_EDGE('',*,*,#2997,.T.);
#1404=ORIENTED_EDGE('',*,*,#2998,.T.);
#1405=ORIENTED_EDGE('',*,*,#2999,.T.);
#1406=ORIENTED_EDGE('',*,*,#3000,.T.);
#1407=ORIENTED_EDGE('',*,*,#3001,.T.);
#1408=ORIENTED_EDGE('',*,*,#3002,.T.);
#1409=ORIENTED_EDGE('',*,*,#3003,.T.);
#1410=ORIENTED_EDGE('',*,*,#3004,.T.);
#1411=ORIENTED_EDGE('',*,*,#3005,.T.);
#1412=ORIENTED_EDGE('',*,*,#3006,.T.);
#1413=ORIENTED_EDGE('',*,*,#3007,.T.);
#1414=ORIENTED_EDGE('',*,*,#3008,.T.);
#1415=ORIENTED_EDGE('',*,*,#3009,.T.);
#1416=ORIENTED_EDGE('',*,*,#3010,.T.);
#1417=ORIENTED_EDGE('',*,*,#3011,.T.);
#1418=ORIENTED_EDGE('',*,*,#3012,.T.);
#1419=ORIENTED_EDGE('',*,*,#3013,.T.);
#1420=ORIENTED_EDGE('',*,*,#3014,.T.);
#1421=ORIENTED_EDGE('',*,*,#3015,.T.);
#1422=ORIENTED_EDGE('',*,*,#3016,.T.);
#1423=ORIENTED_EDGE('',*,*,#3017,.T.);
#1424=ORIENTED_EDGE('',*,*,#3018,.T.);
#1425=ORIENTED_EDGE('',*,*,#3019,.T.);
#1426=ORIENTED_EDGE('',*,*,#3020,.T.);
#1427=ORIENTED_EDGE('',*,*,#3021,.T.);
#1428=ORIENTED_EDGE('',*,*,#3022,.T.);
#1429=ORIENTED_EDGE('',*,*,#3023,.T.);
#1430=ORIENTED_EDGE('',*,*,#3024,.T.);
#1431=ORIENTED_EDGE('',*,*,#3025,.T.);
#1432=ORIENTED_EDGE('',*,*,#3026,.T.);
#1433=ORIENTED_EDGE('',*,*,#3027,.T.);
#1434=ORIENTED_EDGE('',*,*,#3028,.T.);
#1435=ORIENTED_EDGE('',*,*,#3029,.F.);
#1436=ORIENTED_EDGE('',*,*,#3030,.T.);
#1437=ORIENTED_EDGE('',*,*,#3031,.T.);
#1438=ORIENTED_EDGE('',*,*,#3032,.F.);
#1439=ORIENTED_EDGE('',*,*,#3033,.F.);
#1440=ORIENTED_EDGE('',*,*,#3034,.T.);
#1441=ORIENTED_EDGE('',*,*,#3035,.F.);
#1442=ORIENTED_EDGE('',*,*,#3036,.T.);
#1443=ORIENTED_EDGE('',*,*,#3037,.F.);
#1444=ORIENTED_EDGE('',*,*,#3038,.T.);
#1445=ORIENTED_EDGE('',*,*,#3039,.T.);
#1446=ORIENTED_EDGE('',*,*,#3040,.F.);
#1447=ORIENTED_EDGE('',*,*,#3041,.T.);
#1448=ORIENTED_EDGE('',*,*,#3042,.F.);
#1449=ORIENTED_EDGE('',*,*,#3043,.T.);
#1450=ORIENTED_EDGE('',*,*,#3044,.F.);
#1451=ORIENTED_EDGE('',*,*,#3045,.T.);
#1452=ORIENTED_EDGE('',*,*,#3046,.T.);
#1453=ORIENTED_EDGE('',*,*,#3047,.F.);
#1454=ORIENTED_EDGE('',*,*,#3048,.T.);
#1455=ORIENTED_EDGE('',*,*,#3049,.F.);
#1456=ORIENTED_EDGE('',*,*,#3050,.T.);
#1457=ORIENTED_EDGE('',*,*,#3051,.T.);
#1458=ORIENTED_EDGE('',*,*,#3052,.T.);
#1459=ORIENTED_EDGE('',*,*,#3053,.F.);
#1460=ORIENTED_EDGE('',*,*,#3054,.T.);
#1461=ORIENTED_EDGE('',*,*,#3055,.F.);
#1462=ORIENTED_EDGE('',*,*,#3056,.T.);
#1463=ORIENTED_EDGE('',*,*,#3057,.F.);
#1464=ORIENTED_EDGE('',*,*,#3058,.T.);
#1465=ORIENTED_EDGE('',*,*,#3059,.F.);
#1466=ORIENTED_EDGE('',*,*,#3060,.T.);
#1467=ORIENTED_EDGE('',*,*,#3061,.T.);
#1468=ORIENTED_EDGE('',*,*,#3062,.T.);
#1469=ORIENTED_EDGE('',*,*,#3063,.T.);
#1470=ORIENTED_EDGE('',*,*,#3064,.T.);
#1471=ORIENTED_EDGE('',*,*,#3065,.T.);
#1472=ORIENTED_EDGE('',*,*,#3066,.T.);
#1473=ORIENTED_EDGE('',*,*,#3067,.T.);
#1474=ORIENTED_EDGE('',*,*,#3068,.T.);
#1475=ORIENTED_EDGE('',*,*,#3069,.T.);
#1476=ORIENTED_EDGE('',*,*,#3070,.T.);
#1477=ORIENTED_EDGE('',*,*,#3071,.T.);
#1478=ORIENTED_EDGE('',*,*,#3072,.T.);
#1479=ORIENTED_EDGE('',*,*,#3073,.T.);
#1480=ORIENTED_EDGE('',*,*,#3074,.T.);
#1481=ORIENTED_EDGE('',*,*,#2933,.T.);
#1482=ORIENTED_EDGE('',*,*,#3075,.T.);
#1483=ORIENTED_EDGE('',*,*,#3076,.F.);
#1484=ORIENTED_EDGE('',*,*,#3077,.T.);
#1485=ORIENTED_EDGE('',*,*,#3078,.F.);
#1486=ORIENTED_EDGE('',*,*,#3079,.T.);
#1487=ORIENTED_EDGE('',*,*,#3080,.T.);
#1488=ORIENTED_EDGE('',*,*,#3081,.T.);
#1489=ORIENTED_EDGE('',*,*,#3082,.F.);
#1490=ORIENTED_EDGE('',*,*,#3083,.T.);
#1491=ORIENTED_EDGE('',*,*,#3084,.T.);
#1492=ORIENTED_EDGE('',*,*,#3085,.T.);
#1493=ORIENTED_EDGE('',*,*,#3086,.T.);
#1494=ORIENTED_EDGE('',*,*,#3046,.F.);
#1495=ORIENTED_EDGE('',*,*,#3087,.T.);
#1496=ORIENTED_EDGE('',*,*,#3088,.F.);
#1497=ORIENTED_EDGE('',*,*,#3089,.F.);
#1498=ORIENTED_EDGE('',*,*,#3060,.F.);
#1499=ORIENTED_EDGE('',*,*,#3090,.T.);
#1500=ORIENTED_EDGE('',*,*,#3091,.F.);
#1501=ORIENTED_EDGE('',*,*,#3092,.F.);
#1502=ORIENTED_EDGE('',*,*,#3093,.T.);
#1503=ORIENTED_EDGE('',*,*,#3094,.T.);
#1504=ORIENTED_EDGE('',*,*,#3095,.T.);
#1505=ORIENTED_EDGE('',*,*,#3096,.T.);
#1506=ORIENTED_EDGE('',*,*,#3088,.T.);
#1507=ORIENTED_EDGE('',*,*,#3097,.T.);
#1508=ORIENTED_EDGE('',*,*,#3098,.T.);
#1509=ORIENTED_EDGE('',*,*,#3099,.T.);
#1510=ORIENTED_EDGE('',*,*,#3100,.T.);
#1511=ORIENTED_EDGE('',*,*,#3101,.F.);
#1512=ORIENTED_EDGE('',*,*,#3102,.T.);
#1513=ORIENTED_EDGE('',*,*,#3103,.T.);
#1514=ORIENTED_EDGE('',*,*,#3104,.T.);
#1515=ORIENTED_EDGE('',*,*,#3105,.F.);
#1516=ORIENTED_EDGE('',*,*,#3106,.T.);
#1517=ORIENTED_EDGE('',*,*,#3107,.F.);
#1518=ORIENTED_EDGE('',*,*,#3091,.T.);
#1519=ORIENTED_EDGE('',*,*,#3108,.T.);
#1520=ORIENTED_EDGE('',*,*,#3109,.T.);
#1521=ORIENTED_EDGE('',*,*,#3110,.F.);
#1522=ORIENTED_EDGE('',*,*,#3099,.F.);
#1523=ORIENTED_EDGE('',*,*,#3111,.T.);
#1524=ORIENTED_EDGE('',*,*,#3037,.T.);
#1525=ORIENTED_EDGE('',*,*,#3112,.T.);
#1526=ORIENTED_EDGE('',*,*,#3047,.T.);
#1527=ORIENTED_EDGE('',*,*,#3089,.T.);
#1528=ORIENTED_EDGE('',*,*,#3096,.F.);
#1529=ORIENTED_EDGE('',*,*,#3113,.T.);
#1530=ORIENTED_EDGE('',*,*,#3061,.F.);
#1531=ORIENTED_EDGE('',*,*,#3092,.T.);
#1532=ORIENTED_EDGE('',*,*,#3107,.T.);
#1533=ORIENTED_EDGE('',*,*,#3114,.T.);
#1534=ORIENTED_EDGE('',*,*,#3110,.T.);
#1535=ORIENTED_EDGE('',*,*,#3115,.T.);
#1536=ORIENTED_EDGE('',*,*,#3051,.F.);
#1537=ORIENTED_EDGE('',*,*,#3116,.T.);
#1538=ORIENTED_EDGE('',*,*,#3117,.T.);
#1539=ORIENTED_EDGE('',*,*,#3118,.T.);
#1540=ORIENTED_EDGE('',*,*,#2942,.T.);
#1541=ORIENTED_EDGE('',*,*,#3119,.T.);
#1542=ORIENTED_EDGE('',*,*,#3120,.T.);
#1543=ORIENTED_EDGE('',*,*,#3121,.T.);
#1544=ORIENTED_EDGE('',*,*,#3066,.F.);
#1545=ORIENTED_EDGE('',*,*,#3122,.T.);
#1546=ORIENTED_EDGE('',*,*,#3123,.T.);
#1547=ORIENTED_EDGE('',*,*,#3117,.F.);
#1548=ORIENTED_EDGE('',*,*,#3065,.F.);
#1549=ORIENTED_EDGE('',*,*,#3124,.T.);
#1550=ORIENTED_EDGE('',*,*,#3125,.T.);
#1551=ORIENTED_EDGE('',*,*,#3126,.T.);
#1552=ORIENTED_EDGE('',*,*,#3063,.F.);
#1553=ORIENTED_EDGE('',*,*,#3127,.T.);
#1554=ORIENTED_EDGE('',*,*,#3105,.T.);
#1555=ORIENTED_EDGE('',*,*,#3128,.T.);
#1556=ORIENTED_EDGE('',*,*,#3129,.T.);
#1557=ORIENTED_EDGE('',*,*,#3130,.T.);
#1558=ORIENTED_EDGE('',*,*,#3131,.T.);
#1559=ORIENTED_EDGE('',*,*,#3049,.T.);
#1560=ORIENTED_EDGE('',*,*,#3132,.T.);
#1561=ORIENTED_EDGE('',*,*,#3133,.T.);
#1562=ORIENTED_EDGE('',*,*,#3134,.F.);
#1563=ORIENTED_EDGE('',*,*,#2946,.F.);
#1564=ORIENTED_EDGE('',*,*,#3035,.T.);
#1565=ORIENTED_EDGE('',*,*,#3135,.T.);
#1566=ORIENTED_EDGE('',*,*,#3136,.T.);
#1567=ORIENTED_EDGE('',*,*,#3137,.T.);
#1568=ORIENTED_EDGE('',*,*,#3138,.T.);
#1569=ORIENTED_EDGE('',*,*,#3101,.T.);
#1570=ORIENTED_EDGE('',*,*,#3139,.T.);
#1571=ORIENTED_EDGE('',*,*,#3140,.T.);
#1572=ORIENTED_EDGE('',*,*,#3141,.T.);
#1573=ORIENTED_EDGE('',*,*,#3142,.T.);
#1574=ORIENTED_EDGE('',*,*,#3033,.T.);
#1575=ORIENTED_EDGE('',*,*,#2950,.F.);
#1576=ORIENTED_EDGE('',*,*,#3143,.T.);
#1577=ORIENTED_EDGE('',*,*,#3140,.F.);
#1578=ORIENTED_EDGE('',*,*,#3032,.T.);
#1579=ORIENTED_EDGE('',*,*,#3144,.F.);
#1580=ORIENTED_EDGE('',*,*,#3145,.F.);
#1581=ORIENTED_EDGE('',*,*,#3146,.T.);
#1582=ORIENTED_EDGE('',*,*,#3147,.T.);
#1583=ORIENTED_EDGE('',*,*,#3148,.T.);
#1584=ORIENTED_EDGE('',*,*,#3149,.T.);
#1585=ORIENTED_EDGE('',*,*,#3150,.T.);
#1586=ORIENTED_EDGE('',*,*,#3151,.T.);
#1587=ORIENTED_EDGE('',*,*,#3152,.T.);
#1588=ORIENTED_EDGE('',*,*,#2947,.T.);
#1589=ORIENTED_EDGE('',*,*,#3134,.T.);
#1590=ORIENTED_EDGE('',*,*,#2913,.F.);
#1591=ORIENTED_EDGE('',*,*,#3153,.T.);
#1592=ORIENTED_EDGE('',*,*,#2927,.T.);
#1593=ORIENTED_EDGE('',*,*,#3144,.T.);
#1594=ORIENTED_EDGE('',*,*,#3154,.T.);
#1595=ORIENTED_EDGE('',*,*,#3155,.F.);
#1596=ORIENTED_EDGE('',*,*,#3156,.T.);
#1597=ORIENTED_EDGE('',*,*,#3157,.T.);
#1598=ORIENTED_EDGE('',*,*,#3158,.T.);
#1599=ORIENTED_EDGE('',*,*,#3155,.T.);
#1600=ORIENTED_EDGE('',*,*,#3159,.T.);
#1601=ORIENTED_EDGE('',*,*,#3160,.T.);
#1602=ORIENTED_EDGE('',*,*,#3161,.T.);
#1603=ORIENTED_EDGE('',*,*,#3162,.T.);
#1604=ORIENTED_EDGE('',*,*,#3163,.T.);
#1605=ORIENTED_EDGE('',*,*,#2901,.T.);
#1606=ORIENTED_EDGE('',*,*,#3164,.T.);
#1607=ORIENTED_EDGE('',*,*,#3165,.T.);
#1608=ORIENTED_EDGE('',*,*,#3166,.T.);
#1609=ORIENTED_EDGE('',*,*,#3082,.T.);
#1610=ORIENTED_EDGE('',*,*,#3167,.T.);
#1611=ORIENTED_EDGE('',*,*,#3121,.F.);
#1612=ORIENTED_EDGE('',*,*,#2893,.F.);
#1613=ORIENTED_EDGE('',*,*,#3168,.T.);
#1614=ORIENTED_EDGE('',*,*,#2945,.T.);
#1615=ORIENTED_EDGE('',*,*,#3169,.T.);
#1616=ORIENTED_EDGE('',*,*,#3170,.T.);
#1617=ORIENTED_EDGE('',*,*,#3129,.F.);
#1618=ORIENTED_EDGE('',*,*,#3120,.F.);
#1619=ORIENTED_EDGE('',*,*,#3171,.T.);
#1620=ORIENTED_EDGE('',*,*,#3172,.T.);
#1621=ORIENTED_EDGE('',*,*,#2894,.T.);
#1622=ORIENTED_EDGE('',*,*,#2931,.T.);
#1623=ORIENTED_EDGE('',*,*,#3173,.T.);
#1624=ORIENTED_EDGE('',*,*,#3145,.T.);
#1625=ORIENTED_EDGE('',*,*,#2926,.T.);
#1626=ORIENTED_EDGE('',*,*,#2940,.F.);
#1627=ORIENTED_EDGE('',*,*,#3174,.T.);
#1628=ORIENTED_EDGE('',*,*,#2895,.F.);
#1629=ORIENTED_EDGE('',*,*,#3172,.F.);
#1630=ORIENTED_EDGE('',*,*,#3175,.T.);
#1631=ORIENTED_EDGE('',*,*,#3175,.F.);
#1632=ORIENTED_EDGE('',*,*,#3171,.F.);
#1633=ORIENTED_EDGE('',*,*,#3119,.F.);
#1634=ORIENTED_EDGE('',*,*,#2941,.F.);
#1635=ORIENTED_EDGE('',*,*,#3146,.F.);
#1636=ORIENTED_EDGE('',*,*,#3173,.F.);
#1637=ORIENTED_EDGE('',*,*,#2930,.F.);
#1638=ORIENTED_EDGE('',*,*,#2951,.F.);
#1639=ORIENTED_EDGE('',*,*,#3062,.F.);
#1640=ORIENTED_EDGE('',*,*,#3114,.F.);
#1641=ORIENTED_EDGE('',*,*,#3106,.F.);
#1642=ORIENTED_EDGE('',*,*,#3127,.F.);
#1643=ORIENTED_EDGE('',*,*,#3050,.F.);
#1644=ORIENTED_EDGE('',*,*,#3131,.F.);
#1645=ORIENTED_EDGE('',*,*,#3176,.T.);
#1646=ORIENTED_EDGE('',*,*,#3102,.F.);
#1647=ORIENTED_EDGE('',*,*,#3116,.F.);
#1648=ORIENTED_EDGE('',*,*,#3036,.F.);
#1649=ORIENTED_EDGE('',*,*,#3139,.F.);
#1650=ORIENTED_EDGE('',*,*,#3100,.F.);
#1651=ORIENTED_EDGE('',*,*,#3112,.F.);
#1652=ORIENTED_EDGE('',*,*,#3048,.F.);
#1653=ORIENTED_EDGE('',*,*,#3113,.F.);
#1654=ORIENTED_EDGE('',*,*,#3095,.F.);
#1655=ORIENTED_EDGE('',*,*,#3177,.T.);
#1656=ORIENTED_EDGE('',*,*,#3132,.F.);
#1657=ORIENTED_EDGE('',*,*,#3109,.F.);
#1658=ORIENTED_EDGE('',*,*,#3178,.T.);
#1659=ORIENTED_EDGE('',*,*,#3052,.F.);
#1660=ORIENTED_EDGE('',*,*,#3115,.F.);
#1661=ORIENTED_EDGE('',*,*,#3098,.F.);
#1662=ORIENTED_EDGE('',*,*,#3179,.T.);
#1663=ORIENTED_EDGE('',*,*,#3038,.F.);
#1664=ORIENTED_EDGE('',*,*,#3111,.F.);
#1665=ORIENTED_EDGE('',*,*,#3170,.F.);
#1666=ORIENTED_EDGE('',*,*,#3180,.T.);
#1667=ORIENTED_EDGE('',*,*,#3128,.F.);
#1668=ORIENTED_EDGE('',*,*,#3104,.F.);
#1669=ORIENTED_EDGE('',*,*,#3181,.F.);
#1670=ORIENTED_EDGE('',*,*,#3181,.T.);
#1671=ORIENTED_EDGE('',*,*,#3103,.F.);
#1672=ORIENTED_EDGE('',*,*,#3176,.F.);
#1673=ORIENTED_EDGE('',*,*,#3130,.F.);
#1674=ORIENTED_EDGE('',*,*,#3138,.F.);
#1675=ORIENTED_EDGE('',*,*,#3182,.T.);
#1676=ORIENTED_EDGE('',*,*,#3151,.F.);
#1677=ORIENTED_EDGE('',*,*,#3183,.F.);
#1678=ORIENTED_EDGE('',*,*,#3093,.F.);
#1679=ORIENTED_EDGE('',*,*,#3177,.F.);
#1680=ORIENTED_EDGE('',*,*,#3094,.F.);
#1681=ORIENTED_EDGE('',*,*,#3183,.T.);
#1682=ORIENTED_EDGE('',*,*,#3133,.F.);
#1683=ORIENTED_EDGE('',*,*,#3137,.F.);
#1684=ORIENTED_EDGE('',*,*,#3184,.T.);
#1685=ORIENTED_EDGE('',*,*,#2948,.F.);
#1686=ORIENTED_EDGE('',*,*,#3152,.F.);
#1687=ORIENTED_EDGE('',*,*,#3182,.F.);
#1688=ORIENTED_EDGE('',*,*,#2944,.F.);
#1689=ORIENTED_EDGE('',*,*,#3185,.T.);
#1690=ORIENTED_EDGE('',*,*,#3124,.F.);
#1691=ORIENTED_EDGE('',*,*,#3180,.F.);
#1692=ORIENTED_EDGE('',*,*,#3169,.F.);
#1693=ORIENTED_EDGE('',*,*,#3186,.F.);
#1694=ORIENTED_EDGE('',*,*,#3187,.T.);
#1695=ORIENTED_EDGE('',*,*,#3188,.F.);
#1696=ORIENTED_EDGE('',*,*,#3189,.T.);
#1697=ORIENTED_EDGE('',*,*,#3190,.F.);
#1698=ORIENTED_EDGE('',*,*,#2852,.F.);
#1699=ORIENTED_EDGE('',*,*,#3191,.T.);
#1700=ORIENTED_EDGE('',*,*,#3053,.T.);
#1701=ORIENTED_EDGE('',*,*,#3178,.F.);
#1702=ORIENTED_EDGE('',*,*,#3192,.T.);
#1703=ORIENTED_EDGE('',*,*,#3186,.T.);
#1704=ORIENTED_EDGE('',*,*,#3193,.F.);
#1705=ORIENTED_EDGE('',*,*,#2911,.F.);
#1706=ORIENTED_EDGE('',*,*,#3194,.T.);
#1707=ORIENTED_EDGE('',*,*,#3195,.T.);
#1708=ORIENTED_EDGE('',*,*,#3189,.F.);
#1709=ORIENTED_EDGE('',*,*,#3196,.F.);
#1710=ORIENTED_EDGE('',*,*,#2912,.T.);
#1711=ORIENTED_EDGE('',*,*,#3193,.T.);
#1712=ORIENTED_EDGE('',*,*,#2825,.F.);
#1713=ORIENTED_EDGE('',*,*,#2832,.F.);
#1714=ORIENTED_EDGE('',*,*,#3197,.T.);
#1715=ORIENTED_EDGE('',*,*,#3198,.T.);
#1716=ORIENTED_EDGE('',*,*,#2909,.F.);
#1717=ORIENTED_EDGE('',*,*,#3196,.T.);
#1718=ORIENTED_EDGE('',*,*,#3188,.T.);
#1719=ORIENTED_EDGE('',*,*,#3199,.T.);
#1720=ORIENTED_EDGE('',*,*,#3090,.F.);
#1721=ORIENTED_EDGE('',*,*,#3059,.T.);
#1722=ORIENTED_EDGE('',*,*,#3200,.F.);
#1723=ORIENTED_EDGE('',*,*,#2842,.F.);
#1724=ORIENTED_EDGE('',*,*,#3058,.F.);
#1725=ORIENTED_EDGE('',*,*,#3201,.F.);
#1726=ORIENTED_EDGE('',*,*,#2843,.T.);
#1727=ORIENTED_EDGE('',*,*,#3200,.T.);
#1728=ORIENTED_EDGE('',*,*,#3057,.T.);
#1729=ORIENTED_EDGE('',*,*,#3202,.F.);
#1730=ORIENTED_EDGE('',*,*,#2844,.F.);
#1731=ORIENTED_EDGE('',*,*,#3201,.T.);
#1732=ORIENTED_EDGE('',*,*,#3056,.F.);
#1733=ORIENTED_EDGE('',*,*,#3203,.F.);
#1734=ORIENTED_EDGE('',*,*,#3204,.F.);
#1735=ORIENTED_EDGE('',*,*,#3205,.T.);
#1736=ORIENTED_EDGE('',*,*,#2845,.T.);
#1737=ORIENTED_EDGE('',*,*,#3202,.T.);
#1738=ORIENTED_EDGE('',*,*,#3206,.F.);
#1739=ORIENTED_EDGE('',*,*,#3207,.F.);
#1740=ORIENTED_EDGE('',*,*,#3208,.T.);
#1741=ORIENTED_EDGE('',*,*,#3203,.T.);
#1742=ORIENTED_EDGE('',*,*,#3055,.T.);
#1743=ORIENTED_EDGE('',*,*,#3054,.F.);
#1744=ORIENTED_EDGE('',*,*,#3191,.F.);
#1745=ORIENTED_EDGE('',*,*,#2851,.T.);
#1746=ORIENTED_EDGE('',*,*,#3209,.T.);
#1747=ORIENTED_EDGE('',*,*,#3210,.T.);
#1748=ORIENTED_EDGE('',*,*,#3207,.T.);
#1749=ORIENTED_EDGE('',*,*,#3206,.T.);
#1750=ORIENTED_EDGE('',*,*,#3211,.T.);
#1751=ORIENTED_EDGE('',*,*,#3212,.T.);
#1752=ORIENTED_EDGE('',*,*,#3213,.T.);
#1753=ORIENTED_EDGE('',*,*,#3214,.F.);
#1754=ORIENTED_EDGE('',*,*,#3214,.T.);
#1755=ORIENTED_EDGE('',*,*,#3215,.F.);
#1756=ORIENTED_EDGE('',*,*,#2873,.F.);
#1757=ORIENTED_EDGE('',*,*,#3216,.T.);
#1758=ORIENTED_EDGE('',*,*,#2875,.T.);
#1759=ORIENTED_EDGE('',*,*,#2833,.T.);
#1760=ORIENTED_EDGE('',*,*,#3217,.T.);
#1761=ORIENTED_EDGE('',*,*,#3218,.T.);
#1762=ORIENTED_EDGE('',*,*,#2870,.T.);
#1763=ORIENTED_EDGE('',*,*,#3215,.T.);
#1764=ORIENTED_EDGE('',*,*,#3213,.F.);
#1765=ORIENTED_EDGE('',*,*,#3219,.T.);
#1766=ORIENTED_EDGE('',*,*,#3087,.F.);
#1767=ORIENTED_EDGE('',*,*,#3045,.F.);
#1768=ORIENTED_EDGE('',*,*,#3220,.F.);
#1769=ORIENTED_EDGE('',*,*,#3044,.T.);
#1770=ORIENTED_EDGE('',*,*,#3221,.F.);
#1771=ORIENTED_EDGE('',*,*,#3222,.T.);
#1772=ORIENTED_EDGE('',*,*,#3223,.F.);
#1773=ORIENTED_EDGE('',*,*,#3224,.T.);
#1774=ORIENTED_EDGE('',*,*,#2876,.F.);
#1775=ORIENTED_EDGE('',*,*,#3220,.T.);
#1776=ORIENTED_EDGE('',*,*,#3225,.F.);
#1777=ORIENTED_EDGE('',*,*,#3226,.T.);
#1778=ORIENTED_EDGE('',*,*,#3222,.F.);
#1779=ORIENTED_EDGE('',*,*,#3221,.T.);
#1780=ORIENTED_EDGE('',*,*,#3043,.F.);
#1781=ORIENTED_EDGE('',*,*,#3042,.T.);
#1782=ORIENTED_EDGE('',*,*,#3227,.F.);
#1783=ORIENTED_EDGE('',*,*,#2882,.F.);
#1784=ORIENTED_EDGE('',*,*,#3228,.T.);
#1785=ORIENTED_EDGE('',*,*,#2908,.T.);
#1786=ORIENTED_EDGE('',*,*,#3225,.T.);
#1787=ORIENTED_EDGE('',*,*,#3041,.F.);
#1788=ORIENTED_EDGE('',*,*,#3229,.F.);
#1789=ORIENTED_EDGE('',*,*,#2883,.T.);
#1790=ORIENTED_EDGE('',*,*,#3227,.T.);
#1791=ORIENTED_EDGE('',*,*,#3040,.T.);
#1792=ORIENTED_EDGE('',*,*,#3230,.F.);
#1793=ORIENTED_EDGE('',*,*,#2884,.F.);
#1794=ORIENTED_EDGE('',*,*,#3229,.T.);
#1795=ORIENTED_EDGE('',*,*,#2855,.T.);
#1796=ORIENTED_EDGE('',*,*,#2885,.T.);
#1797=ORIENTED_EDGE('',*,*,#3230,.T.);
#1798=ORIENTED_EDGE('',*,*,#3039,.F.);
#1799=ORIENTED_EDGE('',*,*,#3179,.F.);
#1800=ORIENTED_EDGE('',*,*,#3231,.T.);
#1801=ORIENTED_EDGE('',*,*,#3211,.F.);
#1802=ORIENTED_EDGE('',*,*,#3216,.F.);
#1803=ORIENTED_EDGE('',*,*,#2872,.T.);
#1804=ORIENTED_EDGE('',*,*,#3232,.T.);
#1805=ORIENTED_EDGE('',*,*,#3233,.T.);
#1806=ORIENTED_EDGE('',*,*,#3192,.F.);
#1807=ORIENTED_EDGE('',*,*,#3108,.F.);
#1808=ORIENTED_EDGE('',*,*,#3199,.F.);
#1809=ORIENTED_EDGE('',*,*,#3187,.F.);
#1810=ORIENTED_EDGE('',*,*,#3231,.F.);
#1811=ORIENTED_EDGE('',*,*,#3097,.F.);
#1812=ORIENTED_EDGE('',*,*,#3219,.F.);
#1813=ORIENTED_EDGE('',*,*,#3212,.F.);
#1814=ORIENTED_EDGE('',*,*,#3234,.F.);
#1815=ORIENTED_EDGE('',*,*,#3135,.F.);
#1816=ORIENTED_EDGE('',*,*,#3034,.F.);
#1817=ORIENTED_EDGE('',*,*,#3142,.F.);
#1818=ORIENTED_EDGE('',*,*,#3235,.F.);
#1819=ORIENTED_EDGE('',*,*,#3234,.T.);
#1820=ORIENTED_EDGE('',*,*,#3236,.F.);
#1821=ORIENTED_EDGE('',*,*,#3136,.F.);
#1822=ORIENTED_EDGE('',*,*,#3235,.T.);
#1823=ORIENTED_EDGE('',*,*,#3237,.F.);
#1824=ORIENTED_EDGE('',*,*,#3184,.F.);
#1825=ORIENTED_EDGE('',*,*,#3143,.F.);
#1826=ORIENTED_EDGE('',*,*,#2949,.F.);
#1827=ORIENTED_EDGE('',*,*,#3237,.T.);
#1828=ORIENTED_EDGE('',*,*,#3236,.T.);
#1829=ORIENTED_EDGE('',*,*,#3141,.F.);
#1830=ORIENTED_EDGE('',*,*,#3064,.F.);
#1831=ORIENTED_EDGE('',*,*,#3126,.F.);
#1832=ORIENTED_EDGE('',*,*,#3238,.F.);
#1833=ORIENTED_EDGE('',*,*,#3122,.F.);
#1834=ORIENTED_EDGE('',*,*,#3239,.F.);
#1835=ORIENTED_EDGE('',*,*,#3125,.F.);
#1836=ORIENTED_EDGE('',*,*,#3185,.F.);
#1837=ORIENTED_EDGE('',*,*,#3240,.F.);
#1838=ORIENTED_EDGE('',*,*,#3238,.T.);
#1839=ORIENTED_EDGE('',*,*,#3239,.T.);
#1840=ORIENTED_EDGE('',*,*,#3241,.F.);
#1841=ORIENTED_EDGE('',*,*,#3240,.T.);
#1842=ORIENTED_EDGE('',*,*,#2943,.F.);
#1843=ORIENTED_EDGE('',*,*,#3118,.F.);
#1844=ORIENTED_EDGE('',*,*,#3123,.F.);
#1845=ORIENTED_EDGE('',*,*,#3241,.T.);
#1846=ORIENTED_EDGE('',*,*,#3149,.F.);
#1847=ORIENTED_EDGE('',*,*,#3242,.T.);
#1848=ORIENTED_EDGE('',*,*,#3243,.T.);
#1849=ORIENTED_EDGE('',*,*,#2917,.F.);
#1850=ORIENTED_EDGE('',*,*,#2934,.F.);
#1851=ORIENTED_EDGE('',*,*,#3074,.F.);
#1852=ORIENTED_EDGE('',*,*,#3244,.F.);
#1853=ORIENTED_EDGE('',*,*,#3244,.T.);
#1854=ORIENTED_EDGE('',*,*,#3073,.F.);
#1855=ORIENTED_EDGE('',*,*,#3245,.F.);
#1856=ORIENTED_EDGE('',*,*,#3150,.F.);
#1857=ORIENTED_EDGE('',*,*,#3071,.F.);
#1858=ORIENTED_EDGE('',*,*,#3246,.T.);
#1859=ORIENTED_EDGE('',*,*,#3086,.F.);
#1860=ORIENTED_EDGE('',*,*,#3247,.F.);
#1861=ORIENTED_EDGE('',*,*,#3248,.T.);
#1862=ORIENTED_EDGE('',*,*,#3249,.T.);
#1863=ORIENTED_EDGE('',*,*,#3147,.F.);
#1864=ORIENTED_EDGE('',*,*,#3245,.T.);
#1865=ORIENTED_EDGE('',*,*,#3072,.F.);
#1866=ORIENTED_EDGE('',*,*,#3247,.T.);
#1867=ORIENTED_EDGE('',*,*,#3085,.F.);
#1868=ORIENTED_EDGE('',*,*,#3250,.F.);
#1869=ORIENTED_EDGE('',*,*,#3251,.T.);
#1870=ORIENTED_EDGE('',*,*,#3252,.F.);
#1871=ORIENTED_EDGE('',*,*,#2955,.F.);
#1872=ORIENTED_EDGE('',*,*,#3252,.T.);
#1873=ORIENTED_EDGE('',*,*,#3253,.T.);
#1874=ORIENTED_EDGE('',*,*,#2935,.F.);
#1875=ORIENTED_EDGE('',*,*,#2956,.F.);
#1876=ORIENTED_EDGE('',*,*,#3254,.F.);
#1877=ORIENTED_EDGE('',*,*,#3255,.T.);
#1878=ORIENTED_EDGE('',*,*,#3250,.T.);
#1879=ORIENTED_EDGE('',*,*,#2954,.F.);
#1880=ORIENTED_EDGE('',*,*,#3256,.T.);
#1881=ORIENTED_EDGE('',*,*,#3257,.T.);
#1882=ORIENTED_EDGE('',*,*,#3254,.T.);
#1883=ORIENTED_EDGE('',*,*,#2953,.F.);
#1884=ORIENTED_EDGE('',*,*,#3258,.F.);
#1885=ORIENTED_EDGE('',*,*,#3259,.T.);
#1886=ORIENTED_EDGE('',*,*,#3260,.T.);
#1887=ORIENTED_EDGE('',*,*,#3077,.F.);
#1888=ORIENTED_EDGE('',*,*,#3261,.F.);
#1889=ORIENTED_EDGE('',*,*,#3262,.T.);
#1890=ORIENTED_EDGE('',*,*,#3258,.T.);
#1891=ORIENTED_EDGE('',*,*,#3076,.T.);
#1892=ORIENTED_EDGE('',*,*,#3263,.F.);
#1893=ORIENTED_EDGE('',*,*,#3264,.T.);
#1894=ORIENTED_EDGE('',*,*,#3261,.T.);
#1895=ORIENTED_EDGE('',*,*,#3079,.F.);
#1896=ORIENTED_EDGE('',*,*,#3260,.F.);
#1897=ORIENTED_EDGE('',*,*,#3265,.T.);
#1898=ORIENTED_EDGE('',*,*,#3263,.T.);
#1899=ORIENTED_EDGE('',*,*,#3078,.T.);
#1900=ORIENTED_EDGE('',*,*,#3266,.T.);
#1901=ORIENTED_EDGE('',*,*,#3267,.T.);
#1902=ORIENTED_EDGE('',*,*,#2966,.F.);
#1903=ORIENTED_EDGE('',*,*,#3268,.F.);
#1904=ORIENTED_EDGE('',*,*,#3269,.T.);
#1905=ORIENTED_EDGE('',*,*,#3270,.T.);
#1906=ORIENTED_EDGE('',*,*,#2965,.F.);
#1907=ORIENTED_EDGE('',*,*,#3271,.F.);
#1908=ORIENTED_EDGE('',*,*,#3272,.T.);
#1909=ORIENTED_EDGE('',*,*,#3268,.T.);
#1910=ORIENTED_EDGE('',*,*,#2976,.F.);
#1911=ORIENTED_EDGE('',*,*,#3273,.F.);
#1912=ORIENTED_EDGE('',*,*,#3274,.T.);
#1913=ORIENTED_EDGE('',*,*,#3271,.T.);
#1914=ORIENTED_EDGE('',*,*,#2975,.F.);
#1915=ORIENTED_EDGE('',*,*,#3275,.F.);
#1916=ORIENTED_EDGE('',*,*,#3276,.T.);
#1917=ORIENTED_EDGE('',*,*,#3273,.T.);
#1918=ORIENTED_EDGE('',*,*,#2974,.F.);
#1919=ORIENTED_EDGE('',*,*,#3277,.F.);
#1920=ORIENTED_EDGE('',*,*,#3278,.T.);
#1921=ORIENTED_EDGE('',*,*,#3275,.T.);
#1922=ORIENTED_EDGE('',*,*,#2973,.F.);
#1923=ORIENTED_EDGE('',*,*,#3279,.F.);
#1924=ORIENTED_EDGE('',*,*,#3280,.T.);
#1925=ORIENTED_EDGE('',*,*,#3277,.T.);
#1926=ORIENTED_EDGE('',*,*,#2972,.F.);
#1927=ORIENTED_EDGE('',*,*,#3281,.F.);
#1928=ORIENTED_EDGE('',*,*,#3282,.T.);
#1929=ORIENTED_EDGE('',*,*,#3279,.T.);
#1930=ORIENTED_EDGE('',*,*,#2971,.F.);
#1931=ORIENTED_EDGE('',*,*,#3283,.F.);
#1932=ORIENTED_EDGE('',*,*,#3284,.T.);
#1933=ORIENTED_EDGE('',*,*,#3281,.T.);
#1934=ORIENTED_EDGE('',*,*,#2970,.F.);
#1935=ORIENTED_EDGE('',*,*,#3285,.F.);
#1936=ORIENTED_EDGE('',*,*,#3286,.T.);
#1937=ORIENTED_EDGE('',*,*,#3283,.T.);
#1938=ORIENTED_EDGE('',*,*,#2969,.F.);
#1939=ORIENTED_EDGE('',*,*,#3287,.F.);
#1940=ORIENTED_EDGE('',*,*,#3288,.T.);
#1941=ORIENTED_EDGE('',*,*,#3285,.T.);
#1942=ORIENTED_EDGE('',*,*,#2968,.F.);
#1943=ORIENTED_EDGE('',*,*,#3289,.F.);
#1944=ORIENTED_EDGE('',*,*,#3290,.T.);
#1945=ORIENTED_EDGE('',*,*,#3287,.T.);
#1946=ORIENTED_EDGE('',*,*,#2967,.F.);
#1947=ORIENTED_EDGE('',*,*,#3270,.F.);
#1948=ORIENTED_EDGE('',*,*,#3291,.T.);
#1949=ORIENTED_EDGE('',*,*,#3289,.T.);
#1950=ORIENTED_EDGE('',*,*,#3269,.F.);
#1951=ORIENTED_EDGE('',*,*,#3272,.F.);
#1952=ORIENTED_EDGE('',*,*,#3274,.F.);
#1953=ORIENTED_EDGE('',*,*,#3276,.F.);
#1954=ORIENTED_EDGE('',*,*,#3278,.F.);
#1955=ORIENTED_EDGE('',*,*,#3280,.F.);
#1956=ORIENTED_EDGE('',*,*,#3282,.F.);
#1957=ORIENTED_EDGE('',*,*,#3284,.F.);
#1958=ORIENTED_EDGE('',*,*,#3286,.F.);
#1959=ORIENTED_EDGE('',*,*,#3288,.F.);
#1960=ORIENTED_EDGE('',*,*,#3290,.F.);
#1961=ORIENTED_EDGE('',*,*,#3291,.F.);
#1962=ORIENTED_EDGE('',*,*,#3292,.F.);
#1963=ORIENTED_EDGE('',*,*,#3293,.F.);
#1964=ORIENTED_EDGE('',*,*,#3294,.T.);
#1965=ORIENTED_EDGE('',*,*,#3295,.T.);
#1966=ORIENTED_EDGE('',*,*,#3296,.F.);
#1967=ORIENTED_EDGE('',*,*,#3297,.F.);
#1968=ORIENTED_EDGE('',*,*,#3298,.T.);
#1969=ORIENTED_EDGE('',*,*,#3293,.T.);
#1970=ORIENTED_EDGE('',*,*,#3299,.F.);
#1971=ORIENTED_EDGE('',*,*,#3300,.F.);
#1972=ORIENTED_EDGE('',*,*,#3301,.T.);
#1973=ORIENTED_EDGE('',*,*,#3297,.T.);
#1974=ORIENTED_EDGE('',*,*,#3302,.F.);
#1975=ORIENTED_EDGE('',*,*,#3303,.F.);
#1976=ORIENTED_EDGE('',*,*,#3304,.T.);
#1977=ORIENTED_EDGE('',*,*,#3300,.T.);
#1978=ORIENTED_EDGE('',*,*,#3305,.F.);
#1979=ORIENTED_EDGE('',*,*,#3306,.F.);
#1980=ORIENTED_EDGE('',*,*,#3307,.T.);
#1981=ORIENTED_EDGE('',*,*,#3303,.T.);
#1982=ORIENTED_EDGE('',*,*,#3308,.F.);
#1983=ORIENTED_EDGE('',*,*,#3309,.F.);
#1984=ORIENTED_EDGE('',*,*,#3310,.T.);
#1985=ORIENTED_EDGE('',*,*,#3306,.T.);
#1986=ORIENTED_EDGE('',*,*,#2958,.F.);
#1987=ORIENTED_EDGE('',*,*,#3311,.F.);
#1988=ORIENTED_EDGE('',*,*,#3312,.T.);
#1989=ORIENTED_EDGE('',*,*,#3313,.T.);
#1990=ORIENTED_EDGE('',*,*,#2957,.F.);
#1991=ORIENTED_EDGE('',*,*,#3314,.F.);
#1992=ORIENTED_EDGE('',*,*,#3315,.T.);
#1993=ORIENTED_EDGE('',*,*,#3311,.T.);
#1994=ORIENTED_EDGE('',*,*,#2964,.F.);
#1995=ORIENTED_EDGE('',*,*,#3316,.F.);
#1996=ORIENTED_EDGE('',*,*,#3317,.T.);
#1997=ORIENTED_EDGE('',*,*,#3314,.T.);
#1998=ORIENTED_EDGE('',*,*,#2963,.F.);
#1999=ORIENTED_EDGE('',*,*,#3318,.F.);
#2000=ORIENTED_EDGE('',*,*,#3319,.T.);
#2001=ORIENTED_EDGE('',*,*,#3316,.T.);
#2002=ORIENTED_EDGE('',*,*,#2962,.F.);
#2003=ORIENTED_EDGE('',*,*,#3320,.F.);
#2004=ORIENTED_EDGE('',*,*,#3321,.T.);
#2005=ORIENTED_EDGE('',*,*,#3318,.T.);
#2006=ORIENTED_EDGE('',*,*,#2961,.F.);
#2007=ORIENTED_EDGE('',*,*,#3322,.F.);
#2008=ORIENTED_EDGE('',*,*,#3323,.T.);
#2009=ORIENTED_EDGE('',*,*,#3320,.T.);
#2010=ORIENTED_EDGE('',*,*,#2960,.F.);
#2011=ORIENTED_EDGE('',*,*,#3324,.F.);
#2012=ORIENTED_EDGE('',*,*,#3325,.T.);
#2013=ORIENTED_EDGE('',*,*,#3322,.T.);
#2014=ORIENTED_EDGE('',*,*,#2959,.F.);
#2015=ORIENTED_EDGE('',*,*,#3313,.F.);
#2016=ORIENTED_EDGE('',*,*,#3326,.T.);
#2017=ORIENTED_EDGE('',*,*,#3324,.T.);
#2018=ORIENTED_EDGE('',*,*,#3327,.F.);
#2019=ORIENTED_EDGE('',*,*,#3295,.F.);
#2020=ORIENTED_EDGE('',*,*,#3328,.T.);
#2021=ORIENTED_EDGE('',*,*,#3309,.T.);
#2022=ORIENTED_EDGE('',*,*,#3312,.F.);
#2023=ORIENTED_EDGE('',*,*,#3315,.F.);
#2024=ORIENTED_EDGE('',*,*,#3317,.F.);
#2025=ORIENTED_EDGE('',*,*,#3319,.F.);
#2026=ORIENTED_EDGE('',*,*,#3321,.F.);
#2027=ORIENTED_EDGE('',*,*,#3323,.F.);
#2028=ORIENTED_EDGE('',*,*,#3325,.F.);
#2029=ORIENTED_EDGE('',*,*,#3326,.F.);
#2030=ORIENTED_EDGE('',*,*,#3294,.F.);
#2031=ORIENTED_EDGE('',*,*,#3298,.F.);
#2032=ORIENTED_EDGE('',*,*,#3301,.F.);
#2033=ORIENTED_EDGE('',*,*,#3304,.F.);
#2034=ORIENTED_EDGE('',*,*,#3307,.F.);
#2035=ORIENTED_EDGE('',*,*,#3310,.F.);
#2036=ORIENTED_EDGE('',*,*,#3328,.F.);
#2037=ORIENTED_EDGE('',*,*,#3329,.F.);
#2038=ORIENTED_EDGE('',*,*,#3330,.F.);
#2039=ORIENTED_EDGE('',*,*,#3331,.T.);
#2040=ORIENTED_EDGE('',*,*,#3332,.T.);
#2041=ORIENTED_EDGE('',*,*,#3333,.F.);
#2042=ORIENTED_EDGE('',*,*,#3334,.F.);
#2043=ORIENTED_EDGE('',*,*,#3335,.T.);
#2044=ORIENTED_EDGE('',*,*,#3330,.T.);
#2045=ORIENTED_EDGE('',*,*,#3336,.F.);
#2046=ORIENTED_EDGE('',*,*,#3337,.F.);
#2047=ORIENTED_EDGE('',*,*,#3338,.T.);
#2048=ORIENTED_EDGE('',*,*,#3334,.T.);
#2049=ORIENTED_EDGE('',*,*,#3339,.F.);
#2050=ORIENTED_EDGE('',*,*,#3340,.F.);
#2051=ORIENTED_EDGE('',*,*,#3341,.T.);
#2052=ORIENTED_EDGE('',*,*,#3337,.T.);
#2053=ORIENTED_EDGE('',*,*,#3342,.F.);
#2054=ORIENTED_EDGE('',*,*,#3343,.F.);
#2055=ORIENTED_EDGE('',*,*,#3344,.T.);
#2056=ORIENTED_EDGE('',*,*,#3340,.T.);
#2057=ORIENTED_EDGE('',*,*,#3345,.F.);
#2058=ORIENTED_EDGE('',*,*,#3346,.F.);
#2059=ORIENTED_EDGE('',*,*,#3347,.T.);
#2060=ORIENTED_EDGE('',*,*,#3343,.T.);
#2061=ORIENTED_EDGE('',*,*,#2978,.F.);
#2062=ORIENTED_EDGE('',*,*,#3348,.F.);
#2063=ORIENTED_EDGE('',*,*,#3349,.T.);
#2064=ORIENTED_EDGE('',*,*,#3350,.T.);
#2065=ORIENTED_EDGE('',*,*,#2977,.F.);
#2066=ORIENTED_EDGE('',*,*,#3351,.F.);
#2067=ORIENTED_EDGE('',*,*,#3352,.T.);
#2068=ORIENTED_EDGE('',*,*,#3348,.T.);
#2069=ORIENTED_EDGE('',*,*,#2984,.F.);
#2070=ORIENTED_EDGE('',*,*,#3353,.F.);
#2071=ORIENTED_EDGE('',*,*,#3354,.T.);
#2072=ORIENTED_EDGE('',*,*,#3351,.T.);
#2073=ORIENTED_EDGE('',*,*,#2983,.F.);
#2074=ORIENTED_EDGE('',*,*,#3355,.F.);
#2075=ORIENTED_EDGE('',*,*,#3356,.T.);
#2076=ORIENTED_EDGE('',*,*,#3353,.T.);
#2077=ORIENTED_EDGE('',*,*,#2982,.F.);
#2078=ORIENTED_EDGE('',*,*,#3357,.F.);
#2079=ORIENTED_EDGE('',*,*,#3358,.T.);
#2080=ORIENTED_EDGE('',*,*,#3355,.T.);
#2081=ORIENTED_EDGE('',*,*,#2981,.F.);
#2082=ORIENTED_EDGE('',*,*,#3359,.F.);
#2083=ORIENTED_EDGE('',*,*,#3360,.T.);
#2084=ORIENTED_EDGE('',*,*,#3357,.T.);
#2085=ORIENTED_EDGE('',*,*,#2980,.F.);
#2086=ORIENTED_EDGE('',*,*,#3361,.F.);
#2087=ORIENTED_EDGE('',*,*,#3362,.T.);
#2088=ORIENTED_EDGE('',*,*,#3359,.T.);
#2089=ORIENTED_EDGE('',*,*,#2979,.F.);
#2090=ORIENTED_EDGE('',*,*,#3350,.F.);
#2091=ORIENTED_EDGE('',*,*,#3363,.T.);
#2092=ORIENTED_EDGE('',*,*,#3361,.T.);
#2093=ORIENTED_EDGE('',*,*,#3364,.F.);
#2094=ORIENTED_EDGE('',*,*,#3332,.F.);
#2095=ORIENTED_EDGE('',*,*,#3365,.T.);
#2096=ORIENTED_EDGE('',*,*,#3346,.T.);
#2097=ORIENTED_EDGE('',*,*,#3349,.F.);
#2098=ORIENTED_EDGE('',*,*,#3352,.F.);
#2099=ORIENTED_EDGE('',*,*,#3354,.F.);
#2100=ORIENTED_EDGE('',*,*,#3356,.F.);
#2101=ORIENTED_EDGE('',*,*,#3358,.F.);
#2102=ORIENTED_EDGE('',*,*,#3360,.F.);
#2103=ORIENTED_EDGE('',*,*,#3362,.F.);
#2104=ORIENTED_EDGE('',*,*,#3363,.F.);
#2105=ORIENTED_EDGE('',*,*,#3331,.F.);
#2106=ORIENTED_EDGE('',*,*,#3335,.F.);
#2107=ORIENTED_EDGE('',*,*,#3338,.F.);
#2108=ORIENTED_EDGE('',*,*,#3341,.F.);
#2109=ORIENTED_EDGE('',*,*,#3344,.F.);
#2110=ORIENTED_EDGE('',*,*,#3347,.F.);
#2111=ORIENTED_EDGE('',*,*,#3365,.F.);
#2112=ORIENTED_EDGE('',*,*,#2986,.F.);
#2113=ORIENTED_EDGE('',*,*,#3366,.F.);
#2114=ORIENTED_EDGE('',*,*,#3367,.T.);
#2115=ORIENTED_EDGE('',*,*,#3368,.T.);
#2116=ORIENTED_EDGE('',*,*,#2985,.F.);
#2117=ORIENTED_EDGE('',*,*,#3369,.F.);
#2118=ORIENTED_EDGE('',*,*,#3370,.T.);
#2119=ORIENTED_EDGE('',*,*,#3366,.T.);
#2120=ORIENTED_EDGE('',*,*,#2996,.F.);
#2121=ORIENTED_EDGE('',*,*,#3371,.F.);
#2122=ORIENTED_EDGE('',*,*,#3372,.T.);
#2123=ORIENTED_EDGE('',*,*,#3369,.T.);
#2124=ORIENTED_EDGE('',*,*,#2995,.F.);
#2125=ORIENTED_EDGE('',*,*,#3373,.F.);
#2126=ORIENTED_EDGE('',*,*,#3374,.T.);
#2127=ORIENTED_EDGE('',*,*,#3371,.T.);
#2128=ORIENTED_EDGE('',*,*,#2994,.F.);
#2129=ORIENTED_EDGE('',*,*,#3375,.F.);
#2130=ORIENTED_EDGE('',*,*,#3376,.T.);
#2131=ORIENTED_EDGE('',*,*,#3373,.T.);
#2132=ORIENTED_EDGE('',*,*,#2993,.F.);
#2133=ORIENTED_EDGE('',*,*,#3377,.F.);
#2134=ORIENTED_EDGE('',*,*,#3378,.T.);
#2135=ORIENTED_EDGE('',*,*,#3375,.T.);
#2136=ORIENTED_EDGE('',*,*,#2992,.F.);
#2137=ORIENTED_EDGE('',*,*,#3379,.F.);
#2138=ORIENTED_EDGE('',*,*,#3380,.T.);
#2139=ORIENTED_EDGE('',*,*,#3377,.T.);
#2140=ORIENTED_EDGE('',*,*,#2991,.F.);
#2141=ORIENTED_EDGE('',*,*,#3381,.F.);
#2142=ORIENTED_EDGE('',*,*,#3382,.T.);
#2143=ORIENTED_EDGE('',*,*,#3379,.T.);
#2144=ORIENTED_EDGE('',*,*,#2990,.F.);
#2145=ORIENTED_EDGE('',*,*,#3383,.F.);
#2146=ORIENTED_EDGE('',*,*,#3384,.T.);
#2147=ORIENTED_EDGE('',*,*,#3381,.T.);
#2148=ORIENTED_EDGE('',*,*,#2989,.F.);
#2149=ORIENTED_EDGE('',*,*,#3385,.F.);
#2150=ORIENTED_EDGE('',*,*,#3386,.T.);
#2151=ORIENTED_EDGE('',*,*,#3383,.T.);
#2152=ORIENTED_EDGE('',*,*,#2988,.F.);
#2153=ORIENTED_EDGE('',*,*,#3387,.F.);
#2154=ORIENTED_EDGE('',*,*,#3388,.T.);
#2155=ORIENTED_EDGE('',*,*,#3385,.T.);
#2156=ORIENTED_EDGE('',*,*,#2987,.F.);
#2157=ORIENTED_EDGE('',*,*,#3368,.F.);
#2158=ORIENTED_EDGE('',*,*,#3389,.T.);
#2159=ORIENTED_EDGE('',*,*,#3387,.T.);
#2160=ORIENTED_EDGE('',*,*,#3367,.F.);
#2161=ORIENTED_EDGE('',*,*,#3370,.F.);
#2162=ORIENTED_EDGE('',*,*,#3372,.F.);
#2163=ORIENTED_EDGE('',*,*,#3374,.F.);
#2164=ORIENTED_EDGE('',*,*,#3376,.F.);
#2165=ORIENTED_EDGE('',*,*,#3378,.F.);
#2166=ORIENTED_EDGE('',*,*,#3380,.F.);
#2167=ORIENTED_EDGE('',*,*,#3382,.F.);
#2168=ORIENTED_EDGE('',*,*,#3384,.F.);
#2169=ORIENTED_EDGE('',*,*,#3386,.F.);
#2170=ORIENTED_EDGE('',*,*,#3388,.F.);
#2171=ORIENTED_EDGE('',*,*,#3389,.F.);
#2172=ORIENTED_EDGE('',*,*,#2998,.F.);
#2173=ORIENTED_EDGE('',*,*,#3390,.F.);
#2174=ORIENTED_EDGE('',*,*,#3391,.T.);
#2175=ORIENTED_EDGE('',*,*,#3392,.T.);
#2176=ORIENTED_EDGE('',*,*,#2997,.F.);
#2177=ORIENTED_EDGE('',*,*,#3393,.F.);
#2178=ORIENTED_EDGE('',*,*,#3394,.T.);
#2179=ORIENTED_EDGE('',*,*,#3390,.T.);
#2180=ORIENTED_EDGE('',*,*,#3008,.F.);
#2181=ORIENTED_EDGE('',*,*,#3395,.F.);
#2182=ORIENTED_EDGE('',*,*,#3396,.T.);
#2183=ORIENTED_EDGE('',*,*,#3393,.T.);
#2184=ORIENTED_EDGE('',*,*,#3007,.F.);
#2185=ORIENTED_EDGE('',*,*,#3397,.F.);
#2186=ORIENTED_EDGE('',*,*,#3398,.T.);
#2187=ORIENTED_EDGE('',*,*,#3395,.T.);
#2188=ORIENTED_EDGE('',*,*,#3006,.F.);
#2189=ORIENTED_EDGE('',*,*,#3399,.F.);
#2190=ORIENTED_EDGE('',*,*,#3400,.T.);
#2191=ORIENTED_EDGE('',*,*,#3397,.T.);
#2192=ORIENTED_EDGE('',*,*,#3005,.F.);
#2193=ORIENTED_EDGE('',*,*,#3401,.F.);
#2194=ORIENTED_EDGE('',*,*,#3402,.T.);
#2195=ORIENTED_EDGE('',*,*,#3399,.T.);
#2196=ORIENTED_EDGE('',*,*,#3004,.F.);
#2197=ORIENTED_EDGE('',*,*,#3403,.F.);
#2198=ORIENTED_EDGE('',*,*,#3404,.T.);
#2199=ORIENTED_EDGE('',*,*,#3401,.T.);
#2200=ORIENTED_EDGE('',*,*,#3003,.F.);
#2201=ORIENTED_EDGE('',*,*,#3405,.F.);
#2202=ORIENTED_EDGE('',*,*,#3406,.T.);
#2203=ORIENTED_EDGE('',*,*,#3403,.T.);
#2204=ORIENTED_EDGE('',*,*,#3002,.F.);
#2205=ORIENTED_EDGE('',*,*,#3407,.F.);
#2206=ORIENTED_EDGE('',*,*,#3408,.T.);
#2207=ORIENTED_EDGE('',*,*,#3405,.T.);
#2208=ORIENTED_EDGE('',*,*,#3001,.F.);
#2209=ORIENTED_EDGE('',*,*,#3409,.F.);
#2210=ORIENTED_EDGE('',*,*,#3410,.T.);
#2211=ORIENTED_EDGE('',*,*,#3407,.T.);
#2212=ORIENTED_EDGE('',*,*,#3000,.F.);
#2213=ORIENTED_EDGE('',*,*,#3411,.F.);
#2214=ORIENTED_EDGE('',*,*,#3412,.T.);
#2215=ORIENTED_EDGE('',*,*,#3409,.T.);
#2216=ORIENTED_EDGE('',*,*,#2999,.F.);
#2217=ORIENTED_EDGE('',*,*,#3392,.F.);
#2218=ORIENTED_EDGE('',*,*,#3413,.T.);
#2219=ORIENTED_EDGE('',*,*,#3411,.T.);
#2220=ORIENTED_EDGE('',*,*,#3391,.F.);
#2221=ORIENTED_EDGE('',*,*,#3394,.F.);
#2222=ORIENTED_EDGE('',*,*,#3396,.F.);
#2223=ORIENTED_EDGE('',*,*,#3398,.F.);
#2224=ORIENTED_EDGE('',*,*,#3400,.F.);
#2225=ORIENTED_EDGE('',*,*,#3402,.F.);
#2226=ORIENTED_EDGE('',*,*,#3404,.F.);
#2227=ORIENTED_EDGE('',*,*,#3406,.F.);
#2228=ORIENTED_EDGE('',*,*,#3408,.F.);
#2229=ORIENTED_EDGE('',*,*,#3410,.F.);
#2230=ORIENTED_EDGE('',*,*,#3412,.F.);
#2231=ORIENTED_EDGE('',*,*,#3413,.F.);
#2232=ORIENTED_EDGE('',*,*,#3010,.F.);
#2233=ORIENTED_EDGE('',*,*,#3414,.F.);
#2234=ORIENTED_EDGE('',*,*,#3415,.T.);
#2235=ORIENTED_EDGE('',*,*,#3416,.T.);
#2236=ORIENTED_EDGE('',*,*,#3009,.F.);
#2237=ORIENTED_EDGE('',*,*,#3417,.F.);
#2238=ORIENTED_EDGE('',*,*,#3418,.T.);
#2239=ORIENTED_EDGE('',*,*,#3414,.T.);
#2240=ORIENTED_EDGE('',*,*,#3020,.F.);
#2241=ORIENTED_EDGE('',*,*,#3419,.F.);
#2242=ORIENTED_EDGE('',*,*,#3420,.T.);
#2243=ORIENTED_EDGE('',*,*,#3417,.T.);
#2244=ORIENTED_EDGE('',*,*,#3019,.F.);
#2245=ORIENTED_EDGE('',*,*,#3421,.F.);
#2246=ORIENTED_EDGE('',*,*,#3422,.T.);
#2247=ORIENTED_EDGE('',*,*,#3419,.T.);
#2248=ORIENTED_EDGE('',*,*,#3018,.F.);
#2249=ORIENTED_EDGE('',*,*,#3423,.F.);
#2250=ORIENTED_EDGE('',*,*,#3424,.T.);
#2251=ORIENTED_EDGE('',*,*,#3421,.T.);
#2252=ORIENTED_EDGE('',*,*,#3017,.F.);
#2253=ORIENTED_EDGE('',*,*,#3425,.F.);
#2254=ORIENTED_EDGE('',*,*,#3426,.T.);
#2255=ORIENTED_EDGE('',*,*,#3423,.T.);
#2256=ORIENTED_EDGE('',*,*,#3016,.F.);
#2257=ORIENTED_EDGE('',*,*,#3427,.F.);
#2258=ORIENTED_EDGE('',*,*,#3428,.T.);
#2259=ORIENTED_EDGE('',*,*,#3425,.T.);
#2260=ORIENTED_EDGE('',*,*,#3015,.F.);
#2261=ORIENTED_EDGE('',*,*,#3429,.F.);
#2262=ORIENTED_EDGE('',*,*,#3430,.T.);
#2263=ORIENTED_EDGE('',*,*,#3427,.T.);
#2264=ORIENTED_EDGE('',*,*,#3014,.F.);
#2265=ORIENTED_EDGE('',*,*,#3431,.F.);
#2266=ORIENTED_EDGE('',*,*,#3432,.T.);
#2267=ORIENTED_EDGE('',*,*,#3429,.T.);
#2268=ORIENTED_EDGE('',*,*,#3013,.F.);
#2269=ORIENTED_EDGE('',*,*,#3433,.F.);
#2270=ORIENTED_EDGE('',*,*,#3434,.T.);
#2271=ORIENTED_EDGE('',*,*,#3431,.T.);
#2272=ORIENTED_EDGE('',*,*,#3012,.F.);
#2273=ORIENTED_EDGE('',*,*,#3435,.F.);
#2274=ORIENTED_EDGE('',*,*,#3436,.T.);
#2275=ORIENTED_EDGE('',*,*,#3433,.T.);
#2276=ORIENTED_EDGE('',*,*,#3011,.F.);
#2277=ORIENTED_EDGE('',*,*,#3416,.F.);
#2278=ORIENTED_EDGE('',*,*,#3437,.T.);
#2279=ORIENTED_EDGE('',*,*,#3435,.T.);
#2280=ORIENTED_EDGE('',*,*,#3415,.F.);
#2281=ORIENTED_EDGE('',*,*,#3418,.F.);
#2282=ORIENTED_EDGE('',*,*,#3420,.F.);
#2283=ORIENTED_EDGE('',*,*,#3422,.F.);
#2284=ORIENTED_EDGE('',*,*,#3424,.F.);
#2285=ORIENTED_EDGE('',*,*,#3426,.F.);
#2286=ORIENTED_EDGE('',*,*,#3428,.F.);
#2287=ORIENTED_EDGE('',*,*,#3430,.F.);
#2288=ORIENTED_EDGE('',*,*,#3432,.F.);
#2289=ORIENTED_EDGE('',*,*,#3434,.F.);
#2290=ORIENTED_EDGE('',*,*,#3436,.F.);
#2291=ORIENTED_EDGE('',*,*,#3437,.F.);
#2292=ORIENTED_EDGE('',*,*,#3022,.F.);
#2293=ORIENTED_EDGE('',*,*,#3438,.F.);
#2294=ORIENTED_EDGE('',*,*,#3439,.T.);
#2295=ORIENTED_EDGE('',*,*,#3440,.T.);
#2296=ORIENTED_EDGE('',*,*,#3021,.F.);
#2297=ORIENTED_EDGE('',*,*,#3441,.F.);
#2298=ORIENTED_EDGE('',*,*,#3442,.T.);
#2299=ORIENTED_EDGE('',*,*,#3438,.T.);
#2300=ORIENTED_EDGE('',*,*,#3028,.F.);
#2301=ORIENTED_EDGE('',*,*,#3443,.F.);
#2302=ORIENTED_EDGE('',*,*,#3444,.T.);
#2303=ORIENTED_EDGE('',*,*,#3441,.T.);
#2304=ORIENTED_EDGE('',*,*,#3027,.F.);
#2305=ORIENTED_EDGE('',*,*,#3445,.F.);
#2306=ORIENTED_EDGE('',*,*,#3446,.T.);
#2307=ORIENTED_EDGE('',*,*,#3443,.T.);
#2308=ORIENTED_EDGE('',*,*,#3026,.F.);
#2309=ORIENTED_EDGE('',*,*,#3447,.F.);
#2310=ORIENTED_EDGE('',*,*,#3448,.T.);
#2311=ORIENTED_EDGE('',*,*,#3445,.T.);
#2312=ORIENTED_EDGE('',*,*,#3025,.F.);
#2313=ORIENTED_EDGE('',*,*,#3449,.F.);
#2314=ORIENTED_EDGE('',*,*,#3450,.T.);
#2315=ORIENTED_EDGE('',*,*,#3447,.T.);
#2316=ORIENTED_EDGE('',*,*,#3024,.F.);
#2317=ORIENTED_EDGE('',*,*,#3451,.F.);
#2318=ORIENTED_EDGE('',*,*,#3452,.T.);
#2319=ORIENTED_EDGE('',*,*,#3449,.T.);
#2320=ORIENTED_EDGE('',*,*,#3023,.F.);
#2321=ORIENTED_EDGE('',*,*,#3440,.F.);
#2322=ORIENTED_EDGE('',*,*,#3453,.T.);
#2323=ORIENTED_EDGE('',*,*,#3451,.T.);
#2324=ORIENTED_EDGE('',*,*,#3439,.F.);
#2325=ORIENTED_EDGE('',*,*,#3442,.F.);
#2326=ORIENTED_EDGE('',*,*,#3444,.F.);
#2327=ORIENTED_EDGE('',*,*,#3446,.F.);
#2328=ORIENTED_EDGE('',*,*,#3448,.F.);
#2329=ORIENTED_EDGE('',*,*,#3450,.F.);
#2330=ORIENTED_EDGE('',*,*,#3452,.F.);
#2331=ORIENTED_EDGE('',*,*,#3453,.F.);
#2332=ORIENTED_EDGE('',*,*,#3296,.T.);
#2333=ORIENTED_EDGE('',*,*,#3292,.T.);
#2334=ORIENTED_EDGE('',*,*,#3327,.T.);
#2335=ORIENTED_EDGE('',*,*,#3308,.T.);
#2336=ORIENTED_EDGE('',*,*,#3305,.T.);
#2337=ORIENTED_EDGE('',*,*,#3302,.T.);
#2338=ORIENTED_EDGE('',*,*,#3299,.T.);
#2339=ORIENTED_EDGE('',*,*,#3333,.T.);
#2340=ORIENTED_EDGE('',*,*,#3329,.T.);
#2341=ORIENTED_EDGE('',*,*,#3364,.T.);
#2342=ORIENTED_EDGE('',*,*,#3345,.T.);
#2343=ORIENTED_EDGE('',*,*,#3342,.T.);
#2344=ORIENTED_EDGE('',*,*,#3339,.T.);
#2345=ORIENTED_EDGE('',*,*,#3336,.T.);
#2346=ORIENTED_EDGE('',*,*,#3454,.T.);
#2347=ORIENTED_EDGE('',*,*,#3455,.T.);
#2348=ORIENTED_EDGE('',*,*,#3456,.T.);
#2349=ORIENTED_EDGE('',*,*,#3457,.T.);
#2350=ORIENTED_EDGE('',*,*,#3458,.T.);
#2351=ORIENTED_EDGE('',*,*,#3459,.T.);
#2352=ORIENTED_EDGE('',*,*,#3460,.T.);
#2353=ORIENTED_EDGE('',*,*,#3461,.T.);
#2354=ORIENTED_EDGE('',*,*,#3462,.T.);
#2355=ORIENTED_EDGE('',*,*,#3463,.T.);
#2356=ORIENTED_EDGE('',*,*,#3029,.T.);
#2357=ORIENTED_EDGE('',*,*,#3464,.T.);
#2358=ORIENTED_EDGE('',*,*,#3069,.F.);
#2359=ORIENTED_EDGE('',*,*,#3465,.T.);
#2360=ORIENTED_EDGE('',*,*,#3466,.T.);
#2361=ORIENTED_EDGE('',*,*,#3467,.T.);
#2362=ORIENTED_EDGE('',*,*,#3468,.F.);
#2363=ORIENTED_EDGE('',*,*,#3455,.F.);
#2364=ORIENTED_EDGE('',*,*,#3469,.F.);
#2365=ORIENTED_EDGE('',*,*,#2928,.F.);
#2366=ORIENTED_EDGE('',*,*,#3469,.T.);
#2367=ORIENTED_EDGE('',*,*,#3454,.F.);
#2368=ORIENTED_EDGE('',*,*,#3470,.F.);
#2369=ORIENTED_EDGE('',*,*,#2952,.F.);
#2370=ORIENTED_EDGE('',*,*,#3468,.T.);
#2371=ORIENTED_EDGE('',*,*,#2924,.F.);
#2372=ORIENTED_EDGE('',*,*,#3471,.F.);
#2373=ORIENTED_EDGE('',*,*,#3456,.F.);
#2374=ORIENTED_EDGE('',*,*,#3470,.T.);
#2375=ORIENTED_EDGE('',*,*,#3457,.F.);
#2376=ORIENTED_EDGE('',*,*,#3472,.F.);
#2377=ORIENTED_EDGE('',*,*,#3256,.F.);
#2378=ORIENTED_EDGE('',*,*,#3472,.T.);
#2379=ORIENTED_EDGE('',*,*,#3471,.T.);
#2380=ORIENTED_EDGE('',*,*,#3473,.F.);
#2381=ORIENTED_EDGE('',*,*,#3473,.T.);
#2382=ORIENTED_EDGE('',*,*,#2923,.F.);
#2383=ORIENTED_EDGE('',*,*,#3474,.F.);
#2384=ORIENTED_EDGE('',*,*,#3257,.F.);
#2385=ORIENTED_EDGE('',*,*,#3475,.F.);
#2386=ORIENTED_EDGE('',*,*,#3460,.F.);
#2387=ORIENTED_EDGE('',*,*,#3476,.F.);
#2388=ORIENTED_EDGE('',*,*,#2939,.F.);
#2389=ORIENTED_EDGE('',*,*,#3476,.T.);
#2390=ORIENTED_EDGE('',*,*,#3459,.F.);
#2391=ORIENTED_EDGE('',*,*,#3477,.F.);
#2392=ORIENTED_EDGE('',*,*,#3174,.F.);
#2393=ORIENTED_EDGE('',*,*,#3478,.T.);
#2394=ORIENTED_EDGE('',*,*,#3479,.T.);
#2395=ORIENTED_EDGE('',*,*,#2886,.F.);
#2396=ORIENTED_EDGE('',*,*,#3480,.F.);
#2397=ORIENTED_EDGE('',*,*,#3255,.F.);
#2398=ORIENTED_EDGE('',*,*,#3474,.T.);
#2399=ORIENTED_EDGE('',*,*,#2922,.F.);
#2400=ORIENTED_EDGE('',*,*,#3475,.T.);
#2401=ORIENTED_EDGE('',*,*,#2937,.F.);
#2402=ORIENTED_EDGE('',*,*,#3481,.F.);
#2403=ORIENTED_EDGE('',*,*,#3461,.F.);
#2404=ORIENTED_EDGE('',*,*,#3477,.T.);
#2405=ORIENTED_EDGE('',*,*,#3458,.F.);
#2406=ORIENTED_EDGE('',*,*,#3482,.F.);
#2407=ORIENTED_EDGE('',*,*,#2896,.F.);
#2408=ORIENTED_EDGE('',*,*,#3480,.T.);
#2409=ORIENTED_EDGE('',*,*,#2889,.F.);
#2410=ORIENTED_EDGE('',*,*,#3483,.F.);
#2411=ORIENTED_EDGE('',*,*,#3251,.F.);
#2412=ORIENTED_EDGE('',*,*,#3482,.T.);
#2413=ORIENTED_EDGE('',*,*,#3481,.T.);
#2414=ORIENTED_EDGE('',*,*,#3484,.F.);
#2415=ORIENTED_EDGE('',*,*,#2888,.F.);
#2416=ORIENTED_EDGE('',*,*,#3485,.T.);
#2417=ORIENTED_EDGE('',*,*,#3486,.T.);
#2418=ORIENTED_EDGE('',*,*,#2890,.F.);
#2419=ORIENTED_EDGE('',*,*,#3487,.F.);
#2420=ORIENTED_EDGE('',*,*,#3253,.F.);
#2421=ORIENTED_EDGE('',*,*,#3483,.T.);
#2422=ORIENTED_EDGE('',*,*,#3484,.T.);
#2423=ORIENTED_EDGE('',*,*,#2936,.F.);
#2424=ORIENTED_EDGE('',*,*,#3487,.T.);
#2425=ORIENTED_EDGE('',*,*,#2897,.F.);
#2426=ORIENTED_EDGE('',*,*,#2915,.F.);
#2427=ORIENTED_EDGE('',*,*,#3488,.T.);
#2428=ORIENTED_EDGE('',*,*,#3462,.F.);
#2429=ORIENTED_EDGE('',*,*,#3489,.F.);
#2430=ORIENTED_EDGE('',*,*,#3489,.T.);
#2431=ORIENTED_EDGE('',*,*,#3464,.F.);
#2432=ORIENTED_EDGE('',*,*,#3075,.F.);
#2433=ORIENTED_EDGE('',*,*,#2932,.F.);
#2434=ORIENTED_EDGE('',*,*,#3466,.F.);
#2435=ORIENTED_EDGE('',*,*,#3490,.T.);
#2436=ORIENTED_EDGE('',*,*,#3080,.F.);
#2437=ORIENTED_EDGE('',*,*,#3491,.F.);
#2438=ORIENTED_EDGE('',*,*,#3491,.T.);
#2439=ORIENTED_EDGE('',*,*,#3246,.F.);
#2440=ORIENTED_EDGE('',*,*,#3070,.F.);
#2441=ORIENTED_EDGE('',*,*,#3467,.F.);
#2442=ORIENTED_EDGE('',*,*,#2892,.F.);
#2443=ORIENTED_EDGE('',*,*,#3492,.T.);
#2444=ORIENTED_EDGE('',*,*,#3083,.F.);
#2445=ORIENTED_EDGE('',*,*,#3168,.F.);
#2446=ORIENTED_EDGE('',*,*,#2919,.F.);
#2447=ORIENTED_EDGE('',*,*,#3493,.T.);
#2448=ORIENTED_EDGE('',*,*,#2920,.F.);
#2449=ORIENTED_EDGE('',*,*,#3153,.F.);
#2450=ORIENTED_EDGE('',*,*,#3494,.T.);
#2451=ORIENTED_EDGE('',*,*,#3495,.T.);
#2452=ORIENTED_EDGE('',*,*,#3496,.T.);
#2453=ORIENTED_EDGE('',*,*,#3223,.T.);
#2454=ORIENTED_EDGE('',*,*,#3497,.T.);
#2455=ORIENTED_EDGE('',*,*,#3498,.T.);
#2456=ORIENTED_EDGE('',*,*,#3499,.T.);
#2457=ORIENTED_EDGE('',*,*,#3500,.T.);
#2458=ORIENTED_EDGE('',*,*,#3501,.T.);
#2459=ORIENTED_EDGE('',*,*,#3502,.T.);
#2460=ORIENTED_EDGE('',*,*,#3503,.T.);
#2461=ORIENTED_EDGE('',*,*,#3504,.T.);
#2462=ORIENTED_EDGE('',*,*,#3204,.T.);
#2463=ORIENTED_EDGE('',*,*,#3505,.T.);
#2464=ORIENTED_EDGE('',*,*,#3506,.T.);
#2465=ORIENTED_EDGE('',*,*,#3507,.T.);
#2466=ORIENTED_EDGE('',*,*,#3508,.T.);
#2467=ORIENTED_EDGE('',*,*,#3509,.T.);
#2468=ORIENTED_EDGE('',*,*,#3210,.F.);
#2469=ORIENTED_EDGE('',*,*,#3510,.T.);
#2470=ORIENTED_EDGE('',*,*,#3511,.T.);
#2471=ORIENTED_EDGE('',*,*,#3494,.F.);
#2472=ORIENTED_EDGE('',*,*,#3512,.T.);
#2473=ORIENTED_EDGE('',*,*,#3498,.F.);
#2474=ORIENTED_EDGE('',*,*,#3513,.T.);
#2475=ORIENTED_EDGE('',*,*,#2906,.F.);
#2476=ORIENTED_EDGE('',*,*,#3514,.T.);
#2477=ORIENTED_EDGE('',*,*,#3515,.T.);
#2478=ORIENTED_EDGE('',*,*,#3516,.T.);
#2479=ORIENTED_EDGE('',*,*,#3502,.F.);
#2480=ORIENTED_EDGE('',*,*,#3517,.T.);
#2481=ORIENTED_EDGE('',*,*,#3500,.F.);
#2482=ORIENTED_EDGE('',*,*,#3518,.T.);
#2483=ORIENTED_EDGE('',*,*,#3508,.F.);
#2484=ORIENTED_EDGE('',*,*,#3519,.T.);
#2485=ORIENTED_EDGE('',*,*,#2879,.F.);
#2486=ORIENTED_EDGE('',*,*,#3520,.T.);
#2487=ORIENTED_EDGE('',*,*,#3521,.T.);
#2488=ORIENTED_EDGE('',*,*,#3522,.T.);
#2489=ORIENTED_EDGE('',*,*,#2848,.F.);
#2490=ORIENTED_EDGE('',*,*,#3523,.T.);
#2491=ORIENTED_EDGE('',*,*,#3524,.T.);
#2492=ORIENTED_EDGE('',*,*,#3525,.T.);
#2493=ORIENTED_EDGE('',*,*,#3505,.F.);
#2494=ORIENTED_EDGE('',*,*,#3208,.F.);
#2495=ORIENTED_EDGE('',*,*,#3509,.F.);
#2496=ORIENTED_EDGE('',*,*,#3518,.F.);
#2497=ORIENTED_EDGE('',*,*,#3501,.F.);
#2498=ORIENTED_EDGE('',*,*,#3517,.F.);
#2499=ORIENTED_EDGE('',*,*,#3513,.F.);
#2500=ORIENTED_EDGE('',*,*,#3499,.F.);
#2501=ORIENTED_EDGE('',*,*,#3512,.F.);
#2502=ORIENTED_EDGE('',*,*,#3497,.F.);
#2503=ORIENTED_EDGE('',*,*,#3226,.F.);
#2504=ORIENTED_EDGE('',*,*,#2907,.F.);
#2505=ORIENTED_EDGE('',*,*,#3526,.F.);
#2506=ORIENTED_EDGE('',*,*,#3493,.F.);
#2507=ORIENTED_EDGE('',*,*,#2921,.F.);
#2508=ORIENTED_EDGE('',*,*,#3526,.T.);
#2509=ORIENTED_EDGE('',*,*,#2918,.F.);
#2510=ORIENTED_EDGE('',*,*,#3527,.F.);
#2511=ORIENTED_EDGE('',*,*,#3157,.F.);
#2512=ORIENTED_EDGE('',*,*,#3528,.F.);
#2513=ORIENTED_EDGE('',*,*,#3156,.F.);
#2514=ORIENTED_EDGE('',*,*,#3163,.F.);
#2515=ORIENTED_EDGE('',*,*,#3529,.F.);
#2516=ORIENTED_EDGE('',*,*,#3478,.F.);
#2517=ORIENTED_EDGE('',*,*,#3528,.T.);
#2518=ORIENTED_EDGE('',*,*,#3530,.F.);
#2519=ORIENTED_EDGE('',*,*,#3486,.F.);
#2520=ORIENTED_EDGE('',*,*,#3531,.F.);
#2521=ORIENTED_EDGE('',*,*,#2902,.F.);
#2522=ORIENTED_EDGE('',*,*,#3166,.F.);
#2523=ORIENTED_EDGE('',*,*,#3527,.T.);
#2524=ORIENTED_EDGE('',*,*,#3243,.F.);
#2525=ORIENTED_EDGE('',*,*,#3532,.F.);
#2526=ORIENTED_EDGE('',*,*,#3159,.F.);
#2527=ORIENTED_EDGE('',*,*,#3158,.F.);
#2528=ORIENTED_EDGE('',*,*,#3529,.T.);
#2529=ORIENTED_EDGE('',*,*,#3162,.F.);
#2530=ORIENTED_EDGE('',*,*,#3533,.F.);
#2531=ORIENTED_EDGE('',*,*,#3479,.F.);
#2532=ORIENTED_EDGE('',*,*,#3531,.T.);
#2533=ORIENTED_EDGE('',*,*,#3485,.F.);
#2534=ORIENTED_EDGE('',*,*,#3534,.F.);
#2535=ORIENTED_EDGE('',*,*,#2903,.F.);
#2536=ORIENTED_EDGE('',*,*,#3535,.F.);
#2537=ORIENTED_EDGE('',*,*,#2891,.F.);
#2538=ORIENTED_EDGE('',*,*,#3530,.T.);
#2539=ORIENTED_EDGE('',*,*,#3165,.F.);
#2540=ORIENTED_EDGE('',*,*,#3536,.F.);
#2541=ORIENTED_EDGE('',*,*,#3084,.F.);
#2542=ORIENTED_EDGE('',*,*,#3492,.F.);
#2543=ORIENTED_EDGE('',*,*,#3535,.T.);
#2544=ORIENTED_EDGE('',*,*,#3532,.T.);
#2545=ORIENTED_EDGE('',*,*,#3242,.F.);
#2546=ORIENTED_EDGE('',*,*,#3537,.F.);
#2547=ORIENTED_EDGE('',*,*,#3160,.F.);
#2548=ORIENTED_EDGE('',*,*,#3533,.T.);
#2549=ORIENTED_EDGE('',*,*,#3161,.F.);
#2550=ORIENTED_EDGE('',*,*,#3537,.T.);
#2551=ORIENTED_EDGE('',*,*,#3148,.F.);
#2552=ORIENTED_EDGE('',*,*,#3538,.F.);
#2553=ORIENTED_EDGE('',*,*,#2898,.F.);
#2554=ORIENTED_EDGE('',*,*,#3534,.T.);
#2555=ORIENTED_EDGE('',*,*,#2887,.F.);
#2556=ORIENTED_EDGE('',*,*,#3164,.F.);
#2557=ORIENTED_EDGE('',*,*,#2900,.F.);
#2558=ORIENTED_EDGE('',*,*,#3539,.F.);
#2559=ORIENTED_EDGE('',*,*,#3248,.F.);
#2560=ORIENTED_EDGE('',*,*,#3536,.T.);
#2561=ORIENTED_EDGE('',*,*,#3538,.T.);
#2562=ORIENTED_EDGE('',*,*,#3249,.F.);
#2563=ORIENTED_EDGE('',*,*,#3539,.T.);
#2564=ORIENTED_EDGE('',*,*,#2899,.F.);
#2565=ORIENTED_EDGE('',*,*,#3154,.F.);
#2566=ORIENTED_EDGE('',*,*,#3031,.F.);
#2567=ORIENTED_EDGE('',*,*,#3540,.F.);
#2568=ORIENTED_EDGE('',*,*,#2914,.F.);
#2569=ORIENTED_EDGE('',*,*,#3541,.F.);
#2570=ORIENTED_EDGE('',*,*,#3488,.F.);
#2571=ORIENTED_EDGE('',*,*,#3540,.T.);
#2572=ORIENTED_EDGE('',*,*,#3463,.F.);
#2573=ORIENTED_EDGE('',*,*,#3541,.T.);
#2574=ORIENTED_EDGE('',*,*,#3030,.F.);
#2575=ORIENTED_EDGE('',*,*,#3167,.F.);
#2576=ORIENTED_EDGE('',*,*,#3081,.F.);
#2577=ORIENTED_EDGE('',*,*,#3542,.F.);
#2578=ORIENTED_EDGE('',*,*,#3067,.F.);
#2579=ORIENTED_EDGE('',*,*,#3542,.T.);
#2580=ORIENTED_EDGE('',*,*,#3490,.F.);
#2581=ORIENTED_EDGE('',*,*,#3543,.F.);
#2582=ORIENTED_EDGE('',*,*,#3543,.T.);
#2583=ORIENTED_EDGE('',*,*,#3465,.F.);
#2584=ORIENTED_EDGE('',*,*,#3068,.F.);
#2585=ORIENTED_EDGE('',*,*,#2838,.T.);
#2586=ORIENTED_EDGE('',*,*,#3544,.T.);
#2587=ORIENTED_EDGE('',*,*,#3545,.T.);
#2588=ORIENTED_EDGE('',*,*,#2866,.T.);
#2589=ORIENTED_EDGE('',*,*,#2836,.F.);
#2590=ORIENTED_EDGE('',*,*,#3546,.T.);
#2591=ORIENTED_EDGE('',*,*,#3547,.T.);
#2592=ORIENTED_EDGE('',*,*,#3548,.T.);
#2593=ORIENTED_EDGE('',*,*,#3549,.T.);
#2594=ORIENTED_EDGE('',*,*,#3550,.T.);
#2595=ORIENTED_EDGE('',*,*,#2857,.F.);
#2596=ORIENTED_EDGE('',*,*,#3551,.T.);
#2597=ORIENTED_EDGE('',*,*,#3552,.F.);
#2598=ORIENTED_EDGE('',*,*,#3553,.T.);
#2599=ORIENTED_EDGE('',*,*,#3554,.T.);
#2600=ORIENTED_EDGE('',*,*,#3555,.T.);
#2601=ORIENTED_EDGE('',*,*,#3556,.T.);
#2602=ORIENTED_EDGE('',*,*,#3557,.T.);
#2603=ORIENTED_EDGE('',*,*,#3558,.T.);
#2604=ORIENTED_EDGE('',*,*,#3190,.T.);
#2605=ORIENTED_EDGE('',*,*,#3559,.T.);
#2606=ORIENTED_EDGE('',*,*,#3560,.F.);
#2607=ORIENTED_EDGE('',*,*,#3561,.T.);
#2608=ORIENTED_EDGE('',*,*,#3562,.T.);
#2609=ORIENTED_EDGE('',*,*,#2862,.F.);
#2610=ORIENTED_EDGE('',*,*,#3563,.T.);
#2611=ORIENTED_EDGE('',*,*,#3564,.T.);
#2612=ORIENTED_EDGE('',*,*,#3561,.F.);
#2613=ORIENTED_EDGE('',*,*,#3565,.F.);
#2614=ORIENTED_EDGE('',*,*,#3560,.T.);
#2615=ORIENTED_EDGE('',*,*,#3566,.T.);
#2616=ORIENTED_EDGE('',*,*,#3567,.T.);
#2617=ORIENTED_EDGE('',*,*,#3565,.T.);
#2618=ORIENTED_EDGE('',*,*,#2830,.T.);
#2619=ORIENTED_EDGE('',*,*,#3568,.T.);
#2620=ORIENTED_EDGE('',*,*,#3569,.T.);
#2621=ORIENTED_EDGE('',*,*,#3570,.T.);
#2622=ORIENTED_EDGE('',*,*,#3571,.T.);
#2623=ORIENTED_EDGE('',*,*,#2828,.T.);
#2624=ORIENTED_EDGE('',*,*,#3572,.T.);
#2625=ORIENTED_EDGE('',*,*,#3573,.T.);
#2626=ORIENTED_EDGE('',*,*,#3574,.T.);
#2627=ORIENTED_EDGE('',*,*,#3575,.T.);
#2628=ORIENTED_EDGE('',*,*,#3576,.T.);
#2629=ORIENTED_EDGE('',*,*,#3577,.T.);
#2630=ORIENTED_EDGE('',*,*,#3578,.T.);
#2631=ORIENTED_EDGE('',*,*,#2871,.F.);
#2632=ORIENTED_EDGE('',*,*,#3218,.F.);
#2633=ORIENTED_EDGE('',*,*,#3579,.T.);
#2634=ORIENTED_EDGE('',*,*,#3580,.F.);
#2635=ORIENTED_EDGE('',*,*,#3552,.T.);
#2636=ORIENTED_EDGE('',*,*,#3581,.T.);
#2637=ORIENTED_EDGE('',*,*,#3232,.F.);
#2638=ORIENTED_EDGE('',*,*,#3582,.F.);
#2639=ORIENTED_EDGE('',*,*,#3549,.F.);
#2640=ORIENTED_EDGE('',*,*,#3583,.F.);
#2641=ORIENTED_EDGE('',*,*,#3555,.F.);
#2642=ORIENTED_EDGE('',*,*,#2858,.F.);
#2643=ORIENTED_EDGE('',*,*,#3550,.F.);
#2644=ORIENTED_EDGE('',*,*,#3584,.F.);
#2645=ORIENTED_EDGE('',*,*,#2869,.F.);
#2646=ORIENTED_EDGE('',*,*,#3580,.T.);
#2647=ORIENTED_EDGE('',*,*,#2864,.F.);
#2648=ORIENTED_EDGE('',*,*,#3585,.F.);
#2649=ORIENTED_EDGE('',*,*,#3556,.F.);
#2650=ORIENTED_EDGE('',*,*,#3583,.T.);
#2651=ORIENTED_EDGE('',*,*,#3584,.T.);
#2652=ORIENTED_EDGE('',*,*,#3582,.T.);
#2653=ORIENTED_EDGE('',*,*,#3586,.F.);
#2654=ORIENTED_EDGE('',*,*,#2854,.F.);
#2655=ORIENTED_EDGE('',*,*,#3587,.T.);
#2656=ORIENTED_EDGE('',*,*,#3588,.F.);
#2657=ORIENTED_EDGE('',*,*,#3589,.T.);
#2658=ORIENTED_EDGE('',*,*,#2834,.F.);
#2659=ORIENTED_EDGE('',*,*,#2874,.F.);
#2660=ORIENTED_EDGE('',*,*,#3585,.T.);
#2661=ORIENTED_EDGE('',*,*,#3545,.F.);
#2662=ORIENTED_EDGE('',*,*,#3590,.F.);
#2663=ORIENTED_EDGE('',*,*,#3553,.F.);
#2664=ORIENTED_EDGE('',*,*,#3586,.T.);
#2665=ORIENTED_EDGE('',*,*,#3554,.F.);
#2666=ORIENTED_EDGE('',*,*,#3591,.F.);
#2667=ORIENTED_EDGE('',*,*,#3547,.F.);
#2668=ORIENTED_EDGE('',*,*,#3588,.T.);
#2669=ORIENTED_EDGE('',*,*,#2867,.F.);
#2670=ORIENTED_EDGE('',*,*,#3591,.T.);
#2671=ORIENTED_EDGE('',*,*,#3590,.T.);
#2672=ORIENTED_EDGE('',*,*,#3592,.F.);
#2673=ORIENTED_EDGE('',*,*,#3592,.T.);
#2674=ORIENTED_EDGE('',*,*,#3544,.F.);
#2675=ORIENTED_EDGE('',*,*,#2837,.F.);
#2676=ORIENTED_EDGE('',*,*,#3548,.F.);
#2677=ORIENTED_EDGE('',*,*,#2829,.F.);
#2678=ORIENTED_EDGE('',*,*,#3574,.F.);
#2679=ORIENTED_EDGE('',*,*,#3593,.F.);
#2680=ORIENTED_EDGE('',*,*,#3568,.F.);
#2681=ORIENTED_EDGE('',*,*,#3594,.F.);
#2682=ORIENTED_EDGE('',*,*,#3569,.F.);
#2683=ORIENTED_EDGE('',*,*,#3595,.F.);
#2684=ORIENTED_EDGE('',*,*,#3575,.F.);
#2685=ORIENTED_EDGE('',*,*,#2910,.F.);
#2686=ORIENTED_EDGE('',*,*,#3198,.F.);
#2687=ORIENTED_EDGE('',*,*,#3596,.T.);
#2688=ORIENTED_EDGE('',*,*,#3570,.F.);
#2689=ORIENTED_EDGE('',*,*,#3597,.F.);
#2690=ORIENTED_EDGE('',*,*,#3598,.T.);
#2691=ORIENTED_EDGE('',*,*,#3194,.F.);
#2692=ORIENTED_EDGE('',*,*,#3558,.F.);
#2693=ORIENTED_EDGE('',*,*,#3599,.T.);
#2694=ORIENTED_EDGE('',*,*,#3600,.F.);
#2695=ORIENTED_EDGE('',*,*,#3601,.T.);
#2696=ORIENTED_EDGE('',*,*,#2826,.F.);
#2697=ORIENTED_EDGE('',*,*,#2841,.F.);
#2698=ORIENTED_EDGE('',*,*,#3595,.T.);
#2699=ORIENTED_EDGE('',*,*,#3593,.T.);
#2700=ORIENTED_EDGE('',*,*,#3602,.F.);
#2701=ORIENTED_EDGE('',*,*,#3594,.T.);
#2702=ORIENTED_EDGE('',*,*,#3578,.F.);
#2703=ORIENTED_EDGE('',*,*,#3603,.F.);
#2704=ORIENTED_EDGE('',*,*,#3567,.F.);
#2705=ORIENTED_EDGE('',*,*,#3597,.T.);
#2706=ORIENTED_EDGE('',*,*,#3600,.T.);
#2707=ORIENTED_EDGE('',*,*,#2860,.F.);
#2708=ORIENTED_EDGE('',*,*,#3604,.F.);
#2709=ORIENTED_EDGE('',*,*,#3576,.F.);
#2710=ORIENTED_EDGE('',*,*,#3602,.T.);
#2711=ORIENTED_EDGE('',*,*,#3573,.F.);
#2712=ORIENTED_EDGE('',*,*,#3603,.T.);
#2713=ORIENTED_EDGE('',*,*,#3577,.F.);
#2714=ORIENTED_EDGE('',*,*,#3605,.F.);
#2715=ORIENTED_EDGE('',*,*,#3563,.F.);
#2716=ORIENTED_EDGE('',*,*,#3605,.T.);
#2717=ORIENTED_EDGE('',*,*,#3604,.T.);
#2718=ORIENTED_EDGE('',*,*,#3606,.F.);
#2719=ORIENTED_EDGE('',*,*,#3606,.T.);
#2720=ORIENTED_EDGE('',*,*,#2863,.F.);
#2721=ORIENTED_EDGE('',*,*,#3562,.F.);
#2722=ORIENTED_EDGE('',*,*,#3564,.F.);
#2723=ORIENTED_EDGE('',*,*,#3228,.F.);
#2724=ORIENTED_EDGE('',*,*,#2881,.F.);
#2725=ORIENTED_EDGE('',*,*,#3607,.F.);
#2726=ORIENTED_EDGE('',*,*,#2904,.F.);
#2727=ORIENTED_EDGE('',*,*,#3224,.F.);
#2728=ORIENTED_EDGE('',*,*,#3496,.F.);
#2729=ORIENTED_EDGE('',*,*,#3608,.F.);
#2730=ORIENTED_EDGE('',*,*,#2877,.F.);
#2731=ORIENTED_EDGE('',*,*,#3607,.T.);
#2732=ORIENTED_EDGE('',*,*,#2880,.F.);
#2733=ORIENTED_EDGE('',*,*,#3609,.F.);
#2734=ORIENTED_EDGE('',*,*,#2878,.F.);
#2735=ORIENTED_EDGE('',*,*,#3608,.T.);
#2736=ORIENTED_EDGE('',*,*,#3610,.F.);
#2737=ORIENTED_EDGE('',*,*,#3609,.T.);
#2738=ORIENTED_EDGE('',*,*,#3522,.F.);
#2739=ORIENTED_EDGE('',*,*,#3611,.F.);
#2740=ORIENTED_EDGE('',*,*,#3514,.F.);
#2741=ORIENTED_EDGE('',*,*,#2905,.F.);
#2742=ORIENTED_EDGE('',*,*,#3495,.F.);
#2743=ORIENTED_EDGE('',*,*,#3511,.F.);
#2744=ORIENTED_EDGE('',*,*,#3612,.F.);
#2745=ORIENTED_EDGE('',*,*,#3520,.F.);
#2746=ORIENTED_EDGE('',*,*,#3610,.T.);
#2747=ORIENTED_EDGE('',*,*,#3611,.T.);
#2748=ORIENTED_EDGE('',*,*,#3521,.F.);
#2749=ORIENTED_EDGE('',*,*,#3612,.T.);
#2750=ORIENTED_EDGE('',*,*,#3510,.F.);
#2751=ORIENTED_EDGE('',*,*,#3209,.F.);
#2752=ORIENTED_EDGE('',*,*,#2850,.F.);
#2753=ORIENTED_EDGE('',*,*,#3613,.F.);
#2754=ORIENTED_EDGE('',*,*,#3506,.F.);
#2755=ORIENTED_EDGE('',*,*,#3613,.T.);
#2756=ORIENTED_EDGE('',*,*,#2849,.F.);
#2757=ORIENTED_EDGE('',*,*,#3614,.F.);
#2758=ORIENTED_EDGE('',*,*,#3614,.T.);
#2759=ORIENTED_EDGE('',*,*,#3525,.F.);
#2760=ORIENTED_EDGE('',*,*,#3615,.F.);
#2761=ORIENTED_EDGE('',*,*,#3519,.F.);
#2762=ORIENTED_EDGE('',*,*,#3507,.F.);
#2763=ORIENTED_EDGE('',*,*,#3205,.F.);
#2764=ORIENTED_EDGE('',*,*,#3504,.F.);
#2765=ORIENTED_EDGE('',*,*,#3616,.F.);
#2766=ORIENTED_EDGE('',*,*,#2846,.F.);
#2767=ORIENTED_EDGE('',*,*,#3615,.T.);
#2768=ORIENTED_EDGE('',*,*,#3524,.F.);
#2769=ORIENTED_EDGE('',*,*,#3617,.F.);
#2770=ORIENTED_EDGE('',*,*,#3515,.F.);
#2771=ORIENTED_EDGE('',*,*,#2847,.F.);
#2772=ORIENTED_EDGE('',*,*,#3616,.T.);
#2773=ORIENTED_EDGE('',*,*,#3618,.F.);
#2774=ORIENTED_EDGE('',*,*,#3617,.T.);
#2775=ORIENTED_EDGE('',*,*,#3523,.F.);
#2776=ORIENTED_EDGE('',*,*,#3618,.T.);
#2777=ORIENTED_EDGE('',*,*,#3503,.F.);
#2778=ORIENTED_EDGE('',*,*,#3516,.F.);
#2779=ORIENTED_EDGE('',*,*,#3546,.F.);
#2780=ORIENTED_EDGE('',*,*,#2835,.F.);
#2781=ORIENTED_EDGE('',*,*,#3589,.F.);
#2782=ORIENTED_EDGE('',*,*,#3587,.F.);
#2783=ORIENTED_EDGE('',*,*,#2853,.F.);
#2784=ORIENTED_EDGE('',*,*,#2868,.F.);
#2785=ORIENTED_EDGE('',*,*,#3599,.F.);
#2786=ORIENTED_EDGE('',*,*,#3557,.F.);
#2787=ORIENTED_EDGE('',*,*,#2861,.F.);
#2788=ORIENTED_EDGE('',*,*,#3572,.F.);
#2789=ORIENTED_EDGE('',*,*,#2827,.F.);
#2790=ORIENTED_EDGE('',*,*,#3601,.F.);
#2791=ORIENTED_EDGE('',*,*,#3559,.F.);
#2792=ORIENTED_EDGE('',*,*,#3195,.F.);
#2793=ORIENTED_EDGE('',*,*,#3598,.F.);
#2794=ORIENTED_EDGE('',*,*,#3566,.F.);
#2795=ORIENTED_EDGE('',*,*,#3596,.F.);
#2796=ORIENTED_EDGE('',*,*,#3197,.F.);
#2797=ORIENTED_EDGE('',*,*,#2831,.F.);
#2798=ORIENTED_EDGE('',*,*,#3571,.F.);
#2799=ORIENTED_EDGE('',*,*,#3579,.F.);
#2800=ORIENTED_EDGE('',*,*,#3217,.F.);
#2801=ORIENTED_EDGE('',*,*,#2840,.F.);
#2802=ORIENTED_EDGE('',*,*,#2865,.F.);
#2803=ORIENTED_EDGE('',*,*,#2856,.F.);
#2804=ORIENTED_EDGE('',*,*,#3233,.F.);
#2805=ORIENTED_EDGE('',*,*,#3581,.F.);
#2806=ORIENTED_EDGE('',*,*,#3551,.F.);
#2807=ORIENTED_EDGE('',*,*,#3619,.F.);
#2808=ORIENTED_EDGE('',*,*,#3264,.F.);
#2809=ORIENTED_EDGE('',*,*,#3620,.F.);
#2810=ORIENTED_EDGE('',*,*,#3621,.F.);
#2811=ORIENTED_EDGE('',*,*,#3266,.F.);
#2812=ORIENTED_EDGE('',*,*,#3622,.F.);
#2813=ORIENTED_EDGE('',*,*,#3620,.T.);
#2814=ORIENTED_EDGE('',*,*,#3265,.F.);
#2815=ORIENTED_EDGE('',*,*,#3623,.F.);
#2816=ORIENTED_EDGE('',*,*,#3267,.F.);
#2817=ORIENTED_EDGE('',*,*,#3621,.T.);
#2818=ORIENTED_EDGE('',*,*,#3624,.F.);
#2819=ORIENTED_EDGE('',*,*,#3262,.F.);
#2820=ORIENTED_EDGE('',*,*,#3619,.T.);
#2821=ORIENTED_EDGE('',*,*,#3622,.T.);
#2822=ORIENTED_EDGE('',*,*,#3623,.T.);
#2823=ORIENTED_EDGE('',*,*,#3259,.F.);
#2824=ORIENTED_EDGE('',*,*,#3624,.T.);
#2825=EDGE_CURVE('',#3625,#3626,#4128,.T.);
#2826=EDGE_CURVE('',#3626,#3627,#305,.F.);
#2827=EDGE_CURVE('',#3627,#3628,#4129,.T.);
#2828=EDGE_CURVE('',#3629,#3628,#306,.T.);
#2829=EDGE_CURVE('',#3629,#3630,#4130,.F.);
#2830=EDGE_CURVE('',#3631,#3630,#4131,.T.);
#2831=EDGE_CURVE('',#3631,#3632,#4132,.T.);
#2832=EDGE_CURVE('',#3632,#3625,#4133,.T.);
#2833=EDGE_CURVE('',#3633,#3634,#307,.T.);
#2834=EDGE_CURVE('',#3633,#3635,#308,.T.);
#2835=EDGE_CURVE('',#3635,#3636,#4134,.T.);
#2836=EDGE_CURVE('',#3636,#3637,#309,.T.);
#2837=EDGE_CURVE('',#3637,#3638,#4135,.F.);
#2838=EDGE_CURVE('',#3639,#3638,#4136,.T.);
#2839=EDGE_CURVE('',#3639,#3640,#310,.T.);
#2840=EDGE_CURVE('',#3640,#3634,#4137,.T.);
#2841=EDGE_CURVE('',#3641,#3626,#311,.F.);
#2842=EDGE_CURVE('',#3626,#3642,#4138,.T.);
#2843=EDGE_CURVE('',#3643,#3642,#4139,.T.);
#2844=EDGE_CURVE('',#3643,#3644,#312,.T.);
#2845=EDGE_CURVE('',#3645,#3644,#4140,.T.);
#2846=EDGE_CURVE('',#3645,#3646,#313,.T.);
#2847=EDGE_CURVE('',#3646,#3647,#199,.T.);
#2848=EDGE_CURVE('',#3647,#3648,#314,.T.);
#2849=EDGE_CURVE('',#3648,#3649,#200,.F.);
#2850=EDGE_CURVE('',#3649,#3650,#315,.F.);
#2851=EDGE_CURVE('',#3651,#3650,#4141,.T.);
#2852=EDGE_CURVE('',#3651,#3641,#316,.T.);
#2853=EDGE_CURVE('',#3652,#3653,#4142,.T.);
#2854=EDGE_CURVE('',#3653,#3654,#317,.T.);
#2855=EDGE_CURVE('',#3655,#3654,#4143,.T.);
#2856=EDGE_CURVE('',#3655,#3656,#4144,.T.);
#2857=EDGE_CURVE('',#3656,#3657,#4145,.T.);
#2858=EDGE_CURVE('',#3657,#3658,#4146,.F.);
#2859=EDGE_CURVE('',#3658,#3652,#318,.T.);
#2860=EDGE_CURVE('',#3659,#3660,#319,.F.);
#2861=EDGE_CURVE('',#3660,#3661,#320,.T.);
#2862=EDGE_CURVE('',#3661,#3662,#321,.T.);
#2863=EDGE_CURVE('',#3662,#3659,#322,.T.);
#2864=EDGE_CURVE('',#3663,#3664,#323,.T.);
#2865=EDGE_CURVE('',#3664,#3640,#324,.T.);
#2866=EDGE_CURVE('',#3663,#3639,#325,.T.);
#2867=EDGE_CURVE('',#3665,#3666,#326,.T.);
#2868=EDGE_CURVE('',#3666,#3652,#327,.F.);
#2869=EDGE_CURVE('',#3658,#3665,#328,.F.);
#2870=EDGE_CURVE('',#3667,#3668,#329,.T.);
#2871=EDGE_CURVE('',#3667,#3669,#330,.T.);
#2872=EDGE_CURVE('',#3670,#3669,#4147,.T.);
#2873=EDGE_CURVE('',#3670,#3668,#331,.T.);
#2874=EDGE_CURVE('',#3654,#3633,#332,.T.);
#2875=EDGE_CURVE('',#3671,#3633,#333,.T.);
#2876=EDGE_CURVE('',#3671,#3672,#4148,.T.);
#2877=EDGE_CURVE('',#3672,#3673,#334,.F.);
#2878=EDGE_CURVE('',#3673,#3674,#201,.T.);
#2879=EDGE_CURVE('',#3674,#3675,#335,.F.);
#2880=EDGE_CURVE('',#3675,#3676,#202,.F.);
#2881=EDGE_CURVE('',#3676,#3677,#336,.F.);
#2882=EDGE_CURVE('',#3677,#3678,#4149,.T.);
#2883=EDGE_CURVE('',#3679,#3678,#337,.T.);
#2884=EDGE_CURVE('',#3679,#3680,#4150,.T.);
#2885=EDGE_CURVE('',#3654,#3680,#4151,.T.);
#2886=EDGE_CURVE('',#3681,#3682,#4152,.T.);
#2887=EDGE_CURVE('',#3682,#3683,#4153,.F.);
#2888=EDGE_CURVE('',#3683,#3684,#4154,.T.);
#2889=EDGE_CURVE('',#3684,#3681,#338,.T.);
#2890=EDGE_CURVE('',#3685,#3686,#4155,.T.);
#2891=EDGE_CURVE('',#3686,#3687,#339,.F.);
#2892=EDGE_CURVE('',#3687,#3688,#340,.T.);
#2893=EDGE_CURVE('',#3688,#3689,#341,.T.);
#2894=EDGE_CURVE('',#3690,#3689,#342,.T.);
#2895=EDGE_CURVE('',#3690,#3691,#343,.T.);
#2896=EDGE_CURVE('',#3691,#3692,#344,.T.);
#2897=EDGE_CURVE('',#3692,#3685,#4156,.T.);
#2898=EDGE_CURVE('',#3693,#3694,#4157,.T.);
#2899=EDGE_CURVE('',#3694,#3695,#203,.T.);
#2900=EDGE_CURVE('',#3695,#3696,#204,.T.);
#2901=EDGE_CURVE('',#3697,#3696,#345,.T.);
#2902=EDGE_CURVE('',#3697,#3698,#205,.T.);
#2903=EDGE_CURVE('',#3698,#3693,#206,.T.);
#2904=EDGE_CURVE('',#3699,#3700,#346,.T.);
#2905=EDGE_CURVE('',#3700,#3701,#4158,.T.);
#2906=EDGE_CURVE('',#3701,#3702,#4159,.F.);
#2907=EDGE_CURVE('',#3702,#3703,#207,.T.);
#2908=EDGE_CURVE('',#3699,#3703,#347,.T.);
#2909=EDGE_CURVE('',#3704,#3705,#4160,.T.);
#2910=EDGE_CURVE('',#3705,#3706,#348,.F.);
#2911=EDGE_CURVE('',#3706,#3707,#349,.T.);
#2912=EDGE_CURVE('',#3704,#3707,#350,.T.);
#2913=EDGE_CURVE('',#3708,#3709,#351,.T.);
#2914=EDGE_CURVE('',#3709,#3710,#352,.F.);
#2915=EDGE_CURVE('',#3710,#3711,#353,.T.);
#2916=EDGE_CURVE('',#3711,#3712,#4161,.F.);
#2917=EDGE_CURVE('',#3712,#3713,#4162,.F.);
#2918=EDGE_CURVE('',#3713,#3714,#354,.F.);
#2919=EDGE_CURVE('',#3714,#3708,#355,.T.);
#2920=EDGE_CURVE('',#3715,#3716,#356,.F.);
#2921=EDGE_CURVE('',#3716,#3717,#357,.T.);
#2922=EDGE_CURVE('',#3717,#3718,#4163,.T.);
#2923=EDGE_CURVE('',#3718,#3719,#4164,.T.);
#2924=EDGE_CURVE('',#3719,#3720,#358,.F.);
#2925=EDGE_CURVE('',#3720,#3721,#359,.F.);
#2926=EDGE_CURVE('',#3722,#3721,#360,.T.);
#2927=EDGE_CURVE('',#3715,#3722,#361,.T.);
#2928=EDGE_CURVE('',#3720,#3723,#4165,.F.);
#2929=EDGE_CURVE('',#3724,#3723,#362,.T.);
#2930=EDGE_CURVE('',#3724,#3725,#208,.T.);
#2931=EDGE_CURVE('',#3721,#3725,#74,.T.);
#2932=EDGE_CURVE('',#3711,#3726,#209,.T.);
#2933=EDGE_CURVE('',#3727,#3726,#4166,.T.);
#2934=EDGE_CURVE('',#3727,#3712,#4167,.T.);
#2935=EDGE_CURVE('',#3728,#3729,#4168,.T.);
#2936=EDGE_CURVE('',#3729,#3730,#4169,.T.);
#2937=EDGE_CURVE('',#3730,#3731,#210,.T.);
#2938=EDGE_CURVE('',#3728,#3731,#4170,.F.);
#2939=EDGE_CURVE('',#3731,#3732,#363,.F.);
#2940=EDGE_CURVE('',#3732,#3733,#364,.T.);
#2941=EDGE_CURVE('',#3733,#3734,#365,.T.);
#2942=EDGE_CURVE('',#3735,#3734,#366,.T.);
#2943=EDGE_CURVE('',#3735,#3736,#4171,.F.);
#2944=EDGE_CURVE('',#3736,#3737,#367,.F.);
#2945=EDGE_CURVE('',#3738,#3737,#368,.T.);
#2946=EDGE_CURVE('',#3738,#3739,#369,.T.);
#2947=EDGE_CURVE('',#3740,#3739,#370,.T.);
#2948=EDGE_CURVE('',#3740,#3741,#371,.T.);
#2949=EDGE_CURVE('',#3741,#3742,#4172,.F.);
#2950=EDGE_CURVE('',#3742,#3743,#372,.T.);
#2951=EDGE_CURVE('',#3743,#3724,#373,.T.);
#2952=EDGE_CURVE('',#3723,#3744,#374,.T.);
#2953=EDGE_CURVE('',#3744,#3745,#4173,.F.);
#2954=EDGE_CURVE('',#3745,#3746,#4174,.F.);
#2955=EDGE_CURVE('',#3746,#3747,#375,.T.);
#2956=EDGE_CURVE('',#3747,#3728,#4175,.F.);
#2957=EDGE_CURVE('',#3748,#3749,#376,.T.);
#2958=EDGE_CURVE('',#3749,#3750,#377,.T.);
#2959=EDGE_CURVE('',#3750,#3751,#378,.T.);
#2960=EDGE_CURVE('',#3751,#3752,#379,.T.);
#2961=EDGE_CURVE('',#3752,#3753,#380,.T.);
#2962=EDGE_CURVE('',#3753,#3754,#381,.T.);
#2963=EDGE_CURVE('',#3754,#3755,#382,.T.);
#2964=EDGE_CURVE('',#3755,#3748,#383,.T.);
#2965=EDGE_CURVE('',#3756,#3757,#384,.T.);
#2966=EDGE_CURVE('',#3757,#3758,#385,.T.);
#2967=EDGE_CURVE('',#3758,#3759,#4176,.F.);
#2968=EDGE_CURVE('',#3759,#3760,#386,.T.);
#2969=EDGE_CURVE('',#3760,#3761,#387,.T.);
#2970=EDGE_CURVE('',#3761,#3762,#388,.T.);
#2971=EDGE_CURVE('',#3762,#3763,#389,.T.);
#2972=EDGE_CURVE('',#3763,#3764,#390,.T.);
#2973=EDGE_CURVE('',#3764,#3765,#4177,.F.);
#2974=EDGE_CURVE('',#3765,#3766,#391,.T.);
#2975=EDGE_CURVE('',#3766,#3767,#392,.T.);
#2976=EDGE_CURVE('',#3767,#3756,#393,.T.);
#2977=EDGE_CURVE('',#3768,#3769,#394,.T.);
#2978=EDGE_CURVE('',#3769,#3770,#395,.T.);
#2979=EDGE_CURVE('',#3770,#3771,#396,.T.);
#2980=EDGE_CURVE('',#3771,#3772,#397,.T.);
#2981=EDGE_CURVE('',#3772,#3773,#398,.T.);
#2982=EDGE_CURVE('',#3773,#3774,#399,.T.);
#2983=EDGE_CURVE('',#3774,#3775,#400,.T.);
#2984=EDGE_CURVE('',#3775,#3768,#401,.T.);
#2985=EDGE_CURVE('',#3776,#3777,#402,.T.);
#2986=EDGE_CURVE('',#3777,#3778,#403,.T.);
#2987=EDGE_CURVE('',#3778,#3779,#4178,.F.);
#2988=EDGE_CURVE('',#3779,#3780,#404,.T.);
#2989=EDGE_CURVE('',#3780,#3781,#405,.T.);
#2990=EDGE_CURVE('',#3781,#3782,#406,.T.);
#2991=EDGE_CURVE('',#3782,#3783,#407,.T.);
#2992=EDGE_CURVE('',#3783,#3784,#408,.T.);
#2993=EDGE_CURVE('',#3784,#3785,#4179,.F.);
#2994=EDGE_CURVE('',#3785,#3786,#409,.T.);
#2995=EDGE_CURVE('',#3786,#3787,#410,.T.);
#2996=EDGE_CURVE('',#3787,#3776,#411,.T.);
#2997=EDGE_CURVE('',#3788,#3789,#412,.T.);
#2998=EDGE_CURVE('',#3789,#3790,#413,.T.);
#2999=EDGE_CURVE('',#3790,#3791,#4180,.F.);
#3000=EDGE_CURVE('',#3791,#3792,#414,.T.);
#3001=EDGE_CURVE('',#3792,#3793,#415,.T.);
#3002=EDGE_CURVE('',#3793,#3794,#416,.T.);
#3003=EDGE_CURVE('',#3794,#3795,#417,.T.);
#3004=EDGE_CURVE('',#3795,#3796,#418,.T.);
#3005=EDGE_CURVE('',#3796,#3797,#4181,.F.);
#3006=EDGE_CURVE('',#3797,#3798,#419,.T.);
#3007=EDGE_CURVE('',#3798,#3799,#420,.T.);
#3008=EDGE_CURVE('',#3799,#3788,#421,.T.);
#3009=EDGE_CURVE('',#3800,#3801,#422,.T.);
#3010=EDGE_CURVE('',#3801,#3802,#423,.T.);
#3011=EDGE_CURVE('',#3802,#3803,#424,.T.);
#3012=EDGE_CURVE('',#3803,#3804,#425,.T.);
#3013=EDGE_CURVE('',#3804,#3805,#426,.T.);
#3014=EDGE_CURVE('',#3805,#3806,#427,.T.);
#3015=EDGE_CURVE('',#3806,#3807,#428,.T.);
#3016=EDGE_CURVE('',#3807,#3808,#429,.T.);
#3017=EDGE_CURVE('',#3808,#3809,#430,.T.);
#3018=EDGE_CURVE('',#3809,#3810,#431,.T.);
#3019=EDGE_CURVE('',#3810,#3811,#432,.T.);
#3020=EDGE_CURVE('',#3811,#3800,#433,.T.);
#3021=EDGE_CURVE('',#3812,#3813,#434,.T.);
#3022=EDGE_CURVE('',#3813,#3814,#435,.T.);
#3023=EDGE_CURVE('',#3814,#3815,#436,.T.);
#3024=EDGE_CURVE('',#3815,#3816,#437,.T.);
#3025=EDGE_CURVE('',#3816,#3817,#438,.T.);
#3026=EDGE_CURVE('',#3817,#3818,#439,.T.);
#3027=EDGE_CURVE('',#3818,#3819,#440,.T.);
#3028=EDGE_CURVE('',#3819,#3812,#441,.T.);
#3029=EDGE_CURVE('',#3820,#3821,#442,.T.);
#3030=EDGE_CURVE('',#3820,#3822,#4182,.F.);
#3031=EDGE_CURVE('',#3822,#3823,#443,.T.);
#3032=EDGE_CURVE('',#3824,#3823,#444,.T.);
#3033=EDGE_CURVE('',#3825,#3824,#4183,.T.);
#3034=EDGE_CURVE('',#3825,#3826,#4184,.F.);
#3035=EDGE_CURVE('',#3827,#3826,#445,.T.);
#3036=EDGE_CURVE('',#3827,#3828,#4185,.T.);
#3037=EDGE_CURVE('',#3829,#3828,#4186,.T.);
#3038=EDGE_CURVE('',#3829,#3830,#4187,.F.);
#3039=EDGE_CURVE('',#3830,#3831,#4188,.T.);
#3040=EDGE_CURVE('',#3832,#3831,#4189,.T.);
#3041=EDGE_CURVE('',#3832,#3833,#446,.T.);
#3042=EDGE_CURVE('',#3834,#3833,#4190,.T.);
#3043=EDGE_CURVE('',#3834,#3835,#4191,.T.);
#3044=EDGE_CURVE('',#3836,#3835,#4192,.T.);
#3045=EDGE_CURVE('',#3836,#3837,#447,.T.);
#3046=EDGE_CURVE('',#3837,#3838,#4193,.F.);
#3047=EDGE_CURVE('',#3839,#3838,#448,.T.);
#3048=EDGE_CURVE('',#3839,#3840,#4194,.T.);
#3049=EDGE_CURVE('',#3841,#3840,#449,.T.);
#3050=EDGE_CURVE('',#3841,#3842,#4195,.T.);
#3051=EDGE_CURVE('',#3842,#3843,#450,.T.);
#3052=EDGE_CURVE('',#3843,#3844,#4196,.F.);
#3053=EDGE_CURVE('',#3845,#3844,#451,.T.);
#3054=EDGE_CURVE('',#3845,#3846,#4197,.T.);
#3055=EDGE_CURVE('',#3847,#3846,#4198,.T.);
#3056=EDGE_CURVE('',#3847,#3848,#4199,.T.);
#3057=EDGE_CURVE('',#3849,#3848,#452,.T.);
#3058=EDGE_CURVE('',#3849,#3850,#4200,.T.);
#3059=EDGE_CURVE('',#3851,#3850,#4201,.T.);
#3060=EDGE_CURVE('',#3851,#3852,#4202,.F.);
#3061=EDGE_CURVE('',#3852,#3853,#4203,.T.);
#3062=EDGE_CURVE('',#3853,#3854,#4204,.T.);
#3063=EDGE_CURVE('',#3854,#3855,#453,.T.);
#3064=EDGE_CURVE('',#3855,#3856,#4205,.F.);
#3065=EDGE_CURVE('',#3856,#3857,#4206,.T.);
#3066=EDGE_CURVE('',#3857,#3858,#454,.T.);
#3067=EDGE_CURVE('',#3858,#3859,#455,.T.);
#3068=EDGE_CURVE('',#3859,#3860,#4207,.F.);
#3069=EDGE_CURVE('',#3860,#3861,#456,.T.);
#3070=EDGE_CURVE('',#3861,#3862,#211,.T.);
#3071=EDGE_CURVE('',#3862,#3863,#4208,.T.);
#3072=EDGE_CURVE('',#3863,#3864,#4209,.T.);
#3073=EDGE_CURVE('',#3864,#3865,#457,.F.);
#3074=EDGE_CURVE('',#3865,#3727,#4210,.T.);
#3075=EDGE_CURVE('',#3726,#3821,#212,.T.);
#3076=EDGE_CURVE('',#3866,#3867,#458,.T.);
#3077=EDGE_CURVE('',#3866,#3868,#4211,.T.);
#3078=EDGE_CURVE('',#3869,#3868,#4212,.T.);
#3079=EDGE_CURVE('',#3869,#3867,#4213,.T.);
#3080=EDGE_CURVE('',#3870,#3871,#459,.F.);
#3081=EDGE_CURVE('',#3871,#3872,#460,.F.);
#3082=EDGE_CURVE('',#3873,#3872,#461,.T.);
#3083=EDGE_CURVE('',#3873,#3874,#462,.F.);
#3084=EDGE_CURVE('',#3874,#3875,#463,.T.);
#3085=EDGE_CURVE('',#3875,#3876,#4214,.F.);
#3086=EDGE_CURVE('',#3876,#3870,#4215,.F.);
#3087=EDGE_CURVE('',#3837,#3877,#464,.T.);
#3088=EDGE_CURVE('',#3878,#3877,#4216,.T.);
#3089=EDGE_CURVE('',#3838,#3878,#465,.T.);
#3090=EDGE_CURVE('',#3851,#3879,#466,.T.);
#3091=EDGE_CURVE('',#3880,#3879,#4217,.T.);
#3092=EDGE_CURVE('',#3852,#3880,#467,.T.);
#3093=EDGE_CURVE('',#3881,#3882,#468,.T.);
#3094=EDGE_CURVE('',#3882,#3883,#469,.F.);
#3095=EDGE_CURVE('',#3883,#3884,#4218,.F.);
#3096=EDGE_CURVE('',#3884,#3878,#470,.T.);
#3097=EDGE_CURVE('',#3877,#3885,#4219,.T.);
#3098=EDGE_CURVE('',#3885,#3886,#4220,.T.);
#3099=EDGE_CURVE('',#3886,#3887,#4221,.T.);
#3100=EDGE_CURVE('',#3887,#3888,#4222,.F.);
#3101=EDGE_CURVE('',#3881,#3888,#471,.T.);
#3102=EDGE_CURVE('',#3889,#3890,#4223,.F.);
#3103=EDGE_CURVE('',#3890,#3891,#472,.F.);
#3104=EDGE_CURVE('',#3891,#3892,#473,.T.);
#3105=EDGE_CURVE('',#3893,#3892,#474,.T.);
#3106=EDGE_CURVE('',#3893,#3894,#4224,.F.);
#3107=EDGE_CURVE('',#3880,#3894,#4225,.T.);
#3108=EDGE_CURVE('',#3879,#3895,#4226,.T.);
#3109=EDGE_CURVE('',#3895,#3896,#4227,.T.);
#3110=EDGE_CURVE('',#3889,#3896,#475,.T.);
#3111=EDGE_CURVE('',#3886,#3829,#476,.F.);
#3112=EDGE_CURVE('',#3828,#3887,#477,.T.);
#3113=EDGE_CURVE('',#3884,#3839,#478,.F.);
#3114=EDGE_CURVE('',#3894,#3853,#479,.F.);
#3115=EDGE_CURVE('',#3896,#3843,#480,.F.);
#3116=EDGE_CURVE('',#3842,#3889,#481,.T.);
#3117=EDGE_CURVE('',#3857,#3897,#482,.T.);
#3118=EDGE_CURVE('',#3897,#3735,#213,.T.);
#3119=EDGE_CURVE('',#3734,#3898,#75,.F.);
#3120=EDGE_CURVE('',#3898,#3689,#483,.T.);
#3121=EDGE_CURVE('',#3689,#3858,#484,.T.);
#3122=EDGE_CURVE('',#3856,#3899,#485,.T.);
#3123=EDGE_CURVE('',#3899,#3897,#4228,.T.);
#3124=EDGE_CURVE('',#3900,#3901,#486,.T.);
#3125=EDGE_CURVE('',#3901,#3902,#214,.T.);
#3126=EDGE_CURVE('',#3902,#3855,#487,.F.);
#3127=EDGE_CURVE('',#3854,#3893,#488,.F.);
#3128=EDGE_CURVE('',#3892,#3900,#76,.T.);
#3129=EDGE_CURVE('',#3738,#3903,#489,.T.);
#3130=EDGE_CURVE('',#3903,#3904,#490,.T.);
#3131=EDGE_CURVE('',#3904,#3841,#491,.F.);
#3132=EDGE_CURVE('',#3840,#3905,#492,.T.);
#3133=EDGE_CURVE('',#3905,#3906,#493,.T.);
#3134=EDGE_CURVE('',#3739,#3906,#494,.T.);
#3135=EDGE_CURVE('',#3826,#3907,#495,.T.);
#3136=EDGE_CURVE('',#3907,#3908,#215,.T.);
#3137=EDGE_CURVE('',#3908,#3909,#496,.F.);
#3138=EDGE_CURVE('',#3909,#3881,#77,.F.);
#3139=EDGE_CURVE('',#3888,#3827,#497,.T.);
#3140=EDGE_CURVE('',#3824,#3910,#498,.T.);
#3141=EDGE_CURVE('',#3910,#3911,#4229,.T.);
#3142=EDGE_CURVE('',#3911,#3825,#499,.F.);
#3143=EDGE_CURVE('',#3742,#3910,#216,.T.);
#3144=EDGE_CURVE('',#3722,#3823,#500,.T.);
#3145=EDGE_CURVE('',#3912,#3722,#501,.T.);
#3146=EDGE_CURVE('',#3912,#3743,#78,.T.);
#3147=EDGE_CURVE('',#3913,#3914,#4230,.F.);
#3148=EDGE_CURVE('',#3914,#3915,#4231,.T.);
#3149=EDGE_CURVE('',#3915,#3916,#4232,.F.);
#3150=EDGE_CURVE('',#3916,#3913,#502,.F.);
#3151=EDGE_CURVE('',#3906,#3917,#503,.F.);
#3152=EDGE_CURVE('',#3917,#3740,#79,.T.);
#3153=EDGE_CURVE('',#3708,#3715,#80,.F.);
#3154=EDGE_CURVE('',#3823,#3709,#81,.F.);
#3155=EDGE_CURVE('',#3918,#3919,#504,.T.);
#3156=EDGE_CURVE('',#3918,#3920,#217,.T.);
#3157=EDGE_CURVE('',#3920,#3921,#505,.F.);
#3158=EDGE_CURVE('',#3921,#3919,#218,.T.);
#3159=EDGE_CURVE('',#3919,#3922,#219,.T.);
#3160=EDGE_CURVE('',#3922,#3923,#220,.T.);
#3161=EDGE_CURVE('',#3923,#3924,#4233,.T.);
#3162=EDGE_CURVE('',#3924,#3925,#221,.T.);
#3163=EDGE_CURVE('',#3925,#3918,#222,.T.);
#3164=EDGE_CURVE('',#3696,#3926,#223,.T.);
#3165=EDGE_CURVE('',#3926,#3927,#506,.T.);
#3166=EDGE_CURVE('',#3927,#3697,#224,.T.);
#3167=EDGE_CURVE('',#3872,#3858,#82,.T.);
#3168=EDGE_CURVE('',#3688,#3873,#83,.T.);
#3169=EDGE_CURVE('',#3737,#3928,#84,.T.);
#3170=EDGE_CURVE('',#3928,#3903,#507,.F.);
#3171=EDGE_CURVE('',#3898,#3929,#508,.F.);
#3172=EDGE_CURVE('',#3929,#3690,#85,.T.);
#3173=EDGE_CURVE('',#3725,#3912,#509,.F.);
#3174=EDGE_CURVE('',#3732,#3691,#4234,.T.);
#3175=EDGE_CURVE('',#3929,#3733,#225,.T.);
#3176=EDGE_CURVE('',#3904,#3890,#226,.F.);
#3177=EDGE_CURVE('',#3883,#3905,#227,.T.);
#3178=EDGE_CURVE('',#3895,#3844,#510,.F.);
#3179=EDGE_CURVE('',#3885,#3830,#511,.F.);
#3180=EDGE_CURVE('',#3928,#3900,#228,.T.);
#3181=EDGE_CURVE('',#3903,#3891,#86,.F.);
#3182=EDGE_CURVE('',#3909,#3917,#229,.T.);
#3183=EDGE_CURVE('',#3882,#3906,#87,.T.);
#3184=EDGE_CURVE('',#3908,#3741,#4235,.T.);
#3185=EDGE_CURVE('',#3736,#3901,#4236,.F.);
#3186=EDGE_CURVE('',#3930,#3931,#512,.T.);
#3187=EDGE_CURVE('',#3930,#3932,#4237,.T.);
#3188=EDGE_CURVE('',#3933,#3932,#4238,.T.);
#3189=EDGE_CURVE('',#3933,#3931,#513,.T.);
#3190=EDGE_CURVE('',#3641,#3934,#514,.T.);
#3191=EDGE_CURVE('',#3651,#3845,#515,.T.);
#3192=EDGE_CURVE('',#3895,#3930,#230,.T.);
#3193=EDGE_CURVE('',#3707,#3931,#516,.T.);
#3194=EDGE_CURVE('',#3706,#3935,#88,.T.);
#3195=EDGE_CURVE('',#3935,#3934,#517,.F.);
#3196=EDGE_CURVE('',#3704,#3933,#518,.T.);
#3197=EDGE_CURVE('',#3632,#3936,#519,.F.);
#3198=EDGE_CURVE('',#3936,#3705,#231,.T.);
#3199=EDGE_CURVE('',#3932,#3879,#232,.T.);
#3200=EDGE_CURVE('',#3642,#3850,#520,.T.);
#3201=EDGE_CURVE('',#3643,#3849,#521,.T.);
#3202=EDGE_CURVE('',#3644,#3848,#522,.T.);
#3203=EDGE_CURVE('',#3937,#3847,#523,.T.);
#3204=EDGE_CURVE('',#3938,#3937,#524,.T.);
#3205=EDGE_CURVE('',#3938,#3645,#233,.T.);
#3206=EDGE_CURVE('',#3939,#3846,#525,.T.);
#3207=EDGE_CURVE('',#3940,#3939,#234,.T.);
#3208=EDGE_CURVE('',#3940,#3937,#4239,.T.);
#3209=EDGE_CURVE('',#3650,#3941,#235,.T.);
#3210=EDGE_CURVE('',#3941,#3940,#526,.T.);
#3211=EDGE_CURVE('',#3942,#3943,#4240,.T.);
#3212=EDGE_CURVE('',#3943,#3944,#4241,.T.);
#3213=EDGE_CURVE('',#3944,#3945,#527,.T.);
#3214=EDGE_CURVE('',#3942,#3945,#528,.T.);
#3215=EDGE_CURVE('',#3668,#3945,#529,.T.);
#3216=EDGE_CURVE('',#3670,#3942,#530,.T.);
#3217=EDGE_CURVE('',#3634,#3946,#531,.F.);
#3218=EDGE_CURVE('',#3946,#3667,#89,.F.);
#3219=EDGE_CURVE('',#3944,#3877,#236,.T.);
#3220=EDGE_CURVE('',#3671,#3836,#532,.T.);
#3221=EDGE_CURVE('',#3947,#3835,#533,.T.);
#3222=EDGE_CURVE('',#3947,#3948,#237,.T.);
#3223=EDGE_CURVE('',#3949,#3948,#534,.T.);
#3224=EDGE_CURVE('',#3949,#3672,#238,.T.);
#3225=EDGE_CURVE('',#3703,#3834,#535,.T.);
#3226=EDGE_CURVE('',#3703,#3948,#4242,.T.);
#3227=EDGE_CURVE('',#3678,#3833,#536,.T.);
#3228=EDGE_CURVE('',#3677,#3699,#239,.T.);
#3229=EDGE_CURVE('',#3679,#3832,#537,.T.);
#3230=EDGE_CURVE('',#3680,#3831,#538,.T.);
#3231=EDGE_CURVE('',#3885,#3943,#240,.T.);
#3232=EDGE_CURVE('',#3669,#3950,#241,.T.);
#3233=EDGE_CURVE('',#3950,#3655,#539,.T.);
#3234=EDGE_CURVE('',#3907,#3911,#242,.T.);
#3235=EDGE_CURVE('',#3907,#3951,#4243,.T.);
#3236=EDGE_CURVE('',#3951,#3911,#243,.T.);
#3237=EDGE_CURVE('',#3741,#3951,#244,.T.);
#3238=EDGE_CURVE('',#3899,#3902,#245,.F.);
#3239=EDGE_CURVE('',#3902,#3952,#4244,.T.);
#3240=EDGE_CURVE('',#3952,#3736,#246,.T.);
#3241=EDGE_CURVE('',#3899,#3952,#247,.F.);
#3242=EDGE_CURVE('',#3915,#3953,#248,.T.);
#3243=EDGE_CURVE('',#3953,#3713,#249,.T.);
#3244=EDGE_CURVE('',#3916,#3865,#4245,.T.);
#3245=EDGE_CURVE('',#3913,#3864,#4246,.T.);
#3246=EDGE_CURVE('',#3862,#3870,#250,.T.);
#3247=EDGE_CURVE('',#3863,#3876,#4247,.T.);
#3248=EDGE_CURVE('',#3875,#3954,#251,.T.);
#3249=EDGE_CURVE('',#3954,#3914,#252,.T.);
#3250=EDGE_CURVE('',#3955,#3746,#4248,.T.);
#3251=EDGE_CURVE('',#3955,#3956,#540,.T.);
#3252=EDGE_CURVE('',#3747,#3956,#4249,.T.);
#3253=EDGE_CURVE('',#3956,#3729,#4250,.T.);
#3254=EDGE_CURVE('',#3957,#3745,#4251,.T.);
#3255=EDGE_CURVE('',#3957,#3955,#4252,.T.);
#3256=EDGE_CURVE('',#3744,#3958,#253,.T.);
#3257=EDGE_CURVE('',#3958,#3957,#4253,.T.);
#3258=EDGE_CURVE('',#3959,#3866,#541,.T.);
#3259=EDGE_CURVE('',#3959,#3960,#4254,.T.);
#3260=EDGE_CURVE('',#3960,#3868,#542,.T.);
#3261=EDGE_CURVE('',#3961,#3867,#543,.T.);
#3262=EDGE_CURVE('',#3961,#3959,#544,.F.);
#3263=EDGE_CURVE('',#3962,#3869,#545,.T.);
#3264=EDGE_CURVE('',#3962,#3961,#4255,.T.);
#3265=EDGE_CURVE('',#3960,#3962,#4256,.F.);
#3266=EDGE_CURVE('',#3963,#3964,#4257,.T.);
#3267=EDGE_CURVE('',#3964,#3963,#546,.T.);
#3268=EDGE_CURVE('',#3965,#3757,#547,.T.);
#3269=EDGE_CURVE('',#3965,#3966,#548,.T.);
#3270=EDGE_CURVE('',#3966,#3758,#549,.T.);
#3271=EDGE_CURVE('',#3967,#3756,#550,.T.);
#3272=EDGE_CURVE('',#3967,#3965,#551,.T.);
#3273=EDGE_CURVE('',#3968,#3767,#552,.T.);
#3274=EDGE_CURVE('',#3968,#3967,#553,.T.);
#3275=EDGE_CURVE('',#3969,#3766,#554,.T.);
#3276=EDGE_CURVE('',#3969,#3968,#555,.T.);
#3277=EDGE_CURVE('',#3970,#3765,#556,.T.);
#3278=EDGE_CURVE('',#3970,#3969,#557,.T.);
#3279=EDGE_CURVE('',#3971,#3764,#558,.T.);
#3280=EDGE_CURVE('',#3971,#3970,#4258,.F.);
#3281=EDGE_CURVE('',#3972,#3763,#559,.T.);
#3282=EDGE_CURVE('',#3972,#3971,#560,.T.);
#3283=EDGE_CURVE('',#3973,#3762,#561,.T.);
#3284=EDGE_CURVE('',#3973,#3972,#562,.T.);
#3285=EDGE_CURVE('',#3974,#3761,#563,.T.);
#3286=EDGE_CURVE('',#3974,#3973,#564,.T.);
#3287=EDGE_CURVE('',#3975,#3760,#565,.T.);
#3288=EDGE_CURVE('',#3975,#3974,#566,.T.);
#3289=EDGE_CURVE('',#3976,#3759,#567,.T.);
#3290=EDGE_CURVE('',#3976,#3975,#568,.T.);
#3291=EDGE_CURVE('',#3966,#3976,#4259,.F.);
#3292=EDGE_CURVE('',#3977,#3978,#569,.T.);
#3293=EDGE_CURVE('',#3979,#3977,#570,.T.);
#3294=EDGE_CURVE('',#3979,#3980,#571,.T.);
#3295=EDGE_CURVE('',#3980,#3978,#572,.T.);
#3296=EDGE_CURVE('',#3981,#3977,#573,.T.);
#3297=EDGE_CURVE('',#3982,#3981,#574,.T.);
#3298=EDGE_CURVE('',#3982,#3979,#575,.T.);
#3299=EDGE_CURVE('',#3983,#3981,#576,.T.);
#3300=EDGE_CURVE('',#3984,#3983,#577,.T.);
#3301=EDGE_CURVE('',#3984,#3982,#578,.T.);
#3302=EDGE_CURVE('',#3985,#3983,#579,.T.);
#3303=EDGE_CURVE('',#3986,#3985,#580,.T.);
#3304=EDGE_CURVE('',#3986,#3984,#581,.T.);
#3305=EDGE_CURVE('',#3987,#3985,#582,.T.);
#3306=EDGE_CURVE('',#3988,#3987,#583,.T.);
#3307=EDGE_CURVE('',#3988,#3986,#584,.T.);
#3308=EDGE_CURVE('',#3989,#3987,#4260,.F.);
#3309=EDGE_CURVE('',#3990,#3989,#585,.T.);
#3310=EDGE_CURVE('',#3990,#3988,#4261,.F.);
#3311=EDGE_CURVE('',#3991,#3749,#586,.T.);
#3312=EDGE_CURVE('',#3991,#3992,#587,.T.);
#3313=EDGE_CURVE('',#3992,#3750,#588,.T.);
#3314=EDGE_CURVE('',#3993,#3748,#589,.T.);
#3315=EDGE_CURVE('',#3993,#3991,#590,.T.);
#3316=EDGE_CURVE('',#3994,#3755,#591,.T.);
#3317=EDGE_CURVE('',#3994,#3993,#592,.T.);
#3318=EDGE_CURVE('',#3995,#3754,#593,.T.);
#3319=EDGE_CURVE('',#3995,#3994,#594,.T.);
#3320=EDGE_CURVE('',#3996,#3753,#595,.T.);
#3321=EDGE_CURVE('',#3996,#3995,#596,.T.);
#3322=EDGE_CURVE('',#3997,#3752,#597,.T.);
#3323=EDGE_CURVE('',#3997,#3996,#598,.T.);
#3324=EDGE_CURVE('',#3998,#3751,#599,.T.);
#3325=EDGE_CURVE('',#3998,#3997,#600,.T.);
#3326=EDGE_CURVE('',#3992,#3998,#601,.T.);
#3327=EDGE_CURVE('',#3978,#3989,#602,.T.);
#3328=EDGE_CURVE('',#3980,#3990,#603,.F.);
#3329=EDGE_CURVE('',#3999,#4000,#604,.T.);
#3330=EDGE_CURVE('',#4001,#3999,#605,.T.);
#3331=EDGE_CURVE('',#4001,#4002,#606,.T.);
#3332=EDGE_CURVE('',#4002,#4000,#607,.T.);
#3333=EDGE_CURVE('',#4003,#3999,#608,.T.);
#3334=EDGE_CURVE('',#4004,#4003,#609,.T.);
#3335=EDGE_CURVE('',#4004,#4001,#610,.T.);
#3336=EDGE_CURVE('',#4005,#4003,#611,.T.);
#3337=EDGE_CURVE('',#4006,#4005,#612,.T.);
#3338=EDGE_CURVE('',#4006,#4004,#613,.T.);
#3339=EDGE_CURVE('',#4007,#4005,#614,.T.);
#3340=EDGE_CURVE('',#4008,#4007,#615,.T.);
#3341=EDGE_CURVE('',#4008,#4006,#616,.T.);
#3342=EDGE_CURVE('',#4009,#4007,#617,.T.);
#3343=EDGE_CURVE('',#4010,#4009,#618,.T.);
#3344=EDGE_CURVE('',#4010,#4008,#619,.T.);
#3345=EDGE_CURVE('',#4011,#4009,#4262,.F.);
#3346=EDGE_CURVE('',#4012,#4011,#620,.T.);
#3347=EDGE_CURVE('',#4012,#4010,#4263,.F.);
#3348=EDGE_CURVE('',#4013,#3769,#621,.T.);
#3349=EDGE_CURVE('',#4013,#4014,#622,.T.);
#3350=EDGE_CURVE('',#4014,#3770,#623,.T.);
#3351=EDGE_CURVE('',#4015,#3768,#624,.T.);
#3352=EDGE_CURVE('',#4015,#4013,#625,.T.);
#3353=EDGE_CURVE('',#4016,#3775,#626,.T.);
#3354=EDGE_CURVE('',#4016,#4015,#627,.T.);
#3355=EDGE_CURVE('',#4017,#3774,#628,.T.);
#3356=EDGE_CURVE('',#4017,#4016,#629,.T.);
#3357=EDGE_CURVE('',#4018,#3773,#630,.T.);
#3358=EDGE_CURVE('',#4018,#4017,#631,.T.);
#3359=EDGE_CURVE('',#4019,#3772,#632,.T.);
#3360=EDGE_CURVE('',#4019,#4018,#633,.T.);
#3361=EDGE_CURVE('',#4020,#3771,#634,.T.);
#3362=EDGE_CURVE('',#4020,#4019,#635,.T.);
#3363=EDGE_CURVE('',#4014,#4020,#636,.T.);
#3364=EDGE_CURVE('',#4000,#4011,#637,.T.);
#3365=EDGE_CURVE('',#4002,#4012,#638,.F.);
#3366=EDGE_CURVE('',#4021,#3777,#639,.T.);
#3367=EDGE_CURVE('',#4021,#4022,#640,.T.);
#3368=EDGE_CURVE('',#4022,#3778,#641,.T.);
#3369=EDGE_CURVE('',#4023,#3776,#642,.T.);
#3370=EDGE_CURVE('',#4023,#4021,#643,.T.);
#3371=EDGE_CURVE('',#4024,#3787,#644,.T.);
#3372=EDGE_CURVE('',#4024,#4023,#645,.T.);
#3373=EDGE_CURVE('',#4025,#3786,#646,.T.);
#3374=EDGE_CURVE('',#4025,#4024,#647,.T.);
#3375=EDGE_CURVE('',#4026,#3785,#648,.T.);
#3376=EDGE_CURVE('',#4026,#4025,#649,.T.);
#3377=EDGE_CURVE('',#4027,#3784,#650,.T.);
#3378=EDGE_CURVE('',#4027,#4026,#4264,.F.);
#3379=EDGE_CURVE('',#4028,#3783,#651,.T.);
#3380=EDGE_CURVE('',#4028,#4027,#652,.T.);
#3381=EDGE_CURVE('',#4029,#3782,#653,.T.);
#3382=EDGE_CURVE('',#4029,#4028,#654,.T.);
#3383=EDGE_CURVE('',#4030,#3781,#655,.T.);
#3384=EDGE_CURVE('',#4030,#4029,#656,.T.);
#3385=EDGE_CURVE('',#4031,#3780,#657,.T.);
#3386=EDGE_CURVE('',#4031,#4030,#658,.T.);
#3387=EDGE_CURVE('',#4032,#3779,#659,.T.);
#3388=EDGE_CURVE('',#4032,#4031,#660,.T.);
#3389=EDGE_CURVE('',#4022,#4032,#4265,.F.);
#3390=EDGE_CURVE('',#4033,#3789,#661,.T.);
#3391=EDGE_CURVE('',#4033,#4034,#662,.T.);
#3392=EDGE_CURVE('',#4034,#3790,#663,.T.);
#3393=EDGE_CURVE('',#4035,#3788,#664,.T.);
#3394=EDGE_CURVE('',#4035,#4033,#665,.T.);
#3395=EDGE_CURVE('',#4036,#3799,#666,.T.);
#3396=EDGE_CURVE('',#4036,#4035,#667,.T.);
#3397=EDGE_CURVE('',#4037,#3798,#668,.T.);
#3398=EDGE_CURVE('',#4037,#4036,#669,.T.);
#3399=EDGE_CURVE('',#4038,#3797,#670,.T.);
#3400=EDGE_CURVE('',#4038,#4037,#671,.T.);
#3401=EDGE_CURVE('',#4039,#3796,#672,.T.);
#3402=EDGE_CURVE('',#4039,#4038,#4266,.F.);
#3403=EDGE_CURVE('',#4040,#3795,#673,.T.);
#3404=EDGE_CURVE('',#4040,#4039,#674,.T.);
#3405=EDGE_CURVE('',#4041,#3794,#675,.T.);
#3406=EDGE_CURVE('',#4041,#4040,#676,.T.);
#3407=EDGE_CURVE('',#4042,#3793,#677,.T.);
#3408=EDGE_CURVE('',#4042,#4041,#678,.T.);
#3409=EDGE_CURVE('',#4043,#3792,#679,.T.);
#3410=EDGE_CURVE('',#4043,#4042,#680,.T.);
#3411=EDGE_CURVE('',#4044,#3791,#681,.T.);
#3412=EDGE_CURVE('',#4044,#4043,#682,.T.);
#3413=EDGE_CURVE('',#4034,#4044,#4267,.F.);
#3414=EDGE_CURVE('',#4045,#3801,#683,.T.);
#3415=EDGE_CURVE('',#4045,#4046,#684,.T.);
#3416=EDGE_CURVE('',#4046,#3802,#685,.T.);
#3417=EDGE_CURVE('',#4047,#3800,#686,.T.);
#3418=EDGE_CURVE('',#4047,#4045,#687,.T.);
#3419=EDGE_CURVE('',#4048,#3811,#688,.T.);
#3420=EDGE_CURVE('',#4048,#4047,#689,.T.);
#3421=EDGE_CURVE('',#4049,#3810,#690,.T.);
#3422=EDGE_CURVE('',#4049,#4048,#691,.T.);
#3423=EDGE_CURVE('',#4050,#3809,#692,.T.);
#3424=EDGE_CURVE('',#4050,#4049,#693,.T.);
#3425=EDGE_CURVE('',#4051,#3808,#694,.T.);
#3426=EDGE_CURVE('',#4051,#4050,#695,.T.);
#3427=EDGE_CURVE('',#4052,#3807,#696,.T.);
#3428=EDGE_CURVE('',#4052,#4051,#697,.T.);
#3429=EDGE_CURVE('',#4053,#3806,#698,.T.);
#3430=EDGE_CURVE('',#4053,#4052,#699,.T.);
#3431=EDGE_CURVE('',#4054,#3805,#700,.T.);
#3432=EDGE_CURVE('',#4054,#4053,#701,.T.);
#3433=EDGE_CURVE('',#4055,#3804,#702,.T.);
#3434=EDGE_CURVE('',#4055,#4054,#703,.T.);
#3435=EDGE_CURVE('',#4056,#3803,#704,.T.);
#3436=EDGE_CURVE('',#4056,#4055,#705,.T.);
#3437=EDGE_CURVE('',#4046,#4056,#706,.T.);
#3438=EDGE_CURVE('',#4057,#3813,#707,.T.);
#3439=EDGE_CURVE('',#4057,#4058,#708,.T.);
#3440=EDGE_CURVE('',#4058,#3814,#709,.T.);
#3441=EDGE_CURVE('',#4059,#3812,#710,.T.);
#3442=EDGE_CURVE('',#4059,#4057,#711,.T.);
#3443=EDGE_CURVE('',#4060,#3819,#712,.T.);
#3444=EDGE_CURVE('',#4060,#4059,#713,.T.);
#3445=EDGE_CURVE('',#4061,#3818,#714,.T.);
#3446=EDGE_CURVE('',#4061,#4060,#715,.T.);
#3447=EDGE_CURVE('',#4062,#3817,#716,.T.);
#3448=EDGE_CURVE('',#4062,#4061,#717,.T.);
#3449=EDGE_CURVE('',#4063,#3816,#718,.T.);
#3450=EDGE_CURVE('',#4063,#4062,#719,.T.);
#3451=EDGE_CURVE('',#4064,#3815,#720,.T.);
#3452=EDGE_CURVE('',#4064,#4063,#721,.T.);
#3453=EDGE_CURVE('',#4058,#4064,#722,.T.);
#3454=EDGE_CURVE('',#4065,#4066,#723,.F.);
#3455=EDGE_CURVE('',#4066,#4067,#4268,.T.);
#3456=EDGE_CURVE('',#4067,#4068,#724,.T.);
#3457=EDGE_CURVE('',#4068,#4065,#254,.T.);
#3458=EDGE_CURVE('',#4069,#4070,#725,.F.);
#3459=EDGE_CURVE('',#4070,#4071,#4269,.F.);
#3460=EDGE_CURVE('',#4071,#4072,#726,.T.);
#3461=EDGE_CURVE('',#4072,#4069,#255,.T.);
#3462=EDGE_CURVE('',#4073,#4074,#727,.F.);
#3463=EDGE_CURVE('',#4074,#3820,#728,.T.);
#3464=EDGE_CURVE('',#3821,#4073,#256,.T.);
#3465=EDGE_CURVE('',#3860,#4075,#729,.F.);
#3466=EDGE_CURVE('',#4075,#4076,#730,.T.);
#3467=EDGE_CURVE('',#4076,#3861,#257,.T.);
#3468=EDGE_CURVE('',#4067,#3720,#4270,.T.);
#3469=EDGE_CURVE('',#3723,#4066,#258,.T.);
#3470=EDGE_CURVE('',#3744,#4065,#4271,.T.);
#3471=EDGE_CURVE('',#4068,#3719,#4272,.T.);
#3472=EDGE_CURVE('',#3958,#4068,#4273,.T.);
#3473=EDGE_CURVE('',#3958,#3719,#4274,.F.);
#3474=EDGE_CURVE('',#3957,#3718,#4275,.T.);
#3475=EDGE_CURVE('',#4072,#3731,#4276,.T.);
#3476=EDGE_CURVE('',#3732,#4071,#259,.T.);
#3477=EDGE_CURVE('',#3691,#4070,#4277,.T.);
#3478=EDGE_CURVE('',#3717,#4077,#260,.T.);
#3479=EDGE_CURVE('',#4077,#3682,#261,.T.);
#3480=EDGE_CURVE('',#3955,#3681,#4278,.T.);
#3481=EDGE_CURVE('',#4069,#3730,#4279,.T.);
#3482=EDGE_CURVE('',#3692,#4069,#4280,.T.);
#3483=EDGE_CURVE('',#3956,#3684,#4281,.T.);
#3484=EDGE_CURVE('',#3692,#3730,#4282,.F.);
#3485=EDGE_CURVE('',#3683,#4078,#262,.T.);
#3486=EDGE_CURVE('',#4078,#3686,#263,.T.);
#3487=EDGE_CURVE('',#3729,#3685,#4283,.T.);
#3488=EDGE_CURVE('',#3710,#4074,#4284,.T.);
#3489=EDGE_CURVE('',#3711,#4073,#4285,.T.);
#3490=EDGE_CURVE('',#4075,#3871,#4286,.T.);
#3491=EDGE_CURVE('',#4076,#3870,#4287,.T.);
#3492=EDGE_CURVE('',#3687,#3874,#4288,.F.);
#3493=EDGE_CURVE('',#3714,#3716,#4289,.T.);
#3494=EDGE_CURVE('',#4079,#4080,#90,.F.);
#3495=EDGE_CURVE('',#4080,#4081,#91,.T.);
#3496=EDGE_CURVE('',#4081,#3949,#731,.T.);
#3497=EDGE_CURVE('',#3948,#4079,#264,.T.);
#3498=EDGE_CURVE('',#4082,#4083,#732,.T.);
#3499=EDGE_CURVE('',#4083,#4082,#4290,.F.);
#3500=EDGE_CURVE('',#4084,#4085,#733,.F.);
#3501=EDGE_CURVE('',#4085,#4084,#4291,.F.);
#3502=EDGE_CURVE('',#4086,#4087,#4292,.T.);
#3503=EDGE_CURVE('',#4087,#4088,#4293,.F.);
#3504=EDGE_CURVE('',#4088,#3938,#734,.F.);
#3505=EDGE_CURVE('',#3937,#4086,#265,.T.);
#3506=EDGE_CURVE('',#3941,#4089,#735,.T.);
#3507=EDGE_CURVE('',#4089,#4090,#92,.T.);
#3508=EDGE_CURVE('',#4090,#4091,#93,.F.);
#3509=EDGE_CURVE('',#4091,#3940,#266,.T.);
#3510=EDGE_CURVE('',#4092,#4093,#736,.T.);
#3511=EDGE_CURVE('',#4093,#4080,#267,.T.);
#3512=EDGE_CURVE('',#4079,#4083,#268,.T.);
#3513=EDGE_CURVE('',#4082,#3702,#269,.T.);
#3514=EDGE_CURVE('',#3701,#4092,#270,.T.);
#3515=EDGE_CURVE('',#4094,#4095,#737,.F.);
#3516=EDGE_CURVE('',#4095,#4087,#271,.T.);
#3517=EDGE_CURVE('',#4086,#4085,#272,.T.);
#3518=EDGE_CURVE('',#4084,#4091,#273,.T.);
#3519=EDGE_CURVE('',#4090,#4094,#274,.T.);
#3520=EDGE_CURVE('',#3674,#4096,#94,.T.);
#3521=EDGE_CURVE('',#4096,#4097,#738,.F.);
#3522=EDGE_CURVE('',#4097,#3675,#4294,.F.);
#3523=EDGE_CURVE('',#3647,#4098,#4295,.T.);
#3524=EDGE_CURVE('',#4098,#4099,#739,.F.);
#3525=EDGE_CURVE('',#4099,#3648,#95,.T.);
#3526=EDGE_CURVE('',#3716,#3714,#4296,.T.);
#3527=EDGE_CURVE('',#3921,#3713,#4297,.T.);
#3528=EDGE_CURVE('',#3717,#3920,#4298,.T.);
#3529=EDGE_CURVE('',#4077,#3925,#275,.F.);
#3530=EDGE_CURVE('',#3686,#3927,#4299,.T.);
#3531=EDGE_CURVE('',#3698,#4078,#276,.T.);
#3532=EDGE_CURVE('',#3922,#3953,#277,.T.);
#3533=EDGE_CURVE('',#3682,#3924,#4300,.T.);
#3534=EDGE_CURVE('',#3693,#3683,#4301,.T.);
#3535=EDGE_CURVE('',#3687,#3874,#4302,.T.);
#3536=EDGE_CURVE('',#3875,#3926,#4303,.T.);
#3537=EDGE_CURVE('',#3923,#3915,#4304,.T.);
#3538=EDGE_CURVE('',#3694,#3914,#4305,.T.);
#3539=EDGE_CURVE('',#3954,#3695,#278,.F.);
#3540=EDGE_CURVE('',#3710,#3822,#96,.F.);
#3541=EDGE_CURVE('',#4074,#3822,#97,.F.);
#3542=EDGE_CURVE('',#3859,#3871,#98,.F.);
#3543=EDGE_CURVE('',#3859,#4075,#99,.F.);
#3544=EDGE_CURVE('',#3638,#4100,#740,.F.);
#3545=EDGE_CURVE('',#4100,#3663,#4306,.T.);
#3546=EDGE_CURVE('',#3636,#4101,#741,.T.);
#3547=EDGE_CURVE('',#4101,#4102,#742,.T.);
#3548=EDGE_CURVE('',#4102,#3637,#743,.F.);
#3549=EDGE_CURVE('',#4103,#4104,#4307,.T.);
#3550=EDGE_CURVE('',#4104,#3657,#744,.T.);
#3551=EDGE_CURVE('',#3656,#4105,#745,.F.);
#3552=EDGE_CURVE('',#4103,#4105,#279,.T.);
#3553=EDGE_CURVE('',#4106,#4107,#4308,.F.);
#3554=EDGE_CURVE('',#4107,#4108,#746,.F.);
#3555=EDGE_CURVE('',#4108,#4109,#4309,.F.);
#3556=EDGE_CURVE('',#4109,#4106,#747,.F.);
#3557=EDGE_CURVE('',#3661,#4110,#4310,.T.);
#3558=EDGE_CURVE('',#4110,#3641,#748,.F.);
#3559=EDGE_CURVE('',#3934,#4111,#4311,.T.);
#3560=EDGE_CURVE('',#4112,#4111,#749,.T.);
#3561=EDGE_CURVE('',#4112,#4113,#4312,.T.);
#3562=EDGE_CURVE('',#4113,#3662,#4313,.F.);
#3563=EDGE_CURVE('',#4114,#4115,#4314,.T.);
#3564=EDGE_CURVE('',#4115,#4113,#750,.T.);
#3565=EDGE_CURVE('',#4114,#4112,#751,.T.);
#3566=EDGE_CURVE('',#4111,#4116,#752,.T.);
#3567=EDGE_CURVE('',#4116,#4114,#753,.F.);
#3568=EDGE_CURVE('',#3630,#4117,#754,.F.);
#3569=EDGE_CURVE('',#4117,#4118,#4315,.T.);
#3570=EDGE_CURVE('',#4118,#4119,#280,.T.);
#3571=EDGE_CURVE('',#4119,#3631,#755,.T.);
#3572=EDGE_CURVE('',#3628,#4120,#756,.T.);
#3573=EDGE_CURVE('',#4120,#4121,#757,.F.);
#3574=EDGE_CURVE('',#4121,#3629,#758,.T.);
#3575=EDGE_CURVE('',#4122,#4123,#4316,.F.);
#3576=EDGE_CURVE('',#4123,#4124,#759,.T.);
#3577=EDGE_CURVE('',#4124,#4125,#4317,.F.);
#3578=EDGE_CURVE('',#4125,#4122,#760,.T.);
#3579=EDGE_CURVE('',#3946,#3664,#281,.T.);
#3580=EDGE_CURVE('',#4103,#3664,#761,.F.);
#3581=EDGE_CURVE('',#4105,#3950,#282,.T.);
#3582=EDGE_CURVE('',#4104,#4108,#4318,.T.);
#3583=EDGE_CURVE('',#4109,#4103,#283,.F.);
#3584=EDGE_CURVE('',#3665,#4104,#4319,.T.);
#3585=EDGE_CURVE('',#4106,#3663,#284,.F.);
#3586=EDGE_CURVE('',#3665,#4108,#4320,.F.);
#3587=EDGE_CURVE('',#3653,#3666,#285,.T.);
#3588=EDGE_CURVE('',#4101,#3666,#762,.F.);
#3589=EDGE_CURVE('',#4101,#3635,#286,.F.);
#3590=EDGE_CURVE('',#4107,#4100,#4321,.T.);
#3591=EDGE_CURVE('',#4102,#4107,#4322,.T.);
#3592=EDGE_CURVE('',#4102,#4100,#4323,.F.);
#3593=EDGE_CURVE('',#4117,#4121,#4324,.T.);
#3594=EDGE_CURVE('',#4118,#4122,#287,.T.);
#3595=EDGE_CURVE('',#4123,#4117,#4325,.T.);
#3596=EDGE_CURVE('',#3936,#4119,#288,.T.);
#3597=EDGE_CURVE('',#4116,#4118,#763,.T.);
#3598=EDGE_CURVE('',#4116,#3935,#289,.F.);
#3599=EDGE_CURVE('',#4110,#3660,#290,.T.);
#3600=EDGE_CURVE('',#4120,#3660,#764,.T.);
#3601=EDGE_CURVE('',#4120,#3627,#291,.F.);
#3602=EDGE_CURVE('',#4123,#4121,#4326,.F.);
#3603=EDGE_CURVE('',#4114,#4125,#292,.T.);
#3604=EDGE_CURVE('',#4124,#3659,#4327,.T.);
#3605=EDGE_CURVE('',#4115,#4124,#4328,.T.);
#3606=EDGE_CURVE('',#4115,#3659,#4329,.F.);
#3607=EDGE_CURVE('',#3700,#3676,#4330,.T.);
#3608=EDGE_CURVE('',#3673,#4081,#4331,.T.);
#3609=EDGE_CURVE('',#3700,#3675,#293,.T.);
#3610=EDGE_CURVE('',#3674,#4081,#294,.F.);
#3611=EDGE_CURVE('',#4092,#4097,#295,.T.);
#3612=EDGE_CURVE('',#4096,#4093,#296,.F.);
#3613=EDGE_CURVE('',#4089,#3649,#4332,.T.);
#3614=EDGE_CURVE('',#4089,#3648,#297,.T.);
#3615=EDGE_CURVE('',#4094,#4099,#298,.T.);
#3616=EDGE_CURVE('',#3646,#4088,#4333,.T.);
#3617=EDGE_CURVE('',#4095,#4098,#299,.T.);
#3618=EDGE_CURVE('',#3647,#4088,#300,.F.);
#3619=EDGE_CURVE('',#3961,#4126,#4334,.T.);
#3620=EDGE_CURVE('',#4126,#3962,#301,.F.);
#3621=EDGE_CURVE('',#3964,#4127,#302,.F.);
#3622=EDGE_CURVE('',#4126,#3963,#303,.T.);
#3623=EDGE_CURVE('',#4127,#3960,#304,.F.);
#3624=EDGE_CURVE('',#3959,#4127,#4335,.T.);
#3625=VERTEX_POINT('',#7466);
#3626=VERTEX_POINT('',#7467);
#3627=VERTEX_POINT('',#7469);
#3628=VERTEX_POINT('',#7471);
#3629=VERTEX_POINT('',#7473);
#3630=VERTEX_POINT('',#7475);
#3631=VERTEX_POINT('',#7477);
#3632=VERTEX_POINT('',#7479);
#3633=VERTEX_POINT('',#7483);
#3634=VERTEX_POINT('',#7484);
#3635=VERTEX_POINT('',#7486);
#3636=VERTEX_POINT('',#7488);
#3637=VERTEX_POINT('',#7490);
#3638=VERTEX_POINT('',#7492);
#3639=VERTEX_POINT('',#7494);
#3640=VERTEX_POINT('',#7496);
#3641=VERTEX_POINT('',#7500);
#3642=VERTEX_POINT('',#7502);
#3643=VERTEX_POINT('',#7504);
#3644=VERTEX_POINT('',#7506);
#3645=VERTEX_POINT('',#7508);
#3646=VERTEX_POINT('',#7510);
#3647=VERTEX_POINT('',#7515);
#3648=VERTEX_POINT('',#7517);
#3649=VERTEX_POINT('',#7522);
#3650=VERTEX_POINT('',#7524);
#3651=VERTEX_POINT('',#7526);
#3652=VERTEX_POINT('',#7530);
#3653=VERTEX_POINT('',#7531);
#3654=VERTEX_POINT('',#7533);
#3655=VERTEX_POINT('',#7535);
#3656=VERTEX_POINT('',#7537);
#3657=VERTEX_POINT('',#7539);
#3658=VERTEX_POINT('',#7541);
#3659=VERTEX_POINT('',#7545);
#3660=VERTEX_POINT('',#7546);
#3661=VERTEX_POINT('',#7548);
#3662=VERTEX_POINT('',#7550);
#3663=VERTEX_POINT('',#7554);
#3664=VERTEX_POINT('',#7555);
#3665=VERTEX_POINT('',#7560);
#3666=VERTEX_POINT('',#7561);
#3667=VERTEX_POINT('',#7566);
#3668=VERTEX_POINT('',#7567);
#3669=VERTEX_POINT('',#7569);
#3670=VERTEX_POINT('',#7571);
#3671=VERTEX_POINT('',#7576);
#3672=VERTEX_POINT('',#7578);
#3673=VERTEX_POINT('',#7580);
#3674=VERTEX_POINT('',#7585);
#3675=VERTEX_POINT('',#7587);
#3676=VERTEX_POINT('',#7592);
#3677=VERTEX_POINT('',#7594);
#3678=VERTEX_POINT('',#7596);
#3679=VERTEX_POINT('',#7598);
#3680=VERTEX_POINT('',#7600);
#3681=VERTEX_POINT('',#7604);
#3682=VERTEX_POINT('',#7605);
#3683=VERTEX_POINT('',#7607);
#3684=VERTEX_POINT('',#7609);
#3685=VERTEX_POINT('',#7613);
#3686=VERTEX_POINT('',#7614);
#3687=VERTEX_POINT('',#7616);
#3688=VERTEX_POINT('',#7618);
#3689=VERTEX_POINT('',#7620);
#3690=VERTEX_POINT('',#7622);
#3691=VERTEX_POINT('',#7624);
#3692=VERTEX_POINT('',#7626);
#3693=VERTEX_POINT('',#7630);
#3694=VERTEX_POINT('',#7631);
#3695=VERTEX_POINT('',#7636);
#3696=VERTEX_POINT('',#7641);
#3697=VERTEX_POINT('',#7643);
#3698=VERTEX_POINT('',#7648);
#3699=VERTEX_POINT('',#7655);
#3700=VERTEX_POINT('',#7656);
#3701=VERTEX_POINT('',#7658);
#3702=VERTEX_POINT('',#7660);
#3703=VERTEX_POINT('',#7665);
#3704=VERTEX_POINT('',#7669);
#3705=VERTEX_POINT('',#7670);
#3706=VERTEX_POINT('',#7672);
#3707=VERTEX_POINT('',#7674);
#3708=VERTEX_POINT('',#7678);
#3709=VERTEX_POINT('',#7679);
#3710=VERTEX_POINT('',#7681);
#3711=VERTEX_POINT('',#7683);
#3712=VERTEX_POINT('',#7685);
#3713=VERTEX_POINT('',#7687);
#3714=VERTEX_POINT('',#7689);
#3715=VERTEX_POINT('',#7693);
#3716=VERTEX_POINT('',#7694);
#3717=VERTEX_POINT('',#7696);
#3718=VERTEX_POINT('',#7698);
#3719=VERTEX_POINT('',#7700);
#3720=VERTEX_POINT('',#7702);
#3721=VERTEX_POINT('',#7704);
#3722=VERTEX_POINT('',#7706);
#3723=VERTEX_POINT('',#7710);
#3724=VERTEX_POINT('',#7712);
#3725=VERTEX_POINT('',#7717);
#3726=VERTEX_POINT('',#7725);
#3727=VERTEX_POINT('',#7727);
#3728=VERTEX_POINT('',#7731);
#3729=VERTEX_POINT('',#7732);
#3730=VERTEX_POINT('',#7734);
#3731=VERTEX_POINT('',#7739);
#3732=VERTEX_POINT('',#7743);
#3733=VERTEX_POINT('',#7745);
#3734=VERTEX_POINT('',#7747);
#3735=VERTEX_POINT('',#7749);
#3736=VERTEX_POINT('',#7751);
#3737=VERTEX_POINT('',#7753);
#3738=VERTEX_POINT('',#7755);
#3739=VERTEX_POINT('',#7757);
#3740=VERTEX_POINT('',#7759);
#3741=VERTEX_POINT('',#7761);
#3742=VERTEX_POINT('',#7763);
#3743=VERTEX_POINT('',#7765);
#3744=VERTEX_POINT('',#7768);
#3745=VERTEX_POINT('',#7770);
#3746=VERTEX_POINT('',#7772);
#3747=VERTEX_POINT('',#7774);
#3748=VERTEX_POINT('',#7777);
#3749=VERTEX_POINT('',#7778);
#3750=VERTEX_POINT('',#7780);
#3751=VERTEX_POINT('',#7782);
#3752=VERTEX_POINT('',#7784);
#3753=VERTEX_POINT('',#7786);
#3754=VERTEX_POINT('',#7788);
#3755=VERTEX_POINT('',#7790);
#3756=VERTEX_POINT('',#7793);
#3757=VERTEX_POINT('',#7794);
#3758=VERTEX_POINT('',#7796);
#3759=VERTEX_POINT('',#7798);
#3760=VERTEX_POINT('',#7800);
#3761=VERTEX_POINT('',#7802);
#3762=VERTEX_POINT('',#7804);
#3763=VERTEX_POINT('',#7806);
#3764=VERTEX_POINT('',#7808);
#3765=VERTEX_POINT('',#7810);
#3766=VERTEX_POINT('',#7812);
#3767=VERTEX_POINT('',#7814);
#3768=VERTEX_POINT('',#7817);
#3769=VERTEX_POINT('',#7818);
#3770=VERTEX_POINT('',#7820);
#3771=VERTEX_POINT('',#7822);
#3772=VERTEX_POINT('',#7824);
#3773=VERTEX_POINT('',#7826);
#3774=VERTEX_POINT('',#7828);
#3775=VERTEX_POINT('',#7830);
#3776=VERTEX_POINT('',#7833);
#3777=VERTEX_POINT('',#7834);
#3778=VERTEX_POINT('',#7836);
#3779=VERTEX_POINT('',#7838);
#3780=VERTEX_POINT('',#7840);
#3781=VERTEX_POINT('',#7842);
#3782=VERTEX_POINT('',#7844);
#3783=VERTEX_POINT('',#7846);
#3784=VERTEX_POINT('',#7848);
#3785=VERTEX_POINT('',#7850);
#3786=VERTEX_POINT('',#7852);
#3787=VERTEX_POINT('',#7854);
#3788=VERTEX_POINT('',#7857);
#3789=VERTEX_POINT('',#7858);
#3790=VERTEX_POINT('',#7860);
#3791=VERTEX_POINT('',#7862);
#3792=VERTEX_POINT('',#7864);
#3793=VERTEX_POINT('',#7866);
#3794=VERTEX_POINT('',#7868);
#3795=VERTEX_POINT('',#7870);
#3796=VERTEX_POINT('',#7872);
#3797=VERTEX_POINT('',#7874);
#3798=VERTEX_POINT('',#7876);
#3799=VERTEX_POINT('',#7878);
#3800=VERTEX_POINT('',#7881);
#3801=VERTEX_POINT('',#7882);
#3802=VERTEX_POINT('',#7884);
#3803=VERTEX_POINT('',#7886);
#3804=VERTEX_POINT('',#7888);
#3805=VERTEX_POINT('',#7890);
#3806=VERTEX_POINT('',#7892);
#3807=VERTEX_POINT('',#7894);
#3808=VERTEX_POINT('',#7896);
#3809=VERTEX_POINT('',#7898);
#3810=VERTEX_POINT('',#7900);
#3811=VERTEX_POINT('',#7902);
#3812=VERTEX_POINT('',#7905);
#3813=VERTEX_POINT('',#7906);
#3814=VERTEX_POINT('',#7908);
#3815=VERTEX_POINT('',#7910);
#3816=VERTEX_POINT('',#7912);
#3817=VERTEX_POINT('',#7914);
#3818=VERTEX_POINT('',#7916);
#3819=VERTEX_POINT('',#7918);
#3820=VERTEX_POINT('',#7922);
#3821=VERTEX_POINT('',#7923);
#3822=VERTEX_POINT('',#7925);
#3823=VERTEX_POINT('',#7927);
#3824=VERTEX_POINT('',#7929);
#3825=VERTEX_POINT('',#7931);
#3826=VERTEX_POINT('',#7933);
#3827=VERTEX_POINT('',#7935);
#3828=VERTEX_POINT('',#7937);
#3829=VERTEX_POINT('',#7939);
#3830=VERTEX_POINT('',#7941);
#3831=VERTEX_POINT('',#7943);
#3832=VERTEX_POINT('',#7945);
#3833=VERTEX_POINT('',#7947);
#3834=VERTEX_POINT('',#7949);
#3835=VERTEX_POINT('',#7951);
#3836=VERTEX_POINT('',#7953);
#3837=VERTEX_POINT('',#7955);
#3838=VERTEX_POINT('',#7957);
#3839=VERTEX_POINT('',#7959);
#3840=VERTEX_POINT('',#7961);
#3841=VERTEX_POINT('',#7963);
#3842=VERTEX_POINT('',#7965);
#3843=VERTEX_POINT('',#7967);
#3844=VERTEX_POINT('',#7969);
#3845=VERTEX_POINT('',#7971);
#3846=VERTEX_POINT('',#7973);
#3847=VERTEX_POINT('',#7975);
#3848=VERTEX_POINT('',#7977);
#3849=VERTEX_POINT('',#7979);
#3850=VERTEX_POINT('',#7981);
#3851=VERTEX_POINT('',#7983);
#3852=VERTEX_POINT('',#7985);
#3853=VERTEX_POINT('',#7987);
#3854=VERTEX_POINT('',#7989);
#3855=VERTEX_POINT('',#7991);
#3856=VERTEX_POINT('',#7993);
#3857=VERTEX_POINT('',#7995);
#3858=VERTEX_POINT('',#7997);
#3859=VERTEX_POINT('',#7999);
#3860=VERTEX_POINT('',#8001);
#3861=VERTEX_POINT('',#8003);
#3862=VERTEX_POINT('',#8008);
#3863=VERTEX_POINT('',#8010);
#3864=VERTEX_POINT('',#8012);
#3865=VERTEX_POINT('',#8014);
#3866=VERTEX_POINT('',#8021);
#3867=VERTEX_POINT('',#8022);
#3868=VERTEX_POINT('',#8024);
#3869=VERTEX_POINT('',#8026);
#3870=VERTEX_POINT('',#8030);
#3871=VERTEX_POINT('',#8031);
#3872=VERTEX_POINT('',#8033);
#3873=VERTEX_POINT('',#8035);
#3874=VERTEX_POINT('',#8037);
#3875=VERTEX_POINT('',#8039);
#3876=VERTEX_POINT('',#8041);
#3877=VERTEX_POINT('',#8045);
#3878=VERTEX_POINT('',#8047);
#3879=VERTEX_POINT('',#8051);
#3880=VERTEX_POINT('',#8053);
#3881=VERTEX_POINT('',#8057);
#3882=VERTEX_POINT('',#8058);
#3883=VERTEX_POINT('',#8060);
#3884=VERTEX_POINT('',#8062);
#3885=VERTEX_POINT('',#8065);
#3886=VERTEX_POINT('',#8067);
#3887=VERTEX_POINT('',#8069);
#3888=VERTEX_POINT('',#8071);
#3889=VERTEX_POINT('',#8075);
#3890=VERTEX_POINT('',#8076);
#3891=VERTEX_POINT('',#8078);
#3892=VERTEX_POINT('',#8080);
#3893=VERTEX_POINT('',#8082);
#3894=VERTEX_POINT('',#8084);
#3895=VERTEX_POINT('',#8087);
#3896=VERTEX_POINT('',#8089);
#3897=VERTEX_POINT('',#8103);
#3898=VERTEX_POINT('',#8112);
#3899=VERTEX_POINT('',#8117);
#3900=VERTEX_POINT('',#8121);
#3901=VERTEX_POINT('',#8122);
#3902=VERTEX_POINT('',#8129);
#3903=VERTEX_POINT('',#8135);
#3904=VERTEX_POINT('',#8137);
#3905=VERTEX_POINT('',#8140);
#3906=VERTEX_POINT('',#8142);
#3907=VERTEX_POINT('',#8146);
#3908=VERTEX_POINT('',#8153);
#3909=VERTEX_POINT('',#8155);
#3910=VERTEX_POINT('',#8160);
#3911=VERTEX_POINT('',#8162);
#3912=VERTEX_POINT('',#8174);
#3913=VERTEX_POINT('',#8178);
#3914=VERTEX_POINT('',#8179);
#3915=VERTEX_POINT('',#8181);
#3916=VERTEX_POINT('',#8183);
#3917=VERTEX_POINT('',#8187);
#3918=VERTEX_POINT('',#8194);
#3919=VERTEX_POINT('',#8195);
#3920=VERTEX_POINT('',#8200);
#3921=VERTEX_POINT('',#8202);
#3922=VERTEX_POINT('',#8212);
#3923=VERTEX_POINT('',#8217);
#3924=VERTEX_POINT('',#8219);
#3925=VERTEX_POINT('',#8224);
#3926=VERTEX_POINT('',#8234);
#3927=VERTEX_POINT('',#8236);
#3928=VERTEX_POINT('',#8246);
#3929=VERTEX_POINT('',#8250);
#3930=VERTEX_POINT('',#8307);
#3931=VERTEX_POINT('',#8308);
#3932=VERTEX_POINT('',#8310);
#3933=VERTEX_POINT('',#8312);
#3934=VERTEX_POINT('',#8316);
#3935=VERTEX_POINT('',#8325);
#3936=VERTEX_POINT('',#8331);
#3937=VERTEX_POINT('',#8353);
#3938=VERTEX_POINT('',#8355);
#3939=VERTEX_POINT('',#8362);
#3940=VERTEX_POINT('',#8367);
#3941=VERTEX_POINT('',#8374);
#3942=VERTEX_POINT('',#8378);
#3943=VERTEX_POINT('',#8379);
#3944=VERTEX_POINT('',#8381);
#3945=VERTEX_POINT('',#8383);
#3946=VERTEX_POINT('',#8390);
#3947=VERTEX_POINT('',#8400);
#3948=VERTEX_POINT('',#8405);
#3949=VERTEX_POINT('',#8407);
#3950=VERTEX_POINT('',#8440);
#3951=VERTEX_POINT('',#8462);
#3952=VERTEX_POINT('',#8522);
#3953=VERTEX_POINT('',#8551);
#3954=VERTEX_POINT('',#8571);
#3955=VERTEX_POINT('',#8578);
#3956=VERTEX_POINT('',#8580);
#3957=VERTEX_POINT('',#8586);
#3958=VERTEX_POINT('',#8593);
#3959=VERTEX_POINT('',#8597);
#3960=VERTEX_POINT('',#8599);
#3961=VERTEX_POINT('',#8603);
#3962=VERTEX_POINT('',#8607);
#3963=VERTEX_POINT('',#8613);
#3964=VERTEX_POINT('',#8614);
#3965=VERTEX_POINT('',#8618);
#3966=VERTEX_POINT('',#8620);
#3967=VERTEX_POINT('',#8624);
#3968=VERTEX_POINT('',#8628);
#3969=VERTEX_POINT('',#8632);
#3970=VERTEX_POINT('',#8636);
#3971=VERTEX_POINT('',#8640);
#3972=VERTEX_POINT('',#8644);
#3973=VERTEX_POINT('',#8648);
#3974=VERTEX_POINT('',#8652);
#3975=VERTEX_POINT('',#8656);
#3976=VERTEX_POINT('',#8660);
#3977=VERTEX_POINT('',#8667);
#3978=VERTEX_POINT('',#8668);
#3979=VERTEX_POINT('',#8670);
#3980=VERTEX_POINT('',#8672);
#3981=VERTEX_POINT('',#8676);
#3982=VERTEX_POINT('',#8678);
#3983=VERTEX_POINT('',#8682);
#3984=VERTEX_POINT('',#8684);
#3985=VERTEX_POINT('',#8688);
#3986=VERTEX_POINT('',#8690);
#3987=VERTEX_POINT('',#8694);
#3988=VERTEX_POINT('',#8696);
#3989=VERTEX_POINT('',#8700);
#3990=VERTEX_POINT('',#8702);
#3991=VERTEX_POINT('',#8706);
#3992=VERTEX_POINT('',#8708);
#3993=VERTEX_POINT('',#8712);
#3994=VERTEX_POINT('',#8716);
#3995=VERTEX_POINT('',#8720);
#3996=VERTEX_POINT('',#8724);
#3997=VERTEX_POINT('',#8728);
#3998=VERTEX_POINT('',#8732);
#3999=VERTEX_POINT('',#8742);
#4000=VERTEX_POINT('',#8743);
#4001=VERTEX_POINT('',#8745);
#4002=VERTEX_POINT('',#8747);
#4003=VERTEX_POINT('',#8751);
#4004=VERTEX_POINT('',#8753);
#4005=VERTEX_POINT('',#8757);
#4006=VERTEX_POINT('',#8759);
#4007=VERTEX_POINT('',#8763);
#4008=VERTEX_POINT('',#8765);
#4009=VERTEX_POINT('',#8769);
#4010=VERTEX_POINT('',#8771);
#4011=VERTEX_POINT('',#8775);
#4012=VERTEX_POINT('',#8777);
#4013=VERTEX_POINT('',#8781);
#4014=VERTEX_POINT('',#8783);
#4015=VERTEX_POINT('',#8787);
#4016=VERTEX_POINT('',#8791);
#4017=VERTEX_POINT('',#8795);
#4018=VERTEX_POINT('',#8799);
#4019=VERTEX_POINT('',#8803);
#4020=VERTEX_POINT('',#8807);
#4021=VERTEX_POINT('',#8817);
#4022=VERTEX_POINT('',#8819);
#4023=VERTEX_POINT('',#8823);
#4024=VERTEX_POINT('',#8827);
#4025=VERTEX_POINT('',#8831);
#4026=VERTEX_POINT('',#8835);
#4027=VERTEX_POINT('',#8839);
#4028=VERTEX_POINT('',#8843);
#4029=VERTEX_POINT('',#8847);
#4030=VERTEX_POINT('',#8851);
#4031=VERTEX_POINT('',#8855);
#4032=VERTEX_POINT('',#8859);
#4033=VERTEX_POINT('',#8866);
#4034=VERTEX_POINT('',#8868);
#4035=VERTEX_POINT('',#8872);
#4036=VERTEX_POINT('',#8876);
#4037=VERTEX_POINT('',#8880);
#4038=VERTEX_POINT('',#8884);
#4039=VERTEX_POINT('',#8888);
#4040=VERTEX_POINT('',#8892);
#4041=VERTEX_POINT('',#8896);
#4042=VERTEX_POINT('',#8900);
#4043=VERTEX_POINT('',#8904);
#4044=VERTEX_POINT('',#8908);
#4045=VERTEX_POINT('',#8915);
#4046=VERTEX_POINT('',#8917);
#4047=VERTEX_POINT('',#8921);
#4048=VERTEX_POINT('',#8925);
#4049=VERTEX_POINT('',#8929);
#4050=VERTEX_POINT('',#8933);
#4051=VERTEX_POINT('',#8937);
#4052=VERTEX_POINT('',#8941);
#4053=VERTEX_POINT('',#8945);
#4054=VERTEX_POINT('',#8949);
#4055=VERTEX_POINT('',#8953);
#4056=VERTEX_POINT('',#8957);
#4057=VERTEX_POINT('',#8964);
#4058=VERTEX_POINT('',#8966);
#4059=VERTEX_POINT('',#8970);
#4060=VERTEX_POINT('',#8974);
#4061=VERTEX_POINT('',#8978);
#4062=VERTEX_POINT('',#8982);
#4063=VERTEX_POINT('',#8986);
#4064=VERTEX_POINT('',#8990);
#4065=VERTEX_POINT('',#8999);
#4066=VERTEX_POINT('',#9000);
#4067=VERTEX_POINT('',#9002);
#4068=VERTEX_POINT('',#9004);
#4069=VERTEX_POINT('',#9011);
#4070=VERTEX_POINT('',#9012);
#4071=VERTEX_POINT('',#9014);
#4072=VERTEX_POINT('',#9016);
#4073=VERTEX_POINT('',#9023);
#4074=VERTEX_POINT('',#9024);
#4075=VERTEX_POINT('',#9033);
#4076=VERTEX_POINT('',#9035);
#4077=VERTEX_POINT('',#9085);
#4078=VERTEX_POINT('',#9115);
#4079=VERTEX_POINT('',#9164);
#4080=VERTEX_POINT('',#9165);
#4081=VERTEX_POINT('',#9167);
#4082=VERTEX_POINT('',#9175);
#4083=VERTEX_POINT('',#9176);
#4084=VERTEX_POINT('',#9180);
#4085=VERTEX_POINT('',#9181);
#4086=VERTEX_POINT('',#9185);
#4087=VERTEX_POINT('',#9186);
#4088=VERTEX_POINT('',#9188);
#4089=VERTEX_POINT('',#9196);
#4090=VERTEX_POINT('',#9198);
#4091=VERTEX_POINT('',#9200);
#4092=VERTEX_POINT('',#9207);
#4093=VERTEX_POINT('',#9208);
#4094=VERTEX_POINT('',#9227);
#4095=VERTEX_POINT('',#9228);
#4096=VERTEX_POINT('',#9247);
#4097=VERTEX_POINT('',#9249);
#4098=VERTEX_POINT('',#9253);
#4099=VERTEX_POINT('',#9255);
#4100=VERTEX_POINT('',#9432);
#4101=VERTEX_POINT('',#9436);
#4102=VERTEX_POINT('',#9438);
#4103=VERTEX_POINT('',#9442);
#4104=VERTEX_POINT('',#9443);
#4105=VERTEX_POINT('',#9446);
#4106=VERTEX_POINT('',#9453);
#4107=VERTEX_POINT('',#9454);
#4108=VERTEX_POINT('',#9456);
#4109=VERTEX_POINT('',#9458);
#4110=VERTEX_POINT('',#9462);
#4111=VERTEX_POINT('',#9465);
#4112=VERTEX_POINT('',#9467);
#4113=VERTEX_POINT('',#9469);
#4114=VERTEX_POINT('',#9473);
#4115=VERTEX_POINT('',#9474);
#4116=VERTEX_POINT('',#9479);
#4117=VERTEX_POINT('',#9483);
#4118=VERTEX_POINT('',#9485);
#4119=VERTEX_POINT('',#9490);
#4120=VERTEX_POINT('',#9494);
#4121=VERTEX_POINT('',#9496);
#4122=VERTEX_POINT('',#9500);
#4123=VERTEX_POINT('',#9501);
#4124=VERTEX_POINT('',#9503);
#4125=VERTEX_POINT('',#9505);
#4126=VERTEX_POINT('',#9739);
#4127=VERTEX_POINT('',#9754);
#4128=CIRCLE('',#5445,0.0438989);
#4129=CIRCLE('',#5446,0.0002286);
#4130=CIRCLE('',#5447,0.000254);
#4131=CIRCLE('',#5448,0.00734506181323986);
#4132=CIRCLE('',#5449,0.0002286);
#4133=CIRCLE('',#5450,0.0438989);
#4134=CIRCLE('',#5452,0.0002286);
#4135=CIRCLE('',#5453,0.000254);
#4136=CIRCLE('',#5454,0.00734506181323986);
#4137=CIRCLE('',#5455,0.0002286);
#4138=CIRCLE('',#5457,0.0438989);
#4139=CIRCLE('',#5458,0.00255113798932778);
#4140=CIRCLE('',#5459,0.00167981982914658);
#4141=CIRCLE('',#5460,0.00468652266045667);
#4142=CIRCLE('',#5462,0.0002286);
#4143=CIRCLE('',#5463,0.0438988999999995);
#4144=CIRCLE('',#5464,0.0002286);
#4145=CIRCLE('',#5465,0.00734506181323986);
#4146=CIRCLE('',#5466,0.000254);
#4147=CIRCLE('',#5471,0.0438988999999995);
#4148=CIRCLE('',#5473,0.00468652266045661);
#4149=CIRCLE('',#5474,0.00167981982914661);
#4150=CIRCLE('',#5475,0.00255113798932779);
#4151=CIRCLE('',#5476,0.0438988999999995);
#4152=CIRCLE('',#5478,0.0023886239794626);
#4153=CIRCLE('',#5479,0.00318090550000001);
#4154=CIRCLE('',#5480,0.0023886239794626);
#4155=CIRCLE('',#5482,0.0023886239794626);
#4156=CIRCLE('',#5483,0.00423148016345286);
#4157=CIRCLE('',#5485,0.00356190550000001);
#4158=CIRCLE('',#5487,0.0023638002);
#4159=CIRCLE('',#5488,0.00213518894978726);
#4160=CIRCLE('',#5490,0.0438989);
#4161=CIRCLE('',#5492,0.0052809521);
#4162=CIRCLE('',#5493,0.00343809591600973);
#4163=CIRCLE('',#5495,0.0023886239794626);
#4164=CIRCLE('',#5496,0.00423148016345286);
#4165=CIRCLE('',#5498,0.0020849148324654);
#4166=CIRCLE('',#5501,0.00362159127004167);
#4167=CIRCLE('',#5502,0.0017190466);
#4168=CIRCLE('',#5504,0.0017190466);
#4169=CIRCLE('',#5505,0.00393264990759745);
#4170=CIRCLE('',#5506,0.0052809521);
#4171=CIRCLE('',#5508,0.042413);
#4172=CIRCLE('',#5509,0.042413);
#4173=CIRCLE('',#5510,0.0052809521);
#4174=CIRCLE('',#5511,0.00343809591600973);
#4175=CIRCLE('',#5512,0.00343809591600973);
#4176=CIRCLE('',#5513,0.00343907557508167);
#4177=CIRCLE('',#5514,0.00334377528026137);
#4178=CIRCLE('',#5515,0.00343907557509339);
#4179=CIRCLE('',#5516,0.00334377528026625);
#4180=CIRCLE('',#5517,0.00343907557509399);
#4181=CIRCLE('',#5518,0.00334377528026447);
#4182=CIRCLE('',#5520,0.00127);
#4183=CIRCLE('',#5521,0.04);
#4184=CIRCLE('',#5522,0.002413);
#4185=CIRCLE('',#5523,0.00734506181323984);
#4186=CIRCLE('',#5524,0.0438354);
#4187=CIRCLE('',#5525,0.0114953010966496);
#4188=CIRCLE('',#5526,0.0438988999999995);
#4189=CIRCLE('',#5527,0.00255113798932779);
#4190=CIRCLE('',#5528,0.00167981982914661);
#4191=CIRCLE('',#5529,0.0488989000000096);
#4192=CIRCLE('',#5530,0.00468652266045661);
#4193=CIRCLE('',#5531,0.0114953010966496);
#4194=CIRCLE('',#5532,0.00734506181323984);
#4195=CIRCLE('',#5533,0.00734506181323984);
#4196=CIRCLE('',#5534,0.0114953010966496);
#4197=CIRCLE('',#5535,0.00468652266045667);
#4198=CIRCLE('',#5536,0.0488989000000124);
#4199=CIRCLE('',#5537,0.00167981982914658);
#4200=CIRCLE('',#5538,0.00255113798932778);
#4201=CIRCLE('',#5539,0.0438989);
#4202=CIRCLE('',#5540,0.0114953010966496);
#4203=CIRCLE('',#5541,0.0438354);
#4204=CIRCLE('',#5542,0.00734506181323984);
#4205=CIRCLE('',#5543,0.002413);
#4206=CIRCLE('',#5544,0.04);
#4207=CIRCLE('',#5545,0.00127);
#4208=CIRCLE('',#5546,0.00362159127004167);
#4209=CIRCLE('',#5547,0.00177873508605141);
#4210=CIRCLE('',#5548,0.00177873508605141);
#4211=CIRCLE('',#5549,0.00190573508605137);
#4212=CIRCLE('',#5550,0.00343490550000001);
#4213=CIRCLE('',#5551,0.00190573508605142);
#4214=CIRCLE('',#5553,0.00343809591600973);
#4215=CIRCLE('',#5554,0.0052809521);
#4216=CIRCLE('',#5556,0.0114953010966496);
#4217=CIRCLE('',#5558,0.0114953010966496);
#4218=CIRCLE('',#5560,0.00734506181323984);
#4219=CIRCLE('',#5561,0.0114953010966496);
#4220=CIRCLE('',#5562,0.0114953010966496);
#4221=CIRCLE('',#5563,0.0438354);
#4222=CIRCLE('',#5564,0.00734506181323984);
#4223=CIRCLE('',#5566,0.00734506181323984);
#4224=CIRCLE('',#5567,0.00734506181323984);
#4225=CIRCLE('',#5568,0.0438354);
#4226=CIRCLE('',#5569,0.0114953010966496);
#4227=CIRCLE('',#5570,0.0114953010966496);
#4228=CIRCLE('',#5578,0.04);
#4229=CIRCLE('',#5585,0.04);
#4230=CIRCLE('',#5589,0.00343809591600973);
#4231=CIRCLE('',#5590,0.00318090550000001);
#4232=CIRCLE('',#5591,0.00343809591600973);
#4233=CIRCLE('',#5599,0.00356190550000001);
#4234=CIRCLE('',#5610,0.0020849148324654);
#4235=CIRCLE('',#5626,0.00127);
#4236=CIRCLE('',#5628,0.00127);
#4237=CIRCLE('',#5630,0.0127653010966496);
#4238=CIRCLE('',#5631,0.0438989);
#4239=CIRCLE('',#5640,0.0488989000000124);
#4240=CIRCLE('',#5643,0.0438988999999995);
#4241=CIRCLE('',#5644,0.0127653010966496);
#4242=CIRCLE('',#5650,0.0488989000000096);
#4243=CIRCLE('',#5658,0.00127);
#4244=CIRCLE('',#5661,0.00127);
#4245=CIRCLE('',#5664,0.0017190466);
#4246=CIRCLE('',#5666,0.0017190466);
#4247=CIRCLE('',#5668,0.0017190466);
#4248=CIRCLE('',#5671,0.0017190466);
#4249=CIRCLE('',#5672,0.0017190466);
#4250=CIRCLE('',#5674,0.00208979372360718);
#4251=CIRCLE('',#5676,0.0017190466);
#4252=CIRCLE('',#5677,0.00208979372360718);
#4253=CIRCLE('',#5679,0.00393264990759745);
#4254=CIRCLE('',#5681,0.00190573508605137);
#4255=CIRCLE('',#5684,0.00190573508605142);
#4256=CIRCLE('',#5686,0.00343490550000001);
#4257=CIRCLE('',#5688,0.00241890550000001);
#4258=CIRCLE('',#5695,0.00334377528026137);
#4259=CIRCLE('',#5702,0.00343907557508167);
#4260=CIRCLE('',#5710,0.0701481163253815);
#4261=CIRCLE('',#5711,0.0701481163253815);
#4262=CIRCLE('',#5728,0.0701481163284253);
#4263=CIRCLE('',#5729,0.0701481163284253);
#4264=CIRCLE('',#5746,0.00334377528026625);
#4265=CIRCLE('',#5753,0.00343907557509339);
#4266=CIRCLE('',#5761,0.00334377528026447);
#4267=CIRCLE('',#5768,0.00343907557509399);
#4268=CIRCLE('',#5795,0.00170391483246541);
#4269=CIRCLE('',#5797,0.00170391483246541);
#4270=CIRCLE('',#5801,0.000381);
#4271=CIRCLE('',#5803,0.000381);
#4272=CIRCLE('',#5805,0.000381);
#4273=CIRCLE('',#5806,0.000381);
#4274=CIRCLE('',#5808,0.000381);
#4275=CIRCLE('',#5810,0.000381);
#4276=CIRCLE('',#5812,0.000381);
#4277=CIRCLE('',#5814,0.000381);
#4278=CIRCLE('',#5816,0.000381);
#4279=CIRCLE('',#5817,0.000381);
#4280=CIRCLE('',#5819,0.000381);
#4281=CIRCLE('',#5821,0.000381);
#4282=CIRCLE('',#5823,0.000381);
#4283=CIRCLE('',#5825,0.000381);
#4284=CIRCLE('',#5828,0.000381);
#4285=CIRCLE('',#5829,0.000381);
#4286=CIRCLE('',#5831,0.000381);
#4287=CIRCLE('',#5832,0.000381);
#4288=CIRCLE('',#5834,0.000381);
#4289=CIRCLE('',#5836,0.000381);
#4290=CIRCLE('',#5841,0.0486536159020725);
#4291=CIRCLE('',#5843,0.0486536159020752);
#4292=CIRCLE('',#5845,0.00213518894978726);
#4293=CIRCLE('',#5846,0.0023638002);
#4294=CIRCLE('',#5854,0.0021352002);
#4295=CIRCLE('',#5856,0.0021352002);
#4296=CIRCLE('',#5861,0.000381);
#4297=CIRCLE('',#5863,0.000381);
#4298=CIRCLE('',#5864,0.000381);
#4299=CIRCLE('',#5865,0.000381);
#4300=CIRCLE('',#5866,0.000381);
#4301=CIRCLE('',#5867,0.000381);
#4302=CIRCLE('',#5869,0.000381);
#4303=CIRCLE('',#5870,0.000381);
#4304=CIRCLE('',#5872,0.000381);
#4305=CIRCLE('',#5874,0.000381);
#4306=CIRCLE('',#5884,0.00734506181323986);
#4307=CIRCLE('',#5887,0.00734506181323986);
#4308=CIRCLE('',#5889,0.00759906181323986);
#4309=CIRCLE('',#5890,0.00759906181323986);
#4310=CIRCLE('',#5892,0.0002286);
#4311=CIRCLE('',#5893,0.0002286);
#4312=CIRCLE('',#5894,0.00734506181323986);
#4313=CIRCLE('',#5895,0.000254);
#4314=CIRCLE('',#5897,0.00734506181323986);
#4315=CIRCLE('',#5900,0.00734506181323986);
#4316=CIRCLE('',#5903,0.00759906181323986);
#4317=CIRCLE('',#5904,0.00759906181323986);
#4318=CIRCLE('',#5907,0.000254);
#4319=CIRCLE('',#5909,0.000254);
#4320=CIRCLE('',#5912,0.000254);
#4321=CIRCLE('',#5915,0.000254);
#4322=CIRCLE('',#5917,0.000254);
#4323=CIRCLE('',#5919,0.000254);
#4324=CIRCLE('',#5922,0.000254);
#4325=CIRCLE('',#5924,0.000254);
#4326=CIRCLE('',#5928,0.000254);
#4327=CIRCLE('',#5931,0.000254);
#4328=CIRCLE('',#5933,0.000254);
#4329=CIRCLE('',#5935,0.000254);
#4330=CIRCLE('',#5938,0.0002286);
#4331=CIRCLE('',#5940,0.0002286);
#4332=CIRCLE('',#5944,0.0002286);
#4333=CIRCLE('',#5946,0.0002286);
#4334=CIRCLE('',#5958,0.001016);
#4335=CIRCLE('',#5961,0.001016);
#4336=EDGE_LOOP('',(#1225,#1226,#1227,#1228,#1229,#1230,#1231,#1232));
#4337=EDGE_LOOP('',(#1233,#1234,#1235,#1236,#1237,#1238,#1239,#1240));
#4338=EDGE_LOOP('',(#1241,#1242,#1243,#1244,#1245,#1246,#1247,#1248,#1249,
#1250,#1251,#1252));
#4339=EDGE_LOOP('',(#1253,#1254,#1255,#1256,#1257,#1258,#1259));
#4340=EDGE_LOOP('',(#1260,#1261,#1262,#1263));
#4341=EDGE_LOOP('',(#1264,#1265,#1266,#1267));
#4342=EDGE_LOOP('',(#1268,#1269,#1270,#1271));
#4343=EDGE_LOOP('',(#1272,#1273,#1274,#1275));
#4344=EDGE_LOOP('',(#1276,#1277,#1278,#1279,#1280,#1281,#1282,#1283,#1284,
#1285,#1286,#1287));
#4345=EDGE_LOOP('',(#1288,#1289,#1290,#1291));
#4346=EDGE_LOOP('',(#1292,#1293,#1294,#1295,#1296,#1297,#1298,#1299));
#4347=EDGE_LOOP('',(#1300,#1301,#1302,#1303,#1304,#1305));
#4348=EDGE_LOOP('',(#1306,#1307,#1308,#1309,#1310));
#4349=EDGE_LOOP('',(#1311,#1312,#1313,#1314));
#4350=EDGE_LOOP('',(#1315,#1316,#1317,#1318,#1319,#1320,#1321));
#4351=EDGE_LOOP('',(#1322,#1323,#1324,#1325,#1326,#1327,#1328,#1329));
#4352=EDGE_LOOP('',(#1330,#1331,#1332,#1333,#1334));
#4353=EDGE_LOOP('',(#1335,#1336,#1337,#1338));
#4354=EDGE_LOOP('',(#1339,#1340,#1341,#1342));
#4355=EDGE_LOOP('',(#1343,#1344,#1345,#1346,#1347,#1348,#1349,#1350,#1351,
#1352,#1353,#1354,#1355,#1356,#1357,#1358,#1359,#1360,#1361,#1362));
#4356=EDGE_LOOP('',(#1363,#1364,#1365,#1366,#1367,#1368,#1369,#1370));
#4357=EDGE_LOOP('',(#1371,#1372,#1373,#1374,#1375,#1376,#1377,#1378,#1379,
#1380,#1381,#1382));
#4358=EDGE_LOOP('',(#1383,#1384,#1385,#1386,#1387,#1388,#1389,#1390));
#4359=EDGE_LOOP('',(#1391,#1392,#1393,#1394,#1395,#1396,#1397,#1398,#1399,
#1400,#1401,#1402));
#4360=EDGE_LOOP('',(#1403,#1404,#1405,#1406,#1407,#1408,#1409,#1410,#1411,
#1412,#1413,#1414));
#4361=EDGE_LOOP('',(#1415,#1416,#1417,#1418,#1419,#1420,#1421,#1422,#1423,
#1424,#1425,#1426));
#4362=EDGE_LOOP('',(#1427,#1428,#1429,#1430,#1431,#1432,#1433,#1434));
#4363=EDGE_LOOP('',(#1435,#1436,#1437,#1438,#1439,#1440,#1441,#1442,#1443,
#1444,#1445,#1446,#1447,#1448,#1449,#1450,#1451,#1452,#1453,#1454,#1455,
#1456,#1457,#1458,#1459,#1460,#1461,#1462,#1463,#1464,#1465,#1466,#1467,
#1468,#1469,#1470,#1471,#1472,#1473,#1474,#1475,#1476,#1477,#1478,#1479,
#1480,#1481,#1482));
#4364=EDGE_LOOP('',(#1483,#1484,#1485,#1486));
#4365=EDGE_LOOP('',(#1487,#1488,#1489,#1490,#1491,#1492,#1493));
#4366=EDGE_LOOP('',(#1494,#1495,#1496,#1497));
#4367=EDGE_LOOP('',(#1498,#1499,#1500,#1501));
#4368=EDGE_LOOP('',(#1502,#1503,#1504,#1505,#1506,#1507,#1508,#1509,#1510,
#1511));
#4369=EDGE_LOOP('',(#1512,#1513,#1514,#1515,#1516,#1517,#1518,#1519,#1520,
#1521));
#4370=EDGE_LOOP('',(#1522,#1523,#1524,#1525));
#4371=EDGE_LOOP('',(#1526,#1527,#1528,#1529));
#4372=EDGE_LOOP('',(#1530,#1531,#1532,#1533));
#4373=EDGE_LOOP('',(#1534,#1535,#1536,#1537));
#4374=EDGE_LOOP('',(#1538,#1539,#1540,#1541,#1542,#1543,#1544));
#4375=EDGE_LOOP('',(#1545,#1546,#1547,#1548));
#4376=EDGE_LOOP('',(#1549,#1550,#1551,#1552,#1553,#1554,#1555));
#4377=EDGE_LOOP('',(#1556,#1557,#1558,#1559,#1560,#1561,#1562,#1563));
#4378=EDGE_LOOP('',(#1564,#1565,#1566,#1567,#1568,#1569,#1570));
#4379=EDGE_LOOP('',(#1571,#1572,#1573,#1574));
#4380=EDGE_LOOP('',(#1575,#1576,#1577,#1578,#1579,#1580,#1581));
#4381=EDGE_LOOP('',(#1582,#1583,#1584,#1585));
#4382=EDGE_LOOP('',(#1586,#1587,#1588,#1589));
#4383=EDGE_LOOP('',(#1590,#1591,#1592,#1593,#1594));
#4384=EDGE_LOOP('',(#1595,#1596,#1597,#1598));
#4385=EDGE_LOOP('',(#1599,#1600,#1601,#1602,#1603,#1604));
#4386=EDGE_LOOP('',(#1605,#1606,#1607,#1608));
#4387=EDGE_LOOP('',(#1609,#1610,#1611,#1612,#1613));
#4388=EDGE_LOOP('',(#1614,#1615,#1616,#1617));
#4389=EDGE_LOOP('',(#1618,#1619,#1620,#1621));
#4390=EDGE_LOOP('',(#1622,#1623,#1624,#1625));
#4391=EDGE_LOOP('',(#1626,#1627,#1628,#1629,#1630));
#4392=EDGE_LOOP('',(#1631,#1632,#1633,#1634));
#4393=EDGE_LOOP('',(#1635,#1636,#1637,#1638));
#4394=EDGE_LOOP('',(#1639,#1640,#1641,#1642));
#4395=EDGE_LOOP('',(#1643,#1644,#1645,#1646,#1647));
#4396=EDGE_LOOP('',(#1648,#1649,#1650,#1651));
#4397=EDGE_LOOP('',(#1652,#1653,#1654,#1655,#1656));
#4398=EDGE_LOOP('',(#1657,#1658,#1659,#1660));
#4399=EDGE_LOOP('',(#1661,#1662,#1663,#1664));
#4400=EDGE_LOOP('',(#1665,#1666,#1667,#1668,#1669));
#4401=EDGE_LOOP('',(#1670,#1671,#1672,#1673));
#4402=EDGE_LOOP('',(#1674,#1675,#1676,#1677,#1678));
#4403=EDGE_LOOP('',(#1679,#1680,#1681,#1682));
#4404=EDGE_LOOP('',(#1683,#1684,#1685,#1686,#1687));
#4405=EDGE_LOOP('',(#1688,#1689,#1690,#1691,#1692));
#4406=EDGE_LOOP('',(#1693,#1694,#1695,#1696));
#4407=EDGE_LOOP('',(#1697,#1698,#1699,#1700,#1701,#1702,#1703,#1704,#1705,
#1706,#1707));
#4408=EDGE_LOOP('',(#1708,#1709,#1710,#1711));
#4409=EDGE_LOOP('',(#1712,#1713,#1714,#1715,#1716,#1717,#1718,#1719,#1720,
#1721,#1722,#1723));
#4410=EDGE_LOOP('',(#1724,#1725,#1726,#1727));
#4411=EDGE_LOOP('',(#1728,#1729,#1730,#1731));
#4412=EDGE_LOOP('',(#1732,#1733,#1734,#1735,#1736,#1737));
#4413=EDGE_LOOP('',(#1738,#1739,#1740,#1741,#1742));
#4414=EDGE_LOOP('',(#1743,#1744,#1745,#1746,#1747,#1748,#1749));
#4415=EDGE_LOOP('',(#1750,#1751,#1752,#1753));
#4416=EDGE_LOOP('',(#1754,#1755,#1756,#1757));
#4417=EDGE_LOOP('',(#1758,#1759,#1760,#1761,#1762,#1763,#1764,#1765,#1766,
#1767,#1768));
#4418=EDGE_LOOP('',(#1769,#1770,#1771,#1772,#1773,#1774,#1775));
#4419=EDGE_LOOP('',(#1776,#1777,#1778,#1779,#1780));
#4420=EDGE_LOOP('',(#1781,#1782,#1783,#1784,#1785,#1786));
#4421=EDGE_LOOP('',(#1787,#1788,#1789,#1790));
#4422=EDGE_LOOP('',(#1791,#1792,#1793,#1794));
#4423=EDGE_LOOP('',(#1795,#1796,#1797,#1798,#1799,#1800,#1801,#1802,#1803,
#1804,#1805));
#4424=EDGE_LOOP('',(#1806,#1807,#1808,#1809));
#4425=EDGE_LOOP('',(#1810,#1811,#1812,#1813));
#4426=EDGE_LOOP('',(#1814,#1815,#1816,#1817));
#4427=EDGE_LOOP('',(#1818,#1819,#1820));
#4428=EDGE_LOOP('',(#1821,#1822,#1823,#1824));
#4429=EDGE_LOOP('',(#1825,#1826,#1827,#1828,#1829));
#4430=EDGE_LOOP('',(#1830,#1831,#1832,#1833));
#4431=EDGE_LOOP('',(#1834,#1835,#1836,#1837));
#4432=EDGE_LOOP('',(#1838,#1839,#1840));
#4433=EDGE_LOOP('',(#1841,#1842,#1843,#1844,#1845));
#4434=EDGE_LOOP('',(#1846,#1847,#1848,#1849,#1850,#1851,#1852));
#4435=EDGE_LOOP('',(#1853,#1854,#1855,#1856));
#4436=EDGE_LOOP('',(#1857,#1858,#1859,#1860));
#4437=EDGE_LOOP('',(#1861,#1862,#1863,#1864,#1865,#1866,#1867));
#4438=EDGE_LOOP('',(#1868,#1869,#1870,#1871));
#4439=EDGE_LOOP('',(#1872,#1873,#1874,#1875));
#4440=EDGE_LOOP('',(#1876,#1877,#1878,#1879));
#4441=EDGE_LOOP('',(#1880,#1881,#1882,#1883));
#4442=EDGE_LOOP('',(#1884,#1885,#1886,#1887));
#4443=EDGE_LOOP('',(#1888,#1889,#1890,#1891));
#4444=EDGE_LOOP('',(#1892,#1893,#1894,#1895));
#4445=EDGE_LOOP('',(#1896,#1897,#1898,#1899));
#4446=EDGE_LOOP('',(#1900,#1901));
#4447=EDGE_LOOP('',(#1902,#1903,#1904,#1905));
#4448=EDGE_LOOP('',(#1906,#1907,#1908,#1909));
#4449=EDGE_LOOP('',(#1910,#1911,#1912,#1913));
#4450=EDGE_LOOP('',(#1914,#1915,#1916,#1917));
#4451=EDGE_LOOP('',(#1918,#1919,#1920,#1921));
#4452=EDGE_LOOP('',(#1922,#1923,#1924,#1925));
#4453=EDGE_LOOP('',(#1926,#1927,#1928,#1929));
#4454=EDGE_LOOP('',(#1930,#1931,#1932,#1933));
#4455=EDGE_LOOP('',(#1934,#1935,#1936,#1937));
#4456=EDGE_LOOP('',(#1938,#1939,#1940,#1941));
#4457=EDGE_LOOP('',(#1942,#1943,#1944,#1945));
#4458=EDGE_LOOP('',(#1946,#1947,#1948,#1949));
#4459=EDGE_LOOP('',(#1950,#1951,#1952,#1953,#1954,#1955,#1956,#1957,#1958,
#1959,#1960,#1961));
#4460=EDGE_LOOP('',(#1962,#1963,#1964,#1965));
#4461=EDGE_LOOP('',(#1966,#1967,#1968,#1969));
#4462=EDGE_LOOP('',(#1970,#1971,#1972,#1973));
#4463=EDGE_LOOP('',(#1974,#1975,#1976,#1977));
#4464=EDGE_LOOP('',(#1978,#1979,#1980,#1981));
#4465=EDGE_LOOP('',(#1982,#1983,#1984,#1985));
#4466=EDGE_LOOP('',(#1986,#1987,#1988,#1989));
#4467=EDGE_LOOP('',(#1990,#1991,#1992,#1993));
#4468=EDGE_LOOP('',(#1994,#1995,#1996,#1997));
#4469=EDGE_LOOP('',(#1998,#1999,#2000,#2001));
#4470=EDGE_LOOP('',(#2002,#2003,#2004,#2005));
#4471=EDGE_LOOP('',(#2006,#2007,#2008,#2009));
#4472=EDGE_LOOP('',(#2010,#2011,#2012,#2013));
#4473=EDGE_LOOP('',(#2014,#2015,#2016,#2017));
#4474=EDGE_LOOP('',(#2018,#2019,#2020,#2021));
#4475=EDGE_LOOP('',(#2022,#2023,#2024,#2025,#2026,#2027,#2028,#2029));
#4476=EDGE_LOOP('',(#2030,#2031,#2032,#2033,#2034,#2035,#2036));
#4477=EDGE_LOOP('',(#2037,#2038,#2039,#2040));
#4478=EDGE_LOOP('',(#2041,#2042,#2043,#2044));
#4479=EDGE_LOOP('',(#2045,#2046,#2047,#2048));
#4480=EDGE_LOOP('',(#2049,#2050,#2051,#2052));
#4481=EDGE_LOOP('',(#2053,#2054,#2055,#2056));
#4482=EDGE_LOOP('',(#2057,#2058,#2059,#2060));
#4483=EDGE_LOOP('',(#2061,#2062,#2063,#2064));
#4484=EDGE_LOOP('',(#2065,#2066,#2067,#2068));
#4485=EDGE_LOOP('',(#2069,#2070,#2071,#2072));
#4486=EDGE_LOOP('',(#2073,#2074,#2075,#2076));
#4487=EDGE_LOOP('',(#2077,#2078,#2079,#2080));
#4488=EDGE_LOOP('',(#2081,#2082,#2083,#2084));
#4489=EDGE_LOOP('',(#2085,#2086,#2087,#2088));
#4490=EDGE_LOOP('',(#2089,#2090,#2091,#2092));
#4491=EDGE_LOOP('',(#2093,#2094,#2095,#2096));
#4492=EDGE_LOOP('',(#2097,#2098,#2099,#2100,#2101,#2102,#2103,#2104));
#4493=EDGE_LOOP('',(#2105,#2106,#2107,#2108,#2109,#2110,#2111));
#4494=EDGE_LOOP('',(#2112,#2113,#2114,#2115));
#4495=EDGE_LOOP('',(#2116,#2117,#2118,#2119));
#4496=EDGE_LOOP('',(#2120,#2121,#2122,#2123));
#4497=EDGE_LOOP('',(#2124,#2125,#2126,#2127));
#4498=EDGE_LOOP('',(#2128,#2129,#2130,#2131));
#4499=EDGE_LOOP('',(#2132,#2133,#2134,#2135));
#4500=EDGE_LOOP('',(#2136,#2137,#2138,#2139));
#4501=EDGE_LOOP('',(#2140,#2141,#2142,#2143));
#4502=EDGE_LOOP('',(#2144,#2145,#2146,#2147));
#4503=EDGE_LOOP('',(#2148,#2149,#2150,#2151));
#4504=EDGE_LOOP('',(#2152,#2153,#2154,#2155));
#4505=EDGE_LOOP('',(#2156,#2157,#2158,#2159));
#4506=EDGE_LOOP('',(#2160,#2161,#2162,#2163,#2164,#2165,#2166,#2167,#2168,
#2169,#2170,#2171));
#4507=EDGE_LOOP('',(#2172,#2173,#2174,#2175));
#4508=EDGE_LOOP('',(#2176,#2177,#2178,#2179));
#4509=EDGE_LOOP('',(#2180,#2181,#2182,#2183));
#4510=EDGE_LOOP('',(#2184,#2185,#2186,#2187));
#4511=EDGE_LOOP('',(#2188,#2189,#2190,#2191));
#4512=EDGE_LOOP('',(#2192,#2193,#2194,#2195));
#4513=EDGE_LOOP('',(#2196,#2197,#2198,#2199));
#4514=EDGE_LOOP('',(#2200,#2201,#2202,#2203));
#4515=EDGE_LOOP('',(#2204,#2205,#2206,#2207));
#4516=EDGE_LOOP('',(#2208,#2209,#2210,#2211));
#4517=EDGE_LOOP('',(#2212,#2213,#2214,#2215));
#4518=EDGE_LOOP('',(#2216,#2217,#2218,#2219));
#4519=EDGE_LOOP('',(#2220,#2221,#2222,#2223,#2224,#2225,#2226,#2227,#2228,
#2229,#2230,#2231));
#4520=EDGE_LOOP('',(#2232,#2233,#2234,#2235));
#4521=EDGE_LOOP('',(#2236,#2237,#2238,#2239));
#4522=EDGE_LOOP('',(#2240,#2241,#2242,#2243));
#4523=EDGE_LOOP('',(#2244,#2245,#2246,#2247));
#4524=EDGE_LOOP('',(#2248,#2249,#2250,#2251));
#4525=EDGE_LOOP('',(#2252,#2253,#2254,#2255));
#4526=EDGE_LOOP('',(#2256,#2257,#2258,#2259));
#4527=EDGE_LOOP('',(#2260,#2261,#2262,#2263));
#4528=EDGE_LOOP('',(#2264,#2265,#2266,#2267));
#4529=EDGE_LOOP('',(#2268,#2269,#2270,#2271));
#4530=EDGE_LOOP('',(#2272,#2273,#2274,#2275));
#4531=EDGE_LOOP('',(#2276,#2277,#2278,#2279));
#4532=EDGE_LOOP('',(#2280,#2281,#2282,#2283,#2284,#2285,#2286,#2287,#2288,
#2289,#2290,#2291));
#4533=EDGE_LOOP('',(#2292,#2293,#2294,#2295));
#4534=EDGE_LOOP('',(#2296,#2297,#2298,#2299));
#4535=EDGE_LOOP('',(#2300,#2301,#2302,#2303));
#4536=EDGE_LOOP('',(#2304,#2305,#2306,#2307));
#4537=EDGE_LOOP('',(#2308,#2309,#2310,#2311));
#4538=EDGE_LOOP('',(#2312,#2313,#2314,#2315));
#4539=EDGE_LOOP('',(#2316,#2317,#2318,#2319));
#4540=EDGE_LOOP('',(#2320,#2321,#2322,#2323));
#4541=EDGE_LOOP('',(#2324,#2325,#2326,#2327,#2328,#2329,#2330,#2331));
#4542=EDGE_LOOP('',(#2332,#2333,#2334,#2335,#2336,#2337,#2338));
#4543=EDGE_LOOP('',(#2339,#2340,#2341,#2342,#2343,#2344,#2345));
#4544=EDGE_LOOP('',(#2346,#2347,#2348,#2349));
#4545=EDGE_LOOP('',(#2350,#2351,#2352,#2353));
#4546=EDGE_LOOP('',(#2354,#2355,#2356,#2357));
#4547=EDGE_LOOP('',(#2358,#2359,#2360,#2361));
#4548=EDGE_LOOP('',(#2362,#2363,#2364,#2365));
#4549=EDGE_LOOP('',(#2366,#2367,#2368,#2369));
#4550=EDGE_LOOP('',(#2370,#2371,#2372,#2373));
#4551=EDGE_LOOP('',(#2374,#2375,#2376,#2377));
#4552=EDGE_LOOP('',(#2378,#2379,#2380));
#4553=EDGE_LOOP('',(#2381,#2382,#2383,#2384));
#4554=EDGE_LOOP('',(#2385,#2386,#2387,#2388));
#4555=EDGE_LOOP('',(#2389,#2390,#2391,#2392));
#4556=EDGE_LOOP('',(#2393,#2394,#2395,#2396,#2397,#2398,#2399));
#4557=EDGE_LOOP('',(#2400,#2401,#2402,#2403));
#4558=EDGE_LOOP('',(#2404,#2405,#2406,#2407));
#4559=EDGE_LOOP('',(#2408,#2409,#2410,#2411));
#4560=EDGE_LOOP('',(#2412,#2413,#2414));
#4561=EDGE_LOOP('',(#2415,#2416,#2417,#2418,#2419,#2420,#2421));
#4562=EDGE_LOOP('',(#2422,#2423,#2424,#2425));
#4563=EDGE_LOOP('',(#2426,#2427,#2428,#2429));
#4564=EDGE_LOOP('',(#2430,#2431,#2432,#2433));
#4565=EDGE_LOOP('',(#2434,#2435,#2436,#2437));
#4566=EDGE_LOOP('',(#2438,#2439,#2440,#2441));
#4567=EDGE_LOOP('',(#2442,#2443,#2444,#2445));
#4568=EDGE_LOOP('',(#2446,#2447,#2448,#2449));
#4569=EDGE_LOOP('',(#2450,#2451,#2452,#2453,#2454));
#4570=EDGE_LOOP('',(#2455,#2456));
#4571=EDGE_LOOP('',(#2457,#2458));
#4572=EDGE_LOOP('',(#2459,#2460,#2461,#2462,#2463));
#4573=EDGE_LOOP('',(#2464,#2465,#2466,#2467,#2468));
#4574=EDGE_LOOP('',(#2469,#2470,#2471,#2472,#2473,#2474,#2475,#2476));
#4575=EDGE_LOOP('',(#2477,#2478,#2479,#2480,#2481,#2482,#2483,#2484));
#4576=EDGE_LOOP('',(#2485,#2486,#2487,#2488));
#4577=EDGE_LOOP('',(#2489,#2490,#2491,#2492));
#4578=EDGE_LOOP('',(#2493,#2494,#2495,#2496,#2497,#2498));
#4579=EDGE_LOOP('',(#2499,#2500,#2501,#2502,#2503,#2504));
#4580=EDGE_LOOP('',(#2505,#2506));
#4581=EDGE_LOOP('',(#2507,#2508,#2509,#2510,#2511,#2512));
#4582=EDGE_LOOP('',(#2513,#2514,#2515,#2516,#2517));
#4583=EDGE_LOOP('',(#2518,#2519,#2520,#2521,#2522));
#4584=EDGE_LOOP('',(#2523,#2524,#2525,#2526,#2527));
#4585=EDGE_LOOP('',(#2528,#2529,#2530,#2531));
#4586=EDGE_LOOP('',(#2532,#2533,#2534,#2535));
#4587=EDGE_LOOP('',(#2536,#2537,#2538,#2539,#2540,#2541));
#4588=EDGE_LOOP('',(#2542,#2543));
#4589=EDGE_LOOP('',(#2544,#2545,#2546,#2547));
#4590=EDGE_LOOP('',(#2548,#2549,#2550,#2551,#2552,#2553,#2554,#2555));
#4591=EDGE_LOOP('',(#2556,#2557,#2558,#2559,#2560));
#4592=EDGE_LOOP('',(#2561,#2562,#2563,#2564));
#4593=EDGE_LOOP('',(#2565,#2566,#2567,#2568));
#4594=EDGE_LOOP('',(#2569,#2570,#2571));
#4595=EDGE_LOOP('',(#2572,#2573,#2574));
#4596=EDGE_LOOP('',(#2575,#2576,#2577,#2578));
#4597=EDGE_LOOP('',(#2579,#2580,#2581));
#4598=EDGE_LOOP('',(#2582,#2583,#2584));
#4599=EDGE_LOOP('',(#2585,#2586,#2587,#2588));
#4600=EDGE_LOOP('',(#2589,#2590,#2591,#2592));
#4601=EDGE_LOOP('',(#2593,#2594,#2595,#2596,#2597));
#4602=EDGE_LOOP('',(#2598,#2599,#2600,#2601));
#4603=EDGE_LOOP('',(#2602,#2603,#2604,#2605,#2606,#2607,#2608,#2609));
#4604=EDGE_LOOP('',(#2610,#2611,#2612,#2613));
#4605=EDGE_LOOP('',(#2614,#2615,#2616,#2617));
#4606=EDGE_LOOP('',(#2618,#2619,#2620,#2621,#2622));
#4607=EDGE_LOOP('',(#2623,#2624,#2625,#2626));
#4608=EDGE_LOOP('',(#2627,#2628,#2629,#2630));
#4609=EDGE_LOOP('',(#2631,#2632,#2633,#2634,#2635,#2636,#2637));
#4610=EDGE_LOOP('',(#2638,#2639,#2640,#2641));
#4611=EDGE_LOOP('',(#2642,#2643,#2644,#2645));
#4612=EDGE_LOOP('',(#2646,#2647,#2648,#2649,#2650));
#4613=EDGE_LOOP('',(#2651,#2652,#2653));
#4614=EDGE_LOOP('',(#2654,#2655,#2656,#2657,#2658,#2659));
#4615=EDGE_LOOP('',(#2660,#2661,#2662,#2663));
#4616=EDGE_LOOP('',(#2664,#2665,#2666,#2667,#2668,#2669));
#4617=EDGE_LOOP('',(#2670,#2671,#2672));
#4618=EDGE_LOOP('',(#2673,#2674,#2675,#2676));
#4619=EDGE_LOOP('',(#2677,#2678,#2679,#2680));
#4620=EDGE_LOOP('',(#2681,#2682,#2683,#2684));
#4621=EDGE_LOOP('',(#2685,#2686,#2687,#2688,#2689,#2690,#2691));
#4622=EDGE_LOOP('',(#2692,#2693,#2694,#2695,#2696,#2697));
#4623=EDGE_LOOP('',(#2698,#2699,#2700));
#4624=EDGE_LOOP('',(#2701,#2702,#2703,#2704,#2705));
#4625=EDGE_LOOP('',(#2706,#2707,#2708,#2709,#2710,#2711));
#4626=EDGE_LOOP('',(#2712,#2713,#2714,#2715));
#4627=EDGE_LOOP('',(#2716,#2717,#2718));
#4628=EDGE_LOOP('',(#2719,#2720,#2721,#2722));
#4629=EDGE_LOOP('',(#2723,#2724,#2725,#2726));
#4630=EDGE_LOOP('',(#2727,#2728,#2729,#2730));
#4631=EDGE_LOOP('',(#2731,#2732,#2733));
#4632=EDGE_LOOP('',(#2734,#2735,#2736));
#4633=EDGE_LOOP('',(#2737,#2738,#2739,#2740,#2741));
#4634=EDGE_LOOP('',(#2742,#2743,#2744,#2745,#2746));
#4635=EDGE_LOOP('',(#2747,#2748,#2749,#2750));
#4636=EDGE_LOOP('',(#2751,#2752,#2753,#2754));
#4637=EDGE_LOOP('',(#2755,#2756,#2757));
#4638=EDGE_LOOP('',(#2758,#2759,#2760,#2761,#2762));
#4639=EDGE_LOOP('',(#2763,#2764,#2765,#2766));
#4640=EDGE_LOOP('',(#2767,#2768,#2769,#2770));
#4641=EDGE_LOOP('',(#2771,#2772,#2773));
#4642=EDGE_LOOP('',(#2774,#2775,#2776,#2777,#2778));
#4643=EDGE_LOOP('',(#2779,#2780,#2781));
#4644=EDGE_LOOP('',(#2782,#2783,#2784));
#4645=EDGE_LOOP('',(#2785,#2786,#2787));
#4646=EDGE_LOOP('',(#2788,#2789,#2790));
#4647=EDGE_LOOP('',(#2791,#2792,#2793,#2794));
#4648=EDGE_LOOP('',(#2795,#2796,#2797,#2798));
#4649=EDGE_LOOP('',(#2799,#2800,#2801,#2802));
#4650=EDGE_LOOP('',(#2803,#2804,#2805,#2806));
#4651=EDGE_LOOP('',(#2807,#2808,#2809));
#4652=EDGE_LOOP('',(#2810,#2811,#2812,#2813,#2814,#2815));
#4653=EDGE_LOOP('',(#2816,#2817,#2818,#2819,#2820,#2821));
#4654=EDGE_LOOP('',(#2822,#2823,#2824));
#4655=FACE_BOUND('',#4336,.T.);
#4656=FACE_BOUND('',#4337,.T.);
#4657=FACE_BOUND('',#4338,.T.);
#4658=FACE_BOUND('',#4339,.T.);
#4659=FACE_BOUND('',#4340,.T.);
#4660=FACE_BOUND('',#4341,.T.);
#4661=FACE_BOUND('',#4342,.T.);
#4662=FACE_BOUND('',#4343,.T.);
#4663=FACE_BOUND('',#4344,.T.);
#4664=FACE_BOUND('',#4345,.T.);
#4665=FACE_BOUND('',#4346,.T.);
#4666=FACE_BOUND('',#4347,.T.);
#4667=FACE_BOUND('',#4348,.T.);
#4668=FACE_BOUND('',#4349,.T.);
#4669=FACE_BOUND('',#4350,.T.);
#4670=FACE_BOUND('',#4351,.T.);
#4671=FACE_BOUND('',#4352,.T.);
#4672=FACE_BOUND('',#4353,.T.);
#4673=FACE_BOUND('',#4354,.T.);
#4674=FACE_BOUND('',#4355,.T.);
#4675=FACE_BOUND('',#4356,.T.);
#4676=FACE_BOUND('',#4357,.T.);
#4677=FACE_BOUND('',#4358,.T.);
#4678=FACE_BOUND('',#4359,.T.);
#4679=FACE_BOUND('',#4360,.T.);
#4680=FACE_BOUND('',#4361,.T.);
#4681=FACE_BOUND('',#4362,.T.);
#4682=FACE_BOUND('',#4363,.T.);
#4683=FACE_BOUND('',#4364,.T.);
#4684=FACE_BOUND('',#4365,.T.);
#4685=FACE_BOUND('',#4366,.T.);
#4686=FACE_BOUND('',#4367,.T.);
#4687=FACE_BOUND('',#4368,.T.);
#4688=FACE_BOUND('',#4369,.T.);
#4689=FACE_BOUND('',#4370,.T.);
#4690=FACE_BOUND('',#4371,.T.);
#4691=FACE_BOUND('',#4372,.T.);
#4692=FACE_BOUND('',#4373,.T.);
#4693=FACE_BOUND('',#4374,.T.);
#4694=FACE_BOUND('',#4375,.T.);
#4695=FACE_BOUND('',#4376,.T.);
#4696=FACE_BOUND('',#4377,.T.);
#4697=FACE_BOUND('',#4378,.T.);
#4698=FACE_BOUND('',#4379,.T.);
#4699=FACE_BOUND('',#4380,.T.);
#4700=FACE_BOUND('',#4381,.T.);
#4701=FACE_BOUND('',#4382,.T.);
#4702=FACE_BOUND('',#4383,.T.);
#4703=FACE_BOUND('',#4384,.T.);
#4704=FACE_BOUND('',#4385,.T.);
#4705=FACE_BOUND('',#4386,.T.);
#4706=FACE_BOUND('',#4387,.T.);
#4707=FACE_BOUND('',#4388,.T.);
#4708=FACE_BOUND('',#4389,.T.);
#4709=FACE_BOUND('',#4390,.T.);
#4710=FACE_BOUND('',#4391,.T.);
#4711=FACE_BOUND('',#4392,.T.);
#4712=FACE_BOUND('',#4393,.T.);
#4713=FACE_BOUND('',#4394,.T.);
#4714=FACE_BOUND('',#4395,.T.);
#4715=FACE_BOUND('',#4396,.T.);
#4716=FACE_BOUND('',#4397,.T.);
#4717=FACE_BOUND('',#4398,.T.);
#4718=FACE_BOUND('',#4399,.T.);
#4719=FACE_BOUND('',#4400,.T.);
#4720=FACE_BOUND('',#4401,.T.);
#4721=FACE_BOUND('',#4402,.T.);
#4722=FACE_BOUND('',#4403,.T.);
#4723=FACE_BOUND('',#4404,.T.);
#4724=FACE_BOUND('',#4405,.T.);
#4725=FACE_BOUND('',#4406,.T.);
#4726=FACE_BOUND('',#4407,.T.);
#4727=FACE_BOUND('',#4408,.T.);
#4728=FACE_BOUND('',#4409,.T.);
#4729=FACE_BOUND('',#4410,.T.);
#4730=FACE_BOUND('',#4411,.T.);
#4731=FACE_BOUND('',#4412,.T.);
#4732=FACE_BOUND('',#4413,.T.);
#4733=FACE_BOUND('',#4414,.T.);
#4734=FACE_BOUND('',#4415,.T.);
#4735=FACE_BOUND('',#4416,.T.);
#4736=FACE_BOUND('',#4417,.T.);
#4737=FACE_BOUND('',#4418,.T.);
#4738=FACE_BOUND('',#4419,.T.);
#4739=FACE_BOUND('',#4420,.T.);
#4740=FACE_BOUND('',#4421,.T.);
#4741=FACE_BOUND('',#4422,.T.);
#4742=FACE_BOUND('',#4423,.T.);
#4743=FACE_BOUND('',#4424,.T.);
#4744=FACE_BOUND('',#4425,.T.);
#4745=FACE_BOUND('',#4426,.T.);
#4746=FACE_BOUND('',#4427,.T.);
#4747=FACE_BOUND('',#4428,.T.);
#4748=FACE_BOUND('',#4429,.T.);
#4749=FACE_BOUND('',#4430,.T.);
#4750=FACE_BOUND('',#4431,.T.);
#4751=FACE_BOUND('',#4432,.T.);
#4752=FACE_BOUND('',#4433,.T.);
#4753=FACE_BOUND('',#4434,.T.);
#4754=FACE_BOUND('',#4435,.T.);
#4755=FACE_BOUND('',#4436,.T.);
#4756=FACE_BOUND('',#4437,.T.);
#4757=FACE_BOUND('',#4438,.T.);
#4758=FACE_BOUND('',#4439,.T.);
#4759=FACE_BOUND('',#4440,.T.);
#4760=FACE_BOUND('',#4441,.T.);
#4761=FACE_BOUND('',#4442,.T.);
#4762=FACE_BOUND('',#4443,.T.);
#4763=FACE_BOUND('',#4444,.T.);
#4764=FACE_BOUND('',#4445,.T.);
#4765=FACE_BOUND('',#4446,.T.);
#4766=FACE_BOUND('',#4447,.T.);
#4767=FACE_BOUND('',#4448,.T.);
#4768=FACE_BOUND('',#4449,.T.);
#4769=FACE_BOUND('',#4450,.T.);
#4770=FACE_BOUND('',#4451,.T.);
#4771=FACE_BOUND('',#4452,.T.);
#4772=FACE_BOUND('',#4453,.T.);
#4773=FACE_BOUND('',#4454,.T.);
#4774=FACE_BOUND('',#4455,.T.);
#4775=FACE_BOUND('',#4456,.T.);
#4776=FACE_BOUND('',#4457,.T.);
#4777=FACE_BOUND('',#4458,.T.);
#4778=FACE_BOUND('',#4459,.T.);
#4779=FACE_BOUND('',#4460,.T.);
#4780=FACE_BOUND('',#4461,.T.);
#4781=FACE_BOUND('',#4462,.T.);
#4782=FACE_BOUND('',#4463,.T.);
#4783=FACE_BOUND('',#4464,.T.);
#4784=FACE_BOUND('',#4465,.T.);
#4785=FACE_BOUND('',#4466,.T.);
#4786=FACE_BOUND('',#4467,.T.);
#4787=FACE_BOUND('',#4468,.T.);
#4788=FACE_BOUND('',#4469,.T.);
#4789=FACE_BOUND('',#4470,.T.);
#4790=FACE_BOUND('',#4471,.T.);
#4791=FACE_BOUND('',#4472,.T.);
#4792=FACE_BOUND('',#4473,.T.);
#4793=FACE_BOUND('',#4474,.T.);
#4794=FACE_BOUND('',#4475,.T.);
#4795=FACE_BOUND('',#4476,.T.);
#4796=FACE_BOUND('',#4477,.T.);
#4797=FACE_BOUND('',#4478,.T.);
#4798=FACE_BOUND('',#4479,.T.);
#4799=FACE_BOUND('',#4480,.T.);
#4800=FACE_BOUND('',#4481,.T.);
#4801=FACE_BOUND('',#4482,.T.);
#4802=FACE_BOUND('',#4483,.T.);
#4803=FACE_BOUND('',#4484,.T.);
#4804=FACE_BOUND('',#4485,.T.);
#4805=FACE_BOUND('',#4486,.T.);
#4806=FACE_BOUND('',#4487,.T.);
#4807=FACE_BOUND('',#4488,.T.);
#4808=FACE_BOUND('',#4489,.T.);
#4809=FACE_BOUND('',#4490,.T.);
#4810=FACE_BOUND('',#4491,.T.);
#4811=FACE_BOUND('',#4492,.T.);
#4812=FACE_BOUND('',#4493,.T.);
#4813=FACE_BOUND('',#4494,.T.);
#4814=FACE_BOUND('',#4495,.T.);
#4815=FACE_BOUND('',#4496,.T.);
#4816=FACE_BOUND('',#4497,.T.);
#4817=FACE_BOUND('',#4498,.T.);
#4818=FACE_BOUND('',#4499,.T.);
#4819=FACE_BOUND('',#4500,.T.);
#4820=FACE_BOUND('',#4501,.T.);
#4821=FACE_BOUND('',#4502,.T.);
#4822=FACE_BOUND('',#4503,.T.);
#4823=FACE_BOUND('',#4504,.T.);
#4824=FACE_BOUND('',#4505,.T.);
#4825=FACE_BOUND('',#4506,.T.);
#4826=FACE_BOUND('',#4507,.T.);
#4827=FACE_BOUND('',#4508,.T.);
#4828=FACE_BOUND('',#4509,.T.);
#4829=FACE_BOUND('',#4510,.T.);
#4830=FACE_BOUND('',#4511,.T.);
#4831=FACE_BOUND('',#4512,.T.);
#4832=FACE_BOUND('',#4513,.T.);
#4833=FACE_BOUND('',#4514,.T.);
#4834=FACE_BOUND('',#4515,.T.);
#4835=FACE_BOUND('',#4516,.T.);
#4836=FACE_BOUND('',#4517,.T.);
#4837=FACE_BOUND('',#4518,.T.);
#4838=FACE_BOUND('',#4519,.T.);
#4839=FACE_BOUND('',#4520,.T.);
#4840=FACE_BOUND('',#4521,.T.);
#4841=FACE_BOUND('',#4522,.T.);
#4842=FACE_BOUND('',#4523,.T.);
#4843=FACE_BOUND('',#4524,.T.);
#4844=FACE_BOUND('',#4525,.T.);
#4845=FACE_BOUND('',#4526,.T.);
#4846=FACE_BOUND('',#4527,.T.);
#4847=FACE_BOUND('',#4528,.T.);
#4848=FACE_BOUND('',#4529,.T.);
#4849=FACE_BOUND('',#4530,.T.);
#4850=FACE_BOUND('',#4531,.T.);
#4851=FACE_BOUND('',#4532,.T.);
#4852=FACE_BOUND('',#4533,.T.);
#4853=FACE_BOUND('',#4534,.T.);
#4854=FACE_BOUND('',#4535,.T.);
#4855=FACE_BOUND('',#4536,.T.);
#4856=FACE_BOUND('',#4537,.T.);
#4857=FACE_BOUND('',#4538,.T.);
#4858=FACE_BOUND('',#4539,.T.);
#4859=FACE_BOUND('',#4540,.T.);
#4860=FACE_BOUND('',#4541,.T.);
#4861=FACE_BOUND('',#4542,.T.);
#4862=FACE_BOUND('',#4543,.T.);
#4863=FACE_BOUND('',#4544,.T.);
#4864=FACE_BOUND('',#4545,.T.);
#4865=FACE_BOUND('',#4546,.T.);
#4866=FACE_BOUND('',#4547,.T.);
#4867=FACE_BOUND('',#4548,.T.);
#4868=FACE_BOUND('',#4549,.T.);
#4869=FACE_BOUND('',#4550,.T.);
#4870=FACE_BOUND('',#4551,.T.);
#4871=FACE_BOUND('',#4552,.T.);
#4872=FACE_BOUND('',#4553,.T.);
#4873=FACE_BOUND('',#4554,.T.);
#4874=FACE_BOUND('',#4555,.T.);
#4875=FACE_BOUND('',#4556,.T.);
#4876=FACE_BOUND('',#4557,.T.);
#4877=FACE_BOUND('',#4558,.T.);
#4878=FACE_BOUND('',#4559,.T.);
#4879=FACE_BOUND('',#4560,.T.);
#4880=FACE_BOUND('',#4561,.T.);
#4881=FACE_BOUND('',#4562,.T.);
#4882=FACE_BOUND('',#4563,.T.);
#4883=FACE_BOUND('',#4564,.T.);
#4884=FACE_BOUND('',#4565,.T.);
#4885=FACE_BOUND('',#4566,.T.);
#4886=FACE_BOUND('',#4567,.T.);
#4887=FACE_BOUND('',#4568,.T.);
#4888=FACE_BOUND('',#4569,.T.);
#4889=FACE_BOUND('',#4570,.T.);
#4890=FACE_BOUND('',#4571,.T.);
#4891=FACE_BOUND('',#4572,.T.);
#4892=FACE_BOUND('',#4573,.T.);
#4893=FACE_BOUND('',#4574,.T.);
#4894=FACE_BOUND('',#4575,.T.);
#4895=FACE_BOUND('',#4576,.T.);
#4896=FACE_BOUND('',#4577,.T.);
#4897=FACE_BOUND('',#4578,.T.);
#4898=FACE_BOUND('',#4579,.T.);
#4899=FACE_BOUND('',#4580,.T.);
#4900=FACE_BOUND('',#4581,.T.);
#4901=FACE_BOUND('',#4582,.T.);
#4902=FACE_BOUND('',#4583,.T.);
#4903=FACE_BOUND('',#4584,.T.);
#4904=FACE_BOUND('',#4585,.T.);
#4905=FACE_BOUND('',#4586,.T.);
#4906=FACE_BOUND('',#4587,.T.);
#4907=FACE_BOUND('',#4588,.T.);
#4908=FACE_BOUND('',#4589,.T.);
#4909=FACE_BOUND('',#4590,.T.);
#4910=FACE_BOUND('',#4591,.T.);
#4911=FACE_BOUND('',#4592,.T.);
#4912=FACE_BOUND('',#4593,.T.);
#4913=FACE_BOUND('',#4594,.T.);
#4914=FACE_BOUND('',#4595,.T.);
#4915=FACE_BOUND('',#4596,.T.);
#4916=FACE_BOUND('',#4597,.T.);
#4917=FACE_BOUND('',#4598,.T.);
#4918=FACE_BOUND('',#4599,.T.);
#4919=FACE_BOUND('',#4600,.T.);
#4920=FACE_BOUND('',#4601,.T.);
#4921=FACE_BOUND('',#4602,.T.);
#4922=FACE_BOUND('',#4603,.T.);
#4923=FACE_BOUND('',#4604,.T.);
#4924=FACE_BOUND('',#4605,.T.);
#4925=FACE_BOUND('',#4606,.T.);
#4926=FACE_BOUND('',#4607,.T.);
#4927=FACE_BOUND('',#4608,.T.);
#4928=FACE_BOUND('',#4609,.T.);
#4929=FACE_BOUND('',#4610,.T.);
#4930=FACE_BOUND('',#4611,.T.);
#4931=FACE_BOUND('',#4612,.T.);
#4932=FACE_BOUND('',#4613,.T.);
#4933=FACE_BOUND('',#4614,.T.);
#4934=FACE_BOUND('',#4615,.T.);
#4935=FACE_BOUND('',#4616,.T.);
#4936=FACE_BOUND('',#4617,.T.);
#4937=FACE_BOUND('',#4618,.T.);
#4938=FACE_BOUND('',#4619,.T.);
#4939=FACE_BOUND('',#4620,.T.);
#4940=FACE_BOUND('',#4621,.T.);
#4941=FACE_BOUND('',#4622,.T.);
#4942=FACE_BOUND('',#4623,.T.);
#4943=FACE_BOUND('',#4624,.T.);
#4944=FACE_BOUND('',#4625,.T.);
#4945=FACE_BOUND('',#4626,.T.);
#4946=FACE_BOUND('',#4627,.T.);
#4947=FACE_BOUND('',#4628,.T.);
#4948=FACE_BOUND('',#4629,.T.);
#4949=FACE_BOUND('',#4630,.T.);
#4950=FACE_BOUND('',#4631,.T.);
#4951=FACE_BOUND('',#4632,.T.);
#4952=FACE_BOUND('',#4633,.T.);
#4953=FACE_BOUND('',#4634,.T.);
#4954=FACE_BOUND('',#4635,.T.);
#4955=FACE_BOUND('',#4636,.T.);
#4956=FACE_BOUND('',#4637,.T.);
#4957=FACE_BOUND('',#4638,.T.);
#4958=FACE_BOUND('',#4639,.T.);
#4959=FACE_BOUND('',#4640,.T.);
#4960=FACE_BOUND('',#4641,.T.);
#4961=FACE_BOUND('',#4642,.T.);
#4962=FACE_BOUND('',#4643,.T.);
#4963=FACE_BOUND('',#4644,.T.);
#4964=FACE_BOUND('',#4645,.T.);
#4965=FACE_BOUND('',#4646,.T.);
#4966=FACE_BOUND('',#4647,.T.);
#4967=FACE_BOUND('',#4648,.T.);
#4968=FACE_BOUND('',#4649,.T.);
#4969=FACE_BOUND('',#4650,.T.);
#4970=FACE_BOUND('',#4651,.T.);
#4971=FACE_BOUND('',#4652,.T.);
#4972=FACE_BOUND('',#4653,.T.);
#4973=FACE_BOUND('',#4654,.T.);
#4974=PLANE('',#5444);
#4975=PLANE('',#5451);
#4976=PLANE('',#5456);
#4977=PLANE('',#5461);
#4978=PLANE('',#5467);
#4979=PLANE('',#5468);
#4980=PLANE('',#5469);
#4981=PLANE('',#5470);
#4982=PLANE('',#5472);
#4983=PLANE('',#5477);
#4984=PLANE('',#5481);
#4985=PLANE('',#5486);
#4986=PLANE('',#5489);
#4987=PLANE('',#5491);
#4988=PLANE('',#5494);
#4989=PLANE('',#5507);
#4990=PLANE('',#5519);
#4991=PLANE('',#5552);
#4992=PLANE('',#5559);
#4993=PLANE('',#5565);
#4994=PLANE('',#5572);
#4995=PLANE('',#5574);
#4996=PLANE('',#5575);
#4997=PLANE('',#5579);
#4998=PLANE('',#5581);
#4999=PLANE('',#5582);
#5000=PLANE('',#5586);
#5001=PLANE('',#5588);
#5002=PLANE('',#5592);
#5003=PLANE('',#5594);
#5004=PLANE('',#5597);
#5005=PLANE('',#5600);
#5006=PLANE('',#5601);
#5007=PLANE('',#5604);
#5008=PLANE('',#5606);
#5009=PLANE('',#5608);
#5010=PLANE('',#5629);
#5011=PLANE('',#5632);
#5012=PLANE('',#5634);
#5013=PLANE('',#5637);
#5014=PLANE('',#5642);
#5015=PLANE('',#5645);
#5016=PLANE('',#5646);
#5017=PLANE('',#5652);
#5018=PLANE('',#5682);
#5019=PLANE('',#5687);
#5020=PLANE('',#5689);
#5021=PLANE('',#5690);
#5022=PLANE('',#5691);
#5023=PLANE('',#5692);
#5024=PLANE('',#5693);
#5025=PLANE('',#5696);
#5026=PLANE('',#5697);
#5027=PLANE('',#5698);
#5028=PLANE('',#5699);
#5029=PLANE('',#5700);
#5030=PLANE('',#5703);
#5031=PLANE('',#5704);
#5032=PLANE('',#5705);
#5033=PLANE('',#5706);
#5034=PLANE('',#5707);
#5035=PLANE('',#5708);
#5036=PLANE('',#5712);
#5037=PLANE('',#5713);
#5038=PLANE('',#5714);
#5039=PLANE('',#5715);
#5040=PLANE('',#5716);
#5041=PLANE('',#5717);
#5042=PLANE('',#5718);
#5043=PLANE('',#5719);
#5044=PLANE('',#5720);
#5045=PLANE('',#5721);
#5046=PLANE('',#5722);
#5047=PLANE('',#5723);
#5048=PLANE('',#5724);
#5049=PLANE('',#5725);
#5050=PLANE('',#5726);
#5051=PLANE('',#5730);
#5052=PLANE('',#5731);
#5053=PLANE('',#5732);
#5054=PLANE('',#5733);
#5055=PLANE('',#5734);
#5056=PLANE('',#5735);
#5057=PLANE('',#5736);
#5058=PLANE('',#5737);
#5059=PLANE('',#5738);
#5060=PLANE('',#5739);
#5061=PLANE('',#5740);
#5062=PLANE('',#5741);
#5063=PLANE('',#5742);
#5064=PLANE('',#5743);
#5065=PLANE('',#5744);
#5066=PLANE('',#5747);
#5067=PLANE('',#5748);
#5068=PLANE('',#5749);
#5069=PLANE('',#5750);
#5070=PLANE('',#5751);
#5071=PLANE('',#5754);
#5072=PLANE('',#5755);
#5073=PLANE('',#5756);
#5074=PLANE('',#5757);
#5075=PLANE('',#5758);
#5076=PLANE('',#5759);
#5077=PLANE('',#5762);
#5078=PLANE('',#5763);
#5079=PLANE('',#5764);
#5080=PLANE('',#5765);
#5081=PLANE('',#5766);
#5082=PLANE('',#5769);
#5083=PLANE('',#5770);
#5084=PLANE('',#5771);
#5085=PLANE('',#5772);
#5086=PLANE('',#5773);
#5087=PLANE('',#5774);
#5088=PLANE('',#5775);
#5089=PLANE('',#5776);
#5090=PLANE('',#5777);
#5091=PLANE('',#5778);
#5092=PLANE('',#5779);
#5093=PLANE('',#5780);
#5094=PLANE('',#5781);
#5095=PLANE('',#5782);
#5096=PLANE('',#5783);
#5097=PLANE('',#5784);
#5098=PLANE('',#5785);
#5099=PLANE('',#5786);
#5100=PLANE('',#5787);
#5101=PLANE('',#5788);
#5102=PLANE('',#5789);
#5103=PLANE('',#5790);
#5104=PLANE('',#5791);
#5105=PLANE('',#5792);
#5106=PLANE('',#5793);
#5107=PLANE('',#5794);
#5108=PLANE('',#5796);
#5109=PLANE('',#5798);
#5110=PLANE('',#5799);
#5111=PLANE('',#5837);
#5112=PLANE('',#5840);
#5113=PLANE('',#5842);
#5114=PLANE('',#5844);
#5115=PLANE('',#5847);
#5116=PLANE('',#5885);
#5117=PLANE('',#5888);
#5118=PLANE('',#5891);
#5119=PLANE('',#5898);
#5120=PLANE('',#5901);
#5121=PLANE('',#5902);
#5122=ADVANCED_FACE('',(#4655),#4974,.F.);
#5123=ADVANCED_FACE('',(#4656),#4975,.F.);
#5124=ADVANCED_FACE('',(#4657),#4976,.T.);
#5125=ADVANCED_FACE('',(#4658),#4977,.F.);
#5126=ADVANCED_FACE('',(#4659),#4978,.F.);
#5127=ADVANCED_FACE('',(#4660),#4979,.T.);
#5128=ADVANCED_FACE('',(#4661),#4980,.T.);
#5129=ADVANCED_FACE('',(#4662),#4981,.T.);
#5130=ADVANCED_FACE('',(#4663),#4982,.T.);
#5131=ADVANCED_FACE('',(#4664),#4983,.F.);
#5132=ADVANCED_FACE('',(#4665),#4984,.F.);
#5133=ADVANCED_FACE('',(#4666),#100,.F.);
#5134=ADVANCED_FACE('',(#4667),#4985,.F.);
#5135=ADVANCED_FACE('',(#4668),#4986,.T.);
#5136=ADVANCED_FACE('',(#4669),#4987,.T.);
#5137=ADVANCED_FACE('',(#4670),#4988,.F.);
#5138=ADVANCED_FACE('',(#4671),#101,.T.);
#5139=ADVANCED_FACE('',(#4672),#44,.T.);
#5140=ADVANCED_FACE('',(#4673),#45,.T.);
#5141=ADVANCED_FACE('',(#4674,#4675,#4676,#4677,#4678,#4679,#4680,#4681),
#4989,.T.);
#5142=ADVANCED_FACE('',(#4682,#4683),#4990,.F.);
#5143=ADVANCED_FACE('',(#4684),#4991,.T.);
#5144=ADVANCED_FACE('',(#4685),#102,.T.);
#5145=ADVANCED_FACE('',(#4686),#103,.T.);
#5146=ADVANCED_FACE('',(#4687),#4992,.T.);
#5147=ADVANCED_FACE('',(#4688),#4993,.T.);
#5148=ADVANCED_FACE('',(#4689),#104,.F.);
#5149=ADVANCED_FACE('',(#4690),#4994,.T.);
#5150=ADVANCED_FACE('',(#4691),#105,.F.);
#5151=ADVANCED_FACE('',(#4692),#4995,.F.);
#5152=ADVANCED_FACE('',(#4693),#4996,.F.);
#5153=ADVANCED_FACE('',(#4694),#106,.F.);
#5154=ADVANCED_FACE('',(#4695),#4997,.F.);
#5155=ADVANCED_FACE('',(#4696),#4998,.T.);
#5156=ADVANCED_FACE('',(#4697),#4999,.T.);
#5157=ADVANCED_FACE('',(#4698),#107,.F.);
#5158=ADVANCED_FACE('',(#4699),#5000,.T.);
#5159=ADVANCED_FACE('',(#4700),#5001,.T.);
#5160=ADVANCED_FACE('',(#4701),#5002,.T.);
#5161=ADVANCED_FACE('',(#4702),#5003,.T.);
#5162=ADVANCED_FACE('',(#4703),#5004,.F.);
#5163=ADVANCED_FACE('',(#4704),#108,.F.);
#5164=ADVANCED_FACE('',(#4705),#5005,.T.);
#5165=ADVANCED_FACE('',(#4706),#5006,.F.);
#5166=ADVANCED_FACE('',(#4707),#5007,.T.);
#5167=ADVANCED_FACE('',(#4708),#5008,.F.);
#5168=ADVANCED_FACE('',(#4709),#5009,.F.);
#5169=ADVANCED_FACE('',(#4710),#109,.T.);
#5170=ADVANCED_FACE('',(#4711),#110,.T.);
#5171=ADVANCED_FACE('',(#4712),#111,.T.);
#5172=ADVANCED_FACE('',(#4713),#112,.F.);
#5173=ADVANCED_FACE('',(#4714),#113,.F.);
#5174=ADVANCED_FACE('',(#4715),#114,.F.);
#5175=ADVANCED_FACE('',(#4716),#115,.F.);
#5176=ADVANCED_FACE('',(#4717),#116,.T.);
#5177=ADVANCED_FACE('',(#4718),#117,.T.);
#5178=ADVANCED_FACE('',(#4719),#118,.F.);
#5179=ADVANCED_FACE('',(#4720),#119,.F.);
#5180=ADVANCED_FACE('',(#4721),#120,.F.);
#5181=ADVANCED_FACE('',(#4722),#121,.F.);
#5182=ADVANCED_FACE('',(#4723),#122,.T.);
#5183=ADVANCED_FACE('',(#4724),#123,.T.);
#5184=ADVANCED_FACE('',(#4725),#5010,.F.);
#5185=ADVANCED_FACE('',(#4726),#5011,.F.);
#5186=ADVANCED_FACE('',(#4727),#5012,.T.);
#5187=ADVANCED_FACE('',(#4728),#124,.F.);
#5188=ADVANCED_FACE('',(#4729),#125,.T.);
#5189=ADVANCED_FACE('',(#4730),#5013,.F.);
#5190=ADVANCED_FACE('',(#4731),#126,.T.);
#5191=ADVANCED_FACE('',(#4732),#127,.F.);
#5192=ADVANCED_FACE('',(#4733),#128,.T.);
#5193=ADVANCED_FACE('',(#4734),#5014,.F.);
#5194=ADVANCED_FACE('',(#4735),#5015,.F.);
#5195=ADVANCED_FACE('',(#4736),#5016,.T.);
#5196=ADVANCED_FACE('',(#4737),#129,.T.);
#5197=ADVANCED_FACE('',(#4738),#130,.F.);
#5198=ADVANCED_FACE('',(#4739),#131,.T.);
#5199=ADVANCED_FACE('',(#4740),#5017,.T.);
#5200=ADVANCED_FACE('',(#4741),#132,.T.);
#5201=ADVANCED_FACE('',(#4742),#133,.F.);
#5202=ADVANCED_FACE('',(#4743),#46,.F.);
#5203=ADVANCED_FACE('',(#4744),#47,.F.);
#5204=ADVANCED_FACE('',(#4745),#134,.T.);
#5205=ADVANCED_FACE('',(#4746),#20,.T.);
#5206=ADVANCED_FACE('',(#4747),#21,.T.);
#5207=ADVANCED_FACE('',(#4748),#48,.T.);
#5208=ADVANCED_FACE('',(#4749),#135,.T.);
#5209=ADVANCED_FACE('',(#4750),#22,.T.);
#5210=ADVANCED_FACE('',(#4751),#23,.T.);
#5211=ADVANCED_FACE('',(#4752),#49,.T.);
#5212=ADVANCED_FACE('',(#4753),#50,.T.);
#5213=ADVANCED_FACE('',(#4754),#136,.T.);
#5214=ADVANCED_FACE('',(#4755),#51,.T.);
#5215=ADVANCED_FACE('',(#4756),#52,.T.);
#5216=ADVANCED_FACE('',(#4757),#137,.T.);
#5217=ADVANCED_FACE('',(#4758),#53,.T.);
#5218=ADVANCED_FACE('',(#4759),#54,.T.);
#5219=ADVANCED_FACE('',(#4760),#55,.T.);
#5220=ADVANCED_FACE('',(#4761),#138,.F.);
#5221=ADVANCED_FACE('',(#4762),#5018,.F.);
#5222=ADVANCED_FACE('',(#4763),#139,.F.);
#5223=ADVANCED_FACE('',(#4764),#140,.T.);
#5224=ADVANCED_FACE('',(#4765),#5019,.T.);
#5225=ADVANCED_FACE('',(#4766),#5020,.T.);
#5226=ADVANCED_FACE('',(#4767),#5021,.T.);
#5227=ADVANCED_FACE('',(#4768),#5022,.T.);
#5228=ADVANCED_FACE('',(#4769),#5023,.T.);
#5229=ADVANCED_FACE('',(#4770),#5024,.T.);
#5230=ADVANCED_FACE('',(#4771),#141,.F.);
#5231=ADVANCED_FACE('',(#4772),#5025,.T.);
#5232=ADVANCED_FACE('',(#4773),#5026,.T.);
#5233=ADVANCED_FACE('',(#4774),#5027,.T.);
#5234=ADVANCED_FACE('',(#4775),#5028,.T.);
#5235=ADVANCED_FACE('',(#4776),#5029,.T.);
#5236=ADVANCED_FACE('',(#4777),#142,.F.);
#5237=ADVANCED_FACE('',(#4778),#5030,.T.);
#5238=ADVANCED_FACE('',(#4779),#5031,.T.);
#5239=ADVANCED_FACE('',(#4780),#5032,.T.);
#5240=ADVANCED_FACE('',(#4781),#5033,.T.);
#5241=ADVANCED_FACE('',(#4782),#5034,.T.);
#5242=ADVANCED_FACE('',(#4783),#5035,.T.);
#5243=ADVANCED_FACE('',(#4784),#143,.F.);
#5244=ADVANCED_FACE('',(#4785),#5036,.T.);
#5245=ADVANCED_FACE('',(#4786),#5037,.T.);
#5246=ADVANCED_FACE('',(#4787),#5038,.T.);
#5247=ADVANCED_FACE('',(#4788),#5039,.T.);
#5248=ADVANCED_FACE('',(#4789),#5040,.T.);
#5249=ADVANCED_FACE('',(#4790),#5041,.T.);
#5250=ADVANCED_FACE('',(#4791),#5042,.T.);
#5251=ADVANCED_FACE('',(#4792),#5043,.T.);
#5252=ADVANCED_FACE('',(#4793),#5044,.T.);
#5253=ADVANCED_FACE('',(#4794,#4795),#5045,.T.);
#5254=ADVANCED_FACE('',(#4796),#5046,.T.);
#5255=ADVANCED_FACE('',(#4797),#5047,.T.);
#5256=ADVANCED_FACE('',(#4798),#5048,.T.);
#5257=ADVANCED_FACE('',(#4799),#5049,.T.);
#5258=ADVANCED_FACE('',(#4800),#5050,.T.);
#5259=ADVANCED_FACE('',(#4801),#144,.F.);
#5260=ADVANCED_FACE('',(#4802),#5051,.T.);
#5261=ADVANCED_FACE('',(#4803),#5052,.T.);
#5262=ADVANCED_FACE('',(#4804),#5053,.T.);
#5263=ADVANCED_FACE('',(#4805),#5054,.T.);
#5264=ADVANCED_FACE('',(#4806),#5055,.T.);
#5265=ADVANCED_FACE('',(#4807),#5056,.T.);
#5266=ADVANCED_FACE('',(#4808),#5057,.T.);
#5267=ADVANCED_FACE('',(#4809),#5058,.T.);
#5268=ADVANCED_FACE('',(#4810),#5059,.T.);
#5269=ADVANCED_FACE('',(#4811,#4812),#5060,.T.);
#5270=ADVANCED_FACE('',(#4813),#5061,.T.);
#5271=ADVANCED_FACE('',(#4814),#5062,.T.);
#5272=ADVANCED_FACE('',(#4815),#5063,.T.);
#5273=ADVANCED_FACE('',(#4816),#5064,.T.);
#5274=ADVANCED_FACE('',(#4817),#5065,.T.);
#5275=ADVANCED_FACE('',(#4818),#145,.F.);
#5276=ADVANCED_FACE('',(#4819),#5066,.T.);
#5277=ADVANCED_FACE('',(#4820),#5067,.T.);
#5278=ADVANCED_FACE('',(#4821),#5068,.T.);
#5279=ADVANCED_FACE('',(#4822),#5069,.T.);
#5280=ADVANCED_FACE('',(#4823),#5070,.T.);
#5281=ADVANCED_FACE('',(#4824),#146,.F.);
#5282=ADVANCED_FACE('',(#4825),#5071,.T.);
#5283=ADVANCED_FACE('',(#4826),#5072,.T.);
#5284=ADVANCED_FACE('',(#4827),#5073,.T.);
#5285=ADVANCED_FACE('',(#4828),#5074,.T.);
#5286=ADVANCED_FACE('',(#4829),#5075,.T.);
#5287=ADVANCED_FACE('',(#4830),#5076,.T.);
#5288=ADVANCED_FACE('',(#4831),#147,.F.);
#5289=ADVANCED_FACE('',(#4832),#5077,.T.);
#5290=ADVANCED_FACE('',(#4833),#5078,.T.);
#5291=ADVANCED_FACE('',(#4834),#5079,.T.);
#5292=ADVANCED_FACE('',(#4835),#5080,.T.);
#5293=ADVANCED_FACE('',(#4836),#5081,.T.);
#5294=ADVANCED_FACE('',(#4837),#148,.F.);
#5295=ADVANCED_FACE('',(#4838),#5082,.T.);
#5296=ADVANCED_FACE('',(#4839),#5083,.T.);
#5297=ADVANCED_FACE('',(#4840),#5084,.T.);
#5298=ADVANCED_FACE('',(#4841),#5085,.T.);
#5299=ADVANCED_FACE('',(#4842),#5086,.T.);
#5300=ADVANCED_FACE('',(#4843),#5087,.T.);
#5301=ADVANCED_FACE('',(#4844),#5088,.T.);
#5302=ADVANCED_FACE('',(#4845),#5089,.T.);
#5303=ADVANCED_FACE('',(#4846),#5090,.T.);
#5304=ADVANCED_FACE('',(#4847),#5091,.T.);
#5305=ADVANCED_FACE('',(#4848),#5092,.T.);
#5306=ADVANCED_FACE('',(#4849),#5093,.T.);
#5307=ADVANCED_FACE('',(#4850),#5094,.T.);
#5308=ADVANCED_FACE('',(#4851),#5095,.T.);
#5309=ADVANCED_FACE('',(#4852),#5096,.T.);
#5310=ADVANCED_FACE('',(#4853),#5097,.T.);
#5311=ADVANCED_FACE('',(#4854),#5098,.T.);
#5312=ADVANCED_FACE('',(#4855),#5099,.T.);
#5313=ADVANCED_FACE('',(#4856),#5100,.T.);
#5314=ADVANCED_FACE('',(#4857),#5101,.T.);
#5315=ADVANCED_FACE('',(#4858),#5102,.T.);
#5316=ADVANCED_FACE('',(#4859),#5103,.T.);
#5317=ADVANCED_FACE('',(#4860),#5104,.T.);
#5318=ADVANCED_FACE('',(#4861),#5105,.T.);
#5319=ADVANCED_FACE('',(#4862),#5106,.T.);
#5320=ADVANCED_FACE('',(#4863),#5107,.T.);
#5321=ADVANCED_FACE('',(#4864),#5108,.F.);
#5322=ADVANCED_FACE('',(#4865),#5109,.T.);
#5323=ADVANCED_FACE('',(#4866),#5110,.F.);
#5324=ADVANCED_FACE('',(#4867),#56,.T.);
#5325=ADVANCED_FACE('',(#4868),#149,.T.);
#5326=ADVANCED_FACE('',(#4869),#150,.T.);
#5327=ADVANCED_FACE('',(#4870),#24,.T.);
#5328=ADVANCED_FACE('',(#4871),#12,.T.);
#5329=ADVANCED_FACE('',(#4872),#57,.T.);
#5330=ADVANCED_FACE('',(#4873),#151,.T.);
#5331=ADVANCED_FACE('',(#4874),#58,.T.);
#5332=ADVANCED_FACE('',(#4875),#59,.T.);
#5333=ADVANCED_FACE('',(#4876),#25,.T.);
#5334=ADVANCED_FACE('',(#4877),#152,.T.);
#5335=ADVANCED_FACE('',(#4878),#153,.T.);
#5336=ADVANCED_FACE('',(#4879),#13,.T.);
#5337=ADVANCED_FACE('',(#4880),#60,.T.);
#5338=ADVANCED_FACE('',(#4881),#61,.T.);
#5339=ADVANCED_FACE('',(#4882),#154,.T.);
#5340=ADVANCED_FACE('',(#4883),#26,.T.);
#5341=ADVANCED_FACE('',(#4884),#155,.T.);
#5342=ADVANCED_FACE('',(#4885),#27,.T.);
#5343=ADVANCED_FACE('',(#4886),#156,.F.);
#5344=ADVANCED_FACE('',(#4887),#157,.F.);
#5345=ADVANCED_FACE('',(#4888),#5111,.F.);
#5346=ADVANCED_FACE('',(#4889),#5112,.F.);
#5347=ADVANCED_FACE('',(#4890),#5113,.F.);
#5348=ADVANCED_FACE('',(#4891),#5114,.T.);
#5349=ADVANCED_FACE('',(#4892),#5115,.F.);
#5350=ADVANCED_FACE('',(#4893),#158,.T.);
#5351=ADVANCED_FACE('',(#4894),#159,.T.);
#5352=ADVANCED_FACE('',(#4895),#160,.F.);
#5353=ADVANCED_FACE('',(#4896),#161,.F.);
#5354=ADVANCED_FACE('',(#4897),#62,.F.);
#5355=ADVANCED_FACE('',(#4898),#63,.F.);
#5356=ADVANCED_FACE('',(#4899),#14,.F.);
#5357=ADVANCED_FACE('',(#4900),#162,.F.);
#5358=ADVANCED_FACE('',(#4901),#28,.F.);
#5359=ADVANCED_FACE('',(#4902),#29,.F.);
#5360=ADVANCED_FACE('',(#4903),#30,.F.);
#5361=ADVANCED_FACE('',(#4904),#31,.F.);
#5362=ADVANCED_FACE('',(#4905),#32,.F.);
#5363=ADVANCED_FACE('',(#4906),#163,.F.);
#5364=ADVANCED_FACE('',(#4907),#15,.F.);
#5365=ADVANCED_FACE('',(#4908),#33,.F.);
#5366=ADVANCED_FACE('',(#4909),#64,.F.);
#5367=ADVANCED_FACE('',(#4910),#34,.F.);
#5368=ADVANCED_FACE('',(#4911),#35,.F.);
#5369=ADVANCED_FACE('',(#4912),#164,.T.);
#5370=ADVANCED_FACE('',(#4913),#36,.T.);
#5371=ADVANCED_FACE('',(#4914),#165,.T.);
#5372=ADVANCED_FACE('',(#4915),#166,.T.);
#5373=ADVANCED_FACE('',(#4916),#37,.T.);
#5374=ADVANCED_FACE('',(#4917),#167,.T.);
#5375=ADVANCED_FACE('',(#4918),#168,.F.);
#5376=ADVANCED_FACE('',(#4919),#5116,.T.);
#5377=ADVANCED_FACE('',(#4920),#169,.F.);
#5378=ADVANCED_FACE('',(#4921),#5117,.T.);
#5379=ADVANCED_FACE('',(#4922),#5118,.F.);
#5380=ADVANCED_FACE('',(#4923),#170,.F.);
#5381=ADVANCED_FACE('',(#4924),#5119,.F.);
#5382=ADVANCED_FACE('',(#4925),#171,.F.);
#5383=ADVANCED_FACE('',(#4926),#5120,.F.);
#5384=ADVANCED_FACE('',(#4927),#5121,.T.);
#5385=ADVANCED_FACE('',(#4928),#172,.F.);
#5386=ADVANCED_FACE('',(#4929),#65,.T.);
#5387=ADVANCED_FACE('',(#4930),#173,.T.);
#5388=ADVANCED_FACE('',(#4931),#174,.T.);
#5389=ADVANCED_FACE('',(#4932),#16,.T.);
#5390=ADVANCED_FACE('',(#4933),#175,.F.);
#5391=ADVANCED_FACE('',(#4934),#66,.T.);
#5392=ADVANCED_FACE('',(#4935),#176,.T.);
#5393=ADVANCED_FACE('',(#4936),#17,.T.);
#5394=ADVANCED_FACE('',(#4937),#177,.T.);
#5395=ADVANCED_FACE('',(#4938),#178,.T.);
#5396=ADVANCED_FACE('',(#4939),#67,.T.);
#5397=ADVANCED_FACE('',(#4940),#179,.F.);
#5398=ADVANCED_FACE('',(#4941),#180,.F.);
#5399=ADVANCED_FACE('',(#4942),#18,.T.);
#5400=ADVANCED_FACE('',(#4943),#181,.T.);
#5401=ADVANCED_FACE('',(#4944),#182,.T.);
#5402=ADVANCED_FACE('',(#4945),#68,.T.);
#5403=ADVANCED_FACE('',(#4946),#19,.T.);
#5404=ADVANCED_FACE('',(#4947),#183,.T.);
#5405=ADVANCED_FACE('',(#4948),#184,.F.);
#5406=ADVANCED_FACE('',(#4949),#185,.F.);
#5407=ADVANCED_FACE('',(#4950),#38,.F.);
#5408=ADVANCED_FACE('',(#4951),#39,.F.);
#5409=ADVANCED_FACE('',(#4952),#69,.T.);
#5410=ADVANCED_FACE('',(#4953),#40,.T.);
#5411=ADVANCED_FACE('',(#4954),#186,.T.);
#5412=ADVANCED_FACE('',(#4955),#187,.F.);
#5413=ADVANCED_FACE('',(#4956),#41,.F.);
#5414=ADVANCED_FACE('',(#4957),#42,.T.);
#5415=ADVANCED_FACE('',(#4958),#188,.F.);
#5416=ADVANCED_FACE('',(#4959),#189,.T.);
#5417=ADVANCED_FACE('',(#4960),#43,.F.);
#5418=ADVANCED_FACE('',(#4961),#70,.T.);
#5419=ADVANCED_FACE('',(#4962),#190,.F.);
#5420=ADVANCED_FACE('',(#4963),#191,.F.);
#5421=ADVANCED_FACE('',(#4964),#192,.F.);
#5422=ADVANCED_FACE('',(#4965),#193,.F.);
#5423=ADVANCED_FACE('',(#4966),#194,.F.);
#5424=ADVANCED_FACE('',(#4967),#195,.F.);
#5425=ADVANCED_FACE('',(#4968),#196,.F.);
#5426=ADVANCED_FACE('',(#4969),#197,.F.);
#5427=ADVANCED_FACE('',(#4970),#71,.T.);
#5428=ADVANCED_FACE('',(#4971),#72,.T.);
#5429=ADVANCED_FACE('',(#4972),#198,.T.);
#5430=ADVANCED_FACE('',(#4973),#73,.T.);
#5431=CLOSED_SHELL('',(#5122,#5123,#5124,#5125,#5126,#5127,#5128,#5129,
#5130,#5131,#5132,#5133,#5134,#5135,#5136,#5137,#5138,#5139,#5140,#5141,
#5142,#5143,#5144,#5145,#5146,#5147,#5148,#5149,#5150,#5151,#5152,#5153,
#5154,#5155,#5156,#5157,#5158,#5159,#5160,#5161,#5162,#5163,#5164,#5165,
#5166,#5167,#5168,#5169,#5170,#5171,#5172,#5173,#5174,#5175,#5176,#5177,
#5178,#5179,#5180,#5181,#5182,#5183,#5184,#5185,#5186,#5187,#5188,#5189,
#5190,#5191,#5192,#5193,#5194,#5195,#5196,#5197,#5198,#5199,#5200,#5201,
#5202,#5203,#5204,#5205,#5206,#5207,#5208,#5209,#5210,#5211,#5212,#5213,
#5214,#5215,#5216,#5217,#5218,#5219,#5220,#5221,#5222,#5223,#5224,#5225,
#5226,#5227,#5228,#5229,#5230,#5231,#5232,#5233,#5234,#5235,#5236,#5237,
#5238,#5239,#5240,#5241,#5242,#5243,#5244,#5245,#5246,#5247,#5248,#5249,
#5250,#5251,#5252,#5253,#5254,#5255,#5256,#5257,#5258,#5259,#5260,#5261,
#5262,#5263,#5264,#5265,#5266,#5267,#5268,#5269,#5270,#5271,#5272,#5273,
#5274,#5275,#5276,#5277,#5278,#5279,#5280,#5281,#5282,#5283,#5284,#5285,
#5286,#5287,#5288,#5289,#5290,#5291,#5292,#5293,#5294,#5295,#5296,#5297,
#5298,#5299,#5300,#5301,#5302,#5303,#5304,#5305,#5306,#5307,#5308,#5309,
#5310,#5311,#5312,#5313,#5314,#5315,#5316,#5317,#5318,#5319,#5320,#5321,
#5322,#5323,#5324,#5325,#5326,#5327,#5328,#5329,#5330,#5331,#5332,#5333,
#5334,#5335,#5336,#5337,#5338,#5339,#5340,#5341,#5342,#5343,#5344,#5345,
#5346,#5347,#5348,#5349,#5350,#5351,#5352,#5353,#5354,#5355,#5356,#5357,
#5358,#5359,#5360,#5361,#5362,#5363,#5364,#5365,#5366,#5367,#5368,#5369,
#5370,#5371,#5372,#5373,#5374,#5375,#5376,#5377,#5378,#5379,#5380,#5381,
#5382,#5383,#5384,#5385,#5386,#5387,#5388,#5389,#5390,#5391,#5392,#5393,
#5394,#5395,#5396,#5397,#5398,#5399,#5400,#5401,#5402,#5403,#5404,#5405,
#5406,#5407,#5408,#5409,#5410,#5411,#5412,#5413,#5414,#5415,#5416,#5417,
#5418,#5419,#5420,#5421,#5422,#5423,#5424,#5425,#5426,#5427,#5428,#5429,
#5430));
#5432=STYLED_ITEM('',(#5433),#5440);
#5433=PRESENTATION_STYLE_ASSIGNMENT((#5434));
#5434=SURFACE_STYLE_USAGE(.BOTH.,#5435);
#5435=SURFACE_SIDE_STYLE('',(#5436));
#5436=SURFACE_STYLE_FILL_AREA(#5437);
#5437=FILL_AREA_STYLE('',(#5438));
#5438=FILL_AREA_STYLE_COLOUR('',#5439);
#5439=COLOUR_RGB('',0.615686274509804,0.811764705882353,0.929411764705882);
#5440=MANIFOLD_SOLID_BREP('Part 19',#5431);
#5441=SHAPE_DEFINITION_REPRESENTATION(#9777,#5442);
#5442=SHAPE_REPRESENTATION('Part 19',(#5443),#9772);
#5443=AXIS2_PLACEMENT_3D('',#7463,#5963,#5964);
#5444=AXIS2_PLACEMENT_3D('',#7464,#5965,#5966);
#5445=AXIS2_PLACEMENT_3D('',#7465,#5967,#5968);
#5446=AXIS2_PLACEMENT_3D('',#7470,#5970,#5971);
#5447=AXIS2_PLACEMENT_3D('',#7474,#5973,#5974);
#5448=AXIS2_PLACEMENT_3D('',#7476,#5975,#5976);
#5449=AXIS2_PLACEMENT_3D('',#7478,#5977,#5978);
#5450=AXIS2_PLACEMENT_3D('',#7480,#5979,#5980);
#5451=AXIS2_PLACEMENT_3D('',#7481,#5981,#5982);
#5452=AXIS2_PLACEMENT_3D('',#7487,#5985,#5986);
#5453=AXIS2_PLACEMENT_3D('',#7491,#5988,#5989);
#5454=AXIS2_PLACEMENT_3D('',#7493,#5990,#5991);
#5455=AXIS2_PLACEMENT_3D('',#7497,#5993,#5994);
#5456=AXIS2_PLACEMENT_3D('',#7498,#5995,#5996);
#5457=AXIS2_PLACEMENT_3D('',#7501,#5998,#5999);
#5458=AXIS2_PLACEMENT_3D('',#7503,#6000,#6001);
#5459=AXIS2_PLACEMENT_3D('',#7507,#6003,#6004);
#5460=AXIS2_PLACEMENT_3D('',#7525,#6008,#6009);
#5461=AXIS2_PLACEMENT_3D('',#7528,#6011,#6012);
#5462=AXIS2_PLACEMENT_3D('',#7529,#6013,#6014);
#5463=AXIS2_PLACEMENT_3D('',#7534,#6016,#6017);
#5464=AXIS2_PLACEMENT_3D('',#7536,#6018,#6019);
#5465=AXIS2_PLACEMENT_3D('',#7538,#6020,#6021);
#5466=AXIS2_PLACEMENT_3D('',#7540,#6022,#6023);
#5467=AXIS2_PLACEMENT_3D('',#7543,#6025,#6026);
#5468=AXIS2_PLACEMENT_3D('',#7552,#6031,#6032);
#5469=AXIS2_PLACEMENT_3D('',#7558,#6036,#6037);
#5470=AXIS2_PLACEMENT_3D('',#7564,#6041,#6042);
#5471=AXIS2_PLACEMENT_3D('',#7570,#6045,#6046);
#5472=AXIS2_PLACEMENT_3D('',#7573,#6048,#6049);
#5473=AXIS2_PLACEMENT_3D('',#7577,#6052,#6053);
#5474=AXIS2_PLACEMENT_3D('',#7595,#6057,#6058);
#5475=AXIS2_PLACEMENT_3D('',#7599,#6060,#6061);
#5476=AXIS2_PLACEMENT_3D('',#7601,#6062,#6063);
#5477=AXIS2_PLACEMENT_3D('',#7602,#6064,#6065);
#5478=AXIS2_PLACEMENT_3D('',#7603,#6066,#6067);
#5479=AXIS2_PLACEMENT_3D('',#7606,#6068,#6069);
#5480=AXIS2_PLACEMENT_3D('',#7608,#6070,#6071);
#5481=AXIS2_PLACEMENT_3D('',#7611,#6073,#6074);
#5482=AXIS2_PLACEMENT_3D('',#7612,#6075,#6076);
#5483=AXIS2_PLACEMENT_3D('',#7627,#6083,#6084);
#5484=AXIS2_PLACEMENT_3D('',#7628,#6085,#6086);
#5485=AXIS2_PLACEMENT_3D('',#7629,#6087,#6088);
#5486=AXIS2_PLACEMENT_3D('',#7653,#6090,#6091);
#5487=AXIS2_PLACEMENT_3D('',#7657,#6093,#6094);
#5488=AXIS2_PLACEMENT_3D('',#7659,#6095,#6096);
#5489=AXIS2_PLACEMENT_3D('',#7667,#6098,#6099);
#5490=AXIS2_PLACEMENT_3D('',#7668,#6100,#6101);
#5491=AXIS2_PLACEMENT_3D('',#7676,#6105,#6106);
#5492=AXIS2_PLACEMENT_3D('',#7684,#6110,#6111);
#5493=AXIS2_PLACEMENT_3D('',#7686,#6112,#6113);
#5494=AXIS2_PLACEMENT_3D('',#7691,#6116,#6117);
#5495=AXIS2_PLACEMENT_3D('',#7697,#6120,#6121);
#5496=AXIS2_PLACEMENT_3D('',#7699,#6122,#6123);
#5497=AXIS2_PLACEMENT_3D('',#7708,#6128,#6129);
#5498=AXIS2_PLACEMENT_3D('',#7709,#6130,#6131);
#5499=AXIS2_PLACEMENT_3D('',#7718,#6133,#6134);
#5500=AXIS2_PLACEMENT_3D('',#7719,#6135,#6136);
#5501=AXIS2_PLACEMENT_3D('',#7726,#6137,#6138);
#5502=AXIS2_PLACEMENT_3D('',#7728,#6139,#6140);
#5503=AXIS2_PLACEMENT_3D('',#7729,#6141,#6142);
#5504=AXIS2_PLACEMENT_3D('',#7730,#6143,#6144);
#5505=AXIS2_PLACEMENT_3D('',#7733,#6145,#6146);
#5506=AXIS2_PLACEMENT_3D('',#7740,#6147,#6148);
#5507=AXIS2_PLACEMENT_3D('',#7741,#6149,#6150);
#5508=AXIS2_PLACEMENT_3D('',#7750,#6155,#6156);
#5509=AXIS2_PLACEMENT_3D('',#7762,#6162,#6163);
#5510=AXIS2_PLACEMENT_3D('',#7769,#6167,#6168);
#5511=AXIS2_PLACEMENT_3D('',#7771,#6169,#6170);
#5512=AXIS2_PLACEMENT_3D('',#7775,#6172,#6173);
#5513=AXIS2_PLACEMENT_3D('',#7797,#6184,#6185);
#5514=AXIS2_PLACEMENT_3D('',#7809,#6191,#6192);
#5515=AXIS2_PLACEMENT_3D('',#7837,#6206,#6207);
#5516=AXIS2_PLACEMENT_3D('',#7849,#6213,#6214);
#5517=AXIS2_PLACEMENT_3D('',#7861,#6220,#6221);
#5518=AXIS2_PLACEMENT_3D('',#7873,#6227,#6228);
#5519=AXIS2_PLACEMENT_3D('',#7920,#6252,#6253);
#5520=AXIS2_PLACEMENT_3D('',#7924,#6255,#6256);
#5521=AXIS2_PLACEMENT_3D('',#7930,#6259,#6260);
#5522=AXIS2_PLACEMENT_3D('',#7932,#6261,#6262);
#5523=AXIS2_PLACEMENT_3D('',#7936,#6264,#6265);
#5524=AXIS2_PLACEMENT_3D('',#7938,#6266,#6267);
#5525=AXIS2_PLACEMENT_3D('',#7940,#6268,#6269);
#5526=AXIS2_PLACEMENT_3D('',#7942,#6270,#6271);
#5527=AXIS2_PLACEMENT_3D('',#7944,#6272,#6273);
#5528=AXIS2_PLACEMENT_3D('',#7948,#6275,#6276);
#5529=AXIS2_PLACEMENT_3D('',#7950,#6277,#6278);
#5530=AXIS2_PLACEMENT_3D('',#7952,#6279,#6280);
#5531=AXIS2_PLACEMENT_3D('',#7956,#6282,#6283);
#5532=AXIS2_PLACEMENT_3D('',#7960,#6285,#6286);
#5533=AXIS2_PLACEMENT_3D('',#7964,#6288,#6289);
#5534=AXIS2_PLACEMENT_3D('',#7968,#6291,#6292);
#5535=AXIS2_PLACEMENT_3D('',#7972,#6294,#6295);
#5536=AXIS2_PLACEMENT_3D('',#7974,#6296,#6297);
#5537=AXIS2_PLACEMENT_3D('',#7976,#6298,#6299);
#5538=AXIS2_PLACEMENT_3D('',#7980,#6301,#6302);
#5539=AXIS2_PLACEMENT_3D('',#7982,#6303,#6304);
#5540=AXIS2_PLACEMENT_3D('',#7984,#6305,#6306);
#5541=AXIS2_PLACEMENT_3D('',#7986,#6307,#6308);
#5542=AXIS2_PLACEMENT_3D('',#7988,#6309,#6310);
#5543=AXIS2_PLACEMENT_3D('',#7992,#6312,#6313);
#5544=AXIS2_PLACEMENT_3D('',#7994,#6314,#6315);
#5545=AXIS2_PLACEMENT_3D('',#8000,#6318,#6319);
#5546=AXIS2_PLACEMENT_3D('',#8009,#6321,#6322);
#5547=AXIS2_PLACEMENT_3D('',#8011,#6323,#6324);
#5548=AXIS2_PLACEMENT_3D('',#8015,#6326,#6327);
#5549=AXIS2_PLACEMENT_3D('',#8023,#6329,#6330);
#5550=AXIS2_PLACEMENT_3D('',#8025,#6331,#6332);
#5551=AXIS2_PLACEMENT_3D('',#8027,#6333,#6334);
#5552=AXIS2_PLACEMENT_3D('',#8028,#6335,#6336);
#5553=AXIS2_PLACEMENT_3D('',#8040,#6342,#6343);
#5554=AXIS2_PLACEMENT_3D('',#8042,#6344,#6345);
#5555=AXIS2_PLACEMENT_3D('',#8043,#6346,#6347);
#5556=AXIS2_PLACEMENT_3D('',#8046,#6349,#6350);
#5557=AXIS2_PLACEMENT_3D('',#8049,#6352,#6353);
#5558=AXIS2_PLACEMENT_3D('',#8052,#6355,#6356);
#5559=AXIS2_PLACEMENT_3D('',#8055,#6358,#6359);
#5560=AXIS2_PLACEMENT_3D('',#8061,#6362,#6363);
#5561=AXIS2_PLACEMENT_3D('',#8064,#6365,#6366);
#5562=AXIS2_PLACEMENT_3D('',#8066,#6367,#6368);
#5563=AXIS2_PLACEMENT_3D('',#8068,#6369,#6370);
#5564=AXIS2_PLACEMENT_3D('',#8070,#6371,#6372);
#5565=AXIS2_PLACEMENT_3D('',#8073,#6374,#6375);
#5566=AXIS2_PLACEMENT_3D('',#8074,#6376,#6377);
#5567=AXIS2_PLACEMENT_3D('',#8083,#6381,#6382);
#5568=AXIS2_PLACEMENT_3D('',#8085,#6383,#6384);
#5569=AXIS2_PLACEMENT_3D('',#8086,#6385,#6386);
#5570=AXIS2_PLACEMENT_3D('',#8088,#6387,#6388);
#5571=AXIS2_PLACEMENT_3D('',#8091,#6390,#6391);
#5572=AXIS2_PLACEMENT_3D('',#8094,#6394,#6395);
#5573=AXIS2_PLACEMENT_3D('',#8096,#6397,#6398);
#5574=AXIS2_PLACEMENT_3D('',#8098,#6400,#6401);
#5575=AXIS2_PLACEMENT_3D('',#8101,#6404,#6405);
#5576=AXIS2_PLACEMENT_3D('',#8111,#6407,#6408);
#5577=AXIS2_PLACEMENT_3D('',#8115,#6411,#6412);
#5578=AXIS2_PLACEMENT_3D('',#8118,#6414,#6415);
#5579=AXIS2_PLACEMENT_3D('',#8119,#6416,#6417);
#5580=AXIS2_PLACEMENT_3D('',#8132,#6421,#6422);
#5581=AXIS2_PLACEMENT_3D('',#8133,#6423,#6424);
#5582=AXIS2_PLACEMENT_3D('',#8144,#6431,#6432);
#5583=AXIS2_PLACEMENT_3D('',#8156,#6435,#6436);
#5584=AXIS2_PLACEMENT_3D('',#8158,#6438,#6439);
#5585=AXIS2_PLACEMENT_3D('',#8161,#6441,#6442);
#5586=AXIS2_PLACEMENT_3D('',#8164,#6444,#6445);
#5587=AXIS2_PLACEMENT_3D('',#8175,#6448,#6449);
#5588=AXIS2_PLACEMENT_3D('',#8176,#6450,#6451);
#5589=AXIS2_PLACEMENT_3D('',#8177,#6452,#6453);
#5590=AXIS2_PLACEMENT_3D('',#8180,#6454,#6455);
#5591=AXIS2_PLACEMENT_3D('',#8182,#6456,#6457);
#5592=AXIS2_PLACEMENT_3D('',#8185,#6459,#6460);
#5593=AXIS2_PLACEMENT_3D('',#8188,#6462,#6463);
#5594=AXIS2_PLACEMENT_3D('',#8189,#6464,#6465);
#5595=AXIS2_PLACEMENT_3D('',#8190,#6466,#6467);
#5596=AXIS2_PLACEMENT_3D('',#8191,#6468,#6469);
#5597=AXIS2_PLACEMENT_3D('',#8192,#6470,#6471);
#5598=AXIS2_PLACEMENT_3D('',#8207,#6474,#6475);
#5599=AXIS2_PLACEMENT_3D('',#8218,#6476,#6477);
#5600=AXIS2_PLACEMENT_3D('',#8229,#6478,#6479);
#5601=AXIS2_PLACEMENT_3D('',#8241,#6481,#6482);
#5602=AXIS2_PLACEMENT_3D('',#8242,#6483,#6484);
#5603=AXIS2_PLACEMENT_3D('',#8243,#6485,#6486);
#5604=AXIS2_PLACEMENT_3D('',#8244,#6487,#6488);
#5605=AXIS2_PLACEMENT_3D('',#8245,#6489,#6490);
#5606=AXIS2_PLACEMENT_3D('',#8248,#6492,#6493);
#5607=AXIS2_PLACEMENT_3D('',#8251,#6495,#6496);
#5608=AXIS2_PLACEMENT_3D('',#8252,#6497,#6498);
#5609=AXIS2_PLACEMENT_3D('',#8254,#6500,#6501);
#5610=AXIS2_PLACEMENT_3D('',#8255,#6502,#6503);
#5611=AXIS2_PLACEMENT_3D('',#8261,#6504,#6505);
#5612=AXIS2_PLACEMENT_3D('',#8262,#6506,#6507);
#5613=AXIS2_PLACEMENT_3D('',#8263,#6508,#6509);
#5614=AXIS2_PLACEMENT_3D('',#8264,#6510,#6511);
#5615=AXIS2_PLACEMENT_3D('',#8270,#6512,#6513);
#5616=AXIS2_PLACEMENT_3D('',#8271,#6514,#6515);
#5617=AXIS2_PLACEMENT_3D('',#8277,#6516,#6517);
#5618=AXIS2_PLACEMENT_3D('',#8279,#6519,#6520);
#5619=AXIS2_PLACEMENT_3D('',#8281,#6522,#6523);
#5620=AXIS2_PLACEMENT_3D('',#8289,#6524,#6525);
#5621=AXIS2_PLACEMENT_3D('',#8290,#6526,#6527);
#5622=AXIS2_PLACEMENT_3D('',#8291,#6528,#6529);
#5623=AXIS2_PLACEMENT_3D('',#8299,#6530,#6531);
#5624=AXIS2_PLACEMENT_3D('',#8300,#6532,#6533);
#5625=AXIS2_PLACEMENT_3D('',#8301,#6534,#6535);
#5626=AXIS2_PLACEMENT_3D('',#8302,#6536,#6537);
#5627=AXIS2_PLACEMENT_3D('',#8303,#6538,#6539);
#5628=AXIS2_PLACEMENT_3D('',#8304,#6540,#6541);
#5629=AXIS2_PLACEMENT_3D('',#8305,#6542,#6543);
#5630=AXIS2_PLACEMENT_3D('',#8309,#6545,#6546);
#5631=AXIS2_PLACEMENT_3D('',#8311,#6547,#6548);
#5632=AXIS2_PLACEMENT_3D('',#8314,#6550,#6551);
#5633=AXIS2_PLACEMENT_3D('',#8324,#6555,#6556);
#5634=AXIS2_PLACEMENT_3D('',#8327,#6558,#6559);
#5635=AXIS2_PLACEMENT_3D('',#8329,#6561,#6562);
#5636=AXIS2_PLACEMENT_3D('',#8347,#6565,#6566);
#5637=AXIS2_PLACEMENT_3D('',#8349,#6568,#6569);
#5638=AXIS2_PLACEMENT_3D('',#8351,#6571,#6572);
#5639=AXIS2_PLACEMENT_3D('',#8360,#6575,#6576);
#5640=AXIS2_PLACEMENT_3D('',#8368,#6578,#6579);
#5641=AXIS2_PLACEMENT_3D('',#8369,#6580,#6581);
#5642=AXIS2_PLACEMENT_3D('',#8376,#6583,#6584);
#5643=AXIS2_PLACEMENT_3D('',#8377,#6585,#6586);
#5644=AXIS2_PLACEMENT_3D('',#8380,#6587,#6588);
#5645=AXIS2_PLACEMENT_3D('',#8385,#6591,#6592);
#5646=AXIS2_PLACEMENT_3D('',#8388,#6595,#6596);
#5647=AXIS2_PLACEMENT_3D('',#8391,#6598,#6599);
#5648=AXIS2_PLACEMENT_3D('',#8398,#6601,#6602);
#5649=AXIS2_PLACEMENT_3D('',#8412,#6605,#6606);
#5650=AXIS2_PLACEMENT_3D('',#8414,#6608,#6609);
#5651=AXIS2_PLACEMENT_3D('',#8415,#6610,#6611);
#5652=AXIS2_PLACEMENT_3D('',#8421,#6613,#6614);
#5653=AXIS2_PLACEMENT_3D('',#8423,#6616,#6617);
#5654=AXIS2_PLACEMENT_3D('',#8425,#6619,#6620);
#5655=AXIS2_PLACEMENT_3D('',#8442,#6622,#6623);
#5656=AXIS2_PLACEMENT_3D('',#8443,#6624,#6625);
#5657=AXIS2_PLACEMENT_3D('',#8444,#6626,#6627);
#5658=AXIS2_PLACEMENT_3D('',#8461,#6628,#6629);
#5659=AXIS2_PLACEMENT_3D('',#8494,#6630,#6631);
#5660=AXIS2_PLACEMENT_3D('',#8495,#6632,#6633);
#5661=AXIS2_PLACEMENT_3D('',#8521,#6634,#6635);
#5662=AXIS2_PLACEMENT_3D('',#8545,#6636,#6637);
#5663=AXIS2_PLACEMENT_3D('',#8546,#6638,#6639);
#5664=AXIS2_PLACEMENT_3D('',#8556,#6640,#6641);
#5665=AXIS2_PLACEMENT_3D('',#8557,#6642,#6643);
#5666=AXIS2_PLACEMENT_3D('',#8558,#6644,#6645);
#5667=AXIS2_PLACEMENT_3D('',#8559,#6646,#6647);
#5668=AXIS2_PLACEMENT_3D('',#8565,#6648,#6649);
#5669=AXIS2_PLACEMENT_3D('',#8566,#6650,#6651);
#5670=AXIS2_PLACEMENT_3D('',#8576,#6652,#6653);
#5671=AXIS2_PLACEMENT_3D('',#8577,#6654,#6655);
#5672=AXIS2_PLACEMENT_3D('',#8581,#6657,#6658);
#5673=AXIS2_PLACEMENT_3D('',#8582,#6659,#6660);
#5674=AXIS2_PLACEMENT_3D('',#8583,#6661,#6662);
#5675=AXIS2_PLACEMENT_3D('',#8584,#6663,#6664);
#5676=AXIS2_PLACEMENT_3D('',#8585,#6665,#6666);
#5677=AXIS2_PLACEMENT_3D('',#8587,#6667,#6668);
#5678=AXIS2_PLACEMENT_3D('',#8588,#6669,#6670);
#5679=AXIS2_PLACEMENT_3D('',#8594,#6671,#6672);
#5680=AXIS2_PLACEMENT_3D('',#8595,#6673,#6674);
#5681=AXIS2_PLACEMENT_3D('',#8598,#6676,#6677);
#5682=AXIS2_PLACEMENT_3D('',#8601,#6679,#6680);
#5683=AXIS2_PLACEMENT_3D('',#8605,#6683,#6684);
#5684=AXIS2_PLACEMENT_3D('',#8608,#6686,#6687);
#5685=AXIS2_PLACEMENT_3D('',#8609,#6688,#6689);
#5686=AXIS2_PLACEMENT_3D('',#8610,#6690,#6691);
#5687=AXIS2_PLACEMENT_3D('',#8611,#6692,#6693);
#5688=AXIS2_PLACEMENT_3D('',#8612,#6694,#6695);
#5689=AXIS2_PLACEMENT_3D('',#8616,#6697,#6698);
#5690=AXIS2_PLACEMENT_3D('',#8622,#6702,#6703);
#5691=AXIS2_PLACEMENT_3D('',#8626,#6706,#6707);
#5692=AXIS2_PLACEMENT_3D('',#8630,#6710,#6711);
#5693=AXIS2_PLACEMENT_3D('',#8634,#6714,#6715);
#5694=AXIS2_PLACEMENT_3D('',#8638,#6718,#6719);
#5695=AXIS2_PLACEMENT_3D('',#8641,#6721,#6722);
#5696=AXIS2_PLACEMENT_3D('',#8642,#6723,#6724);
#5697=AXIS2_PLACEMENT_3D('',#8646,#6727,#6728);
#5698=AXIS2_PLACEMENT_3D('',#8650,#6731,#6732);
#5699=AXIS2_PLACEMENT_3D('',#8654,#6735,#6736);
#5700=AXIS2_PLACEMENT_3D('',#8658,#6739,#6740);
#5701=AXIS2_PLACEMENT_3D('',#8662,#6743,#6744);
#5702=AXIS2_PLACEMENT_3D('',#8663,#6745,#6746);
#5703=AXIS2_PLACEMENT_3D('',#8664,#6747,#6748);
#5704=AXIS2_PLACEMENT_3D('',#8665,#6749,#6750);
#5705=AXIS2_PLACEMENT_3D('',#8674,#6755,#6756);
#5706=AXIS2_PLACEMENT_3D('',#8680,#6760,#6761);
#5707=AXIS2_PLACEMENT_3D('',#8686,#6765,#6766);
#5708=AXIS2_PLACEMENT_3D('',#8692,#6770,#6771);
#5709=AXIS2_PLACEMENT_3D('',#8698,#6775,#6776);
#5710=AXIS2_PLACEMENT_3D('',#8699,#6777,#6778);
#5711=AXIS2_PLACEMENT_3D('',#8703,#6780,#6781);
#5712=AXIS2_PLACEMENT_3D('',#8704,#6782,#6783);
#5713=AXIS2_PLACEMENT_3D('',#8710,#6787,#6788);
#5714=AXIS2_PLACEMENT_3D('',#8714,#6791,#6792);
#5715=AXIS2_PLACEMENT_3D('',#8718,#6795,#6796);
#5716=AXIS2_PLACEMENT_3D('',#8722,#6799,#6800);
#5717=AXIS2_PLACEMENT_3D('',#8726,#6803,#6804);
#5718=AXIS2_PLACEMENT_3D('',#8730,#6807,#6808);
#5719=AXIS2_PLACEMENT_3D('',#8734,#6811,#6812);
#5720=AXIS2_PLACEMENT_3D('',#8736,#6814,#6815);
#5721=AXIS2_PLACEMENT_3D('',#8739,#6818,#6819);
#5722=AXIS2_PLACEMENT_3D('',#8740,#6820,#6821);
#5723=AXIS2_PLACEMENT_3D('',#8749,#6826,#6827);
#5724=AXIS2_PLACEMENT_3D('',#8755,#6831,#6832);
#5725=AXIS2_PLACEMENT_3D('',#8761,#6836,#6837);
#5726=AXIS2_PLACEMENT_3D('',#8767,#6841,#6842);
#5727=AXIS2_PLACEMENT_3D('',#8773,#6846,#6847);
#5728=AXIS2_PLACEMENT_3D('',#8774,#6848,#6849);
#5729=AXIS2_PLACEMENT_3D('',#8778,#6851,#6852);
#5730=AXIS2_PLACEMENT_3D('',#8779,#6853,#6854);
#5731=AXIS2_PLACEMENT_3D('',#8785,#6858,#6859);
#5732=AXIS2_PLACEMENT_3D('',#8789,#6862,#6863);
#5733=AXIS2_PLACEMENT_3D('',#8793,#6866,#6867);
#5734=AXIS2_PLACEMENT_3D('',#8797,#6870,#6871);
#5735=AXIS2_PLACEMENT_3D('',#8801,#6874,#6875);
#5736=AXIS2_PLACEMENT_3D('',#8805,#6878,#6879);
#5737=AXIS2_PLACEMENT_3D('',#8809,#6882,#6883);
#5738=AXIS2_PLACEMENT_3D('',#8811,#6885,#6886);
#5739=AXIS2_PLACEMENT_3D('',#8814,#6889,#6890);
#5740=AXIS2_PLACEMENT_3D('',#8815,#6891,#6892);
#5741=AXIS2_PLACEMENT_3D('',#8821,#6896,#6897);
#5742=AXIS2_PLACEMENT_3D('',#8825,#6900,#6901);
#5743=AXIS2_PLACEMENT_3D('',#8829,#6904,#6905);
#5744=AXIS2_PLACEMENT_3D('',#8833,#6908,#6909);
#5745=AXIS2_PLACEMENT_3D('',#8837,#6912,#6913);
#5746=AXIS2_PLACEMENT_3D('',#8840,#6915,#6916);
#5747=AXIS2_PLACEMENT_3D('',#8841,#6917,#6918);
#5748=AXIS2_PLACEMENT_3D('',#8845,#6921,#6922);
#5749=AXIS2_PLACEMENT_3D('',#8849,#6925,#6926);
#5750=AXIS2_PLACEMENT_3D('',#8853,#6929,#6930);
#5751=AXIS2_PLACEMENT_3D('',#8857,#6933,#6934);
#5752=AXIS2_PLACEMENT_3D('',#8861,#6937,#6938);
#5753=AXIS2_PLACEMENT_3D('',#8862,#6939,#6940);
#5754=AXIS2_PLACEMENT_3D('',#8863,#6941,#6942);
#5755=AXIS2_PLACEMENT_3D('',#8864,#6943,#6944);
#5756=AXIS2_PLACEMENT_3D('',#8870,#6948,#6949);
#5757=AXIS2_PLACEMENT_3D('',#8874,#6952,#6953);
#5758=AXIS2_PLACEMENT_3D('',#8878,#6956,#6957);
#5759=AXIS2_PLACEMENT_3D('',#8882,#6960,#6961);
#5760=AXIS2_PLACEMENT_3D('',#8886,#6964,#6965);
#5761=AXIS2_PLACEMENT_3D('',#8889,#6967,#6968);
#5762=AXIS2_PLACEMENT_3D('',#8890,#6969,#6970);
#5763=AXIS2_PLACEMENT_3D('',#8894,#6973,#6974);
#5764=AXIS2_PLACEMENT_3D('',#8898,#6977,#6978);
#5765=AXIS2_PLACEMENT_3D('',#8902,#6981,#6982);
#5766=AXIS2_PLACEMENT_3D('',#8906,#6985,#6986);
#5767=AXIS2_PLACEMENT_3D('',#8910,#6989,#6990);
#5768=AXIS2_PLACEMENT_3D('',#8911,#6991,#6992);
#5769=AXIS2_PLACEMENT_3D('',#8912,#6993,#6994);
#5770=AXIS2_PLACEMENT_3D('',#8913,#6995,#6996);
#5771=AXIS2_PLACEMENT_3D('',#8919,#7000,#7001);
#5772=AXIS2_PLACEMENT_3D('',#8923,#7004,#7005);
#5773=AXIS2_PLACEMENT_3D('',#8927,#7008,#7009);
#5774=AXIS2_PLACEMENT_3D('',#8931,#7012,#7013);
#5775=AXIS2_PLACEMENT_3D('',#8935,#7016,#7017);
#5776=AXIS2_PLACEMENT_3D('',#8939,#7020,#7021);
#5777=AXIS2_PLACEMENT_3D('',#8943,#7024,#7025);
#5778=AXIS2_PLACEMENT_3D('',#8947,#7028,#7029);
#5779=AXIS2_PLACEMENT_3D('',#8951,#7032,#7033);
#5780=AXIS2_PLACEMENT_3D('',#8955,#7036,#7037);
#5781=AXIS2_PLACEMENT_3D('',#8959,#7040,#7041);
#5782=AXIS2_PLACEMENT_3D('',#8961,#7043,#7044);
#5783=AXIS2_PLACEMENT_3D('',#8962,#7045,#7046);
#5784=AXIS2_PLACEMENT_3D('',#8968,#7050,#7051);
#5785=AXIS2_PLACEMENT_3D('',#8972,#7054,#7055);
#5786=AXIS2_PLACEMENT_3D('',#8976,#7058,#7059);
#5787=AXIS2_PLACEMENT_3D('',#8980,#7062,#7063);
#5788=AXIS2_PLACEMENT_3D('',#8984,#7066,#7067);
#5789=AXIS2_PLACEMENT_3D('',#8988,#7070,#7071);
#5790=AXIS2_PLACEMENT_3D('',#8992,#7074,#7075);
#5791=AXIS2_PLACEMENT_3D('',#8994,#7077,#7078);
#5792=AXIS2_PLACEMENT_3D('',#8995,#7079,#7080);
#5793=AXIS2_PLACEMENT_3D('',#8996,#7081,#7082);
#5794=AXIS2_PLACEMENT_3D('',#8997,#7083,#7084);
#5795=AXIS2_PLACEMENT_3D('',#9001,#7086,#7087);
#5796=AXIS2_PLACEMENT_3D('',#9009,#7089,#7090);
#5797=AXIS2_PLACEMENT_3D('',#9013,#7092,#7093);
#5798=AXIS2_PLACEMENT_3D('',#9021,#7095,#7096);
#5799=AXIS2_PLACEMENT_3D('',#9031,#7099,#7100);
#5800=AXIS2_PLACEMENT_3D('',#9041,#7103,#7104);
#5801=AXIS2_PLACEMENT_3D('',#9042,#7105,#7106);
#5802=AXIS2_PLACEMENT_3D('',#9049,#7107,#7108);
#5803=AXIS2_PLACEMENT_3D('',#9050,#7109,#7110);
#5804=AXIS2_PLACEMENT_3D('',#9051,#7111,#7112);
#5805=AXIS2_PLACEMENT_3D('',#9052,#7113,#7114);
#5806=AXIS2_PLACEMENT_3D('',#9065,#7115,#7116);
#5807=AXIS2_PLACEMENT_3D('',#9066,#7117,#7118);
#5808=AXIS2_PLACEMENT_3D('',#9067,#7119,#7120);
#5809=AXIS2_PLACEMENT_3D('',#9068,#7121,#7122);
#5810=AXIS2_PLACEMENT_3D('',#9069,#7123,#7124);
#5811=AXIS2_PLACEMENT_3D('',#9070,#7125,#7126);
#5812=AXIS2_PLACEMENT_3D('',#9071,#7127,#7128);
#5813=AXIS2_PLACEMENT_3D('',#9078,#7129,#7130);
#5814=AXIS2_PLACEMENT_3D('',#9079,#7131,#7132);
#5815=AXIS2_PLACEMENT_3D('',#9080,#7133,#7134);
#5816=AXIS2_PLACEMENT_3D('',#9090,#7135,#7136);
#5817=AXIS2_PLACEMENT_3D('',#9103,#7137,#7138);
#5818=AXIS2_PLACEMENT_3D('',#9104,#7139,#7140);
#5819=AXIS2_PLACEMENT_3D('',#9105,#7141,#7142);
#5820=AXIS2_PLACEMENT_3D('',#9106,#7143,#7144);
#5821=AXIS2_PLACEMENT_3D('',#9107,#7145,#7146);
#5822=AXIS2_PLACEMENT_3D('',#9108,#7147,#7148);
#5823=AXIS2_PLACEMENT_3D('',#9109,#7149,#7150);
#5824=AXIS2_PLACEMENT_3D('',#9110,#7151,#7152);
#5825=AXIS2_PLACEMENT_3D('',#9120,#7153,#7154);
#5826=AXIS2_PLACEMENT_3D('',#9121,#7155,#7156);
#5827=AXIS2_PLACEMENT_3D('',#9122,#7157,#7158);
#5828=AXIS2_PLACEMENT_3D('',#9123,#7159,#7160);
#5829=AXIS2_PLACEMENT_3D('',#9124,#7161,#7162);
#5830=AXIS2_PLACEMENT_3D('',#9140,#7163,#7164);
#5831=AXIS2_PLACEMENT_3D('',#9141,#7165,#7166);
#5832=AXIS2_PLACEMENT_3D('',#9142,#7167,#7168);
#5833=AXIS2_PLACEMENT_3D('',#9158,#7169,#7170);
#5834=AXIS2_PLACEMENT_3D('',#9159,#7171,#7172);
#5835=AXIS2_PLACEMENT_3D('',#9160,#7173,#7174);
#5836=AXIS2_PLACEMENT_3D('',#9161,#7175,#7176);
#5837=AXIS2_PLACEMENT_3D('',#9162,#7177,#7178);
#5838=AXIS2_PLACEMENT_3D('',#9163,#7179,#7180);
#5839=AXIS2_PLACEMENT_3D('',#9166,#7181,#7182);
#5840=AXIS2_PLACEMENT_3D('',#9173,#7184,#7185);
#5841=AXIS2_PLACEMENT_3D('',#9177,#7187,#7188);
#5842=AXIS2_PLACEMENT_3D('',#9178,#7189,#7190);
#5843=AXIS2_PLACEMENT_3D('',#9182,#7192,#7193);
#5844=AXIS2_PLACEMENT_3D('',#9183,#7194,#7195);
#5845=AXIS2_PLACEMENT_3D('',#9184,#7196,#7197);
#5846=AXIS2_PLACEMENT_3D('',#9187,#7198,#7199);
#5847=AXIS2_PLACEMENT_3D('',#9194,#7201,#7202);
#5848=AXIS2_PLACEMENT_3D('',#9197,#7204,#7205);
#5849=AXIS2_PLACEMENT_3D('',#9199,#7206,#7207);
#5850=AXIS2_PLACEMENT_3D('',#9205,#7208,#7209);
#5851=AXIS2_PLACEMENT_3D('',#9225,#7211,#7212);
#5852=AXIS2_PLACEMENT_3D('',#9245,#7214,#7215);
#5853=AXIS2_PLACEMENT_3D('',#9246,#7216,#7217);
#5854=AXIS2_PLACEMENT_3D('',#9250,#7219,#7220);
#5855=AXIS2_PLACEMENT_3D('',#9251,#7221,#7222);
#5856=AXIS2_PLACEMENT_3D('',#9252,#7223,#7224);
#5857=AXIS2_PLACEMENT_3D('',#9256,#7226,#7227);
#5858=AXIS2_PLACEMENT_3D('',#9257,#7228,#7229);
#5859=AXIS2_PLACEMENT_3D('',#9258,#7230,#7231);
#5860=AXIS2_PLACEMENT_3D('',#9259,#7232,#7233);
#5861=AXIS2_PLACEMENT_3D('',#9260,#7234,#7235);
#5862=AXIS2_PLACEMENT_3D('',#9261,#7236,#7237);
#5863=AXIS2_PLACEMENT_3D('',#9262,#7238,#7239);
#5864=AXIS2_PLACEMENT_3D('',#9263,#7240,#7241);
#5865=AXIS2_PLACEMENT_3D('',#9292,#7242,#7243);
#5866=AXIS2_PLACEMENT_3D('',#9325,#7244,#7245);
#5867=AXIS2_PLACEMENT_3D('',#9338,#7246,#7247);
#5868=AXIS2_PLACEMENT_3D('',#9339,#7248,#7249);
#5869=AXIS2_PLACEMENT_3D('',#9340,#7250,#7251);
#5870=AXIS2_PLACEMENT_3D('',#9341,#7252,#7253);
#5871=AXIS2_PLACEMENT_3D('',#9342,#7254,#7255);
#5872=AXIS2_PLACEMENT_3D('',#9355,#7256,#7257);
#5873=AXIS2_PLACEMENT_3D('',#9356,#7258,#7259);
#5874=AXIS2_PLACEMENT_3D('',#9357,#7260,#7261);
#5875=AXIS2_PLACEMENT_3D('',#9386,#7262,#7263);
#5876=AXIS2_PLACEMENT_3D('',#9387,#7264,#7265);
#5877=AXIS2_PLACEMENT_3D('',#9406,#7266,#7267);
#5878=AXIS2_PLACEMENT_3D('',#9407,#7268,#7269);
#5879=AXIS2_PLACEMENT_3D('',#9408,#7270,#7271);
#5880=AXIS2_PLACEMENT_3D('',#9409,#7272,#7273);
#5881=AXIS2_PLACEMENT_3D('',#9428,#7274,#7275);
#5882=AXIS2_PLACEMENT_3D('',#9429,#7276,#7277);
#5883=AXIS2_PLACEMENT_3D('',#9430,#7278,#7279);
#5884=AXIS2_PLACEMENT_3D('',#9433,#7281,#7282);
#5885=AXIS2_PLACEMENT_3D('',#9434,#7283,#7284);
#5886=AXIS2_PLACEMENT_3D('',#9440,#7288,#7289);
#5887=AXIS2_PLACEMENT_3D('',#9441,#7290,#7291);
#5888=AXIS2_PLACEMENT_3D('',#9451,#7294,#7295);
#5889=AXIS2_PLACEMENT_3D('',#9452,#7296,#7297);
#5890=AXIS2_PLACEMENT_3D('',#9457,#7299,#7300);
#5891=AXIS2_PLACEMENT_3D('',#9460,#7302,#7303);
#5892=AXIS2_PLACEMENT_3D('',#9461,#7304,#7305);
#5893=AXIS2_PLACEMENT_3D('',#9464,#7307,#7308);
#5894=AXIS2_PLACEMENT_3D('',#9468,#7310,#7311);
#5895=AXIS2_PLACEMENT_3D('',#9470,#7312,#7313);
#5896=AXIS2_PLACEMENT_3D('',#9471,#7314,#7315);
#5897=AXIS2_PLACEMENT_3D('',#9472,#7316,#7317);
#5898=AXIS2_PLACEMENT_3D('',#9477,#7320,#7321);
#5899=AXIS2_PLACEMENT_3D('',#9481,#7324,#7325);
#5900=AXIS2_PLACEMENT_3D('',#9484,#7327,#7328);
#5901=AXIS2_PLACEMENT_3D('',#9492,#7330,#7331);
#5902=AXIS2_PLACEMENT_3D('',#9498,#7335,#7336);
#5903=AXIS2_PLACEMENT_3D('',#9499,#7337,#7338);
#5904=AXIS2_PLACEMENT_3D('',#9504,#7340,#7341);
#5905=AXIS2_PLACEMENT_3D('',#9507,#7343,#7344);
#5906=AXIS2_PLACEMENT_3D('',#9517,#7346,#7347);
#5907=AXIS2_PLACEMENT_3D('',#9518,#7348,#7349);
#5908=AXIS2_PLACEMENT_3D('',#9523,#7350,#7351);
#5909=AXIS2_PLACEMENT_3D('',#9524,#7352,#7353);
#5910=AXIS2_PLACEMENT_3D('',#9525,#7354,#7355);
#5911=AXIS2_PLACEMENT_3D('',#9530,#7356,#7357);
#5912=AXIS2_PLACEMENT_3D('',#9531,#7358,#7359);
#5913=AXIS2_PLACEMENT_3D('',#9532,#7360,#7361);
#5914=AXIS2_PLACEMENT_3D('',#9544,#7363,#7364);
#5915=AXIS2_PLACEMENT_3D('',#9545,#7365,#7366);
#5916=AXIS2_PLACEMENT_3D('',#9546,#7367,#7368);
#5917=AXIS2_PLACEMENT_3D('',#9547,#7369,#7370);
#5918=AXIS2_PLACEMENT_3D('',#9548,#7371,#7372);
#5919=AXIS2_PLACEMENT_3D('',#9549,#7373,#7374);
#5920=AXIS2_PLACEMENT_3D('',#9550,#7375,#7376);
#5921=AXIS2_PLACEMENT_3D('',#9551,#7377,#7378);
#5922=AXIS2_PLACEMENT_3D('',#9552,#7379,#7380);
#5923=AXIS2_PLACEMENT_3D('',#9553,#7381,#7382);
#5924=AXIS2_PLACEMENT_3D('',#9558,#7383,#7384);
#5925=AXIS2_PLACEMENT_3D('',#9559,#7385,#7386);
#5926=AXIS2_PLACEMENT_3D('',#9569,#7388,#7389);
#5927=AXIS2_PLACEMENT_3D('',#9581,#7391,#7392);
#5928=AXIS2_PLACEMENT_3D('',#9582,#7393,#7394);
#5929=AXIS2_PLACEMENT_3D('',#9583,#7395,#7396);
#5930=AXIS2_PLACEMENT_3D('',#9588,#7397,#7398);
#5931=AXIS2_PLACEMENT_3D('',#9589,#7399,#7400);
#5932=AXIS2_PLACEMENT_3D('',#9590,#7401,#7402);
#5933=AXIS2_PLACEMENT_3D('',#9591,#7403,#7404);
#5934=AXIS2_PLACEMENT_3D('',#9592,#7405,#7406);
#5935=AXIS2_PLACEMENT_3D('',#9593,#7407,#7408);
#5936=AXIS2_PLACEMENT_3D('',#9594,#7409,#7410);
#5937=AXIS2_PLACEMENT_3D('',#9595,#7411,#7412);
#5938=AXIS2_PLACEMENT_3D('',#9596,#7413,#7414);
#5939=AXIS2_PLACEMENT_3D('',#9597,#7415,#7416);
#5940=AXIS2_PLACEMENT_3D('',#9598,#7417,#7418);
#5941=AXIS2_PLACEMENT_3D('',#9637,#7419,#7420);
#5942=AXIS2_PLACEMENT_3D('',#9661,#7421,#7422);
#5943=AXIS2_PLACEMENT_3D('',#9662,#7423,#7424);
#5944=AXIS2_PLACEMENT_3D('',#9663,#7425,#7426);
#5945=AXIS2_PLACEMENT_3D('',#9702,#7427,#7428);
#5946=AXIS2_PLACEMENT_3D('',#9703,#7429,#7430);
#5947=AXIS2_PLACEMENT_3D('',#9704,#7431,#7432);
#5948=AXIS2_PLACEMENT_3D('',#9728,#7433,#7434);
#5949=AXIS2_PLACEMENT_3D('',#9729,#7435,#7436);
#5950=AXIS2_PLACEMENT_3D('',#9730,#7437,#7438);
#5951=AXIS2_PLACEMENT_3D('',#9731,#7439,#7440);
#5952=AXIS2_PLACEMENT_3D('',#9732,#7441,#7442);
#5953=AXIS2_PLACEMENT_3D('',#9733,#7443,#7444);
#5954=AXIS2_PLACEMENT_3D('',#9734,#7445,#7446);
#5955=AXIS2_PLACEMENT_3D('',#9735,#7447,#7448);
#5956=AXIS2_PLACEMENT_3D('',#9736,#7449,#7450);
#5957=AXIS2_PLACEMENT_3D('',#9737,#7451,#7452);
#5958=AXIS2_PLACEMENT_3D('',#9738,#7453,#7454);
#5959=AXIS2_PLACEMENT_3D('',#9749,#7455,#7456);
#5960=AXIS2_PLACEMENT_3D('',#9768,#7457,#7458);
#5961=AXIS2_PLACEMENT_3D('',#9769,#7459,#7460);
#5962=AXIS2_PLACEMENT_3D('',#9770,#7461,#7462);
#5963=DIRECTION('',(0.,0.,1.));
#5964=DIRECTION('',(1.,0.,0.));
#5965=DIRECTION('',(0.,0.,1.));
#5966=DIRECTION('',(1.,0.,0.));
#5967=DIRECTION('',(0.,0.,-1.));
#5968=DIRECTION('',(1.,0.,0.));
#5969=DIRECTION('',(0.,1.,0.));
#5970=DIRECTION('',(0.,0.,1.));
#5971=DIRECTION('',(1.,0.,0.));
#5972=DIRECTION('',(0.,1.,0.));
#5973=DIRECTION('',(0.,0.,1.));
#5974=DIRECTION('',(1.,0.,0.));
#5975=DIRECTION('',(0.,0.,-1.));
#5976=DIRECTION('',(1.,0.,0.));
#5977=DIRECTION('',(0.,0.,1.));
#5978=DIRECTION('',(1.,0.,0.));
#5979=DIRECTION('',(0.,0.,-1.));
#5980=DIRECTION('',(1.,0.,0.));
#5981=DIRECTION('',(0.,0.,1.));
#5982=DIRECTION('',(1.,0.,0.));
#5983=DIRECTION('',(-0.983124444175023,0.182938042149664,0.));
#5984=DIRECTION('',(0.,-1.,0.));
#5985=DIRECTION('',(0.,0.,1.));
#5986=DIRECTION('',(1.,0.,0.));
#5987=DIRECTION('',(0.,-1.,0.));
#5988=DIRECTION('',(0.,0.,1.));
#5989=DIRECTION('',(1.,0.,0.));
#5990=DIRECTION('',(0.,0.,-1.));
#5991=DIRECTION('',(1.,0.,0.));
#5992=DIRECTION('',(0.,1.,0.));
#5993=DIRECTION('',(0.,0.,1.));
#5994=DIRECTION('',(1.,0.,0.));
#5995=DIRECTION('',(0.,0.,1.));
#5996=DIRECTION('',(1.,0.,0.));
#5997=DIRECTION('',(0.,1.,0.));
#5998=DIRECTION('',(0.,0.,-1.));
#5999=DIRECTION('',(1.,0.,0.));
#6000=DIRECTION('',(0.,0.,-1.));
#6001=DIRECTION('',(1.,0.,0.));
#6002=DIRECTION('',(0.797864635833366,0.602836646933886,0.));
#6003=DIRECTION('',(0.,0.,-1.));
#6004=DIRECTION('',(1.,0.,0.));
#6005=DIRECTION('',(-0.963115485528412,-0.26908838981898,0.));
#6006=DIRECTION('',(-0.269088389818974,0.963115485528414,0.));
#6007=DIRECTION('',(-0.962294285082635,-0.272010494094069,0.));
#6008=DIRECTION('',(0.,0.,-1.));
#6009=DIRECTION('',(1.,0.,0.));
#6010=DIRECTION('',(-0.983124444175023,-0.182938042149664,0.));
#6011=DIRECTION('',(0.,0.,1.));
#6012=DIRECTION('',(1.,0.,0.));
#6013=DIRECTION('',(0.,0.,1.));
#6014=DIRECTION('',(1.,0.,0.));
#6015=DIRECTION('',(0.,-1.,0.));
#6016=DIRECTION('',(0.,0.,1.));
#6017=DIRECTION('',(1.,0.,0.));
#6018=DIRECTION('',(0.,0.,1.));
#6019=DIRECTION('',(1.,0.,0.));
#6020=DIRECTION('',(0.,0.,1.));
#6021=DIRECTION('',(1.,0.,0.));
#6022=DIRECTION('',(0.,0.,1.));
#6023=DIRECTION('',(1.,0.,0.));
#6024=DIRECTION('',(0.,-1.,0.));
#6025=DIRECTION('',(-1.,0.,0.));
#6026=DIRECTION('',(0.,0.,1.));
#6027=DIRECTION('',(0.,1.,0.));
#6028=DIRECTION('',(0.,0.,-1.));
#6029=DIRECTION('',(0.,1.,0.));
#6030=DIRECTION('',(0.,0.,1.));
#6031=DIRECTION('',(-1.,0.,0.));
#6032=DIRECTION('',(0.,0.,1.));
#6033=DIRECTION('',(0.,1.,0.));
#6034=DIRECTION('',(0.,0.,-1.));
#6035=DIRECTION('',(0.,0.,-1.));
#6036=DIRECTION('',(1.,0.,0.));
#6037=DIRECTION('',(0.,0.,-1.));
#6038=DIRECTION('',(0.,-1.,0.));
#6039=DIRECTION('',(0.,0.,1.));
#6040=DIRECTION('',(0.,0.,-1.));
#6041=DIRECTION('',(0.,0.,1.));
#6042=DIRECTION('',(1.,0.,0.));
#6043=DIRECTION('',(-0.983124444175023,0.182938042149664,0.));
#6044=DIRECTION('',(0.,1.,0.));
#6045=DIRECTION('',(0.,0.,1.));
#6046=DIRECTION('',(1.,0.,0.));
#6047=DIRECTION('',(0.,-1.,0.));
#6048=DIRECTION('',(0.,0.,1.));
#6049=DIRECTION('',(1.,0.,0.));
#6050=DIRECTION('',(0.,-1.,0.));
#6051=DIRECTION('',(-0.983124444175023,0.182938042149664,0.));
#6052=DIRECTION('',(0.,0.,1.));
#6053=DIRECTION('',(1.,0.,0.));
#6054=DIRECTION('',(0.962294285082634,-0.272010494094074,0.));
#6055=DIRECTION('',(-0.269088389818974,-0.963115485528414,0.));
#6056=DIRECTION('',(-0.963115485528412,0.26908838981898,0.));
#6057=DIRECTION('',(0.,0.,1.));
#6058=DIRECTION('',(1.,0.,0.));
#6059=DIRECTION('',(0.797864635833371,-0.602836646933879,0.));
#6060=DIRECTION('',(0.,0.,1.));
#6061=DIRECTION('',(1.,0.,0.));
#6062=DIRECTION('',(0.,0.,1.));
#6063=DIRECTION('',(1.,0.,0.));
#6064=DIRECTION('',(0.,0.,-1.));
#6065=DIRECTION('',(1.,0.,0.));
#6066=DIRECTION('',(0.,0.,-1.));
#6067=DIRECTION('',(-1.,0.,0.));
#6068=DIRECTION('',(0.,0.,-1.));
#6069=DIRECTION('',(-1.,0.,0.));
#6070=DIRECTION('',(0.,0.,-1.));
#6071=DIRECTION('',(-1.,0.,0.));
#6072=DIRECTION('',(0.,1.,0.));
#6073=DIRECTION('',(0.,0.,-1.));
#6074=DIRECTION('',(1.,0.,0.));
#6075=DIRECTION('',(0.,0.,-1.));
#6076=DIRECTION('',(-1.,0.,0.));
#6077=DIRECTION('',(0.,1.,0.));
#6078=DIRECTION('',(1.,0.,0.));
#6079=DIRECTION('',(0.857492925712546,-0.514495755427524,0.));
#6080=DIRECTION('',(0.707106781186552,-0.707106781186544,0.));
#6081=DIRECTION('',(0.,1.,0.));
#6082=DIRECTION('',(-1.,0.,0.));
#6083=DIRECTION('',(0.,0.,-1.));
#6084=DIRECTION('',(-1.,0.,0.));
#6085=DIRECTION('',(0.,0.,1.));
#6086=DIRECTION('',(1.,0.,0.));
#6087=DIRECTION('',(0.,0.,-1.));
#6088=DIRECTION('',(-1.,0.,0.));
#6089=DIRECTION('',(0.,0.,1.));
#6090=DIRECTION('',(-0.26908838981898,-0.963115485528412,0.));
#6091=DIRECTION('',(0.963115485528412,-0.26908838981898,0.));
#6092=DIRECTION('',(-0.963115485528412,0.26908838981898,0.));
#6093=DIRECTION('',(-0.26908838981898,-0.963115485528412,0.));
#6094=DIRECTION('',(0.963115485528412,-0.26908838981898,0.));
#6095=DIRECTION('',(-0.26908838981898,-0.963115485528412,0.));
#6096=DIRECTION('',(0.963115485528412,-0.26908838981898,0.));
#6097=DIRECTION('',(0.,0.,-1.));
#6098=DIRECTION('',(0.,0.,1.));
#6099=DIRECTION('',(1.,0.,0.));
#6100=DIRECTION('',(0.,0.,-1.));
#6101=DIRECTION('',(1.,0.,0.));
#6102=DIRECTION('',(0.,-1.,0.));
#6103=DIRECTION('',(-0.983124444175023,-0.182938042149664,0.));
#6104=DIRECTION('',(0.,1.,0.));
#6105=DIRECTION('',(0.,0.,-1.));
#6106=DIRECTION('',(1.,0.,0.));
#6107=DIRECTION('',(0.857492925712546,0.514495755427524,0.));
#6108=DIRECTION('',(0.,1.,0.));
#6109=DIRECTION('',(-1.,0.,0.));
#6110=DIRECTION('',(0.,0.,-1.));
#6111=DIRECTION('',(-1.,0.,0.));
#6112=DIRECTION('',(0.,0.,-1.));
#6113=DIRECTION('',(-1.,0.,0.));
#6114=DIRECTION('',(0.,-1.,0.));
#6115=DIRECTION('',(1.,0.,0.));
#6116=DIRECTION('',(0.,0.,-1.));
#6117=DIRECTION('',(1.,0.,0.));
#6118=DIRECTION('',(1.,0.,0.));
#6119=DIRECTION('',(0.,-1.,0.));
#6120=DIRECTION('',(0.,0.,-1.));
#6121=DIRECTION('',(-1.,0.,0.));
#6122=DIRECTION('',(0.,0.,-1.));
#6123=DIRECTION('',(-1.,0.,0.));
#6124=DIRECTION('',(-1.,0.,0.));
#6125=DIRECTION('',(0.,-1.,0.));
#6126=DIRECTION('',(-0.707106781186552,-0.707106781186544,0.));
#6127=DIRECTION('',(0.857492925712546,0.514495755427524,0.));
#6128=DIRECTION('',(0.,-1.,0.));
#6129=DIRECTION('',(0.,0.,-1.));
#6130=DIRECTION('',(0.,-1.,0.));
#6131=DIRECTION('',(0.,0.,-1.));
#6132=DIRECTION('',(0.,-1.,0.));
#6133=DIRECTION('',(-0.707106781186544,0.707106781186551,0.));
#6134=DIRECTION('',(-0.707106781186552,-0.707106781186544,0.));
#6135=DIRECTION('',(0.,0.,-1.));
#6136=DIRECTION('',(-1.,0.,0.));
#6137=DIRECTION('',(0.,0.,-1.));
#6138=DIRECTION('',(-1.,0.,0.));
#6139=DIRECTION('',(0.891195649854362,-0.453619128433383,3.53253606619038E-15));
#6140=DIRECTION('',(0.453619128433383,0.891195649854362,0.));
#6141=DIRECTION('',(0.,0.,-1.));
#6142=DIRECTION('',(-1.,0.,0.));
#6143=DIRECTION('',(0.89119564985436,0.453619128433386,0.));
#6144=DIRECTION('',(-0.453619128433386,0.89119564985436,0.));
#6145=DIRECTION('',(0.,0.,1.));
#6146=DIRECTION('',(1.,0.,0.));
#6147=DIRECTION('',(0.,0.,-1.));
#6148=DIRECTION('',(-1.,0.,0.));
#6149=DIRECTION('',(0.,0.,-1.));
#6150=DIRECTION('',(1.,0.,0.));
#6151=DIRECTION('',(-1.,0.,0.));
#6152=DIRECTION('',(0.,-1.,0.));
#6153=DIRECTION('',(0.707106781186552,-0.707106781186544,0.));
#6154=DIRECTION('',(1.,0.,0.));
#6155=DIRECTION('',(0.,0.,-1.));
#6156=DIRECTION('',(-1.,0.,0.));
#6157=DIRECTION('',(0.646765250280376,-0.762689131317448,0.));
#6158=DIRECTION('',(0.0594696162545568,-0.998230116126806,0.));
#6159=DIRECTION('',(-1.17176332672594E-14,1.,0.));
#6160=DIRECTION('',(-0.05946961625455,-0.998230116126806,0.));
#6161=DIRECTION('',(0.646765250280364,0.762689131317458,0.));
#6162=DIRECTION('',(0.,0.,-1.));
#6163=DIRECTION('',(-1.,0.,0.));
#6164=DIRECTION('',(1.,0.,0.));
#6165=DIRECTION('',(-0.707106781186552,-0.707106781186544,0.));
#6166=DIRECTION('',(-1.,0.,0.));
#6167=DIRECTION('',(0.,0.,-1.));
#6168=DIRECTION('',(-1.,0.,0.));
#6169=DIRECTION('',(0.,0.,-1.));
#6170=DIRECTION('',(-1.,0.,0.));
#6171=DIRECTION('',(0.,-1.,0.));
#6172=DIRECTION('',(0.,0.,-1.));
#6173=DIRECTION('',(-1.,0.,0.));
#6174=DIRECTION('',(0.,1.,0.));
#6175=DIRECTION('',(-0.944576059073963,0.328292656975908,0.));
#6176=DIRECTION('',(0.,1.,0.));
#6177=DIRECTION('',(0.944576059073963,0.328292656975908,0.));
#6178=DIRECTION('',(0.,1.,0.));
#6179=DIRECTION('',(-0.939387862679496,-0.342856301459442,0.));
#6180=DIRECTION('',(0.,-1.,0.));
#6181=DIRECTION('',(0.939868190191642,-0.341537384580206,0.));
#6182=DIRECTION('',(0.,1.,0.));
#6183=DIRECTION('',(-0.870414599304208,0.492319434227509,0.));
#6184=DIRECTION('',(0.,0.,-1.));
#6185=DIRECTION('',(-1.,0.,0.));
#6186=DIRECTION('',(1.,0.,0.));
#6187=DIRECTION('',(0.,1.,0.));
#6188=DIRECTION('',(-1.,0.,0.));
#6189=DIRECTION('',(0.,-1.,0.));
#6190=DIRECTION('',(0.868977301609363,-0.494851946836334,0.));
#6191=DIRECTION('',(0.,0.,-1.));
#6192=DIRECTION('',(-1.,0.,0.));
#6193=DIRECTION('',(-1.,0.,0.));
#6194=DIRECTION('',(0.,-1.,0.));
#6195=DIRECTION('',(1.,0.,0.));
#6196=DIRECTION('',(0.,1.,0.));
#6197=DIRECTION('',(-0.944576059073963,0.328292656975908,0.));
#6198=DIRECTION('',(0.,1.,0.));
#6199=DIRECTION('',(0.944576059073963,0.328292656975908,0.));
#6200=DIRECTION('',(0.,1.,0.));
#6201=DIRECTION('',(-0.939387862679496,-0.342856301459442,0.));
#6202=DIRECTION('',(0.,-1.,0.));
#6203=DIRECTION('',(0.939868190191642,-0.341537384580206,0.));
#6204=DIRECTION('',(0.,1.,0.));
#6205=DIRECTION('',(-0.870414599304208,0.492319434227509,0.));
#6206=DIRECTION('',(0.,0.,-1.));
#6207=DIRECTION('',(-1.,0.,0.));
#6208=DIRECTION('',(1.,0.,0.));
#6209=DIRECTION('',(0.,1.,0.));
#6210=DIRECTION('',(-1.,0.,0.));
#6211=DIRECTION('',(0.,-1.,0.));
#6212=DIRECTION('',(0.868977301609363,-0.494851946836334,0.));
#6213=DIRECTION('',(0.,0.,-1.));
#6214=DIRECTION('',(-1.,0.,0.));
#6215=DIRECTION('',(-1.,0.,0.));
#6216=DIRECTION('',(0.,-1.,0.));
#6217=DIRECTION('',(1.,0.,0.));
#6218=DIRECTION('',(0.,1.,0.));
#6219=DIRECTION('',(-0.870414599304208,0.492319434227509,0.));
#6220=DIRECTION('',(0.,0.,-1.));
#6221=DIRECTION('',(-1.,0.,0.));
#6222=DIRECTION('',(1.,0.,0.));
#6223=DIRECTION('',(0.,1.,0.));
#6224=DIRECTION('',(-1.,0.,0.));
#6225=DIRECTION('',(0.,-1.,0.));
#6226=DIRECTION('',(0.868977301609363,-0.494851946836334,0.));
#6227=DIRECTION('',(0.,0.,-1.));
#6228=DIRECTION('',(-1.,0.,0.));
#6229=DIRECTION('',(-1.,0.,0.));
#6230=DIRECTION('',(0.,-1.,0.));
#6231=DIRECTION('',(1.,0.,0.));
#6232=DIRECTION('',(0.,1.,0.));
#6233=DIRECTION('',(-1.,0.,0.));
#6234=DIRECTION('',(0.,-1.,0.));
#6235=DIRECTION('',(1.,0.,0.));
#6236=DIRECTION('',(0.,1.,0.));
#6237=DIRECTION('',(1.,0.,0.));
#6238=DIRECTION('',(0.,-1.,0.));
#6239=DIRECTION('',(1.,0.,0.));
#6240=DIRECTION('',(0.,1.,0.));
#6241=DIRECTION('',(1.,0.,0.));
#6242=DIRECTION('',(0.,-1.,0.));
#6243=DIRECTION('',(1.,0.,0.));
#6244=DIRECTION('',(0.,1.,0.));
#6245=DIRECTION('',(1.,0.,0.));
#6246=DIRECTION('',(0.,1.,0.));
#6247=DIRECTION('',(-1.,0.,0.));
#6248=DIRECTION('',(0.,1.,0.));
#6249=DIRECTION('',(-1.,0.,0.));
#6250=DIRECTION('',(0.,-1.,0.));
#6251=DIRECTION('',(1.,0.,0.));
#6252=DIRECTION('',(0.,0.,-1.));
#6253=DIRECTION('',(1.,0.,0.));
#6254=DIRECTION('',(-1.,0.,0.));
#6255=DIRECTION('',(0.,0.,-1.));
#6256=DIRECTION('',(-1.,0.,0.));
#6257=DIRECTION('',(0.,1.,0.));
#6258=DIRECTION('',(1.,0.,0.));
#6259=DIRECTION('',(0.,0.,1.));
#6260=DIRECTION('',(-1.,-4.02479192833136E-14,0.));
#6261=DIRECTION('',(0.,0.,-1.));
#6262=DIRECTION('',(-1.,0.,0.));
#6263=DIRECTION('',(0.646765250280364,0.762689131317458,0.));
#6264=DIRECTION('',(0.,0.,-1.));
#6265=DIRECTION('',(-1.,0.,0.));
#6266=DIRECTION('',(0.,0.,1.));
#6267=DIRECTION('',(-1.,-4.00258746783885E-14,0.));
#6268=DIRECTION('',(0.,0.,-1.));
#6269=DIRECTION('',(-1.,0.,0.));
#6270=DIRECTION('',(0.,0.,1.));
#6271=DIRECTION('',(1.,0.,0.));
#6272=DIRECTION('',(0.,0.,1.));
#6273=DIRECTION('',(1.,0.,0.));
#6274=DIRECTION('',(0.797864635833371,-0.602836646933879,0.));
#6275=DIRECTION('',(0.,0.,1.));
#6276=DIRECTION('',(1.,0.,0.));
#6277=DIRECTION('',(0.,0.,1.));
#6278=DIRECTION('',(1.,0.,0.));
#6279=DIRECTION('',(0.,0.,1.));
#6280=DIRECTION('',(1.,0.,0.));
#6281=DIRECTION('',(-0.983124444175023,0.182938042149664,0.));
#6282=DIRECTION('',(0.,0.,-1.));
#6283=DIRECTION('',(-1.,0.,0.));
#6284=DIRECTION('',(-0.983124444175023,0.182938042149664,0.));
#6285=DIRECTION('',(0.,0.,-1.));
#6286=DIRECTION('',(-1.,0.,0.));
#6287=DIRECTION('',(-1.17176332672594E-14,1.,0.));
#6288=DIRECTION('',(0.,0.,-1.));
#6289=DIRECTION('',(-1.,0.,0.));
#6290=DIRECTION('',(-0.983124444175016,-0.182938042149703,0.));
#6291=DIRECTION('',(0.,0.,-1.));
#6292=DIRECTION('',(-1.,0.,0.));
#6293=DIRECTION('',(-0.983124444175023,-0.182938042149664,0.));
#6294=DIRECTION('',(0.,0.,-1.));
#6295=DIRECTION('',(1.,0.,0.));
#6296=DIRECTION('',(0.,0.,-1.));
#6297=DIRECTION('',(1.,0.,0.));
#6298=DIRECTION('',(0.,0.,-1.));
#6299=DIRECTION('',(1.,0.,0.));
#6300=DIRECTION('',(0.797864635833366,0.602836646933886,0.));
#6301=DIRECTION('',(0.,0.,-1.));
#6302=DIRECTION('',(1.,0.,0.));
#6303=DIRECTION('',(0.,0.,-1.));
#6304=DIRECTION('',(1.,0.,0.));
#6305=DIRECTION('',(0.,0.,-1.));
#6306=DIRECTION('',(-1.,0.,0.));
#6307=DIRECTION('',(0.,0.,-1.));
#6308=DIRECTION('',(-1.,0.,0.));
#6309=DIRECTION('',(0.,0.,-1.));
#6310=DIRECTION('',(-1.,0.,0.));
#6311=DIRECTION('',(0.646765250280376,-0.762689131317447,0.));
#6312=DIRECTION('',(0.,0.,-1.));
#6313=DIRECTION('',(-1.,0.,0.));
#6314=DIRECTION('',(0.,0.,-1.));
#6315=DIRECTION('',(-1.,2.22044604925031E-16,0.));
#6316=DIRECTION('',(1.,0.,0.));
#6317=DIRECTION('',(0.,1.,0.));
#6318=DIRECTION('',(0.,0.,-1.));
#6319=DIRECTION('',(-1.,0.,0.));
#6320=DIRECTION('',(-1.,0.,0.));
#6321=DIRECTION('',(0.,0.,-1.));
#6322=DIRECTION('',(-1.,0.,0.));
#6323=DIRECTION('',(0.,0.,-1.));
#6324=DIRECTION('',(-1.,0.,0.));
#6325=DIRECTION('',(0.,-1.,0.));
#6326=DIRECTION('',(0.,0.,-1.));
#6327=DIRECTION('',(-1.,0.,0.));
#6328=DIRECTION('',(0.,1.,0.));
#6329=DIRECTION('',(0.,0.,1.));
#6330=DIRECTION('',(1.,0.,0.));
#6331=DIRECTION('',(0.,0.,1.));
#6332=DIRECTION('',(1.,0.,0.));
#6333=DIRECTION('',(0.,0.,1.));
#6334=DIRECTION('',(1.,0.,0.));
#6335=DIRECTION('',(0.,0.,-1.));
#6336=DIRECTION('',(1.,0.,0.));
#6337=DIRECTION('',(-1.,0.,0.));
#6338=DIRECTION('',(0.,1.,0.));
#6339=DIRECTION('',(0.857492925712546,-0.514495755427524,0.));
#6340=DIRECTION('',(1.,0.,0.));
#6341=DIRECTION('',(0.,1.,0.));
#6342=DIRECTION('',(0.,0.,-1.));
#6343=DIRECTION('',(-1.,0.,0.));
#6344=DIRECTION('',(0.,0.,-1.));
#6345=DIRECTION('',(-1.,0.,0.));
#6346=DIRECTION('',(0.,0.,-1.));
#6347=DIRECTION('',(-1.,0.,0.));
#6348=DIRECTION('',(0.,0.,-1.));
#6349=DIRECTION('',(0.,0.,-1.));
#6350=DIRECTION('',(-1.,0.,0.));
#6351=DIRECTION('',(0.,0.,-1.));
#6352=DIRECTION('',(0.,0.,-1.));
#6353=DIRECTION('',(-1.,0.,0.));
#6354=DIRECTION('',(0.,0.,-1.));
#6355=DIRECTION('',(0.,0.,-1.));
#6356=DIRECTION('',(-1.,0.,0.));
#6357=DIRECTION('',(0.,0.,-1.));
#6358=DIRECTION('',(0.,0.,-1.));
#6359=DIRECTION('',(1.,0.,0.));
#6360=DIRECTION('',(-0.05946961625455,-0.998230116126806,0.));
#6361=DIRECTION('',(-1.17176332672594E-14,1.,0.));
#6362=DIRECTION('',(0.,0.,-1.));
#6363=DIRECTION('',(-1.,0.,0.));
#6364=DIRECTION('',(-0.983124444175023,0.182938042149664,0.));
#6365=DIRECTION('',(0.,0.,-1.));
#6366=DIRECTION('',(-1.,0.,0.));
#6367=DIRECTION('',(0.,0.,-1.));
#6368=DIRECTION('',(-1.,0.,0.));
#6369=DIRECTION('',(0.,0.,1.));
#6370=DIRECTION('',(-1.,-4.00258746783885E-14,0.));
#6371=DIRECTION('',(0.,0.,-1.));
#6372=DIRECTION('',(-1.,0.,0.));
#6373=DIRECTION('',(0.646765250280364,0.762689131317458,0.));
#6374=DIRECTION('',(0.,0.,-1.));
#6375=DIRECTION('',(1.,0.,0.));
#6376=DIRECTION('',(0.,0.,-1.));
#6377=DIRECTION('',(-1.,0.,0.));
#6378=DIRECTION('',(-1.17176332672594E-14,1.,0.));
#6379=DIRECTION('',(0.0594696162545568,-0.998230116126806,0.));
#6380=DIRECTION('',(-0.646765250280376,0.762689131317448,0.));
#6381=DIRECTION('',(0.,0.,-1.));
#6382=DIRECTION('',(-1.,0.,0.));
#6383=DIRECTION('',(0.,0.,-1.));
#6384=DIRECTION('',(-1.,0.,0.));
#6385=DIRECTION('',(0.,0.,-1.));
#6386=DIRECTION('',(-1.,0.,0.));
#6387=DIRECTION('',(0.,0.,-1.));
#6388=DIRECTION('',(-1.,0.,0.));
#6389=DIRECTION('',(-0.983124444175016,-0.182938042149703,0.));
#6390=DIRECTION('',(0.,0.,-1.));
#6391=DIRECTION('',(-1.,0.,0.));
#6392=DIRECTION('',(0.,0.,-1.));
#6393=DIRECTION('',(0.,0.,-1.));
#6394=DIRECTION('',(-0.182938042149664,-0.983124444175023,0.));
#6395=DIRECTION('',(0.983124444175023,-0.182938042149664,0.));
#6396=DIRECTION('',(0.,0.,-1.));
#6397=DIRECTION('',(0.,0.,-1.));
#6398=DIRECTION('',(-1.,0.,0.));
#6399=DIRECTION('',(0.,0.,-1.));
#6400=DIRECTION('',(0.182938042149703,-0.983124444175016,0.));
#6401=DIRECTION('',(0.983124444175016,0.182938042149703,0.));
#6402=DIRECTION('',(0.,0.,-1.));
#6403=DIRECTION('',(0.,0.,-1.));
#6404=DIRECTION('',(0.,1.,0.));
#6405=DIRECTION('',(0.,0.,1.));
#6406=DIRECTION('',(0.,0.,-1.));
#6407=DIRECTION('',(0.,1.,0.));
#6408=DIRECTION('',(-1.,0.,0.));
#6409=DIRECTION('',(0.,0.,1.));
#6410=DIRECTION('',(0.,0.,1.));
#6411=DIRECTION('',(0.,0.,-1.));
#6412=DIRECTION('',(-1.,0.,0.));
#6413=DIRECTION('',(0.,0.,-1.));
#6414=DIRECTION('',(0.,0.,-1.));
#6415=DIRECTION('',(-1.,0.,0.));
#6416=DIRECTION('',(0.762689131317447,0.646765250280376,0.));
#6417=DIRECTION('',(-0.646765250280376,0.762689131317448,0.));
#6418=DIRECTION('',(0.646765250280376,-0.762689131317448,0.));
#6419=DIRECTION('',(0.,0.,-1.));
#6420=DIRECTION('',(0.,0.,1.));
#6421=DIRECTION('',(0.762689131317447,0.646765250280376,0.));
#6422=DIRECTION('',(-0.646765250280376,0.762689131317448,0.));
#6423=DIRECTION('',(-1.,-1.17176332672594E-14,0.));
#6424=DIRECTION('',(1.17176332672594E-14,-1.,0.));
#6425=DIRECTION('',(0.,0.,1.));
#6426=DIRECTION('',(-1.17176332672594E-14,1.,0.));
#6427=DIRECTION('',(0.,0.,-1.));
#6428=DIRECTION('',(0.,0.,-1.));
#6429=DIRECTION('',(-1.17176332672594E-14,1.,0.));
#6430=DIRECTION('',(0.,0.,1.));
#6431=DIRECTION('',(-0.762689131317458,0.646765250280364,0.));
#6432=DIRECTION('',(-0.646765250280364,-0.762689131317458,0.));
#6433=DIRECTION('',(0.,0.,-1.));
#6434=DIRECTION('',(0.646765250280364,0.762689131317458,0.));
#6435=DIRECTION('',(-0.762689131317458,0.646765250280364,0.));
#6436=DIRECTION('',(0.646765250280364,0.762689131317458,0.));
#6437=DIRECTION('',(0.,0.,1.));
#6438=DIRECTION('',(0.,0.,-1.));
#6439=DIRECTION('',(-1.,0.,0.));
#6440=DIRECTION('',(0.,0.,-1.));
#6441=DIRECTION('',(0.,0.,-1.));
#6442=DIRECTION('',(-1.,0.,0.));
#6443=DIRECTION('',(0.,0.,-1.));
#6444=DIRECTION('',(0.,1.,0.));
#6445=DIRECTION('',(0.,0.,1.));
#6446=DIRECTION('',(0.,0.,1.));
#6447=DIRECTION('',(0.,0.,1.));
#6448=DIRECTION('',(0.,1.,0.));
#6449=DIRECTION('',(1.,0.,0.));
#6450=DIRECTION('',(0.,0.,-1.));
#6451=DIRECTION('',(1.,0.,0.));
#6452=DIRECTION('',(0.,0.,-1.));
#6453=DIRECTION('',(-1.,0.,0.));
#6454=DIRECTION('',(0.,0.,-1.));
#6455=DIRECTION('',(-1.,0.,0.));
#6456=DIRECTION('',(0.,0.,-1.));
#6457=DIRECTION('',(-1.,0.,0.));
#6458=DIRECTION('',(0.,1.,0.));
#6459=DIRECTION('',(-0.998230116126806,0.05946961625455,0.));
#6460=DIRECTION('',(-0.05946961625455,-0.998230116126806,0.));
#6461=DIRECTION('',(-0.05946961625455,-0.998230116126806,0.));
#6462=DIRECTION('',(-0.998230116126806,0.05946961625455,0.));
#6463=DIRECTION('',(0.05946961625455,0.998230116126806,0.));
#6464=DIRECTION('',(0.514495755427524,-0.857492925712546,0.));
#6465=DIRECTION('',(0.857492925712546,0.514495755427524,0.));
#6466=DIRECTION('',(0.514495755427524,-0.857492925712546,0.));
#6467=DIRECTION('',(0.857492925712546,0.514495755427524,0.));
#6468=DIRECTION('',(0.514495755427524,-0.857492925712546,0.));
#6469=DIRECTION('',(-0.857492925712546,-0.514495755427524,0.));
#6470=DIRECTION('',(-1.,0.,0.));
#6471=DIRECTION('',(0.,0.,1.));
#6472=DIRECTION('',(0.,0.,1.));
#6473=DIRECTION('',(0.,-1.,0.));
#6474=DIRECTION('',(0.,0.,1.));
#6475=DIRECTION('',(1.,0.,0.));
#6476=DIRECTION('',(0.,0.,-1.));
#6477=DIRECTION('',(-1.,0.,0.));
#6478=DIRECTION('',(1.,0.,0.));
#6479=DIRECTION('',(0.,0.,-1.));
#6480=DIRECTION('',(0.,1.,0.));
#6481=DIRECTION('',(-0.514495755427524,-0.857492925712546,0.));
#6482=DIRECTION('',(0.857492925712546,-0.514495755427524,0.));
#6483=DIRECTION('',(-0.514495755427524,-0.857492925712546,0.));
#6484=DIRECTION('',(0.857492925712546,-0.514495755427524,0.));
#6485=DIRECTION('',(-0.514495755427524,-0.857492925712546,0.));
#6486=DIRECTION('',(-0.857492925712546,0.514495755427524,0.));
#6487=DIRECTION('',(-0.998230116126805,-0.0594696162545568,0.));
#6488=DIRECTION('',(0.0594696162545568,-0.998230116126806,0.));
#6489=DIRECTION('',(-0.998230116126805,-0.0594696162545568,0.));
#6490=DIRECTION('',(-0.0594696162545568,0.998230116126806,0.));
#6491=DIRECTION('',(0.0594696162545568,-0.998230116126806,0.));
#6492=DIRECTION('',(-0.707106781186544,-0.707106781186551,0.));
#6493=DIRECTION('',(0.707106781186552,-0.707106781186544,0.));
#6494=DIRECTION('',(0.707106781186552,-0.707106781186544,0.));
#6495=DIRECTION('',(-0.707106781186544,-0.707106781186551,0.));
#6496=DIRECTION('',(0.707106781186552,-0.707106781186544,0.));
#6497=DIRECTION('',(-0.707106781186544,0.707106781186551,0.));
#6498=DIRECTION('',(-0.707106781186552,-0.707106781186544,0.));
#6499=DIRECTION('',(-0.707106781186552,-0.707106781186544,0.));
#6500=DIRECTION('',(0.,-1.,0.));
#6501=DIRECTION('',(0.,0.,-1.));
#6502=DIRECTION('',(0.,-1.,0.));
#6503=DIRECTION('',(0.,0.,-1.));
#6504=DIRECTION('',(-0.707106781186552,0.707106781186544,0.));
#6505=DIRECTION('',(-0.707106781186544,-0.707106781186552,0.));
#6506=DIRECTION('',(0.707106781186552,0.707106781186544,0.));
#6507=DIRECTION('',(-0.707106781186544,0.707106781186552,0.));
#6508=DIRECTION('',(0.,0.,-1.));
#6509=DIRECTION('',(-1.,0.,0.));
#6510=DIRECTION('',(0.,0.,-1.));
#6511=DIRECTION('',(-1.,0.,0.));
#6512=DIRECTION('',(0.,0.,-1.));
#6513=DIRECTION('',(-1.,0.,0.));
#6514=DIRECTION('',(0.,0.,1.));
#6515=DIRECTION('',(1.,0.,0.));
#6516=DIRECTION('',(0.,0.,-1.));
#6517=DIRECTION('',(-1.,0.,0.));
#6518=DIRECTION('',(0.,0.,-1.));
#6519=DIRECTION('',(0.,0.,-1.));
#6520=DIRECTION('',(-1.,0.,0.));
#6521=DIRECTION('',(0.,0.,-1.));
#6522=DIRECTION('',(-0.0594696162545568,0.998230116126806,0.));
#6523=DIRECTION('',(-0.998230116126806,-0.0594696162545568,0.));
#6524=DIRECTION('',(-0.0297479736553191,0.999557431098085,0.));
#6525=DIRECTION('',(-0.999557431098085,-0.0297479736553175,0.));
#6526=DIRECTION('',(1.17176332672594E-14,-1.,0.));
#6527=DIRECTION('',(1.,1.17176332672594E-14,0.));
#6528=DIRECTION('',(0.05946961625455,0.998230116126806,0.));
#6529=DIRECTION('',(-0.998230116126806,0.05946961625455,0.));
#6530=DIRECTION('',(0.029747973655304,0.999557431098085,0.));
#6531=DIRECTION('',(0.999557431098085,-0.0297479736553017,0.));
#6532=DIRECTION('',(1.17176332672594E-14,-1.,0.));
#6533=DIRECTION('',(1.,1.17176332672594E-14,0.));
#6534=DIRECTION('',(0.646765250280364,0.762689131317458,0.));
#6535=DIRECTION('',(-0.762689131317458,0.646765250280364,0.));
#6536=DIRECTION('',(-0.646765250280362,-0.762689131317459,4.80047439001622E-15));
#6537=DIRECTION('',(0.762689131317459,-0.646765250280362,0.));
#6538=DIRECTION('',(-0.646765250280376,0.762689131317448,0.));
#6539=DIRECTION('',(-0.762689131317447,-0.646765250280376,0.));
#6540=DIRECTION('',(0.646765250280378,-0.762689131317446,0.));
#6541=DIRECTION('',(0.762689131317446,0.646765250280378,0.));
#6542=DIRECTION('',(0.,0.,1.));
#6543=DIRECTION('',(1.,0.,0.));
#6544=DIRECTION('',(-0.983124444175023,-0.182938042149664,0.));
#6545=DIRECTION('',(0.,0.,1.));
#6546=DIRECTION('',(1.,0.,0.));
#6547=DIRECTION('',(0.,0.,-1.));
#6548=DIRECTION('',(1.,0.,0.));
#6549=DIRECTION('',(0.,1.,0.));
#6550=DIRECTION('',(0.182938042149664,-0.983124444175023,0.));
#6551=DIRECTION('',(0.983124444175023,0.182938042149664,0.));
#6552=DIRECTION('',(-0.983124444175023,-0.182938042149664,0.));
#6553=DIRECTION('',(0.,0.,-1.));
#6554=DIRECTION('',(0.,0.,-1.));
#6555=DIRECTION('',(0.182938042149664,-0.983124444175023,0.));
#6556=DIRECTION('',(-0.983124444175023,-0.182938042149664,0.));
#6557=DIRECTION('',(0.,0.,1.));
#6558=DIRECTION('',(-1.,0.,0.));
#6559=DIRECTION('',(0.,0.,1.));
#6560=DIRECTION('',(0.,0.,-1.));
#6561=DIRECTION('',(0.,0.,-1.));
#6562=DIRECTION('',(-1.,0.,0.));
#6563=DIRECTION('',(0.,0.,-1.));
#6564=DIRECTION('',(0.,0.,-1.));
#6565=DIRECTION('',(0.,0.,-1.));
#6566=DIRECTION('',(-1.,0.,0.));
#6567=DIRECTION('',(0.,0.,-1.));
#6568=DIRECTION('',(-0.602836646933886,0.797864635833366,0.));
#6569=DIRECTION('',(-0.797864635833366,-0.602836646933886,0.));
#6570=DIRECTION('',(0.,0.,-1.));
#6571=DIRECTION('',(0.,0.,-1.));
#6572=DIRECTION('',(-1.,0.,0.));
#6573=DIRECTION('',(0.,0.,-1.));
#6574=DIRECTION('',(0.,0.,-1.));
#6575=DIRECTION('',(0.,0.,-1.));
#6576=DIRECTION('',(-1.,0.,0.));
#6577=DIRECTION('',(0.,0.,-1.));
#6578=DIRECTION('',(0.,0.,1.));
#6579=DIRECTION('',(1.,0.,0.));
#6580=DIRECTION('',(0.,0.,-1.));
#6581=DIRECTION('',(-1.,0.,0.));
#6582=DIRECTION('',(0.,0.,-1.));
#6583=DIRECTION('',(0.,0.,1.));
#6584=DIRECTION('',(1.,0.,0.));
#6585=DIRECTION('',(0.,0.,1.));
#6586=DIRECTION('',(1.,0.,0.));
#6587=DIRECTION('',(0.,0.,1.));
#6588=DIRECTION('',(1.,0.,0.));
#6589=DIRECTION('',(-0.983124444175023,0.182938042149664,0.));
#6590=DIRECTION('',(0.,-1.,0.));
#6591=DIRECTION('',(1.,0.,0.));
#6592=DIRECTION('',(0.,0.,-1.));
#6593=DIRECTION('',(0.,0.,-1.));
#6594=DIRECTION('',(0.,0.,-1.));
#6595=DIRECTION('',(-0.182938042149664,-0.983124444175023,0.));
#6596=DIRECTION('',(0.983124444175023,-0.182938042149664,0.));
#6597=DIRECTION('',(0.,0.,-1.));
#6598=DIRECTION('',(-0.182938042149664,-0.983124444175023,0.));
#6599=DIRECTION('',(0.983124444175023,-0.182938042149664,0.));
#6600=DIRECTION('',(0.,0.,-1.));
#6601=DIRECTION('',(0.,0.,-1.));
#6602=DIRECTION('',(-1.,0.,0.));
#6603=DIRECTION('',(0.,0.,-1.));
#6604=DIRECTION('',(0.,0.,-1.));
#6605=DIRECTION('',(0.,0.,-1.));
#6606=DIRECTION('',(-1.,0.,0.));
#6607=DIRECTION('',(0.,0.,-1.));
#6608=DIRECTION('',(0.,0.,1.));
#6609=DIRECTION('',(1.,0.,0.));
#6610=DIRECTION('',(0.,0.,-1.));
#6611=DIRECTION('',(-1.,0.,0.));
#6612=DIRECTION('',(0.,0.,-1.));
#6613=DIRECTION('',(0.602836646933879,0.797864635833371,0.));
#6614=DIRECTION('',(-0.797864635833371,0.602836646933879,0.));
#6615=DIRECTION('',(0.,0.,-1.));
#6616=DIRECTION('',(0.,0.,-1.));
#6617=DIRECTION('',(-1.,0.,0.));
#6618=DIRECTION('',(0.,0.,-1.));
#6619=DIRECTION('',(0.,0.,-1.));
#6620=DIRECTION('',(-1.,0.,0.));
#6621=DIRECTION('',(0.,0.,-1.));
#6622=DIRECTION('',(0.,0.,1.));
#6623=DIRECTION('',(1.,0.,0.));
#6624=DIRECTION('',(0.,0.,1.));
#6625=DIRECTION('',(1.,0.,0.));
#6626=DIRECTION('',(0.,0.,-1.));
#6627=DIRECTION('',(-1.,0.,0.));
#6628=DIRECTION('',(-0.46521690877675,-0.548600716991718,-0.694701720959707));
#6629=DIRECTION('',(0.,0.784799251531147,-0.619750058326864));
#6630=DIRECTION('',(0.,0.,-1.));
#6631=DIRECTION('',(-1.,0.,0.));
#6632=DIRECTION('',(0.,0.,-1.));
#6633=DIRECTION('',(-1.,0.,0.));
#6634=DIRECTION('',(0.465216908776772,-0.548600716991718,0.694701720959692));
#6635=DIRECTION('',(0.,-0.784799251531141,-0.619750058326872));
#6636=DIRECTION('',(0.,0.,-1.));
#6637=DIRECTION('',(-1.,0.,0.));
#6638=DIRECTION('',(0.,0.,-1.));
#6639=DIRECTION('',(-1.,0.,0.));
#6640=DIRECTION('',(0.,-1.,0.));
#6641=DIRECTION('',(0.,0.,-1.));
#6642=DIRECTION('',(0.,-1.,0.));
#6643=DIRECTION('',(0.,0.,-1.));
#6644=DIRECTION('',(0.,-1.,0.));
#6645=DIRECTION('',(0.,0.,-1.));
#6646=DIRECTION('',(0.,0.,-1.));
#6647=DIRECTION('',(-1.,0.,0.));
#6648=DIRECTION('',(-0.89119564985436,-0.453619128433386,0.));
#6649=DIRECTION('',(0.453619128433386,-0.89119564985436,0.));
#6650=DIRECTION('',(0.,0.,-1.));
#6651=DIRECTION('',(-1.,0.,0.));
#6652=DIRECTION('',(0.,-1.,0.));
#6653=DIRECTION('',(0.,0.,-1.));
#6654=DIRECTION('',(0.,1.,0.));
#6655=DIRECTION('',(0.,0.,1.));
#6656=DIRECTION('',(0.,-1.,0.));
#6657=DIRECTION('',(0.,-1.,0.));
#6658=DIRECTION('',(0.,0.,-1.));
#6659=DIRECTION('',(0.,0.,-1.));
#6660=DIRECTION('',(-1.,0.,0.));
#6661=DIRECTION('',(0.,0.,1.));
#6662=DIRECTION('',(1.,0.,0.));
#6663=DIRECTION('',(0.,0.,-1.));
#6664=DIRECTION('',(-1.,0.,0.));
#6665=DIRECTION('',(0.891195649854362,-0.453619128433383,3.53253606619035E-15));
#6666=DIRECTION('',(0.453619128433383,0.891195649854362,0.));
#6667=DIRECTION('',(0.,0.,1.));
#6668=DIRECTION('',(1.,0.,0.));
#6669=DIRECTION('',(0.,0.,-1.));
#6670=DIRECTION('',(-1.,0.,0.));
#6671=DIRECTION('',(0.,0.,1.));
#6672=DIRECTION('',(1.,0.,0.));
#6673=DIRECTION('',(0.,0.,-1.));
#6674=DIRECTION('',(-1.,0.,0.));
#6675=DIRECTION('',(0.,0.,-1.));
#6676=DIRECTION('',(0.,0.,1.));
#6677=DIRECTION('',(1.,0.,0.));
#6678=DIRECTION('',(0.,0.,-1.));
#6679=DIRECTION('',(-1.,0.,0.));
#6680=DIRECTION('',(0.,0.,1.));
#6681=DIRECTION('',(0.,0.,-1.));
#6682=DIRECTION('',(0.,1.,0.));
#6683=DIRECTION('',(0.,0.,-1.));
#6684=DIRECTION('',(-1.,0.,0.));
#6685=DIRECTION('',(0.,0.,-1.));
#6686=DIRECTION('',(0.,0.,1.));
#6687=DIRECTION('',(1.,0.,0.));
#6688=DIRECTION('',(0.,0.,-1.));
#6689=DIRECTION('',(-1.,0.,0.));
#6690=DIRECTION('',(0.,0.,1.));
#6691=DIRECTION('',(1.,0.,0.));
#6692=DIRECTION('',(0.,0.,1.));
#6693=DIRECTION('',(1.,0.,0.));
#6694=DIRECTION('',(0.,0.,1.));
#6695=DIRECTION('',(1.,0.,0.));
#6696=DIRECTION('',(0.,1.,0.));
#6697=DIRECTION('',(-0.492319434227509,-0.870414599304208,0.));
#6698=DIRECTION('',(0.870414599304208,-0.492319434227509,0.));
#6699=DIRECTION('',(0.,0.,-1.));
#6700=DIRECTION('',(-0.870414599304208,0.492319434227509,0.));
#6701=DIRECTION('',(0.,0.,-1.));
#6702=DIRECTION('',(-1.,0.,0.));
#6703=DIRECTION('',(0.,0.,1.));
#6704=DIRECTION('',(0.,0.,-1.));
#6705=DIRECTION('',(0.,1.,0.));
#6706=DIRECTION('',(0.,1.,0.));
#6707=DIRECTION('',(0.,0.,1.));
#6708=DIRECTION('',(0.,0.,-1.));
#6709=DIRECTION('',(1.,0.,0.));
#6710=DIRECTION('',(1.,0.,0.));
#6711=DIRECTION('',(0.,0.,-1.));
#6712=DIRECTION('',(0.,0.,-1.));
#6713=DIRECTION('',(0.,-1.,0.));
#6714=DIRECTION('',(0.,-1.,0.));
#6715=DIRECTION('',(0.,0.,-1.));
#6716=DIRECTION('',(0.,0.,-1.));
#6717=DIRECTION('',(-1.,0.,0.));
#6718=DIRECTION('',(0.,0.,-1.));
#6719=DIRECTION('',(0.0630269605562775,0.998011824701009,0.));
#6720=DIRECTION('',(0.,0.,-1.));
#6721=DIRECTION('',(0.,0.,-1.));
#6722=DIRECTION('',(-1.,0.,0.));
#6723=DIRECTION('',(0.494851946836334,0.868977301609363,0.));
#6724=DIRECTION('',(-0.868977301609363,0.494851946836334,0.));
#6725=DIRECTION('',(0.,0.,-1.));
#6726=DIRECTION('',(0.868977301609363,-0.494851946836334,0.));
#6727=DIRECTION('',(1.,0.,0.));
#6728=DIRECTION('',(0.,0.,-1.));
#6729=DIRECTION('',(0.,0.,-1.));
#6730=DIRECTION('',(0.,-1.,0.));
#6731=DIRECTION('',(0.,-1.,0.));
#6732=DIRECTION('',(0.,0.,-1.));
#6733=DIRECTION('',(0.,0.,-1.));
#6734=DIRECTION('',(-1.,0.,0.));
#6735=DIRECTION('',(-1.,0.,0.));
#6736=DIRECTION('',(0.,0.,1.));
#6737=DIRECTION('',(0.,0.,-1.));
#6738=DIRECTION('',(0.,1.,0.));
#6739=DIRECTION('',(0.,1.,0.));
#6740=DIRECTION('',(0.,0.,1.));
#6741=DIRECTION('',(0.,0.,-1.));
#6742=DIRECTION('',(1.,0.,0.));
#6743=DIRECTION('',(0.,0.,-1.));
#6744=DIRECTION('',(-0.0660848206038394,-0.997814008964475,0.));
#6745=DIRECTION('',(0.,0.,-1.));
#6746=DIRECTION('',(-1.,0.,0.));
#6747=DIRECTION('',(0.,0.,-1.));
#6748=DIRECTION('',(1.,0.,0.));
#6749=DIRECTION('',(-0.252421897146951,0.967617272396858,0.));
#6750=DIRECTION('',(-0.967617272396858,-0.252421897146951,0.));
#6751=DIRECTION('',(0.967617272396858,0.252421897146951,0.));
#6752=DIRECTION('',(0.,0.,-1.));
#6753=DIRECTION('',(0.967617272396858,0.252421897146951,0.));
#6754=DIRECTION('',(0.,0.,-1.));
#6755=DIRECTION('',(-0.292218535598945,-0.956351571051362,0.));
#6756=DIRECTION('',(0.956351571051362,-0.292218535598945,0.));
#6757=DIRECTION('',(-0.956351571051362,0.292218535598945,0.));
#6758=DIRECTION('',(0.,0.,-1.));
#6759=DIRECTION('',(-0.956351571051362,0.292218535598945,0.));
#6760=DIRECTION('',(-0.300701747304844,-0.953718228392335,0.));
#6761=DIRECTION('',(0.953718228392335,-0.300701747304844,0.));
#6762=DIRECTION('',(-0.953718228392335,0.300701747304844,0.));
#6763=DIRECTION('',(0.,0.,-1.));
#6764=DIRECTION('',(-0.953718228392335,0.300701747304844,0.));
#6765=DIRECTION('',(-0.325184227655996,-0.945650685022632,0.));
#6766=DIRECTION('',(0.945650685022632,-0.325184227655996,0.));
#6767=DIRECTION('',(-0.945650685022632,0.325184227655996,0.));
#6768=DIRECTION('',(0.,0.,-1.));
#6769=DIRECTION('',(-0.945650685022632,0.325184227655996,0.));
#6770=DIRECTION('',(1.,0.,0.));
#6771=DIRECTION('',(0.,0.,-1.));
#6772=DIRECTION('',(0.,-1.,0.));
#6773=DIRECTION('',(0.,0.,-1.));
#6774=DIRECTION('',(0.,-1.,0.));
#6775=DIRECTION('',(0.,0.,-1.));
#6776=DIRECTION('',(0.320560253573023,-0.947228126603724,0.));
#6777=DIRECTION('',(0.,0.,-1.));
#6778=DIRECTION('',(-1.,0.,0.));
#6779=DIRECTION('',(0.,0.,-1.));
#6780=DIRECTION('',(0.,0.,-1.));
#6781=DIRECTION('',(-1.,0.,0.));
#6782=DIRECTION('',(-0.328292656975908,-0.944576059073963,0.));
#6783=DIRECTION('',(0.944576059073963,-0.328292656975908,0.));
#6784=DIRECTION('',(0.,0.,-1.));
#6785=DIRECTION('',(-0.944576059073963,0.328292656975908,0.));
#6786=DIRECTION('',(0.,0.,-1.));
#6787=DIRECTION('',(-1.,0.,0.));
#6788=DIRECTION('',(0.,0.,1.));
#6789=DIRECTION('',(0.,0.,-1.));
#6790=DIRECTION('',(0.,1.,0.));
#6791=DIRECTION('',(0.341537384580206,0.939868190191642,0.));
#6792=DIRECTION('',(-0.939868190191642,0.341537384580206,0.));
#6793=DIRECTION('',(0.,0.,-1.));
#6794=DIRECTION('',(0.939868190191642,-0.341537384580206,0.));
#6795=DIRECTION('',(1.,0.,0.));
#6796=DIRECTION('',(0.,0.,-1.));
#6797=DIRECTION('',(0.,0.,-1.));
#6798=DIRECTION('',(0.,-1.,0.));
#6799=DIRECTION('',(0.342856301459442,-0.939387862679496,0.));
#6800=DIRECTION('',(0.939387862679496,0.342856301459442,0.));
#6801=DIRECTION('',(0.,0.,-1.));
#6802=DIRECTION('',(-0.939387862679496,-0.342856301459442,0.));
#6803=DIRECTION('',(-1.,0.,0.));
#6804=DIRECTION('',(0.,0.,1.));
#6805=DIRECTION('',(0.,0.,-1.));
#6806=DIRECTION('',(0.,1.,0.));
#6807=DIRECTION('',(-0.328292656975908,0.944576059073963,0.));
#6808=DIRECTION('',(-0.944576059073963,-0.328292656975908,0.));
#6809=DIRECTION('',(0.,0.,-1.));
#6810=DIRECTION('',(0.944576059073963,0.328292656975908,0.));
#6811=DIRECTION('',(-1.,0.,0.));
#6812=DIRECTION('',(0.,0.,1.));
#6813=DIRECTION('',(0.,1.,0.));
#6814=DIRECTION('',(-0.2829422568077,0.959136945025352,-9.17663417410847E-27));
#6815=DIRECTION('',(-0.959136945025352,-0.2829422568077,2.56204394944465E-33));
#6816=DIRECTION('',(0.959136945025352,0.2829422568077,0.));
#6817=DIRECTION('',(-0.959136945025352,-0.2829422568077,2.56204394944465E-33));
#6818=DIRECTION('',(0.,0.,-1.));
#6819=DIRECTION('',(1.,0.,0.));
#6820=DIRECTION('',(-0.252421897146898,0.967617272396871,0.));
#6821=DIRECTION('',(-0.967617272396871,-0.252421897146898,0.));
#6822=DIRECTION('',(0.967617272396871,0.252421897146898,0.));
#6823=DIRECTION('',(0.,0.,-1.));
#6824=DIRECTION('',(0.967617272396871,0.252421897146898,0.));
#6825=DIRECTION('',(0.,0.,-1.));
#6826=DIRECTION('',(-0.292218535598945,-0.956351571051362,0.));
#6827=DIRECTION('',(0.956351571051362,-0.292218535598945,0.));
#6828=DIRECTION('',(-0.956351571051362,0.292218535598945,0.));
#6829=DIRECTION('',(0.,0.,-1.));
#6830=DIRECTION('',(-0.956351571051362,0.292218535598945,0.));
#6831=DIRECTION('',(-0.300701747304844,-0.953718228392335,0.));
#6832=DIRECTION('',(0.953718228392335,-0.300701747304844,0.));
#6833=DIRECTION('',(-0.953718228392335,0.300701747304844,0.));
#6834=DIRECTION('',(0.,0.,-1.));
#6835=DIRECTION('',(-0.953718228392335,0.300701747304844,0.));
#6836=DIRECTION('',(-0.325184227655996,-0.945650685022632,0.));
#6837=DIRECTION('',(0.945650685022632,-0.325184227655996,0.));
#6838=DIRECTION('',(-0.945650685022632,0.325184227655996,0.));
#6839=DIRECTION('',(0.,0.,-1.));
#6840=DIRECTION('',(-0.945650685022632,0.325184227655996,0.));
#6841=DIRECTION('',(1.,0.,0.));
#6842=DIRECTION('',(0.,0.,-1.));
#6843=DIRECTION('',(0.,-1.,0.));
#6844=DIRECTION('',(0.,0.,-1.));
#6845=DIRECTION('',(0.,-1.,0.));
#6846=DIRECTION('',(0.,0.,-1.));
#6847=DIRECTION('',(0.320560253573111,-0.947228126603693,0.));
#6848=DIRECTION('',(0.,0.,-1.));
#6849=DIRECTION('',(-1.,0.,0.));
#6850=DIRECTION('',(0.,0.,-1.));
#6851=DIRECTION('',(0.,0.,-1.));
#6852=DIRECTION('',(-1.,0.,0.));
#6853=DIRECTION('',(-0.328292656975908,-0.944576059073963,0.));
#6854=DIRECTION('',(0.944576059073963,-0.328292656975908,0.));
#6855=DIRECTION('',(0.,0.,-1.));
#6856=DIRECTION('',(-0.944576059073963,0.328292656975908,0.));
#6857=DIRECTION('',(0.,0.,-1.));
#6858=DIRECTION('',(-1.,0.,0.));
#6859=DIRECTION('',(0.,0.,1.));
#6860=DIRECTION('',(0.,0.,-1.));
#6861=DIRECTION('',(0.,1.,0.));
#6862=DIRECTION('',(0.341537384580206,0.939868190191642,0.));
#6863=DIRECTION('',(-0.939868190191642,0.341537384580206,0.));
#6864=DIRECTION('',(0.,0.,-1.));
#6865=DIRECTION('',(0.939868190191642,-0.341537384580206,0.));
#6866=DIRECTION('',(1.,0.,0.));
#6867=DIRECTION('',(0.,0.,-1.));
#6868=DIRECTION('',(0.,0.,-1.));
#6869=DIRECTION('',(0.,-1.,0.));
#6870=DIRECTION('',(0.342856301459442,-0.939387862679496,0.));
#6871=DIRECTION('',(0.939387862679496,0.342856301459442,0.));
#6872=DIRECTION('',(0.,0.,-1.));
#6873=DIRECTION('',(-0.939387862679496,-0.342856301459442,0.));
#6874=DIRECTION('',(-1.,0.,0.));
#6875=DIRECTION('',(0.,0.,1.));
#6876=DIRECTION('',(0.,0.,-1.));
#6877=DIRECTION('',(0.,1.,0.));
#6878=DIRECTION('',(-0.328292656975908,0.944576059073963,0.));
#6879=DIRECTION('',(-0.944576059073963,-0.328292656975908,0.));
#6880=DIRECTION('',(0.,0.,-1.));
#6881=DIRECTION('',(0.944576059073963,0.328292656975908,0.));
#6882=DIRECTION('',(-1.,0.,0.));
#6883=DIRECTION('',(0.,0.,1.));
#6884=DIRECTION('',(0.,1.,0.));
#6885=DIRECTION('',(-0.282942256806934,0.959136945025578,-3.8079866292051E-26));
#6886=DIRECTION('',(-0.959136945025578,-0.282942256806934,1.06316013748111E-32));
#6887=DIRECTION('',(0.959136945025578,0.282942256806934,0.));
#6888=DIRECTION('',(-0.959136945025578,-0.282942256806934,1.06316013748111E-32));
#6889=DIRECTION('',(0.,0.,-1.));
#6890=DIRECTION('',(1.,0.,0.));
#6891=DIRECTION('',(-0.492319434227509,-0.870414599304208,0.));
#6892=DIRECTION('',(0.870414599304208,-0.492319434227509,0.));
#6893=DIRECTION('',(0.,0.,-1.));
#6894=DIRECTION('',(-0.870414599304208,0.492319434227509,0.));
#6895=DIRECTION('',(0.,0.,-1.));
#6896=DIRECTION('',(-1.,0.,0.));
#6897=DIRECTION('',(0.,0.,1.));
#6898=DIRECTION('',(0.,0.,-1.));
#6899=DIRECTION('',(0.,1.,0.));
#6900=DIRECTION('',(0.,1.,0.));
#6901=DIRECTION('',(0.,0.,1.));
#6902=DIRECTION('',(0.,0.,-1.));
#6903=DIRECTION('',(1.,0.,0.));
#6904=DIRECTION('',(1.,0.,0.));
#6905=DIRECTION('',(0.,0.,-1.));
#6906=DIRECTION('',(0.,0.,-1.));
#6907=DIRECTION('',(0.,-1.,0.));
#6908=DIRECTION('',(0.,-1.,0.));
#6909=DIRECTION('',(0.,0.,-1.));
#6910=DIRECTION('',(0.,0.,-1.));
#6911=DIRECTION('',(-1.,0.,0.));
#6912=DIRECTION('',(0.,0.,-1.));
#6913=DIRECTION('',(0.0630269605562355,0.998011824701012,0.));
#6914=DIRECTION('',(0.,0.,-1.));
#6915=DIRECTION('',(0.,0.,-1.));
#6916=DIRECTION('',(-1.,0.,0.));
#6917=DIRECTION('',(0.494851946836334,0.868977301609363,0.));
#6918=DIRECTION('',(-0.868977301609363,0.494851946836334,0.));
#6919=DIRECTION('',(0.,0.,-1.));
#6920=DIRECTION('',(0.868977301609363,-0.494851946836334,0.));
#6921=DIRECTION('',(1.,0.,0.));
#6922=DIRECTION('',(0.,0.,-1.));
#6923=DIRECTION('',(0.,0.,-1.));
#6924=DIRECTION('',(0.,-1.,0.));
#6925=DIRECTION('',(0.,-1.,0.));
#6926=DIRECTION('',(0.,0.,-1.));
#6927=DIRECTION('',(0.,0.,-1.));
#6928=DIRECTION('',(-1.,0.,0.));
#6929=DIRECTION('',(-1.,0.,0.));
#6930=DIRECTION('',(0.,0.,1.));
#6931=DIRECTION('',(0.,0.,-1.));
#6932=DIRECTION('',(0.,1.,0.));
#6933=DIRECTION('',(0.,1.,0.));
#6934=DIRECTION('',(0.,0.,1.));
#6935=DIRECTION('',(0.,0.,-1.));
#6936=DIRECTION('',(1.,0.,0.));
#6937=DIRECTION('',(0.,0.,-1.));
#6938=DIRECTION('',(-0.0660848206038444,-0.997814008964475,0.));
#6939=DIRECTION('',(0.,0.,-1.));
#6940=DIRECTION('',(-1.,0.,0.));
#6941=DIRECTION('',(0.,0.,-1.));
#6942=DIRECTION('',(1.,0.,0.));
#6943=DIRECTION('',(-0.492319434227509,-0.870414599304208,0.));
#6944=DIRECTION('',(0.870414599304208,-0.492319434227509,0.));
#6945=DIRECTION('',(0.,0.,-1.));
#6946=DIRECTION('',(-0.870414599304208,0.492319434227509,0.));
#6947=DIRECTION('',(0.,0.,-1.));
#6948=DIRECTION('',(-1.,0.,0.));
#6949=DIRECTION('',(0.,0.,1.));
#6950=DIRECTION('',(0.,0.,-1.));
#6951=DIRECTION('',(0.,1.,0.));
#6952=DIRECTION('',(0.,1.,0.));
#6953=DIRECTION('',(0.,0.,1.));
#6954=DIRECTION('',(0.,0.,-1.));
#6955=DIRECTION('',(1.,0.,0.));
#6956=DIRECTION('',(1.,0.,0.));
#6957=DIRECTION('',(0.,0.,-1.));
#6958=DIRECTION('',(0.,0.,-1.));
#6959=DIRECTION('',(0.,-1.,0.));
#6960=DIRECTION('',(0.,-1.,0.));
#6961=DIRECTION('',(0.,0.,-1.));
#6962=DIRECTION('',(0.,0.,-1.));
#6963=DIRECTION('',(-1.,0.,0.));
#6964=DIRECTION('',(0.,0.,-1.));
#6965=DIRECTION('',(0.0630269605562482,0.998011824701011,0.));
#6966=DIRECTION('',(0.,0.,-1.));
#6967=DIRECTION('',(0.,0.,-1.));
#6968=DIRECTION('',(-1.,0.,0.));
#6969=DIRECTION('',(0.494851946836334,0.868977301609363,0.));
#6970=DIRECTION('',(-0.868977301609363,0.494851946836334,0.));
#6971=DIRECTION('',(0.,0.,-1.));
#6972=DIRECTION('',(0.868977301609363,-0.494851946836334,0.));
#6973=DIRECTION('',(1.,0.,0.));
#6974=DIRECTION('',(0.,0.,-1.));
#6975=DIRECTION('',(0.,0.,-1.));
#6976=DIRECTION('',(0.,-1.,0.));
#6977=DIRECTION('',(0.,-1.,0.));
#6978=DIRECTION('',(0.,0.,-1.));
#6979=DIRECTION('',(0.,0.,-1.));
#6980=DIRECTION('',(-1.,0.,0.));
#6981=DIRECTION('',(-1.,0.,0.));
#6982=DIRECTION('',(0.,0.,1.));
#6983=DIRECTION('',(0.,0.,-1.));
#6984=DIRECTION('',(0.,1.,0.));
#6985=DIRECTION('',(0.,1.,0.));
#6986=DIRECTION('',(0.,0.,1.));
#6987=DIRECTION('',(0.,0.,-1.));
#6988=DIRECTION('',(1.,0.,0.));
#6989=DIRECTION('',(0.,0.,-1.));
#6990=DIRECTION('',(-0.0660848206038045,-0.997814008964478,0.));
#6991=DIRECTION('',(0.,0.,-1.));
#6992=DIRECTION('',(-1.,0.,0.));
#6993=DIRECTION('',(0.,0.,-1.));
#6994=DIRECTION('',(1.,0.,0.));
#6995=DIRECTION('',(0.,-1.,0.));
#6996=DIRECTION('',(0.,0.,-1.));
#6997=DIRECTION('',(0.,0.,-1.));
#6998=DIRECTION('',(-1.,0.,0.));
#6999=DIRECTION('',(0.,0.,-1.));
#7000=DIRECTION('',(-1.,0.,0.));
#7001=DIRECTION('',(0.,0.,1.));
#7002=DIRECTION('',(0.,0.,-1.));
#7003=DIRECTION('',(0.,1.,0.));
#7004=DIRECTION('',(0.,1.,0.));
#7005=DIRECTION('',(0.,0.,1.));
#7006=DIRECTION('',(0.,0.,-1.));
#7007=DIRECTION('',(1.,0.,0.));
#7008=DIRECTION('',(1.,0.,0.));
#7009=DIRECTION('',(0.,0.,-1.));
#7010=DIRECTION('',(0.,0.,-1.));
#7011=DIRECTION('',(0.,-1.,0.));
#7012=DIRECTION('',(0.,1.,0.));
#7013=DIRECTION('',(0.,0.,1.));
#7014=DIRECTION('',(0.,0.,-1.));
#7015=DIRECTION('',(1.,0.,0.));
#7016=DIRECTION('',(-1.,0.,0.));
#7017=DIRECTION('',(0.,0.,1.));
#7018=DIRECTION('',(0.,0.,-1.));
#7019=DIRECTION('',(0.,1.,0.));
#7020=DIRECTION('',(0.,1.,0.));
#7021=DIRECTION('',(0.,0.,1.));
#7022=DIRECTION('',(0.,0.,-1.));
#7023=DIRECTION('',(1.,0.,0.));
#7024=DIRECTION('',(1.,0.,0.));
#7025=DIRECTION('',(0.,0.,-1.));
#7026=DIRECTION('',(0.,0.,-1.));
#7027=DIRECTION('',(0.,-1.,0.));
#7028=DIRECTION('',(0.,1.,0.));
#7029=DIRECTION('',(0.,0.,1.));
#7030=DIRECTION('',(0.,0.,-1.));
#7031=DIRECTION('',(1.,0.,0.));
#7032=DIRECTION('',(-1.,0.,0.));
#7033=DIRECTION('',(0.,0.,1.));
#7034=DIRECTION('',(0.,0.,-1.));
#7035=DIRECTION('',(0.,1.,0.));
#7036=DIRECTION('',(0.,1.,0.));
#7037=DIRECTION('',(0.,0.,1.));
#7038=DIRECTION('',(0.,0.,-1.));
#7039=DIRECTION('',(1.,0.,0.));
#7040=DIRECTION('',(1.,0.,0.));
#7041=DIRECTION('',(0.,0.,-1.));
#7042=DIRECTION('',(0.,-1.,0.));
#7043=DIRECTION('',(0.,0.,-1.));
#7044=DIRECTION('',(1.,0.,0.));
#7045=DIRECTION('',(0.,1.,0.));
#7046=DIRECTION('',(0.,0.,1.));
#7047=DIRECTION('',(0.,0.,-1.));
#7048=DIRECTION('',(1.,0.,0.));
#7049=DIRECTION('',(0.,0.,-1.));
#7050=DIRECTION('',(-1.,0.,0.));
#7051=DIRECTION('',(0.,0.,1.));
#7052=DIRECTION('',(0.,0.,-1.));
#7053=DIRECTION('',(0.,1.,0.));
#7054=DIRECTION('',(0.,1.,0.));
#7055=DIRECTION('',(0.,0.,1.));
#7056=DIRECTION('',(0.,0.,-1.));
#7057=DIRECTION('',(1.,0.,0.));
#7058=DIRECTION('',(1.,0.,0.));
#7059=DIRECTION('',(0.,0.,-1.));
#7060=DIRECTION('',(0.,0.,-1.));
#7061=DIRECTION('',(0.,-1.,0.));
#7062=DIRECTION('',(0.,-1.,0.));
#7063=DIRECTION('',(0.,0.,-1.));
#7064=DIRECTION('',(0.,0.,-1.));
#7065=DIRECTION('',(-1.,0.,0.));
#7066=DIRECTION('',(-1.,0.,0.));
#7067=DIRECTION('',(0.,0.,1.));
#7068=DIRECTION('',(0.,0.,-1.));
#7069=DIRECTION('',(0.,1.,0.));
#7070=DIRECTION('',(0.,-1.,0.));
#7071=DIRECTION('',(0.,0.,-1.));
#7072=DIRECTION('',(0.,0.,-1.));
#7073=DIRECTION('',(-1.,0.,0.));
#7074=DIRECTION('',(-1.,0.,0.));
#7075=DIRECTION('',(0.,0.,1.));
#7076=DIRECTION('',(0.,1.,0.));
#7077=DIRECTION('',(0.,0.,-1.));
#7078=DIRECTION('',(1.,0.,0.));
#7079=DIRECTION('',(0.,0.,-1.));
#7080=DIRECTION('',(1.,0.,0.));
#7081=DIRECTION('',(0.,0.,-1.));
#7082=DIRECTION('',(1.,0.,0.));
#7083=DIRECTION('',(0.,-1.,0.));
#7084=DIRECTION('',(0.,0.,-1.));
#7085=DIRECTION('',(-1.,0.,0.));
#7086=DIRECTION('',(0.,-1.,0.));
#7087=DIRECTION('',(0.,0.,-1.));
#7088=DIRECTION('',(-1.,0.,0.));
#7089=DIRECTION('',(0.,-1.,0.));
#7090=DIRECTION('',(0.,0.,-1.));
#7091=DIRECTION('',(-1.,0.,0.));
#7092=DIRECTION('',(0.,-1.,0.));
#7093=DIRECTION('',(0.,0.,-1.));
#7094=DIRECTION('',(-1.,0.,0.));
#7095=DIRECTION('',(0.,-1.,0.));
#7096=DIRECTION('',(0.,0.,-1.));
#7097=DIRECTION('',(-1.,0.,0.));
#7098=DIRECTION('',(0.,0.,1.));
#7099=DIRECTION('',(0.,-1.,0.));
#7100=DIRECTION('',(0.,0.,-1.));
#7101=DIRECTION('',(0.,0.,1.));
#7102=DIRECTION('',(-1.,0.,0.));
#7103=DIRECTION('',(0.,-1.,0.));
#7104=DIRECTION('',(0.,0.,-1.));
#7105=DIRECTION('',(-1.,0.,0.));
#7106=DIRECTION('',(0.,0.,1.));
#7107=DIRECTION('',(-1.,0.,0.));
#7108=DIRECTION('',(0.,0.,1.));
#7109=DIRECTION('',(-1.,0.,0.));
#7110=DIRECTION('',(0.,0.,1.));
#7111=DIRECTION('',(1.,0.,0.));
#7112=DIRECTION('',(0.,0.,-1.));
#7113=DIRECTION('',(-1.,0.,3.64246399155236E-14));
#7114=DIRECTION('',(3.64246399155236E-14,0.,1.));
#7115=DIRECTION('',(-0.776590789979858,3.97608989522534E-14,0.630005353087147));
#7116=DIRECTION('',(0.630005353087147,0.,0.776590789979858));
#7117=DIRECTION('',(0.,0.,1.));
#7118=DIRECTION('',(1.,0.,0.));
#7119=DIRECTION('',(0.767015555701307,-0.641628504130089,0.));
#7120=DIRECTION('',(0.641628504130089,0.767015555701307,0.));
#7121=DIRECTION('',(0.,0.,1.));
#7122=DIRECTION('',(1.,0.,0.));
#7123=DIRECTION('',(-0.891195649854357,0.453619128433393,0.));
#7124=DIRECTION('',(-0.453619128433393,-0.891195649854357,0.));
#7125=DIRECTION('',(1.,0.,0.));
#7126=DIRECTION('',(0.,0.,-1.));
#7127=DIRECTION('',(-1.,0.,0.));
#7128=DIRECTION('',(0.,0.,1.));
#7129=DIRECTION('',(0.,-1.,0.));
#7130=DIRECTION('',(0.,0.,-1.));
#7131=DIRECTION('',(-1.,0.,0.));
#7132=DIRECTION('',(0.,0.,1.));
#7133=DIRECTION('',(0.,0.,1.));
#7134=DIRECTION('',(1.,0.,0.));
#7135=DIRECTION('',(0.,-1.,0.));
#7136=DIRECTION('',(0.,0.,-1.));
#7137=DIRECTION('',(-0.776590789979982,0.,0.630005353086994));
#7138=DIRECTION('',(0.630005353086994,0.,0.776590789979982));
#7139=DIRECTION('',(-1.,0.,0.));
#7140=DIRECTION('',(0.,0.,1.));
#7141=DIRECTION('',(-1.,-3.64246399155229E-14,0.));
#7142=DIRECTION('',(3.64246399155229E-14,-1.,0.));
#7143=DIRECTION('',(0.,-1.,0.));
#7144=DIRECTION('',(0.,0.,-1.));
#7145=DIRECTION('',(0.,-1.,0.));
#7146=DIRECTION('',(0.,0.,-1.));
#7147=DIRECTION('',(0.,0.,1.));
#7148=DIRECTION('',(1.,0.,0.));
#7149=DIRECTION('',(0.767015555701502,0.641628504129855,2.79382654260324E-14));
#7150=DIRECTION('',(-0.641628504129855,0.767015555701502,0.));
#7151=DIRECTION('',(0.,0.,1.));
#7152=DIRECTION('',(1.,0.,0.));
#7153=DIRECTION('',(0.891195649854357,0.453619128433393,2.9217309186699E-16));
#7154=DIRECTION('',(-0.453619128433393,0.891195649854357,0.));
#7155=DIRECTION('',(0.,0.,1.));
#7156=DIRECTION('',(1.,0.,0.));
#7157=DIRECTION('',(-1.,0.,0.));
#7158=DIRECTION('',(0.,0.,1.));
#7159=DIRECTION('',(-1.,0.,0.));
#7160=DIRECTION('',(0.,0.,1.));
#7161=DIRECTION('',(-1.,0.,0.));
#7162=DIRECTION('',(0.,0.,1.));
#7163=DIRECTION('',(1.,0.,0.));
#7164=DIRECTION('',(0.,0.,-1.));
#7165=DIRECTION('',(-1.,0.,0.));
#7166=DIRECTION('',(0.,0.,1.));
#7167=DIRECTION('',(-1.,0.,0.));
#7168=DIRECTION('',(0.,0.,1.));
#7169=DIRECTION('',(1.,0.,0.));
#7170=DIRECTION('',(0.,0.,-1.));
#7171=DIRECTION('',(1.,0.,0.));
#7172=DIRECTION('',(0.,0.,-1.));
#7173=DIRECTION('',(-1.,0.,0.));
#7174=DIRECTION('',(0.,0.,1.));
#7175=DIRECTION('',(-1.,0.,0.));
#7176=DIRECTION('',(0.,0.,1.));
#7177=DIRECTION('',(0.272010494094074,0.962294285082634,0.));
#7178=DIRECTION('',(-0.962294285082634,0.272010494094074,0.));
#7179=DIRECTION('',(0.272010494094074,0.962294285082634,0.));
#7180=DIRECTION('',(0.962294285082634,-0.272010494094074,0.));
#7181=DIRECTION('',(0.272010494094074,0.962294285082634,0.));
#7182=DIRECTION('',(0.962294285082634,-0.272010494094074,0.));
#7183=DIRECTION('',(0.962294285082634,-0.272010494094074,0.));
#7184=DIRECTION('',(0.,0.,1.));
#7185=DIRECTION('',(1.,0.,0.));
#7186=DIRECTION('',(-0.26908838981898,-0.963115485528412,0.));
#7187=DIRECTION('',(0.,0.,1.));
#7188=DIRECTION('',(1.,0.,0.));
#7189=DIRECTION('',(0.,0.,1.));
#7190=DIRECTION('',(1.,0.,0.));
#7191=DIRECTION('',(-0.26908838981898,0.963115485528412,0.));
#7192=DIRECTION('',(0.,0.,1.));
#7193=DIRECTION('',(1.,0.,0.));
#7194=DIRECTION('',(0.26908838981898,-0.963115485528412,0.));
#7195=DIRECTION('',(0.963115485528412,0.26908838981898,0.));
#7196=DIRECTION('',(0.26908838981898,-0.963115485528412,0.));
#7197=DIRECTION('',(0.963115485528412,0.26908838981898,0.));
#7198=DIRECTION('',(0.26908838981898,-0.963115485528412,0.));
#7199=DIRECTION('',(0.963115485528412,0.26908838981898,0.));
#7200=DIRECTION('',(-0.963115485528412,-0.26908838981898,0.));
#7201=DIRECTION('',(0.272010494094069,-0.962294285082635,0.));
#7202=DIRECTION('',(0.962294285082635,0.272010494094069,0.));
#7203=DIRECTION('',(-0.962294285082635,-0.272010494094069,0.));
#7204=DIRECTION('',(0.272010494094069,-0.962294285082635,0.));
#7205=DIRECTION('',(-0.962294285082635,-0.272010494094069,0.));
#7206=DIRECTION('',(0.272010494094069,-0.962294285082635,0.));
#7207=DIRECTION('',(0.962294285082635,0.272010494094069,0.));
#7208=DIRECTION('',(-0.26908838981898,-0.963115485528412,0.));
#7209=DIRECTION('',(0.963115485528412,-0.26908838981898,0.));
#7210=DIRECTION('',(-0.26908838981898,-0.963115485528412,0.));
#7211=DIRECTION('',(-0.26908838981898,0.963115485528412,0.));
#7212=DIRECTION('',(-0.963115485528412,-0.26908838981898,0.));
#7213=DIRECTION('',(-0.26908838981898,0.963115485528412,0.));
#7214=DIRECTION('',(-0.269088389818974,-0.963115485528414,0.));
#7215=DIRECTION('',(0.963115485528413,-0.269088389818974,0.));
#7216=DIRECTION('',(-0.272323191778982,-0.962205840358137,0.));
#7217=DIRECTION('',(0.962205840358137,-0.272323191778982,0.));
#7218=DIRECTION('',(-0.269088389818974,-0.963115485528414,0.));
#7219=DIRECTION('',(-0.26908838981898,-0.963115485528412,0.));
#7220=DIRECTION('',(0.963115485528412,-0.26908838981898,0.));
#7221=DIRECTION('',(0.269088389818974,-0.963115485528414,0.));
#7222=DIRECTION('',(0.963115485528413,0.269088389818974,0.));
#7223=DIRECTION('',(0.26908838981898,-0.963115485528412,0.));
#7224=DIRECTION('',(0.963115485528412,0.26908838981898,0.));
#7225=DIRECTION('',(0.269088389818974,-0.963115485528414,0.));
#7226=DIRECTION('',(-0.272323191778979,0.962205840358138,0.));
#7227=DIRECTION('',(-0.962205840358138,-0.272323191778979,0.));
#7228=DIRECTION('',(0.,0.,1.));
#7229=DIRECTION('',(1.,0.,0.));
#7230=DIRECTION('',(0.,0.,1.));
#7231=DIRECTION('',(1.,0.,0.));
#7232=DIRECTION('',(-1.,0.,0.));
#7233=DIRECTION('',(0.,0.,1.));
#7234=DIRECTION('',(0.,1.,0.));
#7235=DIRECTION('',(0.,0.,1.));
#7236=DIRECTION('',(0.,1.,0.));
#7237=DIRECTION('',(0.,0.,1.));
#7238=DIRECTION('',(0.,1.,0.));
#7239=DIRECTION('',(0.,0.,1.));
#7240=DIRECTION('',(0.,1.,0.));
#7241=DIRECTION('',(0.,0.,1.));
#7242=DIRECTION('',(0.,1.,0.));
#7243=DIRECTION('',(0.,0.,1.));
#7244=DIRECTION('',(0.931940612462374,0.362610941427938,0.));
#7245=DIRECTION('',(-0.362610941427938,0.931940612462374,0.));
#7246=DIRECTION('',(0.931940612462362,-0.36261094142797,0.));
#7247=DIRECTION('',(0.36261094142797,0.931940612462362,0.));
#7248=DIRECTION('',(0.,1.,0.));
#7249=DIRECTION('',(0.,0.,1.));
#7250=DIRECTION('',(0.,1.,0.));
#7251=DIRECTION('',(0.,0.,1.));
#7252=DIRECTION('',(0.,-1.,0.));
#7253=DIRECTION('',(0.,0.,-1.));
#7254=DIRECTION('',(1.,0.,0.));
#7255=DIRECTION('',(0.,0.,-1.));
#7256=DIRECTION('',(0.577612943212189,0.816310778952325,0.));
#7257=DIRECTION('',(-0.816310778952325,0.57761294321219,0.));
#7258=DIRECTION('',(0.,0.,-1.));
#7259=DIRECTION('',(-1.,0.,0.));
#7260=DIRECTION('',(-0.577612943212189,0.816310778952325,0.));
#7261=DIRECTION('',(-0.816310778952325,-0.57761294321219,0.));
#7262=DIRECTION('',(0.,-1.,0.));
#7263=DIRECTION('',(0.,0.,-1.));
#7264=DIRECTION('',(0.,0.81923192051904,-0.573462344363329));
#7265=DIRECTION('',(0.,-0.573462344363329,-0.81923192051904));
#7266=DIRECTION('',(0.,0.573462344363331,-0.819231920519039));
#7267=DIRECTION('',(0.,-0.819231920519039,-0.573462344363331));
#7268=DIRECTION('',(0.,0.,-1.));
#7269=DIRECTION('',(-1.,0.,0.));
#7270=DIRECTION('',(0.,-1.,0.));
#7271=DIRECTION('',(0.,0.,-1.));
#7272=DIRECTION('',(0.,-0.81923192051904,-0.573462344363329));
#7273=DIRECTION('',(0.,-0.573462344363329,0.81923192051904));
#7274=DIRECTION('',(0.,-0.573462344363331,-0.819231920519039));
#7275=DIRECTION('',(0.,-0.819231920519039,0.573462344363331));
#7276=DIRECTION('',(0.,0.,1.));
#7277=DIRECTION('',(1.,0.,0.));
#7278=DIRECTION('',(0.,0.,-1.));
#7279=DIRECTION('',(-1.,0.,0.));
#7280=DIRECTION('',(0.,0.,-1.));
#7281=DIRECTION('',(0.,0.,1.));
#7282=DIRECTION('',(1.,0.,0.));
#7283=DIRECTION('',(1.,0.,0.));
#7284=DIRECTION('',(0.,0.,-1.));
#7285=DIRECTION('',(0.,0.,1.));
#7286=DIRECTION('',(0.,-1.,0.));
#7287=DIRECTION('',(0.,0.,1.));
#7288=DIRECTION('',(0.,0.,-1.));
#7289=DIRECTION('',(-1.,0.,0.));
#7290=DIRECTION('',(0.,0.,1.));
#7291=DIRECTION('',(1.,0.,0.));
#7292=DIRECTION('',(0.,0.,-1.));
#7293=DIRECTION('',(0.,0.,-1.));
#7294=DIRECTION('',(0.,0.,1.));
#7295=DIRECTION('',(1.,0.,0.));
#7296=DIRECTION('',(0.,0.,1.));
#7297=DIRECTION('',(1.,0.,0.));
#7298=DIRECTION('',(0.,-1.,0.));
#7299=DIRECTION('',(0.,0.,1.));
#7300=DIRECTION('',(1.,0.,0.));
#7301=DIRECTION('',(0.,1.,0.));
#7302=DIRECTION('',(0.,0.,1.));
#7303=DIRECTION('',(1.,0.,0.));
#7304=DIRECTION('',(0.,0.,1.));
#7305=DIRECTION('',(1.,0.,0.));
#7306=DIRECTION('',(0.,1.,0.));
#7307=DIRECTION('',(0.,0.,1.));
#7308=DIRECTION('',(1.,0.,0.));
#7309=DIRECTION('',(0.,-1.,0.));
#7310=DIRECTION('',(0.,0.,1.));
#7311=DIRECTION('',(1.,0.,0.));
#7312=DIRECTION('',(0.,0.,1.));
#7313=DIRECTION('',(1.,0.,0.));
#7314=DIRECTION('',(0.,0.,-1.));
#7315=DIRECTION('',(-1.,0.,0.));
#7316=DIRECTION('',(0.,0.,1.));
#7317=DIRECTION('',(1.,0.,0.));
#7318=DIRECTION('',(0.,0.,-1.));
#7319=DIRECTION('',(0.,0.,-1.));
#7320=DIRECTION('',(1.,0.,0.));
#7321=DIRECTION('',(0.,0.,-1.));
#7322=DIRECTION('',(0.,0.,1.));
#7323=DIRECTION('',(0.,-1.,0.));
#7324=DIRECTION('',(0.,0.,-1.));
#7325=DIRECTION('',(-1.,0.,0.));
#7326=DIRECTION('',(0.,0.,-1.));
#7327=DIRECTION('',(0.,0.,1.));
#7328=DIRECTION('',(1.,0.,0.));
#7329=DIRECTION('',(0.,0.,-1.));
#7330=DIRECTION('',(-1.,0.,0.));
#7331=DIRECTION('',(0.,0.,1.));
#7332=DIRECTION('',(0.,0.,1.));
#7333=DIRECTION('',(0.,1.,0.));
#7334=DIRECTION('',(0.,0.,-1.));
#7335=DIRECTION('',(0.,0.,1.));
#7336=DIRECTION('',(1.,0.,0.));
#7337=DIRECTION('',(0.,0.,1.));
#7338=DIRECTION('',(1.,0.,0.));
#7339=DIRECTION('',(0.,1.,0.));
#7340=DIRECTION('',(0.,0.,1.));
#7341=DIRECTION('',(1.,0.,0.));
#7342=DIRECTION('',(0.,-1.,0.));
#7343=DIRECTION('',(0.,-1.,0.));
#7344=DIRECTION('',(0.,0.,-1.));
#7345=DIRECTION('',(0.,1.,0.));
#7346=DIRECTION('',(0.,0.,1.));
#7347=DIRECTION('',(1.,0.,0.));
#7348=DIRECTION('',(0.710426966987522,0.703770931892552,7.72674738539957E-14));
#7349=DIRECTION('',(-0.703770931892552,0.710426966987522,0.));
#7350=DIRECTION('',(0.,0.,-1.));
#7351=DIRECTION('',(-1.,0.,0.));
#7352=DIRECTION('',(0.,0.,1.));
#7353=DIRECTION('',(1.,0.,0.));
#7354=DIRECTION('',(0.,1.,0.));
#7355=DIRECTION('',(0.,0.,1.));
#7356=DIRECTION('',(0.,-5.46369598732858E-14,1.));
#7357=DIRECTION('',(0.,-1.,-5.46369598732858E-14));
#7358=DIRECTION('',(-5.46369598732858E-14,1.,0.));
#7359=DIRECTION('',(-1.,-5.46369598732858E-14,0.));
#7360=DIRECTION('',(0.,1.,0.));
#7361=DIRECTION('',(0.,0.,1.));
#7362=DIRECTION('',(0.,-1.,0.));
#7363=DIRECTION('',(0.,0.,1.));
#7364=DIRECTION('',(1.,0.,0.));
#7365=DIRECTION('',(0.710426966987577,-0.703770931892497,0.));
#7366=DIRECTION('',(0.703770931892497,0.710426966987576,0.));
#7367=DIRECTION('',(0.,-1.,0.));
#7368=DIRECTION('',(0.,0.,-1.));
#7369=DIRECTION('',(0.,-1.,5.46369598732858E-14));
#7370=DIRECTION('',(0.,-5.46369598732858E-14,-1.));
#7371=DIRECTION('',(0.,5.46369598732858E-14,1.));
#7372=DIRECTION('',(0.,-1.,5.46369598732858E-14));
#7373=DIRECTION('',(0.,0.,1.));
#7374=DIRECTION('',(1.,0.,0.));
#7375=DIRECTION('',(0.,0.,-1.));
#7376=DIRECTION('',(-1.,0.,0.));
#7377=DIRECTION('',(0.,0.,-1.));
#7378=DIRECTION('',(-1.,0.,0.));
#7379=DIRECTION('',(0.,0.,1.));
#7380=DIRECTION('',(1.,0.,0.));
#7381=DIRECTION('',(0.,0.,1.));
#7382=DIRECTION('',(1.,0.,0.));
#7383=DIRECTION('',(0.710426966987577,-0.703770931892497,0.));
#7384=DIRECTION('',(0.703770931892497,0.710426966987576,0.));
#7385=DIRECTION('',(0.,-1.,0.));
#7386=DIRECTION('',(0.,0.,-1.));
#7387=DIRECTION('',(0.,-1.,0.));
#7388=DIRECTION('',(0.,1.,0.));
#7389=DIRECTION('',(0.,0.,1.));
#7390=DIRECTION('',(0.,1.,0.));
#7391=DIRECTION('',(0.,5.46369598732858E-14,1.));
#7392=DIRECTION('',(0.,-1.,5.46369598732858E-14));
#7393=DIRECTION('',(0.,-1.,5.46369598732858E-14));
#7394=DIRECTION('',(0.,-5.46369598732858E-14,-1.));
#7395=DIRECTION('',(0.,1.,0.));
#7396=DIRECTION('',(0.,0.,1.));
#7397=DIRECTION('',(0.,-1.,0.));
#7398=DIRECTION('',(0.,0.,-1.));
#7399=DIRECTION('',(-5.46369598732858E-14,1.,0.));
#7400=DIRECTION('',(-1.,-5.46369598732858E-14,0.));
#7401=DIRECTION('',(0.,0.,1.));
#7402=DIRECTION('',(1.,0.,0.));
#7403=DIRECTION('',(0.710426966987522,0.703770931892552,7.72674738539957E-14));
#7404=DIRECTION('',(-0.703770931892552,0.710426966987522,0.));
#7405=DIRECTION('',(0.,-5.46369598732858E-14,1.));
#7406=DIRECTION('',(0.,-1.,-5.46369598732858E-14));
#7407=DIRECTION('',(0.,0.,1.));
#7408=DIRECTION('',(1.,0.,0.));
#7409=DIRECTION('',(0.,0.,-1.));
#7410=DIRECTION('',(-1.,0.,0.));
#7411=DIRECTION('',(-0.963115485528412,0.26908838981898,0.));
#7412=DIRECTION('',(-0.26908838981898,-0.963115485528412,0.));
#7413=DIRECTION('',(0.963115485528413,-0.269088389818977,-1.63357461743403E-14));
#7414=DIRECTION('',(0.269088389818977,0.963115485528413,0.));
#7415=DIRECTION('',(0.962294285082634,-0.272010494094074,0.));
#7416=DIRECTION('',(0.272010494094074,0.962294285082634,0.));
#7417=DIRECTION('',(0.962294285082633,-0.272010494094077,0.));
#7418=DIRECTION('',(0.272010494094077,0.962294285082633,0.));
#7419=DIRECTION('',(-0.26908838981898,-0.963115485528412,0.));
#7420=DIRECTION('',(0.963115485528412,-0.26908838981898,0.));
#7421=DIRECTION('',(0.26908838981898,0.963115485528412,0.));
#7422=DIRECTION('',(-0.963115485528412,0.26908838981898,0.));
#7423=DIRECTION('',(-0.962294285082635,-0.272010494094069,0.));
#7424=DIRECTION('',(0.272010494094069,-0.962294285082635,0.));
#7425=DIRECTION('',(0.962294285082633,0.272010494094077,0.));
#7426=DIRECTION('',(-0.272010494094077,0.962294285082633,0.));
#7427=DIRECTION('',(0.963115485528412,0.26908838981898,0.));
#7428=DIRECTION('',(-0.26908838981898,0.963115485528412,0.));
#7429=DIRECTION('',(0.963115485528417,0.269088389818961,0.));
#7430=DIRECTION('',(-0.269088389818961,0.963115485528417,0.));
#7431=DIRECTION('',(-0.26908838981898,0.963115485528412,0.));
#7432=DIRECTION('',(-0.963115485528412,-0.26908838981898,0.));
#7433=DIRECTION('',(0.26908838981898,-0.963115485528412,0.));
#7434=DIRECTION('',(0.963115485528412,0.26908838981898,0.));
#7435=DIRECTION('',(0.,0.,-1.));
#7436=DIRECTION('',(-1.,0.,0.));
#7437=DIRECTION('',(0.,0.,-1.));
#7438=DIRECTION('',(-1.,0.,0.));
#7439=DIRECTION('',(0.,0.,1.));
#7440=DIRECTION('',(1.,0.,0.));
#7441=DIRECTION('',(0.,0.,-1.));
#7442=DIRECTION('',(-1.,0.,0.));
#7443=DIRECTION('',(0.,0.,-1.));
#7444=DIRECTION('',(-1.,0.,0.));
#7445=DIRECTION('',(0.,0.,-1.));
#7446=DIRECTION('',(-1.,0.,0.));
#7447=DIRECTION('',(0.,0.,1.));
#7448=DIRECTION('',(1.,0.,0.));
#7449=DIRECTION('',(0.,0.,-1.));
#7450=DIRECTION('',(-1.,0.,0.));
#7451=DIRECTION('',(0.,0.,1.));
#7452=DIRECTION('',(1.,0.,0.));
#7453=DIRECTION('',(0.,-1.,0.));
#7454=DIRECTION('',(0.,0.,-1.));
#7455=DIRECTION('',(0.,0.,1.));
#7456=DIRECTION('',(1.,0.,0.));
#7457=DIRECTION('',(0.,-1.,0.));
#7458=DIRECTION('',(0.,0.,-1.));
#7459=DIRECTION('',(0.,-1.,0.));
#7460=DIRECTION('',(0.,0.,-1.));
#7461=DIRECTION('',(0.,0.,1.));
#7462=DIRECTION('',(1.,0.,0.));
#7463=CARTESIAN_POINT('',(0.,0.,0.));
#7464=CARTESIAN_POINT('',(0.0527522987323562,0.0873439546779345,0.03877));
#7465=CARTESIAN_POINT('',(0.0364741449816125,0.030759144981613,0.03877));
#7466=CARTESIAN_POINT('',(0.0527822318591572,0.0715164722198462,0.03877));
#7467=CARTESIAN_POINT('',(0.0530362318591572,0.0714139196024448,0.03877));
#7468=CARTESIAN_POINT('',(0.0530362318591572,0.0857591449816142,0.03877));
#7469=CARTESIAN_POINT('',(0.0530362318591572,0.0714045566783936,0.03877));
#7470=CARTESIAN_POINT('',(0.0530108318591572,0.0711773721718797,0.03877));
#7471=CARTESIAN_POINT('',(0.0527822318591572,0.0711773721718797,0.03877));
#7472=CARTESIAN_POINT('',(0.0527822318591572,0.0749660396035212,0.03877));
#7473=CARTESIAN_POINT('',(0.0527822318591572,0.0710421677925956,0.03877));
#7474=CARTESIAN_POINT('',(0.0525282318591572,0.0710421677925956,0.03877));
#7475=CARTESIAN_POINT('',(0.0523494740424565,0.0708617193429807,0.03877));
#7476=CARTESIAN_POINT('',(0.0471802330453442,0.0656435893566649,0.03877));
#7477=CARTESIAN_POINT('',(0.0493059912796809,0.0726743137126231,0.03877));
#7478=CARTESIAN_POINT('',(0.0491066385211398,0.0725624368264399,0.03877));
#7479=CARTESIAN_POINT('',(0.0491727655691137,0.072781263638157,0.03877));
#7480=CARTESIAN_POINT('',(0.0364741449816125,0.030759144981613,0.03877));
#7481=CARTESIAN_POINT('',(0.0527522987323562,0.0873439546779345,0.03877));
#7482=CARTESIAN_POINT('',(0.051857996553565,0.0939789793975454,0.03877));
#7483=CARTESIAN_POINT('',(0.0530362318591572,0.0937597354744859,0.03877));
#7484=CARTESIAN_POINT('',(0.0491484581575752,0.0944831654669984,0.03877));
#7485=CARTESIAN_POINT('',(0.0530362318591572,0.0938069993412134,0.03877));
#7486=CARTESIAN_POINT('',(0.0530362318591572,0.0937591223964154,0.03877));
#7487=CARTESIAN_POINT('',(0.0530108318591572,0.093531937889901,0.03877));
#7488=CARTESIAN_POINT('',(0.0527822318591572,0.093531937889901,0.03877));
#7489=CARTESIAN_POINT('',(0.0527822318591572,0.0965522503597089,0.03877));
#7490=CARTESIAN_POINT('',(0.0527822318591572,0.0926283785487833,0.03877));
#7491=CARTESIAN_POINT('',(0.0525282318591572,0.0926283785487833,0.03877));
#7492=CARTESIAN_POINT('',(0.0523494740424565,0.0924479300991685,0.03877));
#7493=CARTESIAN_POINT('',(0.0471802330453442,0.0872298001128527,0.03877));
#7494=CARTESIAN_POINT('',(0.0493352385211398,0.0942516150092741,0.03877));
#7495=CARTESIAN_POINT('',(0.0493352385211398,0.0965522503597089,0.03877));
#7496=CARTESIAN_POINT('',(0.0493352385211398,0.0942584232190599,0.03877));
#7497=CARTESIAN_POINT('',(0.0491066385211398,0.0942584232190599,0.03877));
#7498=CARTESIAN_POINT('',(0.0436691340505168,0.0857591449816142,0.03877));
#7499=CARTESIAN_POINT('',(0.0530362318591572,0.0857591449816142,0.03877));
#7500=CARTESIAN_POINT('',(0.0530362318591572,0.077758554488739,0.03877));
#7501=CARTESIAN_POINT('',(0.0364741449816125,0.030759144981613,0.03877));
#7502=CARTESIAN_POINT('',(0.0602953414435638,0.0676327672654502,0.03877));
#7503=CARTESIAN_POINT('',(0.0616796849976238,0.0697756386953133,0.03877));
#7504=CARTESIAN_POINT('',(0.0632176044689758,0.0677401759124976,0.03877));
#7505=CARTESIAN_POINT('',(0.063592540799152,0.0680234637660331,0.03877));
#7506=CARTESIAN_POINT('',(0.0639674771293282,0.0683067516195686,0.03877));
#7507=CARTESIAN_POINT('',(0.0629548201760724,0.0696470204558163,0.03877));
#7508=CARTESIAN_POINT('',(0.0646050429327487,0.0699609623481179,0.03877));
#7509=CARTESIAN_POINT('',(0.0611907102140119,0.0690070193294497,0.03877));
#7510=CARTESIAN_POINT('',(0.06253646451096,0.0693830145888957,0.03877));
#7511=CARTESIAN_POINT('',(0.06253646451096,0.0693830145888957,0.03877));
#7512=CARTESIAN_POINT('',(0.0620552211683488,0.0692485582354052,0.03877));
#7513=CARTESIAN_POINT('',(0.0615513885008597,0.069357877693529,0.03877));
#7514=CARTESIAN_POINT('',(0.0610676830021867,0.0694473557294333,0.03877));
#7515=CARTESIAN_POINT('',(0.0610676830021867,0.0694473557294333,0.03877));
#7516=CARTESIAN_POINT('',(0.0597690624329203,0.0740953510625934,0.03877));
#7517=CARTESIAN_POINT('',(0.0598323202845119,0.073868939895281,0.03877));
#7518=CARTESIAN_POINT('',(0.0610525701201238,0.0746889808878712,0.03877));
#7519=CARTESIAN_POINT('',(0.0605717351760487,0.0745530638895651,0.03877));
#7520=CARTESIAN_POINT('',(0.060198605392561,0.0741972911048384,0.03877));
#7521=CARTESIAN_POINT('',(0.0598323202845092,0.0738689398952802,0.03877));
#7522=CARTESIAN_POINT('',(0.0610525701201238,0.0746889808878711,0.03877));
#7523=CARTESIAN_POINT('',(0.0478529907506771,0.0709578726793165,0.03877));
#7524=CARTESIAN_POINT('',(0.0631303435262152,0.0752763024375964,0.03877));
#7525=CARTESIAN_POINT('',(0.0586127798533482,0.0740292606946839,0.03877));
#7526=CARTESIAN_POINT('',(0.0577554365733543,0.0786366956803591,0.03877));
#7527=CARTESIAN_POINT('',(0.051857996553565,0.0775393105656795,0.03877));
#7528=CARTESIAN_POINT('',(0.0527522987323562,0.0873439546779345,0.03877));
#7529=CARTESIAN_POINT('',(0.0530108318591572,0.100340917791345,0.03877));
#7530=CARTESIAN_POINT('',(0.0527822318591572,0.100340917791345,0.03877));
#7531=CARTESIAN_POINT('',(0.0530362318591572,0.100113733284831,0.03877));
#7532=CARTESIAN_POINT('',(0.0530362318591572,0.0938069993412134,0.03877));
#7533=CARTESIAN_POINT('',(0.0530362318591572,0.10010437036078,0.03877));
#7534=CARTESIAN_POINT('',(0.0364741449816126,0.140759144981612,0.03877));
#7535=CARTESIAN_POINT('',(0.0491727655691137,0.0987370263250679,0.03877));
#7536=CARTESIAN_POINT('',(0.0491066385211398,0.0989558531367849,0.03877));
#7537=CARTESIAN_POINT('',(0.0493059912796845,0.0988439762506081,0.03877));
#7538=CARTESIAN_POINT('',(0.0471802330453442,0.105874700606565,0.03877));
#7539=CARTESIAN_POINT('',(0.0523494740424565,0.100656570620249,0.03877));
#7540=CARTESIAN_POINT('',(0.0525282318591572,0.100476122170635,0.03877));
#7541=CARTESIAN_POINT('',(0.0527822318591572,0.100476122170635,0.03877));
#7542=CARTESIAN_POINT('',(0.0527822318591572,0.0965522503597089,0.03877));
#7543=CARTESIAN_POINT('',(0.0527822318591572,0.0749660396035212,0.039278));
#7544=CARTESIAN_POINT('',(0.0527822318591572,0.0703941200986297,0.039024));
#7545=CARTESIAN_POINT('',(0.0527822318591572,0.0788899114144468,0.039024));
#7546=CARTESIAN_POINT('',(0.0527822318591572,0.0779863520733238,0.039024));
#7547=CARTESIAN_POINT('',(0.0527822318591572,0.0779863520733238,0.03877));
#7548=CARTESIAN_POINT('',(0.0527822318591572,0.0779863520733238,0.03877));
#7549=CARTESIAN_POINT('',(0.0527822318591572,0.0749660396035212,0.03877));
#7550=CARTESIAN_POINT('',(0.0527822318591572,0.0788899114144468,0.03877));
#7551=CARTESIAN_POINT('',(0.0527822318591572,0.0788899114144468,0.039278));
#7552=CARTESIAN_POINT('',(0.0493352385211398,0.0965522503597089,0.039278));
#7553=CARTESIAN_POINT('',(0.0493352385211398,0.0965522503597089,0.039024));
#7554=CARTESIAN_POINT('',(0.0493352385211398,0.0942516150092741,0.039024));
#7555=CARTESIAN_POINT('',(0.0493352385211398,0.0942584232190599,0.039024));
#7556=CARTESIAN_POINT('',(0.0493352385211398,0.0942584232190599,0.03877));
#7557=CARTESIAN_POINT('',(0.0493352385211398,0.0942516150092741,0.039278));
#7558=CARTESIAN_POINT('',(0.0527822318591572,0.0965522503597089,0.039278));
#7559=CARTESIAN_POINT('',(0.0527822318591572,0.0965522503597089,0.039024));
#7560=CARTESIAN_POINT('',(0.0527822318591572,0.100476122170635,0.039024));
#7561=CARTESIAN_POINT('',(0.0527822318591572,0.100340917791345,0.039024));
#7562=CARTESIAN_POINT('',(0.0527822318591572,0.100340917791345,0.03877));
#7563=CARTESIAN_POINT('',(0.0527822318591572,0.100476122170635,0.039278));
#7564=CARTESIAN_POINT('',(0.0436691340505168,0.0857591449816142,0.03877));
#7565=CARTESIAN_POINT('',(0.051857996553565,0.0939789793975454,0.03877));
#7566=CARTESIAN_POINT('',(0.0490812385211398,0.0944956735769903,0.03877));
#7567=CARTESIAN_POINT('',(0.0408699574594933,0.0960236141036026,0.03877));
#7568=CARTESIAN_POINT('',(0.0490812385211398,0.0987864670330046,0.03877));
#7569=CARTESIAN_POINT('',(0.0490812385211398,0.0987094765679896,0.03877));
#7570=CARTESIAN_POINT('',(0.0364741449816126,0.140759144981612,0.03877));
#7571=CARTESIAN_POINT('',(0.0408699574594933,0.0970808866158153,0.03877));
#7572=CARTESIAN_POINT('',(0.0408699574594933,0.0965522503597089,0.03877));
#7573=CARTESIAN_POINT('',(0.0436691340505168,0.0857591449816142,0.03877));
#7574=CARTESIAN_POINT('',(0.0530362318591572,0.0938069993412134,0.03877));
#7575=CARTESIAN_POINT('',(0.051857996553565,0.0939789793975454,0.03877));
#7576=CARTESIAN_POINT('',(0.0577554365733543,0.0928815942828658,0.03877));
#7577=CARTESIAN_POINT('',(0.0586127798533483,0.0974890292685408,0.03877));
#7578=CARTESIAN_POINT('',(0.0631303435262166,0.0962419875256335,0.03877));
#7579=CARTESIAN_POINT('',(0.0478529907506776,0.100560417283914,0.03877));
#7580=CARTESIAN_POINT('',(0.0610525701201238,0.0968293090753592,0.03877));
#7581=CARTESIAN_POINT('',(0.0610525701201238,0.0968293090753591,0.03877));
#7582=CARTESIAN_POINT('',(0.0605717351760487,0.0969652260736652,0.03877));
#7583=CARTESIAN_POINT('',(0.060198605392534,0.0973209988583618,0.0387700000000027));
#7584=CARTESIAN_POINT('',(0.0598323202845092,0.0976493500679501,0.03877));
#7585=CARTESIAN_POINT('',(0.0598323202845119,0.0976493500679493,0.03877));
#7586=CARTESIAN_POINT('',(0.0555804636775966,0.0824311946390907,0.03877));
#7587=CARTESIAN_POINT('',(0.0610676830021867,0.102070934233797,0.03877));
#7588=CARTESIAN_POINT('',(0.06253646451096,0.102135275374335,0.03877));
#7589=CARTESIAN_POINT('',(0.0620552211683488,0.102269731727825,0.03877));
#7590=CARTESIAN_POINT('',(0.06155138850086,0.1021604122697,0.03877));
#7591=CARTESIAN_POINT('',(0.0610676830021867,0.102070934233797,0.03877));
#7592=CARTESIAN_POINT('',(0.06253646451096,0.102135275374335,0.03877));
#7593=CARTESIAN_POINT('',(0.0492793805869323,0.105839220976304,0.03877));
#7594=CARTESIAN_POINT('',(0.0646050429327497,0.101557327615112,0.03877));
#7595=CARTESIAN_POINT('',(0.0629548201760724,0.101871269507408,0.03877));
#7596=CARTESIAN_POINT('',(0.0639674771293282,0.103211538343656,0.03877));
#7597=CARTESIAN_POINT('',(0.063592540799152,0.103494826197192,0.03877));
#7598=CARTESIAN_POINT('',(0.0632176044689758,0.103778114050727,0.03877));
#7599=CARTESIAN_POINT('',(0.0616796849976238,0.101742651267911,0.03877));
#7600=CARTESIAN_POINT('',(0.0602953414435638,0.103885522697775,0.03877));
#7601=CARTESIAN_POINT('',(0.0364741449816126,0.140759144981612,0.03877));
#7602=CARTESIAN_POINT('',(0.0603112062391552,0.0857591449816142,0.034198));
#7603=CARTESIAN_POINT('',(0.0610500997976243,0.0874014903960945,0.034198));
#7604=CARTESIAN_POINT('',(0.0586614758181617,0.0874014903960945,0.034198));
#7605=CARTESIAN_POINT('',(0.0590607138436663,0.0887235600014701,0.034198));
#7606=CARTESIAN_POINT('',(0.0602141449816146,0.0857591449816152,0.034198));
#7607=CARTESIAN_POINT('',(0.0590607138436662,0.0827947299617603,0.034198));
#7608=CARTESIAN_POINT('',(0.0610500997976243,0.0841167995671358,0.034198));
#7609=CARTESIAN_POINT('',(0.0586614758181617,0.0841167995671358,0.034198));
#7610=CARTESIAN_POINT('',(0.0586614758181617,0.0874014903960945,0.034198));
#7611=CARTESIAN_POINT('',(0.0603112062391552,0.0857591449816142,0.034198));
#7612=CARTESIAN_POINT('',(0.0610500997976243,0.0841167995671358,0.034198));
#7613=CARTESIAN_POINT('',(0.0621336253253432,0.0819880682675009,0.034198));
#7614=CARTESIAN_POINT('',(0.0597120504816146,0.0821381261369838,0.034198));
#7615=CARTESIAN_POINT('',(0.0597120504816146,0.0857591449816142,0.034198));
#7616=CARTESIAN_POINT('',(0.0597120504816146,0.0653121449816142,0.034198));
#7617=CARTESIAN_POINT('',(0.0682210504816146,0.0653121449816142,0.034198));
#7618=CARTESIAN_POINT('',(0.0675860504816146,0.0653121449816142,0.034198));
#7619=CARTESIAN_POINT('',(0.0688560504816146,0.0645501449816142,0.034198));
#7620=CARTESIAN_POINT('',(0.0694910504816146,0.0641691449816142,0.034198));
#7621=CARTESIAN_POINT('',(0.0688560504816146,0.0648041449816142,0.034198));
#7622=CARTESIAN_POINT('',(0.0661361356491492,0.0675240598140796,0.034198));
#7623=CARTESIAN_POINT('',(0.0661361356491492,0.0837572186312552,0.034198));
#7624=CARTESIAN_POINT('',(0.0661361356491492,0.0825135338726044,0.034198));
#7625=CARTESIAN_POINT('',(0.0603112062391552,0.0825135338726044,0.034198));
#7626=CARTESIAN_POINT('',(0.0629291832691459,0.0825135338726044,0.034198));
#7627=CARTESIAN_POINT('',(0.0602141449816146,0.0857591449816151,0.034198));
#7628=CARTESIAN_POINT('',(0.0602141449816146,0.0857591449816152,0.034198));
#7629=CARTESIAN_POINT('',(0.0602141449816146,0.0857591449816152,0.034579));
#7630=CARTESIAN_POINT('',(0.0589225590749821,0.0824396605884121,0.034579));
#7631=CARTESIAN_POINT('',(0.057306523128355,0.0837017422623165,0.034579));
#7632=CARTESIAN_POINT('',(0.057306523128355,0.0837017422623165,0.034579));
#7633=CARTESIAN_POINT('',(0.0578035012060207,0.0829993886075569,0.034579));
#7634=CARTESIAN_POINT('',(0.0585551052394545,0.0825061863348752,0.0347005855134678));
#7635=CARTESIAN_POINT('',(0.0593345457303045,0.0823075546310629,0.0350061416325353));
#7636=CARTESIAN_POINT('',(0.0593345457303043,0.082307554631063,0.0350061416325358));
#7637=CARTESIAN_POINT('',(0.0593345457303043,0.082307554631063,0.0350061416325358));
#7638=CARTESIAN_POINT('',(0.0593321988251663,0.0823081527136257,0.0349867350238288));
#7639=CARTESIAN_POINT('',(0.0593310504816146,0.0823084472413023,0.0349672521009951));
#7640=CARTESIAN_POINT('',(0.0593310504816146,0.0823084472413023,0.0349476960051133));
#7641=CARTESIAN_POINT('',(0.0593310504816146,0.0823084472413023,0.0349476960051133));
#7642=CARTESIAN_POINT('',(0.0593310504816146,0.0823084472413023,0.034198));
#7643=CARTESIAN_POINT('',(0.0593310504816146,0.0823084472413023,0.0345662027985233));
#7644=CARTESIAN_POINT('',(0.0593310504816146,0.0823084472413023,0.0345662027985233));
#7645=CARTESIAN_POINT('',(0.0593310504816146,0.0823084472413023,0.0345598032260716));
#7646=CARTESIAN_POINT('',(0.0593312081059938,0.0823084068908629,0.0345534077992644));
#7647=CARTESIAN_POINT('',(0.0593315240776323,0.0823083260743435,0.0345470165366754));
#7648=CARTESIAN_POINT('',(0.0593315240776323,0.0823083260743435,0.0345470165366754));
#7649=CARTESIAN_POINT('',(0.0593315240776323,0.0823083260743435,0.0345470165366754));
#7650=CARTESIAN_POINT('',(0.0591933335717761,0.0823436712583355,0.0345683895201319));
#7651=CARTESIAN_POINT('',(0.059056976035388,0.082387359980514,0.034579));
#7652=CARTESIAN_POINT('',(0.0589225590749821,0.0824396605884121,0.034579));
#7653=CARTESIAN_POINT('',(0.0639835678656825,0.101493609114255,0.04004));
#7654=CARTESIAN_POINT('',(0.0639835678656825,0.101493609114255,0.0389986));
#7655=CARTESIAN_POINT('',(0.0645471285202385,0.101336153823193,0.0389986));
#7656=CARTESIAN_POINT('',(0.0624749509050474,0.101915107174343,0.0389986));
#7657=CARTESIAN_POINT('',(0.0611291966080993,0.102291102433789,0.0409052002));
#7658=CARTESIAN_POINT('',(0.0632331013371218,0.101703284727219,0.0400020907821773));
#7659=CARTESIAN_POINT('',(0.0628473142791462,0.10181107119707,0.0379048110502127));
#7660=CARTESIAN_POINT('',(0.0647300715863066,0.101285040684825,0.0387636175906019));
#7661=CARTESIAN_POINT('',(0.0647300715863066,0.101285040684825,0.0387636175906019));
#7662=CARTESIAN_POINT('',(0.0646260910866711,0.101314092180351,0.038738529585784));
#7663=CARTESIAN_POINT('',(0.0645471297023264,0.101336153492925,0.0386355619640434));
#7664=CARTESIAN_POINT('',(0.064547128520253,0.101336153823189,0.0385247186144011));
#7665=CARTESIAN_POINT('',(0.0645471285202385,0.101336153823193,0.0385247159020629));
#7666=CARTESIAN_POINT('',(0.0645471285202385,0.101336153823193,0.03877));
#7667=CARTESIAN_POINT('',(0.0436691340505168,0.0857591449816142,0.03877));
#7668=CARTESIAN_POINT('',(0.0364741449816125,0.030759144981613,0.03877));
#7669=CARTESIAN_POINT('',(0.0408699574594933,0.0744374033474096,0.03877));
#7670=CARTESIAN_POINT('',(0.0490812385211398,0.0728088133952352,0.03877));
#7671=CARTESIAN_POINT('',(0.0490812385211398,0.0857591449816142,0.03877));
#7672=CARTESIAN_POINT('',(0.0490812385211398,0.0770226163862346,0.03877));
#7673=CARTESIAN_POINT('',(0.051857996553565,0.0775393105656795,0.03877));
#7674=CARTESIAN_POINT('',(0.0408699574594933,0.0754946758596222,0.03877));
#7675=CARTESIAN_POINT('',(0.0408699574594933,0.0749660396035159,0.03877));
#7676=CARTESIAN_POINT('',(-0.0185258425183865,0.0857591449816136,0.03496));
#7677=CARTESIAN_POINT('',(0.0688560504816146,0.106968144981614,0.03496));
#7678=CARTESIAN_POINT('',(0.0675860504816146,0.106206144981614,0.03496));
#7679=CARTESIAN_POINT('',(0.0682210504816146,0.106587144981614,0.03496));
#7680=CARTESIAN_POINT('',(0.0682210504816146,0.089004756090625,0.03496));
#7681=CARTESIAN_POINT('',(0.0682210504816146,0.089004756090625,0.03496));
#7682=CARTESIAN_POINT('',(-0.0185258425183865,0.089004756090625,0.03496));
#7683=CARTESIAN_POINT('',(0.0643800138719622,0.089004756090625,0.03496));
#7684=CARTESIAN_POINT('',(0.0602141449816146,0.0857591449816151,0.03496));
#7685=CARTESIAN_POINT('',(0.062609685870515,0.0904655065202244,0.03496));
#7686=CARTESIAN_POINT('',(0.0610500997976243,0.0874014903960945,0.03496));
#7687=CARTESIAN_POINT('',(0.0597120504816146,0.0905685280585811,0.03496));
#7688=CARTESIAN_POINT('',(0.0597120504816146,0.0857591449816136,0.03496));
#7689=CARTESIAN_POINT('',(0.0597120504816146,0.106206144981614,0.03496));
#7690=CARTESIAN_POINT('',(0.0682210504816146,0.106206144981614,0.03496));
#7691=CARTESIAN_POINT('',(0.0603112062391552,0.0857591449816142,0.034198));
#7692=CARTESIAN_POINT('',(0.0603112062391552,0.106206144981614,0.034198));
#7693=CARTESIAN_POINT('',(0.0675860504816146,0.106206144981614,0.034198));
#7694=CARTESIAN_POINT('',(0.0597120504816146,0.106206144981614,0.034198));
#7695=CARTESIAN_POINT('',(0.0597120504816146,0.089209842721928,0.034198));
#7696=CARTESIAN_POINT('',(0.0597120504816146,0.0893801638262465,0.034198));
#7697=CARTESIAN_POINT('',(0.0610500997976243,0.0874014903960945,0.034198));
#7698=CARTESIAN_POINT('',(0.0621336253253432,0.0895302216957293,0.034198));
#7699=CARTESIAN_POINT('',(0.0602141449816146,0.0857591449816151,0.034198));
#7700=CARTESIAN_POINT('',(0.062929183269147,0.089004756090625,0.034198));
#7701=CARTESIAN_POINT('',(0.0661361371386462,0.089004756090625,0.034198));
#7702=CARTESIAN_POINT('',(0.0661361356491492,0.089004756090625,0.034198));
#7703=CARTESIAN_POINT('',(0.0661361356491492,0.095877652230059,0.034198));
#7704=CARTESIAN_POINT('',(0.0661361386281433,0.103994233128143,0.034198));
#7705=CARTESIAN_POINT('',(0.0688560504816146,0.106714144981614,0.034198));
#7706=CARTESIAN_POINT('',(0.0694910504816146,0.107349144981614,0.034198));
#7707=CARTESIAN_POINT('',(0.0688560504816146,0.106968144981614,0.034198));
#7708=CARTESIAN_POINT('',(0.0661361356491492,0.0857591449816142,0.0321130851675346));
#7709=CARTESIAN_POINT('',(0.0661361356491492,0.089004756090625,0.0321130851675346));
#7710=CARTESIAN_POINT('',(0.0680551936666312,0.089004756090625,0.032928));
#7711=CARTESIAN_POINT('',(0.0680551936666312,0.0746811102139264,0.032928));
#7712=CARTESIAN_POINT('',(0.0680551936666312,0.106953940460442,0.032928));
#7713=CARTESIAN_POINT('',(0.0680551936666312,0.106953940460442,0.032928));
#7714=CARTESIAN_POINT('',(0.0680551936666312,0.106321252157766,0.032928));
#7715=CARTESIAN_POINT('',(0.0679057147898658,0.105763809289865,0.033325947327901));
#7716=CARTESIAN_POINT('',(0.0675296890850438,0.105387783585043,0.0336638522938113));
#7717=CARTESIAN_POINT('',(0.0675296890850438,0.105387783585043,0.0336638522938113));
#7718=CARTESIAN_POINT('',(0.0661361356491492,0.103994230149149,0.0321130851675346));
#7719=CARTESIAN_POINT('',(0.0602141449816146,0.0857591449816151,0.0366790466));
#7720=CARTESIAN_POINT('',(0.0643800138719622,0.089004756090625,0.03496));
#7721=CARTESIAN_POINT('',(0.0639495117019961,0.0889542713709709,0.03496));
#7722=CARTESIAN_POINT('',(0.0631141025453425,0.0888413023815869,0.0351916125651512));
#7723=CARTESIAN_POINT('',(0.0624724801413135,0.0887318129388032,0.0358234055449722));
#7724=CARTESIAN_POINT('',(0.0623199995651229,0.0887055495363834,0.03623));
#7725=CARTESIAN_POINT('',(0.0623199995651229,0.0887055495363834,0.03623));
#7726=CARTESIAN_POINT('',(0.0602141449816146,0.0857591449816151,0.03623));
#7727=CARTESIAN_POINT('',(0.0618569680570728,0.0889866913670268,0.03623));
#7728=CARTESIAN_POINT('',(0.062609685870515,0.0904655065202244,0.0366790466));
#7729=CARTESIAN_POINT('',(0.0602141449816146,0.0857591449816151,0.0346470466));
#7730=CARTESIAN_POINT('',(0.062609685870515,0.0810527834430059,0.0346470466));
#7731=CARTESIAN_POINT('',(0.062609685870515,0.0810527834430059,0.032928));
#7732=CARTESIAN_POINT('',(0.0619980702051326,0.0822543844915641,0.0335806496706468));
#7733=CARTESIAN_POINT('',(0.0602141449816146,0.0857591449816151,0.0335806496706468));
#7734=CARTESIAN_POINT('',(0.0627374452590927,0.0827427413273597,0.0335806496706468));
#7735=CARTESIAN_POINT('',(0.0627374452590927,0.0827427413273597,0.0335806496706468));
#7736=CARTESIAN_POINT('',(0.0631761522175151,0.0826714143758569,0.0331555795279956));
#7737=CARTESIAN_POINT('',(0.0637698614337145,0.0825850860666238,0.032928));
#7738=CARTESIAN_POINT('',(0.0643800138719615,0.0825135338726044,0.032928));
#7739=CARTESIAN_POINT('',(0.0643800138719615,0.0825135338726044,0.032928));
#7740=CARTESIAN_POINT('',(0.0602141449816146,0.0857591449816151,0.032928));
#7741=CARTESIAN_POINT('',(0.0603112062391552,0.0857591449816142,0.032928));
#7742=CARTESIAN_POINT('',(0.0680551936666312,0.0825135338726044,0.032928));
#7743=CARTESIAN_POINT('',(0.0680551936666312,0.0825135338726044,0.032928));
#7744=CARTESIAN_POINT('',(0.0680551936666312,0.0746811102139264,0.032928));
#7745=CARTESIAN_POINT('',(0.0680551936666312,0.0645643495027863,0.032928));
#7746=CARTESIAN_POINT('',(0.0689707243347089,0.0636488188347086,0.032928));
#7747=CARTESIAN_POINT('',(0.0684503981878033,0.0641691449816142,0.032928));
#7748=CARTESIAN_POINT('',(0.0637760504816146,0.0641691449816142,0.032928));
#7749=CARTESIAN_POINT('',(0.0626014194089265,0.0641691449816142,0.032928));
#7750=CARTESIAN_POINT('',(0.0364741449816146,0.0307591449816152,0.032928));
#7751=CARTESIAN_POINT('',(0.0562329955487737,0.0682884720907531,0.032928));
#7752=CARTESIAN_POINT('',(0.0524285496187876,0.0727748132481166,0.032928));
#7753=CARTESIAN_POINT('',(0.0513341123707902,0.0740654134985084,0.032928));
#7754=CARTESIAN_POINT('',(0.0512956482093552,0.0747110555381616,0.032928));
#7755=CARTESIAN_POINT('',(0.051131361996696,0.0774686896960627,0.032928));
#7756=CARTESIAN_POINT('',(0.0511313619966959,0.0857591449816139,0.032928));
#7757=CARTESIAN_POINT('',(0.0511313619966958,0.094049600267165,0.032928));
#7758=CARTESIAN_POINT('',(0.051295648209355,0.0968072344250662,0.032928));
#7759=CARTESIAN_POINT('',(0.05133411237079,0.0974528764647195,0.032928));
#7760=CARTESIAN_POINT('',(0.0493209846799456,0.0950789229953646,0.032928));
#7761=CARTESIAN_POINT('',(0.0562329955487737,0.103229817872475,0.032928));
#7762=CARTESIAN_POINT('',(0.0364741449816124,0.140759144981612,0.032928));
#7763=CARTESIAN_POINT('',(0.0626014194089259,0.107349144981614,0.032928));
#7764=CARTESIAN_POINT('',(0.0637760504816146,0.107349144981614,0.032928));
#7765=CARTESIAN_POINT('',(0.0684503981878033,0.107349144981614,0.032928));
#7766=CARTESIAN_POINT('',(0.0675348675197256,0.106433614313536,0.032928));
#7767=CARTESIAN_POINT('',(0.0603112062391552,0.089004756090625,0.032928));
#7768=CARTESIAN_POINT('',(0.0643800138719622,0.089004756090625,0.032928));
#7769=CARTESIAN_POINT('',(0.0602141449816146,0.0857591449816151,0.032928));
#7770=CARTESIAN_POINT('',(0.062609685870515,0.0904655065202244,0.032928));
#7771=CARTESIAN_POINT('',(0.0610500997976243,0.0874014903960945,0.032928));
#7772=CARTESIAN_POINT('',(0.0576120038816146,0.0874014903960945,0.032928));
#7773=CARTESIAN_POINT('',(0.0576120038816146,0.0857591449816142,0.032928));
#7774=CARTESIAN_POINT('',(0.0576120038816146,0.0841167995671358,0.032928));
#7775=CARTESIAN_POINT('',(0.0610500997976243,0.0841167995671358,0.032928));
#7776=CARTESIAN_POINT('',(0.0554802320306358,0.0784721653324944,0.032928));
#7777=CARTESIAN_POINT('',(0.0554802320306358,0.0782656918499685,0.032928));
#7778=CARTESIAN_POINT('',(0.0554802320306358,0.0786786388150204,0.032928));
#7779=CARTESIAN_POINT('',(0.0552255361229147,0.0787671597927261,0.032928));
#7780=CARTESIAN_POINT('',(0.0549708402151935,0.0788556807704318,0.032928));
#7781=CARTESIAN_POINT('',(0.0549708402151935,0.0792355738665706,0.032928));
#7782=CARTESIAN_POINT('',(0.0549708402151935,0.0796154669627093,0.032928));
#7783=CARTESIAN_POINT('',(0.0552255361229147,0.0797039879404151,0.032928));
#7784=CARTESIAN_POINT('',(0.0554802320306358,0.0797925089181208,0.032928));
#7785=CARTESIAN_POINT('',(0.0554802320306358,0.0800012463642709,0.032928));
#7786=CARTESIAN_POINT('',(0.0554802320306358,0.0802099838104211,0.032928));
#7787=CARTESIAN_POINT('',(0.0544834088469058,0.0798461648560141,0.032928));
#7788=CARTESIAN_POINT('',(0.0534865856631759,0.0794823459016071,0.032928));
#7789=CARTESIAN_POINT('',(0.0534865856631759,0.0792362530556578,0.032928));
#7790=CARTESIAN_POINT('',(0.0534865856631759,0.0789901602097086,0.032928));
#7791=CARTESIAN_POINT('',(0.0544834088469058,0.0786279260298385,0.032928));
#7792=CARTESIAN_POINT('',(0.0554802320306358,0.0886106472343329,0.032928));
#7793=CARTESIAN_POINT('',(0.0554802320306358,0.0883656863701958,0.032928));
#7794=CARTESIAN_POINT('',(0.0554802320306358,0.0888556080984701,0.032928));
#7795=CARTESIAN_POINT('',(0.0547125219656737,0.0892898363215893,0.032928));
#7796=CARTESIAN_POINT('',(0.0539448119007115,0.0897240645447086,0.032928));
#7797=CARTESIAN_POINT('',(0.054373804248547,0.0931366427315666,0.032928));
#7798=CARTESIAN_POINT('',(0.0543043248885897,0.089698488656377,0.032928));
#7799=CARTESIAN_POINT('',(0.0548922806774342,0.0896987081521177,0.032928));
#7800=CARTESIAN_POINT('',(0.0554802320306358,0.0896987081521177,0.032928));
#7801=CARTESIAN_POINT('',(0.0554802320306358,0.0898841267729387,0.032928));
#7802=CARTESIAN_POINT('',(0.0554802320306358,0.0900695453937597,0.032928));
#7803=CARTESIAN_POINT('',(0.0544834088469058,0.0900695453937597,0.032928));
#7804=CARTESIAN_POINT('',(0.0534865856631759,0.0900695453937597,0.032928));
#7805=CARTESIAN_POINT('',(0.0534865856631759,0.0898311500241327,0.032928));
#7806=CARTESIAN_POINT('',(0.0534865856631759,0.0895927546545057,0.032928));
#7807=CARTESIAN_POINT('',(0.0542606348262857,0.0891519609368763,0.032928));
#7808=CARTESIAN_POINT('',(0.0550346839893956,0.0887111672192469,0.032928));
#7809=CARTESIAN_POINT('',(0.0546197259724781,0.0853930492433023,0.032928));
#7810=CARTESIAN_POINT('',(0.0546452830227651,0.088736625229785,0.032928));
#7811=CARTESIAN_POINT('',(0.0540659339546056,0.0887365236118378,0.032928));
#7812=CARTESIAN_POINT('',(0.0534865856631759,0.0887365236118378,0.032928));
#7813=CARTESIAN_POINT('',(0.0534865856631759,0.0885511049910168,0.032928));
#7814=CARTESIAN_POINT('',(0.0534865856631759,0.0883656863701958,0.032928));
#7815=CARTESIAN_POINT('',(0.0544834088469058,0.0883656863701958,0.032928));
#7816=CARTESIAN_POINT('',(0.0554802320306358,0.0905463361330136,0.032928));
#7817=CARTESIAN_POINT('',(0.0554802320306358,0.0903398626504877,0.032928));
#7818=CARTESIAN_POINT('',(0.0554802320306358,0.0907528096155396,0.032928));
#7819=CARTESIAN_POINT('',(0.0552255361229147,0.0908413305932453,0.032928));
#7820=CARTESIAN_POINT('',(0.0549708402151935,0.0909298515709511,0.032928));
#7821=CARTESIAN_POINT('',(0.0549708402151935,0.0913097446670898,0.032928));
#7822=CARTESIAN_POINT('',(0.0549708402151935,0.0916896377632286,0.032928));
#7823=CARTESIAN_POINT('',(0.0552255361229147,0.0917781587409343,0.032928));
#7824=CARTESIAN_POINT('',(0.0554802320306358,0.0918666797186401,0.032928));
#7825=CARTESIAN_POINT('',(0.0554802320306358,0.0920754171647902,0.032928));
#7826=CARTESIAN_POINT('',(0.0554802320306358,0.0922841546109403,0.032928));
#7827=CARTESIAN_POINT('',(0.0544834088469058,0.0919203356565333,0.032928));
#7828=CARTESIAN_POINT('',(0.0534865856631759,0.0915565167021263,0.032928));
#7829=CARTESIAN_POINT('',(0.0534865856631759,0.0913104238561771,0.032928));
#7830=CARTESIAN_POINT('',(0.0534865856631759,0.0910643310102279,0.032928));
#7831=CARTESIAN_POINT('',(0.0544834088469058,0.0907020968303578,0.032928));
#7832=CARTESIAN_POINT('',(0.0554802320306358,0.0807220923822124,0.032928));
#7833=CARTESIAN_POINT('',(0.0554802320306358,0.0804771315180753,0.032928));
#7834=CARTESIAN_POINT('',(0.0554802320306358,0.0809670532463495,0.032928));
#7835=CARTESIAN_POINT('',(0.0547125219656737,0.0814012814694688,0.032928));
#7836=CARTESIAN_POINT('',(0.0539448119007115,0.081835509692588,0.032928));
#7837=CARTESIAN_POINT('',(0.0543738042485478,0.0852480878794577,0.032928));
#7838=CARTESIAN_POINT('',(0.0543043248885897,0.0818099338042564,0.032928));
#7839=CARTESIAN_POINT('',(0.0548922806774342,0.0818101532999971,0.032928));
#7840=CARTESIAN_POINT('',(0.0554802320306358,0.0818101532999971,0.032928));
#7841=CARTESIAN_POINT('',(0.0554802320306358,0.0819955719208181,0.032928));
#7842=CARTESIAN_POINT('',(0.0554802320306358,0.0821809905416391,0.032928));
#7843=CARTESIAN_POINT('',(0.0544834088469058,0.0821809905416391,0.032928));
#7844=CARTESIAN_POINT('',(0.0534865856631759,0.0821809905416391,0.032928));
#7845=CARTESIAN_POINT('',(0.0534865856631759,0.0819425951720121,0.032928));
#7846=CARTESIAN_POINT('',(0.0534865856631759,0.0817041998023851,0.032928));
#7847=CARTESIAN_POINT('',(0.0542606348262857,0.0812634060847557,0.032928));
#7848=CARTESIAN_POINT('',(0.0550346839893956,0.0808226123671264,0.032928));
#7849=CARTESIAN_POINT('',(0.054619725972478,0.077504494391177,0.032928));
#7850=CARTESIAN_POINT('',(0.0546452830227651,0.0808480703776644,0.032928));
#7851=CARTESIAN_POINT('',(0.0540659339546056,0.0808479687597173,0.032928));
#7852=CARTESIAN_POINT('',(0.0534865856631759,0.0808479687597173,0.032928));
#7853=CARTESIAN_POINT('',(0.0534865856631759,0.0806625501388963,0.032928));
#7854=CARTESIAN_POINT('',(0.0534865856631759,0.0804771315180753,0.032928));
#7855=CARTESIAN_POINT('',(0.0544834088469058,0.0804771315180753,0.032928));
#7856=CARTESIAN_POINT('',(0.0554802320306358,0.0828149003564118,0.032928));
#7857=CARTESIAN_POINT('',(0.0554802320306358,0.0825699394922746,0.032928));
#7858=CARTESIAN_POINT('',(0.0554802320306358,0.0830598612205489,0.032928));
#7859=CARTESIAN_POINT('',(0.0547125219656737,0.0834940894436681,0.032928));
#7860=CARTESIAN_POINT('',(0.0539448119007115,0.0839283176667874,0.032928));
#7861=CARTESIAN_POINT('',(0.0543738042485477,0.0873408958536577,0.032928));
#7862=CARTESIAN_POINT('',(0.0543043248885897,0.0839027417784558,0.032928));
#7863=CARTESIAN_POINT('',(0.0548922806774342,0.0839029612741965,0.032928));
#7864=CARTESIAN_POINT('',(0.0554802320306358,0.0839029612741965,0.032928));
#7865=CARTESIAN_POINT('',(0.0554802320306358,0.0840883798950175,0.032928));
#7866=CARTESIAN_POINT('',(0.0554802320306358,0.0842737985158385,0.032928));
#7867=CARTESIAN_POINT('',(0.0544834088469058,0.0842737985158385,0.032928));
#7868=CARTESIAN_POINT('',(0.0534865856631759,0.0842737985158385,0.032928));
#7869=CARTESIAN_POINT('',(0.0534865856631759,0.0840354031462115,0.032928));
#7870=CARTESIAN_POINT('',(0.0534865856631759,0.0837970077765845,0.032928));
#7871=CARTESIAN_POINT('',(0.0542606348262857,0.0833562140589551,0.032928));
#7872=CARTESIAN_POINT('',(0.0550346839893956,0.0829154203413257,0.032928));
#7873=CARTESIAN_POINT('',(0.054619725972478,0.079597302365378,0.032928));
#7874=CARTESIAN_POINT('',(0.0546452830227651,0.0829408783518638,0.032928));
#7875=CARTESIAN_POINT('',(0.0540659339546056,0.0829407767339166,0.032928));
#7876=CARTESIAN_POINT('',(0.0534865856631759,0.0829407767339166,0.032928));
#7877=CARTESIAN_POINT('',(0.0534865856631759,0.0827553581130956,0.032928));
#7878=CARTESIAN_POINT('',(0.0534865856631759,0.0825699394922746,0.032928));
#7879=CARTESIAN_POINT('',(0.0544834088469058,0.0825699394922746,0.032928));
#7880=CARTESIAN_POINT('',(0.0554802320306358,0.0853937813207243,0.032928));
#7881=CARTESIAN_POINT('',(0.0554802320306358,0.0845807919832784,0.032928));
#7882=CARTESIAN_POINT('',(0.0554802320306358,0.0862067706581702,0.032928));
#7883=CARTESIAN_POINT('',(0.0544834088469058,0.0862067706581702,0.032928));
#7884=CARTESIAN_POINT('',(0.0534865856631759,0.0862067706581702,0.032928));
#7885=CARTESIAN_POINT('',(0.0534865856631759,0.0854227600551139,0.032928));
#7886=CARTESIAN_POINT('',(0.0534865856631759,0.0846387494520576,0.032928));
#7887=CARTESIAN_POINT('',(0.0536477798732181,0.0846387494520576,0.032928));
#7888=CARTESIAN_POINT('',(0.0538089740832602,0.0846387494520576,0.032928));
#7889=CARTESIAN_POINT('',(0.0538089740832602,0.0852140226089637,0.032928));
#7890=CARTESIAN_POINT('',(0.0538089740832602,0.0857892957658699,0.032928));
#7891=CARTESIAN_POINT('',(0.0540595948564579,0.0857892957658699,0.032928));
#7892=CARTESIAN_POINT('',(0.0543102156296555,0.0857892957658699,0.032928));
#7893=CARTESIAN_POINT('',(0.0543102156296555,0.0852572643141857,0.032928));
#7894=CARTESIAN_POINT('',(0.0543102156296555,0.0847252328625016,0.032928));
#7895=CARTESIAN_POINT('',(0.0544714098396976,0.0847252328625016,0.032928));
#7896=CARTESIAN_POINT('',(0.0546326040497398,0.0847252328625016,0.032928));
#7897=CARTESIAN_POINT('',(0.0546326040497398,0.0852572643141857,0.032928));
#7898=CARTESIAN_POINT('',(0.0546326040497398,0.0857892957658699,0.032928));
#7899=CARTESIAN_POINT('',(0.0548949974337832,0.0857892957658699,0.032928));
#7900=CARTESIAN_POINT('',(0.0551573908178266,0.0857892957658699,0.032928));
#7901=CARTESIAN_POINT('',(0.0551573908178266,0.0851850438745741,0.032928));
#7902=CARTESIAN_POINT('',(0.0551573908178266,0.0845807919832784,0.032928));
#7903=CARTESIAN_POINT('',(0.0553188114242312,0.0845807919832784,0.032928));
#7904=CARTESIAN_POINT('',(0.0538089740832602,0.0867539706661364,0.032928));
#7905=CARTESIAN_POINT('',(0.0538089740832602,0.0864313558496896,0.032928));
#7906=CARTESIAN_POINT('',(0.0538089740832602,0.0870765854825832,0.032928));
#7907=CARTESIAN_POINT('',(0.054644603056948,0.0870765854825832,0.032928));
#7908=CARTESIAN_POINT('',(0.0554802320306358,0.0870765854825832,0.032928));
#7909=CARTESIAN_POINT('',(0.0554802320306358,0.0872853229287333,0.032928));
#7910=CARTESIAN_POINT('',(0.0554802320306358,0.0874940603748834,0.032928));
#7911=CARTESIAN_POINT('',(0.054644603056948,0.0874940603748834,0.032928));
#7912=CARTESIAN_POINT('',(0.0538089740832602,0.0874940603748834,0.032928));
#7913=CARTESIAN_POINT('',(0.0538089740832602,0.087815996002243,0.032928));
#7914=CARTESIAN_POINT('',(0.0538089740832602,0.0881379316296025,0.032928));
#7915=CARTESIAN_POINT('',(0.0536477798732181,0.0881379316296025,0.032928));
#7916=CARTESIAN_POINT('',(0.0534865856631759,0.0881379316296025,0.032928));
#7917=CARTESIAN_POINT('',(0.0534865856631759,0.0872846437396461,0.032928));
#7918=CARTESIAN_POINT('',(0.0534865856631759,0.0864313558496896,0.032928));
#7919=CARTESIAN_POINT('',(0.0536477798732181,0.0864313558496896,0.032928));
#7920=CARTESIAN_POINT('',(-0.0185258425183865,0.0857591449816136,0.03623));
#7921=CARTESIAN_POINT('',(-0.0185258425183865,0.088623756090625,0.03623));
#7922=CARTESIAN_POINT('',(0.0682210504816146,0.088623756090625,0.03623));
#7923=CARTESIAN_POINT('',(0.0625870066067789,0.088623756090625,0.03623));
#7924=CARTESIAN_POINT('',(0.0682210504816146,0.089893756090625,0.03623));
#7925=CARTESIAN_POINT('',(0.0694910504816146,0.089893756090625,0.03623));
#7926=CARTESIAN_POINT('',(0.0694910504816146,0.0857591449816142,0.03623));
#7927=CARTESIAN_POINT('',(0.0694910504816146,0.107349144981614,0.03623));
#7928=CARTESIAN_POINT('',(0.0637760504816146,0.107349144981614,0.03623));
#7929=CARTESIAN_POINT('',(0.0584689602797718,0.107349144981614,0.03623));
#7930=CARTESIAN_POINT('',(0.0364741449816124,0.140759144981612,0.03623));
#7931=CARTESIAN_POINT('',(0.0578849086529755,0.106971881123628,0.03623));
#7932=CARTESIAN_POINT('',(0.0591765129714504,0.104933664431395,0.03623));
#7933=CARTESIAN_POINT('',(0.0573361440975814,0.106494308980321,0.03623));
#7934=CARTESIAN_POINT('',(0.0547604924518144,0.103457006782291,0.03623));
#7935=CARTESIAN_POINT('',(0.0527822318591572,0.1011241698646,0.03623));
#7936=CARTESIAN_POINT('',(0.0471802330453442,0.105874700606565,0.03623));
#7937=CARTESIAN_POINT('',(0.0493352385211398,0.0988528857101438,0.03623));
#7938=CARTESIAN_POINT('',(0.0364741449816125,0.140759144981612,0.03623));
#7939=CARTESIAN_POINT('',(0.0490134723050282,0.0987554836717187,0.03623));
#7940=CARTESIAN_POINT('',(0.0523017585561429,0.0877405337928785,0.03623));
#7941=CARTESIAN_POINT('',(0.0479981162846794,0.0983998306975484,0.03623));
#7942=CARTESIAN_POINT('',(0.0364741449816126,0.140759144981612,0.03623));
#7943=CARTESIAN_POINT('',(0.0602953414435638,0.103885522697775,0.03623));
#7944=CARTESIAN_POINT('',(0.0616796849976238,0.101742651267911,0.03623));
#7945=CARTESIAN_POINT('',(0.0632176044689758,0.103778114050727,0.03623));
#7946=CARTESIAN_POINT('',(0.063592540799152,0.103494826197192,0.03623));
#7947=CARTESIAN_POINT('',(0.0639674771293282,0.103211538343656,0.03623));
#7948=CARTESIAN_POINT('',(0.0629548201760724,0.101871269507408,0.03623));
#7949=CARTESIAN_POINT('',(0.0645471285202385,0.101336153823193,0.03623));
#7950=CARTESIAN_POINT('',(0.110898603326983,0.0857591449816127,0.03623));
#7951=CARTESIAN_POINT('',(0.0631856409854227,0.0964631463737927,0.03623));
#7952=CARTESIAN_POINT('',(0.0586127798533483,0.0974890292685408,0.03623));
#7953=CARTESIAN_POINT('',(0.0577554365733543,0.0928815942828658,0.03623));
#7954=CARTESIAN_POINT('',(0.051857996553565,0.0939789793975454,0.03623));
#7955=CARTESIAN_POINT('',(0.0438006276107658,0.0954782802317446,0.03623));
#7956=CARTESIAN_POINT('',(0.0523017585561429,0.0877405337928785,0.03623));
#7957=CARTESIAN_POINT('',(0.0437506321339506,0.0954229933088355,0.03623));
#7958=CARTESIAN_POINT('',(0.0474796932508939,0.0947290962708441,0.03623));
#7959=CARTESIAN_POINT('',(0.0451299914110384,0.0951663245960734,0.03623));
#7960=CARTESIAN_POINT('',(0.043786300183456,0.0879452147835008,0.03623));
#7961=CARTESIAN_POINT('',(0.0511313619966959,0.0879452147835009,0.03623));
#7962=CARTESIAN_POINT('',(0.0511313619966959,0.0857591449816139,0.03623));
#7963=CARTESIAN_POINT('',(0.0511313619966959,0.0835730751797268,0.03623));
#7964=CARTESIAN_POINT('',(0.0437863001834561,0.0835730751797267,0.03623));
#7965=CARTESIAN_POINT('',(0.0451299914110388,0.0763519653671541,0.03623));
#7966=CARTESIAN_POINT('',(0.0474796932508942,0.0767891936923835,0.03623));
#7967=CARTESIAN_POINT('',(0.043750632133951,0.0760952966543919,0.03623));
#7968=CARTESIAN_POINT('',(0.0523017585561429,0.0837777561703494,0.03623));
#7969=CARTESIAN_POINT('',(0.0438006276107681,0.0760400097314807,0.03623));
#7970=CARTESIAN_POINT('',(0.051857996553565,0.0775393105656795,0.03623));
#7971=CARTESIAN_POINT('',(0.0577554365733543,0.0786366956803591,0.03623));
#7972=CARTESIAN_POINT('',(0.0586127798533482,0.0740292606946839,0.03623));
#7973=CARTESIAN_POINT('',(0.0631856409854227,0.0750551435894322,0.03623));
#7974=CARTESIAN_POINT('',(0.110898603326986,0.0857591449816128,0.03623));
#7975=CARTESIAN_POINT('',(0.0645471285202386,0.0701821361400316,0.03623));
#7976=CARTESIAN_POINT('',(0.0629548201760724,0.0696470204558163,0.03623));
#7977=CARTESIAN_POINT('',(0.0639674771293282,0.0683067516195686,0.03623));
#7978=CARTESIAN_POINT('',(0.063592540799152,0.0680234637660331,0.03623));
#7979=CARTESIAN_POINT('',(0.0632176044689758,0.0677401759124976,0.03623));
#7980=CARTESIAN_POINT('',(0.0616796849976238,0.0697756386953133,0.03623));
#7981=CARTESIAN_POINT('',(0.0602953414435638,0.0676327672654502,0.03623));
#7982=CARTESIAN_POINT('',(0.0364741449816125,0.030759144981613,0.03623));
#7983=CARTESIAN_POINT('',(0.0479981162847024,0.0731184592656702,0.03623));
#7984=CARTESIAN_POINT('',(0.0523017585561429,0.0837777561703494,0.03623));
#7985=CARTESIAN_POINT('',(0.0490134723050287,0.072762806291509,0.03623));
#7986=CARTESIAN_POINT('',(0.0364741449816147,0.0307591449816153,0.03623));
#7987=CARTESIAN_POINT('',(0.0493352385211398,0.0726654042530841,0.03623));
#7988=CARTESIAN_POINT('',(0.0471802330453446,0.0656435893566626,0.03623));
#7989=CARTESIAN_POINT('',(0.0527822318591575,0.0703941200986275,0.03623));
#7990=CARTESIAN_POINT('',(0.0547604924518145,0.0680612831809374,0.03623));
#7991=CARTESIAN_POINT('',(0.0573361440975811,0.0650239809829073,0.03623));
#7992=CARTESIAN_POINT('',(0.0591765129714501,0.0665846255318339,0.03623));
#7993=CARTESIAN_POINT('',(0.0578849086529752,0.0645464088396009,0.03623));
#7994=CARTESIAN_POINT('',(0.0364741449816146,0.0307591449816152,0.03623));
#7995=CARTESIAN_POINT('',(0.0584689602797722,0.0641691449816142,0.03623));
#7996=CARTESIAN_POINT('',(0.0637760504816146,0.0641691449816142,0.03623));
#7997=CARTESIAN_POINT('',(0.0694910504816146,0.0641691449816142,0.03623));
#7998=CARTESIAN_POINT('',(0.0694910504816146,0.0857591449816142,0.03623));
#7999=CARTESIAN_POINT('',(0.0694910504816146,0.0816245338726044,0.03623));
#8000=CARTESIAN_POINT('',(0.0682210504816146,0.0816245338726044,0.03623));
#8001=CARTESIAN_POINT('',(0.0682210504816146,0.0828945338726044,0.03623));
#8002=CARTESIAN_POINT('',(-0.0185258425183865,0.0828945338726044,0.03623));
#8003=CARTESIAN_POINT('',(0.0625870066067776,0.0828945338726044,0.03623));
#8004=CARTESIAN_POINT('',(0.0625870066067776,0.0828945338726044,0.03623));
#8005=CARTESIAN_POINT('',(0.0624917329679947,0.0828945338726044,0.03623));
#8006=CARTESIAN_POINT('',(0.0623976709848818,0.0828682537524159,0.03623));
#8007=CARTESIAN_POINT('',(0.0623199995651217,0.082812740426846,0.03623));
#8008=CARTESIAN_POINT('',(0.0623199995651217,0.082812740426846,0.03623));
#8009=CARTESIAN_POINT('',(0.0602141449816146,0.0857591449816151,0.03623));
#8010=CARTESIAN_POINT('',(0.0618569680570728,0.0825315985962035,0.03623));
#8011=CARTESIAN_POINT('',(0.0610500997976243,0.0841167995671358,0.03623));
#8012=CARTESIAN_POINT('',(0.0592713647115729,0.0841167995671358,0.03623));
#8013=CARTESIAN_POINT('',(0.0592713647115729,0.0841167995671358,0.03623));
#8014=CARTESIAN_POINT('',(0.0592713647115729,0.0874014903960945,0.03623));
#8015=CARTESIAN_POINT('',(0.0610500997976243,0.0874014903960945,0.03623));
#8016=CARTESIAN_POINT('',(0.0623199995651229,0.0887055495363834,0.03623));
#8017=CARTESIAN_POINT('',(0.0623976838167056,0.0886500270396519,0.03623));
#8018=CARTESIAN_POINT('',(0.0624917146888868,0.088623756090625,0.03623));
#8019=CARTESIAN_POINT('',(0.0625870066067788,0.088623756090625,0.03623));
#8020=CARTESIAN_POINT('',(0.0591443647115729,0.0857591449816151,0.03623));
#8021=CARTESIAN_POINT('',(0.0591443647115729,0.0841167995671358,0.03623));
#8022=CARTESIAN_POINT('',(0.0591443647115729,0.0874014903960945,0.03623));
#8023=CARTESIAN_POINT('',(0.0610500997976243,0.0841167995671358,0.03623));
#8024=CARTESIAN_POINT('',(0.0603906973104692,0.0823287798306281,0.03623));
#8025=CARTESIAN_POINT('',(0.0602141449816146,0.0857591449816151,0.03623));
#8026=CARTESIAN_POINT('',(0.0603906973104692,0.0891895101326021,0.03623));
#8027=CARTESIAN_POINT('',(0.0610500997976243,0.0874014903960945,0.03623));
#8028=CARTESIAN_POINT('',(-0.0185258425183865,0.0857591449816136,0.03496));
#8029=CARTESIAN_POINT('',(0.0694910504816146,0.0825135338726044,0.03496));
#8030=CARTESIAN_POINT('',(0.0643800138719615,0.0825135338726044,0.03496));
#8031=CARTESIAN_POINT('',(0.0682210504816146,0.0825135338726044,0.03496));
#8032=CARTESIAN_POINT('',(0.0682210504816146,0.0641691449816142,0.03496));
#8033=CARTESIAN_POINT('',(0.0682210504816146,0.0649311449816142,0.03496));
#8034=CARTESIAN_POINT('',(0.0688560504816146,0.0645501449816142,0.03496));
#8035=CARTESIAN_POINT('',(0.0675860504816146,0.0653121449816142,0.03496));
#8036=CARTESIAN_POINT('',(-0.0185258425183865,0.0653121449816142,0.03496));
#8037=CARTESIAN_POINT('',(0.0597120504816146,0.0653121449816142,0.03496));
#8038=CARTESIAN_POINT('',(0.0597120504816146,0.0811393219472687,0.03496));
#8039=CARTESIAN_POINT('',(0.0597120504816146,0.0809497619046492,0.03496));
#8040=CARTESIAN_POINT('',(0.0610500997976243,0.0841167995671358,0.03496));
#8041=CARTESIAN_POINT('',(0.062609685870515,0.0810527834430059,0.03496));
#8042=CARTESIAN_POINT('',(0.0602141449816146,0.0857591449816151,0.03496));
#8043=CARTESIAN_POINT('',(0.0523017585561429,0.0877405337928785,0.03623));
#8044=CARTESIAN_POINT('',(0.0438006276107658,0.0954782802317446,0.03623));
#8045=CARTESIAN_POINT('',(0.0438006276107658,0.0954782802317446,0.03496));
#8046=CARTESIAN_POINT('',(0.0523017585561429,0.0877405337928785,0.03496));
#8047=CARTESIAN_POINT('',(0.0437506321339506,0.0954229933088355,0.03496));
#8048=CARTESIAN_POINT('',(0.0437506321339506,0.0954229933088355,0.035595));
#8049=CARTESIAN_POINT('',(0.0523017585561429,0.0837777561703494,0.03623));
#8050=CARTESIAN_POINT('',(0.0479981162847024,0.0731184592656702,0.03623));
#8051=CARTESIAN_POINT('',(0.0479981162847024,0.0731184592656702,0.03496));
#8052=CARTESIAN_POINT('',(0.0523017585561429,0.0837777561703494,0.03496));
#8053=CARTESIAN_POINT('',(0.0490134723050287,0.072762806291509,0.03496));
#8054=CARTESIAN_POINT('',(0.0490134723050287,0.072762806291509,0.03623));
#8055=CARTESIAN_POINT('',(-0.0185258425183865,0.0857591449816136,0.03496));
#8056=CARTESIAN_POINT('',(0.0491725622081533,0.0941662958765863,0.03496));
#8057=CARTESIAN_POINT('',(0.049345647311736,0.0970716242430856,0.03496));
#8058=CARTESIAN_POINT('',(0.049169089213199,0.0941079997520284,0.03496));
#8059=CARTESIAN_POINT('',(0.049169089213199,0.0879452147835008,0.03496));
#8060=CARTESIAN_POINT('',(0.049169089213199,0.0929427657138659,0.03496));
#8061=CARTESIAN_POINT('',(0.043786300183456,0.0879452147835008,0.03496));
#8062=CARTESIAN_POINT('',(0.0451299914110384,0.0951663245960734,0.03496));
#8063=CARTESIAN_POINT('',(0.0474796932508939,0.0947290962708441,0.03496));
#8064=CARTESIAN_POINT('',(0.0523017585561429,0.0877405337928785,0.03496));
#8065=CARTESIAN_POINT('',(0.0479981162846794,0.0983998306975484,0.03496));
#8066=CARTESIAN_POINT('',(0.0523017585561429,0.0877405337928785,0.03496));
#8067=CARTESIAN_POINT('',(0.0490134723050282,0.0987554836717187,0.03496));
#8068=CARTESIAN_POINT('',(0.0364741449816125,0.140759144981612,0.03496));
#8069=CARTESIAN_POINT('',(0.0493352385211398,0.0988528857101438,0.03496));
#8070=CARTESIAN_POINT('',(0.0471802330453442,0.105874700606565,0.03496));
#8071=CARTESIAN_POINT('',(0.0527822318591572,0.1011241698646,0.03496));
#8072=CARTESIAN_POINT('',(0.0153744150210892,0.0570115102615357,0.03496));
#8073=CARTESIAN_POINT('',(-0.0185258425183865,0.0857591449816136,0.03496));
#8074=CARTESIAN_POINT('',(0.0437863001834561,0.0835730751797267,0.03496));
#8075=CARTESIAN_POINT('',(0.0451299914110388,0.0763519653671541,0.03496));
#8076=CARTESIAN_POINT('',(0.0491690892131991,0.0785755242493617,0.03496));
#8077=CARTESIAN_POINT('',(0.0491690892131992,0.0774686896960627,0.03496));
#8078=CARTESIAN_POINT('',(0.0491690892131992,0.0774102902111984,0.03496));
#8079=CARTESIAN_POINT('',(0.0495011346334719,0.0718367257708392,0.03496));
#8080=CARTESIAN_POINT('',(0.0493456473117361,0.0744466657201424,0.03496));
#8081=CARTESIAN_POINT('',(0.0547604924518145,0.0680612831809374,0.03496));
#8082=CARTESIAN_POINT('',(0.0527822318591575,0.0703941200986275,0.03496));
#8083=CARTESIAN_POINT('',(0.0471802330453446,0.0656435893566626,0.03496));
#8084=CARTESIAN_POINT('',(0.0493352385211398,0.0726654042530841,0.03496));
#8085=CARTESIAN_POINT('',(0.0364741449816147,0.0307591449816153,0.03496));
#8086=CARTESIAN_POINT('',(0.0523017585561429,0.0837777561703494,0.03496));
#8087=CARTESIAN_POINT('',(0.0438006276107681,0.0760400097314807,0.03496));
#8088=CARTESIAN_POINT('',(0.0523017585561429,0.0837777561703494,0.03496));
#8089=CARTESIAN_POINT('',(0.043750632133951,0.0760952966543919,0.03496));
#8090=CARTESIAN_POINT('',(0.0474796932508942,0.0767891936923835,0.03496));
#8091=CARTESIAN_POINT('',(0.0364741449816125,0.140759144981612,0.03623));
#8092=CARTESIAN_POINT('',(0.0490134723050282,0.0987554836717187,0.03623));
#8093=CARTESIAN_POINT('',(0.0493352385211398,0.0988528857101438,0.03623));
#8094=CARTESIAN_POINT('',(0.0474796932508939,0.0947290962708441,0.03623));
#8095=CARTESIAN_POINT('',(0.0451299914110384,0.0951663245960734,0.03623));
#8096=CARTESIAN_POINT('',(0.0364741449816147,0.0307591449816153,0.03623));
#8097=CARTESIAN_POINT('',(0.0493352385211398,0.0726654042530841,0.03623));
#8098=CARTESIAN_POINT('',(0.0474796932508942,0.0767891936923835,0.03623));
#8099=CARTESIAN_POINT('',(0.043750632133951,0.0760952966543919,0.035595));
#8100=CARTESIAN_POINT('',(0.0451299914110388,0.0763519653671541,0.03623));
#8101=CARTESIAN_POINT('',(0.0637760504816146,0.0641691449816142,0.03623));
#8102=CARTESIAN_POINT('',(0.0584689602797722,0.0641691449816142,0.03623));
#8103=CARTESIAN_POINT('',(0.0584689602797722,0.0641691449816142,0.035341));
#8104=CARTESIAN_POINT('',(0.0584689602797722,0.0641691449816142,0.035341));
#8105=CARTESIAN_POINT('',(0.0584689602797722,0.0641691449816142,0.0348993269911528));
#8106=CARTESIAN_POINT('',(0.0589327907213738,0.0641691449816142,0.0340955974170171));
#8107=CARTESIAN_POINT('',(0.0600561225903191,0.0641691449816142,0.0334068383599294));
#8108=CARTESIAN_POINT('',(0.0613048085191742,0.0641691449816142,0.0330144299401878));
#8109=CARTESIAN_POINT('',(0.0621655635422147,0.0641691449816142,0.032928));
#8110=CARTESIAN_POINT('',(0.0626014194089265,0.0641691449816142,0.032928));
#8111=CARTESIAN_POINT('',(0.0684503981878033,0.0641691449816142,0.0336638522938113));
#8112=CARTESIAN_POINT('',(0.0694910504816146,0.0641691449816142,0.0336638522938113));
#8113=CARTESIAN_POINT('',(0.0694910504816146,0.0641691449816142,0.032928));
#8114=CARTESIAN_POINT('',(0.0694910504816146,0.0641691449816142,0.034198));
#8115=CARTESIAN_POINT('',(0.0364741449816146,0.0307591449816152,0.03623));
#8116=CARTESIAN_POINT('',(0.0578849086529752,0.0645464088396009,0.03623));
#8117=CARTESIAN_POINT('',(0.0578849086529752,0.0645464088396009,0.035341));
#8118=CARTESIAN_POINT('',(0.0364741449816146,0.0307591449816152,0.035341));
#8119=CARTESIAN_POINT('',(0.0547604924518145,0.0680612831809374,0.03623));
#8120=CARTESIAN_POINT('',(0.0575776836584743,0.0647391487384468,0.034198));
#8121=CARTESIAN_POINT('',(0.0510182795509926,0.0724742368844574,0.034198));
#8122=CARTESIAN_POINT('',(0.0552643803520006,0.0674670802228971,0.034198));
#8123=CARTESIAN_POINT('',(0.0552643803520006,0.0674670802228971,0.034198));
#8124=CARTESIAN_POINT('',(0.0556270391179463,0.0670394198019888,0.034198));
#8125=CARTESIAN_POINT('',(0.0561725856823303,0.0663960914303689,0.0342766560431254));
#8126=CARTESIAN_POINT('',(0.0568650297298858,0.0655795361981775,0.0345667837945548));
#8127=CARTESIAN_POINT('',(0.0572031800182559,0.0651807770663595,0.0347973264144218));
#8128=CARTESIAN_POINT('',(0.05733614409758,0.0650239809829086,0.0349958797623119));
#8129=CARTESIAN_POINT('',(0.0573361440975811,0.0650239809829073,0.0349958797623101));
#8130=CARTESIAN_POINT('',(0.0573361440975811,0.0650239809829073,0.03623));
#8131=CARTESIAN_POINT('',(0.0527822318591575,0.0703941200986275,0.03496));
#8132=CARTESIAN_POINT('',(0.0493456473117362,0.0744466657201424,0.0329977272165032));
#8133=CARTESIAN_POINT('',(0.0511313619966959,0.0857591449816139,0.03623));
#8134=CARTESIAN_POINT('',(0.051131361996696,0.0774686896960627,0.034198));
#8135=CARTESIAN_POINT('',(0.051131361996696,0.0774686896960627,0.0329977272165032));
#8136=CARTESIAN_POINT('',(0.0511313619966959,0.0835730751797268,0.0329977272165032));
#8137=CARTESIAN_POINT('',(0.0511313619966959,0.0835730751797268,0.0329977272165032));
#8138=CARTESIAN_POINT('',(0.0511313619966959,0.0835730751797268,0.03623));
#8139=CARTESIAN_POINT('',(0.0511313619966959,0.0879452147835009,0.03496));
#8140=CARTESIAN_POINT('',(0.0511313619966959,0.0879452147835009,0.0329977272165032));
#8141=CARTESIAN_POINT('',(0.0511313619966958,0.094049600267165,0.0329977272165032));
#8142=CARTESIAN_POINT('',(0.0511313619966958,0.094049600267165,0.0329977272165032));
#8143=CARTESIAN_POINT('',(0.0511313619966958,0.094049600267165,0.034198));
#8144=CARTESIAN_POINT('',(0.0547604924518144,0.103457006782291,0.03623));
#8145=CARTESIAN_POINT('',(0.0573361440975814,0.106494308980321,0.03623));
#8146=CARTESIAN_POINT('',(0.0573361440975803,0.10649430898032,0.0349958797623119));
#8147=CARTESIAN_POINT('',(0.0573361440975803,0.10649430898032,0.0349958797623119));
#8148=CARTESIAN_POINT('',(0.0572031800182562,0.106337512896869,0.0347973264144218));
#8149=CARTESIAN_POINT('',(0.0568650297298862,0.105938753765051,0.0345667837945548));
#8150=CARTESIAN_POINT('',(0.0561725856823305,0.10512219853286,0.0342766560431254));
#8151=CARTESIAN_POINT('',(0.0556270391179464,0.10447887016124,0.034198));
#8152=CARTESIAN_POINT('',(0.0552643803520006,0.104051209740331,0.034198));
#8153=CARTESIAN_POINT('',(0.0552643803520006,0.104051209740331,0.034198));
#8154=CARTESIAN_POINT('',(0.0547604924518144,0.103457006782291,0.034198));
#8155=CARTESIAN_POINT('',(0.0510182795509924,0.0990440530787706,0.034198));
#8156=CARTESIAN_POINT('',(0.049345647311736,0.0970716242430855,0.0329977272165032));
#8157=CARTESIAN_POINT('',(0.0527822318591572,0.1011241698646,0.03623));
#8158=CARTESIAN_POINT('',(0.0364741449816124,0.140759144981612,0.03623));
#8159=CARTESIAN_POINT('',(0.0584689602797718,0.107349144981614,0.03623));
#8160=CARTESIAN_POINT('',(0.0584689602797718,0.107349144981614,0.035341));
#8161=CARTESIAN_POINT('',(0.0364741449816124,0.140759144981612,0.035341));
#8162=CARTESIAN_POINT('',(0.0578849086529755,0.106971881123628,0.035341));
#8163=CARTESIAN_POINT('',(0.0578849086529755,0.106971881123628,0.03623));
#8164=CARTESIAN_POINT('',(0.0637760504816146,0.107349144981614,0.03623));
#8165=CARTESIAN_POINT('',(0.0626014194089259,0.107349144981614,0.032928));
#8166=CARTESIAN_POINT('',(0.062165110026755,0.107349144981614,0.032928));
#8167=CARTESIAN_POINT('',(0.0613092901175213,0.107349144981614,0.0330138638026786));
#8168=CARTESIAN_POINT('',(0.0600587811947449,0.107349144981614,0.0334052141435654));
#8169=CARTESIAN_POINT('',(0.0589320067518837,0.107349144981614,0.0340960542912087));
#8170=CARTESIAN_POINT('',(0.0584689602797718,0.107349144981614,0.0348994017968499));
#8171=CARTESIAN_POINT('',(0.0584689602797718,0.107349144981614,0.035341));
#8172=CARTESIAN_POINT('',(0.0694910504816146,0.107349144981614,0.034198));
#8173=CARTESIAN_POINT('',(0.0694910504816146,0.107349144981614,0.032928));
#8174=CARTESIAN_POINT('',(0.0694910504816146,0.107349144981614,0.0336638522938113));
#8175=CARTESIAN_POINT('',(0.0684503981878033,0.107349144981614,0.0336638522938113));
#8176=CARTESIAN_POINT('',(-0.0185258425183865,0.0857591449816136,0.03496));
#8177=CARTESIAN_POINT('',(0.0610500997976243,0.0841167995671358,0.03496));
#8178=CARTESIAN_POINT('',(0.0576120038816146,0.0841167995671358,0.03496));
#8179=CARTESIAN_POINT('',(0.0576175375351358,0.0839218127936803,0.03496));
#8180=CARTESIAN_POINT('',(0.0602141449816146,0.0857591449816152,0.03496));
#8181=CARTESIAN_POINT('',(0.0576175375351358,0.08759647716955,0.03496));
#8182=CARTESIAN_POINT('',(0.0610500997976243,0.0874014903960945,0.03496));
#8183=CARTESIAN_POINT('',(0.0576120038816146,0.0874014903960945,0.03496));
#8184=CARTESIAN_POINT('',(0.0576120038816146,0.0841167995671358,0.03496));
#8185=CARTESIAN_POINT('',(0.051295648209355,0.0968072344250662,0.034198));
#8186=CARTESIAN_POINT('',(0.0514599344220142,0.0995648685829674,0.0329977272165032));
#8187=CARTESIAN_POINT('',(0.0513752298670062,0.0981430561835032,0.0329977272165032));
#8188=CARTESIAN_POINT('',(0.05133411237079,0.0974528764647195,0.034198));
#8189=CARTESIAN_POINT('',(0.0688560504816146,0.106968144981614,0.034198));
#8190=CARTESIAN_POINT('',(0.0675860504816146,0.106206144981614,0.034579));
#8191=CARTESIAN_POINT('',(0.0682210504816146,0.106587144981614,0.03623));
#8192=CARTESIAN_POINT('',(0.0593310504816146,0.106333144981614,0.034198));
#8193=CARTESIAN_POINT('',(0.0593310504816146,0.089209842721928,0.034198));
#8194=CARTESIAN_POINT('',(0.0593310504816146,0.089209842721928,0.0345662027985233));
#8195=CARTESIAN_POINT('',(0.0593310504816146,0.089209842721928,0.0349476960051133));
#8196=CARTESIAN_POINT('',(0.0593310504816146,0.089209842721928,0.0345662027985233));
#8197=CARTESIAN_POINT('',(0.0593310504816146,0.0892663039349614,0.0345746275174603));
#8198=CARTESIAN_POINT('',(0.0593310504816146,0.0893230696157578,0.034579));
#8199=CARTESIAN_POINT('',(0.0593310504816146,0.0893801638262465,0.034579));
#8200=CARTESIAN_POINT('',(0.0593310504816146,0.0893801638262465,0.034579));
#8201=CARTESIAN_POINT('',(0.0593310504816146,0.106206144981614,0.034579));
#8202=CARTESIAN_POINT('',(0.0593310504816146,0.0905685280585811,0.034579));
#8203=CARTESIAN_POINT('',(0.0593310504816146,0.0905685280585811,0.034579));
#8204=CARTESIAN_POINT('',(0.0593310504816146,0.0900905647000073,0.034579));
#8205=CARTESIAN_POINT('',(0.0593310504816146,0.0896275445398484,0.0347171912555309));
#8206=CARTESIAN_POINT('',(0.0593310504816146,0.089209842721928,0.0349476960051133));
#8207=CARTESIAN_POINT('',(0.0602141449816146,0.0857591449816152,0.034198));
#8208=CARTESIAN_POINT('',(0.0593310504816146,0.089209842721928,0.0349476960051133));
#8209=CARTESIAN_POINT('',(0.0593310504816146,0.089209842721928,0.0349672521009952));
#8210=CARTESIAN_POINT('',(0.0593321988251663,0.0892101372496046,0.0349867350238288));
#8211=CARTESIAN_POINT('',(0.0593345457303043,0.0892107353321673,0.0350061416325358));
#8212=CARTESIAN_POINT('',(0.0593345457303043,0.0892107353321673,0.0350061416325358));
#8213=CARTESIAN_POINT('',(0.0593345457303043,0.0892107353321673,0.0350061416325358));
#8214=CARTESIAN_POINT('',(0.0585551052394544,0.0890121036283549,0.0347005855134682));
#8215=CARTESIAN_POINT('',(0.0578035012060207,0.0885189013556734,0.034579));
#8216=CARTESIAN_POINT('',(0.057306523128355,0.0878165477009138,0.034579));
#8217=CARTESIAN_POINT('',(0.057306523128355,0.0878165477009138,0.034579));
#8218=CARTESIAN_POINT('',(0.0602141449816146,0.0857591449816152,0.034579));
#8219=CARTESIAN_POINT('',(0.0589225590749822,0.0890786293748183,0.034579));
#8220=CARTESIAN_POINT('',(0.0589225590749822,0.0890786293748183,0.034579));
#8221=CARTESIAN_POINT('',(0.0590569760353881,0.0891309299827164,0.034579));
#8222=CARTESIAN_POINT('',(0.0591933335717762,0.0891746187048948,0.0345683895201319));
#8223=CARTESIAN_POINT('',(0.0593315240776323,0.0892099638888868,0.0345470165366754));
#8224=CARTESIAN_POINT('',(0.0593315240776323,0.0892099638888868,0.0345470165366754));
#8225=CARTESIAN_POINT('',(0.0593315240776323,0.0892099638888868,0.0345470165366754));
#8226=CARTESIAN_POINT('',(0.0593312081059938,0.0892098830723674,0.0345534077992644));
#8227=CARTESIAN_POINT('',(0.0593310504816146,0.089209842721928,0.0345598032260716));
#8228=CARTESIAN_POINT('',(0.0593310504816146,0.089209842721928,0.0345662027985233));
#8229=CARTESIAN_POINT('',(0.0593310504816146,0.0738737961114583,0.034198));
#8230=CARTESIAN_POINT('',(0.0593310504816146,0.0823084472413023,0.0349476960051133));
#8231=CARTESIAN_POINT('',(0.0593310504816146,0.0818907454233819,0.0347171912555308));
#8232=CARTESIAN_POINT('',(0.0593310504816146,0.0814277252632229,0.034579));
#8233=CARTESIAN_POINT('',(0.0593310504816146,0.0809497619046492,0.034579));
#8234=CARTESIAN_POINT('',(0.0593310504816146,0.0809497619046492,0.034579));
#8235=CARTESIAN_POINT('',(0.0593310504816146,0.0738737961114583,0.034579));
#8236=CARTESIAN_POINT('',(0.0593310504816146,0.0821381261369838,0.034579));
#8237=CARTESIAN_POINT('',(0.0593310504816146,0.0821381261369838,0.034579));
#8238=CARTESIAN_POINT('',(0.0593310504816146,0.0821952203474725,0.034579));
#8239=CARTESIAN_POINT('',(0.0593310504816146,0.0822519860282689,0.0345746275174606));
#8240=CARTESIAN_POINT('',(0.0593310504816146,0.0823084472413023,0.0345662027985235));
#8241=CARTESIAN_POINT('',(0.0688560504816146,0.0645501449816142,0.034198));
#8242=CARTESIAN_POINT('',(0.0682210504816146,0.0649311449816142,0.03623));
#8243=CARTESIAN_POINT('',(0.0675860504816146,0.0653121449816142,0.034579));
#8244=CARTESIAN_POINT('',(0.0512956482093552,0.0747110555381616,0.034198));
#8245=CARTESIAN_POINT('',(0.0513341123707902,0.0740654134985084,0.034198));
#8246=CARTESIAN_POINT('',(0.0513752298670064,0.0733752337797247,0.0329977272165032));
#8247=CARTESIAN_POINT('',(0.051131361996696,0.0774686896960627,0.0329977272165032));
#8248=CARTESIAN_POINT('',(0.0688560504816146,0.0648041449816142,0.032928));
#8249=CARTESIAN_POINT('',(0.0680551936666312,0.0656050017965976,0.0336638522938113));
#8250=CARTESIAN_POINT('',(0.0675296890850438,0.066130506378185,0.0336638522938113));
#8251=CARTESIAN_POINT('',(0.0661361356491492,0.0675240598140796,0.0321130851675346));
#8252=CARTESIAN_POINT('',(0.0688560504816146,0.106714144981614,0.032928));
#8253=CARTESIAN_POINT('',(0.0694910504816146,0.107349144981614,0.0336638522938113));
#8254=CARTESIAN_POINT('',(0.0661361356491492,0.0857591449816142,0.0321130851675346));
#8255=CARTESIAN_POINT('',(0.0661361356491492,0.0825135338726044,0.0321130851675346));
#8256=CARTESIAN_POINT('',(0.0675296890850438,0.066130506378185,0.0336638522938114));
#8257=CARTESIAN_POINT('',(0.0677179840929883,0.0659422113702405,0.0334946462596901));
#8258=CARTESIAN_POINT('',(0.0679825251913218,0.0654955641340919,0.0331243972762232));
#8259=CARTESIAN_POINT('',(0.0680551936666324,0.064881512084881,0.0329279999999994));
#8260=CARTESIAN_POINT('',(0.0680551936666326,0.0645643495027868,0.032927999999999));
#8261=CARTESIAN_POINT('',(0.0535858022134792,0.0790337409559381,0.0336638522938113));
#8262=CARTESIAN_POINT('',(0.0535858022134792,0.0924845490072903,0.0336638522938113));
#8263=CARTESIAN_POINT('',(0.0471802330453446,0.0656435893566626,0.03623));
#8264=CARTESIAN_POINT('',(0.0437863001834561,0.0835730751797267,0.03623));
#8265=CARTESIAN_POINT('',(0.0491690892131991,0.0785755242493617,0.03496));
#8266=CARTESIAN_POINT('',(0.0498451957962522,0.0793037487635097,0.03496));
#8267=CARTESIAN_POINT('',(0.0508276166653173,0.0809541862487976,0.0343481428466549));
#8268=CARTESIAN_POINT('',(0.0511313619966959,0.0827029795758165,0.0334474535313189));
#8269=CARTESIAN_POINT('',(0.0511313619966959,0.0835730751797268,0.0329977272165032));
#8270=CARTESIAN_POINT('',(0.0471802330453442,0.105874700606565,0.03623));
#8271=CARTESIAN_POINT('',(0.043786300183456,0.0879452147835008,0.03623));
#8272=CARTESIAN_POINT('',(0.049169089213199,0.0929427657138659,0.03496));
#8273=CARTESIAN_POINT('',(0.0498451957962521,0.0922145411997179,0.03496));
#8274=CARTESIAN_POINT('',(0.0508276166653171,0.0905641037144436,0.0343481428466287));
#8275=CARTESIAN_POINT('',(0.0511313619966959,0.0888153103873841,0.0334474535313713));
#8276=CARTESIAN_POINT('',(0.0511313619966959,0.0879452147835009,0.0329977272165032));
#8277=CARTESIAN_POINT('',(0.0523017585561429,0.0837777561703494,0.03623));
#8278=CARTESIAN_POINT('',(0.0438006276107681,0.0760400097314807,0.03496));
#8279=CARTESIAN_POINT('',(0.0523017585561429,0.0877405337928785,0.03623));
#8280=CARTESIAN_POINT('',(0.0479981162846795,0.0983998306975484,0.03496));
#8281=CARTESIAN_POINT('',(0.0484340524945118,0.0897482845562772,0.0329977272165032));
#8282=CARTESIAN_POINT('',(0.0513752298670064,0.0733752337797247,0.0329977272165032));
#8283=CARTESIAN_POINT('',(0.0513848919779695,0.073213049949457,0.0330314491636431));
#8284=CARTESIAN_POINT('',(0.0514004551437498,0.0729018642150965,0.0331250064074055));
#8285=CARTESIAN_POINT('',(0.0514098887554099,0.072448444302455,0.0333543139660471));
#8286=CARTESIAN_POINT('',(0.0512868285852914,0.072189141801714,0.0338277870005763));
#8287=CARTESIAN_POINT('',(0.0511041159843378,0.0723730154370233,0.0340949654200701));
#8288=CARTESIAN_POINT('',(0.0510182795509926,0.0724742368844574,0.034198));
#8289=CARTESIAN_POINT('',(0.0491690892131992,0.0774102902111985,0.0329977272165032));
#8290=CARTESIAN_POINT('',(0.0491690892131991,0.0857591449816139,0.0329977272165032));
#8291=CARTESIAN_POINT('',(0.0484340524945118,0.0817700054069505,0.0329977272165032));
#8292=CARTESIAN_POINT('',(0.0510182795509924,0.0990440530787706,0.034198));
#8293=CARTESIAN_POINT('',(0.0511037617331615,0.0991448567803198,0.0340953906488418));
#8294=CARTESIAN_POINT('',(0.0512854881681953,0.0993281424482819,0.0338301619695308));
#8295=CARTESIAN_POINT('',(0.0514096626658773,0.0990732872537998,0.0333571166044611));
#8296=CARTESIAN_POINT('',(0.0514006329215143,0.0986194455212054,0.0331258946392866));
#8297=CARTESIAN_POINT('',(0.0513849104082194,0.0983055493756204,0.0330315134874657));
#8298=CARTESIAN_POINT('',(0.0513752298670064,0.0981430561835032,0.0329977272165031));
#8299=CARTESIAN_POINT('',(0.049169089213199,0.0941079997520284,0.0329977272165032));
#8300=CARTESIAN_POINT('',(0.0491690892131991,0.0857591449816139,0.0329977272165032));
#8301=CARTESIAN_POINT('',(0.0493209846799456,0.0950789229953646,0.034198));
#8302=CARTESIAN_POINT('',(0.0562329955487737,0.103229817872475,0.034198));
#8303=CARTESIAN_POINT('',(0.0557291076485877,0.0688826750487935,0.034198));
#8304=CARTESIAN_POINT('',(0.0562329955487737,0.0682884720907531,0.034198));
#8305=CARTESIAN_POINT('',(0.0436691340505168,0.0857591449816142,0.03623));
#8306=CARTESIAN_POINT('',(0.051857996553565,0.0775393105656795,0.03623));
#8307=CARTESIAN_POINT('',(0.042359070087838,0.0757717672801273,0.03623));
#8308=CARTESIAN_POINT('',(0.0408699574594933,0.0754946758596222,0.03623));
#8309=CARTESIAN_POINT('',(0.0523017585561429,0.0837777561703494,0.03623));
#8310=CARTESIAN_POINT('',(0.0441080459486994,0.0739891921390552,0.03623));
#8311=CARTESIAN_POINT('',(0.0364741449816125,0.030759144981613,0.03623));
#8312=CARTESIAN_POINT('',(0.0408699574594933,0.0744374033474096,0.03623));
#8313=CARTESIAN_POINT('',(0.0408699574594933,0.0749660396035159,0.03623));
#8314=CARTESIAN_POINT('',(0.051857996553565,0.0775393105656795,0.03877));
#8315=CARTESIAN_POINT('',(0.051857996553565,0.0775393105656795,0.03877));
#8316=CARTESIAN_POINT('',(0.0491484581575752,0.0770351244962265,0.03877));
#8317=CARTESIAN_POINT('',(0.0577554365733543,0.0786366956803591,0.03877));
#8318=CARTESIAN_POINT('',(0.0438006276107681,0.0760400097314807,0.03496));
#8319=CARTESIAN_POINT('',(0.0438006276107681,0.0760400097314807,0.035321890634698));
#8320=CARTESIAN_POINT('',(0.0434205785078533,0.0759692908726223,0.0359980276231264));
#8321=CARTESIAN_POINT('',(0.0427136493820997,0.0758377467624435,0.03623));
#8322=CARTESIAN_POINT('',(0.042359070087838,0.0757717672801273,0.03623));
#8323=CARTESIAN_POINT('',(0.0408699574594933,0.0754946758596222,0.03877));
#8324=CARTESIAN_POINT('',(0.0490812385211398,0.0770226163862346,0.039024));
#8325=CARTESIAN_POINT('',(0.0491484581575752,0.0770351244962265,0.0387790560870781));
#8326=CARTESIAN_POINT('',(0.0491484581575752,0.0770351244962265,0.03877));
#8327=CARTESIAN_POINT('',(0.0408699574594933,0.0749660396035159,0.03877));
#8328=CARTESIAN_POINT('',(0.0408699574594933,0.0744374033474096,0.03877));
#8329=CARTESIAN_POINT('',(0.0364741449816125,0.030759144981613,0.03877));
#8330=CARTESIAN_POINT('',(0.0491727655691137,0.072781263638157,0.03877));
#8331=CARTESIAN_POINT('',(0.0491727655691137,0.072781263638157,0.0387870637227245));
#8332=CARTESIAN_POINT('',(0.0491727655691138,0.0727812636381573,0.0387870637227245));
#8333=CARTESIAN_POINT('',(0.0491437180580264,0.0727900414754988,0.0387758428452321));
#8334=CARTESIAN_POINT('',(0.0491125790737873,0.0727994170481601,0.03877));
#8335=CARTESIAN_POINT('',(0.0490812385211398,0.0728088133952352,0.03877));
#8336=CARTESIAN_POINT('',(0.0441080459486994,0.0739891921390552,0.03623));
#8337=CARTESIAN_POINT('',(0.0444632304372134,0.073926470874827,0.03623));
#8338=CARTESIAN_POINT('',(0.0451598590689376,0.0737944756118265,0.0361564281061783));
#8339=CARTESIAN_POINT('',(0.046008738764209,0.0736125295830698,0.0359508012574929));
#8340=CARTESIAN_POINT('',(0.0466760621955722,0.0734571538466476,0.0357344850364826));
#8341=CARTESIAN_POINT('',(0.0471647084648046,0.073337434037755,0.0355480845233008));
#8342=CARTESIAN_POINT('',(0.047566529323834,0.0732340035583525,0.0353655261788364));
#8343=CARTESIAN_POINT('',(0.0478582928517072,0.0731564678256366,0.0351873291177119));
#8344=CARTESIAN_POINT('',(0.0479981162847024,0.0731184592656702,0.0350507897378039));
#8345=CARTESIAN_POINT('',(0.0479981162847024,0.0731184592656702,0.03496));
#8346=CARTESIAN_POINT('',(0.0602953414435638,0.0676327672654502,0.03877));
#8347=CARTESIAN_POINT('',(0.0616796849976238,0.0697756386953133,0.03877));
#8348=CARTESIAN_POINT('',(0.0632176044689758,0.0677401759124976,0.03877));
#8349=CARTESIAN_POINT('',(0.063592540799152,0.0680234637660331,0.03877));
#8350=CARTESIAN_POINT('',(0.0639674771293282,0.0683067516195686,0.03877));
#8351=CARTESIAN_POINT('',(0.0629548201760724,0.0696470204558163,0.03877));
#8352=CARTESIAN_POINT('',(0.0645471285202386,0.0701821361400316,0.03877));
#8353=CARTESIAN_POINT('',(0.0645471285202368,0.0701821361400366,0.0385247186128422));
#8354=CARTESIAN_POINT('',(0.0645471285202386,0.0701821361400316,0.03877));
#8355=CARTESIAN_POINT('',(0.0645471285202386,0.0701821361400316,0.0389986));
#8356=CARTESIAN_POINT('',(0.0645471285202372,0.0701821361400367,0.0389986));
#8357=CARTESIAN_POINT('',(0.0645471285202372,0.0701821361400367,0.0388777862175472));
#8358=CARTESIAN_POINT('',(0.0645824631941146,0.0700796518236157,0.0387699999999992));
#8359=CARTESIAN_POINT('',(0.0646050429327488,0.0699609623481182,0.0387699999999991));
#8360=CARTESIAN_POINT('',(0.110898603326986,0.0857591449816128,0.03877));
#8361=CARTESIAN_POINT('',(0.0631856409854227,0.0750551435894322,0.03877));
#8362=CARTESIAN_POINT('',(0.0631856409854227,0.0750551435894322,0.0385247159020629));
#8363=CARTESIAN_POINT('',(0.0631858028555161,0.0750544217886674,0.0385247159020629));
#8364=CARTESIAN_POINT('',(0.0631857489178067,0.0750546623931801,0.0385247159020629));
#8365=CARTESIAN_POINT('',(0.0631856949611087,0.075054902993436,0.0385247159020629));
#8366=CARTESIAN_POINT('',(0.0631856409854226,0.0750551435894321,0.0385247159020629));
#8367=CARTESIAN_POINT('',(0.0631858028555161,0.0750544217886674,0.0385247159020629));
#8368=CARTESIAN_POINT('',(0.110898603326986,0.0857591449816128,0.0385247159020629));
#8369=CARTESIAN_POINT('',(0.0586127798533482,0.0740292606946839,0.03877));
#8370=CARTESIAN_POINT('',(0.0631303435262152,0.0752763024375964,0.03877));
#8371=CARTESIAN_POINT('',(0.0631624816732418,0.0751598780064611,0.03877));
#8372=CARTESIAN_POINT('',(0.0631858028555172,0.0750544217886667,0.038877821086233));
#8373=CARTESIAN_POINT('',(0.0631858028555172,0.0750544217886667,0.0389986));
#8374=CARTESIAN_POINT('',(0.0631858028555161,0.0750544217886674,0.0389986));
#8375=CARTESIAN_POINT('',(0.0631858028555161,0.0750544217886674,0.03877));
#8376=CARTESIAN_POINT('',(0.0436691340505168,0.0857591449816142,0.03623));
#8377=CARTESIAN_POINT('',(0.0364741449816126,0.140759144981612,0.03623));
#8378=CARTESIAN_POINT('',(0.0408699574594933,0.0970808866158153,0.03623));
#8379=CARTESIAN_POINT('',(0.0441080459486949,0.0975290978241688,0.03623));
#8380=CARTESIAN_POINT('',(0.0523017585561429,0.0877405337928785,0.03623));
#8381=CARTESIAN_POINT('',(0.0423590700878358,0.0957465226830979,0.03623));
#8382=CARTESIAN_POINT('',(0.051857996553565,0.0939789793975454,0.03623));
#8383=CARTESIAN_POINT('',(0.0408699574594933,0.0960236141036026,0.03623));
#8384=CARTESIAN_POINT('',(0.0408699574594933,0.0965522503597089,0.03623));
#8385=CARTESIAN_POINT('',(0.0408699574594933,0.0965522503597089,0.03877));
#8386=CARTESIAN_POINT('',(0.0408699574594933,0.0960236141036026,0.03877));
#8387=CARTESIAN_POINT('',(0.0408699574594933,0.0970808866158153,0.03877));
#8388=CARTESIAN_POINT('',(0.051857996553565,0.0939789793975454,0.03877));
#8389=CARTESIAN_POINT('',(0.0491484581575752,0.0944831654669984,0.039024));
#8390=CARTESIAN_POINT('',(0.0491484581575752,0.0944831654669984,0.0387790560870781));
#8391=CARTESIAN_POINT('',(0.0490812385211398,0.0944956735769903,0.039024));
#8392=CARTESIAN_POINT('',(0.0423590700878358,0.0957465226830979,0.03623));
#8393=CARTESIAN_POINT('',(0.0427145150985966,0.0956803821098005,0.03623));
#8394=CARTESIAN_POINT('',(0.043415162540755,0.0955500068840953,0.0360014376870426));
#8395=CARTESIAN_POINT('',(0.0438006276107658,0.0954782802317446,0.0353232247956096));
#8396=CARTESIAN_POINT('',(0.0438006276107658,0.0954782802317446,0.03496));
#8397=CARTESIAN_POINT('',(0.0577554365733543,0.0928815942828658,0.03877));
#8398=CARTESIAN_POINT('',(0.0586127798533483,0.0974890292685408,0.03877));
#8399=CARTESIAN_POINT('',(0.0631856409854227,0.0964631463737927,0.03877));
#8400=CARTESIAN_POINT('',(0.0631856409854227,0.0964631463737927,0.0385247159020629));
#8401=CARTESIAN_POINT('',(0.0631856409854227,0.0964631463737927,0.0385247159020629));
#8402=CARTESIAN_POINT('',(0.0631856949611091,0.0964633869697905,0.0385247159020629));
#8403=CARTESIAN_POINT('',(0.0631857489178076,0.0964636275700481,0.0385247159020629));
#8404=CARTESIAN_POINT('',(0.0631858028555173,0.0964638681745625,0.0385247159020629));
#8405=CARTESIAN_POINT('',(0.0631858028555172,0.0964638681745625,0.0385247159020629));
#8406=CARTESIAN_POINT('',(0.0631858028555172,0.0964638681745625,0.03877));
#8407=CARTESIAN_POINT('',(0.0631858028555172,0.0964638681745625,0.0389986));
#8408=CARTESIAN_POINT('',(0.0631858028555172,0.0964638681745625,0.0389986));
#8409=CARTESIAN_POINT('',(0.0631858028555172,0.0964638681745625,0.0388778212179246));
#8410=CARTESIAN_POINT('',(0.0631624814742971,0.0963584112360616,0.038769999999999));
#8411=CARTESIAN_POINT('',(0.0631303435262168,0.0962419875256337,0.0387699999999989));
#8412=CARTESIAN_POINT('',(0.110898603326983,0.0857591449816127,0.03877));
#8413=CARTESIAN_POINT('',(0.0645471285202385,0.101336153823193,0.03877));
#8414=CARTESIAN_POINT('',(0.110898603326983,0.0857591449816127,0.0385247159020629));
#8415=CARTESIAN_POINT('',(0.0629548201760724,0.101871269507408,0.03877));
#8416=CARTESIAN_POINT('',(0.0639674771293282,0.103211538343656,0.03877));
#8417=CARTESIAN_POINT('',(0.0646050429327497,0.101557327615112,0.03877));
#8418=CARTESIAN_POINT('',(0.0645824648904625,0.101438647056391,0.03877));
#8419=CARTESIAN_POINT('',(0.0645471285202385,0.101336153823193,0.0388777924056643));
#8420=CARTESIAN_POINT('',(0.0645471285202385,0.101336153823193,0.0389986));
#8421=CARTESIAN_POINT('',(0.063592540799152,0.103494826197192,0.03877));
#8422=CARTESIAN_POINT('',(0.0632176044689758,0.103778114050727,0.03877));
#8423=CARTESIAN_POINT('',(0.0616796849976238,0.101742651267911,0.03877));
#8424=CARTESIAN_POINT('',(0.0602953414435638,0.103885522697775,0.03877));
#8425=CARTESIAN_POINT('',(0.0364741449816126,0.140759144981612,0.03877));
#8426=CARTESIAN_POINT('',(0.0479981162846795,0.0983998306975484,0.03496));
#8427=CARTESIAN_POINT('',(0.0479981162846795,0.0983998306975484,0.035052304405935));
#8428=CARTESIAN_POINT('',(0.0478558829597774,0.0983611689275653,0.0351888849197931));
#8429=CARTESIAN_POINT('',(0.0475621094237684,0.0982831312874236,0.0353679170802223));
#8430=CARTESIAN_POINT('',(0.0471613618986458,0.0981800134976131,0.035549402287898));
#8431=CARTESIAN_POINT('',(0.0466708415515753,0.0980598896212935,0.0357363365299712));
#8432=CARTESIAN_POINT('',(0.0460076122445813,0.0979055467516182,0.0359509406217763));
#8433=CARTESIAN_POINT('',(0.0451628539427309,0.0977244375044043,0.0361557667605773));
#8434=CARTESIAN_POINT('',(0.0444653153902814,0.0975921872657718,0.03623));
#8435=CARTESIAN_POINT('',(0.0441080459486949,0.0975290978241688,0.03623));
#8436=CARTESIAN_POINT('',(0.0490812385211398,0.0987094765679896,0.03877));
#8437=CARTESIAN_POINT('',(0.0491126840305823,0.0987189043826168,0.03877));
#8438=CARTESIAN_POINT('',(0.0491433760910529,0.0987281451490803,0.0387757107454627));
#8439=CARTESIAN_POINT('',(0.0491727655691137,0.0987370263250678,0.0387870637227245));
#8440=CARTESIAN_POINT('',(0.0491727655691137,0.0987370263250679,0.0387870637227245));
#8441=CARTESIAN_POINT('',(0.0491727655691137,0.0987370263250679,0.03877));
#8442=CARTESIAN_POINT('',(0.0523017585561429,0.0837777561703494,0.03496));
#8443=CARTESIAN_POINT('',(0.0523017585561429,0.0877405337928785,0.03496));
#8444=CARTESIAN_POINT('',(0.0591765129714504,0.104933664431395,0.03623));
#8445=CARTESIAN_POINT('',(0.0573361440975806,0.10649430898032,0.034995879762313));
#8446=CARTESIAN_POINT('',(0.0574946161906445,0.106681185042299,0.0351079743350752));
#8447=CARTESIAN_POINT('',(0.0576801585956714,0.106842132378448,0.0352246002283285));
#8448=CARTESIAN_POINT('',(0.0578849086529755,0.106971881123628,0.035341));
#8449=CARTESIAN_POINT('',(0.0578849086529754,0.106971881123628,0.035341));
#8450=CARTESIAN_POINT('',(0.0578849086529755,0.106971881123628,0.035341));
#8451=CARTESIAN_POINT('',(0.0578849086529755,0.106971881123628,0.035341));
#8452=CARTESIAN_POINT('',(0.0577914361889483,0.106912648246841,0.0350966521945645));
#8453=CARTESIAN_POINT('',(0.0577364178954748,0.106877687379954,0.035160954263907));
#8454=CARTESIAN_POINT('',(0.057681312641461,0.106842863689565,0.0352252563026883));
#8455=CARTESIAN_POINT('',(0.0577173190919689,0.106822825669454,0.0348522447813885));
#8456=CARTESIAN_POINT('',(0.0575943110660177,0.106768341817332,0.0349781213500101));
#8457=CARTESIAN_POINT('',(0.0574967509800782,0.106683702463726,0.0351094843734942));
#8458=CARTESIAN_POINT('',(0.0576651486525511,0.10670090122708,0.0346124128315474));
#8459=CARTESIAN_POINT('',(0.0574617095893872,0.106642380379995,0.0347948621719395));
#8460=CARTESIAN_POINT('',(0.0573361440975792,0.106494308980319,0.0349958797623119));
#8461=CARTESIAN_POINT('',(0.0583047592943546,0.105672917112465,0.0349958797623102));
#8462=CARTESIAN_POINT('',(0.0576651486525507,0.106700901227079,0.0346124128315454));
#8463=CARTESIAN_POINT('',(0.0576651486525507,0.106700901227079,0.0346124128315454));
#8464=CARTESIAN_POINT('',(0.0577166122855777,0.106821173835848,0.0348489955368818));
#8465=CARTESIAN_POINT('',(0.0577908941875861,0.106912304784194,0.0350952353939584));
#8466=CARTESIAN_POINT('',(0.0578849086529755,0.106971881123628,0.035341));
#8467=CARTESIAN_POINT('',(0.0576651486525511,0.10670090122708,0.0346124128315475));
#8468=CARTESIAN_POINT('',(0.057461709589388,0.106642380379995,0.0347948621719396));
#8469=CARTESIAN_POINT('',(0.0573361440975803,0.10649430898032,0.034995879762312));
#8470=CARTESIAN_POINT('',(0.057573967108002,0.106487806881216,0.0341932452232391));
#8471=CARTESIAN_POINT('',(0.0573249615421273,0.106481122103711,0.0344704234188422));
#8472=CARTESIAN_POINT('',(0.0572031798894613,0.10633751274499,0.0347973267306667));
#8473=CARTESIAN_POINT('',(0.0573419368711021,0.105941033143947,0.0337069155475776));
#8474=CARTESIAN_POINT('',(0.0569710979894701,0.106063833318647,0.0340647420212685));
#8475=CARTESIAN_POINT('',(0.0568648976061522,0.105938597959934,0.0345669599748186));
#8476=CARTESIAN_POINT('',(0.0569850591641321,0.105082861911123,0.0332458718361424));
#8477=CARTESIAN_POINT('',(0.0564317280102483,0.105427788601078,0.0336112917479014));
#8478=CARTESIAN_POINT('',(0.0563461593204809,0.105326882886639,0.0343485708756923));
#8479=CARTESIAN_POINT('',(0.0566121949373873,0.10417146830081,0.0329881897290778));
#8480=CARTESIAN_POINT('',(0.0558550866214636,0.104747792080451,0.0332431739926097));
#8481=CARTESIAN_POINT('',(0.0558071695914293,0.104691286573972,0.0342265109219399));
#8482=CARTESIAN_POINT('',(0.0563601118602766,0.103546618651843,0.032928));
#8483=CARTESIAN_POINT('',(0.0554652873393646,0.104288126574595,0.0330315450217127));
#8484=CARTESIAN_POINT('',(0.0554457097349074,0.104265039950708,0.0341980000015466));
#8485=CARTESIAN_POINT('',(0.0562329955487737,0.103229817872475,0.032928));
#8486=CARTESIAN_POINT('',(0.0552643803520005,0.104051209740331,0.032928));
#8487=CARTESIAN_POINT('',(0.0552643803520005,0.104051209740331,0.034198));
#8488=CARTESIAN_POINT('',(0.0562329955487738,0.103229817872475,0.032928));
#8489=CARTESIAN_POINT('',(0.0565002239562367,0.103895807679211,0.032928));
#8490=CARTESIAN_POINT('',(0.0569040412194125,0.104890075658961,0.0331194211752755));
#8491=CARTESIAN_POINT('',(0.0573944562661987,0.106065743510603,0.0337860547513723));
#8492=CARTESIAN_POINT('',(0.0575961635379164,0.106539680201373,0.0342952823825655));
#8493=CARTESIAN_POINT('',(0.0576651486525511,0.10670090122708,0.0346124128315446));
#8494=CARTESIAN_POINT('',(0.0364741449816124,0.140759144981612,0.035341));
#8495=CARTESIAN_POINT('',(0.0591765129714501,0.0665846255318339,0.03623));
#8496=CARTESIAN_POINT('',(0.0573361440975802,0.0650239809829083,0.0349958797623129));
#8497=CARTESIAN_POINT('',(0.0574946161906441,0.0648371049209295,0.0351079743350751));
#8498=CARTESIAN_POINT('',(0.0576801585956948,0.0646761575847658,0.0352246002282699));
#8499=CARTESIAN_POINT('',(0.0578849086529752,0.0645464088396009,0.035341));
#8500=CARTESIAN_POINT('',(0.05733614409758,0.0650239809829086,0.0349958797623119));
#8501=CARTESIAN_POINT('',(0.0574617095893877,0.0648759095832335,0.0347948621719394));
#8502=CARTESIAN_POINT('',(0.0576651486525509,0.0648173887361485,0.0346124128315472));
#8503=CARTESIAN_POINT('',(0.0572031798894504,0.0651807772182518,0.0347973267306964));
#8504=CARTESIAN_POINT('',(0.0573249615420662,0.0650371678595076,0.0344704234189029));
#8505=CARTESIAN_POINT('',(0.0575739671079582,0.0650304830820091,0.0341932452233229));
#8506=CARTESIAN_POINT('',(0.0568648976061567,0.0655796920032893,0.0345669599748048));
#8507=CARTESIAN_POINT('',(0.0569710979894991,0.0654544566445873,0.0340647420212385));
#8508=CARTESIAN_POINT('',(0.0573419368711227,0.0655772568192848,0.0337069155475387));
#8509=CARTESIAN_POINT('',(0.0563461593204796,0.0661914070765908,0.034348570875696));
#8510=CARTESIAN_POINT('',(0.0564317280102383,0.0660905013621473,0.0336112917479108));
#8511=CARTESIAN_POINT('',(0.0569850591641243,0.066435428052102,0.0332458718361529));
#8512=CARTESIAN_POINT('',(0.0558071695914287,0.0668270033892572,0.0342265109219388));
#8513=CARTESIAN_POINT('',(0.0558550866214723,0.0667704978827844,0.0332431739926042));
#8514=CARTESIAN_POINT('',(0.0566121949373968,0.0673468216624315,0.0329881897290749));
#8515=CARTESIAN_POINT('',(0.0554457097349093,0.0672532500125185,0.0341980000015466));
#8516=CARTESIAN_POINT('',(0.0554652873393508,0.0672301633886178,0.0330315450217194));
#8517=CARTESIAN_POINT('',(0.056360111860259,0.067971671311358,0.032928));
#8518=CARTESIAN_POINT('',(0.0552643803520005,0.067467080222897,0.034198));
#8519=CARTESIAN_POINT('',(0.0552643803520006,0.067467080222897,0.032928));
#8520=CARTESIAN_POINT('',(0.0562329955487737,0.0682884720907531,0.032928));
#8521=CARTESIAN_POINT('',(0.0583047592943542,0.0658453728507634,0.0349958797623101));
#8522=CARTESIAN_POINT('',(0.0576651486525504,0.0648173887361495,0.0346124128315453));
#8523=CARTESIAN_POINT('',(0.0576651486525504,0.0648173887361495,0.0346124128315453));
#8524=CARTESIAN_POINT('',(0.0575961660048239,0.0649786039965915,0.0342952937231527));
#8525=CARTESIAN_POINT('',(0.0573946278389576,0.0654521198838569,0.0337860137091275));
#8526=CARTESIAN_POINT('',(0.0569020872110644,0.066632951534399,0.0331175392102963));
#8527=CARTESIAN_POINT('',(0.0565003199016166,0.0676222431678036,0.032928));
#8528=CARTESIAN_POINT('',(0.0562329955487737,0.0682884720907531,0.032928));
#8529=CARTESIAN_POINT('',(0.0578849086529752,0.0645464088396009,0.035341));
#8530=CARTESIAN_POINT('',(0.0578849086529752,0.0645464088396009,0.035341));
#8531=CARTESIAN_POINT('',(0.0578849086529752,0.0645464088396009,0.035341));
#8532=CARTESIAN_POINT('',(0.0576813126415197,0.0646754262736265,0.0352252563026533));
#8533=CARTESIAN_POINT('',(0.0577364178979107,0.0646406025870034,0.0351609542638489));
#8534=CARTESIAN_POINT('',(0.0577914361889767,0.0646056417163695,0.0350966521944894));
#8535=CARTESIAN_POINT('',(0.0574967509801387,0.0648345874994313,0.0351094843734465));
#8536=CARTESIAN_POINT('',(0.0575943110660814,0.0647499481458575,0.0349781213499355));
#8537=CARTESIAN_POINT('',(0.0577173190920244,0.0646954642937746,0.0348522447812948));
#8538=CARTESIAN_POINT('',(0.0573361440975787,0.0650239809829101,0.0349958797623119));
#8539=CARTESIAN_POINT('',(0.0574617095893868,0.064875909583234,0.0347948621719394));
#8540=CARTESIAN_POINT('',(0.0576651486525508,0.0648173887361485,0.0346124128315472));
#8541=CARTESIAN_POINT('',(0.0576651486525504,0.0648173887361495,0.0346124128315453));
#8542=CARTESIAN_POINT('',(0.0577166122855774,0.064697116127381,0.0348489955368817));
#8543=CARTESIAN_POINT('',(0.0577908941876207,0.0646059851790126,0.0350952353939397));
#8544=CARTESIAN_POINT('',(0.0578849086529752,0.0645464088396009,0.035341));
#8545=CARTESIAN_POINT('',(0.0364741449816146,0.0307591449816152,0.035341));
#8546=CARTESIAN_POINT('',(0.0610500997976243,0.0874014903960945,0.0366790466));
#8547=CARTESIAN_POINT('',(0.0576175375351358,0.08759647716955,0.03496));
#8548=CARTESIAN_POINT('',(0.0580503986864366,0.0883351688596102,0.03496));
#8549=CARTESIAN_POINT('',(0.0587769418653842,0.0888631031680799,0.0351074709674421));
#8550=CARTESIAN_POINT('',(0.0595393852989295,0.089093567399252,0.0354193637700951));
#8551=CARTESIAN_POINT('',(0.0595393852989295,0.089093567399252,0.0354193637700951));
#8552=CARTESIAN_POINT('',(0.0595393852989295,0.089093567399252,0.0354193637700951));
#8553=CARTESIAN_POINT('',(0.0596117438527825,0.0895421854296953,0.03515335725392));
#8554=CARTESIAN_POINT('',(0.0596715081784937,0.0900411507647821,0.03496));
#8555=CARTESIAN_POINT('',(0.0597120504816146,0.0905685280585811,0.03496));
#8556=CARTESIAN_POINT('',(0.0576120038816146,0.0874014903960945,0.0366790466));
#8557=CARTESIAN_POINT('',(0.0576120038816146,0.0857591449816151,0.0366790466));
#8558=CARTESIAN_POINT('',(0.0576120038816146,0.0841167995671358,0.0366790466));
#8559=CARTESIAN_POINT('',(0.0602141449816146,0.0857591449816151,0.0366790466));
#8560=CARTESIAN_POINT('',(0.0623199995651217,0.082812740426846,0.03623));
#8561=CARTESIAN_POINT('',(0.0624724801413124,0.0827864770244262,0.0358234055449721));
#8562=CARTESIAN_POINT('',(0.0631141025453417,0.0826769875816425,0.0351916125651512));
#8563=CARTESIAN_POINT('',(0.0639495117019953,0.0825640185922585,0.03496));
#8564=CARTESIAN_POINT('',(0.0643800138719615,0.0825135338726044,0.03496));
#8565=CARTESIAN_POINT('',(0.062609685870515,0.0810527834430059,0.0366790466));
#8566=CARTESIAN_POINT('',(0.0610500997976243,0.0841167995671358,0.0366790466));
#8567=CARTESIAN_POINT('',(0.0597120504816146,0.0809497619046492,0.03496));
#8568=CARTESIAN_POINT('',(0.0596715081784937,0.0814771391984482,0.03496));
#8569=CARTESIAN_POINT('',(0.0596117438527825,0.081976104533535,0.0351533572539201));
#8570=CARTESIAN_POINT('',(0.0595393852989295,0.0824247225639783,0.0354193637700952));
#8571=CARTESIAN_POINT('',(0.0595393852989295,0.0824247225639783,0.0354193637700952));
#8572=CARTESIAN_POINT('',(0.0595393852989294,0.0824247225639784,0.0354193637700951));
#8573=CARTESIAN_POINT('',(0.0587769418653842,0.0826551867951505,0.0351074709674422));
#8574=CARTESIAN_POINT('',(0.0580503986864366,0.0831831211036201,0.03496));
#8575=CARTESIAN_POINT('',(0.0576175375351358,0.0839218127936803,0.03496));
#8576=CARTESIAN_POINT('',(0.0576120038816146,0.0857591449816142,0.0346470466));
#8577=CARTESIAN_POINT('',(0.0576120038816146,0.0874014903960945,0.0346470466));
#8578=CARTESIAN_POINT('',(0.0589603060740171,0.0874014903960945,0.0335806496706468));
#8579=CARTESIAN_POINT('',(0.0589603060740171,0.0857591449816142,0.0335806496706468));
#8580=CARTESIAN_POINT('',(0.0589603060740171,0.0841167995671358,0.0335806496706468));
#8581=CARTESIAN_POINT('',(0.0576120038816146,0.0841167995671358,0.0346470466));
#8582=CARTESIAN_POINT('',(0.0610500997976243,0.0841167995671358,0.0346470466));
#8583=CARTESIAN_POINT('',(0.0610500997976243,0.0841167995671358,0.0335806496706468));
#8584=CARTESIAN_POINT('',(0.0610500997976243,0.0874014903960945,0.0346470466));
#8585=CARTESIAN_POINT('',(0.062609685870515,0.0904655065202244,0.0346470466));
#8586=CARTESIAN_POINT('',(0.0619980702051326,0.0892639054716661,0.0335806496706468));
#8587=CARTESIAN_POINT('',(0.0610500997976243,0.0874014903960945,0.0335806496706468));
#8588=CARTESIAN_POINT('',(0.0602141449816146,0.0857591449816151,0.0346470466));
#8589=CARTESIAN_POINT('',(0.0643800138719622,0.089004756090625,0.032928));
#8590=CARTESIAN_POINT('',(0.0637698614337153,0.0889332038966056,0.032928));
#8591=CARTESIAN_POINT('',(0.063176152217516,0.0888468755873725,0.0331555795279956));
#8592=CARTESIAN_POINT('',(0.0627374452590937,0.0887755486358697,0.0335806496706468));
#8593=CARTESIAN_POINT('',(0.0627374452590937,0.0887755486358697,0.0335806496706468));
#8594=CARTESIAN_POINT('',(0.0602141449816146,0.0857591449816151,0.0335806496706468));
#8595=CARTESIAN_POINT('',(0.0610500997976243,0.0841167995671358,0.038772));
#8596=CARTESIAN_POINT('',(0.0591443647115729,0.0841167995671358,0.038772));
#8597=CARTESIAN_POINT('',(0.0591443647115729,0.0841167995671358,0.037754));
#8598=CARTESIAN_POINT('',(0.0610500997976243,0.0841167995671358,0.037754));
#8599=CARTESIAN_POINT('',(0.0603906973104692,0.0823287798306281,0.037754));
#8600=CARTESIAN_POINT('',(0.0603906973104692,0.0823287798306281,0.038772));
#8601=CARTESIAN_POINT('',(0.0591443647115729,0.0857591449816151,0.038772));
#8602=CARTESIAN_POINT('',(0.0591443647115729,0.0874014903960945,0.038772));
#8603=CARTESIAN_POINT('',(0.0591443647115729,0.0874014903960945,0.037754));
#8604=CARTESIAN_POINT('',(0.0591443647115729,0.0841167995671358,0.037754));
#8605=CARTESIAN_POINT('',(0.0610500997976243,0.0874014903960945,0.038772));
#8606=CARTESIAN_POINT('',(0.0603906973104692,0.0891895101326022,0.038772));
#8607=CARTESIAN_POINT('',(0.0603906973104692,0.0891895101326022,0.037754));
#8608=CARTESIAN_POINT('',(0.0610500997976243,0.0874014903960945,0.037754));
#8609=CARTESIAN_POINT('',(0.0602141449816146,0.0857591449816151,0.038772));
#8610=CARTESIAN_POINT('',(0.0602141449816146,0.0857591449816151,0.037754));
#8611=CARTESIAN_POINT('',(0.0436691340505168,0.0857591449816142,0.03877));
#8612=CARTESIAN_POINT('',(0.0602141449816146,0.0857591449816151,0.03877));
#8613=CARTESIAN_POINT('',(0.0581283647115729,0.086984144770609,0.03877));
#8614=CARTESIAN_POINT('',(0.0581283647115729,0.0845341451926212,0.03877));
#8615=CARTESIAN_POINT('',(0.0581283647115729,0.0874014903960945,0.03877));
#8616=CARTESIAN_POINT('',(0.0547125219656737,0.0892898363215893,0.033182));
#8617=CARTESIAN_POINT('',(0.0554802320306358,0.0888556080984701,0.033182));
#8618=CARTESIAN_POINT('',(0.0554802320306358,0.0888556080984701,0.033182));
#8619=CARTESIAN_POINT('',(0.0547125219656737,0.0892898363215893,0.033182));
#8620=CARTESIAN_POINT('',(0.0539448119007115,0.0897240645447086,0.033182));
#8621=CARTESIAN_POINT('',(0.0539439844326606,0.0897245325701072,0.033182));
#8622=CARTESIAN_POINT('',(0.0554802320306358,0.0886106472343329,0.033182));
#8623=CARTESIAN_POINT('',(0.0554802320306358,0.0883656863701958,0.033182));
#8624=CARTESIAN_POINT('',(0.0554802320306358,0.0883656863701958,0.033182));
#8625=CARTESIAN_POINT('',(0.0554802320306358,0.0886106472343329,0.033182));
#8626=CARTESIAN_POINT('',(0.0544834088469058,0.0883656863701958,0.033182));
#8627=CARTESIAN_POINT('',(0.0534865856631759,0.0883656863701958,0.033182));
#8628=CARTESIAN_POINT('',(0.0534865856631759,0.0883656863701958,0.033182));
#8629=CARTESIAN_POINT('',(0.0544834088469058,0.0883656863701958,0.033182));
#8630=CARTESIAN_POINT('',(0.0534865856631759,0.0885511049910168,0.033182));
#8631=CARTESIAN_POINT('',(0.0534865856631759,0.0887365236118378,0.033182));
#8632=CARTESIAN_POINT('',(0.0534865856631759,0.0887365236118378,0.033182));
#8633=CARTESIAN_POINT('',(0.0534865856631759,0.0885511049910168,0.033182));
#8634=CARTESIAN_POINT('',(0.0540659339546056,0.0887365236118378,0.033182));
#8635=CARTESIAN_POINT('',(0.0546452822460353,0.0887365236118378,0.033182));
#8636=CARTESIAN_POINT('',(0.0546452830227651,0.088736625229785,0.033182));
#8637=CARTESIAN_POINT('',(0.0540659339546056,0.0887365236118378,0.033182));
#8638=CARTESIAN_POINT('',(0.0546197259724781,0.0853930492433023,0.033182));
#8639=CARTESIAN_POINT('',(0.0550351126422503,0.0887109231173527,0.033182));
#8640=CARTESIAN_POINT('',(0.0550346839893956,0.0887111672192469,0.033182));
#8641=CARTESIAN_POINT('',(0.0546197259724781,0.0853930492433023,0.033182));
#8642=CARTESIAN_POINT('',(0.0542606348262857,0.0891519609368763,0.033182));
#8643=CARTESIAN_POINT('',(0.0534865856631759,0.0895927546545057,0.033182));
#8644=CARTESIAN_POINT('',(0.0534865856631759,0.0895927546545057,0.033182));
#8645=CARTESIAN_POINT('',(0.0542606348262857,0.0891519609368763,0.033182));
#8646=CARTESIAN_POINT('',(0.0534865856631759,0.0898311500241327,0.033182));
#8647=CARTESIAN_POINT('',(0.0534865856631759,0.0900695453937597,0.033182));
#8648=CARTESIAN_POINT('',(0.0534865856631759,0.0900695453937597,0.033182));
#8649=CARTESIAN_POINT('',(0.0534865856631759,0.0898311500241327,0.033182));
#8650=CARTESIAN_POINT('',(0.0544834088469058,0.0900695453937597,0.033182));
#8651=CARTESIAN_POINT('',(0.0554802320306358,0.0900695453937597,0.033182));
#8652=CARTESIAN_POINT('',(0.0554802320306358,0.0900695453937597,0.033182));
#8653=CARTESIAN_POINT('',(0.0544834088469058,0.0900695453937597,0.033182));
#8654=CARTESIAN_POINT('',(0.0554802320306358,0.0898841267729387,0.033182));
#8655=CARTESIAN_POINT('',(0.0554802320306358,0.0896987081521177,0.033182));
#8656=CARTESIAN_POINT('',(0.0554802320306358,0.0896987081521177,0.033182));
#8657=CARTESIAN_POINT('',(0.0554802320306358,0.0898841267729387,0.033182));
#8658=CARTESIAN_POINT('',(0.0548922806774342,0.0896987081521177,0.033182));
#8659=CARTESIAN_POINT('',(0.0543043293242326,0.0896987081521177,0.033182));
#8660=CARTESIAN_POINT('',(0.0543043248885897,0.089698488656377,0.033182));
#8661=CARTESIAN_POINT('',(0.0548922806774342,0.0896987081521177,0.033182));
#8662=CARTESIAN_POINT('',(0.054373804248547,0.0931366427315666,0.033182));
#8663=CARTESIAN_POINT('',(0.054373804248547,0.0931366427315666,0.033182));
#8664=CARTESIAN_POINT('',(0.0597908800922496,0.0857591449816142,0.033182));
#8665=CARTESIAN_POINT('',(0.0538092004796227,0.0792405545865438,0.033182));
#8666=CARTESIAN_POINT('',(0.0538092004796227,0.0792405545865438,0.032928));
#8667=CARTESIAN_POINT('',(0.0537935791306158,0.0792364794520203,0.032928));
#8668=CARTESIAN_POINT('',(0.053824842402295,0.0792445599790542,0.032928));
#8669=CARTESIAN_POINT('',(0.0537935791306158,0.0792364794520203,0.033182));
#8670=CARTESIAN_POINT('',(0.0537935791306158,0.0792364794520203,0.033182));
#8671=CARTESIAN_POINT('',(0.0538092004796227,0.0792405545865438,0.033182));
#8672=CARTESIAN_POINT('',(0.0538248426422715,0.0792445600491296,0.0331819999499957));
#8673=CARTESIAN_POINT('',(0.0538248218286296,0.0792446297210673,0.033182));
#8674=CARTESIAN_POINT('',(0.0538424807448982,0.0792215372921006,0.033182));
#8675=CARTESIAN_POINT('',(0.0538424807448982,0.0792215372921006,0.032928));
#8676=CARTESIAN_POINT('',(0.0538913823591807,0.079206595132181,0.032928));
#8677=CARTESIAN_POINT('',(0.0538913823591807,0.079206595132181,0.033182));
#8678=CARTESIAN_POINT('',(0.0538913823591807,0.079206595132181,0.033182));
#8679=CARTESIAN_POINT('',(0.0538424807448982,0.0792215372921006,0.033182));
#8680=CARTESIAN_POINT('',(0.0539876008132087,0.0791762580196169,0.033182));
#8681=CARTESIAN_POINT('',(0.0539876008132087,0.0791762580196169,0.032928));
#8682=CARTESIAN_POINT('',(0.0540838192672367,0.0791459209070527,0.032928));
#8683=CARTESIAN_POINT('',(0.0540838192672367,0.0791459209070527,0.033182));
#8684=CARTESIAN_POINT('',(0.0540838192672367,0.0791459209070527,0.033182));
#8685=CARTESIAN_POINT('',(0.0539876008132087,0.0791762580196169,0.033182));
#8686=CARTESIAN_POINT('',(0.0543702106656964,0.0790474384894006,0.033182));
#8687=CARTESIAN_POINT('',(0.0543702106656964,0.0790474384894006,0.032928));
#8688=CARTESIAN_POINT('',(0.0546566020641562,0.0789489560717484,0.032928));
#8689=CARTESIAN_POINT('',(0.0546566020641562,0.0789489560717484,0.033182));
#8690=CARTESIAN_POINT('',(0.0546566020641562,0.0789489560717484,0.033182));
#8691=CARTESIAN_POINT('',(0.0543702106656964,0.0790474384894006,0.033182));
#8692=CARTESIAN_POINT('',(0.0546566020641562,0.0792355738665706,0.033182));
#8693=CARTESIAN_POINT('',(0.0546566020641562,0.0792355738665706,0.032928));
#8694=CARTESIAN_POINT('',(0.0546566020641562,0.0795221916613928,0.032928));
#8695=CARTESIAN_POINT('',(0.0546566020641562,0.079522409351828,0.033182));
#8696=CARTESIAN_POINT('',(0.0546566020641562,0.0795221916613928,0.033182));
#8697=CARTESIAN_POINT('',(0.0546566020641562,0.0792355738665706,0.033182));
#8698=CARTESIAN_POINT('',(0.0316655762293336,0.145795865237739,0.033182));
#8699=CARTESIAN_POINT('',(0.0316655762293336,0.145795865237739,0.032928));
#8700=CARTESIAN_POINT('',(0.0539408028369197,0.0792786211814676,0.032928));
#8701=CARTESIAN_POINT('',(0.053940736766188,0.0792788155717926,0.033182));
#8702=CARTESIAN_POINT('',(0.0539408028369197,0.0792786211814676,0.033182));
#8703=CARTESIAN_POINT('',(0.0316655762293336,0.145795865237739,0.033182));
#8704=CARTESIAN_POINT('',(0.0552255361229147,0.0787671597927261,0.033182));
#8705=CARTESIAN_POINT('',(0.0554802320306358,0.0786786388150204,0.033182));
#8706=CARTESIAN_POINT('',(0.0554802320306358,0.0786786388150204,0.033182));
#8707=CARTESIAN_POINT('',(0.0552255361229147,0.0787671597927261,0.033182));
#8708=CARTESIAN_POINT('',(0.0549708402151935,0.0788556807704318,0.033182));
#8709=CARTESIAN_POINT('',(0.0549708402151935,0.0788556807704318,0.033182));
#8710=CARTESIAN_POINT('',(0.0554802320306358,0.0784721653324944,0.033182));
#8711=CARTESIAN_POINT('',(0.0554802320306358,0.0782656918499685,0.033182));
#8712=CARTESIAN_POINT('',(0.0554802320306358,0.0782656918499685,0.033182));
#8713=CARTESIAN_POINT('',(0.0554802320306358,0.0784721653324944,0.033182));
#8714=CARTESIAN_POINT('',(0.0544834088469058,0.0786279260298385,0.033182));
#8715=CARTESIAN_POINT('',(0.0534865856631759,0.0789901602097086,0.033182));
#8716=CARTESIAN_POINT('',(0.0534865856631759,0.0789901602097086,0.033182));
#8717=CARTESIAN_POINT('',(0.0544834088469058,0.0786279260298385,0.033182));
#8718=CARTESIAN_POINT('',(0.0534865856631759,0.0792362530556578,0.033182));
#8719=CARTESIAN_POINT('',(0.0534865856631759,0.0794823459016071,0.033182));
#8720=CARTESIAN_POINT('',(0.0534865856631759,0.0794823459016071,0.033182));
#8721=CARTESIAN_POINT('',(0.0534865856631759,0.0792362530556578,0.033182));
#8722=CARTESIAN_POINT('',(0.0544834088469058,0.0798461648560141,0.033182));
#8723=CARTESIAN_POINT('',(0.0554802320306358,0.0802099838104211,0.033182));
#8724=CARTESIAN_POINT('',(0.0554802320306358,0.0802099838104211,0.033182));
#8725=CARTESIAN_POINT('',(0.0544834088469058,0.0798461648560141,0.033182));
#8726=CARTESIAN_POINT('',(0.0554802320306358,0.0800012463642709,0.033182));
#8727=CARTESIAN_POINT('',(0.0554802320306358,0.0797925089181208,0.033182));
#8728=CARTESIAN_POINT('',(0.0554802320306358,0.0797925089181208,0.033182));
#8729=CARTESIAN_POINT('',(0.0554802320306358,0.0800012463642709,0.033182));
#8730=CARTESIAN_POINT('',(0.0552255361229147,0.0797039879404151,0.033182));
#8731=CARTESIAN_POINT('',(0.0549708402151935,0.0796154669627093,0.033182));
#8732=CARTESIAN_POINT('',(0.0549708402151935,0.0796154669627093,0.033182));
#8733=CARTESIAN_POINT('',(0.0552255361229147,0.0797039879404151,0.033182));
#8734=CARTESIAN_POINT('',(0.0549708402151935,0.0792355738665706,0.033182));
#8735=CARTESIAN_POINT('',(0.0549708402151935,0.0792355738665706,0.033182));
#8736=CARTESIAN_POINT('',(0.0538804915025886,0.0792609004701664,0.0331820000035896));
#8737=CARTESIAN_POINT('',(0.0615598828896045,0.0815262957729138,0.032928));
#8738=CARTESIAN_POINT('',(0.0538804915025886,0.0792609004701664,0.033182));
#8739=CARTESIAN_POINT('',(0.0597908800922496,0.0857591449816142,0.033182));
#8740=CARTESIAN_POINT('',(0.0538092004796227,0.091314725387063,0.033182));
#8741=CARTESIAN_POINT('',(0.0538092004796227,0.091314725387063,0.032928));
#8742=CARTESIAN_POINT('',(0.0537935791306158,0.0913106502525395,0.032928));
#8743=CARTESIAN_POINT('',(0.053824842402295,0.0913187307795735,0.032928));
#8744=CARTESIAN_POINT('',(0.0537935791306158,0.0913106502525395,0.033182));
#8745=CARTESIAN_POINT('',(0.0537935791306158,0.0913106502525395,0.033182));
#8746=CARTESIAN_POINT('',(0.0538092004796227,0.091314725387063,0.033182));
#8747=CARTESIAN_POINT('',(0.0538248426422715,0.0913187308496488,0.0331819999499957));
#8748=CARTESIAN_POINT('',(0.0538248218286296,0.0913188005215866,0.033182));
#8749=CARTESIAN_POINT('',(0.0538424807448982,0.0912957080926199,0.033182));
#8750=CARTESIAN_POINT('',(0.0538424807448982,0.0912957080926199,0.032928));
#8751=CARTESIAN_POINT('',(0.0538913823591807,0.0912807659327002,0.032928));
#8752=CARTESIAN_POINT('',(0.0538913823591807,0.0912807659327002,0.033182));
#8753=CARTESIAN_POINT('',(0.0538913823591807,0.0912807659327002,0.033182));
#8754=CARTESIAN_POINT('',(0.0538424807448982,0.0912957080926199,0.033182));
#8755=CARTESIAN_POINT('',(0.0539876008132087,0.0912504288201361,0.033182));
#8756=CARTESIAN_POINT('',(0.0539876008132087,0.0912504288201361,0.032928));
#8757=CARTESIAN_POINT('',(0.0540838192672367,0.091220091707572,0.032928));
#8758=CARTESIAN_POINT('',(0.0540838192672367,0.091220091707572,0.033182));
#8759=CARTESIAN_POINT('',(0.0540838192672367,0.091220091707572,0.033182));
#8760=CARTESIAN_POINT('',(0.0539876008132087,0.0912504288201361,0.033182));
#8761=CARTESIAN_POINT('',(0.0543702106656964,0.0911216092899198,0.033182));
#8762=CARTESIAN_POINT('',(0.0543702106656964,0.0911216092899198,0.032928));
#8763=CARTESIAN_POINT('',(0.0546566020641562,0.0910231268722676,0.032928));
#8764=CARTESIAN_POINT('',(0.0546566020641562,0.0910231268722676,0.033182));
#8765=CARTESIAN_POINT('',(0.0546566020641562,0.0910231268722676,0.033182));
#8766=CARTESIAN_POINT('',(0.0543702106656964,0.0911216092899198,0.033182));
#8767=CARTESIAN_POINT('',(0.0546566020641562,0.0913097446670898,0.033182));
#8768=CARTESIAN_POINT('',(0.0546566020641562,0.0913097446670898,0.032928));
#8769=CARTESIAN_POINT('',(0.0546566020641562,0.091596362461912,0.032928));
#8770=CARTESIAN_POINT('',(0.0546566020641562,0.0915965801523472,0.033182));
#8771=CARTESIAN_POINT('',(0.0546566020641562,0.091596362461912,0.033182));
#8772=CARTESIAN_POINT('',(0.0546566020641562,0.0913097446670898,0.033182));
#8773=CARTESIAN_POINT('',(0.0316655762283517,0.157870036041139,0.033182));
#8774=CARTESIAN_POINT('',(0.0316655762283517,0.157870036041139,0.032928));
#8775=CARTESIAN_POINT('',(0.0539408028369197,0.0913527919819868,0.032928));
#8776=CARTESIAN_POINT('',(0.053940736766188,0.0913529863723118,0.033182));
#8777=CARTESIAN_POINT('',(0.0539408028369197,0.0913527919819868,0.033182));
#8778=CARTESIAN_POINT('',(0.0316655762283517,0.157870036041139,0.033182));
#8779=CARTESIAN_POINT('',(0.0552255361229147,0.0908413305932453,0.033182));
#8780=CARTESIAN_POINT('',(0.0554802320306358,0.0907528096155396,0.033182));
#8781=CARTESIAN_POINT('',(0.0554802320306358,0.0907528096155396,0.033182));
#8782=CARTESIAN_POINT('',(0.0552255361229147,0.0908413305932453,0.033182));
#8783=CARTESIAN_POINT('',(0.0549708402151935,0.0909298515709511,0.033182));
#8784=CARTESIAN_POINT('',(0.0549708402151935,0.0909298515709511,0.033182));
#8785=CARTESIAN_POINT('',(0.0554802320306358,0.0905463361330136,0.033182));
#8786=CARTESIAN_POINT('',(0.0554802320306358,0.0903398626504877,0.033182));
#8787=CARTESIAN_POINT('',(0.0554802320306358,0.0903398626504877,0.033182));
#8788=CARTESIAN_POINT('',(0.0554802320306358,0.0905463361330136,0.033182));
#8789=CARTESIAN_POINT('',(0.0544834088469058,0.0907020968303578,0.033182));
#8790=CARTESIAN_POINT('',(0.0534865856631759,0.0910643310102279,0.033182));
#8791=CARTESIAN_POINT('',(0.0534865856631759,0.0910643310102279,0.033182));
#8792=CARTESIAN_POINT('',(0.0544834088469058,0.0907020968303578,0.033182));
#8793=CARTESIAN_POINT('',(0.0534865856631759,0.0913104238561771,0.033182));
#8794=CARTESIAN_POINT('',(0.0534865856631759,0.0915565167021263,0.033182));
#8795=CARTESIAN_POINT('',(0.0534865856631759,0.0915565167021263,0.033182));
#8796=CARTESIAN_POINT('',(0.0534865856631759,0.0913104238561771,0.033182));
#8797=CARTESIAN_POINT('',(0.0544834088469058,0.0919203356565333,0.033182));
#8798=CARTESIAN_POINT('',(0.0554802320306358,0.0922841546109403,0.033182));
#8799=CARTESIAN_POINT('',(0.0554802320306358,0.0922841546109403,0.033182));
#8800=CARTESIAN_POINT('',(0.0544834088469058,0.0919203356565333,0.033182));
#8801=CARTESIAN_POINT('',(0.0554802320306358,0.0920754171647902,0.033182));
#8802=CARTESIAN_POINT('',(0.0554802320306358,0.0918666797186401,0.033182));
#8803=CARTESIAN_POINT('',(0.0554802320306358,0.0918666797186401,0.033182));
#8804=CARTESIAN_POINT('',(0.0554802320306358,0.0920754171647902,0.033182));
#8805=CARTESIAN_POINT('',(0.0552255361229147,0.0917781587409343,0.033182));
#8806=CARTESIAN_POINT('',(0.0549708402151935,0.0916896377632286,0.033182));
#8807=CARTESIAN_POINT('',(0.0549708402151935,0.0916896377632286,0.033182));
#8808=CARTESIAN_POINT('',(0.0552255361229147,0.0917781587409343,0.033182));
#8809=CARTESIAN_POINT('',(0.0549708402151935,0.0913097446670898,0.033182));
#8810=CARTESIAN_POINT('',(0.0549708402151935,0.0913097446670898,0.033182));
#8811=CARTESIAN_POINT('',(0.0538804915025886,0.0913350712706857,0.0331820000035896));
#8812=CARTESIAN_POINT('',(0.058283189928431,0.0926338528837899,0.032928));
#8813=CARTESIAN_POINT('',(0.0538804915025886,0.0913350712706857,0.033182));
#8814=CARTESIAN_POINT('',(0.0597908800922496,0.0857591449816142,0.033182));
#8815=CARTESIAN_POINT('',(0.0547125219656737,0.0814012814694688,0.033182));
#8816=CARTESIAN_POINT('',(0.0554802320306358,0.0809670532463495,0.033182));
#8817=CARTESIAN_POINT('',(0.0554802320306358,0.0809670532463495,0.033182));
#8818=CARTESIAN_POINT('',(0.0547125219656737,0.0814012814694688,0.033182));
#8819=CARTESIAN_POINT('',(0.0539448119007115,0.081835509692588,0.033182));
#8820=CARTESIAN_POINT('',(0.0539439844326609,0.0818359777179866,0.033182));
#8821=CARTESIAN_POINT('',(0.0554802320306358,0.0807220923822124,0.033182));
#8822=CARTESIAN_POINT('',(0.0554802320306358,0.0804771315180753,0.033182));
#8823=CARTESIAN_POINT('',(0.0554802320306358,0.0804771315180753,0.033182));
#8824=CARTESIAN_POINT('',(0.0554802320306358,0.0807220923822124,0.033182));
#8825=CARTESIAN_POINT('',(0.0544834088469058,0.0804771315180753,0.033182));
#8826=CARTESIAN_POINT('',(0.0534865856631759,0.0804771315180753,0.033182));
#8827=CARTESIAN_POINT('',(0.0534865856631759,0.0804771315180753,0.033182));
#8828=CARTESIAN_POINT('',(0.0544834088469058,0.0804771315180753,0.033182));
#8829=CARTESIAN_POINT('',(0.0534865856631759,0.0806625501388963,0.033182));
#8830=CARTESIAN_POINT('',(0.0534865856631759,0.0808479687597173,0.033182));
#8831=CARTESIAN_POINT('',(0.0534865856631759,0.0808479687597173,0.033182));
#8832=CARTESIAN_POINT('',(0.0534865856631759,0.0806625501388963,0.033182));
#8833=CARTESIAN_POINT('',(0.0540659339546056,0.0808479687597173,0.033182));
#8834=CARTESIAN_POINT('',(0.0546452822460353,0.0808479687597173,0.033182));
#8835=CARTESIAN_POINT('',(0.0546452830227651,0.0808480703776644,0.033182));
#8836=CARTESIAN_POINT('',(0.0540659339546056,0.0808479687597173,0.033182));
#8837=CARTESIAN_POINT('',(0.054619725972478,0.077504494391177,0.033182));
#8838=CARTESIAN_POINT('',(0.0550351126420266,0.0808223682645605,0.033182));
#8839=CARTESIAN_POINT('',(0.0550346839893956,0.0808226123671264,0.033182));
#8840=CARTESIAN_POINT('',(0.054619725972478,0.077504494391177,0.033182));
#8841=CARTESIAN_POINT('',(0.0542606348262857,0.0812634060847557,0.033182));
#8842=CARTESIAN_POINT('',(0.0534865856631759,0.0817041998023851,0.033182));
#8843=CARTESIAN_POINT('',(0.0534865856631759,0.0817041998023851,0.033182));
#8844=CARTESIAN_POINT('',(0.0542606348262857,0.0812634060847557,0.033182));
#8845=CARTESIAN_POINT('',(0.0534865856631759,0.0819425951720121,0.033182));
#8846=CARTESIAN_POINT('',(0.0534865856631759,0.0821809905416391,0.033182));
#8847=CARTESIAN_POINT('',(0.0534865856631759,0.0821809905416391,0.033182));
#8848=CARTESIAN_POINT('',(0.0534865856631759,0.0819425951720121,0.033182));
#8849=CARTESIAN_POINT('',(0.0544834088469058,0.0821809905416391,0.033182));
#8850=CARTESIAN_POINT('',(0.0554802320306358,0.0821809905416391,0.033182));
#8851=CARTESIAN_POINT('',(0.0554802320306358,0.0821809905416391,0.033182));
#8852=CARTESIAN_POINT('',(0.0544834088469058,0.0821809905416391,0.033182));
#8853=CARTESIAN_POINT('',(0.0554802320306358,0.0819955719208181,0.033182));
#8854=CARTESIAN_POINT('',(0.0554802320306358,0.0818101532999971,0.033182));
#8855=CARTESIAN_POINT('',(0.0554802320306358,0.0818101532999971,0.033182));
#8856=CARTESIAN_POINT('',(0.0554802320306358,0.0819955719208181,0.033182));
#8857=CARTESIAN_POINT('',(0.0548922806774342,0.0818101532999971,0.033182));
#8858=CARTESIAN_POINT('',(0.0543043293242326,0.0818101532999971,0.033182));
#8859=CARTESIAN_POINT('',(0.0543043248885897,0.0818099338042564,0.033182));
#8860=CARTESIAN_POINT('',(0.0548922806774342,0.0818101532999971,0.033182));
#8861=CARTESIAN_POINT('',(0.0543738042485478,0.0852480878794577,0.033182));
#8862=CARTESIAN_POINT('',(0.0543738042485478,0.0852480878794577,0.033182));
#8863=CARTESIAN_POINT('',(0.0597908800922496,0.0857591449816142,0.033182));
#8864=CARTESIAN_POINT('',(0.0547125219656737,0.0834940894436681,0.033182));
#8865=CARTESIAN_POINT('',(0.0554802320306358,0.0830598612205489,0.033182));
#8866=CARTESIAN_POINT('',(0.0554802320306358,0.0830598612205489,0.033182));
#8867=CARTESIAN_POINT('',(0.0547125219656737,0.0834940894436681,0.033182));
#8868=CARTESIAN_POINT('',(0.0539448119007115,0.0839283176667874,0.033182));
#8869=CARTESIAN_POINT('',(0.0539439844326607,0.083928785692186,0.033182));
#8870=CARTESIAN_POINT('',(0.0554802320306358,0.0828149003564118,0.033182));
#8871=CARTESIAN_POINT('',(0.0554802320306358,0.0825699394922746,0.033182));
#8872=CARTESIAN_POINT('',(0.0554802320306358,0.0825699394922746,0.033182));
#8873=CARTESIAN_POINT('',(0.0554802320306358,0.0828149003564118,0.033182));
#8874=CARTESIAN_POINT('',(0.0544834088469058,0.0825699394922746,0.033182));
#8875=CARTESIAN_POINT('',(0.0534865856631759,0.0825699394922746,0.033182));
#8876=CARTESIAN_POINT('',(0.0534865856631759,0.0825699394922746,0.033182));
#8877=CARTESIAN_POINT('',(0.0544834088469058,0.0825699394922746,0.033182));
#8878=CARTESIAN_POINT('',(0.0534865856631759,0.0827553581130956,0.033182));
#8879=CARTESIAN_POINT('',(0.0534865856631759,0.0829407767339166,0.033182));
#8880=CARTESIAN_POINT('',(0.0534865856631759,0.0829407767339166,0.033182));
#8881=CARTESIAN_POINT('',(0.0534865856631759,0.0827553581130956,0.033182));
#8882=CARTESIAN_POINT('',(0.0540659339546056,0.0829407767339166,0.033182));
#8883=CARTESIAN_POINT('',(0.0546452822460353,0.0829407767339166,0.033182));
#8884=CARTESIAN_POINT('',(0.0546452830227651,0.0829408783518638,0.033182));
#8885=CARTESIAN_POINT('',(0.0540659339546056,0.0829407767339166,0.033182));
#8886=CARTESIAN_POINT('',(0.054619725972478,0.079597302365378,0.033182));
#8887=CARTESIAN_POINT('',(0.0550351126420268,0.0829151762387598,0.033182));
#8888=CARTESIAN_POINT('',(0.0550346839893956,0.0829154203413257,0.033182));
#8889=CARTESIAN_POINT('',(0.054619725972478,0.079597302365378,0.033182));
#8890=CARTESIAN_POINT('',(0.0542606348262857,0.0833562140589551,0.033182));
#8891=CARTESIAN_POINT('',(0.0534865856631759,0.0837970077765845,0.033182));
#8892=CARTESIAN_POINT('',(0.0534865856631759,0.0837970077765845,0.033182));
#8893=CARTESIAN_POINT('',(0.0542606348262857,0.0833562140589551,0.033182));
#8894=CARTESIAN_POINT('',(0.0534865856631759,0.0840354031462115,0.033182));
#8895=CARTESIAN_POINT('',(0.0534865856631759,0.0842737985158385,0.033182));
#8896=CARTESIAN_POINT('',(0.0534865856631759,0.0842737985158385,0.033182));
#8897=CARTESIAN_POINT('',(0.0534865856631759,0.0840354031462115,0.033182));
#8898=CARTESIAN_POINT('',(0.0544834088469058,0.0842737985158385,0.033182));
#8899=CARTESIAN_POINT('',(0.0554802320306358,0.0842737985158385,0.033182));
#8900=CARTESIAN_POINT('',(0.0554802320306358,0.0842737985158385,0.033182));
#8901=CARTESIAN_POINT('',(0.0544834088469058,0.0842737985158385,0.033182));
#8902=CARTESIAN_POINT('',(0.0554802320306358,0.0840883798950175,0.033182));
#8903=CARTESIAN_POINT('',(0.0554802320306358,0.0839029612741965,0.033182));
#8904=CARTESIAN_POINT('',(0.0554802320306358,0.0839029612741965,0.033182));
#8905=CARTESIAN_POINT('',(0.0554802320306358,0.0840883798950175,0.033182));
#8906=CARTESIAN_POINT('',(0.0548922806774342,0.0839029612741965,0.033182));
#8907=CARTESIAN_POINT('',(0.0543043293242326,0.0839029612741965,0.033182));
#8908=CARTESIAN_POINT('',(0.0543043248885897,0.0839027417784558,0.033182));
#8909=CARTESIAN_POINT('',(0.0548922806774342,0.0839029612741965,0.033182));
#8910=CARTESIAN_POINT('',(0.0543738042485477,0.0873408958536577,0.033182));
#8911=CARTESIAN_POINT('',(0.0543738042485477,0.0873408958536577,0.033182));
#8912=CARTESIAN_POINT('',(0.0597908800922496,0.0857591449816142,0.033182));
#8913=CARTESIAN_POINT('',(0.0544834088469058,0.0862067706581702,0.033182));
#8914=CARTESIAN_POINT('',(0.0554802320306358,0.0862067706581702,0.033182));
#8915=CARTESIAN_POINT('',(0.0554802320306358,0.0862067706581702,0.033182));
#8916=CARTESIAN_POINT('',(0.0544834088469058,0.0862067706581702,0.033182));
#8917=CARTESIAN_POINT('',(0.0534865856631759,0.0862067706581702,0.033182));
#8918=CARTESIAN_POINT('',(0.0534865856631759,0.0862067706581702,0.033182));
#8919=CARTESIAN_POINT('',(0.0554802320306358,0.0853937813207243,0.033182));
#8920=CARTESIAN_POINT('',(0.0554802320306358,0.0845807919832784,0.033182));
#8921=CARTESIAN_POINT('',(0.0554802320306358,0.0845807919832784,0.033182));
#8922=CARTESIAN_POINT('',(0.0554802320306358,0.0853937813207243,0.033182));
#8923=CARTESIAN_POINT('',(0.0553188114242312,0.0845807919832784,0.033182));
#8924=CARTESIAN_POINT('',(0.0551573908178266,0.0845807919832784,0.033182));
#8925=CARTESIAN_POINT('',(0.0551573908178266,0.0845807919832784,0.033182));
#8926=CARTESIAN_POINT('',(0.0553188114242312,0.0845807919832784,0.033182));
#8927=CARTESIAN_POINT('',(0.0551573908178266,0.0851850438745741,0.033182));
#8928=CARTESIAN_POINT('',(0.0551573908178266,0.0857892957658699,0.033182));
#8929=CARTESIAN_POINT('',(0.0551573908178266,0.0857892957658699,0.033182));
#8930=CARTESIAN_POINT('',(0.0551573908178266,0.0851850438745741,0.033182));
#8931=CARTESIAN_POINT('',(0.0548949974337832,0.0857892957658699,0.033182));
#8932=CARTESIAN_POINT('',(0.0546326040497398,0.0857892957658699,0.033182));
#8933=CARTESIAN_POINT('',(0.0546326040497398,0.0857892957658699,0.033182));
#8934=CARTESIAN_POINT('',(0.0548949974337832,0.0857892957658699,0.033182));
#8935=CARTESIAN_POINT('',(0.0546326040497398,0.0852572643141857,0.033182));
#8936=CARTESIAN_POINT('',(0.0546326040497398,0.0847252328625016,0.033182));
#8937=CARTESIAN_POINT('',(0.0546326040497398,0.0847252328625016,0.033182));
#8938=CARTESIAN_POINT('',(0.0546326040497398,0.0852572643141857,0.033182));
#8939=CARTESIAN_POINT('',(0.0544714098396976,0.0847252328625016,0.033182));
#8940=CARTESIAN_POINT('',(0.0543102156296555,0.0847252328625016,0.033182));
#8941=CARTESIAN_POINT('',(0.0543102156296555,0.0847252328625016,0.033182));
#8942=CARTESIAN_POINT('',(0.0544714098396976,0.0847252328625016,0.033182));
#8943=CARTESIAN_POINT('',(0.0543102156296555,0.0852572643141857,0.033182));
#8944=CARTESIAN_POINT('',(0.0543102156296555,0.0857892957658699,0.033182));
#8945=CARTESIAN_POINT('',(0.0543102156296555,0.0857892957658699,0.033182));
#8946=CARTESIAN_POINT('',(0.0543102156296555,0.0852572643141857,0.033182));
#8947=CARTESIAN_POINT('',(0.0540595948564579,0.0857892957658699,0.033182));
#8948=CARTESIAN_POINT('',(0.0538089740832602,0.0857892957658699,0.033182));
#8949=CARTESIAN_POINT('',(0.0538089740832602,0.0857892957658699,0.033182));
#8950=CARTESIAN_POINT('',(0.0540595948564579,0.0857892957658699,0.033182));
#8951=CARTESIAN_POINT('',(0.0538089740832602,0.0852140226089637,0.033182));
#8952=CARTESIAN_POINT('',(0.0538089740832602,0.0846387494520576,0.033182));
#8953=CARTESIAN_POINT('',(0.0538089740832602,0.0846387494520576,0.033182));
#8954=CARTESIAN_POINT('',(0.0538089740832602,0.0852140226089637,0.033182));
#8955=CARTESIAN_POINT('',(0.0536477798732181,0.0846387494520576,0.033182));
#8956=CARTESIAN_POINT('',(0.0534865856631759,0.0846387494520576,0.033182));
#8957=CARTESIAN_POINT('',(0.0534865856631759,0.0846387494520576,0.033182));
#8958=CARTESIAN_POINT('',(0.0536477798732181,0.0846387494520576,0.033182));
#8959=CARTESIAN_POINT('',(0.0534865856631759,0.0854227600551139,0.033182));
#8960=CARTESIAN_POINT('',(0.0534865856631759,0.0854227600551139,0.033182));
#8961=CARTESIAN_POINT('',(0.0597908800922496,0.0857591449816142,0.033182));
#8962=CARTESIAN_POINT('',(0.054644603056948,0.0870765854825832,0.033182));
#8963=CARTESIAN_POINT('',(0.0538089740832602,0.0870765854825832,0.033182));
#8964=CARTESIAN_POINT('',(0.0538089740832602,0.0870765854825832,0.033182));
#8965=CARTESIAN_POINT('',(0.054644603056948,0.0870765854825832,0.033182));
#8966=CARTESIAN_POINT('',(0.0554802320306358,0.0870765854825832,0.033182));
#8967=CARTESIAN_POINT('',(0.0554802320306358,0.0870765854825832,0.033182));
#8968=CARTESIAN_POINT('',(0.0538089740832602,0.0867539706661364,0.033182));
#8969=CARTESIAN_POINT('',(0.0538089740832602,0.0864313558496896,0.033182));
#8970=CARTESIAN_POINT('',(0.0538089740832602,0.0864313558496896,0.033182));
#8971=CARTESIAN_POINT('',(0.0538089740832602,0.0867539706661364,0.033182));
#8972=CARTESIAN_POINT('',(0.0536477798732181,0.0864313558496896,0.033182));
#8973=CARTESIAN_POINT('',(0.0534865856631759,0.0864313558496896,0.033182));
#8974=CARTESIAN_POINT('',(0.0534865856631759,0.0864313558496896,0.033182));
#8975=CARTESIAN_POINT('',(0.0536477798732181,0.0864313558496896,0.033182));
#8976=CARTESIAN_POINT('',(0.0534865856631759,0.0872846437396461,0.033182));
#8977=CARTESIAN_POINT('',(0.0534865856631759,0.0881379316296025,0.033182));
#8978=CARTESIAN_POINT('',(0.0534865856631759,0.0881379316296025,0.033182));
#8979=CARTESIAN_POINT('',(0.0534865856631759,0.0872846437396461,0.033182));
#8980=CARTESIAN_POINT('',(0.0536477798732181,0.0881379316296025,0.033182));
#8981=CARTESIAN_POINT('',(0.0538089740832602,0.0881379316296025,0.033182));
#8982=CARTESIAN_POINT('',(0.0538089740832602,0.0881379316296025,0.033182));
#8983=CARTESIAN_POINT('',(0.0536477798732181,0.0881379316296025,0.033182));
#8984=CARTESIAN_POINT('',(0.0538089740832602,0.087815996002243,0.033182));
#8985=CARTESIAN_POINT('',(0.0538089740832602,0.0874940603748834,0.033182));
#8986=CARTESIAN_POINT('',(0.0538089740832602,0.0874940603748834,0.033182));
#8987=CARTESIAN_POINT('',(0.0538089740832602,0.087815996002243,0.033182));
#8988=CARTESIAN_POINT('',(0.054644603056948,0.0874940603748834,0.033182));
#8989=CARTESIAN_POINT('',(0.0554802320306358,0.0874940603748834,0.033182));
#8990=CARTESIAN_POINT('',(0.0554802320306358,0.0874940603748834,0.033182));
#8991=CARTESIAN_POINT('',(0.054644603056948,0.0874940603748834,0.033182));
#8992=CARTESIAN_POINT('',(0.0554802320306358,0.0872853229287333,0.033182));
#8993=CARTESIAN_POINT('',(0.0554802320306358,0.0872853229287333,0.033182));
#8994=CARTESIAN_POINT('',(0.0597908800922496,0.0857591449816142,0.033182));
#8995=CARTESIAN_POINT('',(0.0603112062391552,0.0857591449816142,0.032928));
#8996=CARTESIAN_POINT('',(0.0603112062391552,0.0857591449816142,0.032928));
#8997=CARTESIAN_POINT('',(0.0659454649591437,0.088623756090625,0.058328));
#8998=CARTESIAN_POINT('',(0.0659454649591437,0.088623756090625,0.033309));
#8999=CARTESIAN_POINT('',(0.0643800138719622,0.088623756090625,0.033309));
#9000=CARTESIAN_POINT('',(0.0673498545085996,0.088623756090625,0.033309));
#9001=CARTESIAN_POINT('',(0.0661361356491492,0.088623756090625,0.0321130851675346));
#9002=CARTESIAN_POINT('',(0.0661361356491492,0.088623756090625,0.033817));
#9003=CARTESIAN_POINT('',(0.0624299803819499,0.088623756090625,0.033817));
#9004=CARTESIAN_POINT('',(0.062929183269147,0.088623756090625,0.033817));
#9005=CARTESIAN_POINT('',(0.062929183269147,0.088623756090625,0.033817));
#9006=CARTESIAN_POINT('',(0.0633380758066269,0.088623756090625,0.0334852879957198));
#9007=CARTESIAN_POINT('',(0.0638538208429358,0.088623756090625,0.033309));
#9008=CARTESIAN_POINT('',(0.0643800138719622,0.088623756090625,0.033309));
#9009=CARTESIAN_POINT('',(0.0659454649591437,0.0828945338726044,0.058328));
#9010=CARTESIAN_POINT('',(0.0659454649591437,0.0828945338726044,0.033817));
#9011=CARTESIAN_POINT('',(0.0629291832691459,0.0828945338726044,0.033817));
#9012=CARTESIAN_POINT('',(0.0661361356491492,0.0828945338726044,0.033817));
#9013=CARTESIAN_POINT('',(0.0661361356491492,0.0828945338726044,0.0321130851675346));
#9014=CARTESIAN_POINT('',(0.0673498545085996,0.0828945338726044,0.033309));
#9015=CARTESIAN_POINT('',(0.0646506366447,0.0828945338726044,0.033309));
#9016=CARTESIAN_POINT('',(0.0643800138719615,0.0828945338726044,0.033309));
#9017=CARTESIAN_POINT('',(0.0643800138719615,0.0828945338726044,0.033309));
#9018=CARTESIAN_POINT('',(0.063853820842935,0.0828945338726044,0.033309));
#9019=CARTESIAN_POINT('',(0.063338075806626,0.0828945338726044,0.0334852879957198));
#9020=CARTESIAN_POINT('',(0.0629291832691459,0.0828945338726044,0.033817));
#9021=CARTESIAN_POINT('',(0.0659454649591437,0.088623756090625,0.058328));
#9022=CARTESIAN_POINT('',(0.0659454649591437,0.088623756090625,0.035341));
#9023=CARTESIAN_POINT('',(0.0643800138719622,0.088623756090625,0.035341));
#9024=CARTESIAN_POINT('',(0.0682210504816146,0.088623756090625,0.035341));
#9025=CARTESIAN_POINT('',(0.0682210504816146,0.088623756090625,0.03623));
#9026=CARTESIAN_POINT('',(0.0625870066067788,0.088623756090625,0.03623));
#9027=CARTESIAN_POINT('',(0.0627680881429252,0.088623756090625,0.0359300153718889));
#9028=CARTESIAN_POINT('',(0.0633513829164123,0.088623756090625,0.0355066770215154));
#9029=CARTESIAN_POINT('',(0.0640308429977137,0.088623756090625,0.035341));
#9030=CARTESIAN_POINT('',(0.0643800138719622,0.088623756090625,0.035341));
#9031=CARTESIAN_POINT('',(0.0659454649591437,0.0828945338726044,0.058328));
#9032=CARTESIAN_POINT('',(0.0682210504816146,0.0828945338726044,0.058328));
#9033=CARTESIAN_POINT('',(0.0682210504816146,0.0828945338726044,0.035341));
#9034=CARTESIAN_POINT('',(0.0646506366447,0.0828945338726044,0.035341));
#9035=CARTESIAN_POINT('',(0.0643800138719615,0.0828945338726044,0.035341));
#9036=CARTESIAN_POINT('',(0.0643800138719615,0.0828945338726044,0.035341));
#9037=CARTESIAN_POINT('',(0.0640308429977129,0.0828945338726044,0.035341));
#9038=CARTESIAN_POINT('',(0.0633513829164115,0.0828945338726044,0.0355066770215155));
#9039=CARTESIAN_POINT('',(0.0627680881429239,0.0828945338726044,0.0359300153718888));
#9040=CARTESIAN_POINT('',(0.0625870066067774,0.0828945338726044,0.03623));
#9041=CARTESIAN_POINT('',(0.0661361356491492,0.089004756090625,0.0321130851675346));
#9042=CARTESIAN_POINT('',(0.0661361356491492,0.089004756090625,0.033817));
#9043=CARTESIAN_POINT('',(0.0680551936666312,0.089004756090625,0.032928));
#9044=CARTESIAN_POINT('',(0.0680551936666312,0.0889225366967439,0.032928));
#9045=CARTESIAN_POINT('',(0.0679717422756448,0.088778759115828,0.0329836129128247));
#9046=CARTESIAN_POINT('',(0.067716337263591,0.0886447867581073,0.0331379964091558));
#9047=CARTESIAN_POINT('',(0.0674983310578495,0.088623756090625,0.0332467461825238));
#9048=CARTESIAN_POINT('',(0.0673498545085993,0.088623756090625,0.033309));
#9049=CARTESIAN_POINT('',(0.0603112062391552,0.089004756090625,0.033309));
#9050=CARTESIAN_POINT('',(0.0643800138719622,0.089004756090625,0.033309));
#9051=CARTESIAN_POINT('',(0.0659454649591437,0.089004756090625,0.033817));
#9052=CARTESIAN_POINT('',(0.062929183269147,0.089004756090625,0.033817));
#9053=CARTESIAN_POINT('',(0.0643800138719622,0.088623756090625,0.033309));
#9054=CARTESIAN_POINT('',(0.0643800138719622,0.088623756090625,0.032928));
#9055=CARTESIAN_POINT('',(0.0643800138719622,0.089004756090625,0.032928));
#9056=CARTESIAN_POINT('',(0.0638537234253978,0.088623756090625,0.0333090000393069));
#9057=CARTESIAN_POINT('',(0.0638143988074931,0.0886237560906393,0.0329943293386903));
#9058=CARTESIAN_POINT('',(0.0637604697465694,0.0889321025388541,0.032928));
#9059=CARTESIAN_POINT('',(0.0633359120404514,0.088623756090625,0.033487043413432));
#9060=CARTESIAN_POINT('',(0.0632469575841962,0.0886237560906111,0.0332384894440336));
#9061=CARTESIAN_POINT('',(0.0631749544624065,0.0888466808282326,0.0331567400739896));
#9062=CARTESIAN_POINT('',(0.0629291832691485,0.088623756090625,0.0338169999999964));
#9063=CARTESIAN_POINT('',(0.0628094663085297,0.088623756090625,0.0336694280967327));
#9064=CARTESIAN_POINT('',(0.0627374452590955,0.0887755486358702,0.0335806496706424));
#9065=CARTESIAN_POINT('',(0.062929183269147,0.089004756090625,0.033817));
#9066=CARTESIAN_POINT('',(0.062929183269147,0.089004756090625,0.033817));
#9067=CARTESIAN_POINT('',(0.062929183269147,0.089004756090625,0.033817));
#9068=CARTESIAN_POINT('',(0.0602141449816146,0.0857591449816151,0.033817));
#9069=CARTESIAN_POINT('',(0.0621336253253432,0.0895302216957293,0.033817));
#9070=CARTESIAN_POINT('',(0.0659454649591437,0.0825135338726044,0.033309));
#9071=CARTESIAN_POINT('',(0.0643800138719615,0.0825135338726044,0.033309));
#9072=CARTESIAN_POINT('',(0.0680551936666312,0.0825135338726044,0.032928));
#9073=CARTESIAN_POINT('',(0.0680551936666312,0.0825957532664855,0.032928));
#9074=CARTESIAN_POINT('',(0.0679717422756448,0.0827395308474014,0.0329836129128247));
#9075=CARTESIAN_POINT('',(0.0677163372635911,0.082873503205122,0.0331379964091558));
#9076=CARTESIAN_POINT('',(0.0674983310578495,0.0828945338726044,0.0332467461825237));
#9077=CARTESIAN_POINT('',(0.0673498545085993,0.0828945338726044,0.033309));
#9078=CARTESIAN_POINT('',(0.0661361356491492,0.0825135338726044,0.0321130851675346));
#9079=CARTESIAN_POINT('',(0.0661361356491492,0.0825135338726044,0.033817));
#9080=CARTESIAN_POINT('',(0.0610500997976243,0.0874014903960945,0.033817));
#9081=CARTESIAN_POINT('',(0.0597120504816146,0.0893801638262465,0.034198));
#9082=CARTESIAN_POINT('',(0.0596712672293264,0.0892646964158597,0.034198));
#9083=CARTESIAN_POINT('',(0.0596281910745195,0.0891516993849737,0.0341782264973138));
#9084=CARTESIAN_POINT('',(0.0595856646008783,0.0890417322294564,0.034147376708478));
#9085=CARTESIAN_POINT('',(0.0595856646008799,0.0890417322294566,0.0341473767084756));
#9086=CARTESIAN_POINT('',(0.05958566460088,0.0890417322294565,0.0341473767084755));
#9087=CARTESIAN_POINT('',(0.0594016648201598,0.0889542577812794,0.0341802852425728));
#9088=CARTESIAN_POINT('',(0.0592258740771329,0.0888480617693485,0.034198));
#9089=CARTESIAN_POINT('',(0.0590607138436663,0.0887235600014701,0.034198));
#9090=CARTESIAN_POINT('',(0.0586614758181617,0.0874014903960945,0.033817));
#9091=CARTESIAN_POINT('',(0.0643800138719615,0.0825135338726044,0.032928));
#9092=CARTESIAN_POINT('',(0.0643800138719615,0.0828945338726044,0.032928));
#9093=CARTESIAN_POINT('',(0.0643800138719615,0.0828945338726044,0.033309));
#9094=CARTESIAN_POINT('',(0.0637604697465649,0.0825861874243644,0.032928));
#9095=CARTESIAN_POINT('',(0.0638143988074859,0.0828945338726008,0.0329943293386811));
#9096=CARTESIAN_POINT('',(0.063853723425397,0.0828945338726044,0.0333090000393069));
#9097=CARTESIAN_POINT('',(0.0631749544643761,0.0826716091339001,0.0331567400713277));
#9098=CARTESIAN_POINT('',(0.0632469575856331,0.0828945338726048,0.0332384894404296));
#9099=CARTESIAN_POINT('',(0.0633359120415901,0.0828945338726044,0.0334870434106409));
#9100=CARTESIAN_POINT('',(0.0627374452590927,0.0827427413273598,0.0335806496706468));
#9101=CARTESIAN_POINT('',(0.0628094663085271,0.0828945338726044,0.0336694280967369));
#9102=CARTESIAN_POINT('',(0.062929183269146,0.0828945338726044,0.033817));
#9103=CARTESIAN_POINT('',(0.0629291832691459,0.0825135338726044,0.033817));
#9104=CARTESIAN_POINT('',(0.0603112062391552,0.0825135338726044,0.033817));
#9105=CARTESIAN_POINT('',(0.0629291832691459,0.0825135338726044,0.033817));
#9106=CARTESIAN_POINT('',(0.0586614758181617,0.0857591449816142,0.033817));
#9107=CARTESIAN_POINT('',(0.0586614758181617,0.0841167995671358,0.033817));
#9108=CARTESIAN_POINT('',(0.0629291832691459,0.0825135338726044,0.033817));
#9109=CARTESIAN_POINT('',(0.0629291832691459,0.0825135338726044,0.033817));
#9110=CARTESIAN_POINT('',(0.0610500997976243,0.0841167995671358,0.033817));
#9111=CARTESIAN_POINT('',(0.0590607138436662,0.0827947299617603,0.034198));
#9112=CARTESIAN_POINT('',(0.0592267664393608,0.0826695555097094,0.034198));
#9113=CARTESIAN_POINT('',(0.0594018899327041,0.0825639251622819,0.0341802449809823));
#9114=CARTESIAN_POINT('',(0.0595856646008814,0.0824765577337731,0.0341473767084753));
#9115=CARTESIAN_POINT('',(0.0595856646008825,0.082476557733775,0.0341473767084759));
#9116=CARTESIAN_POINT('',(0.0595856646008782,0.082476557733774,0.034147376708478));
#9117=CARTESIAN_POINT('',(0.0596281910745194,0.0823665905782567,0.0341782264973138));
#9118=CARTESIAN_POINT('',(0.0596712672293264,0.0822535935473706,0.034198));
#9119=CARTESIAN_POINT('',(0.0597120504816146,0.0821381261369838,0.034198));
#9120=CARTESIAN_POINT('',(0.0621336253253432,0.0819880682675009,0.033817));
#9121=CARTESIAN_POINT('',(0.0602141449816146,0.0857591449816151,0.033817));
#9122=CARTESIAN_POINT('',(-0.0185258425183865,0.089004756090625,0.035341));
#9123=CARTESIAN_POINT('',(0.0682210504816146,0.089004756090625,0.035341));
#9124=CARTESIAN_POINT('',(0.0643800138719622,0.089004756090625,0.035341));
#9125=CARTESIAN_POINT('',(0.0643800138719622,0.088623756090625,0.035341));
#9126=CARTESIAN_POINT('',(0.0643800138719622,0.088623756090625,0.03496));
#9127=CARTESIAN_POINT('',(0.0643800138719622,0.089004756090625,0.03496));
#9128=CARTESIAN_POINT('',(0.064009569275352,0.088623756090625,0.0353410000276673));
#9129=CARTESIAN_POINT('',(0.0639713558304038,0.0886237560906353,0.03500792308294));
#9130=CARTESIAN_POINT('',(0.0639439300039924,0.0889536168084021,0.03496));
#9131=CARTESIAN_POINT('',(0.0632931153560572,0.088623756090625,0.0355247766669851));
#9132=CARTESIAN_POINT('',(0.0632256508156074,0.0886237560906213,0.0352747373808534));
#9133=CARTESIAN_POINT('',(0.0631195513334139,0.0888420384289281,0.035196105904025));
#9134=CARTESIAN_POINT('',(0.0626797622135817,0.088623756090625,0.0360043180013252));
#9135=CARTESIAN_POINT('',(0.0625612597346288,0.0886237560906233,0.0358867815513178));
#9136=CARTESIAN_POINT('',(0.0624709683285035,0.0887315686153748,0.0358121934193453));
#9137=CARTESIAN_POINT('',(0.062528351931341,0.088623756090625,0.0363415468651272));
#9138=CARTESIAN_POINT('',(0.0624086348938796,0.088623756090625,0.0362877959330919));
#9139=CARTESIAN_POINT('',(0.062314310850796,0.0887045694072848,0.0362454460275431));
#9140=CARTESIAN_POINT('',(0.0659454649591437,0.0825135338726044,0.035341));
#9141=CARTESIAN_POINT('',(0.0682210504816146,0.0825135338726044,0.035341));
#9142=CARTESIAN_POINT('',(0.0643800138719615,0.0825135338726044,0.035341));
#9143=CARTESIAN_POINT('',(0.0643800138719615,0.0825135338726044,0.03496));
#9144=CARTESIAN_POINT('',(0.0643800138719615,0.0828945338726044,0.03496));
#9145=CARTESIAN_POINT('',(0.0643800138719615,0.0828945338726044,0.035341));
#9146=CARTESIAN_POINT('',(0.063943930003989,0.0825646731548196,0.03496));
#9147=CARTESIAN_POINT('',(0.0639713558303998,0.0828945338726018,0.0350079230829343));
#9148=CARTESIAN_POINT('',(0.0640095692753512,0.0828945338726044,0.0353410000276673));
#9149=CARTESIAN_POINT('',(0.0631195513334149,0.0826762515343057,0.0351961059040253));
#9150=CARTESIAN_POINT('',(0.0632256508156093,0.082894533872607,0.035274737380857));
#9151=CARTESIAN_POINT('',(0.0632931153560563,0.0828945338726044,0.0355247766669852));
#9152=CARTESIAN_POINT('',(0.0624709683285012,0.0827867213478537,0.0358121934193448));
#9153=CARTESIAN_POINT('',(0.0625612597346305,0.0828945338726017,0.0358867815513144));
#9154=CARTESIAN_POINT('',(0.0626797622135805,0.0828945338726044,0.0360043180013252));
#9155=CARTESIAN_POINT('',(0.0623143108507949,0.0828137205559447,0.0362454460275432));
#9156=CARTESIAN_POINT('',(0.0624086348938785,0.0828945338726044,0.0362877959330921));
#9157=CARTESIAN_POINT('',(0.0625283519313398,0.0828945338726044,0.0363415468651273));
#9158=CARTESIAN_POINT('',(0.0637760504816146,0.0653121449816142,0.034579));
#9159=CARTESIAN_POINT('',(0.0597120504816146,0.0653121449816142,0.034579));
#9160=CARTESIAN_POINT('',(-0.0185258425183865,0.106206144981614,0.034579));
#9161=CARTESIAN_POINT('',(0.0597120504816146,0.106206144981614,0.034579));
#9162=CARTESIAN_POINT('',(0.0626227570106425,0.0966230236229905,0.04004));
#9163=CARTESIAN_POINT('',(0.0614874670210518,0.0969439345914913,0.0379048110502127));
#9164=CARTESIAN_POINT('',(0.0633686269095281,0.0964121895331794,0.0387636193676066));
#9165=CARTESIAN_POINT('',(0.0618723080262488,0.0968351520770422,0.0400022135127988));
#9166=CARTESIAN_POINT('',(0.059770138685562,0.0974293695943794,0.0409052002));
#9167=CARTESIAN_POINT('',(0.0611147517190737,0.097049289548929,0.0389986));
#9168=CARTESIAN_POINT('',(0.0626227570106425,0.0966230236229905,0.0389986));
#9169=CARTESIAN_POINT('',(0.0631858028555172,0.0964638681745625,0.0385247159020629));
#9170=CARTESIAN_POINT('',(0.0631858028555172,0.0964638681745625,0.0386355705130761));
#9171=CARTESIAN_POINT('',(0.0632647233374115,0.0964415598229418,0.038738536234772));
#9172=CARTESIAN_POINT('',(0.0633686269095281,0.0964121895331794,0.0387636193676066));
#9173=CARTESIAN_POINT('',(0.056001135615902,0.0844705227780076,0.03877));
#9174=CARTESIAN_POINT('',(0.0640466382962605,0.0988493769685153,0.03877));
#9175=CARTESIAN_POINT('',(0.0642739177372467,0.0996628507467906,0.03877));
#9176=CARTESIAN_POINT('',(0.0638193129456881,0.0980357388716181,0.03877));
#9177=CARTESIAN_POINT('',(0.110898603326983,0.0857591449816127,0.03877));
#9178=CARTESIAN_POINT('',(0.056001135615902,0.0844705227780076,0.03877));
#9179=CARTESIAN_POINT('',(0.064046638296261,0.0726689129947151,0.03877));
#9180=CARTESIAN_POINT('',(0.06381931294566,0.0734825510917147,0.03877));
#9181=CARTESIAN_POINT('',(0.0642739177372786,0.0718554392163271,0.03877));
#9182=CARTESIAN_POINT('',(0.110898603326986,0.0857591449816128,0.03877));
#9183=CARTESIAN_POINT('',(0.0639835678656825,0.0700246808489754,0.04004));
#9184=CARTESIAN_POINT('',(0.0628473142791467,0.0697072187661607,0.0379048110502127));
#9185=CARTESIAN_POINT('',(0.0647300715863069,0.0702332492784058,0.0387636175906024));
#9186=CARTESIAN_POINT('',(0.0632331013371218,0.0698150052360113,0.0400020907821774));
#9187=CARTESIAN_POINT('',(0.0611291966080993,0.0692271875294415,0.0409052002));
#9188=CARTESIAN_POINT('',(0.0624749509050474,0.0696031827888875,0.0389986));
#9189=CARTESIAN_POINT('',(0.0645471285202372,0.0701821361400367,0.0389986));
#9190=CARTESIAN_POINT('',(0.0645471285202368,0.0701821361400366,0.0385247186128422));
#9191=CARTESIAN_POINT('',(0.0645471297016292,0.0701821364701102,0.0386355618111307));
#9192=CARTESIAN_POINT('',(0.0646260912017893,0.0702041978150423,0.0387385296135606));
#9193=CARTESIAN_POINT('',(0.0647300715863069,0.0702332492784058,0.0387636175906024));
#9194=CARTESIAN_POINT('',(0.0626227570106425,0.0748952663402398,0.04004));
#9195=CARTESIAN_POINT('',(0.0626227570106425,0.0748952663402398,0.0389986));
#9196=CARTESIAN_POINT('',(0.0611147517190737,0.0744690004143013,0.0389986));
#9197=CARTESIAN_POINT('',(0.059770138685562,0.0740889203688509,0.0409052002));
#9198=CARTESIAN_POINT('',(0.0618723080262488,0.0746831378861881,0.0400022135127989));
#9199=CARTESIAN_POINT('',(0.0614874670210523,0.0745743553717392,0.0379048110502127));
#9200=CARTESIAN_POINT('',(0.0633686269095285,0.0751061004300509,0.038763619367607));
#9201=CARTESIAN_POINT('',(0.0633686269095285,0.0751061004300509,0.038763619367607));
#9202=CARTESIAN_POINT('',(0.0632647232061002,0.0750767301031708,0.0387385362030734));
#9203=CARTESIAN_POINT('',(0.0631858029076222,0.0750544218033962,0.0386355706347792));
#9204=CARTESIAN_POINT('',(0.0631858029171716,0.0750544218060955,0.0385247158801384));
#9205=CARTESIAN_POINT('',(0.0578575603951389,0.0839518494079176,0.0379048110502127));
#9206=CARTESIAN_POINT('',(0.0581801662020843,0.0838617153809586,0.0400135626244393));
#9207=CARTESIAN_POINT('',(0.0631673840832719,0.101711860362342,0.0400135626244393));
#9208=CARTESIAN_POINT('',(0.0618122865821326,0.0968617239866109,0.0400135626244393));
#9209=CARTESIAN_POINT('',(0.0618122865821326,0.0968617239866109,0.0400135626244393));
#9210=CARTESIAN_POINT('',(0.0618311094971537,0.0968500195145331,0.0400101827322897));
#9211=CARTESIAN_POINT('',(0.0618511111056681,0.0968411437834564,0.0400064135440805));
#9212=CARTESIAN_POINT('',(0.0618723080262488,0.0968351520770421,0.0400022135127988));
#9213=CARTESIAN_POINT('',(0.0633686269095281,0.0964121895331794,0.0387636193676066));
#9214=CARTESIAN_POINT('',(0.0635171464990071,0.0969538204037966,0.0387697767600674));
#9215=CARTESIAN_POINT('',(0.0636681781746176,0.0974948004888151,0.03877));
#9216=CARTESIAN_POINT('',(0.0638193129456881,0.0980357388716181,0.03877));
#9217=CARTESIAN_POINT('',(0.0642739177372467,0.0996628507467906,0.03877));
#9218=CARTESIAN_POINT('',(0.0644250675452105,0.100203842949325,0.03877));
#9219=CARTESIAN_POINT('',(0.0645763248840658,0.100744809413801,0.0387697768297546));
#9220=CARTESIAN_POINT('',(0.0647300715863066,0.101285040684825,0.0387636175906019));
#9221=CARTESIAN_POINT('',(0.0632331013371218,0.101703284727219,0.0400020907821773));
#9222=CARTESIAN_POINT('',(0.0632116777430641,0.101709270344225,0.040006339196785));
#9223=CARTESIAN_POINT('',(0.0631897670509719,0.101712109883645,0.0400101490478545));
#9224=CARTESIAN_POINT('',(0.0631673840832719,0.101711860362342,0.0400135626244393));
#9225=CARTESIAN_POINT('',(0.0560124691777446,0.0941703520985824,0.0379048110502127));
#9226=CARTESIAN_POINT('',(0.0563350749846897,0.0942604861255412,0.0400135626244393));
#9227=CARTESIAN_POINT('',(0.0618122865821327,0.0746565659766194,0.0400135626244393));
#9228=CARTESIAN_POINT('',(0.063167384083272,0.0698064296008878,0.0400135626244393));
#9229=CARTESIAN_POINT('',(0.063167384083272,0.0698064296008878,0.0400135626244393));
#9230=CARTESIAN_POINT('',(0.063189767050972,0.0698061800795855,0.0400101490478546));
#9231=CARTESIAN_POINT('',(0.0632116777430642,0.0698090196190051,0.0400063391967851));
#9232=CARTESIAN_POINT('',(0.0632331013371218,0.0698150052360113,0.0400020907821774));
#9233=CARTESIAN_POINT('',(0.0647300715863069,0.0702332492784058,0.0387636175906024));
#9234=CARTESIAN_POINT('',(0.0645763261353819,0.0707734761525882,0.0387697767796259));
#9235=CARTESIAN_POINT('',(0.0644250670459713,0.0713144488007737,0.03877));
#9236=CARTESIAN_POINT('',(0.0642739177372787,0.0718554392163271,0.03877));
#9237=CARTESIAN_POINT('',(0.06381931294566,0.0734825510917147,0.03877));
#9238=CARTESIAN_POINT('',(0.063668177675624,0.0740234912604048,0.03877));
#9239=CARTESIAN_POINT('',(0.0635171477071574,0.0745644651534744,0.0387697768101556));
#9240=CARTESIAN_POINT('',(0.0633686269095285,0.0751061004300509,0.038763619367607));
#9241=CARTESIAN_POINT('',(0.0618723080262488,0.0746831378861881,0.0400022135127989));
#9242=CARTESIAN_POINT('',(0.0618511111056681,0.0746771461797737,0.0400064135440805));
#9243=CARTESIAN_POINT('',(0.0618311094971538,0.0746682704486972,0.0400101827322897));
#9244=CARTESIAN_POINT('',(0.0618122865821327,0.0746565659766194,0.0400135626244393));
#9245=CARTESIAN_POINT('',(0.0604491295205098,0.0998570206672128,0.0409052002));
#9246=CARTESIAN_POINT('',(0.0598323202845119,0.0976493500679493,0.0409052002));
#9247=CARTESIAN_POINT('',(0.0616427878003151,0.0971369521258082,0.0398958560602169));
#9248=CARTESIAN_POINT('',(0.0622612983756918,0.0993507121230682,0.0398958560602169));
#9249=CARTESIAN_POINT('',(0.0628798518573687,0.101564625689652,0.0398958560602169));
#9250=CARTESIAN_POINT('',(0.0610676830021867,0.102070934233797,0.0409052002));
#9251=CARTESIAN_POINT('',(0.0555804636775971,0.0890870953241378,0.0409052002));
#9252=CARTESIAN_POINT('',(0.0610676830021867,0.0694473557294333,0.0409052002));
#9253=CARTESIAN_POINT('',(0.0628798518573688,0.0699536642735779,0.0398958560602169));
#9254=CARTESIAN_POINT('',(0.0573926325327791,0.0895934038682824,0.0398958560602169));
#9255=CARTESIAN_POINT('',(0.0616427878003152,0.0743813378374221,0.0398958560602169));
#9256=CARTESIAN_POINT('',(0.0598323202845119,0.073868939895281,0.0409052002));
#9257=CARTESIAN_POINT('',(0.110898603326986,0.0857591449816128,0.0385247159020629));
#9258=CARTESIAN_POINT('',(0.110898603326983,0.0857591449816127,0.0385247159020629));
#9259=CARTESIAN_POINT('',(0.0597120504816146,0.106206144981614,0.034579));
#9260=CARTESIAN_POINT('',(0.0597120504816146,0.106206144981614,0.034579));
#9261=CARTESIAN_POINT('',(0.0597120504816146,0.0857591449816142,0.034579));
#9262=CARTESIAN_POINT('',(0.0597120504816146,0.0905685280585811,0.034579));
#9263=CARTESIAN_POINT('',(0.0597120504816146,0.0893801638262465,0.034579));
#9264=CARTESIAN_POINT('',(0.0597120504816146,0.0893801638262465,0.034198));
#9265=CARTESIAN_POINT('',(0.0593310504816146,0.0893801638262465,0.034198));
#9266=CARTESIAN_POINT('',(0.0593310504816146,0.0893801638262465,0.034579));
#9267=CARTESIAN_POINT('',(0.059673284007172,0.089270406417205,0.034198));
#9268=CARTESIAN_POINT('',(0.0593310504816126,0.0892757199386643,0.034234889764748));
#9269=CARTESIAN_POINT('',(0.0593310504816146,0.0892130795301123,0.0345789999536874));
#9270=CARTESIAN_POINT('',(0.0596297298563521,0.0891556593428161,0.0341795068593763));
#9271=CARTESIAN_POINT('',(0.0593310504816149,0.0891446326132864,0.0342492853051713));
#9272=CARTESIAN_POINT('',(0.0593310504816146,0.0890491992762255,0.0345420137300986));
#9273=CARTESIAN_POINT('',(0.0595848618177032,0.0890396565244081,0.0341467928678506));
#9274=CARTESIAN_POINT('',(0.0593310504816146,0.0890040670469191,0.0342293329109649));
#9275=CARTESIAN_POINT('',(0.0593310504816146,0.088897456988237,0.0344765857357013));
#9276=CARTESIAN_POINT('',(0.0593315240776323,0.0892099638888868,0.0345470165366754));
#9277=CARTESIAN_POINT('',(0.059340297548321,0.0892122078920751,0.0343695526502162));
#9278=CARTESIAN_POINT('',(0.0594628122167691,0.089130790480216,0.0342325333436214));
#9279=CARTESIAN_POINT('',(0.0595856646008816,0.0890417322294698,0.0341473767084898));
#9280=CARTESIAN_POINT('',(0.0593310504816146,0.0821381261369838,0.034579));
#9281=CARTESIAN_POINT('',(0.0593310504816146,0.0821381261369838,0.034198));
#9282=CARTESIAN_POINT('',(0.0597120504816146,0.0821381261369838,0.034198));
#9283=CARTESIAN_POINT('',(0.0593310504816146,0.0823052104331185,0.0345789999536874));
#9284=CARTESIAN_POINT('',(0.0593310504816125,0.0822425700245675,0.0342348897647498));
#9285=CARTESIAN_POINT('',(0.0596732840071701,0.082247883546021,0.034198));
#9286=CARTESIAN_POINT('',(0.0593310504816146,0.0824690906870138,0.0345420137300982));
#9287=CARTESIAN_POINT('',(0.0593310504816157,0.0823736573499475,0.0342492853051722));
#9288=CARTESIAN_POINT('',(0.0596297298563488,0.0823626306204215,0.0341795068593745));
#9289=CARTESIAN_POINT('',(0.0593310504816146,0.0826208329749947,0.0344765857357007));
#9290=CARTESIAN_POINT('',(0.0593310504816146,0.0825142229163124,0.0342293329109647));
#9291=CARTESIAN_POINT('',(0.0595848618177028,0.0824786334388232,0.0341467928678503));
#9292=CARTESIAN_POINT('',(0.0597120504816146,0.0821381261369838,0.034579));
#9293=CARTESIAN_POINT('',(0.0593315240776323,0.0823083260743435,0.0345470165366754));
#9294=CARTESIAN_POINT('',(0.0593402721648159,0.0823060885635307,0.0343700660907487));
#9295=CARTESIAN_POINT('',(0.0594627726294722,0.0823874707834183,0.0342325607848656));
#9296=CARTESIAN_POINT('',(0.0595856646008924,0.0824765577337629,0.0341473767084754));
#9297=CARTESIAN_POINT('',(0.0593310504816146,0.0905685280585811,0.034579));
#9298=CARTESIAN_POINT('',(0.0593310504816146,0.0905685280585811,0.03496));
#9299=CARTESIAN_POINT('',(0.0597120504816146,0.0905685280585811,0.03496));
#9300=CARTESIAN_POINT('',(0.0593310504816146,0.0899622081763701,0.0345790000285563));
#9301=CARTESIAN_POINT('',(0.0593310504816204,0.0900807900235986,0.0349225049762708));
#9302=CARTESIAN_POINT('',(0.0596726149959267,0.0900555482952534,0.03496));
#9303=CARTESIAN_POINT('',(0.0593310504816146,0.089383545544911,0.034803328574332));
#9304=CARTESIAN_POINT('',(0.059331050481618,0.0895570910079445,0.0350429388222815));
#9305=CARTESIAN_POINT('',(0.0596142368101389,0.0895564714127185,0.0351436298797143));
#9306=CARTESIAN_POINT('',(0.0593310504816146,0.0888913598952682,0.0351462980731653));
#9307=CARTESIAN_POINT('',(0.0593310504816146,0.0890243759653332,0.035337185615242));
#9308=CARTESIAN_POINT('',(0.0595380231869447,0.0890851329911102,0.0354243762780604));
#9309=CARTESIAN_POINT('',(0.0593345457303043,0.0892107353321673,0.0350061416325358));
#9310=CARTESIAN_POINT('',(0.0593543339004856,0.0892157781263313,0.035169770434365));
#9311=CARTESIAN_POINT('',(0.0594424147168418,0.0891632965703802,0.0353110908261434));
#9312=CARTESIAN_POINT('',(0.0595393852989345,0.0890935673992546,0.0354193637700964));
#9313=CARTESIAN_POINT('',(0.0589225590749822,0.0890786293748183,0.034579));
#9314=CARTESIAN_POINT('',(0.0589225590749822,0.0890786293748183,0.034198));
#9315=CARTESIAN_POINT('',(0.0590607138436663,0.0887235600014701,0.034198));
#9316=CARTESIAN_POINT('',(0.0591648679809283,0.0891729099108594,0.0345789999868046));
#9317=CARTESIAN_POINT('',(0.0591152220470195,0.0891535930878274,0.034248983333671));
#9318=CARTESIAN_POINT('',(0.0592214602903981,0.0888447345517783,0.034198));
#9319=CARTESIAN_POINT('',(0.0594121616186509,0.0892383813995736,0.034545445607458));
#9320=CARTESIAN_POINT('',(0.0593424649426749,0.0892219813790472,0.0342678990847053));
#9321=CARTESIAN_POINT('',(0.0593974697956366,0.0889525554601527,0.0341812228078617));
#9322=CARTESIAN_POINT('',(0.0596562804242559,0.0892770929526024,0.0344765238764373));
#9323=CARTESIAN_POINT('',(0.0595847503977037,0.0892657499575015,0.0342445774312518));
#9324=CARTESIAN_POINT('',(0.0595890924834226,0.0890433592263886,0.0341467619382187));
#9325=CARTESIAN_POINT('',(0.0590607138436663,0.0887235600014701,0.034579));
#9326=CARTESIAN_POINT('',(0.0590607138436662,0.0827947299617603,0.034198));
#9327=CARTESIAN_POINT('',(0.0589225590749821,0.0824396605884122,0.034198));
#9328=CARTESIAN_POINT('',(0.0589225590749822,0.0824396605884122,0.034579));
#9329=CARTESIAN_POINT('',(0.0592214602904009,0.0826735554114548,0.034198));
#9330=CARTESIAN_POINT('',(0.0591152220470222,0.0823646968754172,0.0342489833336704));
#9331=CARTESIAN_POINT('',(0.0591648679809281,0.082345380052371,0.0345789999868046));
#9332=CARTESIAN_POINT('',(0.0593974697956423,0.0825657345030683,0.0341812228078637));
#9333=CARTESIAN_POINT('',(0.059342464942684,0.0822963085841803,0.0342678990847113));
#9334=CARTESIAN_POINT('',(0.0594121616186629,0.082279908563654,0.0345454456074579));
#9335=CARTESIAN_POINT('',(0.0595890924834329,0.0824749307368369,0.0341467619382168));
#9336=CARTESIAN_POINT('',(0.059584750397716,0.0822525400057267,0.0342445774312506));
#9337=CARTESIAN_POINT('',(0.059656280424269,0.0822411970106259,0.0344765238764336));
#9338=CARTESIAN_POINT('',(0.0590607138436662,0.0827947299617603,0.034579));
#9339=CARTESIAN_POINT('',(0.0597120504816146,0.0738737961114583,0.034579));
#9340=CARTESIAN_POINT('',(0.0597120504816146,0.0653121449816142,0.034579));
#9341=CARTESIAN_POINT('',(0.0597120504816146,0.0809497619046492,0.034579));
#9342=CARTESIAN_POINT('',(0.0597120504816146,0.0653121449816142,0.034579));
#9343=CARTESIAN_POINT('',(0.0576175375351358,0.08759647716955,0.03496));
#9344=CARTESIAN_POINT('',(0.0573065231283549,0.0878165477009138,0.03496));
#9345=CARTESIAN_POINT('',(0.057306523128355,0.0878165477009138,0.034579));
#9346=CARTESIAN_POINT('',(0.0580442885597325,0.0883247417055756,0.03496));
#9347=CARTESIAN_POINT('',(0.0578061953208323,0.0885227088371071,0.0348939708267447));
#9348=CARTESIAN_POINT('',(0.0578797261259982,0.0886266261297349,0.0345789999932972));
#9349=CARTESIAN_POINT('',(0.0587640177639147,0.0888628266771701,0.0351005558916447));
#9350=CARTESIAN_POINT('',(0.0586589279146979,0.0890984480814293,0.0349727582888732));
#9351=CARTESIAN_POINT('',(0.0587988935779184,0.0891439392598817,0.0347507079237478));
#9352=CARTESIAN_POINT('',(0.0595535008423241,0.0890978013476439,0.0354251527117045));
#9353=CARTESIAN_POINT('',(0.0595794491249698,0.0892651774615511,0.035323543713891));
#9354=CARTESIAN_POINT('',(0.0596674544738506,0.0892788467132474,0.0351472465912767));
#9355=CARTESIAN_POINT('',(0.0576175375351358,0.08759647716955,0.034579));
#9356=CARTESIAN_POINT('',(0.0602141449816146,0.0857591449816152,0.034579));
#9357=CARTESIAN_POINT('',(0.0576175375351358,0.0839218127936803,0.034579));
#9358=CARTESIAN_POINT('',(0.0597120504816146,0.0809497619046492,0.03496));
#9359=CARTESIAN_POINT('',(0.0593310504816146,0.0809497619046492,0.03496));
#9360=CARTESIAN_POINT('',(0.0593310504816146,0.0809497619046492,0.034579));
#9361=CARTESIAN_POINT('',(0.0596726149959267,0.0814627416679769,0.03496));
#9362=CARTESIAN_POINT('',(0.0593310504816204,0.0814374999396352,0.0349225049762708));
#9363=CARTESIAN_POINT('',(0.0593310504816146,0.0815560817868602,0.0345790000285563));
#9364=CARTESIAN_POINT('',(0.0596142368101393,0.0819618185505146,0.0351436298797166));
#9365=CARTESIAN_POINT('',(0.0593310504816171,0.0819611989552723,0.0350429388222909));
#9366=CARTESIAN_POINT('',(0.0593310504816146,0.082134744418336,0.034803328574332));
#9367=CARTESIAN_POINT('',(0.0595380231869446,0.0824331569721202,0.0354243762780604));
#9368=CARTESIAN_POINT('',(0.0593310504816146,0.0824939139978972,0.0353371856152421));
#9369=CARTESIAN_POINT('',(0.0593310504816146,0.0826269300679622,0.0351462980731654));
#9370=CARTESIAN_POINT('',(0.0593345457303043,0.082307554631063,0.0350061416325358));
#9371=CARTESIAN_POINT('',(0.0593542719819908,0.0823025276161359,0.0351692584290093));
#9372=CARTESIAN_POINT('',(0.0594421939949806,0.0823548346761191,0.0353108443774252));
#9373=CARTESIAN_POINT('',(0.0595393852989345,0.0824247225639757,0.0354193637700965));
#9374=CARTESIAN_POINT('',(0.057306523128355,0.0837017422623165,0.034579));
#9375=CARTESIAN_POINT('',(0.057306523128355,0.0837017422623164,0.03496));
#9376=CARTESIAN_POINT('',(0.0576175375351358,0.0839218127936803,0.03496));
#9377=CARTESIAN_POINT('',(0.0578797261259917,0.0828916638335048,0.0345789999932972));
#9378=CARTESIAN_POINT('',(0.0578061953208798,0.0829955811261897,0.0348939708267463));
#9379=CARTESIAN_POINT('',(0.0580442885597787,0.0831935482577162,0.03496));
#9380=CARTESIAN_POINT('',(0.0587988935778998,0.0823743507033516,0.03475070792376));
#9381=CARTESIAN_POINT('',(0.058658927914691,0.0824198418817967,0.0349727582889018));
#9382=CARTESIAN_POINT('',(0.0587640177639066,0.0826554632860685,0.0351005558916454));
#9383=CARTESIAN_POINT('',(0.0596674544738506,0.082239443249983,0.0351472465912768));
#9384=CARTESIAN_POINT('',(0.0595794491249698,0.0822531125016793,0.035323543713891));
#9385=CARTESIAN_POINT('',(0.0595535008423241,0.0824204886155865,0.0354251527117046));
#9386=CARTESIAN_POINT('',(0.0682210504816146,0.0857591449816142,0.03623));
#9387=CARTESIAN_POINT('',(0.0682210504816146,0.089893756090625,0.03623));
#9388=CARTESIAN_POINT('',(0.0682210504816146,0.089004756090625,0.03496));
#9389=CARTESIAN_POINT('',(0.0682210504816146,0.088623756090625,0.03496));
#9390=CARTESIAN_POINT('',(0.0682210504816146,0.088623756090625,0.035341));
#9391=CARTESIAN_POINT('',(0.0683872931629841,0.0890047560906646,0.03496));
#9392=CARTESIAN_POINT('',(0.0684371659462909,0.0886237560908971,0.0349600000002693));
#9393=CARTESIAN_POINT('',(0.0683872931629841,0.088623756090625,0.0353410000000416));
#9394=CARTESIAN_POINT('',(0.0687194896198641,0.089051104521304,0.0350262120438532));
#9395=CARTESIAN_POINT('',(0.0688330443107096,0.0887259294197337,0.0350621733291101));
#9396=CARTESIAN_POINT('',(0.0687194896198641,0.088689968134478,0.0353873484306783));
#9397=CARTESIAN_POINT('',(0.0692844331004573,0.0893143827019305,0.0354023237304195));
#9398=CARTESIAN_POINT('',(0.0693316649333256,0.0891469000161132,0.0354831439254869));
#9399=CARTESIAN_POINT('',(0.0692844331004573,0.0890660798210456,0.035650626611305));
#9400=CARTESIAN_POINT('',(0.0694910504816146,0.089661016385787,0.0358975147073805));
#9401=CARTESIAN_POINT('',(0.0694910504814435,0.0896111435024873,0.0359473874118653));
#9402=CARTESIAN_POINT('',(0.0694910504816146,0.089561270798001,0.0359972602951666));
#9403=CARTESIAN_POINT('',(0.0694910504816146,0.089893756090625,0.03623));
#9404=CARTESIAN_POINT('',(0.0694910504816146,0.089893756090625,0.03623));
#9405=CARTESIAN_POINT('',(0.0694910504816146,0.089893756090625,0.03623));
#9406=CARTESIAN_POINT('',(0.0682210504816146,0.089893756090625,0.03623));
#9407=CARTESIAN_POINT('',(0.0682210504816146,0.089893756090625,0.058328));
#9408=CARTESIAN_POINT('',(0.0682210504816146,0.0857591449816142,0.03623));
#9409=CARTESIAN_POINT('',(0.0682210504816146,0.0816245338726044,0.03623));
#9410=CARTESIAN_POINT('',(0.0694910504816146,0.0816245338726044,0.03623));
#9411=CARTESIAN_POINT('',(0.0694910504816146,0.0816245338726044,0.03623));
#9412=CARTESIAN_POINT('',(0.0694910504816146,0.0816245338726044,0.03623));
#9413=CARTESIAN_POINT('',(0.0694910504816146,0.0818572735774423,0.0358975147073806));
#9414=CARTESIAN_POINT('',(0.0694910504814435,0.0819071464607507,0.0359473874118654));
#9415=CARTESIAN_POINT('',(0.0694910504816146,0.0819570191652284,0.0359972602951667));
#9416=CARTESIAN_POINT('',(0.0692844331004573,0.0822039072612989,0.0354023237304195));
#9417=CARTESIAN_POINT('',(0.0693316649333246,0.0823713899471146,0.0354831439254871));
#9418=CARTESIAN_POINT('',(0.0692844331004573,0.0824522101421838,0.035650626611305));
#9419=CARTESIAN_POINT('',(0.0687194896198641,0.0824671854419254,0.0350262120438532));
#9420=CARTESIAN_POINT('',(0.0688330443107109,0.0827923605434956,0.035062173329109));
#9421=CARTESIAN_POINT('',(0.0687194896198641,0.0828283218287514,0.0353873484306783));
#9422=CARTESIAN_POINT('',(0.0683872931629841,0.0825135338725648,0.03496));
#9423=CARTESIAN_POINT('',(0.0684371659462891,0.0828945338723335,0.0349600000002721));
#9424=CARTESIAN_POINT('',(0.0683872931629841,0.0828945338726044,0.0353410000000416));
#9425=CARTESIAN_POINT('',(0.0682210504816146,0.0825135338726044,0.03496));
#9426=CARTESIAN_POINT('',(0.0682210504816146,0.0828945338726044,0.03496));
#9427=CARTESIAN_POINT('',(0.0682210504816146,0.0828945338726044,0.035341));
#9428=CARTESIAN_POINT('',(0.0682210504816146,0.0816245338726044,0.03623));
#9429=CARTESIAN_POINT('',(0.0682210504816146,0.0816245338726044,0.03623));
#9430=CARTESIAN_POINT('',(0.0471802330453442,0.0872298001128527,0.039278));
#9431=CARTESIAN_POINT('',(0.0523494740424565,0.0924479300991685,0.039278));
#9432=CARTESIAN_POINT('',(0.0523494740424565,0.0924479300991685,0.039024));
#9433=CARTESIAN_POINT('',(0.0471802330453442,0.0872298001128527,0.039024));
#9434=CARTESIAN_POINT('',(0.0527822318591572,0.0965522503597089,0.039278));
#9435=CARTESIAN_POINT('',(0.0527822318591572,0.093531937889901,0.039024));
#9436=CARTESIAN_POINT('',(0.0527822318591572,0.093531937889901,0.039024));
#9437=CARTESIAN_POINT('',(0.0527822318591572,0.0965522503597089,0.039024));
#9438=CARTESIAN_POINT('',(0.0527822318591572,0.0926283785487833,0.039024));
#9439=CARTESIAN_POINT('',(0.0527822318591572,0.0926283785487833,0.03877));
#9440=CARTESIAN_POINT('',(0.0471802330453442,0.105874700606565,0.039278));
#9441=CARTESIAN_POINT('',(0.0471802330453442,0.105874700606565,0.039024));
#9442=CARTESIAN_POINT('',(0.0493352385211398,0.0988528857101438,0.039024));
#9443=CARTESIAN_POINT('',(0.0523494740424565,0.100656570620249,0.039024));
#9444=CARTESIAN_POINT('',(0.0523494740424565,0.100656570620249,0.039278));
#9445=CARTESIAN_POINT('',(0.0493059912796845,0.0988439762506081,0.038897));
#9446=CARTESIAN_POINT('',(0.0493059912796845,0.0988439762506081,0.0389056691184487));
#9447=CARTESIAN_POINT('',(0.0493352385211398,0.0988528857101438,0.039024));
#9448=CARTESIAN_POINT('',(0.0493352385211398,0.0988528857101438,0.0389825248408067));
#9449=CARTESIAN_POINT('',(0.0493251207187574,0.0988497600874603,0.0389420027800063));
#9450=CARTESIAN_POINT('',(0.0493059912796805,0.0988439762506069,0.0389056691184502));
#9451=CARTESIAN_POINT('',(0.0527522987323562,0.0873439546779345,0.039278));
#9452=CARTESIAN_POINT('',(0.0471802330453442,0.0872298001128527,0.039278));
#9453=CARTESIAN_POINT('',(0.0495892385211398,0.0944369100092693,0.039278));
#9454=CARTESIAN_POINT('',(0.0525282318591572,0.0926283785487834,0.039278));
#9455=CARTESIAN_POINT('',(0.0525282318591572,0.0873439546779345,0.039278));
#9456=CARTESIAN_POINT('',(0.0525282318591572,0.100476122170634,0.039278));
#9457=CARTESIAN_POINT('',(0.0471802330453442,0.105874700606565,0.039278));
#9458=CARTESIAN_POINT('',(0.0495892385211398,0.0986675907101486,0.039278));
#9459=CARTESIAN_POINT('',(0.0495892385211398,0.0873439546779345,0.039278));
#9460=CARTESIAN_POINT('',(0.0527522987323562,0.0873439546779345,0.03877));
#9461=CARTESIAN_POINT('',(0.0530108318591572,0.0779863520733238,0.03877));
#9462=CARTESIAN_POINT('',(0.0530362318591572,0.0777591675668095,0.03877));
#9463=CARTESIAN_POINT('',(0.0530362318591572,0.0857591449816142,0.03877));
#9464=CARTESIAN_POINT('',(0.0491066385211398,0.0772598667441649,0.03877));
#9465=CARTESIAN_POINT('',(0.0493352385211398,0.0772598667441649,0.03877));
#9466=CARTESIAN_POINT('',(0.0493352385211398,0.0749660396035212,0.03877));
#9467=CARTESIAN_POINT('',(0.0493352385211398,0.0772666749539561,0.03877));
#9468=CARTESIAN_POINT('',(0.0471802330453442,0.0842884898503775,0.03877));
#9469=CARTESIAN_POINT('',(0.0523494740424565,0.0790703598640616,0.03877));
#9470=CARTESIAN_POINT('',(0.0525282318591572,0.0788899114144468,0.03877));
#9471=CARTESIAN_POINT('',(0.0471802330453442,0.0842884898503775,0.039278));
#9472=CARTESIAN_POINT('',(0.0471802330453442,0.0842884898503775,0.039024));
#9473=CARTESIAN_POINT('',(0.0493352385211398,0.0772666749539561,0.039024));
#9474=CARTESIAN_POINT('',(0.0523494740424565,0.0790703598640616,0.039024));
#9475=CARTESIAN_POINT('',(0.0523494740424565,0.0790703598640616,0.039278));
#9476=CARTESIAN_POINT('',(0.0493352385211398,0.0772666749539561,0.039278));
#9477=CARTESIAN_POINT('',(0.0493352385211398,0.0749660396035212,0.039278));
#9478=CARTESIAN_POINT('',(0.0493352385211398,0.0772598667441649,0.039024));
#9479=CARTESIAN_POINT('',(0.0493352385211398,0.0772598667441649,0.039024));
#9480=CARTESIAN_POINT('',(0.0493352385211398,0.0772666749539561,0.039024));
#9481=CARTESIAN_POINT('',(0.0471802330453442,0.0656435893566649,0.039278));
#9482=CARTESIAN_POINT('',(0.0523494740424565,0.0708617193429807,0.039278));
#9483=CARTESIAN_POINT('',(0.0523494740424565,0.0708617193429807,0.039024));
#9484=CARTESIAN_POINT('',(0.0471802330453442,0.0656435893566649,0.039024));
#9485=CARTESIAN_POINT('',(0.0493352385211398,0.0726654042530863,0.039024));
#9486=CARTESIAN_POINT('',(0.0493352385211398,0.0726654042530863,0.039024));
#9487=CARTESIAN_POINT('',(0.0493352385211398,0.0726654042530863,0.0389825248408041));
#9488=CARTESIAN_POINT('',(0.0493251207187561,0.0726685298757702,0.0389420027800012));
#9489=CARTESIAN_POINT('',(0.0493059912796769,0.0726743137126243,0.0389056691184433));
#9490=CARTESIAN_POINT('',(0.0493059912796809,0.0726743137126231,0.0389056691184419));
#9491=CARTESIAN_POINT('',(0.0493059912796809,0.0726743137126231,0.038897));
#9492=CARTESIAN_POINT('',(0.0527822318591572,0.0749660396035212,0.039278));
#9493=CARTESIAN_POINT('',(0.0527822318591572,0.0711773721718797,0.039024));
#9494=CARTESIAN_POINT('',(0.0527822318591572,0.0711773721718797,0.039024));
#9495=CARTESIAN_POINT('',(0.0527822318591572,0.0703941200986297,0.039024));
#9496=CARTESIAN_POINT('',(0.0527822318591572,0.0710421677925956,0.039024));
#9497=CARTESIAN_POINT('',(0.0527822318591572,0.0710421677925956,0.039278));
#9498=CARTESIAN_POINT('',(0.0527522987323562,0.0873439546779345,0.039278));
#9499=CARTESIAN_POINT('',(0.0471802330453442,0.0656435893566649,0.039278));
#9500=CARTESIAN_POINT('',(0.0495892385211398,0.0728506992530816,0.039278));
#9501=CARTESIAN_POINT('',(0.0525282318591572,0.0710421677925956,0.039278));
#9502=CARTESIAN_POINT('',(0.0525282318591572,0.0795379591084126,0.039278));
#9503=CARTESIAN_POINT('',(0.0525282318591572,0.0788899114144468,0.039278));
#9504=CARTESIAN_POINT('',(0.0471802330453442,0.0842884898503775,0.039278));
#9505=CARTESIAN_POINT('',(0.0495892385211398,0.0770813799539608,0.039278));
#9506=CARTESIAN_POINT('',(0.0495892385211398,0.0726654042530863,0.039278));
#9507=CARTESIAN_POINT('',(0.0490812385211398,0.0857591449816142,0.039024));
#9508=CARTESIAN_POINT('',(0.0491484581575752,0.0944831654669984,0.0387790560870781));
#9509=CARTESIAN_POINT('',(0.0492785869352267,0.0944589513362727,0.0388147671566825));
#9510=CARTESIAN_POINT('',(0.0493352385211398,0.0943510755055713,0.0389263358022887));
#9511=CARTESIAN_POINT('',(0.0493352385211398,0.0942584232190599,0.039024));
#9512=CARTESIAN_POINT('',(0.0493352385211398,0.0944484097102628,0.039024));
#9513=CARTESIAN_POINT('',(0.0493059912796845,0.0988439762506081,0.0389056691184487));
#9514=CARTESIAN_POINT('',(0.0492804181484223,0.0987984076400043,0.0388570965757577));
#9515=CARTESIAN_POINT('',(0.0492372163236192,0.0987565026319322,0.0388119606585902));
#9516=CARTESIAN_POINT('',(0.0491727655691137,0.0987370263250679,0.0387870637227245));
#9517=CARTESIAN_POINT('',(0.0471802330453442,0.105874700606565,0.039024));
#9518=CARTESIAN_POINT('',(0.0525282318591572,0.100476122170635,0.039024));
#9519=CARTESIAN_POINT('',(0.0493352385211398,0.0988528857101438,0.039024));
#9520=CARTESIAN_POINT('',(0.0493352385211398,0.0988528857101438,0.0391747356705026));
#9521=CARTESIAN_POINT('',(0.0494688635697455,0.0987542878337599,0.039278));
#9522=CARTESIAN_POINT('',(0.0495892385211398,0.0986675907101486,0.039278));
#9523=CARTESIAN_POINT('',(0.0525282318591572,0.100476122170635,0.039278));
#9524=CARTESIAN_POINT('',(0.0525282318591572,0.100476122170635,0.039024));
#9525=CARTESIAN_POINT('',(0.0495892385211398,0.0965522503597089,0.039024));
#9526=CARTESIAN_POINT('',(0.0493352385211398,0.0942516150092741,0.039024));
#9527=CARTESIAN_POINT('',(0.0493352385211398,0.0942516150092741,0.0391747356705026));
#9528=CARTESIAN_POINT('',(0.0494688635697452,0.0943502128856584,0.039278));
#9529=CARTESIAN_POINT('',(0.0495892385211398,0.0944369100092693,0.039278));
#9530=CARTESIAN_POINT('',(0.0525282318591572,0.100476122170635,0.039024));
#9531=CARTESIAN_POINT('',(0.0525282318591572,0.100476122170634,0.039024));
#9532=CARTESIAN_POINT('',(0.0530362318591572,0.0857591449816142,0.039024));
#9533=CARTESIAN_POINT('',(0.0530362318591572,0.100113733284831,0.03877));
#9534=CARTESIAN_POINT('',(0.0529566312142608,0.100104833662179,0.03877));
#9535=CARTESIAN_POINT('',(0.0528152876813708,0.100177041230496,0.0388513746151834));
#9536=CARTESIAN_POINT('',(0.0527822318591572,0.100286692767787,0.038966841743043));
#9537=CARTESIAN_POINT('',(0.0527822318591572,0.100340917791345,0.039024));
#9538=CARTESIAN_POINT('',(0.0527822318591572,0.100001817743379,0.039024));
#9539=CARTESIAN_POINT('',(0.0530362318591572,0.0937591223964154,0.03877));
#9540=CARTESIAN_POINT('',(0.0529566312142606,0.0937680220190675,0.03877));
#9541=CARTESIAN_POINT('',(0.0528152876813708,0.0936958144507489,0.0388513746151829));
#9542=CARTESIAN_POINT('',(0.0527822318591572,0.0935861629134604,0.0389668417430442));
#9543=CARTESIAN_POINT('',(0.0527822318591572,0.093531937889901,0.039024));
#9544=CARTESIAN_POINT('',(0.0471802330453442,0.0872298001128527,0.039024));
#9545=CARTESIAN_POINT('',(0.0525282318591572,0.0926283785487834,0.039024));
#9546=CARTESIAN_POINT('',(0.0525282318591572,0.0965522503597089,0.039024));
#9547=CARTESIAN_POINT('',(0.0525282318591572,0.0926283785487833,0.039024));
#9548=CARTESIAN_POINT('',(0.0525282318591572,0.0926283785487833,0.039024));
#9549=CARTESIAN_POINT('',(0.0525282318591572,0.0926283785487833,0.039024));
#9550=CARTESIAN_POINT('',(0.0525282318591572,0.0926283785487833,0.039278));
#9551=CARTESIAN_POINT('',(0.0525282318591572,0.0710421677925956,0.039278));
#9552=CARTESIAN_POINT('',(0.0525282318591572,0.0710421677925956,0.039024));
#9553=CARTESIAN_POINT('',(0.0471802330453442,0.0656435893566649,0.039024));
#9554=CARTESIAN_POINT('',(0.0493352385211398,0.0726654042530863,0.039024));
#9555=CARTESIAN_POINT('',(0.0493352385211398,0.0726654042530863,0.0391747356705026));
#9556=CARTESIAN_POINT('',(0.0494688635697452,0.0727640021294707,0.039278));
#9557=CARTESIAN_POINT('',(0.0495892385211398,0.0728506992530816,0.039278));
#9558=CARTESIAN_POINT('',(0.0525282318591572,0.0710421677925956,0.039024));
#9559=CARTESIAN_POINT('',(0.0490812385211398,0.0749660396035212,0.039024));
#9560=CARTESIAN_POINT('',(0.0491727655691137,0.072781263638157,0.0387870637227245));
#9561=CARTESIAN_POINT('',(0.049237269637896,0.0727617712203065,0.0388119812535722));
#9562=CARTESIAN_POINT('',(0.0492804044859214,0.0727199066683441,0.0388570706257825));
#9563=CARTESIAN_POINT('',(0.0493059912796787,0.072674313712627,0.0389056691184468));
#9564=CARTESIAN_POINT('',(0.0493352385211398,0.0749660396035212,0.039024));
#9565=CARTESIAN_POINT('',(0.0491484581575752,0.0770351244962265,0.0387790560870781));
#9566=CARTESIAN_POINT('',(0.0492785869352267,0.0770593386269522,0.0388147671566825));
#9567=CARTESIAN_POINT('',(0.0493352385211398,0.0771672144576535,0.0389263358022887));
#9568=CARTESIAN_POINT('',(0.0493352385211398,0.0772598667441649,0.039024));
#9569=CARTESIAN_POINT('',(0.0530362318591572,0.0749660396035212,0.039024));
#9570=CARTESIAN_POINT('',(0.0530362318591572,0.0777591675668095,0.03877));
#9571=CARTESIAN_POINT('',(0.0529566312142606,0.0777502679441574,0.03877));
#9572=CARTESIAN_POINT('',(0.0528152876813708,0.0778224755124754,0.0388513746151834));
#9573=CARTESIAN_POINT('',(0.0527822318591572,0.0779321270497655,0.0389668417430431));
#9574=CARTESIAN_POINT('',(0.0527822318591572,0.0779863520733238,0.039024));
#9575=CARTESIAN_POINT('',(0.0527822318591572,0.0749660396035212,0.039024));
#9576=CARTESIAN_POINT('',(0.0530362318591572,0.0714045566783936,0.03877));
#9577=CARTESIAN_POINT('',(0.0529566312142608,0.0714134563010457,0.03877));
#9578=CARTESIAN_POINT('',(0.0528152876813707,0.0713412487327283,0.0388513746151833));
#9579=CARTESIAN_POINT('',(0.0527822318591572,0.0712315971954382,0.0389668417430434));
#9580=CARTESIAN_POINT('',(0.0527822318591572,0.0711773721718797,0.039024));
#9581=CARTESIAN_POINT('',(0.0525282318591572,0.0710421677925956,0.039024));
#9582=CARTESIAN_POINT('',(0.0525282318591572,0.0710421677925956,0.039024));
#9583=CARTESIAN_POINT('',(0.0495892385211398,0.0873439546779345,0.039024));
#9584=CARTESIAN_POINT('',(0.0493352385211398,0.0772666749539561,0.039024));
#9585=CARTESIAN_POINT('',(0.0493352385211398,0.0772666749539561,0.0391747356705026));
#9586=CARTESIAN_POINT('',(0.0494688635697455,0.0771680770775721,0.039278));
#9587=CARTESIAN_POINT('',(0.0495892385211398,0.0770813799539608,0.039278));
#9588=CARTESIAN_POINT('',(0.0525282318591572,0.0873439546779345,0.039024));
#9589=CARTESIAN_POINT('',(0.0525282318591572,0.0788899114144468,0.039024));
#9590=CARTESIAN_POINT('',(0.0471802330453442,0.0842884898503775,0.039024));
#9591=CARTESIAN_POINT('',(0.0525282318591572,0.0788899114144468,0.039024));
#9592=CARTESIAN_POINT('',(0.0525282318591572,0.0788899114144468,0.039024));
#9593=CARTESIAN_POINT('',(0.0525282318591572,0.0788899114144468,0.039024));
#9594=CARTESIAN_POINT('',(0.0525282318591572,0.0788899114144468,0.039278));
#9595=CARTESIAN_POINT('',(0.0640450814715951,0.101713777314247,0.0389986));
#9596=CARTESIAN_POINT('',(0.06253646451096,0.102135275374335,0.0389986));
#9597=CARTESIAN_POINT('',(0.0625605754116926,0.0964030431494206,0.0389986));
#9598=CARTESIAN_POINT('',(0.0610525701201238,0.0968293090753592,0.0389986));
#9599=CARTESIAN_POINT('',(0.0624749509050474,0.101915107174343,0.0389986));
#9600=CARTESIAN_POINT('',(0.0624749509050474,0.101915107174343,0.03877));
#9601=CARTESIAN_POINT('',(0.06253646451096,0.102135275374335,0.03877));
#9602=CARTESIAN_POINT('',(0.0622763687998788,0.101970589761561,0.0389390403749455));
#9603=CARTESIAN_POINT('',(0.0623134360460647,0.102014946531887,0.0387699999999977));
#9604=CARTESIAN_POINT('',(0.0622958428284965,0.102202503435183,0.03877));
#9605=CARTESIAN_POINT('',(0.0618304091393312,0.102027333376468,0.0388213079641834));
#9606=CARTESIAN_POINT('',(0.0618564124554096,0.102118518693421,0.038769999999997));
#9607=CARTESIAN_POINT('',(0.0617983972769436,0.102205777361265,0.03877));
#9608=CARTESIAN_POINT('',(0.0613204903956794,0.102056457018222,0.03877));
#9609=CARTESIAN_POINT('',(0.0613150131445279,0.10208606513933,0.0387700000000075));
#9610=CARTESIAN_POINT('',(0.0613095357515236,0.102115673251745,0.03877));
#9611=CARTESIAN_POINT('',(0.0610676830021867,0.102070934233797,0.03877));
#9612=CARTESIAN_POINT('',(0.0610676830021867,0.102070934233797,0.03877));
#9613=CARTESIAN_POINT('',(0.0610676830021867,0.102070934233797,0.03877));
#9614=CARTESIAN_POINT('',(0.0624749509050474,0.101915107174343,0.0389986));
#9615=CARTESIAN_POINT('',(0.0620280977943555,0.102039955114022,0.0388645778670505));
#9616=CARTESIAN_POINT('',(0.0615473804143457,0.102043464463841,0.03877));
#9617=CARTESIAN_POINT('',(0.0610676830021867,0.102070934233797,0.03877));
#9618=CARTESIAN_POINT('',(0.0610525701201238,0.0968293090753591,0.03877));
#9619=CARTESIAN_POINT('',(0.0611147517190737,0.097049289548929,0.03877));
#9620=CARTESIAN_POINT('',(0.0611147517190737,0.097049289548929,0.0389986));
#9621=CARTESIAN_POINT('',(0.0608121526989422,0.0968972676792649,0.03877));
#9622=CARTESIAN_POINT('',(0.0609248725201725,0.0970482025155021,0.0387700000000007));
#9623=CARTESIAN_POINT('',(0.0609163378853032,0.0971053749334061,0.0389390402180654));
#9624=CARTESIAN_POINT('',(0.0603858230582178,0.0971536029405996,0.03877));
#9625=CARTESIAN_POINT('',(0.0604807997104566,0.0971978661855569,0.0387699999999494));
#9626=CARTESIAN_POINT('',(0.060506103123913,0.097289248161455,0.0388213077529066));
#9627=CARTESIAN_POINT('',(0.0600154628385327,0.0974851744631668,0.03877));
#9628=CARTESIAN_POINT('',(0.0600355617384922,0.0975075948420162,0.0387700000000953));
#9629=CARTESIAN_POINT('',(0.0600556605218842,0.0975300153021604,0.0387700000000015));
#9630=CARTESIAN_POINT('',(0.0598323202845092,0.0976493500679501,0.03877));
#9631=CARTESIAN_POINT('',(0.0598323202845099,0.0976493500679499,0.03877));
#9632=CARTESIAN_POINT('',(0.0598323202845105,0.0976493500679497,0.03877));
#9633=CARTESIAN_POINT('',(0.0611147517190737,0.097049289548929,0.0389986));
#9634=CARTESIAN_POINT('',(0.0606682776031082,0.0971754938159257,0.0388645776182944));
#9635=CARTESIAN_POINT('',(0.0602561042993019,0.09742291398735,0.0387700000000028));
#9636=CARTESIAN_POINT('',(0.0598323202845106,0.0976493500679497,0.03877));
#9637=CARTESIAN_POINT('',(0.0610676830021867,0.102070934233797,0.0409052002));
#9638=CARTESIAN_POINT('',(0.0631673840832719,0.101711860362342,0.0400135626244393));
#9639=CARTESIAN_POINT('',(0.0630464730242944,0.101710512467582,0.0400320025009248));
#9640=CARTESIAN_POINT('',(0.0629409158555175,0.101637908163215,0.0399687298504516));
#9641=CARTESIAN_POINT('',(0.0628798518573687,0.101564625689652,0.0398958560602169));
#9642=CARTESIAN_POINT('',(0.0617365226470436,0.0971104233192146,0.0401035173213396));
#9643=CARTESIAN_POINT('',(0.0616750879473659,0.0968909000243529,0.0401032765383688));
#9644=CARTESIAN_POINT('',(0.0618784014085493,0.0968334296684651,0.0400176870998636));
#9645=CARTESIAN_POINT('',(0.0615831480207095,0.0971538313573188,0.0397100369000948));
#9646=CARTESIAN_POINT('',(0.0615215898795726,0.0969342891267394,0.0397096528049087));
#9647=CARTESIAN_POINT('',(0.0617085906711363,0.0968814298522989,0.0395820796573268));
#9648=CARTESIAN_POINT('',(0.0610440333344512,0.0973064114248481,0.0390220179254239));
#9649=CARTESIAN_POINT('',(0.0609818594556037,0.0970868540349802,0.0390214111866007));
#9650=CARTESIAN_POINT('',(0.0611117027464062,0.0970501513981311,0.0388203996097356));
#9651=CARTESIAN_POINT('',(0.0602262762545515,0.097537852774242,0.0387670506676164));
#9652=CARTESIAN_POINT('',(0.0601640057665738,0.0973180356906293,0.0387669185688528));
#9653=CARTESIAN_POINT('',(0.0602063122259809,0.0973060769778906,0.0385381349045488));
#9654=CARTESIAN_POINT('',(0.059817788871321,0.097653462743902,0.0387700534086569));
#9655=CARTESIAN_POINT('',(0.059755605970833,0.097433477538254,0.0387700583163233));
#9656=CARTESIAN_POINT('',(0.0597540500400769,0.0974339173512097,0.0385414591267245));
#9657=CARTESIAN_POINT('',(0.0618122865821326,0.0968617239866109,0.0400135626244393));
#9658=CARTESIAN_POINT('',(0.0617095471147761,0.0969256094807343,0.0400320107935346));
#9659=CARTESIAN_POINT('',(0.0616569852010187,0.097042530590065,0.0399687098221591));
#9660=CARTESIAN_POINT('',(0.0616427878003151,0.0971369521258081,0.0398958560602169));
#9661=CARTESIAN_POINT('',(0.0624553138128834,0.0992965054340695,0.0397877930924659));
#9662=CARTESIAN_POINT('',(0.0625605754116927,0.0751152468138097,0.0389986));
#9663=CARTESIAN_POINT('',(0.0610525701201238,0.0746889808878711,0.0389986));
#9664=CARTESIAN_POINT('',(0.0611147517190737,0.0744690004143013,0.0389986));
#9665=CARTESIAN_POINT('',(0.0611147517190737,0.0744690004143013,0.03877));
#9666=CARTESIAN_POINT('',(0.0610525701201238,0.0746889808878712,0.03877));
#9667=CARTESIAN_POINT('',(0.0609163378852998,0.0744129150298232,0.0389390402180689));
#9668=CARTESIAN_POINT('',(0.0609248725201671,0.0744700874477332,0.0387700000000013));
#9669=CARTESIAN_POINT('',(0.0608121526989396,0.0746210222839706,0.03877));
#9670=CARTESIAN_POINT('',(0.0605061031239113,0.0742290418017741,0.0388213077529049));
#9671=CARTESIAN_POINT('',(0.0604807997104578,0.0743204237776669,0.0387699999999969));
#9672=CARTESIAN_POINT('',(0.0603858230582187,0.0743646870226273,0.03877));
#9673=CARTESIAN_POINT('',(0.060055660521891,0.0739882746610733,0.0387700000000015));
#9674=CARTESIAN_POINT('',(0.0600355617384965,0.0740106951212231,0.0387700000000048));
#9675=CARTESIAN_POINT('',(0.0600154628385336,0.0740331155000652,0.03877));
#9676=CARTESIAN_POINT('',(0.0598323202845105,0.0738689398952806,0.03877));
#9677=CARTESIAN_POINT('',(0.0598323202845099,0.0738689398952804,0.03877));
#9678=CARTESIAN_POINT('',(0.0598323202845092,0.0738689398952802,0.03877));
#9679=CARTESIAN_POINT('',(0.0611147517190737,0.0744690004143013,0.0389986));
#9680=CARTESIAN_POINT('',(0.0606682776031082,0.0743427961473046,0.0388645776182944));
#9681=CARTESIAN_POINT('',(0.0602561042993009,0.0740953759758821,0.038769999999997));
#9682=CARTESIAN_POINT('',(0.0598323202845105,0.0738689398952806,0.03877));
#9683=CARTESIAN_POINT('',(0.059817788871321,0.0738648272193283,0.0387700534086569));
#9684=CARTESIAN_POINT('',(0.059755605970833,0.0740848124249763,0.0387700583163233));
#9685=CARTESIAN_POINT('',(0.0597540500400769,0.0740843726120206,0.0385414591267245));
#9686=CARTESIAN_POINT('',(0.060226276254558,0.0739804371889916,0.0387670506676163));
#9687=CARTESIAN_POINT('',(0.0601640057665809,0.074200254272604,0.0387669185688664));
#9688=CARTESIAN_POINT('',(0.0602063122259878,0.0742122129853417,0.0385381349045553));
#9689=CARTESIAN_POINT('',(0.0610440333344489,0.0742118785383759,0.0390220179254229));
#9690=CARTESIAN_POINT('',(0.0609818594555927,0.0744314359282448,0.0390214111865896));
#9691=CARTESIAN_POINT('',(0.0611117027464029,0.0744681385650983,0.0388203996097325));
#9692=CARTESIAN_POINT('',(0.0615831480207078,0.0743644586059208,0.039710036900097));
#9693=CARTESIAN_POINT('',(0.0615215898795806,0.0745840008364966,0.0397096528049109));
#9694=CARTESIAN_POINT('',(0.0617085906711362,0.0746368601109313,0.0395820796573267));
#9695=CARTESIAN_POINT('',(0.0617365226470437,0.0744078666440157,0.0401035173213397));
#9696=CARTESIAN_POINT('',(0.0616750879473659,0.0746273899388774,0.0401032765383689));
#9697=CARTESIAN_POINT('',(0.0618784014085493,0.0746848602947652,0.0400176870998636));
#9698=CARTESIAN_POINT('',(0.0618122865821327,0.0746565659766194,0.0400135626244393));
#9699=CARTESIAN_POINT('',(0.0617095471147762,0.0745926804824961,0.0400320107935346));
#9700=CARTESIAN_POINT('',(0.0616569852008761,0.0744757593733233,0.0399687098219823));
#9701=CARTESIAN_POINT('',(0.0616427878003152,0.0743813378374222,0.0398958560602169));
#9702=CARTESIAN_POINT('',(0.0492793805869318,0.065679068986926,0.0389986));
#9703=CARTESIAN_POINT('',(0.06253646451096,0.0693830145888957,0.0389986));
#9704=CARTESIAN_POINT('',(0.0575866479699707,0.0896476105572812,0.039787793092466));
#9705=CARTESIAN_POINT('',(0.063167384083272,0.0698064296008878,0.0400135626244394));
#9706=CARTESIAN_POINT('',(0.0630464730242945,0.0698077774956485,0.0400320025009249));
#9707=CARTESIAN_POINT('',(0.0629409158554767,0.0698803817998011,0.0399687298502709));
#9708=CARTESIAN_POINT('',(0.0628798518573688,0.0699536642735779,0.039895856060217));
#9709=CARTESIAN_POINT('',(0.06253646451096,0.0693830145888957,0.03877));
#9710=CARTESIAN_POINT('',(0.0624749509050474,0.0696031827888875,0.03877));
#9711=CARTESIAN_POINT('',(0.0624749509050474,0.0696031827888875,0.0389986));
#9712=CARTESIAN_POINT('',(0.0622958428284965,0.0693157865280511,0.03877));
#9713=CARTESIAN_POINT('',(0.0623134360460653,0.0695033434313524,0.0387699999999989));
#9714=CARTESIAN_POINT('',(0.062276368799883,0.0695477002016708,0.0389390403749455));
#9715=CARTESIAN_POINT('',(0.0617983972769436,0.0693125126019665,0.03877));
#9716=CARTESIAN_POINT('',(0.0618564124554087,0.0693997712698007,0.0387699999999493));
#9717=CARTESIAN_POINT('',(0.0618304091393296,0.0694909565867641,0.0388213079641834));
#9718=CARTESIAN_POINT('',(0.0613095357515236,0.0694026167114781,0.03877));
#9719=CARTESIAN_POINT('',(0.0613150131445279,0.0694322248239085,0.0387700000000968));
#9720=CARTESIAN_POINT('',(0.0613204903956785,0.069461832945003,0.03877));
#9721=CARTESIAN_POINT('',(0.0610676830021867,0.0694473557294333,0.03877));
#9722=CARTESIAN_POINT('',(0.0610676830021867,0.0694473557294333,0.03877));
#9723=CARTESIAN_POINT('',(0.0610676830021867,0.0694473557294333,0.03877));
#9724=CARTESIAN_POINT('',(0.0624749509050474,0.0696031827888875,0.0389986));
#9725=CARTESIAN_POINT('',(0.0620280977943555,0.0694783348492079,0.0388645778670505));
#9726=CARTESIAN_POINT('',(0.0615473804143457,0.0694748254993885,0.03877));
#9727=CARTESIAN_POINT('',(0.0610676830021867,0.0694473557294333,0.03877));
#9728=CARTESIAN_POINT('',(0.0610676830021867,0.0694473557294333,0.0409052002));
#9729=CARTESIAN_POINT('',(0.0530108318591572,0.093531937889901,0.039278));
#9730=CARTESIAN_POINT('',(0.0530108318591572,0.100340917791345,0.03877));
#9731=CARTESIAN_POINT('',(0.0530108318591572,0.0779863520733238,0.039278));
#9732=CARTESIAN_POINT('',(0.0530108318591572,0.0711773721718797,0.03877));
#9733=CARTESIAN_POINT('',(0.0491066385211398,0.0772598667441649,0.039278));
#9734=CARTESIAN_POINT('',(0.0491066385211398,0.0725624368264399,0.03877));
#9735=CARTESIAN_POINT('',(0.0491066385211398,0.0942584232190599,0.039278));
#9736=CARTESIAN_POINT('',(0.0491066385211398,0.0989558531367849,0.03877));
#9737=CARTESIAN_POINT('',(0.0610500997976243,0.0874014903960945,0.037754));
#9738=CARTESIAN_POINT('',(0.0581283647115729,0.0874014903960945,0.037754));
#9739=CARTESIAN_POINT('',(0.0582611901780444,0.0874014903960945,0.0387612801970935));
#9740=CARTESIAN_POINT('',(0.0603906973104692,0.0891895101326021,0.037754));
#9741=CARTESIAN_POINT('',(0.0603906973104692,0.0891895101326021,0.0378910494838115));
#9742=CARTESIAN_POINT('',(0.0601598158052532,0.0891524341078922,0.0380871214311639));
#9743=CARTESIAN_POINT('',(0.0598316467428757,0.0890462229783037,0.0382650466770393));
#9744=CARTESIAN_POINT('',(0.0594888901154236,0.0888823927463064,0.0384120355427709));
#9745=CARTESIAN_POINT('',(0.0590682922725634,0.0886002975751419,0.038564852336636));
#9746=CARTESIAN_POINT('',(0.0586062332171241,0.0881266856534666,0.0386992723354684));
#9747=CARTESIAN_POINT('',(0.0583529213635113,0.087653094085672,0.0387491840221327));
#9748=CARTESIAN_POINT('',(0.0582611901780435,0.087401490396095,0.0387612801970946));
#9749=CARTESIAN_POINT('',(0.0602141449816146,0.0857591449816151,0.037754));
#9750=CARTESIAN_POINT('',(0.0582611901780443,0.0841167995671358,0.0387612801970935));
#9751=CARTESIAN_POINT('',(0.0582111880454989,0.0842539472663733,0.0387678737512992));
#9752=CARTESIAN_POINT('',(0.0581668107370559,0.0843932647502334,0.03877));
#9753=CARTESIAN_POINT('',(0.0581283647115729,0.0845341451926212,0.03877));
#9754=CARTESIAN_POINT('',(0.0582611901780443,0.0841167995671358,0.0387612801970935));
#9755=CARTESIAN_POINT('',(0.0582611901780444,0.0874014903960945,0.0387612801970935));
#9756=CARTESIAN_POINT('',(0.058211188045499,0.087264342696857,0.0387678737512992));
#9757=CARTESIAN_POINT('',(0.058166810737056,0.0871250252129968,0.03877));
#9758=CARTESIAN_POINT('',(0.0581283647115729,0.086984144770609,0.03877));
#9759=CARTESIAN_POINT('',(0.0603906973104693,0.0823287798306281,0.037754));
#9760=CARTESIAN_POINT('',(0.0603906973104693,0.0823287798306281,0.0378910494838115));
#9761=CARTESIAN_POINT('',(0.0601598158052534,0.0823658558553381,0.038087121431164));
#9762=CARTESIAN_POINT('',(0.0598316467428758,0.0824720669849265,0.0382650466770393));
#9763=CARTESIAN_POINT('',(0.0594888901154237,0.0826358972169239,0.0384120355427709));
#9764=CARTESIAN_POINT('',(0.0590682922725635,0.0829179923880883,0.038564852336636));
#9765=CARTESIAN_POINT('',(0.0586062332171241,0.0833916043097637,0.0386992723354684));
#9766=CARTESIAN_POINT('',(0.0583529213635113,0.0838651958775583,0.0387491840221327));
#9767=CARTESIAN_POINT('',(0.0582611901780434,0.0841167995671353,0.0387612801970946));
#9768=CARTESIAN_POINT('',(0.0581283647115729,0.0857591449816142,0.037754));
#9769=CARTESIAN_POINT('',(0.0581283647115729,0.0841167995671358,0.037754));
#9770=CARTESIAN_POINT('',(0.0610500997976243,0.0841167995671358,0.037754));
#9771=MECHANICAL_DESIGN_GEOMETRIC_PRESENTATION_REPRESENTATION('',(#5432),
#9772);
#9772=(
GEOMETRIC_REPRESENTATION_CONTEXT(3)
GLOBAL_UNCERTAINTY_ASSIGNED_CONTEXT((#9773))
GLOBAL_UNIT_ASSIGNED_CONTEXT((#9776,#9775,#9774))
REPRESENTATION_CONTEXT('Part 19','TOP_LEVEL_ASSEMBLY_PART')
);
#9773=UNCERTAINTY_MEASURE_WITH_UNIT(LENGTH_MEASURE(2.E-5),#9776,
'DISTANCE_ACCURACY_VALUE','Maximum Tolerance applied to model');
#9774=(
NAMED_UNIT(*)
SI_UNIT($,.STERADIAN.)
SOLID_ANGLE_UNIT()
);
#9775=(
NAMED_UNIT(*)
PLANE_ANGLE_UNIT()
SI_UNIT($,.RADIAN.)
);
#9776=(
LENGTH_UNIT()
NAMED_UNIT(*)
SI_UNIT($,.METRE.)
);
#9777=PRODUCT_DEFINITION_SHAPE('','',#9778);
#9778=PRODUCT_DEFINITION('','',#9780,#9779);
#9779=PRODUCT_DEFINITION_CONTEXT('',#9786,'design');
#9780=PRODUCT_DEFINITION_FORMATION_WITH_SPECIFIED_SOURCE('','',#9782,
 .NOT_KNOWN.);
#9781=PRODUCT_RELATED_PRODUCT_CATEGORY('','',(#9782));
#9782=PRODUCT('Part 19','Part 19','Part 19',(#9784));
#9783=PRODUCT_CATEGORY('','');
#9784=PRODUCT_CONTEXT('',#9786,'mechanical');
#9785=APPLICATION_PROTOCOL_DEFINITION('international standard',
'ap242_managed_model_based_3d_engineering',2020,#9786);
#9786=APPLICATION_CONTEXT('managed model based 3d engineering');
ENDSEC;
END-ISO-10303-21;
