ISO-10303-21;
HEADER;
/*Generated by software containing ST-Developer
 * from STEP Tools, Inc. (www.steptools.com) 
 */
/*OPTION: using custom renumber hook */
/*description */
/*implementation_level */
FILE_DESCRIPTION(('STEP AP242 Edition 2','STEP AP242 Edition 2''CAx-IF Rec.Pracs.---Representation and Presentation of Product Manufa
cturing Information (PMI)---4.0---2014-10-13','STEP AP242 Edition 2''CAx-IF Rec.Pracs.---Representation and Presentation of Product Manufa
cturing Information (PMI)---4.0---2014-10-13''CAx-IF Rec.Pracs.---3D Tessellated Geometry---0.4---2014-09-14','STEP AP242 Edition 2''CAx-IF Rec.Pracs.---Representation and Presentation of Product Manufa
cturing Information (PMI)---4.0---2014-10-13''CAx-IF Rec.Pracs.---3D Tessellated Geometry---0.4---2014-09-14''2;1','STEP AP242 Edition 2''CAx-IF Rec.Pracs.---Representation and Presentation of Product Manufa
cturing Information (PMI)---4.0---2014-10-13''CAx-IF Rec.Pracs.---3D Tessellated Geometry---0.4---2014-09-14''2;1''CAx-IF Rec.Pracs.---User Defined Attributes---1.5---2016-08-15'),'2;1');
/*name */
/*time_stamp */
/*author */
/*organization */
/*preprocessor_version */
/*originating_system */
/*authorisation */
FILE_NAME('/vol/tmp/translate-8902442701954575457/3 parts - Part 11.step','2026-03-10T17:35:50',(''),(''),'ST-DEVELOPER v20','ONSHAPE BY PTC INC, 1.211','  ');
FILE_SCHEMA(('AP242_MANAGED_MODEL_BASED_3D_ENGINEERING_MIM_LF { 1 0 10303 442 3 1 4 }'));
ENDSEC;
DATA;
#10=SHAPE_REPRESENTATION_RELATIONSHIP('','',#3577,#11);
#11=ADVANCED_BREP_SHAPE_REPRESENTATION('',(#3575),#6085);
#12=CYLINDRICAL_SURFACE('',#3801,0.00100965189198746);
#13=CYLINDRICAL_SURFACE('',#3803,0.00100965189198747);
#14=CYLINDRICAL_SURFACE('',#3805,0.000393689396845749);
#15=CYLINDRICAL_SURFACE('',#3806,0.00451963798932778);
#16=CYLINDRICAL_SURFACE('',#3808,0.0036483198291465);
#17=CYLINDRICAL_SURFACE('',#3809,0.0469304000000091);
#18=CYLINDRICAL_SURFACE('',#3810,0.00665502266045664);
#19=CYLINDRICAL_SURFACE('',#3812,0.00338548877351158);
#20=CYLINDRICAL_SURFACE('',#3814,0.00665502266045664);
#21=CYLINDRICAL_SURFACE('',#3815,0.0469304000000074);
#22=CYLINDRICAL_SURFACE('',#3816,0.00364831982914647);
#23=CYLINDRICAL_SURFACE('',#3818,0.00451963798932776);
#24=CYLINDRICAL_SURFACE('',#3819,0.0419304);
#25=CYLINDRICAL_SURFACE('',#3821,0.0018396307345283);
#26=CYLINDRICAL_SURFACE('',#3823,0.0018396307345283);
#27=CYLINDRICAL_SURFACE('',#3825,0.00121601264467548);
#28=CYLINDRICAL_SURFACE('',#3826,0.043302);
#29=CYLINDRICAL_SURFACE('',#3827,0.0018396307345283);
#30=CYLINDRICAL_SURFACE('',#3829,0.00121601264467549);
#31=CYLINDRICAL_SURFACE('',#3830,0.043302);
#32=CYLINDRICAL_SURFACE('',#3831,0.00121601264467549);
#33=CYLINDRICAL_SURFACE('',#3833,0.00183963073452833);
#34=CYLINDRICAL_SURFACE('',#3835,0.0025);
#35=CYLINDRICAL_SURFACE('',#3837,0.0025);
#36=CYLINDRICAL_SURFACE('',#3841,0.0025);
#37=CYLINDRICAL_SURFACE('',#3843,0.00600946039945911);
#38=CYLINDRICAL_SURFACE('',#3845,0.00600946039945911);
#39=CYLINDRICAL_SURFACE('',#3847,0.0025);
#40=CYLINDRICAL_SURFACE('',#3849,0.00600946039945911);
#41=CYLINDRICAL_SURFACE('',#3851,0.0374395993630908);
#42=CYLINDRICAL_SURFACE('',#3852,0.0374395993630918);
#43=CYLINDRICAL_SURFACE('',#3854,0.047);
#44=CYLINDRICAL_SURFACE('',#3856,0.045);
#45=CYLINDRICAL_SURFACE('',#3858,0.047);
#46=CYLINDRICAL_SURFACE('',#3859,0.04);
#47=CYLINDRICAL_SURFACE('',#3861,0.0419304);
#48=CYLINDRICAL_SURFACE('',#3862,0.0015);
#49=CYLINDRICAL_SURFACE('',#3863,0.0015);
#50=CYLINDRICAL_SURFACE('',#3864,0.0015);
#51=CYLINDRICAL_SURFACE('',#3865,0.0015);
#52=CYLINDRICAL_SURFACE('',#3866,0.0015);
#53=CYLINDRICAL_SURFACE('',#3867,0.0015);
#54=CYLINDRICAL_SURFACE('',#3868,0.00338548877351158);
#55=CYLINDRICAL_SURFACE('',#3869,0.00121601264467548);
#56=CYLINDRICAL_SURFACE('',#3871,0.04);
#57=CYLINDRICAL_SURFACE('',#3872,0.00600946039945911);
#58=CYLINDRICAL_SURFACE('',#3873,0.001397);
#59=CYLINDRICAL_SURFACE('',#3874,0.001397);
#60=CYLINDRICAL_SURFACE('',#3877,0.047);
#61=CYLINDRICAL_SURFACE('',#3879,0.045);
#62=CYLINDRICAL_SURFACE('',#3881,0.047);
#63=CYLINDRICAL_SURFACE('',#3883,0.00600946039945911);
#64=CYLINDRICAL_SURFACE('',#3885,0.00600946039945911);
#65=CYLINDRICAL_SURFACE('',#3887,0.00600946039945911);
#66=CYLINDRICAL_SURFACE('',#3889,0.00600946039945911);
#67=CYLINDRICAL_SURFACE('',#3891,0.04);
#68=CYLINDRICAL_SURFACE('',#3892,0.00205195466877405);
#69=CYLINDRICAL_SURFACE('',#3894,0.00665502266045663);
#70=CYLINDRICAL_SURFACE('',#3895,0.0469304000000054);
#71=CYLINDRICAL_SURFACE('',#3896,0.00364831982914651);
#72=CYLINDRICAL_SURFACE('',#3898,0.00451963798932778);
#73=CYLINDRICAL_SURFACE('',#3899,0.0419304);
#74=CYLINDRICAL_SURFACE('',#3900,0.0015);
#75=CYLINDRICAL_SURFACE('',#3901,0.0015);
#76=CYLINDRICAL_SURFACE('',#3902,0.0015);
#77=CYLINDRICAL_SURFACE('',#3903,0.0015);
#78=CYLINDRICAL_SURFACE('',#3904,0.04);
#79=CYLINDRICAL_SURFACE('',#3905,0.00364831982914648);
#80=CYLINDRICAL_SURFACE('',#3906,0.0469304000000038);
#81=CYLINDRICAL_SURFACE('',#3907,0.00665502266045663);
#82=CYLINDRICAL_SURFACE('',#3909,0.00205195466877405);
#83=CYLINDRICAL_SURFACE('',#3910,0.0419304);
#84=CYLINDRICAL_SURFACE('',#3911,0.00451963798932776);
#85=CYLINDRICAL_SURFACE('',#3913,0.0015);
#86=CYLINDRICAL_SURFACE('',#3914,0.0015);
#87=CYLINDRICAL_SURFACE('',#3915,0.00121601264467548);
#88=CYLINDRICAL_SURFACE('',#3917,0.0018396307345283);
#89=CYLINDRICAL_SURFACE('',#3919,0.00183963073452833);
#90=CYLINDRICAL_SURFACE('',#3921,0.00121601264467548);
#91=CYLINDRICAL_SURFACE('',#3922,0.043302);
#92=CYLINDRICAL_SURFACE('',#3924,0.00121601264467548);
#93=CYLINDRICAL_SURFACE('',#3925,0.043302);
#94=CYLINDRICAL_SURFACE('',#3926,0.00121601264467549);
#95=CYLINDRICAL_SURFACE('',#3928,0.0018396307345283);
#96=CYLINDRICAL_SURFACE('',#3930,0.00183963073452831);
#97=CYLINDRICAL_SURFACE('',#3931,0.0374395993630918);
#98=CYLINDRICAL_SURFACE('',#3932,0.0374395993630908);
#99=CYLINDRICAL_SURFACE('',#3936,0.00235270110773491);
#100=CYLINDRICAL_SURFACE('',#3938,0.0023527011077349);
#101=CYLINDRICAL_SURFACE('',#3940,0.0023527011077349);
#102=CYLINDRICAL_SURFACE('',#3941,0.0015);
#103=CYLINDRICAL_SURFACE('',#3942,0.0015);
#104=CYLINDRICAL_SURFACE('',#3943,0.0023527011077349);
#105=CYLINDRICAL_SURFACE('',#3945,0.00235270110773491);
#106=CYLINDRICAL_SURFACE('',#3947,0.0023527011077349);
#107=CYLINDRICAL_SURFACE('',#3949,0.00254);
#108=CYLINDRICAL_SURFACE('',#3950,0.0023527011077349);
#109=CYLINDRICAL_SURFACE('',#3952,0.0023527011077349);
#110=CYLINDRICAL_SURFACE('',#3954,0.0023527011077349);
#111=CYLINDRICAL_SURFACE('',#3957,0.0023527011077349);
#112=CYLINDRICAL_SURFACE('',#3959,0.0023527011077349);
#113=CYLINDRICAL_SURFACE('',#3961,0.0023527011077349);
#114=CYLINDRICAL_SURFACE('',#3963,0.0023527011077349);
#115=CYLINDRICAL_SURFACE('',#3965,0.0023527011077349);
#116=CYLINDRICAL_SURFACE('',#3967,0.0023527011077349);
#117=CYLINDRICAL_SURFACE('',#3968,0.0023527011077349);
#118=CYLINDRICAL_SURFACE('',#3970,0.0023527011077349);
#119=CYLINDRICAL_SURFACE('',#3972,0.00235270110773491);
#120=CYLINDRICAL_SURFACE('',#3974,0.0015);
#121=CYLINDRICAL_SURFACE('',#3975,0.0015);
#122=LINE('',#5063,#404);
#123=LINE('',#5067,#405);
#124=LINE('',#5071,#406);
#125=LINE('',#5072,#407);
#126=LINE('',#5077,#408);
#127=LINE('',#5081,#409);
#128=LINE('',#5087,#410);
#129=LINE('',#5091,#411);
#130=LINE('',#5095,#412);
#131=LINE('',#5101,#413);
#132=LINE('',#5105,#414);
#133=LINE('',#5109,#415);
#134=LINE('',#5117,#416);
#135=LINE('',#5121,#417);
#136=LINE('',#5125,#418);
#137=LINE('',#5129,#419);
#138=LINE('',#5133,#420);
#139=LINE('',#5137,#421);
#140=LINE('',#5141,#422);
#141=LINE('',#5145,#423);
#142=LINE('',#5149,#424);
#143=LINE('',#5153,#425);
#144=LINE('',#5158,#426);
#145=LINE('',#5163,#427);
#146=LINE('',#5167,#428);
#147=LINE('',#5169,#429);
#148=LINE('',#5171,#430);
#149=LINE('',#5175,#431);
#150=LINE('',#5179,#432);
#151=LINE('',#5183,#433);
#152=LINE('',#5187,#434);
#153=LINE('',#5191,#435);
#154=LINE('',#5199,#436);
#155=LINE('',#5207,#437);
#156=LINE('',#5211,#438);
#157=LINE('',#5212,#439);
#158=LINE('',#5217,#440);
#159=LINE('',#5221,#441);
#160=LINE('',#5228,#442);
#161=LINE('',#5237,#443);
#162=LINE('',#5259,#444);
#163=LINE('',#5267,#445);
#164=LINE('',#5275,#446);
#165=LINE('',#5279,#447);
#166=LINE('',#5283,#448);
#167=LINE('',#5289,#449);
#168=LINE('',#5297,#450);
#169=LINE('',#5301,#451);
#170=LINE('',#5307,#452);
#171=LINE('',#5311,#453);
#172=LINE('',#5315,#454);
#173=LINE('',#5322,#455);
#174=LINE('',#5331,#456);
#175=LINE('',#5353,#457);
#176=LINE('',#5361,#458);
#177=LINE('',#5366,#459);
#178=LINE('',#5371,#460);
#179=LINE('',#5375,#461);
#180=LINE('',#5379,#462);
#181=LINE('',#5385,#463);
#182=LINE('',#5389,#464);
#183=LINE('',#5393,#465);
#184=LINE('',#5397,#466);
#185=LINE('',#5401,#467);
#186=LINE('',#5405,#468);
#187=LINE('',#5411,#469);
#188=LINE('',#5416,#470);
#189=LINE('',#5420,#471);
#190=LINE('',#5423,#472);
#191=LINE('',#5428,#473);
#192=LINE('',#5432,#474);
#193=LINE('',#5438,#475);
#194=LINE('',#5442,#476);
#195=LINE('',#5446,#477);
#196=LINE('',#5450,#478);
#197=LINE('',#5454,#479);
#198=LINE('',#5458,#480);
#199=LINE('',#5462,#481);
#200=LINE('',#5466,#482);
#201=LINE('',#5470,#483);
#202=LINE('',#5474,#484);
#203=LINE('',#5479,#485);
#204=LINE('',#5484,#486);
#205=LINE('',#5488,#487);
#206=LINE('',#5492,#488);
#207=LINE('',#5496,#489);
#208=LINE('',#5500,#490);
#209=LINE('',#5504,#491);
#210=LINE('',#5506,#492);
#211=LINE('',#5508,#493);
#212=LINE('',#5512,#494);
#213=LINE('',#5520,#495);
#214=LINE('',#5524,#496);
#215=LINE('',#5532,#497);
#216=LINE('',#5533,#498);
#217=LINE('',#5542,#499);
#218=LINE('',#5546,#500);
#219=LINE('',#5549,#501);
#220=LINE('',#5558,#502);
#221=LINE('',#5584,#503);
#222=LINE('',#5592,#504);
#223=LINE('',#5596,#505);
#224=LINE('',#5600,#506);
#225=LINE('',#5604,#507);
#226=LINE('',#5610,#508);
#227=LINE('',#5614,#509);
#228=LINE('',#5622,#510);
#229=LINE('',#5628,#511);
#230=LINE('',#5632,#512);
#231=LINE('',#5636,#513);
#232=LINE('',#5643,#514);
#233=LINE('',#5652,#515);
#234=LINE('',#5674,#516);
#235=LINE('',#5682,#517);
#236=LINE('',#5687,#518);
#237=LINE('',#5692,#519);
#238=LINE('',#5696,#520);
#239=LINE('',#5700,#521);
#240=LINE('',#5707,#522);
#241=LINE('',#5712,#523);
#242=LINE('',#5716,#524);
#243=LINE('',#5721,#525);
#244=LINE('',#5726,#526);
#245=LINE('',#5730,#527);
#246=LINE('',#5736,#528);
#247=LINE('',#5740,#529);
#248=LINE('',#5744,#530);
#249=LINE('',#5745,#531);
#250=LINE('',#5750,#532);
#251=LINE('',#5754,#533);
#252=LINE('',#5758,#534);
#253=LINE('',#5759,#535);
#254=LINE('',#5761,#536);
#255=LINE('',#5763,#537);
#256=LINE('',#5765,#538);
#257=LINE('',#5767,#539);
#258=LINE('',#5769,#540);
#259=LINE('',#5770,#541);
#260=LINE('',#5772,#542);
#261=LINE('',#5774,#543);
#262=LINE('',#5776,#544);
#263=LINE('',#5778,#545);
#264=LINE('',#5780,#546);
#265=LINE('',#5782,#547);
#266=LINE('',#5784,#548);
#267=LINE('',#5785,#549);
#268=LINE('',#5787,#550);
#269=LINE('',#5789,#551);
#270=LINE('',#5791,#552);
#271=LINE('',#5793,#553);
#272=LINE('',#5795,#554);
#273=LINE('',#5797,#555);
#274=LINE('',#5799,#556);
#275=LINE('',#5800,#557);
#276=LINE('',#5802,#558);
#277=LINE('',#5804,#559);
#278=LINE('',#5806,#560);
#279=LINE('',#5808,#561);
#280=LINE('',#5810,#562);
#281=LINE('',#5812,#563);
#282=LINE('',#5814,#564);
#283=LINE('',#5815,#565);
#284=LINE('',#5817,#566);
#285=LINE('',#5819,#567);
#286=LINE('',#5821,#568);
#287=LINE('',#5823,#569);
#288=LINE('',#5825,#570);
#289=LINE('',#5827,#571);
#290=LINE('',#5829,#572);
#291=LINE('',#5830,#573);
#292=LINE('',#5832,#574);
#293=LINE('',#5834,#575);
#294=LINE('',#5836,#576);
#295=LINE('',#5838,#577);
#296=LINE('',#5840,#578);
#297=LINE('',#5842,#579);
#298=LINE('',#5844,#580);
#299=LINE('',#5846,#581);
#300=LINE('',#5848,#582);
#301=LINE('',#5850,#583);
#302=LINE('',#5852,#584);
#303=LINE('',#5854,#585);
#304=LINE('',#5856,#586);
#305=LINE('',#5858,#587);
#306=LINE('',#5860,#588);
#307=LINE('',#5862,#589);
#308=LINE('',#5864,#590);
#309=LINE('',#5865,#591);
#310=LINE('',#5867,#592);
#311=LINE('',#5868,#593);
#312=LINE('',#5870,#594);
#313=LINE('',#5872,#595);
#314=LINE('',#5874,#596);
#315=LINE('',#5876,#597);
#316=LINE('',#5878,#598);
#317=LINE('',#5880,#599);
#318=LINE('',#5899,#600);
#319=LINE('',#5900,#601);
#320=LINE('',#5902,#602);
#321=LINE('',#5904,#603);
#322=LINE('',#5906,#604);
#323=LINE('',#5908,#605);
#324=LINE('',#5910,#606);
#325=LINE('',#5912,#607);
#326=LINE('',#5914,#608);
#327=LINE('',#5915,#609);
#328=LINE('',#5917,#610);
#329=LINE('',#5919,#611);
#330=LINE('',#5921,#612);
#331=LINE('',#5923,#613);
#332=LINE('',#5925,#614);
#333=LINE('',#5927,#615);
#334=LINE('',#5931,#616);
#335=LINE('',#5932,#617);
#336=LINE('',#5934,#618);
#337=LINE('',#5936,#619);
#338=LINE('',#5938,#620);
#339=LINE('',#5940,#621);
#340=LINE('',#5942,#622);
#341=LINE('',#5944,#623);
#342=LINE('',#5952,#624);
#343=LINE('',#5953,#625);
#344=LINE('',#5955,#626);
#345=LINE('',#5957,#627);
#346=LINE('',#5959,#628);
#347=LINE('',#5961,#629);
#348=LINE('',#5963,#630);
#349=LINE('',#5965,#631);
#350=LINE('',#5970,#632);
#351=LINE('',#5971,#633);
#352=LINE('',#5973,#634);
#353=LINE('',#5975,#635);
#354=LINE('',#5977,#636);
#355=LINE('',#5979,#637);
#356=LINE('',#5981,#638);
#357=LINE('',#5983,#639);
#358=LINE('',#5986,#640);
#359=LINE('',#5987,#641);
#360=LINE('',#5989,#642);
#361=LINE('',#5991,#643);
#362=LINE('',#5993,#644);
#363=LINE('',#5995,#645);
#364=LINE('',#5997,#646);
#365=LINE('',#5999,#647);
#366=LINE('',#6002,#648);
#367=LINE('',#6004,#649);
#368=LINE('',#6008,#650);
#369=LINE('',#6009,#651);
#370=LINE('',#6011,#652);
#371=LINE('',#6013,#653);
#372=LINE('',#6015,#654);
#373=LINE('',#6017,#655);
#374=LINE('',#6022,#656);
#375=LINE('',#6023,#657);
#376=LINE('',#6025,#658);
#377=LINE('',#6027,#659);
#378=LINE('',#6029,#660);
#379=LINE('',#6031,#661);
#380=LINE('',#6035,#662);
#381=LINE('',#6036,#663);
#382=LINE('',#6038,#664);
#383=LINE('',#6040,#665);
#384=LINE('',#6042,#666);
#385=LINE('',#6044,#667);
#386=LINE('',#6047,#668);
#387=LINE('',#6048,#669);
#388=LINE('',#6050,#670);
#389=LINE('',#6052,#671);
#390=LINE('',#6054,#672);
#391=LINE('',#6056,#673);
#392=LINE('',#6059,#674);
#393=LINE('',#6060,#675);
#394=LINE('',#6062,#676);
#395=LINE('',#6064,#677);
#396=LINE('',#6066,#678);
#397=LINE('',#6068,#679);
#398=LINE('',#6071,#680);
#399=LINE('',#6072,#681);
#400=LINE('',#6074,#682);
#401=LINE('',#6076,#683);
#402=LINE('',#6078,#684);
#403=LINE('',#6080,#685);
#404=VECTOR('',#3986,1.);
#405=VECTOR('',#3989,1.);
#406=VECTOR('',#3992,1.);
#407=VECTOR('',#3993,1.);
#408=VECTOR('',#3996,1.);
#409=VECTOR('',#3999,1.);
#410=VECTOR('',#4004,1.);
#411=VECTOR('',#4007,1.);
#412=VECTOR('',#4010,1.);
#413=VECTOR('',#4015,1.);
#414=VECTOR('',#4018,1.);
#415=VECTOR('',#4021,1.);
#416=VECTOR('',#4028,1.);
#417=VECTOR('',#4031,1.);
#418=VECTOR('',#4034,1.);
#419=VECTOR('',#4037,1.);
#420=VECTOR('',#4040,1.);
#421=VECTOR('',#4043,1.);
#422=VECTOR('',#4046,1.);
#423=VECTOR('',#4049,1.);
#424=VECTOR('',#4052,1.);
#425=VECTOR('',#4055,1.);
#426=VECTOR('',#4060,1.);
#427=VECTOR('',#4063,1.);
#428=VECTOR('',#4066,1.);
#429=VECTOR('',#4067,1.);
#430=VECTOR('',#4068,1.);
#431=VECTOR('',#4071,1.);
#432=VECTOR('',#4074,1.);
#433=VECTOR('',#4077,1.);
#434=VECTOR('',#4080,1.);
#435=VECTOR('',#4083,1.);
#436=VECTOR('',#4090,1.);
#437=VECTOR('',#4097,1.);
#438=VECTOR('',#4100,1.);
#439=VECTOR('',#4101,1.);
#440=VECTOR('',#4104,1.);
#441=VECTOR('',#4107,1.);
#442=VECTOR('',#4114,1.);
#443=VECTOR('',#4121,1.);
#444=VECTOR('',#4142,1.);
#445=VECTOR('',#4149,1.);
#446=VECTOR('',#4156,1.);
#447=VECTOR('',#4159,1.);
#448=VECTOR('',#4162,1.);
#449=VECTOR('',#4167,1.);
#450=VECTOR('',#4174,1.);
#451=VECTOR('',#4177,1.);
#452=VECTOR('',#4182,1.);
#453=VECTOR('',#4185,1.);
#454=VECTOR('',#4188,1.);
#455=VECTOR('',#4195,1.);
#456=VECTOR('',#4202,1.);
#457=VECTOR('',#4223,1.);
#458=VECTOR('',#4230,1.);
#459=VECTOR('',#4235,1.);
#460=VECTOR('',#4238,1.);
#461=VECTOR('',#4241,1.);
#462=VECTOR('',#4244,1.);
#463=VECTOR('',#4249,1.);
#464=VECTOR('',#4252,1.);
#465=VECTOR('',#4255,1.);
#466=VECTOR('',#4258,1.);
#467=VECTOR('',#4261,1.);
#468=VECTOR('',#4264,1.);
#469=VECTOR('',#4271,1.);
#470=VECTOR('',#4274,1.);
#471=VECTOR('',#4277,1.);
#472=VECTOR('',#4280,1.);
#473=VECTOR('',#4283,1.);
#474=VECTOR('',#4286,1.);
#475=VECTOR('',#4291,1.);
#476=VECTOR('',#4294,1.);
#477=VECTOR('',#4297,1.);
#478=VECTOR('',#4300,1.);
#479=VECTOR('',#4303,1.);
#480=VECTOR('',#4306,1.);
#481=VECTOR('',#4309,1.);
#482=VECTOR('',#4312,1.);
#483=VECTOR('',#4315,1.);
#484=VECTOR('',#4318,1.);
#485=VECTOR('',#4323,1.);
#486=VECTOR('',#4326,1.);
#487=VECTOR('',#4329,1.);
#488=VECTOR('',#4332,1.);
#489=VECTOR('',#4335,1.);
#490=VECTOR('',#4338,1.);
#491=VECTOR('',#4341,1.);
#492=VECTOR('',#4342,1.);
#493=VECTOR('',#4343,1.);
#494=VECTOR('',#4346,1.);
#495=VECTOR('',#4353,1.);
#496=VECTOR('',#4356,1.);
#497=VECTOR('',#4363,1.);
#498=VECTOR('',#4364,1.);
#499=VECTOR('',#4371,1.);
#500=VECTOR('',#4374,1.);
#501=VECTOR('',#4377,1.);
#502=VECTOR('',#4384,1.);
#503=VECTOR('',#4409,1.);
#504=VECTOR('',#4416,1.);
#505=VECTOR('',#4419,1.);
#506=VECTOR('',#4422,1.);
#507=VECTOR('',#4425,1.);
#508=VECTOR('',#4430,1.);
#509=VECTOR('',#4433,1.);
#510=VECTOR('',#4440,1.);
#511=VECTOR('',#4445,1.);
#512=VECTOR('',#4448,1.);
#513=VECTOR('',#4451,1.);
#514=VECTOR('',#4458,1.);
#515=VECTOR('',#4465,1.);
#516=VECTOR('',#4486,1.);
#517=VECTOR('',#4493,1.);
#518=VECTOR('',#4498,1.);
#519=VECTOR('',#4501,1.);
#520=VECTOR('',#4504,1.);
#521=VECTOR('',#4507,1.);
#522=VECTOR('',#4514,1.);
#523=VECTOR('',#4517,1.);
#524=VECTOR('',#4520,1.);
#525=VECTOR('',#4525,1.);
#526=VECTOR('',#4528,1.);
#527=VECTOR('',#4531,1.);
#528=VECTOR('',#4536,1.);
#529=VECTOR('',#4539,1.);
#530=VECTOR('',#4542,1.);
#531=VECTOR('',#4543,1.);
#532=VECTOR('',#4546,1.);
#533=VECTOR('',#4549,1.);
#534=VECTOR('',#4554,1.);
#535=VECTOR('',#4555,1.);
#536=VECTOR('',#4558,1.);
#537=VECTOR('',#4561,1.);
#538=VECTOR('',#4564,1.);
#539=VECTOR('',#4567,1.);
#540=VECTOR('',#4570,1.);
#541=VECTOR('',#4571,1.);
#542=VECTOR('',#4574,1.);
#543=VECTOR('',#4577,1.);
#544=VECTOR('',#4580,1.);
#545=VECTOR('',#4583,1.);
#546=VECTOR('',#4586,1.);
#547=VECTOR('',#4589,1.);
#548=VECTOR('',#4592,1.);
#549=VECTOR('',#4593,1.);
#550=VECTOR('',#4596,1.);
#551=VECTOR('',#4599,1.);
#552=VECTOR('',#4602,1.);
#553=VECTOR('',#4605,1.);
#554=VECTOR('',#4608,1.);
#555=VECTOR('',#4611,1.);
#556=VECTOR('',#4614,1.);
#557=VECTOR('',#4615,1.);
#558=VECTOR('',#4618,1.);
#559=VECTOR('',#4621,1.);
#560=VECTOR('',#4624,1.);
#561=VECTOR('',#4627,1.);
#562=VECTOR('',#4630,1.);
#563=VECTOR('',#4633,1.);
#564=VECTOR('',#4636,1.);
#565=VECTOR('',#4637,1.);
#566=VECTOR('',#4640,1.);
#567=VECTOR('',#4643,1.);
#568=VECTOR('',#4646,1.);
#569=VECTOR('',#4649,1.);
#570=VECTOR('',#4652,1.);
#571=VECTOR('',#4655,1.);
#572=VECTOR('',#4658,1.);
#573=VECTOR('',#4659,1.);
#574=VECTOR('',#4662,1.);
#575=VECTOR('',#4665,1.);
#576=VECTOR('',#4668,1.);
#577=VECTOR('',#4671,1.);
#578=VECTOR('',#4674,1.);
#579=VECTOR('',#4677,1.);
#580=VECTOR('',#4680,1.);
#581=VECTOR('',#4683,1.);
#582=VECTOR('',#4686,1.);
#583=VECTOR('',#4689,1.);
#584=VECTOR('',#4692,1.);
#585=VECTOR('',#4695,1.);
#586=VECTOR('',#4698,1.);
#587=VECTOR('',#4701,1.);
#588=VECTOR('',#4704,1.);
#589=VECTOR('',#4707,1.);
#590=VECTOR('',#4710,1.);
#591=VECTOR('',#4711,1.);
#592=VECTOR('',#4714,1.);
#593=VECTOR('',#4715,1.);
#594=VECTOR('',#4718,1.);
#595=VECTOR('',#4721,1.);
#596=VECTOR('',#4724,1.);
#597=VECTOR('',#4727,1.);
#598=VECTOR('',#4730,1.);
#599=VECTOR('',#4733,1.);
#600=VECTOR('',#4770,1.);
#601=VECTOR('',#4771,1.);
#602=VECTOR('',#4774,1.);
#603=VECTOR('',#4777,1.);
#604=VECTOR('',#4780,1.);
#605=VECTOR('',#4783,1.);
#606=VECTOR('',#4786,1.);
#607=VECTOR('',#4789,1.);
#608=VECTOR('',#4792,1.);
#609=VECTOR('',#4793,1.);
#610=VECTOR('',#4796,1.);
#611=VECTOR('',#4799,1.);
#612=VECTOR('',#4802,1.);
#613=VECTOR('',#4805,1.);
#614=VECTOR('',#4808,1.);
#615=VECTOR('',#4811,1.);
#616=VECTOR('',#4818,1.);
#617=VECTOR('',#4819,1.);
#618=VECTOR('',#4822,1.);
#619=VECTOR('',#4825,1.);
#620=VECTOR('',#4828,1.);
#621=VECTOR('',#4831,1.);
#622=VECTOR('',#4834,1.);
#623=VECTOR('',#4837,1.);
#624=VECTOR('',#4852,1.);
#625=VECTOR('',#4853,1.);
#626=VECTOR('',#4856,1.);
#627=VECTOR('',#4859,1.);
#628=VECTOR('',#4862,1.);
#629=VECTOR('',#4865,1.);
#630=VECTOR('',#4868,1.);
#631=VECTOR('',#4871,1.);
#632=VECTOR('',#4880,1.);
#633=VECTOR('',#4881,1.);
#634=VECTOR('',#4884,1.);
#635=VECTOR('',#4887,1.);
#636=VECTOR('',#4890,1.);
#637=VECTOR('',#4893,1.);
#638=VECTOR('',#4896,1.);
#639=VECTOR('',#4899,1.);
#640=VECTOR('',#4904,1.);
#641=VECTOR('',#4905,1.);
#642=VECTOR('',#4908,1.);
#643=VECTOR('',#4911,1.);
#644=VECTOR('',#4914,1.);
#645=VECTOR('',#4917,1.);
#646=VECTOR('',#4920,1.);
#647=VECTOR('',#4923,1.);
#648=VECTOR('',#4928,1.);
#649=VECTOR('',#4931,1.);
#650=VECTOR('',#4938,1.);
#651=VECTOR('',#4939,1.);
#652=VECTOR('',#4942,1.);
#653=VECTOR('',#4945,1.);
#654=VECTOR('',#4948,1.);
#655=VECTOR('',#4951,1.);
#656=VECTOR('',#4960,1.);
#657=VECTOR('',#4961,1.);
#658=VECTOR('',#4964,1.);
#659=VECTOR('',#4967,1.);
#660=VECTOR('',#4970,1.);
#661=VECTOR('',#4973,1.);
#662=VECTOR('',#4980,1.);
#663=VECTOR('',#4981,1.);
#664=VECTOR('',#4984,1.);
#665=VECTOR('',#4987,1.);
#666=VECTOR('',#4990,1.);
#667=VECTOR('',#4993,1.);
#668=VECTOR('',#4998,1.);
#669=VECTOR('',#4999,1.);
#670=VECTOR('',#5002,1.);
#671=VECTOR('',#5005,1.);
#672=VECTOR('',#5008,1.);
#673=VECTOR('',#5011,1.);
#674=VECTOR('',#5016,1.);
#675=VECTOR('',#5017,1.);
#676=VECTOR('',#5020,1.);
#677=VECTOR('',#5023,1.);
#678=VECTOR('',#5026,1.);
#679=VECTOR('',#5029,1.);
#680=VECTOR('',#5034,1.);
#681=VECTOR('',#5035,1.);
#682=VECTOR('',#5038,1.);
#683=VECTOR('',#5041,1.);
#684=VECTOR('',#5044,1.);
#685=VECTOR('',#5047,1.);
#686=ORIENTED_EDGE('',*,*,#1690,.F.);
#687=ORIENTED_EDGE('',*,*,#1691,.F.);
#688=ORIENTED_EDGE('',*,*,#1692,.F.);
#689=ORIENTED_EDGE('',*,*,#1693,.F.);
#690=ORIENTED_EDGE('',*,*,#1694,.F.);
#691=ORIENTED_EDGE('',*,*,#1695,.T.);
#692=ORIENTED_EDGE('',*,*,#1696,.F.);
#693=ORIENTED_EDGE('',*,*,#1697,.F.);
#694=ORIENTED_EDGE('',*,*,#1698,.F.);
#695=ORIENTED_EDGE('',*,*,#1699,.F.);
#696=ORIENTED_EDGE('',*,*,#1700,.T.);
#697=ORIENTED_EDGE('',*,*,#1701,.F.);
#698=ORIENTED_EDGE('',*,*,#1702,.T.);
#699=ORIENTED_EDGE('',*,*,#1703,.F.);
#700=ORIENTED_EDGE('',*,*,#1704,.F.);
#701=ORIENTED_EDGE('',*,*,#1705,.F.);
#702=ORIENTED_EDGE('',*,*,#1706,.F.);
#703=ORIENTED_EDGE('',*,*,#1707,.F.);
#704=ORIENTED_EDGE('',*,*,#1708,.F.);
#705=ORIENTED_EDGE('',*,*,#1709,.F.);
#706=ORIENTED_EDGE('',*,*,#1710,.F.);
#707=ORIENTED_EDGE('',*,*,#1711,.F.);
#708=ORIENTED_EDGE('',*,*,#1712,.F.);
#709=ORIENTED_EDGE('',*,*,#1713,.F.);
#710=ORIENTED_EDGE('',*,*,#1714,.T.);
#711=ORIENTED_EDGE('',*,*,#1715,.F.);
#712=ORIENTED_EDGE('',*,*,#1716,.F.);
#713=ORIENTED_EDGE('',*,*,#1717,.F.);
#714=ORIENTED_EDGE('',*,*,#1718,.F.);
#715=ORIENTED_EDGE('',*,*,#1719,.F.);
#716=ORIENTED_EDGE('',*,*,#1720,.T.);
#717=ORIENTED_EDGE('',*,*,#1721,.F.);
#718=ORIENTED_EDGE('',*,*,#1722,.T.);
#719=ORIENTED_EDGE('',*,*,#1723,.T.);
#720=ORIENTED_EDGE('',*,*,#1724,.T.);
#721=ORIENTED_EDGE('',*,*,#1725,.T.);
#722=ORIENTED_EDGE('',*,*,#1726,.T.);
#723=ORIENTED_EDGE('',*,*,#1727,.T.);
#724=ORIENTED_EDGE('',*,*,#1728,.T.);
#725=ORIENTED_EDGE('',*,*,#1729,.F.);
#726=ORIENTED_EDGE('',*,*,#1730,.F.);
#727=ORIENTED_EDGE('',*,*,#1731,.F.);
#728=ORIENTED_EDGE('',*,*,#1732,.F.);
#729=ORIENTED_EDGE('',*,*,#1733,.F.);
#730=ORIENTED_EDGE('',*,*,#1734,.F.);
#731=ORIENTED_EDGE('',*,*,#1735,.T.);
#732=ORIENTED_EDGE('',*,*,#1736,.F.);
#733=ORIENTED_EDGE('',*,*,#1737,.F.);
#734=ORIENTED_EDGE('',*,*,#1738,.F.);
#735=ORIENTED_EDGE('',*,*,#1739,.F.);
#736=ORIENTED_EDGE('',*,*,#1740,.F.);
#737=ORIENTED_EDGE('',*,*,#1741,.F.);
#738=ORIENTED_EDGE('',*,*,#1742,.F.);
#739=ORIENTED_EDGE('',*,*,#1743,.F.);
#740=ORIENTED_EDGE('',*,*,#1744,.F.);
#741=ORIENTED_EDGE('',*,*,#1745,.F.);
#742=ORIENTED_EDGE('',*,*,#1746,.T.);
#743=ORIENTED_EDGE('',*,*,#1747,.F.);
#744=ORIENTED_EDGE('',*,*,#1748,.F.);
#745=ORIENTED_EDGE('',*,*,#1749,.F.);
#746=ORIENTED_EDGE('',*,*,#1750,.T.);
#747=ORIENTED_EDGE('',*,*,#1751,.F.);
#748=ORIENTED_EDGE('',*,*,#1752,.T.);
#749=ORIENTED_EDGE('',*,*,#1753,.F.);
#750=ORIENTED_EDGE('',*,*,#1754,.F.);
#751=ORIENTED_EDGE('',*,*,#1755,.F.);
#752=ORIENTED_EDGE('',*,*,#1756,.T.);
#753=ORIENTED_EDGE('',*,*,#1757,.F.);
#754=ORIENTED_EDGE('',*,*,#1758,.T.);
#755=ORIENTED_EDGE('',*,*,#1759,.T.);
#756=ORIENTED_EDGE('',*,*,#1760,.F.);
#757=ORIENTED_EDGE('',*,*,#1761,.T.);
#758=ORIENTED_EDGE('',*,*,#1762,.F.);
#759=ORIENTED_EDGE('',*,*,#1763,.T.);
#760=ORIENTED_EDGE('',*,*,#1764,.F.);
#761=ORIENTED_EDGE('',*,*,#1765,.F.);
#762=ORIENTED_EDGE('',*,*,#1766,.F.);
#763=ORIENTED_EDGE('',*,*,#1767,.T.);
#764=ORIENTED_EDGE('',*,*,#1768,.F.);
#765=ORIENTED_EDGE('',*,*,#1769,.T.);
#766=ORIENTED_EDGE('',*,*,#1770,.F.);
#767=ORIENTED_EDGE('',*,*,#1771,.T.);
#768=ORIENTED_EDGE('',*,*,#1772,.T.);
#769=ORIENTED_EDGE('',*,*,#1773,.T.);
#770=ORIENTED_EDGE('',*,*,#1774,.F.);
#771=ORIENTED_EDGE('',*,*,#1775,.T.);
#772=ORIENTED_EDGE('',*,*,#1776,.T.);
#773=ORIENTED_EDGE('',*,*,#1777,.T.);
#774=ORIENTED_EDGE('',*,*,#1778,.F.);
#775=ORIENTED_EDGE('',*,*,#1779,.T.);
#776=ORIENTED_EDGE('',*,*,#1780,.T.);
#777=ORIENTED_EDGE('',*,*,#1781,.T.);
#778=ORIENTED_EDGE('',*,*,#1782,.F.);
#779=ORIENTED_EDGE('',*,*,#1783,.F.);
#780=ORIENTED_EDGE('',*,*,#1784,.T.);
#781=ORIENTED_EDGE('',*,*,#1785,.T.);
#782=ORIENTED_EDGE('',*,*,#1786,.T.);
#783=ORIENTED_EDGE('',*,*,#1787,.T.);
#784=ORIENTED_EDGE('',*,*,#1788,.T.);
#785=ORIENTED_EDGE('',*,*,#1789,.T.);
#786=ORIENTED_EDGE('',*,*,#1790,.F.);
#787=ORIENTED_EDGE('',*,*,#1791,.F.);
#788=ORIENTED_EDGE('',*,*,#1792,.F.);
#789=ORIENTED_EDGE('',*,*,#1793,.T.);
#790=ORIENTED_EDGE('',*,*,#1794,.F.);
#791=ORIENTED_EDGE('',*,*,#1795,.F.);
#792=ORIENTED_EDGE('',*,*,#1796,.T.);
#793=ORIENTED_EDGE('',*,*,#1797,.T.);
#794=ORIENTED_EDGE('',*,*,#1798,.F.);
#795=ORIENTED_EDGE('',*,*,#1799,.F.);
#796=ORIENTED_EDGE('',*,*,#1800,.F.);
#797=ORIENTED_EDGE('',*,*,#1801,.T.);
#798=ORIENTED_EDGE('',*,*,#1802,.F.);
#799=ORIENTED_EDGE('',*,*,#1803,.T.);
#800=ORIENTED_EDGE('',*,*,#1804,.T.);
#801=ORIENTED_EDGE('',*,*,#1805,.F.);
#802=ORIENTED_EDGE('',*,*,#1806,.T.);
#803=ORIENTED_EDGE('',*,*,#1807,.F.);
#804=ORIENTED_EDGE('',*,*,#1808,.T.);
#805=ORIENTED_EDGE('',*,*,#1809,.F.);
#806=ORIENTED_EDGE('',*,*,#1810,.F.);
#807=ORIENTED_EDGE('',*,*,#1811,.F.);
#808=ORIENTED_EDGE('',*,*,#1812,.T.);
#809=ORIENTED_EDGE('',*,*,#1813,.F.);
#810=ORIENTED_EDGE('',*,*,#1814,.T.);
#811=ORIENTED_EDGE('',*,*,#1815,.F.);
#812=ORIENTED_EDGE('',*,*,#1816,.T.);
#813=ORIENTED_EDGE('',*,*,#1817,.F.);
#814=ORIENTED_EDGE('',*,*,#1818,.T.);
#815=ORIENTED_EDGE('',*,*,#1819,.T.);
#816=ORIENTED_EDGE('',*,*,#1820,.T.);
#817=ORIENTED_EDGE('',*,*,#1821,.T.);
#818=ORIENTED_EDGE('',*,*,#1822,.T.);
#819=ORIENTED_EDGE('',*,*,#1823,.F.);
#820=ORIENTED_EDGE('',*,*,#1824,.F.);
#821=ORIENTED_EDGE('',*,*,#1825,.T.);
#822=ORIENTED_EDGE('',*,*,#1826,.F.);
#823=ORIENTED_EDGE('',*,*,#1827,.F.);
#824=ORIENTED_EDGE('',*,*,#1828,.F.);
#825=ORIENTED_EDGE('',*,*,#1829,.T.);
#826=ORIENTED_EDGE('',*,*,#1830,.F.);
#827=ORIENTED_EDGE('',*,*,#1831,.T.);
#828=ORIENTED_EDGE('',*,*,#1832,.T.);
#829=ORIENTED_EDGE('',*,*,#1833,.T.);
#830=ORIENTED_EDGE('',*,*,#1834,.T.);
#831=ORIENTED_EDGE('',*,*,#1835,.T.);
#832=ORIENTED_EDGE('',*,*,#1836,.F.);
#833=ORIENTED_EDGE('',*,*,#1837,.T.);
#834=ORIENTED_EDGE('',*,*,#1838,.T.);
#835=ORIENTED_EDGE('',*,*,#1839,.T.);
#836=ORIENTED_EDGE('',*,*,#1840,.F.);
#837=ORIENTED_EDGE('',*,*,#1841,.T.);
#838=ORIENTED_EDGE('',*,*,#1842,.T.);
#839=ORIENTED_EDGE('',*,*,#1843,.T.);
#840=ORIENTED_EDGE('',*,*,#1844,.T.);
#841=ORIENTED_EDGE('',*,*,#1845,.F.);
#842=ORIENTED_EDGE('',*,*,#1846,.T.);
#843=ORIENTED_EDGE('',*,*,#1847,.T.);
#844=ORIENTED_EDGE('',*,*,#1848,.T.);
#845=ORIENTED_EDGE('',*,*,#1849,.T.);
#846=ORIENTED_EDGE('',*,*,#1850,.T.);
#847=ORIENTED_EDGE('',*,*,#1851,.F.);
#848=ORIENTED_EDGE('',*,*,#1852,.T.);
#849=ORIENTED_EDGE('',*,*,#1853,.F.);
#850=ORIENTED_EDGE('',*,*,#1854,.T.);
#851=ORIENTED_EDGE('',*,*,#1855,.F.);
#852=ORIENTED_EDGE('',*,*,#1856,.T.);
#853=ORIENTED_EDGE('',*,*,#1857,.F.);
#854=ORIENTED_EDGE('',*,*,#1858,.F.);
#855=ORIENTED_EDGE('',*,*,#1859,.F.);
#856=ORIENTED_EDGE('',*,*,#1860,.T.);
#857=ORIENTED_EDGE('',*,*,#1861,.F.);
#858=ORIENTED_EDGE('',*,*,#1862,.F.);
#859=ORIENTED_EDGE('',*,*,#1863,.F.);
#860=ORIENTED_EDGE('',*,*,#1864,.F.);
#861=ORIENTED_EDGE('',*,*,#1865,.T.);
#862=ORIENTED_EDGE('',*,*,#1866,.T.);
#863=ORIENTED_EDGE('',*,*,#1867,.T.);
#864=ORIENTED_EDGE('',*,*,#1868,.T.);
#865=ORIENTED_EDGE('',*,*,#1869,.T.);
#866=ORIENTED_EDGE('',*,*,#1870,.T.);
#867=ORIENTED_EDGE('',*,*,#1871,.F.);
#868=ORIENTED_EDGE('',*,*,#1872,.T.);
#869=ORIENTED_EDGE('',*,*,#1873,.F.);
#870=ORIENTED_EDGE('',*,*,#1874,.T.);
#871=ORIENTED_EDGE('',*,*,#1875,.T.);
#872=ORIENTED_EDGE('',*,*,#1876,.T.);
#873=ORIENTED_EDGE('',*,*,#1877,.F.);
#874=ORIENTED_EDGE('',*,*,#1878,.T.);
#875=ORIENTED_EDGE('',*,*,#1879,.T.);
#876=ORIENTED_EDGE('',*,*,#1880,.T.);
#877=ORIENTED_EDGE('',*,*,#1881,.T.);
#878=ORIENTED_EDGE('',*,*,#1882,.F.);
#879=ORIENTED_EDGE('',*,*,#1883,.F.);
#880=ORIENTED_EDGE('',*,*,#1884,.F.);
#881=ORIENTED_EDGE('',*,*,#1885,.F.);
#882=ORIENTED_EDGE('',*,*,#1886,.F.);
#883=ORIENTED_EDGE('',*,*,#1887,.F.);
#884=ORIENTED_EDGE('',*,*,#1888,.F.);
#885=ORIENTED_EDGE('',*,*,#1889,.T.);
#886=ORIENTED_EDGE('',*,*,#1890,.F.);
#887=ORIENTED_EDGE('',*,*,#1891,.T.);
#888=ORIENTED_EDGE('',*,*,#1892,.T.);
#889=ORIENTED_EDGE('',*,*,#1893,.T.);
#890=ORIENTED_EDGE('',*,*,#1894,.T.);
#891=ORIENTED_EDGE('',*,*,#1895,.F.);
#892=ORIENTED_EDGE('',*,*,#1896,.T.);
#893=ORIENTED_EDGE('',*,*,#1897,.T.);
#894=ORIENTED_EDGE('',*,*,#1898,.T.);
#895=ORIENTED_EDGE('',*,*,#1899,.T.);
#896=ORIENTED_EDGE('',*,*,#1900,.T.);
#897=ORIENTED_EDGE('',*,*,#1901,.T.);
#898=ORIENTED_EDGE('',*,*,#1902,.F.);
#899=ORIENTED_EDGE('',*,*,#1903,.T.);
#900=ORIENTED_EDGE('',*,*,#1904,.F.);
#901=ORIENTED_EDGE('',*,*,#1905,.T.);
#902=ORIENTED_EDGE('',*,*,#1906,.T.);
#903=ORIENTED_EDGE('',*,*,#1907,.T.);
#904=ORIENTED_EDGE('',*,*,#1908,.F.);
#905=ORIENTED_EDGE('',*,*,#1909,.T.);
#906=ORIENTED_EDGE('',*,*,#1910,.F.);
#907=ORIENTED_EDGE('',*,*,#1911,.T.);
#908=ORIENTED_EDGE('',*,*,#1912,.T.);
#909=ORIENTED_EDGE('',*,*,#1913,.T.);
#910=ORIENTED_EDGE('',*,*,#1914,.F.);
#911=ORIENTED_EDGE('',*,*,#1915,.T.);
#912=ORIENTED_EDGE('',*,*,#1916,.T.);
#913=ORIENTED_EDGE('',*,*,#1917,.T.);
#914=ORIENTED_EDGE('',*,*,#1918,.T.);
#915=ORIENTED_EDGE('',*,*,#1919,.F.);
#916=ORIENTED_EDGE('',*,*,#1920,.T.);
#917=ORIENTED_EDGE('',*,*,#1921,.F.);
#918=ORIENTED_EDGE('',*,*,#1922,.T.);
#919=ORIENTED_EDGE('',*,*,#1923,.T.);
#920=ORIENTED_EDGE('',*,*,#1924,.T.);
#921=ORIENTED_EDGE('',*,*,#1925,.F.);
#922=ORIENTED_EDGE('',*,*,#1926,.T.);
#923=ORIENTED_EDGE('',*,*,#1927,.F.);
#924=ORIENTED_EDGE('',*,*,#1928,.T.);
#925=ORIENTED_EDGE('',*,*,#1929,.F.);
#926=ORIENTED_EDGE('',*,*,#1930,.T.);
#927=ORIENTED_EDGE('',*,*,#1931,.F.);
#928=ORIENTED_EDGE('',*,*,#1932,.F.);
#929=ORIENTED_EDGE('',*,*,#1933,.F.);
#930=ORIENTED_EDGE('',*,*,#1934,.T.);
#931=ORIENTED_EDGE('',*,*,#1935,.F.);
#932=ORIENTED_EDGE('',*,*,#1936,.F.);
#933=ORIENTED_EDGE('',*,*,#1937,.T.);
#934=ORIENTED_EDGE('',*,*,#1938,.T.);
#935=ORIENTED_EDGE('',*,*,#1939,.F.);
#936=ORIENTED_EDGE('',*,*,#1940,.F.);
#937=ORIENTED_EDGE('',*,*,#1941,.F.);
#938=ORIENTED_EDGE('',*,*,#1942,.T.);
#939=ORIENTED_EDGE('',*,*,#1943,.F.);
#940=ORIENTED_EDGE('',*,*,#1944,.F.);
#941=ORIENTED_EDGE('',*,*,#1945,.F.);
#942=ORIENTED_EDGE('',*,*,#1946,.F.);
#943=ORIENTED_EDGE('',*,*,#1947,.F.);
#944=ORIENTED_EDGE('',*,*,#1948,.F.);
#945=ORIENTED_EDGE('',*,*,#1949,.F.);
#946=ORIENTED_EDGE('',*,*,#1950,.T.);
#947=ORIENTED_EDGE('',*,*,#1951,.F.);
#948=ORIENTED_EDGE('',*,*,#1952,.F.);
#949=ORIENTED_EDGE('',*,*,#1953,.T.);
#950=ORIENTED_EDGE('',*,*,#1954,.T.);
#951=ORIENTED_EDGE('',*,*,#1955,.F.);
#952=ORIENTED_EDGE('',*,*,#1956,.T.);
#953=ORIENTED_EDGE('',*,*,#1957,.T.);
#954=ORIENTED_EDGE('',*,*,#1958,.T.);
#955=ORIENTED_EDGE('',*,*,#1959,.F.);
#956=ORIENTED_EDGE('',*,*,#1960,.T.);
#957=ORIENTED_EDGE('',*,*,#1961,.F.);
#958=ORIENTED_EDGE('',*,*,#1962,.T.);
#959=ORIENTED_EDGE('',*,*,#1963,.T.);
#960=ORIENTED_EDGE('',*,*,#1964,.F.);
#961=ORIENTED_EDGE('',*,*,#1965,.T.);
#962=ORIENTED_EDGE('',*,*,#1966,.F.);
#963=ORIENTED_EDGE('',*,*,#1967,.T.);
#964=ORIENTED_EDGE('',*,*,#1968,.T.);
#965=ORIENTED_EDGE('',*,*,#1969,.T.);
#966=ORIENTED_EDGE('',*,*,#1970,.F.);
#967=ORIENTED_EDGE('',*,*,#1971,.T.);
#968=ORIENTED_EDGE('',*,*,#1972,.F.);
#969=ORIENTED_EDGE('',*,*,#1973,.T.);
#970=ORIENTED_EDGE('',*,*,#1974,.F.);
#971=ORIENTED_EDGE('',*,*,#1975,.F.);
#972=ORIENTED_EDGE('',*,*,#1976,.F.);
#973=ORIENTED_EDGE('',*,*,#1977,.T.);
#974=ORIENTED_EDGE('',*,*,#1978,.F.);
#975=ORIENTED_EDGE('',*,*,#1979,.T.);
#976=ORIENTED_EDGE('',*,*,#1980,.F.);
#977=ORIENTED_EDGE('',*,*,#1981,.F.);
#978=ORIENTED_EDGE('',*,*,#1982,.F.);
#979=ORIENTED_EDGE('',*,*,#1983,.T.);
#980=ORIENTED_EDGE('',*,*,#1984,.T.);
#981=ORIENTED_EDGE('',*,*,#1985,.F.);
#982=ORIENTED_EDGE('',*,*,#1986,.T.);
#983=ORIENTED_EDGE('',*,*,#1987,.T.);
#984=ORIENTED_EDGE('',*,*,#1988,.T.);
#985=ORIENTED_EDGE('',*,*,#1989,.F.);
#986=ORIENTED_EDGE('',*,*,#1990,.T.);
#987=ORIENTED_EDGE('',*,*,#1991,.F.);
#988=ORIENTED_EDGE('',*,*,#1992,.F.);
#989=ORIENTED_EDGE('',*,*,#1993,.F.);
#990=ORIENTED_EDGE('',*,*,#1994,.F.);
#991=ORIENTED_EDGE('',*,*,#1995,.F.);
#992=ORIENTED_EDGE('',*,*,#1996,.T.);
#993=ORIENTED_EDGE('',*,*,#1997,.F.);
#994=ORIENTED_EDGE('',*,*,#1998,.F.);
#995=ORIENTED_EDGE('',*,*,#1999,.F.);
#996=ORIENTED_EDGE('',*,*,#2000,.T.);
#997=ORIENTED_EDGE('',*,*,#2001,.F.);
#998=ORIENTED_EDGE('',*,*,#2002,.F.);
#999=ORIENTED_EDGE('',*,*,#2003,.F.);
#1000=ORIENTED_EDGE('',*,*,#2004,.F.);
#1001=ORIENTED_EDGE('',*,*,#2005,.T.);
#1002=ORIENTED_EDGE('',*,*,#2006,.F.);
#1003=ORIENTED_EDGE('',*,*,#2007,.T.);
#1004=ORIENTED_EDGE('',*,*,#2008,.F.);
#1005=ORIENTED_EDGE('',*,*,#2009,.F.);
#1006=ORIENTED_EDGE('',*,*,#2010,.F.);
#1007=ORIENTED_EDGE('',*,*,#2011,.F.);
#1008=ORIENTED_EDGE('',*,*,#2012,.F.);
#1009=ORIENTED_EDGE('',*,*,#2013,.T.);
#1010=ORIENTED_EDGE('',*,*,#2014,.T.);
#1011=ORIENTED_EDGE('',*,*,#2015,.T.);
#1012=ORIENTED_EDGE('',*,*,#2016,.T.);
#1013=ORIENTED_EDGE('',*,*,#2017,.T.);
#1014=ORIENTED_EDGE('',*,*,#2018,.T.);
#1015=ORIENTED_EDGE('',*,*,#2019,.F.);
#1016=ORIENTED_EDGE('',*,*,#2020,.T.);
#1017=ORIENTED_EDGE('',*,*,#2021,.T.);
#1018=ORIENTED_EDGE('',*,*,#2022,.T.);
#1019=ORIENTED_EDGE('',*,*,#2023,.T.);
#1020=ORIENTED_EDGE('',*,*,#2024,.T.);
#1021=ORIENTED_EDGE('',*,*,#2025,.T.);
#1022=ORIENTED_EDGE('',*,*,#2026,.T.);
#1023=ORIENTED_EDGE('',*,*,#2027,.T.);
#1024=ORIENTED_EDGE('',*,*,#2028,.T.);
#1025=ORIENTED_EDGE('',*,*,#2029,.T.);
#1026=ORIENTED_EDGE('',*,*,#2030,.T.);
#1027=ORIENTED_EDGE('',*,*,#2031,.F.);
#1028=ORIENTED_EDGE('',*,*,#2032,.T.);
#1029=ORIENTED_EDGE('',*,*,#2033,.F.);
#1030=ORIENTED_EDGE('',*,*,#2034,.F.);
#1031=ORIENTED_EDGE('',*,*,#2035,.T.);
#1032=ORIENTED_EDGE('',*,*,#2036,.T.);
#1033=ORIENTED_EDGE('',*,*,#2037,.T.);
#1034=ORIENTED_EDGE('',*,*,#2038,.T.);
#1035=ORIENTED_EDGE('',*,*,#2039,.T.);
#1036=ORIENTED_EDGE('',*,*,#1958,.F.);
#1037=ORIENTED_EDGE('',*,*,#2040,.F.);
#1038=ORIENTED_EDGE('',*,*,#1798,.T.);
#1039=ORIENTED_EDGE('',*,*,#2041,.T.);
#1040=ORIENTED_EDGE('',*,*,#1963,.F.);
#1041=ORIENTED_EDGE('',*,*,#2042,.F.);
#1042=ORIENTED_EDGE('',*,*,#1799,.T.);
#1043=ORIENTED_EDGE('',*,*,#2040,.T.);
#1044=ORIENTED_EDGE('',*,*,#1962,.F.);
#1045=ORIENTED_EDGE('',*,*,#2043,.F.);
#1046=ORIENTED_EDGE('',*,*,#1800,.T.);
#1047=ORIENTED_EDGE('',*,*,#2042,.T.);
#1048=ORIENTED_EDGE('',*,*,#1961,.T.);
#1049=ORIENTED_EDGE('',*,*,#2044,.F.);
#1050=ORIENTED_EDGE('',*,*,#1801,.F.);
#1051=ORIENTED_EDGE('',*,*,#2043,.T.);
#1052=ORIENTED_EDGE('',*,*,#1960,.F.);
#1053=ORIENTED_EDGE('',*,*,#2045,.F.);
#1054=ORIENTED_EDGE('',*,*,#1802,.T.);
#1055=ORIENTED_EDGE('',*,*,#2044,.T.);
#1056=ORIENTED_EDGE('',*,*,#1950,.F.);
#1057=ORIENTED_EDGE('',*,*,#2046,.F.);
#1058=ORIENTED_EDGE('',*,*,#1790,.T.);
#1059=ORIENTED_EDGE('',*,*,#2047,.T.);
#1060=ORIENTED_EDGE('',*,*,#1957,.F.);
#1061=ORIENTED_EDGE('',*,*,#2048,.F.);
#1062=ORIENTED_EDGE('',*,*,#1791,.T.);
#1063=ORIENTED_EDGE('',*,*,#2046,.T.);
#1064=ORIENTED_EDGE('',*,*,#1956,.F.);
#1065=ORIENTED_EDGE('',*,*,#2049,.F.);
#1066=ORIENTED_EDGE('',*,*,#1792,.T.);
#1067=ORIENTED_EDGE('',*,*,#2048,.T.);
#1068=ORIENTED_EDGE('',*,*,#1955,.T.);
#1069=ORIENTED_EDGE('',*,*,#2050,.F.);
#1070=ORIENTED_EDGE('',*,*,#1793,.F.);
#1071=ORIENTED_EDGE('',*,*,#2049,.T.);
#1072=ORIENTED_EDGE('',*,*,#1954,.F.);
#1073=ORIENTED_EDGE('',*,*,#2051,.F.);
#1074=ORIENTED_EDGE('',*,*,#1794,.T.);
#1075=ORIENTED_EDGE('',*,*,#2050,.T.);
#1076=ORIENTED_EDGE('',*,*,#1953,.F.);
#1077=ORIENTED_EDGE('',*,*,#2052,.F.);
#1078=ORIENTED_EDGE('',*,*,#1795,.T.);
#1079=ORIENTED_EDGE('',*,*,#2051,.T.);
#1080=ORIENTED_EDGE('',*,*,#1952,.T.);
#1081=ORIENTED_EDGE('',*,*,#2053,.F.);
#1082=ORIENTED_EDGE('',*,*,#1796,.F.);
#1083=ORIENTED_EDGE('',*,*,#2052,.T.);
#1084=ORIENTED_EDGE('',*,*,#1936,.T.);
#1085=ORIENTED_EDGE('',*,*,#2054,.F.);
#1086=ORIENTED_EDGE('',*,*,#1776,.F.);
#1087=ORIENTED_EDGE('',*,*,#2055,.T.);
#1088=ORIENTED_EDGE('',*,*,#1943,.T.);
#1089=ORIENTED_EDGE('',*,*,#2056,.F.);
#1090=ORIENTED_EDGE('',*,*,#1777,.F.);
#1091=ORIENTED_EDGE('',*,*,#2054,.T.);
#1092=ORIENTED_EDGE('',*,*,#1942,.F.);
#1093=ORIENTED_EDGE('',*,*,#2057,.F.);
#1094=ORIENTED_EDGE('',*,*,#1778,.T.);
#1095=ORIENTED_EDGE('',*,*,#2056,.T.);
#1096=ORIENTED_EDGE('',*,*,#1941,.T.);
#1097=ORIENTED_EDGE('',*,*,#2058,.F.);
#1098=ORIENTED_EDGE('',*,*,#1779,.F.);
#1099=ORIENTED_EDGE('',*,*,#2057,.T.);
#1100=ORIENTED_EDGE('',*,*,#1940,.T.);
#1101=ORIENTED_EDGE('',*,*,#2059,.F.);
#1102=ORIENTED_EDGE('',*,*,#1780,.F.);
#1103=ORIENTED_EDGE('',*,*,#2058,.T.);
#1104=ORIENTED_EDGE('',*,*,#1939,.T.);
#1105=ORIENTED_EDGE('',*,*,#2060,.F.);
#1106=ORIENTED_EDGE('',*,*,#1781,.F.);
#1107=ORIENTED_EDGE('',*,*,#2059,.T.);
#1108=ORIENTED_EDGE('',*,*,#1938,.F.);
#1109=ORIENTED_EDGE('',*,*,#2061,.F.);
#1110=ORIENTED_EDGE('',*,*,#1782,.T.);
#1111=ORIENTED_EDGE('',*,*,#2060,.T.);
#1112=ORIENTED_EDGE('',*,*,#1928,.F.);
#1113=ORIENTED_EDGE('',*,*,#2062,.F.);
#1114=ORIENTED_EDGE('',*,*,#1768,.T.);
#1115=ORIENTED_EDGE('',*,*,#2063,.T.);
#1116=ORIENTED_EDGE('',*,*,#1935,.T.);
#1117=ORIENTED_EDGE('',*,*,#2064,.F.);
#1118=ORIENTED_EDGE('',*,*,#1769,.F.);
#1119=ORIENTED_EDGE('',*,*,#2062,.T.);
#1120=ORIENTED_EDGE('',*,*,#1934,.F.);
#1121=ORIENTED_EDGE('',*,*,#2065,.F.);
#1122=ORIENTED_EDGE('',*,*,#1770,.T.);
#1123=ORIENTED_EDGE('',*,*,#2064,.T.);
#1124=ORIENTED_EDGE('',*,*,#1933,.T.);
#1125=ORIENTED_EDGE('',*,*,#2066,.F.);
#1126=ORIENTED_EDGE('',*,*,#1771,.F.);
#1127=ORIENTED_EDGE('',*,*,#2065,.T.);
#1128=ORIENTED_EDGE('',*,*,#1932,.T.);
#1129=ORIENTED_EDGE('',*,*,#2067,.F.);
#1130=ORIENTED_EDGE('',*,*,#1772,.F.);
#1131=ORIENTED_EDGE('',*,*,#2066,.T.);
#1132=ORIENTED_EDGE('',*,*,#1931,.T.);
#1133=ORIENTED_EDGE('',*,*,#2068,.F.);
#1134=ORIENTED_EDGE('',*,*,#1773,.F.);
#1135=ORIENTED_EDGE('',*,*,#2067,.T.);
#1136=ORIENTED_EDGE('',*,*,#1930,.F.);
#1137=ORIENTED_EDGE('',*,*,#2069,.F.);
#1138=ORIENTED_EDGE('',*,*,#1774,.T.);
#1139=ORIENTED_EDGE('',*,*,#2068,.T.);
#1140=ORIENTED_EDGE('',*,*,#1920,.F.);
#1141=ORIENTED_EDGE('',*,*,#2070,.F.);
#1142=ORIENTED_EDGE('',*,*,#1760,.T.);
#1143=ORIENTED_EDGE('',*,*,#2071,.T.);
#1144=ORIENTED_EDGE('',*,*,#1927,.T.);
#1145=ORIENTED_EDGE('',*,*,#2072,.F.);
#1146=ORIENTED_EDGE('',*,*,#1761,.F.);
#1147=ORIENTED_EDGE('',*,*,#2070,.T.);
#1148=ORIENTED_EDGE('',*,*,#1926,.F.);
#1149=ORIENTED_EDGE('',*,*,#2073,.F.);
#1150=ORIENTED_EDGE('',*,*,#1762,.T.);
#1151=ORIENTED_EDGE('',*,*,#2072,.T.);
#1152=ORIENTED_EDGE('',*,*,#1925,.T.);
#1153=ORIENTED_EDGE('',*,*,#2074,.F.);
#1154=ORIENTED_EDGE('',*,*,#1763,.F.);
#1155=ORIENTED_EDGE('',*,*,#2073,.T.);
#1156=ORIENTED_EDGE('',*,*,#1924,.F.);
#1157=ORIENTED_EDGE('',*,*,#2075,.F.);
#1158=ORIENTED_EDGE('',*,*,#1764,.T.);
#1159=ORIENTED_EDGE('',*,*,#2074,.T.);
#1160=ORIENTED_EDGE('',*,*,#1923,.F.);
#1161=ORIENTED_EDGE('',*,*,#2076,.F.);
#1162=ORIENTED_EDGE('',*,*,#1765,.T.);
#1163=ORIENTED_EDGE('',*,*,#2075,.T.);
#1164=ORIENTED_EDGE('',*,*,#1922,.F.);
#1165=ORIENTED_EDGE('',*,*,#2077,.F.);
#1166=ORIENTED_EDGE('',*,*,#1766,.T.);
#1167=ORIENTED_EDGE('',*,*,#2076,.T.);
#1168=ORIENTED_EDGE('',*,*,#1901,.F.);
#1169=ORIENTED_EDGE('',*,*,#2078,.F.);
#1170=ORIENTED_EDGE('',*,*,#1741,.T.);
#1171=ORIENTED_EDGE('',*,*,#2079,.T.);
#1172=ORIENTED_EDGE('',*,*,#1918,.F.);
#1173=ORIENTED_EDGE('',*,*,#2080,.F.);
#1174=ORIENTED_EDGE('',*,*,#1742,.T.);
#1175=ORIENTED_EDGE('',*,*,#2078,.T.);
#1176=ORIENTED_EDGE('',*,*,#1917,.F.);
#1177=ORIENTED_EDGE('',*,*,#2081,.F.);
#1178=ORIENTED_EDGE('',*,*,#1743,.T.);
#1179=ORIENTED_EDGE('',*,*,#2080,.T.);
#1180=ORIENTED_EDGE('',*,*,#1916,.F.);
#1181=ORIENTED_EDGE('',*,*,#2082,.F.);
#1182=ORIENTED_EDGE('',*,*,#1744,.T.);
#1183=ORIENTED_EDGE('',*,*,#2081,.T.);
#1184=ORIENTED_EDGE('',*,*,#1915,.F.);
#1185=ORIENTED_EDGE('',*,*,#2083,.F.);
#1186=ORIENTED_EDGE('',*,*,#1745,.T.);
#1187=ORIENTED_EDGE('',*,*,#2082,.T.);
#1188=ORIENTED_EDGE('',*,*,#1914,.T.);
#1189=ORIENTED_EDGE('',*,*,#2084,.F.);
#1190=ORIENTED_EDGE('',*,*,#1746,.F.);
#1191=ORIENTED_EDGE('',*,*,#2083,.T.);
#1192=ORIENTED_EDGE('',*,*,#1913,.F.);
#1193=ORIENTED_EDGE('',*,*,#2085,.F.);
#1194=ORIENTED_EDGE('',*,*,#1747,.T.);
#1195=ORIENTED_EDGE('',*,*,#2084,.T.);
#1196=ORIENTED_EDGE('',*,*,#1912,.F.);
#1197=ORIENTED_EDGE('',*,*,#2086,.F.);
#1198=ORIENTED_EDGE('',*,*,#1748,.T.);
#1199=ORIENTED_EDGE('',*,*,#2085,.T.);
#1200=ORIENTED_EDGE('',*,*,#1911,.F.);
#1201=ORIENTED_EDGE('',*,*,#2087,.F.);
#1202=ORIENTED_EDGE('',*,*,#1749,.T.);
#1203=ORIENTED_EDGE('',*,*,#2086,.T.);
#1204=ORIENTED_EDGE('',*,*,#1910,.T.);
#1205=ORIENTED_EDGE('',*,*,#2088,.F.);
#1206=ORIENTED_EDGE('',*,*,#1750,.F.);
#1207=ORIENTED_EDGE('',*,*,#2087,.T.);
#1208=ORIENTED_EDGE('',*,*,#1909,.F.);
#1209=ORIENTED_EDGE('',*,*,#2089,.F.);
#1210=ORIENTED_EDGE('',*,*,#1751,.T.);
#1211=ORIENTED_EDGE('',*,*,#2088,.T.);
#1212=ORIENTED_EDGE('',*,*,#1908,.T.);
#1213=ORIENTED_EDGE('',*,*,#2090,.F.);
#1214=ORIENTED_EDGE('',*,*,#1752,.F.);
#1215=ORIENTED_EDGE('',*,*,#2089,.T.);
#1216=ORIENTED_EDGE('',*,*,#1907,.F.);
#1217=ORIENTED_EDGE('',*,*,#2091,.F.);
#1218=ORIENTED_EDGE('',*,*,#1753,.T.);
#1219=ORIENTED_EDGE('',*,*,#2090,.T.);
#1220=ORIENTED_EDGE('',*,*,#1906,.F.);
#1221=ORIENTED_EDGE('',*,*,#2092,.F.);
#1222=ORIENTED_EDGE('',*,*,#1754,.T.);
#1223=ORIENTED_EDGE('',*,*,#2091,.T.);
#1224=ORIENTED_EDGE('',*,*,#1905,.F.);
#1225=ORIENTED_EDGE('',*,*,#2093,.F.);
#1226=ORIENTED_EDGE('',*,*,#1755,.T.);
#1227=ORIENTED_EDGE('',*,*,#2092,.T.);
#1228=ORIENTED_EDGE('',*,*,#1904,.T.);
#1229=ORIENTED_EDGE('',*,*,#2094,.F.);
#1230=ORIENTED_EDGE('',*,*,#1756,.F.);
#1231=ORIENTED_EDGE('',*,*,#2093,.T.);
#1232=ORIENTED_EDGE('',*,*,#1903,.F.);
#1233=ORIENTED_EDGE('',*,*,#2095,.F.);
#1234=ORIENTED_EDGE('',*,*,#1757,.T.);
#1235=ORIENTED_EDGE('',*,*,#2094,.T.);
#1236=ORIENTED_EDGE('',*,*,#2096,.T.);
#1237=ORIENTED_EDGE('',*,*,#1719,.T.);
#1238=ORIENTED_EDGE('',*,*,#2097,.T.);
#1239=ORIENTED_EDGE('',*,*,#1891,.F.);
#1240=ORIENTED_EDGE('',*,*,#2098,.F.);
#1241=ORIENTED_EDGE('',*,*,#1879,.F.);
#1242=ORIENTED_EDGE('',*,*,#2099,.F.);
#1243=ORIENTED_EDGE('',*,*,#1731,.T.);
#1244=ORIENTED_EDGE('',*,*,#1898,.F.);
#1245=ORIENTED_EDGE('',*,*,#2100,.F.);
#1246=ORIENTED_EDGE('',*,*,#1732,.T.);
#1247=ORIENTED_EDGE('',*,*,#2099,.T.);
#1248=ORIENTED_EDGE('',*,*,#1897,.F.);
#1249=ORIENTED_EDGE('',*,*,#2101,.F.);
#1250=ORIENTED_EDGE('',*,*,#1733,.T.);
#1251=ORIENTED_EDGE('',*,*,#2100,.T.);
#1252=ORIENTED_EDGE('',*,*,#1896,.F.);
#1253=ORIENTED_EDGE('',*,*,#2102,.F.);
#1254=ORIENTED_EDGE('',*,*,#1734,.T.);
#1255=ORIENTED_EDGE('',*,*,#2101,.T.);
#1256=ORIENTED_EDGE('',*,*,#1895,.T.);
#1257=ORIENTED_EDGE('',*,*,#2103,.F.);
#1258=ORIENTED_EDGE('',*,*,#1735,.F.);
#1259=ORIENTED_EDGE('',*,*,#2102,.T.);
#1260=ORIENTED_EDGE('',*,*,#1894,.F.);
#1261=ORIENTED_EDGE('',*,*,#2104,.F.);
#1262=ORIENTED_EDGE('',*,*,#1736,.T.);
#1263=ORIENTED_EDGE('',*,*,#2103,.T.);
#1264=ORIENTED_EDGE('',*,*,#1893,.F.);
#1265=ORIENTED_EDGE('',*,*,#2105,.F.);
#1266=ORIENTED_EDGE('',*,*,#1737,.T.);
#1267=ORIENTED_EDGE('',*,*,#2104,.T.);
#1268=ORIENTED_EDGE('',*,*,#1804,.F.);
#1269=ORIENTED_EDGE('',*,*,#1964,.T.);
#1270=ORIENTED_EDGE('',*,*,#1959,.T.);
#1271=ORIENTED_EDGE('',*,*,#2041,.F.);
#1272=ORIENTED_EDGE('',*,*,#1803,.F.);
#1273=ORIENTED_EDGE('',*,*,#2045,.T.);
#1274=ORIENTED_EDGE('',*,*,#1951,.T.);
#1275=ORIENTED_EDGE('',*,*,#2047,.F.);
#1276=ORIENTED_EDGE('',*,*,#1797,.F.);
#1277=ORIENTED_EDGE('',*,*,#2053,.T.);
#1278=ORIENTED_EDGE('',*,*,#1789,.F.);
#1279=ORIENTED_EDGE('',*,*,#1949,.T.);
#1280=ORIENTED_EDGE('',*,*,#1788,.F.);
#1281=ORIENTED_EDGE('',*,*,#1948,.T.);
#1282=ORIENTED_EDGE('',*,*,#1787,.F.);
#1283=ORIENTED_EDGE('',*,*,#1947,.T.);
#1284=ORIENTED_EDGE('',*,*,#1786,.F.);
#1285=ORIENTED_EDGE('',*,*,#1946,.T.);
#1286=ORIENTED_EDGE('',*,*,#1785,.F.);
#1287=ORIENTED_EDGE('',*,*,#1945,.T.);
#1288=ORIENTED_EDGE('',*,*,#1784,.F.);
#1289=ORIENTED_EDGE('',*,*,#1944,.T.);
#1290=ORIENTED_EDGE('',*,*,#1937,.F.);
#1291=ORIENTED_EDGE('',*,*,#2055,.F.);
#1292=ORIENTED_EDGE('',*,*,#1783,.T.);
#1293=ORIENTED_EDGE('',*,*,#2061,.T.);
#1294=ORIENTED_EDGE('',*,*,#1929,.T.);
#1295=ORIENTED_EDGE('',*,*,#2063,.F.);
#1296=ORIENTED_EDGE('',*,*,#1775,.F.);
#1297=ORIENTED_EDGE('',*,*,#2069,.T.);
#1298=ORIENTED_EDGE('',*,*,#1921,.T.);
#1299=ORIENTED_EDGE('',*,*,#2071,.F.);
#1300=ORIENTED_EDGE('',*,*,#1767,.F.);
#1301=ORIENTED_EDGE('',*,*,#2077,.T.);
#1302=ORIENTED_EDGE('',*,*,#1759,.F.);
#1303=ORIENTED_EDGE('',*,*,#1919,.T.);
#1304=ORIENTED_EDGE('',*,*,#1902,.T.);
#1305=ORIENTED_EDGE('',*,*,#2079,.F.);
#1306=ORIENTED_EDGE('',*,*,#1758,.F.);
#1307=ORIENTED_EDGE('',*,*,#2095,.T.);
#1308=ORIENTED_EDGE('',*,*,#1740,.T.);
#1309=ORIENTED_EDGE('',*,*,#1900,.F.);
#1310=ORIENTED_EDGE('',*,*,#1739,.T.);
#1311=ORIENTED_EDGE('',*,*,#1899,.F.);
#1312=ORIENTED_EDGE('',*,*,#1892,.F.);
#1313=ORIENTED_EDGE('',*,*,#2097,.F.);
#1314=ORIENTED_EDGE('',*,*,#1738,.T.);
#1315=ORIENTED_EDGE('',*,*,#2105,.T.);
#1316=ORIENTED_EDGE('',*,*,#1888,.T.);
#1317=ORIENTED_EDGE('',*,*,#2106,.F.);
#1318=ORIENTED_EDGE('',*,*,#1722,.F.);
#1319=ORIENTED_EDGE('',*,*,#2107,.T.);
#1320=ORIENTED_EDGE('',*,*,#1887,.T.);
#1321=ORIENTED_EDGE('',*,*,#2108,.F.);
#1322=ORIENTED_EDGE('',*,*,#1723,.F.);
#1323=ORIENTED_EDGE('',*,*,#2106,.T.);
#1324=ORIENTED_EDGE('',*,*,#1886,.T.);
#1325=ORIENTED_EDGE('',*,*,#2109,.F.);
#1326=ORIENTED_EDGE('',*,*,#1724,.F.);
#1327=ORIENTED_EDGE('',*,*,#2108,.T.);
#1328=ORIENTED_EDGE('',*,*,#1885,.T.);
#1329=ORIENTED_EDGE('',*,*,#2110,.F.);
#1330=ORIENTED_EDGE('',*,*,#1725,.F.);
#1331=ORIENTED_EDGE('',*,*,#2109,.T.);
#1332=ORIENTED_EDGE('',*,*,#1884,.T.);
#1333=ORIENTED_EDGE('',*,*,#2111,.F.);
#1334=ORIENTED_EDGE('',*,*,#1726,.F.);
#1335=ORIENTED_EDGE('',*,*,#2110,.T.);
#1336=ORIENTED_EDGE('',*,*,#1883,.T.);
#1337=ORIENTED_EDGE('',*,*,#2112,.F.);
#1338=ORIENTED_EDGE('',*,*,#1727,.F.);
#1339=ORIENTED_EDGE('',*,*,#2111,.T.);
#1340=ORIENTED_EDGE('',*,*,#1882,.T.);
#1341=ORIENTED_EDGE('',*,*,#2113,.F.);
#1342=ORIENTED_EDGE('',*,*,#1728,.F.);
#1343=ORIENTED_EDGE('',*,*,#2112,.T.);
#1344=ORIENTED_EDGE('',*,*,#2012,.T.);
#1345=ORIENTED_EDGE('',*,*,#2114,.F.);
#1346=ORIENTED_EDGE('',*,*,#1846,.F.);
#1347=ORIENTED_EDGE('',*,*,#2115,.T.);
#1348=ORIENTED_EDGE('',*,*,#2011,.T.);
#1349=ORIENTED_EDGE('',*,*,#2116,.F.);
#1350=ORIENTED_EDGE('',*,*,#1847,.F.);
#1351=ORIENTED_EDGE('',*,*,#2114,.T.);
#1352=ORIENTED_EDGE('',*,*,#2010,.T.);
#1353=ORIENTED_EDGE('',*,*,#2117,.F.);
#1354=ORIENTED_EDGE('',*,*,#1848,.F.);
#1355=ORIENTED_EDGE('',*,*,#2116,.T.);
#1356=ORIENTED_EDGE('',*,*,#2009,.T.);
#1357=ORIENTED_EDGE('',*,*,#2118,.F.);
#1358=ORIENTED_EDGE('',*,*,#1849,.F.);
#1359=ORIENTED_EDGE('',*,*,#2117,.T.);
#1360=ORIENTED_EDGE('',*,*,#2008,.T.);
#1361=ORIENTED_EDGE('',*,*,#2119,.F.);
#1362=ORIENTED_EDGE('',*,*,#1850,.F.);
#1363=ORIENTED_EDGE('',*,*,#2118,.T.);
#1364=ORIENTED_EDGE('',*,*,#2007,.F.);
#1365=ORIENTED_EDGE('',*,*,#2120,.F.);
#1366=ORIENTED_EDGE('',*,*,#1851,.T.);
#1367=ORIENTED_EDGE('',*,*,#2119,.T.);
#1368=ORIENTED_EDGE('',*,*,#2006,.T.);
#1369=ORIENTED_EDGE('',*,*,#2121,.F.);
#1370=ORIENTED_EDGE('',*,*,#1852,.F.);
#1371=ORIENTED_EDGE('',*,*,#2120,.T.);
#1372=ORIENTED_EDGE('',*,*,#2005,.F.);
#1373=ORIENTED_EDGE('',*,*,#2115,.F.);
#1374=ORIENTED_EDGE('',*,*,#1845,.T.);
#1375=ORIENTED_EDGE('',*,*,#2121,.T.);
#1376=ORIENTED_EDGE('',*,*,#1844,.F.);
#1377=ORIENTED_EDGE('',*,*,#2004,.T.);
#1378=ORIENTED_EDGE('',*,*,#2003,.T.);
#1379=ORIENTED_EDGE('',*,*,#2122,.F.);
#1380=ORIENTED_EDGE('',*,*,#1837,.F.);
#1381=ORIENTED_EDGE('',*,*,#2123,.T.);
#1382=ORIENTED_EDGE('',*,*,#2002,.T.);
#1383=ORIENTED_EDGE('',*,*,#2124,.F.);
#1384=ORIENTED_EDGE('',*,*,#1838,.F.);
#1385=ORIENTED_EDGE('',*,*,#2122,.T.);
#1386=ORIENTED_EDGE('',*,*,#2001,.T.);
#1387=ORIENTED_EDGE('',*,*,#2125,.F.);
#1388=ORIENTED_EDGE('',*,*,#1839,.F.);
#1389=ORIENTED_EDGE('',*,*,#2124,.T.);
#1390=ORIENTED_EDGE('',*,*,#2000,.F.);
#1391=ORIENTED_EDGE('',*,*,#2126,.F.);
#1392=ORIENTED_EDGE('',*,*,#1840,.T.);
#1393=ORIENTED_EDGE('',*,*,#2125,.T.);
#1394=ORIENTED_EDGE('',*,*,#1999,.T.);
#1395=ORIENTED_EDGE('',*,*,#2127,.F.);
#1396=ORIENTED_EDGE('',*,*,#1841,.F.);
#1397=ORIENTED_EDGE('',*,*,#2126,.T.);
#1398=ORIENTED_EDGE('',*,*,#1998,.T.);
#1399=ORIENTED_EDGE('',*,*,#2128,.F.);
#1400=ORIENTED_EDGE('',*,*,#1842,.F.);
#1401=ORIENTED_EDGE('',*,*,#2127,.T.);
#1402=ORIENTED_EDGE('',*,*,#1997,.T.);
#1403=ORIENTED_EDGE('',*,*,#2129,.F.);
#1404=ORIENTED_EDGE('',*,*,#1843,.F.);
#1405=ORIENTED_EDGE('',*,*,#2128,.T.);
#1406=ORIENTED_EDGE('',*,*,#1996,.F.);
#1407=ORIENTED_EDGE('',*,*,#2123,.F.);
#1408=ORIENTED_EDGE('',*,*,#1836,.T.);
#1409=ORIENTED_EDGE('',*,*,#2129,.T.);
#1410=ORIENTED_EDGE('',*,*,#1835,.F.);
#1411=ORIENTED_EDGE('',*,*,#1995,.T.);
#1412=ORIENTED_EDGE('',*,*,#1834,.F.);
#1413=ORIENTED_EDGE('',*,*,#1994,.T.);
#1414=ORIENTED_EDGE('',*,*,#1833,.F.);
#1415=ORIENTED_EDGE('',*,*,#1993,.T.);
#1416=ORIENTED_EDGE('',*,*,#1832,.F.);
#1417=ORIENTED_EDGE('',*,*,#1992,.T.);
#1418=ORIENTED_EDGE('',*,*,#1831,.F.);
#1419=ORIENTED_EDGE('',*,*,#1991,.T.);
#1420=ORIENTED_EDGE('',*,*,#1990,.F.);
#1421=ORIENTED_EDGE('',*,*,#2130,.F.);
#1422=ORIENTED_EDGE('',*,*,#1824,.T.);
#1423=ORIENTED_EDGE('',*,*,#2131,.T.);
#1424=ORIENTED_EDGE('',*,*,#1989,.T.);
#1425=ORIENTED_EDGE('',*,*,#2132,.F.);
#1426=ORIENTED_EDGE('',*,*,#1825,.F.);
#1427=ORIENTED_EDGE('',*,*,#2130,.T.);
#1428=ORIENTED_EDGE('',*,*,#1988,.F.);
#1429=ORIENTED_EDGE('',*,*,#2133,.F.);
#1430=ORIENTED_EDGE('',*,*,#1826,.T.);
#1431=ORIENTED_EDGE('',*,*,#2132,.T.);
#1432=ORIENTED_EDGE('',*,*,#1987,.F.);
#1433=ORIENTED_EDGE('',*,*,#2134,.F.);
#1434=ORIENTED_EDGE('',*,*,#1827,.T.);
#1435=ORIENTED_EDGE('',*,*,#2133,.T.);
#1436=ORIENTED_EDGE('',*,*,#1986,.F.);
#1437=ORIENTED_EDGE('',*,*,#2135,.F.);
#1438=ORIENTED_EDGE('',*,*,#1828,.T.);
#1439=ORIENTED_EDGE('',*,*,#2134,.T.);
#1440=ORIENTED_EDGE('',*,*,#1985,.T.);
#1441=ORIENTED_EDGE('',*,*,#2136,.F.);
#1442=ORIENTED_EDGE('',*,*,#1829,.F.);
#1443=ORIENTED_EDGE('',*,*,#2135,.T.);
#1444=ORIENTED_EDGE('',*,*,#1984,.F.);
#1445=ORIENTED_EDGE('',*,*,#2137,.F.);
#1446=ORIENTED_EDGE('',*,*,#1830,.T.);
#1447=ORIENTED_EDGE('',*,*,#2136,.T.);
#1448=ORIENTED_EDGE('',*,*,#1983,.F.);
#1449=ORIENTED_EDGE('',*,*,#2131,.F.);
#1450=ORIENTED_EDGE('',*,*,#1823,.T.);
#1451=ORIENTED_EDGE('',*,*,#2137,.T.);
#1452=ORIENTED_EDGE('',*,*,#1822,.F.);
#1453=ORIENTED_EDGE('',*,*,#1982,.T.);
#1454=ORIENTED_EDGE('',*,*,#1821,.F.);
#1455=ORIENTED_EDGE('',*,*,#1981,.T.);
#1456=ORIENTED_EDGE('',*,*,#1980,.T.);
#1457=ORIENTED_EDGE('',*,*,#2138,.F.);
#1458=ORIENTED_EDGE('',*,*,#1814,.F.);
#1459=ORIENTED_EDGE('',*,*,#2139,.T.);
#1460=ORIENTED_EDGE('',*,*,#1979,.F.);
#1461=ORIENTED_EDGE('',*,*,#2140,.F.);
#1462=ORIENTED_EDGE('',*,*,#1815,.T.);
#1463=ORIENTED_EDGE('',*,*,#2138,.T.);
#1464=ORIENTED_EDGE('',*,*,#1978,.T.);
#1465=ORIENTED_EDGE('',*,*,#2141,.F.);
#1466=ORIENTED_EDGE('',*,*,#1816,.F.);
#1467=ORIENTED_EDGE('',*,*,#2140,.T.);
#1468=ORIENTED_EDGE('',*,*,#1977,.F.);
#1469=ORIENTED_EDGE('',*,*,#2142,.F.);
#1470=ORIENTED_EDGE('',*,*,#1817,.T.);
#1471=ORIENTED_EDGE('',*,*,#2141,.T.);
#1472=ORIENTED_EDGE('',*,*,#1976,.T.);
#1473=ORIENTED_EDGE('',*,*,#2143,.F.);
#1474=ORIENTED_EDGE('',*,*,#1818,.F.);
#1475=ORIENTED_EDGE('',*,*,#2142,.T.);
#1476=ORIENTED_EDGE('',*,*,#1975,.T.);
#1477=ORIENTED_EDGE('',*,*,#2144,.F.);
#1478=ORIENTED_EDGE('',*,*,#1819,.F.);
#1479=ORIENTED_EDGE('',*,*,#2143,.T.);
#1480=ORIENTED_EDGE('',*,*,#1974,.T.);
#1481=ORIENTED_EDGE('',*,*,#2145,.F.);
#1482=ORIENTED_EDGE('',*,*,#1820,.F.);
#1483=ORIENTED_EDGE('',*,*,#2144,.T.);
#1484=ORIENTED_EDGE('',*,*,#1973,.F.);
#1485=ORIENTED_EDGE('',*,*,#2139,.F.);
#1486=ORIENTED_EDGE('',*,*,#1813,.T.);
#1487=ORIENTED_EDGE('',*,*,#2145,.T.);
#1488=ORIENTED_EDGE('',*,*,#1972,.T.);
#1489=ORIENTED_EDGE('',*,*,#2146,.F.);
#1490=ORIENTED_EDGE('',*,*,#1806,.F.);
#1491=ORIENTED_EDGE('',*,*,#2147,.T.);
#1492=ORIENTED_EDGE('',*,*,#1971,.F.);
#1493=ORIENTED_EDGE('',*,*,#2148,.F.);
#1494=ORIENTED_EDGE('',*,*,#1807,.T.);
#1495=ORIENTED_EDGE('',*,*,#2146,.T.);
#1496=ORIENTED_EDGE('',*,*,#1970,.T.);
#1497=ORIENTED_EDGE('',*,*,#2149,.F.);
#1498=ORIENTED_EDGE('',*,*,#1808,.F.);
#1499=ORIENTED_EDGE('',*,*,#2148,.T.);
#1500=ORIENTED_EDGE('',*,*,#1969,.F.);
#1501=ORIENTED_EDGE('',*,*,#2150,.F.);
#1502=ORIENTED_EDGE('',*,*,#1809,.T.);
#1503=ORIENTED_EDGE('',*,*,#2149,.T.);
#1504=ORIENTED_EDGE('',*,*,#1968,.F.);
#1505=ORIENTED_EDGE('',*,*,#2151,.F.);
#1506=ORIENTED_EDGE('',*,*,#1810,.T.);
#1507=ORIENTED_EDGE('',*,*,#2150,.T.);
#1508=ORIENTED_EDGE('',*,*,#1967,.F.);
#1509=ORIENTED_EDGE('',*,*,#2152,.F.);
#1510=ORIENTED_EDGE('',*,*,#1811,.T.);
#1511=ORIENTED_EDGE('',*,*,#2151,.T.);
#1512=ORIENTED_EDGE('',*,*,#1966,.T.);
#1513=ORIENTED_EDGE('',*,*,#2153,.F.);
#1514=ORIENTED_EDGE('',*,*,#1812,.F.);
#1515=ORIENTED_EDGE('',*,*,#2152,.T.);
#1516=ORIENTED_EDGE('',*,*,#1965,.F.);
#1517=ORIENTED_EDGE('',*,*,#2147,.F.);
#1518=ORIENTED_EDGE('',*,*,#1805,.T.);
#1519=ORIENTED_EDGE('',*,*,#2153,.T.);
#1520=ORIENTED_EDGE('',*,*,#1881,.F.);
#1521=ORIENTED_EDGE('',*,*,#2154,.T.);
#1522=ORIENTED_EDGE('',*,*,#1729,.T.);
#1523=ORIENTED_EDGE('',*,*,#2113,.T.);
#1524=ORIENTED_EDGE('',*,*,#1721,.T.);
#1525=ORIENTED_EDGE('',*,*,#2155,.F.);
#1526=ORIENTED_EDGE('',*,*,#1889,.F.);
#1527=ORIENTED_EDGE('',*,*,#2107,.F.);
#1528=ORIENTED_EDGE('',*,*,#2096,.F.);
#1529=ORIENTED_EDGE('',*,*,#1890,.T.);
#1530=ORIENTED_EDGE('',*,*,#2155,.T.);
#1531=ORIENTED_EDGE('',*,*,#1720,.F.);
#1532=ORIENTED_EDGE('',*,*,#1880,.F.);
#1533=ORIENTED_EDGE('',*,*,#2098,.T.);
#1534=ORIENTED_EDGE('',*,*,#1730,.T.);
#1535=ORIENTED_EDGE('',*,*,#2154,.F.);
#1536=ORIENTED_EDGE('',*,*,#1873,.T.);
#1537=ORIENTED_EDGE('',*,*,#2156,.T.);
#1538=ORIENTED_EDGE('',*,*,#1854,.F.);
#1539=ORIENTED_EDGE('',*,*,#2157,.F.);
#1540=ORIENTED_EDGE('',*,*,#2157,.T.);
#1541=ORIENTED_EDGE('',*,*,#1853,.T.);
#1542=ORIENTED_EDGE('',*,*,#2158,.F.);
#1543=ORIENTED_EDGE('',*,*,#1874,.F.);
#1544=ORIENTED_EDGE('',*,*,#2158,.T.);
#1545=ORIENTED_EDGE('',*,*,#1858,.T.);
#1546=ORIENTED_EDGE('',*,*,#2159,.F.);
#1547=ORIENTED_EDGE('',*,*,#1875,.F.);
#1548=ORIENTED_EDGE('',*,*,#2159,.T.);
#1549=ORIENTED_EDGE('',*,*,#1857,.T.);
#1550=ORIENTED_EDGE('',*,*,#2160,.F.);
#1551=ORIENTED_EDGE('',*,*,#1876,.F.);
#1552=ORIENTED_EDGE('',*,*,#1877,.T.);
#1553=ORIENTED_EDGE('',*,*,#2160,.T.);
#1554=ORIENTED_EDGE('',*,*,#1856,.F.);
#1555=ORIENTED_EDGE('',*,*,#2161,.F.);
#1556=ORIENTED_EDGE('',*,*,#2161,.T.);
#1557=ORIENTED_EDGE('',*,*,#1855,.T.);
#1558=ORIENTED_EDGE('',*,*,#2156,.F.);
#1559=ORIENTED_EDGE('',*,*,#1878,.F.);
#1560=ORIENTED_EDGE('',*,*,#1718,.T.);
#1561=ORIENTED_EDGE('',*,*,#2013,.F.);
#1562=ORIENTED_EDGE('',*,*,#1717,.T.);
#1563=ORIENTED_EDGE('',*,*,#2014,.F.);
#1564=ORIENTED_EDGE('',*,*,#2162,.T.);
#1565=ORIENTED_EDGE('',*,*,#1711,.T.);
#1566=ORIENTED_EDGE('',*,*,#2163,.F.);
#1567=ORIENTED_EDGE('',*,*,#2016,.F.);
#1568=ORIENTED_EDGE('',*,*,#2163,.T.);
#1569=ORIENTED_EDGE('',*,*,#1716,.T.);
#1570=ORIENTED_EDGE('',*,*,#2164,.F.);
#1571=ORIENTED_EDGE('',*,*,#2017,.F.);
#1572=ORIENTED_EDGE('',*,*,#2164,.T.);
#1573=ORIENTED_EDGE('',*,*,#1715,.T.);
#1574=ORIENTED_EDGE('',*,*,#2165,.F.);
#1575=ORIENTED_EDGE('',*,*,#2018,.F.);
#1576=ORIENTED_EDGE('',*,*,#2019,.T.);
#1577=ORIENTED_EDGE('',*,*,#2165,.T.);
#1578=ORIENTED_EDGE('',*,*,#1714,.F.);
#1579=ORIENTED_EDGE('',*,*,#2166,.F.);
#1580=ORIENTED_EDGE('',*,*,#2166,.T.);
#1581=ORIENTED_EDGE('',*,*,#1713,.T.);
#1582=ORIENTED_EDGE('',*,*,#2167,.F.);
#1583=ORIENTED_EDGE('',*,*,#2020,.F.);
#1584=ORIENTED_EDGE('',*,*,#2167,.T.);
#1585=ORIENTED_EDGE('',*,*,#1712,.T.);
#1586=ORIENTED_EDGE('',*,*,#2162,.F.);
#1587=ORIENTED_EDGE('',*,*,#2015,.F.);
#1588=ORIENTED_EDGE('',*,*,#1710,.T.);
#1589=ORIENTED_EDGE('',*,*,#2021,.F.);
#1590=ORIENTED_EDGE('',*,*,#2168,.T.);
#1591=ORIENTED_EDGE('',*,*,#1704,.T.);
#1592=ORIENTED_EDGE('',*,*,#2169,.F.);
#1593=ORIENTED_EDGE('',*,*,#2023,.F.);
#1594=ORIENTED_EDGE('',*,*,#2169,.T.);
#1595=ORIENTED_EDGE('',*,*,#1709,.T.);
#1596=ORIENTED_EDGE('',*,*,#2170,.F.);
#1597=ORIENTED_EDGE('',*,*,#2024,.F.);
#1598=ORIENTED_EDGE('',*,*,#2170,.T.);
#1599=ORIENTED_EDGE('',*,*,#1708,.T.);
#1600=ORIENTED_EDGE('',*,*,#2171,.F.);
#1601=ORIENTED_EDGE('',*,*,#2025,.F.);
#1602=ORIENTED_EDGE('',*,*,#2171,.T.);
#1603=ORIENTED_EDGE('',*,*,#1707,.T.);
#1604=ORIENTED_EDGE('',*,*,#2172,.F.);
#1605=ORIENTED_EDGE('',*,*,#2026,.F.);
#1606=ORIENTED_EDGE('',*,*,#2172,.T.);
#1607=ORIENTED_EDGE('',*,*,#1706,.T.);
#1608=ORIENTED_EDGE('',*,*,#2173,.F.);
#1609=ORIENTED_EDGE('',*,*,#2027,.F.);
#1610=ORIENTED_EDGE('',*,*,#2173,.T.);
#1611=ORIENTED_EDGE('',*,*,#1705,.T.);
#1612=ORIENTED_EDGE('',*,*,#2168,.F.);
#1613=ORIENTED_EDGE('',*,*,#2022,.F.);
#1614=ORIENTED_EDGE('',*,*,#2174,.T.);
#1615=ORIENTED_EDGE('',*,*,#1698,.T.);
#1616=ORIENTED_EDGE('',*,*,#2175,.F.);
#1617=ORIENTED_EDGE('',*,*,#2029,.F.);
#1618=ORIENTED_EDGE('',*,*,#2175,.T.);
#1619=ORIENTED_EDGE('',*,*,#1703,.T.);
#1620=ORIENTED_EDGE('',*,*,#2176,.F.);
#1621=ORIENTED_EDGE('',*,*,#2030,.F.);
#1622=ORIENTED_EDGE('',*,*,#2031,.T.);
#1623=ORIENTED_EDGE('',*,*,#2176,.T.);
#1624=ORIENTED_EDGE('',*,*,#1702,.F.);
#1625=ORIENTED_EDGE('',*,*,#2177,.F.);
#1626=ORIENTED_EDGE('',*,*,#2177,.T.);
#1627=ORIENTED_EDGE('',*,*,#1701,.T.);
#1628=ORIENTED_EDGE('',*,*,#2178,.F.);
#1629=ORIENTED_EDGE('',*,*,#2032,.F.);
#1630=ORIENTED_EDGE('',*,*,#2033,.T.);
#1631=ORIENTED_EDGE('',*,*,#2178,.T.);
#1632=ORIENTED_EDGE('',*,*,#1700,.F.);
#1633=ORIENTED_EDGE('',*,*,#2179,.F.);
#1634=ORIENTED_EDGE('',*,*,#2179,.T.);
#1635=ORIENTED_EDGE('',*,*,#1699,.T.);
#1636=ORIENTED_EDGE('',*,*,#2174,.F.);
#1637=ORIENTED_EDGE('',*,*,#2028,.F.);
#1638=ORIENTED_EDGE('',*,*,#2034,.T.);
#1639=ORIENTED_EDGE('',*,*,#2180,.T.);
#1640=ORIENTED_EDGE('',*,*,#1860,.F.);
#1641=ORIENTED_EDGE('',*,*,#2181,.F.);
#1642=ORIENTED_EDGE('',*,*,#2181,.T.);
#1643=ORIENTED_EDGE('',*,*,#1859,.T.);
#1644=ORIENTED_EDGE('',*,*,#2182,.F.);
#1645=ORIENTED_EDGE('',*,*,#2035,.F.);
#1646=ORIENTED_EDGE('',*,*,#2182,.T.);
#1647=ORIENTED_EDGE('',*,*,#1864,.T.);
#1648=ORIENTED_EDGE('',*,*,#2183,.F.);
#1649=ORIENTED_EDGE('',*,*,#2036,.F.);
#1650=ORIENTED_EDGE('',*,*,#2183,.T.);
#1651=ORIENTED_EDGE('',*,*,#1863,.T.);
#1652=ORIENTED_EDGE('',*,*,#2184,.F.);
#1653=ORIENTED_EDGE('',*,*,#2037,.F.);
#1654=ORIENTED_EDGE('',*,*,#2184,.T.);
#1655=ORIENTED_EDGE('',*,*,#1862,.T.);
#1656=ORIENTED_EDGE('',*,*,#2185,.F.);
#1657=ORIENTED_EDGE('',*,*,#2038,.F.);
#1658=ORIENTED_EDGE('',*,*,#2185,.T.);
#1659=ORIENTED_EDGE('',*,*,#1861,.T.);
#1660=ORIENTED_EDGE('',*,*,#2180,.F.);
#1661=ORIENTED_EDGE('',*,*,#2039,.F.);
#1662=ORIENTED_EDGE('',*,*,#2186,.T.);
#1663=ORIENTED_EDGE('',*,*,#1692,.T.);
#1664=ORIENTED_EDGE('',*,*,#2187,.F.);
#1665=ORIENTED_EDGE('',*,*,#1868,.F.);
#1666=ORIENTED_EDGE('',*,*,#2187,.T.);
#1667=ORIENTED_EDGE('',*,*,#1697,.T.);
#1668=ORIENTED_EDGE('',*,*,#2188,.F.);
#1669=ORIENTED_EDGE('',*,*,#1869,.F.);
#1670=ORIENTED_EDGE('',*,*,#2188,.T.);
#1671=ORIENTED_EDGE('',*,*,#1696,.T.);
#1672=ORIENTED_EDGE('',*,*,#2189,.F.);
#1673=ORIENTED_EDGE('',*,*,#1870,.F.);
#1674=ORIENTED_EDGE('',*,*,#1871,.T.);
#1675=ORIENTED_EDGE('',*,*,#2189,.T.);
#1676=ORIENTED_EDGE('',*,*,#1695,.F.);
#1677=ORIENTED_EDGE('',*,*,#2190,.F.);
#1678=ORIENTED_EDGE('',*,*,#2190,.T.);
#1679=ORIENTED_EDGE('',*,*,#1694,.T.);
#1680=ORIENTED_EDGE('',*,*,#2191,.F.);
#1681=ORIENTED_EDGE('',*,*,#1872,.F.);
#1682=ORIENTED_EDGE('',*,*,#2191,.T.);
#1683=ORIENTED_EDGE('',*,*,#1693,.T.);
#1684=ORIENTED_EDGE('',*,*,#2186,.F.);
#1685=ORIENTED_EDGE('',*,*,#1867,.F.);
#1686=ORIENTED_EDGE('',*,*,#1691,.T.);
#1687=ORIENTED_EDGE('',*,*,#1866,.F.);
#1688=ORIENTED_EDGE('',*,*,#1690,.T.);
#1689=ORIENTED_EDGE('',*,*,#1865,.F.);
#1690=EDGE_CURVE('',#2192,#2192,#2542,.T.);
#1691=EDGE_CURVE('',#2193,#2193,#2543,.T.);
#1692=EDGE_CURVE('',#2194,#2195,#2544,.T.);
#1693=EDGE_CURVE('',#2196,#2194,#122,.T.);
#1694=EDGE_CURVE('',#2197,#2196,#2545,.T.);
#1695=EDGE_CURVE('',#2197,#2198,#123,.T.);
#1696=EDGE_CURVE('',#2199,#2198,#2546,.T.);
#1697=EDGE_CURVE('',#2195,#2199,#124,.T.);
#1698=EDGE_CURVE('',#2200,#2201,#125,.T.);
#1699=EDGE_CURVE('',#2202,#2200,#2547,.T.);
#1700=EDGE_CURVE('',#2202,#2203,#126,.T.);
#1701=EDGE_CURVE('',#2204,#2203,#2548,.T.);
#1702=EDGE_CURVE('',#2204,#2205,#127,.T.);
#1703=EDGE_CURVE('',#2201,#2205,#2549,.T.);
#1704=EDGE_CURVE('',#2206,#2207,#2550,.T.);
#1705=EDGE_CURVE('',#2208,#2206,#128,.T.);
#1706=EDGE_CURVE('',#2209,#2208,#2551,.T.);
#1707=EDGE_CURVE('',#2210,#2209,#129,.T.);
#1708=EDGE_CURVE('',#2211,#2210,#2552,.T.);
#1709=EDGE_CURVE('',#2207,#2211,#130,.T.);
#1710=EDGE_CURVE('',#2212,#2212,#2553,.T.);
#1711=EDGE_CURVE('',#2213,#2214,#2554,.T.);
#1712=EDGE_CURVE('',#2215,#2213,#131,.T.);
#1713=EDGE_CURVE('',#2216,#2215,#2555,.T.);
#1714=EDGE_CURVE('',#2216,#2217,#132,.T.);
#1715=EDGE_CURVE('',#2218,#2217,#2556,.T.);
#1716=EDGE_CURVE('',#2214,#2218,#133,.T.);
#1717=EDGE_CURVE('',#2219,#2219,#2557,.T.);
#1718=EDGE_CURVE('',#2220,#2220,#2558,.T.);
#1719=EDGE_CURVE('',#2221,#2222,#2559,.T.);
#1720=EDGE_CURVE('',#2221,#2223,#134,.T.);
#1721=EDGE_CURVE('',#2224,#2223,#2560,.T.);
#1722=EDGE_CURVE('',#2224,#2225,#135,.T.);
#1723=EDGE_CURVE('',#2225,#2226,#2561,.T.);
#1724=EDGE_CURVE('',#2226,#2227,#136,.T.);
#1725=EDGE_CURVE('',#2227,#2228,#2562,.T.);
#1726=EDGE_CURVE('',#2228,#2229,#137,.T.);
#1727=EDGE_CURVE('',#2229,#2230,#2563,.T.);
#1728=EDGE_CURVE('',#2230,#2231,#138,.T.);
#1729=EDGE_CURVE('',#2232,#2231,#2564,.T.);
#1730=EDGE_CURVE('',#2233,#2232,#139,.T.);
#1731=EDGE_CURVE('',#2234,#2233,#2565,.T.);
#1732=EDGE_CURVE('',#2235,#2234,#140,.T.);
#1733=EDGE_CURVE('',#2236,#2235,#2566,.T.);
#1734=EDGE_CURVE('',#2237,#2236,#141,.T.);
#1735=EDGE_CURVE('',#2237,#2238,#2567,.T.);
#1736=EDGE_CURVE('',#2239,#2238,#142,.T.);
#1737=EDGE_CURVE('',#2240,#2239,#2568,.T.);
#1738=EDGE_CURVE('',#2222,#2240,#143,.T.);
#1739=EDGE_CURVE('',#2241,#2241,#2569,.T.);
#1740=EDGE_CURVE('',#2242,#2242,#2570,.T.);
#1741=EDGE_CURVE('',#2243,#2244,#144,.T.);
#1742=EDGE_CURVE('',#2245,#2243,#2571,.T.);
#1743=EDGE_CURVE('',#2246,#2245,#145,.T.);
#1744=EDGE_CURVE('',#2247,#2246,#2572,.T.);
#1745=EDGE_CURVE('',#2248,#2247,#146,.T.);
#1746=EDGE_CURVE('',#2248,#2249,#147,.T.);
#1747=EDGE_CURVE('',#2250,#2249,#148,.T.);
#1748=EDGE_CURVE('',#2251,#2250,#2573,.T.);
#1749=EDGE_CURVE('',#2252,#2251,#149,.T.);
#1750=EDGE_CURVE('',#2252,#2253,#2574,.F.);
#1751=EDGE_CURVE('',#2254,#2253,#150,.T.);
#1752=EDGE_CURVE('',#2254,#2255,#2575,.F.);
#1753=EDGE_CURVE('',#2256,#2255,#151,.T.);
#1754=EDGE_CURVE('',#2257,#2256,#2576,.T.);
#1755=EDGE_CURVE('',#2258,#2257,#152,.T.);
#1756=EDGE_CURVE('',#2258,#2259,#2577,.F.);
#1757=EDGE_CURVE('',#2260,#2259,#153,.T.);
#1758=EDGE_CURVE('',#2260,#2244,#2578,.F.);
#1759=EDGE_CURVE('',#2261,#2261,#2579,.T.);
#1760=EDGE_CURVE('',#2262,#2263,#2580,.T.);
#1761=EDGE_CURVE('',#2262,#2264,#154,.T.);
#1762=EDGE_CURVE('',#2265,#2264,#2581,.T.);
#1763=EDGE_CURVE('',#2265,#2266,#2582,.T.);
#1764=EDGE_CURVE('',#2267,#2266,#2583,.T.);
#1765=EDGE_CURVE('',#2268,#2267,#155,.T.);
#1766=EDGE_CURVE('',#2269,#2268,#2584,.T.);
#1767=EDGE_CURVE('',#2269,#2263,#156,.T.);
#1768=EDGE_CURVE('',#2270,#2271,#157,.T.);
#1769=EDGE_CURVE('',#2270,#2272,#2585,.F.);
#1770=EDGE_CURVE('',#2273,#2272,#158,.T.);
#1771=EDGE_CURVE('',#2273,#2274,#2586,.F.);
#1772=EDGE_CURVE('',#2274,#2275,#159,.T.);
#1773=EDGE_CURVE('',#2275,#2276,#2587,.F.);
#1774=EDGE_CURVE('',#2277,#2276,#2588,.F.);
#1775=EDGE_CURVE('',#2277,#2271,#2589,.F.);
#1776=EDGE_CURVE('',#2278,#2279,#160,.T.);
#1777=EDGE_CURVE('',#2279,#2280,#2590,.F.);
#1778=EDGE_CURVE('',#2281,#2280,#2591,.F.);
#1779=EDGE_CURVE('',#2281,#2282,#2592,.F.);
#1780=EDGE_CURVE('',#2282,#2283,#161,.T.);
#1781=EDGE_CURVE('',#2283,#2284,#2593,.F.);
#1782=EDGE_CURVE('',#2285,#2284,#2594,.F.);
#1783=EDGE_CURVE('',#2278,#2285,#2595,.T.);
#1784=EDGE_CURVE('',#2286,#2286,#2596,.T.);
#1785=EDGE_CURVE('',#2287,#2287,#2597,.T.);
#1786=EDGE_CURVE('',#2288,#2288,#2598,.T.);
#1787=EDGE_CURVE('',#2289,#2289,#2599,.T.);
#1788=EDGE_CURVE('',#2290,#2290,#2600,.T.);
#1789=EDGE_CURVE('',#2291,#2291,#2601,.T.);
#1790=EDGE_CURVE('',#2292,#2293,#2602,.T.);
#1791=EDGE_CURVE('',#2294,#2292,#162,.T.);
#1792=EDGE_CURVE('',#2295,#2294,#2603,.T.);
#1793=EDGE_CURVE('',#2295,#2296,#2604,.T.);
#1794=EDGE_CURVE('',#2297,#2296,#2605,.T.);
#1795=EDGE_CURVE('',#2298,#2297,#163,.T.);
#1796=EDGE_CURVE('',#2298,#2299,#2606,.F.);
#1797=EDGE_CURVE('',#2299,#2293,#2607,.T.);
#1798=EDGE_CURVE('',#2300,#2301,#2608,.T.);
#1799=EDGE_CURVE('',#2302,#2300,#164,.T.);
#1800=EDGE_CURVE('',#2303,#2302,#2609,.T.);
#1801=EDGE_CURVE('',#2303,#2304,#165,.T.);
#1802=EDGE_CURVE('',#2305,#2304,#2610,.T.);
#1803=EDGE_CURVE('',#2305,#2301,#166,.T.);
#1804=EDGE_CURVE('',#2306,#2306,#2611,.T.);
#1805=EDGE_CURVE('',#2307,#2308,#2612,.T.);
#1806=EDGE_CURVE('',#2307,#2309,#167,.T.);
#1807=EDGE_CURVE('',#2310,#2309,#2613,.T.);
#1808=EDGE_CURVE('',#2310,#2311,#2614,.T.);
#1809=EDGE_CURVE('',#2312,#2311,#2615,.T.);
#1810=EDGE_CURVE('',#2313,#2312,#168,.T.);
#1811=EDGE_CURVE('',#2314,#2313,#2616,.T.);
#1812=EDGE_CURVE('',#2314,#2308,#169,.T.);
#1813=EDGE_CURVE('',#2315,#2316,#2617,.F.);
#1814=EDGE_CURVE('',#2315,#2317,#2618,.F.);
#1815=EDGE_CURVE('',#2318,#2317,#170,.T.);
#1816=EDGE_CURVE('',#2318,#2319,#2619,.F.);
#1817=EDGE_CURVE('',#2320,#2319,#171,.T.);
#1818=EDGE_CURVE('',#2320,#2321,#2620,.F.);
#1819=EDGE_CURVE('',#2321,#2322,#172,.T.);
#1820=EDGE_CURVE('',#2322,#2316,#2621,.F.);
#1821=EDGE_CURVE('',#2323,#2323,#2622,.T.);
#1822=EDGE_CURVE('',#2324,#2324,#2623,.T.);
#1823=EDGE_CURVE('',#2325,#2326,#173,.T.);
#1824=EDGE_CURVE('',#2327,#2325,#2624,.T.);
#1825=EDGE_CURVE('',#2327,#2328,#2625,.T.);
#1826=EDGE_CURVE('',#2329,#2328,#2626,.T.);
#1827=EDGE_CURVE('',#2330,#2329,#174,.T.);
#1828=EDGE_CURVE('',#2331,#2330,#2627,.T.);
#1829=EDGE_CURVE('',#2331,#2332,#2628,.T.);
#1830=EDGE_CURVE('',#2326,#2332,#2629,.T.);
#1831=EDGE_CURVE('',#2333,#2333,#2630,.T.);
#1832=EDGE_CURVE('',#2334,#2334,#2631,.T.);
#1833=EDGE_CURVE('',#2335,#2335,#2632,.T.);
#1834=EDGE_CURVE('',#2336,#2336,#2633,.T.);
#1835=EDGE_CURVE('',#2337,#2337,#2634,.T.);
#1836=EDGE_CURVE('',#2338,#2339,#2635,.F.);
#1837=EDGE_CURVE('',#2338,#2340,#2636,.F.);
#1838=EDGE_CURVE('',#2340,#2341,#175,.T.);
#1839=EDGE_CURVE('',#2341,#2342,#2637,.F.);
#1840=EDGE_CURVE('',#2343,#2342,#2638,.F.);
#1841=EDGE_CURVE('',#2343,#2344,#2639,.F.);
#1842=EDGE_CURVE('',#2344,#2345,#176,.T.);
#1843=EDGE_CURVE('',#2345,#2339,#2640,.F.);
#1844=EDGE_CURVE('',#2346,#2346,#2641,.T.);
#1845=EDGE_CURVE('',#2347,#2348,#177,.T.);
#1846=EDGE_CURVE('',#2347,#2349,#2642,.F.);
#1847=EDGE_CURVE('',#2349,#2350,#178,.T.);
#1848=EDGE_CURVE('',#2350,#2351,#2643,.F.);
#1849=EDGE_CURVE('',#2351,#2352,#179,.T.);
#1850=EDGE_CURVE('',#2352,#2353,#2644,.F.);
#1851=EDGE_CURVE('',#2354,#2353,#180,.T.);
#1852=EDGE_CURVE('',#2354,#2348,#2645,.F.);
#1853=EDGE_CURVE('',#2355,#2356,#2646,.T.);
#1854=EDGE_CURVE('',#2355,#2357,#181,.T.);
#1855=EDGE_CURVE('',#2358,#2357,#2647,.T.);
#1856=EDGE_CURVE('',#2358,#2359,#182,.T.);
#1857=EDGE_CURVE('',#2360,#2359,#2648,.T.);
#1858=EDGE_CURVE('',#2356,#2360,#183,.T.);
#1859=EDGE_CURVE('',#2361,#2362,#2649,.T.);
#1860=EDGE_CURVE('',#2361,#2363,#184,.T.);
#1861=EDGE_CURVE('',#2364,#2363,#2650,.T.);
#1862=EDGE_CURVE('',#2365,#2364,#185,.T.);
#1863=EDGE_CURVE('',#2366,#2365,#2651,.T.);
#1864=EDGE_CURVE('',#2362,#2366,#186,.T.);
#1865=EDGE_CURVE('',#2367,#2367,#2652,.T.);
#1866=EDGE_CURVE('',#2368,#2368,#2653,.T.);
#1867=EDGE_CURVE('',#2369,#2370,#187,.T.);
#1868=EDGE_CURVE('',#2370,#2371,#2654,.T.);
#1869=EDGE_CURVE('',#2371,#2372,#188,.T.);
#1870=EDGE_CURVE('',#2372,#2373,#2655,.T.);
#1871=EDGE_CURVE('',#2374,#2373,#189,.T.);
#1872=EDGE_CURVE('',#2374,#2369,#2656,.T.);
#1873=EDGE_CURVE('',#2375,#2376,#190,.T.);
#1874=EDGE_CURVE('',#2375,#2377,#2657,.T.);
#1875=EDGE_CURVE('',#2377,#2378,#191,.T.);
#1876=EDGE_CURVE('',#2378,#2379,#2658,.T.);
#1877=EDGE_CURVE('',#2380,#2379,#192,.T.);
#1878=EDGE_CURVE('',#2380,#2376,#2659,.T.);
#1879=EDGE_CURVE('',#2381,#2382,#2660,.T.);
#1880=EDGE_CURVE('',#2382,#2383,#193,.T.);
#1881=EDGE_CURVE('',#2383,#2384,#2661,.T.);
#1882=EDGE_CURVE('',#2385,#2384,#194,.T.);
#1883=EDGE_CURVE('',#2386,#2385,#2662,.T.);
#1884=EDGE_CURVE('',#2387,#2386,#195,.T.);
#1885=EDGE_CURVE('',#2388,#2387,#2663,.T.);
#1886=EDGE_CURVE('',#2389,#2388,#196,.T.);
#1887=EDGE_CURVE('',#2390,#2389,#2664,.T.);
#1888=EDGE_CURVE('',#2391,#2390,#197,.T.);
#1889=EDGE_CURVE('',#2391,#2392,#2665,.T.);
#1890=EDGE_CURVE('',#2393,#2392,#198,.T.);
#1891=EDGE_CURVE('',#2393,#2394,#2666,.T.);
#1892=EDGE_CURVE('',#2394,#2395,#199,.T.);
#1893=EDGE_CURVE('',#2395,#2396,#2667,.T.);
#1894=EDGE_CURVE('',#2396,#2397,#200,.T.);
#1895=EDGE_CURVE('',#2398,#2397,#2668,.T.);
#1896=EDGE_CURVE('',#2398,#2399,#201,.T.);
#1897=EDGE_CURVE('',#2399,#2400,#2669,.T.);
#1898=EDGE_CURVE('',#2400,#2381,#202,.T.);
#1899=EDGE_CURVE('',#2401,#2401,#2670,.T.);
#1900=EDGE_CURVE('',#2402,#2402,#2671,.T.);
#1901=EDGE_CURVE('',#2403,#2404,#203,.T.);
#1902=EDGE_CURVE('',#2405,#2404,#2672,.F.);
#1903=EDGE_CURVE('',#2405,#2406,#204,.T.);
#1904=EDGE_CURVE('',#2407,#2406,#2673,.F.);
#1905=EDGE_CURVE('',#2407,#2408,#205,.T.);
#1906=EDGE_CURVE('',#2408,#2409,#2674,.T.);
#1907=EDGE_CURVE('',#2409,#2410,#206,.T.);
#1908=EDGE_CURVE('',#2411,#2410,#2675,.F.);
#1909=EDGE_CURVE('',#2411,#2412,#207,.T.);
#1910=EDGE_CURVE('',#2413,#2412,#2676,.F.);
#1911=EDGE_CURVE('',#2413,#2414,#208,.T.);
#1912=EDGE_CURVE('',#2414,#2415,#2677,.T.);
#1913=EDGE_CURVE('',#2415,#2416,#209,.T.);
#1914=EDGE_CURVE('',#2417,#2416,#210,.T.);
#1915=EDGE_CURVE('',#2417,#2418,#211,.T.);
#1916=EDGE_CURVE('',#2418,#2419,#2678,.T.);
#1917=EDGE_CURVE('',#2419,#2420,#212,.T.);
#1918=EDGE_CURVE('',#2420,#2403,#2679,.T.);
#1919=EDGE_CURVE('',#2421,#2421,#2680,.T.);
#1920=EDGE_CURVE('',#2422,#2423,#2681,.T.);
#1921=EDGE_CURVE('',#2424,#2423,#213,.T.);
#1922=EDGE_CURVE('',#2424,#2425,#2682,.T.);
#1923=EDGE_CURVE('',#2425,#2426,#214,.T.);
#1924=EDGE_CURVE('',#2426,#2427,#2683,.T.);
#1925=EDGE_CURVE('',#2428,#2427,#2684,.T.);
#1926=EDGE_CURVE('',#2428,#2429,#2685,.T.);
#1927=EDGE_CURVE('',#2422,#2429,#215,.T.);
#1928=EDGE_CURVE('',#2430,#2431,#216,.T.);
#1929=EDGE_CURVE('',#2432,#2431,#2686,.F.);
#1930=EDGE_CURVE('',#2432,#2433,#2687,.F.);
#1931=EDGE_CURVE('',#2434,#2433,#2688,.F.);
#1932=EDGE_CURVE('',#2435,#2434,#217,.T.);
#1933=EDGE_CURVE('',#2436,#2435,#2689,.F.);
#1934=EDGE_CURVE('',#2436,#2437,#218,.T.);
#1935=EDGE_CURVE('',#2430,#2437,#2690,.F.);
#1936=EDGE_CURVE('',#2438,#2439,#219,.T.);
#1937=EDGE_CURVE('',#2438,#2440,#2691,.T.);
#1938=EDGE_CURVE('',#2440,#2441,#2692,.F.);
#1939=EDGE_CURVE('',#2442,#2441,#2693,.F.);
#1940=EDGE_CURVE('',#2443,#2442,#220,.T.);
#1941=EDGE_CURVE('',#2444,#2443,#2694,.F.);
#1942=EDGE_CURVE('',#2444,#2445,#2695,.F.);
#1943=EDGE_CURVE('',#2439,#2445,#2696,.F.);
#1944=EDGE_CURVE('',#2446,#2446,#2697,.T.);
#1945=EDGE_CURVE('',#2447,#2447,#2698,.T.);
#1946=EDGE_CURVE('',#2448,#2448,#2699,.T.);
#1947=EDGE_CURVE('',#2449,#2449,#2700,.T.);
#1948=EDGE_CURVE('',#2450,#2450,#2701,.T.);
#1949=EDGE_CURVE('',#2451,#2451,#2702,.T.);
#1950=EDGE_CURVE('',#2452,#2453,#2703,.T.);
#1951=EDGE_CURVE('',#2454,#2453,#2704,.T.);
#1952=EDGE_CURVE('',#2455,#2454,#2705,.F.);
#1953=EDGE_CURVE('',#2455,#2456,#221,.T.);
#1954=EDGE_CURVE('',#2456,#2457,#2706,.T.);
#1955=EDGE_CURVE('',#2458,#2457,#2707,.T.);
#1956=EDGE_CURVE('',#2458,#2459,#2708,.T.);
#1957=EDGE_CURVE('',#2459,#2452,#222,.T.);
#1958=EDGE_CURVE('',#2460,#2461,#2709,.T.);
#1959=EDGE_CURVE('',#2462,#2461,#223,.T.);
#1960=EDGE_CURVE('',#2462,#2463,#2710,.T.);
#1961=EDGE_CURVE('',#2464,#2463,#224,.T.);
#1962=EDGE_CURVE('',#2464,#2465,#2711,.T.);
#1963=EDGE_CURVE('',#2465,#2460,#225,.T.);
#1964=EDGE_CURVE('',#2466,#2466,#2712,.T.);
#1965=EDGE_CURVE('',#2467,#2468,#2713,.T.);
#1966=EDGE_CURVE('',#2469,#2468,#226,.T.);
#1967=EDGE_CURVE('',#2469,#2470,#2714,.T.);
#1968=EDGE_CURVE('',#2470,#2471,#227,.T.);
#1969=EDGE_CURVE('',#2471,#2472,#2715,.T.);
#1970=EDGE_CURVE('',#2473,#2472,#2716,.T.);
#1971=EDGE_CURVE('',#2473,#2474,#2717,.T.);
#1972=EDGE_CURVE('',#2467,#2474,#228,.T.);
#1973=EDGE_CURVE('',#2475,#2476,#2718,.F.);
#1974=EDGE_CURVE('',#2477,#2476,#2719,.F.);
#1975=EDGE_CURVE('',#2478,#2477,#229,.T.);
#1976=EDGE_CURVE('',#2479,#2478,#2720,.F.);
#1977=EDGE_CURVE('',#2479,#2480,#230,.T.);
#1978=EDGE_CURVE('',#2481,#2480,#2721,.F.);
#1979=EDGE_CURVE('',#2481,#2482,#231,.T.);
#1980=EDGE_CURVE('',#2475,#2482,#2722,.F.);
#1981=EDGE_CURVE('',#2483,#2483,#2723,.T.);
#1982=EDGE_CURVE('',#2484,#2484,#2724,.T.);
#1983=EDGE_CURVE('',#2485,#2486,#232,.T.);
#1984=EDGE_CURVE('',#2486,#2487,#2725,.T.);
#1985=EDGE_CURVE('',#2488,#2487,#2726,.T.);
#1986=EDGE_CURVE('',#2488,#2489,#2727,.T.);
#1987=EDGE_CURVE('',#2489,#2490,#233,.T.);
#1988=EDGE_CURVE('',#2490,#2491,#2728,.T.);
#1989=EDGE_CURVE('',#2492,#2491,#2729,.T.);
#1990=EDGE_CURVE('',#2492,#2485,#2730,.T.);
#1991=EDGE_CURVE('',#2493,#2493,#2731,.T.);
#1992=EDGE_CURVE('',#2494,#2494,#2732,.T.);
#1993=EDGE_CURVE('',#2495,#2495,#2733,.T.);
#1994=EDGE_CURVE('',#2496,#2496,#2734,.T.);
#1995=EDGE_CURVE('',#2497,#2497,#2735,.T.);
#1996=EDGE_CURVE('',#2498,#2499,#2736,.F.);
#1997=EDGE_CURVE('',#2500,#2499,#2737,.F.);
#1998=EDGE_CURVE('',#2501,#2500,#234,.T.);
#1999=EDGE_CURVE('',#2502,#2501,#2738,.F.);
#2000=EDGE_CURVE('',#2502,#2503,#2739,.F.);
#2001=EDGE_CURVE('',#2504,#2503,#2740,.F.);
#2002=EDGE_CURVE('',#2505,#2504,#235,.T.);
#2003=EDGE_CURVE('',#2498,#2505,#2741,.F.);
#2004=EDGE_CURVE('',#2506,#2506,#2742,.T.);
#2005=EDGE_CURVE('',#2507,#2508,#236,.T.);
#2006=EDGE_CURVE('',#2509,#2508,#2743,.F.);
#2007=EDGE_CURVE('',#2509,#2510,#237,.T.);
#2008=EDGE_CURVE('',#2511,#2510,#2744,.F.);
#2009=EDGE_CURVE('',#2512,#2511,#238,.T.);
#2010=EDGE_CURVE('',#2513,#2512,#2745,.F.);
#2011=EDGE_CURVE('',#2514,#2513,#239,.T.);
#2012=EDGE_CURVE('',#2507,#2514,#2746,.F.);
#2013=EDGE_CURVE('',#2515,#2515,#2747,.T.);
#2014=EDGE_CURVE('',#2516,#2516,#2748,.T.);
#2015=EDGE_CURVE('',#2517,#2518,#240,.T.);
#2016=EDGE_CURVE('',#2518,#2519,#2749,.T.);
#2017=EDGE_CURVE('',#2519,#2520,#241,.T.);
#2018=EDGE_CURVE('',#2520,#2521,#2750,.T.);
#2019=EDGE_CURVE('',#2522,#2521,#242,.T.);
#2020=EDGE_CURVE('',#2522,#2517,#2751,.T.);
#2021=EDGE_CURVE('',#2523,#2523,#2752,.T.);
#2022=EDGE_CURVE('',#2524,#2525,#243,.T.);
#2023=EDGE_CURVE('',#2525,#2526,#2753,.T.);
#2024=EDGE_CURVE('',#2526,#2527,#244,.T.);
#2025=EDGE_CURVE('',#2527,#2528,#2754,.T.);
#2026=EDGE_CURVE('',#2528,#2529,#245,.T.);
#2027=EDGE_CURVE('',#2529,#2524,#2755,.T.);
#2028=EDGE_CURVE('',#2530,#2531,#2756,.T.);
#2029=EDGE_CURVE('',#2531,#2532,#246,.T.);
#2030=EDGE_CURVE('',#2532,#2533,#2757,.T.);
#2031=EDGE_CURVE('',#2534,#2533,#247,.T.);
#2032=EDGE_CURVE('',#2534,#2535,#2758,.T.);
#2033=EDGE_CURVE('',#2530,#2535,#248,.T.);
#2034=EDGE_CURVE('',#2536,#2537,#249,.T.);
#2035=EDGE_CURVE('',#2536,#2538,#2759,.T.);
#2036=EDGE_CURVE('',#2538,#2539,#250,.T.);
#2037=EDGE_CURVE('',#2539,#2540,#2760,.T.);
#2038=EDGE_CURVE('',#2540,#2541,#251,.T.);
#2039=EDGE_CURVE('',#2541,#2537,#2761,.T.);
#2040=EDGE_CURVE('',#2300,#2460,#252,.T.);
#2041=EDGE_CURVE('',#2301,#2461,#253,.T.);
#2042=EDGE_CURVE('',#2302,#2465,#254,.T.);
#2043=EDGE_CURVE('',#2303,#2464,#255,.T.);
#2044=EDGE_CURVE('',#2304,#2463,#256,.T.);
#2045=EDGE_CURVE('',#2305,#2462,#257,.T.);
#2046=EDGE_CURVE('',#2292,#2452,#258,.T.);
#2047=EDGE_CURVE('',#2293,#2453,#259,.T.);
#2048=EDGE_CURVE('',#2294,#2459,#260,.T.);
#2049=EDGE_CURVE('',#2295,#2458,#261,.T.);
#2050=EDGE_CURVE('',#2296,#2457,#262,.T.);
#2051=EDGE_CURVE('',#2297,#2456,#263,.T.);
#2052=EDGE_CURVE('',#2298,#2455,#264,.T.);
#2053=EDGE_CURVE('',#2299,#2454,#265,.T.);
#2054=EDGE_CURVE('',#2279,#2439,#266,.T.);
#2055=EDGE_CURVE('',#2278,#2438,#267,.T.);
#2056=EDGE_CURVE('',#2280,#2445,#268,.T.);
#2057=EDGE_CURVE('',#2281,#2444,#269,.T.);
#2058=EDGE_CURVE('',#2282,#2443,#270,.T.);
#2059=EDGE_CURVE('',#2283,#2442,#271,.T.);
#2060=EDGE_CURVE('',#2284,#2441,#272,.T.);
#2061=EDGE_CURVE('',#2285,#2440,#273,.T.);
#2062=EDGE_CURVE('',#2270,#2430,#274,.T.);
#2063=EDGE_CURVE('',#2271,#2431,#275,.T.);
#2064=EDGE_CURVE('',#2272,#2437,#276,.T.);
#2065=EDGE_CURVE('',#2273,#2436,#277,.T.);
#2066=EDGE_CURVE('',#2274,#2435,#278,.T.);
#2067=EDGE_CURVE('',#2275,#2434,#279,.T.);
#2068=EDGE_CURVE('',#2276,#2433,#280,.T.);
#2069=EDGE_CURVE('',#2277,#2432,#281,.T.);
#2070=EDGE_CURVE('',#2262,#2422,#282,.T.);
#2071=EDGE_CURVE('',#2263,#2423,#283,.T.);
#2072=EDGE_CURVE('',#2264,#2429,#284,.T.);
#2073=EDGE_CURVE('',#2265,#2428,#285,.T.);
#2074=EDGE_CURVE('',#2266,#2427,#286,.T.);
#2075=EDGE_CURVE('',#2267,#2426,#287,.T.);
#2076=EDGE_CURVE('',#2268,#2425,#288,.T.);
#2077=EDGE_CURVE('',#2269,#2424,#289,.T.);
#2078=EDGE_CURVE('',#2243,#2403,#290,.T.);
#2079=EDGE_CURVE('',#2244,#2404,#291,.T.);
#2080=EDGE_CURVE('',#2245,#2420,#292,.T.);
#2081=EDGE_CURVE('',#2246,#2419,#293,.T.);
#2082=EDGE_CURVE('',#2247,#2418,#294,.T.);
#2083=EDGE_CURVE('',#2248,#2417,#295,.T.);
#2084=EDGE_CURVE('',#2249,#2416,#296,.T.);
#2085=EDGE_CURVE('',#2250,#2415,#297,.T.);
#2086=EDGE_CURVE('',#2251,#2414,#298,.T.);
#2087=EDGE_CURVE('',#2252,#2413,#299,.T.);
#2088=EDGE_CURVE('',#2253,#2412,#300,.T.);
#2089=EDGE_CURVE('',#2254,#2411,#301,.T.);
#2090=EDGE_CURVE('',#2255,#2410,#302,.T.);
#2091=EDGE_CURVE('',#2256,#2409,#303,.T.);
#2092=EDGE_CURVE('',#2257,#2408,#304,.T.);
#2093=EDGE_CURVE('',#2258,#2407,#305,.T.);
#2094=EDGE_CURVE('',#2259,#2406,#306,.T.);
#2095=EDGE_CURVE('',#2260,#2405,#307,.T.);
#2096=EDGE_CURVE('',#2393,#2221,#308,.T.);
#2097=EDGE_CURVE('',#2222,#2394,#309,.T.);
#2098=EDGE_CURVE('',#2382,#2233,#310,.T.);
#2099=EDGE_CURVE('',#2234,#2381,#311,.T.);
#2100=EDGE_CURVE('',#2235,#2400,#312,.T.);
#2101=EDGE_CURVE('',#2236,#2399,#313,.T.);
#2102=EDGE_CURVE('',#2237,#2398,#314,.T.);
#2103=EDGE_CURVE('',#2238,#2397,#315,.T.);
#2104=EDGE_CURVE('',#2239,#2396,#316,.T.);
#2105=EDGE_CURVE('',#2240,#2395,#317,.T.);
#2106=EDGE_CURVE('',#2225,#2390,#318,.T.);
#2107=EDGE_CURVE('',#2224,#2391,#319,.T.);
#2108=EDGE_CURVE('',#2226,#2389,#320,.T.);
#2109=EDGE_CURVE('',#2227,#2388,#321,.T.);
#2110=EDGE_CURVE('',#2228,#2387,#322,.T.);
#2111=EDGE_CURVE('',#2229,#2386,#323,.T.);
#2112=EDGE_CURVE('',#2230,#2385,#324,.T.);
#2113=EDGE_CURVE('',#2231,#2384,#325,.T.);
#2114=EDGE_CURVE('',#2349,#2514,#326,.T.);
#2115=EDGE_CURVE('',#2347,#2507,#327,.T.);
#2116=EDGE_CURVE('',#2350,#2513,#328,.T.);
#2117=EDGE_CURVE('',#2351,#2512,#329,.T.);
#2118=EDGE_CURVE('',#2352,#2511,#330,.T.);
#2119=EDGE_CURVE('',#2353,#2510,#331,.T.);
#2120=EDGE_CURVE('',#2354,#2509,#332,.T.);
#2121=EDGE_CURVE('',#2348,#2508,#333,.T.);
#2122=EDGE_CURVE('',#2340,#2505,#334,.T.);
#2123=EDGE_CURVE('',#2338,#2498,#335,.T.);
#2124=EDGE_CURVE('',#2341,#2504,#336,.T.);
#2125=EDGE_CURVE('',#2342,#2503,#337,.T.);
#2126=EDGE_CURVE('',#2343,#2502,#338,.T.);
#2127=EDGE_CURVE('',#2344,#2501,#339,.T.);
#2128=EDGE_CURVE('',#2345,#2500,#340,.T.);
#2129=EDGE_CURVE('',#2339,#2499,#341,.T.);
#2130=EDGE_CURVE('',#2327,#2492,#342,.T.);
#2131=EDGE_CURVE('',#2325,#2485,#343,.T.);
#2132=EDGE_CURVE('',#2328,#2491,#344,.T.);
#2133=EDGE_CURVE('',#2329,#2490,#345,.T.);
#2134=EDGE_CURVE('',#2330,#2489,#346,.T.);
#2135=EDGE_CURVE('',#2331,#2488,#347,.T.);
#2136=EDGE_CURVE('',#2332,#2487,#348,.T.);
#2137=EDGE_CURVE('',#2326,#2486,#349,.T.);
#2138=EDGE_CURVE('',#2317,#2482,#350,.T.);
#2139=EDGE_CURVE('',#2315,#2475,#351,.T.);
#2140=EDGE_CURVE('',#2318,#2481,#352,.T.);
#2141=EDGE_CURVE('',#2319,#2480,#353,.T.);
#2142=EDGE_CURVE('',#2320,#2479,#354,.T.);
#2143=EDGE_CURVE('',#2321,#2478,#355,.T.);
#2144=EDGE_CURVE('',#2322,#2477,#356,.T.);
#2145=EDGE_CURVE('',#2316,#2476,#357,.T.);
#2146=EDGE_CURVE('',#2309,#2474,#358,.T.);
#2147=EDGE_CURVE('',#2307,#2467,#359,.T.);
#2148=EDGE_CURVE('',#2310,#2473,#360,.T.);
#2149=EDGE_CURVE('',#2311,#2472,#361,.T.);
#2150=EDGE_CURVE('',#2312,#2471,#362,.T.);
#2151=EDGE_CURVE('',#2313,#2470,#363,.T.);
#2152=EDGE_CURVE('',#2314,#2469,#364,.T.);
#2153=EDGE_CURVE('',#2308,#2468,#365,.T.);
#2154=EDGE_CURVE('',#2383,#2232,#366,.T.);
#2155=EDGE_CURVE('',#2392,#2223,#367,.T.);
#2156=EDGE_CURVE('',#2376,#2357,#368,.T.);
#2157=EDGE_CURVE('',#2375,#2355,#369,.T.);
#2158=EDGE_CURVE('',#2377,#2356,#370,.T.);
#2159=EDGE_CURVE('',#2378,#2360,#371,.T.);
#2160=EDGE_CURVE('',#2379,#2359,#372,.T.);
#2161=EDGE_CURVE('',#2380,#2358,#373,.T.);
#2162=EDGE_CURVE('',#2518,#2213,#374,.T.);
#2163=EDGE_CURVE('',#2519,#2214,#375,.T.);
#2164=EDGE_CURVE('',#2520,#2218,#376,.T.);
#2165=EDGE_CURVE('',#2521,#2217,#377,.T.);
#2166=EDGE_CURVE('',#2522,#2216,#378,.T.);
#2167=EDGE_CURVE('',#2517,#2215,#379,.T.);
#2168=EDGE_CURVE('',#2525,#2206,#380,.T.);
#2169=EDGE_CURVE('',#2526,#2207,#381,.T.);
#2170=EDGE_CURVE('',#2527,#2211,#382,.T.);
#2171=EDGE_CURVE('',#2528,#2210,#383,.T.);
#2172=EDGE_CURVE('',#2529,#2209,#384,.T.);
#2173=EDGE_CURVE('',#2524,#2208,#385,.T.);
#2174=EDGE_CURVE('',#2531,#2200,#386,.T.);
#2175=EDGE_CURVE('',#2532,#2201,#387,.T.);
#2176=EDGE_CURVE('',#2533,#2205,#388,.T.);
#2177=EDGE_CURVE('',#2534,#2204,#389,.T.);
#2178=EDGE_CURVE('',#2535,#2203,#390,.T.);
#2179=EDGE_CURVE('',#2530,#2202,#391,.T.);
#2180=EDGE_CURVE('',#2537,#2363,#392,.T.);
#2181=EDGE_CURVE('',#2536,#2361,#393,.T.);
#2182=EDGE_CURVE('',#2538,#2362,#394,.T.);
#2183=EDGE_CURVE('',#2539,#2366,#395,.T.);
#2184=EDGE_CURVE('',#2540,#2365,#396,.T.);
#2185=EDGE_CURVE('',#2541,#2364,#397,.T.);
#2186=EDGE_CURVE('',#2370,#2194,#398,.T.);
#2187=EDGE_CURVE('',#2371,#2195,#399,.T.);
#2188=EDGE_CURVE('',#2372,#2199,#400,.T.);
#2189=EDGE_CURVE('',#2373,#2198,#401,.T.);
#2190=EDGE_CURVE('',#2374,#2197,#402,.T.);
#2191=EDGE_CURVE('',#2369,#2196,#403,.T.);
#2192=VERTEX_POINT('',#5057);
#2193=VERTEX_POINT('',#5059);
#2194=VERTEX_POINT('',#5061);
#2195=VERTEX_POINT('',#5062);
#2196=VERTEX_POINT('',#5064);
#2197=VERTEX_POINT('',#5066);
#2198=VERTEX_POINT('',#5068);
#2199=VERTEX_POINT('',#5070);
#2200=VERTEX_POINT('',#5073);
#2201=VERTEX_POINT('',#5074);
#2202=VERTEX_POINT('',#5076);
#2203=VERTEX_POINT('',#5078);
#2204=VERTEX_POINT('',#5080);
#2205=VERTEX_POINT('',#5082);
#2206=VERTEX_POINT('',#5085);
#2207=VERTEX_POINT('',#5086);
#2208=VERTEX_POINT('',#5088);
#2209=VERTEX_POINT('',#5090);
#2210=VERTEX_POINT('',#5092);
#2211=VERTEX_POINT('',#5094);
#2212=VERTEX_POINT('',#5097);
#2213=VERTEX_POINT('',#5099);
#2214=VERTEX_POINT('',#5100);
#2215=VERTEX_POINT('',#5102);
#2216=VERTEX_POINT('',#5104);
#2217=VERTEX_POINT('',#5106);
#2218=VERTEX_POINT('',#5108);
#2219=VERTEX_POINT('',#5111);
#2220=VERTEX_POINT('',#5113);
#2221=VERTEX_POINT('',#5115);
#2222=VERTEX_POINT('',#5116);
#2223=VERTEX_POINT('',#5118);
#2224=VERTEX_POINT('',#5120);
#2225=VERTEX_POINT('',#5122);
#2226=VERTEX_POINT('',#5124);
#2227=VERTEX_POINT('',#5126);
#2228=VERTEX_POINT('',#5128);
#2229=VERTEX_POINT('',#5130);
#2230=VERTEX_POINT('',#5132);
#2231=VERTEX_POINT('',#5134);
#2232=VERTEX_POINT('',#5136);
#2233=VERTEX_POINT('',#5138);
#2234=VERTEX_POINT('',#5140);
#2235=VERTEX_POINT('',#5142);
#2236=VERTEX_POINT('',#5144);
#2237=VERTEX_POINT('',#5146);
#2238=VERTEX_POINT('',#5148);
#2239=VERTEX_POINT('',#5150);
#2240=VERTEX_POINT('',#5152);
#2241=VERTEX_POINT('',#5155);
#2242=VERTEX_POINT('',#5157);
#2243=VERTEX_POINT('',#5159);
#2244=VERTEX_POINT('',#5160);
#2245=VERTEX_POINT('',#5162);
#2246=VERTEX_POINT('',#5164);
#2247=VERTEX_POINT('',#5166);
#2248=VERTEX_POINT('',#5168);
#2249=VERTEX_POINT('',#5170);
#2250=VERTEX_POINT('',#5172);
#2251=VERTEX_POINT('',#5174);
#2252=VERTEX_POINT('',#5176);
#2253=VERTEX_POINT('',#5178);
#2254=VERTEX_POINT('',#5180);
#2255=VERTEX_POINT('',#5182);
#2256=VERTEX_POINT('',#5184);
#2257=VERTEX_POINT('',#5186);
#2258=VERTEX_POINT('',#5188);
#2259=VERTEX_POINT('',#5190);
#2260=VERTEX_POINT('',#5192);
#2261=VERTEX_POINT('',#5195);
#2262=VERTEX_POINT('',#5197);
#2263=VERTEX_POINT('',#5198);
#2264=VERTEX_POINT('',#5200);
#2265=VERTEX_POINT('',#5202);
#2266=VERTEX_POINT('',#5204);
#2267=VERTEX_POINT('',#5206);
#2268=VERTEX_POINT('',#5208);
#2269=VERTEX_POINT('',#5210);
#2270=VERTEX_POINT('',#5213);
#2271=VERTEX_POINT('',#5214);
#2272=VERTEX_POINT('',#5216);
#2273=VERTEX_POINT('',#5218);
#2274=VERTEX_POINT('',#5220);
#2275=VERTEX_POINT('',#5222);
#2276=VERTEX_POINT('',#5224);
#2277=VERTEX_POINT('',#5226);
#2278=VERTEX_POINT('',#5229);
#2279=VERTEX_POINT('',#5230);
#2280=VERTEX_POINT('',#5232);
#2281=VERTEX_POINT('',#5234);
#2282=VERTEX_POINT('',#5236);
#2283=VERTEX_POINT('',#5238);
#2284=VERTEX_POINT('',#5240);
#2285=VERTEX_POINT('',#5242);
#2286=VERTEX_POINT('',#5245);
#2287=VERTEX_POINT('',#5247);
#2288=VERTEX_POINT('',#5249);
#2289=VERTEX_POINT('',#5251);
#2290=VERTEX_POINT('',#5253);
#2291=VERTEX_POINT('',#5255);
#2292=VERTEX_POINT('',#5257);
#2293=VERTEX_POINT('',#5258);
#2294=VERTEX_POINT('',#5260);
#2295=VERTEX_POINT('',#5262);
#2296=VERTEX_POINT('',#5264);
#2297=VERTEX_POINT('',#5266);
#2298=VERTEX_POINT('',#5268);
#2299=VERTEX_POINT('',#5270);
#2300=VERTEX_POINT('',#5273);
#2301=VERTEX_POINT('',#5274);
#2302=VERTEX_POINT('',#5276);
#2303=VERTEX_POINT('',#5278);
#2304=VERTEX_POINT('',#5280);
#2305=VERTEX_POINT('',#5282);
#2306=VERTEX_POINT('',#5285);
#2307=VERTEX_POINT('',#5287);
#2308=VERTEX_POINT('',#5288);
#2309=VERTEX_POINT('',#5290);
#2310=VERTEX_POINT('',#5292);
#2311=VERTEX_POINT('',#5294);
#2312=VERTEX_POINT('',#5296);
#2313=VERTEX_POINT('',#5298);
#2314=VERTEX_POINT('',#5300);
#2315=VERTEX_POINT('',#5303);
#2316=VERTEX_POINT('',#5304);
#2317=VERTEX_POINT('',#5306);
#2318=VERTEX_POINT('',#5308);
#2319=VERTEX_POINT('',#5310);
#2320=VERTEX_POINT('',#5312);
#2321=VERTEX_POINT('',#5314);
#2322=VERTEX_POINT('',#5316);
#2323=VERTEX_POINT('',#5319);
#2324=VERTEX_POINT('',#5321);
#2325=VERTEX_POINT('',#5323);
#2326=VERTEX_POINT('',#5324);
#2327=VERTEX_POINT('',#5326);
#2328=VERTEX_POINT('',#5328);
#2329=VERTEX_POINT('',#5330);
#2330=VERTEX_POINT('',#5332);
#2331=VERTEX_POINT('',#5334);
#2332=VERTEX_POINT('',#5336);
#2333=VERTEX_POINT('',#5339);
#2334=VERTEX_POINT('',#5341);
#2335=VERTEX_POINT('',#5343);
#2336=VERTEX_POINT('',#5345);
#2337=VERTEX_POINT('',#5347);
#2338=VERTEX_POINT('',#5349);
#2339=VERTEX_POINT('',#5350);
#2340=VERTEX_POINT('',#5352);
#2341=VERTEX_POINT('',#5354);
#2342=VERTEX_POINT('',#5356);
#2343=VERTEX_POINT('',#5358);
#2344=VERTEX_POINT('',#5360);
#2345=VERTEX_POINT('',#5362);
#2346=VERTEX_POINT('',#5365);
#2347=VERTEX_POINT('',#5367);
#2348=VERTEX_POINT('',#5368);
#2349=VERTEX_POINT('',#5370);
#2350=VERTEX_POINT('',#5372);
#2351=VERTEX_POINT('',#5374);
#2352=VERTEX_POINT('',#5376);
#2353=VERTEX_POINT('',#5378);
#2354=VERTEX_POINT('',#5380);
#2355=VERTEX_POINT('',#5383);
#2356=VERTEX_POINT('',#5384);
#2357=VERTEX_POINT('',#5386);
#2358=VERTEX_POINT('',#5388);
#2359=VERTEX_POINT('',#5390);
#2360=VERTEX_POINT('',#5392);
#2361=VERTEX_POINT('',#5395);
#2362=VERTEX_POINT('',#5396);
#2363=VERTEX_POINT('',#5398);
#2364=VERTEX_POINT('',#5400);
#2365=VERTEX_POINT('',#5402);
#2366=VERTEX_POINT('',#5404);
#2367=VERTEX_POINT('',#5408);
#2368=VERTEX_POINT('',#5410);
#2369=VERTEX_POINT('',#5412);
#2370=VERTEX_POINT('',#5413);
#2371=VERTEX_POINT('',#5415);
#2372=VERTEX_POINT('',#5417);
#2373=VERTEX_POINT('',#5419);
#2374=VERTEX_POINT('',#5421);
#2375=VERTEX_POINT('',#5424);
#2376=VERTEX_POINT('',#5425);
#2377=VERTEX_POINT('',#5427);
#2378=VERTEX_POINT('',#5429);
#2379=VERTEX_POINT('',#5431);
#2380=VERTEX_POINT('',#5433);
#2381=VERTEX_POINT('',#5436);
#2382=VERTEX_POINT('',#5437);
#2383=VERTEX_POINT('',#5439);
#2384=VERTEX_POINT('',#5441);
#2385=VERTEX_POINT('',#5443);
#2386=VERTEX_POINT('',#5445);
#2387=VERTEX_POINT('',#5447);
#2388=VERTEX_POINT('',#5449);
#2389=VERTEX_POINT('',#5451);
#2390=VERTEX_POINT('',#5453);
#2391=VERTEX_POINT('',#5455);
#2392=VERTEX_POINT('',#5457);
#2393=VERTEX_POINT('',#5459);
#2394=VERTEX_POINT('',#5461);
#2395=VERTEX_POINT('',#5463);
#2396=VERTEX_POINT('',#5465);
#2397=VERTEX_POINT('',#5467);
#2398=VERTEX_POINT('',#5469);
#2399=VERTEX_POINT('',#5471);
#2400=VERTEX_POINT('',#5473);
#2401=VERTEX_POINT('',#5476);
#2402=VERTEX_POINT('',#5478);
#2403=VERTEX_POINT('',#5480);
#2404=VERTEX_POINT('',#5481);
#2405=VERTEX_POINT('',#5483);
#2406=VERTEX_POINT('',#5485);
#2407=VERTEX_POINT('',#5487);
#2408=VERTEX_POINT('',#5489);
#2409=VERTEX_POINT('',#5491);
#2410=VERTEX_POINT('',#5493);
#2411=VERTEX_POINT('',#5495);
#2412=VERTEX_POINT('',#5497);
#2413=VERTEX_POINT('',#5499);
#2414=VERTEX_POINT('',#5501);
#2415=VERTEX_POINT('',#5503);
#2416=VERTEX_POINT('',#5505);
#2417=VERTEX_POINT('',#5507);
#2418=VERTEX_POINT('',#5509);
#2419=VERTEX_POINT('',#5511);
#2420=VERTEX_POINT('',#5513);
#2421=VERTEX_POINT('',#5516);
#2422=VERTEX_POINT('',#5518);
#2423=VERTEX_POINT('',#5519);
#2424=VERTEX_POINT('',#5521);
#2425=VERTEX_POINT('',#5523);
#2426=VERTEX_POINT('',#5525);
#2427=VERTEX_POINT('',#5527);
#2428=VERTEX_POINT('',#5529);
#2429=VERTEX_POINT('',#5531);
#2430=VERTEX_POINT('',#5534);
#2431=VERTEX_POINT('',#5535);
#2432=VERTEX_POINT('',#5537);
#2433=VERTEX_POINT('',#5539);
#2434=VERTEX_POINT('',#5541);
#2435=VERTEX_POINT('',#5543);
#2436=VERTEX_POINT('',#5545);
#2437=VERTEX_POINT('',#5547);
#2438=VERTEX_POINT('',#5550);
#2439=VERTEX_POINT('',#5551);
#2440=VERTEX_POINT('',#5553);
#2441=VERTEX_POINT('',#5555);
#2442=VERTEX_POINT('',#5557);
#2443=VERTEX_POINT('',#5559);
#2444=VERTEX_POINT('',#5561);
#2445=VERTEX_POINT('',#5563);
#2446=VERTEX_POINT('',#5566);
#2447=VERTEX_POINT('',#5568);
#2448=VERTEX_POINT('',#5570);
#2449=VERTEX_POINT('',#5572);
#2450=VERTEX_POINT('',#5574);
#2451=VERTEX_POINT('',#5576);
#2452=VERTEX_POINT('',#5578);
#2453=VERTEX_POINT('',#5579);
#2454=VERTEX_POINT('',#5581);
#2455=VERTEX_POINT('',#5583);
#2456=VERTEX_POINT('',#5585);
#2457=VERTEX_POINT('',#5587);
#2458=VERTEX_POINT('',#5589);
#2459=VERTEX_POINT('',#5591);
#2460=VERTEX_POINT('',#5594);
#2461=VERTEX_POINT('',#5595);
#2462=VERTEX_POINT('',#5597);
#2463=VERTEX_POINT('',#5599);
#2464=VERTEX_POINT('',#5601);
#2465=VERTEX_POINT('',#5603);
#2466=VERTEX_POINT('',#5606);
#2467=VERTEX_POINT('',#5608);
#2468=VERTEX_POINT('',#5609);
#2469=VERTEX_POINT('',#5611);
#2470=VERTEX_POINT('',#5613);
#2471=VERTEX_POINT('',#5615);
#2472=VERTEX_POINT('',#5617);
#2473=VERTEX_POINT('',#5619);
#2474=VERTEX_POINT('',#5621);
#2475=VERTEX_POINT('',#5624);
#2476=VERTEX_POINT('',#5625);
#2477=VERTEX_POINT('',#5627);
#2478=VERTEX_POINT('',#5629);
#2479=VERTEX_POINT('',#5631);
#2480=VERTEX_POINT('',#5633);
#2481=VERTEX_POINT('',#5635);
#2482=VERTEX_POINT('',#5637);
#2483=VERTEX_POINT('',#5640);
#2484=VERTEX_POINT('',#5642);
#2485=VERTEX_POINT('',#5644);
#2486=VERTEX_POINT('',#5645);
#2487=VERTEX_POINT('',#5647);
#2488=VERTEX_POINT('',#5649);
#2489=VERTEX_POINT('',#5651);
#2490=VERTEX_POINT('',#5653);
#2491=VERTEX_POINT('',#5655);
#2492=VERTEX_POINT('',#5657);
#2493=VERTEX_POINT('',#5660);
#2494=VERTEX_POINT('',#5662);
#2495=VERTEX_POINT('',#5664);
#2496=VERTEX_POINT('',#5666);
#2497=VERTEX_POINT('',#5668);
#2498=VERTEX_POINT('',#5670);
#2499=VERTEX_POINT('',#5671);
#2500=VERTEX_POINT('',#5673);
#2501=VERTEX_POINT('',#5675);
#2502=VERTEX_POINT('',#5677);
#2503=VERTEX_POINT('',#5679);
#2504=VERTEX_POINT('',#5681);
#2505=VERTEX_POINT('',#5683);
#2506=VERTEX_POINT('',#5686);
#2507=VERTEX_POINT('',#5688);
#2508=VERTEX_POINT('',#5689);
#2509=VERTEX_POINT('',#5691);
#2510=VERTEX_POINT('',#5693);
#2511=VERTEX_POINT('',#5695);
#2512=VERTEX_POINT('',#5697);
#2513=VERTEX_POINT('',#5699);
#2514=VERTEX_POINT('',#5701);
#2515=VERTEX_POINT('',#5704);
#2516=VERTEX_POINT('',#5706);
#2517=VERTEX_POINT('',#5708);
#2518=VERTEX_POINT('',#5709);
#2519=VERTEX_POINT('',#5711);
#2520=VERTEX_POINT('',#5713);
#2521=VERTEX_POINT('',#5715);
#2522=VERTEX_POINT('',#5717);
#2523=VERTEX_POINT('',#5720);
#2524=VERTEX_POINT('',#5722);
#2525=VERTEX_POINT('',#5723);
#2526=VERTEX_POINT('',#5725);
#2527=VERTEX_POINT('',#5727);
#2528=VERTEX_POINT('',#5729);
#2529=VERTEX_POINT('',#5731);
#2530=VERTEX_POINT('',#5734);
#2531=VERTEX_POINT('',#5735);
#2532=VERTEX_POINT('',#5737);
#2533=VERTEX_POINT('',#5739);
#2534=VERTEX_POINT('',#5741);
#2535=VERTEX_POINT('',#5743);
#2536=VERTEX_POINT('',#5746);
#2537=VERTEX_POINT('',#5747);
#2538=VERTEX_POINT('',#5749);
#2539=VERTEX_POINT('',#5751);
#2540=VERTEX_POINT('',#5753);
#2541=VERTEX_POINT('',#5755);
#2542=CIRCLE('',#3580,0.0015);
#2543=CIRCLE('',#3581,0.0015);
#2544=CIRCLE('',#3582,0.0023527011077349);
#2545=CIRCLE('',#3583,0.00235270110773491);
#2546=CIRCLE('',#3584,0.0023527011077349);
#2547=CIRCLE('',#3585,0.0023527011077349);
#2548=CIRCLE('',#3586,0.0023527011077349);
#2549=CIRCLE('',#3587,0.0023527011077349);
#2550=CIRCLE('',#3588,0.0023527011077349);
#2551=CIRCLE('',#3589,0.0023527011077349);
#2552=CIRCLE('',#3590,0.0023527011077349);
#2553=CIRCLE('',#3591,0.00254);
#2554=CIRCLE('',#3592,0.0023527011077349);
#2555=CIRCLE('',#3593,0.0023527011077349);
#2556=CIRCLE('',#3594,0.00235270110773491);
#2557=CIRCLE('',#3595,0.0015);
#2558=CIRCLE('',#3596,0.0015);
#2559=CIRCLE('',#3597,0.0374395993630908);
#2560=CIRCLE('',#3598,0.0374395993630908);
#2561=CIRCLE('',#3599,0.047);
#2562=CIRCLE('',#3600,0.045);
#2563=CIRCLE('',#3601,0.047);
#2564=CIRCLE('',#3602,0.0374395993630918);
#2565=CIRCLE('',#3603,0.0374395993630918);
#2566=CIRCLE('',#3604,0.047);
#2567=CIRCLE('',#3605,0.045);
#2568=CIRCLE('',#3606,0.047);
#2569=CIRCLE('',#3607,0.001397);
#2570=CIRCLE('',#3608,0.001397);
#2571=CIRCLE('',#3609,0.0025);
#2572=CIRCLE('',#3610,0.0025);
#2573=CIRCLE('',#3611,0.0025);
#2574=CIRCLE('',#3612,0.00600946039945911);
#2575=CIRCLE('',#3613,0.00600946039945911);
#2576=CIRCLE('',#3614,0.0025);
#2577=CIRCLE('',#3615,0.00600946039945911);
#2578=CIRCLE('',#3616,0.00600946039945911);
#2579=CIRCLE('',#3617,0.04);
#2580=CIRCLE('',#3618,0.0018396307345283);
#2581=CIRCLE('',#3619,0.00121601264467549);
#2582=CIRCLE('',#3620,0.043302);
#2583=CIRCLE('',#3621,0.00121601264467549);
#2584=CIRCLE('',#3622,0.00183963073452833);
#2585=CIRCLE('',#3623,0.0018396307345283);
#2586=CIRCLE('',#3624,0.0018396307345283);
#2587=CIRCLE('',#3625,0.00121601264467548);
#2588=CIRCLE('',#3626,0.043302);
#2589=CIRCLE('',#3627,0.00121601264467548);
#2590=CIRCLE('',#3628,0.00665502266045664);
#2591=CIRCLE('',#3629,0.0469304000000074);
#2592=CIRCLE('',#3630,0.00364831982914647);
#2593=CIRCLE('',#3631,0.00451963798932776);
#2594=CIRCLE('',#3632,0.0419304);
#2595=CIRCLE('',#3633,0.00338548877351158);
#2596=CIRCLE('',#3634,0.0015);
#2597=CIRCLE('',#3635,0.0015);
#2598=CIRCLE('',#3636,0.0015);
#2599=CIRCLE('',#3637,0.0015);
#2600=CIRCLE('',#3638,0.0015);
#2601=CIRCLE('',#3639,0.0015);
#2602=CIRCLE('',#3640,0.00451963798932778);
#2603=CIRCLE('',#3641,0.0036483198291465);
#2604=CIRCLE('',#3642,0.0469304000000091);
#2605=CIRCLE('',#3643,0.00665502266045664);
#2606=CIRCLE('',#3644,0.00338548877351158);
#2607=CIRCLE('',#3645,0.0419304);
#2608=CIRCLE('',#3646,0.00100965189198746);
#2609=CIRCLE('',#3647,0.00100965189198747);
#2610=CIRCLE('',#3648,0.000393689396845749);
#2611=CIRCLE('',#3649,0.04);
#2612=CIRCLE('',#3650,0.00183963073452831);
#2613=CIRCLE('',#3651,0.00121601264467548);
#2614=CIRCLE('',#3652,0.043302);
#2615=CIRCLE('',#3653,0.00121601264467549);
#2616=CIRCLE('',#3654,0.0018396307345283);
#2617=CIRCLE('',#3655,0.043302);
#2618=CIRCLE('',#3656,0.00121601264467548);
#2619=CIRCLE('',#3657,0.0018396307345283);
#2620=CIRCLE('',#3658,0.00183963073452833);
#2621=CIRCLE('',#3659,0.00121601264467548);
#2622=CIRCLE('',#3660,0.0015);
#2623=CIRCLE('',#3661,0.0015);
#2624=CIRCLE('',#3662,0.00364831982914648);
#2625=CIRCLE('',#3663,0.0469304000000038);
#2626=CIRCLE('',#3664,0.00665502266045663);
#2627=CIRCLE('',#3665,0.00205195466877405);
#2628=CIRCLE('',#3666,0.0419304);
#2629=CIRCLE('',#3667,0.00451963798932776);
#2630=CIRCLE('',#3668,0.04);
#2631=CIRCLE('',#3669,0.0015);
#2632=CIRCLE('',#3670,0.0015);
#2633=CIRCLE('',#3671,0.0015);
#2634=CIRCLE('',#3672,0.0015);
#2635=CIRCLE('',#3673,0.0419304);
#2636=CIRCLE('',#3674,0.00205195466877405);
#2637=CIRCLE('',#3675,0.00665502266045663);
#2638=CIRCLE('',#3676,0.0469304000000054);
#2639=CIRCLE('',#3677,0.00364831982914651);
#2640=CIRCLE('',#3678,0.00451963798932778);
#2641=CIRCLE('',#3679,0.04);
#2642=CIRCLE('',#3680,0.00600946039945911);
#2643=CIRCLE('',#3681,0.00600946039945911);
#2644=CIRCLE('',#3682,0.00600946039945911);
#2645=CIRCLE('',#3683,0.00600946039945911);
#2646=CIRCLE('',#3684,0.00235270110773491);
#2647=CIRCLE('',#3685,0.0023527011077349);
#2648=CIRCLE('',#3686,0.0023527011077349);
#2649=CIRCLE('',#3687,0.0023527011077349);
#2650=CIRCLE('',#3688,0.0023527011077349);
#2651=CIRCLE('',#3689,0.0023527011077349);
#2652=CIRCLE('',#3691,0.0015);
#2653=CIRCLE('',#3692,0.0015);
#2654=CIRCLE('',#3693,0.0023527011077349);
#2655=CIRCLE('',#3694,0.0023527011077349);
#2656=CIRCLE('',#3695,0.00235270110773491);
#2657=CIRCLE('',#3696,0.00235270110773491);
#2658=CIRCLE('',#3697,0.0023527011077349);
#2659=CIRCLE('',#3698,0.0023527011077349);
#2660=CIRCLE('',#3699,0.0374395993630918);
#2661=CIRCLE('',#3700,0.0374395993630918);
#2662=CIRCLE('',#3701,0.047);
#2663=CIRCLE('',#3702,0.045);
#2664=CIRCLE('',#3703,0.047);
#2665=CIRCLE('',#3704,0.0374395993630908);
#2666=CIRCLE('',#3705,0.0374395993630908);
#2667=CIRCLE('',#3706,0.047);
#2668=CIRCLE('',#3707,0.045);
#2669=CIRCLE('',#3708,0.047);
#2670=CIRCLE('',#3709,0.001397);
#2671=CIRCLE('',#3710,0.001397);
#2672=CIRCLE('',#3711,0.00600946039945911);
#2673=CIRCLE('',#3712,0.00600946039945911);
#2674=CIRCLE('',#3713,0.0025);
#2675=CIRCLE('',#3714,0.00600946039945911);
#2676=CIRCLE('',#3715,0.00600946039945911);
#2677=CIRCLE('',#3716,0.0025);
#2678=CIRCLE('',#3717,0.0025);
#2679=CIRCLE('',#3718,0.0025);
#2680=CIRCLE('',#3719,0.04);
#2681=CIRCLE('',#3720,0.0018396307345283);
#2682=CIRCLE('',#3721,0.00183963073452833);
#2683=CIRCLE('',#3722,0.00121601264467549);
#2684=CIRCLE('',#3723,0.043302);
#2685=CIRCLE('',#3724,0.00121601264467549);
#2686=CIRCLE('',#3725,0.00121601264467548);
#2687=CIRCLE('',#3726,0.043302);
#2688=CIRCLE('',#3727,0.00121601264467548);
#2689=CIRCLE('',#3728,0.0018396307345283);
#2690=CIRCLE('',#3729,0.0018396307345283);
#2691=CIRCLE('',#3730,0.00338548877351158);
#2692=CIRCLE('',#3731,0.0419304);
#2693=CIRCLE('',#3732,0.00451963798932776);
#2694=CIRCLE('',#3733,0.00364831982914647);
#2695=CIRCLE('',#3734,0.0469304000000074);
#2696=CIRCLE('',#3735,0.00665502266045664);
#2697=CIRCLE('',#3736,0.0015);
#2698=CIRCLE('',#3737,0.0015);
#2699=CIRCLE('',#3738,0.0015);
#2700=CIRCLE('',#3739,0.0015);
#2701=CIRCLE('',#3740,0.0015);
#2702=CIRCLE('',#3741,0.0015);
#2703=CIRCLE('',#3742,0.00451963798932778);
#2704=CIRCLE('',#3743,0.0419304);
#2705=CIRCLE('',#3744,0.00338548877351158);
#2706=CIRCLE('',#3745,0.00665502266045664);
#2707=CIRCLE('',#3746,0.0469304000000091);
#2708=CIRCLE('',#3747,0.0036483198291465);
#2709=CIRCLE('',#3748,0.00100965189198746);
#2710=CIRCLE('',#3749,0.000393689396845749);
#2711=CIRCLE('',#3750,0.00100965189198747);
#2712=CIRCLE('',#3751,0.04);
#2713=CIRCLE('',#3752,0.00183963073452831);
#2714=CIRCLE('',#3753,0.0018396307345283);
#2715=CIRCLE('',#3754,0.00121601264467549);
#2716=CIRCLE('',#3755,0.043302);
#2717=CIRCLE('',#3756,0.00121601264467548);
#2718=CIRCLE('',#3757,0.043302);
#2719=CIRCLE('',#3758,0.00121601264467548);
#2720=CIRCLE('',#3759,0.00183963073452833);
#2721=CIRCLE('',#3760,0.0018396307345283);
#2722=CIRCLE('',#3761,0.00121601264467548);
#2723=CIRCLE('',#3762,0.0015);
#2724=CIRCLE('',#3763,0.0015);
#2725=CIRCLE('',#3764,0.00451963798932776);
#2726=CIRCLE('',#3765,0.0419304);
#2727=CIRCLE('',#3766,0.00205195466877405);
#2728=CIRCLE('',#3767,0.00665502266045663);
#2729=CIRCLE('',#3768,0.0469304000000038);
#2730=CIRCLE('',#3769,0.00364831982914648);
#2731=CIRCLE('',#3770,0.04);
#2732=CIRCLE('',#3771,0.0015);
#2733=CIRCLE('',#3772,0.0015);
#2734=CIRCLE('',#3773,0.0015);
#2735=CIRCLE('',#3774,0.0015);
#2736=CIRCLE('',#3775,0.0419304);
#2737=CIRCLE('',#3776,0.00451963798932778);
#2738=CIRCLE('',#3777,0.00364831982914651);
#2739=CIRCLE('',#3778,0.0469304000000054);
#2740=CIRCLE('',#3779,0.00665502266045663);
#2741=CIRCLE('',#3780,0.00205195466877405);
#2742=CIRCLE('',#3781,0.04);
#2743=CIRCLE('',#3782,0.00600946039945911);
#2744=CIRCLE('',#3783,0.00600946039945911);
#2745=CIRCLE('',#3784,0.00600946039945911);
#2746=CIRCLE('',#3785,0.00600946039945911);
#2747=CIRCLE('',#3786,0.0015);
#2748=CIRCLE('',#3787,0.0015);
#2749=CIRCLE('',#3788,0.0023527011077349);
#2750=CIRCLE('',#3789,0.00235270110773491);
#2751=CIRCLE('',#3790,0.0023527011077349);
#2752=CIRCLE('',#3791,0.00254);
#2753=CIRCLE('',#3792,0.0023527011077349);
#2754=CIRCLE('',#3793,0.0023527011077349);
#2755=CIRCLE('',#3794,0.0023527011077349);
#2756=CIRCLE('',#3795,0.0023527011077349);
#2757=CIRCLE('',#3796,0.0023527011077349);
#2758=CIRCLE('',#3797,0.0023527011077349);
#2759=CIRCLE('',#3798,0.0023527011077349);
#2760=CIRCLE('',#3799,0.0023527011077349);
#2761=CIRCLE('',#3800,0.0023527011077349);
#2762=EDGE_LOOP('',(#686));
#2763=EDGE_LOOP('',(#687));
#2764=EDGE_LOOP('',(#688,#689,#690,#691,#692,#693));
#2765=EDGE_LOOP('',(#694,#695,#696,#697,#698,#699));
#2766=EDGE_LOOP('',(#700,#701,#702,#703,#704,#705));
#2767=EDGE_LOOP('',(#706));
#2768=EDGE_LOOP('',(#707,#708,#709,#710,#711,#712));
#2769=EDGE_LOOP('',(#713));
#2770=EDGE_LOOP('',(#714));
#2771=EDGE_LOOP('',(#715,#716,#717,#718,#719,#720,#721,#722,#723,#724,#725,#726,#727,#728,#729,#730,#731,#732,#733,#734));
#2772=EDGE_LOOP('',(#735));
#2773=EDGE_LOOP('',(#736));
#2774=EDGE_LOOP('',(#737,#738,#739,#740,#741,#742,#743,#744,#745,#746,#747,#748,#749,#750,#751,#752,#753,#754));
#2775=EDGE_LOOP('',(#755));
#2776=EDGE_LOOP('',(#756,#757,#758,#759,#760,#761,#762,#763));
#2777=EDGE_LOOP('',(#764,#765,#766,#767,#768,#769,#770,#771));
#2778=EDGE_LOOP('',(#772,#773,#774,#775,#776,#777,#778,#779));
#2779=EDGE_LOOP('',(#780));
#2780=EDGE_LOOP('',(#781));
#2781=EDGE_LOOP('',(#782));
#2782=EDGE_LOOP('',(#783));
#2783=EDGE_LOOP('',(#784));
#2784=EDGE_LOOP('',(#785));
#2785=EDGE_LOOP('',(#786,#787,#788,#789,#790,#791,#792,#793));
#2786=EDGE_LOOP('',(#794,#795,#796,#797,#798,#799));
#2787=EDGE_LOOP('',(#800));
#2788=EDGE_LOOP('',(#801,#802,#803,#804,#805,#806,#807,#808));
#2789=EDGE_LOOP('',(#809,#810,#811,#812,#813,#814,#815,#816));
#2790=EDGE_LOOP('',(#817));
#2791=EDGE_LOOP('',(#818));
#2792=EDGE_LOOP('',(#819,#820,#821,#822,#823,#824,#825,#826));
#2793=EDGE_LOOP('',(#827));
#2794=EDGE_LOOP('',(#828));
#2795=EDGE_LOOP('',(#829));
#2796=EDGE_LOOP('',(#830));
#2797=EDGE_LOOP('',(#831));
#2798=EDGE_LOOP('',(#832,#833,#834,#835,#836,#837,#838,#839));
#2799=EDGE_LOOP('',(#840));
#2800=EDGE_LOOP('',(#841,#842,#843,#844,#845,#846,#847,#848));
#2801=EDGE_LOOP('',(#849,#850,#851,#852,#853,#854));
#2802=EDGE_LOOP('',(#855,#856,#857,#858,#859,#860));
#2803=EDGE_LOOP('',(#861));
#2804=EDGE_LOOP('',(#862));
#2805=EDGE_LOOP('',(#863,#864,#865,#866,#867,#868));
#2806=EDGE_LOOP('',(#869,#870,#871,#872,#873,#874));
#2807=EDGE_LOOP('',(#875,#876,#877,#878,#879,#880,#881,#882,#883,#884,#885,#886,#887,#888,#889,#890,#891,#892,#893,#894));
#2808=EDGE_LOOP('',(#895));
#2809=EDGE_LOOP('',(#896));
#2810=EDGE_LOOP('',(#897,#898,#899,#900,#901,#902,#903,#904,#905,#906,#907,#908,#909,#910,#911,#912,#913,#914));
#2811=EDGE_LOOP('',(#915));
#2812=EDGE_LOOP('',(#916,#917,#918,#919,#920,#921,#922,#923));
#2813=EDGE_LOOP('',(#924,#925,#926,#927,#928,#929,#930,#931));
#2814=EDGE_LOOP('',(#932,#933,#934,#935,#936,#937,#938,#939));
#2815=EDGE_LOOP('',(#940));
#2816=EDGE_LOOP('',(#941));
#2817=EDGE_LOOP('',(#942));
#2818=EDGE_LOOP('',(#943));
#2819=EDGE_LOOP('',(#944));
#2820=EDGE_LOOP('',(#945));
#2821=EDGE_LOOP('',(#946,#947,#948,#949,#950,#951,#952,#953));
#2822=EDGE_LOOP('',(#954,#955,#956,#957,#958,#959));
#2823=EDGE_LOOP('',(#960));
#2824=EDGE_LOOP('',(#961,#962,#963,#964,#965,#966,#967,#968));
#2825=EDGE_LOOP('',(#969,#970,#971,#972,#973,#974,#975,#976));
#2826=EDGE_LOOP('',(#977));
#2827=EDGE_LOOP('',(#978));
#2828=EDGE_LOOP('',(#979,#980,#981,#982,#983,#984,#985,#986));
#2829=EDGE_LOOP('',(#987));
#2830=EDGE_LOOP('',(#988));
#2831=EDGE_LOOP('',(#989));
#2832=EDGE_LOOP('',(#990));
#2833=EDGE_LOOP('',(#991));
#2834=EDGE_LOOP('',(#992,#993,#994,#995,#996,#997,#998,#999));
#2835=EDGE_LOOP('',(#1000));
#2836=EDGE_LOOP('',(#1001,#1002,#1003,#1004,#1005,#1006,#1007,#1008));
#2837=EDGE_LOOP('',(#1009));
#2838=EDGE_LOOP('',(#1010));
#2839=EDGE_LOOP('',(#1011,#1012,#1013,#1014,#1015,#1016));
#2840=EDGE_LOOP('',(#1017));
#2841=EDGE_LOOP('',(#1018,#1019,#1020,#1021,#1022,#1023));
#2842=EDGE_LOOP('',(#1024,#1025,#1026,#1027,#1028,#1029));
#2843=EDGE_LOOP('',(#1030,#1031,#1032,#1033,#1034,#1035));
#2844=EDGE_LOOP('',(#1036,#1037,#1038,#1039));
#2845=EDGE_LOOP('',(#1040,#1041,#1042,#1043));
#2846=EDGE_LOOP('',(#1044,#1045,#1046,#1047));
#2847=EDGE_LOOP('',(#1048,#1049,#1050,#1051));
#2848=EDGE_LOOP('',(#1052,#1053,#1054,#1055));
#2849=EDGE_LOOP('',(#1056,#1057,#1058,#1059));
#2850=EDGE_LOOP('',(#1060,#1061,#1062,#1063));
#2851=EDGE_LOOP('',(#1064,#1065,#1066,#1067));
#2852=EDGE_LOOP('',(#1068,#1069,#1070,#1071));
#2853=EDGE_LOOP('',(#1072,#1073,#1074,#1075));
#2854=EDGE_LOOP('',(#1076,#1077,#1078,#1079));
#2855=EDGE_LOOP('',(#1080,#1081,#1082,#1083));
#2856=EDGE_LOOP('',(#1084,#1085,#1086,#1087));
#2857=EDGE_LOOP('',(#1088,#1089,#1090,#1091));
#2858=EDGE_LOOP('',(#1092,#1093,#1094,#1095));
#2859=EDGE_LOOP('',(#1096,#1097,#1098,#1099));
#2860=EDGE_LOOP('',(#1100,#1101,#1102,#1103));
#2861=EDGE_LOOP('',(#1104,#1105,#1106,#1107));
#2862=EDGE_LOOP('',(#1108,#1109,#1110,#1111));
#2863=EDGE_LOOP('',(#1112,#1113,#1114,#1115));
#2864=EDGE_LOOP('',(#1116,#1117,#1118,#1119));
#2865=EDGE_LOOP('',(#1120,#1121,#1122,#1123));
#2866=EDGE_LOOP('',(#1124,#1125,#1126,#1127));
#2867=EDGE_LOOP('',(#1128,#1129,#1130,#1131));
#2868=EDGE_LOOP('',(#1132,#1133,#1134,#1135));
#2869=EDGE_LOOP('',(#1136,#1137,#1138,#1139));
#2870=EDGE_LOOP('',(#1140,#1141,#1142,#1143));
#2871=EDGE_LOOP('',(#1144,#1145,#1146,#1147));
#2872=EDGE_LOOP('',(#1148,#1149,#1150,#1151));
#2873=EDGE_LOOP('',(#1152,#1153,#1154,#1155));
#2874=EDGE_LOOP('',(#1156,#1157,#1158,#1159));
#2875=EDGE_LOOP('',(#1160,#1161,#1162,#1163));
#2876=EDGE_LOOP('',(#1164,#1165,#1166,#1167));
#2877=EDGE_LOOP('',(#1168,#1169,#1170,#1171));
#2878=EDGE_LOOP('',(#1172,#1173,#1174,#1175));
#2879=EDGE_LOOP('',(#1176,#1177,#1178,#1179));
#2880=EDGE_LOOP('',(#1180,#1181,#1182,#1183));
#2881=EDGE_LOOP('',(#1184,#1185,#1186,#1187));
#2882=EDGE_LOOP('',(#1188,#1189,#1190,#1191));
#2883=EDGE_LOOP('',(#1192,#1193,#1194,#1195));
#2884=EDGE_LOOP('',(#1196,#1197,#1198,#1199));
#2885=EDGE_LOOP('',(#1200,#1201,#1202,#1203));
#2886=EDGE_LOOP('',(#1204,#1205,#1206,#1207));
#2887=EDGE_LOOP('',(#1208,#1209,#1210,#1211));
#2888=EDGE_LOOP('',(#1212,#1213,#1214,#1215));
#2889=EDGE_LOOP('',(#1216,#1217,#1218,#1219));
#2890=EDGE_LOOP('',(#1220,#1221,#1222,#1223));
#2891=EDGE_LOOP('',(#1224,#1225,#1226,#1227));
#2892=EDGE_LOOP('',(#1228,#1229,#1230,#1231));
#2893=EDGE_LOOP('',(#1232,#1233,#1234,#1235));
#2894=EDGE_LOOP('',(#1236,#1237,#1238,#1239));
#2895=EDGE_LOOP('',(#1240,#1241,#1242,#1243));
#2896=EDGE_LOOP('',(#1244,#1245,#1246,#1247));
#2897=EDGE_LOOP('',(#1248,#1249,#1250,#1251));
#2898=EDGE_LOOP('',(#1252,#1253,#1254,#1255));
#2899=EDGE_LOOP('',(#1256,#1257,#1258,#1259));
#2900=EDGE_LOOP('',(#1260,#1261,#1262,#1263));
#2901=EDGE_LOOP('',(#1264,#1265,#1266,#1267));
#2902=EDGE_LOOP('',(#1268));
#2903=EDGE_LOOP('',(#1269));
#2904=EDGE_LOOP('',(#1270,#1271,#1272,#1273));
#2905=EDGE_LOOP('',(#1274,#1275,#1276,#1277));
#2906=EDGE_LOOP('',(#1278));
#2907=EDGE_LOOP('',(#1279));
#2908=EDGE_LOOP('',(#1280));
#2909=EDGE_LOOP('',(#1281));
#2910=EDGE_LOOP('',(#1282));
#2911=EDGE_LOOP('',(#1283));
#2912=EDGE_LOOP('',(#1284));
#2913=EDGE_LOOP('',(#1285));
#2914=EDGE_LOOP('',(#1286));
#2915=EDGE_LOOP('',(#1287));
#2916=EDGE_LOOP('',(#1288));
#2917=EDGE_LOOP('',(#1289));
#2918=EDGE_LOOP('',(#1290,#1291,#1292,#1293));
#2919=EDGE_LOOP('',(#1294,#1295,#1296,#1297));
#2920=EDGE_LOOP('',(#1298,#1299,#1300,#1301));
#2921=EDGE_LOOP('',(#1302));
#2922=EDGE_LOOP('',(#1303));
#2923=EDGE_LOOP('',(#1304,#1305,#1306,#1307));
#2924=EDGE_LOOP('',(#1308));
#2925=EDGE_LOOP('',(#1309));
#2926=EDGE_LOOP('',(#1310));
#2927=EDGE_LOOP('',(#1311));
#2928=EDGE_LOOP('',(#1312,#1313,#1314,#1315));
#2929=EDGE_LOOP('',(#1316,#1317,#1318,#1319));
#2930=EDGE_LOOP('',(#1320,#1321,#1322,#1323));
#2931=EDGE_LOOP('',(#1324,#1325,#1326,#1327));
#2932=EDGE_LOOP('',(#1328,#1329,#1330,#1331));
#2933=EDGE_LOOP('',(#1332,#1333,#1334,#1335));
#2934=EDGE_LOOP('',(#1336,#1337,#1338,#1339));
#2935=EDGE_LOOP('',(#1340,#1341,#1342,#1343));
#2936=EDGE_LOOP('',(#1344,#1345,#1346,#1347));
#2937=EDGE_LOOP('',(#1348,#1349,#1350,#1351));
#2938=EDGE_LOOP('',(#1352,#1353,#1354,#1355));
#2939=EDGE_LOOP('',(#1356,#1357,#1358,#1359));
#2940=EDGE_LOOP('',(#1360,#1361,#1362,#1363));
#2941=EDGE_LOOP('',(#1364,#1365,#1366,#1367));
#2942=EDGE_LOOP('',(#1368,#1369,#1370,#1371));
#2943=EDGE_LOOP('',(#1372,#1373,#1374,#1375));
#2944=EDGE_LOOP('',(#1376));
#2945=EDGE_LOOP('',(#1377));
#2946=EDGE_LOOP('',(#1378,#1379,#1380,#1381));
#2947=EDGE_LOOP('',(#1382,#1383,#1384,#1385));
#2948=EDGE_LOOP('',(#1386,#1387,#1388,#1389));
#2949=EDGE_LOOP('',(#1390,#1391,#1392,#1393));
#2950=EDGE_LOOP('',(#1394,#1395,#1396,#1397));
#2951=EDGE_LOOP('',(#1398,#1399,#1400,#1401));
#2952=EDGE_LOOP('',(#1402,#1403,#1404,#1405));
#2953=EDGE_LOOP('',(#1406,#1407,#1408,#1409));
#2954=EDGE_LOOP('',(#1410));
#2955=EDGE_LOOP('',(#1411));
#2956=EDGE_LOOP('',(#1412));
#2957=EDGE_LOOP('',(#1413));
#2958=EDGE_LOOP('',(#1414));
#2959=EDGE_LOOP('',(#1415));
#2960=EDGE_LOOP('',(#1416));
#2961=EDGE_LOOP('',(#1417));
#2962=EDGE_LOOP('',(#1418));
#2963=EDGE_LOOP('',(#1419));
#2964=EDGE_LOOP('',(#1420,#1421,#1422,#1423));
#2965=EDGE_LOOP('',(#1424,#1425,#1426,#1427));
#2966=EDGE_LOOP('',(#1428,#1429,#1430,#1431));
#2967=EDGE_LOOP('',(#1432,#1433,#1434,#1435));
#2968=EDGE_LOOP('',(#1436,#1437,#1438,#1439));
#2969=EDGE_LOOP('',(#1440,#1441,#1442,#1443));
#2970=EDGE_LOOP('',(#1444,#1445,#1446,#1447));
#2971=EDGE_LOOP('',(#1448,#1449,#1450,#1451));
#2972=EDGE_LOOP('',(#1452));
#2973=EDGE_LOOP('',(#1453));
#2974=EDGE_LOOP('',(#1454));
#2975=EDGE_LOOP('',(#1455));
#2976=EDGE_LOOP('',(#1456,#1457,#1458,#1459));
#2977=EDGE_LOOP('',(#1460,#1461,#1462,#1463));
#2978=EDGE_LOOP('',(#1464,#1465,#1466,#1467));
#2979=EDGE_LOOP('',(#1468,#1469,#1470,#1471));
#2980=EDGE_LOOP('',(#1472,#1473,#1474,#1475));
#2981=EDGE_LOOP('',(#1476,#1477,#1478,#1479));
#2982=EDGE_LOOP('',(#1480,#1481,#1482,#1483));
#2983=EDGE_LOOP('',(#1484,#1485,#1486,#1487));
#2984=EDGE_LOOP('',(#1488,#1489,#1490,#1491));
#2985=EDGE_LOOP('',(#1492,#1493,#1494,#1495));
#2986=EDGE_LOOP('',(#1496,#1497,#1498,#1499));
#2987=EDGE_LOOP('',(#1500,#1501,#1502,#1503));
#2988=EDGE_LOOP('',(#1504,#1505,#1506,#1507));
#2989=EDGE_LOOP('',(#1508,#1509,#1510,#1511));
#2990=EDGE_LOOP('',(#1512,#1513,#1514,#1515));
#2991=EDGE_LOOP('',(#1516,#1517,#1518,#1519));
#2992=EDGE_LOOP('',(#1520,#1521,#1522,#1523));
#2993=EDGE_LOOP('',(#1524,#1525,#1526,#1527));
#2994=EDGE_LOOP('',(#1528,#1529,#1530,#1531));
#2995=EDGE_LOOP('',(#1532,#1533,#1534,#1535));
#2996=EDGE_LOOP('',(#1536,#1537,#1538,#1539));
#2997=EDGE_LOOP('',(#1540,#1541,#1542,#1543));
#2998=EDGE_LOOP('',(#1544,#1545,#1546,#1547));
#2999=EDGE_LOOP('',(#1548,#1549,#1550,#1551));
#3000=EDGE_LOOP('',(#1552,#1553,#1554,#1555));
#3001=EDGE_LOOP('',(#1556,#1557,#1558,#1559));
#3002=EDGE_LOOP('',(#1560));
#3003=EDGE_LOOP('',(#1561));
#3004=EDGE_LOOP('',(#1562));
#3005=EDGE_LOOP('',(#1563));
#3006=EDGE_LOOP('',(#1564,#1565,#1566,#1567));
#3007=EDGE_LOOP('',(#1568,#1569,#1570,#1571));
#3008=EDGE_LOOP('',(#1572,#1573,#1574,#1575));
#3009=EDGE_LOOP('',(#1576,#1577,#1578,#1579));
#3010=EDGE_LOOP('',(#1580,#1581,#1582,#1583));
#3011=EDGE_LOOP('',(#1584,#1585,#1586,#1587));
#3012=EDGE_LOOP('',(#1588));
#3013=EDGE_LOOP('',(#1589));
#3014=EDGE_LOOP('',(#1590,#1591,#1592,#1593));
#3015=EDGE_LOOP('',(#1594,#1595,#1596,#1597));
#3016=EDGE_LOOP('',(#1598,#1599,#1600,#1601));
#3017=EDGE_LOOP('',(#1602,#1603,#1604,#1605));
#3018=EDGE_LOOP('',(#1606,#1607,#1608,#1609));
#3019=EDGE_LOOP('',(#1610,#1611,#1612,#1613));
#3020=EDGE_LOOP('',(#1614,#1615,#1616,#1617));
#3021=EDGE_LOOP('',(#1618,#1619,#1620,#1621));
#3022=EDGE_LOOP('',(#1622,#1623,#1624,#1625));
#3023=EDGE_LOOP('',(#1626,#1627,#1628,#1629));
#3024=EDGE_LOOP('',(#1630,#1631,#1632,#1633));
#3025=EDGE_LOOP('',(#1634,#1635,#1636,#1637));
#3026=EDGE_LOOP('',(#1638,#1639,#1640,#1641));
#3027=EDGE_LOOP('',(#1642,#1643,#1644,#1645));
#3028=EDGE_LOOP('',(#1646,#1647,#1648,#1649));
#3029=EDGE_LOOP('',(#1650,#1651,#1652,#1653));
#3030=EDGE_LOOP('',(#1654,#1655,#1656,#1657));
#3031=EDGE_LOOP('',(#1658,#1659,#1660,#1661));
#3032=EDGE_LOOP('',(#1662,#1663,#1664,#1665));
#3033=EDGE_LOOP('',(#1666,#1667,#1668,#1669));
#3034=EDGE_LOOP('',(#1670,#1671,#1672,#1673));
#3035=EDGE_LOOP('',(#1674,#1675,#1676,#1677));
#3036=EDGE_LOOP('',(#1678,#1679,#1680,#1681));
#3037=EDGE_LOOP('',(#1682,#1683,#1684,#1685));
#3038=EDGE_LOOP('',(#1686));
#3039=EDGE_LOOP('',(#1687));
#3040=EDGE_LOOP('',(#1688));
#3041=EDGE_LOOP('',(#1689));
#3042=FACE_BOUND('',#2762,.T.);
#3043=FACE_BOUND('',#2763,.T.);
#3044=FACE_BOUND('',#2764,.T.);
#3045=FACE_BOUND('',#2765,.T.);
#3046=FACE_BOUND('',#2766,.T.);
#3047=FACE_BOUND('',#2767,.T.);
#3048=FACE_BOUND('',#2768,.T.);
#3049=FACE_BOUND('',#2769,.T.);
#3050=FACE_BOUND('',#2770,.T.);
#3051=FACE_BOUND('',#2771,.T.);
#3052=FACE_BOUND('',#2772,.T.);
#3053=FACE_BOUND('',#2773,.T.);
#3054=FACE_BOUND('',#2774,.T.);
#3055=FACE_BOUND('',#2775,.T.);
#3056=FACE_BOUND('',#2776,.T.);
#3057=FACE_BOUND('',#2777,.T.);
#3058=FACE_BOUND('',#2778,.T.);
#3059=FACE_BOUND('',#2779,.T.);
#3060=FACE_BOUND('',#2780,.T.);
#3061=FACE_BOUND('',#2781,.T.);
#3062=FACE_BOUND('',#2782,.T.);
#3063=FACE_BOUND('',#2783,.T.);
#3064=FACE_BOUND('',#2784,.T.);
#3065=FACE_BOUND('',#2785,.T.);
#3066=FACE_BOUND('',#2786,.T.);
#3067=FACE_BOUND('',#2787,.T.);
#3068=FACE_BOUND('',#2788,.T.);
#3069=FACE_BOUND('',#2789,.T.);
#3070=FACE_BOUND('',#2790,.T.);
#3071=FACE_BOUND('',#2791,.T.);
#3072=FACE_BOUND('',#2792,.T.);
#3073=FACE_BOUND('',#2793,.T.);
#3074=FACE_BOUND('',#2794,.T.);
#3075=FACE_BOUND('',#2795,.T.);
#3076=FACE_BOUND('',#2796,.T.);
#3077=FACE_BOUND('',#2797,.T.);
#3078=FACE_BOUND('',#2798,.T.);
#3079=FACE_BOUND('',#2799,.T.);
#3080=FACE_BOUND('',#2800,.T.);
#3081=FACE_BOUND('',#2801,.T.);
#3082=FACE_BOUND('',#2802,.T.);
#3083=FACE_BOUND('',#2803,.T.);
#3084=FACE_BOUND('',#2804,.T.);
#3085=FACE_BOUND('',#2805,.T.);
#3086=FACE_BOUND('',#2806,.T.);
#3087=FACE_BOUND('',#2807,.T.);
#3088=FACE_BOUND('',#2808,.T.);
#3089=FACE_BOUND('',#2809,.T.);
#3090=FACE_BOUND('',#2810,.T.);
#3091=FACE_BOUND('',#2811,.T.);
#3092=FACE_BOUND('',#2812,.T.);
#3093=FACE_BOUND('',#2813,.T.);
#3094=FACE_BOUND('',#2814,.T.);
#3095=FACE_BOUND('',#2815,.T.);
#3096=FACE_BOUND('',#2816,.T.);
#3097=FACE_BOUND('',#2817,.T.);
#3098=FACE_BOUND('',#2818,.T.);
#3099=FACE_BOUND('',#2819,.T.);
#3100=FACE_BOUND('',#2820,.T.);
#3101=FACE_BOUND('',#2821,.T.);
#3102=FACE_BOUND('',#2822,.T.);
#3103=FACE_BOUND('',#2823,.T.);
#3104=FACE_BOUND('',#2824,.T.);
#3105=FACE_BOUND('',#2825,.T.);
#3106=FACE_BOUND('',#2826,.T.);
#3107=FACE_BOUND('',#2827,.T.);
#3108=FACE_BOUND('',#2828,.T.);
#3109=FACE_BOUND('',#2829,.T.);
#3110=FACE_BOUND('',#2830,.T.);
#3111=FACE_BOUND('',#2831,.T.);
#3112=FACE_BOUND('',#2832,.T.);
#3113=FACE_BOUND('',#2833,.T.);
#3114=FACE_BOUND('',#2834,.T.);
#3115=FACE_BOUND('',#2835,.T.);
#3116=FACE_BOUND('',#2836,.T.);
#3117=FACE_BOUND('',#2837,.T.);
#3118=FACE_BOUND('',#2838,.T.);
#3119=FACE_BOUND('',#2839,.T.);
#3120=FACE_BOUND('',#2840,.T.);
#3121=FACE_BOUND('',#2841,.T.);
#3122=FACE_BOUND('',#2842,.T.);
#3123=FACE_BOUND('',#2843,.T.);
#3124=FACE_BOUND('',#2844,.T.);
#3125=FACE_BOUND('',#2845,.T.);
#3126=FACE_BOUND('',#2846,.T.);
#3127=FACE_BOUND('',#2847,.T.);
#3128=FACE_BOUND('',#2848,.T.);
#3129=FACE_BOUND('',#2849,.T.);
#3130=FACE_BOUND('',#2850,.T.);
#3131=FACE_BOUND('',#2851,.T.);
#3132=FACE_BOUND('',#2852,.T.);
#3133=FACE_BOUND('',#2853,.T.);
#3134=FACE_BOUND('',#2854,.T.);
#3135=FACE_BOUND('',#2855,.T.);
#3136=FACE_BOUND('',#2856,.T.);
#3137=FACE_BOUND('',#2857,.T.);
#3138=FACE_BOUND('',#2858,.T.);
#3139=FACE_BOUND('',#2859,.T.);
#3140=FACE_BOUND('',#2860,.T.);
#3141=FACE_BOUND('',#2861,.T.);
#3142=FACE_BOUND('',#2862,.T.);
#3143=FACE_BOUND('',#2863,.T.);
#3144=FACE_BOUND('',#2864,.T.);
#3145=FACE_BOUND('',#2865,.T.);
#3146=FACE_BOUND('',#2866,.T.);
#3147=FACE_BOUND('',#2867,.T.);
#3148=FACE_BOUND('',#2868,.T.);
#3149=FACE_BOUND('',#2869,.T.);
#3150=FACE_BOUND('',#2870,.T.);
#3151=FACE_BOUND('',#2871,.T.);
#3152=FACE_BOUND('',#2872,.T.);
#3153=FACE_BOUND('',#2873,.T.);
#3154=FACE_BOUND('',#2874,.T.);
#3155=FACE_BOUND('',#2875,.T.);
#3156=FACE_BOUND('',#2876,.T.);
#3157=FACE_BOUND('',#2877,.T.);
#3158=FACE_BOUND('',#2878,.T.);
#3159=FACE_BOUND('',#2879,.T.);
#3160=FACE_BOUND('',#2880,.T.);
#3161=FACE_BOUND('',#2881,.T.);
#3162=FACE_BOUND('',#2882,.T.);
#3163=FACE_BOUND('',#2883,.T.);
#3164=FACE_BOUND('',#2884,.T.);
#3165=FACE_BOUND('',#2885,.T.);
#3166=FACE_BOUND('',#2886,.T.);
#3167=FACE_BOUND('',#2887,.T.);
#3168=FACE_BOUND('',#2888,.T.);
#3169=FACE_BOUND('',#2889,.T.);
#3170=FACE_BOUND('',#2890,.T.);
#3171=FACE_BOUND('',#2891,.T.);
#3172=FACE_BOUND('',#2892,.T.);
#3173=FACE_BOUND('',#2893,.T.);
#3174=FACE_BOUND('',#2894,.T.);
#3175=FACE_BOUND('',#2895,.T.);
#3176=FACE_BOUND('',#2896,.T.);
#3177=FACE_BOUND('',#2897,.T.);
#3178=FACE_BOUND('',#2898,.T.);
#3179=FACE_BOUND('',#2899,.T.);
#3180=FACE_BOUND('',#2900,.T.);
#3181=FACE_BOUND('',#2901,.T.);
#3182=FACE_BOUND('',#2902,.T.);
#3183=FACE_BOUND('',#2903,.T.);
#3184=FACE_BOUND('',#2904,.T.);
#3185=FACE_BOUND('',#2905,.T.);
#3186=FACE_BOUND('',#2906,.T.);
#3187=FACE_BOUND('',#2907,.T.);
#3188=FACE_BOUND('',#2908,.T.);
#3189=FACE_BOUND('',#2909,.T.);
#3190=FACE_BOUND('',#2910,.T.);
#3191=FACE_BOUND('',#2911,.T.);
#3192=FACE_BOUND('',#2912,.T.);
#3193=FACE_BOUND('',#2913,.T.);
#3194=FACE_BOUND('',#2914,.T.);
#3195=FACE_BOUND('',#2915,.T.);
#3196=FACE_BOUND('',#2916,.T.);
#3197=FACE_BOUND('',#2917,.T.);
#3198=FACE_BOUND('',#2918,.T.);
#3199=FACE_BOUND('',#2919,.T.);
#3200=FACE_BOUND('',#2920,.T.);
#3201=FACE_BOUND('',#2921,.T.);
#3202=FACE_BOUND('',#2922,.T.);
#3203=FACE_BOUND('',#2923,.T.);
#3204=FACE_BOUND('',#2924,.T.);
#3205=FACE_BOUND('',#2925,.T.);
#3206=FACE_BOUND('',#2926,.T.);
#3207=FACE_BOUND('',#2927,.T.);
#3208=FACE_BOUND('',#2928,.T.);
#3209=FACE_BOUND('',#2929,.T.);
#3210=FACE_BOUND('',#2930,.T.);
#3211=FACE_BOUND('',#2931,.T.);
#3212=FACE_BOUND('',#2932,.T.);
#3213=FACE_BOUND('',#2933,.T.);
#3214=FACE_BOUND('',#2934,.T.);
#3215=FACE_BOUND('',#2935,.T.);
#3216=FACE_BOUND('',#2936,.T.);
#3217=FACE_BOUND('',#2937,.T.);
#3218=FACE_BOUND('',#2938,.T.);
#3219=FACE_BOUND('',#2939,.T.);
#3220=FACE_BOUND('',#2940,.T.);
#3221=FACE_BOUND('',#2941,.T.);
#3222=FACE_BOUND('',#2942,.T.);
#3223=FACE_BOUND('',#2943,.T.);
#3224=FACE_BOUND('',#2944,.T.);
#3225=FACE_BOUND('',#2945,.T.);
#3226=FACE_BOUND('',#2946,.T.);
#3227=FACE_BOUND('',#2947,.T.);
#3228=FACE_BOUND('',#2948,.T.);
#3229=FACE_BOUND('',#2949,.T.);
#3230=FACE_BOUND('',#2950,.T.);
#3231=FACE_BOUND('',#2951,.T.);
#3232=FACE_BOUND('',#2952,.T.);
#3233=FACE_BOUND('',#2953,.T.);
#3234=FACE_BOUND('',#2954,.T.);
#3235=FACE_BOUND('',#2955,.T.);
#3236=FACE_BOUND('',#2956,.T.);
#3237=FACE_BOUND('',#2957,.T.);
#3238=FACE_BOUND('',#2958,.T.);
#3239=FACE_BOUND('',#2959,.T.);
#3240=FACE_BOUND('',#2960,.T.);
#3241=FACE_BOUND('',#2961,.T.);
#3242=FACE_BOUND('',#2962,.T.);
#3243=FACE_BOUND('',#2963,.T.);
#3244=FACE_BOUND('',#2964,.T.);
#3245=FACE_BOUND('',#2965,.T.);
#3246=FACE_BOUND('',#2966,.T.);
#3247=FACE_BOUND('',#2967,.T.);
#3248=FACE_BOUND('',#2968,.T.);
#3249=FACE_BOUND('',#2969,.T.);
#3250=FACE_BOUND('',#2970,.T.);
#3251=FACE_BOUND('',#2971,.T.);
#3252=FACE_BOUND('',#2972,.T.);
#3253=FACE_BOUND('',#2973,.T.);
#3254=FACE_BOUND('',#2974,.T.);
#3255=FACE_BOUND('',#2975,.T.);
#3256=FACE_BOUND('',#2976,.T.);
#3257=FACE_BOUND('',#2977,.T.);
#3258=FACE_BOUND('',#2978,.T.);
#3259=FACE_BOUND('',#2979,.T.);
#3260=FACE_BOUND('',#2980,.T.);
#3261=FACE_BOUND('',#2981,.T.);
#3262=FACE_BOUND('',#2982,.T.);
#3263=FACE_BOUND('',#2983,.T.);
#3264=FACE_BOUND('',#2984,.T.);
#3265=FACE_BOUND('',#2985,.T.);
#3266=FACE_BOUND('',#2986,.T.);
#3267=FACE_BOUND('',#2987,.T.);
#3268=FACE_BOUND('',#2988,.T.);
#3269=FACE_BOUND('',#2989,.T.);
#3270=FACE_BOUND('',#2990,.T.);
#3271=FACE_BOUND('',#2991,.T.);
#3272=FACE_BOUND('',#2992,.T.);
#3273=FACE_BOUND('',#2993,.T.);
#3274=FACE_BOUND('',#2994,.T.);
#3275=FACE_BOUND('',#2995,.T.);
#3276=FACE_BOUND('',#2996,.T.);
#3277=FACE_BOUND('',#2997,.T.);
#3278=FACE_BOUND('',#2998,.T.);
#3279=FACE_BOUND('',#2999,.T.);
#3280=FACE_BOUND('',#3000,.T.);
#3281=FACE_BOUND('',#3001,.T.);
#3282=FACE_BOUND('',#3002,.T.);
#3283=FACE_BOUND('',#3003,.T.);
#3284=FACE_BOUND('',#3004,.T.);
#3285=FACE_BOUND('',#3005,.T.);
#3286=FACE_BOUND('',#3006,.T.);
#3287=FACE_BOUND('',#3007,.T.);
#3288=FACE_BOUND('',#3008,.T.);
#3289=FACE_BOUND('',#3009,.T.);
#3290=FACE_BOUND('',#3010,.T.);
#3291=FACE_BOUND('',#3011,.T.);
#3292=FACE_BOUND('',#3012,.T.);
#3293=FACE_BOUND('',#3013,.T.);
#3294=FACE_BOUND('',#3014,.T.);
#3295=FACE_BOUND('',#3015,.T.);
#3296=FACE_BOUND('',#3016,.T.);
#3297=FACE_BOUND('',#3017,.T.);
#3298=FACE_BOUND('',#3018,.T.);
#3299=FACE_BOUND('',#3019,.T.);
#3300=FACE_BOUND('',#3020,.T.);
#3301=FACE_BOUND('',#3021,.T.);
#3302=FACE_BOUND('',#3022,.T.);
#3303=FACE_BOUND('',#3023,.T.);
#3304=FACE_BOUND('',#3024,.T.);
#3305=FACE_BOUND('',#3025,.T.);
#3306=FACE_BOUND('',#3026,.T.);
#3307=FACE_BOUND('',#3027,.T.);
#3308=FACE_BOUND('',#3028,.T.);
#3309=FACE_BOUND('',#3029,.T.);
#3310=FACE_BOUND('',#3030,.T.);
#3311=FACE_BOUND('',#3031,.T.);
#3312=FACE_BOUND('',#3032,.T.);
#3313=FACE_BOUND('',#3033,.T.);
#3314=FACE_BOUND('',#3034,.T.);
#3315=FACE_BOUND('',#3035,.T.);
#3316=FACE_BOUND('',#3036,.T.);
#3317=FACE_BOUND('',#3037,.T.);
#3318=FACE_BOUND('',#3038,.T.);
#3319=FACE_BOUND('',#3039,.T.);
#3320=FACE_BOUND('',#3040,.T.);
#3321=FACE_BOUND('',#3041,.T.);
#3322=PLANE('',#3579);
#3323=PLANE('',#3690);
#3324=PLANE('',#3802);
#3325=PLANE('',#3804);
#3326=PLANE('',#3807);
#3327=PLANE('',#3811);
#3328=PLANE('',#3813);
#3329=PLANE('',#3817);
#3330=PLANE('',#3820);
#3331=PLANE('',#3822);
#3332=PLANE('',#3824);
#3333=PLANE('',#3828);
#3334=PLANE('',#3832);
#3335=PLANE('',#3834);
#3336=PLANE('',#3836);
#3337=PLANE('',#3838);
#3338=PLANE('',#3839);
#3339=PLANE('',#3840);
#3340=PLANE('',#3842);
#3341=PLANE('',#3844);
#3342=PLANE('',#3846);
#3343=PLANE('',#3848);
#3344=PLANE('',#3850);
#3345=PLANE('',#3853);
#3346=PLANE('',#3855);
#3347=PLANE('',#3857);
#3348=PLANE('',#3860);
#3349=PLANE('',#3870);
#3350=PLANE('',#3875);
#3351=PLANE('',#3876);
#3352=PLANE('',#3878);
#3353=PLANE('',#3880);
#3354=PLANE('',#3882);
#3355=PLANE('',#3884);
#3356=PLANE('',#3886);
#3357=PLANE('',#3888);
#3358=PLANE('',#3890);
#3359=PLANE('',#3893);
#3360=PLANE('',#3897);
#3361=PLANE('',#3908);
#3362=PLANE('',#3912);
#3363=PLANE('',#3916);
#3364=PLANE('',#3918);
#3365=PLANE('',#3920);
#3366=PLANE('',#3923);
#3367=PLANE('',#3927);
#3368=PLANE('',#3929);
#3369=PLANE('',#3933);
#3370=PLANE('',#3934);
#3371=PLANE('',#3935);
#3372=PLANE('',#3937);
#3373=PLANE('',#3939);
#3374=PLANE('',#3944);
#3375=PLANE('',#3946);
#3376=PLANE('',#3948);
#3377=PLANE('',#3951);
#3378=PLANE('',#3953);
#3379=PLANE('',#3955);
#3380=PLANE('',#3956);
#3381=PLANE('',#3958);
#3382=PLANE('',#3960);
#3383=PLANE('',#3962);
#3384=PLANE('',#3964);
#3385=PLANE('',#3966);
#3386=PLANE('',#3969);
#3387=PLANE('',#3971);
#3388=PLANE('',#3973);
#3389=ADVANCED_FACE('',(#3042,#3043,#3044,#3045,#3046,#3047,#3048,#3049,#3050,#3051,#3052,#3053,#3054,#3055,#3056,#3057,#3058,#3059,#3060,#3061,#3062,#3063,#3064,#3065,#3066,#3067,#3068,#3069,#3070,#3071,#3072,#3073,#3074,#3075,#3076,#3077,#3078,#3079,#3080,#3081,#3082),#3322,.T.);
#3390=ADVANCED_FACE('',(#3083,#3084,#3085,#3086,#3087,#3088,#3089,#3090,#3091,#3092,#3093,#3094,#3095,#3096,#3097,#3098,#3099,#3100,#3101,#3102,#3103,#3104,#3105,#3106,#3107,#3108,#3109,#3110,#3111,#3112,#3113,#3114,#3115,#3116,#3117,#3118,#3119,#3120,#3121,#3122,#3123),#3323,.F.);
#3391=ADVANCED_FACE('',(#3124),#12,.F.);
#3392=ADVANCED_FACE('',(#3125),#3324,.T.);
#3393=ADVANCED_FACE('',(#3126),#13,.F.);
#3394=ADVANCED_FACE('',(#3127),#3325,.F.);
#3395=ADVANCED_FACE('',(#3128),#14,.F.);
#3396=ADVANCED_FACE('',(#3129),#15,.F.);
#3397=ADVANCED_FACE('',(#3130),#3326,.T.);
#3398=ADVANCED_FACE('',(#3131),#16,.F.);
#3399=ADVANCED_FACE('',(#3132),#17,.T.);
#3400=ADVANCED_FACE('',(#3133),#18,.F.);
#3401=ADVANCED_FACE('',(#3134),#3327,.T.);
#3402=ADVANCED_FACE('',(#3135),#19,.F.);
#3403=ADVANCED_FACE('',(#3136),#3328,.F.);
#3404=ADVANCED_FACE('',(#3137),#20,.F.);
#3405=ADVANCED_FACE('',(#3138),#21,.T.);
#3406=ADVANCED_FACE('',(#3139),#22,.F.);
#3407=ADVANCED_FACE('',(#3140),#3329,.F.);
#3408=ADVANCED_FACE('',(#3141),#23,.F.);
#3409=ADVANCED_FACE('',(#3142),#24,.T.);
#3410=ADVANCED_FACE('',(#3143),#3330,.T.);
#3411=ADVANCED_FACE('',(#3144),#25,.F.);
#3412=ADVANCED_FACE('',(#3145),#3331,.T.);
#3413=ADVANCED_FACE('',(#3146),#26,.F.);
#3414=ADVANCED_FACE('',(#3147),#3332,.F.);
#3415=ADVANCED_FACE('',(#3148),#27,.F.);
#3416=ADVANCED_FACE('',(#3149),#28,.T.);
#3417=ADVANCED_FACE('',(#3150),#29,.F.);
#3418=ADVANCED_FACE('',(#3151),#3333,.F.);
#3419=ADVANCED_FACE('',(#3152),#30,.F.);
#3420=ADVANCED_FACE('',(#3153),#31,.T.);
#3421=ADVANCED_FACE('',(#3154),#32,.F.);
#3422=ADVANCED_FACE('',(#3155),#3334,.T.);
#3423=ADVANCED_FACE('',(#3156),#33,.F.);
#3424=ADVANCED_FACE('',(#3157),#3335,.T.);
#3425=ADVANCED_FACE('',(#3158),#34,.F.);
#3426=ADVANCED_FACE('',(#3159),#3336,.T.);
#3427=ADVANCED_FACE('',(#3160),#35,.F.);
#3428=ADVANCED_FACE('',(#3161),#3337,.T.);
#3429=ADVANCED_FACE('',(#3162),#3338,.F.);
#3430=ADVANCED_FACE('',(#3163),#3339,.T.);
#3431=ADVANCED_FACE('',(#3164),#36,.F.);
#3432=ADVANCED_FACE('',(#3165),#3340,.T.);
#3433=ADVANCED_FACE('',(#3166),#37,.F.);
#3434=ADVANCED_FACE('',(#3167),#3341,.T.);
#3435=ADVANCED_FACE('',(#3168),#38,.F.);
#3436=ADVANCED_FACE('',(#3169),#3342,.T.);
#3437=ADVANCED_FACE('',(#3170),#39,.F.);
#3438=ADVANCED_FACE('',(#3171),#3343,.T.);
#3439=ADVANCED_FACE('',(#3172),#40,.F.);
#3440=ADVANCED_FACE('',(#3173),#3344,.T.);
#3441=ADVANCED_FACE('',(#3174),#41,.F.);
#3442=ADVANCED_FACE('',(#3175),#42,.F.);
#3443=ADVANCED_FACE('',(#3176),#3345,.T.);
#3444=ADVANCED_FACE('',(#3177),#43,.T.);
#3445=ADVANCED_FACE('',(#3178),#3346,.T.);
#3446=ADVANCED_FACE('',(#3179),#44,.F.);
#3447=ADVANCED_FACE('',(#3180),#3347,.T.);
#3448=ADVANCED_FACE('',(#3181),#45,.T.);
#3449=ADVANCED_FACE('',(#3182,#3183),#46,.F.);
#3450=ADVANCED_FACE('',(#3184),#3348,.F.);
#3451=ADVANCED_FACE('',(#3185),#47,.T.);
#3452=ADVANCED_FACE('',(#3186,#3187),#48,.F.);
#3453=ADVANCED_FACE('',(#3188,#3189),#49,.F.);
#3454=ADVANCED_FACE('',(#3190,#3191),#50,.F.);
#3455=ADVANCED_FACE('',(#3192,#3193),#51,.F.);
#3456=ADVANCED_FACE('',(#3194,#3195),#52,.F.);
#3457=ADVANCED_FACE('',(#3196,#3197),#53,.F.);
#3458=ADVANCED_FACE('',(#3198),#54,.F.);
#3459=ADVANCED_FACE('',(#3199),#55,.F.);
#3460=ADVANCED_FACE('',(#3200),#3349,.F.);
#3461=ADVANCED_FACE('',(#3201,#3202),#56,.F.);
#3462=ADVANCED_FACE('',(#3203),#57,.F.);
#3463=ADVANCED_FACE('',(#3204,#3205),#58,.F.);
#3464=ADVANCED_FACE('',(#3206,#3207),#59,.F.);
#3465=ADVANCED_FACE('',(#3208),#3350,.T.);
#3466=ADVANCED_FACE('',(#3209),#3351,.F.);
#3467=ADVANCED_FACE('',(#3210),#60,.T.);
#3468=ADVANCED_FACE('',(#3211),#3352,.F.);
#3469=ADVANCED_FACE('',(#3212),#61,.F.);
#3470=ADVANCED_FACE('',(#3213),#3353,.F.);
#3471=ADVANCED_FACE('',(#3214),#62,.T.);
#3472=ADVANCED_FACE('',(#3215),#3354,.F.);
#3473=ADVANCED_FACE('',(#3216),#63,.F.);
#3474=ADVANCED_FACE('',(#3217),#3355,.F.);
#3475=ADVANCED_FACE('',(#3218),#64,.F.);
#3476=ADVANCED_FACE('',(#3219),#3356,.F.);
#3477=ADVANCED_FACE('',(#3220),#65,.F.);
#3478=ADVANCED_FACE('',(#3221),#3357,.T.);
#3479=ADVANCED_FACE('',(#3222),#66,.F.);
#3480=ADVANCED_FACE('',(#3223),#3358,.T.);
#3481=ADVANCED_FACE('',(#3224,#3225),#67,.F.);
#3482=ADVANCED_FACE('',(#3226),#68,.F.);
#3483=ADVANCED_FACE('',(#3227),#3359,.F.);
#3484=ADVANCED_FACE('',(#3228),#69,.F.);
#3485=ADVANCED_FACE('',(#3229),#70,.T.);
#3486=ADVANCED_FACE('',(#3230),#71,.F.);
#3487=ADVANCED_FACE('',(#3231),#3360,.F.);
#3488=ADVANCED_FACE('',(#3232),#72,.F.);
#3489=ADVANCED_FACE('',(#3233),#73,.T.);
#3490=ADVANCED_FACE('',(#3234,#3235),#74,.F.);
#3491=ADVANCED_FACE('',(#3236,#3237),#75,.F.);
#3492=ADVANCED_FACE('',(#3238,#3239),#76,.F.);
#3493=ADVANCED_FACE('',(#3240,#3241),#77,.F.);
#3494=ADVANCED_FACE('',(#3242,#3243),#78,.F.);
#3495=ADVANCED_FACE('',(#3244),#79,.F.);
#3496=ADVANCED_FACE('',(#3245),#80,.T.);
#3497=ADVANCED_FACE('',(#3246),#81,.F.);
#3498=ADVANCED_FACE('',(#3247),#3361,.T.);
#3499=ADVANCED_FACE('',(#3248),#82,.F.);
#3500=ADVANCED_FACE('',(#3249),#83,.T.);
#3501=ADVANCED_FACE('',(#3250),#84,.F.);
#3502=ADVANCED_FACE('',(#3251),#3362,.T.);
#3503=ADVANCED_FACE('',(#3252,#3253),#85,.F.);
#3504=ADVANCED_FACE('',(#3254,#3255),#86,.F.);
#3505=ADVANCED_FACE('',(#3256),#87,.F.);
#3506=ADVANCED_FACE('',(#3257),#3363,.T.);
#3507=ADVANCED_FACE('',(#3258),#88,.F.);
#3508=ADVANCED_FACE('',(#3259),#3364,.T.);
#3509=ADVANCED_FACE('',(#3260),#89,.F.);
#3510=ADVANCED_FACE('',(#3261),#3365,.F.);
#3511=ADVANCED_FACE('',(#3262),#90,.F.);
#3512=ADVANCED_FACE('',(#3263),#91,.T.);
#3513=ADVANCED_FACE('',(#3264),#3366,.F.);
#3514=ADVANCED_FACE('',(#3265),#92,.F.);
#3515=ADVANCED_FACE('',(#3266),#93,.T.);
#3516=ADVANCED_FACE('',(#3267),#94,.F.);
#3517=ADVANCED_FACE('',(#3268),#3367,.T.);
#3518=ADVANCED_FACE('',(#3269),#95,.F.);
#3519=ADVANCED_FACE('',(#3270),#3368,.F.);
#3520=ADVANCED_FACE('',(#3271),#96,.F.);
#3521=ADVANCED_FACE('',(#3272),#97,.F.);
#3522=ADVANCED_FACE('',(#3273),#98,.F.);
#3523=ADVANCED_FACE('',(#3274),#3369,.F.);
#3524=ADVANCED_FACE('',(#3275),#3370,.T.);
#3525=ADVANCED_FACE('',(#3276),#3371,.T.);
#3526=ADVANCED_FACE('',(#3277),#99,.F.);
#3527=ADVANCED_FACE('',(#3278),#3372,.F.);
#3528=ADVANCED_FACE('',(#3279),#100,.F.);
#3529=ADVANCED_FACE('',(#3280),#3373,.T.);
#3530=ADVANCED_FACE('',(#3281),#101,.F.);
#3531=ADVANCED_FACE('',(#3282,#3283),#102,.F.);
#3532=ADVANCED_FACE('',(#3284,#3285),#103,.F.);
#3533=ADVANCED_FACE('',(#3286),#104,.F.);
#3534=ADVANCED_FACE('',(#3287),#3374,.F.);
#3535=ADVANCED_FACE('',(#3288),#105,.F.);
#3536=ADVANCED_FACE('',(#3289),#3375,.T.);
#3537=ADVANCED_FACE('',(#3290),#106,.F.);
#3538=ADVANCED_FACE('',(#3291),#3376,.F.);
#3539=ADVANCED_FACE('',(#3292,#3293),#107,.F.);
#3540=ADVANCED_FACE('',(#3294),#108,.F.);
#3541=ADVANCED_FACE('',(#3295),#3377,.F.);
#3542=ADVANCED_FACE('',(#3296),#109,.F.);
#3543=ADVANCED_FACE('',(#3297),#3378,.F.);
#3544=ADVANCED_FACE('',(#3298),#110,.F.);
#3545=ADVANCED_FACE('',(#3299),#3379,.F.);
#3546=ADVANCED_FACE('',(#3300),#3380,.F.);
#3547=ADVANCED_FACE('',(#3301),#111,.F.);
#3548=ADVANCED_FACE('',(#3302),#3381,.T.);
#3549=ADVANCED_FACE('',(#3303),#112,.F.);
#3550=ADVANCED_FACE('',(#3304),#3382,.T.);
#3551=ADVANCED_FACE('',(#3305),#113,.F.);
#3552=ADVANCED_FACE('',(#3306),#3383,.T.);
#3553=ADVANCED_FACE('',(#3307),#114,.F.);
#3554=ADVANCED_FACE('',(#3308),#3384,.F.);
#3555=ADVANCED_FACE('',(#3309),#115,.F.);
#3556=ADVANCED_FACE('',(#3310),#3385,.F.);
#3557=ADVANCED_FACE('',(#3311),#116,.F.);
#3558=ADVANCED_FACE('',(#3312),#117,.F.);
#3559=ADVANCED_FACE('',(#3313),#3386,.F.);
#3560=ADVANCED_FACE('',(#3314),#118,.F.);
#3561=ADVANCED_FACE('',(#3315),#3387,.T.);
#3562=ADVANCED_FACE('',(#3316),#119,.F.);
#3563=ADVANCED_FACE('',(#3317),#3388,.F.);
#3564=ADVANCED_FACE('',(#3318,#3319),#120,.F.);
#3565=ADVANCED_FACE('',(#3320,#3321),#121,.F.);
#3566=CLOSED_SHELL('',(#3389,#3390,#3391,#3392,#3393,#3394,#3395,#3396,#3397,#3398,#3399,#3400,#3401,#3402,#3403,#3404,#3405,#3406,#3407,#3408,#3409,#3410,#3411,#3412,#3413,#3414,#3415,#3416,#3417,#3418,#3419,#3420,#3421,#3422,#3423,#3424,#3425,#3426,#3427,#3428,#3429,#3430,#3431,#3432,#3433,#3434,#3435,#3436,#3437,#3438,#3439,#3440,#3441,#3442,#3443,#3444,#3445,#3446,#3447,#3448,#3449,#3450,#3451,#3452,#3453,#3454,#3455,#3456,#3457,#3458,#3459,#3460,#3461,#3462,#3463,#3464,#3465,#3466,#3467,#3468,#3469,#3470,#3471,#3472,#3473,#3474,#3475,#3476,#3477,#3478,#3479,#3480,#3481,#3482,#3483,#3484,#3485,#3486,#3487,#3488,#3489,#3490,#3491,#3492,#3493,#3494,#3495,#3496,#3497,#3498,#3499,#3500,#3501,#3502,#3503,#3504,#3505,#3506,#3507,#3508,#3509,#3510,#3511,#3512,#3513,#3514,#3515,#3516,#3517,#3518,#3519,#3520,#3521,#3522,#3523,#3524,#3525,#3526,#3527,#3528,#3529,#3530,#3531,#3532,#3533,#3534,#3535,#3536,#3537,#3538,#3539,#3540,#3541,#3542,#3543,#3544,#3545,#3546,#3547,#3548,#3549,#3550,#3551,#3552,#3553,#3554,#3555,#3556,#3557,#3558,#3559,#3560,#3561,#3562,#3563,#3564,#3565));
#3567=STYLED_ITEM('',(#3568),#3575);
#3568=PRESENTATION_STYLE_ASSIGNMENT((#3569));
#3569=SURFACE_STYLE_USAGE(.BOTH.,#3570);
#3570=SURFACE_SIDE_STYLE('',(#3571));
#3571=SURFACE_STYLE_FILL_AREA(#3572);
#3572=FILL_AREA_STYLE('',(#3573));
#3573=FILL_AREA_STYLE_COLOUR('',#3574);
#3574=COLOUR_RGB('',0.615686274509804,0.811764705882353,0.929411764705882);
#3575=MANIFOLD_SOLID_BREP('Part 11',#3566);
#3576=SHAPE_DEFINITION_REPRESENTATION(#6090,#3577);
#3577=SHAPE_REPRESENTATION('Part 11',(#3578),#6085);
#3578=AXIS2_PLACEMENT_3D('',#5054,#3976,#3977);
#3579=AXIS2_PLACEMENT_3D('',#5055,#3978,#3979);
#3580=AXIS2_PLACEMENT_3D('',#5056,#3980,#3981);
#3581=AXIS2_PLACEMENT_3D('',#5058,#3982,#3983);
#3582=AXIS2_PLACEMENT_3D('',#5060,#3984,#3985);
#3583=AXIS2_PLACEMENT_3D('',#5065,#3987,#3988);
#3584=AXIS2_PLACEMENT_3D('',#5069,#3990,#3991);
#3585=AXIS2_PLACEMENT_3D('',#5075,#3994,#3995);
#3586=AXIS2_PLACEMENT_3D('',#5079,#3997,#3998);
#3587=AXIS2_PLACEMENT_3D('',#5083,#4000,#4001);
#3588=AXIS2_PLACEMENT_3D('',#5084,#4002,#4003);
#3589=AXIS2_PLACEMENT_3D('',#5089,#4005,#4006);
#3590=AXIS2_PLACEMENT_3D('',#5093,#4008,#4009);
#3591=AXIS2_PLACEMENT_3D('',#5096,#4011,#4012);
#3592=AXIS2_PLACEMENT_3D('',#5098,#4013,#4014);
#3593=AXIS2_PLACEMENT_3D('',#5103,#4016,#4017);
#3594=AXIS2_PLACEMENT_3D('',#5107,#4019,#4020);
#3595=AXIS2_PLACEMENT_3D('',#5110,#4022,#4023);
#3596=AXIS2_PLACEMENT_3D('',#5112,#4024,#4025);
#3597=AXIS2_PLACEMENT_3D('',#5114,#4026,#4027);
#3598=AXIS2_PLACEMENT_3D('',#5119,#4029,#4030);
#3599=AXIS2_PLACEMENT_3D('',#5123,#4032,#4033);
#3600=AXIS2_PLACEMENT_3D('',#5127,#4035,#4036);
#3601=AXIS2_PLACEMENT_3D('',#5131,#4038,#4039);
#3602=AXIS2_PLACEMENT_3D('',#5135,#4041,#4042);
#3603=AXIS2_PLACEMENT_3D('',#5139,#4044,#4045);
#3604=AXIS2_PLACEMENT_3D('',#5143,#4047,#4048);
#3605=AXIS2_PLACEMENT_3D('',#5147,#4050,#4051);
#3606=AXIS2_PLACEMENT_3D('',#5151,#4053,#4054);
#3607=AXIS2_PLACEMENT_3D('',#5154,#4056,#4057);
#3608=AXIS2_PLACEMENT_3D('',#5156,#4058,#4059);
#3609=AXIS2_PLACEMENT_3D('',#5161,#4061,#4062);
#3610=AXIS2_PLACEMENT_3D('',#5165,#4064,#4065);
#3611=AXIS2_PLACEMENT_3D('',#5173,#4069,#4070);
#3612=AXIS2_PLACEMENT_3D('',#5177,#4072,#4073);
#3613=AXIS2_PLACEMENT_3D('',#5181,#4075,#4076);
#3614=AXIS2_PLACEMENT_3D('',#5185,#4078,#4079);
#3615=AXIS2_PLACEMENT_3D('',#5189,#4081,#4082);
#3616=AXIS2_PLACEMENT_3D('',#5193,#4084,#4085);
#3617=AXIS2_PLACEMENT_3D('',#5194,#4086,#4087);
#3618=AXIS2_PLACEMENT_3D('',#5196,#4088,#4089);
#3619=AXIS2_PLACEMENT_3D('',#5201,#4091,#4092);
#3620=AXIS2_PLACEMENT_3D('',#5203,#4093,#4094);
#3621=AXIS2_PLACEMENT_3D('',#5205,#4095,#4096);
#3622=AXIS2_PLACEMENT_3D('',#5209,#4098,#4099);
#3623=AXIS2_PLACEMENT_3D('',#5215,#4102,#4103);
#3624=AXIS2_PLACEMENT_3D('',#5219,#4105,#4106);
#3625=AXIS2_PLACEMENT_3D('',#5223,#4108,#4109);
#3626=AXIS2_PLACEMENT_3D('',#5225,#4110,#4111);
#3627=AXIS2_PLACEMENT_3D('',#5227,#4112,#4113);
#3628=AXIS2_PLACEMENT_3D('',#5231,#4115,#4116);
#3629=AXIS2_PLACEMENT_3D('',#5233,#4117,#4118);
#3630=AXIS2_PLACEMENT_3D('',#5235,#4119,#4120);
#3631=AXIS2_PLACEMENT_3D('',#5239,#4122,#4123);
#3632=AXIS2_PLACEMENT_3D('',#5241,#4124,#4125);
#3633=AXIS2_PLACEMENT_3D('',#5243,#4126,#4127);
#3634=AXIS2_PLACEMENT_3D('',#5244,#4128,#4129);
#3635=AXIS2_PLACEMENT_3D('',#5246,#4130,#4131);
#3636=AXIS2_PLACEMENT_3D('',#5248,#4132,#4133);
#3637=AXIS2_PLACEMENT_3D('',#5250,#4134,#4135);
#3638=AXIS2_PLACEMENT_3D('',#5252,#4136,#4137);
#3639=AXIS2_PLACEMENT_3D('',#5254,#4138,#4139);
#3640=AXIS2_PLACEMENT_3D('',#5256,#4140,#4141);
#3641=AXIS2_PLACEMENT_3D('',#5261,#4143,#4144);
#3642=AXIS2_PLACEMENT_3D('',#5263,#4145,#4146);
#3643=AXIS2_PLACEMENT_3D('',#5265,#4147,#4148);
#3644=AXIS2_PLACEMENT_3D('',#5269,#4150,#4151);
#3645=AXIS2_PLACEMENT_3D('',#5271,#4152,#4153);
#3646=AXIS2_PLACEMENT_3D('',#5272,#4154,#4155);
#3647=AXIS2_PLACEMENT_3D('',#5277,#4157,#4158);
#3648=AXIS2_PLACEMENT_3D('',#5281,#4160,#4161);
#3649=AXIS2_PLACEMENT_3D('',#5284,#4163,#4164);
#3650=AXIS2_PLACEMENT_3D('',#5286,#4165,#4166);
#3651=AXIS2_PLACEMENT_3D('',#5291,#4168,#4169);
#3652=AXIS2_PLACEMENT_3D('',#5293,#4170,#4171);
#3653=AXIS2_PLACEMENT_3D('',#5295,#4172,#4173);
#3654=AXIS2_PLACEMENT_3D('',#5299,#4175,#4176);
#3655=AXIS2_PLACEMENT_3D('',#5302,#4178,#4179);
#3656=AXIS2_PLACEMENT_3D('',#5305,#4180,#4181);
#3657=AXIS2_PLACEMENT_3D('',#5309,#4183,#4184);
#3658=AXIS2_PLACEMENT_3D('',#5313,#4186,#4187);
#3659=AXIS2_PLACEMENT_3D('',#5317,#4189,#4190);
#3660=AXIS2_PLACEMENT_3D('',#5318,#4191,#4192);
#3661=AXIS2_PLACEMENT_3D('',#5320,#4193,#4194);
#3662=AXIS2_PLACEMENT_3D('',#5325,#4196,#4197);
#3663=AXIS2_PLACEMENT_3D('',#5327,#4198,#4199);
#3664=AXIS2_PLACEMENT_3D('',#5329,#4200,#4201);
#3665=AXIS2_PLACEMENT_3D('',#5333,#4203,#4204);
#3666=AXIS2_PLACEMENT_3D('',#5335,#4205,#4206);
#3667=AXIS2_PLACEMENT_3D('',#5337,#4207,#4208);
#3668=AXIS2_PLACEMENT_3D('',#5338,#4209,#4210);
#3669=AXIS2_PLACEMENT_3D('',#5340,#4211,#4212);
#3670=AXIS2_PLACEMENT_3D('',#5342,#4213,#4214);
#3671=AXIS2_PLACEMENT_3D('',#5344,#4215,#4216);
#3672=AXIS2_PLACEMENT_3D('',#5346,#4217,#4218);
#3673=AXIS2_PLACEMENT_3D('',#5348,#4219,#4220);
#3674=AXIS2_PLACEMENT_3D('',#5351,#4221,#4222);
#3675=AXIS2_PLACEMENT_3D('',#5355,#4224,#4225);
#3676=AXIS2_PLACEMENT_3D('',#5357,#4226,#4227);
#3677=AXIS2_PLACEMENT_3D('',#5359,#4228,#4229);
#3678=AXIS2_PLACEMENT_3D('',#5363,#4231,#4232);
#3679=AXIS2_PLACEMENT_3D('',#5364,#4233,#4234);
#3680=AXIS2_PLACEMENT_3D('',#5369,#4236,#4237);
#3681=AXIS2_PLACEMENT_3D('',#5373,#4239,#4240);
#3682=AXIS2_PLACEMENT_3D('',#5377,#4242,#4243);
#3683=AXIS2_PLACEMENT_3D('',#5381,#4245,#4246);
#3684=AXIS2_PLACEMENT_3D('',#5382,#4247,#4248);
#3685=AXIS2_PLACEMENT_3D('',#5387,#4250,#4251);
#3686=AXIS2_PLACEMENT_3D('',#5391,#4253,#4254);
#3687=AXIS2_PLACEMENT_3D('',#5394,#4256,#4257);
#3688=AXIS2_PLACEMENT_3D('',#5399,#4259,#4260);
#3689=AXIS2_PLACEMENT_3D('',#5403,#4262,#4263);
#3690=AXIS2_PLACEMENT_3D('',#5406,#4265,#4266);
#3691=AXIS2_PLACEMENT_3D('',#5407,#4267,#4268);
#3692=AXIS2_PLACEMENT_3D('',#5409,#4269,#4270);
#3693=AXIS2_PLACEMENT_3D('',#5414,#4272,#4273);
#3694=AXIS2_PLACEMENT_3D('',#5418,#4275,#4276);
#3695=AXIS2_PLACEMENT_3D('',#5422,#4278,#4279);
#3696=AXIS2_PLACEMENT_3D('',#5426,#4281,#4282);
#3697=AXIS2_PLACEMENT_3D('',#5430,#4284,#4285);
#3698=AXIS2_PLACEMENT_3D('',#5434,#4287,#4288);
#3699=AXIS2_PLACEMENT_3D('',#5435,#4289,#4290);
#3700=AXIS2_PLACEMENT_3D('',#5440,#4292,#4293);
#3701=AXIS2_PLACEMENT_3D('',#5444,#4295,#4296);
#3702=AXIS2_PLACEMENT_3D('',#5448,#4298,#4299);
#3703=AXIS2_PLACEMENT_3D('',#5452,#4301,#4302);
#3704=AXIS2_PLACEMENT_3D('',#5456,#4304,#4305);
#3705=AXIS2_PLACEMENT_3D('',#5460,#4307,#4308);
#3706=AXIS2_PLACEMENT_3D('',#5464,#4310,#4311);
#3707=AXIS2_PLACEMENT_3D('',#5468,#4313,#4314);
#3708=AXIS2_PLACEMENT_3D('',#5472,#4316,#4317);
#3709=AXIS2_PLACEMENT_3D('',#5475,#4319,#4320);
#3710=AXIS2_PLACEMENT_3D('',#5477,#4321,#4322);
#3711=AXIS2_PLACEMENT_3D('',#5482,#4324,#4325);
#3712=AXIS2_PLACEMENT_3D('',#5486,#4327,#4328);
#3713=AXIS2_PLACEMENT_3D('',#5490,#4330,#4331);
#3714=AXIS2_PLACEMENT_3D('',#5494,#4333,#4334);
#3715=AXIS2_PLACEMENT_3D('',#5498,#4336,#4337);
#3716=AXIS2_PLACEMENT_3D('',#5502,#4339,#4340);
#3717=AXIS2_PLACEMENT_3D('',#5510,#4344,#4345);
#3718=AXIS2_PLACEMENT_3D('',#5514,#4347,#4348);
#3719=AXIS2_PLACEMENT_3D('',#5515,#4349,#4350);
#3720=AXIS2_PLACEMENT_3D('',#5517,#4351,#4352);
#3721=AXIS2_PLACEMENT_3D('',#5522,#4354,#4355);
#3722=AXIS2_PLACEMENT_3D('',#5526,#4357,#4358);
#3723=AXIS2_PLACEMENT_3D('',#5528,#4359,#4360);
#3724=AXIS2_PLACEMENT_3D('',#5530,#4361,#4362);
#3725=AXIS2_PLACEMENT_3D('',#5536,#4365,#4366);
#3726=AXIS2_PLACEMENT_3D('',#5538,#4367,#4368);
#3727=AXIS2_PLACEMENT_3D('',#5540,#4369,#4370);
#3728=AXIS2_PLACEMENT_3D('',#5544,#4372,#4373);
#3729=AXIS2_PLACEMENT_3D('',#5548,#4375,#4376);
#3730=AXIS2_PLACEMENT_3D('',#5552,#4378,#4379);
#3731=AXIS2_PLACEMENT_3D('',#5554,#4380,#4381);
#3732=AXIS2_PLACEMENT_3D('',#5556,#4382,#4383);
#3733=AXIS2_PLACEMENT_3D('',#5560,#4385,#4386);
#3734=AXIS2_PLACEMENT_3D('',#5562,#4387,#4388);
#3735=AXIS2_PLACEMENT_3D('',#5564,#4389,#4390);
#3736=AXIS2_PLACEMENT_3D('',#5565,#4391,#4392);
#3737=AXIS2_PLACEMENT_3D('',#5567,#4393,#4394);
#3738=AXIS2_PLACEMENT_3D('',#5569,#4395,#4396);
#3739=AXIS2_PLACEMENT_3D('',#5571,#4397,#4398);
#3740=AXIS2_PLACEMENT_3D('',#5573,#4399,#4400);
#3741=AXIS2_PLACEMENT_3D('',#5575,#4401,#4402);
#3742=AXIS2_PLACEMENT_3D('',#5577,#4403,#4404);
#3743=AXIS2_PLACEMENT_3D('',#5580,#4405,#4406);
#3744=AXIS2_PLACEMENT_3D('',#5582,#4407,#4408);
#3745=AXIS2_PLACEMENT_3D('',#5586,#4410,#4411);
#3746=AXIS2_PLACEMENT_3D('',#5588,#4412,#4413);
#3747=AXIS2_PLACEMENT_3D('',#5590,#4414,#4415);
#3748=AXIS2_PLACEMENT_3D('',#5593,#4417,#4418);
#3749=AXIS2_PLACEMENT_3D('',#5598,#4420,#4421);
#3750=AXIS2_PLACEMENT_3D('',#5602,#4423,#4424);
#3751=AXIS2_PLACEMENT_3D('',#5605,#4426,#4427);
#3752=AXIS2_PLACEMENT_3D('',#5607,#4428,#4429);
#3753=AXIS2_PLACEMENT_3D('',#5612,#4431,#4432);
#3754=AXIS2_PLACEMENT_3D('',#5616,#4434,#4435);
#3755=AXIS2_PLACEMENT_3D('',#5618,#4436,#4437);
#3756=AXIS2_PLACEMENT_3D('',#5620,#4438,#4439);
#3757=AXIS2_PLACEMENT_3D('',#5623,#4441,#4442);
#3758=AXIS2_PLACEMENT_3D('',#5626,#4443,#4444);
#3759=AXIS2_PLACEMENT_3D('',#5630,#4446,#4447);
#3760=AXIS2_PLACEMENT_3D('',#5634,#4449,#4450);
#3761=AXIS2_PLACEMENT_3D('',#5638,#4452,#4453);
#3762=AXIS2_PLACEMENT_3D('',#5639,#4454,#4455);
#3763=AXIS2_PLACEMENT_3D('',#5641,#4456,#4457);
#3764=AXIS2_PLACEMENT_3D('',#5646,#4459,#4460);
#3765=AXIS2_PLACEMENT_3D('',#5648,#4461,#4462);
#3766=AXIS2_PLACEMENT_3D('',#5650,#4463,#4464);
#3767=AXIS2_PLACEMENT_3D('',#5654,#4466,#4467);
#3768=AXIS2_PLACEMENT_3D('',#5656,#4468,#4469);
#3769=AXIS2_PLACEMENT_3D('',#5658,#4470,#4471);
#3770=AXIS2_PLACEMENT_3D('',#5659,#4472,#4473);
#3771=AXIS2_PLACEMENT_3D('',#5661,#4474,#4475);
#3772=AXIS2_PLACEMENT_3D('',#5663,#4476,#4477);
#3773=AXIS2_PLACEMENT_3D('',#5665,#4478,#4479);
#3774=AXIS2_PLACEMENT_3D('',#5667,#4480,#4481);
#3775=AXIS2_PLACEMENT_3D('',#5669,#4482,#4483);
#3776=AXIS2_PLACEMENT_3D('',#5672,#4484,#4485);
#3777=AXIS2_PLACEMENT_3D('',#5676,#4487,#4488);
#3778=AXIS2_PLACEMENT_3D('',#5678,#4489,#4490);
#3779=AXIS2_PLACEMENT_3D('',#5680,#4491,#4492);
#3780=AXIS2_PLACEMENT_3D('',#5684,#4494,#4495);
#3781=AXIS2_PLACEMENT_3D('',#5685,#4496,#4497);
#3782=AXIS2_PLACEMENT_3D('',#5690,#4499,#4500);
#3783=AXIS2_PLACEMENT_3D('',#5694,#4502,#4503);
#3784=AXIS2_PLACEMENT_3D('',#5698,#4505,#4506);
#3785=AXIS2_PLACEMENT_3D('',#5702,#4508,#4509);
#3786=AXIS2_PLACEMENT_3D('',#5703,#4510,#4511);
#3787=AXIS2_PLACEMENT_3D('',#5705,#4512,#4513);
#3788=AXIS2_PLACEMENT_3D('',#5710,#4515,#4516);
#3789=AXIS2_PLACEMENT_3D('',#5714,#4518,#4519);
#3790=AXIS2_PLACEMENT_3D('',#5718,#4521,#4522);
#3791=AXIS2_PLACEMENT_3D('',#5719,#4523,#4524);
#3792=AXIS2_PLACEMENT_3D('',#5724,#4526,#4527);
#3793=AXIS2_PLACEMENT_3D('',#5728,#4529,#4530);
#3794=AXIS2_PLACEMENT_3D('',#5732,#4532,#4533);
#3795=AXIS2_PLACEMENT_3D('',#5733,#4534,#4535);
#3796=AXIS2_PLACEMENT_3D('',#5738,#4537,#4538);
#3797=AXIS2_PLACEMENT_3D('',#5742,#4540,#4541);
#3798=AXIS2_PLACEMENT_3D('',#5748,#4544,#4545);
#3799=AXIS2_PLACEMENT_3D('',#5752,#4547,#4548);
#3800=AXIS2_PLACEMENT_3D('',#5756,#4550,#4551);
#3801=AXIS2_PLACEMENT_3D('',#5757,#4552,#4553);
#3802=AXIS2_PLACEMENT_3D('',#5760,#4556,#4557);
#3803=AXIS2_PLACEMENT_3D('',#5762,#4559,#4560);
#3804=AXIS2_PLACEMENT_3D('',#5764,#4562,#4563);
#3805=AXIS2_PLACEMENT_3D('',#5766,#4565,#4566);
#3806=AXIS2_PLACEMENT_3D('',#5768,#4568,#4569);
#3807=AXIS2_PLACEMENT_3D('',#5771,#4572,#4573);
#3808=AXIS2_PLACEMENT_3D('',#5773,#4575,#4576);
#3809=AXIS2_PLACEMENT_3D('',#5775,#4578,#4579);
#3810=AXIS2_PLACEMENT_3D('',#5777,#4581,#4582);
#3811=AXIS2_PLACEMENT_3D('',#5779,#4584,#4585);
#3812=AXIS2_PLACEMENT_3D('',#5781,#4587,#4588);
#3813=AXIS2_PLACEMENT_3D('',#5783,#4590,#4591);
#3814=AXIS2_PLACEMENT_3D('',#5786,#4594,#4595);
#3815=AXIS2_PLACEMENT_3D('',#5788,#4597,#4598);
#3816=AXIS2_PLACEMENT_3D('',#5790,#4600,#4601);
#3817=AXIS2_PLACEMENT_3D('',#5792,#4603,#4604);
#3818=AXIS2_PLACEMENT_3D('',#5794,#4606,#4607);
#3819=AXIS2_PLACEMENT_3D('',#5796,#4609,#4610);
#3820=AXIS2_PLACEMENT_3D('',#5798,#4612,#4613);
#3821=AXIS2_PLACEMENT_3D('',#5801,#4616,#4617);
#3822=AXIS2_PLACEMENT_3D('',#5803,#4619,#4620);
#3823=AXIS2_PLACEMENT_3D('',#5805,#4622,#4623);
#3824=AXIS2_PLACEMENT_3D('',#5807,#4625,#4626);
#3825=AXIS2_PLACEMENT_3D('',#5809,#4628,#4629);
#3826=AXIS2_PLACEMENT_3D('',#5811,#4631,#4632);
#3827=AXIS2_PLACEMENT_3D('',#5813,#4634,#4635);
#3828=AXIS2_PLACEMENT_3D('',#5816,#4638,#4639);
#3829=AXIS2_PLACEMENT_3D('',#5818,#4641,#4642);
#3830=AXIS2_PLACEMENT_3D('',#5820,#4644,#4645);
#3831=AXIS2_PLACEMENT_3D('',#5822,#4647,#4648);
#3832=AXIS2_PLACEMENT_3D('',#5824,#4650,#4651);
#3833=AXIS2_PLACEMENT_3D('',#5826,#4653,#4654);
#3834=AXIS2_PLACEMENT_3D('',#5828,#4656,#4657);
#3835=AXIS2_PLACEMENT_3D('',#5831,#4660,#4661);
#3836=AXIS2_PLACEMENT_3D('',#5833,#4663,#4664);
#3837=AXIS2_PLACEMENT_3D('',#5835,#4666,#4667);
#3838=AXIS2_PLACEMENT_3D('',#5837,#4669,#4670);
#3839=AXIS2_PLACEMENT_3D('',#5839,#4672,#4673);
#3840=AXIS2_PLACEMENT_3D('',#5841,#4675,#4676);
#3841=AXIS2_PLACEMENT_3D('',#5843,#4678,#4679);
#3842=AXIS2_PLACEMENT_3D('',#5845,#4681,#4682);
#3843=AXIS2_PLACEMENT_3D('',#5847,#4684,#4685);
#3844=AXIS2_PLACEMENT_3D('',#5849,#4687,#4688);
#3845=AXIS2_PLACEMENT_3D('',#5851,#4690,#4691);
#3846=AXIS2_PLACEMENT_3D('',#5853,#4693,#4694);
#3847=AXIS2_PLACEMENT_3D('',#5855,#4696,#4697);
#3848=AXIS2_PLACEMENT_3D('',#5857,#4699,#4700);
#3849=AXIS2_PLACEMENT_3D('',#5859,#4702,#4703);
#3850=AXIS2_PLACEMENT_3D('',#5861,#4705,#4706);
#3851=AXIS2_PLACEMENT_3D('',#5863,#4708,#4709);
#3852=AXIS2_PLACEMENT_3D('',#5866,#4712,#4713);
#3853=AXIS2_PLACEMENT_3D('',#5869,#4716,#4717);
#3854=AXIS2_PLACEMENT_3D('',#5871,#4719,#4720);
#3855=AXIS2_PLACEMENT_3D('',#5873,#4722,#4723);
#3856=AXIS2_PLACEMENT_3D('',#5875,#4725,#4726);
#3857=AXIS2_PLACEMENT_3D('',#5877,#4728,#4729);
#3858=AXIS2_PLACEMENT_3D('',#5879,#4731,#4732);
#3859=AXIS2_PLACEMENT_3D('',#5881,#4734,#4735);
#3860=AXIS2_PLACEMENT_3D('',#5882,#4736,#4737);
#3861=AXIS2_PLACEMENT_3D('',#5883,#4738,#4739);
#3862=AXIS2_PLACEMENT_3D('',#5884,#4740,#4741);
#3863=AXIS2_PLACEMENT_3D('',#5885,#4742,#4743);
#3864=AXIS2_PLACEMENT_3D('',#5886,#4744,#4745);
#3865=AXIS2_PLACEMENT_3D('',#5887,#4746,#4747);
#3866=AXIS2_PLACEMENT_3D('',#5888,#4748,#4749);
#3867=AXIS2_PLACEMENT_3D('',#5889,#4750,#4751);
#3868=AXIS2_PLACEMENT_3D('',#5890,#4752,#4753);
#3869=AXIS2_PLACEMENT_3D('',#5891,#4754,#4755);
#3870=AXIS2_PLACEMENT_3D('',#5892,#4756,#4757);
#3871=AXIS2_PLACEMENT_3D('',#5893,#4758,#4759);
#3872=AXIS2_PLACEMENT_3D('',#5894,#4760,#4761);
#3873=AXIS2_PLACEMENT_3D('',#5895,#4762,#4763);
#3874=AXIS2_PLACEMENT_3D('',#5896,#4764,#4765);
#3875=AXIS2_PLACEMENT_3D('',#5897,#4766,#4767);
#3876=AXIS2_PLACEMENT_3D('',#5898,#4768,#4769);
#3877=AXIS2_PLACEMENT_3D('',#5901,#4772,#4773);
#3878=AXIS2_PLACEMENT_3D('',#5903,#4775,#4776);
#3879=AXIS2_PLACEMENT_3D('',#5905,#4778,#4779);
#3880=AXIS2_PLACEMENT_3D('',#5907,#4781,#4782);
#3881=AXIS2_PLACEMENT_3D('',#5909,#4784,#4785);
#3882=AXIS2_PLACEMENT_3D('',#5911,#4787,#4788);
#3883=AXIS2_PLACEMENT_3D('',#5913,#4790,#4791);
#3884=AXIS2_PLACEMENT_3D('',#5916,#4794,#4795);
#3885=AXIS2_PLACEMENT_3D('',#5918,#4797,#4798);
#3886=AXIS2_PLACEMENT_3D('',#5920,#4800,#4801);
#3887=AXIS2_PLACEMENT_3D('',#5922,#4803,#4804);
#3888=AXIS2_PLACEMENT_3D('',#5924,#4806,#4807);
#3889=AXIS2_PLACEMENT_3D('',#5926,#4809,#4810);
#3890=AXIS2_PLACEMENT_3D('',#5928,#4812,#4813);
#3891=AXIS2_PLACEMENT_3D('',#5929,#4814,#4815);
#3892=AXIS2_PLACEMENT_3D('',#5930,#4816,#4817);
#3893=AXIS2_PLACEMENT_3D('',#5933,#4820,#4821);
#3894=AXIS2_PLACEMENT_3D('',#5935,#4823,#4824);
#3895=AXIS2_PLACEMENT_3D('',#5937,#4826,#4827);
#3896=AXIS2_PLACEMENT_3D('',#5939,#4829,#4830);
#3897=AXIS2_PLACEMENT_3D('',#5941,#4832,#4833);
#3898=AXIS2_PLACEMENT_3D('',#5943,#4835,#4836);
#3899=AXIS2_PLACEMENT_3D('',#5945,#4838,#4839);
#3900=AXIS2_PLACEMENT_3D('',#5946,#4840,#4841);
#3901=AXIS2_PLACEMENT_3D('',#5947,#4842,#4843);
#3902=AXIS2_PLACEMENT_3D('',#5948,#4844,#4845);
#3903=AXIS2_PLACEMENT_3D('',#5949,#4846,#4847);
#3904=AXIS2_PLACEMENT_3D('',#5950,#4848,#4849);
#3905=AXIS2_PLACEMENT_3D('',#5951,#4850,#4851);
#3906=AXIS2_PLACEMENT_3D('',#5954,#4854,#4855);
#3907=AXIS2_PLACEMENT_3D('',#5956,#4857,#4858);
#3908=AXIS2_PLACEMENT_3D('',#5958,#4860,#4861);
#3909=AXIS2_PLACEMENT_3D('',#5960,#4863,#4864);
#3910=AXIS2_PLACEMENT_3D('',#5962,#4866,#4867);
#3911=AXIS2_PLACEMENT_3D('',#5964,#4869,#4870);
#3912=AXIS2_PLACEMENT_3D('',#5966,#4872,#4873);
#3913=AXIS2_PLACEMENT_3D('',#5967,#4874,#4875);
#3914=AXIS2_PLACEMENT_3D('',#5968,#4876,#4877);
#3915=AXIS2_PLACEMENT_3D('',#5969,#4878,#4879);
#3916=AXIS2_PLACEMENT_3D('',#5972,#4882,#4883);
#3917=AXIS2_PLACEMENT_3D('',#5974,#4885,#4886);
#3918=AXIS2_PLACEMENT_3D('',#5976,#4888,#4889);
#3919=AXIS2_PLACEMENT_3D('',#5978,#4891,#4892);
#3920=AXIS2_PLACEMENT_3D('',#5980,#4894,#4895);
#3921=AXIS2_PLACEMENT_3D('',#5982,#4897,#4898);
#3922=AXIS2_PLACEMENT_3D('',#5984,#4900,#4901);
#3923=AXIS2_PLACEMENT_3D('',#5985,#4902,#4903);
#3924=AXIS2_PLACEMENT_3D('',#5988,#4906,#4907);
#3925=AXIS2_PLACEMENT_3D('',#5990,#4909,#4910);
#3926=AXIS2_PLACEMENT_3D('',#5992,#4912,#4913);
#3927=AXIS2_PLACEMENT_3D('',#5994,#4915,#4916);
#3928=AXIS2_PLACEMENT_3D('',#5996,#4918,#4919);
#3929=AXIS2_PLACEMENT_3D('',#5998,#4921,#4922);
#3930=AXIS2_PLACEMENT_3D('',#6000,#4924,#4925);
#3931=AXIS2_PLACEMENT_3D('',#6001,#4926,#4927);
#3932=AXIS2_PLACEMENT_3D('',#6003,#4929,#4930);
#3933=AXIS2_PLACEMENT_3D('',#6005,#4932,#4933);
#3934=AXIS2_PLACEMENT_3D('',#6006,#4934,#4935);
#3935=AXIS2_PLACEMENT_3D('',#6007,#4936,#4937);
#3936=AXIS2_PLACEMENT_3D('',#6010,#4940,#4941);
#3937=AXIS2_PLACEMENT_3D('',#6012,#4943,#4944);
#3938=AXIS2_PLACEMENT_3D('',#6014,#4946,#4947);
#3939=AXIS2_PLACEMENT_3D('',#6016,#4949,#4950);
#3940=AXIS2_PLACEMENT_3D('',#6018,#4952,#4953);
#3941=AXIS2_PLACEMENT_3D('',#6019,#4954,#4955);
#3942=AXIS2_PLACEMENT_3D('',#6020,#4956,#4957);
#3943=AXIS2_PLACEMENT_3D('',#6021,#4958,#4959);
#3944=AXIS2_PLACEMENT_3D('',#6024,#4962,#4963);
#3945=AXIS2_PLACEMENT_3D('',#6026,#4965,#4966);
#3946=AXIS2_PLACEMENT_3D('',#6028,#4968,#4969);
#3947=AXIS2_PLACEMENT_3D('',#6030,#4971,#4972);
#3948=AXIS2_PLACEMENT_3D('',#6032,#4974,#4975);
#3949=AXIS2_PLACEMENT_3D('',#6033,#4976,#4977);
#3950=AXIS2_PLACEMENT_3D('',#6034,#4978,#4979);
#3951=AXIS2_PLACEMENT_3D('',#6037,#4982,#4983);
#3952=AXIS2_PLACEMENT_3D('',#6039,#4985,#4986);
#3953=AXIS2_PLACEMENT_3D('',#6041,#4988,#4989);
#3954=AXIS2_PLACEMENT_3D('',#6043,#4991,#4992);
#3955=AXIS2_PLACEMENT_3D('',#6045,#4994,#4995);
#3956=AXIS2_PLACEMENT_3D('',#6046,#4996,#4997);
#3957=AXIS2_PLACEMENT_3D('',#6049,#5000,#5001);
#3958=AXIS2_PLACEMENT_3D('',#6051,#5003,#5004);
#3959=AXIS2_PLACEMENT_3D('',#6053,#5006,#5007);
#3960=AXIS2_PLACEMENT_3D('',#6055,#5009,#5010);
#3961=AXIS2_PLACEMENT_3D('',#6057,#5012,#5013);
#3962=AXIS2_PLACEMENT_3D('',#6058,#5014,#5015);
#3963=AXIS2_PLACEMENT_3D('',#6061,#5018,#5019);
#3964=AXIS2_PLACEMENT_3D('',#6063,#5021,#5022);
#3965=AXIS2_PLACEMENT_3D('',#6065,#5024,#5025);
#3966=AXIS2_PLACEMENT_3D('',#6067,#5027,#5028);
#3967=AXIS2_PLACEMENT_3D('',#6069,#5030,#5031);
#3968=AXIS2_PLACEMENT_3D('',#6070,#5032,#5033);
#3969=AXIS2_PLACEMENT_3D('',#6073,#5036,#5037);
#3970=AXIS2_PLACEMENT_3D('',#6075,#5039,#5040);
#3971=AXIS2_PLACEMENT_3D('',#6077,#5042,#5043);
#3972=AXIS2_PLACEMENT_3D('',#6079,#5045,#5046);
#3973=AXIS2_PLACEMENT_3D('',#6081,#5048,#5049);
#3974=AXIS2_PLACEMENT_3D('',#6082,#5050,#5051);
#3975=AXIS2_PLACEMENT_3D('',#6083,#5052,#5053);
#3976=DIRECTION('',(0.,0.,1.));
#3977=DIRECTION('',(1.,0.,0.));
#3978=DIRECTION('',(0.,0.,1.));
#3979=DIRECTION('',(1.,0.,0.));
#3980=DIRECTION('',(0.,0.,1.));
#3981=DIRECTION('',(1.,0.,0.));
#3982=DIRECTION('',(0.,0.,1.));
#3983=DIRECTION('',(1.,0.,0.));
#3984=DIRECTION('',(0.,0.,1.));
#3985=DIRECTION('',(1.,0.,0.));
#3986=DIRECTION('',(0.99967560214669,0.0254694026756226,0.));
#3987=DIRECTION('',(0.,0.,1.));
#3988=DIRECTION('',(1.,0.,0.));
#3989=DIRECTION('',(0.485222259460521,0.874390850206032,0.));
#3990=DIRECTION('',(0.,0.,1.));
#3991=DIRECTION('',(1.,0.,0.));
#3992=DIRECTION('',(-0.507335067060951,0.861748878577895,0.));
#3993=DIRECTION('',(0.485222259460519,-0.874390850206033,0.));
#3994=DIRECTION('',(0.,0.,1.));
#3995=DIRECTION('',(1.,0.,0.));
#3996=DIRECTION('',(0.99967560214669,-0.0254694026756256,0.));
#3997=DIRECTION('',(0.,0.,1.));
#3998=DIRECTION('',(1.,0.,0.));
#3999=DIRECTION('',(-0.507335067060953,-0.861748878577894,0.));
#4000=DIRECTION('',(0.,0.,1.));
#4001=DIRECTION('',(1.,0.,0.));
#4002=DIRECTION('',(0.,0.,1.));
#4003=DIRECTION('',(1.,0.,0.));
#4004=DIRECTION('',(-0.99967560214669,-0.0254694026756256,0.));
#4005=DIRECTION('',(0.,0.,1.));
#4006=DIRECTION('',(1.,0.,0.));
#4007=DIRECTION('',(0.485222259460519,0.874390850206033,0.));
#4008=DIRECTION('',(0.,0.,1.));
#4009=DIRECTION('',(1.,0.,0.));
#4010=DIRECTION('',(0.507335067060953,-0.861748878577894,0.));
#4011=DIRECTION('',(0.,0.,1.));
#4012=DIRECTION('',(1.,0.,0.));
#4013=DIRECTION('',(0.,0.,1.));
#4014=DIRECTION('',(1.,0.,0.));
#4015=DIRECTION('',(-0.48522225946052,0.874390850206032,0.));
#4016=DIRECTION('',(0.,0.,1.));
#4017=DIRECTION('',(1.,0.,0.));
#4018=DIRECTION('',(-0.99967560214669,0.0254694026756217,0.));
#4019=DIRECTION('',(0.,0.,1.));
#4020=DIRECTION('',(1.,0.,0.));
#4021=DIRECTION('',(-0.507335067060951,-0.861748878577896,0.));
#4022=DIRECTION('',(0.,0.,1.));
#4023=DIRECTION('',(1.,0.,0.));
#4024=DIRECTION('',(0.,0.,1.));
#4025=DIRECTION('',(1.,0.,0.));
#4026=DIRECTION('',(0.,0.,1.));
#4027=DIRECTION('',(1.,0.,0.));
#4028=DIRECTION('',(1.,0.,0.));
#4029=DIRECTION('',(0.,0.,1.));
#4030=DIRECTION('',(1.,0.,0.));
#4031=DIRECTION('',(0.863737758964635,-0.503941547938598,0.));
#4032=DIRECTION('',(0.,0.,1.));
#4033=DIRECTION('',(-1.,1.8897413185109E-16,0.));
#4034=DIRECTION('',(-0.503941547938626,0.863737758964619,0.));
#4035=DIRECTION('',(0.,0.,-1.));
#4036=DIRECTION('',(-0.863737758964639,0.503941547938591,0.));
#4037=DIRECTION('',(0.503941547938598,0.863737758964635,0.));
#4038=DIRECTION('',(0.,0.,1.));
#4039=DIRECTION('',(-1.8897413185109E-16,-1.,0.));
#4040=DIRECTION('',(-0.863737758964619,-0.503941547938626,0.));
#4041=DIRECTION('',(0.,0.,1.));
#4042=DIRECTION('',(1.,0.,0.));
#4043=DIRECTION('',(1.,0.,0.));
#4044=DIRECTION('',(0.,0.,1.));
#4045=DIRECTION('',(1.,0.,0.));
#4046=DIRECTION('',(0.863737758964619,-0.503941547938625,0.));
#4047=DIRECTION('',(0.,0.,-1.));
#4048=DIRECTION('',(1.,0.,0.));
#4049=DIRECTION('',(-0.503941547938598,0.863737758964635,0.));
#4050=DIRECTION('',(0.,0.,-1.));
#4051=DIRECTION('',(1.,0.,0.));
#4052=DIRECTION('',(0.503941547938626,0.863737758964619,0.));
#4053=DIRECTION('',(0.,0.,-1.));
#4054=DIRECTION('',(1.,0.,0.));
#4055=DIRECTION('',(-0.863737758964635,-0.503941547938598,0.));
#4056=DIRECTION('',(0.,0.,1.));
#4057=DIRECTION('',(1.,0.,0.));
#4058=DIRECTION('',(0.,0.,1.));
#4059=DIRECTION('',(1.,0.,0.));
#4060=DIRECTION('',(-1.,4.16865567568767E-15,0.));
#4061=DIRECTION('',(0.,0.,1.));
#4062=DIRECTION('',(1.,0.,0.));
#4063=DIRECTION('',(1.86555565771782E-15,1.,0.));
#4064=DIRECTION('',(0.,0.,1.));
#4065=DIRECTION('',(1.,0.,0.));
#4066=DIRECTION('',(1.,-2.13504427812526E-15,0.));
#4067=DIRECTION('',(-1.,0.,0.));
#4068=DIRECTION('',(1.,-2.13504427812526E-15,0.));
#4069=DIRECTION('',(0.,0.,1.));
#4070=DIRECTION('',(1.,0.,0.));
#4071=DIRECTION('',(-1.8280536319808E-15,-1.,0.));
#4072=DIRECTION('',(0.,0.,1.));
#4073=DIRECTION('',(1.,0.,0.));
#4074=DIRECTION('',(0.,-1.,0.));
#4075=DIRECTION('',(0.,0.,1.));
#4076=DIRECTION('',(1.,0.,0.));
#4077=DIRECTION('',(-1.8280536319808E-15,-1.,0.));
#4078=DIRECTION('',(0.,0.,1.));
#4079=DIRECTION('',(1.,0.,0.));
#4080=DIRECTION('',(-1.,4.24277822734194E-15,0.));
#4081=DIRECTION('',(0.,0.,1.));
#4082=DIRECTION('',(1.,0.,0.));
#4083=DIRECTION('',(-1.,0.,0.));
#4084=DIRECTION('',(0.,0.,1.));
#4085=DIRECTION('',(1.,0.,0.));
#4086=DIRECTION('',(0.,0.,-1.));
#4087=DIRECTION('',(1.,0.,0.));
#4088=DIRECTION('',(0.,0.,1.));
#4089=DIRECTION('',(1.,0.,0.));
#4090=DIRECTION('',(-1.,0.,0.));
#4091=DIRECTION('',(0.,0.,1.));
#4092=DIRECTION('',(1.,0.,0.));
#4093=DIRECTION('',(0.,0.,1.));
#4094=DIRECTION('',(1.,0.,0.));
#4095=DIRECTION('',(0.,0.,1.));
#4096=DIRECTION('',(1.,0.,0.));
#4097=DIRECTION('',(-1.,0.,0.));
#4098=DIRECTION('',(0.,0.,1.));
#4099=DIRECTION('',(1.,0.,0.));
#4100=DIRECTION('',(-6.4435611689002E-16,-1.,0.));
#4101=DIRECTION('',(-1.,0.,0.));
#4102=DIRECTION('',(0.,0.,1.));
#4103=DIRECTION('',(1.,0.,0.));
#4104=DIRECTION('',(2.41633543833758E-16,1.,0.));
#4105=DIRECTION('',(0.,0.,1.));
#4106=DIRECTION('',(1.,0.,0.));
#4107=DIRECTION('',(-1.,3.91785690602787E-16,0.));
#4108=DIRECTION('',(0.,0.,1.));
#4109=DIRECTION('',(1.,0.,0.));
#4110=DIRECTION('',(0.,0.,1.));
#4111=DIRECTION('',(1.,0.,0.));
#4112=DIRECTION('',(0.,0.,1.));
#4113=DIRECTION('',(1.,0.,0.));
#4114=DIRECTION('',(-0.983124444175016,-0.182938042149703,0.));
#4115=DIRECTION('',(0.,0.,1.));
#4116=DIRECTION('',(1.,0.,0.));
#4117=DIRECTION('',(0.,0.,1.));
#4118=DIRECTION('',(1.,0.,0.));
#4119=DIRECTION('',(0.,0.,1.));
#4120=DIRECTION('',(1.,0.,0.));
#4121=DIRECTION('',(0.797864635833352,0.602836646933905,0.));
#4122=DIRECTION('',(0.,0.,1.));
#4123=DIRECTION('',(1.,0.,0.));
#4124=DIRECTION('',(0.,0.,1.));
#4125=DIRECTION('',(1.,0.,0.));
#4126=DIRECTION('',(0.,0.,1.));
#4127=DIRECTION('',(1.,0.,0.));
#4128=DIRECTION('',(0.,0.,-1.));
#4129=DIRECTION('',(1.,0.,0.));
#4130=DIRECTION('',(0.,0.,-1.));
#4131=DIRECTION('',(1.,0.,0.));
#4132=DIRECTION('',(0.,0.,-1.));
#4133=DIRECTION('',(1.,0.,0.));
#4134=DIRECTION('',(0.,0.,-1.));
#4135=DIRECTION('',(1.,0.,0.));
#4136=DIRECTION('',(0.,0.,-1.));
#4137=DIRECTION('',(1.,0.,0.));
#4138=DIRECTION('',(0.,0.,-1.));
#4139=DIRECTION('',(1.,0.,0.));
#4140=DIRECTION('',(0.,0.,1.));
#4141=DIRECTION('',(1.,0.,0.));
#4142=DIRECTION('',(0.797864635833346,-0.602836646933912,0.));
#4143=DIRECTION('',(0.,0.,1.));
#4144=DIRECTION('',(1.,0.,0.));
#4145=DIRECTION('',(0.,0.,1.));
#4146=DIRECTION('',(1.,0.,0.));
#4147=DIRECTION('',(0.,0.,1.));
#4148=DIRECTION('',(1.,0.,0.));
#4149=DIRECTION('',(-0.983124444175016,0.182938042149703,0.));
#4150=DIRECTION('',(0.,0.,1.));
#4151=DIRECTION('',(1.,0.,0.));
#4152=DIRECTION('',(0.,0.,1.));
#4153=DIRECTION('',(1.,0.,0.));
#4154=DIRECTION('',(0.,0.,1.));
#4155=DIRECTION('',(1.,0.,0.));
#4156=DIRECTION('',(0.,1.,0.));
#4157=DIRECTION('',(0.,0.,1.));
#4158=DIRECTION('',(1.,0.,0.));
#4159=DIRECTION('',(-0.89339668486748,0.449268698517711,0.));
#4160=DIRECTION('',(0.,0.,1.));
#4161=DIRECTION('',(1.,0.,0.));
#4162=DIRECTION('',(0.89339668486748,0.44926869851771,0.));
#4163=DIRECTION('',(0.,0.,-1.));
#4164=DIRECTION('',(1.,0.,0.));
#4165=DIRECTION('',(0.,0.,1.));
#4166=DIRECTION('',(1.,0.,0.));
#4167=DIRECTION('',(1.,0.,0.));
#4168=DIRECTION('',(0.,0.,1.));
#4169=DIRECTION('',(1.,0.,0.));
#4170=DIRECTION('',(0.,0.,1.));
#4171=DIRECTION('',(1.,0.,0.));
#4172=DIRECTION('',(0.,0.,1.));
#4173=DIRECTION('',(1.,0.,0.));
#4174=DIRECTION('',(1.,-1.95892845301394E-16,0.));
#4175=DIRECTION('',(0.,0.,1.));
#4176=DIRECTION('',(1.,0.,0.));
#4177=DIRECTION('',(2.41633543833758E-16,1.,0.));
#4178=DIRECTION('',(0.,0.,1.));
#4179=DIRECTION('',(1.,0.,0.));
#4180=DIRECTION('',(0.,0.,1.));
#4181=DIRECTION('',(1.,0.,0.));
#4182=DIRECTION('',(1.,0.,0.));
#4183=DIRECTION('',(0.,0.,1.));
#4184=DIRECTION('',(1.,0.,0.));
#4185=DIRECTION('',(8.05445146112525E-17,-1.,0.));
#4186=DIRECTION('',(0.,0.,1.));
#4187=DIRECTION('',(1.,0.,0.));
#4188=DIRECTION('',(1.,0.,0.));
#4189=DIRECTION('',(0.,0.,1.));
#4190=DIRECTION('',(1.,0.,0.));
#4191=DIRECTION('',(0.,0.,-1.));
#4192=DIRECTION('',(-1.,0.,0.));
#4193=DIRECTION('',(0.,0.,-1.));
#4194=DIRECTION('',(0.,-1.,0.));
#4195=DIRECTION('',(-0.797864635833349,0.602836646933908,0.));
#4196=DIRECTION('',(0.,0.,1.));
#4197=DIRECTION('',(1.,0.,0.));
#4198=DIRECTION('',(0.,0.,1.));
#4199=DIRECTION('',(1.,0.,0.));
#4200=DIRECTION('',(0.,0.,1.));
#4201=DIRECTION('',(1.,0.,0.));
#4202=DIRECTION('',(0.983124444175015,-0.182938042149704,0.));
#4203=DIRECTION('',(0.,0.,1.));
#4204=DIRECTION('',(1.,0.,0.));
#4205=DIRECTION('',(0.,0.,1.));
#4206=DIRECTION('',(1.,0.,0.));
#4207=DIRECTION('',(0.,0.,1.));
#4208=DIRECTION('',(1.,0.,0.));
#4209=DIRECTION('',(0.,0.,-1.));
#4210=DIRECTION('',(-2.22044604925031E-16,-1.,0.));
#4211=DIRECTION('',(0.,0.,-1.));
#4212=DIRECTION('',(0.,-1.,0.));
#4213=DIRECTION('',(0.,0.,-1.));
#4214=DIRECTION('',(0.,-1.,0.));
#4215=DIRECTION('',(0.,0.,-1.));
#4216=DIRECTION('',(-1.,0.,0.));
#4217=DIRECTION('',(0.,0.,-1.));
#4218=DIRECTION('',(-1.,0.,0.));
#4219=DIRECTION('',(0.,0.,1.));
#4220=DIRECTION('',(1.,0.,0.));
#4221=DIRECTION('',(0.,0.,1.));
#4222=DIRECTION('',(1.,0.,0.));
#4223=DIRECTION('',(0.983124444175016,0.182938042149704,0.));
#4224=DIRECTION('',(0.,0.,1.));
#4225=DIRECTION('',(1.,0.,0.));
#4226=DIRECTION('',(0.,0.,1.));
#4227=DIRECTION('',(1.,0.,0.));
#4228=DIRECTION('',(0.,0.,1.));
#4229=DIRECTION('',(1.,0.,0.));
#4230=DIRECTION('',(-0.797864635833349,-0.602836646933908,0.));
#4231=DIRECTION('',(0.,0.,1.));
#4232=DIRECTION('',(1.,0.,0.));
#4233=DIRECTION('',(0.,0.,-1.));
#4234=DIRECTION('',(-1.,2.22044604925031E-16,0.));
#4235=DIRECTION('',(-1.,0.,0.));
#4236=DIRECTION('',(0.,0.,1.));
#4237=DIRECTION('',(1.,0.,0.));
#4238=DIRECTION('',(0.,-1.,0.));
#4239=DIRECTION('',(0.,0.,1.));
#4240=DIRECTION('',(1.,0.,0.));
#4241=DIRECTION('',(-1.,0.,0.));
#4242=DIRECTION('',(0.,0.,1.));
#4243=DIRECTION('',(1.,0.,0.));
#4244=DIRECTION('',(0.,-1.,0.));
#4245=DIRECTION('',(0.,0.,1.));
#4246=DIRECTION('',(1.,0.,0.));
#4247=DIRECTION('',(0.,0.,1.));
#4248=DIRECTION('',(1.,0.,0.));
#4249=DIRECTION('',(0.507335067060949,0.861748878577897,0.));
#4250=DIRECTION('',(0.,0.,1.));
#4251=DIRECTION('',(1.,0.,0.));
#4252=DIRECTION('',(0.507335067060953,-0.861748878577894,0.));
#4253=DIRECTION('',(0.,0.,1.));
#4254=DIRECTION('',(1.,0.,0.));
#4255=DIRECTION('',(1.,9.34841373705058E-16,0.));
#4256=DIRECTION('',(0.,0.,1.));
#4257=DIRECTION('',(1.,0.,0.));
#4258=DIRECTION('',(1.,0.,0.));
#4259=DIRECTION('',(0.,0.,1.));
#4260=DIRECTION('',(1.,0.,0.));
#4261=DIRECTION('',(0.507335067060951,0.861748878577895,0.));
#4262=DIRECTION('',(0.,0.,1.));
#4263=DIRECTION('',(1.,0.,0.));
#4264=DIRECTION('',(0.507335067060951,-0.861748878577895,0.));
#4265=DIRECTION('',(0.,0.,1.));
#4266=DIRECTION('',(1.,0.,0.));
#4267=DIRECTION('',(0.,0.,1.));
#4268=DIRECTION('',(1.,0.,0.));
#4269=DIRECTION('',(0.,0.,1.));
#4270=DIRECTION('',(1.,0.,0.));
#4271=DIRECTION('',(0.99967560214669,0.0254694026756226,0.));
#4272=DIRECTION('',(0.,0.,1.));
#4273=DIRECTION('',(1.,0.,0.));
#4274=DIRECTION('',(-0.507335067060951,0.861748878577895,0.));
#4275=DIRECTION('',(0.,0.,1.));
#4276=DIRECTION('',(1.,0.,0.));
#4277=DIRECTION('',(0.485222259460521,0.874390850206032,0.));
#4278=DIRECTION('',(0.,0.,1.));
#4279=DIRECTION('',(1.,0.,0.));
#4280=DIRECTION('',(0.507335067060949,0.861748878577897,0.));
#4281=DIRECTION('',(0.,0.,1.));
#4282=DIRECTION('',(1.,0.,0.));
#4283=DIRECTION('',(1.,9.34841373705058E-16,0.));
#4284=DIRECTION('',(0.,0.,1.));
#4285=DIRECTION('',(1.,0.,0.));
#4286=DIRECTION('',(0.507335067060953,-0.861748878577894,0.));
#4287=DIRECTION('',(0.,0.,1.));
#4288=DIRECTION('',(1.,0.,0.));
#4289=DIRECTION('',(0.,0.,1.));
#4290=DIRECTION('',(1.,0.,0.));
#4291=DIRECTION('',(1.,0.,0.));
#4292=DIRECTION('',(0.,0.,1.));
#4293=DIRECTION('',(1.,0.,0.));
#4294=DIRECTION('',(-0.863737758964619,-0.503941547938626,0.));
#4295=DIRECTION('',(0.,0.,1.));
#4296=DIRECTION('',(-1.8897413185109E-16,-1.,0.));
#4297=DIRECTION('',(0.503941547938598,0.863737758964635,0.));
#4298=DIRECTION('',(0.,0.,-1.));
#4299=DIRECTION('',(-0.863737758964639,0.503941547938591,0.));
#4300=DIRECTION('',(-0.503941547938626,0.863737758964619,0.));
#4301=DIRECTION('',(0.,0.,1.));
#4302=DIRECTION('',(-1.,1.8897413185109E-16,0.));
#4303=DIRECTION('',(0.863737758964635,-0.503941547938598,0.));
#4304=DIRECTION('',(0.,0.,1.));
#4305=DIRECTION('',(1.,0.,0.));
#4306=DIRECTION('',(1.,0.,0.));
#4307=DIRECTION('',(0.,0.,1.));
#4308=DIRECTION('',(1.,0.,0.));
#4309=DIRECTION('',(-0.863737758964635,-0.503941547938598,0.));
#4310=DIRECTION('',(0.,0.,-1.));
#4311=DIRECTION('',(1.,0.,0.));
#4312=DIRECTION('',(0.503941547938626,0.863737758964619,0.));
#4313=DIRECTION('',(0.,0.,-1.));
#4314=DIRECTION('',(1.,0.,0.));
#4315=DIRECTION('',(-0.503941547938598,0.863737758964635,0.));
#4316=DIRECTION('',(0.,0.,-1.));
#4317=DIRECTION('',(1.,0.,0.));
#4318=DIRECTION('',(0.863737758964619,-0.503941547938625,0.));
#4319=DIRECTION('',(0.,0.,1.));
#4320=DIRECTION('',(1.,0.,0.));
#4321=DIRECTION('',(0.,0.,1.));
#4322=DIRECTION('',(1.,0.,0.));
#4323=DIRECTION('',(-1.,4.16865567568767E-15,0.));
#4324=DIRECTION('',(0.,0.,1.));
#4325=DIRECTION('',(1.,0.,0.));
#4326=DIRECTION('',(-1.,0.,0.));
#4327=DIRECTION('',(0.,0.,1.));
#4328=DIRECTION('',(1.,0.,0.));
#4329=DIRECTION('',(-1.,4.24277822734194E-15,0.));
#4330=DIRECTION('',(0.,0.,1.));
#4331=DIRECTION('',(1.,0.,0.));
#4332=DIRECTION('',(-1.8280536319808E-15,-1.,0.));
#4333=DIRECTION('',(0.,0.,1.));
#4334=DIRECTION('',(1.,0.,0.));
#4335=DIRECTION('',(0.,-1.,0.));
#4336=DIRECTION('',(0.,0.,1.));
#4337=DIRECTION('',(1.,0.,0.));
#4338=DIRECTION('',(-1.8280536319808E-15,-1.,0.));
#4339=DIRECTION('',(0.,0.,1.));
#4340=DIRECTION('',(1.,0.,0.));
#4341=DIRECTION('',(1.,-2.13504427812526E-15,0.));
#4342=DIRECTION('',(-1.,0.,0.));
#4343=DIRECTION('',(1.,-2.13504427812526E-15,0.));
#4344=DIRECTION('',(0.,0.,1.));
#4345=DIRECTION('',(1.,0.,0.));
#4346=DIRECTION('',(1.86555565771782E-15,1.,0.));
#4347=DIRECTION('',(0.,0.,1.));
#4348=DIRECTION('',(1.,0.,0.));
#4349=DIRECTION('',(0.,0.,-1.));
#4350=DIRECTION('',(1.,0.,0.));
#4351=DIRECTION('',(0.,0.,1.));
#4352=DIRECTION('',(1.,0.,0.));
#4353=DIRECTION('',(-6.4435611689002E-16,-1.,0.));
#4354=DIRECTION('',(0.,0.,1.));
#4355=DIRECTION('',(1.,0.,0.));
#4356=DIRECTION('',(-1.,0.,0.));
#4357=DIRECTION('',(0.,0.,1.));
#4358=DIRECTION('',(1.,0.,0.));
#4359=DIRECTION('',(0.,0.,1.));
#4360=DIRECTION('',(1.,0.,0.));
#4361=DIRECTION('',(0.,0.,1.));
#4362=DIRECTION('',(1.,0.,0.));
#4363=DIRECTION('',(-1.,0.,0.));
#4364=DIRECTION('',(-1.,0.,0.));
#4365=DIRECTION('',(0.,0.,1.));
#4366=DIRECTION('',(1.,0.,0.));
#4367=DIRECTION('',(0.,0.,1.));
#4368=DIRECTION('',(1.,0.,0.));
#4369=DIRECTION('',(0.,0.,1.));
#4370=DIRECTION('',(1.,0.,0.));
#4371=DIRECTION('',(-1.,3.91785690602787E-16,0.));
#4372=DIRECTION('',(0.,0.,1.));
#4373=DIRECTION('',(1.,0.,0.));
#4374=DIRECTION('',(2.41633543833758E-16,1.,0.));
#4375=DIRECTION('',(0.,0.,1.));
#4376=DIRECTION('',(1.,0.,0.));
#4377=DIRECTION('',(-0.983124444175016,-0.182938042149703,0.));
#4378=DIRECTION('',(0.,0.,1.));
#4379=DIRECTION('',(1.,0.,0.));
#4380=DIRECTION('',(0.,0.,1.));
#4381=DIRECTION('',(1.,0.,0.));
#4382=DIRECTION('',(0.,0.,1.));
#4383=DIRECTION('',(1.,0.,0.));
#4384=DIRECTION('',(0.797864635833352,0.602836646933905,0.));
#4385=DIRECTION('',(0.,0.,1.));
#4386=DIRECTION('',(1.,0.,0.));
#4387=DIRECTION('',(0.,0.,1.));
#4388=DIRECTION('',(1.,0.,0.));
#4389=DIRECTION('',(0.,0.,1.));
#4390=DIRECTION('',(1.,0.,0.));
#4391=DIRECTION('',(0.,0.,-1.));
#4392=DIRECTION('',(1.,0.,0.));
#4393=DIRECTION('',(0.,0.,-1.));
#4394=DIRECTION('',(1.,0.,0.));
#4395=DIRECTION('',(0.,0.,-1.));
#4396=DIRECTION('',(1.,0.,0.));
#4397=DIRECTION('',(0.,0.,-1.));
#4398=DIRECTION('',(1.,0.,0.));
#4399=DIRECTION('',(0.,0.,-1.));
#4400=DIRECTION('',(1.,0.,0.));
#4401=DIRECTION('',(0.,0.,-1.));
#4402=DIRECTION('',(1.,0.,0.));
#4403=DIRECTION('',(0.,0.,1.));
#4404=DIRECTION('',(1.,0.,0.));
#4405=DIRECTION('',(0.,0.,1.));
#4406=DIRECTION('',(1.,0.,0.));
#4407=DIRECTION('',(0.,0.,1.));
#4408=DIRECTION('',(1.,0.,0.));
#4409=DIRECTION('',(-0.983124444175016,0.182938042149703,0.));
#4410=DIRECTION('',(0.,0.,1.));
#4411=DIRECTION('',(1.,0.,0.));
#4412=DIRECTION('',(0.,0.,1.));
#4413=DIRECTION('',(1.,0.,0.));
#4414=DIRECTION('',(0.,0.,1.));
#4415=DIRECTION('',(1.,0.,0.));
#4416=DIRECTION('',(0.797864635833346,-0.602836646933912,0.));
#4417=DIRECTION('',(0.,0.,1.));
#4418=DIRECTION('',(1.,0.,0.));
#4419=DIRECTION('',(0.89339668486748,0.44926869851771,0.));
#4420=DIRECTION('',(0.,0.,1.));
#4421=DIRECTION('',(1.,0.,0.));
#4422=DIRECTION('',(-0.89339668486748,0.449268698517711,0.));
#4423=DIRECTION('',(0.,0.,1.));
#4424=DIRECTION('',(1.,0.,0.));
#4425=DIRECTION('',(0.,1.,0.));
#4426=DIRECTION('',(0.,0.,-1.));
#4427=DIRECTION('',(1.,0.,0.));
#4428=DIRECTION('',(0.,0.,1.));
#4429=DIRECTION('',(1.,0.,0.));
#4430=DIRECTION('',(2.41633543833758E-16,1.,0.));
#4431=DIRECTION('',(0.,0.,1.));
#4432=DIRECTION('',(1.,0.,0.));
#4433=DIRECTION('',(1.,-1.95892845301394E-16,0.));
#4434=DIRECTION('',(0.,0.,1.));
#4435=DIRECTION('',(1.,0.,0.));
#4436=DIRECTION('',(0.,0.,1.));
#4437=DIRECTION('',(1.,0.,0.));
#4438=DIRECTION('',(0.,0.,1.));
#4439=DIRECTION('',(1.,0.,0.));
#4440=DIRECTION('',(1.,0.,0.));
#4441=DIRECTION('',(0.,0.,1.));
#4442=DIRECTION('',(1.,0.,0.));
#4443=DIRECTION('',(0.,0.,1.));
#4444=DIRECTION('',(1.,0.,0.));
#4445=DIRECTION('',(1.,0.,0.));
#4446=DIRECTION('',(0.,0.,1.));
#4447=DIRECTION('',(1.,0.,0.));
#4448=DIRECTION('',(8.05445146112525E-17,-1.,0.));
#4449=DIRECTION('',(0.,0.,1.));
#4450=DIRECTION('',(1.,0.,0.));
#4451=DIRECTION('',(1.,0.,0.));
#4452=DIRECTION('',(0.,0.,1.));
#4453=DIRECTION('',(1.,0.,0.));
#4454=DIRECTION('',(0.,0.,-1.));
#4455=DIRECTION('',(-1.,0.,0.));
#4456=DIRECTION('',(0.,0.,-1.));
#4457=DIRECTION('',(0.,-1.,0.));
#4458=DIRECTION('',(-0.797864635833349,0.602836646933908,0.));
#4459=DIRECTION('',(0.,0.,1.));
#4460=DIRECTION('',(1.,0.,0.));
#4461=DIRECTION('',(0.,0.,1.));
#4462=DIRECTION('',(1.,0.,0.));
#4463=DIRECTION('',(0.,0.,1.));
#4464=DIRECTION('',(1.,0.,0.));
#4465=DIRECTION('',(0.983124444175015,-0.182938042149704,0.));
#4466=DIRECTION('',(0.,0.,1.));
#4467=DIRECTION('',(1.,0.,0.));
#4468=DIRECTION('',(0.,0.,1.));
#4469=DIRECTION('',(1.,0.,0.));
#4470=DIRECTION('',(0.,0.,1.));
#4471=DIRECTION('',(1.,0.,0.));
#4472=DIRECTION('',(0.,0.,-1.));
#4473=DIRECTION('',(-2.22044604925031E-16,-1.,0.));
#4474=DIRECTION('',(0.,0.,-1.));
#4475=DIRECTION('',(0.,-1.,0.));
#4476=DIRECTION('',(0.,0.,-1.));
#4477=DIRECTION('',(0.,-1.,0.));
#4478=DIRECTION('',(0.,0.,-1.));
#4479=DIRECTION('',(-1.,0.,0.));
#4480=DIRECTION('',(0.,0.,-1.));
#4481=DIRECTION('',(-1.,0.,0.));
#4482=DIRECTION('',(0.,0.,1.));
#4483=DIRECTION('',(1.,0.,0.));
#4484=DIRECTION('',(0.,0.,1.));
#4485=DIRECTION('',(1.,0.,0.));
#4486=DIRECTION('',(-0.797864635833349,-0.602836646933908,0.));
#4487=DIRECTION('',(0.,0.,1.));
#4488=DIRECTION('',(1.,0.,0.));
#4489=DIRECTION('',(0.,0.,1.));
#4490=DIRECTION('',(1.,0.,0.));
#4491=DIRECTION('',(0.,0.,1.));
#4492=DIRECTION('',(1.,0.,0.));
#4493=DIRECTION('',(0.983124444175016,0.182938042149704,0.));
#4494=DIRECTION('',(0.,0.,1.));
#4495=DIRECTION('',(1.,0.,0.));
#4496=DIRECTION('',(0.,0.,-1.));
#4497=DIRECTION('',(-1.,2.22044604925031E-16,0.));
#4498=DIRECTION('',(-1.,0.,0.));
#4499=DIRECTION('',(0.,0.,1.));
#4500=DIRECTION('',(1.,0.,0.));
#4501=DIRECTION('',(0.,-1.,0.));
#4502=DIRECTION('',(0.,0.,1.));
#4503=DIRECTION('',(1.,0.,0.));
#4504=DIRECTION('',(-1.,0.,0.));
#4505=DIRECTION('',(0.,0.,1.));
#4506=DIRECTION('',(1.,0.,0.));
#4507=DIRECTION('',(0.,-1.,0.));
#4508=DIRECTION('',(0.,0.,1.));
#4509=DIRECTION('',(1.,0.,0.));
#4510=DIRECTION('',(0.,0.,1.));
#4511=DIRECTION('',(1.,0.,0.));
#4512=DIRECTION('',(0.,0.,1.));
#4513=DIRECTION('',(1.,0.,0.));
#4514=DIRECTION('',(-0.48522225946052,0.874390850206032,0.));
#4515=DIRECTION('',(0.,0.,1.));
#4516=DIRECTION('',(1.,0.,0.));
#4517=DIRECTION('',(-0.507335067060951,-0.861748878577895,0.));
#4518=DIRECTION('',(0.,0.,1.));
#4519=DIRECTION('',(1.,0.,0.));
#4520=DIRECTION('',(-0.99967560214669,0.0254694026756217,0.));
#4521=DIRECTION('',(0.,0.,1.));
#4522=DIRECTION('',(1.,0.,0.));
#4523=DIRECTION('',(0.,0.,1.));
#4524=DIRECTION('',(1.,0.,0.));
#4525=DIRECTION('',(-0.99967560214669,-0.0254694026756256,0.));
#4526=DIRECTION('',(0.,0.,1.));
#4527=DIRECTION('',(1.,0.,0.));
#4528=DIRECTION('',(0.507335067060953,-0.861748878577894,0.));
#4529=DIRECTION('',(0.,0.,1.));
#4530=DIRECTION('',(1.,0.,0.));
#4531=DIRECTION('',(0.485222259460519,0.874390850206033,0.));
#4532=DIRECTION('',(0.,0.,1.));
#4533=DIRECTION('',(1.,0.,0.));
#4534=DIRECTION('',(0.,0.,1.));
#4535=DIRECTION('',(1.,0.,0.));
#4536=DIRECTION('',(0.485222259460519,-0.874390850206033,0.));
#4537=DIRECTION('',(0.,0.,1.));
#4538=DIRECTION('',(1.,0.,0.));
#4539=DIRECTION('',(-0.507335067060953,-0.861748878577894,0.));
#4540=DIRECTION('',(0.,0.,1.));
#4541=DIRECTION('',(1.,0.,0.));
#4542=DIRECTION('',(0.99967560214669,-0.0254694026756256,0.));
#4543=DIRECTION('',(1.,0.,0.));
#4544=DIRECTION('',(0.,0.,1.));
#4545=DIRECTION('',(1.,0.,0.));
#4546=DIRECTION('',(0.507335067060951,-0.861748878577895,0.));
#4547=DIRECTION('',(0.,0.,1.));
#4548=DIRECTION('',(1.,0.,0.));
#4549=DIRECTION('',(0.507335067060951,0.861748878577895,0.));
#4550=DIRECTION('',(0.,0.,1.));
#4551=DIRECTION('',(1.,0.,0.));
#4552=DIRECTION('',(0.,0.,-1.));
#4553=DIRECTION('',(-1.,0.,0.));
#4554=DIRECTION('',(0.,0.,-1.));
#4555=DIRECTION('',(0.,0.,-1.));
#4556=DIRECTION('',(-1.,0.,0.));
#4557=DIRECTION('',(0.,0.,1.));
#4558=DIRECTION('',(0.,0.,-1.));
#4559=DIRECTION('',(0.,0.,-1.));
#4560=DIRECTION('',(-1.,0.,0.));
#4561=DIRECTION('',(0.,0.,-1.));
#4562=DIRECTION('',(-0.449268698517711,-0.893396684867479,0.));
#4563=DIRECTION('',(0.89339668486748,-0.449268698517711,0.));
#4564=DIRECTION('',(0.,0.,-1.));
#4565=DIRECTION('',(0.,0.,-1.));
#4566=DIRECTION('',(-1.,0.,0.));
#4567=DIRECTION('',(0.,0.,-1.));
#4568=DIRECTION('',(0.,0.,-1.));
#4569=DIRECTION('',(-1.,0.,0.));
#4570=DIRECTION('',(0.,0.,-1.));
#4571=DIRECTION('',(0.,0.,-1.));
#4572=DIRECTION('',(0.602836646933912,0.797864635833346,0.));
#4573=DIRECTION('',(-0.797864635833346,0.602836646933912,0.));
#4574=DIRECTION('',(0.,0.,-1.));
#4575=DIRECTION('',(0.,0.,-1.));
#4576=DIRECTION('',(-1.,0.,0.));
#4577=DIRECTION('',(0.,0.,-1.));
#4578=DIRECTION('',(0.,0.,-1.));
#4579=DIRECTION('',(-1.,0.,0.));
#4580=DIRECTION('',(0.,0.,-1.));
#4581=DIRECTION('',(0.,0.,-1.));
#4582=DIRECTION('',(-1.,0.,0.));
#4583=DIRECTION('',(0.,0.,-1.));
#4584=DIRECTION('',(-0.182938042149703,-0.983124444175016,0.));
#4585=DIRECTION('',(0.983124444175016,-0.182938042149703,0.));
#4586=DIRECTION('',(0.,0.,-1.));
#4587=DIRECTION('',(0.,0.,-1.));
#4588=DIRECTION('',(-1.,0.,0.));
#4589=DIRECTION('',(0.,0.,-1.));
#4590=DIRECTION('',(0.182938042149703,-0.983124444175016,0.));
#4591=DIRECTION('',(0.983124444175016,0.182938042149703,0.));
#4592=DIRECTION('',(0.,0.,-1.));
#4593=DIRECTION('',(0.,0.,-1.));
#4594=DIRECTION('',(0.,0.,-1.));
#4595=DIRECTION('',(-1.,0.,0.));
#4596=DIRECTION('',(0.,0.,-1.));
#4597=DIRECTION('',(0.,0.,-1.));
#4598=DIRECTION('',(-1.,0.,0.));
#4599=DIRECTION('',(0.,0.,-1.));
#4600=DIRECTION('',(0.,0.,-1.));
#4601=DIRECTION('',(-1.,0.,0.));
#4602=DIRECTION('',(0.,0.,-1.));
#4603=DIRECTION('',(-0.602836646933905,0.797864635833352,0.));
#4604=DIRECTION('',(-0.797864635833352,-0.602836646933905,0.));
#4605=DIRECTION('',(0.,0.,-1.));
#4606=DIRECTION('',(0.,0.,-1.));
#4607=DIRECTION('',(-1.,0.,0.));
#4608=DIRECTION('',(0.,0.,-1.));
#4609=DIRECTION('',(0.,0.,-1.));
#4610=DIRECTION('',(-1.,0.,0.));
#4611=DIRECTION('',(0.,0.,-1.));
#4612=DIRECTION('',(0.,-1.,0.));
#4613=DIRECTION('',(0.,0.,-1.));
#4614=DIRECTION('',(0.,0.,-1.));
#4615=DIRECTION('',(0.,0.,-1.));
#4616=DIRECTION('',(0.,0.,-1.));
#4617=DIRECTION('',(-1.,0.,0.));
#4618=DIRECTION('',(0.,0.,-1.));
#4619=DIRECTION('',(-1.,2.41633543833758E-16,0.));
#4620=DIRECTION('',(-2.41633543833758E-16,-1.,0.));
#4621=DIRECTION('',(0.,0.,-1.));
#4622=DIRECTION('',(0.,0.,-1.));
#4623=DIRECTION('',(-1.,0.,0.));
#4624=DIRECTION('',(0.,0.,-1.));
#4625=DIRECTION('',(-3.91785690602787E-16,-1.,0.));
#4626=DIRECTION('',(1.,-3.91785690602787E-16,0.));
#4627=DIRECTION('',(0.,0.,-1.));
#4628=DIRECTION('',(0.,0.,-1.));
#4629=DIRECTION('',(-1.,0.,0.));
#4630=DIRECTION('',(0.,0.,-1.));
#4631=DIRECTION('',(0.,0.,-1.));
#4632=DIRECTION('',(-1.,0.,0.));
#4633=DIRECTION('',(0.,0.,-1.));
#4634=DIRECTION('',(0.,0.,-1.));
#4635=DIRECTION('',(-1.,0.,0.));
#4636=DIRECTION('',(0.,0.,-1.));
#4637=DIRECTION('',(0.,0.,-1.));
#4638=DIRECTION('',(0.,-1.,0.));
#4639=DIRECTION('',(0.,0.,-1.));
#4640=DIRECTION('',(0.,0.,-1.));
#4641=DIRECTION('',(0.,0.,-1.));
#4642=DIRECTION('',(-1.,0.,0.));
#4643=DIRECTION('',(0.,0.,-1.));
#4644=DIRECTION('',(0.,0.,-1.));
#4645=DIRECTION('',(-1.,0.,0.));
#4646=DIRECTION('',(0.,0.,-1.));
#4647=DIRECTION('',(0.,0.,-1.));
#4648=DIRECTION('',(-1.,0.,0.));
#4649=DIRECTION('',(0.,0.,-1.));
#4650=DIRECTION('',(0.,-1.,0.));
#4651=DIRECTION('',(0.,0.,-1.));
#4652=DIRECTION('',(0.,0.,-1.));
#4653=DIRECTION('',(0.,0.,-1.));
#4654=DIRECTION('',(-1.,0.,0.));
#4655=DIRECTION('',(0.,0.,-1.));
#4656=DIRECTION('',(-4.16865567568767E-15,-1.,0.));
#4657=DIRECTION('',(1.,-4.16865567568767E-15,0.));
#4658=DIRECTION('',(0.,0.,-1.));
#4659=DIRECTION('',(0.,0.,-1.));
#4660=DIRECTION('',(0.,0.,-1.));
#4661=DIRECTION('',(-1.,0.,0.));
#4662=DIRECTION('',(0.,0.,-1.));
#4663=DIRECTION('',(-1.,1.86555565771782E-15,0.));
#4664=DIRECTION('',(-1.86555565771782E-15,-1.,0.));
#4665=DIRECTION('',(0.,0.,-1.));
#4666=DIRECTION('',(0.,0.,-1.));
#4667=DIRECTION('',(-1.,0.,0.));
#4668=DIRECTION('',(0.,0.,-1.));
#4669=DIRECTION('',(2.13504427812526E-15,1.,0.));
#4670=DIRECTION('',(-1.,2.13504427812526E-15,0.));
#4671=DIRECTION('',(0.,0.,-1.));
#4672=DIRECTION('',(0.,-1.,0.));
#4673=DIRECTION('',(0.,0.,-1.));
#4674=DIRECTION('',(0.,0.,-1.));
#4675=DIRECTION('',(2.13504427812526E-15,1.,0.));
#4676=DIRECTION('',(-1.,2.13504427812526E-15,0.));
#4677=DIRECTION('',(0.,0.,-1.));
#4678=DIRECTION('',(0.,0.,-1.));
#4679=DIRECTION('',(-1.,0.,0.));
#4680=DIRECTION('',(0.,0.,-1.));
#4681=DIRECTION('',(1.,-1.8280536319808E-15,0.));
#4682=DIRECTION('',(1.8280536319808E-15,1.,0.));
#4683=DIRECTION('',(0.,0.,-1.));
#4684=DIRECTION('',(0.,0.,-1.));
#4685=DIRECTION('',(-1.,0.,0.));
#4686=DIRECTION('',(0.,0.,-1.));
#4687=DIRECTION('',(1.,0.,0.));
#4688=DIRECTION('',(0.,0.,-1.));
#4689=DIRECTION('',(0.,0.,-1.));
#4690=DIRECTION('',(0.,0.,-1.));
#4691=DIRECTION('',(-1.,0.,0.));
#4692=DIRECTION('',(0.,0.,-1.));
#4693=DIRECTION('',(1.,-1.8280536319808E-15,0.));
#4694=DIRECTION('',(1.8280536319808E-15,1.,0.));
#4695=DIRECTION('',(0.,0.,-1.));
#4696=DIRECTION('',(0.,0.,-1.));
#4697=DIRECTION('',(-1.,0.,0.));
#4698=DIRECTION('',(0.,0.,-1.));
#4699=DIRECTION('',(-4.24277822734194E-15,-1.,0.));
#4700=DIRECTION('',(1.,-4.24277822734194E-15,0.));
#4701=DIRECTION('',(0.,0.,-1.));
#4702=DIRECTION('',(0.,0.,-1.));
#4703=DIRECTION('',(-1.,0.,0.));
#4704=DIRECTION('',(0.,0.,-1.));
#4705=DIRECTION('',(0.,-1.,0.));
#4706=DIRECTION('',(0.,0.,-1.));
#4707=DIRECTION('',(0.,0.,-1.));
#4708=DIRECTION('',(0.,0.,-1.));
#4709=DIRECTION('',(-1.,0.,0.));
#4710=DIRECTION('',(0.,0.,1.));
#4711=DIRECTION('',(0.,0.,-1.));
#4712=DIRECTION('',(0.,0.,-1.));
#4713=DIRECTION('',(-1.,0.,0.));
#4714=DIRECTION('',(0.,0.,1.));
#4715=DIRECTION('',(0.,0.,-1.));
#4716=DIRECTION('',(0.503941547938625,0.863737758964619,0.));
#4717=DIRECTION('',(-0.863737758964619,0.503941547938625,0.));
#4718=DIRECTION('',(0.,0.,-1.));
#4719=DIRECTION('',(0.,0.,-1.));
#4720=DIRECTION('',(-1.,0.,0.));
#4721=DIRECTION('',(0.,0.,-1.));
#4722=DIRECTION('',(-0.863737758964635,-0.503941547938598,0.));
#4723=DIRECTION('',(0.503941547938598,-0.863737758964635,0.));
#4724=DIRECTION('',(0.,0.,-1.));
#4725=DIRECTION('',(0.,0.,-1.));
#4726=DIRECTION('',(-1.,0.,0.));
#4727=DIRECTION('',(0.,0.,-1.));
#4728=DIRECTION('',(-0.863737758964619,0.503941547938625,0.));
#4729=DIRECTION('',(-0.503941547938626,-0.863737758964619,0.));
#4730=DIRECTION('',(0.,0.,-1.));
#4731=DIRECTION('',(0.,0.,-1.));
#4732=DIRECTION('',(-1.,0.,0.));
#4733=DIRECTION('',(0.,0.,-1.));
#4734=DIRECTION('',(0.,0.,-1.));
#4735=DIRECTION('',(-1.,0.,0.));
#4736=DIRECTION('',(-0.44926869851771,0.89339668486748,0.));
#4737=DIRECTION('',(-0.89339668486748,-0.44926869851771,0.));
#4738=DIRECTION('',(0.,0.,-1.));
#4739=DIRECTION('',(-1.,0.,0.));
#4740=DIRECTION('',(0.,0.,-1.));
#4741=DIRECTION('',(-1.,0.,0.));
#4742=DIRECTION('',(0.,0.,-1.));
#4743=DIRECTION('',(-1.,0.,0.));
#4744=DIRECTION('',(0.,0.,-1.));
#4745=DIRECTION('',(-1.,0.,0.));
#4746=DIRECTION('',(0.,0.,-1.));
#4747=DIRECTION('',(-1.,0.,0.));
#4748=DIRECTION('',(0.,0.,-1.));
#4749=DIRECTION('',(-1.,0.,0.));
#4750=DIRECTION('',(0.,0.,-1.));
#4751=DIRECTION('',(-1.,0.,0.));
#4752=DIRECTION('',(0.,0.,-1.));
#4753=DIRECTION('',(-1.,0.,0.));
#4754=DIRECTION('',(0.,0.,-1.));
#4755=DIRECTION('',(-1.,0.,0.));
#4756=DIRECTION('',(1.,-6.4435611689002E-16,0.));
#4757=DIRECTION('',(6.4435611689002E-16,1.,0.));
#4758=DIRECTION('',(0.,0.,-1.));
#4759=DIRECTION('',(-1.,0.,0.));
#4760=DIRECTION('',(0.,0.,-1.));
#4761=DIRECTION('',(-1.,0.,0.));
#4762=DIRECTION('',(0.,0.,-1.));
#4763=DIRECTION('',(-1.,0.,0.));
#4764=DIRECTION('',(0.,0.,-1.));
#4765=DIRECTION('',(-1.,0.,0.));
#4766=DIRECTION('',(0.503941547938598,-0.863737758964635,0.));
#4767=DIRECTION('',(0.863737758964635,0.503941547938598,0.));
#4768=DIRECTION('',(0.503941547938598,0.863737758964635,0.));
#4769=DIRECTION('',(-0.863737758964635,0.503941547938598,0.));
#4770=DIRECTION('',(0.,0.,-1.));
#4771=DIRECTION('',(0.,0.,-1.));
#4772=DIRECTION('',(0.,0.,-1.));
#4773=DIRECTION('',(-1.,0.,0.));
#4774=DIRECTION('',(0.,0.,-1.));
#4775=DIRECTION('',(-0.863737758964619,-0.503941547938626,0.));
#4776=DIRECTION('',(0.503941547938626,-0.863737758964619,0.));
#4777=DIRECTION('',(0.,0.,-1.));
#4778=DIRECTION('',(0.,0.,-1.));
#4779=DIRECTION('',(-1.,0.,0.));
#4780=DIRECTION('',(0.,0.,-1.));
#4781=DIRECTION('',(-0.863737758964635,0.503941547938598,0.));
#4782=DIRECTION('',(-0.503941547938598,-0.863737758964635,0.));
#4783=DIRECTION('',(0.,0.,-1.));
#4784=DIRECTION('',(0.,0.,-1.));
#4785=DIRECTION('',(-1.,0.,0.));
#4786=DIRECTION('',(0.,0.,-1.));
#4787=DIRECTION('',(0.503941547938626,-0.863737758964619,0.));
#4788=DIRECTION('',(0.863737758964619,0.503941547938626,0.));
#4789=DIRECTION('',(0.,0.,-1.));
#4790=DIRECTION('',(0.,0.,-1.));
#4791=DIRECTION('',(-1.,0.,0.));
#4792=DIRECTION('',(0.,0.,-1.));
#4793=DIRECTION('',(0.,0.,-1.));
#4794=DIRECTION('',(1.,0.,0.));
#4795=DIRECTION('',(0.,0.,-1.));
#4796=DIRECTION('',(0.,0.,-1.));
#4797=DIRECTION('',(0.,0.,-1.));
#4798=DIRECTION('',(-1.,0.,0.));
#4799=DIRECTION('',(0.,0.,-1.));
#4800=DIRECTION('',(0.,-1.,0.));
#4801=DIRECTION('',(0.,0.,-1.));
#4802=DIRECTION('',(0.,0.,-1.));
#4803=DIRECTION('',(0.,0.,-1.));
#4804=DIRECTION('',(-1.,0.,0.));
#4805=DIRECTION('',(0.,0.,-1.));
#4806=DIRECTION('',(1.,0.,0.));
#4807=DIRECTION('',(0.,0.,-1.));
#4808=DIRECTION('',(0.,0.,-1.));
#4809=DIRECTION('',(0.,0.,-1.));
#4810=DIRECTION('',(-1.,0.,0.));
#4811=DIRECTION('',(0.,0.,-1.));
#4812=DIRECTION('',(0.,-1.,0.));
#4813=DIRECTION('',(0.,0.,-1.));
#4814=DIRECTION('',(0.,0.,-1.));
#4815=DIRECTION('',(-1.,0.,0.));
#4816=DIRECTION('',(0.,0.,-1.));
#4817=DIRECTION('',(-1.,0.,0.));
#4818=DIRECTION('',(0.,0.,-1.));
#4819=DIRECTION('',(0.,0.,-1.));
#4820=DIRECTION('',(-0.182938042149704,0.983124444175016,0.));
#4821=DIRECTION('',(-0.983124444175016,-0.182938042149704,0.));
#4822=DIRECTION('',(0.,0.,-1.));
#4823=DIRECTION('',(0.,0.,-1.));
#4824=DIRECTION('',(-1.,0.,0.));
#4825=DIRECTION('',(0.,0.,-1.));
#4826=DIRECTION('',(0.,0.,-1.));
#4827=DIRECTION('',(-1.,0.,0.));
#4828=DIRECTION('',(0.,0.,-1.));
#4829=DIRECTION('',(0.,0.,-1.));
#4830=DIRECTION('',(-1.,0.,0.));
#4831=DIRECTION('',(0.,0.,-1.));
#4832=DIRECTION('',(0.602836646933908,-0.797864635833349,0.));
#4833=DIRECTION('',(0.797864635833349,0.602836646933908,0.));
#4834=DIRECTION('',(0.,0.,-1.));
#4835=DIRECTION('',(0.,0.,-1.));
#4836=DIRECTION('',(-1.,0.,0.));
#4837=DIRECTION('',(0.,0.,-1.));
#4838=DIRECTION('',(0.,0.,-1.));
#4839=DIRECTION('',(-1.,0.,0.));
#4840=DIRECTION('',(0.,0.,-1.));
#4841=DIRECTION('',(-1.,0.,0.));
#4842=DIRECTION('',(0.,0.,-1.));
#4843=DIRECTION('',(-1.,0.,0.));
#4844=DIRECTION('',(0.,0.,-1.));
#4845=DIRECTION('',(-1.,0.,0.));
#4846=DIRECTION('',(0.,0.,-1.));
#4847=DIRECTION('',(-1.,0.,0.));
#4848=DIRECTION('',(0.,0.,-1.));
#4849=DIRECTION('',(-1.,0.,0.));
#4850=DIRECTION('',(0.,0.,-1.));
#4851=DIRECTION('',(-1.,0.,0.));
#4852=DIRECTION('',(0.,0.,-1.));
#4853=DIRECTION('',(0.,0.,-1.));
#4854=DIRECTION('',(0.,0.,-1.));
#4855=DIRECTION('',(-1.,0.,0.));
#4856=DIRECTION('',(0.,0.,-1.));
#4857=DIRECTION('',(0.,0.,-1.));
#4858=DIRECTION('',(-1.,0.,0.));
#4859=DIRECTION('',(0.,0.,-1.));
#4860=DIRECTION('',(0.182938042149704,0.983124444175016,0.));
#4861=DIRECTION('',(-0.983124444175016,0.182938042149704,0.));
#4862=DIRECTION('',(0.,0.,-1.));
#4863=DIRECTION('',(0.,0.,-1.));
#4864=DIRECTION('',(-1.,0.,0.));
#4865=DIRECTION('',(0.,0.,-1.));
#4866=DIRECTION('',(0.,0.,-1.));
#4867=DIRECTION('',(-1.,0.,0.));
#4868=DIRECTION('',(0.,0.,-1.));
#4869=DIRECTION('',(0.,0.,-1.));
#4870=DIRECTION('',(-1.,0.,0.));
#4871=DIRECTION('',(0.,0.,-1.));
#4872=DIRECTION('',(-0.602836646933908,-0.797864635833349,0.));
#4873=DIRECTION('',(0.797864635833349,-0.602836646933908,0.));
#4874=DIRECTION('',(0.,0.,-1.));
#4875=DIRECTION('',(-1.,0.,0.));
#4876=DIRECTION('',(0.,0.,-1.));
#4877=DIRECTION('',(-1.,0.,0.));
#4878=DIRECTION('',(0.,0.,-1.));
#4879=DIRECTION('',(-1.,0.,0.));
#4880=DIRECTION('',(0.,0.,-1.));
#4881=DIRECTION('',(0.,0.,-1.));
#4882=DIRECTION('',(0.,1.,0.));
#4883=DIRECTION('',(0.,0.,1.));
#4884=DIRECTION('',(0.,0.,-1.));
#4885=DIRECTION('',(0.,0.,-1.));
#4886=DIRECTION('',(-1.,0.,0.));
#4887=DIRECTION('',(0.,0.,-1.));
#4888=DIRECTION('',(1.,8.05445146112525E-17,0.));
#4889=DIRECTION('',(-8.05445146112525E-17,1.,0.));
#4890=DIRECTION('',(0.,0.,-1.));
#4891=DIRECTION('',(0.,0.,-1.));
#4892=DIRECTION('',(-1.,0.,0.));
#4893=DIRECTION('',(0.,0.,-1.));
#4894=DIRECTION('',(0.,1.,0.));
#4895=DIRECTION('',(0.,0.,1.));
#4896=DIRECTION('',(0.,0.,-1.));
#4897=DIRECTION('',(0.,0.,-1.));
#4898=DIRECTION('',(-1.,0.,0.));
#4899=DIRECTION('',(0.,0.,-1.));
#4900=DIRECTION('',(0.,0.,-1.));
#4901=DIRECTION('',(-1.,0.,0.));
#4902=DIRECTION('',(0.,1.,0.));
#4903=DIRECTION('',(0.,0.,1.));
#4904=DIRECTION('',(0.,0.,-1.));
#4905=DIRECTION('',(0.,0.,-1.));
#4906=DIRECTION('',(0.,0.,-1.));
#4907=DIRECTION('',(-1.,0.,0.));
#4908=DIRECTION('',(0.,0.,-1.));
#4909=DIRECTION('',(0.,0.,-1.));
#4910=DIRECTION('',(-1.,0.,0.));
#4911=DIRECTION('',(0.,0.,-1.));
#4912=DIRECTION('',(0.,0.,-1.));
#4913=DIRECTION('',(-1.,0.,0.));
#4914=DIRECTION('',(0.,0.,-1.));
#4915=DIRECTION('',(1.95892845301394E-16,1.,0.));
#4916=DIRECTION('',(-1.,1.95892845301394E-16,0.));
#4917=DIRECTION('',(0.,0.,-1.));
#4918=DIRECTION('',(0.,0.,-1.));
#4919=DIRECTION('',(-1.,0.,0.));
#4920=DIRECTION('',(0.,0.,-1.));
#4921=DIRECTION('',(-1.,2.41633543833758E-16,0.));
#4922=DIRECTION('',(-2.41633543833758E-16,-1.,0.));
#4923=DIRECTION('',(0.,0.,-1.));
#4924=DIRECTION('',(0.,0.,-1.));
#4925=DIRECTION('',(-1.,0.,0.));
#4926=DIRECTION('',(0.,0.,-1.));
#4927=DIRECTION('',(-1.,0.,0.));
#4928=DIRECTION('',(0.,0.,1.));
#4929=DIRECTION('',(0.,0.,-1.));
#4930=DIRECTION('',(-1.,0.,0.));
#4931=DIRECTION('',(0.,0.,1.));
#4932=DIRECTION('',(0.,1.,0.));
#4933=DIRECTION('',(0.,0.,1.));
#4934=DIRECTION('',(0.,1.,0.));
#4935=DIRECTION('',(0.,0.,1.));
#4936=DIRECTION('',(0.861748878577897,-0.507335067060949,0.));
#4937=DIRECTION('',(0.507335067060949,0.861748878577897,0.));
#4938=DIRECTION('',(0.,0.,1.));
#4939=DIRECTION('',(0.,0.,1.));
#4940=DIRECTION('',(0.,0.,1.));
#4941=DIRECTION('',(1.,0.,0.));
#4942=DIRECTION('',(0.,0.,1.));
#4943=DIRECTION('',(9.34841373705058E-16,-1.,0.));
#4944=DIRECTION('',(1.,9.34841373705058E-16,0.));
#4945=DIRECTION('',(0.,0.,1.));
#4946=DIRECTION('',(0.,0.,1.));
#4947=DIRECTION('',(1.,0.,0.));
#4948=DIRECTION('',(0.,0.,1.));
#4949=DIRECTION('',(-0.861748878577894,-0.507335067060953,0.));
#4950=DIRECTION('',(0.507335067060953,-0.861748878577894,0.));
#4951=DIRECTION('',(0.,0.,1.));
#4952=DIRECTION('',(0.,0.,1.));
#4953=DIRECTION('',(1.,0.,0.));
#4954=DIRECTION('',(0.,0.,1.));
#4955=DIRECTION('',(1.,0.,0.));
#4956=DIRECTION('',(0.,0.,1.));
#4957=DIRECTION('',(1.,0.,0.));
#4958=DIRECTION('',(0.,0.,1.));
#4959=DIRECTION('',(1.,0.,0.));
#4960=DIRECTION('',(0.,0.,1.));
#4961=DIRECTION('',(0.,0.,1.));
#4962=DIRECTION('',(-0.861748878577895,0.507335067060951,0.));
#4963=DIRECTION('',(-0.507335067060951,-0.861748878577895,0.));
#4964=DIRECTION('',(0.,0.,1.));
#4965=DIRECTION('',(0.,0.,1.));
#4966=DIRECTION('',(1.,0.,0.));
#4967=DIRECTION('',(0.,0.,1.));
#4968=DIRECTION('',(0.0254694026756217,0.99967560214669,0.));
#4969=DIRECTION('',(-0.99967560214669,0.0254694026756217,0.));
#4970=DIRECTION('',(0.,0.,1.));
#4971=DIRECTION('',(0.,0.,1.));
#4972=DIRECTION('',(1.,0.,0.));
#4973=DIRECTION('',(0.,0.,1.));
#4974=DIRECTION('',(0.874390850206032,0.48522225946052,0.));
#4975=DIRECTION('',(-0.48522225946052,0.874390850206032,0.));
#4976=DIRECTION('',(0.,0.,1.));
#4977=DIRECTION('',(1.,0.,0.));
#4978=DIRECTION('',(0.,0.,1.));
#4979=DIRECTION('',(1.,0.,0.));
#4980=DIRECTION('',(0.,0.,1.));
#4981=DIRECTION('',(0.,0.,1.));
#4982=DIRECTION('',(-0.861748878577894,-0.507335067060953,0.));
#4983=DIRECTION('',(0.507335067060953,-0.861748878577894,0.));
#4984=DIRECTION('',(0.,0.,1.));
#4985=DIRECTION('',(0.,0.,1.));
#4986=DIRECTION('',(1.,0.,0.));
#4987=DIRECTION('',(0.,0.,1.));
#4988=DIRECTION('',(0.874390850206033,-0.485222259460519,0.));
#4989=DIRECTION('',(0.485222259460519,0.874390850206033,0.));
#4990=DIRECTION('',(0.,0.,1.));
#4991=DIRECTION('',(0.,0.,1.));
#4992=DIRECTION('',(1.,0.,0.));
#4993=DIRECTION('',(0.,0.,1.));
#4994=DIRECTION('',(-0.0254694026756256,0.99967560214669,0.));
#4995=DIRECTION('',(-0.99967560214669,-0.0254694026756256,0.));
#4996=DIRECTION('',(-0.874390850206033,-0.485222259460519,0.));
#4997=DIRECTION('',(0.485222259460519,-0.874390850206033,0.));
#4998=DIRECTION('',(0.,0.,1.));
#4999=DIRECTION('',(0.,0.,1.));
#5000=DIRECTION('',(0.,0.,1.));
#5001=DIRECTION('',(1.,0.,0.));
#5002=DIRECTION('',(0.,0.,1.));
#5003=DIRECTION('',(-0.861748878577894,0.507335067060953,0.));
#5004=DIRECTION('',(-0.507335067060953,-0.861748878577894,0.));
#5005=DIRECTION('',(0.,0.,1.));
#5006=DIRECTION('',(0.,0.,1.));
#5007=DIRECTION('',(1.,0.,0.));
#5008=DIRECTION('',(0.,0.,1.));
#5009=DIRECTION('',(-0.0254694026756256,-0.99967560214669,0.));
#5010=DIRECTION('',(0.99967560214669,-0.0254694026756256,0.));
#5011=DIRECTION('',(0.,0.,1.));
#5012=DIRECTION('',(0.,0.,1.));
#5013=DIRECTION('',(1.,0.,0.));
#5014=DIRECTION('',(0.,-1.,0.));
#5015=DIRECTION('',(0.,0.,-1.));
#5016=DIRECTION('',(0.,0.,1.));
#5017=DIRECTION('',(0.,0.,1.));
#5018=DIRECTION('',(0.,0.,1.));
#5019=DIRECTION('',(1.,0.,0.));
#5020=DIRECTION('',(0.,0.,1.));
#5021=DIRECTION('',(-0.861748878577895,-0.507335067060951,0.));
#5022=DIRECTION('',(0.507335067060951,-0.861748878577895,0.));
#5023=DIRECTION('',(0.,0.,1.));
#5024=DIRECTION('',(0.,0.,1.));
#5025=DIRECTION('',(1.,0.,0.));
#5026=DIRECTION('',(0.,0.,1.));
#5027=DIRECTION('',(0.861748878577895,-0.507335067060951,0.));
#5028=DIRECTION('',(0.507335067060951,0.861748878577895,0.));
#5029=DIRECTION('',(0.,0.,1.));
#5030=DIRECTION('',(0.,0.,1.));
#5031=DIRECTION('',(1.,0.,0.));
#5032=DIRECTION('',(0.,0.,1.));
#5033=DIRECTION('',(1.,0.,0.));
#5034=DIRECTION('',(0.,0.,1.));
#5035=DIRECTION('',(0.,0.,1.));
#5036=DIRECTION('',(0.861748878577895,0.507335067060951,0.));
#5037=DIRECTION('',(-0.507335067060951,0.861748878577895,0.));
#5038=DIRECTION('',(0.,0.,1.));
#5039=DIRECTION('',(0.,0.,1.));
#5040=DIRECTION('',(1.,0.,0.));
#5041=DIRECTION('',(0.,0.,1.));
#5042=DIRECTION('',(0.874390850206032,-0.485222259460521,0.));
#5043=DIRECTION('',(0.485222259460521,0.874390850206032,0.));
#5044=DIRECTION('',(0.,0.,1.));
#5045=DIRECTION('',(0.,0.,1.));
#5046=DIRECTION('',(1.,0.,0.));
#5047=DIRECTION('',(0.,0.,1.));
#5048=DIRECTION('',(0.0254694026756226,-0.99967560214669,0.));
#5049=DIRECTION('',(0.99967560214669,0.0254694026756226,0.));
#5050=DIRECTION('',(0.,0.,1.));
#5051=DIRECTION('',(1.,0.,0.));
#5052=DIRECTION('',(0.,0.,1.));
#5053=DIRECTION('',(1.,0.,0.));
#5054=CARTESIAN_POINT('',(0.,0.,0.));
#5055=CARTESIAN_POINT('',(0.0288541449816146,0.140759144981615,0.12894));
#5056=CARTESIAN_POINT('',(-0.0366208550183855,0.113259144981615,0.12894));
#5057=CARTESIAN_POINT('',(-0.0351208550183855,0.113259144981615,0.12894));
#5058=CARTESIAN_POINT('',(-0.0042408550183854,0.113259144981615,0.12894));
#5059=CARTESIAN_POINT('',(-0.0027408550183854,0.113259144981615,0.12894));
#5060=CARTESIAN_POINT('',(-0.0288634144040002,0.0904385918412877,0.12894));
#5061=CARTESIAN_POINT('',(-0.028803492512112,0.0880866539447416,0.12894));
#5062=CARTESIAN_POINT('',(-0.0268359768627806,0.0916321996155548,0.12894));
#5063=CARTESIAN_POINT('',(-0.0361163403625123,0.0879003396381731,0.12894));
#5064=CARTESIAN_POINT('',(-0.0434291882129126,0.0877140253316046,0.12894));
#5065=CARTESIAN_POINT('',(-0.0434891101048008,0.0900659632281507,0.12894));
#5066=CARTESIAN_POINT('',(-0.0455462904266738,0.0912075461754811,0.12894));
#5067=CARTESIAN_POINT('',(-0.0419447106582617,0.0976977438825855,0.12894));
#5068=CARTESIAN_POINT('',(-0.0383431308898496,0.10418794158969,0.12894));
#5069=CARTESIAN_POINT('',(-0.0362859505679766,0.10304635864236,0.12894));
#5070=CARTESIAN_POINT('',(-0.0342585130267571,0.104239966416627,0.12894));
#5071=CARTESIAN_POINT('',(-0.0305472449447689,0.0979360830160907,0.12894));
#5072=CARTESIAN_POINT('',(-0.0419447106582617,0.0738205460806449,0.12894));
#5073=CARTESIAN_POINT('',(-0.0455462904266738,0.0803107437877493,0.12894));
#5074=CARTESIAN_POINT('',(-0.0383431308898497,0.0673303483735405,0.12894));
#5075=CARTESIAN_POINT('',(-0.0434891101048008,0.0814523267350797,0.12894));
#5076=CARTESIAN_POINT('',(-0.0434291882129126,0.0838042646316258,0.12894));
#5077=CARTESIAN_POINT('',(-0.0361163403625122,0.0836179503250572,0.12894));
#5078=CARTESIAN_POINT('',(-0.0288034925121119,0.0834316360184887,0.12894));
#5079=CARTESIAN_POINT('',(-0.0288634144040002,0.0810796981219426,0.12894));
#5080=CARTESIAN_POINT('',(-0.0268359768627807,0.0798860903476755,0.12894));
#5081=CARTESIAN_POINT('',(-0.030547244944769,0.0735822069471396,0.12894));
#5082=CARTESIAN_POINT('',(-0.0342585130267572,0.0672783235466037,0.12894));
#5083=CARTESIAN_POINT('',(-0.0362859505679767,0.0684719313208709,0.12894));
#5084=CARTESIAN_POINT('',(-0.0119982956327707,0.0810796981219426,0.12894));
#5085=CARTESIAN_POINT('',(-0.0120582175246589,0.0834316360184887,0.12894));
#5086=CARTESIAN_POINT('',(-0.0140257331739902,0.0798860903476756,0.12894));
#5087=CARTESIAN_POINT('',(-0.00474536967425864,0.0836179503250572,0.12894));
#5088=CARTESIAN_POINT('',(0.00256747817614168,0.0838042646316257,0.12894));
#5089=CARTESIAN_POINT('',(0.00262740006802997,0.0814523267350797,0.12894));
#5090=CARTESIAN_POINT('',(0.00468458038990296,0.0803107437877493,0.12894));
#5091=CARTESIAN_POINT('',(0.0010830006214909,0.0738205460806449,0.12894));
#5092=CARTESIAN_POINT('',(-0.00251857914692117,0.0673303483735405,0.12894));
#5093=CARTESIAN_POINT('',(-0.00457575946879416,0.0684719313208709,0.12894));
#5094=CARTESIAN_POINT('',(-0.00660319701001369,0.0672783235466038,0.12894));
#5095=CARTESIAN_POINT('',(-0.0103144650920019,0.0735822069471397,0.12894));
#5096=CARTESIAN_POINT('',(-0.0204308550183854,0.0857591449816152,0.12894));
#5097=CARTESIAN_POINT('',(-0.0178908550183854,0.0857591449816152,0.12894));
#5098=CARTESIAN_POINT('',(-0.00457575946879421,0.10304635864236,0.12894));
#5099=CARTESIAN_POINT('',(-0.0025185791469212,0.10418794158969,0.12894));
#5100=CARTESIAN_POINT('',(-0.00660319701001372,0.104239966416627,0.12894));
#5101=CARTESIAN_POINT('',(0.00108300062149088,0.0976977438825855,0.12894));
#5102=CARTESIAN_POINT('',(0.00468458038990297,0.0912075461754811,0.12894));
#5103=CARTESIAN_POINT('',(0.00262740006803,0.0900659632281508,0.12894));
#5104=CARTESIAN_POINT('',(0.0025674781761417,0.0877140253316047,0.12894));
#5105=CARTESIAN_POINT('',(-0.00474536967425863,0.0879003396381732,0.12894));
#5106=CARTESIAN_POINT('',(-0.012058217524659,0.0880866539447417,0.12894));
#5107=CARTESIAN_POINT('',(-0.0119982956327707,0.0904385918412877,0.12894));
#5108=CARTESIAN_POINT('',(-0.0140257331739902,0.0916321996155548,0.12894));
#5109=CARTESIAN_POINT('',(-0.010314465092002,0.0979360830160907,0.12894));
#5110=CARTESIAN_POINT('',(-0.0366208550183855,0.0582591449816152,0.12894));
#5111=CARTESIAN_POINT('',(-0.0351208550183855,0.0582591449816152,0.12894));
#5112=CARTESIAN_POINT('',(-0.0042408550183854,0.0582591449816152,0.12894));
#5113=CARTESIAN_POINT('',(-0.0027408550183854,0.0582591449816152,0.12894));
#5114=CARTESIAN_POINT('',(-0.0223358550183854,-0.037135109860745,0.12894));
#5115=CARTESIAN_POINT('',(-0.0242408550183854,0.000255993031102804,0.12894));
#5116=CARTESIAN_POINT('',(-0.0412032246756223,-0.00479711421033519,0.12894));
#5117=CARTESIAN_POINT('',(-0.0242428550183855,0.000255993031102804,0.12894));
#5118=CARTESIAN_POINT('',(-0.0166208550183854,0.000255993031102804,0.12894));
#5119=CARTESIAN_POINT('',(-0.0185258550183854,-0.037135109860745,0.12894));
#5120=CARTESIAN_POINT('',(0.000341514638851504,-0.00479711421033517,0.12894));
#5121=CARTESIAN_POINT('',(0.000341514638851,-0.00479711421033489,0.12894));
#5122=CARTESIAN_POINT('',(0.00897889222850046,-0.0098365296897227,0.12894));
#5123=CARTESIAN_POINT('',(0.0326641449816146,0.0307591449816152,0.12894));
#5124=CARTESIAN_POINT('',(0.0732598196529517,0.0544443977347306,0.12894));
#5125=CARTESIAN_POINT('',(0.0732598196529516,0.0544443977347306,0.12894));
#5126=CARTESIAN_POINT('',(0.0682204041735654,0.0630817753243767,0.12894));
#5127=CARTESIAN_POINT('',(0.107088603326974,0.0857591449816151,0.12894));
#5128=CARTESIAN_POINT('',(0.068220404173565,0.108436514638852,0.12894));
#5129=CARTESIAN_POINT('',(0.0682204041735647,0.108436514638852,0.12894));
#5130=CARTESIAN_POINT('',(0.0732598196529525,0.117073892228501,0.12894));
#5131=CARTESIAN_POINT('',(0.0326641449816146,0.140759144981615,0.12894));
#5132=CARTESIAN_POINT('',(0.00897889222849922,0.181354819652952,0.12894));
#5133=CARTESIAN_POINT('',(0.0089788922284992,0.181354819652952,0.12894));
#5134=CARTESIAN_POINT('',(0.000341514638853055,0.176315404173566,0.12894));
#5135=CARTESIAN_POINT('',(-0.0185258550183855,0.208653399823976,0.12894));
#5136=CARTESIAN_POINT('',(-0.0166208550183854,0.171262296932127,0.12894));
#5137=CARTESIAN_POINT('',(-0.0242428550183855,0.171262296932127,0.12894));
#5138=CARTESIAN_POINT('',(-0.0242408550183854,0.171262296932127,0.12894));
#5139=CARTESIAN_POINT('',(-0.0223358550183855,0.208653399823976,0.12894));
#5140=CARTESIAN_POINT('',(-0.0412032246756239,0.176315404173566,0.12894));
#5141=CARTESIAN_POINT('',(-0.045521913470447,0.178835111913259,0.12894));
#5142=CARTESIAN_POINT('',(-0.0498406022652701,0.181354819652952,0.12894));
#5143=CARTESIAN_POINT('',(-0.0735258550183855,0.140759144981615,0.12894));
#5144=CARTESIAN_POINT('',(-0.114121529689723,0.117073892228501,0.12894));
#5145=CARTESIAN_POINT('',(-0.111601821950029,0.112755203433676,0.12894));
#5146=CARTESIAN_POINT('',(-0.109082114210336,0.108436514638852,0.12894));
#5147=CARTESIAN_POINT('',(-0.147950313363744,0.0857591449816151,0.12894));
#5148=CARTESIAN_POINT('',(-0.109082114210336,0.0630817753243768,0.12894));
#5149=CARTESIAN_POINT('',(-0.111601821950029,0.0587630865295537,0.12894));
#5150=CARTESIAN_POINT('',(-0.114121529689723,0.0544443977347306,0.12894));
#5151=CARTESIAN_POINT('',(-0.0735258550183855,0.0307591449816152,0.12894));
#5152=CARTESIAN_POINT('',(-0.0498406022652713,-0.0098365296897227,0.12894));
#5153=CARTESIAN_POINT('',(-0.0455219134704468,-0.00731682195002894,0.12894));
#5154=CARTESIAN_POINT('',(-0.0805847429965268,0.0857577629359538,0.12894));
#5155=CARTESIAN_POINT('',(-0.0791877429965268,0.0857577629359538,0.12894));
#5156=CARTESIAN_POINT('',(-0.0582604286555776,0.0857577629359538,0.12894));
#5157=CARTESIAN_POINT('',(-0.0568634286555776,0.0857577629359538,0.12894));
#5158=CARTESIAN_POINT('',(0.0288541449816144,0.0976327629359535,0.12894));
#5159=CARTESIAN_POINT('',(-0.0629225858260521,0.0976327629359538,0.12894));
#5160=CARTESIAN_POINT('',(-0.0662517470537288,0.0976306925584145,0.12894));
#5161=CARTESIAN_POINT('',(-0.0629225858260521,0.0951327629359538,0.12894));
#5162=CARTESIAN_POINT('',(-0.0604225858260521,0.0951327629359538,0.12894));
#5163=CARTESIAN_POINT('',(-0.060422585826052,0.140759144981615,0.12894));
#5164=CARTESIAN_POINT('',(-0.0604225858260522,0.0763827629359537,0.12894));
#5165=CARTESIAN_POINT('',(-0.0629225858260522,0.0763827629359537,0.12894));
#5166=CARTESIAN_POINT('',(-0.0629225858260522,0.0738827629359537,0.12894));
#5167=CARTESIAN_POINT('',(0.0288541449816145,0.0738827629359535,0.12894));
#5168=CARTESIAN_POINT('',(-0.0665092621186028,0.0738834563087845,0.12894));
#5169=CARTESIAN_POINT('',(-0.0694997964191437,0.0738841496816152,0.12894));
#5170=CARTESIAN_POINT('',(-0.0724903307196846,0.0738834563087845,0.12894));
#5171=CARTESIAN_POINT('',(0.0288541449816145,0.0738827629359535,0.12894));
#5172=CARTESIAN_POINT('',(-0.0759225858260523,0.0738827629359537,0.12894));
#5173=CARTESIAN_POINT('',(-0.0759225858260523,0.0763827629359537,0.12894));
#5174=CARTESIAN_POINT('',(-0.0784225858260523,0.0763827629359537,0.12894));
#5175=CARTESIAN_POINT('',(-0.0784225858260521,0.140759144981615,0.12894));
#5176=CARTESIAN_POINT('',(-0.0784225858260522,0.078933420700982,0.12894));
#5177=CARTESIAN_POINT('',(-0.0724903307196846,0.0798936100810743,0.12894));
#5178=CARTESIAN_POINT('',(-0.0784997911191437,0.0798936100810743,0.12894));
#5179=CARTESIAN_POINT('',(-0.0784997911191437,0.0857591449816152,0.12894));
#5180=CARTESIAN_POINT('',(-0.0784997911191437,0.0916246798821561,0.12894));
#5181=CARTESIAN_POINT('',(-0.0724903307196846,0.0916246798821561,0.12894));
#5182=CARTESIAN_POINT('',(-0.0784225858260522,0.0925848692622485,0.12894));
#5183=CARTESIAN_POINT('',(-0.0784225858260521,0.140759144981615,0.12894));
#5184=CARTESIAN_POINT('',(-0.0784225858260522,0.0951327629359539,0.12894));
#5185=CARTESIAN_POINT('',(-0.0759225858260522,0.0951327629359538,0.12894));
#5186=CARTESIAN_POINT('',(-0.0759225858260524,0.0976327629359539,0.12894));
#5187=CARTESIAN_POINT('',(0.0288541449816144,0.0976327629359534,0.12894));
#5188=CARTESIAN_POINT('',(-0.0726516614995121,0.0976323686485261,0.12894));
#5189=CARTESIAN_POINT('',(-0.0724903307196846,0.0916246798821561,0.12894));
#5190=CARTESIAN_POINT('',(-0.0724903307196846,0.0976341402816152,0.12894));
#5191=CARTESIAN_POINT('',(-0.0694997964191437,0.0976341402816152,0.12894));
#5192=CARTESIAN_POINT('',(-0.0665092621186028,0.0976341402816152,0.12894));
#5193=CARTESIAN_POINT('',(-0.0665092621186028,0.0916246798821561,0.12894));
#5194=CARTESIAN_POINT('',(-0.0735258550183855,0.0307591449816152,0.12894));
#5195=CARTESIAN_POINT('',(-0.0335258550183855,0.0307591449816152,0.12894));
#5196=CARTESIAN_POINT('',(-0.0264614857529137,0.119906491861659,0.12894));
#5197=CARTESIAN_POINT('',(-0.0264614857529137,0.118066861127131,0.12894));
#5198=CARTESIAN_POINT('',(-0.0246218550183854,0.119906491861659,0.12894));
#5199=CARTESIAN_POINT('',(0.0288541449816146,0.118066861127131,0.12894));
#5200=CARTESIAN_POINT('',(-0.0345306857694356,0.118066861127131,0.12894));
#5201=CARTESIAN_POINT('',(-0.0345306857694356,0.119282873771807,0.12894));
#5202=CARTESIAN_POINT('',(-0.0355958415585419,0.119869499629525,0.12894));
#5203=CARTESIAN_POINT('',(-0.0735258550183854,0.140759144981615,0.12894));
#5204=CARTESIAN_POINT('',(-0.0363606358190914,0.162980974021288,0.12894));
#5205=CARTESIAN_POINT('',(-0.0353169570862737,0.163605010442239,0.12894));
#5206=CARTESIAN_POINT('',(-0.0353169570862737,0.164821023086915,0.12894));
#5207=CARTESIAN_POINT('',(0.0288541449816146,0.164821023086915,0.12894));
#5208=CARTESIAN_POINT('',(-0.0264614857529137,0.164821023086915,0.12894));
#5209=CARTESIAN_POINT('',(-0.0264614857529137,0.162981392352387,0.12894));
#5210=CARTESIAN_POINT('',(-0.0246218550183854,0.162981392352387,0.12894));
#5211=CARTESIAN_POINT('',(-0.0246218550183854,0.140759144981615,0.12894));
#5212=CARTESIAN_POINT('',(0.0288541449816146,0.0534514288360991,0.12894));
#5213=CARTESIAN_POINT('',(-0.0264614857529137,0.0534514288360991,0.12894));
#5214=CARTESIAN_POINT('',(-0.0345306857694356,0.053451428836099,0.12894));
#5215=CARTESIAN_POINT('',(-0.0264614857529137,0.0516117981015708,0.12894));
#5216=CARTESIAN_POINT('',(-0.0246218550183855,0.0516117981015707,0.12894));
#5217=CARTESIAN_POINT('',(-0.0246218550183855,0.140759144981615,0.12894));
#5218=CARTESIAN_POINT('',(-0.0246218550183855,0.00853689761084366,0.12894));
#5219=CARTESIAN_POINT('',(-0.0264614857529137,0.00853689761084365,0.12894));
#5220=CARTESIAN_POINT('',(-0.0264614857529137,0.00669726687631536,0.12894));
#5221=CARTESIAN_POINT('',(0.0288541449816145,0.00669726687631533,0.12894));
#5222=CARTESIAN_POINT('',(-0.0353169570862737,0.00669726687631536,0.12894));
#5223=CARTESIAN_POINT('',(-0.0353169570862737,0.00791327952099085,0.12894));
#5224=CARTESIAN_POINT('',(-0.0363606358190915,0.00853731594194274,0.12894));
#5225=CARTESIAN_POINT('',(-0.0735258550183855,0.0307591449816152,0.12894));
#5226=CARTESIAN_POINT('',(-0.035595841558542,0.051648790333705,0.12894));
#5227=CARTESIAN_POINT('',(-0.0345306857694357,0.0522354161914236,0.12894));
#5228=CARTESIAN_POINT('',(0.0336865879791653,0.114789189360866,0.12894));
#5229=CARTESIAN_POINT('',(-0.0820161127710482,0.0932594372810686,0.12894));
#5230=CARTESIAN_POINT('',(-0.0944470330741538,0.0909463138145095,0.12894));
#5231=CARTESIAN_POINT('',(-0.0956644898901196,0.0974890292685431,0.12894));
#5232=CARTESIAN_POINT('',(-0.102158109288113,0.0960322404282519,0.12894));
#5233=CARTESIAN_POINT('',(-0.147950313363752,0.0857591449816133,0.12894));
#5234=CARTESIAN_POINT('',(-0.103464788060108,0.100709077510545,0.12894));
#5235=CARTESIAN_POINT('',(-0.100006530212844,0.10187126950741,0.12894));
#5236=CARTESIAN_POINT('',(-0.102205871105589,0.104782134879296,0.12894));
#5237=CARTESIAN_POINT('',(-0.0014703448082767,0.180894127030403,0.12894));
#5238=CARTESIAN_POINT('',(-0.101455998445237,0.105348710586367,0.12894));
#5239=CARTESIAN_POINT('',(-0.0987313950343953,0.101742651267914,0.12894));
#5240=CARTESIAN_POINT('',(-0.0962788692426176,0.105538997510716,0.12894));
#5241=CARTESIAN_POINT('',(-0.0735258550183855,0.140759144981615,0.12894));
#5242=CARTESIAN_POINT('',(-0.0809021009734724,0.0994826451327901,0.12894));
#5243=CARTESIAN_POINT('',(-0.0826522464141859,0.0965846242267367,0.12894));
#5244=CARTESIAN_POINT('',(-0.0427667100367704,0.17151828996323,0.12894));
#5245=CARTESIAN_POINT('',(-0.0412667100367704,0.17151828996323,0.12894));
#5246=CARTESIAN_POINT('',(-0.104285,0.11,0.12894));
#5247=CARTESIAN_POINT('',(-0.102785,0.11,0.12894));
#5248=CARTESIAN_POINT('',(-0.104285,5.9011414410082E-16,0.12894));
#5249=CARTESIAN_POINT('',(-0.102785,5.9011414410082E-16,0.12894));
#5250=CARTESIAN_POINT('',(-0.0427667100367709,-1.58416727187114E-18,0.12894));
#5251=CARTESIAN_POINT('',(-0.0412667100367709,-1.58416727187114E-18,0.12894));
#5252=CARTESIAN_POINT('',(-0.104285,0.0615182899632302,0.12894));
#5253=CARTESIAN_POINT('',(-0.102785,0.0615182899632302,0.12894));
#5254=CARTESIAN_POINT('',(-0.104285,0.171518289963231,0.12894));
#5255=CARTESIAN_POINT('',(-0.102785,0.171518289963231,0.12894));
#5256=CARTESIAN_POINT('',(-0.0987313950343953,0.0697756386953167,0.12894));
#5257=CARTESIAN_POINT('',(-0.101455998445237,0.0661695793768632,0.12894));
#5258=CARTESIAN_POINT('',(-0.0962788692426176,0.0659792924525143,0.12894));
#5259=CARTESIAN_POINT('',(-0.0543783694032991,0.0305994854503439,0.12894));
#5260=CARTESIAN_POINT('',(-0.102205871105589,0.0667361550839343,0.12894));
#5261=CARTESIAN_POINT('',(-0.100006530212844,0.0696470204558198,0.12894));
#5262=CARTESIAN_POINT('',(-0.103464788060108,0.0708092124526853,0.12894));
#5263=CARTESIAN_POINT('',(-0.147950313363753,0.0857591449816175,0.12894));
#5264=CARTESIAN_POINT('',(-0.102158109288113,0.0754860495349784,0.12894));
#5265=CARTESIAN_POINT('',(-0.0956644898901196,0.0740292606946873,0.12894));
#5266=CARTESIAN_POINT('',(-0.0944470330741538,0.0805719761487208,0.12894));
#5267=CARTESIAN_POINT('',(0.0139029932684071,0.0604103966015762,0.12894));
#5268=CARTESIAN_POINT('',(-0.0820161127710482,0.0782588526821616,0.12894));
#5269=CARTESIAN_POINT('',(-0.0826522464141859,0.0749336657364935,0.12894));
#5270=CARTESIAN_POINT('',(-0.0809021009734724,0.0720356448304401,0.12894));
#5271=CARTESIAN_POINT('',(-0.0735258550183855,0.0307591449816149,0.12894));
#5272=CARTESIAN_POINT('',(-0.0866547845557467,0.0885662870085092,0.12894));
#5273=CARTESIAN_POINT('',(-0.0856451326637593,0.0885662870085092,0.12894));
#5274=CARTESIAN_POINT('',(-0.087108389547216,0.089468306661681,0.12894));
#5275=CARTESIAN_POINT('',(-0.0856451326637593,0.140759144981615,0.12894));
#5276=CARTESIAN_POINT('',(-0.0856451326637593,0.0829520029547212,0.12894));
#5277=CARTESIAN_POINT('',(-0.0866547845557468,0.0829520029547212,0.12894));
#5278=CARTESIAN_POINT('',(-0.0871083895472159,0.0820499833015493,0.12894));
#5279=CARTESIAN_POINT('',(-0.0181164065688521,0.0473554977209998,0.12894));
#5280=CARTESIAN_POINT('',(-0.0937848541217357,0.0854074241796057,0.12894));
#5281=CARTESIAN_POINT('',(-0.0936079817987946,0.0857591449816152,0.12894));
#5282=CARTESIAN_POINT('',(-0.0937848541217357,0.0861108657836246,0.12894));
#5283=CARTESIAN_POINT('',(0.0260348616768974,0.146365452223688,0.12894));
#5284=CARTESIAN_POINT('',(-0.0735258550183855,0.140759144981615,0.12894));
#5285=CARTESIAN_POINT('',(-0.0335258550183855,0.140759144981615,0.12894));
#5286=CARTESIAN_POINT('',(-0.0144002242838571,0.0516117981015707,0.12894));
#5287=CARTESIAN_POINT('',(-0.0144002242838571,0.053451428836099,0.12894));
#5288=CARTESIAN_POINT('',(-0.0162398550183854,0.0516117981015707,0.12894));
#5289=CARTESIAN_POINT('',(0.0326641449816146,0.053451428836099,0.12894));
#5290=CARTESIAN_POINT('',(-0.00633102426733525,0.053451428836099,0.12894));
#5291=CARTESIAN_POINT('',(-0.00633102426733524,0.0522354161914235,0.12894));
#5292=CARTESIAN_POINT('',(-0.00526586847822895,0.051648790333705,0.12894));
#5293=CARTESIAN_POINT('',(0.0326641449816146,0.0307591449816152,0.12894));
#5294=CARTESIAN_POINT('',(-0.00450107421767938,0.00853731594194273,0.12894));
#5295=CARTESIAN_POINT('',(-0.00554475295049721,0.00791327952099084,0.12894));
#5296=CARTESIAN_POINT('',(-0.00554475295049721,0.00669726687631535,0.12894));
#5297=CARTESIAN_POINT('',(0.0326641449816146,0.00669726687631536,0.12894));
#5298=CARTESIAN_POINT('',(-0.0144002242838571,0.00669726687631535,0.12894));
#5299=CARTESIAN_POINT('',(-0.0144002242838571,0.00853689761084365,0.12894));
#5300=CARTESIAN_POINT('',(-0.0162398550183854,0.00853689761084366,0.12894));
#5301=CARTESIAN_POINT('',(-0.0162398550183854,0.140759144981615,0.12894));
#5302=CARTESIAN_POINT('',(0.0326641449816146,0.140759144981615,0.12894));
#5303=CARTESIAN_POINT('',(-0.00526586847822894,0.119869499629525,0.12894));
#5304=CARTESIAN_POINT('',(-0.00450107421767936,0.162980974021288,0.12894));
#5305=CARTESIAN_POINT('',(-0.00633102426733523,0.119282873771807,0.12894));
#5306=CARTESIAN_POINT('',(-0.00633102426733524,0.118066861127131,0.12894));
#5307=CARTESIAN_POINT('',(0.0326641449816146,0.118066861127131,0.12894));
#5308=CARTESIAN_POINT('',(-0.0144002242838571,0.118066861127131,0.12894));
#5309=CARTESIAN_POINT('',(-0.0144002242838571,0.119906491861659,0.12894));
#5310=CARTESIAN_POINT('',(-0.0162398550183854,0.119906491861659,0.12894));
#5311=CARTESIAN_POINT('',(-0.0162398550183854,0.140759144981615,0.12894));
#5312=CARTESIAN_POINT('',(-0.0162398550183854,0.162981392352387,0.12894));
#5313=CARTESIAN_POINT('',(-0.0144002242838571,0.162981392352387,0.12894));
#5314=CARTESIAN_POINT('',(-0.0144002242838571,0.164821023086915,0.12894));
#5315=CARTESIAN_POINT('',(0.0326641449816146,0.164821023086915,0.12894));
#5316=CARTESIAN_POINT('',(-0.00554475295049719,0.164821023086915,0.12894));
#5317=CARTESIAN_POINT('',(-0.00554475295049716,0.163605010442239,0.12894));
#5318=CARTESIAN_POINT('',(0.0019050000000001,0.,0.12894));
#5319=CARTESIAN_POINT('',(0.0004050000000001,0.,0.12894));
#5320=CARTESIAN_POINT('',(0.0634232899632298,0.11,0.12894));
#5321=CARTESIAN_POINT('',(0.0634232899632298,0.1085,0.12894));
#5322=CARTESIAN_POINT('',(0.0257825118683848,0.131651185593692,0.12894));
#5323=CARTESIAN_POINT('',(0.0613441610688184,0.104782134879296,0.12894));
#5324=CARTESIAN_POINT('',(0.0605942884084659,0.105348710586367,0.12894));
#5325=CARTESIAN_POINT('',(0.0591448201760731,0.10187126950741,0.12894));
#5326=CARTESIAN_POINT('',(0.0626030780233375,0.100709077510545,0.12894));
#5327=CARTESIAN_POINT('',(0.107088603326977,0.0857591449816141,0.12894));
#5328=CARTESIAN_POINT('',(0.061296399251342,0.0960322404282518,0.12894));
#5329=CARTESIAN_POINT('',(0.0548027798533487,0.097489029268543,0.12894));
#5330=CARTESIAN_POINT('',(0.0535853230373829,0.0909463138145094,0.12894));
#5331=CARTESIAN_POINT('',(0.0244054193986152,0.0963760582109807,0.12894));
#5332=CARTESIAN_POINT('',(0.0330570695238152,0.0947661745948771,0.12894));
#5333=CARTESIAN_POINT('',(0.0334324500935007,0.0967835013880882,0.12894));
#5334=CARTESIAN_POINT('',(0.0333966055537245,0.0988351429580687,0.12894));
#5335=CARTESIAN_POINT('',(0.0326641449816147,0.140759144981615,0.12894));
#5336=CARTESIAN_POINT('',(0.0554171592058467,0.105538997510716,0.12894));
#5337=CARTESIAN_POINT('',(0.0578696849976244,0.101742651267914,0.12894));
#5338=CARTESIAN_POINT('',(0.0326641449816146,0.140759144981615,0.12894));
#5339=CARTESIAN_POINT('',(0.0326641449816146,0.100759144981615,0.12894));
#5340=CARTESIAN_POINT('',(0.0019049999999996,0.17151828996323,0.12894));
#5341=CARTESIAN_POINT('',(0.0019049999999996,0.17001828996323,0.12894));
#5342=CARTESIAN_POINT('',(0.0634232899632292,0.171518289963231,0.12894));
#5343=CARTESIAN_POINT('',(0.0634232899632292,0.170018289963231,0.12894));
#5344=CARTESIAN_POINT('',(0.0634232899632291,0.0615182899632302,0.12894));
#5345=CARTESIAN_POINT('',(0.0619232899632291,0.0615182899632302,0.12894));
#5346=CARTESIAN_POINT('',(0.0634232899632297,5.96744875736022E-16,0.12894));
#5347=CARTESIAN_POINT('',(0.0619232899632297,5.96744875736022E-16,0.12894));
#5348=CARTESIAN_POINT('',(0.0326641449816146,0.030759144981615,0.12894));
#5349=CARTESIAN_POINT('',(0.0333966055537245,0.0726831470051616,0.12894));
#5350=CARTESIAN_POINT('',(0.0554171592058467,0.0659792924525142,0.12894));
#5351=CARTESIAN_POINT('',(0.0334324500935007,0.074734788575142,0.12894));
#5352=CARTESIAN_POINT('',(0.0330570695238152,0.0767521153683528,0.12894));
#5353=CARTESIAN_POINT('',(0.0441890141093735,0.0788235277514619,0.12894));
#5354=CARTESIAN_POINT('',(0.0535853230373829,0.0805719761487208,0.12894));
#5355=CARTESIAN_POINT('',(0.0548027798533487,0.0740292606946872,0.12894));
#5356=CARTESIAN_POINT('',(0.061296399251342,0.0754860495349784,0.12894));
#5357=CARTESIAN_POINT('',(0.107088603326979,0.0857591449816166,0.12894));
#5358=CARTESIAN_POINT('',(0.0626030780233374,0.0708092124526853,0.12894));
#5359=CARTESIAN_POINT('',(0.0591448201760731,0.0696470204558197,0.12894));
#5360=CARTESIAN_POINT('',(0.0613441610688184,0.0667361550839342,0.12894));
#5361=CARTESIAN_POINT('',(0.078690536463406,0.0798424268870552,0.12894));
#5362=CARTESIAN_POINT('',(0.0605942884084659,0.0661695793768632,0.12894));
#5363=CARTESIAN_POINT('',(0.0578696849976244,0.0697756386953167,0.12894));
#5364=CARTESIAN_POINT('',(0.0326641449816146,0.0307591449816152,0.12894));
#5365=CARTESIAN_POINT('',(-0.00733585501838541,0.0307591449816152,0.12894));
#5366=CARTESIAN_POINT('',(0.0202691705662012,0.0976341402816152,0.12894));
#5367=CARTESIAN_POINT('',(0.0232597048667421,0.0976341402816152,0.12894));
#5368=CARTESIAN_POINT('',(0.0172786362656603,0.0976341402816152,0.12894));
#5369=CARTESIAN_POINT('',(0.0232597048667421,0.0916246798821561,0.12894));
#5370=CARTESIAN_POINT('',(0.0292691652662012,0.0916246798821561,0.12894));
#5371=CARTESIAN_POINT('',(0.0292691652662012,0.0857591449816152,0.12894));
#5372=CARTESIAN_POINT('',(0.0292691652662012,0.0798936100810744,0.12894));
#5373=CARTESIAN_POINT('',(0.0232597048667421,0.0798936100810744,0.12894));
#5374=CARTESIAN_POINT('',(0.0232597048667421,0.0738841496816152,0.12894));
#5375=CARTESIAN_POINT('',(0.0202691705662012,0.0738841496816152,0.12894));
#5376=CARTESIAN_POINT('',(0.0172786362656603,0.0738841496816152,0.12894));
#5377=CARTESIAN_POINT('',(0.0172786362656603,0.0798936100810744,0.12894));
#5378=CARTESIAN_POINT('',(0.0112691758662012,0.0798936100810744,0.12894));
#5379=CARTESIAN_POINT('',(0.0112691758662012,0.0857591449816152,0.12894));
#5380=CARTESIAN_POINT('',(0.0112691758662012,0.0916246798821561,0.12894));
#5381=CARTESIAN_POINT('',(0.0172786362656603,0.0916246798821561,0.12894));
#5382=CARTESIAN_POINT('',(-0.0278533911823618,0.0635074536316671,0.12894));
#5383=CARTESIAN_POINT('',(-0.0298808287235813,0.0647010614059341,0.12894));
#5384=CARTESIAN_POINT('',(-0.0278533911823618,0.0611547525239322,0.12894));
#5385=CARTESIAN_POINT('',(-0.0261695606415931,0.07100494480647,0.12894));
#5386=CARTESIAN_POINT('',(-0.022458292559605,0.0773088282070059,0.12894));
#5387=CARTESIAN_POINT('',(-0.0204308550183854,0.0761152204327389,0.12894));
#5388=CARTESIAN_POINT('',(-0.0184034174771659,0.077308828207006,0.12894));
#5389=CARTESIAN_POINT('',(-0.0146921493951776,0.0710049448064701,0.12894));
#5390=CARTESIAN_POINT('',(-0.0109808813131894,0.0647010614059342,0.12894));
#5391=CARTESIAN_POINT('',(-0.0130083188544089,0.0635074536316671,0.12894));
#5392=CARTESIAN_POINT('',(-0.0130083188544089,0.0611547525239322,0.12894));
#5393=CARTESIAN_POINT('',(-0.0204308550183854,0.0611547525239322,0.12894));
#5394=CARTESIAN_POINT('',(-0.0278533911823619,0.108010836331563,0.12894));
#5395=CARTESIAN_POINT('',(-0.0278533911823619,0.110363537439298,0.12894));
#5396=CARTESIAN_POINT('',(-0.0298808287235814,0.106817228557296,0.12894));
#5397=CARTESIAN_POINT('',(-0.0204308550183854,0.110363537439298,0.12894));
#5398=CARTESIAN_POINT('',(-0.013008318854409,0.110363537439298,0.12894));
#5399=CARTESIAN_POINT('',(-0.0130083188544089,0.108010836331563,0.12894));
#5400=CARTESIAN_POINT('',(-0.0109808813131894,0.106817228557296,0.12894));
#5401=CARTESIAN_POINT('',(-0.0146921493951777,0.10051334515676,0.12894));
#5402=CARTESIAN_POINT('',(-0.0184034174771659,0.0942094617562244,0.12894));
#5403=CARTESIAN_POINT('',(-0.0204308550183854,0.0954030695304915,0.12894));
#5404=CARTESIAN_POINT('',(-0.022458292559605,0.0942094617562244,0.12894));
#5405=CARTESIAN_POINT('',(-0.0261695606415932,0.10051334515676,0.12894));
#5406=CARTESIAN_POINT('',(0.0288541449816146,0.140759144981615,0.1264));
#5407=CARTESIAN_POINT('',(-0.0366208550183855,0.113259144981615,0.1264));
#5408=CARTESIAN_POINT('',(-0.0351208550183855,0.113259144981615,0.1264));
#5409=CARTESIAN_POINT('',(-0.0042408550183854,0.113259144981615,0.1264));
#5410=CARTESIAN_POINT('',(-0.0027408550183854,0.113259144981615,0.1264));
#5411=CARTESIAN_POINT('',(0.0301578447139576,0.0895888512944411,0.1264));
#5412=CARTESIAN_POINT('',(-0.0434291882129126,0.0877140253316046,0.1264));
#5413=CARTESIAN_POINT('',(-0.028803492512112,0.0880866539447416,0.1264));
#5414=CARTESIAN_POINT('',(-0.0288634144040002,0.0904385918412877,0.1264));
#5415=CARTESIAN_POINT('',(-0.0268359768627806,0.0916321996155548,0.1264));
#5416=CARTESIAN_POINT('',(-0.0339800350793951,0.103766949520243,0.1264));
#5417=CARTESIAN_POINT('',(-0.0342585130267571,0.104239966416627,0.1264));
#5418=CARTESIAN_POINT('',(-0.0362859505679766,0.10304635864236,0.1264));
#5419=CARTESIAN_POINT('',(-0.0383431308898496,0.10418794158969,0.1264));
#5420=CARTESIAN_POINT('',(-0.00700595394346072,0.160658847981484,0.1264));
#5421=CARTESIAN_POINT('',(-0.0455462904266738,0.0912075461754811,0.1264));
#5422=CARTESIAN_POINT('',(-0.0434891101048008,0.0900659632281507,0.1264));
#5423=CARTESIAN_POINT('',(0.0184891459851123,0.146861302572647,0.1264));
#5424=CARTESIAN_POINT('',(-0.0298808287235813,0.0647010614059341,0.1264));
#5425=CARTESIAN_POINT('',(-0.022458292559605,0.0773088282070059,0.1264));
#5426=CARTESIAN_POINT('',(-0.0278533911823618,0.0635074536316671,0.1264));
#5427=CARTESIAN_POINT('',(-0.0278533911823618,0.0611547525239322,0.1264));
#5428=CARTESIAN_POINT('',(0.0288541449816147,0.0611547525239322,0.1264));
#5429=CARTESIAN_POINT('',(-0.0130083188544089,0.0611547525239322,0.1264));
#5430=CARTESIAN_POINT('',(-0.0130083188544089,0.0635074536316671,0.1264));
#5431=CARTESIAN_POINT('',(-0.0109808813131894,0.0647010614059342,0.1264));
#5432=CARTESIAN_POINT('',(-0.033980035079395,0.103766949520242,0.1264));
#5433=CARTESIAN_POINT('',(-0.0184034174771659,0.077308828207006,0.1264));
#5434=CARTESIAN_POINT('',(-0.0204308550183854,0.0761152204327389,0.1264));
#5435=CARTESIAN_POINT('',(-0.0223358550183855,0.208653399823976,0.1264));
#5436=CARTESIAN_POINT('',(-0.0412032246756239,0.176315404173566,0.1264));
#5437=CARTESIAN_POINT('',(-0.0242408550183854,0.171262296932127,0.1264));
#5438=CARTESIAN_POINT('',(-0.0242428550183855,0.171262296932127,0.1264));
#5439=CARTESIAN_POINT('',(-0.0166208550183854,0.171262296932127,0.1264));
#5440=CARTESIAN_POINT('',(-0.0185258550183855,0.208653399823976,0.1264));
#5441=CARTESIAN_POINT('',(0.000341514638853055,0.176315404173566,0.1264));
#5442=CARTESIAN_POINT('',(0.0089788922284992,0.181354819652952,0.1264));
#5443=CARTESIAN_POINT('',(0.00897889222849922,0.181354819652952,0.1264));
#5444=CARTESIAN_POINT('',(0.0326641449816146,0.140759144981615,0.1264));
#5445=CARTESIAN_POINT('',(0.0732598196529525,0.117073892228501,0.1264));
#5446=CARTESIAN_POINT('',(0.0682204041735647,0.108436514638852,0.1264));
#5447=CARTESIAN_POINT('',(0.068220404173565,0.108436514638852,0.1264));
#5448=CARTESIAN_POINT('',(0.107088603326974,0.0857591449816151,0.1264));
#5449=CARTESIAN_POINT('',(0.0682204041735654,0.0630817753243767,0.1264));
#5450=CARTESIAN_POINT('',(0.0732598196529516,0.0544443977347306,0.1264));
#5451=CARTESIAN_POINT('',(0.0732598196529517,0.0544443977347306,0.1264));
#5452=CARTESIAN_POINT('',(0.0326641449816146,0.0307591449816152,0.1264));
#5453=CARTESIAN_POINT('',(0.00897889222850046,-0.0098365296897227,0.1264));
#5454=CARTESIAN_POINT('',(0.000341514638851,-0.00479711421033489,0.1264));
#5455=CARTESIAN_POINT('',(0.000341514638851504,-0.00479711421033517,0.1264));
#5456=CARTESIAN_POINT('',(-0.0185258550183854,-0.037135109860745,0.1264));
#5457=CARTESIAN_POINT('',(-0.0166208550183854,0.000255993031102804,0.1264));
#5458=CARTESIAN_POINT('',(-0.0242428550183855,0.000255993031102804,0.1264));
#5459=CARTESIAN_POINT('',(-0.0242408550183855,0.000255993031102797,0.1264));
#5460=CARTESIAN_POINT('',(-0.0223358550183854,-0.037135109860745,0.1264));
#5461=CARTESIAN_POINT('',(-0.0412032246756223,-0.00479711421033519,0.1264));
#5462=CARTESIAN_POINT('',(-0.0455219134704468,-0.00731682195002894,0.1264));
#5463=CARTESIAN_POINT('',(-0.0498406022652713,-0.0098365296897227,0.1264));
#5464=CARTESIAN_POINT('',(-0.0735258550183855,0.0307591449816152,0.1264));
#5465=CARTESIAN_POINT('',(-0.114121529689723,0.0544443977347306,0.1264));
#5466=CARTESIAN_POINT('',(-0.111601821950029,0.0587630865295537,0.1264));
#5467=CARTESIAN_POINT('',(-0.109082114210336,0.0630817753243768,0.1264));
#5468=CARTESIAN_POINT('',(-0.147950313363744,0.0857591449816151,0.1264));
#5469=CARTESIAN_POINT('',(-0.109082114210336,0.108436514638852,0.1264));
#5470=CARTESIAN_POINT('',(-0.111601821950029,0.112755203433676,0.1264));
#5471=CARTESIAN_POINT('',(-0.114121529689723,0.117073892228501,0.1264));
#5472=CARTESIAN_POINT('',(-0.0735258550183855,0.140759144981615,0.1264));
#5473=CARTESIAN_POINT('',(-0.0498406022652701,0.181354819652952,0.1264));
#5474=CARTESIAN_POINT('',(-0.045521913470447,0.178835111913259,0.1264));
#5475=CARTESIAN_POINT('',(-0.0805847429965268,0.0857577629359538,0.1264));
#5476=CARTESIAN_POINT('',(-0.0791877429965268,0.0857577629359538,0.1264));
#5477=CARTESIAN_POINT('',(-0.0582604286555776,0.0857577629359538,0.1264));
#5478=CARTESIAN_POINT('',(-0.0568634286555776,0.0857577629359538,0.1264));
#5479=CARTESIAN_POINT('',(0.0288541449816144,0.0976327629359535,0.1264));
#5480=CARTESIAN_POINT('',(-0.0629225858260521,0.0976327629359538,0.1264));
#5481=CARTESIAN_POINT('',(-0.0662517470537288,0.0976306925584145,0.1264));
#5482=CARTESIAN_POINT('',(-0.0665092621186028,0.0916246798821561,0.1264));
#5483=CARTESIAN_POINT('',(-0.0665092621186028,0.0976341402816152,0.1264));
#5484=CARTESIAN_POINT('',(-0.0694997964191437,0.0976341402816152,0.1264));
#5485=CARTESIAN_POINT('',(-0.0724903307196846,0.0976341402816152,0.1264));
#5486=CARTESIAN_POINT('',(-0.0724903307196846,0.0916246798821561,0.1264));
#5487=CARTESIAN_POINT('',(-0.0726516614995121,0.0976323686485261,0.1264));
#5488=CARTESIAN_POINT('',(0.0288541449816144,0.0976327629359534,0.1264));
#5489=CARTESIAN_POINT('',(-0.0759225858260524,0.0976327629359539,0.1264));
#5490=CARTESIAN_POINT('',(-0.0759225858260522,0.0951327629359538,0.1264));
#5491=CARTESIAN_POINT('',(-0.0784225858260522,0.0951327629359539,0.1264));
#5492=CARTESIAN_POINT('',(-0.0784225858260521,0.140759144981615,0.1264));
#5493=CARTESIAN_POINT('',(-0.0784225858260522,0.0925848692622485,0.1264));
#5494=CARTESIAN_POINT('',(-0.0724903307196846,0.0916246798821561,0.1264));
#5495=CARTESIAN_POINT('',(-0.0784997911191437,0.0916246798821561,0.1264));
#5496=CARTESIAN_POINT('',(-0.0784997911191437,0.0857591449816152,0.1264));
#5497=CARTESIAN_POINT('',(-0.0784997911191437,0.0798936100810743,0.1264));
#5498=CARTESIAN_POINT('',(-0.0724903307196846,0.0798936100810743,0.1264));
#5499=CARTESIAN_POINT('',(-0.0784225858260522,0.078933420700982,0.1264));
#5500=CARTESIAN_POINT('',(-0.0784225858260521,0.140759144981615,0.1264));
#5501=CARTESIAN_POINT('',(-0.0784225858260523,0.0763827629359537,0.1264));
#5502=CARTESIAN_POINT('',(-0.0759225858260523,0.0763827629359537,0.1264));
#5503=CARTESIAN_POINT('',(-0.0759225858260523,0.0738827629359537,0.1264));
#5504=CARTESIAN_POINT('',(0.0288541449816145,0.0738827629359535,0.1264));
#5505=CARTESIAN_POINT('',(-0.0724903307196846,0.0738834563087845,0.1264));
#5506=CARTESIAN_POINT('',(-0.0694997964191437,0.0738841496816152,0.1264));
#5507=CARTESIAN_POINT('',(-0.0665092621186028,0.0738834563087845,0.1264));
#5508=CARTESIAN_POINT('',(0.0288541449816145,0.0738827629359535,0.1264));
#5509=CARTESIAN_POINT('',(-0.0629225858260522,0.0738827629359537,0.1264));
#5510=CARTESIAN_POINT('',(-0.0629225858260522,0.0763827629359537,0.1264));
#5511=CARTESIAN_POINT('',(-0.0604225858260522,0.0763827629359537,0.1264));
#5512=CARTESIAN_POINT('',(-0.060422585826052,0.140759144981615,0.1264));
#5513=CARTESIAN_POINT('',(-0.0604225858260521,0.0951327629359538,0.1264));
#5514=CARTESIAN_POINT('',(-0.0629225858260521,0.0951327629359538,0.1264));
#5515=CARTESIAN_POINT('',(-0.0735258550183855,0.0307591449816152,0.1264));
#5516=CARTESIAN_POINT('',(-0.0335258550183855,0.0307591449816152,0.1264));
#5517=CARTESIAN_POINT('',(-0.0264614857529137,0.119906491861659,0.1264));
#5518=CARTESIAN_POINT('',(-0.0264614857529137,0.118066861127131,0.1264));
#5519=CARTESIAN_POINT('',(-0.0246218550183854,0.119906491861659,0.1264));
#5520=CARTESIAN_POINT('',(-0.0246218550183854,0.140759144981615,0.1264));
#5521=CARTESIAN_POINT('',(-0.0246218550183854,0.162981392352387,0.1264));
#5522=CARTESIAN_POINT('',(-0.0264614857529137,0.162981392352387,0.1264));
#5523=CARTESIAN_POINT('',(-0.0264614857529137,0.164821023086915,0.1264));
#5524=CARTESIAN_POINT('',(0.0288541449816146,0.164821023086915,0.1264));
#5525=CARTESIAN_POINT('',(-0.0353169570862737,0.164821023086915,0.1264));
#5526=CARTESIAN_POINT('',(-0.0353169570862737,0.163605010442239,0.1264));
#5527=CARTESIAN_POINT('',(-0.0363606358190914,0.162980974021288,0.1264));
#5528=CARTESIAN_POINT('',(-0.0735258550183854,0.140759144981615,0.1264));
#5529=CARTESIAN_POINT('',(-0.0355958415585419,0.119869499629525,0.1264));
#5530=CARTESIAN_POINT('',(-0.0345306857694356,0.119282873771807,0.1264));
#5531=CARTESIAN_POINT('',(-0.0345306857694356,0.118066861127131,0.1264));
#5532=CARTESIAN_POINT('',(0.0288541449816146,0.118066861127131,0.1264));
#5533=CARTESIAN_POINT('',(0.0288541449816146,0.0534514288360991,0.1264));
#5534=CARTESIAN_POINT('',(-0.0264614857529137,0.0534514288360991,0.1264));
#5535=CARTESIAN_POINT('',(-0.0345306857694356,0.053451428836099,0.1264));
#5536=CARTESIAN_POINT('',(-0.0345306857694357,0.0522354161914236,0.1264));
#5537=CARTESIAN_POINT('',(-0.035595841558542,0.051648790333705,0.1264));
#5538=CARTESIAN_POINT('',(-0.0735258550183855,0.0307591449816152,0.1264));
#5539=CARTESIAN_POINT('',(-0.0363606358190915,0.00853731594194274,0.1264));
#5540=CARTESIAN_POINT('',(-0.0353169570862737,0.00791327952099085,0.1264));
#5541=CARTESIAN_POINT('',(-0.0353169570862737,0.00669726687631536,0.1264));
#5542=CARTESIAN_POINT('',(0.0288541449816145,0.00669726687631533,0.1264));
#5543=CARTESIAN_POINT('',(-0.0264614857529137,0.00669726687631536,0.1264));
#5544=CARTESIAN_POINT('',(-0.0264614857529137,0.00853689761084365,0.1264));
#5545=CARTESIAN_POINT('',(-0.0246218550183855,0.00853689761084366,0.1264));
#5546=CARTESIAN_POINT('',(-0.0246218550183855,0.140759144981615,0.1264));
#5547=CARTESIAN_POINT('',(-0.0246218550183855,0.0516117981015707,0.1264));
#5548=CARTESIAN_POINT('',(-0.0264614857529137,0.0516117981015708,0.1264));
#5549=CARTESIAN_POINT('',(0.0336865879791653,0.114789189360866,0.1264));
#5550=CARTESIAN_POINT('',(-0.0820161127710482,0.0932594372810686,0.1264));
#5551=CARTESIAN_POINT('',(-0.0944470330741538,0.0909463138145095,0.1264));
#5552=CARTESIAN_POINT('',(-0.0826522464141859,0.0965846242267367,0.1264));
#5553=CARTESIAN_POINT('',(-0.0809021009734724,0.0994826451327901,0.1264));
#5554=CARTESIAN_POINT('',(-0.0735258550183855,0.140759144981615,0.1264));
#5555=CARTESIAN_POINT('',(-0.0962788692426176,0.105538997510716,0.1264));
#5556=CARTESIAN_POINT('',(-0.0987313950343953,0.101742651267914,0.1264));
#5557=CARTESIAN_POINT('',(-0.101455998445237,0.105348710586367,0.1264));
#5558=CARTESIAN_POINT('',(-0.0014703448082767,0.180894127030403,0.1264));
#5559=CARTESIAN_POINT('',(-0.102205871105589,0.104782134879296,0.1264));
#5560=CARTESIAN_POINT('',(-0.100006530212844,0.10187126950741,0.1264));
#5561=CARTESIAN_POINT('',(-0.103464788060108,0.100709077510545,0.1264));
#5562=CARTESIAN_POINT('',(-0.147950313363752,0.0857591449816133,0.1264));
#5563=CARTESIAN_POINT('',(-0.102158109288113,0.0960322404282519,0.1264));
#5564=CARTESIAN_POINT('',(-0.0956644898901196,0.0974890292685431,0.1264));
#5565=CARTESIAN_POINT('',(-0.0427667100367704,0.17151828996323,0.1264));
#5566=CARTESIAN_POINT('',(-0.0412667100367704,0.17151828996323,0.1264));
#5567=CARTESIAN_POINT('',(-0.104285,0.11,0.1264));
#5568=CARTESIAN_POINT('',(-0.102785,0.11,0.1264));
#5569=CARTESIAN_POINT('',(-0.104285,5.9011414410082E-16,0.1264));
#5570=CARTESIAN_POINT('',(-0.102785,5.9011414410082E-16,0.1264));
#5571=CARTESIAN_POINT('',(-0.0427667100367709,-1.58416727187114E-18,0.1264));
#5572=CARTESIAN_POINT('',(-0.0412667100367709,-1.58416727187114E-18,0.1264));
#5573=CARTESIAN_POINT('',(-0.104285,0.0615182899632302,0.1264));
#5574=CARTESIAN_POINT('',(-0.102785,0.0615182899632302,0.1264));
#5575=CARTESIAN_POINT('',(-0.104285,0.171518289963231,0.1264));
#5576=CARTESIAN_POINT('',(-0.102785,0.171518289963231,0.1264));
#5577=CARTESIAN_POINT('',(-0.0987313950343953,0.0697756386953167,0.1264));
#5578=CARTESIAN_POINT('',(-0.101455998445237,0.0661695793768632,0.1264));
#5579=CARTESIAN_POINT('',(-0.0962788692426176,0.0659792924525143,0.1264));
#5580=CARTESIAN_POINT('',(-0.0735258550183855,0.0307591449816149,0.1264));
#5581=CARTESIAN_POINT('',(-0.0809021009734724,0.0720356448304401,0.1264));
#5582=CARTESIAN_POINT('',(-0.0826522464141859,0.0749336657364935,0.1264));
#5583=CARTESIAN_POINT('',(-0.0820161127710482,0.0782588526821616,0.1264));
#5584=CARTESIAN_POINT('',(0.0139029932684071,0.0604103966015762,0.1264));
#5585=CARTESIAN_POINT('',(-0.0944470330741538,0.0805719761487208,0.1264));
#5586=CARTESIAN_POINT('',(-0.0956644898901196,0.0740292606946873,0.1264));
#5587=CARTESIAN_POINT('',(-0.102158109288113,0.0754860495349784,0.1264));
#5588=CARTESIAN_POINT('',(-0.147950313363753,0.0857591449816175,0.1264));
#5589=CARTESIAN_POINT('',(-0.103464788060108,0.0708092124526853,0.1264));
#5590=CARTESIAN_POINT('',(-0.100006530212844,0.0696470204558198,0.1264));
#5591=CARTESIAN_POINT('',(-0.102205871105589,0.0667361550839343,0.1264));
#5592=CARTESIAN_POINT('',(-0.0543783694032991,0.0305994854503439,0.1264));
#5593=CARTESIAN_POINT('',(-0.0866547845557467,0.0885662870085092,0.1264));
#5594=CARTESIAN_POINT('',(-0.0856451326637593,0.0885662870085092,0.1264));
#5595=CARTESIAN_POINT('',(-0.087108389547216,0.089468306661681,0.1264));
#5596=CARTESIAN_POINT('',(0.0260348616768974,0.146365452223688,0.1264));
#5597=CARTESIAN_POINT('',(-0.0937848541217357,0.0861108657836246,0.1264));
#5598=CARTESIAN_POINT('',(-0.0936079817987946,0.0857591449816152,0.1264));
#5599=CARTESIAN_POINT('',(-0.0937848541217357,0.0854074241796057,0.1264));
#5600=CARTESIAN_POINT('',(-0.0181164065688521,0.0473554977209998,0.1264));
#5601=CARTESIAN_POINT('',(-0.0871083895472159,0.0820499833015493,0.1264));
#5602=CARTESIAN_POINT('',(-0.0866547845557468,0.0829520029547212,0.1264));
#5603=CARTESIAN_POINT('',(-0.0856451326637593,0.0829520029547212,0.1264));
#5604=CARTESIAN_POINT('',(-0.0856451326637593,0.140759144981615,0.1264));
#5605=CARTESIAN_POINT('',(-0.0735258550183855,0.140759144981615,0.1264));
#5606=CARTESIAN_POINT('',(-0.0335258550183855,0.140759144981615,0.1264));
#5607=CARTESIAN_POINT('',(-0.0144002242838571,0.0516117981015707,0.1264));
#5608=CARTESIAN_POINT('',(-0.0144002242838571,0.053451428836099,0.1264));
#5609=CARTESIAN_POINT('',(-0.0162398550183854,0.0516117981015707,0.1264));
#5610=CARTESIAN_POINT('',(-0.0162398550183854,0.140759144981615,0.1264));
#5611=CARTESIAN_POINT('',(-0.0162398550183854,0.00853689761084366,0.1264));
#5612=CARTESIAN_POINT('',(-0.0144002242838571,0.00853689761084365,0.1264));
#5613=CARTESIAN_POINT('',(-0.0144002242838571,0.00669726687631535,0.1264));
#5614=CARTESIAN_POINT('',(0.0326641449816146,0.00669726687631536,0.1264));
#5615=CARTESIAN_POINT('',(-0.00554475295049721,0.00669726687631535,0.1264));
#5616=CARTESIAN_POINT('',(-0.00554475295049721,0.00791327952099084,0.1264));
#5617=CARTESIAN_POINT('',(-0.00450107421767938,0.00853731594194273,0.1264));
#5618=CARTESIAN_POINT('',(0.0326641449816146,0.0307591449816152,0.1264));
#5619=CARTESIAN_POINT('',(-0.00526586847822895,0.051648790333705,0.1264));
#5620=CARTESIAN_POINT('',(-0.00633102426733524,0.0522354161914235,0.1264));
#5621=CARTESIAN_POINT('',(-0.00633102426733525,0.053451428836099,0.1264));
#5622=CARTESIAN_POINT('',(0.0326641449816146,0.053451428836099,0.1264));
#5623=CARTESIAN_POINT('',(0.0326641449816146,0.140759144981615,0.1264));
#5624=CARTESIAN_POINT('',(-0.00526586847822894,0.119869499629525,0.1264));
#5625=CARTESIAN_POINT('',(-0.00450107421767936,0.162980974021288,0.1264));
#5626=CARTESIAN_POINT('',(-0.00554475295049716,0.163605010442239,0.1264));
#5627=CARTESIAN_POINT('',(-0.00554475295049719,0.164821023086915,0.1264));
#5628=CARTESIAN_POINT('',(0.0326641449816146,0.164821023086915,0.1264));
#5629=CARTESIAN_POINT('',(-0.0144002242838571,0.164821023086915,0.1264));
#5630=CARTESIAN_POINT('',(-0.0144002242838571,0.162981392352387,0.1264));
#5631=CARTESIAN_POINT('',(-0.0162398550183854,0.162981392352387,0.1264));
#5632=CARTESIAN_POINT('',(-0.0162398550183854,0.140759144981615,0.1264));
#5633=CARTESIAN_POINT('',(-0.0162398550183854,0.119906491861659,0.1264));
#5634=CARTESIAN_POINT('',(-0.0144002242838571,0.119906491861659,0.1264));
#5635=CARTESIAN_POINT('',(-0.0144002242838571,0.118066861127131,0.1264));
#5636=CARTESIAN_POINT('',(0.0326641449816146,0.118066861127131,0.1264));
#5637=CARTESIAN_POINT('',(-0.00633102426733524,0.118066861127131,0.1264));
#5638=CARTESIAN_POINT('',(-0.00633102426733523,0.119282873771807,0.1264));
#5639=CARTESIAN_POINT('',(0.0019050000000001,0.,0.1264));
#5640=CARTESIAN_POINT('',(0.0004050000000001,0.,0.1264));
#5641=CARTESIAN_POINT('',(0.0634232899632298,0.11,0.1264));
#5642=CARTESIAN_POINT('',(0.0634232899632298,0.1085,0.1264));
#5643=CARTESIAN_POINT('',(0.0257825118683848,0.131651185593692,0.1264));
#5644=CARTESIAN_POINT('',(0.0613441610688184,0.104782134879296,0.1264));
#5645=CARTESIAN_POINT('',(0.0605942884084659,0.105348710586367,0.1264));
#5646=CARTESIAN_POINT('',(0.0578696849976244,0.101742651267914,0.1264));
#5647=CARTESIAN_POINT('',(0.0554171592058467,0.105538997510716,0.1264));
#5648=CARTESIAN_POINT('',(0.0326641449816147,0.140759144981615,0.1264));
#5649=CARTESIAN_POINT('',(0.0333966055537245,0.0988351429580687,0.1264));
#5650=CARTESIAN_POINT('',(0.0334324500935007,0.0967835013880882,0.1264));
#5651=CARTESIAN_POINT('',(0.0330570695238152,0.0947661745948771,0.1264));
#5652=CARTESIAN_POINT('',(0.0244054193986152,0.0963760582109807,0.1264));
#5653=CARTESIAN_POINT('',(0.0535853230373829,0.0909463138145094,0.1264));
#5654=CARTESIAN_POINT('',(0.0548027798533487,0.097489029268543,0.1264));
#5655=CARTESIAN_POINT('',(0.061296399251342,0.0960322404282518,0.1264));
#5656=CARTESIAN_POINT('',(0.107088603326977,0.0857591449816141,0.1264));
#5657=CARTESIAN_POINT('',(0.0626030780233375,0.100709077510545,0.1264));
#5658=CARTESIAN_POINT('',(0.0591448201760731,0.10187126950741,0.1264));
#5659=CARTESIAN_POINT('',(0.0326641449816146,0.140759144981615,0.1264));
#5660=CARTESIAN_POINT('',(0.0326641449816146,0.100759144981615,0.1264));
#5661=CARTESIAN_POINT('',(0.0019049999999996,0.17151828996323,0.1264));
#5662=CARTESIAN_POINT('',(0.0019049999999996,0.17001828996323,0.1264));
#5663=CARTESIAN_POINT('',(0.0634232899632292,0.171518289963231,0.1264));
#5664=CARTESIAN_POINT('',(0.0634232899632292,0.170018289963231,0.1264));
#5665=CARTESIAN_POINT('',(0.0634232899632291,0.0615182899632302,0.1264));
#5666=CARTESIAN_POINT('',(0.0619232899632291,0.0615182899632302,0.1264));
#5667=CARTESIAN_POINT('',(0.0634232899632297,5.96744875736022E-16,0.1264));
#5668=CARTESIAN_POINT('',(0.0619232899632297,5.96744875736022E-16,0.1264));
#5669=CARTESIAN_POINT('',(0.0326641449816146,0.030759144981615,0.1264));
#5670=CARTESIAN_POINT('',(0.0333966055537245,0.0726831470051616,0.1264));
#5671=CARTESIAN_POINT('',(0.0554171592058467,0.0659792924525142,0.1264));
#5672=CARTESIAN_POINT('',(0.0578696849976244,0.0697756386953167,0.1264));
#5673=CARTESIAN_POINT('',(0.0605942884084659,0.0661695793768632,0.1264));
#5674=CARTESIAN_POINT('',(0.078690536463406,0.0798424268870552,0.1264));
#5675=CARTESIAN_POINT('',(0.0613441610688184,0.0667361550839342,0.1264));
#5676=CARTESIAN_POINT('',(0.0591448201760731,0.0696470204558197,0.1264));
#5677=CARTESIAN_POINT('',(0.0626030780233374,0.0708092124526853,0.1264));
#5678=CARTESIAN_POINT('',(0.107088603326979,0.0857591449816166,0.1264));
#5679=CARTESIAN_POINT('',(0.061296399251342,0.0754860495349784,0.1264));
#5680=CARTESIAN_POINT('',(0.0548027798533487,0.0740292606946872,0.1264));
#5681=CARTESIAN_POINT('',(0.0535853230373829,0.0805719761487208,0.1264));
#5682=CARTESIAN_POINT('',(0.0441890141093735,0.0788235277514619,0.1264));
#5683=CARTESIAN_POINT('',(0.0330570695238152,0.0767521153683528,0.1264));
#5684=CARTESIAN_POINT('',(0.0334324500935007,0.074734788575142,0.1264));
#5685=CARTESIAN_POINT('',(0.0326641449816146,0.0307591449816152,0.1264));
#5686=CARTESIAN_POINT('',(-0.00733585501838541,0.0307591449816152,0.1264));
#5687=CARTESIAN_POINT('',(0.0202691705662012,0.0976341402816152,0.1264));
#5688=CARTESIAN_POINT('',(0.0232597048667421,0.0976341402816152,0.1264));
#5689=CARTESIAN_POINT('',(0.0172786362656603,0.0976341402816152,0.1264));
#5690=CARTESIAN_POINT('',(0.0172786362656603,0.0916246798821561,0.1264));
#5691=CARTESIAN_POINT('',(0.0112691758662012,0.0916246798821561,0.1264));
#5692=CARTESIAN_POINT('',(0.0112691758662012,0.0857591449816152,0.1264));
#5693=CARTESIAN_POINT('',(0.0112691758662012,0.0798936100810744,0.1264));
#5694=CARTESIAN_POINT('',(0.0172786362656603,0.0798936100810744,0.1264));
#5695=CARTESIAN_POINT('',(0.0172786362656603,0.0738841496816152,0.1264));
#5696=CARTESIAN_POINT('',(0.0202691705662012,0.0738841496816152,0.1264));
#5697=CARTESIAN_POINT('',(0.0232597048667421,0.0738841496816152,0.1264));
#5698=CARTESIAN_POINT('',(0.0232597048667421,0.0798936100810744,0.1264));
#5699=CARTESIAN_POINT('',(0.0292691652662012,0.0798936100810744,0.1264));
#5700=CARTESIAN_POINT('',(0.0292691652662012,0.0857591449816152,0.1264));
#5701=CARTESIAN_POINT('',(0.0292691652662012,0.0916246798821561,0.1264));
#5702=CARTESIAN_POINT('',(0.0232597048667421,0.0916246798821561,0.1264));
#5703=CARTESIAN_POINT('',(-0.0042408550183854,0.0582591449816152,0.1264));
#5704=CARTESIAN_POINT('',(-0.0027408550183854,0.0582591449816152,0.1264));
#5705=CARTESIAN_POINT('',(-0.0366208550183855,0.0582591449816152,0.1264));
#5706=CARTESIAN_POINT('',(-0.0351208550183855,0.0582591449816152,0.1264));
#5707=CARTESIAN_POINT('',(-0.0106483721024515,0.11883816926533,0.1264));
#5708=CARTESIAN_POINT('',(0.00468458038990297,0.0912075461754811,0.1264));
#5709=CARTESIAN_POINT('',(-0.0025185791469212,0.10418794158969,0.1264));
#5710=CARTESIAN_POINT('',(-0.00457575946879421,0.10304635864236,0.1264));
#5711=CARTESIAN_POINT('',(-0.00660319701001372,0.104239966416627,0.1264));
#5712=CARTESIAN_POINT('',(0.0184891459851124,0.146861302572647,0.1264));
#5713=CARTESIAN_POINT('',(-0.0140257331739902,0.0916321996155548,0.1264));
#5714=CARTESIAN_POINT('',(-0.0119982956327707,0.0904385918412877,0.1264));
#5715=CARTESIAN_POINT('',(-0.012058217524659,0.0880866539447417,0.1264));
#5716=CARTESIAN_POINT('',(0.0274865038293822,0.0870791466796863,0.1264));
#5717=CARTESIAN_POINT('',(0.0025674781761417,0.0877140253316047,0.1264));
#5718=CARTESIAN_POINT('',(0.00262740006803,0.0900659632281508,0.1264));
#5719=CARTESIAN_POINT('',(-0.0204308550183854,0.0857591449816152,0.1264));
#5720=CARTESIAN_POINT('',(-0.0178908550183854,0.0857591449816152,0.1264));
#5721=CARTESIAN_POINT('',(0.03028722927955,0.084510499235536,0.1264));
#5722=CARTESIAN_POINT('',(0.00256747817614168,0.0838042646316258,0.1264));
#5723=CARTESIAN_POINT('',(-0.012058217524659,0.0834316360184887,0.1264));
#5724=CARTESIAN_POINT('',(-0.0119982956327707,0.0810796981219426,0.1264));
#5725=CARTESIAN_POINT('',(-0.0140257331739902,0.0798860903476756,0.1264));
#5726=CARTESIAN_POINT('',(-0.0296023507762193,0.106344211660912,0.1264));
#5727=CARTESIAN_POINT('',(-0.00660319701001369,0.0672783235466038,0.1264));
#5728=CARTESIAN_POINT('',(-0.00457575946879416,0.0684719313208709,0.1264));
#5729=CARTESIAN_POINT('',(-0.00251857914692117,0.0673303483735405,0.1264));
#5730=CARTESIAN_POINT('',(0.0360217573362918,0.136781650179543,0.1264));
#5731=CARTESIAN_POINT('',(0.00468458038990296,0.0803107437877493,0.1264));
#5732=CARTESIAN_POINT('',(0.00262740006802997,0.0814523267350797,0.1264));
#5733=CARTESIAN_POINT('',(-0.0434891101048008,0.0814523267350797,0.1264));
#5734=CARTESIAN_POINT('',(-0.0434291882129126,0.0838042646316258,0.1264));
#5735=CARTESIAN_POINT('',(-0.0455462904266738,0.0803107437877493,0.1264));
#5736=CARTESIAN_POINT('',(-0.0536760833822042,0.0949609714633896,0.1264));
#5737=CARTESIAN_POINT('',(-0.0383431308898497,0.0673303483735405,0.1264));
#5738=CARTESIAN_POINT('',(-0.0362859505679767,0.0684719313208709,0.1264));
#5739=CARTESIAN_POINT('',(-0.0342585130267572,0.0672783235466037,0.1264));
#5740=CARTESIAN_POINT('',(0.0141114616819369,0.149438564713316,0.1264));
#5741=CARTESIAN_POINT('',(-0.0268359768627807,0.0798860903476755,0.1264));
#5742=CARTESIAN_POINT('',(-0.0288634144040002,0.0810796981219426,0.1264));
#5743=CARTESIAN_POINT('',(-0.0288034925121119,0.0834316360184887,0.1264));
#5744=CARTESIAN_POINT('',(0.0273571192637898,0.0820007946207809,0.1264));
#5745=CARTESIAN_POINT('',(0.0288541449816146,0.110363537439298,0.1264));
#5746=CARTESIAN_POINT('',(-0.0278533911823619,0.110363537439298,0.1264));
#5747=CARTESIAN_POINT('',(-0.013008318854409,0.110363537439298,0.1264));
#5748=CARTESIAN_POINT('',(-0.0278533911823619,0.108010836331563,0.1264));
#5749=CARTESIAN_POINT('',(-0.0298808287235814,0.106817228557296,0.1264));
#5750=CARTESIAN_POINT('',(-0.0296023507762193,0.106344211660912,0.1264));
#5751=CARTESIAN_POINT('',(-0.022458292559605,0.0942094617562244,0.1264));
#5752=CARTESIAN_POINT('',(-0.0204308550183854,0.0954030695304915,0.1264));
#5753=CARTESIAN_POINT('',(-0.0184034174771659,0.0942094617562244,0.1264));
#5754=CARTESIAN_POINT('',(0.0141114616819367,0.149438564713316,0.1264));
#5755=CARTESIAN_POINT('',(-0.0109808813131894,0.106817228557296,0.1264));
#5756=CARTESIAN_POINT('',(-0.0130083188544089,0.108010836331563,0.1264));
#5757=CARTESIAN_POINT('',(-0.0866547845557467,0.0885662870085092,0.12894));
#5758=CARTESIAN_POINT('',(-0.0856451326637593,0.0885662870085092,0.12894));
#5759=CARTESIAN_POINT('',(-0.087108389547216,0.089468306661681,0.12894));
#5760=CARTESIAN_POINT('',(-0.0856451326637593,0.140759144981615,0.12894));
#5761=CARTESIAN_POINT('',(-0.0856451326637593,0.0829520029547212,0.12894));
#5762=CARTESIAN_POINT('',(-0.0866547845557468,0.0829520029547212,0.12894));
#5763=CARTESIAN_POINT('',(-0.0871083895472159,0.0820499833015493,0.12894));
#5764=CARTESIAN_POINT('',(-0.0181164065688521,0.0473554977209998,0.12894));
#5765=CARTESIAN_POINT('',(-0.0937848541217357,0.0854074241796057,0.12894));
#5766=CARTESIAN_POINT('',(-0.0936079817987946,0.0857591449816152,0.12894));
#5767=CARTESIAN_POINT('',(-0.0937848541217357,0.0861108657836246,0.12894));
#5768=CARTESIAN_POINT('',(-0.0987313950343953,0.0697756386953167,0.12894));
#5769=CARTESIAN_POINT('',(-0.101455998445237,0.0661695793768632,0.12894));
#5770=CARTESIAN_POINT('',(-0.0962788692426176,0.0659792924525143,0.12894));
#5771=CARTESIAN_POINT('',(-0.0543783694032991,0.0305994854503439,0.12894));
#5772=CARTESIAN_POINT('',(-0.102205871105589,0.0667361550839343,0.12894));
#5773=CARTESIAN_POINT('',(-0.100006530212844,0.0696470204558198,0.12894));
#5774=CARTESIAN_POINT('',(-0.103464788060108,0.0708092124526853,0.12894));
#5775=CARTESIAN_POINT('',(-0.147950313363753,0.0857591449816175,0.12894));
#5776=CARTESIAN_POINT('',(-0.102158109288113,0.0754860495349784,0.12894));
#5777=CARTESIAN_POINT('',(-0.0956644898901196,0.0740292606946873,0.12894));
#5778=CARTESIAN_POINT('',(-0.0944470330741538,0.0805719761487208,0.12894));
#5779=CARTESIAN_POINT('',(0.0139029932684071,0.0604103966015762,0.12894));
#5780=CARTESIAN_POINT('',(-0.0820161127710482,0.0782588526821616,0.12894));
#5781=CARTESIAN_POINT('',(-0.0826522464141859,0.0749336657364935,0.12894));
#5782=CARTESIAN_POINT('',(-0.0809021009734724,0.0720356448304401,0.12894));
#5783=CARTESIAN_POINT('',(0.0336865879791653,0.114789189360866,0.12894));
#5784=CARTESIAN_POINT('',(-0.0944470330741538,0.0909463138145095,0.12894));
#5785=CARTESIAN_POINT('',(-0.0820161127710482,0.0932594372810686,0.12894));
#5786=CARTESIAN_POINT('',(-0.0956644898901196,0.0974890292685431,0.12894));
#5787=CARTESIAN_POINT('',(-0.102158109288113,0.0960322404282519,0.12894));
#5788=CARTESIAN_POINT('',(-0.147950313363752,0.0857591449816133,0.12894));
#5789=CARTESIAN_POINT('',(-0.103464788060108,0.100709077510545,0.12894));
#5790=CARTESIAN_POINT('',(-0.100006530212844,0.10187126950741,0.12894));
#5791=CARTESIAN_POINT('',(-0.102205871105589,0.104782134879296,0.12894));
#5792=CARTESIAN_POINT('',(-0.0014703448082767,0.180894127030403,0.12894));
#5793=CARTESIAN_POINT('',(-0.101455998445237,0.105348710586367,0.12894));
#5794=CARTESIAN_POINT('',(-0.0987313950343953,0.101742651267914,0.12894));
#5795=CARTESIAN_POINT('',(-0.0962788692426176,0.105538997510716,0.12894));
#5796=CARTESIAN_POINT('',(-0.0735258550183855,0.140759144981615,0.12894));
#5797=CARTESIAN_POINT('',(-0.0809021009734724,0.0994826451327901,0.12894));
#5798=CARTESIAN_POINT('',(0.0288541449816146,0.0534514288360991,0.12894));
#5799=CARTESIAN_POINT('',(-0.0264614857529137,0.0534514288360991,0.12894));
#5800=CARTESIAN_POINT('',(-0.0345306857694356,0.053451428836099,0.12894));
#5801=CARTESIAN_POINT('',(-0.0264614857529137,0.0516117981015708,0.12894));
#5802=CARTESIAN_POINT('',(-0.0246218550183855,0.0516117981015707,0.12894));
#5803=CARTESIAN_POINT('',(-0.0246218550183855,0.140759144981615,0.12894));
#5804=CARTESIAN_POINT('',(-0.0246218550183855,0.00853689761084366,0.12894));
#5805=CARTESIAN_POINT('',(-0.0264614857529137,0.00853689761084365,0.12894));
#5806=CARTESIAN_POINT('',(-0.0264614857529137,0.00669726687631536,0.12894));
#5807=CARTESIAN_POINT('',(0.0288541449816145,0.00669726687631533,0.12894));
#5808=CARTESIAN_POINT('',(-0.0353169570862737,0.00669726687631536,0.12894));
#5809=CARTESIAN_POINT('',(-0.0353169570862737,0.00791327952099085,0.12894));
#5810=CARTESIAN_POINT('',(-0.0363606358190915,0.00853731594194274,0.12894));
#5811=CARTESIAN_POINT('',(-0.0735258550183855,0.0307591449816152,0.12894));
#5812=CARTESIAN_POINT('',(-0.035595841558542,0.051648790333705,0.12894));
#5813=CARTESIAN_POINT('',(-0.0264614857529137,0.119906491861659,0.12894));
#5814=CARTESIAN_POINT('',(-0.0264614857529137,0.118066861127131,0.12894));
#5815=CARTESIAN_POINT('',(-0.0246218550183854,0.119906491861659,0.12894));
#5816=CARTESIAN_POINT('',(0.0288541449816146,0.118066861127131,0.12894));
#5817=CARTESIAN_POINT('',(-0.0345306857694356,0.118066861127131,0.12894));
#5818=CARTESIAN_POINT('',(-0.0345306857694356,0.119282873771807,0.12894));
#5819=CARTESIAN_POINT('',(-0.0355958415585419,0.119869499629525,0.12894));
#5820=CARTESIAN_POINT('',(-0.0735258550183854,0.140759144981615,0.12894));
#5821=CARTESIAN_POINT('',(-0.0363606358190914,0.162980974021288,0.12894));
#5822=CARTESIAN_POINT('',(-0.0353169570862737,0.163605010442239,0.12894));
#5823=CARTESIAN_POINT('',(-0.0353169570862737,0.164821023086915,0.12894));
#5824=CARTESIAN_POINT('',(0.0288541449816146,0.164821023086915,0.12894));
#5825=CARTESIAN_POINT('',(-0.0264614857529137,0.164821023086915,0.12894));
#5826=CARTESIAN_POINT('',(-0.0264614857529137,0.162981392352387,0.12894));
#5827=CARTESIAN_POINT('',(-0.0246218550183854,0.162981392352387,0.12894));
#5828=CARTESIAN_POINT('',(0.0288541449816144,0.0976327629359535,0.12894));
#5829=CARTESIAN_POINT('',(-0.0629225858260521,0.0976327629359538,0.12894));
#5830=CARTESIAN_POINT('',(-0.0662517470537288,0.0976306925584145,0.12894));
#5831=CARTESIAN_POINT('',(-0.0629225858260521,0.0951327629359538,0.12894));
#5832=CARTESIAN_POINT('',(-0.0604225858260521,0.0951327629359538,0.12894));
#5833=CARTESIAN_POINT('',(-0.060422585826052,0.140759144981615,0.12894));
#5834=CARTESIAN_POINT('',(-0.0604225858260522,0.0763827629359537,0.12894));
#5835=CARTESIAN_POINT('',(-0.0629225858260522,0.0763827629359537,0.12894));
#5836=CARTESIAN_POINT('',(-0.0629225858260522,0.0738827629359537,0.12894));
#5837=CARTESIAN_POINT('',(0.0288541449816145,0.0738827629359535,0.12894));
#5838=CARTESIAN_POINT('',(-0.0665092621186028,0.0738834563087845,0.12894));
#5839=CARTESIAN_POINT('',(-0.0694997964191437,0.0738841496816152,0.12894));
#5840=CARTESIAN_POINT('',(-0.0724903307196846,0.0738834563087845,0.12894));
#5841=CARTESIAN_POINT('',(0.0288541449816145,0.0738827629359535,0.12894));
#5842=CARTESIAN_POINT('',(-0.0759225858260523,0.0738827629359537,0.12894));
#5843=CARTESIAN_POINT('',(-0.0759225858260523,0.0763827629359537,0.12894));
#5844=CARTESIAN_POINT('',(-0.0784225858260523,0.0763827629359537,0.12894));
#5845=CARTESIAN_POINT('',(-0.0784225858260521,0.140759144981615,0.12894));
#5846=CARTESIAN_POINT('',(-0.0784225858260522,0.078933420700982,0.12894));
#5847=CARTESIAN_POINT('',(-0.0724903307196846,0.0798936100810743,0.12894));
#5848=CARTESIAN_POINT('',(-0.0784997911191437,0.0798936100810743,0.12894));
#5849=CARTESIAN_POINT('',(-0.0784997911191437,0.0857591449816152,0.12894));
#5850=CARTESIAN_POINT('',(-0.0784997911191437,0.0916246798821561,0.12894));
#5851=CARTESIAN_POINT('',(-0.0724903307196846,0.0916246798821561,0.12894));
#5852=CARTESIAN_POINT('',(-0.0784225858260522,0.0925848692622485,0.12894));
#5853=CARTESIAN_POINT('',(-0.0784225858260521,0.140759144981615,0.12894));
#5854=CARTESIAN_POINT('',(-0.0784225858260522,0.0951327629359539,0.12894));
#5855=CARTESIAN_POINT('',(-0.0759225858260522,0.0951327629359538,0.12894));
#5856=CARTESIAN_POINT('',(-0.0759225858260524,0.0976327629359539,0.12894));
#5857=CARTESIAN_POINT('',(0.0288541449816144,0.0976327629359534,0.12894));
#5858=CARTESIAN_POINT('',(-0.0726516614995121,0.0976323686485261,0.12894));
#5859=CARTESIAN_POINT('',(-0.0724903307196846,0.0916246798821561,0.12894));
#5860=CARTESIAN_POINT('',(-0.0724903307196846,0.0976341402816152,0.12894));
#5861=CARTESIAN_POINT('',(-0.0694997964191437,0.0976341402816152,0.12894));
#5862=CARTESIAN_POINT('',(-0.0665092621186028,0.0976341402816152,0.12894));
#5863=CARTESIAN_POINT('',(-0.0223358550183854,-0.037135109860745,0.12894));
#5864=CARTESIAN_POINT('',(-0.0242408550183854,0.000255993031102804,0.10354));
#5865=CARTESIAN_POINT('',(-0.0412032246756223,-0.00479711421033519,0.12894));
#5866=CARTESIAN_POINT('',(-0.0223358550183855,0.208653399823976,0.12894));
#5867=CARTESIAN_POINT('',(-0.0242408550183854,0.171262296932127,0.10354));
#5868=CARTESIAN_POINT('',(-0.0412032246756239,0.176315404173566,0.12894));
#5869=CARTESIAN_POINT('',(-0.045521913470447,0.178835111913259,0.12894));
#5870=CARTESIAN_POINT('',(-0.0498406022652701,0.181354819652952,0.12894));
#5871=CARTESIAN_POINT('',(-0.0735258550183855,0.140759144981615,0.12894));
#5872=CARTESIAN_POINT('',(-0.114121529689723,0.117073892228501,0.12894));
#5873=CARTESIAN_POINT('',(-0.111601821950029,0.112755203433676,0.12894));
#5874=CARTESIAN_POINT('',(-0.109082114210336,0.108436514638852,0.12894));
#5875=CARTESIAN_POINT('',(-0.147950313363744,0.0857591449816151,0.12894));
#5876=CARTESIAN_POINT('',(-0.109082114210336,0.0630817753243768,0.12894));
#5877=CARTESIAN_POINT('',(-0.111601821950029,0.0587630865295537,0.12894));
#5878=CARTESIAN_POINT('',(-0.114121529689723,0.0544443977347306,0.12894));
#5879=CARTESIAN_POINT('',(-0.0735258550183855,0.0307591449816152,0.12894));
#5880=CARTESIAN_POINT('',(-0.0498406022652713,-0.0098365296897227,0.12894));
#5881=CARTESIAN_POINT('',(-0.0735258550183855,0.140759144981615,0.12894));
#5882=CARTESIAN_POINT('',(0.0260348616768974,0.146365452223688,0.12894));
#5883=CARTESIAN_POINT('',(-0.0735258550183855,0.0307591449816149,0.12894));
#5884=CARTESIAN_POINT('',(-0.104285,0.171518289963231,0.12894));
#5885=CARTESIAN_POINT('',(-0.104285,0.0615182899632302,0.12894));
#5886=CARTESIAN_POINT('',(-0.0427667100367709,-1.58416727187114E-18,0.12894));
#5887=CARTESIAN_POINT('',(-0.104285,5.9011414410082E-16,0.12894));
#5888=CARTESIAN_POINT('',(-0.104285,0.11,0.12894));
#5889=CARTESIAN_POINT('',(-0.0427667100367704,0.17151828996323,0.12894));
#5890=CARTESIAN_POINT('',(-0.0826522464141859,0.0965846242267367,0.12894));
#5891=CARTESIAN_POINT('',(-0.0345306857694357,0.0522354161914236,0.12894));
#5892=CARTESIAN_POINT('',(-0.0246218550183854,0.140759144981615,0.12894));
#5893=CARTESIAN_POINT('',(-0.0735258550183855,0.0307591449816152,0.12894));
#5894=CARTESIAN_POINT('',(-0.0665092621186028,0.0916246798821561,0.12894));
#5895=CARTESIAN_POINT('',(-0.0582604286555776,0.0857577629359538,0.12894));
#5896=CARTESIAN_POINT('',(-0.0805847429965268,0.0857577629359538,0.12894));
#5897=CARTESIAN_POINT('',(-0.0455219134704468,-0.00731682195002894,0.12894));
#5898=CARTESIAN_POINT('',(0.000341514638851,-0.00479711421033489,0.12894));
#5899=CARTESIAN_POINT('',(0.00897889222850046,-0.0098365296897227,0.12894));
#5900=CARTESIAN_POINT('',(0.000341514638851504,-0.00479711421033517,0.12894));
#5901=CARTESIAN_POINT('',(0.0326641449816146,0.0307591449816152,0.12894));
#5902=CARTESIAN_POINT('',(0.0732598196529517,0.0544443977347306,0.12894));
#5903=CARTESIAN_POINT('',(0.0732598196529516,0.0544443977347306,0.12894));
#5904=CARTESIAN_POINT('',(0.0682204041735654,0.0630817753243767,0.12894));
#5905=CARTESIAN_POINT('',(0.107088603326974,0.0857591449816151,0.12894));
#5906=CARTESIAN_POINT('',(0.068220404173565,0.108436514638852,0.12894));
#5907=CARTESIAN_POINT('',(0.0682204041735647,0.108436514638852,0.12894));
#5908=CARTESIAN_POINT('',(0.0732598196529525,0.117073892228501,0.12894));
#5909=CARTESIAN_POINT('',(0.0326641449816146,0.140759144981615,0.12894));
#5910=CARTESIAN_POINT('',(0.00897889222849922,0.181354819652952,0.12894));
#5911=CARTESIAN_POINT('',(0.0089788922284992,0.181354819652952,0.12894));
#5912=CARTESIAN_POINT('',(0.000341514638853055,0.176315404173566,0.12894));
#5913=CARTESIAN_POINT('',(0.0232597048667421,0.0916246798821561,0.12894));
#5914=CARTESIAN_POINT('',(0.0292691652662012,0.0916246798821561,0.12894));
#5915=CARTESIAN_POINT('',(0.0232597048667421,0.0976341402816152,0.12894));
#5916=CARTESIAN_POINT('',(0.0292691652662012,0.0857591449816152,0.12894));
#5917=CARTESIAN_POINT('',(0.0292691652662012,0.0798936100810744,0.12894));
#5918=CARTESIAN_POINT('',(0.0232597048667421,0.0798936100810744,0.12894));
#5919=CARTESIAN_POINT('',(0.0232597048667421,0.0738841496816152,0.12894));
#5920=CARTESIAN_POINT('',(0.0202691705662012,0.0738841496816152,0.12894));
#5921=CARTESIAN_POINT('',(0.0172786362656603,0.0738841496816152,0.12894));
#5922=CARTESIAN_POINT('',(0.0172786362656603,0.0798936100810744,0.12894));
#5923=CARTESIAN_POINT('',(0.0112691758662012,0.0798936100810744,0.12894));
#5924=CARTESIAN_POINT('',(0.0112691758662012,0.0857591449816152,0.12894));
#5925=CARTESIAN_POINT('',(0.0112691758662012,0.0916246798821561,0.12894));
#5926=CARTESIAN_POINT('',(0.0172786362656603,0.0916246798821561,0.12894));
#5927=CARTESIAN_POINT('',(0.0172786362656603,0.0976341402816152,0.12894));
#5928=CARTESIAN_POINT('',(0.0202691705662012,0.0976341402816152,0.12894));
#5929=CARTESIAN_POINT('',(0.0326641449816146,0.0307591449816152,0.12894));
#5930=CARTESIAN_POINT('',(0.0334324500935007,0.074734788575142,0.12894));
#5931=CARTESIAN_POINT('',(0.0330570695238152,0.0767521153683528,0.12894));
#5932=CARTESIAN_POINT('',(0.0333966055537245,0.0726831470051616,0.12894));
#5933=CARTESIAN_POINT('',(0.0441890141093735,0.0788235277514619,0.12894));
#5934=CARTESIAN_POINT('',(0.0535853230373829,0.0805719761487208,0.12894));
#5935=CARTESIAN_POINT('',(0.0548027798533487,0.0740292606946872,0.12894));
#5936=CARTESIAN_POINT('',(0.061296399251342,0.0754860495349784,0.12894));
#5937=CARTESIAN_POINT('',(0.107088603326979,0.0857591449816166,0.12894));
#5938=CARTESIAN_POINT('',(0.0626030780233374,0.0708092124526853,0.12894));
#5939=CARTESIAN_POINT('',(0.0591448201760731,0.0696470204558197,0.12894));
#5940=CARTESIAN_POINT('',(0.0613441610688184,0.0667361550839342,0.12894));
#5941=CARTESIAN_POINT('',(0.078690536463406,0.0798424268870552,0.12894));
#5942=CARTESIAN_POINT('',(0.0605942884084659,0.0661695793768632,0.12894));
#5943=CARTESIAN_POINT('',(0.0578696849976244,0.0697756386953167,0.12894));
#5944=CARTESIAN_POINT('',(0.0554171592058467,0.0659792924525142,0.12894));
#5945=CARTESIAN_POINT('',(0.0326641449816146,0.030759144981615,0.12894));
#5946=CARTESIAN_POINT('',(0.0634232899632297,5.96744875736022E-16,0.12894));
#5947=CARTESIAN_POINT('',(0.0634232899632291,0.0615182899632302,0.12894));
#5948=CARTESIAN_POINT('',(0.0634232899632292,0.171518289963231,0.12894));
#5949=CARTESIAN_POINT('',(0.0019049999999996,0.17151828996323,0.12894));
#5950=CARTESIAN_POINT('',(0.0326641449816146,0.140759144981615,0.12894));
#5951=CARTESIAN_POINT('',(0.0591448201760731,0.10187126950741,0.12894));
#5952=CARTESIAN_POINT('',(0.0626030780233375,0.100709077510545,0.12894));
#5953=CARTESIAN_POINT('',(0.0613441610688184,0.104782134879296,0.12894));
#5954=CARTESIAN_POINT('',(0.107088603326977,0.0857591449816141,0.12894));
#5955=CARTESIAN_POINT('',(0.061296399251342,0.0960322404282518,0.12894));
#5956=CARTESIAN_POINT('',(0.0548027798533487,0.097489029268543,0.12894));
#5957=CARTESIAN_POINT('',(0.0535853230373829,0.0909463138145094,0.12894));
#5958=CARTESIAN_POINT('',(0.0244054193986152,0.0963760582109807,0.12894));
#5959=CARTESIAN_POINT('',(0.0330570695238152,0.0947661745948771,0.12894));
#5960=CARTESIAN_POINT('',(0.0334324500935007,0.0967835013880882,0.12894));
#5961=CARTESIAN_POINT('',(0.0333966055537245,0.0988351429580687,0.12894));
#5962=CARTESIAN_POINT('',(0.0326641449816147,0.140759144981615,0.12894));
#5963=CARTESIAN_POINT('',(0.0554171592058467,0.105538997510716,0.12894));
#5964=CARTESIAN_POINT('',(0.0578696849976244,0.101742651267914,0.12894));
#5965=CARTESIAN_POINT('',(0.0605942884084659,0.105348710586367,0.12894));
#5966=CARTESIAN_POINT('',(0.0257825118683848,0.131651185593692,0.12894));
#5967=CARTESIAN_POINT('',(0.0634232899632298,0.11,0.12894));
#5968=CARTESIAN_POINT('',(0.0019050000000001,0.,0.12894));
#5969=CARTESIAN_POINT('',(-0.00633102426733523,0.119282873771807,0.12894));
#5970=CARTESIAN_POINT('',(-0.00633102426733524,0.118066861127131,0.12894));
#5971=CARTESIAN_POINT('',(-0.00526586847822894,0.119869499629525,0.12894));
#5972=CARTESIAN_POINT('',(0.0326641449816146,0.118066861127131,0.12894));
#5973=CARTESIAN_POINT('',(-0.0144002242838571,0.118066861127131,0.12894));
#5974=CARTESIAN_POINT('',(-0.0144002242838571,0.119906491861659,0.12894));
#5975=CARTESIAN_POINT('',(-0.0162398550183854,0.119906491861659,0.12894));
#5976=CARTESIAN_POINT('',(-0.0162398550183854,0.140759144981615,0.12894));
#5977=CARTESIAN_POINT('',(-0.0162398550183854,0.162981392352387,0.12894));
#5978=CARTESIAN_POINT('',(-0.0144002242838571,0.162981392352387,0.12894));
#5979=CARTESIAN_POINT('',(-0.0144002242838571,0.164821023086915,0.12894));
#5980=CARTESIAN_POINT('',(0.0326641449816146,0.164821023086915,0.12894));
#5981=CARTESIAN_POINT('',(-0.00554475295049719,0.164821023086915,0.12894));
#5982=CARTESIAN_POINT('',(-0.00554475295049716,0.163605010442239,0.12894));
#5983=CARTESIAN_POINT('',(-0.00450107421767936,0.162980974021288,0.12894));
#5984=CARTESIAN_POINT('',(0.0326641449816146,0.140759144981615,0.12894));
#5985=CARTESIAN_POINT('',(0.0326641449816146,0.053451428836099,0.12894));
#5986=CARTESIAN_POINT('',(-0.00633102426733525,0.053451428836099,0.12894));
#5987=CARTESIAN_POINT('',(-0.0144002242838571,0.053451428836099,0.12894));
#5988=CARTESIAN_POINT('',(-0.00633102426733524,0.0522354161914235,0.12894));
#5989=CARTESIAN_POINT('',(-0.00526586847822895,0.051648790333705,0.12894));
#5990=CARTESIAN_POINT('',(0.0326641449816146,0.0307591449816152,0.12894));
#5991=CARTESIAN_POINT('',(-0.00450107421767938,0.00853731594194273,0.12894));
#5992=CARTESIAN_POINT('',(-0.00554475295049721,0.00791327952099084,0.12894));
#5993=CARTESIAN_POINT('',(-0.00554475295049721,0.00669726687631535,0.12894));
#5994=CARTESIAN_POINT('',(0.0326641449816146,0.00669726687631536,0.12894));
#5995=CARTESIAN_POINT('',(-0.0144002242838571,0.00669726687631535,0.12894));
#5996=CARTESIAN_POINT('',(-0.0144002242838571,0.00853689761084365,0.12894));
#5997=CARTESIAN_POINT('',(-0.0162398550183854,0.00853689761084366,0.12894));
#5998=CARTESIAN_POINT('',(-0.0162398550183854,0.140759144981615,0.12894));
#5999=CARTESIAN_POINT('',(-0.0162398550183854,0.0516117981015707,0.12894));
#6000=CARTESIAN_POINT('',(-0.0144002242838571,0.0516117981015707,0.12894));
#6001=CARTESIAN_POINT('',(-0.0185258550183855,0.208653399823976,0.12894));
#6002=CARTESIAN_POINT('',(-0.0166208550183854,0.171262296932127,0.10354));
#6003=CARTESIAN_POINT('',(-0.0185258550183854,-0.037135109860745,0.12894));
#6004=CARTESIAN_POINT('',(-0.0166208550183854,0.000255993031102804,0.10354));
#6005=CARTESIAN_POINT('',(-0.0242428550183855,0.000255993031102804,0.10354));
#6006=CARTESIAN_POINT('',(-0.0242428550183855,0.171262296932127,0.10354));
#6007=CARTESIAN_POINT('',(-0.0261695606415931,0.07100494480647,0.10354));
#6008=CARTESIAN_POINT('',(-0.022458292559605,0.0773088282070059,0.10354));
#6009=CARTESIAN_POINT('',(-0.0298808287235813,0.0647010614059341,0.10354));
#6010=CARTESIAN_POINT('',(-0.0278533911823618,0.0635074536316671,0.10354));
#6011=CARTESIAN_POINT('',(-0.0278533911823618,0.0611547525239322,0.10354));
#6012=CARTESIAN_POINT('',(-0.0204308550183854,0.0611547525239322,0.10354));
#6013=CARTESIAN_POINT('',(-0.0130083188544089,0.0611547525239322,0.10354));
#6014=CARTESIAN_POINT('',(-0.0130083188544089,0.0635074536316671,0.10354));
#6015=CARTESIAN_POINT('',(-0.0109808813131894,0.0647010614059342,0.10354));
#6016=CARTESIAN_POINT('',(-0.0146921493951776,0.0710049448064701,0.10354));
#6017=CARTESIAN_POINT('',(-0.0184034174771659,0.077308828207006,0.10354));
#6018=CARTESIAN_POINT('',(-0.0204308550183854,0.0761152204327389,0.10354));
#6019=CARTESIAN_POINT('',(-0.0042408550183854,0.0582591449816152,0.10354));
#6020=CARTESIAN_POINT('',(-0.0366208550183855,0.0582591449816152,0.10354));
#6021=CARTESIAN_POINT('',(-0.00457575946879421,0.10304635864236,0.10354));
#6022=CARTESIAN_POINT('',(-0.0025185791469212,0.10418794158969,0.10354));
#6023=CARTESIAN_POINT('',(-0.00660319701001372,0.104239966416627,0.10354));
#6024=CARTESIAN_POINT('',(-0.010314465092002,0.0979360830160907,0.10354));
#6025=CARTESIAN_POINT('',(-0.0140257331739902,0.0916321996155548,0.10354));
#6026=CARTESIAN_POINT('',(-0.0119982956327707,0.0904385918412877,0.10354));
#6027=CARTESIAN_POINT('',(-0.012058217524659,0.0880866539447417,0.10354));
#6028=CARTESIAN_POINT('',(-0.00474536967425863,0.0879003396381732,0.10354));
#6029=CARTESIAN_POINT('',(0.0025674781761417,0.0877140253316047,0.10354));
#6030=CARTESIAN_POINT('',(0.00262740006803,0.0900659632281508,0.10354));
#6031=CARTESIAN_POINT('',(0.00468458038990297,0.0912075461754811,0.10354));
#6032=CARTESIAN_POINT('',(0.00108300062149088,0.0976977438825855,0.10354));
#6033=CARTESIAN_POINT('',(-0.0204308550183854,0.0857591449816152,0.10354));
#6034=CARTESIAN_POINT('',(-0.0119982956327707,0.0810796981219426,0.10354));
#6035=CARTESIAN_POINT('',(-0.0120582175246589,0.0834316360184887,0.10354));
#6036=CARTESIAN_POINT('',(-0.0140257331739902,0.0798860903476756,0.10354));
#6037=CARTESIAN_POINT('',(-0.0103144650920019,0.0735822069471397,0.10354));
#6038=CARTESIAN_POINT('',(-0.00660319701001369,0.0672783235466038,0.10354));
#6039=CARTESIAN_POINT('',(-0.00457575946879416,0.0684719313208709,0.10354));
#6040=CARTESIAN_POINT('',(-0.00251857914692117,0.0673303483735405,0.10354));
#6041=CARTESIAN_POINT('',(0.0010830006214909,0.0738205460806449,0.10354));
#6042=CARTESIAN_POINT('',(0.00468458038990296,0.0803107437877493,0.10354));
#6043=CARTESIAN_POINT('',(0.00262740006802997,0.0814523267350797,0.10354));
#6044=CARTESIAN_POINT('',(0.00256747817614168,0.0838042646316258,0.10354));
#6045=CARTESIAN_POINT('',(-0.00474536967425864,0.0836179503250572,0.10354));
#6046=CARTESIAN_POINT('',(-0.0419447106582617,0.0738205460806449,0.10354));
#6047=CARTESIAN_POINT('',(-0.0455462904266738,0.0803107437877493,0.10354));
#6048=CARTESIAN_POINT('',(-0.0383431308898497,0.0673303483735405,0.10354));
#6049=CARTESIAN_POINT('',(-0.0362859505679767,0.0684719313208709,0.10354));
#6050=CARTESIAN_POINT('',(-0.0342585130267572,0.0672783235466037,0.10354));
#6051=CARTESIAN_POINT('',(-0.030547244944769,0.0735822069471396,0.10354));
#6052=CARTESIAN_POINT('',(-0.0268359768627807,0.0798860903476755,0.10354));
#6053=CARTESIAN_POINT('',(-0.0288634144040002,0.0810796981219426,0.10354));
#6054=CARTESIAN_POINT('',(-0.0288034925121119,0.0834316360184887,0.10354));
#6055=CARTESIAN_POINT('',(-0.0361163403625122,0.0836179503250572,0.10354));
#6056=CARTESIAN_POINT('',(-0.0434291882129126,0.0838042646316258,0.10354));
#6057=CARTESIAN_POINT('',(-0.0434891101048008,0.0814523267350797,0.10354));
#6058=CARTESIAN_POINT('',(-0.0204308550183854,0.110363537439298,0.10354));
#6059=CARTESIAN_POINT('',(-0.013008318854409,0.110363537439298,0.10354));
#6060=CARTESIAN_POINT('',(-0.0278533911823619,0.110363537439298,0.10354));
#6061=CARTESIAN_POINT('',(-0.0278533911823619,0.108010836331563,0.10354));
#6062=CARTESIAN_POINT('',(-0.0298808287235814,0.106817228557296,0.10354));
#6063=CARTESIAN_POINT('',(-0.0261695606415932,0.10051334515676,0.10354));
#6064=CARTESIAN_POINT('',(-0.022458292559605,0.0942094617562244,0.10354));
#6065=CARTESIAN_POINT('',(-0.0204308550183854,0.0954030695304915,0.10354));
#6066=CARTESIAN_POINT('',(-0.0184034174771659,0.0942094617562244,0.10354));
#6067=CARTESIAN_POINT('',(-0.0146921493951777,0.10051334515676,0.10354));
#6068=CARTESIAN_POINT('',(-0.0109808813131894,0.106817228557296,0.10354));
#6069=CARTESIAN_POINT('',(-0.0130083188544089,0.108010836331563,0.10354));
#6070=CARTESIAN_POINT('',(-0.0288634144040002,0.0904385918412877,0.10354));
#6071=CARTESIAN_POINT('',(-0.028803492512112,0.0880866539447416,0.10354));
#6072=CARTESIAN_POINT('',(-0.0268359768627806,0.0916321996155548,0.10354));
#6073=CARTESIAN_POINT('',(-0.0305472449447689,0.0979360830160907,0.10354));
#6074=CARTESIAN_POINT('',(-0.0342585130267571,0.104239966416627,0.10354));
#6075=CARTESIAN_POINT('',(-0.0362859505679766,0.10304635864236,0.10354));
#6076=CARTESIAN_POINT('',(-0.0383431308898496,0.10418794158969,0.10354));
#6077=CARTESIAN_POINT('',(-0.0419447106582617,0.0976977438825855,0.10354));
#6078=CARTESIAN_POINT('',(-0.0455462904266738,0.0912075461754811,0.10354));
#6079=CARTESIAN_POINT('',(-0.0434891101048008,0.0900659632281507,0.10354));
#6080=CARTESIAN_POINT('',(-0.0434291882129126,0.0877140253316046,0.10354));
#6081=CARTESIAN_POINT('',(-0.0361163403625123,0.0879003396381731,0.10354));
#6082=CARTESIAN_POINT('',(-0.0042408550183854,0.113259144981615,0.10354));
#6083=CARTESIAN_POINT('',(-0.0366208550183855,0.113259144981615,0.10354));
#6084=MECHANICAL_DESIGN_GEOMETRIC_PRESENTATION_REPRESENTATION('',(#3567),#6085);
#6085=(
GEOMETRIC_REPRESENTATION_CONTEXT(3)
GLOBAL_UNCERTAINTY_ASSIGNED_CONTEXT((#6086))
GLOBAL_UNIT_ASSIGNED_CONTEXT((#6089,#6088,#6087))
REPRESENTATION_CONTEXT('Part 11','TOP_LEVEL_ASSEMBLY_PART')
);
#6086=UNCERTAINTY_MEASURE_WITH_UNIT(LENGTH_MEASURE(4.34170522505788E-06),#6089,'DISTANCE_ACCURACY_VALUE','Maximum Tolerance applied to model');
#6087=(
NAMED_UNIT(*)
SI_UNIT($,.STERADIAN.)
SOLID_ANGLE_UNIT()
);
#6088=(
NAMED_UNIT(*)
PLANE_ANGLE_UNIT()
SI_UNIT($,.RADIAN.)
);
#6089=(
LENGTH_UNIT()
NAMED_UNIT(*)
SI_UNIT($,.METRE.)
);
#6090=PRODUCT_DEFINITION_SHAPE('','',#6091);
#6091=PRODUCT_DEFINITION('','',#6093,#6092);
#6092=PRODUCT_DEFINITION_CONTEXT('',#6099,'design');
#6093=PRODUCT_DEFINITION_FORMATION_WITH_SPECIFIED_SOURCE('','',#6095,.NOT_KNOWN.);
#6094=PRODUCT_RELATED_PRODUCT_CATEGORY('','',(#6095));
#6095=PRODUCT('Part 11','Part 11','Part 11',(#6097));
#6096=PRODUCT_CATEGORY('','');
#6097=PRODUCT_CONTEXT('',#6099,'mechanical');
#6098=APPLICATION_PROTOCOL_DEFINITION('international standard','ap242_managed_model_based_3d_engineering',2020,#6099);
#6099=APPLICATION_CONTEXT('managed model based 3d engineering');
ENDSEC;
END-ISO-10303-21;
