ISO-10303-21;
HEADER;
/* Generated by software containing ST-Developer
 * from STEP Tools, Inc. (www.steptools.com) 
 */
/* OPTION: using custom renumber hook */

FILE_DESCRIPTION(
/* description */ ('STEP AP242 Edition 2',
'CAx-IF Rec.Pracs.---Representation and Presentation of Product Manufa
cturing Information (PMI)---4.0---2014-10-13',
'CAx-IF Rec.Pracs.---3D Tessellated Geometry---0.4---2014-09-14','2;1',
'CAx-IF Rec.Pracs.---User Defined Attributes---1.5---2016-08-15'),
/* implementation_level */ '2;1');

FILE_NAME(
/* name */ 'DEXI+Assembled parts - DEXI Assembled v16 - Part 2',
/* time_stamp */ '2026-05-07T17:02:58Z',
/* author */ (''),
/* organization */ (''),
/* preprocessor_version */ 'ST-DEVELOPER v20',
/* originating_system */ 'ONSHAPE BY PTC INC, 1.214',
/* authorisation */ '  ');

FILE_SCHEMA (('AP242_MANAGED_MODEL_BASED_3D_ENGINEERING_MIM_LF { 1 0 10303 442 3 1 4 }'));
ENDSEC;

DATA;
#10=SHAPE_REPRESENTATION_RELATIONSHIP('','',#1208,#11);
#11=ADVANCED_BREP_SHAPE_REPRESENTATION('',(#1206),#2273);
#12=B_SPLINE_SURFACE_WITH_KNOTS('',3,1,((#2061,#2062),(#2063,#2064),(#2065,
#2066),(#2067,#2068),(#2069,#2070)),.SURF_OF_LINEAR_EXTRUSION.,.F.,.F.,
 .F.,(4,1,4),(2,2),(4.57047077206716E-14,0.785398163397471,1.5707963267949),
(0.,1.),.UNSPECIFIED.);
#13=B_SPLINE_SURFACE_WITH_KNOTS('',3,1,((#2080,#2081),(#2082,#2083),(#2084,
#2085),(#2086,#2087),(#2088,#2089)),.SURF_OF_LINEAR_EXTRUSION.,.F.,.F.,
 .F.,(4,1,4),(2,2),(4.71238898038469,5.49778714378209,6.28318530717948),
(0.,1.),.UNSPECIFIED.);
#14=B_SPLINE_SURFACE_WITH_KNOTS('',3,1,((#2097,#2098),(#2099,#2100),(#2101,
#2102),(#2103,#2104),(#2105,#2106)),.SURF_OF_LINEAR_EXTRUSION.,.F.,.F.,
 .F.,(4,1,4),(2,2),(3.14159265358975,3.92699081698692,4.7123889803841),
(0.,1.),.UNSPECIFIED.);
#15=B_SPLINE_SURFACE_WITH_KNOTS('',3,1,((#2114,#2115),(#2116,#2117),(#2118,
#2119),(#2120,#2121),(#2122,#2123)),.SURF_OF_LINEAR_EXTRUSION.,.F.,.F.,
 .F.,(4,1,4),(2,2),(1.5707963267949,2.3561944901924,3.1415926535899),(0.,
1.),.UNSPECIFIED.);
#16=(
BOUNDED_SURFACE()
B_SPLINE_SURFACE(3,2,((#1894,#1895,#1896),(#1897,#1898,#1899),(#1900,#1901,
#1902),(#1903,#1904,#1905),(#1906,#1907,#1908)),.UNSPECIFIED.,.F.,.F.,.F.)
B_SPLINE_SURFACE_WITH_KNOTS((4,1,4),(3,3),(0.,0.785398163397448,1.5707963267949),
(0.,1.),.UNSPECIFIED.)
GEOMETRIC_REPRESENTATION_ITEM()
RATIONAL_B_SPLINE_SURFACE(((1.,0.707290970390562,1.),(1.,0.707290975136059,
1.),(1.,0.707251063565997,1.),(1.,0.707155008088392,1.),(1.,0.707106781186548,
1.)))
REPRESENTATION_ITEM('')
SURFACE()
);
#17=(
BOUNDED_SURFACE()
B_SPLINE_SURFACE(3,2,((#1928,#1929,#1930),(#1931,#1932,#1933),(#1934,#1935,
#1936),(#1937,#1938,#1939),(#1940,#1941,#1942)),.UNSPECIFIED.,.F.,.F.,.F.)
B_SPLINE_SURFACE_WITH_KNOTS((4,1,4),(3,3),(3.13216787562902,3.92227842800686,
4.71238898038469),(0.,1.),.UNSPECIFIED.)
GEOMETRIC_REPRESENTATION_ITEM()
RATIONAL_B_SPLINE_SURFACE(((1.,0.707290962211252,1.),(1.,0.707291419340378,
1.),(1.,0.70725192131639,1.),(1.,0.707155297449803,1.),(1.,0.707106781186548,
1.)))
REPRESENTATION_ITEM('')
SURFACE()
);
#18=(
BOUNDED_SURFACE()
B_SPLINE_SURFACE(3,2,((#2172,#2173,#2174),(#2175,#2176,#2177),(#2178,#2179,
#2180),(#2181,#2182,#2183),(#2184,#2185,#2186),(#2187,#2188,#2189),(#2190,
#2191,#2192)),.UNSPECIFIED.,.F.,.F.,.F.)
B_SPLINE_SURFACE_WITH_KNOTS((4,1,1,1,4),(3,3),(1.92740704770416,2.23095344917557,
2.53449985064698,2.83804625211839,3.14159265358979),(0.,1.),
 .UNSPECIFIED.)
GEOMETRIC_REPRESENTATION_ITEM()
RATIONAL_B_SPLINE_SURFACE(((1.,0.969053417004953,1.),(1.,0.951974693812504,
1.),(1.,0.904607228690854,1.),(1.,0.812467868220216,1.),(1.,0.729996520557214,
1.),(1.,0.707106781187689,1.),(1.,0.707106781186548,1.)))
REPRESENTATION_ITEM('')
SURFACE()
);
#19=(
BOUNDED_SURFACE()
B_SPLINE_SURFACE(3,2,((#2197,#2198,#2199),(#2200,#2201,#2202),(#2203,#2204,
#2205),(#2206,#2207,#2208),(#2209,#2210,#2211),(#2212,#2213,#2214),(#2215,
#2216,#2217)),.UNSPECIFIED.,.F.,.F.,.F.)
B_SPLINE_SURFACE_WITH_KNOTS((4,1,1,1,4),(3,3),(1.92740704770416,2.23095344917557,
2.53449985064698,2.83804625211839,3.14159265358979),(0.,1.),
 .UNSPECIFIED.)
GEOMETRIC_REPRESENTATION_ITEM()
RATIONAL_B_SPLINE_SURFACE(((1.,0.969053417004953,1.),(1.,0.951974693812543,
1.),(1.,0.904607228690845,1.),(1.,0.812467868220185,1.),(1.,0.729996520557344,
1.),(1.,0.707106781187403,1.),(1.,0.707106781186547,1.)))
REPRESENTATION_ITEM('')
SURFACE()
);
#20=(
BOUNDED_SURFACE()
B_SPLINE_SURFACE(3,2,((#2218,#2219,#2220),(#2221,#2222,#2223),(#2224,#2225,
#2226),(#2227,#2228,#2229)),.UNSPECIFIED.,.F.,.F.,.F.)
B_SPLINE_SURFACE_WITH_KNOTS((4,4),(3,3),(-3.02763456666577E-17,0.000602089059839565),
(0.,0.284023288989759),.PIECEWISE_BEZIER_KNOTS.)
GEOMETRIC_REPRESENTATION_ITEM()
RATIONAL_B_SPLINE_SURFACE(((1.,0.916811504669806,0.880877949439193),(1.,
0.926063923437033,0.894126982154892),(1.,0.93465204425471,0.90642477114849),
(1.,0.942597813733529,0.91780274294427)))
REPRESENTATION_ITEM('')
SURFACE()
);
#21=(
BOUNDED_SURFACE()
B_SPLINE_SURFACE(3,2,((#2235,#2236,#2237),(#2238,#2239,#2240),(#2241,#2242,
#2243),(#2244,#2245,#2246)),.UNSPECIFIED.,.F.,.F.,.F.)
B_SPLINE_SURFACE_WITH_KNOTS((4,4),(3,3),(-3.02763456666577E-17,0.000602089059839565),
(0.715976711010059,1.),.PIECEWISE_BEZIER_KNOTS.)
GEOMETRIC_REPRESENTATION_ITEM()
RATIONAL_B_SPLINE_SURFACE(((0.880877949439147,0.916811504669752,1.),(0.894126982154851,
0.926063923436986,1.),(0.906424771148218,0.934652044254504,1.),(0.917802742944238,
0.942597813733492,1.)))
REPRESENTATION_ITEM('')
SURFACE()
);
#22=(
BOUNDED_SURFACE()
B_SPLINE_SURFACE(3,2,((#2251,#2252,#2253),(#2254,#2255,#2256),(#2257,#2258,
#2259),(#2260,#2261,#2262)),.UNSPECIFIED.,.F.,.F.,.F.)
B_SPLINE_SURFACE_WITH_KNOTS((4,4),(3,3),(-1.19045398538908E-16,0.00159006565059766),
(0.,0.520663315505301),.PIECEWISE_BEZIER_KNOTS.)
GEOMETRIC_REPRESENTATION_ITEM()
RATIONAL_B_SPLINE_SURFACE(((1.,0.847501245603569,0.853803505356087),(1.,
0.85738218108781,0.863276095065531),(1.,0.873370813970541,0.878603971616753),
(1.,0.888395987101142,0.893008204961516)))
REPRESENTATION_ITEM('')
SURFACE()
);
#23=DEGENERATE_TOROIDAL_SURFACE('',#1266,0.002437,0.00254,.T.);
#24=DEGENERATE_TOROIDAL_SURFACE('',#1273,0.002437,0.00254,.T.);
#25=TOROIDAL_SURFACE('',#1261,0.00508,0.00254);
#26=TOROIDAL_SURFACE('',#1262,0.00508,0.00254);
#27=TOROIDAL_SURFACE('',#1277,0.00508,0.00254);
#28=TOROIDAL_SURFACE('',#1278,0.00508,0.00254);
#29=TOROIDAL_SURFACE('',#1340,0.00401170458762264,0.00147170458762264);
#30=TOROIDAL_SURFACE('',#1344,0.00401170458762264,0.00147170458762264);
#31=TOROIDAL_SURFACE('',#1346,0.00401170458762264,0.00147170458762264);
#32=ELLIPSE('',#1238,0.00508000068954919,0.00508);
#33=ELLIPSE('',#1240,0.00508000068954919,0.00508);
#34=ELLIPSE('',#1252,0.0025400013790981,0.00254);
#35=ELLIPSE('',#1256,0.0025400013790981,0.00254);
#36=ELLIPSE('',#1282,2.82458676386445,0.00147170458762264);
#37=ELLIPSE('',#1283,2.82458676386445,0.00147170458762264);
#38=ELLIPSE('',#1290,0.000762,0.000659911357683742);
#39=ELLIPSE('',#1291,0.000762,0.000659911357683739);
#40=ELLIPSE('',#1292,0.000762,0.000659911357683742);
#41=ELLIPSE('',#1293,0.000762,0.000659911357683742);
#42=ELLIPSE('',#1298,0.000762,0.000659911357683742);
#43=ELLIPSE('',#1300,0.000762,0.000659911357683739);
#44=ELLIPSE('',#1302,0.000762,0.000659911357683742);
#45=ELLIPSE('',#1304,0.000762,0.000659911357683742);
#46=ELLIPSE('',#1312,0.00567961266284947,0.00254);
#47=ELLIPSE('',#1314,0.00567961266284947,0.00254);
#48=ELLIPSE('',#1315,0.00567961266284947,0.00254);
#49=ELLIPSE('',#1318,0.00567961266284947,0.00254);
#50=ELLIPSE('',#1349,0.00148440386849486,0.00147170458762264);
#51=CYLINDRICAL_SURFACE('',#1224,0.00254);
#52=CYLINDRICAL_SURFACE('',#1226,0.00254);
#53=CYLINDRICAL_SURFACE('',#1241,0.001675);
#54=CYLINDRICAL_SURFACE('',#1243,0.001675);
#55=CYLINDRICAL_SURFACE('',#1251,0.00254);
#56=CYLINDRICAL_SURFACE('',#1255,0.00254);
#57=CYLINDRICAL_SURFACE('',#1259,0.00254);
#58=CYLINDRICAL_SURFACE('',#1264,0.00254);
#59=CYLINDRICAL_SURFACE('',#1268,0.00254);
#60=CYLINDRICAL_SURFACE('',#1271,0.00254);
#61=CYLINDRICAL_SURFACE('',#1275,0.00254);
#62=CYLINDRICAL_SURFACE('',#1280,0.00254);
#63=CYLINDRICAL_SURFACE('',#1296,0.002159);
#64=CYLINDRICAL_SURFACE('',#1308,0.002159);
#65=CYLINDRICAL_SURFACE('',#1311,0.00254);
#66=CYLINDRICAL_SURFACE('',#1313,0.00254);
#67=CYLINDRICAL_SURFACE('',#1316,0.00254);
#68=CYLINDRICAL_SURFACE('',#1319,0.00254);
#69=CYLINDRICAL_SURFACE('',#1322,0.00254);
#70=CYLINDRICAL_SURFACE('',#1327,0.00254);
#71=CYLINDRICAL_SURFACE('',#1331,0.00254);
#72=CYLINDRICAL_SURFACE('',#1334,0.00147170458762264);
#73=CYLINDRICAL_SURFACE('',#1336,0.00147170458762264);
#74=CYLINDRICAL_SURFACE('',#1338,0.00147170458762264);
#75=CYLINDRICAL_SURFACE('',#1342,0.00147170458762264);
#76=CYLINDRICAL_SURFACE('',#1348,0.00147170458762264);
#77=CYLINDRICAL_SURFACE('',#1350,0.00147170458762264);
#78=B_SPLINE_CURVE_WITH_KNOTS('',3,(#1743,#1744,#1745,#1746),
 .UNSPECIFIED.,.F.,.F.,(4,4),(0.00193472783694618,0.00326903149896122),
 .UNSPECIFIED.);
#79=B_SPLINE_CURVE_WITH_KNOTS('',3,(#1773,#1774,#1775,#1776),
 .UNSPECIFIED.,.F.,.F.,(4,4),(0.00193472783694618,0.00326903149896122),
 .UNSPECIFIED.);
#80=B_SPLINE_CURVE_WITH_KNOTS('',3,(#1785,#1786,#1787,#1788),
 .UNSPECIFIED.,.F.,.F.,(4,4),(-1.00796825346278E-5,0.000849986455684068),
 .UNSPECIFIED.);
#81=B_SPLINE_CURVE_WITH_KNOTS('',3,(#1881,#1882,#1883,#1884,#1885),
 .UNSPECIFIED.,.F.,.F.,(4,1,4),(0.,0.5,1.),.UNSPECIFIED.);
#82=B_SPLINE_CURVE_WITH_KNOTS('',3,(#1909,#1910,#1911,#1912),
 .UNSPECIFIED.,.F.,.F.,(4,4),(0.,0.000947184972578288),.UNSPECIFIED.);
#83=B_SPLINE_CURVE_WITH_KNOTS('',3,(#1914,#1915,#1916,#1917),
 .UNSPECIFIED.,.F.,.F.,(4,4),(0.,0.00282687261920606),.UNSPECIFIED.);
#84=B_SPLINE_CURVE_WITH_KNOTS('',3,(#1919,#1920,#1921,#1922,#1923,#1924,
#1925,#1926,#1927),.UNSPECIFIED.,.F.,.F.,(4,1,1,1,1,1,4),(0.,0.000366367124248735,
0.00073273424849747,0.0010991013727462,0.00146546849699494,0.00219820274549241,
0.00293093699398988),.UNSPECIFIED.);
#85=B_SPLINE_CURVE_WITH_KNOTS('',3,(#1943,#1944,#1945,#1946,#1947,#1948,
#1949,#1950,#1951),.UNSPECIFIED.,.F.,.F.,(4,1,1,1,1,1,4),(4.49718487817618E-16,
0.000721939329189191,0.00144387865837793,0.0018048483229723,0.00216581798756667,
0.00252678765216104,0.00288775731675541),.UNSPECIFIED.);
#86=B_SPLINE_CURVE_WITH_KNOTS('',3,(#1953,#1954,#1955,#1956),
 .UNSPECIFIED.,.F.,.F.,(4,4),(-0.00124967410191467,0.00157719845124507),
 .UNSPECIFIED.);
#87=B_SPLINE_CURVE_WITH_KNOTS('',3,(#1958,#1959,#1960,#1961),
 .UNSPECIFIED.,.F.,.F.,(4,4),(0.,0.000947184972578288),.UNSPECIFIED.);
#88=B_SPLINE_CURVE_WITH_KNOTS('',3,(#1970,#1971,#1972,#1973,#1974),
 .UNSPECIFIED.,.F.,.F.,(4,1,4),(0.,0.5,1.),.UNSPECIFIED.);
#89=B_SPLINE_CURVE_WITH_KNOTS('',3,(#1979,#1980,#1981,#1982),
 .UNSPECIFIED.,.F.,.F.,(4,4),(0.,0.0008789684022601),.UNSPECIFIED.);
#90=B_SPLINE_CURVE_WITH_KNOTS('',3,(#1988,#1989,#1990,#1991),
 .UNSPECIFIED.,.F.,.F.,(4,4),(0.,0.00088057050450973),.UNSPECIFIED.);
#91=B_SPLINE_CURVE_WITH_KNOTS('',3,(#2008,#2009,#2010,#2011,#2012),
 .UNSPECIFIED.,.F.,.F.,(4,1,4),(2.06074635202245E-16,0.000693180500902142,
0.00138636100180408),.UNSPECIFIED.);
#92=B_SPLINE_CURVE_WITH_KNOTS('',3,(#2014,#2015,#2016,#2017),
 .UNSPECIFIED.,.F.,.F.,(4,4),(0.,0.00139354110844684),.UNSPECIFIED.);
#93=B_SPLINE_CURVE_WITH_KNOTS('',3,(#2032,#2033,#2034,#2035,#2036),
 .UNSPECIFIED.,.F.,.F.,(4,1,4),(0.,0.00174505746817501,0.00349011493635002),
 .UNSPECIFIED.);
#94=B_SPLINE_CURVE_WITH_KNOTS('',3,(#2130,#2131,#2132,#2133,#2134),
 .UNSPECIFIED.,.F.,.F.,(4,1,4),(5.21572242977612E-17,0.00138756350996623,
0.00277512701993241),.UNSPECIFIED.);
#95=B_SPLINE_CURVE_WITH_KNOTS('',3,(#2138,#2139,#2140,#2141,#2142),
 .UNSPECIFIED.,.F.,.F.,(4,1,4),(0.,0.00138854880495272,0.00277709760990544),
 .UNSPECIFIED.);
#96=B_SPLINE_CURVE_WITH_KNOTS('',3,(#2151,#2152,#2153,#2154),
 .UNSPECIFIED.,.F.,.F.,(4,4),(0.,0.00126053847790855),.UNSPECIFIED.);
#97=LINE('',#1725,#171);
#98=LINE('',#1728,#172);
#99=LINE('',#1730,#173);
#100=LINE('',#1731,#174);
#101=LINE('',#1732,#175);
#102=LINE('',#1734,#176);
#103=LINE('',#1736,#177);
#104=LINE('',#1741,#178);
#105=LINE('',#1748,#179);
#106=LINE('',#1750,#180);
#107=LINE('',#1751,#181);
#108=LINE('',#1753,#182);
#109=LINE('',#1755,#183);
#110=LINE('',#1757,#184);
#111=LINE('',#1760,#185);
#112=LINE('',#1762,#186);
#113=LINE('',#1764,#187);
#114=LINE('',#1766,#188);
#115=LINE('',#1768,#189);
#116=LINE('',#1769,#190);
#117=LINE('',#1771,#191);
#118=LINE('',#1778,#192);
#119=LINE('',#1782,#193);
#120=LINE('',#1790,#194);
#121=LINE('',#1792,#195);
#122=LINE('',#1803,#196);
#123=LINE('',#1805,#197);
#124=LINE('',#1807,#198);
#125=LINE('',#1809,#199);
#126=LINE('',#1812,#200);
#127=LINE('',#1816,#201);
#128=LINE('',#1820,#202);
#129=LINE('',#1825,#203);
#130=LINE('',#1829,#204);
#131=LINE('',#1832,#205);
#132=LINE('',#1836,#206);
#133=LINE('',#1841,#207);
#134=LINE('',#1842,#208);
#135=LINE('',#1853,#209);
#136=LINE('',#1854,#210);
#137=LINE('',#1858,#211);
#138=LINE('',#1859,#212);
#139=LINE('',#1863,#213);
#140=LINE('',#1864,#214);
#141=LINE('',#1865,#215);
#142=LINE('',#1992,#216);
#143=LINE('',#1994,#217);
#144=LINE('',#1996,#218);
#145=LINE('',#1999,#219);
#146=LINE('',#2002,#220);
#147=LINE('',#2004,#221);
#148=LINE('',#2006,#222);
#149=LINE('',#2021,#223);
#150=LINE('',#2025,#224);
#151=LINE('',#2027,#225);
#152=LINE('',#2030,#226);
#153=LINE('',#2037,#227);
#154=LINE('',#2039,#228);
#155=LINE('',#2043,#229);
#156=LINE('',#2047,#230);
#157=LINE('',#2051,#231);
#158=LINE('',#2071,#232);
#159=LINE('',#2073,#233);
#160=LINE('',#2077,#234);
#161=LINE('',#2079,#235);
#162=LINE('',#2090,#236);
#163=LINE('',#2094,#237);
#164=LINE('',#2096,#238);
#165=LINE('',#2107,#239);
#166=LINE('',#2111,#240);
#167=LINE('',#2113,#241);
#168=LINE('',#2124,#242);
#169=LINE('',#2136,#243);
#170=LINE('',#2145,#244);
#171=VECTOR('',#1371,1.);
#172=VECTOR('',#1372,1.);
#173=VECTOR('',#1373,1.);
#174=VECTOR('',#1374,1.);
#175=VECTOR('',#1375,1.);
#176=VECTOR('',#1376,1.);
#177=VECTOR('',#1379,1.);
#178=VECTOR('',#1382,1.);
#179=VECTOR('',#1383,1.);
#180=VECTOR('',#1384,1.);
#181=VECTOR('',#1385,1.);
#182=VECTOR('',#1386,1.);
#183=VECTOR('',#1387,1.);
#184=VECTOR('',#1390,1.);
#185=VECTOR('',#1391,1.);
#186=VECTOR('',#1392,1.);
#187=VECTOR('',#1393,1.);
#188=VECTOR('',#1394,1.);
#189=VECTOR('',#1395,1.);
#190=VECTOR('',#1396,1.);
#191=VECTOR('',#1397,1.);
#192=VECTOR('',#1398,1.);
#193=VECTOR('',#1403,1.);
#194=VECTOR('',#1404,1.);
#195=VECTOR('',#1405,1.);
#196=VECTOR('',#1420,1.);
#197=VECTOR('',#1421,1.);
#198=VECTOR('',#1422,1.);
#199=VECTOR('',#1425,1.);
#200=VECTOR('',#1426,1.);
#201=VECTOR('',#1429,1.);
#202=VECTOR('',#1434,1.);
#203=VECTOR('',#1437,1.);
#204=VECTOR('',#1442,1.);
#205=VECTOR('',#1443,1.);
#206=VECTOR('',#1446,1.);
#207=VECTOR('',#1451,1.);
#208=VECTOR('',#1452,1.);
#209=VECTOR('',#1465,1.);
#210=VECTOR('',#1466,1.);
#211=VECTOR('',#1469,1.);
#212=VECTOR('',#1470,1.);
#213=VECTOR('',#1475,1.);
#214=VECTOR('',#1476,1.);
#215=VECTOR('',#1477,1.);
#216=VECTOR('',#1546,1.);
#217=VECTOR('',#1547,1.);
#218=VECTOR('',#1548,1.);
#219=VECTOR('',#1553,1.);
#220=VECTOR('',#1554,1.);
#221=VECTOR('',#1555,1.);
#222=VECTOR('',#1556,1.);
#223=VECTOR('',#1561,1.);
#224=VECTOR('',#1564,1.);
#225=VECTOR('',#1567,1.);
#226=VECTOR('',#1568,1.);
#227=VECTOR('',#1569,1.);
#228=VECTOR('',#1570,1.);
#229=VECTOR('',#1573,1.);
#230=VECTOR('',#1576,1.);
#231=VECTOR('',#1579,1.);
#232=VECTOR('',#1590,1.);
#233=VECTOR('',#1591,1.);
#234=VECTOR('',#1596,1.);
#235=VECTOR('',#1597,1.);
#236=VECTOR('',#1598,1.);
#237=VECTOR('',#1603,1.);
#238=VECTOR('',#1604,1.);
#239=VECTOR('',#1605,1.);
#240=VECTOR('',#1610,1.);
#241=VECTOR('',#1611,1.);
#242=VECTOR('',#1612,1.);
#243=VECTOR('',#1619,1.);
#244=VECTOR('',#1622,1.);
#245=PLANE('',#1218);
#246=PLANE('',#1219);
#247=PLANE('',#1221);
#248=PLANE('',#1223);
#249=PLANE('',#1228);
#250=PLANE('',#1231);
#251=PLANE('',#1234);
#252=PLANE('',#1237);
#253=PLANE('',#1239);
#254=PLANE('',#1245);
#255=PLANE('',#1248);
#256=PLANE('',#1281);
#257=PLANE('',#1284);
#258=PLANE('',#1285);
#259=PLANE('',#1286);
#260=PLANE('',#1289);
#261=PLANE('',#1299);
#262=PLANE('',#1301);
#263=PLANE('',#1303);
#264=PLANE('',#1305);
#265=PLANE('',#1310);
#266=ORIENTED_EDGE('',*,*,#612,.T.);
#267=ORIENTED_EDGE('',*,*,#613,.T.);
#268=ORIENTED_EDGE('',*,*,#614,.F.);
#269=ORIENTED_EDGE('',*,*,#615,.T.);
#270=ORIENTED_EDGE('',*,*,#616,.T.);
#271=ORIENTED_EDGE('',*,*,#617,.F.);
#272=ORIENTED_EDGE('',*,*,#618,.T.);
#273=ORIENTED_EDGE('',*,*,#619,.T.);
#274=ORIENTED_EDGE('',*,*,#620,.T.);
#275=ORIENTED_EDGE('',*,*,#621,.T.);
#276=ORIENTED_EDGE('',*,*,#622,.T.);
#277=ORIENTED_EDGE('',*,*,#623,.T.);
#278=ORIENTED_EDGE('',*,*,#624,.T.);
#279=ORIENTED_EDGE('',*,*,#625,.T.);
#280=ORIENTED_EDGE('',*,*,#626,.T.);
#281=ORIENTED_EDGE('',*,*,#627,.T.);
#282=ORIENTED_EDGE('',*,*,#628,.T.);
#283=ORIENTED_EDGE('',*,*,#629,.T.);
#284=ORIENTED_EDGE('',*,*,#630,.T.);
#285=ORIENTED_EDGE('',*,*,#631,.T.);
#286=ORIENTED_EDGE('',*,*,#632,.T.);
#287=ORIENTED_EDGE('',*,*,#633,.T.);
#288=ORIENTED_EDGE('',*,*,#634,.T.);
#289=ORIENTED_EDGE('',*,*,#635,.T.);
#290=ORIENTED_EDGE('',*,*,#636,.T.);
#291=ORIENTED_EDGE('',*,*,#637,.T.);
#292=ORIENTED_EDGE('',*,*,#638,.T.);
#293=ORIENTED_EDGE('',*,*,#639,.T.);
#294=ORIENTED_EDGE('',*,*,#640,.T.);
#295=ORIENTED_EDGE('',*,*,#641,.T.);
#296=ORIENTED_EDGE('',*,*,#642,.T.);
#297=ORIENTED_EDGE('',*,*,#643,.T.);
#298=ORIENTED_EDGE('',*,*,#644,.T.);
#299=ORIENTED_EDGE('',*,*,#645,.T.);
#300=ORIENTED_EDGE('',*,*,#646,.T.);
#301=ORIENTED_EDGE('',*,*,#647,.T.);
#302=ORIENTED_EDGE('',*,*,#638,.F.);
#303=ORIENTED_EDGE('',*,*,#637,.F.);
#304=ORIENTED_EDGE('',*,*,#648,.F.);
#305=ORIENTED_EDGE('',*,*,#623,.F.);
#306=ORIENTED_EDGE('',*,*,#622,.F.);
#307=ORIENTED_EDGE('',*,*,#612,.F.);
#308=ORIENTED_EDGE('',*,*,#620,.F.);
#309=ORIENTED_EDGE('',*,*,#619,.F.);
#310=ORIENTED_EDGE('',*,*,#649,.F.);
#311=ORIENTED_EDGE('',*,*,#631,.F.);
#312=ORIENTED_EDGE('',*,*,#630,.F.);
#313=ORIENTED_EDGE('',*,*,#617,.T.);
#314=ORIENTED_EDGE('',*,*,#650,.T.);
#315=ORIENTED_EDGE('',*,*,#651,.T.);
#316=ORIENTED_EDGE('',*,*,#652,.T.);
#317=ORIENTED_EDGE('',*,*,#653,.T.);
#318=ORIENTED_EDGE('',*,*,#654,.T.);
#319=ORIENTED_EDGE('',*,*,#655,.T.);
#320=ORIENTED_EDGE('',*,*,#656,.T.);
#321=ORIENTED_EDGE('',*,*,#657,.T.);
#322=ORIENTED_EDGE('',*,*,#658,.T.);
#323=ORIENTED_EDGE('',*,*,#659,.F.);
#324=ORIENTED_EDGE('',*,*,#660,.T.);
#325=ORIENTED_EDGE('',*,*,#661,.T.);
#326=ORIENTED_EDGE('',*,*,#662,.T.);
#327=ORIENTED_EDGE('',*,*,#663,.T.);
#328=ORIENTED_EDGE('',*,*,#664,.F.);
#329=ORIENTED_EDGE('',*,*,#665,.T.);
#330=ORIENTED_EDGE('',*,*,#666,.T.);
#331=ORIENTED_EDGE('',*,*,#667,.T.);
#332=ORIENTED_EDGE('',*,*,#668,.T.);
#333=ORIENTED_EDGE('',*,*,#669,.T.);
#334=ORIENTED_EDGE('',*,*,#664,.T.);
#335=ORIENTED_EDGE('',*,*,#670,.F.);
#336=ORIENTED_EDGE('',*,*,#659,.T.);
#337=ORIENTED_EDGE('',*,*,#671,.F.);
#338=ORIENTED_EDGE('',*,*,#650,.F.);
#339=ORIENTED_EDGE('',*,*,#672,.T.);
#340=ORIENTED_EDGE('',*,*,#671,.T.);
#341=ORIENTED_EDGE('',*,*,#673,.F.);
#342=ORIENTED_EDGE('',*,*,#674,.T.);
#343=ORIENTED_EDGE('',*,*,#670,.T.);
#344=ORIENTED_EDGE('',*,*,#667,.F.);
#345=ORIENTED_EDGE('',*,*,#675,.F.);
#346=ORIENTED_EDGE('',*,*,#676,.T.);
#347=ORIENTED_EDGE('',*,*,#677,.F.);
#348=ORIENTED_EDGE('',*,*,#660,.F.);
#349=ORIENTED_EDGE('',*,*,#678,.F.);
#350=ORIENTED_EDGE('',*,*,#672,.F.);
#351=ORIENTED_EDGE('',*,*,#662,.F.);
#352=ORIENTED_EDGE('',*,*,#679,.T.);
#353=ORIENTED_EDGE('',*,*,#680,.T.);
#354=ORIENTED_EDGE('',*,*,#681,.T.);
#355=ORIENTED_EDGE('',*,*,#682,.T.);
#356=ORIENTED_EDGE('',*,*,#683,.T.);
#357=ORIENTED_EDGE('',*,*,#653,.F.);
#358=ORIENTED_EDGE('',*,*,#684,.T.);
#359=ORIENTED_EDGE('',*,*,#640,.F.);
#360=ORIENTED_EDGE('',*,*,#685,.T.);
#361=ORIENTED_EDGE('',*,*,#686,.T.);
#362=ORIENTED_EDGE('',*,*,#628,.F.);
#363=ORIENTED_EDGE('',*,*,#687,.T.);
#364=ORIENTED_EDGE('',*,*,#655,.F.);
#365=ORIENTED_EDGE('',*,*,#688,.T.);
#366=ORIENTED_EDGE('',*,*,#689,.T.);
#367=ORIENTED_EDGE('',*,*,#614,.T.);
#368=ORIENTED_EDGE('',*,*,#680,.F.);
#369=ORIENTED_EDGE('',*,*,#690,.F.);
#370=ORIENTED_EDGE('',*,*,#639,.F.);
#371=ORIENTED_EDGE('',*,*,#690,.T.);
#372=ORIENTED_EDGE('',*,*,#679,.F.);
#373=ORIENTED_EDGE('',*,*,#691,.F.);
#374=ORIENTED_EDGE('',*,*,#685,.F.);
#375=ORIENTED_EDGE('',*,*,#691,.T.);
#376=ORIENTED_EDGE('',*,*,#661,.F.);
#377=ORIENTED_EDGE('',*,*,#692,.F.);
#378=ORIENTED_EDGE('',*,*,#686,.F.);
#379=ORIENTED_EDGE('',*,*,#692,.T.);
#380=ORIENTED_EDGE('',*,*,#677,.T.);
#381=ORIENTED_EDGE('',*,*,#693,.F.);
#382=ORIENTED_EDGE('',*,*,#654,.F.);
#383=ORIENTED_EDGE('',*,*,#693,.T.);
#384=ORIENTED_EDGE('',*,*,#676,.F.);
#385=ORIENTED_EDGE('',*,*,#694,.F.);
#386=ORIENTED_EDGE('',*,*,#651,.F.);
#387=ORIENTED_EDGE('',*,*,#694,.T.);
#388=ORIENTED_EDGE('',*,*,#675,.T.);
#389=ORIENTED_EDGE('',*,*,#695,.F.);
#390=ORIENTED_EDGE('',*,*,#652,.F.);
#391=ORIENTED_EDGE('',*,*,#666,.F.);
#392=ORIENTED_EDGE('',*,*,#696,.T.);
#393=ORIENTED_EDGE('',*,*,#697,.T.);
#394=ORIENTED_EDGE('',*,*,#698,.T.);
#395=ORIENTED_EDGE('',*,*,#641,.F.);
#396=ORIENTED_EDGE('',*,*,#684,.F.);
#397=ORIENTED_EDGE('',*,*,#695,.T.);
#398=ORIENTED_EDGE('',*,*,#627,.F.);
#399=ORIENTED_EDGE('',*,*,#699,.T.);
#400=ORIENTED_EDGE('',*,*,#700,.T.);
#401=ORIENTED_EDGE('',*,*,#701,.T.);
#402=ORIENTED_EDGE('',*,*,#668,.F.);
#403=ORIENTED_EDGE('',*,*,#702,.F.);
#404=ORIENTED_EDGE('',*,*,#687,.F.);
#405=ORIENTED_EDGE('',*,*,#702,.T.);
#406=ORIENTED_EDGE('',*,*,#674,.F.);
#407=ORIENTED_EDGE('',*,*,#703,.F.);
#408=ORIENTED_EDGE('',*,*,#656,.F.);
#409=ORIENTED_EDGE('',*,*,#703,.T.);
#410=ORIENTED_EDGE('',*,*,#673,.T.);
#411=ORIENTED_EDGE('',*,*,#704,.F.);
#412=ORIENTED_EDGE('',*,*,#657,.F.);
#413=ORIENTED_EDGE('',*,*,#704,.T.);
#414=ORIENTED_EDGE('',*,*,#678,.T.);
#415=ORIENTED_EDGE('',*,*,#705,.F.);
#416=ORIENTED_EDGE('',*,*,#658,.F.);
#417=ORIENTED_EDGE('',*,*,#705,.T.);
#418=ORIENTED_EDGE('',*,*,#663,.F.);
#419=ORIENTED_EDGE('',*,*,#706,.F.);
#420=ORIENTED_EDGE('',*,*,#688,.F.);
#421=ORIENTED_EDGE('',*,*,#706,.T.);
#422=ORIENTED_EDGE('',*,*,#683,.F.);
#423=ORIENTED_EDGE('',*,*,#707,.F.);
#424=ORIENTED_EDGE('',*,*,#689,.F.);
#425=ORIENTED_EDGE('',*,*,#707,.T.);
#426=ORIENTED_EDGE('',*,*,#682,.F.);
#427=ORIENTED_EDGE('',*,*,#615,.F.);
#428=ORIENTED_EDGE('',*,*,#629,.F.);
#429=ORIENTED_EDGE('',*,*,#708,.T.);
#430=ORIENTED_EDGE('',*,*,#709,.T.);
#431=ORIENTED_EDGE('',*,*,#710,.T.);
#432=ORIENTED_EDGE('',*,*,#711,.T.);
#433=ORIENTED_EDGE('',*,*,#700,.F.);
#434=ORIENTED_EDGE('',*,*,#712,.T.);
#435=ORIENTED_EDGE('',*,*,#713,.T.);
#436=ORIENTED_EDGE('',*,*,#714,.T.);
#437=ORIENTED_EDGE('',*,*,#697,.F.);
#438=ORIENTED_EDGE('',*,*,#621,.F.);
#439=ORIENTED_EDGE('',*,*,#616,.F.);
#440=ORIENTED_EDGE('',*,*,#681,.F.);
#441=ORIENTED_EDGE('',*,*,#613,.F.);
#442=ORIENTED_EDGE('',*,*,#715,.T.);
#443=ORIENTED_EDGE('',*,*,#716,.T.);
#444=ORIENTED_EDGE('',*,*,#717,.T.);
#445=ORIENTED_EDGE('',*,*,#718,.T.);
#446=ORIENTED_EDGE('',*,*,#646,.F.);
#447=ORIENTED_EDGE('',*,*,#719,.T.);
#448=ORIENTED_EDGE('',*,*,#720,.T.);
#449=ORIENTED_EDGE('',*,*,#721,.T.);
#450=ORIENTED_EDGE('',*,*,#722,.T.);
#451=ORIENTED_EDGE('',*,*,#723,.T.);
#452=ORIENTED_EDGE('',*,*,#724,.T.);
#453=ORIENTED_EDGE('',*,*,#725,.F.);
#454=ORIENTED_EDGE('',*,*,#726,.T.);
#455=ORIENTED_EDGE('',*,*,#727,.T.);
#456=ORIENTED_EDGE('',*,*,#722,.F.);
#457=ORIENTED_EDGE('',*,*,#728,.T.);
#458=ORIENTED_EDGE('',*,*,#729,.F.);
#459=ORIENTED_EDGE('',*,*,#730,.F.);
#460=ORIENTED_EDGE('',*,*,#731,.F.);
#461=ORIENTED_EDGE('',*,*,#732,.F.);
#462=ORIENTED_EDGE('',*,*,#733,.F.);
#463=ORIENTED_EDGE('',*,*,#734,.F.);
#464=ORIENTED_EDGE('',*,*,#735,.F.);
#465=ORIENTED_EDGE('',*,*,#736,.F.);
#466=ORIENTED_EDGE('',*,*,#737,.F.);
#467=ORIENTED_EDGE('',*,*,#738,.F.);
#468=ORIENTED_EDGE('',*,*,#737,.T.);
#469=ORIENTED_EDGE('',*,*,#739,.T.);
#470=ORIENTED_EDGE('',*,*,#740,.F.);
#471=ORIENTED_EDGE('',*,*,#730,.T.);
#472=ORIENTED_EDGE('',*,*,#741,.T.);
#473=ORIENTED_EDGE('',*,*,#742,.F.);
#474=ORIENTED_EDGE('',*,*,#743,.F.);
#475=ORIENTED_EDGE('',*,*,#731,.T.);
#476=ORIENTED_EDGE('',*,*,#740,.T.);
#477=ORIENTED_EDGE('',*,*,#744,.F.);
#478=ORIENTED_EDGE('',*,*,#745,.F.);
#479=ORIENTED_EDGE('',*,*,#732,.T.);
#480=ORIENTED_EDGE('',*,*,#743,.T.);
#481=ORIENTED_EDGE('',*,*,#746,.F.);
#482=ORIENTED_EDGE('',*,*,#747,.F.);
#483=ORIENTED_EDGE('',*,*,#733,.T.);
#484=ORIENTED_EDGE('',*,*,#745,.T.);
#485=ORIENTED_EDGE('',*,*,#748,.F.);
#486=ORIENTED_EDGE('',*,*,#749,.F.);
#487=ORIENTED_EDGE('',*,*,#734,.T.);
#488=ORIENTED_EDGE('',*,*,#747,.T.);
#489=ORIENTED_EDGE('',*,*,#750,.F.);
#490=ORIENTED_EDGE('',*,*,#751,.F.);
#491=ORIENTED_EDGE('',*,*,#735,.T.);
#492=ORIENTED_EDGE('',*,*,#749,.T.);
#493=ORIENTED_EDGE('',*,*,#752,.F.);
#494=ORIENTED_EDGE('',*,*,#753,.F.);
#495=ORIENTED_EDGE('',*,*,#736,.T.);
#496=ORIENTED_EDGE('',*,*,#751,.T.);
#497=ORIENTED_EDGE('',*,*,#754,.F.);
#498=ORIENTED_EDGE('',*,*,#755,.T.);
#499=ORIENTED_EDGE('',*,*,#756,.T.);
#500=ORIENTED_EDGE('',*,*,#757,.T.);
#501=ORIENTED_EDGE('',*,*,#758,.T.);
#502=ORIENTED_EDGE('',*,*,#759,.T.);
#503=ORIENTED_EDGE('',*,*,#725,.T.);
#504=ORIENTED_EDGE('',*,*,#753,.T.);
#505=ORIENTED_EDGE('',*,*,#760,.F.);
#506=ORIENTED_EDGE('',*,*,#741,.F.);
#507=ORIENTED_EDGE('',*,*,#729,.T.);
#508=ORIENTED_EDGE('',*,*,#738,.T.);
#509=ORIENTED_EDGE('',*,*,#761,.T.);
#510=ORIENTED_EDGE('',*,*,#760,.T.);
#511=ORIENTED_EDGE('',*,*,#754,.T.);
#512=ORIENTED_EDGE('',*,*,#752,.T.);
#513=ORIENTED_EDGE('',*,*,#750,.T.);
#514=ORIENTED_EDGE('',*,*,#748,.T.);
#515=ORIENTED_EDGE('',*,*,#746,.T.);
#516=ORIENTED_EDGE('',*,*,#744,.T.);
#517=ORIENTED_EDGE('',*,*,#742,.T.);
#518=ORIENTED_EDGE('',*,*,#739,.F.);
#519=ORIENTED_EDGE('',*,*,#761,.F.);
#520=ORIENTED_EDGE('',*,*,#721,.F.);
#521=ORIENTED_EDGE('',*,*,#762,.T.);
#522=ORIENTED_EDGE('',*,*,#624,.F.);
#523=ORIENTED_EDGE('',*,*,#763,.T.);
#524=ORIENTED_EDGE('',*,*,#755,.F.);
#525=ORIENTED_EDGE('',*,*,#728,.F.);
#526=ORIENTED_EDGE('',*,*,#757,.F.);
#527=ORIENTED_EDGE('',*,*,#764,.T.);
#528=ORIENTED_EDGE('',*,*,#715,.F.);
#529=ORIENTED_EDGE('',*,*,#765,.T.);
#530=ORIENTED_EDGE('',*,*,#635,.F.);
#531=ORIENTED_EDGE('',*,*,#766,.T.);
#532=ORIENTED_EDGE('',*,*,#726,.F.);
#533=ORIENTED_EDGE('',*,*,#759,.F.);
#534=ORIENTED_EDGE('',*,*,#767,.T.);
#535=ORIENTED_EDGE('',*,*,#717,.F.);
#536=ORIENTED_EDGE('',*,*,#768,.T.);
#537=ORIENTED_EDGE('',*,*,#618,.F.);
#538=ORIENTED_EDGE('',*,*,#769,.T.);
#539=ORIENTED_EDGE('',*,*,#713,.F.);
#540=ORIENTED_EDGE('',*,*,#770,.T.);
#541=ORIENTED_EDGE('',*,*,#644,.F.);
#542=ORIENTED_EDGE('',*,*,#771,.T.);
#543=ORIENTED_EDGE('',*,*,#649,.T.);
#544=ORIENTED_EDGE('',*,*,#768,.F.);
#545=ORIENTED_EDGE('',*,*,#772,.F.);
#546=ORIENTED_EDGE('',*,*,#772,.T.);
#547=ORIENTED_EDGE('',*,*,#716,.F.);
#548=ORIENTED_EDGE('',*,*,#773,.F.);
#549=ORIENTED_EDGE('',*,*,#632,.F.);
#550=ORIENTED_EDGE('',*,*,#756,.F.);
#551=ORIENTED_EDGE('',*,*,#763,.F.);
#552=ORIENTED_EDGE('',*,*,#773,.T.);
#553=ORIENTED_EDGE('',*,*,#764,.F.);
#554=ORIENTED_EDGE('',*,*,#769,.F.);
#555=ORIENTED_EDGE('',*,*,#648,.T.);
#556=ORIENTED_EDGE('',*,*,#774,.F.);
#557=ORIENTED_EDGE('',*,*,#774,.T.);
#558=ORIENTED_EDGE('',*,*,#636,.F.);
#559=ORIENTED_EDGE('',*,*,#775,.F.);
#560=ORIENTED_EDGE('',*,*,#718,.F.);
#561=ORIENTED_EDGE('',*,*,#758,.F.);
#562=ORIENTED_EDGE('',*,*,#765,.F.);
#563=ORIENTED_EDGE('',*,*,#775,.T.);
#564=ORIENTED_EDGE('',*,*,#767,.F.);
#565=ORIENTED_EDGE('',*,*,#701,.F.);
#566=ORIENTED_EDGE('',*,*,#711,.F.);
#567=ORIENTED_EDGE('',*,*,#776,.F.);
#568=ORIENTED_EDGE('',*,*,#776,.T.);
#569=ORIENTED_EDGE('',*,*,#710,.F.);
#570=ORIENTED_EDGE('',*,*,#777,.F.);
#571=ORIENTED_EDGE('',*,*,#669,.F.);
#572=ORIENTED_EDGE('',*,*,#777,.T.);
#573=ORIENTED_EDGE('',*,*,#709,.F.);
#574=ORIENTED_EDGE('',*,*,#778,.F.);
#575=ORIENTED_EDGE('',*,*,#665,.F.);
#576=ORIENTED_EDGE('',*,*,#708,.F.);
#577=ORIENTED_EDGE('',*,*,#696,.F.);
#578=ORIENTED_EDGE('',*,*,#778,.T.);
#579=ORIENTED_EDGE('',*,*,#699,.F.);
#580=ORIENTED_EDGE('',*,*,#626,.F.);
#581=ORIENTED_EDGE('',*,*,#779,.F.);
#582=ORIENTED_EDGE('',*,*,#712,.F.);
#583=ORIENTED_EDGE('',*,*,#779,.T.);
#584=ORIENTED_EDGE('',*,*,#625,.F.);
#585=ORIENTED_EDGE('',*,*,#780,.F.);
#586=ORIENTED_EDGE('',*,*,#719,.F.);
#587=ORIENTED_EDGE('',*,*,#645,.F.);
#588=ORIENTED_EDGE('',*,*,#770,.F.);
#589=ORIENTED_EDGE('',*,*,#762,.F.);
#590=ORIENTED_EDGE('',*,*,#720,.F.);
#591=ORIENTED_EDGE('',*,*,#780,.T.);
#592=ORIENTED_EDGE('',*,*,#698,.F.);
#593=ORIENTED_EDGE('',*,*,#714,.F.);
#594=ORIENTED_EDGE('',*,*,#781,.F.);
#595=ORIENTED_EDGE('',*,*,#642,.F.);
#596=ORIENTED_EDGE('',*,*,#781,.T.);
#597=ORIENTED_EDGE('',*,*,#771,.F.);
#598=ORIENTED_EDGE('',*,*,#782,.F.);
#599=ORIENTED_EDGE('',*,*,#643,.F.);
#600=ORIENTED_EDGE('',*,*,#727,.F.);
#601=ORIENTED_EDGE('',*,*,#766,.F.);
#602=ORIENTED_EDGE('',*,*,#783,.F.);
#603=ORIENTED_EDGE('',*,*,#723,.F.);
#604=ORIENTED_EDGE('',*,*,#782,.T.);
#605=ORIENTED_EDGE('',*,*,#647,.F.);
#606=ORIENTED_EDGE('',*,*,#784,.F.);
#607=ORIENTED_EDGE('',*,*,#633,.F.);
#608=ORIENTED_EDGE('',*,*,#783,.T.);
#609=ORIENTED_EDGE('',*,*,#634,.F.);
#610=ORIENTED_EDGE('',*,*,#784,.T.);
#611=ORIENTED_EDGE('',*,*,#724,.F.);
#612=EDGE_CURVE('',#785,#786,#892,.T.);
#613=EDGE_CURVE('',#786,#787,#893,.F.);
#614=EDGE_CURVE('',#785,#787,#894,.T.);
#615=EDGE_CURVE('',#788,#789,#895,.T.);
#616=EDGE_CURVE('',#789,#790,#896,.F.);
#617=EDGE_CURVE('',#788,#790,#897,.T.);
#618=EDGE_CURVE('',#791,#792,#97,.T.);
#619=EDGE_CURVE('',#792,#793,#98,.T.);
#620=EDGE_CURVE('',#793,#790,#99,.T.);
#621=EDGE_CURVE('',#790,#786,#100,.F.);
#622=EDGE_CURVE('',#786,#794,#101,.F.);
#623=EDGE_CURVE('',#794,#791,#102,.T.);
#624=EDGE_CURVE('',#795,#796,#103,.F.);
#625=EDGE_CURVE('',#796,#797,#898,.T.);
#626=EDGE_CURVE('',#797,#798,#104,.T.);
#627=EDGE_CURVE('',#798,#799,#78,.T.);
#628=EDGE_CURVE('',#799,#800,#105,.T.);
#629=EDGE_CURVE('',#800,#788,#106,.F.);
#630=EDGE_CURVE('',#788,#801,#107,.F.);
#631=EDGE_CURVE('',#801,#802,#108,.F.);
#632=EDGE_CURVE('',#802,#795,#109,.F.);
#633=EDGE_CURVE('',#803,#804,#110,.T.);
#634=EDGE_CURVE('',#804,#805,#111,.F.);
#635=EDGE_CURVE('',#805,#806,#112,.T.);
#636=EDGE_CURVE('',#806,#807,#113,.T.);
#637=EDGE_CURVE('',#807,#808,#114,.F.);
#638=EDGE_CURVE('',#808,#785,#115,.T.);
#639=EDGE_CURVE('',#785,#809,#116,.T.);
#640=EDGE_CURVE('',#809,#810,#117,.F.);
#641=EDGE_CURVE('',#810,#811,#79,.F.);
#642=EDGE_CURVE('',#811,#812,#118,.F.);
#643=EDGE_CURVE('',#812,#803,#899,.F.);
#644=EDGE_CURVE('',#813,#814,#119,.F.);
#645=EDGE_CURVE('',#814,#815,#80,.T.);
#646=EDGE_CURVE('',#815,#816,#120,.T.);
#647=EDGE_CURVE('',#816,#813,#121,.F.);
#648=EDGE_CURVE('',#791,#807,#900,.T.);
#649=EDGE_CURVE('',#802,#792,#901,.T.);
#650=EDGE_CURVE('',#817,#817,#902,.T.);
#651=EDGE_CURVE('',#818,#819,#903,.T.);
#652=EDGE_CURVE('',#819,#820,#122,.T.);
#653=EDGE_CURVE('',#820,#821,#123,.T.);
#654=EDGE_CURVE('',#821,#818,#124,.T.);
#655=EDGE_CURVE('',#822,#823,#125,.F.);
#656=EDGE_CURVE('',#823,#824,#126,.F.);
#657=EDGE_CURVE('',#824,#825,#904,.T.);
#658=EDGE_CURVE('',#825,#822,#127,.T.);
#659=EDGE_CURVE('',#826,#826,#905,.T.);
#660=EDGE_CURVE('',#827,#828,#128,.T.);
#661=EDGE_CURVE('',#828,#829,#906,.T.);
#662=EDGE_CURVE('',#829,#830,#129,.T.);
#663=EDGE_CURVE('',#830,#827,#907,.T.);
#664=EDGE_CURVE('',#831,#832,#130,.T.);
#665=EDGE_CURVE('',#831,#833,#131,.F.);
#666=EDGE_CURVE('',#833,#834,#32,.T.);
#667=EDGE_CURVE('',#834,#832,#132,.T.);
#668=EDGE_CURVE('',#835,#836,#33,.F.);
#669=EDGE_CURVE('',#836,#831,#133,.T.);
#670=EDGE_CURVE('',#835,#832,#134,.T.);
#671=EDGE_CURVE('',#837,#837,#908,.T.);
#672=EDGE_CURVE('',#838,#838,#909,.T.);
#673=EDGE_CURVE('',#839,#840,#910,.T.);
#674=EDGE_CURVE('',#839,#835,#135,.T.);
#675=EDGE_CURVE('',#841,#834,#136,.T.);
#676=EDGE_CURVE('',#841,#842,#911,.T.);
#677=EDGE_CURVE('',#828,#842,#137,.T.);
#678=EDGE_CURVE('',#840,#827,#138,.T.);
#679=EDGE_CURVE('',#829,#843,#912,.F.);
#680=EDGE_CURVE('',#843,#787,#139,.F.);
#681=EDGE_CURVE('',#787,#789,#140,.T.);
#682=EDGE_CURVE('',#789,#844,#141,.T.);
#683=EDGE_CURVE('',#844,#830,#913,.F.);
#684=EDGE_CURVE('',#820,#810,#34,.T.);
#685=EDGE_CURVE('',#809,#845,#914,.T.);
#686=EDGE_CURVE('',#845,#821,#915,.F.);
#687=EDGE_CURVE('',#799,#823,#35,.F.);
#688=EDGE_CURVE('',#822,#846,#916,.F.);
#689=EDGE_CURVE('',#846,#800,#917,.T.);
#690=EDGE_CURVE('',#809,#843,#918,.T.);
#691=EDGE_CURVE('',#845,#829,#81,.F.);
#692=EDGE_CURVE('',#821,#828,#919,.T.);
#693=EDGE_CURVE('',#818,#842,#920,.T.);
#694=EDGE_CURVE('',#819,#841,#921,.T.);
#695=EDGE_CURVE('',#820,#834,#922,.T.);
#696=EDGE_CURVE('',#833,#847,#82,.T.);
#697=EDGE_CURVE('',#847,#848,#83,.T.);
#698=EDGE_CURVE('',#848,#811,#84,.T.);
#699=EDGE_CURVE('',#798,#849,#85,.T.);
#700=EDGE_CURVE('',#849,#850,#86,.T.);
#701=EDGE_CURVE('',#850,#836,#87,.T.);
#702=EDGE_CURVE('',#823,#835,#923,.T.);
#703=EDGE_CURVE('',#824,#839,#924,.T.);
#704=EDGE_CURVE('',#825,#840,#925,.T.);
#705=EDGE_CURVE('',#822,#827,#926,.T.);
#706=EDGE_CURVE('',#846,#830,#88,.F.);
#707=EDGE_CURVE('',#800,#844,#927,.T.);
#708=EDGE_CURVE('',#847,#851,#89,.T.);
#709=EDGE_CURVE('',#851,#852,#36,.T.);
#710=EDGE_CURVE('',#852,#853,#37,.T.);
#711=EDGE_CURVE('',#853,#850,#90,.T.);
#712=EDGE_CURVE('',#849,#854,#142,.F.);
#713=EDGE_CURVE('',#854,#855,#143,.T.);
#714=EDGE_CURVE('',#855,#848,#144,.T.);
#715=EDGE_CURVE('',#856,#857,#145,.T.);
#716=EDGE_CURVE('',#857,#858,#146,.T.);
#717=EDGE_CURVE('',#858,#859,#147,.F.);
#718=EDGE_CURVE('',#859,#856,#148,.F.);
#719=EDGE_CURVE('',#815,#860,#91,.T.);
#720=EDGE_CURVE('',#860,#861,#92,.T.);
#721=EDGE_CURVE('',#861,#862,#928,.F.);
#722=EDGE_CURVE('',#862,#863,#149,.T.);
#723=EDGE_CURVE('',#863,#864,#929,.F.);
#724=EDGE_CURVE('',#864,#816,#150,.T.);
#725=EDGE_CURVE('',#865,#866,#151,.T.);
#726=EDGE_CURVE('',#865,#867,#152,.F.);
#727=EDGE_CURVE('',#867,#863,#93,.F.);
#728=EDGE_CURVE('',#862,#868,#153,.T.);
#729=EDGE_CURVE('',#869,#868,#154,.T.);
#730=EDGE_CURVE('',#870,#869,#38,.T.);
#731=EDGE_CURVE('',#871,#870,#155,.T.);
#732=EDGE_CURVE('',#872,#871,#39,.T.);
#733=EDGE_CURVE('',#873,#872,#156,.T.);
#734=EDGE_CURVE('',#874,#873,#40,.T.);
#735=EDGE_CURVE('',#875,#874,#157,.T.);
#736=EDGE_CURVE('',#866,#875,#41,.T.);
#737=EDGE_CURVE('',#876,#876,#930,.F.);
#738=EDGE_CURVE('',#877,#877,#931,.F.);
#739=EDGE_CURVE('',#878,#878,#932,.T.);
#740=EDGE_CURVE('',#870,#879,#158,.T.);
#741=EDGE_CURVE('',#869,#880,#159,.T.);
#742=EDGE_CURVE('',#879,#880,#42,.T.);
#743=EDGE_CURVE('',#871,#881,#160,.T.);
#744=EDGE_CURVE('',#881,#879,#161,.T.);
#745=EDGE_CURVE('',#872,#882,#162,.T.);
#746=EDGE_CURVE('',#882,#881,#43,.T.);
#747=EDGE_CURVE('',#873,#883,#163,.T.);
#748=EDGE_CURVE('',#883,#882,#164,.T.);
#749=EDGE_CURVE('',#874,#884,#165,.T.);
#750=EDGE_CURVE('',#884,#883,#44,.T.);
#751=EDGE_CURVE('',#875,#885,#166,.T.);
#752=EDGE_CURVE('',#885,#884,#167,.T.);
#753=EDGE_CURVE('',#866,#886,#168,.T.);
#754=EDGE_CURVE('',#886,#885,#45,.T.);
#755=EDGE_CURVE('',#868,#887,#933,.F.);
#756=EDGE_CURVE('',#887,#888,#94,.T.);
#757=EDGE_CURVE('',#888,#889,#169,.F.);
#758=EDGE_CURVE('',#889,#890,#95,.T.);
#759=EDGE_CURVE('',#890,#865,#934,.F.);
#760=EDGE_CURVE('',#880,#886,#170,.T.);
#761=EDGE_CURVE('',#891,#891,#935,.T.);
#762=EDGE_CURVE('',#861,#796,#96,.T.);
#763=EDGE_CURVE('',#795,#887,#46,.T.);
#764=EDGE_CURVE('',#888,#857,#47,.F.);
#765=EDGE_CURVE('',#856,#889,#48,.T.);
#766=EDGE_CURVE('',#805,#867,#936,.T.);
#767=EDGE_CURVE('',#890,#806,#49,.F.);
#768=EDGE_CURVE('',#858,#792,#937,.F.);
#769=EDGE_CURVE('',#791,#859,#938,.T.);
#770=EDGE_CURVE('',#854,#814,#939,.F.);
#771=EDGE_CURVE('',#813,#855,#940,.T.);
#772=EDGE_CURVE('',#802,#858,#941,.T.);
#773=EDGE_CURVE('',#795,#857,#942,.T.);
#774=EDGE_CURVE('',#859,#807,#943,.T.);
#775=EDGE_CURVE('',#856,#806,#944,.T.);
#776=EDGE_CURVE('',#836,#853,#945,.T.);
#777=EDGE_CURVE('',#831,#852,#946,.T.);
#778=EDGE_CURVE('',#833,#851,#947,.T.);
#779=EDGE_CURVE('',#854,#797,#948,.T.);
#780=EDGE_CURVE('',#860,#796,#949,.T.);
#781=EDGE_CURVE('',#812,#855,#950,.T.);
#782=EDGE_CURVE('',#803,#813,#951,.T.);
#783=EDGE_CURVE('',#864,#805,#952,.T.);
#784=EDGE_CURVE('',#804,#816,#50,.F.);
#785=VERTEX_POINT('',#1712);
#786=VERTEX_POINT('',#1713);
#787=VERTEX_POINT('',#1715);
#788=VERTEX_POINT('',#1719);
#789=VERTEX_POINT('',#1720);
#790=VERTEX_POINT('',#1722);
#791=VERTEX_POINT('',#1726);
#792=VERTEX_POINT('',#1727);
#793=VERTEX_POINT('',#1729);
#794=VERTEX_POINT('',#1733);
#795=VERTEX_POINT('',#1737);
#796=VERTEX_POINT('',#1738);
#797=VERTEX_POINT('',#1740);
#798=VERTEX_POINT('',#1742);
#799=VERTEX_POINT('',#1747);
#800=VERTEX_POINT('',#1749);
#801=VERTEX_POINT('',#1752);
#802=VERTEX_POINT('',#1754);
#803=VERTEX_POINT('',#1758);
#804=VERTEX_POINT('',#1759);
#805=VERTEX_POINT('',#1761);
#806=VERTEX_POINT('',#1763);
#807=VERTEX_POINT('',#1765);
#808=VERTEX_POINT('',#1767);
#809=VERTEX_POINT('',#1770);
#810=VERTEX_POINT('',#1772);
#811=VERTEX_POINT('',#1777);
#812=VERTEX_POINT('',#1779);
#813=VERTEX_POINT('',#1783);
#814=VERTEX_POINT('',#1784);
#815=VERTEX_POINT('',#1789);
#816=VERTEX_POINT('',#1791);
#817=VERTEX_POINT('',#1799);
#818=VERTEX_POINT('',#1801);
#819=VERTEX_POINT('',#1802);
#820=VERTEX_POINT('',#1804);
#821=VERTEX_POINT('',#1806);
#822=VERTEX_POINT('',#1810);
#823=VERTEX_POINT('',#1811);
#824=VERTEX_POINT('',#1813);
#825=VERTEX_POINT('',#1815);
#826=VERTEX_POINT('',#1818);
#827=VERTEX_POINT('',#1821);
#828=VERTEX_POINT('',#1822);
#829=VERTEX_POINT('',#1824);
#830=VERTEX_POINT('',#1826);
#831=VERTEX_POINT('',#1830);
#832=VERTEX_POINT('',#1831);
#833=VERTEX_POINT('',#1833);
#834=VERTEX_POINT('',#1835);
#835=VERTEX_POINT('',#1839);
#836=VERTEX_POINT('',#1840);
#837=VERTEX_POINT('',#1845);
#838=VERTEX_POINT('',#1848);
#839=VERTEX_POINT('',#1851);
#840=VERTEX_POINT('',#1852);
#841=VERTEX_POINT('',#1855);
#842=VERTEX_POINT('',#1857);
#843=VERTEX_POINT('',#1862);
#844=VERTEX_POINT('',#1866);
#845=VERTEX_POINT('',#1871);
#846=VERTEX_POINT('',#1876);
#847=VERTEX_POINT('',#1913);
#848=VERTEX_POINT('',#1918);
#849=VERTEX_POINT('',#1952);
#850=VERTEX_POINT('',#1957);
#851=VERTEX_POINT('',#1983);
#852=VERTEX_POINT('',#1985);
#853=VERTEX_POINT('',#1987);
#854=VERTEX_POINT('',#1993);
#855=VERTEX_POINT('',#1995);
#856=VERTEX_POINT('',#2000);
#857=VERTEX_POINT('',#2001);
#858=VERTEX_POINT('',#2003);
#859=VERTEX_POINT('',#2005);
#860=VERTEX_POINT('',#2013);
#861=VERTEX_POINT('',#2018);
#862=VERTEX_POINT('',#2020);
#863=VERTEX_POINT('',#2022);
#864=VERTEX_POINT('',#2024);
#865=VERTEX_POINT('',#2028);
#866=VERTEX_POINT('',#2029);
#867=VERTEX_POINT('',#2031);
#868=VERTEX_POINT('',#2038);
#869=VERTEX_POINT('',#2040);
#870=VERTEX_POINT('',#2042);
#871=VERTEX_POINT('',#2044);
#872=VERTEX_POINT('',#2046);
#873=VERTEX_POINT('',#2048);
#874=VERTEX_POINT('',#2050);
#875=VERTEX_POINT('',#2052);
#876=VERTEX_POINT('',#2055);
#877=VERTEX_POINT('',#2057);
#878=VERTEX_POINT('',#2060);
#879=VERTEX_POINT('',#2072);
#880=VERTEX_POINT('',#2074);
#881=VERTEX_POINT('',#2078);
#882=VERTEX_POINT('',#2091);
#883=VERTEX_POINT('',#2095);
#884=VERTEX_POINT('',#2108);
#885=VERTEX_POINT('',#2112);
#886=VERTEX_POINT('',#2125);
#887=VERTEX_POINT('',#2129);
#888=VERTEX_POINT('',#2135);
#889=VERTEX_POINT('',#2137);
#890=VERTEX_POINT('',#2143);
#891=VERTEX_POINT('',#2148);
#892=CIRCLE('',#1211,0.00254);
#893=CIRCLE('',#1212,0.00179605122421382);
#894=CIRCLE('',#1213,0.00254);
#895=CIRCLE('',#1215,0.00254);
#896=CIRCLE('',#1216,0.00179605122421382);
#897=CIRCLE('',#1217,0.00254);
#898=CIRCLE('',#1220,0.00401170458762264);
#899=CIRCLE('',#1222,0.00401170458762264);
#900=CIRCLE('',#1225,0.00254);
#901=CIRCLE('',#1227,0.00254);
#902=CIRCLE('',#1229,0.001675);
#903=CIRCLE('',#1230,0.002437);
#904=CIRCLE('',#1232,0.002437);
#905=CIRCLE('',#1233,0.001675);
#906=CIRCLE('',#1235,0.00508);
#907=CIRCLE('',#1236,0.00508);
#908=CIRCLE('',#1242,0.001675);
#909=CIRCLE('',#1244,0.001675);
#910=CIRCLE('',#1246,0.004977);
#911=CIRCLE('',#1247,0.004977);
#912=CIRCLE('',#1249,0.00508);
#913=CIRCLE('',#1250,0.00508);
#914=CIRCLE('',#1253,0.00254);
#915=CIRCLE('',#1254,0.00254);
#916=CIRCLE('',#1257,0.00254);
#917=CIRCLE('',#1258,0.00254);
#918=CIRCLE('',#1260,0.00254);
#919=CIRCLE('',#1263,0.00254);
#920=CIRCLE('',#1265,0.00254);
#921=CIRCLE('',#1267,0.00254);
#922=CIRCLE('',#1269,0.00254);
#923=CIRCLE('',#1270,0.00254);
#924=CIRCLE('',#1272,0.00254);
#925=CIRCLE('',#1274,0.00254);
#926=CIRCLE('',#1276,0.00254);
#927=CIRCLE('',#1279,0.00254);
#928=CIRCLE('',#1287,0.00254);
#929=CIRCLE('',#1288,0.00401170458762264);
#930=CIRCLE('',#1294,0.002159);
#931=CIRCLE('',#1295,0.002159);
#932=CIRCLE('',#1297,0.002159);
#933=CIRCLE('',#1306,0.00254);
#934=CIRCLE('',#1307,0.00254);
#935=CIRCLE('',#1309,0.002159);
#936=CIRCLE('',#1317,0.00254);
#937=CIRCLE('',#1320,0.00254);
#938=CIRCLE('',#1321,0.00254);
#939=CIRCLE('',#1323,0.00254);
#940=CIRCLE('',#1324,0.00254);
#941=CIRCLE('',#1326,0.00254);
#942=CIRCLE('',#1328,0.00254);
#943=CIRCLE('',#1330,0.00254);
#944=CIRCLE('',#1332,0.00254);
#945=CIRCLE('',#1333,0.00147170458762264);
#946=CIRCLE('',#1335,0.00147170458762264);
#947=CIRCLE('',#1337,0.00147170458762264);
#948=CIRCLE('',#1339,0.00147170458762264);
#949=CIRCLE('',#1341,0.00147170458762264);
#950=CIRCLE('',#1343,0.00147170458762264);
#951=CIRCLE('',#1345,0.00147170458762264);
#952=CIRCLE('',#1347,0.00147170458762264);
#953=EDGE_LOOP('',(#266,#267,#268));
#954=EDGE_LOOP('',(#269,#270,#271));
#955=EDGE_LOOP('',(#272,#273,#274,#275,#276,#277));
#956=EDGE_LOOP('',(#278,#279,#280,#281,#282,#283,#284,#285,#286));
#957=EDGE_LOOP('',(#287,#288,#289,#290,#291,#292,#293,#294,#295,#296,#297));
#958=EDGE_LOOP('',(#298,#299,#300,#301));
#959=EDGE_LOOP('',(#302,#303,#304,#305,#306,#307));
#960=EDGE_LOOP('',(#308,#309,#310,#311,#312,#313));
#961=EDGE_LOOP('',(#314));
#962=EDGE_LOOP('',(#315,#316,#317,#318));
#963=EDGE_LOOP('',(#319,#320,#321,#322));
#964=EDGE_LOOP('',(#323));
#965=EDGE_LOOP('',(#324,#325,#326,#327));
#966=EDGE_LOOP('',(#328,#329,#330,#331));
#967=EDGE_LOOP('',(#332,#333,#334,#335));
#968=EDGE_LOOP('',(#336));
#969=EDGE_LOOP('',(#337));
#970=EDGE_LOOP('',(#338));
#971=EDGE_LOOP('',(#339));
#972=EDGE_LOOP('',(#340));
#973=EDGE_LOOP('',(#341,#342,#343,#344,#345,#346,#347,#348,#349));
#974=EDGE_LOOP('',(#350));
#975=EDGE_LOOP('',(#351,#352,#353,#354,#355,#356));
#976=EDGE_LOOP('',(#357,#358,#359,#360,#361));
#977=EDGE_LOOP('',(#362,#363,#364,#365,#366));
#978=EDGE_LOOP('',(#367,#368,#369,#370));
#979=EDGE_LOOP('',(#371,#372,#373,#374));
#980=EDGE_LOOP('',(#375,#376,#377,#378));
#981=EDGE_LOOP('',(#379,#380,#381,#382));
#982=EDGE_LOOP('',(#383,#384,#385,#386));
#983=EDGE_LOOP('',(#387,#388,#389,#390));
#984=EDGE_LOOP('',(#391,#392,#393,#394,#395,#396,#397));
#985=EDGE_LOOP('',(#398,#399,#400,#401,#402,#403,#404));
#986=EDGE_LOOP('',(#405,#406,#407,#408));
#987=EDGE_LOOP('',(#409,#410,#411,#412));
#988=EDGE_LOOP('',(#413,#414,#415,#416));
#989=EDGE_LOOP('',(#417,#418,#419,#420));
#990=EDGE_LOOP('',(#421,#422,#423,#424));
#991=EDGE_LOOP('',(#425,#426,#427,#428));
#992=EDGE_LOOP('',(#429,#430,#431,#432,#433,#434,#435,#436,#437));
#993=EDGE_LOOP('',(#438,#439,#440,#441));
#994=EDGE_LOOP('',(#442,#443,#444,#445));
#995=EDGE_LOOP('',(#446,#447,#448,#449,#450,#451,#452));
#996=EDGE_LOOP('',(#453,#454,#455,#456,#457,#458,#459,#460,#461,#462,#463,
#464,#465));
#997=EDGE_LOOP('',(#466));
#998=EDGE_LOOP('',(#467));
#999=EDGE_LOOP('',(#468));
#1000=EDGE_LOOP('',(#469));
#1001=EDGE_LOOP('',(#470,#471,#472,#473));
#1002=EDGE_LOOP('',(#474,#475,#476,#477));
#1003=EDGE_LOOP('',(#478,#479,#480,#481));
#1004=EDGE_LOOP('',(#482,#483,#484,#485));
#1005=EDGE_LOOP('',(#486,#487,#488,#489));
#1006=EDGE_LOOP('',(#490,#491,#492,#493));
#1007=EDGE_LOOP('',(#494,#495,#496,#497));
#1008=EDGE_LOOP('',(#498,#499,#500,#501,#502,#503,#504,#505,#506,#507));
#1009=EDGE_LOOP('',(#508));
#1010=EDGE_LOOP('',(#509));
#1011=EDGE_LOOP('',(#510,#511,#512,#513,#514,#515,#516,#517));
#1012=EDGE_LOOP('',(#518));
#1013=EDGE_LOOP('',(#519));
#1014=EDGE_LOOP('',(#520,#521,#522,#523,#524,#525));
#1015=EDGE_LOOP('',(#526,#527,#528,#529));
#1016=EDGE_LOOP('',(#530,#531,#532,#533,#534));
#1017=EDGE_LOOP('',(#535,#536,#537,#538));
#1018=EDGE_LOOP('',(#539,#540,#541,#542));
#1019=EDGE_LOOP('',(#543,#544,#545));
#1020=EDGE_LOOP('',(#546,#547,#548,#549));
#1021=EDGE_LOOP('',(#550,#551,#552,#553));
#1022=EDGE_LOOP('',(#554,#555,#556));
#1023=EDGE_LOOP('',(#557,#558,#559,#560));
#1024=EDGE_LOOP('',(#561,#562,#563,#564));
#1025=EDGE_LOOP('',(#565,#566,#567));
#1026=EDGE_LOOP('',(#568,#569,#570,#571));
#1027=EDGE_LOOP('',(#572,#573,#574,#575));
#1028=EDGE_LOOP('',(#576,#577,#578));
#1029=EDGE_LOOP('',(#579,#580,#581,#582));
#1030=EDGE_LOOP('',(#583,#584,#585,#586,#587,#588));
#1031=EDGE_LOOP('',(#589,#590,#591));
#1032=EDGE_LOOP('',(#592,#593,#594,#595));
#1033=EDGE_LOOP('',(#596,#597,#598,#599));
#1034=EDGE_LOOP('',(#600,#601,#602,#603));
#1035=EDGE_LOOP('',(#604,#605,#606,#607));
#1036=EDGE_LOOP('',(#608,#609,#610,#611));
#1037=FACE_BOUND('',#953,.T.);
#1038=FACE_BOUND('',#954,.T.);
#1039=FACE_BOUND('',#955,.T.);
#1040=FACE_BOUND('',#956,.T.);
#1041=FACE_BOUND('',#957,.T.);
#1042=FACE_BOUND('',#958,.T.);
#1043=FACE_BOUND('',#959,.T.);
#1044=FACE_BOUND('',#960,.T.);
#1045=FACE_BOUND('',#961,.T.);
#1046=FACE_BOUND('',#962,.T.);
#1047=FACE_BOUND('',#963,.T.);
#1048=FACE_BOUND('',#964,.T.);
#1049=FACE_BOUND('',#965,.T.);
#1050=FACE_BOUND('',#966,.T.);
#1051=FACE_BOUND('',#967,.T.);
#1052=FACE_BOUND('',#968,.T.);
#1053=FACE_BOUND('',#969,.T.);
#1054=FACE_BOUND('',#970,.T.);
#1055=FACE_BOUND('',#971,.T.);
#1056=FACE_BOUND('',#972,.T.);
#1057=FACE_BOUND('',#973,.T.);
#1058=FACE_BOUND('',#974,.T.);
#1059=FACE_BOUND('',#975,.T.);
#1060=FACE_BOUND('',#976,.T.);
#1061=FACE_BOUND('',#977,.T.);
#1062=FACE_BOUND('',#978,.T.);
#1063=FACE_BOUND('',#979,.T.);
#1064=FACE_BOUND('',#980,.T.);
#1065=FACE_BOUND('',#981,.T.);
#1066=FACE_BOUND('',#982,.T.);
#1067=FACE_BOUND('',#983,.T.);
#1068=FACE_BOUND('',#984,.T.);
#1069=FACE_BOUND('',#985,.T.);
#1070=FACE_BOUND('',#986,.T.);
#1071=FACE_BOUND('',#987,.T.);
#1072=FACE_BOUND('',#988,.T.);
#1073=FACE_BOUND('',#989,.T.);
#1074=FACE_BOUND('',#990,.T.);
#1075=FACE_BOUND('',#991,.T.);
#1076=FACE_BOUND('',#992,.T.);
#1077=FACE_BOUND('',#993,.T.);
#1078=FACE_BOUND('',#994,.T.);
#1079=FACE_BOUND('',#995,.T.);
#1080=FACE_BOUND('',#996,.T.);
#1081=FACE_BOUND('',#997,.T.);
#1082=FACE_BOUND('',#998,.T.);
#1083=FACE_BOUND('',#999,.T.);
#1084=FACE_BOUND('',#1000,.T.);
#1085=FACE_BOUND('',#1001,.T.);
#1086=FACE_BOUND('',#1002,.T.);
#1087=FACE_BOUND('',#1003,.T.);
#1088=FACE_BOUND('',#1004,.T.);
#1089=FACE_BOUND('',#1005,.T.);
#1090=FACE_BOUND('',#1006,.T.);
#1091=FACE_BOUND('',#1007,.T.);
#1092=FACE_BOUND('',#1008,.T.);
#1093=FACE_BOUND('',#1009,.T.);
#1094=FACE_BOUND('',#1010,.T.);
#1095=FACE_BOUND('',#1011,.T.);
#1096=FACE_BOUND('',#1012,.T.);
#1097=FACE_BOUND('',#1013,.T.);
#1098=FACE_BOUND('',#1014,.T.);
#1099=FACE_BOUND('',#1015,.T.);
#1100=FACE_BOUND('',#1016,.T.);
#1101=FACE_BOUND('',#1017,.T.);
#1102=FACE_BOUND('',#1018,.T.);
#1103=FACE_BOUND('',#1019,.T.);
#1104=FACE_BOUND('',#1020,.T.);
#1105=FACE_BOUND('',#1021,.T.);
#1106=FACE_BOUND('',#1022,.T.);
#1107=FACE_BOUND('',#1023,.T.);
#1108=FACE_BOUND('',#1024,.T.);
#1109=FACE_BOUND('',#1025,.T.);
#1110=FACE_BOUND('',#1026,.T.);
#1111=FACE_BOUND('',#1027,.T.);
#1112=FACE_BOUND('',#1028,.T.);
#1113=FACE_BOUND('',#1029,.T.);
#1114=FACE_BOUND('',#1030,.T.);
#1115=FACE_BOUND('',#1031,.T.);
#1116=FACE_BOUND('',#1032,.T.);
#1117=FACE_BOUND('',#1033,.T.);
#1118=FACE_BOUND('',#1034,.T.);
#1119=FACE_BOUND('',#1035,.T.);
#1120=FACE_BOUND('',#1036,.T.);
#1121=SPHERICAL_SURFACE('',#1210,0.00254);
#1122=SPHERICAL_SURFACE('',#1214,0.00254);
#1123=SPHERICAL_SURFACE('',#1325,0.00254);
#1124=SPHERICAL_SURFACE('',#1329,0.00254);
#1125=ADVANCED_FACE('',(#1037),#1121,.T.);
#1126=ADVANCED_FACE('',(#1038),#1122,.T.);
#1127=ADVANCED_FACE('',(#1039),#245,.T.);
#1128=ADVANCED_FACE('',(#1040),#246,.F.);
#1129=ADVANCED_FACE('',(#1041),#247,.T.);
#1130=ADVANCED_FACE('',(#1042),#248,.T.);
#1131=ADVANCED_FACE('',(#1043),#51,.T.);
#1132=ADVANCED_FACE('',(#1044),#52,.T.);
#1133=ADVANCED_FACE('Face appearance 2',(#1045,#1046),#249,.T.);
#1134=ADVANCED_FACE('Face appearance 2',(#1047,#1048),#250,.T.);
#1135=ADVANCED_FACE('',(#1049),#251,.F.);
#1136=ADVANCED_FACE('',(#1050),#252,.F.);
#1137=ADVANCED_FACE('',(#1051),#253,.T.);
#1138=ADVANCED_FACE('',(#1052,#1053),#53,.F.);
#1139=ADVANCED_FACE('',(#1054,#1055),#54,.F.);
#1140=ADVANCED_FACE('',(#1056,#1057,#1058),#254,.F.);
#1141=ADVANCED_FACE('',(#1059),#255,.T.);
#1142=ADVANCED_FACE('',(#1060),#55,.F.);
#1143=ADVANCED_FACE('',(#1061),#56,.F.);
#1144=ADVANCED_FACE('',(#1062),#57,.T.);
#1145=ADVANCED_FACE('',(#1063),#25,.T.);
#1146=ADVANCED_FACE('',(#1064),#26,.T.);
#1147=ADVANCED_FACE('',(#1065),#58,.T.);
#1148=ADVANCED_FACE('',(#1066),#23,.T.);
#1149=ADVANCED_FACE('',(#1067),#59,.T.);
#1150=ADVANCED_FACE('',(#1068),#16,.T.);
#1151=ADVANCED_FACE('',(#1069),#17,.T.);
#1152=ADVANCED_FACE('',(#1070),#60,.T.);
#1153=ADVANCED_FACE('',(#1071),#24,.T.);
#1154=ADVANCED_FACE('',(#1072),#61,.T.);
#1155=ADVANCED_FACE('',(#1073),#27,.T.);
#1156=ADVANCED_FACE('',(#1074),#28,.T.);
#1157=ADVANCED_FACE('',(#1075),#62,.T.);
#1158=ADVANCED_FACE('',(#1076),#256,.F.);
#1159=ADVANCED_FACE('',(#1077),#257,.T.);
#1160=ADVANCED_FACE('',(#1078),#258,.T.);
#1161=ADVANCED_FACE('',(#1079),#259,.T.);
#1162=ADVANCED_FACE('',(#1080,#1081,#1082),#260,.F.);
#1163=ADVANCED_FACE('',(#1083,#1084),#63,.F.);
#1164=ADVANCED_FACE('',(#1085),#12,.T.);
#1165=ADVANCED_FACE('',(#1086),#261,.T.);
#1166=ADVANCED_FACE('',(#1087),#13,.T.);
#1167=ADVANCED_FACE('',(#1088),#262,.T.);
#1168=ADVANCED_FACE('',(#1089),#14,.T.);
#1169=ADVANCED_FACE('',(#1090),#263,.T.);
#1170=ADVANCED_FACE('',(#1091),#15,.T.);
#1171=ADVANCED_FACE('',(#1092),#264,.T.);
#1172=ADVANCED_FACE('',(#1093,#1094),#64,.F.);
#1173=ADVANCED_FACE('',(#1095,#1096,#1097),#265,.T.);
#1174=ADVANCED_FACE('',(#1098),#65,.F.);
#1175=ADVANCED_FACE('',(#1099),#66,.F.);
#1176=ADVANCED_FACE('',(#1100),#67,.F.);
#1177=ADVANCED_FACE('',(#1101),#68,.T.);
#1178=ADVANCED_FACE('',(#1102),#69,.F.);
#1179=ADVANCED_FACE('',(#1103),#1123,.T.);
#1180=ADVANCED_FACE('',(#1104),#70,.T.);
#1181=ADVANCED_FACE('',(#1105),#18,.T.);
#1182=ADVANCED_FACE('',(#1106),#1124,.T.);
#1183=ADVANCED_FACE('',(#1107),#71,.T.);
#1184=ADVANCED_FACE('',(#1108),#19,.T.);
#1185=ADVANCED_FACE('',(#1109),#20,.T.);
#1186=ADVANCED_FACE('',(#1110),#72,.T.);
#1187=ADVANCED_FACE('',(#1111),#73,.T.);
#1188=ADVANCED_FACE('',(#1112),#21,.T.);
#1189=ADVANCED_FACE('',(#1113),#74,.T.);
#1190=ADVANCED_FACE('',(#1114),#29,.T.);
#1191=ADVANCED_FACE('',(#1115),#22,.T.);
#1192=ADVANCED_FACE('',(#1116),#75,.T.);
#1193=ADVANCED_FACE('',(#1117),#30,.T.);
#1194=ADVANCED_FACE('',(#1118),#31,.T.);
#1195=ADVANCED_FACE('',(#1119),#76,.T.);
#1196=ADVANCED_FACE('',(#1120),#77,.T.);
#1197=CLOSED_SHELL('',(#1125,#1126,#1127,#1128,#1129,#1130,#1131,#1132,
#1133,#1134,#1135,#1136,#1137,#1138,#1139,#1140,#1141,#1142,#1143,#1144,
#1145,#1146,#1147,#1148,#1149,#1150,#1151,#1152,#1153,#1154,#1155,#1156,
#1157,#1158,#1159,#1160,#1161,#1162,#1163,#1164,#1165,#1166,#1167,#1168,
#1169,#1170,#1171,#1172,#1173,#1174,#1175,#1176,#1177,#1178,#1179,#1180,
#1181,#1182,#1183,#1184,#1185,#1186,#1187,#1188,#1189,#1190,#1191,#1192,
#1193,#1194,#1195,#1196));
#1198=STYLED_ITEM('',(#1199),#1206);
#1199=PRESENTATION_STYLE_ASSIGNMENT((#1200));
#1200=SURFACE_STYLE_USAGE(.BOTH.,#1201);
#1201=SURFACE_SIDE_STYLE('',(#1202));
#1202=SURFACE_STYLE_FILL_AREA(#1203);
#1203=FILL_AREA_STYLE('',(#1204));
#1204=FILL_AREA_STYLE_COLOUR('',#1205);
#1205=DRAUGHTING_PRE_DEFINED_COLOUR('red');
#1206=MANIFOLD_SOLID_BREP('Part 2',#1197);
#1207=SHAPE_DEFINITION_REPRESENTATION(#2278,#1208);
#1208=SHAPE_REPRESENTATION('Part 2',(#1209),#2273);
#1209=AXIS2_PLACEMENT_3D('',#1709,#1351,#1352);
#1210=AXIS2_PLACEMENT_3D('',#1710,#1353,#1354);
#1211=AXIS2_PLACEMENT_3D('',#1711,#1355,#1356);
#1212=AXIS2_PLACEMENT_3D('',#1714,#1357,#1358);
#1213=AXIS2_PLACEMENT_3D('',#1716,#1359,#1360);
#1214=AXIS2_PLACEMENT_3D('',#1717,#1361,#1362);
#1215=AXIS2_PLACEMENT_3D('',#1718,#1363,#1364);
#1216=AXIS2_PLACEMENT_3D('',#1721,#1365,#1366);
#1217=AXIS2_PLACEMENT_3D('',#1723,#1367,#1368);
#1218=AXIS2_PLACEMENT_3D('',#1724,#1369,#1370);
#1219=AXIS2_PLACEMENT_3D('',#1735,#1377,#1378);
#1220=AXIS2_PLACEMENT_3D('',#1739,#1380,#1381);
#1221=AXIS2_PLACEMENT_3D('',#1756,#1388,#1389);
#1222=AXIS2_PLACEMENT_3D('',#1780,#1399,#1400);
#1223=AXIS2_PLACEMENT_3D('',#1781,#1401,#1402);
#1224=AXIS2_PLACEMENT_3D('',#1793,#1406,#1407);
#1225=AXIS2_PLACEMENT_3D('',#1794,#1408,#1409);
#1226=AXIS2_PLACEMENT_3D('',#1795,#1410,#1411);
#1227=AXIS2_PLACEMENT_3D('',#1796,#1412,#1413);
#1228=AXIS2_PLACEMENT_3D('',#1797,#1414,#1415);
#1229=AXIS2_PLACEMENT_3D('',#1798,#1416,#1417);
#1230=AXIS2_PLACEMENT_3D('',#1800,#1418,#1419);
#1231=AXIS2_PLACEMENT_3D('',#1808,#1423,#1424);
#1232=AXIS2_PLACEMENT_3D('',#1814,#1427,#1428);
#1233=AXIS2_PLACEMENT_3D('',#1817,#1430,#1431);
#1234=AXIS2_PLACEMENT_3D('',#1819,#1432,#1433);
#1235=AXIS2_PLACEMENT_3D('',#1823,#1435,#1436);
#1236=AXIS2_PLACEMENT_3D('',#1827,#1438,#1439);
#1237=AXIS2_PLACEMENT_3D('',#1828,#1440,#1441);
#1238=AXIS2_PLACEMENT_3D('',#1834,#1444,#1445);
#1239=AXIS2_PLACEMENT_3D('',#1837,#1447,#1448);
#1240=AXIS2_PLACEMENT_3D('',#1838,#1449,#1450);
#1241=AXIS2_PLACEMENT_3D('',#1843,#1453,#1454);
#1242=AXIS2_PLACEMENT_3D('',#1844,#1455,#1456);
#1243=AXIS2_PLACEMENT_3D('',#1846,#1457,#1458);
#1244=AXIS2_PLACEMENT_3D('',#1847,#1459,#1460);
#1245=AXIS2_PLACEMENT_3D('',#1849,#1461,#1462);
#1246=AXIS2_PLACEMENT_3D('',#1850,#1463,#1464);
#1247=AXIS2_PLACEMENT_3D('',#1856,#1467,#1468);
#1248=AXIS2_PLACEMENT_3D('',#1860,#1471,#1472);
#1249=AXIS2_PLACEMENT_3D('',#1861,#1473,#1474);
#1250=AXIS2_PLACEMENT_3D('',#1867,#1478,#1479);
#1251=AXIS2_PLACEMENT_3D('',#1868,#1480,#1481);
#1252=AXIS2_PLACEMENT_3D('',#1869,#1482,#1483);
#1253=AXIS2_PLACEMENT_3D('',#1870,#1484,#1485);
#1254=AXIS2_PLACEMENT_3D('',#1872,#1486,#1487);
#1255=AXIS2_PLACEMENT_3D('',#1873,#1488,#1489);
#1256=AXIS2_PLACEMENT_3D('',#1874,#1490,#1491);
#1257=AXIS2_PLACEMENT_3D('',#1875,#1492,#1493);
#1258=AXIS2_PLACEMENT_3D('',#1877,#1494,#1495);
#1259=AXIS2_PLACEMENT_3D('',#1878,#1496,#1497);
#1260=AXIS2_PLACEMENT_3D('',#1879,#1498,#1499);
#1261=AXIS2_PLACEMENT_3D('',#1880,#1500,#1501);
#1262=AXIS2_PLACEMENT_3D('',#1886,#1502,#1503);
#1263=AXIS2_PLACEMENT_3D('',#1887,#1504,#1505);
#1264=AXIS2_PLACEMENT_3D('',#1888,#1506,#1507);
#1265=AXIS2_PLACEMENT_3D('',#1889,#1508,#1509);
#1266=AXIS2_PLACEMENT_3D('',#1890,#1510,#1511);
#1267=AXIS2_PLACEMENT_3D('',#1891,#1512,#1513);
#1268=AXIS2_PLACEMENT_3D('',#1892,#1514,#1515);
#1269=AXIS2_PLACEMENT_3D('',#1893,#1516,#1517);
#1270=AXIS2_PLACEMENT_3D('',#1962,#1518,#1519);
#1271=AXIS2_PLACEMENT_3D('',#1963,#1520,#1521);
#1272=AXIS2_PLACEMENT_3D('',#1964,#1522,#1523);
#1273=AXIS2_PLACEMENT_3D('',#1965,#1524,#1525);
#1274=AXIS2_PLACEMENT_3D('',#1966,#1526,#1527);
#1275=AXIS2_PLACEMENT_3D('',#1967,#1528,#1529);
#1276=AXIS2_PLACEMENT_3D('',#1968,#1530,#1531);
#1277=AXIS2_PLACEMENT_3D('',#1969,#1532,#1533);
#1278=AXIS2_PLACEMENT_3D('',#1975,#1534,#1535);
#1279=AXIS2_PLACEMENT_3D('',#1976,#1536,#1537);
#1280=AXIS2_PLACEMENT_3D('',#1977,#1538,#1539);
#1281=AXIS2_PLACEMENT_3D('',#1978,#1540,#1541);
#1282=AXIS2_PLACEMENT_3D('',#1984,#1542,#1543);
#1283=AXIS2_PLACEMENT_3D('',#1986,#1544,#1545);
#1284=AXIS2_PLACEMENT_3D('',#1997,#1549,#1550);
#1285=AXIS2_PLACEMENT_3D('',#1998,#1551,#1552);
#1286=AXIS2_PLACEMENT_3D('',#2007,#1557,#1558);
#1287=AXIS2_PLACEMENT_3D('',#2019,#1559,#1560);
#1288=AXIS2_PLACEMENT_3D('',#2023,#1562,#1563);
#1289=AXIS2_PLACEMENT_3D('',#2026,#1565,#1566);
#1290=AXIS2_PLACEMENT_3D('',#2041,#1571,#1572);
#1291=AXIS2_PLACEMENT_3D('',#2045,#1574,#1575);
#1292=AXIS2_PLACEMENT_3D('',#2049,#1577,#1578);
#1293=AXIS2_PLACEMENT_3D('',#2053,#1580,#1581);
#1294=AXIS2_PLACEMENT_3D('',#2054,#1582,#1583);
#1295=AXIS2_PLACEMENT_3D('',#2056,#1584,#1585);
#1296=AXIS2_PLACEMENT_3D('',#2058,#1586,#1587);
#1297=AXIS2_PLACEMENT_3D('',#2059,#1588,#1589);
#1298=AXIS2_PLACEMENT_3D('',#2075,#1592,#1593);
#1299=AXIS2_PLACEMENT_3D('',#2076,#1594,#1595);
#1300=AXIS2_PLACEMENT_3D('',#2092,#1599,#1600);
#1301=AXIS2_PLACEMENT_3D('',#2093,#1601,#1602);
#1302=AXIS2_PLACEMENT_3D('',#2109,#1606,#1607);
#1303=AXIS2_PLACEMENT_3D('',#2110,#1608,#1609);
#1304=AXIS2_PLACEMENT_3D('',#2126,#1613,#1614);
#1305=AXIS2_PLACEMENT_3D('',#2127,#1615,#1616);
#1306=AXIS2_PLACEMENT_3D('',#2128,#1617,#1618);
#1307=AXIS2_PLACEMENT_3D('',#2144,#1620,#1621);
#1308=AXIS2_PLACEMENT_3D('',#2146,#1623,#1624);
#1309=AXIS2_PLACEMENT_3D('',#2147,#1625,#1626);
#1310=AXIS2_PLACEMENT_3D('',#2149,#1627,#1628);
#1311=AXIS2_PLACEMENT_3D('',#2150,#1629,#1630);
#1312=AXIS2_PLACEMENT_3D('',#2155,#1631,#1632);
#1313=AXIS2_PLACEMENT_3D('',#2156,#1633,#1634);
#1314=AXIS2_PLACEMENT_3D('',#2157,#1635,#1636);
#1315=AXIS2_PLACEMENT_3D('',#2158,#1637,#1638);
#1316=AXIS2_PLACEMENT_3D('',#2159,#1639,#1640);
#1317=AXIS2_PLACEMENT_3D('',#2160,#1641,#1642);
#1318=AXIS2_PLACEMENT_3D('',#2161,#1643,#1644);
#1319=AXIS2_PLACEMENT_3D('',#2162,#1645,#1646);
#1320=AXIS2_PLACEMENT_3D('',#2163,#1647,#1648);
#1321=AXIS2_PLACEMENT_3D('',#2164,#1649,#1650);
#1322=AXIS2_PLACEMENT_3D('',#2165,#1651,#1652);
#1323=AXIS2_PLACEMENT_3D('',#2166,#1653,#1654);
#1324=AXIS2_PLACEMENT_3D('',#2167,#1655,#1656);
#1325=AXIS2_PLACEMENT_3D('',#2168,#1657,#1658);
#1326=AXIS2_PLACEMENT_3D('',#2169,#1659,#1660);
#1327=AXIS2_PLACEMENT_3D('',#2170,#1661,#1662);
#1328=AXIS2_PLACEMENT_3D('',#2171,#1663,#1664);
#1329=AXIS2_PLACEMENT_3D('',#2193,#1665,#1666);
#1330=AXIS2_PLACEMENT_3D('',#2194,#1667,#1668);
#1331=AXIS2_PLACEMENT_3D('',#2195,#1669,#1670);
#1332=AXIS2_PLACEMENT_3D('',#2196,#1671,#1672);
#1333=AXIS2_PLACEMENT_3D('',#2230,#1673,#1674);
#1334=AXIS2_PLACEMENT_3D('',#2231,#1675,#1676);
#1335=AXIS2_PLACEMENT_3D('',#2232,#1677,#1678);
#1336=AXIS2_PLACEMENT_3D('',#2233,#1679,#1680);
#1337=AXIS2_PLACEMENT_3D('',#2234,#1681,#1682);
#1338=AXIS2_PLACEMENT_3D('',#2247,#1683,#1684);
#1339=AXIS2_PLACEMENT_3D('',#2248,#1685,#1686);
#1340=AXIS2_PLACEMENT_3D('',#2249,#1687,#1688);
#1341=AXIS2_PLACEMENT_3D('',#2250,#1689,#1690);
#1342=AXIS2_PLACEMENT_3D('',#2263,#1691,#1692);
#1343=AXIS2_PLACEMENT_3D('',#2264,#1693,#1694);
#1344=AXIS2_PLACEMENT_3D('',#2265,#1695,#1696);
#1345=AXIS2_PLACEMENT_3D('',#2266,#1697,#1698);
#1346=AXIS2_PLACEMENT_3D('',#2267,#1699,#1700);
#1347=AXIS2_PLACEMENT_3D('',#2268,#1701,#1702);
#1348=AXIS2_PLACEMENT_3D('',#2269,#1703,#1704);
#1349=AXIS2_PLACEMENT_3D('',#2270,#1705,#1706);
#1350=AXIS2_PLACEMENT_3D('',#2271,#1707,#1708);
#1351=DIRECTION('',(0.,0.,1.));
#1352=DIRECTION('',(1.,0.,0.));
#1353=DIRECTION('',(1.,0.,0.));
#1354=DIRECTION('',(0.,0.,-1.));
#1355=DIRECTION('',(0.,1.,0.));
#1356=DIRECTION('',(0.,0.,1.));
#1357=DIRECTION('',(0.,0.707106781186548,-0.707106781186547));
#1358=DIRECTION('',(0.,0.707106781186547,0.707106781186548));
#1359=DIRECTION('',(0.,0.,1.));
#1360=DIRECTION('',(1.,0.,0.));
#1361=DIRECTION('',(1.,0.,0.));
#1362=DIRECTION('',(0.,0.,-1.));
#1363=DIRECTION('',(0.,0.,-1.));
#1364=DIRECTION('',(-1.,0.,0.));
#1365=DIRECTION('',(0.,0.707106781186548,-0.707106781186547));
#1366=DIRECTION('',(0.,0.707106781186547,0.707106781186548));
#1367=DIRECTION('',(0.,-1.,0.));
#1368=DIRECTION('',(0.,0.,-1.));
#1369=DIRECTION('',(0.,0.,-1.));
#1370=DIRECTION('',(1.,0.,0.));
#1371=DIRECTION('',(-1.,0.,0.));
#1372=DIRECTION('',(0.,1.,0.));
#1373=DIRECTION('',(0.,1.,0.));
#1374=DIRECTION('',(-1.,0.,0.));
#1375=DIRECTION('',(0.,1.,0.));
#1376=DIRECTION('',(0.,-1.,0.));
#1377=DIRECTION('',(1.,0.,0.));
#1378=DIRECTION('',(0.,0.,-1.));
#1379=DIRECTION('',(0.,-0.25881904510252,-0.965925826289069));
#1380=DIRECTION('',(1.,0.,0.));
#1381=DIRECTION('',(0.,0.,-1.));
#1382=DIRECTION('',(0.,0.,1.));
#1383=DIRECTION('',(0.,1.,0.));
#1384=DIRECTION('',(0.,0.,1.));
#1385=DIRECTION('',(0.,1.,0.));
#1386=DIRECTION('',(0.,1.,0.));
#1387=DIRECTION('',(0.,0.965925826289069,-0.25881904510252));
#1388=DIRECTION('',(1.,0.,0.));
#1389=DIRECTION('',(0.,0.,-1.));
#1390=DIRECTION('',(0.,-1.,0.));
#1391=DIRECTION('',(0.,0.965925826289069,-0.25881904510252));
#1392=DIRECTION('',(0.,-0.25881904510252,-0.965925826289069));
#1393=DIRECTION('',(0.,0.965925826289069,-0.25881904510252));
#1394=DIRECTION('',(0.,-1.,0.));
#1395=DIRECTION('',(0.,1.,0.));
#1396=DIRECTION('',(0.,0.,1.));
#1397=DIRECTION('',(0.,1.,0.));
#1398=DIRECTION('',(0.,0.,1.));
#1399=DIRECTION('',(1.,0.,0.));
#1400=DIRECTION('',(0.,0.,-1.));
#1401=DIRECTION('',(0.,0.,1.));
#1402=DIRECTION('',(1.,0.,0.));
#1403=DIRECTION('',(1.,0.,0.));
#1404=DIRECTION('',(1.,0.,0.));
#1405=DIRECTION('',(0.,-1.,0.));
#1406=DIRECTION('',(0.,1.,0.));
#1407=DIRECTION('',(0.,0.,1.));
#1408=DIRECTION('',(0.,-1.,0.));
#1409=DIRECTION('',(0.,0.,-1.));
#1410=DIRECTION('',(0.,-1.,0.));
#1411=DIRECTION('',(0.,0.,-1.));
#1412=DIRECTION('',(0.,-1.,0.));
#1413=DIRECTION('',(0.,0.,-1.));
#1414=DIRECTION('',(0.,0.,-1.));
#1415=DIRECTION('',(1.,0.,0.));
#1416=DIRECTION('',(0.,0.,1.));
#1417=DIRECTION('',(-1.,0.,0.));
#1418=DIRECTION('',(0.,0.,-1.));
#1419=DIRECTION('',(-1.,0.,0.));
#1420=DIRECTION('',(-0.999999864261989,-0.000521033592046269,0.));
#1421=DIRECTION('',(0.,1.,0.));
#1422=DIRECTION('',(1.,-3.96508223080413E-16,0.));
#1423=DIRECTION('',(0.,0.,-1.));
#1424=DIRECTION('',(1.,0.,0.));
#1425=DIRECTION('',(0.,1.,0.));
#1426=DIRECTION('',(0.999999864261989,-0.00052103359204627,0.));
#1427=DIRECTION('',(0.,0.,-1.));
#1428=DIRECTION('',(-1.,0.,0.));
#1429=DIRECTION('',(1.,-3.96508223080413E-16,0.));
#1430=DIRECTION('',(0.,0.,-1.));
#1431=DIRECTION('',(-1.,0.,0.));
#1432=DIRECTION('',(-3.96508223080413E-16,-1.,0.));
#1433=DIRECTION('',(1.,-3.96508223080413E-16,0.));
#1434=DIRECTION('',(1.,-3.96508223080413E-16,0.));
#1435=DIRECTION('',(-3.96508223080413E-16,-1.,0.));
#1436=DIRECTION('',(1.,-3.96508223080413E-16,0.));
#1437=DIRECTION('',(-1.,0.,0.));
#1438=DIRECTION('',(-3.96508223080413E-16,-1.,0.));
#1439=DIRECTION('',(1.,-3.96508223080413E-16,0.));
#1440=DIRECTION('',(-0.000521033592046269,0.999999864261989,0.));
#1441=DIRECTION('',(-0.999999864261989,-0.000521033592046269,0.));
#1442=DIRECTION('',(0.,0.,1.));
#1443=DIRECTION('',(-0.999999864261989,-0.000521033592046269,0.));
#1444=DIRECTION('',(-0.000521033592046269,0.999999864261989,0.));
#1445=DIRECTION('',(-0.999999864261989,-0.000521033592046269,0.));
#1446=DIRECTION('',(-0.999999864261989,-0.000521033592046269,0.));
#1447=DIRECTION('',(-0.00052103359204627,-0.999999864261989,0.));
#1448=DIRECTION('',(0.999999864261989,-0.00052103359204627,0.));
#1449=DIRECTION('',(-0.00052103359204627,-0.999999864261989,0.));
#1450=DIRECTION('',(-0.999999864261989,0.00052103359204627,0.));
#1451=DIRECTION('',(0.999999864261989,-0.00052103359204627,0.));
#1452=DIRECTION('',(0.999999864261989,-0.00052103359204627,0.));
#1453=DIRECTION('',(0.,0.,1.));
#1454=DIRECTION('',(1.,0.,0.));
#1455=DIRECTION('',(0.,0.,-1.));
#1456=DIRECTION('',(-1.,0.,0.));
#1457=DIRECTION('',(0.,0.,1.));
#1458=DIRECTION('',(1.,0.,0.));
#1459=DIRECTION('',(0.,0.,1.));
#1460=DIRECTION('',(-1.,0.,0.));
#1461=DIRECTION('',(0.,0.,-1.));
#1462=DIRECTION('',(1.,0.,0.));
#1463=DIRECTION('',(0.,0.,-1.));
#1464=DIRECTION('',(-1.,0.,0.));
#1465=DIRECTION('',(0.999999864261989,-0.00052103359204627,0.));
#1466=DIRECTION('',(-0.999999864261989,-0.000521033592046269,0.));
#1467=DIRECTION('',(0.,0.,1.));
#1468=DIRECTION('',(-1.,0.,0.));
#1469=DIRECTION('',(1.,-3.96508223080413E-16,0.));
#1470=DIRECTION('',(1.,-3.96508223080413E-16,0.));
#1471=DIRECTION('',(0.,1.,0.));
#1472=DIRECTION('',(0.,0.,1.));
#1473=DIRECTION('',(0.,1.,0.));
#1474=DIRECTION('',(0.,0.,1.));
#1475=DIRECTION('',(0.,0.,1.));
#1476=DIRECTION('',(-1.,0.,0.));
#1477=DIRECTION('',(0.,0.,1.));
#1478=DIRECTION('',(0.,1.,0.));
#1479=DIRECTION('',(0.,0.,1.));
#1480=DIRECTION('',(0.,-1.,0.));
#1481=DIRECTION('',(0.,0.,-1.));
#1482=DIRECTION('',(0.00104206675974757,-0.999999457048287,0.));
#1483=DIRECTION('',(-0.999999457048287,-0.00104206675974757,0.));
#1484=DIRECTION('',(0.,1.,0.));
#1485=DIRECTION('',(0.,0.,1.));
#1486=DIRECTION('',(-3.96508223080413E-16,-1.,0.));
#1487=DIRECTION('',(1.,-3.96508223080413E-16,0.));
#1488=DIRECTION('',(0.,1.,0.));
#1489=DIRECTION('',(0.,0.,1.));
#1490=DIRECTION('',(0.00104206675974757,0.999999457048287,0.));
#1491=DIRECTION('',(-0.999999457048287,0.00104206675974757,0.));
#1492=DIRECTION('',(-3.96508223080413E-16,-1.,0.));
#1493=DIRECTION('',(1.,-3.96508223080413E-16,0.));
#1494=DIRECTION('',(0.,1.,0.));
#1495=DIRECTION('',(0.,0.,1.));
#1496=DIRECTION('',(0.,0.,1.));
#1497=DIRECTION('',(1.,0.,0.));
#1498=DIRECTION('',(0.,0.,1.));
#1499=DIRECTION('',(1.,0.,0.));
#1500=DIRECTION('',(0.,1.,0.));
#1501=DIRECTION('',(0.,0.,1.));
#1502=DIRECTION('',(-3.96508223080413E-16,-1.,0.));
#1503=DIRECTION('',(1.,-3.96508223080413E-16,0.));
#1504=DIRECTION('',(1.,0.,0.));
#1505=DIRECTION('',(0.,0.,-1.));
#1506=DIRECTION('',(-1.,3.96508223080413E-16,0.));
#1507=DIRECTION('',(-3.96508223080413E-16,-1.,0.));
#1508=DIRECTION('',(1.,0.,0.));
#1509=DIRECTION('',(0.,0.,-1.));
#1510=DIRECTION('',(0.,0.,-1.));
#1511=DIRECTION('',(-1.,0.,0.));
#1512=DIRECTION('',(-0.999999864262142,-0.000521033297066778,0.));
#1513=DIRECTION('',(0.000521033297066778,-0.999999864262142,0.));
#1514=DIRECTION('',(0.999999864261989,0.000521033592046269,0.));
#1515=DIRECTION('',(-0.000521033592046269,0.999999864261989,0.));
#1516=DIRECTION('',(-0.999999864261989,-0.00052103359204646,0.));
#1517=DIRECTION('',(0.00052103359204646,-0.999999864261989,0.));
#1518=DIRECTION('',(-0.999999864261989,0.00052103359204646,0.));
#1519=DIRECTION('',(-0.00052103359204646,-0.999999864261989,0.));
#1520=DIRECTION('',(0.999999864261989,-0.00052103359204627,0.));
#1521=DIRECTION('',(0.00052103359204627,0.999999864261989,0.));
#1522=DIRECTION('',(-0.999999864261989,0.000521033592045094,0.));
#1523=DIRECTION('',(-0.000521033592045094,-0.999999864261989,0.));
#1524=DIRECTION('',(0.,0.,-1.));
#1525=DIRECTION('',(-1.,0.,0.));
#1526=DIRECTION('',(1.,0.,0.));
#1527=DIRECTION('',(0.,0.,-1.));
#1528=DIRECTION('',(-1.,3.96508223080413E-16,0.));
#1529=DIRECTION('',(-3.96508223080413E-16,-1.,0.));
#1530=DIRECTION('',(1.,0.,0.));
#1531=DIRECTION('',(0.,0.,-1.));
#1532=DIRECTION('',(-3.96508223080413E-16,-1.,0.));
#1533=DIRECTION('',(1.,-3.96508223080413E-16,0.));
#1534=DIRECTION('',(0.,1.,0.));
#1535=DIRECTION('',(0.,0.,1.));
#1536=DIRECTION('',(0.,0.,-1.));
#1537=DIRECTION('',(-1.,0.,0.));
#1538=DIRECTION('',(0.,0.,-1.));
#1539=DIRECTION('',(-1.,0.,0.));
#1540=DIRECTION('',(0.,1.,0.));
#1541=DIRECTION('',(0.,0.,1.));
#1542=DIRECTION('',(0.,1.,0.));
#1543=DIRECTION('',(1.,0.,0.));
#1544=DIRECTION('',(0.,1.,0.));
#1545=DIRECTION('',(1.,0.,0.));
#1546=DIRECTION('',(0.,0.,1.));
#1547=DIRECTION('',(1.,0.,0.));
#1548=DIRECTION('',(0.,0.,1.));
#1549=DIRECTION('',(0.,0.707106781186548,-0.707106781186547));
#1550=DIRECTION('',(0.,0.707106781186547,0.707106781186548));
#1551=DIRECTION('',(0.,-0.25881904510252,-0.965925826289069));
#1552=DIRECTION('',(0.,0.965925826289069,-0.25881904510252));
#1553=DIRECTION('',(-1.,0.,0.));
#1554=DIRECTION('',(0.,0.965925826289069,-0.25881904510252));
#1555=DIRECTION('',(-1.,0.,0.));
#1556=DIRECTION('',(0.,0.965925826289069,-0.25881904510252));
#1557=DIRECTION('',(0.,0.25881904510252,0.965925826289069));
#1558=DIRECTION('',(0.,-0.965925826289069,0.25881904510252));
#1559=DIRECTION('',(0.,0.25881904510252,0.965925826289069));
#1560=DIRECTION('',(0.,-0.965925826289069,0.25881904510252));
#1561=DIRECTION('',(1.,0.,0.));
#1562=DIRECTION('',(0.,0.25881904510252,0.965925826289069));
#1563=DIRECTION('',(0.,-0.965925826289069,0.25881904510252));
#1564=DIRECTION('',(0.,0.965925826289069,-0.25881904510252));
#1565=DIRECTION('',(0.,-0.965925826289069,0.25881904510252));
#1566=DIRECTION('',(1.,0.,0.));
#1567=DIRECTION('',(1.,0.,0.));
#1568=DIRECTION('',(0.,-0.25881904510252,-0.965925826289069));
#1569=DIRECTION('',(0.,-0.25881904510252,-0.965925826289069));
#1570=DIRECTION('',(1.,0.,0.));
#1571=DIRECTION('',(0.,-0.965925826289069,0.25881904510252));
#1572=DIRECTION('',(-1.,0.,0.));
#1573=DIRECTION('',(0.,-0.25881904510252,-0.965925826289069));
#1574=DIRECTION('',(0.,-0.965925826289069,0.25881904510252));
#1575=DIRECTION('',(-1.,0.,0.));
#1576=DIRECTION('',(-1.,0.,0.));
#1577=DIRECTION('',(0.,-0.965925826289069,0.25881904510252));
#1578=DIRECTION('',(-1.,0.,0.));
#1579=DIRECTION('',(0.,0.25881904510252,0.965925826289069));
#1580=DIRECTION('',(0.,-0.965925826289069,0.25881904510252));
#1581=DIRECTION('',(-1.,0.,0.));
#1582=DIRECTION('',(0.,-0.965925826289069,0.25881904510252));
#1583=DIRECTION('',(0.,-0.25881904510252,-0.965925826289069));
#1584=DIRECTION('',(0.,-0.965925826289069,0.25881904510252));
#1585=DIRECTION('',(0.,-0.25881904510252,-0.965925826289069));
#1586=DIRECTION('',(0.,-0.965925826289069,0.25881904510252));
#1587=DIRECTION('',(0.,-0.25881904510252,-0.965925826289069));
#1588=DIRECTION('',(0.,-0.965925826289069,0.25881904510252));
#1589=DIRECTION('',(0.,-0.25881904510252,-0.965925826289069));
#1590=DIRECTION('',(0.,-0.965925826289069,0.25881904510252));
#1591=DIRECTION('',(0.,-0.965925826289069,0.25881904510252));
#1592=DIRECTION('',(0.,-0.965925826289069,0.25881904510252));
#1593=DIRECTION('',(-1.,0.,0.));
#1594=DIRECTION('',(-1.,0.,0.));
#1595=DIRECTION('',(0.,0.,1.));
#1596=DIRECTION('',(0.,-0.965925826289069,0.25881904510252));
#1597=DIRECTION('',(0.,-0.25881904510252,-0.965925826289069));
#1598=DIRECTION('',(0.,-0.965925826289069,0.25881904510252));
#1599=DIRECTION('',(0.,-0.965925826289069,0.25881904510252));
#1600=DIRECTION('',(-1.,0.,0.));
#1601=DIRECTION('',(0.,0.25881904510252,0.965925826289069));
#1602=DIRECTION('',(0.,-0.965925826289069,0.25881904510252));
#1603=DIRECTION('',(0.,-0.965925826289069,0.25881904510252));
#1604=DIRECTION('',(-1.,0.,0.));
#1605=DIRECTION('',(0.,-0.965925826289069,0.25881904510252));
#1606=DIRECTION('',(0.,-0.965925826289069,0.25881904510252));
#1607=DIRECTION('',(-1.,0.,0.));
#1608=DIRECTION('',(1.,0.,0.));
#1609=DIRECTION('',(0.,0.,-1.));
#1610=DIRECTION('',(0.,-0.965925826289069,0.25881904510252));
#1611=DIRECTION('',(0.,0.25881904510252,0.965925826289069));
#1612=DIRECTION('',(0.,-0.965925826289069,0.25881904510252));
#1613=DIRECTION('',(0.,-0.965925826289069,0.25881904510252));
#1614=DIRECTION('',(-1.,0.,0.));
#1615=DIRECTION('',(0.,-0.25881904510252,-0.965925826289069));
#1616=DIRECTION('',(0.,0.965925826289069,-0.25881904510252));
#1617=DIRECTION('',(0.,-0.25881904510252,-0.965925826289069));
#1618=DIRECTION('',(0.,0.965925826289069,-0.25881904510252));
#1619=DIRECTION('',(-1.,0.,0.));
#1620=DIRECTION('',(0.,-0.25881904510252,-0.965925826289069));
#1621=DIRECTION('',(0.,0.965925826289069,-0.25881904510252));
#1622=DIRECTION('',(1.,0.,0.));
#1623=DIRECTION('',(0.,-0.965925826289069,0.25881904510252));
#1624=DIRECTION('',(0.,-0.25881904510252,-0.965925826289069));
#1625=DIRECTION('',(0.,-0.965925826289069,0.25881904510252));
#1626=DIRECTION('',(0.,-0.25881904510252,-0.965925826289069));
#1627=DIRECTION('',(0.,-0.965925826289069,0.25881904510252));
#1628=DIRECTION('',(1.,0.,0.));
#1629=DIRECTION('',(0.,0.25881904510252,0.965925826289069));
#1630=DIRECTION('',(0.,-0.965925826289069,0.25881904510252));
#1631=DIRECTION('',(0.894427190999916,-0.115747395744164,-0.431975161761002));
#1632=DIRECTION('',(-0.447213595499958,-0.231494791488327,-0.863950323522004));
#1633=DIRECTION('',(-1.,0.,0.));
#1634=DIRECTION('',(0.,0.,1.));
#1635=DIRECTION('',(0.447213595499958,-0.231494791488327,-0.863950323522004));
#1636=DIRECTION('',(-0.894427190999916,-0.115747395744163,-0.431975161761002));
#1637=DIRECTION('',(0.447213595499958,0.231494791488327,0.863950323522004));
#1638=DIRECTION('',(0.894427190999916,-0.115747395744163,-0.431975161761002));
#1639=DIRECTION('',(0.,-0.25881904510252,-0.965925826289069));
#1640=DIRECTION('',(0.,0.965925826289069,-0.25881904510252));
#1641=DIRECTION('',(0.,0.25881904510252,0.965925826289069));
#1642=DIRECTION('',(0.,-0.965925826289069,0.25881904510252));
#1643=DIRECTION('',(0.894427190999916,0.115747395744164,0.431975161761002));
#1644=DIRECTION('',(0.447213595499958,-0.231494791488327,-0.863950323522004));
#1645=DIRECTION('',(-1.,0.,0.));
#1646=DIRECTION('',(0.,0.,1.));
#1647=DIRECTION('',(-1.,0.,0.));
#1648=DIRECTION('',(0.,0.,1.));
#1649=DIRECTION('',(-1.,0.,0.));
#1650=DIRECTION('',(0.,0.,1.));
#1651=DIRECTION('',(1.,0.,0.));
#1652=DIRECTION('',(0.,0.,-1.));
#1653=DIRECTION('',(1.,0.,0.));
#1654=DIRECTION('',(0.,0.,-1.));
#1655=DIRECTION('',(1.,0.,0.));
#1656=DIRECTION('',(0.,0.,-1.));
#1657=DIRECTION('',(1.,0.,0.));
#1658=DIRECTION('',(0.,0.,-1.));
#1659=DIRECTION('',(0.,-0.965925826289067,0.258819045102525));
#1660=DIRECTION('',(0.,-0.258819045102525,-0.965925826289067));
#1661=DIRECTION('',(0.,-0.965925826289069,0.25881904510252));
#1662=DIRECTION('',(0.,-0.25881904510252,-0.965925826289069));
#1663=DIRECTION('',(0.,-0.965925826289071,0.258819045102513));
#1664=DIRECTION('',(0.,-0.258819045102513,-0.965925826289071));
#1665=DIRECTION('',(1.,0.,0.));
#1666=DIRECTION('',(0.,0.,-1.));
#1667=DIRECTION('',(0.,-0.965925826289067,0.258819045102525));
#1668=DIRECTION('',(0.,-0.258819045102525,-0.965925826289067));
#1669=DIRECTION('',(0.,0.965925826289069,-0.25881904510252));
#1670=DIRECTION('',(0.,0.25881904510252,0.965925826289069));
#1671=DIRECTION('',(-1.12621044113906E-14,-0.965925826289067,0.258819045102525));
#1672=DIRECTION('',(0.,-0.258819045102525,-0.965925826289067));
#1673=DIRECTION('',(0.999999864261989,-0.000521033592046982,0.));
#1674=DIRECTION('',(0.000521033592046982,0.999999864261989,0.));
#1675=DIRECTION('',(0.999999864261989,-0.00052103359204627,0.));
#1676=DIRECTION('',(0.00052103359204627,0.999999864261989,0.));
#1677=DIRECTION('',(0.999999864261989,-0.000521033592046273,0.));
#1678=DIRECTION('',(0.000521033592046273,0.999999864261989,0.));
#1679=DIRECTION('',(0.999999864261989,0.000521033592046269,0.));
#1680=DIRECTION('',(-0.000521033592046269,0.999999864261989,0.));
#1681=DIRECTION('',(0.999999864261989,0.000521033592046982,0.));
#1682=DIRECTION('',(-0.000521033592046982,0.999999864261989,0.));
#1683=DIRECTION('',(0.,0.,1.));
#1684=DIRECTION('',(1.,0.,0.));
#1685=DIRECTION('',(0.,0.,-1.));
#1686=DIRECTION('',(-1.,0.,0.));
#1687=DIRECTION('',(1.,0.,0.));
#1688=DIRECTION('',(0.,0.,-1.));
#1689=DIRECTION('',(0.,-0.749134452376342,0.662417973988326));
#1690=DIRECTION('',(0.,-0.662417973988326,-0.749134452376342));
#1691=DIRECTION('',(0.,0.,-1.));
#1692=DIRECTION('',(-1.,0.,0.));
#1693=DIRECTION('',(0.,0.,-1.));
#1694=DIRECTION('',(-1.,0.,0.));
#1695=DIRECTION('',(1.,0.,0.));
#1696=DIRECTION('',(0.,0.,-1.));
#1697=DIRECTION('',(0.,-1.,0.));
#1698=DIRECTION('',(0.,0.,-1.));
#1699=DIRECTION('',(0.,0.25881904510252,0.965925826289069));
#1700=DIRECTION('',(0.,-0.965925826289069,0.25881904510252));
#1701=DIRECTION('',(-3.05074454034643E-15,0.965925826289066,-0.258819045102528));
#1702=DIRECTION('',(0.,0.258819045102528,0.965925826289066));
#1703=DIRECTION('',(0.,-1.,0.));
#1704=DIRECTION('',(0.,0.,-1.));
#1705=DIRECTION('',(0.,0.99144486137381,-0.130526192220051));
#1706=DIRECTION('',(0.,-0.130526192220051,-0.99144486137381));
#1707=DIRECTION('',(0.,0.965925826289069,-0.25881904510252));
#1708=DIRECTION('',(0.,0.25881904510252,0.965925826289069));
#1709=CARTESIAN_POINT('',(0.,0.,0.));
#1710=CARTESIAN_POINT('',(0.01651,-0.122572925691276,0.0223));
#1711=CARTESIAN_POINT('',(0.01651,-0.122572925691276,0.0223));
#1712=CARTESIAN_POINT('',(0.01905,-0.122572925691276,0.0223));
#1713=CARTESIAN_POINT('',(0.01651,-0.122572925691276,0.01976));
#1714=CARTESIAN_POINT('',(0.01651,-0.121302925691276,0.02103));
#1715=CARTESIAN_POINT('',(0.01651,-0.120032925691276,0.0223));
#1716=CARTESIAN_POINT('',(0.01651,-0.122572925691276,0.0223));
#1717=CARTESIAN_POINT('',(-0.01651,-0.122572925691276,0.0223));
#1718=CARTESIAN_POINT('',(-0.01651,-0.122572925691276,0.0223));
#1719=CARTESIAN_POINT('',(-0.01905,-0.122572925691276,0.0223));
#1720=CARTESIAN_POINT('',(-0.01651,-0.120032925691276,0.0223));
#1721=CARTESIAN_POINT('',(-0.01651,-0.121302925691276,0.02103));
#1722=CARTESIAN_POINT('',(-0.01651,-0.122572925691276,0.01976));
#1723=CARTESIAN_POINT('',(-0.01651,-0.122572925691276,0.0223));
#1724=CARTESIAN_POINT('',(0.,-0.125009118089098,0.01976));
#1725=CARTESIAN_POINT('',(0.,-0.134506909397445,0.01976));
#1726=CARTESIAN_POINT('',(0.01651,-0.134506909397445,0.01976));
#1727=CARTESIAN_POINT('',(-0.01651,-0.134506909397445,0.01976));
#1728=CARTESIAN_POINT('',(-0.01651,-0.129850908239559,0.01976));
#1729=CARTESIAN_POINT('',(-0.01651,-0.129850908239559,0.01976));
#1730=CARTESIAN_POINT('',(-0.01651,-0.122572925691276,0.01976));
#1731=CARTESIAN_POINT('',(0.,-0.122572925691276,0.01976));
#1732=CARTESIAN_POINT('',(0.01651,-0.125009118089098,0.01976));
#1733=CARTESIAN_POINT('',(0.01651,-0.129850908239559,0.01976));
#1734=CARTESIAN_POINT('',(0.01651,-0.125009118089098,0.01976));
#1735=CARTESIAN_POINT('',(-0.01905,-0.125009118089098,0.01976));
#1736=CARTESIAN_POINT('',(-0.01905,-0.134800350136193,0.0267825166077978));
#1737=CARTESIAN_POINT('',(-0.01905,-0.135901322485899,0.0226736318609665));
#1738=CARTESIAN_POINT('',(-0.01905,-0.135048333464731,0.0258570302262612));
#1739=CARTESIAN_POINT('',(-0.01905,-0.132390908239559,0.0288623363456055));
#1740=CARTESIAN_POINT('',(-0.01905,-0.128379203651936,0.0288623363456055));
#1741=CARTESIAN_POINT('',(-0.01905,-0.128379203651936,0.01976));
#1742=CARTESIAN_POINT('',(-0.01905,-0.128379203651936,0.0308859162055894));
#1743=CARTESIAN_POINT('',(-0.01905,-0.128379203651937,0.0308859162055888));
#1744=CARTESIAN_POINT('',(-0.01905,-0.128080229731453,0.0305537188118402));
#1745=CARTESIAN_POINT('',(-0.01905,-0.127761131417372,0.0302344989286591));
#1746=CARTESIAN_POINT('',(-0.01905,-0.12744663356765,0.02992));
#1747=CARTESIAN_POINT('',(-0.01905,-0.12744663356765,0.02992));
#1748=CARTESIAN_POINT('',(-0.01905,-0.125009118089098,0.02992));
#1749=CARTESIAN_POINT('',(-0.01905,-0.122572925691276,0.02992));
#1750=CARTESIAN_POINT('',(-0.01905,-0.122572925691276,0.0223));
#1751=CARTESIAN_POINT('',(-0.01905,-0.133795310486921,0.0223));
#1752=CARTESIAN_POINT('',(-0.01905,-0.129850908239559,0.0223));
#1753=CARTESIAN_POINT('',(-0.01905,-0.134506909397445,0.0223));
#1754=CARTESIAN_POINT('',(-0.01905,-0.134506909397445,0.0223));
#1755=CARTESIAN_POINT('',(-0.01905,-0.135901322485899,0.0226736318609665));
#1756=CARTESIAN_POINT('',(0.01905,-0.125009118089098,0.01976));
#1757=CARTESIAN_POINT('',(0.01905,-0.125009118089098,0.0248506317579829));
#1758=CARTESIAN_POINT('',(0.01905,-0.132390908239559,0.0248506317579829));
#1759=CARTESIAN_POINT('',(0.01905,-0.133276687601722,0.0248506317579829));
#1760=CARTESIAN_POINT('',(0.01905,-0.124290282293172,0.0224427317126981));
#1761=CARTESIAN_POINT('',(0.01905,-0.135181255312234,0.025360959137945));
#1762=CARTESIAN_POINT('',(0.01905,-0.135900091108161,0.022678227425247));
#1763=CARTESIAN_POINT('',(0.01905,-0.135901322485899,0.0226736318609665));
#1764=CARTESIAN_POINT('',(0.01905,-0.125010349466836,0.0197554044357196));
#1765=CARTESIAN_POINT('',(0.01905,-0.134506909397445,0.0223));
#1766=CARTESIAN_POINT('',(0.01905,-0.125009118089098,0.0223));
#1767=CARTESIAN_POINT('',(0.01905,-0.129850908239559,0.0223));
#1768=CARTESIAN_POINT('',(0.01905,-0.125009118089098,0.0223));
#1769=CARTESIAN_POINT('',(0.01905,-0.122572925691276,0.01976));
#1770=CARTESIAN_POINT('',(0.01905,-0.122572925691276,0.02992));
#1771=CARTESIAN_POINT('',(0.01905,-0.129985310486921,0.02992));
#1772=CARTESIAN_POINT('',(0.01905,-0.12744663356765,0.02992));
#1773=CARTESIAN_POINT('',(0.01905,-0.128379203651937,0.0308859162055888));
#1774=CARTESIAN_POINT('',(0.01905,-0.128080229731453,0.0305537188118402));
#1775=CARTESIAN_POINT('',(0.01905,-0.127761131417372,0.0302344989286591));
#1776=CARTESIAN_POINT('',(0.01905,-0.12744663356765,0.02992));
#1777=CARTESIAN_POINT('',(0.01905,-0.128379203651936,0.0308859162055894));
#1778=CARTESIAN_POINT('',(0.01905,-0.128379203651936,0.0288623363456055));
#1779=CARTESIAN_POINT('',(0.01905,-0.128379203651936,0.0288623363456055));
#1780=CARTESIAN_POINT('',(0.01905,-0.132390908239559,0.0288623363456055));
#1781=CARTESIAN_POINT('',(-0.019052,-0.132781721877426,0.0263223363456055));
#1782=CARTESIAN_POINT('',(-0.019052,-0.132390908239559,0.0263223363456055));
#1783=CARTESIAN_POINT('',(0.0175782954123774,-0.132390908239559,0.0263223363456055));
#1784=CARTESIAN_POINT('',(-0.0175782954123774,-0.132390908239559,0.0263223363456055));
#1785=CARTESIAN_POINT('',(-0.0175782954123774,-0.132390908239559,0.0263223363456056));
#1786=CARTESIAN_POINT('',(-0.01775193770438,-0.132619028322937,0.0263223363456056));
#1787=CARTESIAN_POINT('',(-0.0179266141971138,-0.132848492221746,0.0263223363456056));
#1788=CARTESIAN_POINT('',(-0.0180920476926931,-0.133082934017051,0.0263223363456056));
#1789=CARTESIAN_POINT('',(-0.0180920476926931,-0.133082934017051,0.0263223363456055));
#1790=CARTESIAN_POINT('',(-0.019052,-0.133082934017051,0.0263223363456055));
#1791=CARTESIAN_POINT('',(0.0175782954123773,-0.133082934017051,0.0263223363456055));
#1792=CARTESIAN_POINT('',(0.0175782954123773,-0.132781721877426,0.0263223363456055));
#1793=CARTESIAN_POINT('',(0.01651,-0.125009118089098,0.0223));
#1794=CARTESIAN_POINT('',(0.01651,-0.134506909397445,0.0223));
#1795=CARTESIAN_POINT('',(-0.01651,-0.125009118089098,0.0223));
#1796=CARTESIAN_POINT('',(-0.01651,-0.134506909397445,0.0223));
#1797=CARTESIAN_POINT('',(1.62370117351429E-14,3.13638004456607E-15,0.03246));
#1798=CARTESIAN_POINT('',(0.035,-0.125,0.03246));
#1799=CARTESIAN_POINT('',(0.033325,-0.125,0.03246));
#1800=CARTESIAN_POINT('',(0.035,-0.125,0.03246));
#1801=CARTESIAN_POINT('',(0.035,-0.122563,0.03246));
#1802=CARTESIAN_POINT('',(0.0349986765750586,-0.127436999640654,0.03246));
#1803=CARTESIAN_POINT('',(0.0215886765746762,-0.127443987406192,0.03246));
#1804=CARTESIAN_POINT('',(0.02159,-0.127443986716643,0.03246));
#1805=CARTESIAN_POINT('',(0.02159,-0.120032925691276,0.03246));
#1806=CARTESIAN_POINT('',(0.02159,-0.122563,0.03246));
#1807=CARTESIAN_POINT('',(0.035,-0.122563,0.03246));
#1808=CARTESIAN_POINT('',(1.62370117351429E-14,3.13638004456607E-15,0.03246));
#1809=CARTESIAN_POINT('',(-0.02159,3.13638004456607E-15,0.03246));
#1810=CARTESIAN_POINT('',(-0.02159,-0.122563,0.03246));
#1811=CARTESIAN_POINT('',(-0.02159,-0.127443986716643,0.03246));
#1812=CARTESIAN_POINT('',(-6.64084503210049E-5,-0.127455201232384,0.03246));
#1813=CARTESIAN_POINT('',(-0.0349986765750586,-0.127436999640654,0.03246));
#1814=CARTESIAN_POINT('',(-0.035,-0.125,0.03246));
#1815=CARTESIAN_POINT('',(-0.035,-0.122563,0.03246));
#1816=CARTESIAN_POINT('',(-0.02159,-0.122563,0.03246));
#1817=CARTESIAN_POINT('',(-0.035,-0.125,0.03246));
#1818=CARTESIAN_POINT('',(-0.036675,-0.125,0.03246));
#1819=CARTESIAN_POINT('',(-0.0175,-0.120023,0.03246));
#1820=CARTESIAN_POINT('',(-0.0175,-0.120023,0.035));
#1821=CARTESIAN_POINT('',(-0.02159,-0.120023,0.035));
#1822=CARTESIAN_POINT('',(0.02159,-0.120023,0.035));
#1823=CARTESIAN_POINT('',(0.02159,-0.120023,0.02992));
#1824=CARTESIAN_POINT('',(0.0171905909487751,-0.120027962845638,0.03246));
#1825=CARTESIAN_POINT('',(3.46944695195361E-18,-0.120032925691276,0.03246));
#1826=CARTESIAN_POINT('',(-0.0171905909487751,-0.120027962845638,0.03246));
#1827=CARTESIAN_POINT('',(-0.02159,-0.120023,0.02992));
#1828=CARTESIAN_POINT('',(0.0175,-0.129986118089098,0.03246));
#1829=CARTESIAN_POINT('',(-2.11355896163629E-18,-0.129995236178197,0.03246));
#1830=CARTESIAN_POINT('',(-2.11355896163629E-18,-0.129995236178197,0.0339317045876227));
#1831=CARTESIAN_POINT('',(-2.11355896163629E-18,-0.129995236178197,0.035));
#1832=CARTESIAN_POINT('',(0.0171919143740988,-0.129986278612081,0.0339317045876227));
#1833=CARTESIAN_POINT('',(0.0184748147534849,-0.129985610177797,0.0339317045876227));
#1834=CARTESIAN_POINT('',(0.0215913234253238,-0.129983986371869,0.02992));
#1835=CARTESIAN_POINT('',(0.0215913234253238,-0.129983986371869,0.035));
#1836=CARTESIAN_POINT('',(0.0175,-0.129986118089098,0.035));
#1837=CARTESIAN_POINT('',(-0.0175,-0.129986118089098,0.03246));
#1838=CARTESIAN_POINT('',(-0.0215913234253238,-0.129983986371869,0.02992));
#1839=CARTESIAN_POINT('',(-0.0215913234253238,-0.129983986371869,0.035));
#1840=CARTESIAN_POINT('',(-0.0184748147534849,-0.129985610177797,0.0339317045876227));
#1841=CARTESIAN_POINT('',(-0.0175,-0.129986118089098,0.0339317045876227));
#1842=CARTESIAN_POINT('',(-0.0175,-0.129986118089098,0.035));
#1843=CARTESIAN_POINT('',(-0.035,-0.125,0.03246));
#1844=CARTESIAN_POINT('',(-0.035,-0.125,0.035));
#1845=CARTESIAN_POINT('',(-0.036675,-0.125,0.035));
#1846=CARTESIAN_POINT('',(0.035,-0.125,0.03246));
#1847=CARTESIAN_POINT('',(0.035,-0.125,0.035));
#1848=CARTESIAN_POINT('',(0.033325,-0.125,0.035));
#1849=CARTESIAN_POINT('',(1.62370117351429E-14,3.13638004456607E-15,0.035));
#1850=CARTESIAN_POINT('',(-0.035,-0.125,0.035));
#1851=CARTESIAN_POINT('',(-0.035,-0.129977,0.035));
#1852=CARTESIAN_POINT('',(-0.035,-0.120023,0.035));
#1853=CARTESIAN_POINT('',(-0.0175,-0.129986118089098,0.035));
#1854=CARTESIAN_POINT('',(0.0175,-0.129986118089098,0.035));
#1855=CARTESIAN_POINT('',(0.035,-0.129977,0.035));
#1856=CARTESIAN_POINT('',(0.035,-0.125,0.035));
#1857=CARTESIAN_POINT('',(0.035,-0.120023,0.035));
#1858=CARTESIAN_POINT('',(-0.0175,-0.120023,0.035));
#1859=CARTESIAN_POINT('',(-0.0175,-0.120023,0.035));
#1860=CARTESIAN_POINT('',(3.46944695195361E-18,-0.120032925691276,0.01976));
#1861=CARTESIAN_POINT('',(0.02159,-0.120032925691276,0.02992));
#1862=CARTESIAN_POINT('',(0.01651,-0.120032925691276,0.02992));
#1863=CARTESIAN_POINT('',(0.01651,-0.120032925691276,0.01976));
#1864=CARTESIAN_POINT('',(3.46944695195361E-18,-0.120032925691276,0.0223));
#1865=CARTESIAN_POINT('',(-0.01651,-0.120032925691276,0.02992));
#1866=CARTESIAN_POINT('',(-0.01651,-0.120032925691276,0.02992));
#1867=CARTESIAN_POINT('',(-0.02159,-0.120032925691276,0.02992));
#1868=CARTESIAN_POINT('',(0.02159,3.13638004456607E-15,0.02992));
#1869=CARTESIAN_POINT('',(0.02159,-0.127443986716643,0.02992));
#1870=CARTESIAN_POINT('',(0.02159,-0.122572925691276,0.02992));
#1871=CARTESIAN_POINT('',(0.0193902954743875,-0.122563,0.03119));
#1872=CARTESIAN_POINT('',(0.02159,-0.122563,0.02992));
#1873=CARTESIAN_POINT('',(-0.02159,-0.125009118089098,0.02992));
#1874=CARTESIAN_POINT('',(-0.02159,-0.127443986716643,0.02992));
#1875=CARTESIAN_POINT('',(-0.02159,-0.122563,0.02992));
#1876=CARTESIAN_POINT('',(-0.0193902954743875,-0.122572925691276,0.03119));
#1877=CARTESIAN_POINT('',(-0.02159,-0.122572925691276,0.02992));
#1878=CARTESIAN_POINT('',(0.01651,-0.122572925691276,0.01976));
#1879=CARTESIAN_POINT('',(0.01651,-0.122572925691276,0.02992));
#1880=CARTESIAN_POINT('',(0.02159,-0.122572925691276,0.02992));
#1881=CARTESIAN_POINT('',(0.0171905909487751,-0.120032925691276,0.03246));
#1882=CARTESIAN_POINT('',(0.0177650396040793,-0.120032925691276,0.0321283419142245));
#1883=CARTESIAN_POINT('',(0.0189094129993062,-0.120580429977274,0.0314676376264368));
#1884=CARTESIAN_POINT('',(0.019388033893241,-0.12189968896877,0.0311913057244838));
#1885=CARTESIAN_POINT('',(0.0193902786792536,-0.122563000075784,0.0311900096966751));
#1886=CARTESIAN_POINT('',(0.02159,-0.122563,0.02992));
#1887=CARTESIAN_POINT('',(0.02159,-0.122563,0.035));
#1888=CARTESIAN_POINT('',(1.61884144977975E-14,-0.122563,0.035));
#1889=CARTESIAN_POINT('',(0.035,-0.122563,0.035));
#1890=CARTESIAN_POINT('',(0.035,-0.125,0.035));
#1891=CARTESIAN_POINT('',(0.0349986765750586,-0.127436999640654,0.035));
#1892=CARTESIAN_POINT('',(6.64084503534789E-5,-0.127455201232384,0.035));
#1893=CARTESIAN_POINT('',(0.02159,-0.127443986716643,0.035));
#1894=CARTESIAN_POINT('',(0.01905,-0.12744663356765,0.02992));
#1895=CARTESIAN_POINT('',(0.01905,-0.129985310486921,0.02992));
#1896=CARTESIAN_POINT('',(0.0165113234253238,-0.129986633222876,0.02992));
#1897=CARTESIAN_POINT('',(0.01905,-0.127446633567632,0.0305849704535998));
#1898=CARTESIAN_POINT('',(0.0190499998721843,-0.129985309614785,0.0305853165399275));
#1899=CARTESIAN_POINT('',(0.0165113234253215,-0.129986633222876,0.0312499409071972));
#1900=CARTESIAN_POINT('',(0.0196003827783709,-0.127446060031764,0.0319096172216278));
#1901=CARTESIAN_POINT('',(0.0196011193497435,-0.129985023771321,0.0319106763140695));
#1902=CARTESIAN_POINT('',(0.0176120889820667,-0.129986059686966,0.033899234443259));
#1903=CARTESIAN_POINT('',(0.0209250295464029,-0.127444679660597,0.03246));
#1904=CARTESIAN_POINT('',(0.0209263981411922,-0.12998433282031,0.0324603464483402));
#1905=CARTESIAN_POINT('',(0.0202613825181297,-0.129984679315851,0.0349999999999954));
#1906=CARTESIAN_POINT('',(0.02159,-0.127443986716643,0.03246));
#1907=CARTESIAN_POINT('',(0.0215913234253238,-0.129983986371869,0.03246));
#1908=CARTESIAN_POINT('',(0.0215913234253238,-0.129983986371869,0.035));
#1909=CARTESIAN_POINT('',(0.0184748147534849,-0.129985610177797,0.0339317045876227));
#1910=CARTESIAN_POINT('',(0.0187669059606367,-0.129985457988445,0.0338033219219624));
#1911=CARTESIAN_POINT('',(0.0190494142980667,-0.129939910419662,0.0336699079112618));
#1912=CARTESIAN_POINT('',(0.0193228418486342,-0.129850908239559,0.0335318736158287));
#1913=CARTESIAN_POINT('',(0.0193228418486341,-0.129850908239559,0.0335318736158287));
#1914=CARTESIAN_POINT('',(0.0193228418486341,-0.129850908239559,0.0335318736158287));
#1915=CARTESIAN_POINT('',(0.0185163443602062,-0.129850908239559,0.0330238937813821));
#1916=CARTESIAN_POINT('',(0.0178991410505706,-0.129850908239559,0.0322544085098827));
#1917=CARTESIAN_POINT('',(0.0175782954123774,-0.129850908239559,0.0313568897229087));
#1918=CARTESIAN_POINT('',(0.0175782954123774,-0.129850908239559,0.0313568897229088));
#1919=CARTESIAN_POINT('',(0.0175782954123774,-0.129850908239559,0.0313568897229088));
#1920=CARTESIAN_POINT('',(0.0176195056947642,-0.129850908239559,0.0314721694657375));
#1921=CARTESIAN_POINT('',(0.0177136453336003,-0.12984960754144,0.0316983154456513));
#1922=CARTESIAN_POINT('',(0.0180071592394588,-0.129802638419009,0.0319565344495633));
#1923=CARTESIAN_POINT('',(0.0183612826347655,-0.129643349694669,0.0318970393539037));
#1924=CARTESIAN_POINT('',(0.0187052320090811,-0.129366274872617,0.0316950562509242));
#1925=CARTESIAN_POINT('',(0.0189903509624697,-0.128923729283353,0.0313723412887865));
#1926=CARTESIAN_POINT('',(0.01905,-0.128542563195787,0.0310674290767582));
#1927=CARTESIAN_POINT('',(0.01905,-0.128379203651936,0.0308859162055899));
#1928=CARTESIAN_POINT('',(-0.0165115490428103,-0.129986633105321,0.0298721228367596));
#1929=CARTESIAN_POINT('',(-0.0190501129262337,-0.129985310428083,0.0298960489526234));
#1930=CARTESIAN_POINT('',(-0.0190501128087433,-0.127446633450096,0.0298960614183798));
#1931=CARTESIAN_POINT('',(-0.0164989396253575,-0.129986639675252,0.0312099839684775));
#1932=CARTESIAN_POINT('',(-0.0190438016553688,-0.129985313716491,0.0305653273933363));
#1933=CARTESIAN_POINT('',(-0.0190438081000128,-0.127446640020051,0.0305649919842434));
#1934=CARTESIAN_POINT('',(-0.0175884958303535,-0.129986071979792,0.0338852785016597));
#1935=CARTESIAN_POINT('',(-0.0195893136682627,-0.129985029486341,0.0319037034504322));
#1936=CARTESIAN_POINT('',(-0.0195885862025186,-0.127446072324569,0.0319026392508264));
#1937=CARTESIAN_POINT('',(-0.0202534028726825,-0.129984683473515,0.0349999999999954));
#1938=CARTESIAN_POINT('',(-0.0209224088631912,-0.129984334898858,0.0324603485268877));
#1939=CARTESIAN_POINT('',(-0.0209210397236759,-0.127444683818261,0.03246));
#1940=CARTESIAN_POINT('',(-0.0215913234253238,-0.129983986371869,0.035));
#1941=CARTESIAN_POINT('',(-0.0215913234253238,-0.129983986371869,0.03246));
#1942=CARTESIAN_POINT('',(-0.02159,-0.127443986716643,0.03246));
#1943=CARTESIAN_POINT('',(-0.01905,-0.128379203651936,0.0308859162055895));
#1944=CARTESIAN_POINT('',(-0.01905,-0.128543049548278,0.0310679694751632));
#1945=CARTESIAN_POINT('',(-0.0189909035244406,-0.128920713057451,0.0313699332462445));
#1946=CARTESIAN_POINT('',(-0.0187075540174583,-0.129364154255921,0.0316935109101259));
#1947=CARTESIAN_POINT('',(-0.0183614595111123,-0.129643376084011,0.0318970957209771));
#1948=CARTESIAN_POINT('',(-0.0180069947753576,-0.129802694268938,0.031956635902025));
#1949=CARTESIAN_POINT('',(-0.0177132082215451,-0.129849644596068,0.0316975890357395));
#1950=CARTESIAN_POINT('',(-0.0176195084797168,-0.12985090823956,0.0314721772562335));
#1951=CARTESIAN_POINT('',(-0.0175782954123779,-0.12985090823956,0.0313568897229085));
#1952=CARTESIAN_POINT('',(-0.0175782954123774,-0.129850908239559,0.0313568897229087));
#1953=CARTESIAN_POINT('',(-0.0175782954123774,-0.129850908239559,0.0313568897229086));
#1954=CARTESIAN_POINT('',(-0.0178991410564231,-0.129850908239559,0.0322544085262542));
#1955=CARTESIAN_POINT('',(-0.0185163443458493,-0.129850908239559,0.0330238937723392));
#1956=CARTESIAN_POINT('',(-0.0193228418486342,-0.129850908239559,0.0335318736158286));
#1957=CARTESIAN_POINT('',(-0.0193228418486341,-0.129850908239559,0.0335318736158287));
#1958=CARTESIAN_POINT('',(-0.0193228418486342,-0.129850908239559,0.0335318736158287));
#1959=CARTESIAN_POINT('',(-0.0190494142980667,-0.129939910419662,0.0336699079112618));
#1960=CARTESIAN_POINT('',(-0.0187669059606367,-0.129985457988445,0.0338033219219625));
#1961=CARTESIAN_POINT('',(-0.0184748147534849,-0.129985610177797,0.0339317045876227));
#1962=CARTESIAN_POINT('',(-0.02159,-0.127443986716643,0.035));
#1963=CARTESIAN_POINT('',(-0.0174986765746762,-0.127446118433873,0.035));
#1964=CARTESIAN_POINT('',(-0.0349986765746762,-0.127437000344775,0.035));
#1965=CARTESIAN_POINT('',(-0.035,-0.125,0.035));
#1966=CARTESIAN_POINT('',(-0.035,-0.122563,0.035));
#1967=CARTESIAN_POINT('',(1.61884144977975E-14,-0.122563,0.035));
#1968=CARTESIAN_POINT('',(-0.02159,-0.122563,0.035));
#1969=CARTESIAN_POINT('',(-0.02159,-0.122563,0.02992));
#1970=CARTESIAN_POINT('',(-0.0171905909487751,-0.120023,0.0324600000000001));
#1971=CARTESIAN_POINT('',(-0.0177679048897596,-0.120023,0.0321266876407657));
#1972=CARTESIAN_POINT('',(-0.018917886341955,-0.120576269898172,0.0314627455397776));
#1973=CARTESIAN_POINT('',(-0.0193925346620079,-0.121906305986821,0.0311887072044246));
#1974=CARTESIAN_POINT('',(-0.0193902786792536,-0.122572925615491,0.0311900096966751));
#1975=CARTESIAN_POINT('',(-0.02159,-0.122572925691276,0.02992));
#1976=CARTESIAN_POINT('',(-0.01651,-0.122572925691276,0.02992));
#1977=CARTESIAN_POINT('',(-0.01651,-0.122572925691276,0.01976));
#1978=CARTESIAN_POINT('',(-0.44882469177133,-0.129850908239559,0.0293911681728028));
#1979=CARTESIAN_POINT('',(0.0193228418486341,-0.129850908239559,0.0335318736158287));
#1980=CARTESIAN_POINT('',(0.0190696203666591,-0.129850908239559,0.0333723797446913));
#1981=CARTESIAN_POINT('',(0.0187717392762098,-0.129850908239559,0.0333169487955034));
#1982=CARTESIAN_POINT('',(0.0184747445692406,-0.129850908239559,0.0333166124338271));
#1983=CARTESIAN_POINT('',(0.0184747445692406,-0.129850908239559,0.0333166124338271));
#1984=CARTESIAN_POINT('',(-2.54758366607853,-0.129850908239559,0.0339317045876227));
#1985=CARTESIAN_POINT('',(7.5199714455465E-8,-0.129850908239559,0.0332961059115944));
#1986=CARTESIAN_POINT('',(2.54758366607854,-0.129850908239559,0.0339317045876227));
#1987=CARTESIAN_POINT('',(-0.0184747445692405,-0.129850908239559,0.0333166124338276));
#1988=CARTESIAN_POINT('',(-0.0184747445692405,-0.129850908239559,0.0333166124338276));
#1989=CARTESIAN_POINT('',(-0.0187716515292565,-0.129850908239559,0.033316948696126));
#1990=CARTESIAN_POINT('',(-0.0190705611521325,-0.129850908239559,0.0333729723070438));
#1991=CARTESIAN_POINT('',(-0.0193228418486341,-0.129850908239559,0.0335318736158287));
#1992=CARTESIAN_POINT('',(-0.0175782954123774,-0.129850908239559,0.0293911681728028));
#1993=CARTESIAN_POINT('',(-0.0175782954123774,-0.129850908239559,0.0288623363456055));
#1994=CARTESIAN_POINT('',(-0.44882469177133,-0.129850908239559,0.0288623363456055));
#1995=CARTESIAN_POINT('',(0.0175782954123774,-0.129850908239559,0.0288623363456055));
#1996=CARTESIAN_POINT('',(0.0175782954123774,-0.129850908239559,0.03246));
#1997=CARTESIAN_POINT('',(-0.448851288267277,-0.121302925691276,0.02103));
#1998=CARTESIAN_POINT('',(0.,-0.139012174459233,0.0208775806367527));
#1999=CARTESIAN_POINT('',(0.,-0.136558722860459,0.0202201802621923));
#2000=CARTESIAN_POINT('',(0.01651,-0.136558722860459,0.0202201802621923));
#2001=CARTESIAN_POINT('',(-0.01651,-0.136558722860459,0.0202201802621923));
#2002=CARTESIAN_POINT('',(-0.01651,-0.135164309772006,0.0198465484012257));
#2003=CARTESIAN_POINT('',(-0.01651,-0.135164309772006,0.0198465484012257));
#2004=CARTESIAN_POINT('',(0.,-0.135164309772006,0.0198465484012257));
#2005=CARTESIAN_POINT('',(0.01651,-0.135164309772006,0.0198465484012257));
#2006=CARTESIAN_POINT('',(0.01651,-0.139012174459233,0.0208775806367527));
#2007=CARTESIAN_POINT('',(-0.019052,-0.137253801734967,0.0274399169823582));
#2008=CARTESIAN_POINT('',(-0.0180920476926931,-0.133082934017051,0.0263223363456056));
#2009=CARTESIAN_POINT('',(-0.0180947279580201,-0.133312803854392,0.0263839297828854));
#2010=CARTESIAN_POINT('',(-0.0182702329709803,-0.133730913905935,0.0264959620335438));
#2011=CARTESIAN_POINT('',(-0.0184880330940988,-0.134134449833048,0.0266040891593307));
#2012=CARTESIAN_POINT('',(-0.0185882443683579,-0.134339231344573,0.0266589601999686));
#2013=CARTESIAN_POINT('',(-0.0185882443683579,-0.134339231344573,0.0266589601999686));
#2014=CARTESIAN_POINT('',(-0.0185882443683579,-0.134339231344573,0.0266589601999686));
#2015=CARTESIAN_POINT('',(-0.0187867836778956,-0.13474494597304,0.0267676711070238));
#2016=CARTESIAN_POINT('',(-0.0190319696794086,-0.135134726522703,0.0268721124905313));
#2017=CARTESIAN_POINT('',(-0.0191739834372304,-0.135557517678678,0.0269853990393419));
#2018=CARTESIAN_POINT('',(-0.0191739834372304,-0.135557517678678,0.0269853990393419));
#2019=CARTESIAN_POINT('',(-0.02159,-0.134800350136193,0.0267825166077978));
#2020=CARTESIAN_POINT('',(-0.02159,-0.137253801734967,0.0274399169823582));
#2021=CARTESIAN_POINT('',(-0.019052,-0.137253801734967,0.0274399169823582));
#2022=CARTESIAN_POINT('',(0.0184848150299294,-0.137253801734967,0.0274399169823582));
#2023=CARTESIAN_POINT('',(0.02159,-0.134800350136193,0.0267825166077978));
#2024=CARTESIAN_POINT('',(0.0175782954123773,-0.134800350136193,0.0267825166077978));
#2025=CARTESIAN_POINT('',(0.0175782954123773,-0.137253801734967,0.0274399169823582));
#2026=CARTESIAN_POINT('',(-1.04083408558608E-16,-0.138205440148973,0.0238883540708539));
#2027=CARTESIAN_POINT('',(-1.04083408558608E-16,-0.139201667428684,0.0201703832470841));
#2028=CARTESIAN_POINT('',(0.02159,-0.139201667428684,0.0201703832470841));
#2029=CARTESIAN_POINT('',(0.041148,-0.139201667428684,0.0201703832470841));
#2030=CARTESIAN_POINT('',(0.02159,-0.138205440148973,0.0238883540708539));
#2031=CARTESIAN_POINT('',(0.02159,-0.137634706911008,0.0260183595125054));
#2032=CARTESIAN_POINT('',(0.0184848150299294,-0.137253801734967,0.0274399169823582));
#2033=CARTESIAN_POINT('',(0.0190752454547142,-0.137253801734967,0.0274399169823583));
#2034=CARTESIAN_POINT('',(0.0201949668694905,-0.137359439223108,0.0270456725094324));
#2035=CARTESIAN_POINT('',(0.0211271487872392,-0.137543520604575,0.0263586714410711));
#2036=CARTESIAN_POINT('',(0.02159,-0.137634706911008,0.0260183595125055));
#2037=CARTESIAN_POINT('',(-0.02159,-0.139012174459233,0.0208775806367527));
#2038=CARTESIAN_POINT('',(-0.02159,-0.139201667428684,0.0201703832470841));
#2039=CARTESIAN_POINT('',(-1.04083408558608E-16,-0.139201667428684,0.0201703832470841));
#2040=CARTESIAN_POINT('',(-0.041148,-0.139201667428684,0.0201703832470841));
#2041=CARTESIAN_POINT('',(-0.041148,-0.139030869801236,0.0208078086705323));
#2042=CARTESIAN_POINT('',(-0.04191,-0.139030869801236,0.0208078086705323));
#2043=CARTESIAN_POINT('',(-0.04191,-0.138205440148973,0.023888354070854));
#2044=CARTESIAN_POINT('',(-0.04191,-0.137380010496709,0.0269688994711755));
#2045=CARTESIAN_POINT('',(-0.041148,-0.137380010496709,0.0269688994711753));
#2046=CARTESIAN_POINT('',(-0.041148,-0.137209212869261,0.0276063248946236));
#2047=CARTESIAN_POINT('',(4.5102810375397E-16,-0.137209212869261,0.0276063248946235));
#2048=CARTESIAN_POINT('',(0.0411480000000004,-0.137209212869261,0.0276063248946235));
#2049=CARTESIAN_POINT('',(0.041148,-0.137380010496709,0.0269688994711753));
#2050=CARTESIAN_POINT('',(0.04191,-0.137380010496709,0.0269688994711753));
#2051=CARTESIAN_POINT('',(0.04191,-0.138205440148973,0.023888354070854));
#2052=CARTESIAN_POINT('',(0.04191,-0.139030869801236,0.0208078086705324));
#2053=CARTESIAN_POINT('',(0.041148,-0.139030869801236,0.0208078086705323));
#2054=CARTESIAN_POINT('',(0.0375000012,-0.138205440148973,0.023888354070854));
#2055=CARTESIAN_POINT('',(0.0375000012,-0.138764230467349,0.0218029202118959));
#2056=CARTESIAN_POINT('',(-0.0375000012,-0.138205440148973,0.023888354070854));
#2057=CARTESIAN_POINT('',(-0.0375000012,-0.138764230467349,0.0218029202118959));
#2058=CARTESIAN_POINT('',(0.0375000012,-0.134032640579404,0.0227702557960111));
#2059=CARTESIAN_POINT('',(0.0375000012,-0.143848378826154,0.0254003749323429));
#2060=CARTESIAN_POINT('',(0.0375000012,-0.14440716914453,0.0233149410733848));
#2061=CARTESIAN_POINT('',(-0.04191,-0.139030869801236,0.0208078086705323));
#2062=CARTESIAN_POINT('',(-0.04191,-0.144673808478417,0.0223198295320213));
#2063=CARTESIAN_POINT('',(-0.04191,-0.13907558451554,0.020640931084906));
#2064=CARTESIAN_POINT('',(-0.04191,-0.144718523192721,0.0221529519463949));
#2065=CARTESIAN_POINT('',(-0.0417448851677768,-0.139164657951519,0.0203085044962278));
#2066=CARTESIAN_POINT('',(-0.0417448851677768,-0.1448075966287,0.0218205253577167));
#2067=CARTESIAN_POINT('',(-0.0413474911335029,-0.139201667428684,0.0201703832470842));
#2068=CARTESIAN_POINT('',(-0.0413474911335029,-0.144844606105865,0.0216824041085731));
#2069=CARTESIAN_POINT('',(-0.041148,-0.139201667428684,0.0201703832470842));
#2070=CARTESIAN_POINT('',(-0.041148,-0.144844606105865,0.0216824041085731));
#2071=CARTESIAN_POINT('',(-0.04191,-0.13486000208332,0.0196902280337797));
#2072=CARTESIAN_POINT('',(-0.04191,-0.144673808478417,0.0223198295320213));
#2073=CARTESIAN_POINT('',(-0.041148,-0.135030799710768,0.0190528026103314));
#2074=CARTESIAN_POINT('',(-0.041148,-0.144844606105865,0.021682404108573));
#2075=CARTESIAN_POINT('',(-0.041148,-0.144673808478417,0.0223198295320213));
#2076=CARTESIAN_POINT('',(-0.04191,-0.134034572431057,0.0227707734341012));
#2077=CARTESIAN_POINT('',(-0.04191,-0.133209142778793,0.0258513188344228));
#2078=CARTESIAN_POINT('',(-0.04191,-0.14302294917389,0.0284809203326644));
#2079=CARTESIAN_POINT('',(-0.04191,-0.143848378826154,0.0254003749323429));
#2080=CARTESIAN_POINT('',(-0.041148,-0.137209212869261,0.0276063248946236));
#2081=CARTESIAN_POINT('',(-0.041148,-0.142852151546442,0.0291183457561125));
#2082=CARTESIAN_POINT('',(-0.0413474911335029,-0.137209212869261,0.0276063248946236));
#2083=CARTESIAN_POINT('',(-0.0413474911335029,-0.142852151546442,0.0291183457561125));
#2084=CARTESIAN_POINT('',(-0.0417448851677768,-0.137246222346427,0.02746820364548));
#2085=CARTESIAN_POINT('',(-0.0417448851677768,-0.142889161023608,0.0289802245069689));
#2086=CARTESIAN_POINT('',(-0.04191,-0.137335295782406,0.0271357770568018));
#2087=CARTESIAN_POINT('',(-0.04191,-0.142978234459587,0.0286477979182907));
#2088=CARTESIAN_POINT('',(-0.04191,-0.137380010496709,0.0269688994711755));
#2089=CARTESIAN_POINT('',(-0.04191,-0.14302294917389,0.0284809203326643));
#2090=CARTESIAN_POINT('',(-0.041148,-0.133038345151345,0.0264887442578709));
#2091=CARTESIAN_POINT('',(-0.041148,-0.142852151546442,0.0291183457561125));
#2092=CARTESIAN_POINT('',(-0.041148,-0.14302294917389,0.0284809203326643));
#2093=CARTESIAN_POINT('',(4.5102810375397E-16,-0.133038345151345,0.0264887442578709));
#2094=CARTESIAN_POINT('',(0.0411480000000004,-0.133038345151345,0.0264887442578709));
#2095=CARTESIAN_POINT('',(0.0411480000000004,-0.142852151546442,0.0291183457561125));
#2096=CARTESIAN_POINT('',(4.5102810375397E-16,-0.142852151546442,0.0291183457561125));
#2097=CARTESIAN_POINT('',(0.04191,-0.137380010496709,0.0269688994711753));
#2098=CARTESIAN_POINT('',(0.04191,-0.14302294917389,0.0284809203326642));
#2099=CARTESIAN_POINT('',(0.04191,-0.137335295782406,0.0271357770568016));
#2100=CARTESIAN_POINT('',(0.04191,-0.142978234459587,0.0286477979182905));
#2101=CARTESIAN_POINT('',(0.041744885167777,-0.137246222346427,0.0274682036454798));
#2102=CARTESIAN_POINT('',(0.041744885167777,-0.142889161023608,0.0289802245069687));
#2103=CARTESIAN_POINT('',(0.0413474911335033,-0.137209212869261,0.0276063248946235));
#2104=CARTESIAN_POINT('',(0.0413474911335033,-0.142852151546442,0.0291183457561124));
#2105=CARTESIAN_POINT('',(0.0411480000000004,-0.137209212869261,0.0276063248946236));
#2106=CARTESIAN_POINT('',(0.0411480000000004,-0.142852151546442,0.0291183457561125));
#2107=CARTESIAN_POINT('',(0.04191,-0.133209142778793,0.0258513188344227));
#2108=CARTESIAN_POINT('',(0.04191,-0.14302294917389,0.0284809203326643));
#2109=CARTESIAN_POINT('',(0.041148,-0.14302294917389,0.0284809203326643));
#2110=CARTESIAN_POINT('',(0.04191,-0.134034572431057,0.0227707734341012));
#2111=CARTESIAN_POINT('',(0.04191,-0.13486000208332,0.0196902280337798));
#2112=CARTESIAN_POINT('',(0.04191,-0.144673808478417,0.0223198295320213));
#2113=CARTESIAN_POINT('',(0.04191,-0.143848378826154,0.0254003749323429));
#2114=CARTESIAN_POINT('',(0.041148,-0.139201667428684,0.0201703832470842));
#2115=CARTESIAN_POINT('',(0.041148,-0.144844606105865,0.0216824041085731));
#2116=CARTESIAN_POINT('',(0.041347491133503,-0.139201667428684,0.0201703832470842));
#2117=CARTESIAN_POINT('',(0.041347491133503,-0.144844606105865,0.0216824041085731));
#2118=CARTESIAN_POINT('',(0.0417448851677768,-0.139164657951519,0.0203085044962278));
#2119=CARTESIAN_POINT('',(0.0417448851677768,-0.1448075966287,0.0218205253577167));
#2120=CARTESIAN_POINT('',(0.04191,-0.13907558451554,0.0206409310849061));
#2121=CARTESIAN_POINT('',(0.04191,-0.144718523192721,0.022152951946395));
#2122=CARTESIAN_POINT('',(0.04191,-0.139030869801236,0.0208078086705324));
#2123=CARTESIAN_POINT('',(0.04191,-0.144673808478417,0.0223198295320214));
#2124=CARTESIAN_POINT('',(0.041148,-0.135030799710768,0.0190528026103314));
#2125=CARTESIAN_POINT('',(0.041148,-0.144844606105865,0.021682404108573));
#2126=CARTESIAN_POINT('',(0.041148,-0.144673808478417,0.0223198295320213));
#2127=CARTESIAN_POINT('',(-1.04083408558608E-16,-0.135030799710768,0.0190528026103314));
#2128=CARTESIAN_POINT('',(-0.02159,-0.13674821582991,0.0195129828725237));
#2129=CARTESIAN_POINT('',(-0.0206860723061861,-0.13904104678897,0.0201273450763849));
#2130=CARTESIAN_POINT('',(-0.020686072306186,-0.13904104678897,0.0201273450763849));
#2131=CARTESIAN_POINT('',(-0.0202489367479563,-0.138880254452401,0.020084260899652));
#2132=CARTESIAN_POINT('',(-0.0193598492874369,-0.138624499699031,0.0200157316200262));
#2133=CARTESIAN_POINT('',(-0.0184476143239787,-0.138471590712142,0.0199747597804739));
#2134=CARTESIAN_POINT('',(-0.017974289224744,-0.138471590712142,0.0199747597804739));
#2135=CARTESIAN_POINT('',(-0.017974289224744,-0.138471590712142,0.0199747597804739));
#2136=CARTESIAN_POINT('',(3.46944695195361E-18,-0.138471590712142,0.0199747597804739));
#2137=CARTESIAN_POINT('',(0.017974289224744,-0.138471590712142,0.0199747597804739));
#2138=CARTESIAN_POINT('',(0.017974289224744,-0.138471590712142,0.0199747597804739));
#2139=CARTESIAN_POINT('',(0.0184439748662402,-0.138471590712142,0.0199747597804739));
#2140=CARTESIAN_POINT('',(0.0193558044474261,-0.138623070470813,0.0200153486594794));
#2141=CARTESIAN_POINT('',(0.0202506042249755,-0.138880867803388,0.0200844252465537));
#2142=CARTESIAN_POINT('',(0.020686072306186,-0.13904104678897,0.0201273450763849));
#2143=CARTESIAN_POINT('',(0.0206860723061861,-0.13904104678897,0.0201273450763849));
#2144=CARTESIAN_POINT('',(0.02159,-0.13674821582991,0.0195129828725237));
#2145=CARTESIAN_POINT('',(-1.04083408558608E-16,-0.144844606105865,0.021682404108573));
#2146=CARTESIAN_POINT('',(-0.0375000012,-0.134032640579404,0.022770255796011));
#2147=CARTESIAN_POINT('',(-0.0375000012,-0.143848378826154,0.0254003749323429));
#2148=CARTESIAN_POINT('',(-0.0375000012,-0.14440716914453,0.0233149410733848));
#2149=CARTESIAN_POINT('',(-1.04083408558608E-16,-0.143848378826154,0.0254003749323428));
#2150=CARTESIAN_POINT('',(-0.02159,-0.135751988550199,0.0232309536962934));
#2151=CARTESIAN_POINT('',(-0.0191739834372304,-0.135557517678678,0.0269853990393419));
#2152=CARTESIAN_POINT('',(-0.019108977966109,-0.135458165540476,0.0265820714571853));
#2153=CARTESIAN_POINT('',(-0.01905,-0.135301764253843,0.026195802980804));
#2154=CARTESIAN_POINT('',(-0.01905,-0.135048333464731,0.0258570302262612));
#2155=CARTESIAN_POINT('',(-0.02159,-0.13721612323502,0.0177667286634181));
#2156=CARTESIAN_POINT('',(0.,-0.13721612323502,0.0177667286634181));
#2157=CARTESIAN_POINT('',(-0.02159,-0.13721612323502,0.0177667286634181));
#2158=CARTESIAN_POINT('',(0.02159,-0.13721612323502,0.0177667286634181));
#2159=CARTESIAN_POINT('',(0.02159,-0.135900091108161,0.022678227425247));
#2160=CARTESIAN_POINT('',(0.02159,-0.135181255312234,0.025360959137945));
#2161=CARTESIAN_POINT('',(0.02159,-0.13721612323502,0.0177667286634181));
#2162=CARTESIAN_POINT('',(0.,-0.134506909397445,0.0223));
#2163=CARTESIAN_POINT('',(-0.01651,-0.134506909397445,0.0223));
#2164=CARTESIAN_POINT('',(0.01651,-0.134506909397445,0.0223));
#2165=CARTESIAN_POINT('',(-0.44882469177133,-0.132390908239559,0.0288623363456055));
#2166=CARTESIAN_POINT('',(-0.0175782954123774,-0.132390908239559,0.0288623363456055));
#2167=CARTESIAN_POINT('',(0.0175782954123774,-0.132390908239559,0.0288623363456055));
#2168=CARTESIAN_POINT('',(-0.01651,-0.134506909397445,0.0223));
#2169=CARTESIAN_POINT('',(-0.01651,-0.134506909397445,0.0223));
#2170=CARTESIAN_POINT('',(-0.01651,-0.138354774084673,0.0233310322355269));
#2171=CARTESIAN_POINT('',(-0.01651,-0.135901322485899,0.0226736318609666));
#2172=CARTESIAN_POINT('',(-0.0207032854907558,-0.139056219706806,0.0200957698475177));
#2173=CARTESIAN_POINT('',(-0.0202886974891313,-0.139029227883246,0.0195997560827135));
#2174=CARTESIAN_POINT('',(-0.0198165709815116,-0.139285718309367,0.0192392694024934));
#2175=CARTESIAN_POINT('',(-0.0204624520857898,-0.138844892619756,0.020537803100426));
#2176=CARTESIAN_POINT('',(-0.019945860598244,-0.138770156401781,0.0198852689553195));
#2177=CARTESIAN_POINT('',(-0.0193349041715768,-0.139136723494215,0.0194486754497149));
#2178=CARTESIAN_POINT('',(-0.0200082688980536,-0.138365321917101,0.0213497125895397));
#2179=CARTESIAN_POINT('',(-0.0193391062718445,-0.138125963700507,0.020340816342807));
#2180=CARTESIAN_POINT('',(-0.0184265377961087,-0.138774704050518,0.0198218776679238));
#2181=CARTESIAN_POINT('',(-0.0194715883473862,-0.137540863617565,0.0222400248351796));
#2182=CARTESIAN_POINT('',(-0.0189035484310464,-0.137135531288621,0.0205263534356198));
#2183=CARTESIAN_POINT('',(-0.0173531766947721,-0.138089148898627,0.0201937963092086));
#2184=CARTESIAN_POINT('',(-0.0191286134595025,-0.136686711347404,0.0227213028879872));
#2185=CARTESIAN_POINT('',(-0.0189532808687049,-0.136546702156927,0.0203170903372078));
#2186=CARTESIAN_POINT('',(-0.0166672269190052,-0.13732376506145,0.0203437860600406));
#2187=CARTESIAN_POINT('',(-0.01905,-0.136149567957108,0.0227401490344988));
#2188=CARTESIAN_POINT('',(-0.0190499999999819,-0.13655872282195,0.0202201802518989));
#2189=CARTESIAN_POINT('',(-0.01651,-0.136806968331655,0.0202866974357239));
#2190=CARTESIAN_POINT('',(-0.01905,-0.135901322485899,0.0226736318609665));
#2191=CARTESIAN_POINT('',(-0.01905,-0.136558722860459,0.0202201802621923));
#2192=CARTESIAN_POINT('',(-0.01651,-0.136558722860459,0.0202201802621923));
#2193=CARTESIAN_POINT('',(0.01651,-0.134506909397445,0.0223));
#2194=CARTESIAN_POINT('',(0.01651,-0.134506909397445,0.0223));
#2195=CARTESIAN_POINT('',(0.01651,-0.125010349466836,0.0197554044357196));
#2196=CARTESIAN_POINT('',(0.01651,-0.135901322485899,0.0226736318609665));
#2197=CARTESIAN_POINT('',(0.0198165709815116,-0.139285718309367,0.0192392694024934));
#2198=CARTESIAN_POINT('',(0.0202886974891313,-0.139029227883246,0.0195997560827135));
#2199=CARTESIAN_POINT('',(0.0207032854907558,-0.139056219706806,0.0200957698475177));
#2200=CARTESIAN_POINT('',(0.0193349041715768,-0.139136723494215,0.0194486754497149));
#2201=CARTESIAN_POINT('',(0.0199458605982419,-0.138770156401714,0.019885268955311));
#2202=CARTESIAN_POINT('',(0.0204624520857888,-0.138844892619756,0.0205378031004258));
#2203=CARTESIAN_POINT('',(0.0184265377961087,-0.138774704050518,0.0198218776679238));
#2204=CARTESIAN_POINT('',(0.0193391062718456,-0.138125963700539,0.0203408163428113));
#2205=CARTESIAN_POINT('',(0.0200082688980541,-0.138365321917101,0.0213497125895398));
#2206=CARTESIAN_POINT('',(0.0173531766947721,-0.138089148898627,0.0201937963092086));
#2207=CARTESIAN_POINT('',(0.0189035484310457,-0.137135531288613,0.0205263534356183));
#2208=CARTESIAN_POINT('',(0.0194715883473861,-0.137540863617564,0.0222400248351796));
#2209=CARTESIAN_POINT('',(0.0166672269190052,-0.13732376506145,0.0203437860600406));
#2210=CARTESIAN_POINT('',(0.0189532808687067,-0.136546702156926,0.0203170903372091));
#2211=CARTESIAN_POINT('',(0.0191286134595026,-0.136686711347407,0.0227213028879872));
#2212=CARTESIAN_POINT('',(0.01651,-0.136806968331655,0.0202866974357239));
#2213=CARTESIAN_POINT('',(0.0190499999999782,-0.13655872282196,0.020220180251897));
#2214=CARTESIAN_POINT('',(0.01905,-0.136149567957101,0.0227401490344988));
#2215=CARTESIAN_POINT('',(0.01651,-0.136558722860459,0.0202201802621923));
#2216=CARTESIAN_POINT('',(0.01905,-0.136558722860459,0.0202201802621923));
#2217=CARTESIAN_POINT('',(0.01905,-0.135901322485899,0.0226736318609665));
#2218=CARTESIAN_POINT('',(-0.0184748147534848,-0.129985610177797,0.0339317045876227));
#2219=CARTESIAN_POINT('',(-0.0184748147534848,-0.129985610177797,0.033609316086085));
#2220=CARTESIAN_POINT('',(-0.0184747445306215,-0.129850834119546,0.0333164513474859));
#2221=CARTESIAN_POINT('',(-0.0187833317308562,-0.129985449430066,0.033796102308341));
#2222=CARTESIAN_POINT('',(-0.0187802339731519,-0.129956043068726,0.0334929936326088));
#2223=CARTESIAN_POINT('',(-0.0187691640750223,-0.129809062815793,0.0332260168192995));
#2224=CARTESIAN_POINT('',(-0.0190673979936681,-0.129934564987955,0.0336609261798396));
#2225=CARTESIAN_POINT('',(-0.0190591191791136,-0.129881379320965,0.0333799521701074));
#2226=CARTESIAN_POINT('',(-0.0190382309465283,-0.129727681442675,0.0331391760124064));
#2227=CARTESIAN_POINT('',(-0.0193274982904095,-0.129849387951736,0.0335295220309083));
#2228=CARTESIAN_POINT('',(-0.0193144454709181,-0.12977751355834,0.0332723855740866));
#2229=CARTESIAN_POINT('',(-0.0192860687417259,-0.129621259179843,0.0330573628022914));
#2230=CARTESIAN_POINT('',(-0.0184740479459571,-0.128513905789941,0.0339317045876227));
#2231=CARTESIAN_POINT('',(-0.0174992331924723,-0.128514413701242,0.0339317045876227));
#2232=CARTESIAN_POINT('',(7.66807527717884E-7,-0.128523531790341,0.0339317045876227));
#2233=CARTESIAN_POINT('',(-0.448830625264498,-0.128757387255453,0.0339317045876227));
#2234=CARTESIAN_POINT('',(0.0184740479459571,-0.128513905789941,0.0339317045876227));
#2235=CARTESIAN_POINT('',(0.0184747445306215,-0.129850834119545,0.0333164513474855));
#2236=CARTESIAN_POINT('',(0.0184748147534848,-0.129985610177797,0.0336093160860847));
#2237=CARTESIAN_POINT('',(0.0184748147534848,-0.129985610177797,0.0339317045876227));
#2238=CARTESIAN_POINT('',(0.0187691640750226,-0.129809062815792,0.0332260168192992));
#2239=CARTESIAN_POINT('',(0.0187802339731523,-0.129956043068726,0.0334929936326086));
#2240=CARTESIAN_POINT('',(0.0187833317308565,-0.129985449430066,0.033796102308341));
#2241=CARTESIAN_POINT('',(0.0190382309465298,-0.129727681442674,0.033139176012408));
#2242=CARTESIAN_POINT('',(0.019059119179115,-0.129881379320965,0.0333799521701096));
#2243=CARTESIAN_POINT('',(0.0190673979936693,-0.129934564987955,0.0336609261798422));
#2244=CARTESIAN_POINT('',(0.0192860687417259,-0.129621259179843,0.0330573628022911));
#2245=CARTESIAN_POINT('',(0.0193144454709181,-0.129777513558339,0.0332723855740864));
#2246=CARTESIAN_POINT('',(0.0193274982904095,-0.129849387951736,0.0335295220309083));
#2247=CARTESIAN_POINT('',(-0.0175782954123773,-0.128379203651936,0.01976));
#2248=CARTESIAN_POINT('',(-0.0175782954123773,-0.128379203651936,0.0288623363456055));
#2249=CARTESIAN_POINT('',(-0.0175782954123774,-0.132390908239559,0.0288623363456055));
#2250=CARTESIAN_POINT('',(-0.0175782954123773,-0.135048333464731,0.0258570302262612));
#2251=CARTESIAN_POINT('',(-0.01905,-0.135048333464731,0.0258570302262612));
#2252=CARTESIAN_POINT('',(-0.01905,-0.134624832515322,0.0263359712639061));
#2253=CARTESIAN_POINT('',(-0.018582720563721,-0.13433579692436,0.0266628442167168));
#2254=CARTESIAN_POINT('',(-0.01905,-0.135281371150685,0.026168542580443));
#2255=CARTESIAN_POINT('',(-0.0190160785634423,-0.134807636566802,0.0265693738485494));
#2256=CARTESIAN_POINT('',(-0.0185555503976965,-0.134531350571288,0.0268696283054594));
#2257=CARTESIAN_POINT('',(-0.0191047657279042,-0.135452781635237,0.0265565221996652));
#2258=CARTESIAN_POINT('',(-0.0190190116915395,-0.134976532333081,0.0268709108521924));
#2259=CARTESIAN_POINT('',(-0.0185787465579008,-0.134714863895961,0.0271338696127869));
#2260=CARTESIAN_POINT('',(-0.0191752428983262,-0.135559433074909,0.0269932080771014));
#2261=CARTESIAN_POINT('',(-0.0190528711651263,-0.135104116998251,0.0272431297570285));
#2262=CARTESIAN_POINT('',(-0.0186337984635371,-0.134857062823795,0.0274624257271551));
#2263=CARTESIAN_POINT('',(0.0175782954123774,-0.128379203651936,0.0293911681728028));
#2264=CARTESIAN_POINT('',(0.0175782954123773,-0.128379203651936,0.0288623363456055));
#2265=CARTESIAN_POINT('',(0.0175782954123774,-0.132390908239559,0.0288623363456055));
#2266=CARTESIAN_POINT('',(0.0175782954123773,-0.132390908239559,0.0248506317579829));
#2267=CARTESIAN_POINT('',(0.02159,-0.135181255312234,0.0253609591379451));
#2268=CARTESIAN_POINT('',(0.0175782954123773,-0.135181255312234,0.0253609591379451));
#2269=CARTESIAN_POINT('',(0.0175782954123773,-0.125009118089098,0.0248506317579829));
#2270=CARTESIAN_POINT('',(0.0175782954123773,-0.133276687601722,0.0248506317579829));
#2271=CARTESIAN_POINT('',(0.0175782954123773,-0.137634706911008,0.0260183595125055));
#2272=MECHANICAL_DESIGN_GEOMETRIC_PRESENTATION_REPRESENTATION('',(#1198),
#2273);
#2273=(
GEOMETRIC_REPRESENTATION_CONTEXT(3)
GLOBAL_UNCERTAINTY_ASSIGNED_CONTEXT((#2274))
GLOBAL_UNIT_ASSIGNED_CONTEXT((#2277,#2276,#2275))
REPRESENTATION_CONTEXT('Part 2','TOP_LEVEL_ASSEMBLY_PART')
);
#2274=UNCERTAINTY_MEASURE_WITH_UNIT(LENGTH_MEASURE(2.E-5),#2277,
'DISTANCE_ACCURACY_VALUE','Maximum Tolerance applied to model');
#2275=(
NAMED_UNIT(*)
SI_UNIT($,.STERADIAN.)
SOLID_ANGLE_UNIT()
);
#2276=(
NAMED_UNIT(*)
PLANE_ANGLE_UNIT()
SI_UNIT($,.RADIAN.)
);
#2277=(
LENGTH_UNIT()
NAMED_UNIT(*)
SI_UNIT($,.METRE.)
);
#2278=PRODUCT_DEFINITION_SHAPE('','',#2279);
#2279=PRODUCT_DEFINITION('','',#2281,#2280);
#2280=PRODUCT_DEFINITION_CONTEXT('',#2287,'design');
#2281=PRODUCT_DEFINITION_FORMATION_WITH_SPECIFIED_SOURCE('','',#2283,
 .NOT_KNOWN.);
#2282=PRODUCT_RELATED_PRODUCT_CATEGORY('','',(#2283));
#2283=PRODUCT('Part 2','Part 2','Part 2',(#2285));
#2284=PRODUCT_CATEGORY('','');
#2285=PRODUCT_CONTEXT('',#2287,'mechanical');
#2286=APPLICATION_PROTOCOL_DEFINITION('international standard',
'ap242_managed_model_based_3d_engineering',2020,#2287);
#2287=APPLICATION_CONTEXT('managed model based 3d engineering');
ENDSEC;
END-ISO-10303-21;
